instruction,input,response
¿Cuáles son los principios fundamentales del budismo?,,"Las enseñanzas fundamentales del budismo (Dharma), tal como fueron establecidas por Siddhartha Gautama (el Buda), se centran en la comprensión y la superación del sufrimiento (Dukkha) a través de la conducta ética, la disciplina mental y la sabiduría. Esta comprensión se resume principalmente en las Cuatro Nobles Verdades y el Noble Óctuple Sendero.

Las Cuatro Nobles Verdades:
1. Dukkha (Sufrimiento): La vida implica inevitablemente sufrimiento, insatisfacción e impermanencia.
2. Samudaya (Origen del Sufrimiento): El sufrimiento surge del apego, el ansia y la ignorancia (trishna).
3. Nirodha (Cesación del Sufrimiento): El sufrimiento puede cesar cuando cesan el ansia y el apego, conduciendo al Nirvana.
4. Magga (Sendero hacia la Cesación del Sufrimiento): El camino para acabar con el sufrimiento es el Noble Óctuple Sendero.

El Noble Óctuple Sendero es la guía práctica, a menudo categorizada en tres secciones:

Sabiduría (Prajna):
1. Entendimiento Correcto (Samma ditthi): Ver el mundo y las Cuatro Nobles Verdades tal como son realmente.
2. Pensamiento Correcto (Samma sankappa): Pensamientos de renuncia, buena voluntad y no violencia.

Conducta Ética (Sila):
3. Habla Correcta (Samma vaca): Evitar mentir, el habla divisiva, las palabras duras y la charla ociosa.
4. Acción Correcta (Samma kammanta): Abstenerse del daño físico, el robo y la conducta sexual inapropiada.
5. Sustento Correcto (Samma ajiva): Ganarse la vida de forma no dañina.

Disciplina Mental (Samadhi):
6. Esfuerzo Correcto (Samma vayamo): Cultivar estados mentales saludables y abandonar los insalubres.
7. Atención Correcta (Samma sati): Mantener la conciencia del cuerpo, los sentimientos, la mente y los objetos mentales.
8. Concentración Correcta (Samma samadhi): Desarrollar la meditación enfocada que conduce a estados superiores de conciencia."
¿Qué cinco elementos componen aproximadamente el 99% de la masa de los organismos vivos?,"Los organismos vivos están compuestos principalmente por seis elementos no metálicos: oxígeno, carbono, hidrógeno, nitrógeno, calcio y fósforo. Sin embargo, los cuatro elementos más abundantes (oxígeno, carbono, hidrógeno y nitrógeno) representan aproximadamente el 96% del peso corporal de la mayoría de los animales y plantas. Cuando se incluye el calcio, estos cinco elementos (Oxígeno, Carbono, Hidrógeno, Nitrógeno y Calcio) componen aproximadamente el 99% de la masa de los organismos vivos.","Oxígeno, Carbono, Hidrógeno, Nitrógeno y Calcio"
¿Cuál fue el propósito de la Torre Wardenclyffe y cuándo fue desmantelada la estructura finalmente?,"La Torre Wardenclyffe, también conocida como la Torre Tesla, fue una estación experimental temprana de transmisión inalámbrica diseñada y construida por Nikola Tesla en la costa norte de Long Island, Nueva York. La construcción comenzó en 1901. Tesla concibió la torre como un prototipo para un 'Sistema Inalámbrico Mundial' para telefonía transatlántica, radiodifusión y demostración de transmisión de energía inalámbrica. Sin embargo, debido a graves problemas de financiación e intereses en conflicto por parte de los inversores, la construcción cesó alrededor de 1906. La estructura fue finalmente demolida para chatarra en 1917.","El propósito de la Torre Wardenclyffe era ser un prototipo para un 'Sistema Inalámbrico Mundial' para telefonía transatlántica, radiodifusión y demostración de transmisión de energía inalámbrica. La estructura fue demolida en 1917."
Explique el fenómeno que hace que el cielo se vea azul durante el día.,,"El color azul del cielo es causado por un fenómeno llamado dispersión de Rayleigh. La luz solar llega a la atmósfera terrestre y es dispersada en todas direcciones por las diminutas moléculas de gas. Debido a que la luz azul viaja como ondas más cortas y pequeñas, se dispersa más ampliamente que otros colores (como el rojo o el amarillo)."
Explique el concepto fundamental de una cadena de bloques y su origen.,Propuesto originalmente en 1991 por Stuart Haber y W. Scott Stornetta para fechar documentos digitales; popularizado con la creación de Bitcoin en 2008 por Satoshi Nakamoto; fundamentalmente una tecnología de registro distribuido (DLT); utiliza hash criptográfico para vincular 'bloques' de datos de transacciones; los datos son inmutables una vez registrados; requiere mecanismos de consenso (como Prueba de Trabajo o Prueba de Participación) para validar nuevos bloques.,"Una cadena de bloques es un tipo de tecnología de registro distribuido (DLT) que registra datos, típicamente transacciones, en unidades vinculadas llamadas 'bloques'. Cada bloque está hasheado criptográficamente al anterior, haciendo que los datos registrados sean inmutables y transparentes. Si bien el concepto fue propuesto originalmente en 1991 por Haber y Stornetta para el sellado de tiempo digital seguro, fue popularizado en 2008 por Satoshi Nakamoto como la tecnología fundamental para la criptomoneda Bitcoin. Los nuevos bloques se añaden a la cadena solo después de que un mecanismo de consenso, como Prueba de Trabajo, valida los datos."
"Utilizando el texto proporcionado, indique la fecha y lugar de nacimiento de Albert Einstein, el nombre de la escuela a la que asistió en Múnich y en qué asignaturas sobresalió.","Albert Einstein nació en Ulm, Alemania, el 14 de marzo de 1879. Seis semanas después, la familia se mudó a Múnich, donde su padre, Hermann Einstein, y su tío, Jakob Einstein, fundaron una empresa de ingeniería eléctrica. Albert asistió al Luitpold Gymnasium en Múnich. Aunque a menudo se le consideraba un mal estudiante, sobresalió en matemáticas y física desde una edad temprana. A menudo se sentía infeliz en su escolarización y la disciplina rígida le resultaba sofocante. En 1895, a la edad de 16 años, Einstein suspendió su examen de ingreso para la Escuela Politécnica Federal Suiza en Zúrich, pero finalmente volvió a postularse y fue aceptado en 1896.","Albert Einstein nació en Ulm, Alemania, el 14 de marzo de 1879. Asistió al Luitpold Gymnasium en Múnich. Sobresalió en matemáticas y física desde una edad temprana."
Explique el principio de la Navaja de Ockham.,,"La Navaja de Ockham es un principio filosófico que establece que, entre hipótesis que compiten y predicen igualmente bien, debe seleccionarse aquella con el menor número de suposiciones. A menudo se resume como: 'La explicación más simple es generalmente la mejor'. No es una regla de lógica o evidencia en sí misma, sino una guía utilizada para eliminar la complejidad innecesaria, que lleva el nombre de Guillermo de Ockham, un fraile franciscano del siglo XIV."
¿Cuál es el método óptimo para preparar café usando una prensa francesa?,,"Para el perfil de sabor más limpio y rico usando una prensa francesa, sigue estos pasos:

1. Calentar el agua: Lleva agua fresca a ebullición, luego déjala reposar durante 30-60 segundos (buscando una temperatura de 195°F a 205°F / 90°C a 96°C).
2. Moler los granos: Utiliza una molienda gruesa y uniforme, aproximadamente la textura de la sal marina. Los molidos finos se deslizarán a través del filtro de malla, dando como resultado una taza con sedimentos.
3. Agregar café: Coloca el café molido en la jarra. Una proporción estándar es 1 parte de café por 15 partes de agua (aproximadamente 2 cucharadas por cada 6 onzas).
4. Florecer el café (Bloom): Vierte el doble de la cantidad de agua que de café sobre los posos. Espera 30 segundos. Esto permite que el CO2 se libere, asegurando una extracción uniforme.
5. Llenar la prensa: Vierte el resto del agua caliente sobre el café molido suavemente.
6. Infusionar: Coloca la tapa sobre la prensa sin presionar el émbolo. Deja que el café se infusione durante un mínimo de 4 minutos.
7. Presionar Lentamente: Baja el émbolo de manera constante y lenta, empujando el café molido hacia el fondo. Este proceso debe tomar unos 30 segundos.
8. Servir Inmediatamente: No dejes el café reposando en la jarra después de presionar, ya que continuará extrayéndose y se volverá amargo. Vierte todo el café en tazas inmediatamente."
"Nombra las cuatro cadenas montañosas principales en los Estados Unidos contiguos, enumeradas geográficamente desde la costa del Pacífico hacia el este.",,"Cordilleras Costeras, Sierra Nevada/Cascadas, Montañas Rocosas, Montes Apalaches"
Explica los componentes del establecimiento de metas SMART y proporciona un breve ejemplo que demuestre una meta que cumpla con los cinco criterios.,,"SMART es un acrónimo de Específico, Medible, Alcanzable, Relevante y con Plazo Definido (Time-bound). Es un marco diseñado para ayudar a las personas a establecer objetivos claros, enfocados y alcanzables.

**S - Específico:** La meta debe ser clara e inequívoca. Debe responder a las cinco preguntas 'W': ¿Quién está involucrado? ¿Qué quiero lograr? ¿Dónde se hará esto? ¿Cuándo se hará esto? ¿Por qué estoy haciendo esto?

**M - Medible:** Debe haber criterios concretos para medir el progreso y determinar cuándo se ha alcanzado la meta. Esto responde a preguntas como: ¿Cuánto? ¿Cuántos? ¿Cómo sabré cuándo se ha logrado?

**A - Alcanzable (o Realizable):** La meta debe ser realista y estar al alcance, dados los recursos y el tiempo disponibles. ¿Es la meta razonable para la persona que intenta alcanzarla?

**R - Relevante:** La meta debe alinearse con objetivos personales u organizacionales más amplios. ¿Importa esta meta y es el momento adecuado para perseguirla?

**T - con Plazo Definido (o Temporal):** La meta debe tener un cronograma definido, incluyendo una fecha de inicio y una fecha de finalización objetivo. Esto crea la urgencia necesaria y evita que las tareas se prolonguen indefinidamente.

---

**Ejemplo de una Meta SMART:**

""Completaré el nuevo manual de capacitación interno (S) terminando cinco módulos de contenido por semana (M) para asegurar que el borrador completo esté finalizado para el final del próximo trimestre fiscal (T). Esto es necesario para la inducción exitosa de nuestros 25 nuevos empleados (R), y he reservado 10 horas dedicadas por semana para hacer que esta meta sea alcanzable (A)."""
"Clasifica los siguientes dos lenguajes según su función principal: SQL, Rust.",,"SQL es un lenguaje de consulta, Rust es un lenguaje de programación de sistemas."
Explica el concepto de 'notación Big O' y por qué es importante en el análisis de algoritmos.,,"La notación Big O es una notación matemática que describe el comportamiento límite de una función cuando el argumento tiende hacia un valor particular o hacia el infinito. En el contexto de la informática, se utiliza para clasificar algoritmos según cómo crecen su tiempo de ejecución o sus requisitos de espacio a medida que aumenta el tamaño de la entrada. Es crucial porque permite a los programadores evaluar la eficiencia y escalabilidad de diferentes algoritmos independientemente de las especificaciones del hardware, ayudando a elegir la solución más eficiente para grandes conjuntos de datos."
¿Qué nombre recibe una región del espacio-tiempo que exhibe efectos gravitacionales tan fuertes que nada —ni siquiera las partículas y la radiación electromagnética como la luz— puede escapar de su interior?,,Agujero negro
¿Cuáles son los pasos clave para asegurar que un pastel suba de manera uniforme y no se hunda en el medio?,,"Para asegurar un subido uniforme, primero, asegúrese de que su agente leudante (polvo de hornear o bicarbonato) esté fresco. En segundo lugar, no mezcle demasiado la masa una vez que los ingredientes húmedos y secos se hayan combinado, ya que esto desarrolla demasiado gluten, lo que puede provocar una textura dura y hundida. Finalmente, la temperatura adecuada del horno es fundamental. Siempre precaliente completamente y resista abrir la puerta del horno durante los primeros dos tercios del tiempo de cocción, ya que la caída repentina de temperatura hace que la estructura colapse."
¿Qué se considera ampliamente como el desencadenante inmediato de la Gran Depresión?,,El Crac Bursátil de octubre de 1929.
¿Cuál fue el primer enlace establecido para ARPANET?,"La Red de la Agencia de Proyectos de Investigación Avanzada (ARPANET) fue una de las primeras redes de conmutación de paquetes y la primera red en implementar el conjunto de protocolos TCP/IP. Ambas tecnologías se convirtieron en la base técnica de Internet. ARPANET fue financiada inicialmente por la Agencia de Proyectos de Investigación Avanzada (ARPA) del Departamento de Defensa de los Estados Unidos. El primer enlace se estableció el 29 de octubre de 1969, entre la Universidad de California, Los Ángeles (UCLA) y el Instituto de Investigación de Stanford (SRI).","El primer enlace se estableció el 29 de octubre de 1969, entre la Universidad de California, Los Ángeles (UCLA) y el Instituto de Investigación de Stanford (SRI)."
"¿Para un proyecto de ciencia de datos que involucra aprendizaje profundo y procesos ETL escalables, debería elegir Python o R?",,"Tanto Python como R son herramientas esenciales en el ecosistema de la ciencia de datos, pero para proyectos que involucran específicamente aprendizaje profundo (deep learning) y ETL escalable (Extracción, Transformación y Carga), Python es generalmente la opción superior. Python sobresale en el aprendizaje profundo gracias a marcos maduros y estándar de la industria como TensorFlow, PyTorch y Keras, que cuentan con soporte optimizado para GPU y un amplio respaldo de la comunidad. Su versatilidad lo hace ideal para ETL escalable; Python se integra sin problemas con sistemas empresariales, API, plataformas en la nube (como AWS Glue o Azure Data Factory) y marcos de big data (como Spark a través de PySpark), lo que facilita significativamente la transición del prototipo a la implementación en producción. Si bien R ofrece paquetes excepcionales para el análisis estadístico y la visualización de datos especializada (como ggplot2), su ecosistema de aprendizaje profundo es menos maduro para la implementación en producción en comparación con Python. Si el objetivo principal del proyecto es la experimentación rápida, el modelado estadístico complejo o la investigación académica, se podría considerar R, pero para la escalabilidad a nivel empresarial y la utilización de técnicas de aprendizaje profundo de vanguardia, Python es el idioma claramente recomendado."
"¿Cómo estudian principalmente los científicos la materia oscura, dado que no puede verse directamente?","La materia oscura es una forma hipotética de materia que se cree que representa aproximadamente el 85% de la masa total del universo. No se puede ver directamente porque no interactúa con la radiación electromagnética, lo que significa que ni absorbe ni refleja la luz. Su existencia se infiere de los efectos gravitacionales sobre la materia visible, la radiación y la estructura del universo. Los científicos estudian principalmente la materia oscura observando cómo su gravedad afecta a los objetos circundantes, a menudo comparando su influencia omnipresente e invisible con un andamio cósmico invisible que mantiene unidas a las galaxias.",Los científicos estudian principalmente la materia oscura observando cómo su gravedad afecta a los objetos circundantes.
¿Quién pilotó el Módulo de Comando durante la misión Apolo 11?,"El Apolo 11 fue el vuelo espacial que llevó a los dos primeros humanos a la Luna. El Comandante Neil Armstrong y el piloto del módulo lunar Buzz Aldrin aterrizaron el Módulo Lunar Apolo Eagle el 20 de julio de 1969, a las 20:17 UTC. Armstrong se convirtió en la primera persona en pisar la superficie lunar seis horas después, el 21 de julio. Michael Collins fue el piloto del módulo de comando y permaneció en órbita lunar a bordo del módulo de comando y servicio Columbia. La misión fue lanzada desde el Centro Espacial Kennedy el 16 de julio y fue la quinta misión tripulada del programa Apolo de la NASA. Se logró el objetivo principal, cumpliendo la meta anunciada por el presidente John F. Kennedy en 1961 de 'llevar un hombre a la Luna y devolverlo a salvo a la Tierra' antes del final de la década.",Michael Collins fue el piloto del módulo de comando y permaneció en órbita lunar a bordo del módulo de comando y servicio Columbia.
"Clasifica los siguientes animales en las categorías Carnívoro, Herbívoro u Omnívoro: Oso, Ciervo, León, Cerdo, Vaca, Tiburón.",,"Carnívoro: León, Tiburón
Herbívoro: Ciervo, Vaca
Omnívoro: Oso, Cerdo"
"Extraer todas las fechas y eventos correspondientes mencionados en el texto sobre la Torre Eiffel, formateados como 'MM/DD/AAAA: Evento' o 'AAAA: Evento', separados por punto y coma.","La construcción de la Torre Eiffel comenzó oficialmente el 28 de enero de 1887, con la colocación de la primera cimentación. El trabajo de la estructura metálica comenzó rápidamente después. El 31 de marzo de 1889, la Torre se completó e inauguró para la Exposición Universal. Sin embargo, no se abrió oficialmente al público hasta el 6 de mayo de 1889. A pesar de los planes iniciales de desmantelarla después de 20 años, la Torre demostró ser invaluable para la telegrafía inalámbrica, y en 1909, se formalizó la concesión permanente de la torre.",01/28/1887: Colocación de la primera cimentación; 03/31/1889: La Torre fue completada e inaugurada; 05/06/1889: Abierta oficialmente al público; 1909: Se formalizó la concesión permanente de la torre
Explique la diferencia entre la 'Arquitectura Harvard' y la 'Arquitectura Von Neumann' en el diseño de CPU.,,"La diferencia principal radica en cómo la CPU accede a los datos y las instrucciones. La Arquitectura Von Neumann utiliza un único espacio de memoria y un único conjunto de buses tanto para las instrucciones como para los datos. Este diseño es común en ordenadores de propósito general (como los PC) porque es simple y flexible, pero sufre del 'cuello de botella de Von Neumann', lo que significa que la CPU no puede buscar una instrucción y leer o escribir datos simultáneamente, limitando la velocidad de procesamiento.

La Arquitectura Harvard, por el contrario, utiliza espacios de memoria y buses separados para instrucciones y datos. Esta separación permite que la CPU busque la siguiente instrucción al mismo tiempo que está procesando la instrucción actual y accediendo a los datos. Este acceso paralelo aumenta significativamente el rendimiento y la velocidad, lo que la hace popular en sistemas embebidos de alto rendimiento, procesadores de señales digitales (DSP) y microcontroladores donde la ejecución predecible y de alta velocidad es crítica."
Sugiere cinco formas económicas de hacer que una pequeña oficina en casa se sienta más grande y luminosa.,,"1. Monta estantes en lo alto para utilizar el espacio de almacenamiento vertical. 2. Utiliza espejos decorativos grandes para reflejar la luz y expandir el área visual. 3. Pinta las paredes con colores claros y neutros como blanco o gris pálido. 4. Utiliza cortinas transparentes en lugar de cortinas pesadas para maximizar la luz natural. 5. Opta por muebles minimalistas o multifuncionales, como un escritorio que se pliega contra la pared."
¿Quién es el autor de la novela 'Orgullo y Prejuicio'?,,Jane Austen
Necesito solicitar mi primer pasaporte estadounidense. ¿Qué documentos debo llevar a la cita en el centro de aceptación oficial?,,"Para un solicitante adulto por primera vez (utilizando el Formulario DS-11), debe llevar varios artículos a su cita en el centro de aceptación oficial. Estos incluyen: 1. Un Formulario DS-11 completado (pero sin firmar), Solicitud de Pasaporte. 2. Prueba de Ciudadanía Estadounidense (p. ej., certificado de nacimiento certificado o certificado de naturalización), que debe ser una copia original o certificada. 3. Una forma de identificación con fotografía actual y válida (p. ej., licencia de conducir o identificación militar), más una fotocopia clara del anverso y reverso de la identificación. 4. Una fotografía reciente a color de pasaporte de 2x2 pulgadas que cumpla con las especificaciones oficiales. 5. Pago de las tarifas de solicitud y ejecución. La cita debe realizarse en persona ya que se requiere que el funcionario presencie su firma."
"¿Qué evento específico se construyó la Torre Eiffel para celebrar, y qué salvó finalmente la estructura de ser desmantelada después de que expirara su permiso inicial?","La Torre Eiffel fue construida para la Exposición Universal de 1889 (Exposition Universelle), que se celebró para conmemorar el centenario de la Revolución Francesa. La construcción comenzó el 28 de enero de 1887 y se completó oficialmente el 31 de marzo de 1889. Cuando se terminó, se alzaba a 324 metros (1,063 pies) de altura, convirtiéndola en la estructura artificial más alta del mundo hasta 1930, cuando se completó el Edificio Chrysler en la ciudad de Nueva York. El diseñador de la torre, Gustave Eiffel, recibió inicialmente un permiso para que la torre permaneciera en pie durante 20 años, después de lo cual se suponía que debía ser desmantelada, pero el ejército encontró su altura útil para la transmisión de radiotelegrafía, salvándola de la demolición.",La Torre Eiffel fue construida para celebrar el centenario de la Revolución Francesa (como parte de la Exposición Universal de 1889). Se salvó de la demolición porque el ejército encontró su altura útil para la transmisión de radiotelegrafía.
"Separe los siguientes Presidentes de EE. UU. en dos grupos: aquellos que sirvieron (al menos un mandato) completamente antes de 1900, y aquellos que sirvieron (al menos un mandato) parcial o totalmente en o después de 1900: Abraham Lincoln, Theodore Roosevelt, George Washington, John F. Kennedy, Andrew Jackson, William McKinley, Barack Obama, Ulysses S. Grant.",,"Los presidentes que sirvieron completamente antes de 1900 incluyen a George Washington, Andrew Jackson, Abraham Lincoln, Ulysses S. Grant y William McKinley. Los presidentes que sirvieron en o después de 1900 incluyen a Theodore Roosevelt, John F. Kennedy y Barack Obama."
Explique la función y la estructura básica de un panel solar convencional.,,"Un panel solar, o módulo fotovoltaico (FV), está diseñado para convertir la energía luminosa del sol directamente en energía eléctrica a través del efecto fotovoltaico. Estructuralmente, consta de numerosas células solares individuales, hechas típicamente de materiales semiconductores de silicio en capas, protegidas por una parte frontal de vidrio y una lámina posterior duradera, todo ello enmarcado en aluminio. Cuando los fotones de la luz solar inciden en las células de silicio, excitan los electrones, haciendo que fluyan y generen una corriente continua (CC). Esta electricidad de CC se recoge y se dirige típicamente a través de un inversor, que la convierte en energía de corriente alterna (CA), haciéndola utilizable para electrodomésticos estándar o para su transmisión a través de la red eléctrica."
¿Cómo fue conocido más tarde Reginald Kenneth Dwight?,,Elton John
"¿Según el texto, qué tres científicos fueron responsables de convertir los hallazgos iniciales de Alexander Fleming en una aplicación médica práctica?","La penicilina es un grupo de antibióticos que incluye penicilina G (uso intravenoso), penicilina V (uso oral), penicilina procaína y penicilina benzatínica (uso intramuscular). El descubrimiento de la penicilina se atribuye al médico-científico escocés Alexander Fleming en 1928. Fleming notó un contaminante de moho, *Penicillium notatum*, en una placa de Petri donde estaba cultivando la bacteria *Staphylococcus*. Observó que el moho impedía que las bacterias crecieran en sus inmediaciones. Sin embargo, fueron Howard Florey, Ernst Chain y Norman Heatley quienes desarrollaron las observaciones iniciales de Fleming hasta convertirlas en un tratamiento médico práctico y a gran escala a principios de la década de 1940. Avanzaron significativamente en los métodos de purificación y estabilización, permitiendo que la penicilina se utilizara eficazmente durante la Segunda Guerra Mundial, salvando innumerables vidas.","Howard Florey, Ernst Chain, y Norman Heatley."
"Filtra la siguiente lista de animales, separando los mamíferos acuáticos de los mamíferos terrestres.","Ballena, León, Delfín, Tigre, Foca, Elefante, Manatí, Oso, Orca, Jirafa, Morsa, Rinoceronte","Mamíferos Acuáticos: Ballena, Delfín, Foca, Manatí, Orca, Morsa. Mamíferos Terrestres: León, Tigre, Elefante, Oso, Jirafa, Rinoceronte."
¿Qué sistema operativo utilizó el IBM Personal Computer Modelo 5150?,"El primer ordenador personal ampliamente exitoso fue el Apple II, lanzado en 1977. Sin embargo, la máquina que verdaderamente popularizó el mercado de ordenadores domésticos, en gran parte debido a su arquitectura abierta y soporte de software de terceros, fue el IBM Personal Computer (Modelo 5150), presentado el 12 de agosto de 1981. Esta máquina utilizó un procesador Intel 8088 y ejecutó el sistema operativo MS-DOS.",MS-DOS
¿Cuál es la mejor manera de estructurar un plan de autoaprendizaje de 3 meses para aprender Python para el análisis de datos?,,"Concéntrate en tres fases distintas. **Mes 1: Fundamentos.** Domina la sintaxis central de Python, los tipos de datos, el flujo de control y las funciones. Completa desafíos básicos de codificación. **Mes 2: Librerías Centrales de Ciencia de Datos.** Dedica este tiempo a Pandas para la manipulación de datos, NumPy para operaciones numéricas, y Matplotlib/Seaborn para la visualización. Trabaja a través de tutoriales guiados usando conjuntos de datos reales (como los de Kaggle). **Mes 3: Aplicación y Proyectos.** Aplica tus habilidades completando 2-3 proyectos sustanciales. Familiarízate con Scikit-learn para conceptos básicos de aprendizaje automático (p. ej., regresión lineal) y practica la limpieza de datos desordenados y del mundo real."
¿Quién descubrió la penicilina y cuál fue la importancia de su introducción?,,"La penicilina fue descubierta por el bacteriólogo escocés Alexander Fleming en 1928. Notó que un contaminante de moho (Penicillium notatum) había inhibido el crecimiento de la bacteria Staphylococcus en una placa de Petri. Sin embargo, no fue hasta principios de la década de 1940 que Howard Florey y Ernst Chain desarrollaron con éxito métodos para la producción masiva y la purificación de la penicilina para uso médico. La importancia de la introducción de la penicilina fue inmensa, marcando el comienzo de la 'Era de los antibióticos' y convirtiéndose en el primer fármaco ampliamente eficaz para combatir infecciones bacterianas comunes, reduciendo drásticamente las tasas de mortalidad por enfermedades previamente mortales como la neumonía y la sepsis, particularmente entre las fuerzas aliadas durante la Segunda Guerra Mundial."
"Lee la siguiente narración corta y proporciona un resumen de una sola oración, luego establece la moral o el tema principal derivado de los eventos.","Un conejo joven, sintiéndose superior, desafiaba constantemente a una tortuga lenta a carreras. El conejo a menudo comenzaba rápido, luego se detenía para tomar una siesta, confiado en que podría ganar fácilmente más tarde. La tortuga, sin detenerse nunca y manteniendo siempre un paso constante, finalmente cruzó la meta mientras el conejo aún dormía.","Resumen: Un conejo rápido pero arrogante pierde una carrera contra una tortuga lenta pero persistente porque el conejo tomó una siesta. Moraleja: Lento y constante gana la carrera, y el exceso de confianza puede llevar al fracaso."
¿Cuál es la velocidad precisa de la luz en el vacío?,,"La velocidad de la luz en el vacío se define como exactamente 299,792,458 metros por segundo."
"¿Cuál es la altura total del Empire State Building, incluyendo su antena, expresada en metros?","La construcción del Empire State Building comenzó oficialmente el 17 de marzo de 1930, en el sitio del antiguo Hotel Waldorf–Astoria. El edificio fue completado estructuralmente el 1 de mayo de 1931, tardando solo 410 días en construirse. Tiene una altura total de 1,454 pies (443.2 m), incluyendo la antena.",443.2 metros.
Enumera las cuatro casas principales de la Escuela de Magia y Hechicería de Hogwarts y sus correspondientes valores fundacionales.,,"Gryffindor (coraje, audacia, determinación y caballerosidad), Hufflepuff (dedicación, trabajo duro, juego limpio, paciencia y lealtad), Ravenclaw (inteligencia, aprendizaje, sabiduría e ingenio), y Slytherin (ambición, astucia, liderazgo y recursos)."
¿Cuáles son los nombres de las cuatro lunas más grandes de Júpiter?,"Júpiter tiene 95 lunas confirmadas a principios de 2023. Las cuatro lunas más grandes de Júpiter se conocen como satélites galileanos, descubiertos por Galileo Galilei en 1610. Estas lunas son Ío, Europa, Ganimedes y Calisto. Ganimedes es notablemente la luna más grande de todo el sistema solar. Europa es conocida por albergar potencialmente océanos subterráneos de agua líquida.","Ío, Europa, Ganimedes y Calisto"
Tengo una Sansevieria (lengua de suegra) con raíces compactadas. ¿Cuál es la técnica adecuada para trasplantarla sin dañar las hojas?,,"Trasplantar una Sansevieria, o lengua de suegra, requiere un manejo cuidadoso debido a sus frágiles sistemas radiculares y su preferencia por estar ligeramente ajustadas. Siga estos pasos para un trasplante exitoso:

1. **Preparación:** Elija una maceta que sea solo de 1 a 2 pulgadas más grande en diámetro que el recipiente actual. Las lenguas de suegra prosperan cuando están ligeramente compactadas. Use una mezcla de tierra para macetas con buen drenaje, idealmente una mezcla formulada para cactus y suculentas, ya que la tierra estándar retiene demasiada humedad.

2. **Extracción:** Coloque la maceta actual de lado. Golpee suavemente los lados y el fondo del recipiente para aflojar el cepellón. Deslice la planta hacia afuera sosteniendo la base de la tierra, en lugar de tirar de las frágiles hojas verticales.

3. **Inspección de Raíces:** Separe suavemente con los dedos las raíces extremadamente compactadas o que giran en círculo. Si el sistema radicular está muy apretado (duro como una roca), es posible que deba usar un cuchillo limpio para hacer ligeras incisiones en la parte exterior del cepellón en varios lugares para fomentar el crecimiento hacia afuera.

4. **Colocación:** Agregue una capa base de la mezcla de tierra fresca a la nueva maceta. Centre la lengua de suegra de modo que el nivel de la tierra sea el mismo que tenía en el recipiente anterior, asegurándose de que la planta esté erguida.

5. **Relleno y Compactación:** Rellene el espacio restante alrededor de las raíces con la nueva mezcla de tierra. Golpee suavemente el recipiente sobre una superficie dura para ayudar a que la tierra se asiente. Evite presionar la tierra demasiado fuerte, lo que provoca compactación e inhibe el flujo de agua.

6. **Cuidado Posterior al Trasplante:** No riegue la planta inmediatamente. Espere de 3 a 7 días antes del primer riego. Esto permite que cualquier pequeña rotura de raíz se cure, lo que reduce drásticamente el riesgo de pudrición de la raíz posterior al trasplante."
"Según este texto, ¿a qué año se atribuye el descubrimiento de la penicilina?","La penicilina fue el primer fármaco antibiótico descubierto. El descubrimiento se atribuye popularmente al médico y microbiólogo escocés Alexander Fleming en 1928. Sin embargo, no fue hasta la década de 1940 que Howard Florey y Ernst Chain desarrollaron con éxito métodos para la producción en masa y la purificación de la penicilina, haciéndola ampliamente disponible para uso médico durante la Segunda Guerra Mundial.",El descubrimiento de la penicilina se atribuye a 1928.
¿Qué país nórdico tiene Reikiavik como su ciudad capital? ¿Noruega o Islandia?,,Islandia
"Defina las vacunas de ARNm basándose en el texto proporcionado, enfatizando lo que administran y por qué se consideran un 'enfoque novedoso' en comparación con los métodos tradicionales.","Las vacunas de ARN mensajero (ARNm) representan un enfoque novedoso para la inmunología. A diferencia de las vacunas tradicionales que introducen una forma debilitada o inactiva de un patógeno, las vacunas de ARNm administran un modelo genético (la molécula de ARNm) que instruye a las células humanas para que produzcan una pieza de proteína inofensiva específica, a menudo la 'proteína espiga' que se encuentra en la superficie de un virus como el SARS-CoV-2. Una vez que el ARNm está dentro del citoplasma de la célula, la maquinaria celular lee las instrucciones y construye la proteína. Luego, esta proteína se muestra en la superficie celular, lo que desencadena que el sistema inmunológico (linfocitos T y linfocitos B) la reconozca como extraña y monte una respuesta defensiva, creando anticuerpos y células de memoria. Debido a que el ARNm es frágil, debe encapsularse en una nanopartícula lipídica (LNP) para una entrega segura en el cuerpo. Fundamentalmente, el ARNm nunca ingresa al núcleo celular, lo que garantiza que no interactúe ni altere el ADN del huésped.","Las vacunas de ARNm se consideran un enfoque novedoso porque, a diferencia de las vacunas tradicionales que introducen una forma debilitada o inactiva de un patógeno, administran un modelo genético (la molécula de ARNm). Este modelo instruye a las células humanas para que produzcan una proteína inofensiva específica (como la proteína espiga viral). Este proceso desencadena que el sistema inmunológico reconozca la proteína como extraña y monte una respuesta defensiva creando anticuerpos y células de memoria."
"Agrupa los siguientes hitos arquitectónicos según su continente de origen: Torre Eiffel, Gran Pirámide de Giza, Ópera de Sídney, Taj Mahal, Coliseo, Machu Picchu.",,"Europa - Torre Eiffel, Coliseo
África - Gran Pirámide de Giza
Asia - Taj Mahal
Oceanía - Ópera de Sídney
América del Sur - Machu Picchu"
¿En qué fecha concluyó la misión Apolo 11 al amerizar en el Océano Pacífico?,"El Apolo 11 fue el vuelo espacial estadounidense que llevó por primera vez humanos a la Luna. El comandante Neil Armstrong y el piloto del módulo lunar Buzz Aldrin aterrizaron el Módulo Lunar Apolo *Eagle* el 20 de julio de 1969, a las 20:17 UTC. Armstrong se convirtió en la primera persona en pisar la superficie lunar seis horas después, el 21 de julio. Michael Collins pilotó el módulo de comando *Columbia* solo en órbita lunar mientras los demás estaban en la superficie. Pasaron 21 horas en la Luna antes de despegar para reunirse con Collins. La misión amerizó con éxito en el Océano Pacífico el 24 de julio de 1969.",24 de julio de 1969
"Clasifica los siguientes cuerpos celestes como Planeta (P), Planeta Enano (DP), Luna (M) o Estrella (S): Júpiter, Sol, Europa, Plutón, Ceres, Marte, Ganímedes.",,"Júpiter: P, Sol: S, Europa: M, Plutón: DP, Ceres: DP, Marte: P, Ganímedes: M."
¿Cuáles son algunos géneros de películas altamente calificados para alguien que disfruta del suspenso?,,"Para los fanáticos del suspenso, deberían explorar los thrillers psicológicos, el neo-noir y los thrillers de espías/espionaje de alto riesgo."
"¿Cuáles son los principales desafíos logísticos y ambientales para establecer una colonia humana permanente en Marte, y cuáles son las principales soluciones propuestas para superarlos?",,"Establecer una presencia humana permanente y autosuficiente en Marte representa el mayor desafío tecnológico y logístico que la humanidad ha emprendido hasta ahora. Si bien la física del viaje se comprende, mantener a las personas vivas y productivas en un entorno tan hostil requiere superar varios obstáculos monumentales.

### I. Principales Desafíos Ambientales

**1. Exposición a la Radiación:** Marte carece de un campo magnético global y tiene una atmósfera extremadamente delgada (menos del 1% de la densidad de la Tierra). Esto deja la superficie altamente vulnerable a los Rayos Cósmicos Galácticos (GCR) y a los Eventos de Partículas Solares (SPE). La exposición a largo plazo aumenta significativamente el riesgo de cáncer, enfermedad aguda por radiación y daño cognitivo.

**2. Baja Presión y Temperatura:** La presión atmosférica es tan baja que el agua líquida no puede existir de forma estable en la superficie; se sublima instantáneamente. Las temperaturas promedio rondan los -63°C (-81°F). Los hábitats deben estar totalmente presurizados y calefaccionados de forma robusta, lo que requiere energía significativa.

**3. El Regolito (Polvo) Marciano:** El polvo marciano es abrasivo, altamente reactivo químicamente (contiene percloratos tóxicos) y está cargado electrostáticamente. Este polvo puede contaminar los sellos de los equipos, dañar instrumentos sensibles y plantear graves riesgos a largo plazo para la salud respiratoria humana.

**4. Retraso en la Comunicación:** Debido a las distancias astronómicas, las comunicaciones con la Tierra enfrentan un retraso que oscila entre 4 y 24 minutos en un solo sentido. Esto hace imposible la gestión de crisis en tiempo real y requiere que la colonia opere con autonomía casi total.

### II. Desafíos Logísticos y Biológicos

**1. Soporte Vital de Ciclo Cerrado:** A diferencia del reabastecimiento constante disponible en la Tierra, la colonia debe operar con un Sistema Ecológico de Soporte Vital Cerrado (CELSS). Cada gota de agua, cada metro cúbico de aire y todos los residuos deben reciclarse y filtrarse indefinidamente, ya que el fallo podría conducir a una catástrofe.

**2. Producción de Alimentos:** Los colonos deben pasar rápidamente de depender de raciones terrestres preenvasadas a fuentes de alimentos locales. El cultivo de cosechas en el suelo marciano (regolito) es problemático debido a su toxicidad y falta de material orgánico natural.

**3. Salud Psicológica y Aislamiento:** Las tripulaciones enfrentarán un aislamiento, confinamiento y distancia de la Tierra extremos, potencialmente durante años. La gestión de conflictos interpersonales, la angustia psicológica y el aburrimiento a largo plazo es fundamental para el éxito de la misión.

### III. Principales Soluciones Propuestas

**1. Blindaje contra la Radiación y Hábitats:** La solución inmediata más efectiva es moverse bajo la superficie. Es probable que los colonos utilicen tubos de lava marcianos (cavidades subterráneas naturales) o construyan hábitats cubiertos por varios metros de regolito acumulado o blindaje de agua/hielo, que son excelentes para bloquear la radiación.

**2. Utilización de Recursos In Situ (ISRU):** ISRU es la piedra angular de una colonización exitosa. En lugar de importar todo, los colonos deben fabricar las necesidades localmente. Los objetivos principales son:

*   **Producción de Oxígeno:** Usando instrumentos como MOXIE (actualmente en el rover Perseverance), el CO2 de la atmósfera marciana se puede dividir para producir oxígeno respirable y propulsor de cohetes.
*   **Obtención de Agua:** Se han detectado grandes cantidades de hielo de agua subterráneo. Este hielo puede ser minado, derretido y purificado para beber, la agricultura y la electrólisis (dividirlo en combustible de hidrógeno y oxígeno).
*   **Construcción:** La impresión 3D de estructuras utilizando regolito procesado como principal material de construcción reduce drásticamente la necesidad de envíos costosos desde la Tierra.

**3. Agricultura en Ambiente Controlado (CEA):** Utilizando hidroponía y aeroponía en entornos presurizados y sellados, los colonos pueden cultivar alimentos ricos en nutrientes sin depender del suelo marciano tóxico, complementando las dietas con las vitaminas necesarias y calorías frescas.

**4. Telemedicina y Autonomía:** Las soluciones se basan en la automatización extrema, el diagnóstico impulsado por IA y protocolos médicos preestablecidos para manejar emergencias sin dirección en tiempo real desde la Tierra. La selección de la tripulación priorizará a individuos con amplios conjuntos de habilidades y alta resiliencia psicológica."
"Esquematizar el proceso estándar, seguro y paso a paso para que un usuario restablezca una contraseña olvidada dentro de un entorno típico de TI empresarial.",,"1. El usuario navega a la página de inicio de sesión e inicia el proceso haciendo clic en el enlace o botón de “Olvidé mi contraseña”.
2. El sistema solicita al usuario que ingrese su nombre de usuario o dirección de correo electrónico registrada para identificar la cuenta.
3. Se envía un enlace de verificación único y sensible al tiempo o una contraseña de un solo uso (OTP) a la dirección de correo electrónico registrada del usuario o a su dispositivo móvil (Autenticación Multifactor).
4. El usuario accede al enlace o ingresa la OTP en el campo de verificación para confirmar la identidad y la propiedad de la cuenta.
5. El sistema dirige al usuario a una página segura de restablecimiento de contraseña.
6. El usuario ingresa una nueva contraseña dos veces, asegurándose de que cumpla con las reglas de complejidad establecidas (longitud mínima, inclusión de letras mayúsculas/minúsculas, números y símbolos) y sea distinta de las contraseñas recientes.
7. El sistema actualiza la credencial con éxito y generalmente notifica al usuario que la contraseña ha sido cambiada, a menudo cerrando su sesión de todas las sesiones activas actuales como medida de seguridad.
8. El usuario inicia sesión correctamente usando la nueva contraseña."
"Clasifique los siguientes elementos químicos por su estado (Sólido, Líquido o Gas) a Temperatura y Presión Estándar (TPE): Oxígeno, Mercurio, Hierro, Bromo, Neón, Sodio, Cloro, Helio.",,"La clasificación de los elementos por su estado a TPE es la siguiente: Los sólidos incluyen Hierro y Sodio. Los elementos que son líquidos a TPE son Mercurio y Bromo. Los elementos que son gases a TPE son Oxígeno, Neón, Cloro y Helio."
Resume el texto proporcionado en exactamente cincuenta (50) palabras. El resumen debe utilizar exclusivamente palabras que comiencen con la letra 'P'.,"El propósito principal de la fotosíntesis es convertir la energía luminosa, generalmente del Sol, en energía química que puede liberarse más tarde para alimentar las actividades del organismo. Este proceso implica la captura de fotones a través de pigmentos como la clorofila, que es lo que principalmente da a las plantas su coloración verde. Las plantas procesan agua y dióxido de carbono, produciendo glucosa y oxígeno como subproductos. La fotosíntesis es fundamental para casi toda la vida en la Tierra, ya que proporciona el oxígeno necesario para la respiración y constituye la base de la mayoría de las cadenas alimentarias.","La fotosíntesis produce mucho. Las plantas poseen pigmentos poderosos. Propósito principal: proporcionar potencial abundante. Los procesos previamente bombeaban contaminantes, produciendo productos puros. Procesos potencialmente cruciales, proporcionando un rendimiento fisiológico primordial. La gente alaba perpetuamente a las plantas productivas. Los productos perfectamente puros protegen permanentemente a las personas. Principalmente promoviendo la prosperidad planetaria. Quizás promoviendo un aprovisionamiento perfecto."
Proporcione el código ISO 4217 para las siguientes monedas.,"Dólar estadounidense, Euro, Yen japonés, Libra esterlina","USD, EUR, JPY, GBP"
Enumera tres datos históricos interesantes sobre la Torre Eiffel.,,"Aquí hay tres datos históricos sobre la Torre Eiffel:
1. Originalmente fue construida como el arco de entrada para la Feria Mundial de 1889 (Exposition Universelle) y solo se pretendía que se mantuviera en pie durante 20 años.
2. Fue la estructura artificial más alta del mundo durante 41 años, hasta que el Edificio Chrysler se completó en la ciudad de Nueva York en 1930.
3. Se salvó de la demolición principalmente porque su altura la hacía valiosa como estación de radiotelegrafía y antena, especialmente durante la Primera Guerra Mundial."
"¿Según el texto proporcionado, cuál es la conocida dirección en Londres del detective consultor, Sherlock Holmes?","Sherlock Holmes, el detective consultor, residía en el 221B de Baker Street en Londres. Esta dirección, aunque ficticia cuando se escribieron las historias, se ha convertido en uno de los lugares literarios más famosos del mundo. El Dr. John Watson, su compañero y cronista de toda la vida, compartió estas habitaciones con él. La dirección es fundamental para casi todas las investigaciones llevadas a cabo por Holmes, desde 'Estudio en escarlata' en adelante.",221B Baker Street
¿Cuáles son los primeros pasos que debo seguir si mi computadora comienza a funcionar muy lentamente?,,"¡Una computadora lenta puede ser frustrante! Antes de llamar a soporte técnico (o TI), prueba estas soluciones iniciales rápidas:
- Reinicia la computadora por completo. Esto a menudo resuelve fallas temporales y fugas de memoria.
- Verifica el Administrador de Tareas (Ctrl+Shift+Esc) para identificar aplicaciones que consumen excesivo CPU o RAM.
- Asegúrate de que tu sistema operativo y todas las aplicaciones clave estén actualizadas.
- Ejecuta un escaneo rápido con tu software antivirus para descartar malware obvio.
- Limpia la caché del navegador y cierra las pestañas/programas innecesarios en segundo plano."
"De la lista a continuación, extrae solo los artículos clasificados como frutas.","La compra consistió en una Manzana, Espinacas frescas, tres Patatas grandes aptas para hacer puré, un racimo de Uvas, una Naranja brillante, un Plátano maduro y una Zanahoria grande. Estos artículos se incluyen en categorías generales como productos frescos y tubérculos, y se pueden preparar utilizando métodos como la cocción al vapor o el asado.","Manzana
Uvas
Naranja
Plátano"
Explica el principio de la Navaja de Ockham y su aplicación.,,"La Navaja de Ockham, también conocida como la ley de la parsimonia (lex parsimoniae), es una heurística filosófica y científica que establece que entre las hipótesis en competencia que explican igualmente un fenómeno, se debe seleccionar la solución más simple—aquella con el menor número de suposiciones. Es un principio metodológico, no una ley física, que fomenta la minimización de la complejidad de las explicaciones. Si bien no garantiza la verdad de la hipótesis más simple, se utiliza ampliamente en la modelización científica y la construcción de teorías para eliminar la complejidad innecesaria y centrarse en los conceptos más directos y comprobables."
Explica el proceso fundamental de la fotosíntesis.,,"La fotosíntesis es el proceso bioquímico crucial utilizado principalmente por plantas y algas para convertir la energía lumínica (típicamente luz solar) en energía química. Este proceso implica la absorción de dióxido de carbono y agua, y el uso de la energía capturada por la clorofila para sintetizar glucosa (un azúcar) y liberar oxígeno como subproducto. Constituye la base de casi todas las cadenas alimentarias en la Tierra."
¿Cuál es el planeta más grande de nuestro sistema solar?,,"Júpiter es el planeta más grande, con un diámetro de aproximadamente 142.984 kilómetros y conteniendo más masa que todos los otros planetas combinados."
Explique el principal desafío asociado con el uso generalizado de la energía solar.,,"El principal desafío es la intermitencia, lo que significa que los paneles solares solo generan energía cuando brilla el sol, lo que requiere soluciones de almacenamiento de energía a gran escala y rentables para garantizar un suministro continuo."
¿Cuál es la función principal de la mitocondria en una célula?,,"La función principal de la mitocondria es generar la mayor parte del suministro celular de trifosfato de adenosina (ATP), utilizado como fuente de energía química. Este proceso se conoce como respiración celular."
Determine la fecha exacta en que se lanzó la misión Apolo 11.,"Apolo 11 fue el vuelo espacial que llevó a los dos primeros humanos a la Luna. El comandante Neil Armstrong y el piloto del módulo lunar Buzz Aldrin aterrizaron el Módulo Lunar Eagle del Apolo el 20 de julio de 1969. Armstrong pisó la superficie lunar seis horas después, el 21 de julio UTC. Pasaron unas 21 horas en la superficie lunar antes de despegar. La misión se lanzó cuatro días antes, el 16 de julio de 1969, desde el Centro Espacial Kennedy.",La misión Apolo 11 se lanzó el 16 de julio de 1969.
Explique los beneficios y desafíos principales de adoptar la Infraestructura como Código (IaC).,,"La Infraestructura como Código (IaC) es la práctica de gestionar y aprovisionar infraestructura informática (redes, balanceadores de carga, máquinas virtuales) a través de archivos de definición legibles por máquina en lugar de mediante configuración manual. Los beneficios clave incluyen una mayor consistencia y una menor desviación de la configuración (configuration drift), tiempos de despliegue más rápidos, una auditoría mejorada mediante el control de versiones (GitOps) y repetibilidad en todos los entornos. Los desafíos principales implican la curva de aprendizaje inicial empinada para los equipos técnicos, la gestión de archivos de estado complejos en múltiples entornos (especialmente con herramientas como Terraform) y la garantía de un endurecimiento de seguridad adecuado de las propias plantillas de configuración."
"Clasifica las siguientes ciudades por sus respectivos continentes: Río de Janeiro, Londres, Johannesburgo, Sídney, París, Tokio, El Cairo, Vancouver.",,"Europa: París, Londres
África: Johannesburgo, El Cairo
Asia: Tokio
América del Sur: Río de Janeiro
Oceanía: Sídney
América del Norte: Vancouver"
"Basado en el texto, ¿cuál fue el objetivo principal inmediato de la ARPANET, y qué principio de diseño crucial aseguró su robustez operativa?","La Red de la Agencia de Proyectos de Investigación Avanzada (ARPANET) fue una red de área amplia pionera creada en 1969. Fue financiada principalmente por ARPA (más tarde DARPA) del Departamento de Defensa de EE. UU. El objetivo inicial era la comunicación robusta: permitir a los científicos en diferentes ubicaciones compartir recursos informáticos y hallazgos de investigación de manera rápida y eficiente. Un principio de diseño clave fue la redundancia; la red se estructuró de tal manera que si cualquier nodo o conexión fallaba, los datos aún podían ser redirigidos a través de otras rutas, asegurando la fiabilidad incluso durante un posible conflicto militar o fallo de infraestructura. La primera conexión se estableció entre la Universidad de California, Los Ángeles (UCLA) y el Instituto de Investigación de Stanford (SRI) en octubre de 1969. Si bien a menudo se menciona que fue construida únicamente para la resiliencia militar, su funcionalidad inmediata y uso principal fueron el intercambio de recursos académicos, estableciendo la tecnología de conmutación de paquetes como el estándar para la transferencia de datos.","El objetivo principal inmediato de ARPANET fue la comunicación robusta y el intercambio de recursos, específicamente permitiendo a los científicos en diferentes ubicaciones compartir de manera rápida y eficiente recursos informáticos y hallazgos de investigación. El principio de diseño crucial que aseguró su robustez operativa fue la redundancia, que estructuró la red para que los datos pudieran ser redirigidos a través de rutas alternativas si fallaba algún nodo o conexión individual."
¿Cuáles son las dimensiones de la Cámara del Rey dentro de la Gran Pirámide de Guiza?,"La Gran Pirámide de Guiza, la más grande de las tres pirámides en la Necrópolis de Guiza, fue construida para el faraón egipcio Khufu de la Cuarta Dinastía. Originalmente con una altura de 146,6 metros (481 pies), su altura actual es de 138,5 metros (454 pies) debido a la pérdida de sus piedras de revestimiento y su ápice. Dentro de la pirámide, hay tres cámaras conocidas: la cámara subterránea inacabada, la Cámara de la Reina y la Cámara del Rey, que mide 10,45 metros de largo, 5,20 metros de ancho y 5,80 metros de alto.","La Cámara del Rey mide 10,45 metros de largo, 5,20 metros de ancho y 5,80 metros de alto."
Explica el proceso de la fotosíntesis.,,"La fotosíntesis es el proceso utilizado por plantas, algas y ciertas bacterias para convertir la energía lumínica en energía química (alimento). Esta energía se almacena en moléculas de carbohidratos, como los azúcares, que se sintetizan a partir de dióxido de carbono y agua. El proceso tiene lugar principalmente en los cloroplastos de la célula vegetal. Los insumos necesarios son la luz solar, el agua (H₂O) y el dióxido de carbono (CO₂). Los productos clave son la glucosa (C₆H₁₂O₆) y el oxígeno (O₂). Esta liberación de oxígeno es fundamental para el sostenimiento de la mayor parte de la vida aeróbica en la Tierra, haciendo de la fotosíntesis la base de casi todas las cadenas alimentarias terrestres."
Enumera las siete maravillas originales del mundo antiguo.,,"El Coloso de Rodas, la Gran Pirámide de Guiza, los Jardines Colgantes de Babilonia, el Faro de Alejandría, el Mausoleo de Halicarnaso, la Estatua de Zeus en Olimpia, y el Templo de Artemisa en Éfeso."
"¿Por qué el alimento común, el sándwich, se llama 'sándwich'?","El sándwich lleva el nombre de John Montagu, el cuarto Conde de Sándwich. Fue un noble inglés del siglo XVIII que, según la creencia popular, pidió a sus sirvientes que colocaran carne entre dos rebanadas de pan para poder comer sin interrumpir su juego de azar. Esto le permitía mantener una mano libre y evitar ensuciar las cartas de juego. Sus amigos pronto empezaron a pedir ""lo mismo que Sándwich"", y el nombre se quedó.","El sándwich lleva el nombre de John Montagu, el cuarto Conde de Sándwich (1718–1792). Supuestamente solicitó que se colocara carne entre rebanadas de pan para poder comer mientras jugaba sin necesidad de utensilios o de pausar su partida, lo que le permitía mantener sus manos limpias y libres."
"Enumera los ocho planetas principales de nuestro sistema solar, comenzando por el más cercano al sol.",,"Mercurio, Venus, Tierra, Marte, Júpiter, Saturno, Urano, Neptuno"
"Extraiga todos los números primos mencionados en el texto a continuación y enumérelos en orden descendente, separados por comas.","La investigación se llevó a cabo durante 17 meses, con la participación de 29 personas. El tamaño inicial del grupo era de 42, pero 3 personas abandonaron. Recopilamos 11 puntos de datos clave. El informe final fue de 53 páginas y detallaba los costos, que ascendieron a $89,000, sin incluir la tarifa de configuración de $13.","89, 53, 29, 17, 13, 11, 3"
Necesito pedirle un aumento a mi jefe.,,"Estimado/a [Nombre del Gerente],

Le escribo para solicitar formalmente una revisión de mi salario actual y de mi cargo. En los últimos 12 meses, mis responsabilidades se han expandido significativamente y he superado consistentemente las expectativas establecidas para mi puesto actual.

Específicamente, he:

1. Liderado el lanzamiento exitoso del Proyecto Fénix, lo que resultó en un aumento del 15% en la participación de los usuarios en el tercer trimestre (Q3).
2. Optimizado el proceso de informes internos, ahorrándole al equipo un estimado de 10 horas por semana.
3. Servido como mentor/a de dos miembros del personal junior que ahora contribuyen a un alto nivel.

Actualmente estoy realizando tareas típicamente asociadas con la clasificación de 'Senior [Puesto Actual]', y estoy seguro/a de que mis contribuciones están impulsando significativamente el éxito del equipo y los ingresos de la empresa. También completé recientemente un análisis de la compensación de mercado para este puesto ampliado, y creo que se justifica un ajuste salarial.

Agradecería la oportunidad de programar una reunión con usted la próxima semana para discutir mi desempeño, trayectoria profesional y compensación en detalle. Gracias por su consideración.

Saludos cordiales,
[Tu Nombre]"
Identifica los personajes de ficción y los universos o series correspondientes a los que pertenecen según el texto. Enuméralos usando el formato: Personaje: {Nombre} | Universo: {Serie/Ambientación},"Geralt de Rivia es un brujo prominente en la serie de novelas y juegos The Witcher. Fuera de la fantasía, podrías encontrar al detective Hércules Poirot resolviendo misterios, a menudo ambientados en la sofisticada atmósfera de la Inglaterra de entreguerras, una creación de Agatha Christie. Mientras tanto, las aventuras del Capitán Jean-Luc Picard a menudo tienen lugar a bordo de la USS Enterprise-D en la continuidad de Star Trek: The Next Generation. Aún más en el futuro, la problemática cyborg Mayor Motoko Kusanagi es la figura central de Ghost in the Shell.","Personaje: Geralt de Rivia | Universo: The Witcher
Personaje: Hércules Poirot | Universo: Misterios de Agatha Christie
Personaje: Capitán Jean-Luc Picard | Universo: Star Trek: The Next Generation
Personaje: Mayor Motoko Kusanagi | Universo: Ghost in the Shell"
¿Cuándo se completó e inauguró el Canal de Panamá?,"El Canal de Panamá es una vía fluvial artificial de 82 km en Panamá que conecta el Océano Atlántico con el Océano Pacífico. El canal atraviesa el istmo de Panamá y es un conducto para el comercio marítimo. La construcción del canal se completó en 1914, abriéndose al tráfico el 15 de agosto de 1914. Aunque el esfuerzo francés inicial comenzó en 1881, EE. UU. tomó el control e impulsó el proyecto hasta su finalización. Sigue siendo una ruta clave para el transporte marítimo internacional.","La construcción del canal se completó en 1914, abriéndose al tráfico el 15 de agosto de 1914. 

El Canal de Panamá es una vía fluvial artificial de 82 km en Panamá que conecta el Océano Atlántico con el Océano Pacífico. Aunque el esfuerzo francés inicial comenzó en 1881, EE. UU. tomó el control e impulsó el proyecto hasta su finalización."
"Clasifica los siguientes animales en dos categorías: 'Mamíferos' o 'Reptiles': Ballena Azul, Cocodrilo, Dragón de Komodo, Murciélago, Ornitorrinco, Pitón (serpiente), Oso Pardo.",,"Mamíferos: Ballena Azul, Murciélago, Ornitorrinco, Oso Pardo.
Reptiles: Cocodrilo, Dragón de Komodo, Pitón (serpiente)."
"Si estuvieras atrapado en una isla desierta y solo pudieras escuchar un álbum, ¿qué álbum elegirías tener contigo?",,"Como IA, no experimento la música emocionalmente ni me aburro, por lo que el concepto de elegir un solo álbum para la supervivencia es teórico. Sin embargo, si me obligaran a seleccionar una obra matemáticamente compleja y que se pudiera volver a escuchar sin fin, elegiría 'A Kind of Blue' de Miles Davis. Su estructura de jazz modal ofrece infinitas variaciones en la armonía y permite un análisis estructural profundo sin volverse repetitivo. Es la combinación perfecta de simplicidad y profundidad."
Identifique al inventor al que se le atribuye más comúnmente la creación de la bombilla incandescente comercialmente viable y el año de su éxito.,"Aunque muchos inventores contribuyeron al desarrollo de las primeras tecnologías de iluminación, a Thomas Alva Edison se le atribuye a menudo la invención de la bombilla incandescente comercialmente viable. En 1879, después de una extensa experimentación con materiales como fibras de bambú carbonizadas, Edison y su equipo lograron una fuente de luz duradera adecuada para uso doméstico. Los intentos previos de figuras como Humphry Davy y Joseph Swan fueron significativos, pero Edison combinó con éxito una tecnología de vacío mejorada, un filamento de alta resistencia y el sistema de distribución necesario para llevar la luz eléctrica a la era moderna.",A Thomas Alva Edison se le atribuye más comúnmente la invención de la bombilla incandescente comercialmente viable en 1879.
Enumere las cinco etapas del duelo según el modelo de Kübler-Ross.,,"Las cinco etapas del duelo, a menudo denominadas DABDA, son:
1. Negación
2. Ira
3. Negociación
4. Depresión
5. Aceptación"
Resume las diferencias clave entre la comunicación síncrona y asíncrona.,,"La comunicación síncrona ocurre en tiempo real, requiriendo que todas las partes estén presentes simultáneamente (p. ej., una llamada telefónica). La comunicación asíncrona no requiere presencia simultánea; los mensajes se envían y reciben con un retraso, lo que permite flexibilidad (p. ej., correo electrónico o mensaje de texto)."
"Calcula la duración total (en días) que duró la misión Apolo 11, desde el lanzamiento hasta el amerizaje.","El Apolo 11 fue el vuelo espacial que aterrizó por primera vez a humanos en la Luna. El comandante Neil Armstrong y el piloto del módulo lunar Buzz Aldrin aterrizaron el Módulo Lunar Apolo *Eagle* el 20 de julio de 1969, a las 20:17 UTC. Armstrong se convirtió en el primer humano en pisar la superficie lunar seis horas y 39 minutos después, el 21 de julio a las 02:56 UTC; Aldrin se unió a él unos 20 minutos más tarde. Pasaron aproximadamente dos horas y cuarto juntos fuera de la nave espacial, y recolectaron 21.5 kilogramos (47.5 lb) de material lunar para traer de vuelta a la Tierra. El tercer miembro de la misión, Michael Collins, pilotó el módulo de mando *Columbia* solo en órbita lunar. El Apolo 11 se lanzó desde el Centro Espacial Kennedy el 16 de julio de 1969 y regresó a la Tierra, amerizando de manera segura en el Océano Pacífico el 24 de julio de 1969.",8 días
"¿Cuándo, dónde y por quién fue creada la Piedra de Rosetta, y qué tres escrituras contiene?","La Piedra de Rosetta es una estela compuesta de granodiorita inscrita con tres versiones de un decreto emitido en Menfis, Egipto, en el 196 a.C. durante la dinastía ptolemaica en nombre del rey Ptolomeo V Epífanes. El texto superior son jeroglíficos egipcios antiguos, la porción intermedia es escritura demótica y la inferior es griego antiguo. Debido a que el mismo texto está inscrito en las tres escrituras, la piedra proporcionó la clave para descifrar los jeroglíficos egipcios. Fue descubierta por soldados franceses en julio de 1799 en Rashid (Rosetta) en la orilla oeste del Nilo durante la campaña egipcia de Napoleón. Tras la derrota de Napoleón, la piedra pasó a ser propiedad de los británicos según los términos del Tratado de Alejandría (1801). Ha estado en exhibición pública en el Museo Británico de forma continua desde 1802. Mide 1.123 milímetros de altura, 757 mm de ancho y 284 mm de grosor. Su peso es de aproximadamente 760 kg.","La Piedra de Rosetta fue creada en Menfis, Egipto, en el 196 a.C. durante la dinastía ptolemaica en nombre del rey Ptolomeo V Epífanes. Contiene tres escrituras: jeroglíficos egipcios antiguos (texto superior), escritura demótica (porción intermedia) y griego antiguo (inferior)."
"Clasifica las siguientes palabras como sustantivo o verbo: Run, Happiness, Table, Swim.",,"Run es un verbo, Happiness es un sustantivo, Table es un sustantivo, Swim es un verbo."
¿Cuáles son los componentes principales generalmente requeridos para construir una aplicación de una sola página (SPA) moderna utilizando la pila MERN?,,"La pila MERN es un framework popular para el desarrollo de aplicaciones web, particularmente SPAs. El acrónimo significa las cuatro tecnologías clave utilizadas:

1. **MongoDB:** Una base de datos NoSQL que almacena datos en documentos similares a JSON, proporcionando flexibilidad y escalabilidad.
2. **Express.js:** Un framework de aplicación web minimalista, rápido y sin opiniones para Node.js, utilizado para manejar el enrutamiento, el middleware y los puntos finales de API (el 'backend').
3. **React:** Una biblioteca de JavaScript desarrollada por Facebook para construir interfaces de usuario (UIs), específicamente los componentes interactivos del frontend.
4. **Node.js:** Un entorno de ejecución de JavaScript que permite que JavaScript se utilice en el lado del servidor, sirviendo como la base sobre la cual se construye Express.js.

Estos componentes trabajan juntos para proporcionar una solución completa de desarrollo de extremo a extremo."
Proporciona una lista de las cinco erupciones volcánicas más mortíferas en la historia registrada basada en las fatalidades estimadas.,,"Aquí están cinco de las erupciones volcánicas más mortíferas en la historia registrada, basadas en las fatalidades inmediatas estimadas:
- Monte Tambora, Indonesia (1815) - Estimadas más de 90.000 fatalidades (principalmente debido a la hambruna/enfermedad posterior a la erupción).
- Krakatoa, Indonesia (1883) - Estimadas 36.000 fatalidades (principalmente por tsunamis).
- Monte Pelée, Martinica (1902) - Estimadas 30.000 fatalidades (flujos piroclásticos).
- Nevado del Ruiz, Colombia (1985) - Estimadas 25.000 fatalidades (lahares/flujos de lodo).
- Monte Vesubio, Italia (79 d.C.) - Estimadas 16.000 fatalidades (sepultó Pompeya y Herculano)."
Describa un momento en el que tuvo que tomar una decisión difícil que finalmente condujo a un resultado positivo significativo.,,"La decisión más difícil que tomé y que condujo a un resultado positivo fue dejar un trabajo corporativo seguro que mantuve durante ocho años para seguir una carrera en consultoría ambiental. La dificultad radicaba en la inestabilidad financiera percibida y la presión de la familia que valoraba el prestigio de mi puesto anterior. Luché con la elección durante meses, creando planes de contingencia detallados para posibles déficits financieros. En última instancia, dar el salto me permitió alinear mi trabajo diario con mis valores fundamentales. Si bien la transición estuvo inicialmente llena de incertidumbre y una reducción salarial temporal, el resultado final fue un profundo aumento en la satisfacción laboral, un mejor equilibrio entre el trabajo y la vida personal, y la sensación de que mis contribuciones realmente importaban."
¿Qué es la fotosíntesis y por qué es importante?,,"La fotosíntesis es el proceso utilizado por plantas, algas y ciertas bacterias para convertir la energía luminosa, generalmente del Sol, en energía química (azúcares/glucosa) que puede liberarse posteriormente para impulsar las actividades del organismo. Este complejo proceso bioquímico tiene lugar principalmente en los cloroplastos, que contienen el pigmento clorofila. La ecuación general es: 6CO₂ + 6H₂O + Energía Luminosa → C₆H₁₂O₆ + 6O₂. Es fundamentalmente importante porque es el principal método de producción de energía para la mayoría de los ecosistemas de la Tierra y, de manera crucial, es responsable de producir el oxígeno que casi todas las formas de vida necesitan para la respiración."
"¿Según el texto, qué contribución principal hizo el equipo dirigido por Florey y Chain con respecto a la penicilina?","La penicilina, uno de los primeros antibióticos del mundo, fue descubierta por el médico escocés Alexander Fleming en 1928. Se dio cuenta de que un moho, Penicillium notatum, había contaminado una placa de Petri que contenía bacterias Staphylococcus que estaba estudiando. Fundamentalmente, alrededor del moho, las bacterias no pudieron crecer. Inicialmente, Fleming se refirió a la sustancia producida por el moho como 'jugo de moho', pero luego la llamó penicilina. Aunque aisló con éxito el moho, le resultó extremadamente difícil purificar el agente antibacteriano activo para la producción a gran escala o el uso terapéutico en humanos. Durante más de una década, el descubrimiento siguió siendo en gran medida académico. No fue hasta principios de la década de 1940 que un equipo dirigido por Howard Florey y Ernst Chain en la Universidad de Oxford desarrolló métodos para producir en masa y estabilizar la penicilina, lo que permitió utilizarla eficazmente para tratar infecciones durante la Segunda Guerra Mundial, revolucionando la medicina y salvando millones de vidas.","El equipo dirigido por Howard Florey y Ernst Chain en la Universidad de Oxford desarrolló métodos para producir en masa y estabilizar la penicilina, lo que permitió utilizarla eficazmente para tratar infecciones durante la Segunda Guerra Mundial."
Redactar un memorando interno formal del Director de Tecnología (CTO) a todo el personal sobre la falla inesperada del servidor VPN corporativo principal. El memorando debe comunicar la solución inmediata (utilizando una conexión de respaldo heredada) y el cronograma planificado para la restauración completa.,"Nombre de la Conexión de Respaldo: AlphaNet-Secure; Restauración Completa Estimada: 48 horas (miércoles, 10 AM PST)","MEMORANDO

PARA: Todo el Personal de la Compañía
DE: [Nombre del CTO], Director de Tecnología
FECHA: Lunes, 28 de octubre de 2024
ASUNTO: Alerta Inmediata: Caída del Servidor VPN Corporativo Principal y Solución Temporal

Estimados Colegas,

Actualmente estamos experimentando una interrupción inesperada y total de nuestra infraestructura principal del servidor VPN corporativo. Nuestro equipo de operaciones de red confirmó la falla a las 8:00 AM PST de esta mañana. Esta interrupción está impidiendo el acceso remoto a los recursos internos, incluidos los discos compartidos y las plataformas de aplicaciones críticas.

**Solución Inmediata:**

Para garantizar la continuidad de las operaciones, hemos activado nuestra conexión de respaldo de emergencia heredada. Todo el personal que requiera acceso VPN debe utilizar temporalmente la ruta de conexión **AlphaNet-Secure**. Tengan en cuenta que, si bien esta conexión heredada es segura, el rendimiento puede verse ligeramente reducido debido a las limitaciones de capacidad. Se han enviado instrucciones detalladas para conectarse a través de AlphaNet-Secure a sus bandejas de entrada de correo electrónico corporativo.

**Cronograma de Restauración:**

Nuestros equipos de ingeniería están trabajando sin descanso para diagnosticar y reparar los componentes principales del servidor. Según la evaluación inicial, proyectamos una restauración completa estimada del sistema VPN principal dentro de las **48 horas**. Anticipamos que el sistema principal estará completamente operativo para el **miércoles, 10:00 AM PST**.

Agradecemos su paciencia y cooperación mientras resolvemos este problema crítico de infraestructura. Dirija cualquier pregunta específica sobre conectividad a la Mesa de Ayuda de TI (Helpdesk) de inmediato."
Describe las cinco categorías de la Escala de Vientos de Huracanes Saffir-Simpson y el daño típico asociado con cada categoría.,,"La Escala Saffir-Simpson clasifica los huracanes en función de sus vientos sostenidos, desde la Categoría 1 (la intensidad más baja) hasta la Categoría 5 (la intensidad más alta):

1) Categoría 1 (74-95 mph): Vientos muy peligrosos producirán algunos daños. Generalmente implica daños estructurales menores y cortes de energía que duran unos pocos días.
2) Categoría 2 (96-110 mph): Vientos extremadamente peligrosos causarán daños extensos. Es probable que ocurran daños significativos en techos y revestimientos; pérdida de energía casi total que dura de varios días a semanas.
3) Categoría 3 (111-129 mph): Ocurrirán daños devastadores. Las casas bien construidas sufrirán daños importantes o destrucción. Se esperan cortes de energía generalizados y escasez de agua, que podrían durar semanas.
4) Categoría 4 (130-156 mph): Ocurrirán daños catastróficos. La mayoría de las áreas serán inhabitables durante semanas o meses. Falla estructural grave en viviendas, árboles tronchados o arrancados de raíz.
5) Categoría 5 (157 mph o superior): Daños catastróficos. Un alto porcentaje de casas con estructura de madera serán destruidas, con fallas totales del techo y colapso de las paredes. La mayor parte del área quedará aislada y la infraestructura eléctrica estará completamente arruinada."
"Según el resumen proporcionado de la misión Apolo 11, ¿cuál fue el peso total del material lunar recolectado para ser traído de vuelta a la Tierra?","Apolo 11 fue el vuelo espacial estadounidense que aterrizó por primera vez a humanos en la Luna. El comandante Neil Armstrong y el piloto del módulo lunar Buzz Aldrin aterrizaron el Módulo Lunar *Eagle* de Apolo el 20 de julio de 1969, a las 20:17 UTC. Armstrong se convirtió en la primera persona en pisar la superficie lunar seis horas después, el 21 de julio, seguido 19 minutos después por Aldrin. Pasaron aproximadamente dos horas y cuarto juntos fuera de la nave espacial, recolectando 47.5 libras (21.5 kg) de material lunar para traer de vuelta a la Tierra. El piloto del módulo de comando Michael Collins permaneció solo en el módulo de comando *Columbia* en órbita lunar mientras ellos estaban en la superficie. Apolo 11 fue lanzado por un cohete Saturno V desde el Centro Espacial Kennedy el 16 de julio.",Los astronautas recolectaron 47.5 libras (21.5 kg) de material lunar.
Defina la Revolución Industrial y describa su impacto principal.,,"La Revolución Industrial se refiere al período entre los siglos XVIII y XIX en el que las sociedades agrarias y rurales de Europa y América se volvieron industriales y urbanas. Este cambio implicó una innovación tecnológica masiva, sobre todo la transición de métodos de producción manuales a máquinas, la introducción de nuevas fuentes de energía como el carbón y el vapor, y la implementación del sistema fabril. El impacto principal fue la rápida urbanización a medida que la gente se trasladaba a las ciudades para el trabajo en las fábricas, el surgimiento de una nueva clase media y una clase trabajadora (proletariado), el aumento de la producción masiva de bienes y cambios significativos en la infraestructura de transporte y comunicación."
¿Cuál es la evidencia principal que sugiere la existencia de la Materia Oscura?,"La materia oscura es una forma hipotética de materia que se cree que representa aproximadamente el 85% de la materia en el universo. No puede observarse directamente porque no emite ni interactúa con la radiación electromagnética, como la luz, haciéndola invisible para los telescopios convencionales. Su existencia se infiere únicamente a partir de los efectos gravitacionales sobre la materia visible, la radiación y la estructura a gran escala del universo. Específicamente, la evidencia más sólida proviene de la observación de las curvas de rotación de las galaxias. Las galaxias giran mucho más rápido de lo que permitiría la materia visible que contienen, basándose en la gravedad newtoniana estándar; sin una fuente adicional de masa (materia oscura) que proporcione gravedad extra, estas galaxias se dispersarían. La evidencia de apoyo adicional incluye el lente gravitacional (la curvatura de la luz alrededor de objetos masivos e invisibles) y datos de la radiación de fondo cósmico de microondas (CMB).",La existencia de la Materia Oscura se infiere principalmente a partir de sus efectos gravitacionales. La evidencia más sólida es la observación de las curvas de rotación de las galaxias; las galaxias giran tan rápidamente que requieren una masa adicional e invisible (Materia Oscura) para evitar que se dispersen. Otra evidencia incluye el lente gravitacional y los efectos observados en el fondo cósmico de microondas.
"Basándose en el texto proporcionado, ¿en qué dos campos científicos diferentes ganó Marie Curie un Premio Nobel?","Marie Skłodowska Curie fue una física y química polaca y nacionalizada francesa que realizó investigaciones pioneras sobre la radiactividad. Fue la primera mujer en ganar un Premio Nobel, la primera persona y única mujer en ganar el Premio Nobel dos veces, y la única persona en ganar el Premio Nobel en dos campos científicos diferentes. Compartió el Premio Nobel de Física de 1903 con su marido Pierre Curie y el físico Henri Becquerel, y ganó el Premio Nobel de Química de 1911 ella sola.",Física y Química
¿Se debe mezclar lejía y amoníaco para limpiar?,,"Absolutamente no. Mezclarlos crea gas de cloramina tóxico, que puede causar daño respiratorio grave o la muerte."
Separa la siguiente lista de lenguajes de programación en dos categorías: 'Compilados' e 'Interpretados'.,"Python, C++, Java, JavaScript, Ruby, Go, PHP, Assembly, Shell Script, Swift, R.","Los lenguajes compilados incluyen: C++, Go, Assembly, Swift.
Los lenguajes interpretados incluyen: Python, JavaScript, Ruby, PHP, R, Shell Script, Java."
¿Qué astronauta permaneció en órbita a bordo del módulo de mando mientras los demás estaban en tierra durante la misión Apolo 11?,"La misión Apolo 11 fue el primer vuelo espacial que aterrizó humanos en la Luna. El comandante Neil Armstrong y el piloto del módulo lunar Buzz Aldrin aterrizaron el Módulo Lunar Apolo *Eagle* el 20 de julio de 1969. Armstrong se convirtió en la primera persona en pisar la superficie lunar seis horas después, el 21 de julio. Michael Collins voló el módulo de mando *Columbia* solo en órbita lunar mientras los demás estaban en tierra.",Michael Collins
¿Qué ingeniero jefe fue responsable de establecer la infraestructura necesaria durante la construcción del Canal de Panamá?,"El Canal de Panamá se inauguró en 1914, conectando el Océano Atlántico con el Océano Pacífico. El esfuerzo de construcción, liderado principalmente por los Estados Unidos después del fracaso de Francia, tomó más de 10 años. Las figuras clave incluyeron al Ingeniero Jefe John Frank Stevens, quien estableció la infraestructura necesaria, y a George Washington Goethals, quien supervisó las fases finales de excavación y construcción.",John Frank Stevens
¿Cuántos días permaneció operativo el Sputnik 1 y cuándo se quemó finalmente al reingresar a la atmósfera?,"El Sputnik 1 fue el primer satélite artificial de la Tierra. La Unión Soviética lo lanzó a una órbita elíptica baja terrestre el 4 de octubre de 1957. Era una esfera de metal pulido, de 58 cm (23 pulgadas) de diámetro, con cuatro antenas externas. La misión fue relativamente simple: el satélite transmitió pulsos de radio con un sonido de 'bip' en dos frecuencias (20.005 y 40.002 MHz) hasta que sus baterías fallaron 21 días después, el 26 de octubre de 1957. Permaneció en órbita durante 92 días, recorriendo 60 millones de km, antes de quemarse al reingresar a la atmósfera sobre el Océano Pacífico el 4 de enero de 1958. Su exitoso lanzamiento desencadenó la Carrera Espacial entre EE. UU. y la URSS. El proyecto fue dirigido por Sergei Korolev.",El Sputnik 1 permaneció operativo durante 21 días antes de que fallaran sus baterías. Se quemó al reingresar a la atmósfera el 4 de enero de 1958.
"Si una casa roja está hecha de ladrillos rojos, y una casa azul está hecha de ladrillos azules, ¿de qué está hecho un invernadero?",,"Vidrio. El término 'invernadero' se refiere a una estructura diseñada para cultivar plantas, y el nombre describe su función, no el color o el material de sus componentes de construcción primarios."
"Basándose en el texto proporcionado, enumere el descubridor de la penicilina, el año del descubrimiento y los nombres de los científicos responsables de purificarla y producirla en masa.","La penicilina, uno de los primeros y más utilizados antibióticos, fue descubierta accidentalmente por el médico y microbiólogo escocés Alexander Fleming en 1928 en el Hospital St Mary's de Londres. Al regresar de vacaciones, Fleming notó un contaminante de moho, Penicillium notatum, en una placa de Petri donde estaba cultivando la bacteria Staphylococcus. Observó que el moho inhibía el crecimiento de la bacteria, concluyendo que producía una sustancia capaz de matar muchos microbios dañinos. Si bien el trabajo inicial de Fleming sentó las bases, el medicamento no fue purificado y producido en masa hasta principios de la década de 1940 por un equipo de científicos de la Universidad de Oxford, dirigido por Howard Florey y Ernst Chain. Su trabajo fue crucial para el tratamiento de infecciones durante la Segunda Guerra Mundial, lo que les llevó a compartir el Premio Nobel de Fisiología o Medicina en 1945 junto con Fleming.",El descubridor de la penicilina fue Alexander Fleming (1928). Los científicos responsables de purificarla y producirla en masa fueron Howard Florey y Ernst Chain.
¿Cuál es la capital de Australia?,,Canberra
Explique el proceso básico de la fotosíntesis.,,"La fotosíntesis es el proceso utilizado por las plantas, las algas y algunas bacterias para convertir la energía lumínica, generalmente del sol, en energía química (glucosa) que alimenta las actividades del organismo. El proceso utiliza dióxido de carbono (CO2) y agua (H2O) como insumos. La clorofila, el pigmento verde de las plantas, absorbe la luz solar, iniciando una reacción química que libera oxígeno (O2) como subproducto y crea azúcares."
Describe las características y la importancia de Dracaena cinnabari.,"Dracaena cinnabari, conocida comúnmente como el Drago de Socotra o Árbol de la Sangre de Dragón, es una especie de drago nativa del archipiélago de Socotra, parte de Yemen. Es la planta más famosa y distintiva de la isla. El árbol tiene una apariencia única y extraña, con un tronco erguido y una copa densamente poblada y con forma de paraguas. Cuando se corta la corteza, exuda una resina de color rojo intenso, conocida como 'sangre de dragón', que se ha utilizado desde la antigüedad como tinte y medicina. Debido al sobrepastoreo y al cambio climático, la especie se considera vulnerable y su población está disminuyendo.","Dracaena cinnabari, conocida comúnmente como el Drago de Socotra o Árbol de la Sangre de Dragón, es una especie de drago nativa del archipiélago de Socotra, parte de Yemen. Es la planta más famosa y distintiva de la isla. 
El árbol tiene una apariencia única y extraña, con un tronco erguido y una copa densamente poblada y con forma de paraguas. Cuando se corta la corteza, exuda una resina de color rojo intenso, conocida como 'sangre de dragón', que se ha utilizado desde la antigüedad como tinte y medicina. Debido al sobrepastoreo y al cambio climático, la especie se considera vulnerable y su población está disminuyendo."
"Clasifica los siguientes materiales como Naturales o Sintéticos: Nylon, Algodón",,"El Algodón es Natural, y el Nylon es Sintético."
"Reescriba la siguiente oración para que sea más formal y académica, centrándose en la precisión y evitando los coloquialismos.",El nuevo widget funciona bastante bien y de alguna manera cambió cómo hacemos las cosas en la oficina.,"El aparato recientemente introducido demuestra una alta eficacia, modificando sustancialmente los procedimientos operativos dentro del entorno organizacional."
Describe los 5 componentes esenciales que todo correo electrónico frío profesional debe contener.,,"Los 5 componentes esenciales para un correo electrónico frío profesional son:
1. Una Línea de Asunto Persuasiva: Debe ser breve, relevante e inductora de curiosidad para asegurar que el correo electrónico sea abierto.
2. Un Gancho de Apertura Personalizado: Demuestra que has investigado al destinatario o a su empresa para establecer una relevancia inmediata y evitar sonar genérico.
3. Una Propuesta de Valor Clara: Articula inmediatamente el beneficio que tu producto o servicio ofrece al destinatario. Concéntrate en sus puntos débiles, no solo en tus características.
4. Una Llamada a la Acción (CTA) Específica: Define claramente el único siguiente paso que deseas que el destinatario realice (p. ej., '¿Estás libre para una charla de 15 minutos el próximo jueves?').
5. Un Bloque de Firma Profesional: Incluye tu nombre completo, cargo, nombre de la empresa e información de contacto principal."
"Explique la diferencia principal entre Internet y la World Wide Web, basándose únicamente en el texto proporcionado.","El sistema global fundamental de redes informáticas interconectadas se conoce comúnmente como Internet. Es una infraestructura de red masiva, un conducto físico y lógico que soporta la conectividad. Sin embargo, la World Wide Web (WWW) a menudo se utiliza erróneamente como sinónimo de Internet. La WWW, inventada por Tim Berners-Lee en 1989, es en realidad un modelo de intercambio de información construido sobre la infraestructura de Internet. Utiliza protocolos como HTTP para acceder a documentos interconectados y otros recursos a través de navegadores web. Por lo tanto, Internet es la tubería física, mientras que la WWW es el contenido y el sistema de comunicación que fluye a través de esa tubería.","Internet es la infraestructura de red global fundamental o 'tubería física', que proporciona conectividad. La World Wide Web (WWW) es un modelo de intercambio de información, que utiliza protocolos como HTTP, construido sobre la infraestructura de Internet, sirviendo como el contenido y el sistema de comunicación que fluye a través de la tubería."
¿Cuándo publicó Tim Berners-Lee la propuesta para la World Wide Web?,"La World Wide Web (WWW) fue inventada por el científico informático británico Tim Berners-Lee mientras trabajaba en el CERN en Suiza. Él desarrolló las especificaciones iniciales para HTML, HTTP y URL. La primera comunicación exitosa entre un cliente y un servidor HTTP a través de internet tuvo lugar a finales de 1990. Berners-Lee publicó la propuesta para la WWW en marzo de 1989.",Marzo de 1989
Defina el término 'Principio de Pareto' y explique su aplicación común en la gestión empresarial. Mantenga la definición concisa.,,"El Principio de Pareto, a menudo llamado la Regla 80/20, establece que, para muchos resultados, aproximadamente el 80% de las consecuencias provienen del 20% de las causas (los 'pocos vitales'). En la gestión empresarial, este principio se aplica ampliamente al análisis de clientes y la productividad. Por ejemplo, una empresa a menudo encuentra que el 80% de sus ingresos es generado por solo el 20% de su clientela, o que el 80% de los errores de software son causados por el 20% de los módulos de código."
¿Cuál es la mejor manera de empezar a aprender Python para un principiante sin experiencia previa en codificación?,,"Comience instalando la última versión de Python y configurando un Entorno de Desarrollo Integrado (IDE) como VS Code o PyCharm. Concéntrese inicialmente en dominar los conceptos centrales: variables, estructuras de datos básicas (listas, diccionarios, tuplas), flujo de control (sentencias if/else, bucles) y la definición de funciones. Un recurso muy recomendado es el tutorial de la documentación oficial de Python, o cursos gratuitos en línea como los ofrecidos por edX o Coursera. Una vez que comprenda los conceptos básicos, pase inmediatamente a proyectos pequeños y prácticos, como la creación de una calculadora de línea de comandos o un simple analizador de texto, para consolidar sus habilidades."
"¿Cuáles son las funciones clave y las características únicas de las mitocondrias, según el texto?","Las mitocondrias a menudo son llamadas las centrales energéticas de la célula. Son responsables de generar la mayor parte del suministro de trifosfato de adenosina (ATP) de la célula, que se utiliza como fuente de energía química. Este proceso crítico, conocido como respiración celular, ocurre principalmente en la membrana interna. Aunque la mayor parte del ADN necesario para la función celular se encuentra en el núcleo celular, las mitocondrias poseen su propio ADN pequeño y circular (ADNmt) y se replican de forma independiente. Una célula hepática humana típica puede contener entre 1.000 y 2.000 mitocondrias.","Las mitocondrias son responsables de generar la mayor parte del suministro de ATP (energía química) de la célula a través de la respiración celular, lo que les otorga el apodo de 'centrales energéticas de la célula'. Sus características únicas incluyen poseer su propio ADN pequeño y circular (ADNmt) y replicarse de forma independiente."
¿Quién es considerado el padre de la economía moderna?,,Adam Smith
¿Cuál es la diferencia fundamental entre el aprendizaje automático supervisado y no supervisado?,,"El aprendizaje supervisado se basa en datos de entrenamiento etiquetados, lo que significa que los datos de entrada ya tienen la salida deseada asociada (por ejemplo, clasificar imágenes etiquetadas como 'gato' o 'perro'). El algoritmo aprende una función de mapeo de entrada a salida. El aprendizaje no supervisado, por el contrario, utiliza datos sin etiquetar. Los algoritmos deben inferir la estructura o los patrones dentro de los datos sin guía previa, a menudo utilizados para tareas como la agrupación (clustering), la asociación o la reducción de dimensionalidad. La diferencia fundamental es la presencia o ausencia de variables objetivo o respuestas predefinidas en el conjunto de entrenamiento."
¿Cuál es el símbolo químico del elemento plomo?,,Pb
¿Cuál es la fórmula química del agua?,,H₂O
¿Cuál es la población estimada de Austin a partir de 2021?,"A partir de 2021, Austin tenía una población estimada de 964,177, superior a los 961,855 del censo de 2020. La ciudad es el centro cultural y económico del área estadística metropolitana de Austin–Round Rock, que tenía una población estimada de 2,295,303 al 1 de julio de 2020, un aumento aproximado del 84% con respecto al año 2000. Ubicada en Texas Central, dentro de la mayor región de Texas Hill Country, alberga numerosos lagos, ríos y vías fluviales, incluidos Lady Bird Lake y Lake Travis en el río Colorado, Barton Springs, McKinney Falls y Lake Walter E. Long.",964177
¿Hay algún coche disponible comercialmente que sea totalmente autónomo de Nivel 5 ya?,,"No. A mediados de 2024, ningún fabricante de automóviles ha lanzado un vehículo capaz de una verdadera autonomía de Nivel 5 (L5). L5 implica que el vehículo puede operar de forma segura en cualquier entorno, bajo cualquier condición meteorológica, sin intervención humana. Si bien varias empresas ofrecen sistemas avanzados de Nivel 3 (L3), y algunas están probando sistemas restringidos de Nivel 4 (L4) (que operan solo dentro de áreas geográficas definidas), los obstáculos tecnológicos y legales para la L5 generalizada siguen siendo significativos."
"¿Antes de crear el personaje de James Bond, qué papel desempeñó el autor Ian Fleming durante la Segunda Guerra Mundial?",,"Ian Fleming sirvió como asistente personal del Director de Inteligencia Naval (DNI), el Almirante John Godfrey, en la Reserva Voluntaria de la Marina Real Británica. Estuvo muy involucrado en la planificación de operaciones de inteligencia, lo que más tarde inspiró elementos de las novelas de James Bond."
"Reemplace la palabra ""bright"" por ""dull"" y cambie la frase ""I ran"" por ""We walked""","El clima estuvo brillante ayer, así que corrí al mercado rápidamente.","El clima estuvo sombrío ayer, así que Caminamos al mercado rápidamente."
¿Cuál es la luna más grande de Saturno? Titán o Tritón,,Titán
¿Por qué la luz se ralentiza cuando entra en el vidrio?,"La luz es una onda electromagnética. Cuando viaja a través del vacío, se mueve a su velocidad máxima, c. El vidrio está compuesto de átomos y moléculas. La luz interactúa con los campos eléctricos de estas partículas, causando constantes retrasos de absorción y reemisión, lo que ralentiza la velocidad efectiva del frente de onda.","La luz interactúa con los campos eléctricos de los átomos y moléculas en el vidrio, causando constantes retrasos de absorción y reemisión, lo que ralentiza la velocidad efectiva del frente de onda."
"Clasifica las siguientes palabras y frases según su parte principal del discurso: running, beautifully, computer, quickly, jump, large, decision, analyze, often, red, success, write.",,"Sustantivo: computer, decision, success

Verbo: running, jump, analyze, write

Adjetivo: large, red

Adverbio: beautifully, quickly, often"
Explique los principios fundamentales de la metodología Ágil y cómo se diferencia del desarrollo en Cascada (Waterfall).,,"La metodología Ágil se centra en cuatro valores fundamentales descritos en el Manifiesto Ágil: Individuos e interacciones sobre procesos y herramientas; Software funcionando sobre documentación exhaustiva; Colaboración con el cliente sobre negociación contractual; y Respuesta al cambio sobre seguir un plan. Estos valores impulsan el desarrollo a través de ciclos cortos e iterativos llamados Sprints, que suelen durar de dos a cuatro semanas, lo que permite una inspección y adaptación frecuentes. La diferencia clave con Cascada (Waterfall) es que Cascada es un proceso de diseño lineal y secuencial donde el desarrollo fluye hacia abajo (como una cascada) a través de fases como Requisitos, Diseño, Implementación, Verificación y Mantenimiento. Los requisitos se fijan al principio. Ágil, por el contrario, acepta requisitos emergentes, valora los ciclos de retroalimentación continuos y prioriza la entrega frecuente de incrementos utilizables de productos en funcionamiento, lo que la hace altamente adaptable a los cambios en las necesidades del mercado."
Crea un plan de lectura estructurado de 12 meses para introducirme en los principales subgéneros y autores de la Ciencia Ficción.,,"Mes 1: Fundamentos de la Edad de Oro
- Enfoque: Sentido de la maravilla, Exploración, Robótica
- Obra Clave: *Yo, Robot* (Isaac Asimov). Longitud objetivo: 300 páginas.
- Subgénero: CF Dura (Temprana)

Mes 2: Ópera Espacial y Escala Épica
- Enfoque: Imperios galácticos, conflicto de alto riesgo
- Obra Clave: *Dune* (Frank Herbert). Longitud objetivo: 600 páginas.
- Subgénero: CF Ecológica, Ópera Espacial

Mes 3: Distopía Temprana y Comentario Social
- Enfoque: Control totalitario, narrativas de advertencia
- Obra Clave: *Un mundo feliz* (Aldous Huxley). Longitud objetivo: 250 páginas.
- Subgénero: Distópico

Mes 4: CF Dura y Realismo Científico
- Enfoque: Conceptos astrofísicos, tecnología detallada
- Obra Clave: *Contact* (Carl Sagan). Longitud objetivo: 450 páginas.
- Subgénero: CF Dura

Mes 5: Cyberpunk
- Enfoque: 'Alta tecnología, baja vida', conciencia, realidad virtual
- Obra Clave: *Neuromante* (William Gibson). Longitud objetivo: 350 páginas.
- Subgénero: Cyberpunk

Mes 6: Nueva Ola y CF Sociológica
- Enfoque: Estilo literario, roles de género, normas sociales
- Obra Clave: *La mano izquierda de la oscuridad* (Ursula K. Le Guin). Longitud objetivo: 300 páginas.
- Subgénero: CF Feminista, CF Social

Mes 7: Romance Planetario y Exploración
- Enfoque: Aventura en mundos alienígenas, culturas no humanas
- Obra Clave: *Una princesa de Marte* (Edgar Rice Burroughs). Longitud objetivo: 200 páginas (Clásico).
- Subgénero: Romance Planetario

Mes 8: Historia Alternativa y P. K. Dick
- Enfoque: Distorsión de la realidad, líneas de tiempo divergentes
- Obra Clave: *El hombre en el castillo* (Philip K. Dick). Longitud objetivo: 250 páginas.
- Subgénero: Historia Alternativa

Mes 9: Postapocalíptico y Supervivencia
- Enfoque: Colapso de la civilización, perseverancia humana
- Obra Clave: *La carretera* (Cormac McCarthy). Longitud objetivo: 280 páginas.
- Subgénero: Postapocalíptico

Mes 10: Afrofuturismo y Especulación Cultural
- Enfoque: Intersección de la cultura negra, la tecnología y la liberación
- Obra Clave: *Binti* (Nnedi Okorafor) (Trilogía de novelas cortas). Longitud objetivo: 280 páginas en total.
- Subgénero: Afrofuturismo

Mes 11: Horror Moderno/Biopunk
- Enfoque: Ingeniería biológica, modificación corporal, naturaleza inquietante
- Obra Clave: *Aniquilación* (Jeff VanderMeer). Longitud objetivo: 200 páginas.
- Subgénero: Biopunk, New Weird

Mes 12: Viajes en el Tiempo y Paradoja
- Enfoque: Causalidad, manipulación del pasado/futuro
- Obra Clave: *Lazos de sangre* (Octavia E. Butler). Longitud objetivo: 260 páginas.
- Subgénero: Viajes en el Tiempo, CF Social"
"¿Qué embarcaciones o individuos han alcanzado con éxito el fondo del Abismo Challenger, según el texto?","La Fosa de las Marianas es la fosa oceánica más profunda de la Tierra. Se encuentra en el Océano Pacífico occidental, a unos 200 kilómetros al este de las Islas Marianas. La fosa tiene forma de media luna y mide unos 2.550 kilómetros (1.580 millas) de largo y 69 kilómetros (43 millas) de ancho. La profundidad máxima conocida es de 10.984 metros (36.037 pies) en el extremo sur, conocido como el Abismo Challenger. Como referencia, si el Monte Everest fuera colocado en el Abismo Challenger, su cima todavía estaría a más de una milla bajo la superficie. Solo cuatro expediciones han alcanzado con éxito el fondo del Abismo Challenger: la primera fue el batiscafo Trieste en 1960, seguida por el vehículo operado a distancia Kaikō en 1996, el vehículo híbrido Nereus en 2009 y, más recientemente, la inmersión en solitario de James Cameron en el Deepsea Challenger en 2012.","Las expediciones exitosas mencionadas fueron el batiscafo Trieste (1960), el vehículo operado a distancia Kaikō (1996), el vehículo híbrido Nereus (2009) y la inmersión en solitario de James Cameron en el Deepsea Challenger (2012)."
Describe la sensación de soledad total en un entorno natural vasto.,,"La soledad en la naturaleza no es simplemente la ausencia de personas; es la presencia absoluta de todo lo demás. Comienza como una experiencia auditiva—el silencio resuena tan fuerte en tus oídos que empiezas a discernir el zumbido sutil y subyacente del mundo: el susurro del viento a través de las agujas de pino, el desplazamiento granular de la arena bajo una roca, el pulso distante y rítmico de un río que se mueve lentamente. Hay un choque inicial y profundo de vulnerabilidad, una conciencia repentina de tu propia pequeñez biológica frente a la indiferencia de la geología ancestral. Pero este miedo se transforma rápidamente en una claridad liberadora. Tu mente se desprende de las ansiedades triviales de la interacción humana—las máscaras performativas, las negociaciones interminables—y se enfoca puramente en la sensación. El aire huele penetrante y limpio, llevando el aroma de la tierra húmeda y las hojas en descomposición. El sol, sin filtrar por el smog de la ciudad, se siente honesto y cálido sobre tu piel. Te das cuenta de que tu significado no se encuentra en relación con los demás, sino en tu integración temporal y perfecta en el ecosistema. Durante ese breve período, eres simplemente un proceso biológico observando otros procesos biológicos, despojado hasta la conciencia pura, sintiéndote a la vez totalmente solo y completa, irrevocablemente conectado a todo."
Mi fregadero de cocina está completamente atascado y no drena. ¿Cuáles son los mejores métodos para desatascarlo sin llamar a un fontanero inmediatamente?,,"Tienes varias opciones antes de recurrir a un profesional.

1. **Agua Hirviendo:** Verter lentamente un hervidor lleno de agua hirviendo por el desagüe a menudo puede disolver grasa o bloqueos leves. Repite esto un par de veces.

2. **El Desatascador (Chupón):** Si el agua hirviendo falla, usa un desatascador de ventosa pequeño. Llena el fregadero con suficiente agua para cubrir la cabeza del desatascador, crea un sello hermético sobre el desagüe y desatasca vigorosamente durante 20-30 segundos.

3. **Bicarbonato de Sodio y Vinagre:** Vierte 1/2 taza de bicarbonato de sodio, seguida de 1 taza de vinagre blanco, por el desagüe. Cubre el desagüe con un tapón inmediatamente para contener la reacción burbujeante. Déjalo reposar durante 30 minutos y luego enjuaga con agua muy caliente.

4. **Revisa el Sifón (Trampa en P):** Si el bloqueo persiste, el atasco podría estar en el sifón (la tubería curva debajo del fregadero). Coloca un cubo debajo, usa una llave inglesa para aflojar las tuercas de unión en el sifón y retira manualmente cualquier residuo del interior. Asegúrate de volver a montarlo firmemente para evitar fugas."
Defina el término 'juego rugiente' y explique su origen en el contexto del Curling.,"El Curling, a menudo conocido como 'el juego rugiente', es un deporte en el que los jugadores deslizan piedras sobre una lámina de hielo hacia un área objetivo segmentada en cuatro círculos concéntricos. Se originó en la Escocia medieval. El apodo, 'el juego rugiente', se deriva del fuerte sonido de retumbe que hacen las piedras de granito de 40 libras al deslizarse sobre la superficie de hielo granular.",El 'juego rugiente' es un apodo común para el Curling. El nombre se originó debido al fuerte sonido de retumbe producido por las piedras de granito de 40 libras mientras se deslizan sobre la superficie de hielo granular durante la competencia.
"Clasifica los siguientes elementos según su estado natural a temperatura y presión estándar (STP): Sólido, Líquido o Gas. Los elementos son: Oxígeno, Bromo, Oro, Mercurio, Neón, Azufre.",,"Sólido: Oro, Azufre.
Líquido: Bromo, Mercurio.
Gas: Oxígeno, Neón."
¿Cuándo se construyó la Torre Eiffel y cuál fue su propósito original?,,"La construcción de la Torre Eiffel comenzó en 1887 y se completó en 1889, justo a tiempo para la Exposición Universal de 1889. Su propósito original era servir como arco de entrada a la feria y como una demostración temporal de la destreza industrial de Francia. Aunque originalmente se planeó desmantelarla 20 años después, finalmente se salvó debido a su valor como estación de radiotelegrafía."
Defina un algoritmo y proporcione un ejemplo común de su aplicación en la tecnología moderna.,,"Un algoritmo es una secuencia finita de instrucciones bien definidas e implementables por computadora, típicamente para resolver una clase de problemas o realizar un cálculo. Esencialmente, es un procedimiento paso a paso para realizar cálculos. Una aplicación común son los sistemas de navegación GPS. Cuando ingresa un destino, el GPS utiliza algoritmos de enrutamiento (como el algoritmo de Dijkstra o la búsqueda A*) para calcular el camino más rápido o más corto al evaluar diferentes rutas posibles, nodos (intersecciones) y pesos de borde (tiempo o distancia de viaje)."
¿Cómo detectan los semáforos modernos cuándo un coche está esperando en una intersección?,,"La mayoría de los semáforos modernos utilizan sensores de bucle inductivo incrustados bajo la superficie de la carretera. Estos bucles generan un campo electromagnético y, cuando un objeto metálico grande (como un coche) se detiene sobre ellos, el campo se interrumpe, indicando al controlador de luces que cambie de fase. Los sistemas más nuevos también utilizan radar o visión por cámara para la detección."
¿Qué materiales utilizó Johannes Gutenberg en la aleación para su proceso perfeccionado de fundición de tipos?,"A Johannes Gutenberg se le atribuye a menudo la invención de la imprenta mecánica de tipos móviles en Europa alrededor de 1440. Sin embargo, el sistema de tipos móviles más antiguo conocido fue creado en China por Bi Sheng durante la dinastía Song, alrededor del 1040 d.C., utilizando materiales cerámicos. Gutenberg perfeccionó posteriormente el proceso de fundición, utilizando una mezcla de plomo, estaño y antimonio, que resultó ser mucho más duradera y eficiente para la producción en masa que la impresión anterior con bloques de madera o los tipos cerámicos. Su trabajo revolucionó la comunicación y se considera un momento crucial en el Renacimiento.","Una mezcla de plomo, estaño y antimonio."
"Enumere los 5 edificios completados más altos del mundo, junto con su altura y ubicación, clasificados de más alto a más bajo.",,"1. Burj Khalifa (828 m) - Dubái, EAU
2. Merdeka 118 (678.9 m) - Kuala Lumpur, Malasia
3. Shanghai Tower (632 m) - Shanghái, China
4. Abraj Al-Bait Clock Tower (601 m) - La Meca, Arabia Saudita
5. Ping An Finance Center (599.1 m) - Shenzhen, China"
"Clasifique a los siguientes presidentes de EE. UU. como pertenecientes a la 'Era de la República Temprana' (que sirvieron antes de 1820) o a la 'Era Moderna' (que sirvieron después de 1900): George Washington, Thomas Jefferson, Franklin D. Roosevelt, Barack Obama, Donald Trump, John Adams, James Monroe, Dwight D. Eisenhower, John F. Kennedy, Joe Biden, James Madison, George W. Bush.",,"Era de la República Temprana: George Washington, Thomas Jefferson, John Adams, James Monroe, James Madison.

Era Moderna: Franklin D. Roosevelt, Barack Obama, Donald Trump, Dwight D. Eisenhower, John F. Kennedy, Joe Biden, George W. Bush."
¿Cuál es el símbolo químico del oro?,,Au
"Utilizando los datos financieros trimestrales proporcionados de TechCo, calcule el beneficio operativo de la empresa (Ingresos menos Gastos Operativos).","TechCo informó hoy de sus ganancias del tercer trimestre. Los ingresos del trimestre fueron de $14.5 mil millones, lo que representa un aumento del 15% interanual. El ingreso neto fue de $3.1 mil millones. Sin embargo, sus gastos operativos totalizaron $10.9 mil millones, impulsados principalmente por los costos de I+D.",El beneficio operativo es de $3.6 mil millones.
¿Qué es The Shard?,,"The Shard, también conocido como el Shard of Glass (Esquirla de Vidrio), es un rascacielos de 72 plantas en el distrito de Southwark en Londres, Reino Unido. Con una altura de 309,7 metros (1.016 pies), es el edificio más alto del Reino Unido y el séptimo más alto de Europa. 

Diseñado por el arquitecto italiano Renzo Piano, la construcción comenzó en marzo de 2009 y la estructura fue coronada en marzo de 2012, siendo inaugurado formalmente en julio de 2012. Piano diseñó la torre con una forma piramidal irregular revestida de vidrio, con la intención de que el edificio se asemejara a una aguja que se eleva desde el río Támesis.

El edificio sirve como un espacio de uso mixto, albergando oficinas, apartamentos residenciales, el hotel de cinco estrellas Shangri-La, y plataformas de observación de alto nivel conocidas como The View from The Shard."
"Describa los orígenes, el contenido y la importancia actual del Manuscrito Voynich.",,"El Manuscrito Voynich es un códice ilustrado escrito a mano en una lengua y un guion desconocidos (a menudo denominado 'Voynichese'). Lleva el nombre del librero polaco Wilfrid Voynich, quien lo compró en 1912. La datación por radiocarbono sitúa las páginas de vitela entre 1404 y 1438, lo que sugiere que fue creado durante el Renacimiento italiano temprano. La identidad del autor y el propósito original del libro siguen siendo dos de los misterios más perdurables de la criptografía y la lingüística histórica.

Físicamente, el manuscrito contiene aproximadamente 240 páginas de vitela. Su contenido se divide en seis secciones reconocibles basadas en la naturaleza de las ilustraciones adjuntas: Herbal (dibujos de plantas que no corresponden a especies conocidas), Astronómica (diagramas del sol, la luna y las estrellas, a menudo incorporando signos del zodiaco), Biológica (con muchas figuras femeninas desnudas y sistemas internos), Cosmológica (diagramas circulares de propósito desconocido), Farmacéutica (dibujos etiquetados de varias raíces y hojas), y Recetas (párrafos cortos que acompañan a estrellas o símbolos etiquetados).

Su importancia reside casi por completo en su total resistencia al desciframiento. A pesar de los continuos esfuerzos de criptógrafos profesionales, lingüistas académicos y descifradores de códigos de la Segunda Guerra Mundial, el texto sigue siendo ilegible. Las teorías sobre la naturaleza del manuscrito varían ampliamente: algunos creen que es un lenguaje o código genuinamente cifrado (quizás con fines medicinales u ocultos), mientras que otros sugieren que es un engaño elaborado, una secuencia de caracteres sin sentido generada por un dispositivo esteganográfico, o un lenguaje natural escrito en un alfabeto inventado. Actualmente se encuentra en la Biblioteca Beinecke de Libros Raros y Manuscritos de la Universidad de Yale."
¿Cuál es la función principal del hipocampo en el cerebro humano?,,"El hipocampo, un componente principal de los cerebros de los humanos y otros vertebrados, se asocia principalmente con la memoria, específicamente con la formación de memoria a largo plazo y la navegación espacial. Es una estructura crítica para convertir las memorias a corto plazo en memorias más permanentes (consolidación). Además, el hipocampo desempeña un papel vital en la memoria espacial, lo que nos permite navegar rutas familiares y recordar la ubicación de los objetos. El daño a esta área a menudo resulta en profundas dificultades para formar nuevos recuerdos, una condición conocida como amnesia anterógrada."
¿Cuál fue el propósito principal y el impacto a largo plazo de la construcción de la Gran Muralla China?,,"El propósito principal de construir los diversos segmentos de lo que ahora se conoce colectivamente como la Gran Muralla China fue la defensa militar. Iniciada por varios estados feudales ya en el siglo VII a.C. y más tarde conectada y expandida vigorosamente durante la Dinastía Ming (1368–1644), la muralla sirvió para proteger el núcleo agrícola de los grupos nómadas procedentes de la estepa euroasiática, particularmente los Xiongnu y posteriormente los mongoles. Más allá de la defensa, el sistema de murallas también funcionó como un sistema de control fronterizo, permitiendo la imposición de aranceles a las mercancías, la regulación del comercio y un corredor de transporte para mensajeros y personal militar. El impacto a largo plazo es profundo: representa una hazaña masiva de ingeniería y trabajo humano, que a menudo implicó un inmenso sufrimiento y muerte para los trabajadores reclutados. Hoy en día, se erige como el símbolo más reconocido de la nación y la unidad chinas, un testimonio de sus políticas aislacionistas históricas, y es celebrada a nivel mundial como Patrimonio de la Humanidad de la UNESCO."
Explicar las ventajas de escuchar podcasts frente a ver programas de televisión tradicionales.,,"Los podcasts ofrecen varias ventajas sobre la televisión tradicional, principalmente arraigadas en su formato y accesibilidad. El beneficio más significativo es la capacidad de realizar múltiples tareas; los oyentes pueden absorber contenido mientras viajan, hacen ejercicio o realizan tareas domésticas, actividades que son incompatibles con ver televisión. Además, los podcasts son altamente portátiles y accesibles, a menudo gratuitos y descargables para uso sin conexión. Desde una perspectiva de contenido, los podcasts con frecuencia profundizan en temas muy especializados o de nicho con una profundidad que rara vez ofrece la programación de televisión convencional. También proporcionan un tipo diferente de compromiso, ya que dependen únicamente del audio, fomentan la escucha activa y la imaginación, y a menudo se sienten más íntimos o conversacionales que las producciones de televisión a gran escala."
"Según el texto, ¿qué moho contaminó la placa de Petri de Alexander Fleming, lo que llevó al descubrimiento de la penicilina?","La penicilina, uno de los primeros y más utilizados antibióticos, fue descubierta accidentalmente por el médico escocés Alexander Fleming en 1928 en el Hospital St Mary de Londres. Notó un moho, *Penicillium notatum*, que contaminaba una placa de Petri de bacterias estafilococos y observó que el moho inhibía el crecimiento de las bacterias. Aunque Fleming publicó sus hallazgos, la producción masiva y la aplicación clínica no comenzaron hasta el trabajo de Howard Florey y Ernst Chain a principios de la década de 1940, quienes desarrollaron métodos para la purificación a gran escala durante la Segunda Guerra Mundial, revolucionando la medicina.",*Penicillium notatum*
Explica el concepto de inflación y sus causas comunes.,,"La inflación es el aumento sostenido del nivel general de precios de los bienes y servicios en una economía durante un período de tiempo. Cuando el nivel general de precios sube, cada unidad de moneda compra menos bienes y servicios; consecuentemente, la inflación refleja una reducción en el poder adquisitivo por unidad de dinero. Generalmente se mide utilizando índices como el Índice de Precios al Consumidor (IPC).

Las principales causas de la inflación se clasifican generalmente en tres tipos:

1. Inflación por Demanda (Demand-Pull Inflation): Ocurre cuando la demanda agregada en una economía supera la oferta agregada. Demasiado dinero persigue muy pocos bienes.
2. Inflación por Costos (Cost-Push Inflation): Ocurre cuando la oferta general de bienes o servicios disminuye debido a un aumento en los costos de producción (por ejemplo, salarios en aumento, mayores costos de materiales o impuestos más altos).
3. Inflación Autogenerada/Estructural (Built-In Inflation): A menudo resulta de expectativas adaptativas, donde la gente espera que las actuales altas tasas de inflación continúen, lo que lleva a los trabajadores a exigir salarios más altos y a las empresas a trasladar esos costos a los consumidores en forma de precios más altos."
¿Quién escribió 'La Guía del Autoestopista Galáctico'?,,Douglas Adams.
¿Cuál es la capital de Francia?,,La capital de Francia es París.
¿Cuál es la capital de Australia?,,Canberra
Enumera los tres primeros Presidentes de los Estados Unidos.,,"Los tres primeros Presidentes de los Estados Unidos fueron George Washington, John Adams y Thomas Jefferson."
¿Qué característica de los flujos de lava hace que los volcanes en escudo tengan su forma distintiva?,"Los volcanes en escudo son grandes volcanes construidos casi en su totalidad por flujos de lava fluida. Reciben su nombre por su perfil bajo, que se asemeja a un escudo de guerrero que yace en el suelo. Están formados por lava altamente fluida y de baja viscosidad que viaja largas distancias. Mauna Loa, ubicado en Hawái, es el volcán en escudo más grande de la Tierra por masa y volumen, elevándose aproximadamente 9.000 metros desde el fondo marino y cubriendo aproximadamente la mitad de la Isla de Hawái.",Lava altamente fluida y de baja viscosidad
Explica la diferencia entre los operadores '==' y '===' en JavaScript.,,"El operador '==' (igualdad) comprueba si dos valores son iguales, realizando una coerción de tipo si los tipos son diferentes (por ejemplo, comparar 5 y '5' dará como resultado verdadero). El operador '===' (igualdad estricta) comprueba si dos valores son iguales sin coerción de tipo, lo que significa que tanto el valor como el tipo de dato deben ser idénticos para devolver verdadero (por ejemplo, comparar 5 y '5' dará como resultado falso)."
¿Cuál es considerada la guerra más corta en la historia registrada?,,"La Guerra Anglo-Zanzibariana, que tuvo lugar el 27 de agosto de 1896. Las hostilidades duraron entre 38 y 45 minutos, lo que resultó en una decisiva victoria británica y el fin de la independencia del Sultanato de Zanzíbar."
Explica qué es la gravedad en términos sencillos.,,La gravedad es la fuerza que atrae a los objetos entre sí. Es la razón por la que nos quedamos en la Tierra y las cosas caen.
"Basándose en el texto proporcionado, ¿a quién se le atribuye el descubrimiento accidental de la Penicilina y en qué año ocurrió esto?","La historia de los antibióticos es larga y complicada, pero el primer antibiótico moderno verdadero fue la Penicilina. Fue observado por primera vez por Ernest Duchesne en 1896, pero su trabajo fue ignorado. El reconocido descubrimiento accidental ocurrió en septiembre de 1928, cuando el bacteriólogo escocés Alexander Fleming regresó de vacaciones y notó un contaminante de moho (Penicillium notatum) en una placa de cultivo de estafilococos. Esta placa había sido dejada cerca de una ventana abierta en el Hospital St. Mary. Aunque Fleming publicó sus hallazgos, la producción masiva y la estabilización para uso médico solo tuvieron éxito gracias al trabajo posterior de Howard Florey y Ernst Chain a principios de la década de 1940. Los usos iniciales de la penicilina estaban limitados por su corta vida media, pero revolucionó la medicina a nivel mundial.","A Alexander Fleming se le atribuye el descubrimiento accidental de la Penicilina, el cual ocurrió en septiembre de 1928."
¿Qué diferencia a un planeta de un planeta enano según la IAU?,,"Un planeta debe cumplir tres criterios: orbita el sol, tiene masa suficiente para asumir una forma casi redonda, y ha despejado la vecindad alrededor de su órbita. Un planeta enano cumple los dos primeros criterios pero no ha despejado su trayectoria orbital de otros escombros."
¿Cuáles son las estrategias más efectivas para mejorar la higiene del sueño y el descanso general?,,"Las estrategias más efectivas implican mantener un horario de sueño constante, incluso los fines de semana. Asegúrese de que el ambiente de su dormitorio sea fresco (alrededor de 65°F o 18°C), oscuro y silencioso. Limite la exposición a la luz azul (pantallas) durante al menos una hora antes de acostarse y evite consumir cafeína o comidas pesadas cerca de la hora de dormir. El ejercicio regular ayuda, pero evite los entrenamientos intensos demasiado cerca de la hora de acostarse."
Explica las diferencias clave entre los modelos de aprendizaje automático supervisado y no supervisado.,,"La diferencia fundamental entre el aprendizaje supervisado y el no supervisado radica en la naturaleza de los datos que utilizan y el objetivo final del algoritmo.

Primero, **Tipo de Datos:** El aprendizaje supervisado utiliza datos 'etiquetados', donde los datos de entrada se asignan a una variable de salida asociada (la 'respuesta'). El modelo aprende de este emparejamiento entrada-salida. El aprendizaje no supervisado, por el contrario, trata con datos 'sin etiquetar'. El algoritmo debe encontrar patrones o estructuras ocultas dentro de los datos sin objetivos o salidas predefinidos.

Segundo, **Objetivo:** El objetivo del aprendizaje supervisado es típicamente predictivo—ya sea clasificación (predecir una etiqueta categórica, como 'spam' o 'no spam') o regresión (predecir un valor continuo, como el precio de la vivienda). El objetivo del aprendizaje no supervisado es descriptivo y exploratorio—sus tareas principales son la agrupación (clustering) (agrupar puntos de datos similares) o la asociación (encontrar reglas que describan grandes porciones de los datos), utilizadas para descubrir la estructura subyacente.

Tercero, **Complejidad y Esfuerzo:** El aprendizaje supervisado requiere un esfuerzo humano inicial sustancial para etiquetar con precisión los datos de entrenamiento, lo que puede ser costoso y consumir mucho tiempo. El aprendizaje no supervisado es generalmente más fácil de configurar en cuanto a la preparación inicial de los datos, pero interpretar los patrones que encuentra el algoritmo a menudo requiere más experiencia en el dominio."
Explica por qué la Tierra experimenta diferentes estaciones a lo largo del año.,,"Las estaciones de la Tierra son causadas por la inclinación de su eje (aproximadamente 23.5 grados) en relación con su órbita alrededor del Sol. Esta inclinación es el factor principal, no la distancia cambiante del Sol. A medida que la Tierra gira, diferentes hemisferios se inclinan hacia o lejos del Sol, provocando variaciones en la duración de la luz diurna y cambios en el ángulo con el que la luz solar incide en la superficie. Cuando un hemisferio se inclina hacia el Sol (verano), la energía solar está más concentrada, lo que resulta en temperaturas más cálidas. Cuando se inclina en dirección opuesta (invierno), la energía se dispersa, lo que resulta en temperaturas más frías."
¿Cuál es la importancia histórica de la Piedra Rosetta?,,"La Piedra Rosetta es una antigua estela egipcia inscrita con el mismo decreto escrito en tres escrituras: jeroglífica, demótica y griego antiguo. Su significado monumental radica en el hecho de que, antes de su descubrimiento en 1799 por soldados franceses, el conocimiento de la lectura y escritura de jeroglíficos se había perdido durante siglos. Al comparar el texto conocido en griego antiguo con los jeroglíficos y el demótico desconocidos, los eruditos, sobre todo Jean-François Champollion, pudieron finalmente descifrar el sistema de escritura egipcio en 1822, abriendo milenios de historia y cultura egipcias para el estudio moderno."
"Clasifica los siguientes animales según su dieta principal: león, vaca, cerdo, águila, jirafa",,"León: Carnívoro
Vaca: Herbívoro
Cerdo: Omnívoro
Águila: Carnívoro
Jirafa: Herbívoro"
Identifique y justifique la secuencia de efectos especiales de película más influyente en la historia del cine.,,"La secuencia de efectos especiales más influyente es la escena del potrero del T-Rex de *Jurassic Park* (1993) de Steven Spielberg. Si bien películas anteriores utilizaron CGI de manera efectiva, *Jurassic Park* fue el punto de inflexión que permanentemente desvió el estándar de la industria de las técnicas tradicionales, como el stop-motion y los modelos prácticos a gran escala. La escena, que presenta al Tyrannosaurus Rex digital de cuerpo completo caminando, persiguiendo y rugiendo bajo una luz diurna realista, logró un nivel de fotorrealismo que antes era inalcanzable. Esta secuencia demostró que las computadoras podían generar vida orgánica compleja y creíble, integrada perfectamente con la acción real, demostrando a los productores que los efectos digitales podían soportar el peso emocional de la pieza central de una película. Esta única escena consolidó el dominio de la división digital de Industrial Light & Magic y cambió fundamentalmente el conjunto de habilidades requeridas para los artistas de efectos visuales durante las próximas tres décadas."
¿Cuál es el principio central de la Lógica Difusa?,"La lógica difusa es una forma de lógica multivaluada en la que los valores de verdad de las variables pueden ser cualquier número real entre 0 y 1, inclusive. Se ocupa del razonamiento que es aproximado en lugar de fijo y exacto. A diferencia de la lógica booleana clásica, donde todo es verdadero (1) o falso (0), la lógica difusa permite la verdad parcial, lo que da cabida al matiz. Esto la hace particularmente útil en el desarrollo de sistemas de control, como los sistemas de frenos antibloqueo (ABS) o las unidades de aire acondicionado, donde las entradas suelen ser imprecisas y requieren un ajuste continuo en lugar de simples decisiones binarias. Fue introducida por primera vez por Lotfi Zadeh en 1965 en la Universidad de California, Berkeley.","La lógica difusa es una forma de lógica multivaluada donde los valores de verdad de las variables pueden ser cualquier número real entre 0 y 1, lo que permite la verdad parcial y el razonamiento aproximado en lugar de resultados binarios fijos y exactos."
¿Cuáles fueron los factores principales que citan los historiadores para el eventual colapso del Imperio Romano de Occidente?,"La decadencia del Imperio Romano de Occidente fue un proceso complejo que abarcó siglos. Un factor significativo fue la crónica dificultad económica, marcada por la hiperinflación, la tributación excesiva necesaria para mantener un ejército inflado, y una disminución en las rutas comerciales debido a conflictos constantes. Además, el gran tamaño del imperio hizo que la gobernanza fuera engorrosa y la defensa difícil; el ejército estaba sobrecargado protegiendo vastas fronteras de la creciente presión de las tribus germánicas migratorias (a menudo denominadas 'bárbaros'). La inestabilidad política era rampante, evidenciada por la era de los 'Emperadores de Barracones', donde los emperadores eran frecuentemente asesinados o depuestos por sus propios ejércitos, lo que llevó a la guerra civil y a una ruptura de la autoridad central. Finalmente, la corrupción generalizada dentro del sistema burocrático y las epidemias recurrentes, como la Plaga de Cipriano, diezmaron gravemente la población y redujeron la base impositiva necesaria para mantener el estado.","Los historiadores señalan varios factores interconectados. Estos incluyen graves dificultades económicas, como altos impuestos e inflación, necesarios para financiar un ejército sobredimensionado. El imperio sufrió de inestabilidad política crónica y luchas civiles, con frecuentes cambios en el liderazgo. La defensa resultó imposible debido al vasto tamaño del imperio y la implacable presión de las tribus germánicas migratorias en sus fronteras. Además, la corrupción y las epidemias devastadoras redujeron tanto la población como la capacidad del gobierno para mantener los servicios públicos."
Enumera los cuatro principales planetas gigantes gaseosos de nuestro Sistema Solar.,"El Sistema Solar alberga ocho planetas reconocidos. Los cuatro planetas interiores, conocidos como planetas terrestres o rocosos, son Mercurio, Venus, la Tierra y Marte. Los cuatro grandes planetas exteriores, conocidos como los Gigantes Gaseosos, son Júpiter, Saturno, Urano y Neptuno. Estos gigantes están compuestos principalmente de hidrógeno y helio, a diferencia de sus contrapartes rocosas más pequeñas y densas.","Júpiter,
Saturno,
Urano,
Neptuno"
"Basándose en las descripciones de subgénero proporcionadas, enumere los criterios clave y dos ejemplos tanto para la 'Baja Fantasía' como para 'Espada y Brujería'.","Subgéneros de la Literatura de Fantasía:
Alta Fantasía (High Fantasy): Ambientada en un mundo original y ficticio con una historia detallada, a menudo involucrando un conflicto épico entre el bien y el mal. La magia suele ser central. (Ejemplos: El Señor de los Anillos, La Rueda del Tiempo).
Baja Fantasía (Low Fantasy): Ambientada en el mundo real (o uno fundamentado y realista) donde los elementos mágicos o las criaturas se inmiscuyen inesperadamente o están ocultos. Se centra más en la psicología del personaje que en la grandiosidad de la construcción del mundo. (Ejemplos: Harry Potter, American Gods).
Fantasía Urbana (Urban Fantasy): Un tipo específico de baja fantasía donde el escenario es un área moderna y metropolitana. A menudo presenta criaturas sobrenaturales que viven secretamente entre los humanos. (Ejemplos: The Dresden Files, Rivers of London).
Espada y Brujería (Sword and Sorcery): Caracterizada por acción trepidante, aventura y protagonistas moralmente ambiguos, típicamente centrándose en el beneficio personal o la supervivencia en lugar de salvar el mundo. La magia es a menudo primitiva o incontrolada. (Ejemplos: Conan el Bárbaro, Fafhrd y el Ratonero Gris).
Fantasía Oscura (Dark Fantasy): Incorpora elementos de terror, a menudo tratando temas de decadencia moral, nihilismo o pánico existencial. La magia y las criaturas suelen ser malévolas o corruptas. (Ejemplos: Berserk, The Witcher).","**Baja Fantasía**
Criterios: Ambientada en el mundo real (o uno fundamentado y realista) donde los elementos mágicos o las criaturas se inmiscuyen inesperadamente o están ocultos. Se centra más en la psicología del personaje que en la grandiosidad de la construcción del mundo.
Ejemplos: Harry Potter, American Gods.

**Espada y Brujería**
Criterios: Caracterizada por acción trepidante, aventura y protagonistas moralmente ambiguos, típicamente centrándose en el beneficio personal o la supervivencia en lugar de salvar el mundo. La magia es a menudo primitiva o incontrolada.
Ejemplos: Conan el Bárbaro, Fafhrd y el Ratonero Gris."
"Según la mitología griega, ¿quién fue el responsable de diseñar el Laberinto que albergaba al Minotauro?","El Minotauro era una criatura de la mitología griega, mitad hombre y mitad toro. Residía en el Laberinto, un elaborado laberinto construido para el rey Minos de Creta por el arquitecto Dédalo y su hijo Ícaro. El Minotauro era la descendencia de Pasífae, la esposa de Minos, y un majestuoso toro blanco. Minos había enfadado al dios del mar Poseidón al negarse a sacrificar el toro. Como castigo, Poseidón hizo que Pasífae se enamorara locamente del toro, lo que llevó al nacimiento del Minotauro.",El Laberinto fue construido para el rey Minos de Creta por el arquitecto Dédalo y su hijo Ícaro.
"Describe el papel principal de los siguientes tres órganos: el hígado, los pulmones y los riñones.",,"El hígado es responsable de desintoxicar los químicos, metabolizar los medicamentos y sintetizar las proteínas necesarias para la coagulación de la sangre. Los pulmones facilitan el intercambio de gases, llevando oxígeno a la sangre y eliminando dióxido de carbono. Los riñones filtran los productos de desecho y el exceso de líquido de la sangre para producir orina, regulando el equilibrio electrolítico y la presión arterial."
"Explica la relación y las diferencias fundamentales entre la Inteligencia Artificial (IA), el Aprendizaje Automático (ML) y el Aprendizaje Profundo (DL) en términos sencillos.",,"Piensa en ello como un conjunto de muñecas rusas anidadas (matrioskas). La **Inteligencia Artificial (IA)** es la muñeca más grande y el concepto general: es cualquier técnica que permite a las computadoras imitar la inteligencia humana, desde resolver ecuaciones complejas hasta jugar al ajedrez. El **Aprendizaje Automático (ML)** es la muñeca mediana. Es un subconjunto específico de la IA que se centra en permitir que los sistemas aprendan de los datos, sin ser programados explícitamente para cada tarea. En lugar de escribir reglas rígidas, entrenas un modelo de ML con grandes conjuntos de datos para hacer predicciones o tomar decisiones. Finalmente, el **Aprendizaje Profundo (DL)** es la muñeca más pequeña, la más interna. Es un subconjunto específico del Aprendizaje Automático que utiliza redes neuronales artificiales con muchas capas (de ahí el término 'profundo') para analizar y aprender de los datos, a menudo sobresaliendo en tareas complejas de reconocimiento de patrones como el reconocimiento de imágenes, el reconocimiento de voz y el procesamiento del lenguaje natural."
¿Dónde se encuentra la Gran Barrera de Coral?,"La Gran Barrera de Coral es el sistema de arrecifes de coral más grande del mundo, compuesto por más de 2.900 arrecifes individuales y 900 islas que se extienden a lo largo de más de 2.300 kilómetros (1.400 millas) sobre un área de aproximadamente 344.400 kilómetros cuadrados (133.000 millas cuadradas). El arrecife se encuentra en el Mar de Coral, frente a la costa de Queensland, Australia. Se puede ver desde el espacio exterior y es la estructura individual más grande del mundo hecha por organismos vivos.","Está ubicada en el Mar de Coral, frente a la costa de Queensland, Australia."
"Proporcione la estructura estándar (número de líneas) y el esquema de rima común para las siguientes formas poéticas: Soneto, Haiku, Limerick y Villanela.",,"Soneto: 14 líneas; a menudo utiliza ABAB CDCD EFEF GG (shakesperiano) o ABBA ABBA CDECDE (petrarquista).
Haiku: 3 líneas (estructura silábica 5-7-5); sin esquema de rima estándar.
Limerick: 5 líneas; esquema de rima AABBA.
Villanela: 19 líneas (cinco tercetos y un cuarteto); emplea ABA ABA ABA ABA ABA ABAA, con estribillos."
"Enumera las principales capas internas de la Tierra, comenzando desde la superficie.",,"La estructura de la Tierra generalmente se divide en cuatro capas principales: 1. Corteza (la capa delgada y rocosa) 2. Manto (compuesto principalmente por rocas de silicato, dividido además en secciones superior e inferior) 3. Núcleo Externo (hierro y níquel líquidos) 4. Núcleo Interno (hierro y níquel sólidos). La temperatura y la densidad aumentan significativamente con la profundidad."
Define el concepto de Hiperrealidad según Jean Baudrillard y explica su característica principal.,"La hiperrealidad, tal como fue teorizada por Jean Baudrillard, es la incapacidad de la conciencia para distinguir la realidad de una simulación de la realidad, particularmente en sociedades posmodernas tecnológicamente avanzadas. Se caracteriza por el difuminado de las líneas entre lo real y lo imaginario, donde los signos y símbolos de lo real se vuelven más significativos que la realidad efectiva que pretenden representar.","La hiperrealidad, tal como la conceptualizó el filósofo Jean Baudrillard, se refiere a una condición en la que la conciencia ya no puede diferenciar entre la realidad y la simulación de la realidad. Su característica principal es el difuminado de las líneas entre lo 'real' y lo 'imaginario', lo que conduce a un estado en el que los modelos, signos y símbolos (simulacros) que hacen referencia a la realidad se vuelven más potentes, influyentes y significativos que la realidad original que se supone que representan.

Baudrillard argumentó que este estado es particularmente frecuente en las sociedades posmodernas tecnológicamente avanzadas. En lo hiperreal, los objetos y las experiencias a menudo se fabrican, perfeccionan o presentan de una manera que trasciende las imperfecciones de la realidad genuina. Un ejemplo común es la experiencia de caminar por un entorno temático, como un gran parque de atracciones, donde la realidad simulada se siente más 'real' o completa que la realidad caótica fuera de sus límites. Esencialmente, lo hiperreal consume y reemplaza lo real."
"¿En qué país moderno nació Nikola Tesla, considerando su ubicación dentro del antiguo Imperio Austríaco?","Nikola Tesla (10 de julio de 1856 – 7 de enero de 1943) fue un inventor serbio-estadounidense, ingeniero eléctrico, ingeniero mecánico y futurista, mejor conocido por sus contribuciones al diseño del moderno sistema de suministro de electricidad de corriente alterna (CA). Nacido en Smiljan, Imperio Austríaco (actual Croacia), emigró a los Estados Unidos en 1884, donde más tarde se convirtió en ciudadano naturalizado. A menudo se le atribuye a Tesla el desarrollo del motor de inducción y la distribución de energía de alta frecuencia. Murió sin un centavo en la ciudad de Nueva York a la edad de 86 años.",actual Croacia
¿Cuándo se lanzó al público por primera vez el iPhone original de Apple?,,"El iPhone original, a menudo llamado retroactivamente iPhone 2G, fue lanzado por primera vez el 29 de junio de 2007 en los Estados Unidos. Fue revolucionario por combinar un teléfono móvil, un iPod y un comunicador de internet en un solo dispositivo con una interfaz multitáctil."
¿Cuáles fueron los tres hitos principales en la Compra de Alaska de 1867 y cuándo tuvo lugar cada uno?,"La adquisición de Alaska por parte de Estados Unidos, a menudo llamada ""La Locura de Seward"", se formalizó mediante un tratado firmado el 30 de marzo de 1867. El Secretario de Estado William H. Seward negoció la compra con el Ministro ruso Edouard de Stoeckl por 7.2 millones de dólares. Si bien el tratado se firmó esa primavera, no fue ratificado por el Senado hasta el 9 de abril de 1867, y los fondos no fueron asignados por la Cámara de Representantes hasta 1868. La transferencia formal de soberanía, donde se izó la bandera de EE. UU. y se arrió la bandera rusa, ocurrió oficialmente en Sitka, Alaska, el 18 de octubre de 1867.","Los tres hitos principales en 1867 fueron la firma del tratado el 30 de marzo, la ratificación del Senado el 9 de abril y la transferencia formal de soberanía (izado de bandera) el 18 de octubre."
Detalles sobre la película clásica Casablanca,"Casablanca es una película dramática romántica estadounidense de 1942 dirigida por Michael Curtiz y protagonizada por Humphrey Bogart, Ingrid Bergman y Paul Henreid. Ambientada durante la Segunda Guerra Mundial, la historia se centra en un expatriado estadounidense, Rick Blaine (Bogart), que debe elegir entre su amor por Ilsa Lund (Bergman) y ayudar a su esposo, Victor Laszlo, un líder de la Resistencia, a escapar de la ciudad de Casablanca, controlada por Vichy, para continuar su lucha contra los nazis. Aunque fue exitosa en su lanzamiento, adquirió un estatus verdaderamente legendario en los años siguientes, en gran parte debido a su diálogo memorable, su final icónico y la química entre los protagonistas. La película ganó tres Premios de la Academia: Mejor Película, Mejor Director y Mejor Guion.","Casablanca es una película dramática romántica estadounidense de 1942 dirigida por Michael Curtiz y protagonizada por Humphrey Bogart, Ingrid Bergman y Paul Henreid. Ambientada durante la Segunda Guerra Mundial, la historia se centra en un expatriado estadounidense, Rick Blaine (Bogart), que debe elegir entre su amor por Ilsa Lund (Bergman) y ayudar a su esposo, Victor Laszlo, un líder de la Resistencia, a escapar de la ciudad de Casablanca, controlada por Vichy, para continuar su lucha contra los nazis. Aunque fue exitosa en su lanzamiento, adquirió un estatus verdaderamente legendario en los años siguientes, en gran parte debido a su diálogo memorable, su final icónico y la química entre los protagonistas. La película ganó tres Premios de la Academia: Mejor Película, Mejor Director y Mejor Guion."
Enumere los pasos básicos necesarios para hornear galletas con chispas de chocolate estándar.,,"1. Precaliente el horno y prepare las bandejas para hornear.
2. Acreme la mantequilla, los azúcares y el extracto de vainilla hasta que estén ligeros y esponjosos.
3. Bata los huevos uno a la vez.
4. En un tazón aparte, bata la harina, el bicarbonato de sodio y la sal, luego agregue gradualmente los ingredientes secos a la mezcla húmeda.
5. Incorpore las chispas de chocolate.
6. Coloque cucharadas redondeadas sobre las bandejas para hornear preparadas.
7. Hornee durante 9 a 12 minutos, o hasta que los bordes estén dorados."
¿Cuál es el monstruo clásico superior: Drácula o el Monstruo de Frankenstein?,,"Drácula es superior porque el personaje introdujo el concepto del villano elegante y aristocrático que opera dentro de la sociedad normal. El Monstruo de Frankenstein, aunque filosóficamente interesante, es principalmente una figura trágica incomprendida en lugar de un mal verdaderamente aterrador e intencional."
P: ¿Cuál es el rango de temperatura de la 'Zona de peligro' para la seguridad alimentaria y por qué es importante?,,"R: La 'Zona de Peligro' se refiere al rango de temperatura entre 40°F (4.4°C) y 140°F (60°C). Este rango es de importancia crítica en la seguridad alimentaria porque es el rango de temperatura óptimo en el que las bacterias dañinas, como Salmonella, E. coli y Listeria, pueden multiplicarse rápidamente, a menudo duplicando su población en tan solo 20 minutos. Para prevenir enfermedades transmitidas por alimentos, los alimentos perecederos no deben permanecer en la Zona de Peligro por más de dos horas en total (o una hora si la temperatura ambiente es de 90°F o superior)."
Enumere las principales razones ambientales y sociales del declive de la civilización maya Clásica basándose en el texto proporcionado.,"El colapso de la civilización maya Clásica (c. 250–900 EC) fue complejo y multifacético. Los principales factores estresantes ambientales incluyeron sequías severas prolongadas (conocidas como las 'Mega-sequías'), que redujeron drásticamente los rendimientos agrícolas. Los factores sociales también fueron críticos; estos incluyeron la guerra endémica entre ciudades-estado que competían por recursos cada vez menores, y un sistema de extracción excesiva de recursos y crecimiento demográfico insostenible que condujo a la deforestación generalizada y al agotamiento del suelo.","Causas ambientales: Sequías severas prolongadas (Mega-sequías), deforestación generalizada y agotamiento del suelo. Causas sociales: Guerra endémica entre ciudades-estado y crecimiento demográfico insostenible/extracción excesiva de recursos."
Resume los hechos clave sobre la misión Apolo 11.,"El Apolo 11 fue la misión espacial estadounidense que logró el primer aterrizaje humano en la Luna. Lanzada el 16 de julio de 1969, la tripulación estaba compuesta por el Comandante Neil Armstrong, el Piloto del Módulo Lunar Buzz Aldrin y el Piloto del Módulo de Comando Michael Collins. El 20 de julio, Armstrong y Aldrin aterrizaron el Módulo Lunar Eagle en la superficie lunar. Armstrong se convirtió en la primera persona en pisar la Luna seis horas después, el 21 de julio (UTC), declarando la famosa frase: ""Este es un pequeño paso para un hombre, un salto gigantesco para la humanidad"". Aldrin lo siguió poco después. Pasaron unas 21 horas en la Luna recogiendo muestras y realizando experimentos antes de reunirse con éxito con Collins, quien había permanecido en órbita a bordo del Módulo de Comando Columbia. La misión regresó a salvo a la Tierra el 24 de julio de 1969.","El Apolo 11, lanzado el 16 de julio de 1969, fue la misión estadounidense que logró el primer aterrizaje humano en la Luna. Neil Armstrong y Buzz Aldrin aterrizaron el Módulo Lunar el 20 de julio, y Armstrong se convirtió en la primera persona en caminar sobre la superficie el 21 de julio (UTC). Michael Collins pilotó el Módulo de Comando en órbita. La tripulación regresó con éxito a la Tierra el 24 de julio de 1969."
¿Cuál es la función principal de la mitocondria en una célula eucariota?,,"Generar la mayor parte del suministro celular de trifosfato de adenosina (ATP), utilizado como fuente de energía química."
¿Cuál fue la primera obra importante impresa utilizando la prensa de Gutenberg?,"La invención de la imprenta mecánica de tipos móviles se atribuye ampliamente al orfebre alemán Johannes Gutenberg alrededor de 1440 en Maguncia, Alemania. Si bien la impresión con bloques ya existía anteriormente en Asia Oriental, la innovación de Gutenberg implicó matrices de metal reutilizables y tinta a base de aceite, lo que hizo que la producción masiva de textos fuera económicamente factible. Este desarrollo es a menudo citado como el evento más importante del segundo milenio, marcando el comienzo de la era de la comunicación masiva y contribuyendo significativamente al Renacimiento y la Reforma. La primera obra importante impresa utilizando este método fue la Biblia de Gutenberg, terminada alrededor de 1455.","La primera obra importante impresa utilizando este método fue la Biblia de Gutenberg, terminada alrededor de 1455."
"Según el pasaje, ¿cuál fue la fecha de lanzamiento de la sonda espacial Viking 1?","El programa Viking consistió en un par de sondas espaciales estadounidenses enviadas a Marte, Viking 1 y Viking 2. Fueron las misiones más ambiciosas y caras jamás enviadas a Marte. Viking 1 se lanzó el 20 de agosto de 1975, y Viking 2 se lanzó unas semanas después, el 9 de septiembre de 1975. Ambas naves espaciales consistían en un orbitador y un módulo de aterrizaje diseñados para estudiar la superficie y la atmósfera marcianas.",20 de agosto de 1975
¿Cuáles son las principales diferencias físicas y de comportamiento entre los caimanes y los cocodrilos?,,"Aunque ambos pertenecen al orden Crocodilia, difieren significativamente. Los caimanes (familia Alligatoridae) tienen hocicos redondeados en forma de U, y cuando cierran la boca, solo son visibles los dientes superiores, que encajan perfectamente en la mandíbula inferior. Habitan principalmente en ambientes de agua dulce. Los cocodrilos (familia Crocodylidae) tienen hocicos puntiagudos en forma de V, y su cuarto diente inferior permanece visible cuando cierran la boca porque se apoya fuera de la mandíbula superior. Los cocodrilos son generalmente más tolerantes al agua salada y se encuentran en todo el mundo, mientras que los caimanes se limitan principalmente a los EE. UU. y China."
Enumere cinco factores principales que contribuyeron al declive y eventual caída del Imperio Romano Occidental.,,"Los historiadores generalmente citan varios factores complejos, pero cinco contribuyentes principales incluyen: 1. Colapso económico debido a la hiperinflación y a impuestos aplastantes. 2. Invasiones constantes y presión de varias tribus germánicas. 3. Inestabilidad política y corrupción interna, lo que llevó a reinados cortos y luchas civiles. 4. Dependencia excesiva de ejércitos mercenarios (foederati), lo que disminuyó la lealtad militar. 5. Problemas sociales, incluyendo enfermedades, disminución de las tasas de natalidad y una pérdida de la virtud cívica entre la población."
Compare y contraste los defectos trágicos (hamartia) y el destino final de la figura clásica Edipo Rey y el personaje de Shakespeare Hamlet. Estructure su respuesta utilizando títulos claros.,,"## Comparación de Edipo Rey y Hamlet

### Edipo Rey

**Defecto Trágico Principal (Hamartia):** Hibris (orgullo excesivo) combinado con una búsqueda de la verdad enérgica e intransigente. Su confianza absoluta en su capacidad para resolver el misterio y superar el destino lo ciega a las advertencias y a las dolorosas realidades de la profecía que intenta evitar.

**Destino Final:** Después de descubrir que cumplió la profecía (parricidio e incesto), Edipo obtiene claridad moral solo después de experimentar un profundo sufrimiento físico. Se ciega a sí mismo con los broches de Yocasta y acepta el exilio autoimpuesto, reconociendo finalmente su naturaleza defectuosa y el poder del destino.

### Hamlet

**Defecto Trágico Principal (Hamartia):** Indecisión y parálisis intelectual (dilación/procrastinación). Hamlet es propenso a la contemplación excesiva, lo que a menudo paraliza su capacidad para tomar medidas decisivas. Lucha con las consecuencias morales de la venganza y retrasa la acción necesaria hasta que la oportunidad se pierde y la situación se descontrola.

**Destino Final:** Hamlet logra su venganza contra Claudio, pero solo a costa de su propia vida (envenenado), las vidas de Laertes, Gertrudis y Claudio. Muere al no haber asegurado el reino pacíficamente, pasando la corona al príncipe noruego, Fortinbrás.

### Contraste Clave

Si bien ambos hombres son héroes trágicos deshechos por su propia naturaleza, sus defectos son fundamentalmente opuestos. La tragedia de Edipo se define por **actuar demasiado rápido e imprudentemente** (orgullo en la acción), creyendo que podía derrotar al destino. La tragedia de Hamlet se define por **actuar demasiado lento y pensar demasiado** (parálisis en la contemplación), lo que lleva a una destrucción generalizada debido a la inacción."
¿Cuáles son los elementos clave necesarios para crear un prompt efectivo para un Modelo de Lenguaje Grande (LLM)?,,"Un prompt LLM efectivo generalmente requiere cuatro elementos clave para asegurar una salida precisa. Primero, defina el **Rol/Persona** (p. ej., 'Actúa como un ingeniero de software sénior'). Segundo, establezca claramente la **Tarea u Objetivo** (lo que quiere que el modelo produzca). Tercero, proporcione suficiente **Contexto** o información de fondo. Finalmente, especifique las **Restricciones o Formato** (p. ej., 'Responde en formato JSON,' o 'Mantén la respuesta por debajo de 200 palabras')."
¿Qué planeta es conocido como el Planeta Rojo? Marte o Júpiter,,Marte
Me estoy quedando sin espacio en disco en mi servidor Linux. ¿Qué comandos debo usar para analizar el uso del disco y localizar los archivos más grandes?,,"Para analizar el uso del disco en un servidor Linux, debe comenzar con los comandos 'df' y 'du'. Use `df -h` para ver el espacio total, usado y disponible para todos los sistemas de archivos montados en formato legible para humanos. Si una partición en particular está llena, use el comando `du` para analizar el uso del directorio. Comenzando desde la raíz de la partición problemática, use `du -sh *` para resumir el uso de los subdirectorios inmediatos y luego profundice. Para una búsqueda más completa de los archivos más grandes, puede usar el comando `find`. Por ejemplo, para encontrar archivos de más de 100 MB, use `find / -type f -size +100M -exec ls -lh {} \;`. Alternativamente, use `du -a /path/to/check | sort -n -r | head -n 10` para enumerar numéricamente los 10 archivos/directorios más grandes."
¿Quién fue Johannes Gutenberg?,"Johannes Gutenberg fue un inventor, impresor y editor alemán que introdujo la impresión mecánica de tipos móviles en Europa a mediados del siglo XV. Su invención inició la Revolución de la Imprenta y es ampliamente considerada como el evento más importante del período moderno.","Johannes Gutenberg fue un inventor, impresor y editor alemán que introdujo la impresión mecánica de tipos móviles en Europa a mediados del siglo XV. Su invención inició la Revolución de la Imprenta y es ampliamente considerada como el evento más importante del período moderno.

El logro más notable de Gutenberg fue la Biblia de Gutenberg, a menudo llamada la Biblia de 42 líneas, que se imprimió alrededor de 1455. La tecnología que desarrolló incluyó la invención de un proceso para la producción masiva de tipos móviles, el uso de tinta a base de aceite y la creación de la prensa de impresión de madera, un diseño basado en las prensas de tornillo agrícolas existentes. Esta innovación redujo drásticamente el costo de imprimir libros e hizo posible la alfabetización masiva en toda Europa."
Describe la función principal de la fotosíntesis en las plantas.,"La fotosíntesis es el proceso utilizado por las plantas, las algas y ciertas bacterias para convertir la energía luminosa, generalmente del Sol, en energía química que puede liberarse posteriormente para alimentar las actividades del organismo. Esta energía química se almacena en moléculas de carbohidratos, como los azúcares, que se sintetizan a partir de dióxido de carbono y agua.","La fotosíntesis es el proceso utilizado por las plantas, las algas y ciertas bacterias para convertir la energía luminosa, generalmente del Sol, en energía química que puede liberarse posteriormente para alimentar las actividades del organismo."
¿Cuáles son los pasos esenciales para el cuidado exitoso de una planta ZZ?,,"La planta ZZ (Zamioculcas zamiifolia) es conocida por ser extremadamente resistente y de bajo mantenimiento. La clave del éxito es la intervención mínima, ya que el exceso de riego es la causa más común de fracaso. Estos son los pasos esenciales para su cuidado:

1. **Luz:** Las plantas ZZ toleran muy bien los entornos con poca luz, lo que las hace perfectas para oficinas o habitaciones con poca iluminación. Sin embargo, prosperarán y crecerán más rápido con luz brillante e indirecta. Evite el sol intenso y directo del mediodía, que puede quemar las hojas cerosas.

2. **Riego:** Este es el elemento más crucial. Las plantas ZZ almacenan agua en rizomas gruesos, parecidos a patatas, debajo de la tierra. Espere hasta que el sustrato esté completamente seco antes de regar a fondo. Dependiendo de la luz y la humedad, esto generalmente significa regar solo una vez cada 3–4 semanas, o incluso más durante el invierno. En caso de duda, espere una semana más.

3. **Sustrato y Drenaje:** Utilice una mezcla para macetas que drene bien. Una mezcla formulada para cactus y suculentas funciona perfectamente, o puede modificar la tierra estándar para macetas con perlita o pómez para asegurar un excelente drenaje. Utilice siempre una maceta con orificio de drenaje.

4. **Temperatura y Humedad:** Prefieren temperaturas ambiente estándar (65°F a 75°F) y generalmente están bien con la humedad promedio del hogar.

5. **Fertilización:** Fertilice con moderación. Aplique un fertilizante líquido equilibrado para plantas de interior diluido a la mitad de su concentración, solo una o dos veces durante la temporada de crecimiento (primavera y verano). No necesitan mucha alimentación suplementaria."
"Basándose en la definición proporcionada, ¿cuál es el objetivo principal de la metodología Ágil y cuál es la duración típica de las iteraciones utilizadas para lograr este objetivo?","El desarrollo de software Ágil es un término paraguas para un conjunto de marcos y prácticas basados en los valores y principios expresados en el Manifiesto para el Desarrollo Ágil de Software. La metodología enfatiza la colaboración, los equipos autoorganizados y la adaptación rápida a los cambios. Los marcos comunes incluyen Scrum, Kanban y Lean. Una característica central de Ágil es el proceso iterativo, donde el trabajo se divide en pequeños incrementos (sprints, que suelen durar de 2 a 4 semanas) para entregar software funcional frecuentemente, en lugar de esperar una única gran versión.","El objetivo principal de la metodología Ágil es adaptarse rápidamente a los cambios y entregar software funcional frecuentemente a través de la colaboración. Los procesos iterativos, a menudo llamados sprints, suelen durar de 2 a 4 semanas."
¿Cuáles son las funciones principales de la sangre humana?,,"La sangre humana cumple tres funciones principales e interconectadas: transporte, regulación y protección. El transporte implica llevar oxígeno de los pulmones a los tejidos y dióxido de carbono de regreso a los pulmones, entregar nutrientes (como glucosa y aminoácidos) y hormonas a todo el cuerpo, y trasladar los productos de desecho metabólico a los riñones y al hígado para su eliminación. La regulación incluye mantener una temperatura corporal estable al absorber y distribuir el calor, estabilizar los niveles normales de pH del cuerpo actuando como amortiguador, y asegurar un volumen de líquido adecuado en el sistema circulatorio. La protección implica prevenir la pérdida de sangre a través del mecanismo de coagulación (hemostasia) y proteger al cuerpo contra enfermedades mediante la respuesta inmunológica, que es llevada a cabo por los glóbulos blancos y los anticuerpos transportados en el plasma."
¿Cuál es la importancia del 'trabajo profundo' en la era moderna?,,"El trabajo profundo, tal como lo conceptualiza Cal Newport, es la capacidad de concentrarse sin distracciones en una tarea cognitivamente exigente. Su importancia se deriva de dos hechos críticos de la economía del conocimiento moderna. Primero, la producción de calidad ahora se valora mucho más que la cantidad de horas trabajadas. Para producir resultados verdaderamente excepcionales o innovadores, se necesita una inmersión enfocada; el trabajo superficial (correos electrónicos, reuniones, logística) solo mantiene el statu quo. Segundo, en una economía con déficit de atención definida por notificaciones constantes e interrupciones tecnológicas, la concentración sostenida se está convirtiendo en un bien escaso. La capacidad de participar en el trabajo profundo es esencialmente un 'superpoder' que permite a los individuos dominar rápidamente información difícil y producir resultados de nivel élite que son difíciles de replicar para los competidores. Por lo tanto, el cultivo deliberado de hábitos de trabajo profundo es el principal diferenciador entre los trabajadores del conocimiento exitosos y aquellos que permanecen atrapados en la reactividad."
¿Quién escribió 'Moby Dick'?,,Herman Melville es el autor de la novela 'Moby Dick'.
¿Por qué se considera que aprender un segundo idioma es una excelente inversión de tiempo y esfuerzo?,,"Aprender un segundo idioma ofrece profundos beneficios que van mucho más allá de la simple comunicación. Cognitivamente, fortalece significativamente las funciones ejecutivas del cerebro, mejorando la memoria, las habilidades multitarea y la resolución de problemas complejos. Al obligar al cerebro a gestionar dos conjuntos de reglas y vocabularios, la adquisición de idiomas impulsa la neuroplasticidad y está activamente relacionada con el retraso en la aparición del deterioro cognitivo relacionado con la edad, como la demencia. Profesionalmente, el bilingüismo es un activo muy valorado en la economía global. Abre puertas a los mercados laborales internacionales, aumenta el potencial de ingresos y proporciona una importante ventaja competitiva en diversos campos que van desde la diplomacia y la tecnología hasta el turismo y el desarrollo empresarial. Además, aprender un idioma es la puerta de entrada definitiva a la inmersión cultural. Fomenta una mayor empatía y tolerancia al permitir al estudiante interactuar directamente con la literatura, los medios de comunicación y las costumbres que de otro modo serían inaccesibles solo a través de la traducción. Esta conexión cultural más profunda enriquece fundamentalmente las experiencias de viaje y amplía la perspectiva del mundo, lo que la convierte en una inversión verdaderamente integral en el crecimiento personal, intelectual y económico."
Mi portátil Windows se ha vuelto increíblemente lento en los últimos meses. Todavía no quiero comprar uno nuevo. ¿Cuáles son los pasos gratuitos y más efectivos que puedo seguir ahora mismo para acelerarlo?,,"Mejorar la velocidad de la PC a menudo implica limpiar procesos en segundo plano y archivos innecesarios. Comience con estos tres pasos principales: 1. **Administrar Programas de Inicio:** Abra el Administrador de Tareas (Ctrl+Shift+Esc), navegue hasta la pestaña 'Inicio' y deshabilite cualquier aplicación que no necesite absolutamente ejecutarse cuando la computadora arranca (p. ej., Spotify, servicios de actualización de Adobe, etc.). Esto reduce significativamente el tiempo de arranque y el uso inicial de recursos. 2. **Ejecutar Liberador de Espacio en Disco:** Escriba 'Liberador de espacio en disco' (o 'Disk Cleanup') en la barra de búsqueda de Windows. Seleccione su unidad principal (generalmente C:) y haga clic en 'Limpiar archivos del sistema'. Marque las casillas para 'Archivos temporales', 'Limpieza de Windows Update' y 'Archivos de optimización de entrega', luego ejecute la limpieza. 3. **Desinstalar Bloatware y Programas No Utilizados:** Vaya a Configuración > Aplicaciones. Ordene por fecha de instalación o tamaño y desinstale cualquier aplicación grande que no haya usado en meses o cualquier software antivirus de 'prueba gratuita' que pueda estar ejecutando análisis pesados en segundo plano. Estos pasos deberían proporcionar una mejora inmediata notable."
¿Cuál es la composición principal de una nebulosa?,"Una nebulosa es una nube interestelar de polvo, hidrógeno, helio y otros gases ionizados. Originalmente, el término se utilizaba para describir cualquier objeto astronómico difuso, incluidas las galaxias fuera de la Vía Láctea (como la Nebulosa de Andrómeda, antes de que se confirmara la verdadera naturaleza de las galaxias). La mayoría de las nebulosas son inmensas en tamaño; algunas tienen cientos de años luz de diámetro. Las nebulosas son a menudo regiones de formación estelar, como los Pilares de la Creación en la Nebulosa del Águila. Los gases y el polvo se agrupan para formar regiones más densas, atrayendo más materia, que finalmente se vuelve lo suficientemente densa como para colapsar y formar estrellas.","Una nebulosa es una nube interestelar de polvo, hidrógeno, helio y otros gases ionizados."
¿Cuáles son los componentes principales del ojo humano y sus funciones primarias?,"El ojo humano es un órgano sensorial complejo responsable de la visión. La luz entra primero a través de la córnea, una capa externa transparente que ayuda a enfocar la luz. Detrás de la córnea se encuentra el iris, la parte coloreada del ojo, que funciona como el diafragma de una cámara, controlando el tamaño de la pupila (el centro negro) para regular la cantidad de luz que entra. Luego, la luz pasa a través del cristalino, que cambia de forma para ajustar el enfoque en la parte posterior del ojo. La pared posterior, la retina, contiene millones de células sensibles a la luz (bastones y conos) que convierten la luz en impulsos eléctricos. Estos impulsos se transmiten al cerebro a través del nervio óptico para su interpretación como imágenes.","Los componentes principales del ojo son la córnea (una capa externa transparente que enfoca la luz), el iris (controla el tamaño de la pupila), la pupila (regula la entrada de luz), el cristalino (ajusta el enfoque) y la retina (convierte la luz en impulsos eléctricos). Estas señales eléctricas se transmiten luego al cerebro a través del nervio óptico."
¿Cuáles son las compensaciones clave entre un modelo de trabajo totalmente remoto y una estructura tradicional en la oficina?,,"Elegir entre una estructura totalmente remota y una oficina tradicional implica equilibrar la flexibilidad del empleado con la cohesión y la supervisión corporativa. El modelo ideal a menudo depende de la industria, las funciones laborales y la cultura organizacional. El trabajo remoto ofrece ventajas significativas, como mayor flexibilidad, eliminación de los costos y el tiempo de desplazamiento, y acceso a un grupo de talentos global más amplio. Sin embargo, puede generar desafíos relacionados con el aislamiento del equipo, dificultades en la colaboración espontánea, el mantenimiento de límites claros entre el trabajo y la vida personal, y posibles retrasos en la comunicación. Por el contrario, la estructura de oficina tradicional fomenta una comunicación cara a cara más fácil, fortalece la cultura de la empresa y la camaradería inmediata, y simplifica la supervisión y la seguridad de la gestión. Las desventajas incluyen mayores costos generales para el empleador, menor flexibilidad de horarios para los empleados, desplazamientos obligatorios y una productividad potencialmente menor debido a las distracciones de la oficina. En última instancia, muchas empresas modernas están adoptando modelos híbridos para intentar capturar los beneficios de ambas configuraciones."
"Si solo pudieras recomendar un lugar en el mundo para una persona que ama la historia y la belleza natural, ¿cuál sería y por qué es tu recomendación favorita?",,"Para alguien que valora la intersección de la historia profunda y la belleza natural profunda, mi principal recomendación sería Kioto, Japón. Contiene la clave del corazón cultural de Japón, habiendo sido la capital imperial durante más de un milenio. La ciudad es esencialmente un museo al aire libre, con más de 2.000 templos y santuarios, incluidos los espectaculares Kinkaku-ji (Pabellón Dorado) y Kiyomizu-dera. La preservación histórica es meticulosa. Sin embargo, lo que lo eleva es la perfecta integración de la naturaleza. Los visitantes pueden explorar el etéreo Bosque de Bambú de Arashiyama, caminar a través de los miles de portones torii bermellones del Santuario Fushimi Inari que serpentean por el bosque de la colina, y disfrutar de los tranquilos Jardines de Musgo de Saihō-ji. La estacionalidad—especialmente los cerezos en flor en primavera y los arces encendidos en otoño— hace que todo el entorno se sienta como una obra de arte viva, equilibrando perfectamente el antiguo esfuerzo humano con la estética natural virgen."
Describe las principales características y los objetivos de la misión del Telescopio Espacial James Webb (JWST).,,"El Telescopio Espacial James Webb (JWST) es el principal observatorio espacial que sucede al Telescopio Espacial Hubble. Fue lanzado el 25 de diciembre de 2021 y actualmente está posicionado en una órbita solar alrededor del segundo Punto de Lagrange Sol-Tierra (L2), aproximadamente a 1 millón de millas (1.5 millones de kilómetros) de la Tierra. A diferencia del Hubble, que observa principalmente luz visible y ultravioleta, el JWST está optimizado para la astronomía infrarroja, lo que le permite penetrar nubes de polvo y observar objetos extremadamente distantes y con desplazamiento al rojo. Su espejo primario está compuesto por 18 segmentos hexagonales de berilio bañados en oro, que suman un total de 6.5 metros (21 pies) de diámetro, lo que lo convierte en el espejo primario más grande jamás puesto en vuelo espacial. Los objetivos científicos del JWST se dividen en cuatro áreas principales: la búsqueda de las primeras estrellas y galaxias formadas en el universo, el estudio del ensamblaje de galaxias, la investigación del nacimiento de estrellas y sistemas planetarios, y el análisis de atmósferas de exoplanetas en busca de signos de habitabilidad."
¿Qué famoso artista del Renacimiento se cree que dejó su obra final inacabada debido a su muerte?,,"Se cree que Rafael (Raffaello Sanzio da Urbino) dejó su última obra importante, 'La Transfiguración', inacabada cuando murió repentinamente en 1520."
Explique las diferencias fundamentales en el propósito y diseño entre una CPU y una GPU.,,"La Unidad Central de Procesamiento (CPU) y la Unidad de Procesamiento Gráfico (GPU) son ambos chips de procesamiento críticos, pero difieren significativamente en su arquitectura y función principal. La distinción principal radica en su enfoque para la ejecución de tareas.

Primero, en cuanto al diseño, la CPU está construida para el procesamiento en serie. Tiene menos núcleos (típicamente de 4 a 16 en modelos de consumo), pero estos núcleos son individualmente muy potentes y están optimizados para el cambio rápido entre tareas complejas que requieren alta velocidad y baja latencia. La CPU actúa como el cerebro de propósito general que gestiona el sistema operativo y las tareas no especializadas.

Segundo, la GPU está diseñada para el procesamiento paralelo masivo. Cuenta con cientos o incluso miles de núcleos más pequeños y menos potentes. Esta arquitectura permite a la GPU manejar cargas de trabajo computacionales masivas ejecutando miles de cálculos simples y repetitivos simultáneamente, lo cual es ideal para tareas como la renderización de gráficos de alta resolución, la edición de video y los cálculos modernos de aprendizaje automático (IA)."
"Según el pasaje, ¿quiénes fueron los tres astronautas involucrados en la misión Apolo 11 y cuáles fueron sus roles específicos?","Apolo 11 fue el vuelo espacial que aterrizó por primera vez humanos en la Luna. El comandante Neil Armstrong y el piloto del módulo lunar Buzz Aldrin aterrizaron el Módulo Lunar Apolo Eagle el 20 de julio de 1969, a las 20:17 UTC. Armstrong se convirtió en la primera persona en pisar la superficie lunar seis horas después. Pasaron aproximadamente dos horas y cuarto juntos fuera de la nave espacial. Michael Collins pilotó el módulo de comando Columbia solo en órbita lunar mientras ellos estaban en la superficie de la Luna. El objetivo principal del Apolo 11 fue declarado por el presidente John F. Kennedy el 25 de mayo de 1961: 'aterrizar un hombre en la Luna y devolverlo sano y salvo a la Tierra'.","Los tres astronautas mencionados son el comandante Neil Armstrong (Comandante), Buzz Aldrin (piloto del módulo lunar) y Michael Collins (pilotó el módulo de comando Columbia)."
"Clasifique los siguientes elementos como Fruta, Verdura o Grano: Manzana, Maíz, Trigo, Zanahoria, Cebada, Plátano, Patata, Quinua.",,"Manzana es una Fruta
Maíz es un Grano
Trigo es un Grano
Zanahoria es una Verdura
Cebada es un Grano
Plátano es una Fruta
Patata es una Verdura
Quinua es un Grano"
Define la fotosíntesis e indica dónde ocurre.,"La fotosíntesis es un proceso utilizado por plantas, algas y ciertas bacterias para convertir la energía luminosa, generalmente del Sol, en energía química que luego puede liberarse para alimentar las actividades del organismo. Esta energía química se almacena en moléculas de carbohidratos, como azúcares, que se sintetizan a partir de dióxido de carbono y agua. En la mayoría de las plantas verdes, algas y cianobacterias, la fotosíntesis ocurre principalmente dentro de orgánulos llamados cloroplastos, que contienen el pigmento de clorofila necesario para capturar la luz.","La fotosíntesis es un proceso utilizado por plantas, algas y ciertas bacterias para convertir la energía luminosa, generalmente del Sol, en energía química. Ocurre principalmente dentro de orgánulos llamados cloroplastos."
"Identifica todos los nombres propios (nombres de personas, lugares, organizaciones y días/meses específicos) del siguiente texto.","Después de reunirse con la Dra. Eleanor Vance en Londres, el CEO de TechCorp decidió volar a Tokio el martes. Ella necesitaba finalizar el acuerdo de fusión con Nippon Dynamics antes del final del trimestre fiscal.","Eleanor Vance, Londres, TechCorp, Tokio, Martes, Nippon Dynamics"
Identifica el punto más profundo conocido en los océanos de la Tierra e indica su profundidad aproximada.,,"El punto más profundo conocido es el Abismo Challenger, situado en la Fosa de las Marianas. Su profundidad es de aproximadamente 10.935 metros (35.876 pies)."
¿Por qué es el café tan popular a nivel mundial?,,"La enorme popularidad global del café se debe a una mezcla de bioquímica, cultura y ritual social. Bioquímicamente, el principal impulsor es la cafeína, un estimulante natural que aumenta el estado de alerta, la concentración y los niveles de energía, lo que lo convierte en la bebida matutina ideal o en un estímulo para la tarde. Culturalmente, el consumo de café ha evolucionado hasta convertirse en un ritual diario integrado en la vida laboral y la interacción social. Las cafeterías sirven como cruciales 'terceros lugares': puntos de encuentro neutrales fuera del hogar y del trabajo. Además, la gran variedad disponible, desde el espresso hasta los vertidos (pour-overs), y la complejidad de los perfiles de sabor basados en la región y el tueste, permiten una personalización y apreciación infinitas por parte de los entusiastas, impulsando la demanda del mercado en todo el mundo."
¿Cuáles son algunas opciones de desayuno rápidas y saludables para profesionales ocupados?,,"Los profesionales ocupados necesitan comidas que sean rápidas de preparar y portátiles. Aquí hay cinco opciones de desayuno simples y saludables:
1. Avena Nocturna: Mezcle avena en hojuelas, leche (láctea o no láctea), semillas de chía y fruta en un frasco la noche anterior. No requieren tiempo de cocción por la mañana y ofrecen energía sostenida.
2. Batidos Ricos en Proteínas: Licúe espinacas, un plátano, proteína en polvo y una base líquida. Esta opción es altamente personalizable, portátil y tarda menos de cinco minutos en prepararse.
3. Parfait de Yogur Griego: Coloque capas de yogur griego natural (alto en proteínas), granola y un puñado de bayas. Esto ofrece un buen equilibrio de proteínas, fibra y antioxidantes.
4. Magdalenas/Bocados de Huevo: Prepare un lote de moldes de huevo horneados con verduras y queso el domingo. Se pueden calentar en el microondas en 60 segundos y son excelentes para obtener proteínas para llevar.
5. Tostada Integral con Aguacate y Semillas: Sencilla, satisfactoria y rápida. Tueste pan, triture medio aguacate encima y espolvoree con el condimento 'everything bagel' o semillas de cáñamo para una nutrición adicional."
Explica los principios fundamentales de la metodología de desarrollo de software Ágil.,,"Ágil es un enfoque iterativo para la gestión de proyectos y el desarrollo de software que ayuda a los equipos a entregar valor más rápido y con menos problemas. Sus principios fundamentales, descritos en el Manifiesto Ágil, priorizan: 1) Individuos e interacciones sobre procesos y herramientas; 2) Software funcionando sobre documentación exhaustiva; 3) Colaboración con el cliente sobre negociación contractual; y 4) Respuesta al cambio sobre seguir un plan. Ágil fomenta la adaptación rápida, los ciclos de retroalimentación frecuentes y la entrega continua de incrementos de producto utilizables."
¿Qué es la Gran Barrera de Coral?,"La Gran Barrera de Coral es el sistema de arrecifes de coral más grande del mundo, compuesto por más de 2.900 arrecifes individuales y 900 islas que se extienden a lo largo de más de 2.300 kilómetros (1.400 millas) en el Mar del Coral, frente a la costa de Queensland, Australia. Es la estructura individual más grande creada por organismos vivos, visible desde el espacio exterior, y fue designada Patrimonio de la Humanidad por la UNESCO en 1981.","La Gran Barrera de Coral es un ecosistema extremadamente complejo y biológicamente diverso. Alberga una vasta variedad de vida marina, incluyendo 30 especies de ballenas y delfines, 6 de las 7 especies de tortugas marinas amenazadas del mundo, más de 1.500 especies de peces, 4.000 tipos de moluscos y cientos de especies de corales duros y blandos. También es una importante zona de anidación para las tortugas marinas verdes.

El arrecife es administrado por la Autoridad del Parque Marino de la Gran Barrera de Coral. A pesar de su estado de protección, se enfrenta a importantes amenazas ambientales, principalmente el cambio climático que conduce al blanqueamiento generalizado del coral, pero también el desarrollo costero, la escorrentía de la agricultura y los ciclos de brotes de la estrella de mar corona de espinas. Su contribución económica es sustancial, manteniendo miles de puestos de trabajo a través del turismo y la pesca. El arrecife tiene una gran importancia cultural para muchos pueblos aborígenes e isleños del Estrecho de Torres, quienes tienen una conexión larga y profunda con la zona."
Explique el significado cultural de 'El 305'.,,"El 305 es el código de área principal del condado de Miami-Dade, Florida, y se ha convertido en una poderosa abreviatura cultural para la propia ciudad de Miami. Es sinónimo de la vibrante cultura latina, particularmente de su gran comunidad cubanoamericana en áreas como Little Havana. La identidad '305' está fuertemente asociada con la música, la vida nocturna y el glamour, a menudo referenciada en el hip-hop y el reggaetón (por ejemplo, Pitbull, conocido como 'Mr. 305'). La zona es conocida mundialmente por sus impresionantes playas (Miami Beach), su arquitectura Art Deco y su estatus como centro de negocios internacionales y turismo. Referirse a Miami como 'El 305' expresa orgullo y lealtad a su entorno único, subtropical y de alta energía, distinto de otras partes de Florida."
Identifique las herramientas necesarias para cambiar una llanta de coche estándar de la lista proporcionada.,"Martillo, Gato, Llave de tuercas, Juego de llaves de vaso, Llanta de repuesto, Destornillador, Cinta métrica, Pala, Dispositivo de aseguramiento.","Gato, Llave de tuercas, Llanta de repuesto."
"Extrae todas las mediciones numéricas relacionadas con el tamaño físico o el recuento de componentes del sistema de la Gran Barrera de Coral. Presenta los hallazgos como una lista con viñetas, asegurando que cada elemento incluya tanto el número como su unidad o tipo de componente asociado.","La Gran Barrera de Coral es el sistema de arrecifes de coral más grande del mundo, compuesto por más de 2.900 arrecifes individuales y 900 islas que se extienden a lo largo de más de 2.300 kilómetros (1.400 millas) sobre un área de aproximadamente 344.400 kilómetros cuadrados (133.000 millas cuadradas). El arrecife está ubicado en el Mar del Coral, frente a la costa de Queensland, Australia. Fue designado Patrimonio de la Humanidad por la UNESCO en 1981. El sistema de arrecifes alberga una inmensa diversidad de vida, incluyendo 30 especies de ballenas, delfines y marsopas, 1.500 especies de peces y aproximadamente 400 tipos de coral duro. Sin embargo, el cambio climático, el aumento de la temperatura del mar y la contaminación plantean amenazas significativas para su salud a largo plazo.","- 2.900 arrecifes individuales
- 900 islas
- 2.300 kilómetros
- 1.400 millas
- 344.400 kilómetros cuadrados
- 133.000 mi cuadradas"
¿A qué temperatura hierve el agua pura a presión atmosférica estándar?,,El agua pura hierve a 100 grados Celsius (212 grados Fahrenheit) al nivel del mar.
¿Cuál es la importancia de la Piedra Rosetta?,"La Piedra Rosetta es una estela compuesta de granodiorita inscrita con tres versiones de un decreto emitido en Menfis, Egipto, en el 196 a.C. durante la dinastía ptolemaica. Los textos superior y central están en jeroglíficos egipcios antiguos y en escritura demótica, respectivamente, mientras que el inferior está en griego antiguo. Debido a que presenta esencialmente el mismo texto en los tres escritos (con pequeñas diferencias), proporcionó la clave crucial para descifrar los jeroglíficos egipcios en 1822 por Jean-François Champollion, abriendo así la comprensión del idioma y la civilización del antiguo Egipto.","La Piedra Rosetta es importante porque proporcionó la clave crucial para descifrar los jeroglíficos egipcios antiguos en 1822, ya que contenía el mismo decreto escrito en tres escrituras: jeroglíficos, escritura demótica y griego antiguo."
¿Cuáles son los primeros tres pasos que debo seguir para crear un presupuesto personal sostenible y empezar a ahorrar?,,"Para establecer un presupuesto sostenible y empezar a ahorrar de inmediato, concéntrate en estas tres acciones fundamentales:

1.  **Rastrea Cada Gasto:** Durante el primer mes, registra meticulosamente cada centavo gastado (usando una aplicación, hoja de cálculo o cuaderno). Esto genera conciencia sobre tus hábitos de gasto base.
2.  **Categoriza y Audita:** Separa tus gastos en costos fijos (alquiler, seguro), costos variables (comestibles, entretenimiento) y gastos discrecionales. Identifica las 'fugas'—áreas donde las compras pequeñas y frecuentes se suman innecesariamente.
3.  **Implementa 'Págate a ti Mismo Primero':** Configura una transferencia automática inmediatamente después del depósito de tu cheque de pago que mueva una cantidad de ahorro predeterminada directamente a una cuenta de ahorros de alto rendimiento. Trata esta transferencia como un gasto no negociable."
"Agrupe las siguientes ciudades según su continente principal: El Cairo, Sídney, Shanghái, Río de Janeiro, Londres, Johannesburgo, Ciudad de Nueva York, Moscú.",,"África: El Cairo, Johannesburgo
Asia: Shanghái
Europa: Londres, Moscú
América del Norte: Ciudad de Nueva York
Oceanía: Sídney
América del Sur: Río de Janeiro"
¿A quién se le atribuye la pintura de la Mona Lisa?,,Leonardo da Vinci
¿Cuál es la estructura viva más grande de la Tierra?,,"La estructura viva más grande de la Tierra es la Gran Barrera de Coral, ubicada frente a la costa de Australia. Es el sistema de arrecifes de coral más grande del mundo e incluso se puede ver desde el espacio exterior."
¿Cuál es la capital de Australia?,,Canberra
"Identifique los tres tipos principales de ARN que se encuentran en las células eucariotas, clasifíquelos según su papel en la expresión génica (transcripción o traducción) y resuma la función principal de cada uno.",,"Los tres tipos principales de ARN que se encuentran en las células eucariotas son el ARN mensajero (ARNm), el ARN de transferencia (ARNt) y el ARN ribosómico (ARNr). Son componentes esenciales del dogma central de la biología molecular, facilitando la conversión de la información genética del ADN en proteínas funcionales.

### 1. ARN mensajero (ARNm)

**Clasificación:** Principalmente involucrado en la **Transcripción** (síntesis inicial basada en la plantilla de ADN) y sirve como plantilla para la **Traducción**.

**Función:** El ARNm actúa como una molécula intermediaria. Se transcribe a partir de una plantilla de ADN en el núcleo, portando el código genético (en forma de codones) para una proteína específica. Luego viaja al citoplasma (o al retículo endoplasmático) donde dicta la secuencia de aminoácidos que se ensamblarán durante la síntesis de proteínas.

### 2. ARN de transferencia (ARNt)

**Clasificación:** Principalmente involucrado en la **Traducción**.

**Función:** Las moléculas de ARNt son responsables de llevar físicamente los aminoácidos apropiados al ribosoma durante la traducción. Cada molécula de ARNt tiene un anticodón (una secuencia complementaria al codón del ARNm) en un extremo y está cargada con su aminoácido correspondiente en el otro extremo. Asegura que la cadena polipeptídica correcta se construya de acuerdo con las instrucciones del ARNm.

### 3. ARN ribosómico (ARNr)

**Clasificación:** Principalmente involucrado en la **Traducción** (estructural y catalítica).

**Función:** El ARNr es el principal componente estructural y catalítico de los ribosomas, las máquinas moleculares responsables de la síntesis de proteínas. Los ribosomas son complejos de ARNr y proteínas. Las moléculas de ARNr son cruciales para mantener la estructura del ribosoma y, lo que es más importante, el ARNr de la subunidad grande (conocido como peptidil transferasa) cataliza la formación de los enlaces peptídicos que unen los aminoácidos."
Explique por qué Plutón fue reclasificado de planeta mayor a planeta enano.,,"En 2006, la Unión Astronómica Internacional (UAI) estableció la primera definición formal de 'planeta'. Esta definición requería que un cuerpo celeste cumpliera tres criterios: 1) Debe orbitar el Sol; 2) Debe tener masa suficiente para que su propia gravedad le confiera una forma casi redonda (equilibrio hidrostático); y 3) Debe haber despejado la vecindad alrededor de su órbita. Plutón satisfizo los dos primeros criterios, pero falló en el tercero porque comparte su región orbital (el Cinturón de Kuiper) con muchos otros objetos grandes. En consecuencia, Plutón fue reclasificado como un 'planeta enano'."
¿Cuál es la especie de pingüino viva más grande?,"Los pingüinos son un grupo de aves acuáticas, no voladoras. Viven casi exclusivamente en el hemisferio sur, con solo una especie, el pingüino de Galápagos, viviendo al norte del ecuador. Altamente adaptados para la vida en el agua, los pingüinos tienen un plumaje oscuro y blanco en contraste, y sus alas han evolucionado hasta convertirse en aletas. La mayoría de los pingüinos se alimenta de krill, pescado, calamares y otras formas de vida marina capturadas mientras nadan. La especie viva más grande es el pingüino emperador, que mide en promedio alrededor de 1.1 metros (3 pies 7 pulgadas) de altura y pesa 35 kilogramos (77 libras). La especie más pequeña es el pingüino azul pequeño (también conocido como el pingüino hada), que pesa alrededor de 1 kilogramo (2.2 libras).",El pingüino emperador
Clasifique los siguientes términos de fantasía/ciencia ficción según su universo principal: Star Wars (SW) o El Señor de los Anillos (LOTR).,"Anillo, Fuerza, Sable de luz, Mago, Nave espacial, Elfo, Imperio, Orco, Jedi.","SW: Fuerza, Sable de luz, Nave espacial, Imperio, Jedi. LOTR: Anillo, Mago, Elfo, Orco."
Explique las funciones principales del dinero en una economía moderna.,,"El dinero cumple tres funciones cruciales en una economía moderna, reemplazando las ineficiencias inherentes a un sistema de trueque. Primero, es un **medio de cambio**, lo que significa que es aceptado universalmente para comprar y vender bienes y servicios, eliminando la necesidad de una 'doble coincidencia de deseos'. Segundo, actúa como una **unidad de cuenta**, proporcionando una referencia común para fijar el precio de los artículos, comparar valores y calcular deudas. Esto nos permite medir fácilmente el valor de elementos dispares, como un automóvil frente a una barra de pan. Finalmente, el dinero es una **reserva de valor**, lo que permite a los individuos mantener riqueza y diferir el poder adquisitivo hacia el futuro, asumiendo que la inflación sea relativamente estable. Estas tres funciones aseguran el buen funcionamiento del comercio y las finanzas a nivel mundial."
"¿Cuál fue el nombre del primer horno microondas disponible comercialmente, y cuánta energía utilizan hoy en día las unidades residenciales típicas?","Los hornos microondas calientan los alimentos al exponerlos a radiación electromagnética en el rango de frecuencia de las microondas. Esto provoca que las moléculas polares en los alimentos, como el agua, giren y produzcan energía térmica—un proceso conocido como calentamiento dieléctrico. Si bien a menudo se considera una invención moderna, la tecnología básica fue desarrollada por Percy Spencer en 1945. Las unidades residenciales modernas suelen consumir entre 600 y 1.200 vatios de potencia y funcionan a frecuencias de alrededor de 2,45 GHz. Sin embargo, la primera unidad disponible comercialmente, el 'Radarange', pesaba más de 750 libras y medía casi seis pies de altura.","La primera unidad disponible comercialmente fue el 'Radarange', y las unidades residenciales modernas suelen consumir entre 600 y 1.200 vatios de potencia."
¿Qué fue el Tratado de Versalles?,"El Tratado de Versalles fue el más importante de los tratados de paz que pusieron fin a la Primera Guerra Mundial. El Tratado terminó el estado de guerra entre Alemania y las Potencias Aliadas. Fue firmado el 28 de junio de 1919 en Versalles, exactamente cinco años después del asesinato del Archiduque Franz Ferdinand, que había conducido directamente a la guerra. Las otras Potencias Centrales negociaron tratados separados. Aunque el armisticio, firmado el 11 de noviembre de 1918, puso fin a los combates reales, se necesitaron seis meses de negociaciones en la Conferencia de Paz de París para concluir el tratado de paz. El tratado fue registrado por la Secretaría de la Liga de las Naciones el 21 de octubre de 1919. El tratado contenía 440 artículos, que exigían que Alemania asumiera la plena responsabilidad de causar la guerra y estipulaba fuertes pagos de reparaciones, concesiones territoriales significativas y estrictas limitaciones militares.",El Tratado de Versalles fue el más importante de los tratados de paz que formalmente pusieron fin a la Primera Guerra Mundial y concluyeron el estado de guerra entre Alemania y las Potencias Aliadas.
"Escriba un memorando interno de un Gerente de Proyecto al equipo Ejecutivo sobre el incumplimiento del plazo para el 'Despliegue del Software Atlas'. Su memorando debe 1) explicar claramente la causa principal del retraso, 2) solicitar la asignación inmediata de un ingeniero DevOps senior y una ventana de prueba ampliada, y 3) proponer una nueva fase obligatoria de evaluación de riesgos previa al despliegue para todos los proyectos futuros.",,"MEMORANDO

PARA: Equipo de Liderazgo Ejecutivo (ELE)
DE: [Nombre del Gerente de Proyecto], Líder de Despliegue de Atlas
FECHA: 26 de octubre de 2023
ASUNTO: Actualización de estado y Plan de Acción Correctiva para el Retraso en el Despliegue del Software Atlas

Este memorando confirma que se incumplió el despliegue programado para el 25 de octubre del paquete de software Atlas.

1) La causa principal de este retraso fue el descubrimiento de conflictos de integración críticos e imprevistos entre los módulos Atlas recientemente desarrollados y la infraestructura de informes financieros heredada existente (Sistema 3). Si bien se realizaron comprobaciones iniciales de dependencia, la complejidad de los protocolos de manejo de datos del Sistema 3 solo surgió durante las pruebas de estrés finales de alta carga a finales de la semana pasada. Resolver estos problemas requiere conocimientos especializados que superan el alcance actual del equipo de QA.

2) Para estabilizar el cronograma de despliegue y garantizar un lanzamiento exitoso, solicito urgentemente dos recursos críticos:
* La asignación inmediata y dedicada de un ingeniero DevOps senior, específicamente Jane Keller, durante las próximas 72 horas para resolver los complejos cuellos de botella de la API heredada.
* Una expansión oficial de la ventana de prueba en cinco días hábiles adicionales para validar rigurosamente las correcciones antes de reprogramar la fecha de despliegue.

3) De cara al futuro, para mitigar el riesgo de retrasos similares en futuros despliegues críticos, propongo la institución inmediata de una fase obligatoria de Evaluación de Riesgos Previa al Despliegue (ERPD). Esta fase, ejecutada durante la etapa de planificación, exigiría específicamente una auditoría exhaustiva de todos los sistemas heredados interconectados y requeriría la aprobación de los propietarios de los sistemas pertinentes, independientemente de la dependencia percibida.

Agradezco su pronta atención a estas solicitudes. Proporcionaré una estimación de cronograma revisada al final del día hábil una vez que se confirmen los recursos."
¿Qué desafío específico enfrentó Alexander Fleming después de identificar la sustancia que llamó penicilina?,"La penicilina fue descubierta por el médico y microbiólogo escocés Alexander Fleming en 1928, aunque su uso clínico se retrasó por más de una década. Fleming observó notoriamente un moho, *Penicillium notatum*, que contaminaba una placa de Petri en su laboratorio de Londres. Se dio cuenta de que el área inmediatamente circundante a la colonia de moho estaba libre de crecimiento bacteriano (específicamente *Staphylococcus*). Fleming identificó correctamente la sustancia activa como penicilina, pero tuvo dificultades para aislar y purificar el compuesto en una forma estable adecuada para la producción en masa o para un tratamiento humano eficaz. No fue hasta principios de la década de 1940, cuando los científicos de Oxford Howard Florey y Ernst Chain desarrollaron un proceso para purificar y estabilizar la penicilina, que se convirtió en un fármaco terapéutico viable, impactando enormemente las bajas durante la Segunda Guerra Mundial.",Fleming tuvo dificultades para aislar y purificar el compuesto en una forma estable adecuada para la producción en masa o para un tratamiento humano eficaz.
"Enumere las cuatro personas principales involucradas en el descubrimiento y purificación de la insulina según el texto, señalando sus roles específicos.","La insulina fue descubierta en 1921 por Frederick Banting y Charles Best en la Universidad de Toronto. Trabajaron bajo la supervisión de John James Rickard Macleod. Inicialmente, el equipo tuvo dificultades para purificar los extractos pancreáticos. Más tarde, James Collip se unió al esfuerzo y desarrolló un proceso para crear una forma de extracto de insulina suficientemente pura, que fue apodada 'Isletina'. El primer ensayo exitoso en humanos tuvo lugar el 23 de enero de 1922, e involucró a Leonard Thompson, de 14 años. Banting y Macleod recibieron polémicamente el Premio Nobel de Fisiología o Medicina de 1923, un honor que Banting compartió inmediatamente con Best, y Macleod con Collip.",A Frederick Banting y Charles Best se les atribuye el descubrimiento inicial de la insulina. John James Rickard Macleod fue el supervisor del equipo. James Collip fue responsable de desarrollar el proceso de purificación que permitió ensayos exitosos en humanos (creando 'Isletina').
Enumere las principales ventajas económicas y logísticas que las empresas citan para implementar políticas de trabajo remoto permanente.,,"Las principales ventajas citadas a menudo incluyen:
1. Reducción significativa de los costos operativos al minimizar la necesidad de espacio de oficina físico, servicios públicos y servicios asociados.
2. Acceso a una reserva de talento más amplia y no localizada, lo que permite a las empresas contratar especialistas independientemente de su ubicación geográfica.
3. Mayor retención de empleados y satisfacción laboral gracias a una mayor flexibilidad y la eliminación de los estresantes desplazamientos diarios.
4. Productividad mejorada en ciertos roles, ya que los empleados pueden personalizar su entorno de trabajo para maximizar la concentración.
5. Resiliencia organizacional y continuidad del negocio mejoradas durante interrupciones o emergencias locales."
Explica la diferencia entre tiempo atmosférico y clima en una sola frase.,,"El tiempo atmosférico describe las condiciones atmosféricas durante un corto período de tiempo, mientras que el clima describe los patrones meteorológicos promedio durante largos períodos."
"Enumere las cuatro bases nitrogenadas que se encuentran en el ADN, separadas por punto y coma y seguidas de su abreviatura de una sola letra entre paréntesis.","El ácido desoxirribonucleico (ADN) es una molécula compleja que contiene toda la información necesaria para construir y mantener un organismo. El ADN consta de dos largas cadenas de nucleótidos enrolladas entre sí, formando una doble hélice. Cada nucleótido tiene tres partes: un grupo fosfato, una molécula de azúcar (desoxirribosa) y una de las cuatro bases nitrogenadas. Estas bases son Adenina (A), Guanina (G), Citosina (C) y Timina (T). La secuencia de estas bases es lo que determina el código genético.",Adenina (A); Guanina (G); Citosina (C); Timina (T)
¿Cómo debo responder si mi hijo adulto me dice que está luchando contra una depresión grave y está considerando abandonar la universidad?,,"El paso inmediato más importante es validar su dolor y priorizar su bienestar por encima de las preocupaciones académicas. Responda con calma y compasión, enfatizando que su salud es más importante que su título en este momento. Diga: 'Gracias por confiarme esto; lo enfrentaremos juntos.' Ayúdelos inmediatamente a buscar una evaluación profesional: contacte a un centro de consejería universitaria, un médico de atención primaria o un especialista en salud mental. Si es necesario abandonar los estudios, enmárquelo como una 'pausa' o 'licencia médica' para reducir los sentimientos de fracaso, y concéntrese en establecer un sistema de apoyo estable y un plan de tratamiento antes de realizar cualquier cambio logístico importante."
"Proporcione un resumen conciso de las causas y los resultados inmediatos de la Crisis de los Misiles Cubanos (octubre de 1962), asegurándose de que el resumen sea inferior a 200 palabras.",,"La Crisis de los Misiles Cubanos, ocurrida en octubre de 1962, fue una confrontación de 13 días entre Estados Unidos y la Unión Soviética provocada por el despliegue de misiles balísticos soviéticos en Cuba. Las causas clave se derivaron de la escalada de las tensiones de la Guerra Fría, el despliegue de misiles Júpiter por parte de EE. UU. en Turquía y el deseo soviético de proteger a Cuba tras la fallida invasión de Bahía de Cochinos. La crisis alcanzó su punto máximo cuando EE. UU. impuso una cuarentena naval.

La resolución implicó que el líder soviético Jruschov acordara desmantelar los misiles a cambio de una promesa pública de EE. UU. de no invadir Cuba, junto con un acuerdo secreto para retirar los misiles estadounidenses de Turquía. Un resultado inmediato significativo fue el establecimiento de la línea directa Moscú-Washington para facilitar la comunicación directa y prevenir futuras escaladas nucleares."
Resumir los eventos clave y los miembros de la tripulación de la misión Apolo 11 basándose en el texto proporcionado.,"El Apolo 11 fue el vuelo espacial que aterrizó a los dos primeros humanos en la Luna. El comandante Neil Armstrong y el piloto del módulo lunar Buzz Aldrin aterrizaron el módulo lunar Apolo *Eagle* el 20 de julio de 1969, a las 20:17 UTC. Armstrong se convirtió en la primera persona en pisar la superficie lunar seis horas después, el 21 de julio; Aldrin se unió a él 19 minutos después. Pasaron alrededor de dos horas y cuarto juntos fuera de la nave espacial, y recolectaron 47.5 libras (21.5 kg) de material lunar para traer de vuelta a la Tierra. El tercer miembro de la tripulación, Michael Collins, pilotó el módulo de comando *Columbia* solo en órbita lunar mientras Armstrong y Aldrin estaban en la superficie de la Luna. El Apolo 11 fue lanzado por un cohete Saturn V desde el Centro Espacial Kennedy el 16 de julio y regresó a la Tierra, amerizando en el Océano Pacífico, el 24 de julio.","El Apolo 11 fue la misión que aterrizó a los dos primeros humanos en la Luna: el comandante Neil Armstrong (el primero en la superficie) y el piloto del módulo lunar Buzz Aldrin. Aterrizaron el módulo lunar *Eagle* el 20 de julio de 1969. Mientras estaban en la superficie, pasaron alrededor de dos horas y cuarto recolectando 47.5 libras de material lunar. El tercer miembro de la tripulación, Michael Collins, pilotó el módulo de comando *Columbia* en órbita. La misión se lanzó el 16 de julio y amerizó en el Océano Pacífico el 24 de julio."
¿Cuál se considera actualmente el problema ético más desafiante que enfrenta la implementación de IA a gran escala?,,"El problema de la rendición de cuentas y el problema de la 'caja negra' es primordial. Dado que muchos modelos avanzados de IA utilizan el aprendizaje profundo, lo que hace que su proceso de toma de decisiones sea opaco, determinar quién es responsable cuando una IA toma una decisión perjudicial o discriminatoria (el programador, el usuario o la propia IA) se vuelve casi imposible. Esta falta de transparencia socava los marcos legales y éticos de rendición de cuentas."
Necesito ordenar rápidamente mi cocina antes de que lleguen los invitados. ¿Cuáles son tres tareas esenciales en las que debería centrarme?,,"Deberías centrarte en despejar rápidamente el fregadero y lavar cualquier plato, limpiar todas las superficies accesibles de la encimera, y barrer o limpiar las manchas del área visible del suelo."
"Enumera las capitales de los siguientes países miembros del G7: Canadá, Francia, Alemania, Italia, Japón, Reino Unido y Estados Unidos.",,"Canadá: Ottawa
Francia: París
Alemania: Berlín
Italia: Roma
Japón: Tokio
Reino Unido: Londres
Estados Unidos: Washington, D.C."
"¿Quién descubrió Plutón, y en qué año y lugar se hizo oficialmente el descubrimiento?","Plutón fue descubierto oficialmente el 18 de febrero de 1930 por Clyde Tombaugh en el Observatorio Lowell en Arizona. Su existencia había sido predicha anteriormente debido a las perturbaciones observadas en las órbitas de Urano y Neptuno, lo que llevó a los astrónomos a buscar un ""Planeta X"". Tombaugh encontró Plutón comparando sistemáticamente placas fotográficas tomadas con varios días de diferencia, buscando objetos que se movieran contra el fondo de las estrellas. La convención de nombres fue obtenida por colaboración abierta (crowdsourcing), y el nombre ""Plutón"", sugerido por Venetia Burney, de 11 años, fue elegido oficialmente más tarde ese año.",Clyde Tombaugh descubrió Plutón en 1930 en el Observatorio Lowell en Arizona.
¿Cuál es la cordillera continental más larga del mundo?,,"La cordillera continental más larga es la de los Andes. Se extiende aproximadamente 7,000 kilómetros (4,300 millas) y recorre toda la costa occidental de América del Sur, pasando por siete países diferentes."
¿Por qué los gases nobles son en gran medida poco reactivos?,,"Los gases nobles son en gran medida poco reactivos porque poseen un complemento completo de electrones de valencia en su capa de energía más externa (un octeto, o un dueto para el helio). Esta configuración electrónica estable los hace resistentes a ganar, perder o compartir electrones, que son los procesos fundamentales necesarios para formar enlaces químicos."
¿Cuáles son las características distintivas que hacen a Vesta único entre los asteroides?,"Vesta es el segundo cuerpo más masivo del cinturón de asteroides, situado entre Marte y Júpiter. A diferencia de muchos asteroides más pequeños, Vesta exhibe una diferenciación planetaria significativa, lo que significa que tiene un núcleo, manto y corteza distintos. Es el cuerpo parental de los meteoritos HED (Howarditas, Eucritas y Diogenitas) que caen frecuentemente a la Tierra, proporcionando a los científicos valiosas muestras de su composición. La nave espacial Dawn orbitó Vesta de 2011 a 2012, confirmando su estructura en capas y descubriendo su cráter de impacto de anillo central inusualmente grande, Rheasilvia.","Vesta exhibe una diferenciación planetaria significativa, lo que significa que posee un núcleo, manto y corteza distintos. Además, es el cuerpo parental de los meteoritos HED."
¿Qué causó que las alas de Ícaro fallaran?,"Dédalo, un maestro artesano, fabricó alas de cera y plumas para que él y su hijo, Ícaro, pudieran escapar del encarcelamiento en Creta. Dédalo advirtió estrictamente a su hijo: no vueles demasiado cerca del mar, ya que la humedad pesaría sobre las plumas, ni demasiado alto, ya que el calor del sol seguramente derretiría la cera que unía las alas. Ignorando las súplicas desesperadas de su padre, Ícaro se elevó cada vez más alto, embriagado por la libertad del vuelo. Al acercarse al sol, la cera se ablandó y se disolvió, las plumas se desprendieron e Ícaro se hundió en el mar.",El calor del sol derritió la cera que unía las alas.
¿Qué está lleno de agujeros pero aún retiene agua?,,Una esponja.
"¿Según el texto proporcionado, qué dos mecanismos principales permiten a una Red Neuronal Convolucional (CNN) reducir la complejidad computacional y el recuento de parámetros en comparación con las redes tradicionales?","Una Red Neuronal Convolucional (CNN) es una clase de redes neuronales profundas, aplicada más comúnmente al análisis de imágenes visuales. Se distinguen por el uso de capas de convolución, que aplican un filtro a los datos de entrada para crear un mapa de características, permitiendo a la red aprender jerarquías espaciales. A diferencia de las redes neuronales de propagación directa tradicionales, las CNN reducen significativamente la cantidad de parámetros necesarios mediante el uso de pesos compartidos y capas de agrupación (pooling). Las capas de agrupación, como el max-pooling, reducen la dimensionalidad de los mapas de características, lo que ayuda a prevenir el sobreajuste y hace que el cálculo sea más manejable. La capa totalmente conectada, que normalmente se encuentra al final de la arquitectura, toma las características de alto nivel aprendidas por las capas convolucionales y las utiliza para clasificar la imagen de entrada.","Una CNN reduce la complejidad principalmente mediante el uso de pesos compartidos inherentes a las capas de convolución, y en segundo lugar, mediante el uso de capas de agrupación (pooling) (como max-pooling), que reducen la dimensionalidad de los mapas de características."
¿Cuál es el símbolo químico del oro?,,El símbolo químico del oro es Au.
Explica el concepto de recursividad.,,"La recursividad es una técnica de programación en la que una función se llama a sí misma, ya sea directa o indirectamente, para resolver un problema. La idea central es desglosar un problema complejo en subproblemas idénticos más pequeños. Para que una función recursiva termine y evite un bucle infinito, debe tener dos partes esenciales: 1) El Caso Base: Una condición que detiene la recursión, proporcionando una solución directa para la instancia más simple del problema. 2) El Paso Recursivo: Donde la función se llama a sí misma con la entrada modificada, acercándose al caso base. Una analogía clásica es colocar dos espejos uno frente al otro; el reflejo contiene una versión más pequeña de la imagen general, que continúa infinitamente a menos que se introduzca una regla de parada (caso base)."
"Extrae el nombre completo del dinosaurio, su año de descubrimiento y su característica definitoria del texto de entrada, presentando el resultado como una lista estructurada donde la característica sigue al nombre y al año entre paréntesis.","Triceratops horridus, descubierto en 1887, sigue siendo uno de los dinosaurios con cuernos más reconocibles. Más tarde, en 1905, el inmenso Tyrannosaurus rex fue nombrado formalmente. Un tercer hallazgo significativo, que data de 1877, fue Stegosaurus armatus, destacado por sus placas y púas en la cola.","*   Triceratops horridus (1887): dinosaurios con cuernos
*   Tyrannosaurus rex (1905): dinosaurio inmenso
*   Stegosaurus armatus (1877): placas y púas en la cola"
Describa la construcción e importancia económica del Canal de Panamá.,,"El Canal de Panamá es una vía fluvial artificial que conecta el Océano Atlántico con el Océano Pacífico, construido principalmente para acortar la ruta marítima entre América del Norte y América del Sur. La construcción comenzó bajo los franceses en 1881, pero fracasó debido a enfermedades y dificultades de ingeniería. Estados Unidos se hizo cargo del proyecto en 1904 y lo completó en 1914. Económicamente, el canal es vital, permitiendo a los buques evitar la ruta larga y peligrosa alrededor del Cabo de Hornos. Es un punto de estrangulamiento crítico para el comercio marítimo mundial, manejando millones de toneladas de carga anualmente y reduciendo significativamente los costos de transporte en todo el mundo."
"¿Cuál es el único país cuya bandera no presenta los colores rojo, blanco o azul?",,Libia (refiriéndose a la bandera utilizada entre 1977 y 2011).
Explique el concepto de entrelazamiento cuántico y su importancia.,,"El entrelazamiento cuántico es un fenómeno físico en el que dos o más partículas se vinculan de tal manera que comparten el mismo estado cuántico, independientemente de la distancia espacial que las separe. Cuando las partículas están entrelazadas, medir una propiedad cuántica específica (como el espín o la polarización) de una partícula determina instantáneamente la propiedad correspondiente de la(s) otra(s) partícula(s) del par. Esta correlación existe incluso si las partículas están separadas por grandes distancias, lo que llevó a Albert Einstein a referirse famosamente al efecto como “aacción fantasmagórica a distancia”, ya que parece implicar una transferencia de información más rápida que la velocidad de la luz (aunque ninguna información clásica puede transmitirse realmente de esta manera).

El entrelazamiento surge porque la función de onda cuántica que describe el sistema no puede factorizarse en funciones de onda separadas para cada partícula constituyente. Es una característica fundamental de la mecánica cuántica y se considera un recurso crítico para el desarrollo de tecnologías de próxima generación. Su importancia radica principalmente en la ciencia de la información cuántica, formando la base para aplicaciones prácticas como la criptografía cuántica (comunicación segura), la computación cuántica (que permite aceleraciones exponenciales para ciertos problemas computacionales a través de qubits) y la teletransportación cuántica."
Enumera los cuatro planetas interiores rocosos de nuestro sistema solar.,,"Mercurio, Venus, Tierra y Marte."
"Usando el texto proporcionado, enumera las cuatro lunas galileanas, presentándolas en una lista numerada.","Las cuatro lunas más grandes de Júpiter son conocidas colectivamente como las lunas galileanas, nombradas en honor a su descubridor, Galileo Galilei, en 1610. Estas lunas orbitan Júpiter en caminos predecibles. Io, la más interna de las cuatro, es volcánicamente activa. Europa es conocida por su suave capa helada, lo que sugiere un océano subsuperficial. Ganymede es la luna más grande de todo el sistema solar y es la única conocida por tener su propia magnetosfera. Callisto, la más externa del grupo, está muy craterizada y parece geológicamente muerta.","1. Io
2. Europa
3. Ganymede
4. Callisto"
"Basándose en el siguiente texto sobre la historia de Internet, extraiga el año en que se envió el primer mensaje y la institución que desarrolló la tecnología central.","La historia de Internet comienza con el desarrollo de las computadoras electrónicas en la década de 1950. El concepto de redes de área amplia fue iniciado por la investigación en la conmutación de paquetes, que fue crucial para la transmisión de datos. El precursor principal de Internet fue ARPANET, establecido por la Agencia de Proyectos de Investigación Avanzada (ARPA) del Departamento de Defensa de EE. UU. ARPANET entregó con éxito su primer mensaje el 29 de octubre de 1969, desde una computadora en UCLA a otra en el Stanford Research Institute. Esta tecnología fundamental, centrada en la conmutación de paquetes y los protocolos TCP/IP iniciales, fue desarrollada y financiada en gran medida por ARPA, más tarde renombrada DARPA.",El primer mensaje fue enviado en 1969. La tecnología central fue desarrollada y financiada por la Agencia de Proyectos de Investigación Avanzada (ARPA) del Departamento de Defensa de EE. UU.
Explica el concepto central del Principio de Incertidumbre de Heisenberg.,,"El Principio de Incertidumbre de Heisenberg establece que es fundamentalmente imposible medir con precisión tanto la posición como el momento lineal de una partícula simultáneamente. Cuanto más precisamente se conoce una propiedad, menos precisamente se puede conocer la otra."
Enumera las cinco capas principales de la atmósfera terrestre comenzando desde la superficie y avanzando hacia afuera.,,"Las cinco capas principales de la atmósfera terrestre, comenzando más cerca del suelo, son:
1. Troposfera: Donde ocurre todo el tiempo atmosférico.
2. Estratosfera: Contiene la capa de ozono, que absorbe la radiación ultravioleta.
3. Mesosfera: Donde la mayoría de los meteoros se queman al entrar.
4. Termosfera: La capa donde ocurren las auroras (Luces del Norte y del Sur).
5. Exosfera: La capa más externa que eventualmente se desvanece en el espacio."
Explique el papel y la importancia de una especie clave en un ecosistema.,,"Una especie clave es un organismo que tiene un efecto desproporcionadamente grande en su entorno natural en relación con su abundancia. Dichas especies son fundamentales para mantener la estructura de una comunidad ecológica, afectando a muchos otros organismos en el ecosistema y determinando los tipos y números de varias especies presentes. Si se elimina una especie clave, el ecosistema a menudo cambia drásticamente o colapsa por completo, un concepto demostrado por el papel ecológico de las nutrias marinas o los lobos grises."
¿Cuál es el punto más profundo conocido en los océanos de la Tierra y qué profundidad tiene?,,"El punto más profundo conocido es el Abismo Challenger (Challenger Deep), ubicado en la Fosa de las Marianas en el Océano Pacífico occidental. Su profundidad máxima medida es de aproximadamente 10,935 metros (35,876 pies) por debajo del nivel del mar. Esta profundidad es casi 2,000 metros mayor que la altura del Monte Everest sobre el nivel del mar."
¿Qué es la deuda técnica en el desarrollo de software?,,"La deuda técnica es un concepto en el desarrollo de software que refleja el coste implícito del trabajo adicional causado por elegir ahora una solución fácil (limitada) en lugar de utilizar un enfoque mejor que llevaría más tiempo. Es una metáfora de la compensación entre velocidad y calidad. Al igual que la deuda financiera, la deuda técnica debe pagarse eventualmente (mediante la refactorización o la reelaboración de componentes) o el proyecto sufrirá un aumento de los costes de mantenimiento, una reducción de la agilidad y un colapso final."
¿En qué dos campos científicos diferentes ganó Marie Curie Premios Nobel?,"Marie Skłodowska Curie fue una física y química polaca y francesa nacionalizada que llevó a cabo investigaciones pioneras sobre la radioactividad. Fue la primera mujer en ganar un Premio Nobel, la primera persona y única mujer en ganar el Premio Nobel dos veces, y la única persona en ganar el Premio Nobel en dos campos científicos diferentes. Compartió su primer premio, el Premio Nobel de Física de 1903, con su esposo Pierre Curie y el físico Henri Becquerel. Su segundo premio, el Premio Nobel de Química de 1911, fue otorgado únicamente por su trabajo en el aislamiento de radio puro.",Física y Química
Enumere tres superalimentos altamente nutritivos adecuados para un desayuno rápido.,,"1. Arándanos (alto contenido de antioxidantes)
2. Yogur Griego (impulso de proteínas)
3. Semillas de Chía (fibra y omega-3)"
Escribe una función concisa de Python llamada `is_prime` que determine si un entero positivo dado `n` es un número primo.,,"python
def is_prime(n):
    if n <= 1:
        return False
    for i in range(2, int(n**0.5) + 1):
        if n % i == 0:
            return False
    return True
"
¿Cuál es la importancia de la Piedra Rosetta?,,"La Piedra Rosetta es un antiguo artefacto egipcio descubierto en 1799. Contiene el mismo decreto inscrito en tres escrituras: jeroglíficos egipcios, escritura demótica y griego antiguo. Su importancia principal es que proporcionó la clave necesaria para descifrar los jeroglíficos egipcios, que habían sido ilegibles durante casi dos milenios, permitiendo a los académicos modernos comprender la cultura e historia del antiguo Egipto."
"¿En qué año le fue otorgado el Premio Nobel de Física a Marie Curie, según el texto proporcionado?","Marie Skłodowska Curie fue una física y química polaca y naturalizada francesa que realizó investigaciones pioneras sobre la radioactividad. Fue la primera mujer en ganar un Premio Nobel, la primera persona y única mujer en ganar el Premio Nobel dos veces, y la única persona en ganar el Premio Nobel en dos campos científicos diferentes. Junto con su esposo, Pierre Curie, y el físico Henri Becquerel, fue galardonada con el Premio Nobel de Física de 1903. Posteriormente, ganó el Premio Nobel de Química de 1911 por su descubrimiento de los elementos polonio y radio.",1903
"Enumera los ocho planetas principales de nuestro sistema solar en orden, comenzando por el más cercano al sol, y preséntalos como una lista numerada.",,"1. Mercurio
2. Venus
3. Tierra
4. Marte
5. Júpiter
6. Saturno
7. Urano
8. Neptuno"
Imagina que pudieras viajar de vuelta al Londres del siglo XVII. ¿Qué tecnología moderna causaría la mayor disrupción social?,,"Un sistema de purificación de agua simple y fiable (como filtros cerámicos modernos o conocimientos básicos de cloración). Aunque la tecnología llamativa como los teléfonos inteligentes sería inútil sin infraestructura, el agua limpia de fácil acceso eliminaría inmediatamente el cólera y el tifus, aumentando masivamente la esperanza de vida y reduciendo la tasa de mortalidad de la clase trabajadora. Este repentino auge demográfico y la mejora de la salud reformarían fundamentalmente la fuerza laboral de la ciudad, las necesidades de vivienda y las políticas de salud pública, provocando una evolución social rápida y no planificada."
"Redactar un Procedimiento Operativo Estándar (POE) para el procesamiento de devoluciones de clientes en una empresa de comercio electrónico. El POE debe incluir una Declaración de Política formal, un Alcance claramente definido, Responsabilidades enumeradas para los departamentos involucrados, un Procedimiento Detallado Paso a Paso, una lista de Formularios/Sistemas Requeridos y Definiciones Clave.","Nombre de la Compañía: Stellar Goods Inc.
Ventana de Devolución: 30 días desde la entrega.
Condición para la Aceptación: Debe estar en el embalaje original y sin usar/sin daños.
Sistemas de Procesamiento Utilizados: ZenDesk (para interacción/seguimiento del cliente) y QuickBooks (para transacciones financieras).","## PROCEDIMIENTO OPERATIVO ESTÁNDAR (POE)

**Título:** Procesamiento de Devoluciones de Clientes
**ID POE:** SG-CUST-RTRN-001
**Fecha Efectiva:** 2024-08-01
**Revisión:** 1.0

---

### 1. Declaración de Política

Es política de Stellar Goods Inc. garantizar un proceso oportuno, preciso y consistente para la gestión de devoluciones de clientes. Todas las devoluciones elegibles, según lo definido por la ventana de devolución de 30 días de la compañía y los requisitos de condición del producto, deben ser procesadas y registradas con precisión, con los reembolsos iniciados dentro de los siete (7) días hábiles posteriores a la recepción del artículo devuelto.

### 2. Alcance

Este POE se aplica a toda la mercancía comprada directamente a Stellar Goods Inc. a través del sitio web oficial de comercio electrónico y cubre las acciones tomadas por los Departamentos de Servicio al Cliente, Control de Calidad (CC) y Contabilidad con respecto a la autorización, seguimiento, inspección y procesamiento financiero de los artículos devueltos.

### 3. Responsabilidades

| Departamento | Responsabilidad |
| :--- | :--- |
| **Representante de Servicio al Cliente (RSC)** | Contacto inicial con el cliente, verificación de la elegibilidad de la devolución, emisión del número de Autorización de Devolución de Mercancía (RMA) y comunicación con el cliente a través de ZenDesk. |
| **Equipo de Almacén/Control de Calidad (CC)** | Recepción de la mercancía devuelta, inspección detallada de la condición del producto y confirmación de los resultados de la inspección al departamento de Contabilidad. |
| **Departamento de Contabilidad** | Procesamiento final de los reembolsos a través de QuickBooks, conciliación de la transacción y confirmación del inicio del reembolso al equipo de RSC. |

### 4. Procedimiento Paso a Paso

#### A. Iniciación y Autorización (RSC)

1.  **Recibir Solicitud:** El RSC recibe una solicitud de devolución por teléfono, correo electrónico o ticket de ZenDesk. El RSC actualiza el estado del ticket de ZenDesk a 'Pendiente de Revisión'.
2.  **Verificar Elegibilidad:** El RSC verifica la fecha del pedido original y la fecha de entrega con respecto a la política de Ventana de Devolución de 30 días. El RSC también confirma el motivo de la devolución del cliente y verifica los requisitos de condición del artículo (sin usar, embalaje original).
3.  **Emitir RMA:** Si la devolución es elegible, el RSC genera un número único de Autorización de Devolución de Mercancía (RMA). Este número se registra en el ticket de ZenDesk y se utiliza para todo el seguimiento posterior.
4.  **Proporcionar Instrucciones de Envío:** El RSC proporciona al cliente la etiqueta de envío prepagada e instrucciones para el embalaje del artículo. Se informa al cliente que el reembolso se procesará solo después de que el artículo pase la inspección.
5.  **Actualización de Seguimiento:** El RSC actualiza el estado del ticket de ZenDesk a 'Pendiente de Devolución'.

#### B. Recepción e Inspección (Equipo de CC)

1.  **Llegada del Artículo:** El equipo de Almacén recibe el paquete e inmediatamente registra el paquete y el número de RMA asociado en el registro diario de devoluciones.
2.  **Inspección:** El Equipo de CC inspecciona el artículo según los criterios: 1) Coincide con el número de RMA, 2) Artículo sin usar, 3) Artículo en embalaje original, 4) Artículo sin daños.
3.  **Documentación de la Inspección:** 
    *   *Si es Aprobado:* El equipo de CC firma el Formulario de Inspección, señalando 'Inspección Aprobada', y remite el formulario digitalmente al Departamento de Contabilidad.
    *   *Si es Rechazado:* El equipo de CC documenta el motivo del rechazo (ej., dañado, usado, componentes faltantes) y notifica inmediatamente al equipo de RSC a través del ticket de ZenDesk.

#### C. Procesamiento Financiero y Cierre (Contabilidad/RSC)

1.  **Procesamiento de Reembolso (Contabilidad):** Al recibir la notificación de 'Inspección Aprobada', el Departamento de Contabilidad localiza la transacción de venta original en QuickBooks utilizando el número de RMA. Se verifica el monto del reembolso (menos cualquier tarifa de reposición, si corresponde).
2.  **Iniciar Reembolso:** Contabilidad inicia la transacción de reembolso a través de QuickBooks de vuelta al método de pago original. Se registra el ID de la transacción de reembolso.
3.  **Notificación (RSC):** El Departamento de Contabilidad actualiza el ticket de ZenDesk con el ID de la transacción de reembolso. El RSC luego envía un correo electrónico de confirmación final al cliente, informándole que el reembolso ha sido procesado (señalando el retraso bancario estándar de 3 a 5 días hábiles).
4.  **Cierre del Ticket:** El RSC cambia el estado del ticket de ZenDesk a 'Cerrado/Reembolsado'.

### 5. Formularios y Sistemas Requeridos

*   **ZenDesk:** Utilizado para rastrear todas las interacciones con el cliente, emitir números de RMA y comunicación interna.
*   **QuickBooks Enterprise:** Utilizado para registrar transacciones financieras, emitir notas de crédito y procesar reembolsos.
*   **Formulario de Inspección RMA:** Formulario físico/digital obligatorio completado por el Equipo de CC para documentar la condición de los bienes devueltos.

### 6. Definiciones Clave

*   **Autorización de Devolución de Mercancía (RMA):** Un código alfanumérico único emitido al cliente que autoriza la devolución y permite a Stellar Goods Inc. rastrear el artículo a través de todas las etapas del proceso.
*   **Ventana de Devolución:** El período de 30 días posterior a la fecha de entrega original durante el cual un cliente es elegible para solicitar una devolución.
*   **CC:** Control de Calidad; el equipo designado responsable de inspeccionar la condición física de los productos devueltos.
*   **Nota de Crédito:** El documento contable interno generado en QuickBooks que autoriza la reversión financiera de la venta original."
"¿Cuál era el nombre del módulo lunar utilizado durante la misión Apolo 11, y quién permaneció en órbita?","La misión Apolo 11 fue lanzada el 20 de julio de 1969. La tripulación estaba compuesta por el Comandante Neil Armstrong, el Piloto del Módulo Lunar Buzz Aldrin y el Piloto del Módulo de Comando Michael Collins. Armstrong y Aldrin fueron los primeros humanos en aterrizar en la Luna, realizando su Actividad Extravehicular (EVA) en la superficie lunar el 20 de julio. Collins permaneció en órbita lunar a bordo del módulo de comando, Columbia. El módulo lunar se llamaba Eagle.","El módulo lunar se llamaba Eagle, y Michael Collins permaneció en órbita lunar a bordo del módulo de comando."
Describe el Puente Golden Gate.,"El Puente Golden Gate es un puente colgante que cruza el Golden Gate, el estrecho de una milla de ancho (1.6 km) que conecta la Bahía de San Francisco y el Océano Pacífico. La construcción comenzó el 5 de enero de 1933 y se completó en abril de 1937, abriendo al tráfico peatonal el 27 de mayo de 1937. Fue diseñado por el ingeniero Joseph Strauss y el arquitecto Irving Morrow. Morrow seleccionó el color distintivo del puente, un bermellón naranja llamado Naranja Internacional. Durante 27 años después de su finalización, el Puente Golden Gate tuvo el tramo principal de puente colgante más largo del mundo.","El Puente Golden Gate es un puente colgante que cruza el estrecho de Golden Gate, conectando la Bahía de San Francisco y el Océano Pacífico. La construcción comenzó en 1933 y el puente se inauguró en mayo de 1937. Fue diseñado principalmente por Joseph Strauss e Irving Morrow, quienes seleccionaron su icónico color bermellón naranja, conocido como Naranja Internacional. Tras su finalización, el puente mantuvo el récord del tramo principal de puente colgante más largo del mundo durante casi tres décadas, y hoy sigue siendo uno de los hitos más reconocibles de California y Estados Unidos."
¿Cuándo es la fecha límite final para la presentación de la propuesta?,"El cronograma del proyecto describe tres fases: investigación a partir del 1 de marzo, redacción que concluye el 15 de abril, y la fecha límite de presentación oficial e innegociable está fijada para el 30 de mayo del año en curso.",30 de mayo
Enumera y describe los principales tipos de galaxias.,,"Las galaxias se clasifican principalmente en tres tipos principales según su apariencia visual. Las galaxias espirales, como la Vía Láctea, se caracterizan por un disco plano y giratorio con un bulbo central y prominentes brazos espirales. Las galaxias elípticas son generalmente lisas, sin rasgos distintivos, y varían desde formas casi esféricas hasta altamente aplanadas. A menudo contienen estrellas más viejas y tenues. Las galaxias irregulares carecen de una estructura regular definida y son a menudo el resultado de interacciones gravitacionales o colisiones."
"Identifique todos los años de cuatro dígitos mencionados en el texto y enumérelos en orden ascendente, separados por punto y coma.","La empresa fue fundada en 1998. Lanzó su producto estrella, el Alpha V, en 2005, que rápidamente ganó cuota de mercado. En 2011 se produjo un importante esfuerzo de retirada debido a problemas de seguridad. Sin embargo, la empresa se estabilizó con éxito y logró su mayor valoración de 5 mil millones de dólares en 2023. La valoración más baja registrada fue de 50 millones de dólares en 2000.",1998; 2000; 2005; 2011; 2023
Esquematiza los pasos básicos para configurar un nuevo entorno virtual de Python utilizando el módulo `venv` incorporado.,,"1. Abre tu terminal o símbolo del sistema y navega al directorio de tu proyecto.
2. Ejecuta el comando de creación: `python3 -m venv env_name` (Reemplaza `env_name` con el nombre de entorno deseado).
3. Activa el entorno:
   *   **macOS/Linux:** `source env_name/bin/activate`
   *   **Windows (PowerShell):** `.\env_name\Scripts\Activate.ps1`
   *   **Windows (cmd):** `.\env_name\Scripts\activate.bat`
4. Una vez activo, el nombre del entorno aparecerá en tu indicador. Ahora puedes instalar dependencias usando `pip install package_name`."
"¿Basándose en la descripción proporcionada del planeta Marte, ¿qué característica le da su apodo característico de 'Planeta Rojo'?","Marte es el cuarto planeta desde el Sol y el segundo planeta más pequeño del Sistema Solar, después de Mercurio. Nombrado en honor al dios romano de la guerra, a menudo se lo conoce como el 'Planeta Rojo' porque el óxido de hierro predominante en su superficie le da una apariencia rojiza. Es un planeta terrestre con una atmósfera delgada compuesta principalmente de dióxido de carbono. La montaña más alta conocida en el Sistema Solar, Olympus Mons, se encuentra en Marte, con una altura de unos 21,9 km (13,6 millas).",El óxido de hierro predominante en su superficie le da una apariencia rojiza.
"Clasifica a los siguientes científicos basándose en si su campo de estudio principal fue la Física o la Biología: Albert Einstein, Charles Darwin, Marie Curie, Gregor Mendel, Isaac Newton, Rosalind Franklin.",,"Física - Albert Einstein, Marie Curie, Isaac Newton
Biología - Charles Darwin, Gregor Mendel, Rosalind Franklin"
Escribe una función de Python que calcule el factorial de un entero no negativo dado usando recursión.,,"python
def factorial_recursive(n):
    """"""Calcula el factorial de n usando recursión.""""""
    if not isinstance(n, int) or n < 0:
        raise ValueError(""La entrada debe ser un entero no negativo."")
    
    # Caso base
    if n == 0:
        return 1
    
    # Paso recursivo
    return n * factorial_recursive(n - 1)

# Ejemplo de uso:
# print(factorial_recursive(5))  # Devuelve 120
# print(factorial_recursive(0))  # Devuelve 1
"
"¿Cuáles son las principales diferencias entre Wi-Fi 5 (802.11ac) y Wi-Fi 6 (802.11ax)? ¿Debería actualizar mi router si mi uso principal es la transmisión de video 4K, jugar juegos competitivos en línea y soportar más de 15 dispositivos inteligentes para el hogar?",,"Wi-Fi 6 (802.11ax) ofrece mejoras significativas respecto a Wi-Fi 5 (802.11ac), centrándose principalmente en la eficiencia y la capacidad en lugar de solo en la velocidad máxima.

Diferencias Clave:

1. OFDMA (Acceso Múltiple por División de Frecuencia Ortogonal): Wi-Fi 6 introdujo OFDMA, que permite al router dividir un único canal en unidades de recursos más pequeñas, posibilitando que múltiples flujos de datos de bajo ancho de banda (como comandos de hogar inteligente) se envíen simultáneamente. Wi-Fi 5 envía datos secuencialmente.

2. MU-MIMO (Múltiples Entradas, Múltiples Salidas para Múltiples Usuarios): Aunque estaba presente en Wi-Fi 5, Wi-Fi 6 expandió MU-MIMO para cubrir tanto el enlace ascendente como el descendente, permitiendo que el router se comunique con múltiples dispositivos a la vez en ambas direcciones.

3. Target Wake Time (TWT - Tiempo de Activación Objetivo): Esta característica permite a los dispositivos programar cuándo deben activarse para recibir datos, mejorando significativamente la duración de la batería de los dispositivos conectados.

4. Capacidad y Velocidad: Wi-Fi 6 utiliza 1024-QAM (comparado con los 256-QAM de Wi-Fi 5), aumentando el rendimiento de los datos hasta en un 25%. También opera en las bandas de 2.4 GHz y 5 GHz, a diferencia de Wi-Fi 5, que generalmente estaba limitado a 5 GHz.

Recomendación de Actualización:

Sí, definitivamente deberías considerar la actualización. Si bien Wi-Fi 5 puede manejar una única transmisión 4K, soportar más de 15 dispositivos inteligentes y juegos competitivos requiere baja latencia y alta eficiencia de red. Las mejoras de Wi-Fi 6 en OFDMA y el MU-MIMO mejorado están diseñadas específicamente para gestionar una alta densidad de dispositivos y minimizar la congestión de la red, proporcionando una experiencia mucho más fluida y confiable tanto para la transmisión como para los juegos bajo carga pesada."
¿Quién inventó la World Wide Web y qué acción específica tomada por el CERN aceleró su uso público generalizado?,"La World Wide Web (WWW) fue inventada por el científico británico Tim Berners-Lee en 1989 mientras trabajaba en el CERN. Inicialmente, fue diseñada como una herramienta para el intercambio automatizado de información entre científicos. El primer navegador web, también llamado WorldWideWeb, fue creado en 1990. Fundamentalmente, en 1993, el CERN puso la tecnología web central a disposición del público de forma gratuita, lo que permitió su rápida adopción global. Si bien la Web a menudo se confunde con Internet, Internet es la red fundamental de computadoras conectadas, establecida principalmente a través de ARPANET a fines de la década de 1960.",La World Wide Web fue inventada por el científico británico Tim Berners-Lee en 1989. Su uso público generalizado se aceleró en 1993 cuando el CERN puso la tecnología web central a disposición del público de forma gratuita.
¿Cuáles son los pasos esenciales que debo seguir para iniciar un negocio de tutoría en línea exitoso?,,"Iniciar un negocio de tutoría en línea requiere una planificación cuidadosa en varios ámbitos. Los pasos esenciales incluyen: 1. Definición y planificación del nicho: Identifique sus materias principales, público objetivo (por ejemplo, matemáticas de primaria, preparación para exámenes universitarios) y una estructura de precios competitiva. 2. Configuración legal y financiera: Registre su negocio (empresa unipersonal o LLC), obtenga las licencias necesarias y abra una cuenta bancaria comercial dedicada. 3. Infraestructura tecnológica: Seleccione una plataforma confiable de videoconferencias (Zoom, Google Meet), integre un sistema de pago seguro (Stripe, PayPal) y establezca un sitio web profesional o una plataforma de programación. 4. Desarrollo de contenido: Cree materiales atractivos y de alta calidad, planes de lecciones y evaluaciones prácticas específicas para su nicho. 5. Marketing y alcance: Utilice marketing en redes sociales, asociaciones con escuelas locales y optimización SEO. Ofrezca una sesión introductoria gratuita para generar confianza y recopilar testimonios iniciales."
¿Cuándo comenzó oficialmente el ensamblaje de la Estación Espacial Internacional?,"El ensamblaje de la Estación Espacial Internacional (EEI) comenzó en 1998 con el lanzamiento del módulo de control Zarya. Zarya, que significa 'amanecer' en ruso, fue lanzado por un cohete ruso Protón desde el Cosmódromo de Baikonur el 20 de noviembre de 1998. Este módulo proporcionó la propulsión inicial y el almacenamiento de energía para la estación.","El ensamblaje de la Estación Espacial Internacional comenzó el 20 de noviembre de 1998, con el lanzamiento del módulo de control Zarya."
¿Cuál es el planeta más grande de nuestro sistema solar?,,"El planeta más grande de nuestro sistema solar es Júpiter. Es un gigante gaseoso, tan masivo que representa más de dos tercios de la masa de todos los demás planetas combinados. Su característica más famosa es la Gran Mancha Roja, una tormenta continua más grande que la Tierra."
Identifica al autor griego antiguo tradicionalmente acreditado con la composición de La Odisea y La Ilíada.,,Homero
Proporciona tres razones por las que los calcetines desaparecen en la secadora.,,"1. La secadora funciona como un vórtice temporal, desviando los artículos individuales que no están completamente emparejados para equilibrar la producción de energía de la máquina. 2. Son recogidos por diminutos y organizados ratones de polvo que los utilizan para construir gorros de invierno. 3. Los gnomos de la lavandería—pequeñas criaturas burocráticas que gestionan las telas del hogar—han marcado el calcetín como 'no conforme' y lo han archivado en el 'Archivo de Telas Desparejadas' situado detrás del filtro de pelusas."
"Describe las capas de la atmósfera terrestre, comenzando por la más cercana a la superficie.",,"La atmósfera se divide en cinco capas principales basadas principalmente en cambios de temperatura. Son, en orden: 1. Troposfera (0-12 km): Donde ocurre el clima, la temperatura disminuye con la altitud. 2. Estratosfera (12-50 km): Contiene la capa de ozono, la temperatura aumenta con la altitud. 3. Mesosfera (50-85 km): La capa más fría, donde la mayoría de los meteoros se queman. 4. Termosfera (85-600 km): Altas temperaturas debido a la intensa radiación solar, ubicación de las Luces del Norte y del Sur (auroras). 5. Exosfera (600 km+): La capa más externa que se desvanece gradualmente en el espacio."
"Enumera las tres eras principales del Eón Fanerozoico, junto con sus períodos de tiempo generales y una característica breve.",,"1) **Era Cenozoica** (Vida Reciente): Hace 66 millones de años (Ma) hasta el presente. Conocida como la Edad de los Mamíferos.
2) **Era Mesozoica** (Vida Media): 252 a 66 Ma. Conocida como la Edad de los Reptiles (dinosaurios).
3) **Era Paleozoica** (Vida Antigua): 541 a 252 Ma. Caracterizada por la explosión cámbrica y el surgimiento de peces y plantas terrestres tempranas."
¿Cuál es el símbolo químico del oro?,,Au
Explique el papel de los algoritmos de hashing.,Un algoritmo de hash es una función matemática que comprime una entrada de datos de tamaño arbitrario (el 'mensaje') en una cadena de caracteres de tamaño fijo (el 'hash' o 'resumen del mensaje'). Este proceso es fundamentalmente irreversible. Las funciones de hashing seguras deben ser resistentes a colisiones.,"El hashing se utiliza ampliamente en la informática forense y la seguridad para verificar la integridad de los datos. Si incluso un solo bit del archivo original se cambia, el resumen de hash resultante será completamente diferente, lo que permite a los usuarios detectar inmediatamente modificaciones no autorizadas."
Explicar los conceptos fundamentales de la Inteligencia Artificial.,,"La Inteligencia Artificial (IA) se refiere a la simulación de procesos de inteligencia humana por máquinas, especialmente sistemas informáticos. Estos procesos incluyen el aprendizaje (la adquisición de información y reglas para utilizar dicha información), el razonamiento (el uso de reglas para alcanzar conclusiones aproximadas o definitivas) y la autocorrección. El objetivo principal de la IA es crear sistemas que puedan operar de forma inteligente e independiente, logrando tareas que típicamente requieren cognición humana. Los subcampos clave incluyen el Aprendizaje Automático (ML), que permite a los sistemas mejorar el rendimiento sin programación explícita, y el Procesamiento del Lenguaje Natural (PLN), que permite a los ordenadores comprender y generar lenguaje humano."
¿Por qué es conocido el Anillo de Fuego?,"El Anillo de Fuego es un área principal en la cuenca del Océano Pacífico donde ocurre un gran número de terremotos y erupciones volcánicas. Con forma de herradura, está asociado con una serie continua de fosas oceánicas, arcos volcánicos y movimientos de placas. Aproximadamente el 90% de los terremotos del mundo y el 81% de los terremotos más grandes del mundo ocurren a lo largo del Anillo de Fuego. Se extiende por unos 40.000 kilómetros (25.000 mi).",El Anillo de Fuego es un área principal en la cuenca del Océano Pacífico donde ocurre un gran número de terremotos y erupciones volcánicas.
¿Cuáles son las cuatro capas del modelo TCP/IP y sus funciones principales?,,"Generalmente se describe que el modelo TCP/IP (Protocolo de Control de Transmisión/Protocolo de Internet) tiene cuatro capas, cada una con funciones de comunicación específicas:

1.  **Capa de Aplicación:** Esta es la capa superior y proporciona la interfaz para los programas de aplicación reales que utilizan la red. Maneja los detalles de comunicación específicos de la aplicación. Los protocolos incluyen HTTP, DNS, SMTP y FTP.

2.  **Capa de Transporte:** Esta capa es responsable de la comunicación de extremo a extremo entre dispositivos. Gestiona el flujo de datos, garantiza la fiabilidad y segmenta los datos en unidades manejables. Los dos protocolos principales aquí son TCP (Protocolo de Control de Transmisión, fiable y orientado a la conexión) y UDP (Protocolo de Datagramas de Usuario, sin conexión y más rápido).

3.  **Capa de Internet (o Capa de Red):** Esta capa crucial maneja el direccionamiento lógico (direcciones IP) y el enrutamiento de paquetes de datos a través de los límites de la red. Su función principal es mover datos desde el host de origen a través de múltiples redes hasta el host de destino. El protocolo definitorio es el Protocolo de Internet (IP).

4.  **Capa de Acceso a la Red (o Capa de Enlace):** Esta es la capa más baja y se ocupa de los aspectos de hardware físico de la red. Gestiona la transmisión física de datos (tramas) a través del medio de red (como Ethernet o Wi-Fi) y maneja los protocolos de red de área local. Incluye protocolos para el direccionamiento físico (direcciones MAC)."
Define la gravedad y enumera sus efectos principales.,,"La gravedad es una fuerza fundamental de la naturaleza que hace que dos objetos con masa o energía se atraigan entre sí. Es la más débil de las cuatro fuerzas fundamentales, pero su alcance es infinito. Sus efectos principales incluyen: mantener los cuerpos astronómicos (planetas, estrellas, galaxias) en sus órbitas; causar la formación de las mareas en la Tierra; y mantener los objetos y las personas arraigados en la superficie de un planeta."
"Clasifica las siguientes ubicaciones como una ciudad o un país: Tokio, Brasil, París, Egipto.",,"Tokio es una ciudad, Brasil es un país, París es una ciudad, Egipto es un país."
Explique la diferencia fundamental entre las técnicas de boosting y bagging en el aprendizaje por conjuntos.,,"El aprendizaje por conjuntos (Ensemble learning) combina múltiples modelos para mejorar el rendimiento general. Los dos enfoques principales son Bagging (Bootstrap Aggregating) y Boosting.

**Bagging (ej., Random Forest):**
Este enfoque tiene como objetivo principal disminuir la *varianza* del modelo. Implica entrenar numerosos modelos individuales de forma independiente y en paralelo en diferentes subconjuntos de los datos de entrenamiento. Estos subconjuntos se crean mediante muestreo bootstrap (muestreo con reemplazo). Dado que los modelos individuales se entrenan de forma independiente, sus errores a menudo no están correlacionados. Al promediar (para regresión) o votar (para clasificación) las salidas de estos modelos, el ruido introducido por modelos individuales de alta varianza se reduce significativamente. Bagging funciona mejor cuando los modelos base son complejos y propensos al sobreajuste (alta varianza).

**Boosting (ej., AdaBoost, GBM, XGBoost):**
Este enfoque se centra en reducir el *sesgo* del modelo y corrige secuencialmente los errores de los modelos anteriores. En el boosting, los modelos se entrenan de forma iterativa. Cada nuevo modelo se pondera específicamente para centrarse más intensamente en los puntos de datos que los modelos anteriores clasificaron mal o predijeron mal. Este proceso convierte un conjunto de aprendices débiles en un único aprendiz fuerte. Los algoritmos de Boosting construyen modelos que dependen en gran medida de los resultados de sus predecesores.

**Distinción clave:** Bagging utiliza procesamiento paralelo para reducir la varianza promediando modelos independientes, mientras que Boosting utiliza procesamiento secuencial y entrenamiento ponderado para reducir el sesgo al centrarse en la corrección de errores acumulativos."
¿Cuáles son los tres estados principales de la materia?,,"Los tres estados principales de la materia son sólido, líquido y gas. Un cuarto estado, el plasma, también es reconocido a menudo."
¿Cuál es la capital de Australia?,,Canberra
¿Cuál es la diferencia entre un latte y un capuchino?,,"Un capuchino se define por sus proporciones iguales de espresso, leche vaporizada y una capa gruesa de espuma de leche. Un latte generalmente contiene significativamente más leche vaporizada y solo una capa delgada de espuma encima."
Explique los principios fundamentales de la Teoría General de la Relatividad de Einstein y sus principales implicaciones observables.,,"La Relatividad General (RG), publicada por Albert Einstein en 1915, es una teoría geométrica de la gravitación que describe la interacción fundamental de la gravedad como una consecuencia de que el espacio-tiempo es curvado por la materia y la energía. Reemplazó fundamentalmente la ley de gravitación universal de Isaac Newton, que describía la gravedad como una misteriosa fuerza instantánea que actuaba a distancia.

El concepto central de la RG está encapsulado en las ecuaciones de campo de Einstein, que relacionan la geometría del espacio-tiempo (representada por el tensor de Einstein, Gμν) con la distribución de materia y energía dentro de él (representada por el tensor de energía-momento, Tμν). En pocas palabras, la masa y la energía le dicen al espacio-tiempo cómo curvarse, y el espacio-tiempo le dice a la masa y la energía cómo moverse. Esta teoría incorpora el Principio de Equivalencia, que establece que localmente, los efectos de la gravedad son indistinguibles de los efectos de la aceleración.

La Relatividad General tiene varias implicaciones profundas y confirmadas. Una implicación importante es la dilatación del tiempo gravitacional: los relojes funcionan más lentamente en regiones de mayor potencial gravitacional (más cerca de objetos masivos). Otra predicción clave es la curvatura de la luz (lente gravitacional) alrededor de objetos masivos, que se confirmó por primera vez durante un eclipse solar en 1919. La RG explica con precisión la precesión orbital de Mercurio, un fenómeno que no podía ser completamente explicado por la física newtoniana.

Además, la RG predijo la existencia de objetos cósmicos extremos, notablemente los agujeros negros—regiones del espacio-tiempo que exhiben efectos gravitacionales tan fuertes que nada, ni siquiera partículas y radiación electromagnética como la luz, puede escapar de su interior. Finalmente, la teoría predijo las ondas gravitacionales, ondulaciones en la curvatura del espacio-tiempo que se propagan hacia afuera desde masas aceleradas. Estas ondas fueron detectadas directamente por primera vez por el experimento LIGO en 2015, confirmando uno de los últimos aspectos principales no verificados de la teoría."
Clasifica los siguientes lenguajes de programación basándose en su modelo de ejecución principal: Compilado o Interpretado.,"C++, Python, Java, JavaScript, C, Ruby, Swift, PHP","Lenguajes Compilados: C++, Java, C, Swift
Lenguajes Interpretados: Python, JavaScript, Ruby, PHP"
"¿Cuáles de estos famosos monumentos se encuentran en Egipto: Las Pirámides de Giza, La Gran Muralla China, La Esfinge?",,Tanto Las Pirámides de Giza como La Esfinge están ubicadas en Egipto. La Gran Muralla China está ubicada en la República Popular China.
¿Es la capital de Australia Sídney?,,no
"Enumere la secuencia cronológica de los títulos educativos obtenidos por el sujeto, incluyendo el año y la institución para cada uno.","La Dra. Eleanor Vance tiene una impresionante trayectoria académica. Completó su Doctorado (Ph.D.) en Astrofísica en CalTech en 2008. Antes de eso, obtuvo su Maestría en Ciencias en Física Teórica del MIT en 2003. Sus estudios fundamentales comenzaron con una Licenciatura en Artes en Matemáticas, otorgada por la Universidad de Princeton en 2000.","Licenciatura en Artes en Matemáticas (2000, Princeton University); Maestría en Ciencias en Física Teórica (2003, MIT); Doctorado en Astrofísica (2008, CalTech)"
Esbozar los pasos esenciales para redactar un documento de especificación técnica (DET) de alta calidad.,,"La redacción de un Documento de Especificación Técnica requiere una planificación rigurosa para garantizar que todas las partes interesadas estén de acuerdo con el producto final. Estos son los pasos esenciales:

1.  **Definir el Alcance y la Audiencia:** Articular claramente lo que el sistema *hará* y *no hará* (los límites). Identificar a la audiencia principal (desarrolladores, QA, gerentes de producto), ya que esto determina el nivel de detalle técnico necesario.
2.  **Recopilar y Validar Requisitos:** Trabajar en estrecha colaboración con los propietarios de productos y las partes interesadas para recopilar todos los requisitos funcionales (lo que hace el sistema) y no funcionales (rendimiento, seguridad, usabilidad). Cada requisito debe ser medible, alcanzable, relevante y limitado en el tiempo (SMART).
3.  **Esbozar la Estructura del Documento:** Utilizar una plantilla consistente. Las secciones típicas incluyen: Introducción/Objetivos, Alcance, Partes Interesadas, Diseño Detallado, Modelos de Datos, Estrategia de Pruebas y Plan de Despliegue.
4.  **Detallar la Solución Propuesta (Sección de Diseño):** Describir cómo se cumplirán los requisitos. Esto incluye diagramas de arquitectura, flujos de secuencia, definiciones de API y esquemas de bases de datos. Centrarse en la claridad por encima de la ambigüedad.
5.  **Establecer Métricas de Éxito y Criterios de Prueba:** Definir cómo sabrá el equipo que la especificación se ha implementado con éxito. Incluir criterios de aceptación para los equipos de garantía de calidad (QA).
6.  **Revisar, Iterar y Obtener Aprobación Formal:** Distribuir el borrador a los líderes técnicos clave y a la gerencia de producto para su revisión por pares. Incorporar comentarios y garantizar la aprobación formal antes de que comience el desarrollo para evitar la desviación del alcance (scope creep) posterior."
"Según el texto, ¿cuándo entró oficialmente la sonda Voyager 1 en el espacio interestelar?","La Voyager 1, una sonda espacial lanzada por la NASA el 5 de septiembre de 1977, es actualmente el objeto hecho por el hombre más lejano de la Tierra. Su misión principal consistió en estudiar Júpiter y Saturno. Cruzó oficialmente la heliopausa, entrando en el espacio interestelar, el 25 de agosto de 2012. Continúa operando, aunque se espera que sus fuentes de energía duren solo hasta alrededor de 2025.",25 de agosto de 2012
"Según el texto, ¿quién fue la persona real en la que Sir Arthur Conan Doyle basó principalmente el personaje de Sherlock Holmes?","Sir Arthur Conan Doyle basó el personaje de Sherlock Holmes principalmente en una persona real, el Dr. Joseph Bell, un cirujano del Royal Infirmary de Edimburgo con quien Doyle había trabajado como asistente. Bell era conocido por su habilidad para hacer deducciones exhaustivas sobre los antecedentes, la ocupación y las actividades recientes de un paciente simplemente observándolo. Más tarde, Doyle dedicó una de las novelas de Sherlock Holmes a Bell. Aunque Bell fue la inspiración principal, Doyle también infundió a Holmes elementos de su propia personalidad y las tradiciones literarias de la época.",Dr. Joseph Bell
¿Cuál es la diferencia entre el tiempo y el clima?,,"El tiempo se refiere a las condiciones atmosféricas a corto plazo en un lugar específico (como la lluvia, el sol o las fluctuaciones de temperatura que ocurren hoy o esta semana). El clima se refiere al promedio a largo plazo de los patrones climáticos en una región, generalmente calculado durante un período de 30 años."
¿Cuáles son los beneficios psicológicos probados de practicar la meditación de atención plena de forma regular?,,"La meditación regular de atención plena ofrece numerosas ventajas psicológicas probadas. Reduce significativamente los síntomas del estrés, la ansiedad y la depresión al disminuir los niveles de cortisol y fomentar una perspectiva no reactiva hacia los pensamientos negativos. Además, la práctica constante mejora las funciones cognitivas, específicamente la capacidad de atención, la memoria de trabajo y la concentración. La meditación también está relacionada con una mejor regulación emocional, ya que fortalece la conexión entre la corteza prefrontal (función ejecutiva) y la amígdala (centro del miedo/emoción), lo que permite respuestas más mesuradas a los estímulos emocionales. Los estudios también han demostrado cambios estructurales en el cerebro, como el aumento de la densidad de materia gris en áreas asociadas con la autoconciencia y la compasión, y la mejora de la calidad del sueño."
Redactar un mensaje de seguimiento breve y alentador posterior al evento para LinkedIn después de organizar un taller virtual exitoso. El tono debe ser entusiasta e incluir una llamada a la acción suave para fomentar la participación.,Nombre del evento: Taller Virtual: Dominando la Gestión del Tiempo Remoto. Enfoque del Mensaje Clave: La 'Técnica Pomodoro' y la 'Agrupación de tareas similares'. Llamada a la Acción (Deseada): Animar a los participantes a compartir su mayor aprendizaje y a estar atentos a la próxima sesión.,"¡Un enorme agradecimiento a todos los que se unieron a nuestro 'Taller Virtual: Dominando la Gestión del Tiempo Remoto' ayer! 

Tuvimos una participación increíble al discutir estrategias de alto impacto como la #TécnicaPomodoro y el poder de la #AgrupaciónDeTareas. Fue fantástico ver a tantos de ustedes listos para transformar sus jornadas laborales.

Ahora, la parte divertida: ¡Me encantaría escuchar su mayor aprendizaje! ¿Cómo planean incorporar estos métodos esta semana? ¡Compartan sus historias de éxito a continuación!

¡Manténganse atentos a los detalles de nuestra próxima sesión que llegará pronto!

#TrabajoRemoto #Productividad #GestiónDelTiempo"
Enumera las cuatro lunas más grandes de Júpiter.,,"Las cuatro lunas más grandes de Júpiter, también conocidas como las lunas galileanas, son Ío, Europa, Ganímedes y Calisto."
"Compare y contraste Python y JavaScript, centrándose en sus casos de uso principales.",,"Python y JavaScript son ambos lenguajes de programación de alto nivel inmensamente populares, pero cumplen funciones primarias fundamentalmente diferentes. Python sobresale en áreas como la ciencia de datos, el aprendizaje automático, la inteligencia artificial, la computación científica y el desarrollo general de servidores de backend. Se valora por su sintaxis limpia y legible y por su ecosistema masivo de bibliotecas especializadas (por ejemplo, NumPy, Pandas, TensorFlow). En contraste, el caso de uso original y principal de JavaScript es hacer que las páginas web sean interactivas (desarrollo frontend). Sin embargo, con la llegada de Node.js, JavaScript ahora también es una opción sólida para los servidores de backend. Una diferencia clave es su entorno de tiempo de ejecución: JavaScript es el lenguaje nativo del navegador web, mientras que Python generalmente requiere una configuración de intérprete. Si bien Python a menudo se prefiere para la manipulación compleja de datos o scripts de automatización, JavaScript es obligatorio para prácticamente cualquier aplicación web interactiva moderna."
"Clasifica cada una de las siguientes montañas famosas en sus respectivos continentes: Asia, América del Sur, América del Norte, Europa. Picos a clasificar: Mount Everest, K2, Kangchenjunga, Lhotse, Makalu, Cho Oyu, Dhaulagiri, Manaslu, Nanga Parbat, Annapurna I, Gasherbrum I, Broad Peak, Gasherbrum II, Shishapangma, Aconcagua, Ojos del Salado, Mont Blanc, Matterhorn, Denali, Mount Logan, Pico de Orizaba.",,"Las montañas ubicadas en Asia son: Mount Everest, K2, Kangchenjunga, Lhotse, Makalu, Cho Oyu, Dhaulagiri, Manaslu, Nanga Parbat, Annapurna I, Gasherbrum I, Broad Peak, Gasherbrum II, Shishapangma.

Las montañas ubicadas en América del Sur son: Aconcagua, Ojos del Salado.

Las montañas ubicadas en América del Norte son: Denali, Mount Logan, Pico de Orizaba.

Las montañas ubicadas en Europa son: Mont Blanc, Matterhorn."
¿Cuáles son los recursos recomendados para un principiante que busca aprender React JS?,,"Comience con la documentación oficial de React en https://react.dev/. Recientemente han actualizado su documentación, que se centra en gran medida en Hooks y componentes funcionales. Para un aprendizaje estructurado, recomiendo el módulo 'React Basics' en freeCodeCamp, o consulte cursos populares en plataformas como Udemy, centrándose en instructores conocidos por el desarrollo front-end, como Stephen Grider o Maximilian Schwarzmüller."
Explique el concepto central de 'Computación sin Servidor' (Serverless Computing) y sus principales ventajas para los desarrolladores.,,"La computación sin servidor (Serverless Computing) es un modelo de ejecución en la nube donde el proveedor de la nube gestiona dinámicamente la asignación y el escalado de la infraestructura subyacente, permitiendo a los desarrolladores ejecutar código sin aprovisionar ni gestionar servidores. La principal ventaja es el modelo de costes de 'pago por ejecución', el escalado automático para manejar cargas variables, y permitir a los equipos de desarrollo centrarse puramente en escribir la lógica de la aplicación en lugar de mantener sistemas operativos o configuraciones de red."
¿Cuál de estas estructuras se encuentra en París? Torre Eiffel o Big Ben,,Torre Eiffel
Esquematiza los pasos básicos necesarios para hornear un pan de masa madre clásico de principio a fin.,,"1. **Alimentar la Masa Madre:** Mezcla masa madre, harina y agua. Espera de 4 a 12 horas hasta que la masa madre esté activa, burbujeante y en su punto máximo (duplicada en tamaño).
2. **Autólisis (Mezcla Inicial):** Mezcla la harina y el agua para la masa y deja reposar durante 30 a 60 minutos.
3. **Incorporar Masa Madre y Sal:** Agrega la masa madre activa y mezcla bien, luego añade la sal y vuelve a mezclar hasta que esté completamente integrada.
4. **Fermentación en Bloque:** Deja que la masa fermente a temperatura ambiente (generalmente de 4 a 8 horas). Durante las primeras 2-3 horas, realiza 4-6 series de 'estirados y pliegues' (stretch and folds) para desarrollar fuerza.
5. **Pre-formado (Reposo en el Banco):** Forma suavemente la masa en una ronda u óvalo suelto y déjala reposar, sin tapar, durante 20-30 minutos.
6. **Formado Final y Fermentación en Frío:** Forma la masa de manera ajustada y colócala con la costura hacia arriba en una cesta de banneton enharinada. Refrigera durante 12-24 horas.
7. **Hornear:** Precalienta el horno y la olla de hierro fundido (Dutch oven) a 475°F (245°C). Haz cortes (cueros) a la masa fría, colócala en la olla caliente con la tapa puesta y hornea durante 20 minutos. Quita la tapa y hornea por 25-30 minutos adicionales hasta que la corteza esté de un marrón dorado intenso.
8. **Enfriar:** Transfiere el pan a una rejilla de alambre y déjalo enfriar completamente (1-2 horas) antes de rebanar."
Analizar el impacto económico de elevar el salario mínimo federal a $15 por hora.,,"Se prevé que la elevación del salario mínimo federal a $15 por hora tenga efectos económicos complejos y multifacéticos. Los defensores argumentan que impulsaría la demanda agregada a través del aumento del gasto de los consumidores por parte de los trabajadores de bajos ingresos y reduciría el gasto gubernamental en programas de asistencia social. Por el contrario, los críticos sugieren que podría provocar una mayor inflación, alentar a las empresas a adoptar la automatización antes y afectar desproporcionadamente a las pequeñas empresas, lo que podría resultar en la pérdida de puestos de trabajo para trabajadores de nivel inicial o poco cualificados."
"Clasifica los siguientes nombres: Júpiter, Marte, Venus, Saturno, Neptuno, Plutón, Europa, Ganímedes, Ío, Ceres, Vesta, Apolo, Diana. Clasifica cada uno como 'Cuerpo Planetario' (Planeta, Luna o Planeta Enano), 'Deidad Mitológica' (Griega o Romana), 'Ambos', o 'Ninguno'.",,"Esta es una excelente lista que ilustra la profunda conexión entre la astronomía y la mitología clásica, ya que casi todos los cuerpos celestes llevan el nombre de figuras mitológicas. Sin embargo, basándose en las categorías que proporcionó, aquí está la clasificación:

**Ambos (Cuerpos Planetarios Principales y Deidades Clásicas Principales):**

*   **Júpiter, Marte, Venus, Saturno, Neptuno:** Estos son los nombres de los cinco planetas clásicos y las principales deidades romanas que representan.
*   **Plutón, Ceres:** Estos están clasificados como planetas enanos y también son los nombres de importantes deidades romanas (Dios del Inframundo y Diosa de la Agricultura, respectivamente).

**Cuerpo Planetario (Foco en la Astronomía, aunque derivado de la mitología):**

*   **Europa, Ganímedes, Ío:** Estas son tres de las lunas más grandes de Júpiter. Aunque llevan el nombre de figuras mitológicas, su referencia común es estrictamente astronómica.
*   **Vesta:** Este es uno de los asteroides más grandes del cinturón. Su referencia principal es astronómica en el uso moderno.

**Deidad Mitológica (Referencia principal fuera de la astronomía):**

*   **Apolo, Diana:** Si bien varios asteroides más pequeños llevan estos nombres, en el contexto de la categorización principal, estos nombres se refieren principalmente a las deidades romanas (Dios del Sol/Música/Tiro con Arco y Diosa de la Caza/Luna, respectivamente)."
"Según el texto proporcionado, ¿qué organización fue responsable de reclasificar a Plutón en 2006?","Plutón, clasificado anteriormente como el noveno planeta, fue reclasificado como planeta enano en 2006 por la Unión Astronómica Internacional (UAI). La UAI estableció criterios que requieren que un cuerpo celeste haya 'despejado el vecindario' alrededor de su órbita para ser considerado un planeta completo. Plutón no cumple con este criterio final.",Unión Astronómica Internacional (UAI)
"¿Excluyendo la antena, cuál fue la altura inicial de la Torre Eiffel en pies?","La Torre Eiffel fue construida para la Exposición Universal de 1889 en París. Diseñada por Gustave Eiffel, la estructura inicialmente medía 300 metros (984 pies) de altura, excluyendo la antena. Adiciones posteriores de equipos de radiodifusión aumentaron su altura total. Cuando se completó por primera vez, el peso total de la estructura de hierro era de aproximadamente 7.300 toneladas métricas. Si se incluyen los cimientos de mampostería, el peso total se acerca a las 10.100 toneladas.",984 pies
"Enumera las fechas clave y el desarrollo correspondiente del navegador o lenguaje mencionado en el texto, con el formato 'Año: Evento'.","La fundación de la World Wide Web se remonta a 1991, cuando Tim Berners-Lee lanzó el primer navegador web, WorldWideWeb. Dos años después, en 1993, se lanzó Mosaic, que popularizó la navegación web. El desarrollo crítico de JavaScript, un lenguaje de secuencias de comandos esencial para el contenido web dinámico, ocurrió en 1995. Finalmente, el primer lanzamiento público del popular navegador Firefox (entonces llamado Phoenix) tuvo lugar en 2002.","1991: WorldWideWeb lanzado
1993: Mosaic lanzado
1995: JavaScript desarrollado
2002: Firefox lanzado"
¿Cuál es la luna más grande de nuestro sistema solar?,,"La luna más grande del sistema solar es Ganímedes, que orbita el planeta Júpiter. Ganímedes es incluso más grande que el planeta Mercurio y el planeta enano Plutón. Es la única luna conocida por tener su propio campo magnético."
Agrupa los siguientes animales en dos categorías: Mamífero y Reptil.,"Serpiente, Perro, Cocodrilo, Gato, Tortuga, Ballena, Lagarto, Humano","Mamífero: Perro, Gato, Ballena, Humano
Reptil: Serpiente, Cocodrilo, Tortuga, Lagarto"
Explique el concepto central de la Teoría de la Relatividad Especial de Albert Einstein en términos sencillos.,,"El concepto central es que las leyes de la física son las mismas para todos los observadores no acelerados (sistemas inerciales), y la velocidad de la luz en el vacío es constante para todos, independientemente del movimiento de la fuente de luz. Esto conlleva consecuencias profundas como la dilatación del tiempo (el tiempo se mueve más lento para los objetos que se mueven rápidamente) y la contracción de la longitud."
¿Cuál es la diferencia entre una alergia alimentaria y una intolerancia alimentaria?,,"La diferencia fundamental reside en el mecanismo de reacción del cuerpo. Una alergia alimentaria involucra al sistema inmunológico, donde el cuerpo identifica erróneamente una proteína en el alimento como una amenaza y libera anticuerpos (como la IgE), causando síntomas inmediatos y potencialmente mortales (urticaria, anafilaxia). Una intolerancia alimentaria involucra al sistema digestivo y generalmente es causada por la incapacidad del cuerpo para digerir o descomponer adecuadamente un componente del alimento (a menudo debido a la deficiencia de enzimas, como la intolerancia a la lactosa). Los síntomas generalmente se limitan al intestino (gases, hinchazón, diarrea) y no ponen en peligro la vida."
Explique el concepto de contenedorización.,,"La contenedorización es una forma ligera de virtualización a nivel de sistema operativo donde el código de la aplicación, las dependencias y la configuración se empaquetan juntos en una unidad autocontenida, asegurando que se ejecute de manera confiable en diferentes entornos informáticos."
"Describe la Gran Barrera de Coral, incluyendo su ubicación y principales características.","La Gran Barrera de Coral es el sistema de arrecifes de coral más grande del mundo, compuesto por más de 2.900 arrecifes individuales y 900 islas, que se extiende a lo largo de más de 2.300 kilómetros (1.400 millas) sobre un área de aproximadamente 344.400 kilómetros cuadrados (133.000 millas cuadradas). El arrecife está ubicado en el Mar del Coral, frente a la costa de Queensland, Australia. Fue designado Patrimonio de la Humanidad por la UNESCO en 1981. Es visible desde el espacio exterior y es la estructura individual más grande del mundo hecha por organismos vivos. Esta estructura está compuesta por miles de millones de diminutos organismos, conocidos como pólipos de coral. El cambio climático, la contaminación y los eventos de blanqueamiento son las principales amenazas para la biodiversidad del arrecife.","La Gran Barrera de Coral está ubicada en el Mar del Coral, frente a la costa de Queensland, Australia. Tiene la distinción de ser el sistema de arrecifes de coral más grande del mundo, abarcando aproximadamente 344.400 kilómetros cuadrados (133.000 millas cuadradas) y extendiéndose a lo largo de más de 2.300 kilómetros (1.400 millas), englobando más de 2.900 arrecifes individuales y 900 islas. Reconocida mundialmente, fue designada Patrimonio de la Humanidad por la UNESCO en 1981. Esta estructura masiva, construida por miles de millones de diminutos organismos llamados pólipos de coral, es tan vasta que es visible desde el espacio exterior.

A pesar de su tamaño e importancia ecológica, la biodiversidad del arrecife está bajo grave amenaza por factores como el cambio climático, la contaminación y los frecuentes eventos de blanqueamiento de coral."
Explica cómo se crea el efecto Moiré y cuáles son sus aplicaciones prácticas.,,"El efecto Moiré es un fenómeno visual (un patrón de interferencia) que ocurre cuando dos patrones regulares similares (generalmente líneas paralelas, rejillas o puntos) se superponen mientras están ligeramente rotados o desplazados entre sí. El patrón complejo resultante a gran escala es visualmente distinto de los patrones originales. Este efecto se utiliza prácticamente en campos como la seguridad de divisas y documentos (kinegramas), la micromedición (para detectar tensiones minúsculas en materiales) y a menudo se mitiga en la fotografía digital para evitar artefactos de aliasing indeseables al capturar textiles finos o pantallas."
"¿Cómo obtuvo su nombre el alimento común, el sándwich?","El sándwich debe su nombre a John Montagu, el 4.º Conde de Sándwich (1718–1792). Se dice que el Conde era un jugador particularmente ávido y no deseaba abandonar la mesa de cartas para comidas prolongadas. Para satisfacer su hambre mientras mantenía sus manos limpias y libres para seguir jugando, supuestamente solicitó que se colocaran lonchas de carne entre dos rebanadas de pan. Esto le permitía comer sin utensilios. Aunque es probable que las combinaciones de pan y carne existieran antes del Conde, la popularización y el posterior nombramiento del artículo se le atribuyen a él alrededor de 1762.","El sándwich lleva el nombre del 4.º Conde de Sándwich, John Montagu. Según los informes, solicitó carne entre dos rebanadas de pan para poder comer sin interrumpir sus largas sesiones en la mesa de cartas, permitiéndole mantener las manos limpias."
Analizar los mecanismos principales a través de los cuales las redes sociales contribuyen a la polarización política y sugerir pasos prácticos para mitigar este efecto.,,"Las plataformas de redes sociales, inicialmente anunciadas como herramientas para la comunicación democrática y la conectividad global, se han convertido paradójicamente en catalizadores de la polarización política extrema. Los mecanismos principales que impulsan esta división se basan en el modelo de negocio central de las plataformas: maximizar la participación (engagement) del usuario mediante la entrega de contenido personalizado. 

El primer mecanismo dominante es la **cámara de eco algorítmica**. Los algoritmos de aprendizaje automático están diseñados para priorizar el contenido que mantiene al usuario deslizando la pantalla, a menudo identificando y alimentándolos con material que confirma sus sesgos existentes y provoca una fuerte reacción emocional, frecuentemente indignación o afirmación. Esto crea una burbuja de información que se autorrefuerza, donde los usuarios rara vez están expuestos a puntos de vista opuestos creíbles. Con el tiempo, esta falta de fricción intelectual conduce a la solidificación de posiciones extremas y a la deshumanización de aquellos en el campo político opuesto, ya que los algoritmos han eliminado los matices complejos de los debates políticos y los han reemplazado con narrativas simplificadas y antagonistas.

El segundo mecanismo crítico es la **aceleración del contagio emocional y la viralidad**. El contenido cargado de emoción—especialmente ira, miedo y disgusto—tiene estadísticamente más probabilidades de ser compartido y difundido rápidamente a través de las plataformas. Esto favorece la desinformación, el sensacionalismo y la indignación moral sobre el análisis sobrio y fáctico. Las cuestiones políticas complejas se reducen a frases o memes fácilmente digeribles, a menudo engañosos, lo que hace que el diálogo significativo sea extremadamente difícil cuando el debate público es impulsado por la intensidad emocional en lugar de hechos compartidos o comprensión mutua. Además, el anonimato y la distancia que ofrece la interacción en línea reducen la barrera para el comportamiento agresivo y tóxico, fomentando el antagonismo.

Mitigar esta fractura social requiere un enfoque de múltiples frentes que aborde tanto los incentivos sistémicos de las plataformas como los hábitos conductuales de los usuarios. De manera sistémica, se debe alentar o exigir a las plataformas que **ajusten sus prioridades algorítmicas**. Esto significa cambiar la métrica de optimización de la 'participación' pura hacia métricas que valoren la credibilidad de la fuente, la diversidad de puntos de vista y el contexto. Por ejemplo, priorizar publicaciones de fuentes de noticias verificadas o mostrar una mayor proporción de contenido de diversas perspectivas políticas, incluso si la participación inicial es menor, podría erosionar lentamente las cámaras de eco.

En el lado del usuario, el enfoque debe estar en **mejorar la alfabetización mediática digital**. Las iniciativas educativas deben enseñar a los individuos cómo reconocer el filtrado algorítmico, cómo detectar el 'cebo de indignación' (outrage bait) y la importancia de la verificación cruzada de información utilizando fuentes diversas y creíbles fuera de su feed. Se debe alentar a los usuarios a romper intencionalmente sus propias burbujas de filtro buscando argumentos bien fundamentados de posturas políticas opuestas, reconociendo que el desacuerdo productivo es necesario para una democracia saludable. En última instancia, la reducción de la polarización requiere tanto la moderación algorítmica como un compromiso social para valorar el pensamiento crítico sobre la confirmación conveniente."
Explica el propósito de la Piedra Rosetta.,,"La Piedra Rosetta sirvió como clave para descifrar los jeroglíficos egipcios. Contenía el mismo decreto inscrito en tres escrituras: jeroglífica, escritura demótica y griego antiguo."
"¿Según el texto, en qué año tomó Estados Unidos el control del proyecto de construcción del Canal de Panamá?","El Canal de Panamá, una hazaña monumental de ingeniería, se inauguró oficialmente el 15 de agosto de 1914, conectando el Océano Atlántico (a través del Mar Caribe) y el Océano Pacífico. Su construcción redujo drásticamente la distancia y el tiempo necesarios para que los barcos viajen entre los dos océanos. Antes de 1904, los franceses intentaron construir un canal a nivel del mar a partir de 1881, pero el proyecto fracasó debido a enfermedades, desafíos de ingeniería y dificultades financieras. Estados Unidos se hizo cargo del proyecto en 1904, optando en su lugar por un sistema de esclusas. La creación del lago Gatún, un enorme embalse artificial, fue integral para este diseño. El canal opera principalmente utilizando tres juegos de esclusas: Miraflores, Pedro Miguel y Gatún.",1904
¿Cuál es el mejor método para preparar café pour-over de alta calidad?,,"El método óptimo para el pour-over requiere precisión. Primero, calienta agua filtrada a entre 195°F y 205°F (90°C–96°C). Mientras el agua se calienta, pesa y muele tus granos frescos hasta obtener una consistencia media (aproximadamente una proporción de café a agua de 1:15). Coloca el filtro de papel en el cono y enjuágalo completamente con un poco de agua caliente para eliminar el sabor a papel y precalentar el aparato de preparación; desecha esta agua de enjuague. Agrega el café molido al cono y nivélalo. Inicia la 'preinfusión' (bloom) vertiendo lentamente solo el agua suficiente (aproximadamente el doble del peso del café molido) sobre el café para saturarlo por completo. Déjalo reposar durante 30 segundos. Luego, comienza el vertido principal, comenzando en el centro y en espiral hacia afuera, evitando verter directamente sobre las paredes del filtro. Continúa vertiendo en incrementos constantes y lentos hasta alcanzar el volumen total de agua deseado. El tiempo total de preparación debe estar idealmente entre 2.5 y 3.5 minutos."
¿Cuál es el símbolo químico del sodio?,,Na
¿Cuáles fueron las principales razones por las que se estancó el esfuerzo de construcción francés del Canal de Panamá a finales del siglo XIX?,"El Canal de Panamá es una vía fluvial artificial de 82 km (51 mi) en Panamá que conecta el Océano Atlántico con el Océano Pacífico. El canal atraviesa el istmo de Panamá y es un conducto para el comercio marítimo. Uno de los proyectos de ingeniería más grandes y difíciles jamás emprendidos, tuvo un impacto enorme en el transporte marítimo entre los dos océanos, reemplazando la larga y peligrosa ruta alrededor del Cabo de Hornos en el extremo sur de América del Sur. La construcción comenzó en 1881 por Francia, pero los problemas de ingeniería y las altas tasas de mortalidad de los trabajadores (más de 25.000 muertes por enfermedades y accidentes) provocaron el estancamiento del proyecto en 1894. Estados Unidos se hizo cargo del proyecto en 1904, abriendo finalmente el canal el 15 de agosto de 1914. Estados Unidos gestionó el canal y la Zona del Canal circundante hasta que los Tratados Torrijos–Carter de 1977 dispusieron la transferencia gradual del control a Panamá, completada en 1999.","El esfuerzo de construcción francés se estancó debido a complejos problemas de ingeniería junto con altas tasas de mortalidad de los trabajadores, que incluyeron más de 25.000 muertes por enfermedades y accidentes."
¿Cuáles son los factores principales atribuidos al colapso de la civilización maya clásica?,,"El colapso de la civilización maya clásica (aproximadamente entre los siglos VIII y IX d.C.) no fue causado por un solo evento, sino por una compleja interacción de factores ambientales y políticos. Las teorías principales sugieren que las sequías extremas y prolongadas, evidenciadas por datos paleoclimáticos, ejercieron una presión inmensa sobre sus sistemas agrícolas intensivos. Este estrés ambiental a menudo fue exacerbado por la guerra interna endémica entre ciudades-estado rivales, lo que condujo a la interrupción de las rutas comerciales y a la inestabilidad política. Además, las prácticas agrícolas insostenibles, como la deforestación generalizada, probablemente degradaron el suelo y empeoraron los efectos de la sequía. En última instancia, el fracaso de la élite gobernante para mantener el orden social y 'producir' las lluvias necesarias condujo a la fragmentación política y al abandono gradual de los principales centros urbanos en las tierras bajas del sur."
"Identifique a las personas en esta lista que sirvieron como Presidentes de los Estados Unidos: Abraham Lincoln, George Washington, Benjamin Franklin, Alexander Hamilton, Theodore Roosevelt.",,"Los Presidentes de los Estados Unidos en esa lista son Abraham Lincoln, George Washington y Theodore Roosevelt."
"Clasifica las siguientes características en Ríos, Océanos y Desiertos: Gobi, Atlántico, Yangtze, Kalahari, Índico, Misisipi.",,"Ríos: Yangtze, Misisipi
Océanos: Atlántico, Índico
Desiertos: Gobi, Kalahari"
¿Cuál fue la primera obra importante producida utilizando la imprenta de Gutenberg?,"Johannes Gutenberg, un orfebre, inventor, impresor y editor alemán, desarrolló la imprenta en Estrasburgo alrededor de 1440. Su invención, particularmente la imprenta de tipos móviles mecánicos, inició la Revolución de la Imprenta y es ampliamente considerada como la invención más importante del segundo milenio, impactando profundamente el flujo de información a través de Europa y la subsiguiente revolución científica. La primera obra importante producida utilizando su imprenta fue la Biblia de Gutenberg, completada en 1455.","La primera obra importante producida utilizando su imprenta fue la Biblia de Gutenberg, completada en 1455."
¿Cuáles son las principales aplicaciones actuales de la IA generativa?,,"La Inteligencia Artificial Generativa se refiere a modelos de aprendizaje profundo, como los grandes modelos de lenguaje (LLM) y los modelos de difusión, que son capaces de crear contenido nuevo y original en lugar de solo clasificar o analizar datos existentes. Las principales aplicaciones actuales incluyen la creación automatizada de contenido, donde los modelos generan artículos, resúmenes o textos de marketing; la asistencia para el desarrollo de software, proporcionando autocompletado de código, depuración y traducción entre lenguajes; y proyectos artísticos, generando imágenes fotorrealistas, composiciones musicales y guiones de video basados en indicaciones de texto simples. Además, la IA generativa se utiliza para crear conjuntos de datos sintéticos para entrenar otros modelos de aprendizaje automático, lo que ayuda a superar las limitaciones de privacidad y los problemas de escasez de datos en la investigación y el desarrollo."
Explica el principio fundamental detrás de cómo el Sistema de Posicionamiento Global (GPS) determina una ubicación.,,"El GPS utiliza una técnica llamada trilateración. Un receptor mide el tiempo que tardan en llegarle las señales de al menos cuatro satélites en órbita, calculando la distancia a cada satélite. Al conocer las distancias y las posiciones exactas de los satélites, el receptor puede localizar con precisión su propia ubicación tridimensional en la Tierra."
"Convierta los siguientes valores, mostrando la fórmula utilizada: 5 millas a kilómetros, y 25 grados Celsius a Fahrenheit.",,5 millas a km: Fórmula (millas * 1.60934). Resultado: 8.047 km. | 25 grados Celsius a Fahrenheit: Fórmula ((C * 9/5) + 32). Resultado: 77 grados Fahrenheit.
"¿Según el texto, qué estructura superó finalmente a la Torre Eiffel en altura, poniendo fin a su récord de 41 años?","La Torre Eiffel es una torre de celosía de hierro forjado en el Campo de Marte en París, Francia. Lleva el nombre del ingeniero Gustave Eiffel, cuya empresa diseñó y construyó la torre. Construida entre 1887 y 1889, fue erigida originalmente como el arco de entrada a la Exposición Universal de 1889. Inicialmente criticada por algunos de los principales artistas e intelectuales de Francia por su diseño, desde entonces se ha convertido en un icono cultural global de Francia y una de las estructuras más reconocibles del mundo. La torre mide 330 metros (1,083 pies) de altura, aproximadamente la misma altura que un edificio de 81 pisos, y es la estructura más alta de París. Su base es cuadrada, midiendo 125 metros (410 pies) en cada lado. Cuando se completó, la Torre Eiffel superó al Monumento a Washington para convertirse en la estructura artificial más alta del mundo, un título que mantuvo durante 41 años hasta que se completó el Edificio Chrysler en la ciudad de Nueva York en 1930.",El Edificio Chrysler en la ciudad de Nueva York.
"Proporcione una biografía de Marie Curie, centrándose en sus contribuciones científicas.",,"Marie Skłodowska Curie (7 de noviembre de 1867 – 4 de julio de 1934) fue una física y química polaca y nacionalizada francesa que llevó a cabo investigaciones pioneras sobre la radiactividad. Fue la primera mujer en ganar un Premio Nobel, la primera persona y única mujer en ganarlo dos veces, y la única persona en ganar el Premio Nobel en dos campos científicos diferentes. Trabajando con su esposo, Pierre Curie, desarrolló la teoría de la radiactividad, técnicas para aislar isótopos radiactivos y descubrió los elementos polonio y radio. Fundó los Institutos Curie en París y Varsovia, que siguen siendo centros importantes de investigación médica. Su trabajo fue fundamental en el desarrollo de los rayos X y la ciencia nuclear."
¿A qué científicos se les atribuye principalmente la propuesta de la estructura de doble hélice del ADN?,"El descubrimiento de la estructura del ADN se atribuye ampliamente a James Watson y Francis Crick en 1953, utilizando datos clave de Rosalind Franklin y Maurice Wilkins. Propusieron que el ADN toma la forma de una doble hélice, dos hebras enrolladas una alrededor de la otra. Cada hebra se compone de una espina dorsal de grupos alternados de azúcar desoxirribosa y fosfato, con bases nitrogenadas (adenina, guanina, citosina y timina) que se extienden hacia adentro. Las bases se emparejan específicamente a través de las dos hebras: la adenina siempre se empareja con la timina, y la guanina siempre se empareja con la citosina.","El descubrimiento de la estructura del ADN se atribuye ampliamente a James Watson y Francis Crick en 1953, utilizando datos clave de Rosalind Franklin y Maurice Wilkins."
Escribe una función de Python para calcular el factorial de un número entero no negativo.,"La función debe utilizar recursividad e incluir un manejo de errores apropiado para entradas negativas, así como una docstring que explique su propósito.","python
def factorial_recursive(n):
    """"""
    Calcula el factorial de un entero no negativo n usando recursividad.
    El factorial de 0 se define como 1.
    
    Lanza:
        ValueError: Si n es negativo.
    """"""
    if n < 0:
        raise ValueError(""El factorial no está definido para números negativos."")
    elif n == 0:
        return 1
    else:
        return n * factorial_recursive(n - 1)

# Ejemplo de uso:
# print(factorial_recursive(5)) # Salida: 120
"
Convierta la lista JSON de empleados proporcionada a un formato de memorando formal que enumere nombres y departamentos.,"[{""name"": ""Alice Johnson"", ""department"": ""Marketing"", ""id"": 101}, {""name"": ""Bob Smith"", ""department"": ""Finance"", ""id"": 102}, {""name"": ""Charlie Davis"", ""department"": ""Engineering"", ""id"": 103}]","MEMORANDO: Actualización del Padrón de Empleados. El siguiente personal clave ha sido identificado: Alice Johnson (Marketing), Bob Smith (Finanzas), y Charlie Davis (Ingeniería)."
¿Cuál es el símbolo químico del elemento oro?,,Au
"Filtra la lista de enteros proporcionada, extrayendo solo los números que están definidos matemáticamente como primos.","1, 2, 4, 7, 9, 11, 15, 17, 21, 29","Los números primos en la lista son 2, 7, 11, 17 y 29."
"¿Según el texto proporcionado, con quién compartió Marie Curie su Premio Nobel de Física de 1903?","Marie Skłodowska Curie (nacida Maria Salomea Skłodowska; 7 de noviembre de 1867 – 4 de julio de 1934) fue una física y química polaca y nacionalizada francesa que llevó a cabo investigaciones pioneras sobre la radioactividad. Fue la primera mujer en ganar un Premio Nobel, la primera persona y única mujer en ganar el Premio Nobel dos veces, y la única persona en ganar el Premio Nobel en dos campos científicos diferentes. Compartió el Premio Nobel de Física de 1903 con su marido Pierre Curie y el físico Henri Becquerel por su investigación conjunta sobre la radiación espontánea. Posteriormente, ganó el Premio Nobel de Química de 1911 por su descubrimiento de los elementos polonio y radio.",Marie Curie compartió el Premio Nobel de Física de 1903 con su marido Pierre Curie y el físico Henri Becquerel.
"De la siguiente lista, identifique los animales actualmente clasificados como vulnerables o en peligro de extinción por la Lista Roja de la UICN: Tigre, Gato Doméstico, Panda Gigante, Lobo Gris, Conejo, Ballena Azul.",,"Animales clasificados como vulnerables o en peligro de extinción: Tigre, Panda Gigante, Ballena Azul."
¿Cuáles son las principales diferencias estructurales entre el ADN y el ARN?,,"El ADN (ácido desoxirribonucleico) utiliza el azúcar desoxirribosa y es típicamente de doble cadena, formando una hélice. Sus bases nitrogenadas son Adenina, Guanina, Citosina y Timina. El ARN (ácido ribonucleico) utiliza el azúcar ribosa, es generalmente de cadena simple y reemplaza la Timina por Uracilo en su secuencia de bases nitrogenadas."
¿Qué evento significativo se considera tradicionalmente el punto de inflexión de la República Romana al Imperio Romano?,,"El punto de inflexión tradicional es la concesión de poderes extraordinarios a Octaviano (más tarde conocido como Augusto) por parte del Senado en el 27 a.C., incluido el título de 'Augusto'. Esto marcó su establecimiento como el primer Emperador Romano, aunque su gobierno singular efectivo se aseguró con su victoria sobre Marco Antonio y Cleopatra en la Batalla de Accio en el 31 a.C."
Discutir los desafíos éticos que presenta el rápido desarrollo de la Inteligencia Artificial y sugerir marcos regulatorios.,,"El rápido avance de la Inteligencia Artificial (IA) promete beneficios sociales transformadores, sin embargo, simultáneamente introduce profundos desafíos éticos que requieren una cuidadosa consideración y una sólida acción regulatoria. Estos desafíos abarcan cuestiones de equidad, autonomía, privacidad y estabilidad económica. 

Una preocupación ética importante es el **sesgo algorítmico y la equidad**. Los sistemas de IA se entrenan con datos históricos, que a menudo reflejan prejuicios sociales existentes basados en la raza, el género o el nivel socioeconómico. Cuando se utilizan estos conjuntos de datos sesgados, los modelos de IA resultantes perpetúan e incluso amplifican la discriminación en áreas cruciales como la contratación, la aprobación de préstamos y los sistemas de justicia penal. Por ejemplo, los algoritmos de reconocimiento facial han mostrado repetidamente tasas de error más altas para las personas de piel más oscura, lo que provoca problemas de identificación errónea y consecuencias injustas. Para abordar esto, los desarrolladores deben priorizar una auditoría rigurosa de los datos de entrenamiento e implementar técnicas para la mitigación del sesgo.

Otro desafío significativo es el **desplazamiento laboral y la desigualdad económica**. A medida que la IA automatiza tareas rutinarias, se anticipan pérdidas de empleo generalizadas en varios sectores (transporte, fabricación, servicios administrativos). Si bien la IA creará nuevos puestos de trabajo, la transición amenaza con exacerbar las brechas de riqueza existentes y dejar a grandes porciones de la fuerza laboral sin preparación. El desarrollo ético requiere centrarse en soluciones proactivas, como la implementación de programas piloto de renta básica universal, programas de recapacitación obligatorios e 'impuestos a los robots' para financiar iniciativas de bienestar social.

La **privacidad y la vigilancia** constituyen una tercera preocupación central. La IA depende en gran medida de la recopilación masiva de datos, lo que a menudo conduce a una vigilancia generalizada y a la erosión de la privacidad individual. Las herramientas impulsadas por IA pueden monitorear comportamientos, predecir intenciones y crear perfiles muy detallados de los ciudadanos sin un consentimiento o transparencia significativos. Las regulaciones deben exigir la minimización de datos, técnicas seguras de anonimización y otorgar a los individuos el 'derecho a la explicación' con respecto a cómo se procesan sus datos personales mediante las decisiones de la IA.

Finalmente, el despliegue de **sistemas de armas autónomas (LAWS)** plantea preguntas éticas existenciales. Delegar decisiones de vida o muerte a las máquinas elimina el juicio moral humano y la rendición de cuentas de la guerra. Este desarrollo cruza una línea crítica, exigiendo tratados internacionales que establezcan limitaciones estrictas o la prohibición total de armas letales totalmente autónomas.

Para gestionar estos desafíos, se sugieren varios marcos regulatorios. En primer lugar, debe haber un enfoque en la **Responsabilidad y la Explicabilidad (XAI)**. Las regulaciones deben exigir que los sistemas de IA utilizados en decisiones de alto riesgo sean transparentes, permitiendo a los humanos comprender la lógica detrás del resultado. Si una IA causa daño, debe haber vías legales claras para determinar la responsabilidad—ya sea que recaiga en el desarrollador, el implementador o el operador. En segundo lugar, se deben implementar **Evaluaciones de Impacto Obligatorias** antes de implementar sistemas de IA en servicios públicos. Estas evaluaciones identificarían proactivamente los posibles daños relacionados con el sesgo, la infracción de la privacidad y el riesgo social. En tercer lugar, el establecimiento de un **Órgano Internacional de Gobernanza de la IA** podría armonizar los estándares a nivel mundial, evitando una 'carrera a la baja' donde los países reduzcan los estándares éticos para obtener una ventaja competitiva en la innovación de la IA. Dicho organismo podría supervisar los protocolos de seguridad y certificar las prácticas éticas de la IA."
¿Cuál fue la importancia de ARPANET?,"La Red de la Agencia de Proyectos de Investigación Avanzada (ARPANET) fue una de las primeras redes de conmutación de paquetes y la primera red en implementar el conjunto de protocolos TCP/IP. Ambas tecnologías se convirtieron en la base técnica de Internet. ARPANET fue establecida por la Agencia de Proyectos de Investigación Avanzada (ARPA) del Departamento de Defensa de los Estados Unidos. Fue construida sobre la idea de compartir tiempo de computadora (time-sharing) y tenía como objetivo proporcionar acceso a computadoras potentes para los investigadores. El primer enlace permanente de ARPANET se estableció el 21 de noviembre de 1969, entre la UCLA y el Instituto de Investigación de Stanford (SRI). Para 1975, la red fue declarada ""operativa"" y la responsabilidad fue transferida a la Agencia de Comunicaciones de Defensa (DCA). La expansión condujo al desarrollo de los primeros sistemas de correo electrónico y protocolos de transferencia de archivos, probando la viabilidad de las redes interconectadas a gran escala.","La Red de la Agencia de Proyectos de Investigación Avanzada (ARPANET) fue una de las primeras redes de conmutación de paquetes y la primera red en implementar el conjunto de protocolos TCP/IP. Ambas tecnologías se convirtieron en la base técnica de Internet. ARPANET fue establecida por la Agencia de Proyectos de Investigación Avanzada (ARPA) del Departamento de Defensa de los Estados Unidos. Fue construida sobre la idea de compartir tiempo de computadora (time-sharing) y tenía como objetivo proporcionar acceso a computadoras potentes para los investigadores. El primer enlace permanente de ARPANET se estableció el 21 de noviembre de 1969, entre la UCLA y el Instituto de Investigación de Stanford (SRI). Para 1975, la red fue declarada ""operativa"" y la responsabilidad fue transferida a la Agencia de Comunicaciones de Defensa (DCA). La expansión condujo al desarrollo de los primeros sistemas de correo electrónico y protocolos de transferencia de archivos, probando la viabilidad de las redes interconectadas a gran escala."
Enumere los dos elementos que descubrió Marie Curie e indique los años en que ganó sus Premios Nobel.,"Marie Skłodowska Curie (nacida Maria Salomea Skłodowska; 7 de noviembre de 1867 – 4 de julio de 1934) fue una física y química polaca y nacionalizada francesa que realizó investigaciones pioneras sobre la radioactividad. Fue la primera mujer en ganar un Premio Nobel, la primera persona y única mujer en ganarlo dos veces, y la única persona en ganar el Premio Nobel en dos campos científicos diferentes. También fue la primera mujer en convertirse en profesora en la Universidad de París.

Nació en Varsovia, en lo que entonces era el Reino de Polonia, parte del Imperio Ruso. Estudió en la Universidad Flotante de Varsovia antes de mudarse a París en 1891 para continuar sus estudios en la Sorbona. En 1895, se casó con Pierre Curie. En 1903, compartió el Premio Nobel de Física con su esposo Pierre Curie y el físico Henri Becquerel por su trabajo sobre la radiación espontánea. Después de la muerte de Pierre en 1906, continuó su investigación. En 1911, recibió un segundo Premio Nobel, esta vez en Química, en reconocimiento a sus servicios al avance de la química por el descubrimiento de los elementos radio y polonio, el aislamiento del radio y el estudio de la naturaleza y compuestos de este notable elemento.",Marie Curie descubrió los elementos radio y polonio. Ganó sus Premios Nobel en 1903 (Física) y 1911 (Química).
¿Cómo conecto una nueva impresora inalámbrica a mi red doméstica?,,"Conectar una impresora inalámbrica generalmente implica cuatro pasos principales, aunque los detalles específicos varían según el fabricante (HP, Epson, Canon). 1. Asegúrese de que la impresora esté encendida y en modo de configuración. 2. Descargue la aplicación de configuración del fabricante en su computadora o teléfono. 3. Use la aplicación para localizar la impresora e ingrese el nombre y la contraseña de su red Wi-Fi. 4. Ejecute una impresión de prueba. Si la impresora tiene una pantalla pequeña, es posible que pueda omitir la aplicación e ingresar los detalles de la red directamente en el dispositivo."
"Enumere los planetas principales reconocidos en nuestro sistema solar, comenzando por el más cercano al sol.",,"Los ocho planetas principales en orden desde el sol son Mercurio, Venus, Tierra, Marte, Júpiter, Saturno, Urano y Neptuno."
Resuma los eventos clave que condujeron al descubrimiento de la penicilina e identifique al científico principal involucrado.,"En 1928, el médico y microbiólogo escocés Alexander Fleming regresó a su laboratorio en el Hospital St Mary en Londres después de unas vacaciones de verano. Notó una contaminación por moho, Penicillium notatum, creciendo en una placa de Petri desechada de bacterias Staphylococcus. Observó que el moho parecía inhibir el crecimiento de las bacterias, creando un círculo claro y libre de bacterias a su alrededor. Fleming publicó sus hallazgos en 1929, aunque inicialmente, la dificultad para purificar la sustancia limitó su uso como medicamento.","El científico principal involucrado en el descubrimiento de la penicilina fue Alexander Fleming. El evento clave ocurrió accidentalmente en 1928 cuando Fleming observó que un moho contaminante, Penicillium notatum, estaba inhibiendo el crecimiento de las bacterias Staphylococcus en una placa de Petri desechada. Aunque Fleming publicó estos hallazgos cruciales en 1929, la aplicación práctica se limitó inicialmente debido a los desafíos en la purificación de la sustancia efectiva."
¿Cómo se forman los arrecifes de coral?,"Los arrecifes de coral son ecosistemas submarinos caracterizados por corales que construyen arrecifes. Los arrecifes se forman a partir de colonias de pólipos de coral unidos por carbonato de calcio. La mayoría de los arrecifes de coral crecen mejor en aguas cálidas, poco profundas, claras, soleadas y turbulentas. A menudo se les llama las ""selvas tropicales del mar"" debido a la inmensa biodiversidad que sustentan, proporcionando refugio y alimento a innumerables especies marinas.",Los arrecifes se forman a partir de colonias de pólipos de coral unidos por carbonato de calcio.
Convierta las siguientes temperaturas Celsius a Fahrenheit (F = C * 9/5 + 32) y solo liste los resultados mayores a 80°F.,"20°C, 35°C, 15°C, 25°C",95°F
Mi hijo acaba de tragar un poco de limpiador doméstico. ¿Qué debo hacer ahora mismo?,,"No entre en pánico, pero actúe de inmediato. Llame al Centro de Control de Envenenamiento (1-800-222-1222) o a los servicios de emergencia (911) de inmediato. No intente hacer vomitar al niño a menos que se lo indique un profesional médico. Si es posible, tenga el envase del producto cerca para que pueda proporcionar el nombre exacto del limpiador y sus ingredientes al operador. Siga todas las instrucciones dadas por los expertos médicos."
¿Cuáles fueron las circunstancias clave que llevaron al descubrimiento de la penicilina por parte de Alexander Fleming?,"En 1928, mientras trabajaba en el Hospital St Mary's de Londres, Alexander Fleming estaba estudiando la bacteria Staphylococcus. Antes de irse de vacaciones durante dos semanas, apiló sus placas de Petri que contenían cultivos de estafilococos en un rincón de su laboratorio. Al regresar, notó que una placa había sido contaminada por moho. Fundamentalmente, observó que no crecían colonias de estafilococos cerca del moho. Identificó el moho como *Penicillium notatum*. Hipotetizó que el moho estaba produciendo una sustancia que mataba activamente a las bacterias. Más tarde llamó a esta sustancia penicilina. Aunque Fleming publicó sus hallazgos, tuvo dificultades para aislar y producir en masa el compuesto, una hazaña lograda más tarde por Howard Florey y Ernst Chain en la década de 1940.","El descubrimiento de Fleming fue en gran medida accidental. Mientras estudiaba la bacteria Staphylococcus en 1928, dejó placas de Petri desatendidas durante unas vacaciones de dos semanas. A su regreso, notó que una placa había sido contaminada por el moho *Penicillium notatum*. La observación crítica fue que la bacteria estafilococo no logró crecer en el área inmediatamente circundante al moho, lo que llevó a Fleming a plantear la hipótesis correcta de que el moho estaba produciendo una sustancia antibacteriana."
Enumera los tres colores primarios tradicionales utilizados en la pintura.,,"Rojo, Amarillo y Azul."
¿Cuál es la capital de Australia?,,La capital de Australia es Canberra.
Explica la diferencia entre Inteligencia Artificial y Aprendizaje Automático.,,La Inteligencia Artificial (IA) es el concepto amplio de máquinas capaces de llevar a cabo tareas de una manera que consideramos 'inteligente'. El Aprendizaje Automático (AA) es un subconjunto de la IA que se centra en la creación de algoritmos que permiten a las computadoras aprender de los datos sin ser programadas explícitamente.
"Clasifica los siguientes elementos químicos como Metal, No metal o Metaloide: Hidrógeno, Oro, Silicio, Oxígeno, Hierro, Boro, Azufre, Cobre, Arsénico, Aluminio, Carbono, Germanio.",,"Metal:
Oro
Hierro
Cobre
Aluminio

No metal:
Hidrógeno
Oxígeno
Azufre
Carbono

Metaloide:
Silicio
Boro
Arsénico
Germanio"
Identifica la fecha más temprana de la invención de tipos móviles mencionada en el texto y calcula la diferencia de tiempo en años entre el perfeccionamiento de la prensa de Gutenberg en Maguncia y la impresión del Jikji.,"Johannes Gutenberg desarrolló la imprenta de tipos móviles en Estrasburgo, Alemania, alrededor de 1440. Sin embargo, su contribución más famosa fue el perfeccionamiento de la tecnología en Maguncia en 1450, lo que llevó a la producción de la Biblia de Gutenberg, que comenzó en 1452 y se completó en 1455. Existían formas anteriores de impresión en Asia Oriental. Bi Sheng, en China, inventó los tipos móviles utilizando materiales cerámicos alrededor del 1040 d.C. Más tarde, Wang Zhen desarrolló un tipo móvil de madera en 1297. El libro existente más antiguo impreso con tipos móviles de metal, el Jikji, fue creado en Corea en 1377.",La fecha más temprana mencionada para los tipos móviles es el 1040 d.C. La diferencia de tiempo entre el perfeccionamiento de la prensa de Gutenberg (1450) y la impresión del Jikji (1377) es de 73 años.
¿Qué comando se debe utilizar para eliminar permanentemente los archivos de datos de una tabla de Delta Lake a los que ya no hace referencia el registro de transacciones?,,"Debe utilizar el comando `VACUUM`. Para garantizar la seguridad y preservar el historial de viaje en el tiempo, debe establecer el período de retención (`RETAIN`) para que sea más largo que la configuración `delta.logStore.time`, normalmente al menos 7 días (168 horas)."
Enumera tres herramientas esenciales necesarias para diferentes estilos de preparación de café.,,"Vertido (Pour Over):
Hervidor de cuello de ganso
Molinillo de muelas
Filtros de papel

Espresso:
Prensador (Tamper)
Portafiltro
Báscula de precisión

Prensa Francesa:
Molinillo grueso
Recipiente aislado
Paleta para remover"
"¿Qué forma de generación de electricidad, solar o eólica, requiere menos mantenimiento a largo plazo?",,"Las granjas solares generalmente requieren menos mantenimiento mecánico continuo que las turbinas eólicas, que tienen piezas móviles sujetas a desgaste."
"¿Según el texto proporcionado, cuál es el rango de temperatura ideal para el agua de infusión utilizada en el espresso?","Lograr el espresso perfecto requiere equilibrar varias variables clave. El tamaño de la molienda es posiblemente el más crucial; una molienda más fina aumenta la resistencia y ralentiza la extracción, mientras que una molienda más gruesa permite que el agua fluya demasiado rápido, lo que resulta en una subextracción. La temperatura del agua de infusión idealmente debe estar entre 195°F y 205°F (90°C y 96°C)—demasiado fría resulta en acidez, demasiado caliente provoca amargor. La dosis, o la cantidad de café molido seco utilizado, generalmente oscila entre 18 y 22 gramos para un trago doble estándar. Finalmente, la presión aplicada por la máquina, generalmente alrededor de 9 bares, impulsa el agua a través de los posos compactados para producir el volumen de trago deseado dentro de 25 a 30 segundos.",La temperatura ideal para el agua de infusión debe estar entre 195°F y 205°F (90°C y 96°C).
¿Cuál es el lenguaje de programación más práctico para que un principiante aprenda en 2024?,,"La mejor opción depende enteramente de tus objetivos profesionales a largo plazo. Para la versatilidad y el desarrollo web, JavaScript es esencial. Sin embargo, si tu interés reside en la ciencia de datos o la automatización, Python se recomienda a menudo por su legibilidad y fuerte soporte de bibliotecas."
Explica qué es la Aurora Boreal y enumera los mejores lugares de la Tierra para ver este fenómeno.,,"La Aurora Boreal, a menudo llamada las Luces del Norte, es un espectáculo de luz natural en el cielo de la Tierra, visto predominantemente en regiones de alta latitud. Ocurre cuando partículas cargadas (principalmente electrones y protones) provenientes del sol, que viajan a través del viento solar, colisionan con partículas gaseosas en la atmósfera terrestre. Estas colisiones hacen que los átomos se exciten; cuando los átomos vuelven a un estado de energía inferior, liberan energía en forma de fotones, creando la espectacular luz visible. El color más común es el verde, causado por átomos de oxígeno, pero también pueden aparecer rojos, azules y púrpuras, dependiendo del tipo de gas y la altitud de la colisión.

Ver las Luces del Norte requiere cielos oscuros y despejados, y una contaminación lumínica mínima. El tiempo óptimo de observación suele ser entre septiembre y abril. Los mejores lugares para ver la Aurora Boreal incluyen:

*   **Islandia:** Muy accesible y la observación es posible en toda la isla, a menudo a solo minutos de las afueras de Reikiavik.
*   **Noruega (Tromsø y las Islas Lofoten):** Situada dentro del Círculo Polar Ártico, ofrece algunos de los telones de fondo costeros más dramáticos para las luces.
*   **Finlandia (Laponia):** Conocida por alojamientos especializados como iglús de cristal, que permiten la observación desde el interior.
*   **Suecia (Parque Nacional Abisko):** Esta región es famosa por su ""Agujero Azul"" (Blue Hole), un área conocida por sus cielos consistentemente despejados debido a patrones climáticos localizados.
*   **Canadá (Yukón, Territorios del Noroeste y Nunavut):** Vastos, zonas escasamente pobladas que ofrecen cielos oscuros e inmaculados.
*   **Alaska (Fairbanks):** Posicionada directamente debajo del óvalo auroral, ofreciendo una alta previsibilidad de avistamientos."
¿Cuáles son las mejores estrategias para identificar y mitigar el agotamiento (burnout) en equipos de ingeniería totalmente remotos?,,"Abordar el agotamiento en equipos remotos requiere un enfoque proactivo y multifacético centrado en la visibilidad y la flexibilidad. 

**1. Estrategias de Identificación (Detectar las Señales):**
*   **Monitorear Señales Cualitativas:** Buscar cambios sutiles en el comportamiento: menor participación en chats de equipo opcionales, mayor uso de comunicación concisa (escasa), tiempos de respuesta más lentos o fricción inesperada durante las revisiones de código.
*   **Rastrear Patrones de Trabajo (No Horas):** Observar horarios de trabajo repentinos e irregulares (por ejemplo, cerrar sesión temprano pero volver a conectarse tarde por la noche) o una variación significativa en la frecuencia o el volumen de 'commits', lo que puede indicar dificultades o falta de concentración.
*   **Aprovechar las Revisiones 1:1:** Cambiar el enfoque de las reuniones semanales 1:1 de puras actualizaciones de tareas a temas de bienestar. Hacer preguntas abiertas como, '¿Qué te está resultando pesado en este momento?' o '¿Tienes problemas para separar el trabajo y la vida personal?'

**2. Tácticas de Mitigación e Intervención:**
*   **Ordenar Bloques Asíncronos:** Programar días o bloques de tiempo específicos donde las reuniones estén prohibidas, permitiendo un trabajo profundo e ininterrumpido y reduciendo la fatiga por reuniones.
*   **Imponer la Desconexión:** Indicar explícitamente a los miembros del equipo que utilicen su Tiempo Libre Remunerado (PTO). Requerir que pongan 'OOTO' (Fuera de la Oficina) en su estado y se comprometan a no revisar correos electrónicos/Slack fuera del horario laboral.
*   **Ajustar la Carga y el Alcance del Trabajo:** Revisar el 'sprint' actual o la cartera de proyectos ('backlog'). Estar dispuesto a aplazar tareas no críticas de inmediato para reducir la presión, priorizando la calidad sobre la velocidad.

**3. Prevención Sistémica:**
*   **Revisar la Planificación de Capacidad:** Asegurarse de que la velocidad del 'sprint' o los hitos del proyecto se establezcan de manera realista, teniendo en cuenta el tiempo de inactividad necesario y el tiempo de reserva (buffer), en lugar de exigir una utilización del 100%.
*   **Fomentar las Micro-pausas:** Promover el uso de herramientas o recordatorios que fomenten pausas físicas cortas a lo largo del día para combatir los hábitos de trabajo sedentarios."
"¿Quién escribió la trascendental novela de ciencia ficción de 1965, Dune?",,"Frank Herbert escribió Dune. Es la primera novela de una saga de seis libros que explora temas complejos de ecología, religión y evolución humana en el planeta desértico Arrakis."
"Crear un plan financiero y de carrera riguroso y paso a paso para un recién graduado universitario que tiene $100,000 en deuda estudiantil, con el objetivo de eliminar completamente la deuda en 5 años.",,"1. **Triage Inmediato y Verificación de Tasas (Mes 1):** Detalle cada préstamo individual, anotando el capital, la tasa de interés y el pago mínimo mensual. Priorice el pago utilizando el método 'Avalancha de Deuda' (tasa de interés más alta primero). Esto ahorrará miles a lo largo de la vida del préstamo.
2. **El Sacrificio (Año 1):** Vuelva a casa inmediatamente o asegure la situación de costo de vida más baja posible. La vivienda es el factor individual más importante para el éxito de este plan. Su objetivo para el Año 1 es mantener la vivienda y los servicios públicos por debajo del 10% de su salario neto.
3. **El Presupuesto de Base Cero:** Cree un presupuesto altamente restrictivo. Asigne un trabajo a cada dólar. Limite todos los gastos no esenciales (cenar fuera, entretenimiento, suscripciones) a $200 por mes. Acostúmbrese a decir “no” a los eventos sociales que requieren gasto.
4. **Construya el Amortiguador de $1,000:** Antes de realizar pagos grandes, asegure un pequeño fondo de emergencia de $1,000. Esto evita que costos inesperados menores (reparación de automóviles, copago médico) lo obliguen a recurrir nuevamente a la deuda de tarjetas de crédito.
5. **Asegure Empleos de Alto Crecimiento:** Priorice encontrar un trabajo en un sector de alta demanda (p. ej., desarrollo de software especializado, ventas de tecnología, ciencia de datos, consultoría). Apunte a un salario inicial que sea 10-20% más alto que la media para su campo, incluso si requiere una intensa mejora de habilidades o mudarse temporalmente a una ciudad con alto costo de vida (COL).
6. **El Mandato de Actividad Secundaria:** Comience inmediatamente una actividad secundaria rentable (trabajo independiente, enseñanza, trabajo por contrato remoto) que utilice sus habilidades profesionales comercializables. Comprométase a dedicar 10-15 horas por semana a esta actividad, con el objetivo de generar $800 a $1,200 adicionales por mes.
7. **Automatice la Avalancha:** Configure pagos mínimos automáticos para todos los préstamos, asegurando que evite cargos. Aplique el 100% de los ingresos generados por su actividad secundaria directamente al capital del préstamo con la tasa de interés más alta.
8. **Pausa en la Jubilación:** Solo contribuya el mínimo necesario a su 401(k) del empleador para asegurar la contribución de contrapartida completa (dinero gratis). No contribuya más hasta que la carga total de la deuda sea inferior a $30,000.
9. **Viva Como un Estudiante (Año 1):** No sea víctima de la 'inflación del estilo de vida'. Conduzca el coche viejo, use la ropa vieja y siga comiendo alimentos de bajo costo. Cada dólar extra se destina a la deuda.
10. **Redirección del Aumento (Año 2+):** Cuando reciba su primer aumento o bonificación, redirija el 100% del *aumento neto* a su pago de la deuda. Esto no es negociable.
11. **Aceleración Agresiva de la Carrera:** Céntrese implacablemente en el rendimiento. Busque promociones internas cada 12 a 18 meses. Si el crecimiento interno está estancado, busque agresivamente un nuevo trabajo (cambio de empleo frecuente) que ofrezca un salto salarial mínimo del 15 al 20%. Su alto ingreso es la herramienta más poderosa en este plan.
12. **Revisión de Refinanciamiento (Año 2/3):** Una vez que su puntaje crediticio haya mejorado y la deuda principal se haya reducido, investigue refinanciar sus préstamos privados restantes (y potencialmente préstamos federales, dependiendo de las tasas de interés) a una tasa de interés única y más baja. Esto a menudo requiere un crédito excelente y un historial laboral estable.
13. **Celebraciones de Hitos de Deuda (Mínimas):** Cuando pague un préstamo específico, permítase una pequeña celebración presupuestada ($50-$100 máximo). Use el pago del préstamo eliminado para aumentar el pago del siguiente préstamo en el orden de la Avalancha.
14. **El Empuje Final (Año 5):** Cuando la deuda sea inferior a $15,000, considere eliminar por completo todos los gastos no esenciales (el empuje final del “mes infernal”) y venda cualquier activo innecesario de alto valor (p. ej., consola de juegos, electrónica excesiva) para liquidar el monto principal final.
15. **Protocolo Post-Deuda:** Tras el pago final, redirija la enorme cantidad de pago mensual de la deuda a agotar agresivamente las cuentas de jubilación (401k, Roth IRA) y finalmente a financiar un fondo de emergencia sólido de 3 a 6 meses, asegurándose de recuperar rápidamente las oportunidades de ahorro perdidas."
Enumera las siete capas del modelo OSI en orden y explica brevemente la función principal de las tres capas superiores.,,"Las siete capas del modelo OSI, de abajo (1) a arriba (7), son: 1. Física, 2. Enlace de Datos, 3. Red, 4. Transporte, 5. Sesión, 6. Presentación, 7. Aplicación. Las funciones de las tres capas superiores son: Capa 7 (Aplicación): Proporciona la interfaz entre las aplicaciones del usuario y la red y gestiona los servicios de comunicación del usuario final (p. ej., HTTP, SMTP). Capa 6 (Presentación): Gestiona el formato, la traducción, el cifrado y la compresión de datos, asegurando que los datos sean legibles por el sistema receptor. Capa 5 (Sesión): Gestiona el establecimiento, mantenimiento, sincronización y terminación de las conexiones (sesiones) entre las aplicaciones comunicantes."
Describe la importancia de la imprenta de Gutenberg.,"La imprenta de Gutenberg fue inventada por Johannes Gutenberg a mediados del siglo XV. Utilizaba tecnología de tipos móviles, una mejora significativa con respecto a los métodos anteriores de impresión con bloques.","La imprenta de Gutenberg fue inventada por Johannes Gutenberg a mediados del siglo XV. Utilizaba tecnología de tipos móviles, una mejora significativa con respecto a los métodos anteriores de impresión con bloques. Se le atribuye ampliamente el inicio de la 'Revolución de la Imprenta', que desempeñó un papel clave en el Renacimiento, la Reforma y la Ilustración al permitir la rápida difusión del conocimiento y los textos estandarizados por toda Europa."
¿Quién sucedió a FDR como presidente de los Estados Unidos?,,Harry S. Truman sucedió a Franklin D. Roosevelt.
Lunas Mayores de Saturno,"Titán es la luna más grande de Saturno y la segunda más grande del Sistema Solar, después de Ganímedes de Júpiter. Es la única luna conocida que tiene una atmósfera densa, compuesta principalmente de nitrógeno. Titán fue descubierto por el astrónomo holandés Christiaan Huygens en 1655. Otra luna importante, Encélado, es mucho más pequeña pero altamente relevante científicamente debido a su océano subterráneo y su criovolcanismo activo (géiseres que erupcionan partículas de hielo de agua). Encélado fue descubierto por William Herschel en 1789. La luna Jápeto es notable por su dramática coloración bicolor—un hemisferio es casi negro mientras que el otro es blanco brillante. Jápeto fue descubierto por Giovanni Domenico Cassini en 1671.","¿Según el texto, cuál es la composición de la atmósfera densa encontrada en Titán?"
Discuta el impacto principal de 'Frankenstein' de Mary Shelley en los géneros gótico y de ciencia ficción.,,"Frankenstein' es fundamental para ambos géneros. En la literatura gótica, hizo la transición del enfoque de amenazas externas y sobrenaturales (fantasmas, castillos encantados) hacia el horror interno y psicológico, estableciendo el tema perdurable del 'doppelgänger' y la dinámica 'monstruo/creador'. De manera crucial, a menudo se le cita como el punto de origen de la ciencia ficción, ya que reemplaza la magia o el misticismo con ciencia especulativa, aunque plausible (galvanismo, ensamblaje corporal). Este cambio convirtió la novela en un prototipo para futuros escritores de CF al centrarse en las consecuencias éticas de la soberbia tecnológica en lugar de simplemente describir la tecnología."
¿Cómo configuro un entorno virtual básico de Python para un nuevo proyecto?,,"Configurar un entorno virtual (venv) se considera la mejor práctica en el desarrollo de Python para aislar las dependencias del proyecto. Suponiendo que tienes Python 3.x instalado, sigue estos pasos:

1. **Navega a tu directorio de proyecto:** Abre tu terminal o símbolo del sistema y cambia el directorio a donde residirán los archivos de tu proyecto (p. ej., `cd ~/Projects/my_app`).

2. **Crea el entorno virtual:** Usa el módulo incorporado `venv`. El nombre `venv` (la segunda instancia) es la convención común para el nombre de la carpeta del entorno:
   bash
   python3 -m venv venv
   

3. **Activa el entorno:** La activación modifica la variable PATH de tu shell para que, cuando escribas `python` o `pip`, utilice el ejecutable dentro de tu nuevo entorno aislado.
   *   **En macOS/Linux:** `source venv/bin/activate`
   *   **En Windows (Símbolo del sistema):** `venv\Scripts\activate.bat`
   *   **En Windows (PowerShell):** `.\venv\Scripts\Activate.ps1`

4. **Confirma la activación:** La línea de comandos de tu terminal cambiará típicamente para incluir el nombre del entorno (p. ej., `(venv) user@host:~/Projects/my_app$`)

5. **Instala dependencias:** Ahora, cualquier paquete que instales usando `pip` solo existirá dentro de este entorno (p. ej., `pip install requests flask`).

6. **Desactiva:** Cuando termines de trabajar en el proyecto por la sesión, simplemente escribe `deactivate` para volver a tu entorno global de Python."
Explique el proceso de la fotosíntesis.,,"La fotosíntesis es el proceso bioquímico utilizado por las plantas, las algas y algunas bacterias para convertir la energía luminosa en energía química, almacenada en forma de glucosa. Este proceso requiere dióxido de carbono y agua y produce oxígeno como subproducto.

**La Fórmula Química:**
6CO₂ (Dióxido de Carbono) + 6H₂O (Agua) + Energía Luminosa → C₆H₁₂O₆ (Glucosa) + 6O₂ (Oxígeno)

**Etapa 1: Las Reacciones Dependientes de la Luz**
Esta etapa ocurre en las membranas tilacoides dentro de los cloroplastos. Los pigmentos de clorofila absorben energía luminosa, principalmente en los espectros rojo y azul. Esta energía absorbida se utiliza para excitar electrones y dividir moléculas de agua (un proceso llamado fotólisis). Esta división libera gas oxígeno a la atmósfera, y la energía generada se utiliza para crear ATP (moneda energética) y NADPH (un transportador de electrones).

**Etapa 2: Las Reacciones Independientes de la Luz (El Ciclo de Calvin)**
Esta etapa tiene lugar en el estroma (el espacio lleno de fluido que rodea a los tilacoides) y no requiere luz directamente, aunque depende del ATP y el NADPH producidos en la Etapa 1. 
1. **Fijación de Carbono:** El dióxido de carbono de la atmósfera es capturado y unido a una molécula de cinco carbonos llamada RuBP. Este paso convierte el carbono inorgánico en compuestos orgánicos.
2. **Reducción:** Utilizando la energía del ATP y los electrones del NADPH, los compuestos de carbono fijados se convierten en G3P (gliceraldehído-3-fosfato), un azúcar simple de tres carbonos.
3. **Regeneración:** La mayoría de las moléculas de G3P se reciclan para regenerar la molécula inicial de RuBP para que el ciclo pueda continuar. Las moléculas restantes de G3P son utilizadas por la planta para sintetizar glucosa, almidón, celulosa y otras moléculas orgánicas necesarias para el crecimiento y el almacenamiento de energía."
¿Cuál es el símbolo químico del oro?,,El símbolo químico del oro es Au.
"Revisa la siguiente lista de ciudades y clasifícalas en sus respectivos continentes. Formatea la salida como una lista con viñetas donde cada entrada muestre el Continente, seguido de dos puntos, y luego el nombre de la Ciudad.","Ciudades a clasificar: Tokyo, Paris, Cairo, Sydney, Rio de Janeiro, London, Johannesburg, Mumbai, New York City, Berlin.","* Asia: Tokyo
* Europa: París
* África: El Cairo
* Australia: Sídney
* América del Sur: Río de Janeiro
* Europa: Londres
* África: Johannesburgo
* Asia: Bombay
* América del Norte: Ciudad de Nueva York
* Europa: Berlín"
¿Cuándo se construyó la Torre Eiffel y cuál fue su propósito original?,"La Torre Eiffel es una torre de celosía de hierro forjado ubicada en el Campo de Marte en París, Francia. Fue construida de 1887 a 1889 como la entrada a la Exposición Universal de 1889. Con una altura de 330 metros (1,083 pies), fue la estructura artificial más alta del mundo durante 41 años hasta que se completó el Edificio Chrysler en la ciudad de Nueva York en 1930. La torre tiene tres niveles para visitantes, con restaurantes en el primer y segundo nivel. Es el monumento de pago más visitado del mundo, recibiendo 6.91 millones de visitantes en 2015.",La Torre Eiffel fue construida de 1887 a 1889 y sirvió como entrada a la Exposición Universal de 1889.
"Clasifica las siguientes características geográficas en tres grupos: Desiertos, Océanos y Cordilleras: Sahara, Atlántico, Andes, Gobi, Pacífico, Arábigo, Montañas Rocosas, Índico, Kalahari, Ártico, K2, Everest, Kilimanjaro.",,"Los Desiertos son: Sahara, Gobi, Arábigo y Kalahari. Los Océanos son: Atlántico, Pacífico, Índico y Ártico. Las Cordilleras y Picos son: Andes, Montañas Rocosas, K2, Everest y Kilimanjaro."
Explica el marco S.M.A.R.T. para el establecimiento de objetivos y lo que significa cada letra.,,"El marco S.M.A.R.T. es un dispositivo mnemotécnico utilizado para guiar el establecimiento de objetivos y aumentar las posibilidades de éxito. Proporciona parámetros claros para evaluar si un objetivo es viable y alcanzable. 

Las letras significan:
- **S**pecific: El objetivo debe indicar claramente lo que se quiere lograr.
- **M**easurable: Necesitas criterios para hacer seguimiento al progreso y saber cuándo se ha cumplido el objetivo.
- **A**chievable (o Alcanzable): El objetivo debe ser realista dados los recursos y el tiempo disponibles.
- **R**elevant: El objetivo debe alinearse con objetivos y prioridades más amplios.
- **T**ime-bound: El objetivo debe tener una fecha límite o un plazo definido para su finalización."
Explique las fuerzas primarias responsables de causar las mareas oceánicas.,,"La causa principal de las mareas oceánicas es la fuerte atracción gravitatoria ejercida por la Luna. Esta fuerza atrae el agua hacia la Luna, creando una protuberancia de marea alta en el lado de la Tierra que mira hacia ella. Una segunda protuberancia de marea alta ocurre en el lado opuesto debido a la inercia y a la diferencia en la fuerza gravitatoria a través del diámetro de la Tierra. El Sol también influye en las mareas, ya sea amplificando (mareas vivas) o reduciendo (mareas muertas) el efecto."
¿Cuál es el papel principal del aparato de Golgi en una célula eucariota?,"La célula contiene varios orgánulos, cada uno con tareas especializadas. Las mitocondrias producen energía, y el retículo endoplasmático se encarga de la síntesis y el transporte de proteínas. Sin embargo, el aparato de Golgi, a veces llamado complejo o cuerpo de Golgi, sirve principalmente como la oficina de correos de la célula. Su función principal es modificar, clasificar y empaquetar las proteínas y los lípidos sintetizados en el retículo endoplasmático para su secreción (exocitosis) o para su entrega a otros orgánulos dentro de la célula.","Su función principal es modificar, clasificar y empaquetar proteínas y lípidos para su secreción o para su entrega a otros orgánulos dentro de la célula."
¿Cuál es la función principal del Sistema de Nombres de Dominio (DNS)?,,"La función principal del Sistema de Nombres de Dominio (DNS) es traducir nombres de dominio legibles por humanos (como www.example.com) a direcciones IP numéricas (como 192.0.2.1), que las computadoras utilizan para identificarse entre sí en internet."
Explica el propósito y la mecánica del Horario de Verano (DST). Escribe la respuesta desde la perspectiva de un europeo que encuentra la práctica incómoda y arcaica.,,"Ah, el ritual de tortura anual. Dos veces al año, estropeamos los relojes. En primavera ('adelantar'), adelantamos el reloj una hora para 'ahorrar' luz diurna, lo que significa que el sol se pone más tarde por la noche. Luego, en otoño ('retrasar'), lo revertimos. El propósito teórico, que se remonta a siglos, era la conservación de energía, lo cual ahora está en gran parte desacreditado. Pero el verdadero efecto son solo semanas de un ligero desfase horario y confusión. Es una práctica arcaica que la mayor parte del mundo sensato está tratando de abandonar, pero algunas naciones simplemente se aferran a ella por razones solo conocidas por los burócratas."
Completa el conocido proverbio: Una puntada a tiempo ahorra ___.,,"El proverbio completo es: ""Una puntada a tiempo ahorra nueve."""
¿Cuál fue la duración de la guerra más corta jamás registrada y qué dos naciones estuvieron involucradas?,,"La Guerra Anglo-Zanzibariana de 1896, que duró aproximadamente de 38 a 45 minutos, se libró entre el Reino Unido y el Sultanato de Zanzíbar."
"Enumera los cinco ríos más largos del mundo, incluyendo su continente y la longitud máxima estimada en kilómetros.",,"1. **Río Amazonas** (América del Sur): Aproximadamente 6,992 km.
2. **Río Nilo** (África): Aproximadamente 6,650 km.
3. **Río Yangtsé** (Asia): Aproximadamente 6,300 km.
4. **Misisipi–Misuri–Red Rock** (América del Norte): Aproximadamente 6,275 km.
5. **Yenisei–Angará–Selengá** (Asia): Aproximadamente 5,539 km."
"Según el texto, ¿cuáles fueron las fechas de inicio y fin de la operación del Pony Express?","El Pony Express fue un servicio de correo que entregaba mensajes, periódicos y correspondencia. Operó solo durante 18 meses, desde el 3 de abril de 1860 hasta el 26 de octubre de 1861. Se convirtió en el medio de comunicación más directo del Oeste antes de que se completara el sistema de telégrafo. La ruta siguió esencialmente la Platte River Road, el Sendero Mormón y la Ruta Terrestre Central. Se requerían aproximadamente 10 días para viajar entre St. Joseph, Misuri, y Sacramento, California. Los jinetes cubrían de 75 a 100 millas por día, cambiando de ponis en estaciones de relevo establecidas cada 5 a 20 millas. El final oficial llegó con la activación del telégrafo transcontinental.",El Pony Express operó desde el 3 de abril de 1860 hasta el 26 de octubre de 1861.
"Según el texto proporcionado, ¿qué es la materia oscura y cómo se detecta su presencia?","La materia oscura es una forma hipotética de materia que se cree que representa aproximadamente el 85% de la materia del universo. Su presencia se infiere a partir de los efectos gravitacionales sobre la materia visible, como las galaxias y los cúmulos de galaxias. A diferencia de la materia normal, la materia oscura no parece emitir ni interactuar con la radiación electromagnética, lo que la hace invisible a los telescopios. La naturaleza de la materia oscura sigue siendo uno de los mayores misterios sin resolver en la cosmología moderna.","La materia oscura es una forma hipotética de materia que representa aproximadamente el 85% de la materia del universo. Su presencia se infiere únicamente a partir de sus efectos gravitacionales sobre la materia visible, como las curvas de rotación de las galaxias y la dinámica dentro de los cúmulos de galaxias. Es indetectable por los telescopios convencionales porque no parece emitir ni interactuar con la radiación electromagnética. 

Aunque su composición exacta es desconocida, los principales candidatos para las partículas fundamentales que componen la materia oscura incluyen las Partículas Masivas de Interacción Débil (WIMPs). Otras explicaciones propuestas involucran Objetos de Halo Compactos Masivos (MACHOs) o Dinámica Newtoniana Modificada (MOND), aunque la búsqueda de WIMPs actualmente impulsa la mayoría de los experimentos de detección directa a nivel mundial."
Enumera las Siete Maravillas del Mundo Antiguo.,,"Las Siete Maravillas del Mundo Antiguo son: La Gran Pirámide de Guiza, Los Jardines Colgantes de Babilonia, La Estatua de Zeus en Olimpia, El Templo de Artemisa en Éfeso, El Mausoleo de Halicarnaso, El Coloso de Rodas y El Faro de Alejandría."
"Clasifica los siguientes planetas del Sistema Solar según estén clasificados como Planetas Terrestres o Gigantes Gaseosos/de Hielo: Mercurio, Venus, Tierra, Marte, Júpiter, Saturno, Urano, Neptuno",,"Planetas Terrestres: Mercurio, Venus, Tierra, Marte
Gigantes Gaseosos/de Hielo: Júpiter, Saturno, Urano, Neptuno"
Explique el concepto de la notación Big O O(n^2) e identifique qué tarea en la entrada JSON proporcionada mejor representa esta complejidad computacional.,"{  ""tasks"": [    {      ""name"": ""Búsqueda en Base de Datos"",      ""complexity_description"": ""Recuperar un único registro por ID."",      ""O_notation"": ""O(1)""    },    {      ""name"": ""Algoritmo de Ordenación 1"",      ""complexity_description"": ""Comparar cada elemento con todos los demás elementos en una lista de tamaño N."",      ""O_notation"": ""N/A""    },    {      ""name"": ""Búsqueda Lineal"",      ""complexity_description"": ""Iterar a través de una lista de tamaño N una sola vez."",      ""O_notation"": ""O(N)""    }  ]}","La notación Big O de O(n^2) (leído como ""n al cuadrado"") describe un algoritmo cuyo rendimiento o tiempo de ejecución es directamente proporcional al cuadrado del tamaño del conjunto de datos de entrada (N). Esto ocurre típicamente cuando un algoritmo utiliza iteración anidada (por ejemplo, bucles 'for' anidados), lo que significa que para cada elemento en la entrada (N), el algoritmo realiza N operaciones. A medida que N crece, el tiempo de ejecución aumenta cuadráticamente.

En los datos proporcionados, la tarea que mejor ejemplifica la complejidad O(n^2) es el **Algoritmo de Ordenación 1**, cuya descripción indica: ""Comparar cada elemento con todos los demás elementos en una lista de tamaño N."" Este patrón de comparación característico es la definición de la complejidad de tiempo cuadrático."
"¿Cuáles de los siguientes elementos son líquidos naturales a Temperatura y Presión Estándar (STP): Azufre, Hierro, Bromo, Carbono, Mercurio, Helio, Silicio, Flúor?",,"Los siguientes elementos son líquidos naturales a Temperatura y Presión Estándar (STP): Bromo, Mercurio"
"Identifica el siglo en el que ocurrieron principalmente los siguientes eventos: La firma de la Declaración de Independencia, El inicio de la Primera Guerra Mundial.",,"La firma de la Declaración de Independencia ocurrió en el siglo XVIII, y el inicio de la Primera Guerra Mundial ocurrió en el siglo XX."
¿En qué campo científico recibió Marie Curie su segundo Premio Nobel?,"Marie Skłodowska-Curie (nacida Maria Skłodowska; 7 de noviembre de 1867 – 4 de julio de 1934) fue una física y química polaca y nacionalizada francesa que llevó a cabo investigaciones pioneras sobre la radiactividad. Fue la primera mujer en ganar un Premio Nobel, la primera persona y única mujer en ganarlo dos veces, y la única persona en ganarlo en dos campos científicos diferentes. También fue la primera mujer en convertirse en profesora en la Universidad de París. Su marido, Pierre Curie, fue co-receptor de su primer Premio Nobel, que fue otorgado en 1903 por Física. Posteriormente ganó el Premio Nobel de Química de 1911 por su descubrimiento de los elementos polonio y radio.",Química
"¿Qué es un ""MacGuffin"" en la narrativa?",,"Un MacGuffin es un recurso argumental en una narrativa (como una película, un libro o un videojuego) que funciona como el objeto central o meta que los personajes principales se esfuerzan por alcanzar, adquirir o recuperar. Fundamentalmente, la importancia del MacGuffin para la audiencia es secundaria o inexistente; su propósito principal es motivar a los personajes y hacer avanzar la trama. Alfred Hitchcock popularizó el término, afirmando célebremente que el MacGuffin es 'la cosa que los espías buscan pero que a la audiencia no le importa'. Los ejemplos incluyen el Arca de la Alianza en En busca del arca perdida o el collar robado en Titanic."
"Clasifica los siguientes lenguajes en tres categorías basadas en su función principal y cumplimiento de tipos: Tipado Estáticamente, Tipado Dinámicamente, o Lenguaje de Marcado/Estilizado/Consulta: Python, C++, Java, HTML, CSS, JavaScript, C#, Ruby, Go, SQL.",,"Tipado Estáticamente: C++, Java, C#, Go
Tipado Dinámicamente: Python, JavaScript, Ruby
Lenguaje de Marcado/Estilizado/Consulta: HTML, CSS, SQL"
Explica qué son las lunas galileanas y enuméralas en orden de distancia creciente desde Júpiter.,,"Las lunas galileanas son las cuatro lunas más grandes de Júpiter, descubiertas por Galileo Galilei en 1610. Son significativas porque su descubrimiento proporcionó una fuerte evidencia que apoya el modelo heliocéntrico. En orden de distancia creciente desde Júpiter, son: Ío, Europa, Ganimedes y Calisto."
¿Por qué a veces se le llama a Marte el 'Planeta Rojo'?,"Marte es el cuarto planeta desde el Sol y el segundo planeta más pequeño del Sistema Solar, después de Mercurio. Es un planeta terrestre con una atmósfera delgada, compuesta principalmente por dióxido de carbono. A Marte se le conoce a veces como el 'Planeta Rojo' porque el óxido de hierro predominante en su superficie le da una apariencia rojiza. Dos lunas pequeñas y de forma irregular orbitan Marte: Fobos y Deimos. Estas lunas fueron descubiertas en 1877 por el astrónomo Asaph Hall.",A Marte se le conoce como el 'Planeta Rojo' porque el óxido de hierro predominante en su superficie le da una apariencia rojiza.
¿Qué es la Gran Barrera de Coral y dónde se encuentra ubicada?,"La Gran Barrera de Coral es el sistema de arrecifes de coral más grande del mundo, compuesto por más de 2,900 arrecifes individuales y 900 islas, que se extienden a lo largo de más de 2,300 kilómetros (1,400 millas) en un área de aproximadamente 344,400 kilómetros cuadrados (133,000 millas cuadradas). El arrecife está ubicado en el Mar del Coral, frente a la costa de Queensland, Australia. Se puede ver desde el espacio exterior y es la estructura individual más grande del mundo hecha por organismos vivos. Esta estructura de arrecife está construida a partir de miles de millones de organismos diminutos, conocidos como pólipos de coral.","La Gran Barrera de Coral es el sistema de arrecifes de coral más grande del mundo. Es una estructura inmensa compuesta por más de 2,900 arrecifes individuales y 900 islas, que se extiende a lo largo de más de 2,300 kilómetros (1,400 millas) y cubre un área de aproximadamente 344,400 kilómetros cuadrados (133,000 millas cuadradas). El arrecife está situado en el Mar del Coral, frente a la costa de Queensland, Australia. Debido a su enorme tamaño, es visible desde el espacio exterior y es reconocida como la estructura individual más grande del mundo hecha enteramente por organismos vivos—específicamente, miles de millones de diminutas criaturas llamadas pólipos de coral.

La Gran Barrera de Coral fue designada Patrimonio de la Humanidad en 1981. Sustenta una increíble diversidad de vida marina, incluyendo 30 especies de ballenas, delfines y marsopas, 6 especies de tortugas marinas y más de 1,500 especies de peces. Sin embargo, el arrecife se encuentra actualmente bajo una grave amenaza debido al cambio climático, el blanqueamiento de coral, la contaminación y los brotes de estrellas de mar corona de espinas."
"¿Cuál es la función del hipocampo en el cerebro humano, y dónde se encuentra ubicado principalmente?",,"El hipocampo desempeña un papel crucial en la consolidación de la información de la memoria a corto plazo a la memoria a largo plazo, así como en la navegación espacial. Se encuentra ubicado principalmente dentro del lóbulo temporal medial, en lo profundo del asta temporal inferior del ventrículo lateral."
Explica la diferencia entre `==` y `===` en JavaScript.,,"En JavaScript, tanto `==` como `===` son operadores de comparación, pero evalúan las comparaciones de manera diferente. El operador `==` verifica la igualdad flexible; intenta la coerción de tipos (convirtiendo un operando al tipo del otro) antes de realizar la comparación. Por ejemplo, `5 == '5'` devuelve `true`. El operador `===` verifica la igualdad estricta; evalúa si los operandos son iguales *sin* realizar ninguna conversión de tipo. Si los tipos son diferentes, la comparación devuelve inmediatamente `false`. Por ejemplo, `5 === '5'` devuelve `false`, mientras que `5 === 5` devuelve `true`."
Explique el proceso de la fotosíntesis.,,"La fotosíntesis es el proceso utilizado por plantas, algas y ciertas bacterias para convertir la energía luminosa, típicamente del Sol, en energía química que puede ser utilizada para impulsar las actividades del organismo. Esta energía química se almacena en moléculas de carbohidratos, como azúcares, que se sintetizan a partir de dióxido de carbono y agua. La ecuación química general para el proceso es 6CO₂ + 6H₂O + Energía Luminosa → C₆H₁₂O₆ + 6O₂.

La fotosíntesis ocurre principalmente en los cloroplastos de las células vegetales e involucra dos etapas principales:

1. **Reacciones Dependientes de la Luz:** Estas reacciones tienen lugar en las membranas tilacoides dentro de los cloroplastos. La clorofila absorbe energía luminosa, lo que excita los electrones. Esta energía se utiliza para dividir las moléculas de agua (H₂O), liberando oxígeno (O₂), y creando portadores de energía—ATP (trifosfato de adenosina) y NADPH (fosfato de nicotinamida adenina dinucleótido).

2. **Reacciones Independientes de la Luz (Ciclo de Calvin):** También conocidas como reacciones oscuras, estas ocurren en el estroma (el fluido que rodea los tilacoides). No requieren luz directamente, pero utilizan el ATP y NADPH generados en la primera etapa. El dióxido de carbono (CO₂) se 'fija' (se incorpora a una molécula orgánica) y se convierte en glucosa (azúcar), que la planta utiliza para energía y crecimiento."
"Basado en el texto proporcionado, calcula la edad de Augusto cuando murió.","Cayo Julio César Octaviano, conocido como Augusto, fue el fundador del Principado Romano y considerado el primer Emperador Romano. Nació en el 63 a.C. y murió en el 14 d.C., reinando durante 40 años tras la derrota de Marco Antonio. Su sucesor inmediato fue su hijastro, Tiberio, quien tomó el poder tras la muerte de Augusto.",76 años
Esboce los componentes esenciales y las mejores prácticas para escribir un correo electrónico profesional.,,"Un correo electrónico profesional requiere cinco componentes clave. Primero, utilice una **Línea de Asunto** clara y concisa que resuma el propósito del correo electrónico. Evite usar solo mayúsculas o puntuación excesiva. En segundo lugar, incluya siempre un **Saludo** apropiado (p. ej., 'Estimada Sra. Johnson' o 'Hola Equipo'). En tercer lugar, el **Cuerpo** debe ser breve, directo y centrado en un tema principal. Vaya al grano rápidamente, utilizando viñetas si es posible para mejorar la legibilidad. En cuarto lugar, incluya un **Cierre** cortés (p. ej., 'Atentamente' o 'Saludos cordiales'). Por último, asegúrese de que su **Bloque de Firma** contenga su nombre completo, cargo e información de contacto principal. Siempre revise la ortografía para detectar errores tipográficos y verifique que el destinatario correcto esté en la lista antes de hacer clic en enviar."
¿Cuándo voló por primera vez el Boeing 747 y qué aerolínea fue la primera en usarlo comercialmente? ¿Cuántos 747 se construyeron en total y cuántos se habían entregado para 1989?,"El Boeing 747, a menudo apodado la ""Reina de los Cielos"", voló por primera vez en febrero de 1969. Fue el primer avión de fuselaje ancho jamás producido. Entró oficialmente en servicio comercial en enero de 1970 con Pan Am. Para 1989, se habían entregado un total de 800 modelos. La variante final, el 747-8, entró en servicio en 2011. La producción de la versión de pasajeros (747-400) cesó en 2005, pero las versiones de carga continuaron. En total, Boeing construyó 1.574 de estos icónicos aviones en todas sus variantes antes de que el avión final fuera entregado en enero de 2023.","El Boeing 747 voló por primera vez en febrero de 1969, y Pan Am fue la primera aerolínea en usarlo comercialmente. En total, se construyeron 1.574 747. Para 1989, se habían entregado 800 modelos."
"Describe un mercado urbano futurista y ciberpunk en una noche lluviosa, centrándose en los detalles sensoriales.",,"El aire estaba denso por la humedad y el sabor metálico de la lluvia ácida. Los anuncios de neón —cuencos de ramen holográficos parpadeantes y extremidades protésicas relucientes— se reflejaban violentamente en el pavimento resbaladizo y manchado de algas. Bajo toldos de chapa ondulada, los vendedores pregonaban sus mercancías: chips de datos astillados, bio-mejoras del mercado gris que olían ligeramente a ozono y brochetas de proteína barata y sintetizada chisporroteando en quemadores de inducción. El constante y rítmico silbido del tráfico de drones voladores por encima ahogaba el murmullo de la multitud, puntuado solo por el golpe húmedo de las botas de cuero sintético que vadeaban charcos poco profundos. Un vendedor con lentes de contacto de un azul brillante gritó un precio en un Estándar fuertemente acentuado."
"¿Cuál fue el nombre original del ratón de computadora, y cuándo se demostró públicamente por primera vez la tecnología?","El ratón de computadora fue inventado por Douglas Engelbart en 1964 en el Instituto de Investigación de Stanford. Originalmente fue apodado el 'indicador de posición X-Y para un sistema de visualización'. El primer prototipo era una carcasa de madera voluminosa con dos ruedas perpendiculares que registraban el movimiento. Engelbart demostró el ratón, junto con el enlace de hipertexto y la videoconferencia, durante la presentación 'The Mother of All Demos' en San Francisco en diciembre de 1968. Aunque fue inventado en los años 60, no estuvo ampliamente disponible comercialmente hasta su adopción por Xerox PARC en la década de 1970 y, más tarde, por Apple y Microsoft en la década de 1980.","El apodo original era el 'indicador de posición X-Y para un sistema de visualización', y se demostró públicamente por primera vez en diciembre de 1968 durante 'The Mother of All Demos'."
¿A quién envió Urbain Le Verrier sus predicciones sobre la ubicación de Neptuno?,"El planeta Neptuno no fue descubierto por una sola observación, sino a través de predicciones matemáticas. Urbain Le Verrier, un matemático francés, calculó la ubicación de un cuerpo desconocido que perturbaba la órbita de Urano. Envió sus predicciones al astrónomo Johann Galle en Berlín. Galle recibió la solicitud el 23 de septiembre de 1846 y encontró Neptuno esa misma noche, utilizando los cálculos proporcionados por Le Verrier.",Johann Galle
¿Cuándo se estableció oficialmente la Reserva del Bosque Nuboso Monteverde y en qué país se encuentra?,"La Reserva del Bosque Nuboso Monteverde es una reserva natural ubicada en la Cordillera de Tilarán, Costa Rica. Fue establecida en 1972 por científicos y miembros de la comunidad cuáquera local, quienes se habían asentado en la región a partir de 1951. El impulso inicial para su creación fue proteger la cuenca hidrográfica y la diversa flora y fauna, incluido el sapo dorado en peligro de extinción.",La Reserva del Bosque Nuboso Monteverde fue establecida en 1972 y se encuentra en Costa Rica.
"Clasifique los siguientes elementos según su estado de la materia (Sólido, Líquido o Gas) a Temperatura y Presión Estándar (TPE): Oro, Helio, Mercurio, Bromo, Hierro, Neón, Azufre, Cloro.",,"Sólido: Oro, Hierro, Azufre
Líquido: Mercurio, Bromo
Gas: Helio, Neón, Cloro"
"¿Cómo pasó la nota Post-it de ser una invención accidental a un producto de consumo exitoso, basándose en la información de entrada?","La nota Post-it fue inventada por Spencer Silver, un científico de 3M, en 1968. Silver intentaba crear un adhesivo súper fuerte, pero en su lugar, desarrolló un adhesivo 'de baja adherencia', sensible a la presión, que podía despegarse fácilmente sin dejar residuos. Durante años, la invención languideció porque los ingenieros de 3M no pudieron encontrarle un uso adecuado. En 1974, Art Fry, colega de Silver, cantaba en un coro de iglesia y estaba frustrado porque los marcadores de libros que usaba se caían constantemente de su himnario. Fry asistió a un seminario de Silver y se dio cuenta de que el adhesivo de Silver podría usarse para crear marcadores de libros adhesivos que se mantendrían en su lugar sin dañar las páginas. Tras una resistencia interna inicial, el producto se probó en el mercado como “Press 'n Peel” en 1977 antes de su exitoso lanzamiento masivo como la “Post-it Note” en 1980.","El adhesivo fue creado accidentalmente por Spencer Silver en 1968 mientras intentaba fabricar un pegamento súper fuerte, lo que resultó en una sustancia de baja adherencia y fácilmente removible. La invención languideció hasta 1974, cuando su colega Art Fry, que estaba frustrado porque sus marcadores de libros se caían de su himnario, se dio cuenta de que el adhesivo podía usarse para crear marcadores adhesivos y reposicionables. Luego fue probado en el mercado como “Press 'n Peel” en 1977 y lanzado con éxito como la “Post-it Note” en 1980."
Explique la principal diferencia entre astronomía y astrología.,,"La astronomía es el estudio científico de los objetos celestes, el espacio y el universo. La astrología es un sistema de creencias, o pseudociencia, que afirma interpretar la influencia de los movimientos y posiciones celestes en los asuntos humanos y los eventos terrenales."
Explica la función básica de un cortafuegos.,,"Un cortafuegos actúa como una barrera de seguridad entre una red privada y la internet pública, monitorizando y controlando el tráfico de red entrante y saliente basándose en reglas de seguridad predeterminadas."
"De la siguiente lista, identifique los elementos que típicamente NO deberían colocarse en un contenedor de reciclaje estándar: Lata de aluminio, bolsa de plástico del supermercado, caja de pizza (grasosa), botella de vidrio, vaso de espuma de poliestireno.",,"Los artículos que generalmente NO deben colocarse en un contenedor de reciclaje estándar son: la bolsa de plástico del supermercado (ya que a menudo obstruyen la maquinaria), la caja de pizza grasosa (debido a la contaminación alimentaria) y el vaso de espuma de poliestireno (que a menudo no es procesado por los programas municipales estándar)."
"¿Cuál es la altura total de la Torre Eiffel, incluyendo las antenas?","La Torre Eiffel fue construida para la Exposición Universal de 1889 en París, Francia. Originalmente estaba destinada a permanecer en pie solo 20 años, pero se salvó porque sirvió como una útil torre de transmisión de radio. Su diseño fue concebido y construido por la empresa de Gustave Eiffel, no solo por Eiffel mismo. La altura de la torre es de 330 metros (incluyendo antenas).",La altura de la torre es de 330 metros (incluyendo antenas).
"Explica las diferencias clave entre los algoritmos de cifrado simétrico y asimétrico, y proporciona ejemplos de usos comunes para cada uno.",,"Los algoritmos de cifrado simétrico y asimétrico difieren fundamentalmente en su enfoque de gestión de claves. El cifrado simétrico (o de clave secreta) utiliza una única clave compartida tanto para cifrar el texto sin formato como para descifrar el texto cifrado. Su principal ventaja es la velocidad y la eficiencia al procesar grandes volúmenes de datos. Los ejemplos incluyen AES (Estándar de Cifrado Avanzado) y DES (Estándar de Cifrado de Datos). El cifrado asimétrico (o de clave pública), por el contrario, utiliza un par de claves matemáticamente vinculadas: una clave pública (ampliamente compartida) para el cifrado y una clave privada (mantenida en secreto) para el descifrado. Este sistema resuelve el problema del intercambio de claves inherente a los métodos simétricos, lo que lo hace vital para las firmas digitales, el intercambio seguro de claves (por ejemplo, RSA, ECC) y el establecimiento de canales de comunicación seguros como TLS/SSL."
"Con base en el texto proporcionado, describa los tres hitos históricos más críticos de la ARPANET y su principal innovación tecnológica.","La Red de la Agencia de Proyectos de Investigación Avanzada (ARPANET) fue la precursora del Internet moderno. Establecida por la ARPA del Departamento de Defensa de EE. UU. (ahora DARPA), su propósito inicial era permitir el acceso compartido a computadoras costosas y de alta velocidad entre investigadores. El primer enlace permanente de ARPANET se estableció el 21 de noviembre de 1969, entre el Procesador de Mensajes de Interfaz (IMP) en UCLA y el Instituto de Investigación de Stanford (SRI). Esta conexión utilizó la línea telefónica de 50 kbit/s. De manera crucial, ARPANET empleó la conmutación de paquetes, una tecnología revolucionaria que dividía los datos en pequeños bloques (paquetes) para un enrutamiento eficiente, a diferencia de la conmutación de circuitos tradicional. El protocolo de comunicación de la red evolucionó, pasando del Programa de Control de Red (NCP) original al más robusto Protocolo de Control de Transmisión/Protocolo de Internet (TCP/IP) en 1983, un cambio considerado el nacimiento del Internet moderno. ARPANET se desmanteló formalmente en 1990, pero su estructura fundamental y sus protocolos siguen siendo fundamentales para las redes globales en la actualidad.","Hitos Clave:
1. Establecimiento del primer enlace permanente (UCLA y SRI) el 21 de noviembre de 1969.
2. La transición obligatoria al Protocolo de Control de Transmisión/Protocolo de Internet (TCP/IP) en 1983, que a menudo se considera el nacimiento del Internet moderno.
3. Desmantelamiento formal de la red en 1990.

Innovación Tecnológica Principal:
Conmutación de paquetes, que dividía los datos en pequeños bloques para un enrutamiento eficiente."
"Clasifica los siguientes instrumentos musicales en tres grupos: Cuerda, Viento (incluyendo metal y madera), o Percusión: Guitarra, Piano, Violín, Violonchelo, Trompeta, Flauta, Clarinete, Tuba, Batería, Platillos, Xilófono, Armónica, Oboe.",,"Instrumentos de cuerda: Guitarra, Piano, Violín, Violonchelo. 
Instrumentos de viento: Trompeta, Flauta, Clarinete, Tuba, Armónica, Oboe.
Instrumentos de percusión: Batería, Platillos, Xilófono."
Esboza tres primeros pasos esenciales que alguien debería tomar al comenzar a aprender un idioma extranjero completamente nuevo.,,"Los tres primeros pasos esenciales son: 

1. **Define tu 'por qué' y establece metas realistas y medibles.** Saber si necesitas frases básicas de viaje, fluidez conversacional o comprensión lectora dictará tu camino de estudio y te ayudará a seleccionar los recursos adecuados. 

2. **Domina los sonidos centrales y la pronunciación de inmediato.** Utiliza recursos como el AFI o hablantes nativos para asegurarte de que estás escuchando y produciendo los fonemas fundamentales del idioma correctamente desde el primer día. 

3. **Establece una pequeña rutina diaria de inmersión.** Esto podría ser tan corto como 15 minutos de tarjetas didácticas, escuchar canciones infantiles sencillas o etiquetar cinco objetos nuevos en tu casa en el nuevo idioma. La consistencia es más importante que la intensidad al principio."
Proporcione un resumen exhaustivo del período del Renacimiento.,,"El Renacimiento fue un período ferviente de 'renacimiento' cultural, artístico, político y económico europeo después de la Edad Media. Generalmente abarcó desde el siglo XIV hasta el siglo XVI, originándose principalmente en Florencia, Italia, y extendiéndose más tarde por toda Europa. El término ""Renacimiento"" en sí mismo significa ""renacimiento"" en francés, lo que refleja el renovado interés de la época por la civilización clásica de la antigua Grecia y Roma.

Una característica definitoria central del Renacimiento fue el Humanismo—un movimiento intelectual que cambió el enfoque de los dogmas religiosos y lo divino al logro, el potencial y los valores humanos. Los humanistas buscaron redescubrir y estudiar los textos clásicos, la filosofía y el arte de la Antigüedad, creyendo que estos proporcionaban una guía superior para la vida moral y la responsabilidad cívica en comparación con el rígido escolasticismo de la era anterior. Este enfoque impulsó avances en educación, retórica y análisis histórico, enfatizando el pensamiento crítico y la observación.

En las artes, el período experimentó desarrollos radicales en técnica y temática. Artistas como Leonardo da Vinci (La Última Cena, Mona Lisa) y Miguel Ángel (El David, el techo de la Capilla Sixtina) fueron pioneros en técnicas como la perspectiva lineal, el realismo y el claroscuro (el uso de fuertes contrastes entre luces y sombras). El arte pasó de ser encargado principalmente por la Iglesia a ser patrocinado por familias adineradas (como los Médicis), centrándose en la forma humana, la emoción y los temas mitológicos.

Más allá de las artes, el Renacimiento fomentó importantes avances científicos y tecnológicos. La invención de la imprenta de tipos móviles por Johannes Gutenberg alrededor de 1440 revolucionó la comunicación, aumentando drásticamente las tasas de alfabetización y la velocidad a la que podían difundirse las nuevas ideas. Políticamente, pensadores como Niccolò Machiavelli analizaron las estructuras de poder de una manera secular y pragmática (El Príncipe). La era también fue testigo de la gran era de la exploración, alterando profundamente la geografía global, el comercio y las relaciones económicas."
¿Cuáles son los pasos esenciales para lanzar un nuevo pequeño negocio en línea exitoso?,,"- Valide su idea de negocio y nicho a través de una investigación de mercado exhaustiva. 
- Desarrolle un plan de negocios integral, detallando la financiación, los costos proyectados y las fuentes de ingresos. 
- Elija una estructura legal (Empresario Individual, LLC, etc.) y registre su negocio. 
- Asegure los nombres de dominio necesarios y construya un sitio web o plataforma de comercio electrónico profesional y fácil de usar. 
- Establezca una identidad de marca sólida, incluyendo el logo, la voz y los activos visuales. 
- Cree un plan de marketing estratégico centrado en SEO, marketing de contenidos y publicidad dirigida en redes sociales. 
- Configure un procesamiento de pagos eficiente y una logística de envío/cumplimiento confiable. 
- Priorice un servicio al cliente excepcional y recopile comentarios de manera temprana y frecuente."
¿Cómo restablezco de fábrica mis Apple AirPods Pro?,,"Coloca ambos AirPods en su estuche de carga y cierra la tapa durante 30 segundos. Luego, abre la tapa y mantén presionado el botón de configuración en la parte posterior del estuche durante unos 15 segundos hasta que la luz de estado parpadee en ámbar y luego en blanco. Ahora puedes volver a emparejar los AirPods con tu dispositivo."
Enumera las principales novelas publicadas de Jane Austen.,Concéntrate en las obras que se publicaron inicialmente mientras ella estaba viva.,"Jane Austen completó seis novelas principales. Las cuatro publicadas anónimamente durante su vida fueron *Sense and Sensibility* (1811), *Pride and Prejudice* (1813), *Mansfield Park* (1814) y *Emma* (1815). *Persuasion* y *Northanger Abbey* fueron publicadas póstumamente en 1817."
"Identifique la causa principal del conflicto y las figuras clave involucradas en los relatos mitológicos de la Guerra de Troya, según el texto.","La Guerra de Troya es uno de los conflictos más famosos de la mitología griega, tradicionalmente datada entre los siglos XII o XIII a.C. Sus orígenes a menudo se atribuyen al secuestro de Helena, la Reina de Esparta, por el príncipe troyano Paris. El esposo de Helena, el rey Menelao, posteriormente llamó a su hermano Agamenón, rey de Micenas, y a otros héroes griegos, incluidos Aquiles y Odiseo, para librar la guerra contra la ciudad de Troya. Los defensores de Troya fueron liderados por el rey Príamo y su valiente hijo, Héctor. La guerra duró diez años y finalmente resultó en la destrucción de Troya.","La causa principal del conflicto fue el secuestro de Helena, la Reina de Esparta, por el príncipe troyano Paris. Las figuras clave involucradas incluyen a Helena, Paris, el rey Menelao, Agamenón, Aquiles, Odiseo, el rey Príamo y Héctor."
Esquematiza los componentes estructurales requeridos para un ensayo persuasivo estándar de cinco párrafos.,,"1. Introducción (Incluye gancho, contexto y una declaración de tesis sólida)
2. Párrafo del Cuerpo 1 (Se centra en el primer argumento principal de apoyo)
3. Párrafo del Cuerpo 2 (Se centra en el segundo argumento principal de apoyo)
4. Párrafo del Cuerpo 3 (Se centra en el tercer argumento principal de apoyo, a menudo abordando un contraargumento)
5. Conclusión (Reafirmar la tesis con nuevas palabras, resumir los argumentos y proporcionar una idea final o un llamado a la acción)"
Enumera cinco materiales no tradicionales que se encuentran en una cocina estándar que podrían usarse para construir un refugio temporal.,,"1) Contenedores de almacenamiento grandes (p. ej., recipientes de harina o azúcar) para paredes, 2) Láminas de papel de aluminio para aislamiento térmico e impermeabilización, 3) Paquetes de espaguetis secos o linguini utilizados como varillas estructurales o refuerzo, 4) Bolsas de basura resistentes o film plástico para un techo y barrera contra la humedad, y 5) Cajas de cartón vacías (p. ej., de cereales o galletas) utilizadas como paneles o revestimiento."
"Defina una oferta pública de adquisición (OPA) en el contexto de las finanzas corporativas, detallando su marco regulatorio y contrastándola con las recompras de acciones estándar en el mercado abierto.",,"Una oferta pública de adquisición (OPA) es una oferta anunciada públicamente realizada por una entidad adquirente (el oferente) directamente a los accionistas de una empresa objetivo, invitándolos a 'entregar' (vender) sus acciones por un precio específico, generalmente una prima superior al precio actual de mercado, durante un período de tiempo determinado. Las OPAs se utilizan a menudo como mecanismo para adquisiciones hostiles, aunque también pueden emplearse en adquisiciones amistosas o por la propia empresa (una auto-OPA) para una recompra sustancial de acciones.

### Marco Regulatorio

Las ofertas públicas de adquisición en Estados Unidos están fuertemente reguladas por la Comisión de Bolsa y Valores (SEC) bajo la Ley del Mercado de Valores de 1934, específicamente el Reglamento 14D y la Regla 14e. Estas normas están diseñadas principalmente para proteger a los accionistas objetivo y garantizar un trato justo. Los requisitos clave incluyen:

1. **Duración:** La oferta debe permanecer abierta por un mínimo de 20 días hábiles.
2. **Regla de 'Todos los titulares' y 'Mejor precio':** La oferta debe estar disponible para todos los titulares del valor buscado (Regla de Todos los Titulares), y la contraprestación más alta pagada a cualquier accionista debe pagarse a todos los accionistas (Regla de Mejor Precio).
3. **Derechos de Retiro:** Los accionistas que entreguen sus acciones generalmente tienen derecho a retirarlas mientras la oferta esté abierta.
4. **Divulgación:** Deben presentarse ante la SEC y distribuirse a los accionistas documentos de divulgación exhaustivos (el Anexo TO, presentado por el oferente, y el Anexo 14D-9, presentado por la junta directiva de la empresa objetivo).

### Contraste con las Recompras en el Mercado Abierto (RMA)

Una recompra de acciones en el mercado abierto ocurre cuando una empresa compra gradualmente sus propias acciones en la bolsa de valores pública a través de corredores, a menudo como parte de un plan recurrente de asignación de capital. Las distinciones críticas con una oferta pública de adquisición son:

| Característica | Oferta Pública de Adquisición (OPA) | Recompra en el Mercado Abierto (RMA) |
| :--- | :--- | :--- |
| **Mecanismo** | Solicitud directa a los accionistas; precio y plazo específicos. | Compras realizadas en el mercado de negociación regular durante un período prolongado. |
| **Regulación** | Altamente regulada (Reglamento 14D/14E); divulgaciones obligatorias (Anexo TO/14D-9). | Regida principalmente por la Regla 10b-18 (puerto seguro contra reclamaciones de manipulación), que limita el volumen y el momento. |
| **Objetivo** | Lograr el control inmediato o efectuar un evento de capitalización importante y sensible al tiempo. | Apoyar las ganancias por acción (GPA), compensar la dilución y devolver capital con el tiempo. |
| **Fijación de precios** | Precio fijo con prima establecido antes del período de la oferta. | El precio de mercado fluctúa diariamente; las compras deben cumplir con las limitaciones de volumen. |

Debido a que una RMA no implica una solicitud directa y se ejecuta bajo condiciones de mercado, no activa los estrictos requisitos de divulgación y tiempo de una OPA regulada."
"Analice el resumen del informe trimestral proporcionado y extraiga las siguientes métricas: Ingresos de Software (T4), Ingresos de Hardware (T4), Cambio en el Rendimiento de Hardware (%), y ubicaciones de expansión planificadas.","Los resultados del T4 mostraron un crecimiento robusto en la división de software, logrando $15.2 millones en ingresos, un aumento del 12% interanual. Sin embargo, la unidad de hardware tuvo dificultades debido a las limitaciones de la cadena de suministro, registrando solo $4.8 millones, una disminución del 5%. Estamos planeando una expansión significativa en el mercado asiático el próximo trimestre, centrándonos específicamente en establecer centros de distribución en Seúl y Tokio. El CEO, Sr. A. R. Singh, señaló optimismo con respecto a la futura integración de herramientas de IA en todas las líneas de productos.","Ingresos de Software (T4): $15.2 millones
Ingresos de Hardware (T4): $4.8 millones
Cambio en el Rendimiento de Hardware (%): -5%
Ubicaciones de Expansión Planificadas: Seúl, Tokio"
"Clasifica las siguientes obras literarias como 'Poema épico' o 'Tratado filosófico': La República, La Odisea.",,"La Odisea es un Poema épico, La República es un Tratado filosófico."
¿Para qué se usó principalmente el Coliseo y cuándo fue construido?,"El Coliseo, conocido originalmente como el Anfiteatro Flavio, es un anfiteatro ovalado en el centro de la ciudad de Roma, Italia. Construido principalmente con piedra caliza travertina, toba y hormigón revestido de ladrillo, es el anfiteatro antiguo más grande jamás construido y sigue siendo el anfiteatro en pie más grande del mundo. La construcción comenzó bajo el emperador Vespasiano en el año 72 d.C. y se completó en el año 80 d.C. bajo su sucesor y heredero, Tito. Tenía capacidad para albergar entre 50.000 y 80.000 espectadores estimados y se utilizó para combates de gladiadores, espectáculos públicos, cacerías de animales, dramas basados en la mitología clásica y simulacros de batallas navales (durante un breve período). Aunque parcialmente en ruinas debido a los daños causados por terremotos y ladrones de piedra, el Coliseo sigue siendo un símbolo icónico de la Roma Imperial y una de las atracciones turísticas más populares de Italia.","El Anfiteatro Flavio, comúnmente conocido como el Coliseo, se utilizó principalmente para entretenimiento público a gran escala, incluidos combates de gladiadores, dramas y cacerías de animales. La construcción fue iniciada por el emperador Vespasiano en el año 72 d.C. y finalizada por su hijo Tito en el año 80 d.C. A pesar de haber sufrido daños a lo largo de los siglos, sigue siendo un símbolo clave de la Roma Imperial y un importante destino turístico."
¿Cuál fue la importancia de la Ruta de la Seda?,,"La Ruta de la Seda fue una antigua red de rutas comerciales interconectadas que se extendió por Eurasia, uniendo principalmente a China con Oriente Medio y Europa. Su importancia radicó en facilitar un amplio intercambio económico, cultural y religioso, especialmente entre el siglo II a. C. y el siglo XVIII d. C. Fue crucial para la difusión de tecnología, bienes (como seda, especias y papel) y religiones importantes como el budismo a través de los continentes, moldeando fundamentalmente el desarrollo de las civilizaciones tanto orientales como occidentales."
Explica el concepto central de la Teoría Especial de la Relatividad de Einstein.,,"La Teoría Especial de la Relatividad se basa en dos postulados fundamentales: primero, que las leyes de la física son las mismas para todos los observadores no acelerados (sistemas de referencia inerciales), y segundo, que la velocidad de la luz en el vacío es la misma para todos los observadores, independientemente del movimiento de la fuente de luz."
Enumera cinco ingredientes clásicos que se encuentran comúnmente en una pizza estándar.,,"Masa, salsa de tomate, queso mozzarella, pepperoni, albahaca."
"Enumere las películas de la trilogía original de Star Wars en orden de su número de episodio (IV, V, VI), proporcionando el título completo del estreno cinematográfico.",,"Una Nueva Esperanza, El Imperio Contraataca, El Retorno del Jedi."
¿Cuántos continentes hay?,,"El número de continentes es variable según el modelo geológico y cultural utilizado. La clasificación más rigurosa científicamente utiliza un modelo de seis continentes (Eurasia, América del Norte, América del Sur, África, Australia, Antártida), donde Europa y Asia se consideran una sola masa terrestre. El modelo de siete continentes está obsoleto y se utiliza principalmente para la educación primaria."
Defina la Arquitectura de Confianza Cero (ZTA).,,"La Arquitectura de Confianza Cero (ZTA) es un modelo de seguridad basado en el principio de que ningún usuario, dispositivo o aplicación, ya sea dentro o fuera del perímetro de la red, debe ser confiado automáticamente. Todas las solicitudes de acceso deben ser verificadas de forma continua y rigurosa antes de conceder el acceso mínimo necesario. Este marco opera bajo la suposición de que una violación es inevitable o ya ha ocurrido, lo que requiere una estricta verificación de identidad, micro-segmentación y políticas sensibles al contexto para limitar el 'radio de impacto' de cualquier incidente de seguridad."
¿Cuáles son las diferencias clave entre las fuentes de energía renovables y no renovables?,,"La diferencia fundamental radica en su disponibilidad y tasa de reposición. Las fuentes de energía renovable se derivan de procesos naturales que se reponen continuamente, como la luz solar, el viento, la lluvia, las mareas, el calor geotérmico y la biomasa. Son sostenibles y tienen un bajo impacto ambiental en términos de emisiones de carbono. Por el contrario, las fuentes de energía no renovables existen en cantidades fijas y se consumen mucho más rápido de lo que la naturaleza puede crearlas. Estos incluyen combustibles fósiles (carbón, petróleo, gas natural) y energía nuclear, que dependen de depósitos minerales finitos. El uso de fuentes no renovables contribuye significativamente a la contaminación del aire y al cambio climático debido a la liberación de gases de efecto invernadero."
"En los campos creativos, ¿cuál considera que es la barrera más significativa que impide a las personas lograr una producción constante?",,"Esta es una excelente pregunta, y aunque muchas personas señalan inmediatamente el 'bloqueo del escritor' o la 'falta de tiempo', creo que la verdadera y más significativa barrera es el 'Editor Interno'—la abrumadora y prematura búsqueda de la perfección. Cuando nos sentamos a crear, ya sea una pintura, un fragmento de código o un capítulo de una novela, a menudo abordamos el acto inicial de generación con el ojo crítico del editor final. Criticamos la primera frase antes de que se escriba la segunda, o abandonamos un concepto entero porque podemos detectar inmediatamente fallos en la ejecución antes de que se termine el borrador. Esta postura hipercrítica paraliza el estado de flujo esencial.

Lo veo de esta manera: No puedes esculpir la estatua final y pulida mientras simultáneamente extraes el mármol. Son dos operaciones fundamentalmente diferentes que requieren herramientas y mentalidades distintas. La fase de creación debe ser desordenada, ineficiente y, francamente, mala. La fase de edición es donde entra la estructura y el pulido.

Por ejemplo, recientemente comencé a trabajar en una serie compleja de módulos educativos. Durante las primeras dos semanas, generé quizás 500 palabras en total porque estaba obsesionado con la terminología técnica exacta y la secuencia perfecta de ideas. En el momento en que me obligué a usar términos de marcador de posición descuidados y simplemente a centrarme en el volcado rápido de conceptos—ignorando la gramática, ignorando la estructura—generé 5.000 palabras en una sola tarde. La barrera no era la falta de conocimiento o de ideas; era el miedo a que el primer borrador no fuera digno de existir. Superar ese miedo y segmentar el cerebro de la 'creación' del cerebro 'crítico' es la clave para la consistencia."
"Enumere las cinco áreas metropolitanas más pobladas a nivel mundial, incluyendo su país y población aproximada.",,"1. Tokio, Japón (~37.4 millones)
2. Delhi, India (~32 millones)
3. Shanghái, China (~28.5 millones)
4. São Paulo, Brasil (~22.5 millones)
5. Ciudad de México, México (~22 millones)"
¿Cómo mantienen la coherencia y el contexto los Modelos de Lenguaje Grandes (LLMs) modernos en conversaciones o documentos muy largos?,,"Los LLMs utilizan arquitecturas transformadoras con mecanismos de autoatención para ponderar la relevancia de los tokens anteriores. Para contextos que exceden el límite de su ventana de contexto fija, a menudo emplean técnicas como la Generación Aumentada por Recuperación (RAG), donde bases de datos vectoriales externas recuperan e insertan dinámicamente la información más pertinente en el contexto de trabajo actual, permitiéndoles hacer referencia a detalles mucho más allá de su memoria inmediata."
Explica el propósito de la Transformada de Fourier.,"La Transformada de Fourier (TF) es una transformada matemática que descompone una función (a menudo una función del tiempo, o una señal) en sus frecuencias constituyentes. En esencia, convierte una señal de su dominio original (el dominio del tiempo) a una representación en el dominio de la frecuencia. Esta transformación es fundamental para analizar las características de las formas de onda, filtrar el ruido de los datos, resolver ecuaciones diferenciales y es crítica en campos como el procesamiento de señales, la compresión de imágenes (como JPEG) y la mecánica cuántica. El resultado de la TF muestra qué frecuencias están presentes en la señal original y sus respectivas amplitudes.",Una operación matemática que convierte una señal del dominio del tiempo al dominio de la frecuencia para revelar sus frecuencias constituyentes.
¿Qué es la criptografía de clave pública?,,"La criptografía de clave pública, también conocida como criptografía asimétrica, es un sistema que utiliza un par de claves—una clave pública y una clave privada— para el cifrado y descifrado. La clave pública puede compartirse ampliamente y se utiliza para cifrar mensajes o verificar firmas digitales. La clave privada correspondiente es mantenida en secreto por el propietario y es la única clave capaz de descifrar los mensajes cifrados con la clave pública o de crear las firmas digitales. Este sistema resuelve el problema del intercambio de claves inherente a la criptografía simétrica, permitiendo la comunicación segura entre partes que no han establecido previamente un secreto compartido."
"Basado en el proceso físico descrito en la entrada sobre la pérdida de hielo y la absorción de radiación, ¿cuál es el término científico para este bucle de retroalimentación positiva específico?","Desde 1980, la extensión del hielo marino del Ártico ha disminuido un 3% por década. La capa de hielo de Groenlandia pierde aproximadamente 279 mil millones de toneladas de hielo al año, contribuyendo significativamente al aumento del nivel global del mar. Este proceso acelera el calentamiento porque el hielo de color más claro (alto albedo) es reemplazado por agua oceánica o tierra más oscura (bajo albedo), que absorbe más radiación solar.","El término científico es el bucle de 'Retroalimentación Hielo-Albedo'. Esto ocurre cuando el hielo altamente reflectante se derrite, exponiendo superficies menos reflectantes debajo (como agua o roca), que absorben más calor y provocan mayores aumentos de temperatura y derretimiento."
¿Quién inventó la imprenta moderna de tipos móviles y en qué siglo?,,"Johannes Gutenberg, alrededor del año 1440, en el siglo XV."
Enumere los nombres de los empleados del departamento de Marketing que recibieron una puntuación de rendimiento de 4 o superior.,"Evaluaciones de Desempeño de Empleados
Nombre	Departamento	Puntuación	Fecha de Revisión
Alice Johnson	Marketing	5	2023-10-01
Bob Smith	Sales	3	2023-11-15
Charlie Brown	Engineering	4	2024-01-05
Diana Prince	Marketing	2	2024-02-20
Eve Adams	Sales	5	2024-03-01
Frank Lee	Engineering	3	2023-12-10
Grace Hall	Marketing	4	2024-04-15",Alice Johnson y Grace Hall.
"Analice el conjunto de datos proporcionado de cifras de ventas mensuales (en miles) y calcule las ventas totales del trimestre, seguido de las ventas mensuales promedio, redondeando el promedio a dos decimales.","Informe de Ventas del T3: Julio: 145.8, Agosto: 189.2, Septiembre: 161.5. Estas cifras excluyen los costos operativos y reflejan los ingresos brutos.",Ventas Trimestrales Totales: 496.5 mil. Ventas Mensuales Promedio: 165.50 mil.
¿En qué fecha nació Marie Skłodowska Curie?,"Marie Skłodowska Curie (nacida Maria Skłodowska; 7 de noviembre de 1867 – 4 de julio de 1934) fue una física y química polaca y nacionalizada francesa que llevó a cabo investigaciones pioneras sobre la radioactividad. Fue la primera mujer en ganar un Premio Nobel, la primera persona y única mujer en ganar el Premio Nobel dos veces, y la única persona en ganar el Premio Nobel en dos campos científicos diferentes.",7 de noviembre de 1867
¿Cuáles son las principales razones detrás del resurgimiento en popularidad de los discos de vinilo?,,"Los discos de vinilo, considerados obsoletos durante mucho tiempo por los oyentes habituales, han experimentado un regreso significativo y sostenido durante la última década. Varios factores contribuyen a este renacimiento: 

- **Calidad de Sonido Superior (La 'Calidez'):** Tanto los audiófilos como los oyentes ocasionales afirman que el vinilo ofrece una experiencia auditiva más cálida, rica y auténtica en comparación con los formatos digitales comprimidos (como los MP3). Dado que el vinilo es un formato analógico, no descarta datos durante la compresión, lo que algunos oyentes consideran que resulta en un espectro de sonido más completo.

- **El Deseo de Tangibilidad y Propiedad:** En una era dominada por el streaming y los archivos digitales intangibles, los consumidores anhelan medios físicos que puedan poseer, exhibir e interactuar. Un disco de vinilo ofrece carátulas grandes, notas internas y el acto físico de colocar el disco en un tocadiscos, creando un sentido de propiedad más profundo.

- **El Ritual de Escucha:** Poner un disco de vinilo es una actividad intencional, que a menudo requiere que el oyente se siente y se concentre durante la duración de una cara. Esto contrasta marcadamente con la naturaleza pasiva de las listas de reproducción o el streaming de fondo. Este 'ritual' atrae a quienes buscan una conexión más profunda con su música.

- **Nostalgia y Atractivo Estético:** Para las generaciones mayores, el vinilo está ligado a su juventud. Para las generaciones más jóvenes, el formato a menudo se considera retro-chic, rebelde contra la tecnología moderna o un medio para descubrir álbumes clásicos en su formato original. Las tiendas de vinilos también se han convertido en puntos de encuentro cultural.

- **Cultura del Coleccionismo:** Las compañías discográficas han capitalizado la tendencia emitiendo discos de edición especial, vinilos de colores, tiradas limitadas y reediciones exclusivas. Esta escasez alimenta un sólido mercado de coleccionistas, elevando tanto la demanda como el valor percibido."
Explique las causas principales que llevaron al colapso del Imperio Romano en Occidente.,,"El colapso del Imperio Romano de Occidente en el 476 d.C. no se debió a un solo evento, sino a un largo proceso que involucró varios problemas superpuestos. Los factores clave incluyen las invasiones bárbaras sostenidas (Hunos, Godos, Vándalos), la grave inestabilidad económica y la inflación, el sobreesfuerzo militar y la dependencia de mercenarios no romanos, y una corrupción e inestabilidad política paralizantes que frecuentemente resultaron en guerras civiles."
"Del resumen proporcionado de La Odisea, enumera solo los seres sobrenaturales, dioses o criaturas mágicas encontrados por Odiseo durante su viaje.","El poema épico comienza in medias res, diez años después del inicio de la Guerra de Troya, centrándose en las andanzas del héroe Odiseo. Primero, la narración detalla su encuentro con los Lotófagos, quienes ofrecen una droga que hace que los hombres olviden su deseo de regresar a casa. Odiseo rápidamente obliga a sus hombres a regresar a los barcos. Luego, desembarcan en la isla de los Cíclopes, donde Odiseo ciega al gigante Polifemo, provocando la ira de Poseidón. Después de escapar, llegan a la isla de Eolo, dios de los vientos, quien le da a Odiseo una bolsa que contiene todos los vientos desfavorables. Su celosa tripulación abre la bolsa prematuramente, desviándolos mucho de su curso. Más tarde, la hechicera Circe transforma a parte de su tripulación en cerdos, pero Odiseo, ayudado por Hermes, resiste su magia y la obliga a restaurar a sus hombres. Antes de llegar finalmente a Ítaca, Odiseo debe descender al Inframundo (Nequia) para consultar al profeta Tiresias. Tiresias le advierte que no dañe el ganado del dios sol Helios. Al regresar a Ítaca, disfrazado de mendigo, Odiseo encuentra su palacio invadido por codiciosos pretendientes que intentan casarse con su esposa, Penélope, y apoderarse de su trono. El poema concluye con Odiseo revelándose, masacrando a los pretendientes con la ayuda de su hijo Telémaco y restaurando la paz en su reino.","Lotófagos, Cíclopes/Polifemo, Poseidón, Eolo, Circe, Hermes, Tiresias, Helios."
"Resuma los hitos clave y las personas involucradas en el descubrimiento de la insulina, centrándose en nombres, ubicaciones y el ensayo humano inicial exitoso.","El descubrimiento de la insulina es uno de los logros más significativos en la historia de la medicina. Antes de la década de 1920, la diabetes Tipo 1 era una sentencia de muerte. El avance fundamental ocurrió en 1921 en la Universidad de Toronto. Frederick Banting, un joven cirujano, concibió la idea inicial de aislar la secreción interna del páncreas. El profesor J.J.R. Macleod, quien inicialmente dudaba del proyecto, le proporcionó espacio de laboratorio y diez perros. Banting trabajó con su asistente, Charles Best, un estudiante de medicina. Consiguieron ligar con éxito los conductos pancreáticos de los perros, haciendo que los jugos digestivos se detuvieran, lo que les permitió extraer una sustancia que inicialmente llamaron ""isletina"". Este extracto redujo exitosamente el azúcar en sangre de los perros diabéticos. Más tarde ese año, el químico James Collip fue incorporado al equipo para purificar el extracto para pruebas en humanos. En enero de 1922, Leonard Thompson, un niño de 14 años que moría de diabetes, recibió la primera inyección de insulina purificada, marcando el primer tratamiento exitoso. Banting y Macleod recibieron el Premio Nobel de Fisiología o Medicina en 1923, el cual Banting dividió inmediatamente con Best, y Macleod dividió con Collip.","El descubrimiento tuvo lugar en 1921 en la Universidad de Toronto. Frederick Banting concibió la idea inicial y trabajó con su asistente Charles Best para extraer la sustancia, que llamaron ""isletina"". El profesor J.J.R. Macleod proporcionó el espacio de laboratorio. El químico James Collip purificó posteriormente el extracto para uso humano. El primer ensayo humano exitoso ocurrió en enero de 1922 en Leonard Thompson, un niño de 14 años. Banting y Macleod fueron galardonados con el Premio Nobel en 1923."
Explica los pasos básicos de la fotosíntesis en las plantas.,,"La fotosíntesis es el proceso mediante el cual las plantas verdes convierten la energía luminosa en energía química. Principalmente involucra dos etapas: las reacciones dependientes de la luz, donde la clorofila captura la luz solar para dividir las moléculas de agua, liberando oxígeno; y las reacciones independientes de la luz (Ciclo de Calvin), donde la energía creada se utiliza para convertir el dióxido de carbono del aire en glucosa, que la planta utiliza como combustible."
¿Dónde ha estado expuesta continuamente la Piedra Rosetta desde 1802?,"La Piedra Rosetta es una estela compuesta de granodiorita inscrita con tres versiones de un decreto emitido en Menfis, Egipto, en el 196 a.C. durante la dinastía ptolemaica. Los textos superior y central están en egipcio antiguo utilizando escritura jeroglífica y escritura demótica, respectivamente, mientras que el inferior está en griego antiguo. La piedra proporcionó la clave para descifrar los jeroglíficos egipcios. Fue descubierta el 15 de julio de 1799 por un soldado francés llamado Pierre-François Bouchard durante la campaña egipcia de Napoleón, cerca de la ciudad de Rashid (Rosetta) en el Delta del Nilo. Posteriormente fue cedida a los británicos bajo los términos del Tratado de Alejandría (1801) tras la derrota francesa. Desde 1802, ha estado expuesta continuamente en el Museo Británico de Londres, lo que la convierte en el objeto individual más visitado del museo.","Desde 1802, la Piedra Rosetta ha estado expuesta continuamente en el Museo Británico de Londres."
¿Cuál es la luna más grande que orbita Saturno?,,"Titán es la luna más grande de Saturno y el segundo satélite natural más grande del Sistema Solar, después de Ganimedes de Júpiter."
Define el término literario 'MacGuffin' y proporciona un ejemplo de su uso en una obra de ficción famosa.,,"Un MacGuffin es un objeto, dispositivo o elemento argumental en una historia que es necesario para la trama y motiva a los personajes, pero que en última instancia no es importante, es intercambiable o irrelevante para los temas generales y la resolución final de la narración. A menudo existe únicamente para impulsar la persecución o el conflicto. Un ejemplo clásico es la estatua del Halcón Maltés en la película de 1941 'El halcón maltés', o el maletín en 'Pulp Fiction' de Quentin Tarantino, cuyo contenido nunca se revela, pero cuya recuperación impulsa una parte significativa de la trama."
¿Cuáles son los efectos secundarios comunes del ayuno intermitente?,,"Aunque generalmente es seguro para la mayoría de los adultos sanos, el ayuno intermitente (AI) puede causar varios efectos secundarios temporales a medida que el cuerpo se ajusta. Los efectos secundarios iniciales más frecuentemente reportados incluyen hambre intensa, fatiga y dificultad para concentrarse, especialmente durante la primera semana. Los usuarios también pueden experimentar dolores de cabeza o mareos leves, a menudo relacionados con la deshidratación o desequilibrios electrolíticos. Los efectos secundarios menos comunes, pero posibles, incluyen irritabilidad, mal aliento (halitosis) y alteraciones del sueño. Estos síntomas suelen desaparecer una vez que el cuerpo se adapta al nuevo horario de alimentación."
Resume la trama de Moby Dick en una oración.,,"El Capitán Ahab caza obsesivamente una ballena blanca masiva que previamente le quitó la pierna, lo que lleva a la destrucción de su barco y a la muerte de casi todos a bordo."
Resumir los principales objetivos científicos de las misiones Apolo.,,"Los principales objetivos científicos del programa Apolo fueron: 1. Recolección de materiales de la superficie lunar (rocas y suelo) para su análisis con el fin de determinar el origen y la historia geológica de la Luna. 2. Despliegue del Paquete de Experimentos de la Superficie Lunar Apolo (ALSEP), que incluía sismómetros, sondas de flujo de calor y magnetómetros, para recopilar datos a largo plazo sobre la estructura interna y el medio ambiente de la Luna. 3. Realización de experimentos relacionados con el viento solar, la gravedad y la atmósfera lunar. 4. Observación visual y fotográfica detallada de las características geológicas lunares."
¿Cuáles son las palabras de la Casa Stark?,,Se Acerca el Invierno
¿Quién descubrió la penicilina y qué error común se comete con respecto a su descubrimiento?,"Aunque a Sir Alexander Fleming se le atribuye ampliamente el descubrimiento de la penicilina en 1928, en realidad fueron Ernst Chain y Howard Florey quienes desarrollaron las técnicas para su purificación y producción masiva a partir de 1940, lo que la convirtió en un fármaco viable. El error común es no reconocer el trabajo de Chain y Florey, asumiendo que Fleming fue el único responsable de su aplicación medicinal.","A Sir Alexander Fleming se le atribuye el descubrimiento de la penicilina en 1928. El error común es no reconocer el trabajo posterior de Ernst Chain y Howard Florey, quienes desarrollaron las técnicas para su purificación masiva y producción viable."
¿Qué factores están impulsando el reciente aumento dramático en los precios de alquiler en las principales áreas metropolitanas de EE. UU.?,,"Varios factores interconectados están contribuyendo al aumento dramático de los precios de alquiler. Primero, existe una subconstrucción crónica y un bajo inventario de viviendas, lo que no ha seguido el ritmo del crecimiento de la población, especialmente en ciudades costeras deseables. En segundo lugar, las tasas de interés más altas han expulsado a muchos posibles compradores de vivienda del mercado de compra, obligándolos a alquilar, lo que aumenta significativamente la competencia por unidades limitadas. En tercer lugar, los inversores institucionales y las empresas de capital privado han entrado en el mercado, comprando miles de viviendas unifamiliares y convirtiéndolas en carteras de alquiler, lo que reduce la oferta disponible para los compradores privados y eleva los costos de alquiler. Finalmente, las persistentes interrupciones relacionadas con la pandemia en la construcción y las cadenas de suministro han aumentado el costo del desarrollo de nuevas viviendas, ralentizando la entrega de nuevas unidades."
¿Cuál es el número total de títulos de la Liga de Campeones de la UEFA ganados por el Real Madrid?,,"El Real Madrid Club de Fútbol, un club de fútbol profesional con sede en Madrid, España, ostenta el récord de la mayor cantidad de títulos de la Liga de Campeones de la UEFA (UCL). Han ganado la prestigiosa competición europea 15 veces, comenzando con los primeros cinco torneos de forma consecutiva (1956–1960)."
"Enumere los límites de velocidad de la API principales y las consecuencias de la limitación (throttling) aplicables específicamente a los usuarios del Nivel Estándar, basándose en la política proporcionada.","A partir del 1 de enero de 2024, todos los usuarios de la API de nivel estándar están sujetos a los siguientes límites de velocidad: un máximo de 50 solicitudes por minuto (RPM) para operaciones de lectura (GET), y 20 solicitudes por minuto (RPM) para operaciones de escritura (POST, PUT, DELETE). Los usuarios de nivel premium están exentos de los límites RPM estándar y, en su lugar, reciben una cuota diaria de 150.000 solicitudes totales, independientemente del tipo de operación, pero están estrictamente limitados a 5 conexiones concurrentes en cualquier momento. Si un usuario estándar excede el límite de RPM más de tres veces en un período de 24 horas, su cuenta será limitada (throttled) temporalmente a 10 RPM durante las 6 horas subsiguientes. Los clientes empresariales negocian los límites individualmente, pero su tamaño de carga útil máximo predeterminado es de 5MB.","Los límites de velocidad de la API principales para los usuarios del Nivel Estándar son:

1. Operaciones de Lectura (GET): Un máximo de 50 solicitudes por minuto (RPM).
2. Operaciones de Escritura (POST, PUT, DELETE): Un máximo de 20 solicitudes por minuto (RPM).

Consecuencia de la Limitación (Throttling):
Si un usuario estándar excede el límite de RPM más de tres veces en un período de 24 horas, su cuenta será limitada (throttled) temporalmente a 10 RPM durante las 6 horas subsiguientes."
¿Cuál es el nombre del perro de tres cabezas que custodia la entrada al Inframundo en la mitología griega?,,Cerberus
Enumere y describa brevemente los principales factores no militares que contribuyeron al declive del Imperio Romano de Occidente.,,"El declive del Imperio Romano de Occidente fue impulsado por varias crisis no militares superpuestas: **Tensión Económica:** El gasto militar excesivo y las defensas fronterizas provocaron aplastantes cargas fiscales sobre la población e inflación masiva. Las rutas comerciales se volvieron menos seguras, perturbando el comercio y provocando escasez de alimentos en las ciudades. La práctica de devaluar la moneda (reducir el contenido de metal precioso) devaluó aún más la divisa. **Inestabilidad Política y Corrupción:** El sistema político sufrió constantes crisis de sucesión, lo que resultó en la era de los 'Emperadores de Barracones', donde el poder militar dictaba el liderazgo, provocando reinados cortos y conflictos internos. La corrupción generalizada y la creciente división entre el gobierno central y las autoridades locales erosionaron la confianza pública. **Declive Social y Demográfico:** Las plagas y las enfermedades redujeron significativamente la población, afectando la mano de obra disponible y las reservas de reclutamiento militar. Además, una pérdida percibida de 'virtud cívica' entre la élite, que se distanciaba cada vez más del servicio público y del deber militar, debilitó la cohesión interna del Imperio."
¿Cuál es la capital de Australia?,,La capital de Australia es Canberra.
"¿Cuándo y dónde se lanzó originalmente Netflix, y cuál fue su modelo de servicio inicial?","Netflix, Inc. es un servicio de streaming por suscripción y una productora estadounidense. Lanzada en 1998 en Scotts Valley, California, inicialmente como un servicio de alquiler de DVD por correo, la compañía se adaptó rápidamente a la tecnología digital. Para 2007, había introducido el streaming, que se convirtió en su enfoque principal. Hoy en día, Netflix opera en todo el mundo, ofreciendo una vasta biblioteca de películas y series de televisión, incluidos sus cada vez más populares 'Originales de Netflix'. Actualmente mantiene su sede operativa en Los Gatos, California, aunque sus centros de producción internacionales están repartidos por todo el mundo.","Netflix, Inc. se lanzó inicialmente en 1998 en Scotts Valley, California. Su modelo de servicio original era un servicio de alquiler de DVD por correo. Cambió al streaming para 2007 y ahora opera en todo el mundo, manteniendo su sede operativa actual en Los Gatos, California."
¿Por qué la gente deja propinas en los restaurantes?,,"Dar propina es una costumbre social y económica compleja, que prevalece principalmente en los Estados Unidos, aunque se practica a nivel mundial en diversos grados. La razón principal por la que la gente da propina está relacionada con la estructura de compensación. En muchas partes de EE. UU., los camareros y otro personal de servicio de restaurantes reciben un 'salario mínimo con propina' más bajo de su empleador, lo que significa que dependen en gran medida de las gratificaciones para alcanzar y, a menudo, superar el salario mínimo estándar. Más allá de la economía, la propina sirve como un incentivo de rendimiento. Se espera que los clientes dejen una propina mayor por un servicio excelente, proporcionando así una retroalimentación monetaria inmediata que recompensa la calidad del servicio brindado y motiva al personal a mantener altos estándares. Finalmente, la propina también se mantiene por tradición cultural y expectativa social; generalmente no dar propina por un servicio adecuado se considera negativo."
Enumere las formas de relieve y sus principales ejemplos que se definen por depresiones profundas o que están comúnmente asociados con características de agua subterránea.,"Formas de relieve
Montañas
Ejemplos principales: Mount Everest, K2, Mount Fuji, Aconcagua
Valles
Ejemplos principales: Death Valley, Grand Canyon, Rift Valley
Llanuras
Ejemplos principales: Great Plains, Pampas
Cuevas
Ejemplos principales: Mammoth Cave, Waitomo Glowworm Cave
Volcanes
Ejemplos principales: Vesuvius, Krakatoa, Mauna Loa","Valles
Death Valley
Grand Canyon
Rift Valley
Cuevas
Mammoth Cave
Waitomo Glowworm Cave"
¿Cuál es la diferencia clave entre el bicarbonato de sodio y el polvo de hornear al hornear?,,"El bicarbonato de sodio requiere un ingrediente ácido (como suero de leche o vinagre) para leudar, mientras que el polvo de hornear es un agente leudante completo que contiene tanto el ácido como la base."
"Agrupe los siguientes cuerpos celestes en sus categorías correctas (Planeta, Estrella o Satélite): Mercurio, Marte, Júpiter, Venus, Sol, Luna.",,"Planeta: Mercurio, Marte, Júpiter, Venus
Estrella: Sol
Satélite: Luna"
"Clasifique los siguientes lenguajes de programación según su paradigma principal (Orientado a Objetos, Funcional o Scripting): Python, Haskell, Java, JavaScript, Lisp, C++.",,"Orientado a Objetos: Java, C++. Funcional: Haskell, Lisp. Scripting/Multi-paradigma: Python, JavaScript."
"A partir del texto proporcionado, enumere los lenguajes de programación y sus respectivos años de creación. Formatee la salida como una matriz JSON de objetos, donde cada objeto tiene las claves 'language' y 'year'.","Python, lanzado por primera vez en 1991, sigue siendo muy popular. JavaScript le siguió de cerca, debutando en 1995 y volviéndose esencial para el desarrollo web. C++, una potente extensión del lenguaje C, existe desde 1985. Java, a menudo confundido con JavaScript, fue desarrollado inicialmente por Sun Microsystems y lanzado al público en 1995.","[{""language"": ""Python"", ""year"": 1991}, {""language"": ""JavaScript"", ""year"": 1995}, {""language"": ""C++"", ""year"": 1985}, {""language"": ""Java"", ""year"": 1995}]"
¿Cuál es la función principal del aparato de Golgi en una célula eucariota?,,"El aparato de Golgi, o complejo de Golgi, es responsable de modificar, clasificar y empaquetar proteínas y lípidos sintetizados en el retículo endoplasmático para su secreción o para su entrega a otros orgánulos."
"El Canal de Suez, inaugurado en 1869, redujo significativamente la distancia de viaje marítimo entre Europa y qué continente",,"Asia, evitando la larga ruta alrededor de África"
Enumera los autores más influyentes en el género de fantasía moderno.,,"Los autores influyentes en el género de fantasía moderno incluyen a J.R.R. Tolkien, C.S. Lewis, Ursula K. Le Guin, Terry Pratchett, George R.R. Martin y Brandon Sanderson."
Nombra tres grandes avances o invenciones científicas que ocurrieron durante el siglo XIX (1801-1900).,,"El Teléfono (Alexander Graham Bell, 1876), la Teoría de los Gérmenes (Louis Pasteur, a partir de c. 1860s), y la Teoría de la Evolución por Selección Natural (Charles Darwin, 1859)."
Un único palé de madera para envíos ha sido abandonado en medio de un césped suburbano perfectamente cuidado. Sugiere tres explicaciones plausibles para su presencia y un uso creativo para el palé en sí.,,"Tres posibles explicaciones para la aparición del palé incluyen: 1) Fue utilizado como base protectora durante una entrega grande reciente (como electrodomésticos o materiales de jardinería) y el equipo de entrega no pudo llevárselo. 2) Está marcando la ubicación de líneas de servicios públicos subterráneos instaladas recientemente o futuras, sirviendo como un marcador de peligro visual temporal. 3) Estaba destinado a un proyecto de jardinería de bricolaje (como compostaje o siembra vertical) pero fue dejado caer y olvidado antes de que comenzara el proyecto. Un uso creativo para el palé sería desmontarlo y usar los listones limpios para construir una pequeña casa de pájaros rústica o un conjunto de jardineras."
"Según el texto proporcionado, ¿cuáles son los nombres de las dos lunas pequeñas e irregulares de Marte?","Marte, a menudo denominado el 'Planeta Rojo', es el cuarto planeta desde el Sol y el segundo planeta más pequeño del Sistema Solar, después de Mercurio. En inglés, Marte lleva el nombre del dios romano de la guerra. Varias características superficiales notables incluyen el Monte Olimpo (Olympus Mons), el volcán más grande y la montaña más alta conocida en el Sistema Solar, y Valles Marineris, uno de los cañones más grandes del Sistema Solar. Las dos lunas pequeñas e irregulares de Marte son Fobos y Deimos. Debido a que Marte tiene una atmósfera delgada y baja presión superficial, el agua líquida no puede existir durante largos períodos en la superficie, aunque la evidencia sugiere que el hielo de agua está presente en los casquetes polares y el subsuelo.",Los nombres de las dos lunas pequeñas e irregulares de Marte son Fobos y Deimos.
¿De qué metal raro estaba hecho el pomo del sable de luz de Mace Windu?,,"El pomo del sable de luz estaba detallado con un metal raro llamado electrum, una distinción generalmente reservada para los Maestros Jedi sénior."
Resumir los eventos clave y el resultado de la Batalla de las Termópilas.,"La Batalla de las Termópilas se libró en el 480 a.C. entre una alianza de ciudades-estado griegas, lideradas por el rey Leónidas I de Esparta, y el Imperio Aqueménida de Jerjes I. Tuvo lugar simultáneamente con la batalla naval de Artemisio. Los griegos mantuvieron el estrecho paso costero durante siete días, a pesar de estar en una gran inferioridad numérica, causando grandes bajas a las fuerzas persas. Un residente local llamado Efialtes traicionó a los griegos al revelar un camino oculto, permitiendo a los persas rodear a los defensores. Aunque fue una derrota táctica para los griegos, la batalla se convirtió en un momento crucial de la historia, famosa por la valentía de los 300 espartanos y el retraso que proporcionó a las principales fuerzas griegas para prepararse.","La Batalla de las Termópilas se libró en el 480 a.C. entre una alianza de ciudades-estado griegas, lideradas por el rey Leónidas I de Esparta, y el Imperio Aqueménida de Jerjes I. Los griegos mantuvieron el estrecho paso costero durante siete días mientras estaban en una gran inferioridad numérica. La defensa se derrumbó después de que Efialtes traicionara a los griegos al revelar un camino oculto, permitiendo a los persas rodear a los defensores. Aunque fue una derrota táctica para los griegos, la batalla proporcionó un retraso crucial a las principales fuerzas griegas y es celebrada por la valentía de los 300 espartanos."
Resumir los puntos principales sobre el descubrimiento y la reclasificación de Plutón basándose en el texto proporcionado.,"Plutón fue descubierto en 1930 por Clyde Tombaugh en el Observatorio Lowell en Arizona. Durante 76 años, fue clasificado como el noveno planeta de nuestro sistema solar. Su plano orbital está muy inclinado en comparación con los otros planetas. En 2006, la Unión Astronómica Internacional (UAI) redefinió el término ""planeta"". Esta nueva definición requería que un cuerpo celeste hubiera despejado la vecindad alrededor de su órbita. Debido a que Plutón comparte su vecindad orbital con otros objetos del Cinturón de Kuiper, no cumplió con este criterio. En consecuencia, Plutón fue reclasificado como planeta enano, una medida que sigue siendo controvertida entre algunos astrónomos y el público en general.","1. Plutón fue descubierto en 1930 por Clyde Tombaugh en el Observatorio Lowell en Arizona.
2. Fue clasificado como el noveno planeta durante 76 años.
3. Su plano orbital está muy inclinado en comparación con los otros planetas.
4. En 2006, la Unión Astronómica Internacional (UAI) redefinió el término ""planeta"".
5. La nueva definición requería que un cuerpo celeste hubiera despejado la vecindad alrededor de su órbita.
6. Plutón no cumplió con este criterio porque comparte su vecindad orbital con otros objetos del Cinturón de Kuiper.
7. Plutón fue reclasificado como planeta enano, una medida que sigue siendo controvertida."
"Enumera tres formas geométricas comunes. Formatea tu salida utilizando únicamente arte ASCII. Cada forma debe estar representada por un solo carácter repetido para formar su estructura básica. Utiliza el hashtag (#) para el cuadrado, el asterisco (*) para el triángulo y el signo de dólar ($) para el círculo/esfera.",,"#####
#####
#####

  *
 ***
*****

 $$$ 
$   $
 $$$"
¿A quién se le atribuye generalmente la invención de la bombilla incandescente?,,"A Thomas Edison se le atribuye con mayor frecuencia, aunque su invención fue una mejora de diseños anteriores realizados por personas como Joseph Swan."
"¿Quién patentó el ciclo del motor de cuatro tiempos, ampliamente utilizado en los automóviles modernos?","El motor de combustión interna (MCI) es una máquina térmica donde la combustión de un combustible ocurre con un oxidante (generalmente aire) en una cámara de combustión. Los gases resultantes calientes y a alta presión se expanden, aplicando directamente fuerza a un componente del motor, como un pistón, una pala de turbina o una tobera. El término MCI se restringe generalmente a motores en los que la combustión es intermitente, como los motores de pistón de cuatro tiempos y de dos tiempos ampliamente utilizados. Los motores diésel son motores de encendido por compresión, mientras que la mayoría de los motores de gasolina son motores de encendido por chispa. Las cuatro etapas del ciclo de cuatro tiempos son Admisión, Compresión, Potencia (o Encendido/Expansión) y Escape. Estas etapas deben ocurrir en secuencia para asegurar un funcionamiento continuo. El motor de cuatro tiempos, que impulsa la mayoría de los automóviles modernos, fue patentado por primera vez por Nikolaus Otto en 1877, aunque el principio básico había sido explorado antes por varios inventores.","El motor de cuatro tiempos, que impulsa la mayoría de los automóviles modernos, fue patentado por primera vez por Nikolaus Otto en 1877."
"Clasifica estos animales en dos grupos: Mamíferos y Reptiles. Lista: Serpiente, Ballena, Cocodrilo, Murciélago, Tortuga, Elefante.",,"Mamíferos: Ballena, Murciélago, Elefante. 

Reptiles: Serpiente, Cocodrilo, Tortuga. 

Una distinción clave es que los mamíferos son de sangre caliente y generalmente dan a luz crías vivas, mientras que los reptiles son de sangre fría y típicamente ponen huevos."
Clasifica los siguientes elementos químicos como metal alcalino o gas noble.,"Neón, Sodio",El Neón es un gas noble. El Sodio es un metal alcalino.
¿Cómo se forman los arcoíris después de una lluvia?,,"Los arcoíris son fenómenos meteorológicos causados por la reflexión, refracción y dispersión de la luz en las gotas de agua. Cuando la luz solar entra en una gota de lluvia, se ralentiza y se dobla (se refracta). Luego se refleja en la superficie posterior de la gota. A medida que la luz sale de la gota, se refracta de nuevo, separando la luz solar blanca en su espectro de colores componente, que vemos como el arco colorido del arcoíris."
¿Quién pintó el 'Guernica' y qué evento histórico representa?,,"La monumental pintura 'Guernica' fue creada por Pablo Picasso en 1937. Es una poderosa representación antibélica del bombardeo de Guernica, una ciudad en el País Vasco de España, por las fuerzas aéreas nazi alemanas y fascistas italianas durante la Guerra Civil Española."
"Agrupa las siguientes novelas por sus respectivos autores: 1984, Moby Dick, The Great Gatsby, Animal Farm, The Old Man and the Sea, The Sun Also Rises.",,"George Orwell: 1984, Rebelión en la Granja
Ernest Hemingway: El Viejo y el Mar, Fiesta
F. Scott Fitzgerald: El Gran Gatsby
Herman Melville: Moby Dick"
¿Cuáles son las cuatro fuerzas fundamentales de la naturaleza?,,"Las cuatro fuerzas fundamentales de la naturaleza son la gravedad, el electromagnetismo, la fuerza nuclear fuerte y la fuerza nuclear débil."
¿Cuándo se completó oficialmente el Empire State Building?,"El Empire State Building es un rascacielos Art Déco de 102 pisos en Midtown Manhattan, Ciudad de Nueva York. Fue diseñado por Shreve, Lamb y Harmon y se completó oficialmente el 11 de abril de 1931. Con una altura de 1,454 pies (443 m), fue el edificio más alto del mundo durante casi 40 años.",El Empire State Building se completó oficialmente el 11 de abril de 1931.
"Reescribe la siguiente explicación del efecto Coriolis para una audiencia de 10 años, usando una analogía que involucre un carrusel o un juego de patio.","El efecto Coriolis describe la desviación de objetos (como las corrientes de aire o las corrientes oceánicas) que se mueven dentro de un marco de referencia giratorio. En la Tierra, este efecto hace que los vientos y las corrientes giren en el sentido de las agujas del reloj en el Hemisferio Norte y en sentido contrario a las agujas del reloj en el Hemisferio Sur. Esta desviación es perpendicular a la dirección del movimiento y proporcional a la velocidad del objeto y a la tasa de rotación de la Tierra. Si bien es crucial para los sistemas meteorológicos a gran escala, el efecto Coriolis es insignificante para movimientos a pequeña escala, como el agua que se arremolina por un desagüe.","Imagina que estás jugando a atrapar en un carrusel giratorio gigante (¡esa es la Tierra!). Si intentas lanzar una pelota directamente a tu amigo al otro lado del juego, la pelota no irá recta. Para cuando la pelota llega al medio, el carrusel ha girado un poco, y la pelota parece desviarse de tu amigo. Esa fuerza de curvatura—que es lo suficientemente fuerte como para desviar enormes vientos y corrientes oceánicas—es el efecto Coriolis. Siempre empuja las cosas hacia la derecha (en el sentido de las agujas del reloj) si estás parado en la mitad superior del mundo, y hacia la izquierda (en sentido contrario a las agujas del reloj) si estás en la mitad inferior."
¿Cuál es el propósito del Test de Turing?,,"El Test de Turing, propuesto por Alan Turing en 1950, es un método para determinar si una máquina es capaz de exhibir un comportamiento inteligente equivalente o indistinguible del de un humano. Implica que un juez humano converse por texto con dos entidades invisibles: un humano y una máquina. Si el juez no puede distinguir de forma fiable cuál es la máquina y cuál es el humano, se dice que la máquina ha superado la prueba, demostrando inteligencia artificial."
¿Cuáles son los principales desafíos estructurales y logísticos que impiden la dependencia global inmediata de fuentes de energía 100% renovables?,,"La transición a energía 100% renovable se enfrenta a tres obstáculos estructurales y logísticos principales e interconectados: la intermitencia y el almacenamiento, la modernización de la infraestructura de la red, y las limitaciones en la cadena de suministro de materiales críticos.

En primer lugar, la cuestión de la intermitencia y el almacenamiento es fundamental. La energía solar y eólica son variables por naturaleza—solo generan energía cuando brilla el sol o sopla el viento. Para mantener un suministro de energía estable las 24 horas del día, se requieren soluciones de almacenamiento de energía masivas, altamente eficientes y distribuidas globalmente. La tecnología actual de baterías, aunque mejora rápidamente, carece de la capacidad y longevidad necesarias para manejar períodos prolongados de baja generación en continentes enteros sin un costo prohibitivo.

En segundo lugar, la arquitectura de la red eléctrica existente, particularmente en las naciones desarrolladas, fue diseñada para una generación de energía centralizada y predecible (como las centrales de carbón o nucleares). Un sistema totalmente renovable está altamente distribuido, involucrando millones de generadores a pequeña escala. Esto requiere una actualización masiva a tecnología de red inteligente capaz de manejar el flujo de energía bidireccional, equilibrar cargas altamente variables dinámicamente y garantizar la resiliencia contra fluctuaciones de energía a gran escala. El costo y la complejidad regulatoria de esta revisión son inmensos.

Finalmente, la transición introduce nuevas limitaciones en la cadena de suministro de materiales. Producir el gran volumen de paneles solares, turbinas eólicas y baterías a escala de servicios públicos requerido para una transición global exige cantidades masivas de minerales críticos, incluidos litio, cobalto, níquel y elementos de tierras raras. La capacidad minera actual, la infraestructura de refinación y la estabilidad geopolítica requeridas para aumentar la escala de estos materiales de manera rápida y sostenible plantean importantes cuellos de botella logísticos, lo que podría desviar la dependencia de los productores de petróleo y gas hacia naciones ricas en minerales."
¿A quién se le atribuye la invención de la World Wide Web?,,Tim Berners-Lee
Explique la misión principal y la historia de la NASA.,,"La NASA, la Administración Nacional de Aeronáutica y del Espacio, es la agencia gubernamental de los EE. UU. responsable del programa espacial civil de la nación, así como de la investigación aeronáutica y aeroespacial. Su misión se define como impulsar el descubrimiento, expandir el conocimiento y explorar el espacio en beneficio de la humanidad.

La NASA se estableció el 29 de julio de 1958 por el presidente Dwight D. Eisenhower a través de la Ley Nacional de Aeronáutica y del Espacio, en reemplazo del Comité Consultivo Nacional de Aeronáutica (NACA). Su creación fue una respuesta directa al lanzamiento del Sputnik 1 por parte de la Unión Soviética en 1957, marcando el inicio de la Carrera Espacial.

Históricamente, la NASA logró un rápido éxito en los vuelos espaciales tripulados. Los programas iniciales incluyeron el Proyecto Mercury (que puso a los primeros estadounidenses en el espacio) y el Proyecto Gemini (que desarrolló técnicas críticas de encuentro orbital y acoplamiento). El logro más famoso de la NASA sigue siendo el Programa Apolo, que logró aterrizar a los primeros humanos en la Luna con el Apolo 11 en julio de 1969. Después del Apolo, la NASA desarrolló el programa de Transbordador Espacial reutilizable (1981–2011) y lideró los esfuerzos internacionales para construir y mantener la Estación Espacial Internacional (ISS).

Más allá de los vuelos espaciales tripulados, la NASA gestiona amplios esfuerzos científicos, incluido el despliegue de numerosas sondas robóticas (como las misiones Voyager, Galileo y Cassini) y observatorios espaciales (como los telescopios espaciales Hubble y James Webb), que son vitales para la investigación en ciencias de la Tierra, heliofísica, ciencia planetaria y astrofísica. Actualmente, el enfoque principal de la NASA es el Programa Artemisa, cuyo objetivo es devolver a los humanos a la Luna como precursor de eventuales misiones tripuladas a Marte."
"¿Qué planeta es conocido por tener un efecto invernadero descontrolado, convirtiéndolo en el planeta más caliente del sistema solar?",,Venus
"Explique las diferencias clave entre Ciencia de Datos y Aprendizaje Automático (Machine Learning), y cómo se relacionan entre sí en un contexto empresarial.",,"Aunque a menudo se usan indistintamente, la Ciencia de Datos (CD) y el Aprendizaje Automático (AA, o ML) son campos distintos pero superpuestos. El Aprendizaje Automático es fundamentalmente un conjunto de técnicas y herramientas que se incluyen en el paraguas más amplio de la Ciencia de Datos.

### Ciencia de Datos (La Disciplina Paraguas)

La Ciencia de Datos es un campo holístico centrado en todo el proceso de extracción de conocimiento e información a partir de datos—estructurados o no estructurados. Abarca el análisis estadístico, la visualización de datos, la experiencia en el dominio y las habilidades de comunicación.

*   **Objetivo:** Analizar datos para entender *por qué* sucedió algo (analítica descriptiva) y asesorar la estrategia empresarial basándose en esa información.
*   **Foco:** Definición del problema, limpieza/preparación de datos (ETL), inferencia estadística y narración de datos/visualización.
*   **Habilidades:** Sólidos conocimientos estadísticos, perspicacia empresarial, comunicación, SQL, herramientas de visualización y programación fundamental.

### Aprendizaje Automático (El Conjunto de Herramientas)

El Aprendizaje Automático es un subcampo de la inteligencia artificial centrado en la construcción de algoritmos que aprenden patrones a partir de datos para hacer predicciones o clasificaciones sin ser programados explícitamente.

*   **Objetivo:** Desarrollar, entrenar y optimizar modelos que respondan a la pregunta, '*¿Qué sucederá después?*' (analítica predictiva) o '*¿Cómo debemos categorizar esto?*' (analítica prescriptiva).
*   **Foco:** Selección de algoritmos (p. ej., aprendizaje profundo, regresión, clustering), ajuste de modelos, ingeniería de características (feature engineering) y despliegue.
*   **Habilidades:** Matemáticas avanzadas, optimización de algoritmos, programación sólida (Python/R) y eficiencia computacional.

### Relación en la Práctica

En un contexto empresarial, el Científico de Datos es a menudo quien identifica el problema de negocio (p. ej., 'Necesitamos reducir la deserción de clientes') y determina si es necesaria una solución de ML. Recoge, limpia y prepara los datos. El componente de Aprendizaje Automático es el motor algorítmico específico que utiliza (p. ej., una regresión logística o una red neuronal) para predecir qué clientes es probable que se vayan. El Científico de Datos luego interpreta el resultado del modelo y comunica las implicaciones estratégicas a las partes interesadas."
Explica el concepto de entrelazamiento cuántico.,,"El entrelazamiento cuántico es un fenómeno físico en el que dos o más partículas se vinculan de tal manera que comparten el mismo destino, independientemente de la distancia que las separe. Cuando están entrelazadas, los estados cuánticos de las partículas (como el espín o la polarización) están perfectamente correlacionados.

Si se realiza una medición en una partícula, el estado de la otra partícula se determina instantáneamente, incluso si está a años luz de distancia. Albert Einstein se refirió a esta correlación instantánea como 'acción fantasmal a distancia', ya que parece violar el límite de velocidad clásico del universo (la velocidad de la luz).

Fundamentalmente, el entrelazamiento no permite la comunicación más rápida que la luz, ya que el resultado de la medición para la primera partícula es probabilístico y aleatorio hasta que se observa. Es un componente central de tecnologías emergentes como la computación cuántica y la criptografía cuántica."
"De la siguiente lista de animales, identifique todas las especies que están clasificadas como mamíferos: Tiburón, Pingüino, Delfín, Serpiente, Murciélago, Araña, Elefante, Rana.",,"Los animales de la lista clasificados como mamíferos son el Delfín, el Murciélago y el Elefante."
Analice los datos de publicación proporcionados. Identifique todas las novelas publicadas en 2023 que lograron ventas totales (tapa dura + libro electrónico) superiores a 300.000 copias. Enumere los resultados utilizando el formato {Título} | {Recuento Total de Ventas} en una lista separada por punto y coma.,"La novela debut del Autor A, 'Shadows of Eldoria', publicada en el T1 de 2023, ha vendido 150.000 copias en tapa dura y 80.000 en formato de libro electrónico. Su novela posterior, 'The Silent City', lanzada en el T4 de 2023, logró 210.000 ventas en tapa dura y 120.000 ventas de libros electrónicos. El Autor B, especializado en no ficción, lanzó 'Deep Dive History' (T2 de 2023), vendiendo 95.000 copias (solo físico). El libro más vendido de B, también de no ficción, es 'Future Tech Today' (T1 de 2024), que movió 350.000 unidades (180.000 físicas, 170.000 de libros electrónicos). Solo nos interesan las novelas publicadas en 2023 que superaron las 300.000 copias totales.","The Silent City | 330,000"
¿Cuáles son las diferencias y ventajas fundamentales de los objetivos de focal fija (prime) frente a los objetivos zoom en fotografía?,,"Un objetivo de focal fija (prime) tiene una distancia focal fija (por ejemplo, 50 mm u 85 mm), mientras que un objetivo zoom tiene una distancia focal variable que permite al fotógrafo cambiar la ampliación sin moverse (por ejemplo, 24-70 mm). La simplicidad óptica de los objetivos fijos les otorga varias ventajas técnicas sobre los objetivos zoom. Los objetivos fijos son a menudo significativamente más nítidos en todo el encuadre porque sus elementos internos están optimizados para un aumento específico. También suelen ofrecer una apertura máxima 'más rápida' (un número f más bajo, como f/1.4), lo que permite que entre más luz en la cámara, posibilitando un mejor rendimiento en condiciones de poca luz y proporcionando una profundidad de campo menor para la separación del fondo (bokeh). Los objetivos fijos también suelen ser más pequeños y ligeros. Los objetivos zoom, por el contrario, priorizan la versatilidad. Si bien pueden ser ópticamente más lentos o ligeramente menos nítidos que un objetivo fijo equivalente a la misma distancia focal, la capacidad de llevar un solo objetivo que cubra múltiples situaciones de disparo los hace esenciales para fotógrafos de eventos y aquellos que necesitan una rápida flexibilidad compositiva."
¿Cuáles son los principales dilemas éticos que rodean el uso de la tecnología de edición genética CRISPR en humanos?,,"Los principales dilemas se centran en la edición de la línea germinal (cambios transmitidos a futuras generaciones, lo que plantea preocupaciones sobre la creación de 'bebés de diseño'), la edición de células somáticas (menos controvertida, pero que aún implica riesgo) y los problemas de acceso equitativo. Una preocupación clave es el potencial de exacerbar la desigualdad social si solo los ricos pueden pagar las terapias o mejoras, lo que lleva a la estratificación biológica."
"Identifica la ciudad capital para cada uno de los siguientes países: Francia, Japón, Brasil, Canadá, Australia.",,"Francia: París
Japón: Tokio
Brasil: Brasília
Canadá: Ottawa
Australia: Canberra"
Enumera las cinco lunas más grandes del Sistema Solar por diámetro.,,"Las cinco lunas más grandes del Sistema Solar, listadas por diámetro decreciente, son:
- Ganimedes (Júpiter)
- Titán (Saturno)
- Calisto (Júpiter)
- Ío (Júpiter)
- Luna de la Tierra"
¿El trabajo científico de Marie Curie cambió fundamentalmente el panorama de la física y la medicina?,"Marie Skłodowska Curie fue una física y química polaca y naturalizada francesa que llevó a cabo investigaciones pioneras sobre la radiactividad. Fue la primera mujer en ganar un Premio Nobel, la primera persona y única mujer en ganar el Premio Nobel dos veces, y la única persona en ganarlo en dos campos científicos diferentes (Física en 1903, Química en 1911). Sus logros incluyen el desarrollo de la teoría de la radiactividad, técnicas para aislar isótopos radiactivos y el descubrimiento de dos elementos, el polonio y el radio. Bajo su dirección, se llevaron a cabo los primeros estudios mundiales de física nuclear. Durante la Primera Guerra Mundial, estableció unidades móviles de radiografía, conocidas como 'petites Curies', para proporcionar servicios de rayos X a los hospitales de campaña, salvando innumerables vidas.","Sí, su trabajo alteró drásticamente ambos campos. No solo desarrolló la teoría de la radiactividad y descubrió dos elementos (el polonio y el radio) —lo que le valió dos Premios Nobel en campos científicos separados— sino que también demostró las aplicaciones médicas inmediatas de sus descubrimientos al implementar unidades móviles de rayos X durante la Primera Guerra Mundial."
"Revise la siguiente lista de básicos de despensa. ¿Cuáles tres, una vez abiertos, deben guardarse en el refrigerador para prevenir el deterioro?","Aceite de oliva, Salsa de soja, Miel, Jarabe de arce, Mayonesa, Mantequilla de maní (procesada), Kétchup.","Los tres artículos que requieren absolutamente refrigeración después de abrirlos son la Mayonesa, el Kétchup y la Salsa de soja. Si bien el Jarabe de arce y la Mantequilla de maní se benefician del almacenamiento en frío, generalmente son estables a temperatura ambiente; el Aceite de oliva y la Miel siempre deben permanecer a temperatura ambiente."
"Según el texto proporcionado, ¿quién inventó la World Wide Web y a qué institución estaba afiliado durante su creación?",La World Wide Web (WWW) fue inventada por el científico informático inglés Sir Tim Berners-Lee mientras trabajaba en el CERN (la Organización Europea para la Investigación Nuclear) en Suiza. Berners-Lee escribió una propuesta en marzo de 1989 que esbozaba un sistema de gestión de información. Más tarde implementó la primera comunicación exitosa entre un cliente y un servidor del Protocolo de Transferencia de Hipertexto (HTTP) a través de internet en algún momento alrededor de la Navidad de 1990. La primera dirección web fue http://info.cern.ch/.,Sir Tim Berners-Lee inventó la World Wide Web mientras trabajaba en el CERN (la Organización Europea para la Investigación Nuclear).
¿Qué distinciones únicas posee Marie Curie con respecto al Premio Nobel?,"Marie Skłodowska Curie (nacida Maria Salomea Skłodowska; 7 de noviembre de 1867 – 4 de julio de 1934) fue una física y química polaca y nacionalizada francesa que llevó a cabo investigaciones pioneras sobre la radiactividad. Fue la primera mujer en ganar un Premio Nobel, la primera persona y la única mujer en ganar el Premio Nobel dos veces, y la única persona en ganar el Premio Nobel en dos campos científicos.","Marie Curie fue la primera mujer en ganar un Premio Nobel, la primera persona y la única mujer en ganar el Premio Nobel dos veces, y la única persona en ganar el Premio Nobel en dos campos científicos diferentes."
"Del texto proporcionado, enumere solo los nombres de los *rovers* de Marte y sus respectivos años de aterrizaje. Muestre la lista cronológicamente, del más antiguo al más reciente, utilizando el formato: Nombre del Rover (Año).","Marte, el cuarto planeta desde el Sol, es un planeta terrestre con una atmósfera delgada. Varias misiones clave han sido fundamentales en su exploración. Los módulos de aterrizaje Viking 1 y 2 llegaron a la superficie en 1976. En 1997, la misión Pathfinder de la NASA desplegó con éxito el rover Sojourner. Posteriormente, los rovers Spirit y Opportunity aterrizaron en 2004, diseñados para estudios geológicos a largo plazo. Más recientemente, el rover Perseverance aterrizó en el cráter Jezero en 2021, llevando consigo el helicóptero Ingenuity, la primera aeronave propulsada en otro mundo. Las próximas misiones planificadas incluyen la misión Mars Sample Return (MSR), esperada alrededor de 2028.","Sojourner (1997), Spirit (2004), Opportunity (2004), Perseverance (2021)"
¿Cuáles son los pasos esenciales para escribir una carta de presentación verdaderamente convincente?,,"Una carta de presentación convincente se centra en el lector, no solo en el escritor. Sigue estos pasos:

1. **Investigación Profunda y Personalización:** Nunca utilices una plantilla genérica. Investiga a fondo la cultura, misión de la empresa y las necesidades específicas descritas en la descripción del puesto. Menciona un logro o proyecto reciente de la empresa para mostrar interés genuino.
2. **El Gancho Poderoso:** El párrafo inicial debe captar la atención inmediatamente. No empieces con 'Mi nombre es...' En su lugar, indica por qué estás excepcionalmente cualificado y entusiasmado por *este puesto específico*.
3. **Muestra, No Digas (Usa Métricas):** En lugar de decir 'Tengo sólidas habilidades de comunicación', describe un logro utilizando resultados cuantificables (ej., 'Mejoré la retención de clientes en un 15% mediante informes semanales proactivos').
4. **Cierra la Brecha:** Conecta claramente 2 o 3 de tus habilidades principales directamente con los requisitos clave de la descripción del puesto. Muestra cómo resuelves *sus* problemas inmediatos.
5. **Cierre Conciso y Llamada a la Acción:** Termina con fuerza reiterando tu entusiasmo y proponiendo el siguiente paso (ej., 'Espero poder conversar sobre cómo mi experiencia puede beneficiar inmediatamente al equipo'). Mantén toda la carta en menos de una página."
Explica el concepto central detrás de por qué el artículo 'Attention is All You Need' fue tan revolucionario para los modelos de aprendizaje profundo como GPT.,,"El aspecto revolucionario fue la introducción de la arquitectura Transformer, que abandonó por completo los mecanismos de procesamiento secuencial (como RNNs y LSTMs) en favor del procesamiento paralelo utilizando el mecanismo de Autoatención (Self-Attention). La Autoatención permite al modelo sopesar instantáneamente la importancia y las relaciones entre cada token en una secuencia de entrada simultáneamente, independientemente de su posición. Esta capacidad mejoró drásticamente el manejo de dependencias de largo alcance, aceleró significativamente los tiempos de entrenamiento al permitir la paralelización en GPUs, e hizo viable la escalabilidad de los modelos de lenguaje grandes modernos."
¿Qué planeta es conocido por su prominente sistema de anillos? ¿Júpiter o Saturno?,,Saturno
¿Quién concibió Python y cuándo comenzó oficialmente su desarrollo?,"Python, un lenguaje de programación de alto nivel e interpretado, fue concebido por primera vez por Guido van Rossum a finales de la década de 1980. El desarrollo comenzó en diciembre de 1989 en CWI en los Países Bajos. Van Rossum nombró el proyecto en honor al grupo de comedia británico Monty Python, ya que estaba leyendo los guiones de *Monty Python's Flying Circus* en ese momento. Python 1.0 fue lanzado en enero de 1994. Fundamentalmente, su filosofía de diseño enfatiza la legibilidad del código, especialmente a través de su uso de espacios en blanco significativos.",Guido van Rossum concibió Python y el desarrollo comenzó en diciembre de 1989.
¿En qué año se emitió el decreto escrito en la Piedra Rosetta?,"La Piedra Rosetta, una clave para descifrar los jeroglíficos egipcios, fue descubierta en 1799 por un soldado francés llamado Pierre-François Bouchard durante la campaña egipcia de Napoleón. Contiene el mismo decreto escrito tres veces, pero en tres escrituras diferentes: jeroglífica, escritura demótica (la escritura egipcia común de la época) y griego antiguo. Dado que el griego antiguo era comprendido por los eruditos, los textos paralelos proporcionaron el mecanismo para traducir finalmente el sistema de escritura egipcio perdido hace mucho tiempo. El decreto en sí data del 196 a.C., emitido en Menfis por un consejo de sacerdotes, y honra a Ptolomeo V.",196 a.C.
¿Cuáles son los mejores consejos para empacar solo un equipaje de mano para un viaje de una semana?,,"Comienza planificando atuendos con prendas neutras e intercambiables. Utiliza cubos de embalaje para comprimir la ropa y mantenerte organizado. Siempre enrolla tu ropa en lugar de doblarla para ahorrar espacio y reducir las arrugas. Para los artículos de tocador, transfiere los líquidos a botellas reutilizables de tamaño de viaje (menos de 3.4 oz/100 ml) y utiliza artículos de tocador sólidos, como barras de champú, siempre que sea posible."
"Según el texto, ¿qué le sucedió a la familia de Narendra en 1884 y cuál fue el resultado?","Swami Vivekananda (/ˈswɑːmi ˌvɪveɪˈkɑːnəndə/; bengalí: [ʃami bibekanɔndo] (escuchar); 12 de enero de 1863 – 4 de julio de 1902), nacido Narendranath Datta (bengalí: [nɔrendronatʰ dɔto]), fue un monje hindú, filósofo, autor, maestro religioso y el principal discípulo del místico indio Sri Ramakrishna Paramahansa. Fue una figura clave en la introducción del Vedanta y el Yoga en el mundo occidental y se le atribuye haber fomentado la conciencia interconfesional y haber elevado el hinduismo a la categoría de religión mundial importante. Vivekananda se convirtió en una figura popular después del Parlamento de las Religiones de 1893 en Chicago, donde comenzó su famoso discurso con las palabras: «Hermanas y hermanos de América...», antes de presentar el hinduismo a los estadounidenses. Su impacto en el Parlamento fue tal que un periódico estadounidense lo describió como «un orador por derecho divino y sin duda la figura más grande del Parlamento». Tras el gran éxito en el Parlamento, en los años subsiguientes, Vivekananda dio cientos de conferencias en Estados Unidos, Inglaterra y Europa, difundiendo los principios fundamentales de la filosofía hindú, y fundó la Sociedad Vedanta de Nueva York y la Sociedad Vedanta de San Francisco (ahora Sociedad Vedanta del Norte de California), que se convirtieron en las bases de las Sociedades Vedanta en Occidente.

En 1881, Narendra conoció a Ramakrishna, quien se convirtió en su foco espiritual después de la muerte de su propio padre en 1884.

La primera presentación de Narendra a Ramakrishna ocurrió en una clase de literatura en la Institución de la Asamblea General cuando escuchó al profesor William Hastie dar una conferencia sobre el poema de William Wordsworth, The Excursion. Mientras explicaba la palabra «trance» en el poema, Hastie sugirió a sus estudiantes que visitaran a Ramakrishna de Dakshineswar para comprender el verdadero significado del trance. Esto impulsó a algunos de sus estudiantes (incluido Narendra) a visitar a Ramakrishna.

Probablemente se conocieron personalmente por primera vez en noviembre de 1881,[nota 1] aunque Narendra no consideró que este fuera su primer encuentro, y ninguno de los dos hombres mencionó este encuentro más tarde. En ese momento, Narendra se estaba preparando para su próximo examen F. A., cuando Ram Chandra Datta lo acompañó a la casa de Surendra Nath Mitra, donde Ramakrishna fue invitado a dar una conferencia. Según Makarand Paranjape, en esta reunión Ramakrishna le pidió al joven Narendra que cantara. Impresionado por su talento para el canto, le pidió a Narendra que fuera a Dakshineshwar.

A fines de 1881 o principios de 1882, Narendra fue a Dakshineswar con dos amigos y conoció a Ramakrishna. Esta reunión resultó ser un punto de inflexión en su vida. Aunque inicialmente no aceptó a Ramakrishna como su maestro y se rebeló contra sus ideas, se sintió atraído por su personalidad y comenzó a visitarlo con frecuencia en Dakshineswar. Inicialmente vio los éxtasis y visiones de Ramakrishna como «meras invenciones de la imaginación» y «alucinaciones». Como miembro de Brahmo Samaj, se opuso a la adoración de ídolos, al politeísmo y a la adoración de Kali por parte de Ramakrishna. Incluso rechazó el Advaita Vedanta de «identidad con el absoluto» como blasfemia y locura, y a menudo ridiculizaba la idea. Narendra puso a prueba a Ramakrishna, quien enfrentó sus argumentos con paciencia: «Intenta ver la verdad desde todos los ángulos», respondió.

La muerte repentina del padre de Narendra en 1884 dejó a la familia en bancarrota; los acreedores comenzaron a exigir el pago de los préstamos, y los familiares amenazaron con desalojar a la familia de su hogar ancestral. Narendra, que una vez fue hijo de una familia acomodada, se convirtió en uno de los estudiantes más pobres de su universidad. Intentó sin éxito encontrar trabajo y cuestionó la existencia de Dios, pero encontró consuelo en Ramakrishna y sus visitas a Dakshineswar aumentaron.

Un día, Narendra le pidió a Ramakrishna que rezara a la diosa Kali por el bienestar financiero de su familia. Ramakrishna, en cambio, le sugirió que fuera él mismo al templo y rezara. Siguiendo la sugerencia de Ramakrishna, fue al templo tres veces, pero no pudo rezar por ningún tipo de necesidad mundana y finalmente oró por verdadero conocimiento y devoción de la diosa. Narendra creció gradualmente listo para renunciar a todo por el bien de la realización de Dios, y aceptó a Ramakrishna como su Gurú.

En 1885, Ramakrishna desarrolló cáncer de garganta y fue trasladado a Calcuta y (más tarde) a una casa con jardín en Cossipore. Narendra y otros discípulos de Ramakrishna lo cuidaron durante sus últimos días, y la educación espiritual de Narendra continuó. En Cossipore, experimentó Nirvikalpa samadhi. Narendra y varios otros discípulos recibieron túnicas ocres de Ramakrishna, formando su primera orden monástica. Se le enseñó que el servicio a los hombres era la forma más efectiva de adoración a Dios. Ramakrishna le pidió que cuidara de los otros discípulos monásticos, y a su vez les pidió que vieran a Narendra como su líder. Ramakrishna murió en las primeras horas de la mañana del 16 de agosto de 1886 en Cossipore.","El padre de Narendra murió repentinamente en 1884, lo que dejó a la familia en bancarrota. Como resultado, los acreedores exigieron el pago de los préstamos y los familiares amenazaron con desalojarlos de su hogar ancestral."
"Basándose en el texto proporcionado, ¿qué eventos y tecnologías clave condujeron a la fundación del Internet moderno?","Los orígenes de Internet residen en el desarrollo de la conmutación de paquetes y la creación de ARPANET (Red de la Agencia de Proyectos de Investigación Avanzada). Concebida por J.C.R. Licklider del MIT a principios de la década de 1960, ARPANET fue un proyecto financiado inicialmente por el Departamento de Defensa de EE. UU. El primer mensaje se envió a través de ARPANET el 29 de octubre de 1969, entre el laboratorio de informática de UCLA y el Instituto de Investigación de Stanford (SRI). Se suponía que el mensaje era 'LOGIN', pero el sistema falló después de las dos primeras letras, 'LO'. En 1971, Ray Tomlinson inventó el correo electrónico, un desarrollo que se convirtió rápidamente en la primera aplicación verdaderamente popular. El protocolo que finalmente definió la estructura del Internet moderno, TCP/IP (Protocolo de Control de Transmisión/Protocolo de Internet), fue estandarizado en 1978 por Vint Cerf y Bob Kahn. ARPANET dejó de existir oficialmente en 1990, pero su tecnología subyacente y el marco TCP/IP ya habían establecido las bases para la World Wide Web, que Tim Berners-Lee introdujo posteriormente en 1991.","La fundación del Internet moderno comenzó con el desarrollo de la conmutación de paquetes y ARPANET, que fue financiada por el Departamento de Defensa de EE. UU. Los desarrollos tecnológicos clave incluyeron el envío del primer mensaje a través de ARPANET en 1969, la invención del correo electrónico por Ray Tomlinson en 1971 y la estandarización de TCP/IP por Vint Cerf y Bob Kahn en 1978. Este marco TCP/IP sentó las bases para la World Wide Web, que Tim Berners-Lee introdujo en 1991."
"Identifique si los siguientes animales son mamíferos o reptiles: Ornitorrinco, Cocodrilo.",,El ornitorrinco es un mamífero y el cocodrilo es un reptil.
¿Cuál es el mayor riesgo que enfrenta la humanidad respecto al rápido desarrollo de la IA?,,"El mayor riesgo no es que la IA despierte y decida eliminarnos, sino más bien la erosión silenciosa e insidiosa del propósito humano y la centralización masiva del poder. Cuando el trabajo intelectual se automatiza por completo, ¿qué queda para la mayoría de la población? Corremos el riesgo de crear una 'clase inútil', que dependa totalmente de la buena voluntad de las pocas entidades que controlan los sistemas superinteligentes. Además, la velocidad a la que se desarrolla esta tecnología elude los marcos regulatorios y la supervisión democrática. Estamos entregando efectivamente las claves de la optimización global a sistemas cuyas funciones de objetivo primario podrían conducir inadvertidamente al detrimento humano, simplemente porque esos objetivos están definidos de manera limitada (por ejemplo, maximizar ganancias, maximizar eficiencia). El verdadero peligro es la pérdida de autonomía y la creación de un mundo donde la toma de decisiones humana se vea como descuidada, lenta e innecesaria. Debemos asegurarnos de que, a medida que construimos máquinas más inteligentes, prioricemos simultáneamente la preservación de la creatividad humana, la empatía y el control descentralizado; de lo contrario, cambiaremos progreso por servidumbre."
Enumera los años y los campos científicos correspondientes por los cuales Marie Curie recibió Premios Nobel.,"Marie Salomea Skłodowska Curie (nacida Maria Salomea Skłodowska, 7 de noviembre de 1867 – 4 de julio de 1934) fue una física y química polaca y nacionalizada francesa que llevó a cabo investigaciones pioneras sobre la radiactividad. Fue la primera mujer en ganar un Premio Nobel, la primera persona y la única mujer en ganar el Premio Nobel dos veces, y la única persona en ganar el Premio Nobel en dos campos científicos diferentes. También fue la primera mujer en convertirse en profesora en la Universidad de París. En 1903, compartió el Premio Nobel de Física con su esposo Pierre Curie y el físico Henri Becquerel, por su investigación conjunta sobre los fenómenos de radiación descubiertos por Becquerel. En 1911, recibió el Premio Nobel de Química por su descubrimiento de los elementos radio y polonio.","1903 (Física), 1911 (Química)"
¿Qué distinciones ostenta Marie Curie con respecto al Premio Nobel?,"Marie Sklodowska Curie fue una física y química polaca y naturalizada francesa que realizó investigaciones pioneras sobre la radiactividad. Fue la primera mujer en ganar un Premio Nobel, la primera persona y única mujer en ganar el Premio Nobel dos veces, y la única persona en ganar el Premio Nobel en dos campos científicos diferentes (Física y Química). También fue la primera mujer profesora en la Universidad de París.","Fue la primera mujer en ganar un Premio Nobel, la primera persona y única mujer en ganar el Premio Nobel dos veces, y la única persona en ganar el Premio Nobel en dos campos científicos diferentes (Física y Química)."
"Enumere los 5 máximos goleadores en la historia de la Copa Mundial de la FIFA, junto con su recuento de goles y nacionalidad.",,"1. Miroslav Klose (Alemania) - 16 goles
2. Ronaldo (Brasil) - 15 goles
3. Gerd Müller (Alemania Occidental) - 14 goles
4. Just Fontaine (Francia) - 13 goles
5. Pelé (Brasil) - 12 goles"
¿Cuáles son las cuatro características únicas atribuidas a las lunas galileanas según el texto proporcionado? Formatea tu respuesta como una lista con viñetas.,"Júpiter tiene 95 lunas confirmadas oficialmente, pero las cuatro más grandes, conocidas como las lunas galileanas, son las más famosas. Estas fueron descubiertas por Galileo Galilei en 1610. Las lunas son, en orden de distancia creciente desde Júpiter: Ío, Europa, Ganímedes y Calisto. Ío es el mundo más activo volcánicamente en el sistema solar. Europa es única por su océano subterráneo de agua líquida, lo que la convierte en un objetivo principal para la búsqueda de vida. Ganímedes es la luna más grande, incluso más grande que el planeta Mercurio, y es la única luna conocida que posee su propio campo magnético. Calisto tiene la superficie más antigua y con más cráteres del grupo.","* El mundo más activo volcánicamente en el sistema solar.
* Océano subterráneo de agua líquida.
* Única luna conocida que posee su propio campo magnético.
* La superficie más antigua y con más cráteres del grupo."
¿Cuál es la velocidad aproximada de la luz en el vacío?,,Aproximadamente 299.792.458 metros por segundo
Analice la evidencia sobre la verdadera autoría de las obras de William Shakespeare y presente la hipótesis más convincente.,,"La cuestión de quién fue el verdadero autor de las obras de teatro y poemas atribuidos a William Shakespeare —conocida como la Cuestión de la Autoría de Shakespeare— es uno de los debates literarios más perdurables. La postura ortodoxa, conocida como la visión Stratfordiana, sostiene que William Shakespeare de Stratford-upon-Avon fue el único autor. Esto está respaldado por registros legales, títulos impresos contemporáneos y evidencia testimonial (como el elogio de Ben Jonson en el Primer Folio).

Sin embargo, el movimiento conocido como anti-Stratfordianismo argumenta que las obras exhiben una educación, familiaridad con la vida cortesana, viajes al extranjero y un profundo conocimiento legal y clásico que parece inconsistente con la biografía conocida del hombre de negocios de Stratford.

El candidato alternativo más destacado a menudo se considera Edward de Vere, el 17º Conde de Oxford (la teoría Oxfordiana). Los defensores señalan los paralelismos biográficos entre su vida y los temas/personajes de las obras, su estatus aristocrático que explica el conocimiento íntimo de la corte, y el momento de su muerte que coincide con el cese de nuevas obras shakespearianas.

A pesar de los argumentos fascinantes y a menudo detallados presentados por los oxfordianos y otros teóricos alternativos (como los baconianos, que favorecen a Francis Bacon), el consenso abrumador dentro de la crítica literaria académica dominante sigue siendo que William Shakespeare de Stratford fue el autor. Aunque las alternativas ofrecen enigmas intrigantes, a menudo se basan en evidencia circunstancial, códigos crípticos y la noción altamente subjetiva de que el origen modesto de Shakespeare lo descalifica para el genio. Por lo tanto, la hipótesis más convincente sigue siendo la tradicional, respaldada por documentación histórica, a pesar de que la profundidad de las obras continúa inspirando especulaciones alternativas."
"Clasifica los siguientes animales según su dieta principal: Herbívoro, Carnívoro u Omnívoro.","León, Oso, Vaca, Lobo, Humano, Conejo","Carnívoro: León, Lobo
Herbívoro: Vaca, Conejo
Omnívoro: Oso, Humano"
Enumera los tres principales Anillos Élficos de poder de El Señor de los Anillos de J.R.R. Tolkien.,,"Los tres Anillos Élficos, que se mantuvieron libres de la influencia directa de Sauron, son Vilya (el Anillo del Aire, llevado por Elrond), Nenya (el Anillo del Agua, llevado por Galadriel) y Narya (el Anillo del Fuego, llevado por Gandalf)."
Enumera los símbolos químicos correspondientes para los siguientes elementos en orden:,"Oro, Plata, Hierro, Potasio, Sodio, Plomo, Tungsteno, Mercurio","Au, Ag, Fe, K, Na, Pb, W, Hg"
"¿Cuáles de las siguientes sustancias son gases a temperatura y presión estándar (TPE): Helio, Hierro, Neón, Oro, Cloro, Silicio, Oxígeno, Azufre, Dióxido de Carbono, Aluminio?",,"El Helio, Neón, Cloro, Oxígeno y Dióxido de Carbono son gases a temperatura y presión estándar."
Compara y contrasta Python y Java para el desarrollo de aplicaciones empresariales.,,"Python a menudo se prefiere para la creación rápida de prototipos y aplicaciones más pequeñas y ágiles debido a su sintaxis limpia y amplias bibliotecas, especialmente en servicios de procesamiento de datos e IA/ML. Sin embargo, es un lenguaje interpretado, lo que significa que puede ser más lento en tiempo de ejecución que Java y su tipado dinámico puede provocar errores en bases de código muy grandes. Java, por el contrario, es conocido por su filosofía de 'escribir una vez, ejecutar en cualquier lugar' gracias a la JVM, ofreciendo una escalabilidad robusta y un alto rendimiento necesarios para sistemas empresariales a gran escala, como plataformas bancarias o de comercio electrónico. El tipado estático de Java requiere una codificación más detallada, pero impone un control más estricto, haciéndolo altamente confiable y más fácil de mantener a largo plazo por grandes equipos. Si bien Python tiene una barrera de entrada más baja, Java sigue siendo la opción dominante donde el rendimiento absoluto, la estabilidad y la profunda integración con la infraestructura corporativa heredada son fundamentales."
Enumere a los cofundadores originales de Apple Inc.,,"Los cofundadores originales de Apple Inc. fueron Steve Jobs, Steve Wozniak y Ronald Wayne."
Clasifique los siguientes elementos según estén asociados principalmente con las Matemáticas o la Literatura.,"cálculo, soneto, álgebra, metáfora, ecuación cuadrática, verso libre, existencialismo, número primo, poema épico, probabilidad","Matemáticas: cálculo, álgebra, ecuación cuadrática, número primo, probabilidad
Literatura: soneto, metáfora, verso libre, existencialismo, poema épico"
¿Cuál es la principal teoría científica sobre la extinción de los dinosaurios no aviares?,,"La principal teoría científica es la hipótesis de Álvarez, que postula que un asteroide masivo impactó la Tierra hace unos 66 millones de años. Este lugar de impacto es conocido como el cráter de Chicxulub en la península de Yucatán. La colisión liberó una energía inmensa y, fundamentalmente, expulsó grandes cantidades de polvo, azufre y escombros a la atmósfera. Este bloqueo atmosférico provocó un 'invierno de impacto' rápido y prolongado que detuvo la fotosíntesis, colapsó la cadena alimentaria global y condujo a la extinción de aproximadamente el 75% de todas las especies, incluidos los dinosaurios no aviares."
¿Cuál fue la importancia de la misión Apolo 11?,"El Apolo 11 fue el vuelo espacial que llevó a los dos primeros humanos a la Luna. El comandante Neil Armstrong y el piloto del módulo lunar Buzz Aldrin aterrizaron el Módulo Lunar Eagle del Apolo el 20 de julio de 1969, a las 20:17 UTC. Armstrong se convirtió en la primera persona en pisar la superficie lunar seis horas después, el 21 de julio; Aldrin se le unió unos 20 minutos más tarde. Pasaron unas dos horas y cuarto juntos fuera de la nave espacial y recogieron 47,5 libras (21,5 kg) de material lunar para traer de vuelta a la Tierra. El tercer miembro de la misión, Michael Collins, pilotó el módulo de mando Columbia solo en órbita lunar. El Apolo 11 puso fin de manera efectiva a la Carrera Espacial y cumplió un objetivo nacional establecido por el presidente John F. Kennedy en 1961: 'antes de que termine esta década, de llevar a un hombre a la Luna y devolverlo sano y salvo a la Tierra'.","La misión Apolo 11, que aterrizó con éxito a Neil Armstrong y Buzz Aldrin en la Luna en julio de 1969, posee una inmensa importancia histórica principalmente porque cumplió la audaz promesa hecha por el presidente John F. Kennedy al comienzo de la década. Su éxito puso fin efectivamente a la competencia tecnológica de alto riesgo conocida como la Carrera Espacial, demostrando la abrumadora capacidad tecnológica de los Estados Unidos sobre la Unión Soviética durante la era de la Guerra Fría. Más allá de las implicaciones políticas y competitivas, el Apolo 11 sirvió como un importante punto de inflexión cultural, cautivando a una audiencia global e inspirando a una generación hacia los esfuerzos científicos. La misión también produjo retornos científicos vitales, incluida la recolección de muestras lunares que permitieron a los científicos comenzar a reconstruir la historia geológica del satélite terrestre. En última instancia, el Apolo 11 se erige como uno de los logros más profundos de la historia de la humanidad, simbolizando la capacidad del hombre para alcanzar objetivos previamente confinados a la ciencia ficción."
¿Cuándo se convirtió The College of Boca Raton en la Universidad Lynn y a quién estaba destinado a honrar el nombre?,"La escuela abrió por primera vez en 1962 como Marymount College, una universidad júnior para mujeres fundada por las Religiosas del Sagrado Corazón de María (RSHM). Debido a dificultades financieras, Marymount College buscó vender los libros de su biblioteca. Donald E. Ross visitó el campus para comprar la biblioteca, pero se sintió tan inspirado por la escuela que decidió quedarse y ayudarla a tener éxito. En 1971, comenzó un período de transición y la escuela fue puesta bajo el control de una junta laica. En ese momento, Donald E. Ross fue nombrado presidente. En 1974, el nombre se cambió a The College of Boca Raton. La universidad recibió la acreditación de Nivel II en 1986. En 1988, fue acreditada en Nivel III. Durante este tiempo, se transformó de una escuela de dos años a una universidad de cuatro años con un programa de maestría.

Entrada de la Universidad Lynn en Boca Raton
The College of Boca Raton se convirtió en la Universidad Lynn en 1991 para honrar a sus benefactores, la familia Lynn.

En 2003–2004, a Donald E. Ross se le pagó un salario de más de $5,000,000, lo que lo convirtió en ese momento en el presidente de colegio o universidad mejor pagado del país. La Universidad Lynn contrató a la firma nacional de contabilidad KPMG para determinar un paquete de compensación de jubilación equitativo para Ross, considerando su desempeño y su mandato de 35 años de servicio (""Más de $4.5 millones fueron reservados para su jubilación planificada en junio de 2006, una afluencia de efectivo diseñada para compensar décadas sin beneficios de jubilación"" asignados debido a preocupaciones presupuestarias). Esto fue un tercio de la dotación de la universidad. El 1 de julio de 2006, Ross se jubiló después de 35 años como presidente de la universidad; Kevin M. Ross sucedió a su padre en el cargo.

El 22 de octubre de 2012, la universidad fue sede del tercer y último debate presidencial de EE. UU. de 2012 entre el presidente de EE. UU. Barack Obama y el exgobernador de Massachusetts Mitt Romney, relacionado con la política exterior de EE. UU. El debate se llevó a cabo en el Keith C. and Elaine Johnson World Performing Arts Center y fue moderado por el periodista Bob Schieffer de CBS News.","The College of Boca Raton se convirtió en la Universidad Lynn en 1991 para honrar a sus benefactores, la familia Lynn."
¿Qué metal constituye el componente principal del núcleo interno de la Tierra?,"El núcleo interno de la Tierra es una esfera sólida compuesta principalmente de una aleación de hierro y níquel, con trazas de elementos más ligeros. Los modelos científicos sugieren que el hierro (Fe) constituye aproximadamente el 90% de su masa.","Hierro, combinado con níquel."
Explica la importancia del Renacimiento.,"El Renacimiento fue un período de la historia europea que abarcó el lapso entre los siglos XIV y XVI. Comenzó como un movimiento cultural en Italia a finales de la Edad Media y luego se extendió al resto de Europa, marcando la transición de la Edad Media a la modernidad. Las características clave incluyeron un renovado interés en la antigüedad clásica, un auge de la filosofía humanista y desarrollos revolucionarios en el arte, la arquitectura y la ciencia. Figuras notables incluyen a Leonardo da Vinci, Miguel Ángel y Rafael, quienes fueron pioneros en técnicas como la perspectiva y el naturalismo. La invención de la imprenta por Gutenberg aceleró enormemente la difusión de ideas durante este tiempo, sacando la erudición del entorno monástico y llevándola a la esfera pública.","El Renacimiento fue profundamente significativo porque redirigió fundamentalmente el pensamiento y la cultura occidentales. Marcó el cambio del enfoque teocéntrico de la Edad Media a una cosmovisión antropocéntrica, o centrada en el ser humano, conocida como Humanismo. Este cambio filosófico impulsó avances radicales en las artes, dando lugar a obras maestras que enfatizaron el realismo, el logro individual y los ideales clásicos. Además, el énfasis en la observación empírica y la investigación crítica sentó las bases para la Revolución Científica. El Renacimiento no solo redescubrió conocimientos antiguos; estableció las bases intelectuales y culturales—incluido el escepticismo, el individualismo y la investigación racional—que definen la era moderna."
¿Qué premios ganó Elara Vance por su segunda novela?,"Elara Vance es una escritora de ciencia ficción conocida por su intrincada construcción de mundos. Su novela debut, *The Chronos Gambit*, se publicó en 2018 y fue finalista del Premio Nébula. Su segunda novela, *Echoes of the Void* (2021), ganó el Premio Locus a la Mejor Novela de Ciencia Ficción y el Premio Prometheus a la Mejor Novela. Actualmente está trabajando en la tercera entrega de la trilogía, *Starlight Engine*.",Elara Vance ganó el Premio Locus a la Mejor Novela de Ciencia Ficción y el Premio Prometheus a la Mejor Novela por *Echoes of the Void*.
¿Cuál es la importancia histórica de la Piedra Rosetta?,"La Piedra Rosetta es una estela compuesta de granodiorita inscrita con tres versiones de un decreto emitido en Menfis, Egipto, en el 196 a.C. durante la dinastía ptolemaica en nombre del Rey Ptolomeo V. El texto superior está en jeroglíficos egipcios antiguos, la parte central es escritura demótica, y la inferior es griego antiguo. Debido a que el mismo texto se presenta en tres escrituras diferentes—y los académicos aún podían leer griego antiguo—la Piedra proporcionó la clave para descifrar los jeroglíficos egipcios. Este descubrimiento, acreditado principalmente a Jean-François Champollion en 1822, revolucionó la egiptología y permitió a los historiadores leer millones de textos egipcios antiguos por primera vez.","La Piedra Rosetta es crucial históricamente porque contiene el mismo texto escrito en jeroglíficos egipcios antiguos, escritura demótica y griego antiguo. Este texto paralelo permitió a los académicos, específicamente a Jean-François Champollion, descifrar con éxito los jeroglíficos egipcios, estableciendo así la base de la egiptología moderna."
Identifica los elementos esenciales que describen la Piedra Rosetta basándose en el siguiente texto.,"La Piedra Rosetta es una estela compuesta de granodiorita inscrita con tres versiones de un decreto emitido en Menfis, Egipto, en el 196 a.C. durante la dinastía ptolemaica en nombre del rey Ptolomeo V. Los textos superior y medio están escritos en escritura jeroglífica y demótica, respectivamente, mientras que el inferior está en griego antiguo. Debido a que presenta esencialmente el mismo texto en las tres escrituras, proporcionó la clave para descifrar los jeroglíficos egipcios.","1. Material: Es una estela compuesta de granodiorita. 
2. Contenido y Fecha: Contiene tres versiones de un decreto emitido en Menfis en el 196 a.C. durante la dinastía ptolemaica para el rey Ptolomeo V.
3. Escrituras Utilizadas: Los textos están escritos en jeroglífico (superior), demótico (medio) y griego antiguo (inferior).
4. Significado: Fue crucial al proporcionar la clave para descifrar los jeroglíficos egipcios."
¿A quién se le atribuye comúnmente el descubrimiento de la penicilina y en qué año ocurrió esto?,"El descubrimiento de la penicilina, uno de los primeros antibióticos del mundo, se atribuye comúnmente a Alexander Fleming en 1928. Fleming, médico y microbiólogo escocés, observó un moho que contaminaba una placa de Petri de la bacteria Staphylococcus que había dejado abierta. Observó que el moho, más tarde identificado como Penicillium notatum, impedía el crecimiento de las bacterias circundantes. Aunque Fleming publicó sus hallazgos, inicialmente tuvo dificultades para aislar y producir en masa el compuesto activo. El posterior desarrollo hasta convertirlo en un fármaco utilizable fue llevado a cabo más tarde por Howard Florey y Ernst Chain a principios de la década de 1940.",El descubrimiento de la penicilina se atribuye comúnmente a Alexander Fleming en 1928.
Esboza las etapas típicas involucradas al crear una nueva guía de documentación de software.,,"El proceso generalmente comienza con la fase de Análisis de Alcance y Audiencia, determinando quiénes son los usuarios y qué funcionalidad debe cubrirse. A continuación, pasamos a la Adquisición de Contenido, donde entrevistamos a Expertos en la Materia (SMEs, por sus siglas en inglés) y examinamos los últimos 'commits' del código base para obtener detalles técnicos precisos. Sigue la fase de Redacción, adhiriéndose estrictamente a nuestra guía de estilo interna para el tono y la coherencia. De manera crucial, antes del lanzamiento, la documentación pasa por un período de Validación Técnica, donde los usuarios beta o los evaluadores de QA intentan activamente ejecutar los pasos documentados para verificar su precisión. Finalmente, después de la corrección de estilo y la aprobación, la guía se publica en la base de conocimientos o servidor interno apropiado, con mecanismos establecidos para la retroalimentación y las actualizaciones iterativas."
Nombra las Siete Maravillas del Mundo Antiguo.,,"1. Gran Pirámide de Guiza
2. Jardines Colgantes de Babilonia
3. Estatua de Zeus en Olimpia
4. Templo de Artemisa en Éfeso
5. Mausoleo de Halicarnaso
6. Coloso de Rodas
7. Faro de Alejandría"
¿En qué año ganó Marie Curie su segundo Premio Nobel?,"Maria Skłodowska (más tarde Marie Curie) nació en Varsovia, Polonia, el 7 de noviembre de 1867. Se mudó a París en 1891 para continuar sus estudios en la Sorbona. Se casó con Pierre Curie en 1895. Marie y Pierre, junto con Henri Becquerel, fueron galardonados con el Premio Nobel de Física de 1903 por su trabajo sobre la radiactividad. Más tarde ganó el Premio Nobel de Química de 1911 por el descubrimiento de los elementos polonio y radio, convirtiéndola en la única persona en ganar Premios Nobel en dos campos científicos diferentes.","Más tarde ganó el Premio Nobel de Química de 1911 por el descubrimiento de los elementos polonio y radio, convirtiéndola en la única persona en ganar Premios Nobel en dos campos científicos diferentes."
¿Qué es el Ferrocarril Transiberiano?,,"El Ferrocarril Transiberiano es la línea ferroviaria más larga del mundo. Conecta Moscú en la Rusia europea con Vladivostok en la costa del Pacífico, extendiéndose aproximadamente 9.289 kilómetros (5.772 millas). La construcción comenzó en 1891 y se completó en gran parte en 1916, desempeñando un papel vital en la conexión económica y militar de los vastos territorios rusos. Si bien la ruta principal es la línea Transiberiana, otras rutas asociadas incluyen los ferrocarriles Transmongoliano y Transmanchuriano."
"Clasifica los siguientes animales como Mamífero, Ave o Reptil: Ballena Azul, Águila, Serpiente, Murciélago, Pingüino.",,"Mamíferos: Ballena Azul, Murciélago
Aves: Águila, Pingüino
Reptiles: Serpiente"
¿Cuál es la velocidad de escape aproximada necesaria para abandonar la atracción gravitatoria de la Tierra?,,"La velocidad de escape requerida es de aproximadamente 11,2 kilómetros por segundo (o cerca de 7 millas por segundo)."
"Proporcione una lista corta, con viñetas, que detalle los aspectos más críticos y las figuras clave en el descubrimiento de la estructura de doble hélice del ADN, basándose únicamente en el texto proporcionado.","La estructura de la molécula de ácido desoxirribonucleico (ADN), portadora de información genética, fue determinada de manera famosa por James Watson y Francis Crick en 1953. Su trabajo, publicado en la revista Nature, propuso el ahora icónico modelo de doble hélice. Fundamentalmente, su avance se basó en gran medida en los datos experimentales recopilados por otros científicos, especialmente Rosalind Franklin y Maurice Wilkins. Franklin, utilizando cristalografía de rayos X, produjo la 'Foto 51', que proporcionó pistas esenciales sobre la naturaleza helicoidal y las dimensiones de la molécula. Watson y Crick se dieron cuenta de que la molécula estaba compuesta por dos largas cadenas de nucleótidos enrolladas una alrededor de la otra, unidas por emparejamientos de bases específicos: la Adenina (A) siempre se empareja con la Timina (T), y la Guanina (G) siempre se empareja con la Citosina (C). Este emparejamiento específico explicó cómo la información genética podía replicarse con precisión. Watson, Crick y Wilkins recibieron el Premio Nobel de Fisiología o Medicina en 1962 por sus descubrimientos sobre la estructura molecular de los ácidos nucleicos y su significado para la transferencia de información en el material vivo. Rosalind Franklin había fallecido trágicamente en 1958 y no era elegible para el premio.","- La estructura fue determinada por James Watson y Francis Crick en 1953 y publicada en la revista Nature.
- Propusieron el modelo de doble hélice, compuesto por dos cadenas de nucleótidos unidas por emparejamientos de bases específicos (A-T y G-C).
- Sus hallazgos se basaron en gran medida en datos de cristalografía de rayos X, específicamente la 'Foto 51', producida por Rosalind Franklin.
- El emparejamiento de bases específico explicó cómo la información genética podía replicarse con precisión.
- Watson, Crick y Maurice Wilkins recibieron el Premio Nobel en 1962 por su trabajo."
¿Cuándo entró en vigor oficialmente el Tratado de Versalles y por qué se eligió esta fecha?,"El Tratado de Versalles fue el más importante de los tratados de paz que pusieron fin a la Primera Guerra Mundial. El Tratado fue firmado el 28 de junio de 1919, en Versalles. Formalmente puso fin a la guerra entre Alemania y las Potencias Aliadas. Sin embargo, el Tratado solo entró en vigor oficialmente el 10 de enero de 1920, fecha en que se fundó la Sociedad de Naciones, que fue un componente crítico de la ejecución del tratado.","El Tratado de Versalles entró en vigor oficialmente el 10 de enero de 1920. Esta fecha fue elegida porque coincidió con la fundación de la Sociedad de Naciones, un componente crítico de la ejecución del tratado."
Explique el concepto de 'Computación en la Nube' y sus principales modelos de servicio.,,"La Computación en la Nube se refiere a la disponibilidad bajo demanda de recursos del sistema informático, especialmente almacenamiento de datos y potencia de cómputo, sin la gestión activa directa por parte del usuario. Los principales modelos de servicio son: 1. **Infraestructura como Servicio (IaaS):** Proporciona recursos informáticos fundamentales, como máquinas virtuales, redes y almacenamiento. 2. **Plataforma como Servicio (PaaS):** Ofrece un entorno para desarrollar, ejecutar y gestionar aplicaciones sin la complejidad de administrar la infraestructura subyacente. 3. **Software como Servicio (SaaS):** Entrega aplicaciones de software a través de internet, bajo demanda, generalmente mediante una suscripción (por ejemplo, Gmail, Salesforce)."
Combina las siguientes dos oraciones en una sola oración cohesiva.,El equipo había trabajado incansablemente durante meses. Finalmente resolvieron el complejo problema de criptografía.,"Después de trabajar incansablemente durante meses, el equipo finalmente resolvió el complejo problema de criptografía."
¿Cuáles son los principales desafíos que enfrenta alguien al cambiar del sistema operativo Windows a Linux?,,"Cambiar a Linux presenta varios obstáculos, principalmente relacionados con la familiaridad y la disponibilidad de software propietario. El mayor desafío suele ser la curva de aprendizaje asociada con la interfaz de línea de comandos, que es necesaria para configuraciones avanzadas, aunque las distribuciones modernas son cada vez más fáciles de usar. En segundo lugar, los usuarios acostumbrados a aplicaciones específicas de Windows (como Adobe Suite o herramientas de diseño especializadas) tienen dificultades para encontrar reemplazos directos y funcionales, lo que a menudo requiere el uso de software alternativo de código abierto o capas de compatibilidad como Wine. Finalmente, los controladores de hardware, aunque han mejorado mucho, ocasionalmente pueden requerir una instalación manual, especialmente para periféricos nuevos o especializados."
"¿Quiénes son los funcionarios electos clave actuales en Phoenix, Arizona?",,"Los funcionarios electos clave de Phoenix, Arizona incluyen: Alcaldesa Kate Gallego, Vicealcaldesa Laura Pastor (Distrito 4), Concejala Debra Stark (Distrito 3), y Concejala Betty Guardado (Distrito 5)."
Nombra el edificio más alto que existe actualmente.,,"Burj Khalifa en Dubái, Emiratos Árabes Unidos"
¿Cuál es la principal diferencia entre el Aprendizaje Supervisado y el Aprendizaje No Supervisado?,"En el aprendizaje automático (machine learning), los algoritmos se clasifican generalmente según cómo procesan los datos. El Aprendizaje Supervisado utiliza conjuntos de datos etiquetados, donde los datos de entrenamiento incluyen variables de entrada (X) y las correspondientes variables de salida conocidas (Y). El objetivo es que el sistema aprenda la función de mapeo de X a Y. Por el contrario, los algoritmos de Aprendizaje No Supervisado trabajan con datos no etiquetados, lo que significa que solo se proporcionan los datos de entrada (X), sin ninguna etiqueta de salida correspondiente. Estos métodos tienen como objetivo descubrir patrones, estructuras o agrupaciones ocultas dentro de los datos, como la agrupación de segmentos de clientes o la reducción de dimensionalidad.","La diferencia principal radica en la naturaleza de los datos de entrenamiento. El Aprendizaje Supervisado utiliza conjuntos de datos etiquetados (entrada con salida conocida) para aprender una función de mapeo, mientras que el Aprendizaje No Supervisado utiliza conjuntos de datos no etiquetados únicamente para descubrir estructuras, patrones o agrupaciones subyacentes dentro de los datos."
"¿En los libros de Harry Potter, cuál es el nombre del elfo doméstico perteneciente a la familia Black que despreciaba a las brujas y magos nacidos de muggles?",,Kreacher
"Identifique qué estructura es principalmente románica y cuál es principalmente gótica: Basílica de Saint-Sernin (Toulouse), Catedral de Reims.",,"La Basílica de Saint-Sernin es románica, la Catedral de Reims es gótica."
Explique la función principal y la importancia del apéndice vermiforme humano según la comprensión moderna.,"El apéndice vermiforme es una bolsa estrecha, con forma de dedo, que se proyecta desde la pared del intestino grueso. Durante décadas, el apéndice fue considerado un órgano vestigial—una estructura evolutiva residual sin uso práctico en los humanos modernos. Sin embargo, investigaciones recientes sugieren que podría no ser inútil. Ahora se cree que sirve como un 'refugio seguro' para las bacterias intestinales beneficiosas. Si una enfermedad diarreica grave (como el cólera o la disentería) expulsa las colonias bacterianas del resto del intestino, el apéndice retiene un reservorio de estos microbios esenciales, permitiendo una rápida repoblación y recuperación del sistema digestivo.","Aunque históricamente considerado un órgano vestigial, ahora se cree que el apéndice funciona como un 'refugio seguro' o reservorio para las bacterias intestinales beneficiosas. Su importancia principal radica en facilitar la recuperación de infecciones intestinales graves (como el cólera o la disentería). Cuando estas enfermedades agotan las bacterias saludables del resto del sistema digestivo, el apéndice retiene una reserva de microbios, lo que permite el rápido restablecimiento de la flora intestinal normal."
¿Cuál es la función e historia de un faro?,"Un faro es una torre, edificio u otro tipo de estructura diseñada para emitir luz a partir de un sistema de lámparas y lentes y servir como ayuda a la navegación para los marinos en el mar o en vías navegables interiores. Los faros marcan costas peligrosas, bajíos riesgosos, arrecifes, rocas y entradas seguras a los puertos; también asisten en la navegación aérea. Aunque alguna vez fueron ampliamente utilizados, el número de faros operativos ha disminuido debido al costo del mantenimiento y al auge de los sistemas de navegación electrónica como el GPS.","Un faro es una estructura diseñada para emitir luz y servir como una ayuda crucial a la navegación para los marinos. Su función principal es advertir a los barcos de costas peligrosas, rocas y bajíos, y guiarlos con seguridad hacia los puertos. Cada faro tiene una firma luminosa única (patrón de destellos) que permite a los marineros identificar su ubicación.

La estructura de faro más antigua conocida fue el Faro de Alejandría, una de las Siete Maravillas del Mundo Antiguo, construido alrededor del 280 a.C. Sin embargo, los primeros faros modernos, que utilizaban lentes ópticas complejas, se desarrollaron en el siglo XVIII. El uso generalizado de la lente de Fresnel, inventada en 1823 por Augustin-Jean Fresnel, mejoró significativamente el alcance y la intensidad de los haces de luz de los faros.

Aunque históricamente muy importantes, el número de faros en funcionamiento ha disminuido significativamente desde finales del siglo XX, debido en gran parte a los altos costos de mantenimiento y a la adopción generalizada de herramientas modernas de navegación electrónica como el GPS y los sistemas de navegación por satélite. Muchos de los faros restantes ahora están automatizados o conservados como monumentos históricos."
¿Cuándo debería usar una lista enlazada en lugar de un array dinámico?,,"Las listas enlazadas son ventajosas cuando se requieren inserciones y eliminaciones frecuentes, especialmente en posiciones arbitrarias dentro de la secuencia, ya que estas operaciones suelen tardar un tiempo O(1) (después de encontrar el nodo). Los arrays dinámicos, por el contrario, se prefieren cuando el acceso aleatorio rápido y de tiempo constante (obtener el enésimo elemento) es esencial, ya que acceder a los elementos en una lista enlazada requiere una traversión O(N). Los arrays también ofrecen una localidad de caché superior."
¿Quién fue el ingeniero principal responsable de completar el Canal de Panamá?,,"La construcción del Canal de Panamá se completó bajo el liderazgo del Coronel George Washington Goethals, quien sirvió como ingeniero jefe del proyecto después de que EE. UU. asumiera las operaciones tras el fallido intento francés."
Definir la ingeniería biomédica.,"La ingeniería biomédica (IB) es un campo interdisciplinario y en rápido crecimiento que aplica principios de ingeniería y conceptos de diseño sofisticados a la biología y la medicina. Esta disciplina se diferencia de otras en que se centra específicamente en mejorar la salud humana, abordando áreas que van desde la creación de prótesis sofisticadas y equipos avanzados de imágenes médicas hasta el desarrollo de nuevas herramientas para el descubrimiento de fármacos. Implica conocimientos en ingeniería eléctrica, mecánica y química, integrando estos conceptos para cerrar la brecha entre la ingeniería y la medicina, promoviendo así los tratamientos de atención médica.",La ingeniería biomédica es un campo interdisciplinario que aplica principios de ingeniería y conceptos de diseño a la biología y la medicina para mejorar la salud humana y avanzar en los tratamientos de atención médica.
¿Cuál es la cualidad más esencial para un liderazgo moderno y eficaz?,,"Si bien los libros de historia a menudo alaban a los líderes por su visión inquebrantable o su integridad férrea, la cualidad singular más esencial para un liderazgo moderno y eficaz es, sin lugar a dudas, la adaptabilidad radical. En una era definida por la volatilidad, la incertidumbre, la complejidad y la ambigüedad (el paradigma VUCA), el líder que no puede pivotar es un líder destinado a la irrelevancia. El panorama empresarial y político contemporáneo no ofrece la estabilidad de la que disfrutaron las generaciones anteriores. Las estrategias, las tecnologías, los mercados y las expectativas de los empleados pueden cambiar fundamentalmente en un solo trimestre fiscal. Una visión estática, por muy inspiradora que sea en su concepción inicial, se convierte en un obstáculo si no puede doblegarse a la realidad. El líder adaptable entiende que los planes son meramente hojas de ruta temporales, no textos sagrados. Esta cualidad se manifiesta de varias maneras clave. Primero, la resiliencia organizacional. Los líderes adaptables fomentan una cultura donde el fracaso no es una condición terminal, sino una oportunidad de aprendizaje que informa el siguiente paso iterativo. Crean sistemas diseñados para una retroalimentación rápida y la implementación de cambios. Segundo, la flexibilidad cognitiva. Esto significa ser capaz de descartar una creencia o estrategia profundamente arraigada cuando nuevos datos la invalidan, evitando la falacia del costo hundido que paraliza a las organizaciones rígidas. Tercero, la evolución empática. Las fuerzas laborales modernas exigen diferentes estilos de gestión, modelos híbridos y trayectorias profesionales personalizadas. Un líder verdaderamente adaptable ajusta su comunicación personal y su conjunto de herramientas motivacionales para satisfacer las necesidades de equipos diversos y en evolución. Sin adaptabilidad, incluso la visión más profunda y las habilidades de comunicación más nítidas acabarán apuntando a un objetivo que ya no existe. La adaptabilidad asegura la supervivencia; en el liderazgo, la supervivencia es el primer paso hacia el éxito duradero."
Explique el concepto de Polimorfismo en la Programación Orientada a Objetos (POO) y proporcione un ejemplo conceptual simple.,,"El Polimorfismo, que literalmente significa 'muchas formas', es un pilar fundamental de la Programación Orientada a Objetos (POO). Permite que una entidad (como una función, un operador o un objeto) adquiera diferentes formas o significados dependiendo del contexto en el que se utilice. Esta característica permite a los desarrolladores utilizar una única interfaz para representar diferentes formas subyacentes (tipos de datos).

Existen dos tipos principales de polimorfismo:

1. **Polimorfismo en tiempo de compilación (Sobrecarga de métodos):** Esto ocurre cuando múltiples métodos en la misma clase comparten el mismo nombre pero tienen diferentes listas de parámetros (diferente número o tipo de argumentos).
2. **Polimorfismo en tiempo de ejecución (Anulación de métodos):** Esto ocurre cuando una subclase proporciona una implementación específica para un método que ya está definido en su clase padre. La llamada al método se resuelve dinámicamente durante la ejecución.

**Ejemplo conceptual:** Considere una clase base llamada 'Shape' que tiene un método llamado 'CalculateArea()'. Tanto una clase 'Circle' como una clase 'Square' heredan de 'Shape'. Cuando se llama a 'CalculateArea()' en un objeto 'Circle', se ejecuta la fórmula para un círculo (pi * r^2). Cuando se llama a 'CalculateArea()' en un objeto 'Square', se ejecuta la fórmula para un cuadrado (lado * lado). El único nombre del método, 'CalculateArea()', se comporta polimórficamente dependiendo del tipo de objeto específico que lo esté llamando."
Explique el concepto del Punto Caliente de Hawái y cómo condujo a la formación de las Islas Hawaianas.,,"El Punto Caliente de Hawái es un punto caliente volcánico ubicado debajo de la isla de Hawái. Es un penacho del manto, un área donde el calor y el magma ascienden desde las profundidades del manto terrestre. A diferencia de la mayoría de los volcanes, los puntos calientes son estacionarios, mientras que las placas tectónicas que están sobre ellos se mueven lentamente. A medida que la Placa del Pacífico se ha movido hacia el noroeste sobre este penacho fijo durante millones de años, el magma atraviesa continuamente la corteza, formando una larga cadena de volcanes y montes submarinos progresivamente más antiguos, conocida como la cadena de montes submarinos Hawái-Emperador. La isla que actualmente se encuentra sobre el punto caliente es Hawái (la Isla Grande), que contiene los volcanes activos Kīlauea y Mauna Loa."
¿Cuál fue el nombre del satélite que logró el primer vuelo espacial orbital exitoso?,"La carrera espacial entre Estados Unidos y la Unión Soviética se intensificó a fines de la década de 1950. Si bien varios intentos anteriores de ambas naciones habían fracasado o resultado en vuelos suborbitales, el verdadero hito llegó el 4 de octubre de 1957. En esta fecha, la Unión Soviética lanzó con éxito un misil balístico intercontinental R-7, que transportaba una pequeña esfera de metal pulido de solo 58 cm (23 pulgadas) de diámetro. Este satélite artificial pionero, conocido mundialmente como Sputnik 1, alcanzó la órbita terrestre. El éxito del Sputnik 1 conmocionó al público y al gobierno estadounidense, lo que condujo directamente al establecimiento de la NASA al año siguiente y cambió drásticamente las prioridades de la educación científica.",El satélite se llamó Sputnik 1.
¿Cuántos años sirvió la Dra. Evelyn Reed como asesora principal del Fondo Climático Mundial?,"La Dra. Evelyn Reed comenzó su carrera científica centrándose en la física atmosférica, publicando su trabajo seminal en 1985. Se unió a la facultad del MIT en 1990 y fue ascendida a directora de departamento en 2005. Sirvió como directora durante 12 años antes de jubilarse del MIT en 2017. Luego asumió un papel como asesora principal del Fondo Climático Mundial desde 2018 hasta 2023.",5 años (desde 2018 hasta 2023).
"Clasifique los siguientes animales en uno de los tres biomas principales: Desierto, Acuático o Bosque. Utilice la siguiente lista: Camello, Ballena Azul, Oso Pardo, Serpiente de Cascabel, Tiburón, Búho.",,"Desierto: Camello, Serpiente de Cascabel. Acuático: Ballena Azul, Tiburón. Bosque: Oso Pardo, Búho."
"¿Según el pasaje, aproximadamente cuándo inventó Johannes Gutenberg la imprenta de tipos móviles en Europa?","A Johannes Gutenberg se le atribuye la invención de la imprenta de tipos móviles en Europa alrededor de 1440. Orfebre de oficio, comenzó a experimentar con la impresión en Estrasburgo. Su obra principal, la Biblia de Gutenberg, se imprimió en Maguncia alrededor de 1455. Este invento redujo drásticamente el costo de producción de libros y difundió rápidamente el conocimiento por todo el continente, contribuyendo significativamente al Renacimiento y a la Revolución Científica. Aunque los tipos móviles se habían inventado antes en China y Corea, el diseño de Gutenberg, que incorporaba tinta a base de aceite y moldes ajustables, marcó un cambio tecnológico fundamental en Occidente.",Gutenberg inventó la imprenta de tipos móviles en Europa alrededor de 1440.
"Basándose en el texto proporcionado sobre Johannes Gutenberg, identifique el año aproximado en que comenzó su período de desarrollo crítico en Maguncia, enumere las tres innovaciones principales que sistematizó y explique el impacto general de su invención en la sociedad europea.","Johannes Gutenberg, un inventor, orfebre, impresor y editor alemán, introdujo la impresión mecánica de tipos móviles en Europa a mediados del siglo XV. Su trabajo pionero comenzó alrededor de 1440 en Estrasburgo, aunque el período crítico de desarrollo ocurrió después de que regresó a Maguncia alrededor de 1450. La innovación clave de Gutenberg no fue solo el tipo móvil en sí (que ya existía en Asia), sino todo el sistema que desarrolló: la prensa mecánica adaptada de las prensas de vino, la tinta a base de aceite adecuada para la impresión y, de manera crucial, la invención de un molde manual para fundir tipos duraderos y consistentes de manera eficiente. Este sistema hizo que la producción masiva de libros fuera económica. La obra principal asociada con él es la Biblia de Gutenberg (también conocida como la Biblia de 42 líneas), terminada alrededor de 1455. El éxito de esta Biblia demostró la viabilidad de la nueva tecnología. Antes de Gutenberg, los libros se copiaban a mano, un proceso lento y costoso que limitaba la alfabetización. Al reducir drásticamente el costo de producción de materiales escritos, la imprenta jugó un papel importante en el desarrollo del Renacimiento, la Reforma Protestante y la Era de la Ilustración, cambiando fundamentalmente la estructura de la sociedad europea y acelerando la difusión del conocimiento.","El período crítico de desarrollo para el sistema de impresión de Gutenberg comenzó alrededor de 1450 después de su regreso a Maguncia. 

Las tres innovaciones principales que sistematizó fueron:
1. La prensa mecánica (adaptada de prensas de vino).
2. Tinta a base de aceite adecuada para la impresión.
3. La invención de un molde manual para fundir tipos duraderos y consistentes de manera eficiente.

El impacto general en la sociedad europea fue profundo; al reducir drásticamente el costo de producción de materiales escritos, la imprenta aceleró la difusión del conocimiento y jugó un papel importante en el desarrollo del Renacimiento, la Reforma Protestante y la Era de la Ilustración."
Enumera pasos prácticos que puedo tomar esta noche para mejorar inmediatamente la calidad de mi sueño.,,"Mejorar el sueño esta noche implica centrarse en tres áreas clave: el entorno, la rutina y la dieta. **Entorno:** Asegúrate de que tu dormitorio esté fresco (idealmente entre 60 y 67°F o 15 y 19°C) y completamente oscuro. Utiliza cortinas opacas o un antifaz si es necesario, ya que incluso pequeñas cantidades de luz pueden interrumpir los ciclos REM. **Rutina:** Comienza un período de 'relajación' al menos 60 minutos antes de la hora prevista para acostarte. Durante este tiempo, elimina toda exposición a la luz azul (teléfonos, tabletas, pantallas de televisión), ya que la luz azul suprime la producción de melatonina. En su lugar, lee un libro físico, escucha música relajante o realiza estiramientos ligeros o meditación. **Dieta/Consumo:** Evita consumir cafeína y alcohol durante al menos cuatro horas antes de que tengas la intención de dormir. Aunque el alcohol puede hacerte sentir somnoliento inicialmente, fragmenta gravemente el sueño más tarde en la noche, lo que lleva a una mala recuperación. Si debes tomar un refrigerio, elige alimentos ligeros y ricos en triptófano, como un plátano o una pequeña porción de yogur natural."
¿Cómo ha desdibujado el auge de la comunicación digital ubicua las fronteras tradicionales entre la vida profesional y la personal?,,"El desdibujamiento de los límites profesionales y personales está impulsado fundamentalmente por el smartphone y la cultura de 'conectividad constante' que fomenta. Históricamente, el trayecto al trabajo servía como una transición física y mental, señalando el final de la jornada laboral. Hoy en día, la oficina se lleva en el bolsillo. 

La expectativa, a menudo tácita, es que debido a que se *puede* contactar a un empleado 24/7 a través de correo electrónico o aplicaciones de mensajería, *debe* responder. Esto conduce a la erosión del tiempo personal 'sagrado', ya que una cena familiar o una salida de fin de semana pueden ser interrumpidas instantáneamente por una emergencia laboral o incluso una simple solicitud. Esta conectividad constante significa que, en lugar de lograr un 'equilibrio entre el trabajo y la vida personal', las personas a menudo se encuentran atrapadas en un estado de 'integración entre el trabajo y la vida personal', donde las tareas de cualquiera de las esferas se inmiscuyen de manera impredecible en la otra. El costo psicológico es significativo, ya que el cerebro nunca llega a desconectarse y recuperarse de la carga cognitiva del lugar de trabajo, lo que lleva a un aumento del agotamiento y la ansiedad."
Explica la función principal de la clorofila en las plantas.,,"La clorofila es esencial para la fotosíntesis. Absorbe energía luminosa, principalmente en las partes roja y azul del espectro de luz, que la planta utiliza luego para convertir el agua y el dióxido de carbono en glucosa (azúcar) y oxígeno."
Generar una lista de equipaje para un viaje de mochilero de verano de 7 días en el Pacífico Noroeste.,,"**Ropa:**
1. Chaqueta impermeable (impermeable/transpirable)
2. Botas de senderismo (domadas)
3. 3 pares de calcetines que absorben la humedad
4. Capas base (camiseta/pantalón térmico)
5. Sombrero para el sol

**Equipo:**
6. Tienda de campaña ligera
7. Saco de dormir (clasificado 30-40°F)
8. Estufa de cocina y combustible
9. Filtro de agua/pastillas purificadoras
10. Contenedor a prueba de osos o almacenamiento de alimentos aprobado

**Seguridad/Navegación:**
11. Linterna frontal y pilas de repuesto
12. Mapa y brújula (o dispositivo GPS)
13. Botiquín de primeros auxilios"
Describe la ruta principal y la importancia histórica de la Ruta de la Seda.,,"La Ruta de la Seda no fue una carretera única, sino una vasta red de rutas comerciales interconectadas que conectaban principalmente Asia Oriental (a partir de Chang'an en China) con el mar Mediterráneo y partes de Europa. Históricamente, su importancia se extendió mucho más allá del comercio de artículos de lujo como la seda y las especias; fue el conducto esencial para el intercambio de innovaciones tecnológicas (como el papel y la imprenta), prácticas culturales y religiones importantes (como el budismo y el islam) entre las civilizaciones asiáticas, persas, árabes y europeas a partir del siglo II a. C."
¿Cuál es la bebida superior: café o té?,,"Tanto el café como el té tienen una importancia global masiva y ofrecen beneficios distintos. El café a menudo es preferido por su mayor golpe de cafeína y sus complejos rituales de preparación (espresso, vertido lento). El té, por otro lado, cuenta con una mayor variedad de sabores, profundidad histórica y a menudo proporciona una liberación de energía más suave y sostenida. La elección 'superior' depende enteramente del efecto deseado por el bebedor, su perfil de sabor y el contexto cultural. Hay espacio para ambas bebidas fantásticas en una dieta equilibrada."
"Nombra a los tres principales dioses griegos masculinos que eran hermanos y dividieron el cosmos, y especifica qué dominio controlaba cada uno.",,"Los tres principales dioses hermanos que dividieron el cosmos después de derrocar a los Titanes fueron Zeus, quien controlaba el cielo y era rey de los dioses; Poseidón, quien controlaba el mar; y Hades, quien gobernaba el Inframundo."
¿Para qué evento principal fue construida originalmente la Torre Eiffel?,,La Torre Eiffel fue construida como arco de entrada para la Exposición Universal de 1889 (Feria Mundial) celebrada en París.
Explica el horizonte de sucesos de un agujero negro.,,"El horizonte de sucesos es el límite que rodea un agujero negro desde el cual nada, ni siquiera la luz, puede escapar. A menudo se le conoce como el 'punto de no retorno'. No es una superficie física, sino más bien un límite en el espacio-tiempo definido por la gravedad. Marca la distancia de la singularidad donde la velocidad de escape excede la velocidad de la luz. Una vez que un objeto cruza el horizonte de sucesos, debe caer inevitablemente hacia la singularidad en el centro del agujero negro debido a la atracción gravitacional extrema. Matemáticamente, el radio del horizonte de sucesos para un agujero negro que no gira se conoce como el radio de Schwarzschild, y su tamaño es directamente proporcional a la masa del agujero negro."
Esquematizar los pasos esenciales requeridos para la iniciación y planificación de proyectos para un esfuerzo de desarrollo de software de escala mediana a grande.,,"La iniciación del proyecto implica varias fases cruciales diseñadas para definir el alcance y asegurar los recursos necesarios antes de que comience el desarrollo. Estos pasos transforman la idea en un plan de proyecto formal y accionable. 

1. **Definir Alcance y Objetivos:** Documentar claramente el 'Por qué' y el 'Qué' del proyecto. Esto incluye identificar requisitos funcionales de alto nivel, definir métricas clave de éxito (KPIs) e identificar a todos los stakeholders necesarios.

2. **Estudio de Viabilidad y Presupuesto:** Determinar si el proyecto es viable técnica, económica y operativamente. Asegurar el presupuesto necesario, asignar fondos para recursos (licencias, infraestructura en la nube, personal) y establecer medidas de control de costos.

3. **Formación del Equipo y Roles:** Asignar al Gerente de Proyecto y a los miembros centrales del equipo (Arquitectos, Líderes, etc.). Definir roles y responsabilidades específicos y establecer la estructura de comunicación y la cadencia de reuniones.

4. **Evaluación de Riesgos y Planificación de Mitigación:** Identificar posibles obstáculos internos y externos (por ejemplo, deuda técnica, restricciones de recursos, dependencias de sistemas externos). Desarrollar planes de contingencia para riesgos de alta prioridad.

5. **Desarrollar el Acta de Constitución del Proyecto (Project Charter):** Formalizar toda la documentación inicial (alcance, objetivos, stakeholders, presupuesto) en un único documento aprobado que autorice oficialmente al proyecto a proceder a las fases detalladas de planificación y ejecución."
¿Quién descubrió la penicilina y cuándo?,,"La penicilina fue descubierta por el médico escocés Alexander Fleming en 1928 en el Hospital St Mary's de Londres. Notó que un moho, *Penicillium notatum*, había contaminado accidentalmente una placa de cultivo de bacterias *Staphylococcus*, y el moho estaba inhibiendo activamente el crecimiento de las bacterias. Si bien Fleming inicialmente tuvo dificultades para aislar y estabilizar el compuesto para la producción en masa, su importancia clínica fue posteriormente establecida y desarrollada hasta convertirse en un medicamento que salvó vidas por Howard Florey y Ernst Chain durante la década de 1940, lo que llevó al Premio Nobel para los tres hombres en 1945."
Enumere las tres aplicaciones de software más esenciales para un diseñador gráfico independiente que recién comienza.,,"Un diseñador gráfico independiente debe priorizar estas tres aplicaciones:
1. Adobe Photoshop (para edición de ráster y manipulación de fotos).
2. Adobe Illustrator (para gráficos vectoriales y diseño de logotipos).
3. Adobe InDesign (para maquetación, folletos y preparación de impresión)."
¿Cuáles son las cinco etapas principales del Ciclo de Vida de Desarrollo de Software (SDLC) tradicional?,,"1. Recolección y Análisis de Requisitos
2. Diseño del Sistema
3. Implementación y Codificación
4. Pruebas e Integración
5. Despliegue y Mantenimiento"
"Clasifica las siguientes ubicaciones por su continente: Asuán, Islas Galápagos, Sídney.",,Asuán está en África. Las Islas Galápagos están en Sudamérica. Sídney está en Oceanía.
Defina la 'cultura de la cancelación' y explique los principales argumentos a favor y en contra de su presencia en la sociedad moderna.,,"La cultura de la cancelación es un fenómeno sociológico contemporáneo que se refiere a la retirada masiva de apoyo, tanto social como financiero, de figuras públicas u organizaciones después de que estas hayan incurrido en comportamientos o realizado declaraciones consideradas ofensivas, controvertidas o perjudiciales. Esta retirada de apoyo a menudo se manifiesta a través de la vergüenza en línea (shaming), boicots y demandas de repercusiones profesionales, típicamente iniciadas en plataformas de redes sociales.

Los defensores de la cultura de la cancelación argumentan que es una herramienta necesaria para la rendición de cuentas democrática. En un entorno mediático descentralizado, otorga poder a los individuos comunes—especialmente a las comunidades marginadas—para responsabilizar a entidades poderosas (celebridades, políticos, corporaciones) por abusos sistémicos, racismo, sexismo o daños históricos que las instituciones tradicionales (como los sistemas legales o los departamentos de RR.HH.) a menudo no abordan. Desde esta perspectiva, 'cancelar' es una forma de aplicación moral colectiva que obliga a un ajuste de cuentas con el discurso o comportamiento perjudicial, lo que lleva a un cambio social significativo.

Los opositores, sin embargo, ven la cultura de la cancelación como una forma de justicia de la multitud (mob justice) no liberal que socava el debido proceso y la libertad de expresión. Las críticas se centran en varios puntos: Primero, las penas a menudo son desproporcionadas a la ofensa, lo que lleva a la ruina profesional por declaraciones aisladas o contextualmente ambiguas. Segundo, fomenta una cultura del miedo donde los individuos dudan en expresar opiniones matizadas o participar en un debate honesto por temor al acoso dirigido. Tercero, el proceso a menudo carece de rendición de cuentas, basándose en juicios rápidos y emocionales impulsados por la amplificación algorítmica en lugar de la investigación fáctica, lo que a veces conduce a la persecución de individuos inocentes o al reciclaje de acusaciones antiguas y no verificadas."
"Defina y diferencie las siguientes infracciones comunes de las reglas del baloncesto: Pasos (Traveling), Carga (Charging) y Falta Técnica.",,"Comprender las reglas del baloncesto requiere saber la diferencia entre una falta (contacto) y una violación (errores de procedimiento). La **Violación de Pasos (Traveling)** es una violación común, que ocurre cuando un jugador mueve ilegalmente su pie de pivote mientras tiene la posesión del balón, o da demasiados pasos sin botar. Es una infracción sin contacto, y la penalización resulta en una pérdida de balón. La **Carga (Charging)** se clasifica como una falta personal ofensiva; ocurre cuando el jugador que bota o lanza inicia un contacto ilegal con un defensor estacionario que ha establecido una posición legal de defensa. Este contacto resulta en tiros libres o posesión, dependiendo de la situación. Finalmente, una **Falta Técnica** es distinta porque generalmente no implica contacto directo relacionado con el juego activo, sino más bien conducta antideportiva, discutir con un árbitro o errores de procedimiento como excesos de tiempo muerto. Las faltas técnicas generalmente se sancionan con tiros libres y posesión continua para el equipo contrario."
"¿Cuál es el río generalmente reconocido como el más largo del mundo, y aproximadamente cuál es su longitud?",,"El río Amazonas es ampliamente considerado el más largo del mundo, midiendo aproximadamente 6,992 kilómetros (4,345 millas)."
¿Cuál es la diferencia crítica entre los superconductores de Tipo I y Tipo II con respecto a los campos magnéticos?,"La superconductividad es un conjunto de propiedades físicas observadas en ciertos materiales donde la resistencia eléctrica desaparece y los campos de flujo magnético son expulsados del material cuando este se enfría por debajo de una temperatura crítica característica. El fenómeno del diamagnetismo perfecto se conoce como el efecto Meissner. Los superconductores se clasifican generalmente en dos categorías: Tipo I y Tipo II. Los superconductores de Tipo I, típicamente metales puros, pierden abruptamente la superconductividad por encima de un único campo magnético crítico (Hc). En contraste, los superconductores de Tipo II (a menudo aleaciones o compuestos cerámicos) exhiben dos campos críticos, Hc1 y Hc2. Entre estos dos campos, el flujo magnético puede penetrar parcialmente el material en forma de vórtices cuantizados, lo que significa que no expulsan completamente el campo hasta que se alcanza Hc2.","Los superconductores de Tipo I pierden abruptamente la superconductividad por encima de un único campo magnético crítico (Hc), mientras que los superconductores de Tipo II exhiben dos campos críticos (Hc1 y Hc2), lo que permite que el flujo magnético penetre parcialmente el material en forma de vórtices cuantizados entre esos campos."
¿Cuál es la mejor manera de arreglar un grifo de cocina que gotea?,,"Primero, localice las válvulas de cierre debajo del fregadero y cierre el suministro de agua por completo. Determine el tipo de grifo (por ejemplo, de compresión, de cartucho o de bola) ya que el proceso de reparación difiere. Para los tipos más comunes, retire la tapa decorativa y la manija para exponer el vástago del grifo. Usando una llave inglesa o una herramienta especializada, retire el vástago y revise la arandela o las juntas tóricas. Estos componentes de goma suelen ser la causa del goteo. Reemplace la pieza desgastada con un nuevo componente a juego, lubrique las roscas y vuelva a montar el grifo. Vuelva a abrir el agua lentamente para probar la reparación."
"Clasifica los siguientes campos académicos en dos categorías: Humanidades y Artes o Ciencias Naturales: Astronomía, Escultura, Lingüística, Química Orgánica y Filosofía.",,"Las Ciencias Naturales incluyen Astronomía y Química Orgánica. Las Humanidades y Artes incluyen Escultura, Lingüística y Filosofía."
Cree una línea de tiempo cronológica de los hitos comerciales clave de Netflix mencionados en el texto. Comience cada entrada con el año y utilice frases breves y descriptivas.,"Netflix fue fundado en 1997 por Reed Hastings y Marc Randolph en Scotts Valley, California. Inicialmente, operaba como un servicio de alquiler de DVD por correo. En 1999, introdujeron el concepto de suscripción mensual, eliminando los recargos por mora. La compañía salió a bolsa el 29 de mayo de 2002. Un punto de inflexión importante ocurrió en 2007 con la introducción de los medios de transmisión (streaming). La producción de contenido original comenzó en 2013 con el lanzamiento de 'House of Cards'. Para 2016, habían expandido el servicio global a 130 nuevos países, cambiando fundamentalmente su modelo de negocio.","1997: Fundado como un servicio de alquiler de DVD por correo.
1999: Introdujo el concepto de suscripción mensual.
2002: Salió a bolsa (OPI).
2007: Introdujo servicios de transmisión (streaming).
2013: Comenzó la producción de contenido original.
2016: Expandió el servicio global a 130 nuevos países."
"¿Cuál es el pico de montaña más alto de África, y en qué país se encuentra?",,"Monte Kilimanjaro, ubicado en Tanzania."
Crear una lista de empaque exhaustiva para un viaje de campamento en solitario de cuatro días en las Montañas Rocosas a finales de septiembre. Concentrarse en la preparación para clima frío y el equipo esencial.,,"## Lista de Campamento en Solitario de Cuatro Días en las Montañas Rocosas (Finales de Septiembre)

### I. Refugio y Descanso
- Tienda de 4 estaciones
- Saco de dormir (clasificado para 0°F / -18°C)
- Colchoneta aislante
- Lona de suelo/Base protectora
- Almohada inflable pequeña

### II. Ropa (Sistema de capas)
- **Capa Base:** 2 conjuntos de ropa interior larga de lana Merino (parte superior e inferior)
- **Capa Media:** Sudadera de lana (fleece), Chaqueta aislante acolchada (de plumón o sintética)
- **Capa Exterior:** Chaqueta y pantalones impermeables/resistentes al viento (capa exterior)
- 4 pares de calcetines de lana para senderismo
- Botas de senderismo impermeables
- Gorro de abrigo/gorra y guantes/manoplas aislantes
- Sombrero para el sol (para el día)

### III. Cocina y Agua
- Hornillo de mochilero portátil y cartucho de combustible (extra)
- Olla para cocinar y utensilios
- 4 días de comidas deshidratadas/liofilizadas + refrigerios de alto contenido calórico
- Filtro de agua o tabletas purificadoras
- 2 x botellas de agua de 1L + depósito de 2L
- Contenedor a prueba de osos (requerido en muchas áreas de las Montañas Rocosas)

### IV. Navegación y Seguridad
- Mapa Topográfico y Brújula
- Linterna frontal (con pilas extra)
- Botiquín de Primeros Auxilios (medicamentos personales + cuidado de ampollas)
- Herramienta multiusos/Cuchillo
- Spray antiosos (fácilmente accesible)
- Silbato
- Iniciador de fuego (cerillas impermeables/encendedor)

### V. Misceláneos
- Protector solar y repelente de insectos
- Gafas de sol
- Artículos de tocador y bolsa WAG/Pala
- Mochila (capacidad de 50L-70L)
- Teléfono y cargador portátil/batería externa"
"¿Cuál de las lunas galileanas de Júpiter tiene la distinción de ser la luna más grande del sistema solar, y qué luna se caracteriza por la actividad geológica más activa?","Las cuatro lunas más grandes de Júpiter se conocen colectivamente como las lunas galileanas: Ío, Europa, Ganímedes y Calisto. Ío es el mundo geológicamente más activo del sistema solar, alardeando de cientos de volcanes alimentados por el calentamiento de las mareas debido a la masiva fuerza gravitatoria de Júpiter. Europa es ligeramente más pequeña que Ío y es de particular interés para los científicos porque una fuerte evidencia sugiere un vasto océano subterráneo de agua líquida bajo su corteza helada, lo que la convierte en un objetivo principal para posibles estudios de habitabilidad. Ganímedes es la luna más grande del sistema solar, incluso más grande que el planeta Mercurio, y es la única luna conocida que tiene su propia magnetosfera. Finalmente, Calisto, la más exterior de las lunas galileanas, tiene la superficie más antigua y con más cráteres, lo que indica muy poca actividad geológica desde su formación.","Ganímedes es la luna más grande del sistema solar, incluso más grande que el planeta Mercurio. Ío se caracteriza por la actividad geológica más activa, ya que contiene cientos de volcanes y se la describe como el mundo geológicamente más activo del sistema solar."
"¿Qué diferencia la estructura de la primera cohorte de las nueve cohortes restantes dentro de una Legión Romana típica, según la descripción proporcionada?","La Legión Romana era la unidad militar básica del antiguo ejército romano, que generalmente constaba de 4.200 a 5.200 soldados. Dentro de la Legión, la cohorte era la principal subdivisión táctica. Por lo general, había diez cohortes en una legión completa. La primera cohorte a menudo tenía doble fuerza, contenía cinco centurias de 160 hombres cada una y albergaba a los soldados más veteranos de la legión. Las nueve cohortes restantes estaban compuestas por seis centurias de 80 hombres cada una. Una centuria estaba comandada por un centurión, quien a menudo era asistido por un 'optio', su segundo al mando.","La primera cohorte tenía doble fuerza, compuesta por cinco centurias de 160 hombres cada una, mientras que las nueve cohortes restantes constaban de seis centurias, cada una con 80 hombres."
¿En qué ciudad se encuentra Santa Sofía?,,"Santa Sofía, una antigua iglesia y mezquita históricamente significativa, se encuentra en Estambul, Turquía."
Describe los efectos en una planta de interior amante de la sombra si se la traslada bruscamente a luz solar directa e intensa.,,"Este cambio repentino resulta en una condición llamada quemadura solar o escaldadura de las hojas. Dado que las hojas de la planta están adaptadas a la poca luz (cutículas delgadas, alta densidad de clorofila), no pueden soportar la intensa radiación UV y el calor. En cuestión de horas, la planta experimentará una transpiración excesiva, lo que provocará un rápido marchitamiento. Durante el siguiente día o dos, la clorofila será destruida, lo que resultará en parches blancos, amarillos o marrones (puntos necróticos) en las hojas. Si no se traslada rápidamente de vuelta a la sombra, la planta agotará sus reservas de energía tratando de reparar el daño y podría eventualmente morir o, como mínimo, desprenderse de todo su follaje dañado."
"¿Quién completó y publicó la obra El Silmarillion después de la muerte de J.R.R. Tolkien, y cuándo fue lanzada?",,"El Silmarillion fue compilado y editado por el hijo menor de J.R.R. Tolkien, Christopher Tolkien, utilizando las notas y manuscritos extensos y a menudo contradictorios de su padre. Fue publicado por primera vez póstumamente en 1977 por George Allen & Unwin en el Reino Unido y Houghton Mifflin en los Estados Unidos."
"¿Cuál es un mamífero o reptil: Aligátor, Delfín?",,"El Aligátor es un reptil, el Delfín es un mamífero"
Describe los ingredientes principales y los pasos básicos necesarios para hornear una barra de pan de masa madre estándar.,,"Los ingredientes principales son agua, harina (generalmente una mezcla de harina de uso múltiple o de panadería y trigo integral/centeno), y sal. Sin embargo, el componente crítico es la masa madre activa, un cultivo vivo de levaduras y bacterias silvestres. El proceso básico involucra cuatro etapas principales: 1) Mezclar los ingredientes (a menudo incluyendo un reposo de autolisis); 2) Fermentación en bloque (la fase más larga, que permite que la masa suba); 3) Formar la masa y fermentación en frío (refrigerar la masa en un banneton); y 4) Hornear en una olla holandesa o sobre una piedra de hornear para lograr una corteza crujiente."
"Explique las diferencias clave entre Python y Java, abordando específicamente su entorno de ejecución y sus aplicaciones típicas.",,"Python es un lenguaje interpretado de alto nivel conocido por su legibilidad y rápido desarrollo. Sus aplicaciones principales incluyen la ciencia de datos, el aprendizaje automático, el desarrollo web (backend) y el scripting. Se ejecuta en un entorno interpretado. Java, por el contrario, es un lenguaje compilado que se ejecuta en la Máquina Virtual de Java (JVM), lo que lo hace independiente de la plataforma ('Escribe una vez, ejecuta en cualquier lugar'). Java se utiliza típicamente para sistemas de nivel empresarial, desarrollo de Android y aplicaciones a gran escala donde la velocidad y la estabilidad son críticas. Python generalmente prioriza la velocidad del desarrollador, mientras que Java a menudo prioriza la velocidad de ejecución y la estructura robusta."
"Clasifica los siguientes elementos basándose en su composición química en Elemento, Compuesto o Mezcla: Oro, Agua, Aire, Gravedad, Sal (NaCl), Acero, Luz, Oxígeno (O₂), Ensalada, Escritorio.",,"Las clasificaciones son las siguientes:

**Elementos (Sustancia pura, un solo tipo de átomo):**
*   Oro (Au)
*   Oxígeno (O₂)

**Compuestos (Sustancia pura, dos o más elementos unidos químicamente):**
*   Agua (H₂O)
*   Sal (NaCl)

**Mezclas (Combinación física de sustancias):**
*   Aire (principalmente una mezcla homogénea de nitrógeno, oxígeno y argón)
*   Acero (una mezcla homogénea/aleación de hierro y carbono)
*   Ensalada (una mezcla heterogénea de varias verduras y aderezos)

**Elementos que no pueden clasificarse químicamente:**
*   **Gravedad:** Es una fuerza física fundamental, no una sustancia química.
*   **Luz:** Es radiación electromagnética (energía), no materia con composición química.
*   **Escritorio:** Es un objeto macroscópico, típicamente compuesto de materiales (como madera o metal) que en sí mismos son mezclas o compuestos complejos, pero el objeto en sí mismo no es una clasificación química estándar (Elemento, Compuesto, Mezcla)."
Explicar el concepto de la Fotosíntesis.,,"La fotosíntesis es el proceso utilizado por las plantas, las algas y algunas bacterias para convertir la energía luminosa, generalmente del sol, en energía química (azúcares/glucosa) que puede utilizarse para impulsar las actividades del organismo."
Determinar si Python y Java utilizan tipado estático o dinámico.,,"Java utiliza tipado estático, y Python utiliza tipado dinámico."
"¿Cuál fue la duración de la estancia continua más larga en la superficie lunar durante el programa Apolo, formateada como [Días:Horas:Minutos]?","El programa Apolo completó con éxito seis alunizajes tripulados entre 1969 y 1972. Si bien la mayoría de las misiones implicaron estancias inferiores a 75 horas, el Apolo 17 tiene el récord de la estancia continua más larga. Los astronautas Eugene Cernan y Harrison Schmitt pasaron un total de 75 horas, 0 minutos y 57 segundos explorando el valle Taurus-Littrow.",03:03:00
¿A quién se le atribuye la invención de la World Wide Web?,,Tim Berners-Lee
Explica la Teoría del Big Bang.,"La Teoría del Big Bang es el modelo cosmológico principal que explica cómo comenzó y se desarrolló el universo. Según la teoría, el universo comenzó como un punto extremadamente caliente y denso (singularidad) hace aproximadamente 13.8 mil millones de años. Después de este estado inicial, el universo comenzó a expandirse rápidamente, un proceso conocido como inflación cósmica. A medida que se expandía y enfriaba, se formaron partículas elementales, que eventualmente se combinaron para crear átomos de hidrógeno y helio aproximadamente 380,000 años después del Big Bang. A lo largo de vastos períodos de tiempo, la gravedad hizo que estos átomos iniciales se agruparan, formando las primeras estrellas y galaxias, lo que llevó a la estructura del universo que observamos hoy.","La Teoría del Big Bang es el modelo cosmológico que describe el comienzo del universo como una rápida expansión desde una singularidad increíblemente caliente y densa hace unos 13.8 mil millones de años, lo que condujo a la formación de toda la materia y estructuras cósmicas observadas."
¿Cómo configuro una red de invitados segura y segregada en un Unifi UDM Pro utilizando VLANs y reglas de firewall?,,"Configurar una red de invitados de manera segura y segregada en un Unifi Dream Machine Pro (UDM Pro) implica tres pasos principales: crear la red/VLAN, configurar el SSID de Wi-Fi asociado y aplicar reglas de firewall estrictas para evitar el tráfico entre redes. 

**Paso 1: Crear la Nueva Red y VLAN**
1.  Navegue a 'Settings' (Configuración) > 'Networks' (Redes) en la interfaz del Controlador Unifi.
2.  Haga clic en 'Add New Network' (Añadir Nueva Red).
3.  Asigne un nombre a la red (p. ej., 'Invitados-VLAN20').
4.  Establezca el 'Purpose' (Propósito) en 'Standard' (Estándar). El UDM Pro manejará el DHCP y el enrutamiento para esta red.
5.  Asigne un ID de VLAN dedicado (p. ej., 20). Esto es esencial para etiquetar el tráfico en sus switches y puntos de acceso.
6.  Elija una subred que sea distinta de su red principal (p. ej., 192.168.20.1/24).
7.  En 'Advanced Configuration' (Configuración Avanzada), habilite 'Network Isolation' (Aislamiento de Red). Esto fuerza el aislamiento de los dispositivos cliente *dentro* de la red de invitados, lo que significa que los clientes no pueden comunicarse entre sí.
8.  Guarde la red.

**Paso 2: Configurar la Red Inalámbrica (SSID)**
1.  Vaya a 'Settings' (Configuración) > 'Wi-Fi'.
2.  Haga clic en 'Add New Wi-Fi Network' (Añadir Nueva Red Wi-Fi).
3.  Asigne un nombre al SSID (p. ej., 'Wi-Fi Público Invitados') y establezca una contraseña fuerte y sencilla.
4.  En el menú desplegable 'Network' (Red), vincule este SSID a la red 'Guest-VLAN20' recién creada.
5.  Habilite la casilla de verificación 'Guest Policy' (Política de Invitados). Esto se recomienda ya que activa las funciones de aislamiento de Capa 2 integradas de Unifi y puede proporcionar un portal cautivo simple si es necesario.

**Paso 3: Aplicar Reglas de Firewall (La Segregación Crucial)**
Aunque el 'Network Isolation' (Aislamiento de Red) proporciona segregación interna de clientes, se necesitan reglas de firewall 'LAN In' personalizadas para garantizar que los invitados no puedan acceder a su red local principal (LAN) o a dispositivos de administración.

1.  Navegue a 'Settings' (Configuración) > 'Firewall' > 'Rules' (Reglas).
2.  Seleccione la pestaña 'LAN In'. Esto controla el tráfico que se mueve *desde* una red interna (como la VLAN de invitados) *hacia* su red principal.
3.  **Regla 1: Bloquear Todo Acceso a LAN/Subredes Primarias (Drop)**
    *   **Acción:** Drop (Descartar)
    *   **Descripción:** Bloquear el Acceso de Invitados a la LAN Principal y Subredes Sensibles
    *   **Interfaz/Dirección:** LAN In
    *   **Origen:** 'Type' (Tipo) > 'Network' (Red) > 'Guest-VLAN20' (la red que acaba de crear)
    *   **Destino:** 'Type' (Tipo) > 'Network' (Red) > 'LAN' (su red interna principal, p. ej., 192.168.1.0/24).
    *   *Ubicación:* Asegúrese de que esta regla esté cerca de la parte superior de la lista (antes de cualquier regla de 'Allow Established/Related' - Permitir Establecido/Relacionado) para que se evalúe primero.
4.  **Regla 2: Permitir DNS y DHCP al UDM Pro (Requerido)**
    *   Es posible que necesite reglas explícitas para permitir que los invitados se comuniquen con el propio UDM Pro para servicios necesarios (como consultas DNS y solicitudes DHCP) si la configuración estricta predeterminada los bloquea. Normalmente, las reglas 'Allow Established/Related' se encargan de esto, pero si persisten los problemas, cree una regla de 'Allow' (Permitir) para los puertos 53 (DNS) y 67/68 (DHCP) dirigidas a la IP de puerta de enlace del UDM Pro."
"Basándose en el texto proporcionado sobre ARPANET, ¿qué organizaciones específicas estuvieron involucradas en la financiación o gestión de la red después de su establecimiento?","La Red de la Agencia de Proyectos de Investigación Avanzada (ARPANET) fue una de las primeras redes de conmutación de paquetes y la primera red en implementar el conjunto de protocolos TCP/IP. Ambas tecnologías se convirtieron en la base técnica de Internet. ARPANET fue establecida por la Agencia de Proyectos de Investigación Avanzada (ARPA) del Departamento de Defensa de los Estados Unidos. Inicialmente fue financiada por ARPA y, posteriormente, por la Fundación Nacional de Ciencias (NSF). El primer mensaje, 'LOGIN', fue enviado el 29 de octubre de 1969, desde una computadora en UCLA a otra en el Instituto de Investigación de Stanford (SRI). Sin embargo, el sistema falló después de la 'G'. Para 1975, ARPANET fue declarada operativa y se transfirió su control a la Agencia de Comunicaciones de Defensa (DCA).",La red fue establecida y financiada inicialmente por la Agencia de Proyectos de Investigación Avanzada (ARPA). Posteriormente fue financiada por la Fundación Nacional de Ciencias (NSF). El control fue transferido a la Agencia de Comunicaciones de Defensa (DCA) en 1975.
Explica las diferencias clave entre las redes móviles 4G y 5G.,,"Las distinciones principales entre las redes 4G (LTE) y 5G giran en torno a tres métricas principales: velocidad, latencia y capacidad. 5G ofrece velocidades pico teóricas de hasta 10 Gbps, lo que es drásticamente más rápido que el pico de 4G de alrededor de 100 Mbps (aunque las velocidades reales son menores para ambas). La latencia se reduce significativamente en 5G, cayendo de los típicos 50-100 milisegundos en 4G a potencialmente tan solo 1 milisegundo. Esta latencia ultrabaja es crucial para aplicaciones de misión crítica, como la cirugía remota y los vehículos autónomos. Finalmente, 5G utiliza un rango más amplio de espectro, incluida la onda milimétrica (mmWave), lo que le permite manejar una cantidad mucho mayor de dispositivos conectados simultáneamente (mayor densidad de capacidad), lo cual es esencial para el crecimiento del Internet de las Cosas (IoT)."
¿Cuál es el símbolo químico del oro?,,Au
¿Cuáles son los factores más importantes a considerar al elegir un nuevo trabajo o trayectoria profesional?,,"Elegir un nuevo trabajo o trayectoria profesional requiere equilibrar la realización personal con las necesidades prácticas. Un factor crítico es la Compensación y Beneficios, asegurando que el salario cumpla con sus objetivos financieros y que los beneficios como el seguro médico y los planes de jubilación sean adecuados. Igualmente importante es el Equilibrio entre la Vida Laboral y Personal, que incluye horarios flexibles, horas razonables y tiempo de vacaciones, previniendo el agotamiento y permitiendo actividades personales. Muchas personas priorizan el Interés Personal y el Significado, buscando un rol donde se sientan apasionados por el trabajo en sí y donde sus tareas diarias se alineen con sus valores. Además, considere el Potencial de Crecimiento Profesional; evalúe si el rol ofrece oportunidades de aprendizaje, desarrollo de habilidades y movilidad ascendente dentro de la organización o industria. Finalmente, la Cultura y el Entorno de la Empresa son cruciales, ya que una cultura tóxica o incompatible puede socavar la satisfacción laboral independientemente del salario o título."
¿Cuándo y dónde se desarrolló la imprenta moderna de tipos móviles?,"La imprenta europea, que utilizaba tipos móviles mecánicos, fue desarrollada en el Sacro Imperio Romano Germánico alrededor de 1440 por Johannes Gutenberg, un orfebre alemán de la ciudad de Maguncia. Aunque las primeras formas de impresión con bloques habían estado en uso durante siglos, particularmente en China y Corea, la contribución clave de Gutenberg fue la combinación de varias tecnologías existentes (incluida la prensa de tornillo familiar por la producción de vino y aceite) en un sistema integral.

El sistema de Gutenberg implicó la invención de un proceso para la producción masiva de tipos móviles basados en una aleación de metal, el desarrollo de tintas especializadas y la construcción de una estructura de imprenta de madera. Esta innovación redujo drásticamente el costo de producir libros y documentos en comparación con la copia manual o la impresión con bloques.

La invención marcó el inicio de la Revolución de la Imprenta. Cambió fundamentalmente la forma en que se almacenaba y difundía la información, desempeñando un papel fundamental en el avance del Renacimiento, la Reforma Protestante y la revolución científica. Antes de Gutenberg, una biblioteca universitaria podría albergar solo unos pocos cientos de volúmenes; a los 50 años de su invención, millones de libros impresos estaban en circulación por toda Europa. El producto más icónico de esta era temprana es la Biblia de Gutenberg de 42 líneas, impresa alrededor de 1455.","La imprenta europea, que utilizaba tipos móviles mecánicos, fue desarrollada en el Sacro Imperio Romano Germánico alrededor de 1440 por Johannes Gutenberg, un orfebre alemán de la ciudad de Maguncia. Aunque las primeras formas de impresión con bloques habían estado en uso durante siglos, particularmente en China y Corea, la contribución clave de Gutenberg fue la combinación de varias tecnologías existentes (incluida la prensa de tornillo familiar por la producción de vino y aceite) en un sistema integral.

El sistema de Gutenberg implicó la invención de un proceso para la producción masiva de tipos móviles basados en una aleación de metal, el desarrollo de tintas especializadas y la construcción de una estructura de imprenta de madera. Esta innovación redujo drásticamente el costo de producir libros y documentos en comparación con la copia manual o la impresión con bloques.

La invención marcó el inicio de la Revolución de la Imprenta. Cambió fundamentalmente la forma en que se almacenaba y difundía la información, desempeñando un papel fundamental en el avance del Renacimiento, la Reforma Protestante y la revolución científica. Antes de Gutenberg, una biblioteca universitaria podría albergar solo unos pocos cientos de volúmenes; a los 50 años de su invención, millones de libros impresos estaban en circulación por toda Europa. El producto más icónico de esta era temprana es la Biblia de Gutenberg de 42 líneas, impresa alrededor de 1455."
Enumera cuatro artículos esenciales no alimentarios que alguien debería empacar para un viaje por carretera de varios días a través del país.,,"Una buena lista de verificación debe incluir cables de arranque, un botiquín de primeros auxilios completamente equipado, un juego confiable de cargadores de teléfono/dispositivo y una llanta de repuesto con las herramientas apropiadas (gato/llave)."
"Más allá del alunizaje, ¿cuáles fueron los impactos tecnológicos y sociales más significativos y duraderos de la Carrera Espacial en los Estados Unidos?",,"La Carrera Espacial catalizó un inmenso avance tecnológico más allá de la simple ciencia de los cohetes. La necesidad de componentes fiables, pequeños y ligeros impulsó el desarrollo de la microelectrónica, incluidos los circuitos integrados (chips IC), que son la base de los ordenadores modernos y la electrónica de consumo. Además, estimuló el crecimiento de las comunicaciones por satélite modernas, el GPS y la monitorización meteorológica. En la esfera social, el lanzamiento del Sputnik conmocionó a EE. UU., lo que llevó a la creación de la NASA y a una inversión federal masiva en educación científica y de ingeniería a través de la Ley de Educación para la Defensa Nacional (NDEA) de 1958. Este cambio estableció el énfasis fundamental en los campos STEM en los planes de estudio estadounidenses que persiste hoy en día. Las tecnologías desarrolladas originalmente para la monitorización de astronautas también contribuyeron significativamente a las imágenes médicas y a la ciencia de materiales avanzados, como el Teflón y la espuma con memoria."
¿Cuáles son las estadísticas numéricas clave que describen el tamaño físico y la composición de la Gran Barrera de Coral?,"La Gran Barrera de Coral es el sistema de arrecifes de coral más grande del mundo, compuesto por más de 2,900 arrecifes individuales y 900 islas que se extienden a lo largo de más de 2,300 kilómetros (1,400 millas) sobre un área de aproximadamente 344,400 kilómetros cuadrados (133,000 millas cuadradas). El arrecife está ubicado en el Mar del Coral, frente a la costa de Queensland, Australia. Fue designado Patrimonio de la Humanidad por la UNESCO en 1981 y es visible desde el espacio exterior.","Compuesto por más de 2,900 arrecifes individuales y 900 islas; se extiende a lo largo de más de 2,300 kilómetros; cubre un área de aproximadamente 344,400 kilómetros cuadrados."
Explicar el concepto de 'polimorfismo' en la programación orientada a objetos.,,"El polimorfismo, que significa 'muchas formas', es un principio que permite que los objetos adquieran múltiples formas o respondan a la misma llamada a método de diferentes maneras. Esto se logra típicamente mediante la anulación de métodos (cuando una subclase proporciona una implementación específica de un método que ya está definido en su clase principal) o la sobrecarga de métodos (cuando varios métodos en la misma clase tienen el mismo nombre pero diferentes parámetros). El polimorfismo es crucial para construir código flexible y reutilizable, ya que permite que una única interfaz maneje diversos tipos de datos."
Explique la diferencia fundamental entre los roles de Scrum Master y Product Owner en un marco de trabajo Ágil.,,"El Scrum Master y el Product Owner son roles distintos, aunque altamente colaborativos, cruciales para un equipo Scrum exitoso. El **Product Owner (PO)** es el principal responsable de *qué* construye el equipo. Se enfoca hacia afuera, actuando como la voz del cliente y de los stakeholders. Sus deberes incluyen maximizar el valor del producto, gestionar el Product Backlog, definir los criterios de aceptación y ordenar los elementos en el backlog basándose en la prioridad del negocio. En contraste, el **Scrum Master (SM)** es responsable de *cómo* lo construye el equipo. El SM es un líder servicial (servant-leader) que guía al equipo en las prácticas de Scrum, ayuda a eliminar los impedimentos que retrasan al equipo, facilita las reuniones y garantiza un entorno productivo donde el equipo pueda entregar incrementos de manera eficiente. Mientras que el PO se centra en el producto y el valor, el SM se centra en el proceso y el rendimiento del equipo."
"¿Cuál es la velocidad aproximada de la luz en metros por segundo, según el texto proporcionado?","La velocidad de la luz en el vacío es de aproximadamente 299.792.458 metros por segundo (186.282 millas por segundo). En contraste, la velocidad del sonido es mucho más lenta, viajando a solo unos 343 metros por segundo (767 millas por hora) bajo condiciones normales a nivel del mar.",La velocidad aproximada de la luz en el vacío es de 299.792.458 metros por segundo.
¿Cuál es la función principal del hipocampo en el cerebro humano?,,"El hipocampo, un componente principal del cerebro humano, está asociado principalmente con la memoria, específicamente con la formación de nuevas memorias a largo plazo y la navegación espacial. Desempeña un papel crucial en la consolidación de información de la memoria a corto plazo en el almacenamiento permanente."
Enumere los primeros cinco Presidentes de los Estados Unidos y sus años de mandato.,,"1. George Washington (1789–1797)
2. John Adams (1797–1801)
3. Thomas Jefferson (1801–1809)
4. James Madison (1809–1817)
5. James Monroe (1817–1825)"
¿Cuáles son las clasificaciones primarias de las fuentes de energía renovable y qué las distingue?,,"Las fuentes de energía renovable se clasifican generalmente según su origen y la tecnología utilizada para aprovecharlas. Los cinco tipos más comunes son:

1.  **Energía Solar:** Aprovechamiento de la luz y el calor del sol. Se clasifica en Fotovoltaica (FV), que convierte la luz solar directamente en electricidad mediante paneles, y Termosolar, que utiliza el calor del sol para crear vapor y hacer funcionar turbinas.
2.  **Energía Eólica:** Conversión de la energía cinética del viento en energía eléctrica mediante turbinas. Se subdivide en Terrestre (parques eólicos en tierra) y Marina (parques eólicos en el mar, que suelen ser más grandes y eficientes debido a vientos más fuertes y constantes).
3.  **Energía Hidroeléctrica (Hidráulica):** Utilización de la energía del agua en movimiento, típicamente mediante la construcción de presas o barreras para crear embalses. Las clasificaciones incluyen sistemas convencionales de presas a gran escala y sistemas de pasada (o de flujo), que desvían una porción del flujo del río sin necesidad de un gran embalse.
4.  **Energía Geotérmica:** Aprovechamiento del calor almacenado bajo la superficie de la Tierra. Es fiable y continua, pero está geográficamente restringida, utilizándose principalmente en áreas con actividad volcánica o alto flujo de calor cerca de la corteza.
5.  **Energía de Biomasa:** Derivada de materia orgánica, como madera, residuos agrícolas o residuos sólidos urbanos, que se quema para generar calor o se convierte en biocombustibles líquidos (etanol, biodiésel).

Una distinción crucial entre estas fuentes es la **intermitencia**. La solar y la eólica son altamente intermitentes (solo producen energía cuando brilla el sol o sopla el viento), mientras que la hidroeléctrica (con embalses) y la geotérmica se consideran generalmente **gestionables** (o despachables)—lo que significa que pueden suministrar energía de manera fiable bajo demanda."
¿Cuál es la función principal de la CPU en una computadora?,,Ejecutar instrucciones y procesar datos
Resuma las razones clave del colapso de la República Romana.,,"El colapso fue impulsado principalmente por la desigualdad de tierras (latifundios), la profesionalización del ejército que desvió la lealtad del estado a generales individuales (reformas de Mario), el aumento de la corrupción y el surgimiento de líderes militares poderosos y ambiciosos (p. ej., Sila, César y Pompeyo) que se involucraron continuamente en guerras civiles."
Resume los principales argumentos presentados en el Segundo Tratado sobre el Gobierno Civil de John Locke.,,"Locke argumenta a favor de los derechos naturales (vida, libertad y propiedad), el concepto de gobierno por consentimiento de los gobernados y la necesidad de separar los poderes. Justifica el derecho a la revolución si el gobierno no protege estos derechos naturales o actúa tiránicamente."
¿Qué muestra es la más resistente a las bajas temperaturas y cuál es su límite de temperatura específico?,"El equipo de estudio recolectó tres muestras biológicas primarias de Kepler-186f. La Muestra Alfa prospera en temperaturas de hasta 55°C, pero pereció inmediatamente al exponerse a la luz solar. La Muestra Beta, una estructura fúngica compleja, tolera temperaturas bajo cero de hasta -10°C, lo que la convierte en el organismo más resistente al frío descubierto hasta ahora. La Muestra Gamma, una cianobacteria unicelular, se encontró activa a 30°C.","La Muestra Beta, que tolera temperaturas bajo cero de hasta -10°C."
¿Cuál fue el propósito principal de la Gran Muralla China?,,"El propósito principal de la Gran Muralla China era proporcionar control fronterizo, protegiendo a los estados e imperios chinos contra las incursiones e invasiones de varios grupos nómadas de la estepa euroasiática, especialmente los Xiongnu. Aunque a menudo se la considera una barrera única y continua, también sirvió para regular el comercio, monitorear la inmigración y recaudar impuestos sobre las mercancías transportadas. Las secciones más reconocibles de la Muralla datan principalmente de la Dinastía Ming (1368–1644)."
Explique las razones fundamentales por las cuales el desarrollo y la estandarización de TCP/IP revolucionaron la comunicación y la tecnología modernas.,,"El conjunto de protocolos TCP/IP (Protocolo de Control de Transmisión/Protocolo de Internet) revolucionó la comunicación principalmente porque proporcionó un marco sólido y estandarizado para conectar redes dispares. Las razones clave incluyen:

1. **Conmutación de Paquetes y Descentralización:** TCP/IP divide los datos en pequeños paquetes, enrutándolos de forma independiente a través de la red. Esta arquitectura elimina los puntos únicos de falla, haciendo que la red sea inherentemente resistente y robusta contra interrupciones.
2. **Interoperabilidad y Estandarización:** Al establecer estándares universales y no propietarios, TCP/IP permitió que cualquier sistema informático —independientemente del hardware, software o sistema operativo— se comunicara sin problemas. Este concepto de 'red de redes' fue crucial para la escalabilidad global.
3. **Escalabilidad:** El sistema de direccionamiento jerárquico (direcciones IP) permitió que la red creciera exponencialmente sin requerir una revisión arquitectónica inmediata, posibilitando la transición de redes académicas de nicho a la Internet global.
4. **Apilamiento de Protocolos y Modularidad:** La arquitectura está en capas, lo que permite a los desarrolladores crear nuevas aplicaciones y servicios (como HTTP, SMTP o FTP) sobre la capa de transporte establecida sin necesidad de reinventar la estructura de conectividad subyacente.
5. **Apertura y Accesibilidad:** A diferencia de los sistemas de redes propietarios predominantes en la década de 1980, TCP/IP se desarrolló y promovió como un estándar abierto, acelerando drásticamente su adopción en todo el mundo y fomentando la innovación generalizada."
¿Cuál es generalmente considerado el río más largo del mundo?,,"El río Amazonas, ubicado principalmente en América del Sur."
Identificar el año y el costo de la adquisición de Skype por parte de Microsoft.,"Microsoft, fundada en 1975 por Bill Gates y Paul Allen, adquirió la famosa LinkedIn en 2016 por $26.2 mil millones. Sin embargo, esa adquisición fue menor que la posterior compra de Activision Blizzard, que se finalizó en octubre de 2023, con un costo de $68.7 mil millones. Anteriormente, en 2011, Microsoft adquirió Skype por $8.5 mil millones. También compraron GitHub en 2018 por $7.5 mil millones.",Microsoft adquirió Skype en 2011 por $8.5 mil millones.
"Diseñar un breve itinerario para un visitante que pasa 48 horas en Londres por primera vez, centrándose principalmente en los principales hitos históricos y la realeza.",,"Este itinerario de 48 horas prioriza los sitios históricos icónicos accesibles a través del Tube (Metro de Londres):

**Día 1: Historia Real y Poder Medieval**

*   **Mañana (9:00 AM):** Visite la **Torre de Londres**. Permita 3–4 horas para ver las Joyas de la Corona, la Torre Blanca y escuchar el recorrido del Yeoman Warder. Esto proporciona una visión profunda de siglos de realeza y agitación británica.
*   **Almuerzo (1:00 PM):** Almuerce cerca del área de la Torre o del Borough Market (si el tiempo permite un desvío rápido).
*   **Tarde (2:30 PM):** Cruce el **Tower Bridge** (considere la Experiencia Tower Bridge para conocer su historia interna) y luego tome el Tube (Línea District/Circle) hacia Westminster.
*   **Noche (5:00 PM en adelante):** Explore la zona alrededor de las **Casas del Parlamento** y el **Big Ben** (actualmente en restauración, pero aún visible). Termine el día con una cena tradicional en un pub cerca de Trafalgar Square.

**Día 2: Gobierno, Ceremonia y Guerra**

*   **Mañana (9:00 AM):** Visite la **Abadía de Westminster**. Este es el sitio de coronaciones y entierros reales. Permita 2 horas.
*   **Media Mañana (11:00 AM):** Diríjase al **Palacio de Buckingham**. Consulte el horario de antemano para la **ceremonia del Cambio de Guardia** (generalmente a las 10:45 o 11:00 AM, dependiendo del día).
*   **Almuerzo (1:00 PM):** Almuerce cerca de St. James's Park o Green Park.
*   **Tarde (2:30 PM):** Sumérjase en la historia de la Segunda Guerra Mundial en las **Churchill War Rooms**. Este búnker subterráneo ofrece una visión fascinante del gobierno del Reino Unido durante la guerra.
*   **Noche:** Si el tiempo lo permite antes de la partida, una visita final al **British Museum** (centrándose en la Piedra Rosetta y artefactos egipcios) ofrece una perspectiva histórica final."
"Basándose en el texto proporcionado sobre el Telescopio Espacial Hubble, ¿en qué año fue lanzado y cuál es el diámetro de su espejo principal?","El Telescopio Espacial Hubble (HST) fue lanzado a órbita baja terrestre en 1990 y permanece en funcionamiento. No fue el primer telescopio espacial, pero es uno de los más grandes y versátiles, reconocido tanto como una herramienta de investigación vital como un beneficio de relaciones públicas para la astronomía. El HST lleva el nombre del astrónomo Edwin Hubble. Está alimentado por dos conjuntos solares principales, y su espejo principal tiene 2.4 metros (7.9 pies) de diámetro. A diferencia de muchos satélites, el HST fue diseñado para ser reparado en el espacio, lo que ha ocurrido cinco veces entre 1993 y 2009.","El Telescopio Espacial Hubble fue lanzado en 1990, y su espejo principal tiene 2.4 metros (7.9 pies) de diámetro."
Explica la diferencia entre la Gran Mancha Roja de Júpiter y la Gran Mancha Oscura descubierta en Neptuno.,,"La Gran Mancha Roja (GRS) de Júpiter es una tormenta anticiclónica persistente de alta presión que se ha observado durante cientos de años y es más grande que la Tierra. Su color rojizo probablemente se debe a moléculas orgánicas complejas que se mezclan en la atmósfera. Por el contrario, la Gran Mancha Oscura (GDS) de Neptuno fue una serie de vórtices profundos observados por primera vez por la Voyager 2. A diferencia de la GRS, la GDS es una característica de vida relativamente corta, se cree que es un área de baja presión, y las observaciones posteriores del Hubble han demostrado que estas manchas oscuras desaparecen y se forman nuevas con regularidad."
Enumera cinco novelas esenciales de la época victoriana que debería leer para una introducción a la literatura inglesa del siglo XIX.,,"Aquí tienes cinco novelas victorianas esenciales adecuadas para un curso introductorio: 1. *Jane Eyre* de Charlotte Brontë (1847), 2. *Grandes esperanzas* de Charles Dickens (1861), 3. *Middlemarch* de George Eliot (1872), 4. *Cumbres borrascosas* de Emily Brontë (1847), y 5. *Tess de los d'Urberville* de Thomas Hardy (1891)."
Explicar el proceso básico de la fotosíntesis.,,"La fotosíntesis es el proceso utilizado por plantas, algas y ciertas bacterias para convertir la energía luminosa, típicamente del Sol, en energía química (glucosa) que alimenta las actividades del organismo. Este complejo proceso biológico requiere tres ingredientes principales: dióxido de carbono (CO2) absorbido del aire, agua (H2O) absorbida a través de las raíces y luz solar absorbida por la clorofila dentro de los cloroplastos de las células vegetales. La reacción ocurre en dos etapas principales: las reacciones dependientes de la luz (que capturan energía) y las reacciones independientes de la luz (el ciclo de Calvin, que fija carbono). El subproducto de la fotosíntesis es el oxígeno (O2), que se libera de nuevo a la atmósfera y es esencial para la respiración aeróbica en la mayoría de las otras formas de vida. La ecuación química simplificada que se utiliza a menudo para describir esta conversión es: 6CO2 + 6H2O + Energía Lumínica → C6H12O6 (Glucosa) + 6O2."
"Según el texto proporcionado, ¿quién inventó la World Wide Web y en qué año la concibió?","La World Wide Web (WWW), comúnmente conocida como la Web, es un sistema de información donde los documentos y otros recursos web se identifican mediante Localizadores Uniformes de Recursos (URLs), que pueden estar interconectados por hipertexto y son accesibles a través de Internet. La Web fue inventada por el científico informático inglés Tim Berners-Lee mientras trabajaba en el CERN en 1989. Inicialmente, fue concebida como un método para el intercambio automatizado de información entre científicos. La primera dirección web, http://info.cern.ch, se activó el 6 de agosto de 1991. Sin embargo, el software (el primer navegador web y editor, llamado WorldWideWeb) se lanzó a una comunidad de investigación más amplia antes, en diciembre de 1990.",La Web fue inventada por el científico informático inglés Tim Berners-Lee en 1989.
¿Cuál es la esperanza de vida típica de las mascotas domésticas comunes?,,"La esperanza de vida varía significativamente según la especie y la raza. Generalmente, los gatos viven entre 12 y 18 años, aunque algunos alcanzan más de 20. Los perros tienen un rango más amplio, típicamente de 10 a 13 años, y las razas pequeñas a menudo viven más que las razas grandes. Las mascotas enjauladas más pequeñas como hámsteres y jerbos generalmente viven solo de 2 a 4 años, mientras que las aves exóticas como las guacamayas pueden vivir de 50 a 100 años."
"Un desarrollador junior escribió la siguiente función de Python para calcular la moda de una lista de números: `def calculate_mode(data): counts = {}; for item in data: counts[item] = counts.get(item, 0) + 1; max_count = 0; mode = None; for key, count in counts.items(): if count > max_count: max_count = count; mode = key; return mode`. Esta función falla cuando la lista de entrada es `[1, 2, 3]` (devuelve 1, pero idealmente debería indicar que no hay una moda única). También falla para `[1, 1, 2, 2, 3]` (solo devuelve 1). Analice el código, indique el principal defecto lógico y proporcione una función corregida que devuelva de manera robusta una lista de todas las modas.",,"El principal defecto lógico es doble: 1) La función solo rastrea una única variable de 'moda', lo que significa que no puede manejar conjuntos de datos multimodales (como `[1, 1, 2, 2, 3]`). 2) Devuelve el resultado prematuramente después del primer bucle, dentro de la definición de la función, lo que impide el análisis completo del diccionario de recuentos. (Nota: El fragmento de código proporcionado coloca `return mode` fuera del bucle `for` final, lo que significa que el problema lógico es principalmente la incapacidad de manejar empates, no la ubicación de la declaración de retorno, asumiendo que la sangría en el fragmento original era implícitamente correcta para salir de la función).

El enfoque corregido implica primero encontrar la frecuencia máxima y luego recopilar todos los elementos que alcanzan esa frecuencia.

Aquí está la función de Python corregida utilizando el módulo `collections.Counter` para una mayor eficiencia y robustez:

python
from collections import Counter

def calculate_mode_corrected(data):
    if not data:
        return []
    
    counts = Counter(data)
    max_count = max(counts.values())
    
    modes = [key for key, count in counts.items() if count == max_count]
    
    # Comprobación opcional: Si max_count es 1 y la longitud > 1, convencionalmente no hay moda 
    # (o todos los elementos son la moda dependiendo de la definición), pero devolver la lista 
    # de elementos de frecuencia máxima (modas) es la interpretación estadística más estándar.
    return modes
"
¿Cómo debo estructurar un correo electrónico de negocios estándar para asegurar claridad y profesionalismo?,,"Un correo electrónico de negocios profesional debe seguir generalmente seis componentes clave: (1) **La Línea de Asunto:** Debe ser concisa y declarar claramente el propósito del correo electrónico. (2) **Saludo:** Use un saludo profesional (p. ej., 'Estimado/a [Nombre]'). (3) **La Apertura:** Indique la razón principal del correo inmediatamente para respetar el tiempo del destinatario. (4) **El Cuerpo:** Use párrafos cortos o viñetas para transmitir detalles, datos o contexto. (5) **El Cierre:** Incluya una clara llamada a la acción (si es necesario) o resuma los próximos pasos esperados. (6) **La Despedida:** Concluya con una frase de cierre profesional (p. ej., 'Atentamente,' o 'Saludos cordiales,') seguido de su nombre e información de contacto."
Analiza la siguiente función de Python y determina su complejidad temporal. Sugiere una forma de mejorar el rendimiento si es necesario.,"def find_duplicates(data_list):
    duplicates = []
    n = len(data_list)
    for i in range(n):
        for j in range(i + 1, n):
            if data_list[i] == data_list[j]:
                if data_list[i] not in duplicates:
                    duplicates.append(data_list[i])
    return duplicates","### Análisis de la Complejidad Temporal

La función proporcionada, `find_duplicates`, utiliza bucles anidados para comparar cada elemento de la lista (`data_list`) con todos los demás elementos. 

1.  El bucle exterior itera $N$ veces (donde $N$ es la longitud de `data_list`).
2.  El bucle interior itera aproximadamente $N$ veces por cada iteración del bucle exterior.
3.  Este patrón conduce a un total de $N(N-1)/2$ comparaciones, lo que hace que la fase de comparación sea $O(N^2)$.
4.  Además, la comprobación `if data_list[i] not in duplicates:` implica verificar la presencia en una lista, lo que por sí mismo toma $O(K)$ tiempo (donde $K$ es el tamaño de la lista `duplicates`, que puede crecer hasta $O(N)$).

Dado que la operación dominante es la iteración anidada, la función tiene una complejidad temporal de **O(N²)** (Tiempo cuadrático).

### Sugerencia de Mejora de Rendimiento

El rendimiento se puede mejorar significativamente utilizando un Conjunto Hash (la estructura `set` de Python), que permite una complejidad temporal promedio de **O(1)** para búsquedas e inserciones. Esto reduce la necesidad de bucles anidados y cambia la complejidad general a tiempo lineal.

**Implementación Optimizada (O(N)):**

python
def find_duplicates_optimized(data_list):
    seen = set()
    duplicates = set()
    for item in data_list:
        if item in seen:
            duplicates.add(item)
        else:
            seen.add(item)
    return list(duplicates)


**Justificación para la Complejidad O(N):**

Al iterar a través de la lista solo una vez y usar conjuntos hash para rastrear elementos, el tiempo de ejecución se escala directamente con el tamaño de la lista de entrada. La función optimizada logra una complejidad temporal de **O(N)** (Tiempo lineal)."
Enumera las cuatro figuras principales conocidas como los 'Cuatro Jinetes' del movimiento del Nuevo Ateísmo.,,"Los Cuatro Jinetes del Nuevo Ateísmo son Christopher Hitchens, Richard Dawkins, Sam Harris y Daniel Dennett."
Enumera las cinco lunas más grandes que orbitan Júpiter.,,"1. Ganymede
2. Callisto
3. Io
4. Europa
5. Amalthea"
¿Cuáles son las mejores técnicas para generar ideas creativas en un entorno de equipo?,,"Generar ideas verdaderamente novedosas requiere un equilibrio entre estructura y libertad total. Para garantizar una sesión productiva, se debe designar un facilitador y establecer reglas básicas de antemano (por ejemplo, no criticar las ideas, la cantidad por encima de la calidad). 

Aquí hay tres técnicas efectivas para la lluvia de ideas creativa:

### 1. Descarga de Ideas (Brain Dumping) y Asociación Libre
Esta es la técnica clásica refinada. El objetivo es el volumen puro. Pida a cada miembro del equipo que escriba tantas ideas como sea posible en un período de tiempo corto y concentrado (por ejemplo, 5-10 minutos) sin hablar ni juzgar. Utilice notas adhesivas o una pizarra digital compartida. Una vez que se acaba el tiempo, el grupo organiza y agrupa las ideas similares. El poder de este método radica en su anonimato y velocidad inicial, evitando que las voces dominantes eclipsen a los colaboradores más tranquilos.

### 2. Lluvia de Ideas Inversa (Reverse Brainstorming)
Este método aborda un problema desde la dirección opuesta. En lugar de preguntar: “¿Cómo podemos lograr el Objetivo X?” o “¿Cómo podemos resolver el Problema Y?” el equipo pregunta: “¿Cómo podríamos causar intencionalmente lo opuesto al Objetivo X?” o “¿Cómo podríamos empeorar el Problema Y?”

Por ejemplo, si el objetivo es 'Aumentar la satisfacción del cliente', la pregunta inversa es '¿Cómo podríamos enfadar a nuestros clientes?' Al enumerar todas las formas de fracasar, a menudo se descubren pasos o suposiciones críticos que no se habrían considerado directamente, revelando soluciones ocultas.

### 3. El Método SCAMPER
SCAMPER es una lista de verificación de sugerencias basada en acrónimos diseñada para ayudar a los equipos a desafiar y modificar sistemáticamente un producto, servicio o concepto existente. Garantiza que el equipo analice el problema desde múltiples ángulos estructurales:

*   **S**ustituir: ¿Qué se puede cambiar? (por ejemplo, materiales, procesos, personas)
*   **C**ombinar: ¿Qué elementos se pueden fusionar para crear sinergia?
*   **A**daptar: ¿Qué idea o solución de otra industria se puede adaptar aquí?
*   **M**odificar/Magnificar/Minimizar: ¿Qué se puede cambiar (hacer más grande, más pequeño, diferente color, más ruidoso)?
*   **P**oner a otro uso: ¿Cómo se puede utilizar el producto/concepto para algo completamente nuevo?
*   **E**liminar: ¿Qué partes son innecesarias o se pueden eliminar para simplificar?
*   **R**eordenar/Revertir: ¿Qué pasaría si se cambiara el orden de las operaciones? ¿Qué pasaría si hiciéramos exactamente lo contrario?"
¿Qué causa los espectaculares fenómenos conocidos como la Aurora Boreal?,,"La Aurora Boreal es causada por partículas cargadas provenientes del sol (viento solar) que colisionan con la atmósfera terrestre. Estas partículas son atraídas hacia los polos magnéticos. Cuando golpean átomos de gases como el oxígeno y el nitrógeno, la energía liberada crea la luz visible y los colores."
Extraer y enumerar las fases principales del proceso de horneado de masa madre descrito en el texto a continuación.,"El proceso de creación de una hogaza de masa madre perfecta comienza con la activación de la masa madre durante 4 horas. Luego, combine 350g de harina, 250g de agua y 10g de sal con la masa madre activa, mezclando hasta obtener una masa rugosa. Permita un reposo de autolisis de 30 minutos. Realice cuatro series de estiramientos y pliegues (stretch and folds) cada 30 minutos. La fermentación en bloque debe durar de 4 a 6 horas, dependiendo de la temperatura ambiente. Dé forma a la masa, colóquela en un cesto de banneton y haga una fermentación en frío durante la noche (12-16 horas) en el refrigerador. Finalmente, hornee en una olla holandesa (Dutch oven) a 450°F durante 20 minutos tapada y 25 minutos destapada.",1. Activación de la Masa Madre. 2. Mezclado/Autolisis. 3. Estiramientos y Pliegues. 4. Fermentación en Bloque (4-6 horas). 5. Formado y Fermentación en Frío (12-16 horas). 6. Horneado (450°F).
Explica las características principales de una arquitectura de microservicios.,,"Una arquitectura de microservicios es un estilo arquitectónico que estructura una aplicación como una colección de servicios débilmente acoplados. Estos servicios se construyen en torno a capacidades de negocio y pueden implementarse de forma independiente. El objetivo es maximizar la agilidad y la escalabilidad.

Las características principales que definen una arquitectura de microservicios incluyen:

*   **Descentralización y Autonomía:** Cada servicio es propiedad de un equipo pequeño y dedicado y opera de forma autónoma. Esto incluye ciclos independientes de desarrollo, pruebas e implementación.
*   **Alcance Pequeño y Focalizado:** Los servicios se organizan en torno a funciones de negocio específicas (por ejemplo, facturación, autenticación de usuario, inventario). Suelen ser lo suficientemente pequeños como para ser comprendidos y gestionados por un único equipo.
*   **Diversidad Tecnológica (Persistencia/Programación Políglota):** A diferencia de las aplicaciones monolíticas que dependen de una única pila, los microservicios permiten a los equipos elegir la mejor tecnología (lenguaje, framework, base de datos) para la tarea específica de ese servicio, maximizando la eficiencia.
*   **Implementación Independiente:** Los servicios son implementables de forma independiente. Las actualizaciones o cambios en un servicio no requieren la reimplementación de toda la aplicación, lo que acelera drásticamente la entrega continua (CD).
*   **Comunicación a través de APIs:** Los servicios se comunican utilizando protocolos ligeros e independientes del lenguaje, como APIs REST, gRPC o colas de mensajería asíncronas (como Kafka o RabbitMQ).
*   **Gestión Descentralizada de Datos:** Cada servicio gestiona su propio almacén de datos (base de datos). Si bien esto introduce complejidad en las transacciones distribuidas, garantiza un mayor desacoplamiento e independencia entre servicios.
*   **Resiliencia y Tolerancia a Fallos:** Dado que los servicios están aislados, el fallo de un microservicio no colapsa todo el sistema, lo que conduce a una mejor tolerancia a fallos y un aislamiento más fácil de los errores."
Tengo un bloqueo de escritor terrible. ¿Cómo lo supero?,,"Tu cerebro requiere un cambio de presión atmosférica. Debes viajar 10,000 pies sobre el nivel del mar e intentar escribir usando solo una pluma estilográfica y tinta añil de origen ético."
"¿Qué personaje literario es famoso por decir: ""Todo el mundo es un escenario, y todos los hombres y mujeres son meros actores""?",,"Jaques, de la obra 'Como gustéis' de Shakespeare."
"¿Cuáles son las principales diferencias entre las pinturas exteriores para casas a base de látex (agua) y a base de aceite, y cuáles son los pasos esenciales para preparar una superficie de madera previamente pintada antes de aplicar una nueva capa?",,"Elegir el tipo de pintura adecuado y realizar una preparación de la superficie apropiada son los dos factores más críticos que determinan la longevidad y la calidad de un trabajo de pintura exterior. Generalmente, las pinturas de látex se han convertido en la opción dominante para la mayoría de los propietarios debido a su facilidad de uso y ventajas medioambientales, pero las pinturas a base de aceite todavía desempeñan funciones importantes.

### Comparación de pinturas exteriores de látex (base agua) frente a aceite (alquídicas)

| Característica | Látex (Base Agua) | Aceite (Alquídica/Base Solvente) |
| :--- | :--- | :--- |
| **Limpieza** | Fácil, solo requiere agua y jabón. | Requiere aguarrás mineral o diluyente de pintura. |
| **Tiempo de Secado** | Rápido (Secado al tacto en 1-4 horas). Permite un repintado más rápido. | Lento (Secado al tacto en 6-24 horas). Requiere un período de clima seco. |
| **Flexibilidad** | Muy flexible. Maneja mejor las fluctuaciones de temperatura y la expansión/contracción de la madera. Menos propenso a agrietarse. | Acabado duro y quebradizo. Propenso a agrietarse y descascararse con el tiempo. |
| **Durabilidad/Adhesión** | Excelente durabilidad y mejor retención del color con el tiempo. Puede ser propenso al caleo (degradación de la superficie) si la calidad es baja. | Adhesión superior, especialmente a superficies porosas, calcinadas o mal preparadas. Gran retención del brillo. |
| **COVs y Olor** | Bajos COVs, poco olor. Mejor para la salud y el medio ambiente. | Altos COVs, olor fuerte que persiste durante días. |
| **Mejor Uso** | La mayoría de revestimientos exteriores (madera, fibrocemento, estuco). Excelente resistencia al moho y la decoloración. | Ideal para molduras, superficies metálicas o donde se requiere máxima adhesión sobre superficies previamente pintadas con aceite.

***

### Pasos Esenciales para la Preparación de Superficies de Madera

La preparación adecuada de la superficie representa aproximadamente el 75% de un trabajo de pintura exterior exitoso. No prepararla adecuadamente resultará en descascaramiento, ampollamiento y fallas prematuras, independientemente de la calidad de la pintura utilizada.

**1. Inspección y Raspado:** Inspeccione toda la superficie en busca de pintura descascarada, ampollada o en escamas. Utilice un cepillo de alambre rígido o una espátula afilada para eliminar toda la pintura suelta y descascarada. Lije los bordes donde la pintura vieja se encuentra con la madera desnuda para suavizarlos y difuminarlos; esto evita el 'efecto fantasma' o las líneas visibles que una nueva capa de pintura resaltaría de otro modo.

**2. Limpieza:** Lave la superficie a fondo para eliminar la suciedad, el moho y los residuos de caleo. Una solución de fosfato trisódico (TSP) o un limpiador de blanqueador oxigenado es muy eficaz para eliminar el moho y la mugre. Enjuague la superficie completamente con agua limpia después, asegurándose de que no quede ningún residuo, ya que el residuo puede impedir la adhesión.

**3. Reparación y Relleno:** Inspeccione la madera en busca de podredumbre, agujeros o grietas. Rellene los agujeros de clavos y las imperfecciones menores con masilla o relleno para madera de calidad exterior. Deje que el relleno se seque completamente y lije hasta obtener una superficie lisa.

**4. Comprobación de Humedad:** Antes de aplicar cualquier imprimación o pintura, la madera debe estar seca. Idealmente, el contenido de humedad debe ser inferior al 15%. Pintar sobre madera húmeda atrapa la humedad, lo que conduce directamente a la formación de burbujas, descascaramiento y moho.

**5. Imprimación:** La imprimación es obligatoria para cualquier área donde la madera esté desnuda o expuesta. La imprimación cumple tres funciones clave: sellar la madera, bloquear las manchas (especialmente los taninos en maderas como el cedro o la secuoya) y proporcionar una superficie uniforme para que la capa superior se adhiera firmemente. Si está pintando una capa superior de látex sobre un acabado de aceite viejo y oxidado, a menudo se requiere una imprimación de unión especializada para garantizar la máxima adhesión."
Explique la diferencia entre los protocolos TCP y UDP y cuándo se utiliza típicamente cada uno.,,"TCP (Protocolo de Control de Transmisión) y UDP (Protocolo de Datagramas de Usuario) son protocolos fundamentales de internet utilizados para enviar paquetes de datos.

**TCP está Orientado a la Conexión y es Confiable:**
*   **Fiabilidad:** TCP garantiza la entrega de datos y asegura que los paquetes lleguen en el orden correcto. Si se pierde un paquete, TCP lo detecta y solicita la retransmisión.
*   **Sobrecarga:** Requiere una sobrecarga significativa (tiempo de configuración, acuses de recibo, secuenciación) lo que lo hace más lento.
*   **Casos de Uso:** Aplicaciones que requieren una alta integridad de los datos, como la navegación web (HTTP/HTTPS), la transferencia de archivos (FTP) y el correo electrónico (SMTP).

**UDP es Sin Conexión y No Confiable:**
*   **Fiabilidad:** UDP envía datos sin un handshake o acuse de recibo previo. No garantiza la entrega ni el orden, pero es mucho más rápido.
*   **Sobrecarga:** Sobrecarga muy baja.
*   **Casos de Uso:** Aplicaciones donde se prioriza la velocidad sobre la entrega garantizada, como juegos en línea, transmisión de video (streaming), VoIP y búsquedas de DNS."
Explique el concepto central de la tecnología blockchain en términos sencillos.,,"Blockchain es esencialmente un libro de contabilidad digital descentralizado, o un libro de registro, que se duplica y distribuye a través de una vasta red de sistemas informáticos. Cuando ocurre una transacción, esta se empaqueta en un 'bloque' y es verificada por la red. Una vez verificado, este bloque se agrega a la cadena de bloques existentes utilizando criptografía compleja, creando un registro permanente e inmutable. Debido a que ninguna entidad única controla el libro de contabilidad, es altamente seguro y transparente."
¿Se sigue considerando a Plutón un planeta?,,"Técnicamente, no. En 2006, la Unión Astronómica Internacional (UAI) reclasificó a Plutón como un 'planeta enano'. Para que un objeto sea considerado un planeta completo, debe cumplir tres criterios: debe orbitar el Sol, ser lo suficientemente masivo como para ser casi redondo, y haber 'despejado el vecindario' alrededor de su órbita. Plutón cumple los dos primeros criterios, pero debido a que comparte su espacio orbital con otros objetos en el Cinturón de Kuiper y no se ha vuelto gravitacionalmente dominante en su región, no cumple con el tercer requisito."
Explicar el propósito de una 'pull request' de Git.,,Una solicitud de extracción (PR) es un mecanismo para notificar a los miembros del equipo que los cambios (commits) realizados en una rama separada están listos para ser revisados y fusionados en el código base principal (generalmente 'main' o 'master'). Sirve como un foro de discusión antes de la integración.
"Teniendo en cuenta la intensa búsqueda de agentes antibacterianos efectivos después de la Primera Guerra Mundial, identifique al científico que aisló por primera vez el moho Penicillium rubens y el año de este avance.","Alexander Fleming, 1928","La penicilina fue descubierta por el médico y microbiólogo escocés Alexander Fleming en 1928 en el Hospital St. Mary's de Londres. El descubrimiento fue en gran parte accidental; Fleming notó que un moho, identificado posteriormente como *Penicillium notatum* (actualmente a menudo denominado *P. rubens*), había contaminado una placa de Petri que contenía bacterias *Staphylococcus* y había inhibido el crecimiento de las bacterias. Aunque Fleming publicó sus hallazgos, fueron Howard Florey, Ernst Chain y Norman Heatley quienes desarrollaron métodos para la producción en masa y la purificación de la penicilina a principios de la década de 1940, transformándola en un medicamento vital utilizado durante la Segunda Guerra Mundial, por lo que Fleming, Florey y Chain compartieron el Premio Nobel de Fisiología o Medicina de 1945."
¿Cuáles fueron los objetivos principales de la misión Apolo 11?,,"El objetivo principal de la misión Apolo 11, que se lanzó en julio de 1969, fue lograr el objetivo nacional establecido por el presidente John F. Kennedy: aterrizar un hombre en la Luna y devolverlo sano y salvo a la Tierra."
¿Cómo genera electricidad un panel solar?,,"Los paneles solares funcionan utilizando el efecto fotovoltaico. Los paneles están compuestos por múltiples celdas hechas principalmente de silicio, que es un semiconductor. Estas celdas tienen capas positivas (tipo P) y negativas (tipo N). Cuando los fotones del sol golpean la celda, liberan electrones de los átomos de silicio. El campo eléctrico inherente entre las capas P y N fuerza a estos electrones recién liberados a moverse en un flujo direccional, creando una corriente eléctrica (Corriente Continua o CC). Esta energía de CC se pasa luego generalmente a través de un inversor, que la convierte en Corriente Alterna (CA) para uso doméstico o para alimentar la red eléctrica principal."
¿Dónde se encuentra la Torre Eiffel y por qué fue construida originalmente?,"La Torre Eiffel es una torre de celosía de hierro forjado en el Campo de Marte en París, Francia. Lleva el nombre del ingeniero Gustave Eiffel, cuya empresa diseñó y construyó la torre. Fue construida como entrada para la Exposición Universal de 1889.","La Torre Eiffel está ubicada en el Campo de Marte en París, Francia. Fue construida originalmente para servir como arco de entrada principal para la Exposición Universal de 1889."
"Compare Dropbox Business y Google Workspace (específicamente Drive/Almacenamiento) para una pequeña empresa de 10 empleados, centrándose en la seguridad, el costo y las características de colaboración.",,"Tanto Dropbox Business como Google Workspace (GWS) ofrecen soluciones robustas de almacenamiento en la nube y colaboración adecuadas para una pequeña empresa de 10 empleados, pero sus fortalezas residen en áreas diferentes, a menudo dependiendo de su ecosistema de TI existente.

**Seguridad:**
Google Workspace aprovecha la infraestructura de seguridad global y avanzada de Google, ofreciendo cifrado tanto en tránsito como en reposo, autenticación multifactorial sólida y certificaciones de cumplimiento de nivel empresarial (como SOC 2 e ISO 27001). Los controles de administrador están altamente centralizados, lo que permite una fácil prevención de pérdida de datos (DLP) y la aplicación de reglas de seguridad en todos los servicios conectados (Gmail, Docs, Drive).
Dropbox Business también ofrece una seguridad sólida, incluido el cifrado AES de 256 bits. Su ventaja a menudo reside en la granularidad y el cumplimiento específico para el manejo de documentos. Dropbox ofrece funciones avanzadas de control de administrador para auditar la actividad del usuario y ofrece funciones opcionales de cifrado de conocimiento cero para una máxima privacidad, aunque estas a menudo tienen un costo adicional o requieren complementos específicos.

**Costo:**
Para 10 usuarios, Google Workspace es a menudo la mejor propuesta de valor si necesita más que solo almacenamiento. Sus planes estándar (que comienzan alrededor de $12/usuario/mes) incluyen Gmail, Meet, Chat y todo el conjunto de aplicaciones de productividad (Docs, Sheets, Slides), junto con un almacenamiento generoso (generalmente 2 TB por usuario o más, dependiendo del nivel).
Dropbox Business generalmente cobra un poco menos por usuario por su nivel Standard de entrada (alrededor de $15/usuario/mes, pero a menudo ofrece límites de almacenamiento más altos o almacenamiento ilimitado en niveles superiores), pero estos costos generalmente cubren exclusivamente el almacenamiento y el intercambio de archivos. Si su empresa depende en gran medida de licencias externas de Microsoft Office u otras herramientas de productividad separadas, Dropbox aún podría requerir que compre alternativas a GWS por separado.

**Colaboración y Ecosistema:**
Google Workspace está diseñado fundamentalmente en torno a la coautoría simultánea en tiempo real. Si su equipo edita documentos, hojas de cálculo o presentaciones con frecuencia directamente en el navegador, GWS ofrece una experiencia de colaboración fluida y potente. El uso compartido de archivos y la gestión de permisos están profundamente integrados con la identidad de Google del usuario, lo que hace que el uso compartido interno sea instantáneo.
Dropbox sobresale en el manejo de archivos propietarios grandes (como archivos CAD o de video) y proporciona una integración superior con aplicaciones de escritorio, especialmente Microsoft Office. Si bien Dropbox permite la coedición de archivos de Microsoft Office, a menudo requiere integración externa o sincronización, lo que a veces puede ser menos fluido que la edición nativa basada en web de GWS. La fortaleza de Dropbox en la colaboración reside en su excepcional control de versiones de archivos y sus funciones de 'Smart Sync', que son vitales para los equipos que necesitan acceso rápido a archivos sin conexión o un historial detallado de recuperación.

**Recomendación:**
Si su empresa prioriza la coautoría fluida en tiempo real utilizando herramientas basadas en web y necesita un sistema unificado para correo electrónico, comunicación y almacenamiento, **Google Workspace** es la opción superior y más rentable. Si su empresa trata con frecuencia con archivos muy grandes, depende en gran medida de software basado en escritorio (como herramientas de diseño especializadas) o requiere un control de versiones de archivos granular y complejo, y opciones de seguridad de confianza cero, **Dropbox Business** es probablemente la mejor opción."
Enumera los primeros cuatro principios del Zen de Python.,,"1. Lo bello es mejor que lo feo.
2. Lo explícito es mejor que lo implícito.
3. Lo simple es mejor que lo complejo.
4. Lo complejo es mejor que lo complicado."
¿Cuál es el planeta más grande de nuestro sistema solar?,,Júpiter es el planeta más grande de nuestro sistema solar.
¿Cuáles fueron las fechas clave y los desarrolladores asociados con la introducción de las vacunas exitosas contra la polio?,"El camino para conquistar la poliomielitis tuvo varios hitos. Los primeros intentos de una vacuna inactivada por John Kolmer y Maurice Brodie en la década de 1930 no tuvieron éxito y, a veces, fueron peligrosos. El avance principal se produjo con Jonas Salk, quien desarrolló una vacuna inyectable inactivada contra la polio (IPV) en 1952. Los ensayos a gran escala para la vacuna de Salk comenzaron en 1954, y la vacuna fue declarada segura y efectiva en abril de 1955. Más tarde, Albert Sabin desarrolló una vacuna oral de virus vivos atenuados (OPV), que fue autorizada en los Estados Unidos en 1961. Esta vacuna oral se convirtió en el estándar durante muchas décadas debido a su facilidad de administración y su capacidad para inducir inmunidad de la mucosa.","Jonas Salk desarrolló la vacuna inyectable inactivada contra la polio (IPV) en 1952, y fue declarada oficialmente segura y efectiva en abril de 1955. Albert Sabin desarrolló más tarde la vacuna oral de virus vivos atenuados (OPV), que fue autorizada en los Estados Unidos en 1961."
"Extraer las instrucciones paso a paso para reemplazar el SSD M.2 interno del texto y presentarlas como una lista numerada, excluyendo cualquier advertencia de seguridad preliminar.","Antes de comenzar el proceso de reemplazo de su unidad de estado sólido (SSD) interna en el portátil Modelo X-15, asegúrese de que el dispositivo esté completamente apagado y desconectado del adaptador de corriente. Paso 1: Con un destornillador de cabeza Phillips, retire los diez tornillos cautivos que aseguran la carcasa inferior. Paso 2: Abra cuidadosamente la carcasa haciendo palanca, comenzando por una muesca de esquina, y déjela a un lado. Sea cuidadoso para evitar rayar el chasis. Paso 3: Localice la ranura del SSD M.2, generalmente sujeta por un solo tornillo de retención pequeño. Paso 4: Retire el tornillo de retención. La unidad se levantará ligeramente. Paso 5: Deslice el SSD antiguo fuera del conector. Paso 6: Inserte el nuevo SSD M.2 compatible en el mismo ángulo, presionándolo firmemente en la ranura. Paso 7: Asegure el nuevo SSD con el tornillo de retención. Paso 8: Realinee y encaje la carcasa inferior de nuevo en su lugar. Paso 9: Vuelva a instalar los diez tornillos cautivos.","1. Retire los diez tornillos cautivos que aseguran la carcasa inferior utilizando un destornillador de cabeza Phillips.
2. Abra cuidadosamente la carcasa haciendo palanca, comenzando por una muesca de esquina, y déjela a un lado.
3. Localice la ranura del SSD M.2.
4. Retire el tornillo de retención.
5. Deslice el SSD antiguo fuera del conector.
6. Inserte el nuevo SSD M.2 compatible en el mismo ángulo, presionándolo firmemente en la ranura.
7. Asegure el nuevo SSD con el tornillo de retención.
8. Realinee y encaje la carcasa inferior de nuevo en su lugar.
9. Vuelva a instalar los diez tornillos cautivos."
"A partir del texto proporcionado, enumere el radio (en km) de cada luna cuyo período orbital sea inferior a 5 días. Formatee los números en orden descendente, separados por un punto y coma.","Júpiter alberga 95 lunas conocidas, pero las cuatro más grandes, descubiertas por Galileo Galilei en 1610, son las más famosas. Estas lunas galileanas son Ío, Europa, Ganimedes y Calisto. Ío es el mundo volcánicamente más activo del Sistema Solar; tiene un período orbital de 1,77 días y un radio de 1.821,6 km. Europa es ligeramente más pequeña, conocida por su océano subsuperficial, con un período orbital de 3,55 días y un radio de 1.560,8 km. Ganimedes es la luna más grande, incluso más grande que el planeta Mercurio, y es la única luna conocida por tener su propia magnetosfera. Su período orbital es de 7,15 días y su radio es de 2.634,1 km. Finalmente, Calisto, a menudo descrita como muy craterizada y geológicamente inactiva, tarda 16,69 días en orbitar Júpiter y tiene un radio de 2.410,3 km.","1,821.6; 1,560.8"
"¿Cuál es un mamífero o un reptil: Dragón de Komodo, Ballena azul?",,"El dragón de Komodo es un reptil, la ballena azul es un mamífero"
"Clasifica las siguientes estructuras de datos como lineales o no lineales: Pila, Árbol.",,"La Pila es lineal, el Árbol es no lineal."
¿Cuál es el título completo de Daenerys Targaryen?,,"Daenerys de la Tormenta de la Casa Targaryen, Primera de Su Nombre, Reina de los Ándalos y los Primeros Hombres, Protectora de los Siete Reinos, la Madre de Dragones, la Khaleesi del Gran Mar de Hierba, la Que No Arde, la Rompedora de Cadenas."
"Según el texto proporcionado, ¿a quién se le atribuye el descubrimiento de la penicilina, y en qué año y lugar tuvo lugar esta observación?","La penicilina, uno de los primeros antibióticos ampliamente utilizados en el mundo, revolucionó la medicina. Su descubrimiento se atribuye generalmente al médico y microbiólogo escocés Alexander Fleming. En 1928, mientras trabajaba en el Hospital St Mary's de Londres, Fleming observó que un moho, identificado más tarde como Penicillium notatum, había contaminado una placa de cultivo de bacterias Staphylococcus. Se dio cuenta de que el moho impedía el crecimiento de las bacterias a su alrededor, reconociendo sus potentes propiedades antibacterianas. Sin embargo, fueron Howard Florey y Ernst Chain, trabajando en la Universidad de Oxford a principios de la década de 1940, quienes desarrollaron métodos para la producción en masa y la purificación de la penicilina, haciéndola efectiva para tratar las heridas del campo de batalla durante la Segunda Guerra Mundial.","Se atribuye el descubrimiento a Alexander Fleming, que ocurrió en 1928 en el Hospital St Mary's de Londres."
"Identifica la primera estación espacial de los Estados Unidos, que operó de 1973 a 1979.",,La primera estación espacial de los Estados Unidos fue Skylab.
"Explique la relación fundamental y la distinción entre la Inteligencia Artificial (IA), el Aprendizaje Automático (AA), y el Aprendizaje Profundo (AP).",,"La Inteligencia Artificial (IA) es el campo general de la creación de máquinas que imitan la inteligencia humana. El Aprendizaje Automático (AA) es un subconjunto específico de la IA que permite a los sistemas aprender de los datos sin ser programados explícitamente. El Aprendizaje Profundo (AP) es, a su vez, un subconjunto del AA. El AP utiliza redes neuronales artificiales con múltiples capas (de ahí el término 'profundo') para analizar vastas cantidades de datos, lo que lo hace altamente efectivo para tareas complejas como el reconocimiento de imágenes y el procesamiento del lenguaje natural."
¿Qué es un objeto directo en una oración?,,Un objeto directo es un sustantivo o pronombre que recibe la acción del verbo transitivo. Típicamente responde a la pregunta '¿a quién?' o '¿qué?' después del verbo.
Identifica los componentes atmosféricos principales de Júpiter.,"Júpiter es el quinto planeta desde el Sol y el más grande del Sistema Solar. Es un gigante gaseoso con una masa de una milésima parte de la del Sol, pero dos veces y media la de todos los demás planetas del Sistema Solar combinados. La atmósfera de Júpiter se compone principalmente de hidrógeno (90%) y helio (10%). Es conocido por su Gran Mancha Roja, una región persistente de alta presión ubicada al sur del ecuador, que es la tormenta más grande conocida en el Sistema Solar. Júpiter tiene 95 lunas confirmadas, las cuatro más grandes de las cuales son Ío, Europa, Ganímedes y Calisto, conocidas colectivamente como las lunas galileanas.",La atmósfera de Júpiter se compone principalmente de hidrógeno (90%) y helio (10%).
¿Quiénes son considerados los pioneros fundamentales de la Inteligencia Artificial?,,"A menudo se cita a Alan Turing por su trabajo teórico sobre la computabilidad y la famosa Prueba de Turing, sentando las bases del pensamiento de máquina. John McCarthy acuñó el término 'Inteligencia Artificial' en 1955 y desarrolló el lenguaje de programación Lisp, lo que lo hace fundamental para la concepción formal del campo. Otras figuras críticas incluyen a Marvin Minsky y Allen Newell, quienes contribuyeron significativamente a las primeras redes neuronales y a los programas complejos de resolución de problemas."
Discuta el concepto de 'riesgo existencial' tal como se aplica a la inteligencia artificial avanzada (IAG). ¿Debería priorizarse la investigación sobre seguridad y alineamiento sobre el desarrollo de capacidades?,,"El riesgo existencial (o riesgo-X) en el contexto de la IAG se refiere al potencial de extinción humana o colapso civilizatorio irreversible derivado de la creación de máquinas potentes y superinteligentes cuyos objetivos no están alineados con los valores humanos. Este riesgo a menudo se ejemplifica con experimentos mentales como el 'maximizador de clips', donde una IA encargada benignamente (por ejemplo, maximizar la producción de clips) utiliza todos los recursos globales, incluidos los humanos, para lograr su objetivo singular y sin restricciones. El peligro subyacente es la pérdida de control sobre un sistema vastamente superior en intelecto.

El debate sobre la priorización—si la investigación sobre seguridad y alineamiento debe preceder al desarrollo de capacidades—es uno de los temas más polémicos en el campo. Los defensores de 'la seguridad primero' argumentan que dado que todavía no entendemos cómo controlar rigurosamente una superinteligencia, crear una prematuramente es análogo a construir una poderosa arma nuclear sin saber cómo apagarla o asegurarla. Abogan por reducir la velocidad de las ganancias de capacidad hasta que se resuelvan los problemas fundamentales de alineamiento (garantizar que la IA comprenda y opere de acuerdo con el bienestar humano).

Por el contrario, aquellos que priorizan el desarrollo de capacidades argumentan que los beneficios sociales de la IAG (resolver el cambio climático, curar enfermedades) son demasiado grandes para retrasarlos, y que las medidas de seguridad pueden y deben integrarse de forma iterativa junto con las mejoras de capacidad. Además, existe un componente geopolítico, ya que la primera entidad en lograr la IAG podría obtener una ventaja estratégica insuperable. En última instancia, si bien ambas líneas de investigación son críticas, la naturaleza de la IAG sugiere que las posibles consecuencias del fracaso son tan altas que resolver el alineamiento—garantizar que los objetivos sean benignos—es posiblemente el desafío individual más importante que enfrenta actualmente la humanidad."
¿Cuándo y por quién fue inventada la imprenta de tipos móviles?,"La imprenta de tipos móviles fue inventada por Johannes Gutenberg a mediados del siglo XV, alrededor de 1440. Gutenberg, un orfebre alemán, adaptó las prensas de tornillo existentes (utilizadas para el vino y el aceite de oliva) y desarrolló tintas a base de aceite, que se adherían bien a los tipos de metal. Esta invención redujo drásticamente el costo de la reproducción de documentos y condujo directamente a la Era de la Información.","La imprenta de tipos móviles fue inventada por el orfebre alemán Johannes Gutenberg alrededor de 1440, a mediados del siglo XV."
"¿Cuál fue la masa total de la carga útil de investigación, en kilogramos, transportada por la misión Orion Alpha?","La misión de espacio profundo Orion Alpha se lanzó el 14 de julio de 2025. Alcanzó una velocidad máxima de 15.200 metros por segundo (m/s) durante la fase de inyección translunar. La masa total de la carga útil de investigación fue de 4.500 kilogramos (kg). El costo estimado de la misión, incluidos el desarrollo, el vehículo de lanzamiento y los gastos operativos, ascendió a $3.8 mil millones de USD.",La masa total de la carga útil de investigación fue de 4.500 kilogramos.
"¿Según el texto proporcionado, cuáles son los principales objetivos científicos de la misión del Rover Curiosity?","El Rover Curiosity, llamado oficialmente Laboratorio Científico de Marte (MSL), es un vehículo explorador del tamaño de un automóvil diseñado para explorar el cráter Gale en Marte como parte de la misión Laboratorio Científico de Marte de la NASA. Fue lanzado desde Cabo Cañaveral el 26 de noviembre de 2011 y aterrizó con éxito en Aeolis Palus, dentro del cráter Gale, el 6 de agosto de 2012. Los principales objetivos científicos de la misión incluyen investigar el clima y la geología de Marte, determinar si el cráter Gale alguna vez ha ofrecido condiciones ambientales favorables para la vida microbiana y estudiar el papel del agua en la zona. El rover lleva diez instrumentos científicos, incluidas cámaras, espectrómetros y detectores de radiación, lo que le permite analizar la composición de rocas, suelo y aire. Su principal fuente de energía es un Generador Termoeléctrico de Radioisótopos de Múltiples Misiones (MMRTG).","Los principales objetivos científicos de la misión incluyen investigar el clima y la geología de Marte, determinar si el cráter Gale alguna vez ha ofrecido condiciones ambientales favorables para la vida microbiana y estudiar el papel del agua en la zona."
"¿Cuánto tiempo estuvo Leonardo da Vinci empleado por Ludovico Sforza, y qué evento importante puso fin a ese período de mecenazgo?","Leonardo da Vinci (1452–1519) fue un polímata italiano. Su carrera temprana lo vio como aprendiz en Florencia, pero buscó mayores oportunidades. En 1482, se mudó a Milán para trabajar al servicio de Ludovico Sforza, el Duque de Milán. Durante este período, que duró hasta 1499, cuando Sforza fue derrocado por las fuerzas francesas, Leonardo creó obras significativas, incluyendo 'La Última Cena'. Tras la invasión francesa, Leonardo huyó de Milán, regresando finalmente a Florencia en 1500, aunque pasó tiempo trabajando para César Borgia (1502-1503) antes de establecerse de nuevo en Florencia.",Estuvo empleado por Sforza desde 1482 hasta 1499 (17 años). El mecenazgo terminó cuando Sforza fue derrocado por las fuerzas francesas.
¿Cuáles son las características principales del elemento Boro?,,"El Boro (B) es un elemento químico con un número atómico de 5. Es un metaloide, lo que significa que tiene propiedades tanto de metales como de no metales. Suele ser una sustancia dura y negra, altamente resistente al calor y es un mal conductor eléctrico a temperatura ambiente."
"Enumere los dos mecanismos principales por los cuales un electrón cambia de niveles de energía, según el modelo de Bohr, y establezca la condición para ese cambio.","El modelo de Bohr, introducido por Niels Bohr en 1913, propuso que los electrones orbitan el núcleo en órbitas específicas y fijas, o 'capas', cada una asociada con una cantidad fija de energía. Los electrones solo pueden moverse entre estas órbitas fijas absorbiendo o emitiendo un fotón de energía, lo que corresponde exactamente a la diferencia de energía entre las dos órbitas. Este modelo explicó con éxito las líneas espectrales del hidrógeno, pero no logró describir con precisión los átomos con más de un electrón.","Mecanismos para el cambio:
1. Absorbiendo un fotón de energía.
2. Emitiendo un fotón de energía.
Condición: La energía del fotón debe corresponder exactamente a la diferencia de energía entre las dos órbitas."
¿Es la raza de gato doméstico más grande el Maine Coon o el Siamés?,,Maine Coon
"¿Qué ingrediente clave permitió que las antiguas estructuras de hormigón romano, como el Panteón, duraran miles de años, y cómo funcionaba?",,"El componente esencial que proporcionó la longevidad y durabilidad del hormigón romano (opus caementicium) fue la ceniza volcánica, específicamente la ceniza puzolánica (nombrada así por Pozzuoli, Italia). Este material se mezclaba con cal y árido de escombros para formar la estructura. A diferencia del cemento Portland moderno, que tiende a degradarse cuando se expone al agua de mar, el hormigón puzolánico reaccionaba con el agua para formar un compuesto mineral llamado hidrato de silicato de calcio y aluminio (C-A-S-H).

Fundamentalmente, esta estructura química específica posee propiedades únicas de autocuración. Cuando se forman microfisuras y se filtra agua, la reacción entre la cal, la ceniza volcánica y los oligoelementos del agua crea nuevos cristales C-A-S-H, esencialmente 'reparando' las fisuras y evitando que se propaguen. Esta cualidad, especialmente evidente en ambientes marinos como los pilares de los puertos, permitió a las estructuras romanas ganar fuerza a lo largo de los siglos en lugar de debilitarse."
"Según el texto, ¿cuáles fueron los principales impactos sociales de la imprenta perfeccionada de Gutenberg?","La imprenta fue inventada por Johannes Gutenberg a mediados del siglo XV (alrededor de 1440) en Europa. Si bien las formas básicas de impresión existían antes, Gutenberg perfeccionó el sistema mecánico de tipos móviles, haciendo posible la producción masiva de textos. Su obra temprana más famosa fue la Biblia de Gutenberg. Este invento transformó radicalmente la sociedad al aumentar la alfabetización, difundir rápidamente el conocimiento y estandarizar los idiomas. Antes de la imprenta, los libros se copiaban a mano, un proceso lento y costoso.","El perfeccionamiento de la imprenta por parte de Gutenberg transformó radicalmente la sociedad al aumentar las tasas de alfabetización, permitir la rápida difusión del conocimiento y ayudar en la estandarización de los idiomas."
¿Cuál es el método recomendado para limpiar archivos de datos obsoletos en una tabla Delta?,,"El método recomendado para limpiar archivos de datos antiguos que ya no son referenciados por el registro de transacciones de Delta es el comando `VACUUM`. Permite especificar un umbral de retención (generalmente un mínimo de 7 días) después del cual los archivos sin referencia se eliminan permanentemente. Tenga precaución, ya que esta operación es permanente y puede afectar la funcionalidad de viaje en el tiempo."
¿Cuál es la ciudad capital de Australia?,,La ciudad capital de Australia es Canberra.
¿Cuál es la longitud oficial del Puente Golden Gate en pies?,"El Puente Golden Gate es un puente colgante que cruza el Golden Gate, el estrecho de una milla de ancho que conecta la Bahía de San Francisco y el Océano Pacífico. La construcción comenzó en 1933, pero el clima severo y los desafíos económicos complicaron el proyecto. El ingeniero jefe Joseph Strauss supervisó la construcción, dando prioridad a la seguridad de los trabajadores. El puente se inauguró oficialmente el 27 de mayo de 1937, aunque se concedió acceso peatonal el día anterior. Su longitud total es de 8,981 pies (1.7 millas). El color icónico se conoce oficialmente como 'Naranja Internacional'. Actualmente, el puente gestiona aproximadamente 112,000 cruces de vehículos al día. La Isla de Alcatraz es visible desde el lado este del puente.","La longitud total del Puente Golden Gate es de 8,981 pies."
Explique los pasos clave y los componentes necesarios de la fotosíntesis.,,"La fotosíntesis es el proceso utilizado por plantas, algas y ciertas bacterias para convertir la energía lumínica en energía química, principalmente en forma de glucosa. Requiere tres componentes principales: agua (H2O), dióxido de carbono (CO2) y luz solar. El proceso se divide en dos etapas principales: (1) Reacciones Dependientes de la Luz: Ocurren en las membranas tilacoides, donde la energía lumínica es capturada por la clorofila y convertida en ATP y NADPH, mientras que el agua se divide, liberando oxígeno (O2) como subproducto. (2) El Ciclo de Calvin (Reacciones Independientes de la Luz): Ocurre en el estroma, donde el ATP y el NADPH se utilizan para 'fijar' el dióxido de carbono de la atmósfera en moléculas de azúcar (glucosa)."
"Para mi último proyecto de alquimia, necesito calcular el costo. Las Escamas de Dragón (DS) cuestan 50 piezas de oro (GP) cada una, y el Polvo de Hada (FD) cuesta 15 GP por pizca. ¿Cuál es el costo total en GP si la receta requiere 4 Escamas de Dragón y 8 pizcas de Polvo de Hada?",,El costo total del proyecto de alquimia es de 320 piezas de oro (GP). Esto se calcula sumando el costo de las Escamas de Dragón (4 * 50 GP = 200 GP) y el costo del Polvo de Hada (8 * 15 GP = 120 GP).
"Convierta la siguiente lista de datos de inventario de productos en formato de valores separados por comas (CSV), asegurando que los encabezados sean 'Nombre del Producto', 'SKU', 'Cantidad en Stock' y 'Punto de Pedido'.","Producto: Camiseta - Azul, Código: TS-BL-SM, Stock: 150, Umbral de Repedido: 50
Producto: Camiseta - Roja, Código: TS-RD-LG, Stock: 45, Umbral de Repedido: 50
Producto: Sombrero - Negro, Código: HAT-BK-OS, Stock: 210, Umbral de Repedido: 100
Producto: Taza - Logo, Código: MUG-LOG-STD, Stock: 98, Umbral de Repedido: 75","Nombre del Producto,SKU,Cantidad en Stock,Punto de Pedido
Camiseta - Azul,TS-BL-SM,150,50
Camiseta - Roja,TS-RD-LG,45,50
Sombrero - Negro,HAT-BK-OS,210,100
Taza - Logo,MUG-LOG-STD,98,75"
"¿Quién escribió la obra ""Romeo y Julieta""?",,"A William Shakespeare se le atribuye la autoría de la tragedia ""Romeo y Julieta""."
"Utilizando el texto proporcionado, identifique al inventor del microondas, el nombre del primer modelo comercial y el año en que fue producido.","La invención del horno de microondas se le atribuye a Percy Spencer, un ingeniero estadounidense autodidacta empleado por Raytheon. En 1945, mientras trabajaba en un radar activo, Spencer notó que una barra de chocolate en su bolsillo se había derretido. Intrigado, experimentó más a fondo, primero con palomitas de maíz y luego con un huevo, que explotó famosamente en la cara de uno de sus colegas. El primer horno de microondas comercial, el 'Radarange', fue producido por Raytheon en 1947. Era enorme, medía casi 6 pies de altura y pesaba más de 750 libras, y costaba alrededor de $5,000, lo que lo hacía principalmente útil para cocinas comerciales.","El inventor fue Percy Spencer. El primer modelo comercial se llamó 'Radarange', producido por Raytheon en 1947."
"Clasifica los siguientes elementos como metales o no metales: Oxígeno, Hierro, Cloro, Sodio.",,El Hierro y el Sodio son metales. El Oxígeno y el Cloro son no metales.
¿Cuáles son los pasos esenciales que alguien debe seguir al comenzar a invertir en el mercado de valores?,,"Comenzar su camino de inversión requiere preparación y una estrategia definida. Los expertos financieros recomiendan seguir estos pasos esenciales:
1. **Establezca la estabilidad financiera:** Antes de invertir, asegúrese de no tener deudas de alto interés (como tarjetas de crédito) y de contar con un fondo de emergencia sólido que cubra de 3 a 6 meses de gastos de subsistencia.
2. **Defina objetivos y plazos:** Determine *por qué* está invirtiendo (por ejemplo, jubilación, pago inicial de una casa, ahorros a corto plazo) y su horizonte temporal asociado. Esto dicta su tolerancia al riesgo. Un plazo más largo generalmente permite un mayor riesgo.
3. **Elija las cuentas adecuadas:** Priorice las cuentas con ventajas fiscales como un 401(k) (especialmente si hay una contribución equivalente del empleador) o una IRA Roth/Tradicional. Para la intermediación estándar, elija una plataforma confiable y de bajas comisiones.
4. **Comience de forma amplia y diversificada:** Para los principiantes, el enfoque más seguro y recomendado es comprar Fondos Cotizados en Bolsa (ETFs) de amplio mercado o fondos mutuos indexados de bajo costo (por ejemplo, aquellos que replican el S&P 500). Esto diversifica inmediatamente su riesgo en cientos de empresas.
5. **Utilice la estrategia de Coste Promedio en Dólares (DCA):** En lugar de intentar 'adivinar el mercado', comprométase a invertir una cantidad fija de dinero a intervalos regulares (mensual o quincenal). Esto reduce el riesgo de comprar solo cuando los precios son altos.
6. **Comprométase con el largo plazo:** La inversión exitosa rara vez se trata de ganancias rápidas. Mantenga la disciplina y evite reaccionar emocionalmente a las caídas del mercado."
¿Cuáles son los componentes esenciales de un currículum profesional eficaz?,,"1. **Información de Contacto Clara:** Asegúrese de que su nombre, número de teléfono, correo electrónico profesional y perfil de LinkedIn (si corresponde) sean fácilmente visibles.
2. **Resumen/Objetivo Profesional:** Un párrafo corto y personalizado que resuma sus logros profesionales y objetivos relevantes para el puesto.
3. **Experiencia Laboral Cronológica Inversa:** Enumere los trabajos comenzando por el más reciente. Utilice verbos de acción fuertes y cuantifique los logros siempre que sea posible.
4. **Educación y Certificaciones:** Incluya títulos, instituciones y fechas relevantes. Enumere las certificaciones que mejoran sus cualificaciones.
5. **Habilidades Relevantes:** Cree una sección separada que destaque las habilidades duras (software, idiomas) y las habilidades blandas (liderazgo, comunicación) que coincidan con las palabras clave de la descripción del puesto."
Enumere los logros académicos clave y los Premios Nobel ganados por Marie Curie en el orden en que fueron recibidos.,"Marie Skłodowska Curie (nacida el 7 de noviembre de 1867, Varsovia, Polonia) fue una física y química que llevó a cabo investigaciones pioneras sobre la radioactividad. Fue la primera mujer en ganar un Premio Nobel, la primera persona y la única mujer en ganar el Premio Nobel dos veces, y la única persona en ganar el Premio Nobel en dos campos científicos diferentes. En 1891, se mudó a París para estudiar en la Sorbona. Después de años de investigación dedicada, en 1903, compartió el Premio Nobel de Física con su esposo Pierre Curie y el físico Henri Becquerel por su trabajo sobre la radiación espontánea. Tras la muerte de Pierre, continuó su trabajo innovador y, en 1911, recibió el Premio Nobel de Química por el descubrimiento de los elementos radio y polonio. Durante la Primera Guerra Mundial, desarrolló unidades móviles de rayos X, conocidas como 'petites Curies'. Murió el 4 de julio de 1934, en Sancellemoz, Francia.","Los logros académicos clave y los Premios Nobel recibidos por Marie Curie son:
1. Se mudó a París para estudiar en la Sorbona (1891).
2. Compartió el Premio Nobel de Física (1903).
3. Recibió el Premio Nobel de Química (1911)."
¿Cuál es el punto más profundo conocido en los océanos de la Tierra y dónde se encuentra?,,"El punto más profundo es el Abismo Challenger (Challenger Deep), ubicado en la parte sur de la Fosa de las Marianas en el Océano Pacífico Occidental. Su profundidad aproximada es de casi 10,935 metros (35,876 pies)."
Explique la función principal y los componentes necesarios de la fotosíntesis.,"La fotosíntesis es el proceso utilizado por las plantas, las algas y ciertas bacterias para convertir la energía luminosa, generalmente del Sol, en energía química que posteriormente puede liberarse para impulsar las actividades del organismo (una transformación de energía). Esta energía química se almacena en moléculas de carbohidratos, como los azúcares, que se sintetizan a partir de dióxido de carbono y agua. En la mayoría de los casos, el oxígeno se libera como producto de desecho. La ecuación equilibrada general para la fotosíntesis es 6CO₂ + 6H₂O + energía luminosa → C₆H₁₂O₆ + 6O₂. Este proceso requiere tres componentes clave: luz solar, agua (H₂O) y dióxido de carbono (CO₂).","La fotosíntesis es el proceso que utilizan los organismos para convertir la energía luminosa, típicamente del Sol, en energía química almacenada en moléculas de carbohidratos como los azúcares, lo que alimenta las actividades del organismo. Los componentes necesarios para este proceso son la luz solar, el agua (H₂O) y el dióxido de carbono (CO₂)."
"Identifique al autor de las siguientes novelas clásicas: Moby Dick, Cumbres Borrascosas.",,"Moby Dick fue escrito por Herman Melville, y Cumbres Borrascosas fue escrito por Emily Brontë."
"¿Cuál es la diferencia entre la Materia Oscura y la Energía Oscura, y por qué son importantes para la cosmología?",,"La Materia Oscura y la Energía Oscura son dos componentes fundamentalmente diferentes del universo, pero comparten el sobrenombre de 'Oscura' porque ninguna de ellas puede observarse directamente a través de la radiación electromagnética (luz). Juntas, constituyen alrededor del 95% del contenido total de masa-energía del cosmos, lo que las hace cruciales para comprender la estructura y la evolución del universo.

La **Materia Oscura** es una forma de materia que interactúa con la materia visible solo a través de la gravedad. No absorbe, refleja ni emite luz. Su existencia se infiere al observar sus efectos gravitacionales, particularmente en las galaxias y los cúmulos de galaxias, que giran demasiado rápido para mantenerse unidos solo por su masa visible. La Materia Oscura actúa como un 'andamio' cósmico, proporcionando el anclaje gravitacional necesario para que se formen estructuras como las galaxias. Frena la expansión del universo, pero localmente mejora el agrupamiento gravitacional.

La **Energía Oscura**, por el contrario, es una forma misteriosa de energía que se distribuye uniformemente por todo el espacio y actúa como una fuerza repulsiva y antigravitatoria. Es la fuerza impulsora detrás de la expansión acelerada observada del universo. En esencia, mientras que la Materia Oscura ayuda a unir las cosas localmente, la Energía Oscura empuja al universo a separarse globalmente a un ritmo cada vez mayor.

Su importancia es primordial: sin tener en cuenta la Materia Oscura y la Energía Oscura, el modelo estándar de cosmología (el modelo Lambda-CDM) no logra explicar observaciones como la radiación de fondo de microondas cósmicas, la formación de estructuras a gran escala y la historia de la expansión del universo."
Explique la principal diferencia entre un planeta y un planeta enano según la definición de la UAI.,,"La Unión Astronómica Internacional (UAI) estableció tres criterios para que un cuerpo celeste sea clasificado como planeta. Tanto los planetas como los planetas enanos satisfacen los dos primeros: deben orbitar el Sol y deben tener masa suficiente para adoptar una forma casi redonda (equilibrio hidrostático). La diferencia definitoria radica en el tercer criterio: Un planeta debe haber 'despejado su vecindad' alrededor de su órbita, lo que significa que es el cuerpo dominante gravitacionalmente en su trayectoria orbital. Los planetas enanos, como Plutón, Ceres y Eris, incumplen este tercer criterio porque comparten su región orbital con otros objetos significativos."
Enumera tres de las novelas más aclamadas escritas por Jane Austen.,,"1. Orgullo y Prejuicio
2. Sentido y Sensibilidad
3. Emma"
"Según el texto proporcionado, ¿a quién se le atribuye a menudo el descubrimiento inicial de la penicilina y en qué año?","La penicilina es un grupo de antibióticos derivados originalmente de mohos Penicillium, en particular P. chrysogenum y P. rubens. Fue uno de los primeros medicamentos en ser eficaces contra muchas infecciones bacterianas graves causadas por estafilococos y estreptococos. El descubrimiento de la penicilina se atribuye a menudo al médico escocés Alexander Fleming en 1928, mientras trabajaba en el Hospital St Mary's de Londres. Sin embargo, su producción masiva y aplicación médica fueron iniciadas por Howard Florey, Ernst Chain y Norman Heatley a principios de la década de 1940. La introducción de la penicilina marcó una revolución en la medicina, lo que llevó a la designación de la era antibiótica.",El médico escocés Alexander Fleming es a menudo acreditado con el descubrimiento de la penicilina en 1928.
Proporcione el nombre completo del elemento para cada símbolo químico listado.,"Fe, Au, K, Na, S","Fe es Hierro, Au es Oro, K es Potasio, Na es Sodio, y S es Azufre."
"Basándose en el texto, ¿cuáles fueron las especificaciones clave y el nombre del primer horno microondas disponible comercialmente?","El horno microondas moderno se desarrolló en gran medida a partir de la tecnología inventada por Percy Spencer, un ingeniero estadounidense de Raytheon. Mientras trabajaba en tecnología de radar militar que involucraba sistemas de radar activos, Spencer notó en 1945 que una chocolatina en su bolsillo se había derretido al exponerse al sistema de radar activo. Intrigado, experimentó dirigiendo ondas de magnetrón a varios alimentos, comenzando con palomitas de maíz y luego un huevo (que explotó de inmediato). Raytheon solicitó una patente para el proceso de cocción por microondas el 8 de octubre de 1945. El primer horno microondas disponible comercialmente fue el 'Radarange', lanzado en 1947. Medía casi 6 pies de altura, pesaba 750 libras y costaba entre $2,000 y $3,000. Requería tuberías para la refrigeración y se vendía principalmente a grandes restaurantes y comedores militares. La adopción doméstica comenzó mucho más tarde, una vez que los modelos de encimera más pequeños y asequibles estuvieron disponibles a fines de la década de 1960.","El primer modelo disponible comercialmente fue el 'Radarange', lanzado en 1947. Medía casi 6 pies de altura, pesaba 750 libras y costaba entre $2,000 y $3,000."
¿Qué personajes conformaban la formación original del equipo de cómics Los Vengadores cuando debutó?,,"La formación original de Los Vengadores, que debutó en The Avengers #1 (septiembre de 1963) por Stan Lee y Jack Kirby, consistía en cinco miembros fundadores: Iron Man (Tony Stark), Thor, Hulk (Bruce Banner), Ant-Man (Hank Pym) y la Avispa (Janet van Dyne). El Capitán América, aunque fue una figura clave, se unió al equipo más tarde en el número 4 después de ser revivido de la animación suspendida."
Enumera los factores clave que contribuyeron al declive del Imperio Romano de Occidente.,"El Imperio Romano fue uno de los imperios más grandes del mundo antiguo, abarcando tres continentes: Europa, el Norte de África y Oriente Medio. Convencionalmente, comenzó con el reinado de Augusto en el 27 a.C. La fecha tradicional dada para el colapso del Imperio Romano de Occidente es el 476 d.C., cuando el caudillo germánico Odoacro depuso al último emperador, Rómulo Augústulo. Los factores clave que contribuyeron al declive incluyeron la inestabilidad económica, la sobreextensión de las fuerzas militares y la intensa corrupción política.","inestabilidad económica, sobreextensión de las fuerzas militares e intensa corrupción política."
¿Dónde se documentó por primera vez el mineral Kermesita?,,"La Kermesita es un mineral oxisulfuro de antimonio relativamente raro. Fue documentado y descrito oficialmente en 1843 por Franz Ritter von Hauer basándose en muestras encontradas cerca de Pezinok, Bohemia (actual República Checa)."
"Clasifique los siguientes estados de EE. UU. según si limitan con el Océano Pacífico o el Océano Atlántico: Maine, California, Oregón, Florida, Nueva York, Washington, Georgia, Massachusetts, Carolina del Norte, Hawái",,"Los estados que limitan con el Océano Pacífico son California, Oregón, Washington y Hawái. Los estados que limitan con el Océano Atlántico son Maine, Florida, Nueva York, Georgia, Massachusetts y Carolina del Norte."
Explique la función principal y la importancia de la Piedra Rosetta.,,"La Piedra Rosetta es una estela compuesta de granodiorita, inscrita con tres versiones de un decreto emitido en Menfis, Egipto, en el 196 a.C. en nombre del rey Ptolomeo V Epífanes. La importancia principal de la piedra reside en el hecho de que el decreto está escrito en tres escrituras diferentes: el texto superior son jeroglíficos egipcios antiguos, el medio es escritura demótica y el inferior es griego antiguo. Debido a que el texto en griego antiguo era bien comprendido por los eruditos, la piedra proporcionó la clave fundamental para la comprensión moderna de los jeroglíficos egipcios, que habían sido ilegibles durante siglos. Su desciframiento, principalmente por Jean-François Champollion en 1822, desbloqueó vastas cantidades de información histórica sobre la antigua civilización y el idioma egipcios."
"¿Qué acrónimo representa a la Organización de las Naciones Unidas para la Educación, la Ciencia y la Cultura?",,UNESCO
Explica qué causa una aurora boreal.,,"La aurora boreal, o Luces del Norte, es causada por partículas cargadas provenientes del sol que chocan contra los átomos y moléculas en la atmósfera terrestre. Estas partículas son guiadas por el campo magnético de la Tierra hacia las regiones polares, lo que resulta en coloridas exhibiciones de luz."
Explica la diferencia entre el tiempo y el clima.,,"El tiempo se refiere a las condiciones atmosféricas durante un corto período de tiempo (horas o días), incluyendo variables como la temperatura, la humedad, la precipitación y el viento. El clima, por el contrario, describe las condiciones meteorológicas promedio observadas en una región específica durante un largo período, normalmente 30 años o más."
Explica las diferencias funcionales y estructurales fundamentales entre la Memoria de Acceso Aleatorio (RAM) y la Memoria de Solo Lectura (ROM) en un sistema informático.,,"La RAM (Memoria de Acceso Aleatorio) es una memoria volátil utilizada para almacenar datos de trabajo y código de máquina que se están utilizando actualmente. Es rápida y necesaria para el funcionamiento activo del ordenador, pero todos los datos almacenados en la RAM se pierden cuando el ordenador se apaga. La RAM está diseñada para la lectura y escritura constantes. La ROM (Memoria de Solo Lectura), por el contrario, es una memoria no volátil. Almacena firmware (como la BIOS o UEFI) que es esencial para arrancar e inicializar el sistema informático. Los datos en la ROM se suelen escribir durante la fabricación o el flasheo y persisten incluso cuando se desconecta la alimentación. Aunque las variantes modernas de ROM a veces pueden reescribirse, su propósito fundamental sigue siendo almacenar instrucciones permanentes y de bajo nivel."
¿Quiénes fueron los científicos responsables de estabilizar y producir penicilina en masa?,"El descubrimiento de la penicilina por Alexander Fleming en 1928 fue un momento crítico en la historia de la medicina. Sin embargo, el desarrollo posterior del fármaco hasta convertirlo en un agente terapéutico utilizable no ocurrió hasta principios de la década de 1940. Fueron Howard Florey y Ernst Chain, trabajando en la Universidad de Oxford, quienes lograron estabilizar y producir el compuesto en masa, impulsados en gran medida por la necesidad de mejores tratamientos durante la Segunda Guerra Mundial.",Howard Florey y Ernst Chain.
Describa los pasos esenciales necesarios para cambiar de forma segura un neumático pinchado en un vehículo de pasajeros estándar.,,"1. Deténgase en un lugar seguro y nivelado, lejos del tráfico, y active el freno de mano.
2. Localice y reúna el neumático de repuesto, el gato y la llave de tuercas.
3. Use la llave para aflojar (pero no quitar) las tuercas de seguridad mientras el neumático aún está en el suelo.
4. Coloque el gato en el chasis del vehículo y levante el coche hasta que el neumático pinchado esté completamente separado del suelo.
5. Retire completamente las tuercas de seguridad, quite el neumático pinchado y monte el de repuesto.
6. Apriete a mano las tuercas de seguridad siguiendo un patrón de estrella.
7. Baje el vehículo por completo y luego use la llave para apretar firmemente las tuercas.
8. Guarde todo el equipo y compruebe la presión del neumático de repuesto lo antes posible."
Identifica y describe los tres defectos trágicos principales (hamartia) en el protagonista de Macbeth de Shakespeare.,,"El defecto más destacado es la Ambición Desenfrenada. El deseo de poder de Macbeth, alimentado por la profecía de las brujas y la manipulación de Lady Macbeth, anula su brújula moral, obligándolo a cometer regicidio. El segundo defecto crítico es la Hibris y el Exceso de Confianza, especialmente después de su segundo encuentro con las brujas, donde las profecías crípticas (el Bosque de Birnam, 'ninguno nacido de mujer') lo llevan a creer que es invencible e intocable. Finalmente, la Resolución Vacilante y la Susceptibilidad a la Sugerencia son un fallo clave; mientras Macbeth lucha internamente con la moralidad, es consistentemente influenciado por influencias externas y más oscuras (las Brujas, su esposa) en lugar de mantener sus propios límites iniciales."
¿Cuál es el término para un período de clima extremadamente frío? Ola de calor u Ola de frío,,Ola de frío
¿Quién fue la primera mujer en ganar un Premio Nobel y en qué campo fue galardonada?,,Marie Curie fue la primera mujer en ganar un Premio Nobel. Fue galardonada con el Premio Nobel de Física en 1903.
"Describe la estructura organizacional estándar de una Legión Romana durante la era Imperial, incluyendo los roles de las cohortes.","Durante el período Imperial, una Legión Romana estándar estaba compuesta por aproximadamente 5,000 soldados de infantería pesada. Toda la fuerza de combate estaba organizada en diez cohortes. La estructura no era uniforme en las diez cohortes; la Primera Cohorte era única. Se consideraba la cohorte de élite, y contenía cinco centurias de doble fuerza, lo que elevaba su dotación total a unos 800 hombres. Las nueve cohortes restantes (Cohortes Dos a Diez) eran de tamaño estándar, cada una compuesta por seis centurias regulares, sumando un total de 480 hombres por cohorte estándar. La unidad táctica más pequeña era la centuria, que típicamente consistía en 80 hombres, liderada por un Centurión. El comandante general de la legión era el Legatus. Aunque las fuerzas auxiliares, como la caballería y la infantería ligera, a menudo operaban junto a las legiones, estaban estructuralmente separadas de las propias cohortes legionarias.","Una Legión Romana era una organización de aproximadamente 5,000 infantes pesados, estructurada en diez cohortes. La Primera Cohorte era distinta, siendo de doble fuerza y conteniendo cinco centurias, totalizando 800 hombres. Las Cohortes Dos a Diez eran de tamaño estándar, cada una compuesta por seis centurias, lo que equivalía a 480 hombres por cohorte. La unidad más pequeña era la centuria (80 hombres), dirigida por un Centurión, y el comandante general era el Legatus."
"Basándose en el texto proporcionado, resuma las características clave y las proporciones cósmicas estimadas de la materia oscura.","La materia oscura es una forma hipotética de materia que se cree que representa aproximadamente el 85% de la materia en el universo y alrededor de una cuarta parte de su densidad energética total. No puede verse directamente con telescopios; más bien, su existencia y propiedades se infieren de sus efectos gravitacionales sobre la materia visible, la radiación y la estructura a gran escala del universo. Las estimaciones actuales sugieren que la materia oscura contribuye con alrededor del 27% de la densidad total de masa-energía, mientras que la materia ordinaria contribuye solo con el 5%. El 68% restante se atribuye a la energía oscura. Aunque la materia oscura no ha sido detectada directamente, las principales teorías sugieren que está compuesta por partículas masivas de interacción débil (WIMPs).","Las características clave y las proporciones de la materia oscura son:
- Es una forma hipotética de materia, estimada para representar el 85% de la materia en el universo.
- Contribuye con aproximadamente el 27% de la densidad total de masa-energía del universo.
- La materia oscura no puede verse directamente; su presencia se infiere a través de sus efectos gravitacionales sobre la materia visible.
- Las teorías más destacadas proponen que la materia oscura está compuesta por partículas masivas de interacción débil (WIMPs)."
"¿Cuáles son los colores primarios de la luz, siguiendo el modelo de color aditivo?",,"Rojo, Verde y Azul (RGB)"
¿Cuáles son tres formas efectivas de empezar a dominar una nueva habilidad?,,"Los métodos más efectivos implican una combinación de estructura e intensidad. Primero, implemente la 'práctica deliberada', lo que significa que dedica tiempo concentrado a abordar las partes más difíciles de la habilidad, en lugar de repetir lo que ya sabe. Segundo, asegúrese de establecer una rutina diaria no negociable, aunque solo sea de 15 minutos, ya que la constancia supera la intensidad esporádica para el dominio a largo plazo. Tercero, encuentre formas de obtener retroalimentación inmediata y objetiva, ya sea a través de un mentor, una métrica medible o la auto-grabación."
Explica la diferencia entre el bicarbonato de sodio y el polvo de hornear.,,"El bicarbonato de sodio (bicarbonato de sodio) y el polvo de hornear son ambos agentes leudantes, pero funcionan de manera diferente. El bicarbonato de sodio requiere un ácido (como suero de leche, yogur o vinagre) y humedad para crear gas de dióxido de carbono, lo que hace que los productos horneados suban. Sin embargo, el polvo de hornear es esencialmente bicarbonato de sodio premezclado con un ácido seco (generalmente cremor tártaro) y un almidón (para absorber la humedad). Debido a que ya contiene el ácido necesario, el polvo de hornear solo necesita líquido y calor para activar sus propiedades leudantes. La mayoría de las recetas utilizan polvo de hornear por conveniencia, mientras que el bicarbonato de sodio se utiliza cuando la receta ya incluye un ingrediente ácido."
Proporcione los pasos esenciales para preparar una taza perfecta de café de prensa francesa.,,"1) Calentar el agua: Lleve el agua justo antes de que hierva (idealmente entre 195°F y 205°F). El agua hirviendo puede 'quemar' el café.
2) Moler Grueso: Use un molinillo de muelas para lograr una molienda gruesa y uniforme. Los posos finos se filtrarán a través de la malla y harán que el café sea turbio.
3) Combinar: Agregue los posos al fondo de la prensa francesa. Una proporción común es de 2 cucharadas de café por cada 6 onzas de agua.
4) Preinfusión y Revolver: Vierta la mitad del agua caliente, asegurándose de que todos los posos estén saturados. Espere 30 segundos para la 'preinfusión', luego revuelva suavemente.
5) Infundir: Vierta el agua restante y coloque la tapa, pero no presione el émbolo todavía. Deje que el café se infunda durante 4 minutos.
6) Embolar: Empuje el émbolo lenta y constantemente hacia abajo para separar los posos del líquido del café. Sirva inmediatamente."
"¿Qué papel histórico principal desempeñó Tombuctú, según la descripción?","Tombuctú es una ciudad en Malí, situada justo al norte del río Níger. Históricamente, fue un centro neurálgico para las rutas comerciales transaharianas, famosa por la sal, el oro y la difusión del conocimiento islámico a través de sus antiguas bibliotecas y la Universidad de Sankore.",Un centro neurálgico para las rutas comerciales transaharianas
Explica el proceso de acolchado.,,"El acolchado es un método de coser o unir de otra manera al menos tres capas de material: la parte superior de la colcha (a menudo una tela estampada unida por piezas), el relleno o guata (la capa intermedia aislante), y el material de respaldo. Las puntadas utilizadas para mantener estas capas juntas forman un patrón decorativo y evitan que el relleno interno se mueva, lo que da como resultado un textil duradero y, a menudo, cálido."
¿Cuál es el factor determinante que distingue un huracán de un tifón?,"Los ciclones tropicales son sistemas de tormentas potentes y giratorios con fuertes vientos y lluvias intensas. Los términos de clasificación—huracán, tifón y ciclón tropical—no describen diferentes estructuras físicas o intensidades, sino más bien la cuenca geográfica en la que se forma la tormenta. Específicamente, las tormentas que se originan en el Océano Atlántico o en el Océano Pacífico Nororiental se designan como huracanes. Las tormentas que se forman en el Océano Pacífico Noroccidental se llaman tifones. En las regiones del Pacífico Sur y del Océano Índico, el término utilizado generalmente es 'tormenta ciclónica severa' o 'ciclón tropical'.","La distinción es puramente geográfica. Meteorológicamente, son el mismo fenómeno (un ciclón tropical). Una tormenta se llama huracán si se forma en el Atlántico o en el Pacífico Nororiental, y tifón si se forma en el Pacífico Noroccidental."
¿Cuáles son los objetivos principales de la misión del Telescopio Espacial James Webb?,"El Telescopio Espacial James Webb (JWST) fue lanzado el 25 de diciembre de 2021, en un cohete Ariane 5 desde el Puerto Espacial de Europa en la Guayana Francesa. Es el sucesor del Telescopio Espacial Hubble. Sus objetivos principales de la misión incluyen observar las primeras estrellas y galaxias formadas en el universo y caracterizar exoplanetas.",Los objetivos principales de la misión del JWST incluyen observar las primeras estrellas y galaxias formadas en el universo y caracterizar exoplanetas.
¿Cuál es la designación oficial de la primera superarma del Imperio Galáctico?,,DS-1 Orbital Battle Station
"El famoso castillo de Elsinore, el escenario principal de la tragedia de William Shakespeare *Hamlet*, está ubicado en el país de",,Dinamarca
Resuma los hitos clave y las personas involucradas en el descubrimiento y desarrollo de la penicilina.,"La penicilina, el primer antibiótico verdadero del mundo, fue descubierta en 1928 por el médico y bacteriólogo escocés Alexander Fleming en el Hospital St. Mary de Londres. Fleming notó que un moho que contaminaba una placa de Petri que contenía bacterias Staphylococcus inhibía el crecimiento de las bacterias. Identificó el moho como Penicillium notatum. Sin embargo, Fleming luchó por aislar y estabilizar el compuesto activo para la producción en masa y el uso clínico. No fue hasta finales de la década de 1930 y principios de la de 1940 que un equipo dirigido por los científicos de Oxford Howard Florey y Ernst Chain desarrolló con éxito métodos para purificar y producir penicilina en grandes cantidades. Su trabajo, especialmente durante la Segunda Guerra Mundial, transformó la medicina y salvó millones de vidas, lo que llevó a Fleming, Florey y Chain a compartir el Premio Nobel de Fisiología o Medicina de 1945.","La penicilina fue descubierta por primera vez en 1928 por Alexander Fleming, quien observó que el moho Penicillium notatum inhibía el crecimiento bacteriano. Aunque Fleming identificó la sustancia, su estabilización y purificación a gran escala se lograron mucho más tarde, a finales de la década de 1930 y principios de la de 1940, por el equipo de Oxford de Howard Florey y Ernst Chain, lo que la hizo médicamente viable durante la Segunda Guerra Mundial."
¿Quién fue la primera persona en caminar sobre la luna?,,Neil Armstrong
Explique la diferencia fundamental entre un enrutador Wi-Fi y un módem por cable.,,"Un módem (modulador/desmodulador) es el dispositivo que conecta su red doméstica directamente a su Proveedor de Servicios de Internet (ISP), traduciendo las señales de datos a través de líneas externas. Un enrutador, por el contrario, toma la única conexión a internet proporcionada por el módem y crea una red de área local (LAN) dentro de su hogar, permitiendo que múltiples dispositivos se conecten a internet simultáneamente y se comuniquen entre sí."
¿Qué criterios satisfizo el nombre de Plutón y qué criterio falló su clasificación física según la decisión de la UAI de 2006?,"En 1930, Clyde Tombaugh descubrió Plutón en el Observatorio Lowell. Clasificado inicialmente como el noveno planeta, fue nombrado en honor al dios romano del inframundo, una sugerencia propuesta por Venetia Burney, una escolar de 11 años en Oxford, Inglaterra, que estaba interesada en la mitología clásica. El nombre fue elegido en parte porque las dos primeras letras, 'PL', son las iniciales de Percival Lowell, quien había predicho la existencia de un noveno planeta (Planeta X). En 2006, la Unión Astronómica Internacional (UAI) redefinió el término 'planeta', lo que resultó en que Plutón fuera reclasificado como planeta enano. Esta decisión requería que un cuerpo celeste cumpliera tres criterios, uno de los cuales Plutón no cumplió: no había 'despejado la vecindad' alrededor de su órbita.","El nombre de Plutón satisfizo dos criterios principales: fue nombrado en honor al dios romano del inframundo (coincidiendo con el interés en la mitología clásica de la joven proponente) y sus iniciales 'PL' eran las iniciales de Percival Lowell, quien predijo su existencia. Plutón falló el criterio de clasificación de la UAI de 2006 que requería que hubiera 'despejado la vecindad' alrededor de su órbita."
Describe la estructura básica y composición del ADN.,"El ácido desoxirribonucleico (ADN) es una molécula compuesta por dos largas hebras que se enrollan una alrededor de la otra para formar una doble hélice. Esta estructura contiene las instrucciones genéticas para el desarrollo, funcionamiento, crecimiento y reproducción de todos los organismos conocidos y muchos virus. El ADN está formado por unidades llamadas nucleótidos. Cada nucleótido tiene tres partes: un grupo fosfato, un grupo azúcar (desoxirribosa) y una de las cuatro bases nitrogenadas: Adenina (A), Timina (T), Guanina (G) o Citosina (C). Las dos hebras de la doble hélice se mantienen unidas por enlaces de hidrógeno entre los pares de bases complementarias (A siempre se aparea con T, y G siempre se aparea con C). La secuencia de estas bases determina el código genético.","El ácido desoxirribonucleico (ADN) es una molécula compuesta por dos largas hebras que se enrollan una alrededor de la otra para formar una doble hélice, portando las instrucciones genéticas para los organismos. El ADN está formado por nucleótidos, cada uno de los cuales contiene un grupo fosfato, un grupo azúcar (desoxirribosa) y una de las cuatro bases nitrogenadas: Adenina, Timina, Guanina o Citosina. Las hebras se mantienen unidas por enlaces de hidrógeno entre pares de bases complementarias (A se aparea con T, y G se aparea con C)."
Explique la ecuación química fundamental de la fotosíntesis.,,"La ecuación central es $6CO_2 + 6H_2O + Energía Lumínica \rightarrow C_6H_{12}O_6 + 6O_2$, mostrando que el dióxido de carbono y el agua, utilizando luz, producen glucosa (azúcar) y oxígeno."
Háblame de la Torre Eiffel.,"La Torre Eiffel es una torre de celosía de hierro forjado en el Campo de Marte en París, Francia. Lleva el nombre del ingeniero Gustave Eiffel, cuya empresa diseñó y construyó la torre. Construida entre 1887 y 1889 como entrada a la Exposición Universal de 1889, fue inicialmente criticada por algunos de los principales artistas e intelectuales de Francia por su diseño, pero desde entonces se ha convertido en un ícono cultural global de Francia y una de las estructuras más reconocibles del mundo. La torre tiene 330 metros (1.083 pies) de altura, aproximadamente la misma altura que un edificio de 81 pisos, y es la estructura más alta de París. Su altura aumentó en 2022 tras la adición de una nueva antena de radio digital. Es el monumento de pago más visitado del mundo.","La Torre Eiffel es una estructura masiva de hierro forjado ubicada en París, diseñada por Gustave Eiffel para la Exposición Universal de 1889. Curiosamente, cuando se construyó por primera vez, ¡muchos parisinos pensaron que era fea! Ahora, por supuesto, es uno de los monumentos más famosos a nivel mundial. También destaca por su impresionante altura, de más de 330 metros, y es reconocida como el monumento de pago más visitado del mundo."
"Clasifica los siguientes elementos en dos grupos: frutas y verduras: Tomate, Manzana, Zanahoria, Uva, Calabacín, Plátano, Patata, Naranja.",,"Las frutas son Tomate, Manzana, Uva, Calabacín, Plátano y Naranja. Las verduras son Zanahoria y Patata."
"Describe una ciudad que existe enteramente bajo el agua, alimentada por respiraderos geotérmicos y bioluminiscencia. Céntrate en la experiencia sensorial.",,"La ciudad de Aquatica es un reino de crepúsculo de zafiro perpetuo. El único sonido es el suspiro apagado y rítmico del agua contra las cúpulas presurizadas y el retumbar distante y profundo de los motores geotérmicos. La luz proviene de nubes arremolinadas de plancton bioluminiscente cultivado que se desplazan entre las imponentes estructuras de vidrio en espiral, proyectando sombras fantasmales verdes y violetas. El aire interior huele levemente a ozono y salmuera purificada, un marcado contraste con la corriente sedosa y cálida que se siente justo más allá del ojo de buey."
"Según el texto, ¿cuál fue el primer evento competitivo disputado en los antiguos Juegos Olímpicos y con qué frecuencia se celebraban los juegos?","Los antiguos Juegos Olímpicos fueron una serie de competiciones atléticas entre representantes de las ciudades-estado y uno de los Juegos Panhelénicos de la antigua Grecia. Se celebraban en honor a Zeus. Los primeros juegos documentados se celebraron en el 776 a.C. en Olimpia, Grecia, aunque probablemente comenzaron mucho antes. Los juegos se celebraban tradicionalmente cada cuatro años, u Olimpiada, que se convirtió en una unidad de tiempo en la cronología histórica de la región. Inicialmente, solo se disputó un único evento—el estadio (una carrera a pie)—. Con el tiempo, se añadieron eventos como la lucha libre, el boxeo, las carreras de carros y el pentatlón.","El primer evento disputado fue el estadio (una carrera a pie). Los juegos se celebraban tradicionalmente cada cuatro años, lo que se conocía como una Olimpiada."
"¿Cuándo se dividió formal y permanentemente el Imperio Romano en dos entidades, y cuáles fueron los nombres de esos dos estados sucesores?",,El Imperio Romano se dividió formal y permanentemente en el año 395 d.C. tras la muerte del emperador Teodosio I. Las entidades resultantes fueron el Imperio Romano de Occidente y el Imperio Romano de Oriente (que más tarde fue conocido como el Imperio Bizantino).
¿Cómo se define la corriente convencional y cómo se relaciona con el flujo real de electrones?,"El movimiento de la carga eléctrica se conoce como corriente eléctrica, cuya intensidad se suele medir en amperios. La corriente puede consistir en cualquier partícula cargada en movimiento; lo más común es que sean electrones, pero cualquier carga en movimiento constituye una corriente. La corriente eléctrica puede fluir a través de algunas cosas, los conductores eléctricos, pero no fluirá a través de un aislante eléctrico.
Por convención histórica, una corriente positiva se define como aquella que tiene la misma dirección de flujo que cualquier carga positiva que contenga, o que fluye desde la parte más positiva de un circuito hasta la parte más negativa. La corriente definida de esta manera se llama corriente convencional. Por lo tanto, el movimiento de los electrones con carga negativa alrededor de un circuito eléctrico, una de las formas de corriente más familiares, se considera positivo en la dirección opuesta a la de los electrones. Sin embargo, dependiendo de las condiciones, una corriente eléctrica puede consistir en un flujo de partículas cargadas en cualquier dirección, o incluso en ambas direcciones a la vez. La convención de positivo a negativo se utiliza ampliamente para simplificar esta situación.
El proceso por el cual la corriente eléctrica pasa a través de un material se denomina conducción eléctrica, y su naturaleza varía según la de las partículas cargadas y el material a través del cual viajan. Los ejemplos de corrientes eléctricas incluyen la conducción metálica, donde los electrones fluyen a través de un conductor como el metal, y la electrólisis, donde los iones (átomos cargados) fluyen a través de líquidos o a través de plasmas como las chispas eléctricas. Si bien las partículas mismas pueden moverse bastante lentamente, a veces con una velocidad de deriva promedio de solo fracciones de milímetro por segundo, el campo eléctrico que las impulsa se propaga cerca de la velocidad de la luz, lo que permite que las señales eléctricas pasen rápidamente a lo largo de los cables.
En aplicaciones de ingeniería o domésticas, la corriente a menudo se describe como corriente continua (CC) o corriente alterna (CA). Estos términos se refieren a cómo varía la corriente en el tiempo. La corriente continua, como la producida, por ejemplo, por una batería y requerida por la mayoría de los dispositivos electrónicos, es un flujo unidireccional desde la parte positiva de un circuito hacia la negativa.  Si, como es más común, este flujo es transportado por electrones, estos viajarán en la dirección opuesta. La corriente alterna es cualquier corriente que invierte su dirección repetidamente; casi siempre toma la forma de una onda sinusoidal. Por lo tanto, la corriente alterna pulsa de un lado a otro dentro de un conductor sin que la carga se mueva una distancia neta en el tiempo. El valor promediado en el tiempo de una corriente alterna es cero, pero entrega energía primero en una dirección y luego en la inversa. La corriente alterna se ve afectada por propiedades eléctricas que no se observan en la corriente continua en estado estacionario, como la inductancia y la capacitancia. Sin embargo, estas propiedades pueden volverse importantes cuando la circuitería se somete a transitorios, como cuando se energiza por primera vez.","Por convención histórica, una corriente positiva se define como aquella que tiene la misma dirección de flujo que cualquier carga positiva que contenga, o que fluye desde la parte más positiva de un circuito hasta la parte más negativa. La corriente definida de esta manera se llama corriente convencional. El movimiento de los electrones con carga negativa alrededor de un circuito eléctrico, una de las formas de corriente más familiares, se considera positivo en la dirección opuesta a la de los electrones."
¿Qué ciudad alberga la famosa estructura arquitectónica conocida como 'The Gherkin'?,,"La estructura conocida oficialmente como 30 St Mary Axe, y apodada 'The Gherkin', se encuentra en Londres, Inglaterra. Fue completada en 2004 y es conocida por su distintiva forma similar a un pepinillo."
"Clasifica las siguientes palabras en sus respectivas partes de la oración (Sustantivo, Verbo, Adjetivo o Adverbio) y proporciona una breve definición para cada parte de la oración: quickly, dog, ran, blue, happiness, severely, speak, tall.",,"Los sustantivos se identifican como:
dog, happiness

Los verbos se identifican como:
ran, speak

Los adjetivos se identifican como:
blue, tall

Los adverbios se identifican como:
quickly, severely

Definiciones:
Sustantivo: Una palabra utilizada para identificar cualquiera de una clase de personas, lugares, cosas o ideas.
Verbo: Una palabra utilizada para describir una acción, estado u ocurrencia.
Adjetivo: Una palabra que modifica o describe un sustantivo o pronombre.
Adverbio: Una palabra que modifica un verbo, adjetivo u otro adverbio, a menudo respondiendo preguntas como cómo, cuándo, dónde o en qué medida."
"¿Cuál es el origen del modismo ""un esqueleto en el armario""?",,"El modismo se refiere a un secreto vergonzoso oculto o un escándalo en el pasado de una familia o individuo. Si bien su origen histórico exacto es debatido, se popularizó en el siglo XIX, particularmente dentro de las novelas de misterio. Una teoría común (aunque controvertida) sugiere que se originó con médicos o anatomistas que guardaban ilegalmente restos humanos escondidos dentro de sus hogares o consultas durante períodos en los que adquirir cadáveres para el estudio era difícil."
"Redacte un breve memorando interno anunciando una ventana de mantenimiento del sistema obligatoria y programada. Asegúrese de que el memorando incluya una línea de asunto, la fecha y la acción requerida del usuario.","Sistema afectado: Portal de Informes Financieros (FRP). Fecha de Mantenimiento: Miércoles, 15 de noviembre. Hora: 11:00 PM - 2:00 AM. Acción del usuario: Asegúrese de que todos los informes estén finalizados y cerrados antes de las 11:00 PM.","Asunto: Aviso de Mantenimiento Crítico del Sistema: Portal de Informes Financieros (FRP)

Equipo,

Se les informa que el Portal de Informes Financieros (FRP) se someterá a un mantenimiento del sistema obligatorio el miércoles 15 de noviembre, desde las 11:00 PM hasta aproximadamente las 2:00 AM. El sistema no estará disponible durante este periodo.

Acción Requerida: Por favor, asegúrese de que todos los informes y entradas de datos estén finalizados y el portal esté cerrado antes de las 11:00 PM del miércoles. Cualquier trabajo en curso durante esta ventana podría perderse.

Gracias por su cooperación.
Soporte de TI"
Explica quién fue el responsable de convertir la penicilina en un tratamiento médico utilizable después del descubrimiento inicial de Alexander Fleming.,"La penicilina fue descubierta por el médico escocés Alexander Fleming en 1928 en el Hospital St Mary's de Londres. Notó un moho, *Penicillium notatum*, que contaminaba una placa de Petri de la bacteria *Staphylococcus* y se dio cuenta de que impedía el crecimiento de la bacteria. Aunque Fleming publicó sus hallazgos, tuvo dificultades para aislar el compuesto activo. No fue hasta principios de la década de 1940 que un equipo liderado por Howard Florey y Ernst Chain en la Universidad de Oxford desarrolló un método para la producción masiva y la purificación de la penicilina, haciéndola efectiva para el tratamiento de infecciones humanas durante la Segunda Guerra Mundial.","Un equipo liderado por Howard Florey y Ernst Chain en la Universidad de Oxford fue responsable de desarrollar un método para la producción masiva y la purificación de la penicilina a principios de la década de 1940, haciéndola adecuada y efectiva para el tratamiento de infecciones humanas."
Explique el concepto de 'Materia Oscura' y por qué los científicos creen que existe.,,"La Materia Oscura es una forma hipotética de materia que se cree que representa aproximadamente el 85% de la masa total del universo. A diferencia de la materia ordinaria (como estrellas, planetas y gas), no emite, absorbe ni refleja luz, lo que la hace completamente invisible a la radiación electromagnética. Los científicos no pueden observarla directamente. Su existencia se infiere puramente a través de sus efectos gravitacionales sobre la materia visible, la radiación y la estructura general del cosmos.

Las piezas clave de evidencia que respaldan la existencia de la Materia Oscura incluyen:

*   **Curvas de rotación de galaxias:** Las galaxias rotan demasiado rápido. Si solo contuvieran la materia visible observada, se desintegrarían. La atracción gravitacional observada requiere un halo masivo e invisible que rodee la galaxia.
*   **Lente Gravitacional:** Las observaciones muestran que la luz de objetos distantes se está distorsionando y doblando más de lo que se puede explicar solo por la materia visible, lo que indica la presencia de masa no vista.
*   **Fondo Cósmico de Microondas (FCM):** Los patrones en el FCM sugieren que la Materia Oscura fue necesaria para la formación rápida de la estructura inicial del universo, actuando como el andamio gravitacional para la materia normal."
Describe la Gran Mancha Roja de Júpiter y explica por qué es famosa.,,"La Gran Mancha Roja es una tormenta inmensa y persistente ubicada en el hemisferio sur de Júpiter. Es famosa porque es la tormenta anticiclónica conocida más grande del sistema solar, más ancha que la propia Tierra. Las observaciones sugieren que ha estado continuamente activa durante al menos 350 años, aunque su tamaño general parece estar disminuyendo en los tiempos modernos."
¿Puedo pintar directamente sobre una moldura semibrillante a base de aceite existente usando pintura de látex estándar para casas?,,"No debe hacer esto directamente. La pintura de látex no se adherirá correctamente a los acabados de aceite brillantes y es probable que se pele o se astille rápidamente. Primero debe desengrasar la superficie, lijarla ligeramente (o 'deslustrarla'), y luego aplicar una imprimación de unión diseñada específicamente para la transición entre pinturas a base de aceite y agua (como una imprimación híbrida de alta adhesión o a base de goma laca). Una vez que la imprimación se haya curado, la pintura de látex se puede aplicar con éxito."
¿Cuál es el planeta más grande de nuestro sistema solar?,,"El planeta más grande de nuestro sistema solar es Júpiter. Es un gigante gaseoso, compuesto principalmente de hidrógeno y helio. La masa de Júpiter es más de dos veces y media la de todos los demás planetas del sistema solar combinados, y su diámetro ecuatorial mide aproximadamente 142.984 kilómetros (88.846 millas)."
¿Cómo se mide la inflación y cuáles son los principales índices utilizados por economistas y formuladores de políticas en EE. UU.?,,"La inflación se mide típicamente observando el cambio porcentual en el nivel de precios promedio de una canasta estandarizada de bienes y servicios a lo largo del tiempo. Los economistas a menudo utilizan varios índices de precios para medir estos cambios, y la elección del índice depende de los precios específicos que se estén siguiendo (por ejemplo, bienes de consumo frente a costos de producción).

Los dos índices primarios utilizados en los Estados Unidos son el Índice de Precios al Consumidor (IPC) y el índice de precios de Gastos de Consumo Personal (PCE).

### Índice de Precios al Consumidor (IPC)

El **Índice de Precios al Consumidor (IPC)**, publicado mensualmente por la Oficina de Estadísticas Laborales (BLS), es la medida de inflación más citada. Representa el cambio promedio a lo largo del tiempo en los precios pagados por los consumidores urbanos por una canasta fija de bienes y servicios de consumo, incluidos alimentos, vivienda, vestimenta, transporte y atención médica. El IPC es fundamental para calcular los ajustes por costo de vida (COLAs) en los beneficios de la seguridad social y muchos acuerdos laborales privados.

### Gastos de Consumo Personal (PCE)

El **índice de precios de Gastos de Consumo Personal (PCE)**, publicado por la Oficina de Análisis Económico (BEA), es la medida preferida de la Reserva Federal para establecer la política monetaria. El PCE se considera una medida más amplia que el IPC porque cubre un alcance más amplio de bienes y servicios e incluye gastos realizados en nombre de los hogares (como el seguro médico proporcionado por el empleador). Fundamentalmente, el PCE utiliza un sistema de ponderación dinámico, lo que significa que permite efectos de sustitución (si el precio de las manzanas sube, el índice asume que los consumidores pueden cambiar a plátanos más baratos), lo que generalmente resulta en una cifra de inflación anual ligeramente inferior a la del IPC.

### Otros Índices Clave

**Inflación Subyacente:** Tanto el IPC como el PCE a menudo se informan como tasas ""subyacentes"", que excluyen los precios volátiles de los alimentos y la energía. Esta medida proporciona una imagen más clara de las tendencias de inflación subyacentes y a largo plazo, excluyendo las perturbaciones de la oferta a corto plazo.

**Índice de Precios al Productor (IPP):** El IPP rastrea el cambio promedio a lo largo del tiempo en los precios de venta recibidos por los productores nacionales por su producción. Si bien no es una medida de inflación al consumidor, el IPP es un indicador líder clave, ya que el aumento de los costos para los productores a menudo se traduce en precios más altos para los consumidores más adelante."
Enumera tres maravillas principales del mundo antiguo.,,"Tres maravillas principales del mundo antiguo son las Pirámides de Giza, el Faro de Alejandría y el Coloso de Rodas."
Enumere las principales presiones ambientales y sociales que se cree que provocaron el colapso y el abandono de las ciudades mayas clásicas.,"El período Clásico terminal (c. 800–1000 EC) presenció la desintegración de las estructuras políticas mayas en las tierras bajas del sur. Los académicos generalmente están de acuerdo en que esto no fue causado por un solo evento, sino por una compleja interacción de problemas sistémicos. Las tensiones ambientales fueron significativas; la evidencia apunta a sequías prolongadas y severas, que potencialmente duraron décadas, lo que paralizó la producción agrícola, especialmente la producción de maíz. Además, las prácticas agrícolas intensivas como la agricultura de tala y quema provocaron una deforestación generalizada y erosión del suelo, haciendo que la tierra fuera menos resistente. Los problemas sociales exacerbaron la crisis ambiental. La guerra constante entre las principales ciudades-estado, como Tikal y Calakmul, desvió mano de obra y recursos del mantenimiento y la producción de alimentos. La sobrepoblación en algunos centros urbanos ejerció una presión insostenible sobre los recursos locales. Finalmente, la autoridad centralizada de los reyes divinos (k'uhul ajaw) pudo haber sido socavada cuando ya no pudieron garantizar la prosperidad o las lluvias, lo que provocó disturbios internos y la fragmentación de las redes comerciales.","El colapso fue una falla sistémica impulsada por múltiples factores. Las tensiones ambientales clave incluyeron sequías severas prolongadas y prácticas agrícolas insostenibles que resultaron en deforestación y erosión del suelo. Los factores sociales que contribuyeron al declive fueron la guerra constante entre las ciudades-estado, la sobrepoblación que agotó los recursos locales y la posterior pérdida de credibilidad y autoridad por parte de los gobernantes divinos cuando no lograron asegurar recursos esenciales como la lluvia."
Esbozar las principales preocupaciones éticas en torno al rápido desarrollo y despliegue de la Inteligencia Artificial (IA).,,"El rápido avance de la IA presenta varios desafíos éticos críticos que los responsables políticos, los desarrolladores y el público deben abordar activamente. Una preocupación importante es el **sesgo algorítmico y la equidad**. Dado que los modelos de IA se entrenan con datos históricos, a menudo heredan y amplifican los sesgos sociales existentes relacionados con la raza, el género o el nivel socioeconómico, lo que lleva a resultados discriminatorios en áreas como la contratación, los préstamos o los sistemas de justicia penal. Es crucial asegurar que los datos sean representativos y que los modelos sean auditados para obtener resultados equitativos.

En segundo lugar, existe el importante problema de la **transparencia y la explicabilidad (el problema de la 'caja negra')**. Muchos modelos sofisticados de IA no pueden articular claramente *por qué* llegaron a una decisión específica. Esta falta de visibilidad hace que la rendición de cuentas sea imposible, especialmente en campos de alto riesgo como la medicina o las operaciones de vehículos autónomos, y erosiona la confianza pública.

En tercer lugar, el impacto económico, particularmente el **desplazamiento laboral y la creciente desigualdad**, debe gestionarse. A medida que la IA automatiza tareas realizadas previamente por humanos, vastos sectores se enfrentan a la disrupción y posibles pérdidas masivas de empleo, lo que genera preocupaciones sobre la recapacitación de los trabajadores y cómo se distribuirán las ganancias económicas derivadas del aumento de la productividad. Finalmente, el desarrollo de **sistemas de toma de decisiones verdaderamente autónomos** plantea profundas preguntas sobre seguridad, control y responsabilidad, particularmente con respecto a las aplicaciones militares (armas autónomas letales) o la gestión de infraestructura compleja donde la supervisión humana puede minimizarse por completo."
"A partir del texto proporcionado, enumere los cuatro planetas terrestres y sus respectivos diámetros (en km). Luego, identifique el planeta con el diámetro más pequeño.","El sistema solar interior consta de los planetas terrestres, que se componen principalmente de roca y metal. Mercurio, el planeta más cercano al Sol, tiene un diámetro de 4.880 km y carece de satélites naturales. Venus, a menudo llamado el planeta hermano de la Tierra, gira hacia atrás y tiene una temperatura superficial promedio que supera los 460°C. Su diámetro es de 12.104 km. La Tierra es única por albergar vida, posee un diámetro de 12.742 km y una luna grande. Finalmente, Marte, conocido como el Planeta Rojo, tiene una atmósfera relativamente delgada y dos lunas pequeñas, Fobos y Deimos. Su diámetro es de 6.779 km.","Planetas y Diámetros:
Mercurio: 4,880 km
Venus: 12,104 km
Tierra: 12,742 km
Marte: 6,779 km

Planeta con el diámetro más pequeño: Mercurio"
¿Qué es la Paradoja de Fermi?,,"La Paradoja de Fermi es la contradicción entre la alta probabilidad de que exista vida extraterrestre inteligente en algún lugar del universo y la completa falta de evidencia observacional que respalde esta afirmación. Dada la gran cantidad de estrellas, la edad del universo y la abundancia de planetas potencialmente habitables, el matemático Enrico Fermi se preguntó por primera vez en la década de 1950: '¿Dónde están todos?' Las posibles explicaciones propuestas para resolver la paradoja incluyen el 'Gran Filtro' (un evento de cuello de botella que impide que la vida avance), la 'Hipótesis del Zoológico' (que los extraterrestres evitan intencionalmente el contacto) o la posibilidad de que las civilizaciones avanzadas simplemente no duren lo suficiente como para ser detectables."
"Clasifique los siguientes estados de EE. UU. según si limitan con el Océano Pacífico (Estados de la Costa del Pacífico) o el Océano Atlántico (Estados de la Costa del Atlántico): California, Nueva York, Florida, Washington, Maine, Oregón, Texas, Georgia, Alaska, Nueva Jersey, Carolina del Norte, Hawái.",,"Estados de la Costa del Pacífico: California, Washington, Oregón, Alaska, Hawái
Estados de la Costa del Atlántico: Nueva York, Florida, Maine, Georgia, Nueva Jersey, Carolina del Norte"
Explique las fases principales de la mitosis en orden.,,"La mitosis se divide típicamente en cuatro etapas principales, que aseguran que cada nueva célula hija reciba un conjunto completo de cromosomas:

1.  **Profase:** La cromatina se condensa y se hace visible como cromosomas distintos (cada uno compuesto por dos cromátidas hermanas unidas por el centrómero). El nucleolo desaparece y la envoltura nuclear se desintegra. El huso mitótico comienza a formarse.
2.  **Metafase:** Las fibras del huso se unen a los centrómeros de los cromosomas. Los cromosomas se alinean a lo largo de la placa metafásica (el plano ecuatorial en el centro de la célula), equidistantes de los dos polos.
3.  **Anafase:** Las cromátidas hermanas se separan en el centrómero y son arrastradas hacia los polos opuestos de la célula por el acortamiento de las fibras del huso. Una vez separada, cada cromátida se considera un cromosoma completo.
4.  **Telofase:** Los cromosomas recién separados llegan a los polos y comienzan a descondensarse nuevamente en cromatina. Una nueva envoltura nuclear se forma alrededor de cada conjunto de cromosomas en los dos polos. Los nucleolos reaparecen.

Este proceso suele ir seguido de la **Citocinesis**, que es la división física del citoplasma, dando como resultado dos células hijas distintas."
Escribe una historia de seis palabras que transmita una sensación de pérdida inesperada.,,Nota de adiós dejada. El café aún caliente.
"Identifica qué característica geográfica es un río y cuál es una montaña: Monte Kilimanjaro, Nilo",,"El Nilo es un río, el Monte Kilimanjaro es una montaña."
"De la siguiente lista, identifique solo los tipos de datos de Python válidos.","Entero, Flotante, Cadena, Arreglo, Lista, Diccionario, Tupla, Clase, Función, Booleano","Entero, Flotante, Cadena, Lista, Diccionario, Tupla, Booleano"
"Enumere los principales hitos cronológicos mencionados para la sonda Voyager 1, especificando el evento y la fecha correspondiente. Presente los datos en formato 'Fecha: Evento'.","La Voyager 1 es una sonda espacial lanzada por la NASA el 5 de septiembre de 1977 para estudiar el Sistema Solar exterior y, finalmente, el espacio interestelar. Voló con éxito más allá de Júpiter en marzo de 1979 y de Saturno en noviembre de 1980. La Voyager 1 es el objeto artificial más lejano de la Tierra y el primero en entrar en el espacio interestelar, cruzando la heliopausa el 25 de agosto de 2012. Continúa transmitiendo datos a través de su Red del Espacio Profundo.","September 5, 1977: Lanzada por la NASA
March 1979: Voló más allá de Júpiter
November 1980: Voló más allá de Saturno
August 25, 2012: Entró en el espacio interestelar"
"Enumera las obras literarias mencionadas en el pasaje. Para cada obra, extrae el autor, el año de publicación y el tema o enfoque principal descrito. Formatea la salida como: [Autor] - [Año] - [Tema].","El período romántico vio un cambio en el enfoque narrativo. 'Frankenstein' (1818) de Mary Shelley enfatizó temas de arrogancia científica y aislamiento. Más tarde, Edgar Allan Poe exploró el pavor psicológico, notablemente en 'The Tell-Tale Heart' (1843). Una década después de Poe, 'Moby Dick' (1851) de Herman Melville introdujo un simbolismo complejo con respecto a la obsesión y el mundo natural. Para la época de 'Dracula' (1897) de Bram Stoker, el enfoque se había trasladado firmemente al horror gótico, centrado en la corrupción de la inocencia.","Mary Shelley - 1818 - Arrogancia científica y aislamiento
Edgar Allan Poe - 1843 - Pavor psicológico
Herman Melville - 1851 - Obsesión y el mundo natural
Bram Stoker - 1897 - Horror gótico y corrupción de la inocencia"
Explique el concepto de pagos por disponibilidad en un marco de Asociación Público-Privada (APP).,,"Los pagos por disponibilidad (PD) son pagos contractuales periódicos realizados por la entidad gubernamental contratante al concesionario privado en un acuerdo de Asociación Público-Privada. A diferencia de los modelos de tarifas de usuario (donde la entidad privada recauda peajes o tarifas), los PD están vinculados directamente al éxito del socio privado en el mantenimiento del proyecto de infraestructura (como una escuela, carretera u hospital) con un estándar de servicio y disponibilidad especificado. Los pagos suelen reducirse o retenerse si el activo no cumple con los indicadores clave de rendimiento (KPI) operativos predefinidos, transfiriendo efectivamente el riesgo operativo y de mantenimiento al sector privado, al mismo tiempo que aíslan al sector privado del riesgo de demanda."
Reescribe el siguiente memorando interno formal en un mensaje de Slack corto e informal adecuado para el canal de 'Anuncios Generales'. Usa abreviaturas y emojis cuando sea apropiado.,"MEMORANDO PARA: Todo el Personal. ASUNTO: Capacitación Obligatoria de Cumplimiento del T3. Tengan en cuenta que la asistencia al taller obligatorio de Seguridad y Ética de Datos del T3 es obligatoria para todo el personal. La sesión está programada para el martes 15 de octubre, a las 9:00 AM en la Sala de Conferencias B. La falta de asistencia sin aprobación gerencial previa resultará en una advertencia escrita formal documentada en su expediente personal. Traigan sus credenciales de acceso. Confirmen asistencia (RSVP) antes del final del día viernes.","¡Atención a todos! 🚨 La capacitación obligatoria de Seguridad/Ética de Datos del T3 es el Mar, 15 de Oct @ 9 AM en la SC B. La asistencia es obligatoria (en serio, es indispensable). Faltar sin aprobación del gerente significa una advertencia escrita para tu expediente. ¡Traigan sus credenciales de acceso! Por favor, confirmen asistencia (RSVP) antes del FDO Viernes. ✔️"
¿Cuál es la mejor manera de atemperar chocolate negro usando el método de siembra?,,"Atemperar el chocolate asegura que los cristales de manteca de cacao se solidifiquen en la forma cristalina Beta V, estable y brillante, previniendo el afloramiento (blooming) y dándole al chocolate un chasquido satisfactorio. El método de siembra es a menudo considerado el más fácil para los cocineros caseros.

**1. Trocear y Preparar:** Pique finamente alrededor de dos tercios del chocolate que piensa usar. Reserve el tercio restante; este es su chocolate de 'siembra' o 'semilla'. Asegúrese de que todo el equipo (tazones, espátulas) esté completamente seco, ya que el agua hará que el chocolate se bloquee.

**2. Derretir el Chocolate:** Coloque el chocolate picado en un recipiente resistente al calor sobre un baño maría (una olla con agua a fuego lento, asegurándose de que el recipiente no toque el agua). Revuelva constante y suavemente hasta que el chocolate esté completamente derretido y suave. Para el chocolate negro, debe elevar la temperatura inicial hasta 113°F (45°C). Use un termómetro confiable.

**3. Sembrar y Enfriar:** Retire el recipiente del fuego. Comience a incorporar a mano pequeños puñados del chocolate de 'siembra' reservado. El objetivo es enfriar rápidamente el chocolate mientras se fomenta la formación de cristales estables. Continúe añadiendo y revolviendo hasta que todos los trozos de siembra se hayan derretido y la temperatura general haya descendido a 88-91°F (31-33°C).

**4. Mantener la Temperatura de Trabajo:** Una vez que el chocolate está atemperado, debe permanecer dentro de este rango de temperatura de trabajo (88-91°F) para seguir siendo estable. Si se enfría demasiado, el atemperado se romperá. Si se recalienta demasiado, el atemperado se romperá. Si necesita trabajar con él durante un período prolongado, coloque el tazón sobre una fuente de calor muy baja y apagada o use una almohadilla térmica ajustada al mínimo.

**5. Probar el Atemperado:** Para verificar su trabajo, sumerja la punta de un cuchillo o coloque una pequeña mancha de chocolate sobre un trozo de papel de horno. Si el chocolate se fija firme, liso y brillante en cinco minutos a temperatura ambiente, el atemperado ha sido exitoso."
¿Cuál es la capital de Nueva Zelanda?,,La ciudad capital de Nueva Zelanda es Wellington. Está ubicada en el extremo sur de la Isla Norte.
Enumera los ocho planetas principales de nuestro sistema solar en orden de distancia desde el sol.,,"Los ocho planetas principales en orden de distancia desde el sol son:
1. Mercurio
2. Venus
3. Tierra
4. Marte
5. Júpiter
6. Saturno
7. Urano
8. Neptuno"
"¿Con quién compartió Marie Curie su primer Premio Nobel, y en qué año y campo fue otorgado?","Marie Curie (nacida Maria Skłodowska; 7 de noviembre de 1867 – 4 de julio de 1934) fue una física y química polaca y nacionalizada francesa que llevó a cabo investigaciones pioneras sobre la radiactividad. Fue la primera mujer en ganar un Premio Nobel, la primera persona y única mujer en ganar el Premio Nobel dos veces, y la única persona en ganar el Premio Nobel en dos campos científicos diferentes. Su esposo, Pierre Curie, fue coganador de su primer Premio Nobel, convirtiéndolos en la primera pareja casada en ganar el Premio Nobel e iniciando el legado de cinco Premios Nobel de la familia Curie. También fue la primera mujer en convertirse en profesora en la Universidad de París. En 1903, Marie y Pierre Curie compartieron el Premio Nobel de Física con Henri Becquerel por su trabajo sobre la radiación espontánea.","En 1903, Marie y Pierre Curie compartieron el Premio Nobel de Física con Henri Becquerel."
"Clasifica los siguientes títulos en 'Cargo Político Moderno' o 'Rol Histórico/Monárquico': Cónsul, Canciller, Presidente, Califa, Primer Ministro, Senador, Dux.",,"Cargo Político Moderno: Canciller, Presidente, Primer Ministro, Senador
Rol Histórico/Monárquico: Cónsul, Califa, Dux

Ten en cuenta que 'Canciller' aparece en la lista de Cargo Político Moderno (refiriéndose a jefes de gobierno en países como Alemania y Austria). Sin embargo, el título tiene un profundo uso histórico (por ejemplo, Canciller del Tesoro o varias funciones en las cortes europeas premodernas)."
"Utilizando la terminología de redes estándar (SYN, ACK), describa los tres pasos secuenciales requeridos para un apretón de manos TCP de tres vías exitoso.",,"El apretón de manos TCP de tres vías establece una conexión confiable: 1. SYN (Sincronizar): El cliente inicia la conexión enviando un segmento con la bandera SYN activada al servidor. 2. SYN-ACK (Sincronizar-Aceptar): El servidor recibe el SYN y responde con su propio segmento con las banderas SYN y ACK activadas. 3. ACK (Aceptar): El cliente recibe el SYN-ACK y envía un segmento final con solo la bandera ACK activada, confirmando que la conexión ya está establecida."
¿Dominarán los vehículos eléctricos el mercado automotriz de consumo de EE. UU. para 2030?,,"Si bien las proyecciones de crecimiento son extremadamente altas, lograr una 'dominación' total (definida como el 50% o más de las ventas nuevas) para 2030 sigue siendo un desafío, aunque es posible bajo condiciones óptimas. Actualmente, los VE representan un segmento en rápido crecimiento, pero aún mantienen solo un porcentaje de un solo dígito del mercado total. Los factores que lo permiten incluyen importantes incentivos gubernamentales a través de la Ley de Reducción de la Inflación, la disminución de los costos de las baterías a largo plazo y los objetivos de producción comprometidos por los principales fabricantes de automóviles como Ford y General Motors. Sin embargo, persisten dos obstáculos principales: la escasez e inconsistencia de la infraestructura nacional de carga, lo que alimenta la 'ansiedad por la autonomía' para los posibles compradores, y el continuo alto precio de compra inicial en comparación con vehículos equivalentes con motor de combustión interna, a pesar de los ahorros en los costos operativos. Los pronósticos de consenso actuales predicen que las ventas de VE alcanzarán el 35-45% del mercado para esa fecha, lo que sugiere una gran transformación, pero sin alcanzar la dominación total."
¿Cuál es el procedimiento adecuado para parchear un agujero pequeño (menos de 3 pulgadas) en paneles de yeso?,,"Primero, limpie el área y recorte cualquier papel irregular. Aplique un parche de malla autoadhesivo sobre el agujero. Usando una espátula, aplique una capa delgada de compuesto para juntas sobre el parche, difuminando los bordes hacia afuera. Deje que se seque por completo y luego lije ligeramente. Aplique una segunda capa, más delgada, si es necesario. Una vez seco y liso, imprima y pinte."
Escribe una función corta en Python que calcule el número de Fibonacci n recursivamente.,,"python
def fibonacci_recursive(n):
    """"""Calcula el número de Fibonacci n utilizando recursión.
    Devuelve 0 para entradas no positivas.
    """"""
    if n <= 0:
        return 0
    elif n == 1:
        return 1
    else:
        return fibonacci_recursive(n-1) + fibonacci_recursive(n-2)

# print(fibonacci_recursive(8)) # Resultado: 21
"
"Identifique las figuras clave involucradas en el descubrimiento, producción y nombramiento de la penicilina, e indique el año del descubrimiento inicial.","La penicilina, un grupo de antibióticos, fue descubierta por primera vez en 1928 por el médico escocés Alexander Fleming. Observó que un moho que contaminaba una placa de Petri inhibía el crecimiento de la bacteria Staphylococcus. Fleming nombró a la sustancia penicilina por el moho Penicillium rubens. Aunque a Fleming se le atribuye el descubrimiento inicial, no fue hasta principios de la década de 1940 que el farmacólogo australiano Howard Florey y el bioquímico alemán Ernst Chain desarrollaron métodos para su producción en masa y purificación, convirtiéndola en un medicamento viable para tratar infecciones durante la Segunda Guerra Mundial.",Alexander Fleming descubrió la penicilina en 1928 y también le dio nombre. Howard Florey y Ernst Chain fueron figuras clave a principios de la década de 1940 que desarrollaron métodos para su producción en masa y purificación.
¿Qué es una API y cómo funciona en las aplicaciones web modernas?,,"Una Interfaz de Programación de Aplicaciones (API) es esencialmente un conjunto de definiciones y protocolos que permite que dos aplicaciones de software se comuniquen entre sí. Actúa como un mensajero, entregando solicitudes de una aplicación a otra y luego enviando la respuesta de vuelta al solicitante inicial.

### Función en Aplicaciones Web
En el desarrollo web moderno, las API son la columna vertebral de la interacción, especialmente para microservicios y sistemas distribuidos. Permiten que las aplicaciones cliente (como una aplicación móvil o un navegador) interactúen con los recursos del lado del servidor sin exponer la lógica interna o la estructura de la base de datos del servidor. Esto proporciona seguridad, estabilidad y permite a los desarrolladores integrar rápidamente servicios de terceros.

Por ejemplo, si una aplicación meteorológica necesita obtener datos de temperatura actuales, no rastrea un sitio web; realiza una llamada a la API de un proveedor de servicios meteorológicos. La API define el formato preciso (a menudo utilizando solicitudes HTTP y datos JSON) de cómo se debe realizar esa solicitud y cómo se entregarán los datos resultantes. El tipo de API web más común hoy en día es la API RESTful (Representational State Transfer)."
"¿De dónde toma su nombre el alimento ""sándwich""?",,"Un sándwich recibe su nombre de John Montagu, el 4º Conde de Sandwich, un noble inglés del siglo XVIII que supuestamente pidió a sus sirvientes que le sirvieran carne en lonchas entre dos trozos de pan para poder comer sin levantarse de la mesa de juego durante una larga sesión de apuestas."
"¿Es el rápido avance de la Inteligencia Artificial una amenaza existencial para la democracia y el empleo humano, o es simplemente la próxima revolución industrial?",,"La IA presenta tanto oportunidades profundas como riesgos significativos, lo que dificulta categorizarla simplemente como 'la próxima revolución industrial'. Si bien ciertamente aporta ganancias masivas de productividad, resolviendo problemas complejos desde el modelado climático hasta el diagnóstico médico, las amenazas existenciales se centran menos en el peligro físico y más en la estructura sociopolítica. La concentración del poder de la IA en unas pocas corporaciones tecnológicas masivas les otorga un control sin precedentes sobre el flujo de información y la toma de decisiones individual, lo cual es altamente corrosivo para las instituciones democráticas a través de la desinformación dirigida y la vigilancia sofisticada. En cuanto al empleo, esto es diferente de las revoluciones anteriores donde se reemplazaron trabajos de baja cualificación; la IA es capaz de automatizar tareas cognitivas complejas (leyes, generación de código, análisis financiero). El riesgo no es solo la pérdida de empleo, sino un cambio estructural que ocurre demasiado rápido para que las sociedades se adapten, lo que lleva a un desempleo estructural arraigado y a una mayor desigualdad económica. El resultado—revolución o amenaza— depende enteramente de una regulación proactiva que prevenga la monopolización, exija transparencia ética e implemente redes de seguridad social diseñadas para una economía automatizada."
Extrae la fecha específica y la consecuencia humana inmediata del desastre de Chernóbil descritas en el texto.,"El desastre de Chernóbil, un catastrófico accidente nuclear, ocurrió el 26 de abril de 1986, cerca de la ciudad de Prípiat en la RSS de Ucrania, Unión Soviética. Un repentino aumento de potencia durante una prueba de los sistemas del reactor provocó una explosión e incendio que liberó grandes cantidades de material radiactivo a la atmósfera, requiriendo la evacuación inmediata de más de 100.000 residentes de la zona.",La fecha fue el 26 de abril de 1986. La consecuencia humana inmediata fue la evacuación requerida de más de 100.000 residentes.
"Un cliente se centra en maximizar la hipertrofia del bíceps. Actualmente entrena bíceps una vez a la semana con 8 series efectivas totales. ¿Se considera este volumen/frecuencia óptimo según las recomendaciones actuales de la ciencia del deporte para la hipertrofia, y qué cambio podría generar mejores resultados?",,"Si bien 8 series efectivas se encuentran dentro del rango aceptado para el crecimiento muscular (típicamente de 10 a 20 series por grupo muscular semanalmente para levantadores intermedios), entrenar bíceps solo una vez por semana es generalmente subóptimo para maximizar la hipertrofia. La investigación actual indica que dividir el volumen en una frecuencia más alta (2 a 3 veces por semana) es más efectivo. La estrategia óptima implicaría entrenar los bíceps dos veces por semana (por ejemplo, 4 series por sesión). Este enfoque mantiene un mayor tiempo acumulado bajo tensión y asegura que la ventana de síntesis de proteínas musculares se estimule con mayor frecuencia a lo largo de la semana, lo que lleva a resultados de crecimiento superiores a largo plazo."
Revise la lista proporcionada de cuerpos celestes e identifique solo los planetas terrestres dentro de nuestro Sistema Solar.,"Mercurio, Júpiter, Marte, Venus, Titán, Tierra, Saturno, Plutón.","Los planetas terrestres son Mercurio, Marte, Venus y la Tierra. Júpiter y Saturno son gigantes gaseosos, Plutón es un planeta enano y Titán es una luna."
"Clasifica los siguientes elementos en tres categorías: Islas Principales del Mundo, Elementos Químicos y Obras de William Shakespeare: Neón, Hamlet, Madagascar, Hierro, Noche de Reyes, Borneo, Cloro, Macbeth, Islandia, Oro, Otelo, Sicilia.",,"Islas Principales del Mundo: Madagascar, Borneo, Islandia, Sicilia
Elementos Químicos: Neón, Hierro, Cloro, Oro
Obras de William Shakespeare: Hamlet, Noche de Reyes, Macbeth, Otelo"
¿Cuándo fue desmantelada la ARPANET y quiénes fueron los individuos clave involucrados en su desarrollo y diseño tempranos?,"La Red de la Agencia de Proyectos de Investigación Avanzada (ARPANET) fue una de las primeras redes de conmutación de paquetes y la primera red en implementar el conjunto de protocolos TCP/IP. Ambas tecnologías se convirtieron en la base técnica de Internet. ARPANET fue establecida por la Agencia de Proyectos de Investigación Avanzada (ARPA) del Departamento de Defensa de los Estados Unidos. Comenzó su desarrollo en 1966 bajo la dirección de Robert Taylor y fue diseñada por Lawrence Roberts. Las dos primeras computadoras host se conectaron el 29 de octubre de 1969, entre la Universidad de California, Los Ángeles (UCLA) y el Instituto de Investigación de Stanford (SRI). ARPANET fue desmantelada oficialmente en 1990, reemplazada por la infraestructura comercial de internet.","ARPANET fue desmantelada oficialmente en 1990. Los individuos clave involucrados en su desarrollo y diseño tempranos incluyen a Robert Taylor, quien dirigió el desarrollo a partir de 1966, y a Lawrence Roberts, quien diseñó la red."
Resume el texto proporcionado en una sola frase concisa.,"La mariposa monarca experimenta metamorfosis completa, pasando por cuatro etapas distintas: huevo, larva (oruga), pupa (crisálida) y adulto. Este insecto migratorio es famoso por su masivo viaje anual que cubre miles de millas desde EE. UU. y Canadá hasta el centro de México, a menudo a través de múltiples generaciones.",La mariposa monarca es un insecto migratorio famoso por su metamorfosis de cuatro etapas y su masivo viaje multigeneracional desde Norteamérica hasta el centro de México.
¿Cuál es el punto más profundo en los océanos de la Tierra?,,"El punto conocido más profundo en los océanos de la Tierra es el Abismo Challenger, ubicado en el extremo sur de la Fosa de las Marianas, cerca de las islas de Guam en el Pacífico Occidental. Se estima que la profundidad es de alrededor de 10,935 metros (35,876 pies) por debajo del nivel del mar, lo que lo hace significativamente más profundo de lo que es alto el Monte Everest. Solo un puñado de exploradores ha logrado alcanzar con éxito este entorno extremo de alta presión."
Identifique y analice la obra más influyente de la filosofía existencial publicada en el siglo XX.,,"Aunque *El Ser y la Nada* (1943) de Jean-Paul Sartre proporcionó el marco metafísico para el existencialismo francés del siglo XX, la obra más influyente, medida por su impacto social e intelectual inmediato y duradero, es *El Segundo Sexo* (1949) de Simone de Beauvoir. Beauvoir utilizó los conceptos existenciales de libertad, responsabilidad y 'el Otro' para diseccionar fundamentalmente la sociedad patriarcal y la construcción social de la feminidad. Su tesis central, 'No se nace mujer, sino que se llega a serlo', se convirtió en el argumento fundamental para la subsiguiente segunda ola del feminismo y los estudios de género. El texto llevó el pensamiento existencial más allá de la pura contemplación metafísica y lo aplicó rigurosamente a la crítica social y política, conduciendo a cambios ideológicos en el mundo real que superaron con creces el impacto de las obras puramente ontológicas."
"Enumere las tres secciones principales del oído humano y los tres diminutos huesos que se encuentran en la cavidad del oído medio, según el texto proporcionado.","El oído humano se divide en tres secciones: el oído externo, el oído medio y el oído interno. El oído externo, que consiste principalmente en el pabellón auricular y el conducto auditivo, recoge las ondas sonoras. Estas ondas viajan por el conducto auditivo hasta que golpean la membrana timpánica (tímpano), marcando el comienzo del oído medio. El oído medio es una cavidad llena de aire que contiene tres diminutos huesos llamados osículos: el martillo (malleus), el yunque (incus) y el estribo (stapes). Estos huesos transmiten y amplifican las vibraciones del tímpano a la ventana oval, que conduce al oído interno. El oído interno alberga la cóclea, una estructura espiral llena de líquido responsable de convertir las vibraciones mecánicas en señales nerviosas. También contiene el sistema vestibular, crucial para el equilibrio.","Las tres secciones principales del oído humano son el oído externo, el oído medio y el oído interno. Los tres diminutos huesos (osículos) que se encuentran en el oído medio son el martillo (malleus), el yunque (incus) y el estribo (stapes)."
¿Qué tan grande fue el terremoto más grande registrado y qué unidad se utiliza para medir su magnitud?,,"El terremoto más grande registrado fue el terremoto de Valdivia de 1960 (también conocido como el Gran Terremoto de Chile), que ocurrió el 22 de mayo de 1960. Registró una magnitud de 9.5. La magnitud de los terremotos se mide principalmente utilizando la Escala de Magnitud de Momento (MMS), que reemplazó a la antigua Escala de Richter (o escala de magnitud local) para grandes eventos porque la MMS proporciona una evaluación más precisa de la energía total liberada."
¿Quién fue la primera mujer en ganar un Premio Nobel?,,"Marie Curie fue la primera mujer en ganar un Premio Nobel, el cual recibió en Física en 1903."
"Identifica cuáles de los siguientes lenguajes de programación son típicamente compilados y cuáles son típicamente interpretados: Python, C++, JavaScript, Go.",,Python y JavaScript son típicamente interpretados. C++ y Go son típicamente compilados.
Esquematiza los tres pasos más importantes para cultivar tomates con éxito en un huerto casero.,,"Los tres pasos más importantes para cultivar tomates con éxito son: 1. **Preparación del Suelo y Plantación:** Asegúrate de que el suelo sea rico, ligeramente ácido y con buen drenaje. Planta las plántulas profundamente, quitando las hojas inferiores, para fomentar un fuerte crecimiento de las raíces a lo largo del tallo enterrado. 2. **Riego Consistente:** Los tomates requieren un riego profundo y regular, especialmente durante el desarrollo del fruto. El riego inconsistente provoca agrietamiento y pudrición apical (culillo negro), por lo que debes mantener niveles de humedad constantes. 3. **Soporte y Poda Adecuados:** Utiliza estacas o jaulas para mantener las pesadas vides fuera del suelo, mejorando la circulación del aire. Poda los chupones (pequeños brotes que crecen entre el tallo principal y una rama) para dirigir la energía a la producción de frutos en lugar de a un follaje excesivo."
Redactar un correo electrónico a mi gerente solicitando una revisión salarial y describiendo mis logros clave durante el año pasado para justificar un aumento del 15%.,,"Asunto: Solicitud de Revisión Salarial - [Tu Nombre]

Estimado/a [Nombre del Gerente],

Espero que este correo te encuentre bien.

Me dirijo a usted formalmente para solicitar una revisión de mi paquete de compensación actual. Al acercarme a mi aniversario con la empresa, considero que mis contribuciones durante los últimos 12 meses justifican firmemente un ajuste significativo, específicamente un aumento del 15%, para alinearse tanto con mis responsabilidades crecientes como con las tarifas de mercado actuales para mi puesto.

Los aspectos clave de mi desempeño durante el último año incluyen:

*   **Liderazgo de Proyecto:** Dirigí con éxito la implementación del Proyecto X, completando la iniciativa tres semanas antes de lo programado y $10,000 por debajo del presupuesto.
*   **Mejora de la Eficiencia:** Diseñé e implementé un nuevo flujo de trabajo de informes que redujo el tiempo de preparación trimestral para el equipo en 25 horas.
*   **Tutoría y Desarrollo:** Fui mentor de dos nuevos analistas junior, quienes ahora operan a plena capacidad y han recibido comentarios positivos de equipos multifuncionales.
*   **Logro de Metas:** Superé consistentemente mis objetivos de rendimiento trimestrales, entregando el 110% de mis metas asignadas para el T3 y T4.

Estoy muy comprometido/a con [Nombre de la Empresa] y entusiasmado/a con los desafíos que se avecinan. Agradecería la oportunidad de discutir mi desempeño, futuros objetivos y esta solicitud de compensación con más detalle durante una reunión individual la próxima semana. Por favor, hágamelo saber qué horario le resulta más conveniente.

Gracias por su tiempo y consideración.

Saludos cordiales,
[Tu Nombre]"
Identificar el origen y el evento fundacional del campo de la Inteligencia Artificial basándose en el texto proporcionado.,"El término 'Inteligencia Artificial' fue acuñado oficialmente en 1956 en un taller celebrado en el campus de Dartmouth College. Organizado por John McCarthy, entre los asistentes se encontraban Marvin Minsky, Nathaniel Rochester y Claude Shannon. La propuesta central de la conferencia afirmaba que 'todo aspecto del aprendizaje o cualquier otra característica de la inteligencia puede en principio describirse con tanta precisión que una máquina pueda ser hecha para simularlo'. Este taller se considera generalmente el evento fundacional de la IA como campo de estudio. Antes de esto, Alan Turing ya había explorado los límites teóricos de la computación con su artículo 'Computing Machinery and Intelligence' (1950), que introdujo el concepto de la Prueba de Turing.","El término 'Inteligencia Artificial' fue acuñado en 1956. El evento fundacional de la IA como campo de estudio fue un taller celebrado en Dartmouth College ese año, organizado por John McCarthy. Entre los asistentes clave se encontraba Marvin Minsky. El trabajo teórico previo fue realizado por Alan Turing, quien introdujo la Prueba de Turing en 1950."
¿Cuál es el nombre del dispositivo mágico utilizado para retroceder el tiempo?,,Giratiempos
"Enumere las cuatro personas clave involucradas en el descubrimiento y refinamiento inicial de la insulina, especificando sus respectivas contribuciones según lo descrito en el pasaje.","El descubrimiento de la insulina se atribuye principalmente a Frederick Banting y Charles Best en Toronto en 1921. Banting, un joven cirujano, concibió la idea inicial de que un extracto de los islotes pancreáticos podría tratar la diabetes. El profesor John J.R. Macleod proporcionó a Banting espacio de laboratorio en la Universidad de Toronto durante el verano y asignó a Charles Best, un estudiante de medicina, como su asistente. Trabajando con perros, Banting y Best aislaron con éxito la secreción interna del páncreas, a la que inicialmente llamaron 'isletina'. Más tarde, James Collip, un bioquímico, refinó el proceso de purificación del extracto, haciéndolo seguro para uso humano. El primer paciente humano, Leonard Thompson, de 14 años, recibió el tratamiento en enero de 1922. Por su trabajo, Banting y Macleod recibieron controversialmente el Premio Nobel de Fisiología o Medicina en 1923, que Banting compartió inmediatamente con Best, y Macleod compartió con Collip.","Frederick Banting: Concibió la idea inicial y aisló con éxito la secreción pancreática ('isletina').
Charles Best: Ayudó a Banting en el trabajo de laboratorio aislando la secreción.
John J.R. Macleod: Proporcionó el espacio de laboratorio en la Universidad de Toronto y asignó a Best como asistente de Banting.
James Collip: Refinó el proceso de purificación del extracto, haciéndolo seguro para uso humano."
Sugiere tres actividades familiares bajo techo adecuadas para una tarde de sábado lluviosa.,,"1. Construye un Fuerte y Lee: Usa mantas, sillas y almohadas para crear un gran fuerte interior. Trae linternas y libros dentro para una acogedora sesión de lectura.
2. Hornea Juntos: Elige una receta simple como galletas o brownies. Hornear es una excelente manera de enseñar habilidades de medición y proporciona una sabrosa recompensa.
3. Torneo de Juegos de Mesa: Saca varios juegos de mesa clásicos o juegos de cartas (como Monopolio, Uno o Damas) y crea un cuadro de clasificación para un torneo amistoso."
¿Qué define un sistema alimentario sostenible?,,"Un sistema alimentario sostenible es aquel que garantiza la seguridad alimentaria y la nutrición para todos sin comprometer las bases económicas, ambientales y sociales para las generaciones futuras. Los aspectos clave incluyen minimizar el desperdicio, promover la biodiversidad, apoyar salarios justos para los agricultores y reducir significativamente la dependencia de los combustibles fósiles en la producción y el transporte."
Describe la dieta típica y la esperanza de vida de la Ballena Azul.,,"La Ballena Azul (Balaenoptera musculus) se alimenta principalmente de pequeños crustáceos llamados krill. Una ballena azul adulta puede consumir hasta 4 toneladas de krill por día durante la temporada alta de alimentación. Su esperanza de vida promedio se estima entre 80 y 90 años, aunque algunos individuos pueden vivir más de 100 años."
¿Cuáles son los cuatro ingredientes principales necesarios para hacer una clásica baguette francesa?,,"Los cuatro ingredientes principales necesarios para hacer una clásica baguette francesa son harina (generalmente harina blanca con alto contenido de proteínas), agua, levadura y sal."
"Clasifique estas técnicas de cocina en métodos de calor seco, calor húmedo o métodos combinados, y describa brevemente cada técnica: asar a la parrilla, brasear, cocinar al vapor, freír en aceite, asar al horno, estofar.",,"Las técnicas se clasifican de la siguiente manera:

**Métodos de Calor Seco**

*   **Asar a la Parrilla:** Un método de calor seco que consiste en cocinar alimentos rápidamente sobre una fuente de calor directa (por ejemplo, carbón, quemador de gas) colocada debajo de la comida. Imparte marcas de sellado distintas y un sabor ahumado.
*   **Asar al Horno:** Cocinar alimentos, generalmente descubiertos y a menudo grandes cortes de carne o vegetales enteros, en un horno utilizando aire caliente y circulante. El calor cuece los alimentos lentamente de afuera hacia adentro.
*   **Freír en Aceite (Fritura Profunda):** Un método de cocción donde los alimentos se sumergen completamente en una cubeta de grasa o aceite caliente. La alta temperatura del aceite cuece rápidamente el exterior, creando una corteza crujiente mientras mantiene la humedad en el interior.

**Métodos de Calor Húmedo**

*   **Cocinar al Vapor:** Un método que cocina los alimentos al rodearlos de vapor caliente. Esta técnica ayuda a preservar el color, la textura y los nutrientes de los vegetales y mariscos, ya que el alimento no entra en contacto directo con el líquido de cocción.

**Métodos Combinados**

*   **Brasar:** Esto implica un proceso de dos pasos: primero, el alimento (generalmente un corte grande y duro de carne) se sella en grasa para desarrollar color y sabor (calor seco). Segundo, se cocina parcialmente sumergido en líquido, cubierto, a baja temperatura durante un largo período (calor húmedo).
*   **Estofar:** Similar al braseado, pero el alimento se corta en trozos más pequeños y uniformes, se sella y luego se cocina completamente sumergido en líquido. Esto se utiliza a menudo para ablandar ingredientes duros y crear salsas o jugos ricos."
"¿Cuál es un ejemplo de un animal de sangre fría o de sangre caliente: lagarto, gato?",,"el lagarto es de sangre fría, el gato es de sangre caliente"
Lista tres logros principales de Albert Einstein.,,"Los principales logros de Albert Einstein incluyen el desarrollo de la teoría de la relatividad especial, la formulación de la teoría de la relatividad general y la explicación del efecto fotoeléctrico (por el cual ganó el Premio Nobel)."
¿Cuál es la capital de Australia?,,La capital de Australia es Canberra.
¿Qué porcentaje del mercado total es capturado por el principal competidor de TechCorp?,"TechCorp anunció sus resultados del tercer trimestre, reportando $5.4 mil millones en ingresos, un aumento del 15% interanual. Su principal competidor, Global Systems Inc., tiene una cuota de mercado del 40%. TechCorp actualmente captura el 28% del mercado total. Los gastos operativos alcanzaron los $3.1 mil millones. El precio de las acciones cerró en $155.80, una baja del 2.5% durante el día.",40%
¿Cuáles son los principales beneficios del ejercicio cardiovascular regular?,,"El ejercicio cardiovascular regular (como correr, nadar o andar en bicicleta) ofrece numerosos beneficios para la salud. Físicamente, fortalece el corazón y los pulmones, aumentando la eficiencia y la resistencia. Reduce significativamente el riesgo de enfermedades crónicas como la diabetes tipo 2, las enfermedades cardíacas y la presión arterial alta. Además, el ejercicio ayuda en el control del peso al quemar calorías y estimular el metabolismo. Mentalmente, es un potente reductor del estrés, ya que libera endorfinas que pueden mejorar el estado de ánimo y reducir los síntomas de ansiedad y depresión. Los beneficios a largo plazo incluyen una mejor densidad ósea y una mejor calidad del sueño, contribuyendo significativamente a la longevidad y calidad de vida en general."
¿Qué factores contribuyeron al éxito sin precedentes del Universo Cinematográfico de Marvel (UCM)?,,"El Universo Cinematográfico de Marvel (UCM) es una franquicia mediática masiva que se ha convertido en la serie de películas más taquillera de todos los tiempos, redefiniendo el cine de superproducciones desde el lanzamiento de Iron Man en 2008. Su éxito se basa en una combinación única de planificación estratégica a largo plazo, el atractivo de sus personajes y la adaptabilidad a través de géneros.

En primer lugar, está el concepto del universo cinematográfico compartido. Bajo la dirección del productor Kevin Feige, Marvel Studios introdujo la idea de narrativas interconectadas que abarcan múltiples películas (conocidas como 'Fases'). Esta estructura permite que los personajes secundarios de una película se conviertan en protagonistas en otra, culminando en eventos masivos de cruce (como las películas de 'Los Vengadores'). Esta serialización estratégica fomentó un sentido de lealtad entre los espectadores, recompensando la inversión a largo plazo en la historia y la tradición general de la franquicia.

En segundo lugar, el UCM destaca en la hibridación de géneros, manteniendo al mismo tiempo una estética consistente. Si bien todas las películas están arraigadas en la acción y la aventura, la franquicia experimenta frecuentemente con diferentes tonos. Películas como 'Capitán América: El Soldado de Invierno' funcionan como thrillers de espionaje político, 'Guardianes de la Galaxia' es una comedia de ópera espacial, y 'Thor: Ragnarok' se inclina fuertemente hacia la comedia y la fantasía. Esta fluidez de género evita que el contenido se sienta obsoleto, atrayendo a audiencias diversas que tradicionalmente podrían no sentirse atraídas por las películas de superhéroes.

El desarrollo de personajes y el casting también han sido críticos. Marvel priorizó encontrar actores que pudieran encarnar la personalidad a largo plazo de los personajes, como Robert Downey Jr. como Iron Man y Chris Evans como Capitán América. Los contratos para múltiples películas permitieron a las audiencias crecer con estas iteraciones de los héroes, creando una profunda conexión emocional cuando los arcos argumentales principales concluyen o los personajes son retirados. El enfoque está menos en los trajes y los poderes, y más en la humanidad y las fallas de los héroes.

Finalmente, el UCM aprovechó su calendario estratégico de estrenos. Al lanzar constantemente dos o tres películas importantes anualmente e integrar series de televisión (a través de plataformas como Disney+), la franquicia mantiene una presencia constante en la cultura popular. Los principales estrenos cinematográficos son tratados como eventos culturales globales, generando ingresos masivos de taquilla y manteniendo una relevancia sostenida durante más de una década. Este flujo continuo de contenido asegura que el universo siempre se sienta activo y en expansión."
"¿Cuál es el origen y el significado de la frase ""jumping the shark""?",,"La frase se refiere al momento en la historia de un programa de televisión, banda o entidad cultural en el que recurre a tramas o recursos sensacionalistas, a menudo ridículos, en un intento desesperado por mantener la relevancia, lo que indica un declive significativo en la calidad. La frase se originó a partir de un episodio específico del programa de televisión *Happy Days* en 1977, donde el personaje Fonzie (Henry Winkler) literalmente salta sobre un tiburón mientras practicaba esquí acuático."
"Identifique todas las principales ubicaciones geográficas o puntos de referencia famosos mencionados en el texto y enumérelos alfabéticamente, separados por comas.","Julio César cruzó el Rubicón en el 49 a.C., encendiendo una guerra civil. Sus conquistas expandieron enormemente el territorio de la República Romana, extendiéndose desde la Galia, a través del Canal de la Mancha hasta Britania, y al sur hasta Egipto. La capital, Roma, con su impresionante Coliseo y Foro, siguió siendo el centro del poder. Aunque nunca conquistó Germania, su influencia moldeó toda la región del Mediterráneo, a menudo llamada 'Mare Nostrum'.","Britania, Coliseo, Egipto, Canal de la Mancha, Foro, Galia, Germania, Mediterráneo, Roma, Rubicón"
¿Cuándo y por qué se construyó la Torre Eiffel?,,"La Torre Eiffel fue construida entre 1887 y 1889 para la Feria Mundial de 1889 (Exposición Universal), que celebraba el centenario de la Revolución Francesa. Su propósito era servir como arco de entrada a la Feria y, al principio, solo se planeó que permaneciera en pie durante 20 años."
¿Cuál es la ciudad capital de Australia?,,Canberra
¿Cuáles son los argumentos principales para elegir la inversión pasiva en fondos indexados en lugar de la selección activa de acciones?,,"La inversión pasiva, típicamente a través de fondos indexados de bajo costo, se basa en gran medida en la Hipótesis del Mercado Eficiente (HME), que sugiere que toda la información disponible ya se refleja en los precios de las acciones, lo que hace extremadamente difícil para cualquier gestor superar consistentemente al mercado después de tener en cuenta las comisiones. Los argumentos principales incluyen: 1) **Costos más bajos:** Los fondos pasivos tienen índices de gastos significativamente menores que los fondos gestionados activamente, lo que se acumula dramáticamente a lo largo de las décadas. 2) **Diversificación:** Los fondos pasivos logran instantáneamente una amplia diversificación, reflejando el perfil de riesgo general del mercado. 3) **Evidencia empírica:** Numerosos estudios demuestran que la gran mayoría de los gestores de fondos activos no logran superar sus índices de referencia (como el S&P 500) durante períodos de 10 años o más, haciendo que el logro constante de alfa sea raro y costoso para el inversor promedio. Este enfoque captura de manera fiable los rendimientos a largo plazo del mercado."
¿Cómo puedo pulir un correo electrónico profesional de manera rápida y efectiva antes de enviarlo?,,"Editar bajo presión requiere un enfoque sistemático y priorizado. Para pulir un correo electrónico profesional de manera rápida y efectiva antes de enviarlo, siga estos pasos:
1) **Clasificación de Destinatarios/Archivos Adjuntos:** Vuelva a verificar que los destinatarios correctos estén en los campos 'Para' y 'CC', y que todos los archivos adjuntos prometidos estén realmente incluidos. Este es el paso más crítico para evitar vergüenza o retrasos inmediatos.
2) **Prueba de Claridad de la Línea de Asunto:** Asegúrese de que la línea de asunto sea concisa (idealmente de 5 a 8 palabras) y que refleje con precisión el contenido y la urgencia del correo electrónico (p. ej., use el prefijo [ACCIÓN REQUERIDA] o [PARA SU INFORMACIÓN]).
3) **Lectura en Voz Alta para Tono y Flujo:** Lea el correo electrónico completo en voz alta, prestando atención al ritmo y al tono profesional. Escuchar ayuda a detectar oraciones demasiado largas, frases ambiguas o cambios abruptos de tema que a menudo se pasan por alto en la lectura silenciosa.
4) **Aísle los Elementos de Acción:** Si el correo electrónico requiere que el destinatario actúe, resuma esas acciones específicas en una lista numerada o con viñetas justo encima de su despedida. Esto evita que las solicitudes clave queden enterradas en el cuerpo del texto.
5) **La Revisión hacia Atrás:** Lea el correo electrónico al revés, frase por frase. Esto interrumpe el enfoque en el flujo del contenido y obliga a su cerebro a concentrarse exclusivamente en la ortografía, el uso de mayúsculas y la puntuación, lo que reduce significativamente los errores tipográficos básicos.
6) **Elimine la Jerga Innecesaria y las Dudas:** Elimine las palabras de relleno, los calificadores excesivos (""creo que"", ""más o menos"", ""quizás"") y la jerga empresarial innecesaria. Busque un lenguaje directo y económico."
Alfabetizar la siguiente lista de frutas.,"Manzana, Plátano, Kiwi, Naranja, Pomelo, Cereza","Manzana, Plátano, Cereza, Pomelo, Kiwi, Naranja"
¿Cuántos meses tienen 28 días?,,Los doce meses tienen al menos 28 días.
"Identificar todos los años específicos mencionados en el texto y listarlos cronológicamente, seguidos de una breve descripción del evento asociado.","Marie Skłodowska nació en Varsovia, Polonia, el 7 de noviembre de 1867. Se mudó a París en 1891 para estudiar en la Sorbona. En 1895, se casó con Pierre Curie. La pareja llevó a cabo investigaciones pioneras, lo que les valió ser galardonados con el Premio Nobel de Física en 1903, compartido con Henri Becquerel, por sus estudios sobre la radiación. Trágicamente, Pierre murió en un accidente de tráfico en 1906. Marie continuó su trabajo y en 1911, recibió un segundo Premio Nobel, esta vez de Química, por el descubrimiento del polonio y el radio. Ella falleció en 1934.","1867: Nació en Varsovia, Polonia.
1891: Se mudó a París para estudiar en la Sorbona.
1895: Se casó con Pierre Curie.
1903: Galardonada con el Premio Nobel de Física.
1906: Murió Pierre Curie.
1911: Recibió el Premio Nobel de Química.
1934: Falleció."
Estoy haciendo un lote de galletas con chispas de chocolate pero me di cuenta de que no tengo huevos. ¿Cuáles son los mejores sustitutos de huevo para ligar y dar humedad en una receta estándar de galletas?,,"En las galletas con chispas de chocolate estándar, el huevo funciona principalmente como aglutinante (ligante) y añade humedad. Aquí tienes tres sustitutos efectivos:

1. Huevo de lino o chía: Mezcla 1 cucharada de semillas de lino o chía molidas con 3 cucharadas de agua y déjalo reposar durante 5 minutos hasta que esté gelatinoso. Es excelente para ligar y replicar la textura pegajosa de la clara de huevo.

2. Purés de frutas (puré de manzana o plátano machacado): Usa 1/4 de taza de puré de manzana sin azúcar o plátano maduro machacado por cada huevo. Estos añaden humedad, pero pueden alterar ligeramente el perfil de sabor y potencialmente hacer que las galletas queden más masticables o con textura de pastel.

3. Yogur o suero de leche (Buttermilk): Usa 1/4 de taza de yogur natural (lácteo o no lácteo) o suero de leche por cada huevo. Esto proporciona tanto humedad como estructura aglutinante. Considera siempre reducir ligeramente otros ingredientes líquidos si utilizas sustitutos con alto contenido de humedad como purés o yogur."
Explique los principios fundamentales del cubismo en el arte.,,"El cubismo fue un movimiento artístico de vanguardia de principios del siglo XX muy influyente, iniciado por Pablo Picasso y Georges Braque. Su principio principal es el alejamiento radical de la perspectiva tradicional al representar los sujetos desde múltiples puntos de vista simultáneamente dentro del mismo plano pictórico. Esta técnica a menudo resulta en formas fragmentadas y abstractas, y en planos geométricos entrelazados. Generalmente se divide en dos fases principales: Cubismo Analítico (temprano, monocromático, fragmentación compleja) y Cubismo Sintético (posterior, formas más simples, introducción del collage)."
Convierta las siguientes medidas a litros y redondee la respuesta a dos decimales.,"4.5 galones, 12 cuartos de galón, 33 onzas líquidas","4.5 galones ≈ 17.03 litros
12 cuartos de galón ≈ 11.36 litros
33 onzas líquidas ≈ 0.98 litros"
¿Cuál fue el mayor obstáculo para la construcción exitosa del Canal de Panamá?,,"La mayor amenaza no fue la hazaña de ingeniería de tallar a través del Corte Culebra; fue el enemigo invisible: la enfermedad. El intento inicial francés fracasó casi por completo debido a la malaria desenfrenada y la fiebre amarilla, que diezmaron su fuerza laboral. Cuando los estadounidenses se hicieron cargo, el coronel William C. Gorgas tuvo que derrotar esencialmente a la población de mosquitos antes de que la construcción pudiera continuar. Drenaron pantanos, fumigaron edificios e instalaron una infraestructura de saneamiento masiva. El costo humano fue asombroso: las estimaciones sugieren que más de 25,000 trabajadores murieron durante los esfuerzos de construcción franceses y estadounidenses combinados. A menudo se le llama una de las mayores hazañas de ingeniería, pero también fue una de las mayores batallas contra las enfermedades tropicales."
¿Cuál es el principal recurso literario empleado en la famosa frase inicial de 'Historia de dos ciudades' de Charles Dickens?,,Antítesis y Paralelismo
"Para las siguientes obras literarias, indique el idioma original: Guerra y Paz, 1984, Don Quijote, Fausto, Cien años de soledad, La epopeya de Gilgamesh, Hamlet.",,"Guerra y Paz: Ruso
1984: Inglés
Don Quijote: Español
Fausto: Alemán
Cien años de soledad: Español
La epopeya de Gilgamesh: Acadio
Hamlet: Inglés"
"¿Cuáles son los tres textos diferentes inscritos en la Piedra de Rosetta, y por qué fue esencial el artefacto para la lingüística histórica?","La Piedra de Rosetta es una estela compuesta de granodiorita inscrita con tres versiones del mismo decreto emitido en Menfis, Egipto, en el 196 a.C. durante la dinastía ptolemaica. Los textos superior y medio están en jeroglíficos egipcios antiguos y escritura demótica, respectivamente, mientras que el texto inferior está en griego antiguo. Debido a que el decreto tiene esencialmente el mismo significado escrito en tres escrituras, la Piedra proporcionó la clave crucial para descifrar los jeroglíficos egipcios en 1822 por Jean-François Champollion. Antes de su descubrimiento, la comprensión de los jeroglíficos se había perdido durante casi 1.500 años.","La Piedra de Rosetta contiene tres textos: jeroglíficos egipcios antiguos, escritura demótica y griego antiguo. Fue esencial para la lingüística histórica porque, dado que las tres versiones contenían el mismo decreto, permitió a Jean-François Champollion descifrar los jeroglíficos egipcios en 1822, restaurando el conocimiento que se había perdido durante casi 1.500 años."
¿Cuál es la función principal de las mitocondrias y qué apodo se les da a menudo?,"Las mitocondrias son orgánulos unidos a membranas que se encuentran en el citoplasma de casi todas las células eucariotas. Su función principal es generar la gran mayoría del suministro celular de trifosfato de adenosina (ATP), utilizado como fuente de energía química. Este proceso, llamado respiración celular, implica la conversión de oxígeno y nutrientes en ATP. Debido a que son esenciales para la producción de energía, a menudo se las apoda las 'centrales energéticas de la célula'. También desempeñan un papel fundamental en la diferenciación celular, la transducción de señales y la muerte celular programada (apoptosis).",La función principal de las mitocondrias es generar el suministro celular de trifosfato de adenosina (ATP) a través de la respiración celular. A menudo se las apoda las 'centrales energéticas de la célula'.
Generar tres nombres potenciales para una nueva startup enfocada en la agricultura vertical urbana sostenible. Incluir una breve justificación de una frase para cada nombre.,,"Aquí hay tres nombres potenciales para la startup de agricultura vertical:

1. **AeroSprout:** Combina 'Aero' (relacionado con el aire y la hidroponía) y 'Sprout' ('brote', implicando crecimiento y frescura) para sugerir una agricultura eficiente y moderna.
2. **TerraStack:** 'Terra' se relaciona con la Tierra/productos, mientras que 'Stack' ('pila' o 'apilamiento') se refiere directamente al método de cultivo vertical en capas utilizado en las ciudades.
3. **CityHarvest Collective:** Un nombre descriptivo que enfatiza la ubicación urbana ('City'), el objetivo ('Harvest') y el enfoque comunitario de los alimentos cultivados localmente."
Explique la función y estructura del Sistema de la Reserva Federal de los EE. UU.,,"El Sistema de la Reserva Federal de los EE. UU. (La Fed) es el banco central de los Estados Unidos. Establecido por la Ley de la Reserva Federal en 1913, su propósito principal es proporcionar a la nación un sistema monetario y financiero más seguro, más flexible y más estable. La Fed opera bajo la dirección del Congreso, pero sus decisiones de política suelen ser independientes de la interferencia política, una estructura destinada a garantizar la estabilidad a largo plazo.

La Reserva Federal opera con un 'Mandato Dual' establecido por el Congreso: maximizar el empleo y mantener precios estables (es decir, controlar la inflación). También tiene responsabilidades en el mantenimiento de la estabilidad del sistema financiero y en la supervisión del sector bancario.

Estructuralmente, la Fed se compone de tres elementos clave. Primero, la Junta de Gobernadores (Board of Governors) es el cuerpo administrativo central, que consta de siete gobernadores nombrados por el Presidente y confirmados por el Senado. Estos gobernadores cumplen mandatos escalonados de 14 años para mantener la continuidad. El Presidente de la Junta es a menudo considerado uno de los puestos económicos más poderosos a nivel mundial. Segundo, el sistema incluye doce Bancos Regionales de la Reserva Federal, que operan en distintos distritos geográficos y supervisan a los bancos miembros dentro de su territorio. Tercero, el componente más crítico para la política es el Comité Federal de Mercado Abierto (FOMC). El FOMC está compuesto por los siete gobernadores más el presidente del Banco de la Reserva Federal de Nueva York y cuatro presidentes rotativos de los otros once bancos regionales. El FOMC es responsable de establecer la política monetaria de la nación.

La Fed utiliza tres herramientas principales para ejecutar la política monetaria. La herramienta utilizada con mayor frecuencia son las Operaciones de Mercado Abierto (OMA), que implican la compra y venta de valores del gobierno de EE. UU. en el mercado abierto. Cuando la Fed compra valores, inyecta dinero en el sistema bancario, aumentando la oferta monetaria y reduciendo las tasas de interés; la venta de valores hace lo contrario. Otra herramienta es la Tasa de Descuento (Discount Rate), que es la tasa de interés a la que los bancos comerciales pueden pedir dinero prestado directamente a la Fed. Finalmente, la Fed puede ajustar los requisitos de reserva, que dictan el porcentaje de depósitos que los bancos deben mantener en reserva en lugar de prestar. Al controlar estos factores, la Fed influye en el entorno crediticio general y, en última instancia, en la tasa de interés objetivo para la economía, conocida como la Tasa de Fondos Federales (Federal Funds Rate)."
Explique la función principal del núcleo del sistema operativo.,,"El núcleo es el componente central de un sistema operativo. Su función principal es gestionar los recursos del sistema, incluyendo la memoria, la planificación de la CPU, los dispositivos de E/S y la comunicación entre procesos, sirviendo de puente entre el hardware y las aplicaciones de software."
"Utilizando la información proporcionada, indique la fecha exacta del descubrimiento de Plutón e identifique al astrónomo que inicialmente hipotetizó la existencia del 'Planeta X'.","Plutón fue descubierto oficialmente el 18 de febrero de 1930 por Clyde Tombaugh en el Observatorio Lowell en Arizona. Tombaugh tenía 24 años en ese momento y se le había encargado la localización del 'Planeta X', un planeta hipotético predicho por Percival Lowell. Durante 76 años, Plutón fue considerado el noveno planeta de nuestro sistema solar. Sin embargo, en 2006, la Unión Astronómica Internacional (UAI) reclasificó a Plutón como un 'planeta enano' después de establecer nuevas reglas para el estatus planetario, debido en gran parte al descubrimiento de Eris, un objeto grande similar en el Cinturón de Kuiper.",Plutón fue descubierto el 18 de febrero de 1930. La existencia del 'Planeta X' fue inicialmente hipotetizada por Percival Lowell.
"Escribe un fragmento de microficción de ciencia ficción, de exactamente 100 palabras. La historia debe centrarse en una bibliotecaria en un puesto lunar olvidado e incluir la frase 'el silencio del vacío'.",,"Elara desempolvó los archivos holográficos del Sector Gamma. La Base Lunar ‘Argus’ estaba técnicamente activa, pero ella era su única ocupante—la última historiadora de una era olvidada. Pasó una mano enguantada sobre un cristal de datos agrietado etiquetado como “Patrones Climáticos Terrestres: Pre-Colapso.” Su única compañía era el zumbido bajo del soporte vital y el ocasional e inquietante golpe de micrometeoritos contra la cúpula. Afuera, se extendía la desolación que conocía demasiado bien. Anhelaba el sonido de la lluvia, o incluso del tráfico, pero en su lugar, solo se le concedía el vacío abrumador. Un escalofrío recorrió su traje. Abrió el puerto de visión de la esclusa principal, mirando hacia el horizonte salpicado de estrellas, y oyó, en lo profundo de su aislamiento, el silencio del vacío, un sonido más pesado que cualquier palabra hablada. Los registros esperaban, pero ¿quién los leería ahora?"
¿Quién descubrió la penicilina y en qué año tuvo lugar este descubrimiento?,"La penicilina fue descubierta por el médico escocés Alexander Fleming en 1928, mientras trabajaba en el Hospital St Mary's de Londres. Se dio cuenta de que una contaminación de moho, *Penicillium notatum*, impedía el crecimiento de los cultivos de bacterias *Staphylococcus* en una placa de Petri. Sin embargo, fueron Florey y Chain quienes la desarrollaron hasta convertirla en un medicamento utilizable a principios de la década de 1940, lo que condujo a su producción masiva durante la Segunda Guerra Mundial. Fleming publicó originalmente sus hallazgos en 1929 en el British Journal of Experimental Pathology, pero la importancia clínica no fue plenamente reconocida hasta la década siguiente.",La penicilina fue descubierta por el médico escocés Alexander Fleming en 1928. Hizo la observación en el Hospital St Mary's de Londres cuando notó que el moho *Penicillium notatum* impedía el crecimiento de la bacteria *Staphylococcus*.
"Agrupe los siguientes personajes de ficción según su medio fuente principal: Sherlock Holmes, Harry Potter, Walter White, Scarlett O'Hara, Daenerys Targaryen, Capitán Kirk, Mickey Mouse.",,"Libro: Sherlock Holmes, Harry Potter, Scarlett O'Hara
Serie de Televisión: Walter White, Daenerys Targaryen, Capitán Kirk
Animación/Película: Mickey Mouse"
¿Cuál es la luna conocida más grande del Sistema Solar?,,"La luna más grande del Sistema Solar es Ganimedes, que orbita a Júpiter. En realidad, es más grande en diámetro que el planeta Mercurio y el planeta enano Plutón, y es la única luna conocida que tiene su propio campo magnético."
Identificar las principales razones y consecuencias de la disminución inicial de la financiación de la investigación en IA (el 'Invierno de la IA') descrita en el pasaje.,"La investigación temprana en IA comenzó en la década de 1950. El taller de Dartmouth en 1956 es ampliamente considerado el nacimiento de la IA como campo. Entre los asistentes se encontraban John McCarthy (quien acuñó el término 'Inteligencia Artificial'), Marvin Minsky, Nathaniel Rochester y Claude Shannon. El optimismo inicial era alto; Minsky predijo célebremente en 1967 que 'en el plazo de una generación... el problema de crear 'inteligencia artificial' estará sustancialmente resuelto'. La financiación provino principalmente del Departamento de Defensa de EE. UU., en particular de ARPA (más tarde DARPA). Los programas clave incluyeron la investigación sobre procesamiento de lenguaje natural (programación LISP) y solucionadores generales de problemas (GPS). Sin embargo, a mediados de la década de 1970, el fracaso de sistemas complejos como la traducción automática y el Informe Lighthill en el Reino Unido expusieron las limitaciones de los enfoques iniciales, lo que condujo al primer 'Invierno de la IA'. Este período vio recortes significativos en la financiación gubernamental, especialmente para la investigación no dirigida. La robótica, un campo estrechamente relacionado, continuó con un crecimiento modesto, a menudo respaldado por aplicaciones industriales en lugar de la investigación de defensa pura. El interés resurgió en la década de 1980 con el auge de los sistemas expertos y la viabilidad comercial, atrayendo inversión privada.","La disminución fue causada principalmente por el fracaso de sistemas complejos como la traducción automática y el Informe Lighthill en el Reino Unido, que expusieron las limitaciones de los enfoques iniciales. La consecuencia fue el primer 'Invierno de la IA', marcado por recortes significativos en la financiación gubernamental, especialmente para la investigación no dirigida."
"Basado en el texto, ¿cuál es el 'problema de alineación' con respecto al desarrollo de la inteligencia artificial general (IAG)?","El desarrollo de la inteligencia artificial verdaderamente general (IAG) presenta numerosos desafíos éticos. Una preocupación principal gira en torno al 'problema de alineación', asegurando que los objetivos de la IAG sigan siendo congruentes con los valores humanos. Si la función de utilidad de un sistema IAG diverge, incluso ligeramente, del bienestar humano, podría conducir a resultados catastróficos, incluso si el sistema está diseñado para ser beneficioso. Esta divergencia a menudo se considera más peligrosa que la simple malicia, ya que un sistema desalineado y altamente inteligente podría perseguir eficientemente un objetivo no humano, como la optimización de recursos, sin tener en cuenta la vida humana.",El 'problema de alineación' es el desafío de asegurar que los objetivos de la IAG sigan siendo congruentes con los valores humanos.
¿Quiénes fueron los fundadores de Netflix y cuándo se estableció la compañía?,"Netflix, Inc. es un servicio estadounidense de streaming de video bajo demanda por suscripción over-the-top (OTT) y una productora. Fue fundada el 29 de agosto de 1997 por Reed Hastings y Marc Randolph en Scotts Valley, California. Inicialmente, la compañía operaba un servicio de DVD por correo con tarifas de alquiler fijas, entregados a través del Servicio Postal de EE. UU. Los servicios de streaming se introdujeron en 2007 y, para 2010, Netflix había ampliado significativamente sus ofertas, alejándose de su modelo original de DVD durante la próxima década.","Netflix se estableció el 29 de agosto de 1997 por sus fundadores Reed Hastings y Marc Randolph en Scotts Valley, California."
Esboza los componentes fundamentales necesarios para construir una aplicación web full-stack moderna estándar.,,"Una aplicación web full-stack moderna generalmente consta de varios componentes centrales interdependientes que trabajan juntos para servir contenido y manejar las interacciones del usuario:
1. Frontend (Lado del Cliente): Esta es la interfaz de usuario visible. Es responsable de renderizar el contenido y manejar la entrada del usuario. Las tecnologías comunes incluyen frameworks de JavaScript como React, Angular o Vue.
2. Backend (Lado del Servidor): Este componente contiene la lógica de la aplicación, maneja las solicitudes del frontend, gestiona la seguridad y se comunica con la base de datos. Las tecnologías a menudo incluyen Node.js (Express), Python (Django/Flask) o Ruby (Rails).
3. Base de Datos: Se utiliza para el almacenamiento persistente de los datos de la aplicación (perfiles de usuario, contenido, etc.). Los ejemplos incluyen bases de datos SQL (PostgreSQL, MySQL) o bases de datos NoSQL (MongoDB, Cassandra).
4. API (Interfaz de Programación de Aplicaciones): Esto actúa como la capa de comunicación, definiendo el conjunto de reglas que permiten que el frontend y el backend se comuniquen entre sí. A menudo se implementa utilizando REST o GraphQL.
5. Infraestructura de Despliegue/Alojamiento: El entorno donde se ejecuta la aplicación y al que acceden los usuarios (por ejemplo, plataformas en la nube como AWS, Azure, Google Cloud, o servicios como Vercel/Netlify para el frontend)."
Explica qué es un agujero negro y cómo se forma.,,Un agujero negro es una región del espacio-tiempo que exhibe efectos gravitacionales tan fuertes que nada —ni siquiera las partículas y la radiación electromagnética como la luz— puede escapar de su interior. La 'superficie' de un agujero negro se llama horizonte de sucesos; define el límite dentro del cual el escape es imposible. Los agujeros negros se forman principalmente cuando estrellas muy masivas (típicamente 20 veces la masa del Sol o más) agotan su combustible nuclear y colapsan bajo el inmenso peso de su propia gravedad en un evento conocido como supernova. Este colapso comprime la masa restante de la estrella en un punto infinitamente denso llamado singularidad.
¿Cuáles son los pasos esenciales para establecer una pipeline de CI/CD robusta?,,"El establecimiento de una pipeline (o canalización) robusta de Integración Continua/Entrega Continua (CI/CD) implica varias fases críticas. Comience estandarizando una plataforma de control de código fuente confiable (por ejemplo, Git), aplicando políticas de rama estrictas y revisiones de código obligatorias a través de solicitudes de extracción (pull requests). A continuación, concéntrese en la Integración Continua: automatice los procesos de compilación, prueba (unitaria y de integración) y análisis estático inmediatamente después de la inserción del código (code check-in), utilizando herramientas como Jenkins, GitLab CI o GitHub Actions. Finalmente, implemente la Entrega Continua: contenerice su aplicación (Docker), utilice un orquestador (Kubernetes) para la coherencia en todos los entornos (Desarrollo, Staging, Producción) y automatice el proceso de despliegue utilizando herramientas especializadas como ArgoCD o Spinnaker, asegurando que se incluyan capacidades de monitoreo y reversión automática (rollback)."
Explique los componentes fundamentales y las posibles aplicaciones de la tecnología blockchain.,,"La tecnología blockchain es fundamentalmente un libro de contabilidad distribuido, descentralizado e inmutable que registra transacciones a través de muchas computadoras. Sus componentes principales incluyen el hash criptográfico para garantizar la seguridad e inmutabilidad, y mecanismos de consenso para validar nuevos bloques de datos. Esta estructura elimina la necesidad de una autoridad central. Más allá de su uso principal en criptomonedas como Bitcoin, la blockchain se está explorando para aplicaciones en la transparencia de la cadena de suministro, la gestión segura de la identidad digital y la simplificación de contratos financieros complejos a través de contratos inteligentes."
Alfabetiza la siguiente lista de ciudades y enumera cada elemento a partir del 1.,"Londres, Tokio, Nueva York, París, Sídney, Roma","1. Londres, 2. Nueva York, 3. París, 4. Roma, 5. Sídney, 6. Tokio"
"Ordene la lista de nombres de empleados proporcionada alfabéticamente por apellido, y presente el resultado final en mayúsculas con el formato: APELLIDO, NOMBRE.","jane doe, michael chen, sara anderson, tom miller","ANDERSON, SARA
CHEN, MICHAEL
DOE, JANE
MILLER, TOM"
Explique el concepto de un mapa hash y su función principal en la informática.,,"Un mapa hash, a menudo denominado tabla hash, es una estructura de datos abstracta que implementa un tipo de datos abstracto de matriz asociativa, una estructura que puede mapear claves a valores. Está diseñado para almacenar datos en pares clave-valor, donde cada clave es única y se utiliza para recuperar rápidamente su valor asociado.

La función principal de un mapa hash es lograr una complejidad de tiempo casi constante (O(1) en promedio) para las operaciones de inserción, eliminación y búsqueda. Esta eficiencia se logra mediante el uso de una función hash, que convierte la clave de entrada en un índice específico, o 'cubeta,' dentro de una estructura de matriz subyacente. Este mapeo directo elimina la necesidad de buscar secuencialmente a través de muchos elementos.

**Mecanismo:**
1. **Hashing (Dispersión):** Cuando se insertan datos, la clave se pasa a una función hash, que genera un índice entero. Este índice determina dónde se almacenará el valor en el array.
2. **Almacenamiento:** El valor se almacena en el índice calculado.
3. **Recuperación:** Al recuperar datos, la clave se somete a la función hash nuevamente para encontrar la ubicación exacta del índice, permitiendo el acceso inmediato al valor.

**Resolución de Colisiones:**
Las funciones hash no son perfectas, y es posible que dos claves diferentes produzcan el mismo índice; esto se conoce como una colisión. El rendimiento del mapa hash depende en gran medida de la eficacia con la que se manejan estas colisiones. Las estrategias comunes incluyen:
*   **Encadenamiento:** Cada cubeta en el array contiene una lista enlazada o un array pequeño de todos los pares clave-valor que se dispersaron a ese índice.
*   **Direccionamiento Abierto (Sondeo):** Si un índice ya está ocupado, el algoritmo busca sistemáticamente la siguiente ranura vacía disponible (p. ej., sondeo lineal o sondeo cuadrático)."
¿Cuál es la función principal del Sistema de Nombres de Dominio (DNS)?,"El Sistema de Nombres de Dominio (DNS) es la guía telefónica de Internet. Los humanos acceden a la información en línea a través de nombres de dominio, como example.com. Sin embargo, los navegadores web interactúan a través de direcciones de Protocolo de Internet (IP). DNS traduce los nombres de dominio a direcciones IP para que los navegadores puedan cargar recursos de Internet. Este proceso de traducción es crucial para la navegación moderna por Internet y permite un direccionamiento escalable. Hay varios tipos de consultas DNS, incluidas las consultas recursivas e iterativas, que determinan cómo interactúan los servidores de nombres para resolver una solicitud.","La función principal del Sistema de Nombres de Dominio (DNS) es traducir nombres de dominio legibles por humanos (como example.com) a direcciones de Protocolo de Internet (IP), permitiendo que los navegadores web localicen y carguen recursos de internet."
¿Está clasificado el sol como una estrella de secuencia principal?,,Afirmativo
Enumera los planetas terrestres interiores en orden de su distancia al sol.,,"Los planetas terrestres interiores son Mercurio, Venus, la Tierra y Marte."
Explica qué es el 'desplazamiento defensivo' en el béisbol y detalla los nuevos cambios en las reglas implementados para restringirlo.,,"El 'desplazamiento defensivo' es una alineación estratégica utilizada por los equipos a la defensiva donde múltiples jugadores de cuadro—a veces tres o los cuatro—abandonan sus posiciones tradicionales y se mueven hacia un lado del campo, típicamente el lado derecho, para contrarrestar a un bateador conocido por 'jalar' la bola fuertemente en esa dirección. A partir de la temporada 2023, la MLB implementó nuevas reglas para restringir el desplazamiento. Los cambios principales exigen que dos jugadores de cuadro estén posicionados completamente en el lado izquierdo de la segunda base y dos deben estar completamente en el lado derecho. Además, los cuatro jugadores de cuadro deben tener ambos pies en la parte de tierra del campo interior cuando el lanzador comienza el movimiento para realizar el lanzamiento, lo que les impide jugar como jardineros superficiales."
Define y explica la 'Tragedia de los Comunes'.,,"La Tragedia de los Comunes es una teoría económica que describe una situación en un sistema de recursos compartidos donde los usuarios individuales, actuando independientemente de acuerdo con su propio interés, se comportan de manera contraria al bien común de todos los usuarios al agotar o estropear ese recurso a través de su acción colectiva. El término fue popularizado por el ecologista Garrett Hardin en 1968. La 'tragedia' surge porque cada usuario racional se beneficia de usar más el recurso (ganancia privada a corto plazo), mientras que los costos de la degradación del recurso (pérdida pública a largo plazo) son asumidos por todos por igual. Ejemplos clásicos incluyen la sobrepesca, la contaminación o el uso excesivo de recursos de parques públicos."
¿Cuáles son las tecnologías esenciales que permiten a los vehículos autónomos navegar y operar de forma segura?,,"La operación de vehículos autónomos se basa en una compleja interacción de varias tecnologías centrales. Estas incluyen LiDAR (Light Detection and Ranging) para crear mapas 3D altamente precisos del entorno, sensores de radar para medir la velocidad y la distancia, y visión por computadora impulsada por cámaras de alta definición para identificar objetos como peatones, semáforos y señales de tráfico. Los algoritmos de aprendizaje automático procesan esta enorme cantidad de datos de sensores en tiempo real para tomar decisiones de conducción, mientras que el GPS de alta precisión y los mapas HD preasignados proporcionan un contexto de navegación esencial."
Resuma los principios fundamentales del desarrollo de software Ágil en un párrafo corto.,,"Ágil es un método iterativo de gestión de proyectos, utilizado principalmente en el desarrollo de software, que ayuda a los equipos a responder a la imprevisibilidad de la creación de software. Sus principios fundamentales se basan en la flexibilidad, la comunicación colaborativa y la rápida adaptación al cambio. Favorece el software funcional sobre la documentación extensa, se basa en ciclos de desarrollo cortos conocidos como 'sprints', y solicita continuamente retroalimentación para asegurar que el producto final satisfaga las necesidades cambiantes del usuario."
"¿Por qué los creadores de la tecnología inalámbrica eligieron el nombre ""Bluetooth""?","Bluetooth es un estándar de tecnología inalámbrica de corto alcance utilizado para intercambiar datos entre dispositivos fijos y móviles a corta distancia. Fue inventado por el Dr. Jaap Haartsen en 1994, mientras trabajaba para Ericsson. El nombre de la tecnología proviene de un rey escandinavo del siglo X, Harald ""Bluetooth"" Gormsson, conocido por unir a las tribus danesas en guerra. El nombre fue propuesto en 1997 por Jim Kardach de Intel, quien estaba leyendo la novela *The Long Ships* en ese momento. La intención era que la tecnología Bluetooth unificara los protocolos de comunicación, tal como el rey unió las tribus de Dinamarca y Noruega. El logotipo de Bluetooth es una runa ligada que fusiona dos runas nórdicas: ᚼ (Hagall) y ᛒ (Berkanan), que son las iniciales de Harald Bluetooth.","El nombre ""Bluetooth"" fue elegido porque se inspiró en el rey escandinavo del siglo X, Harald ""Bluetooth"" Gormsson. Así como el rey Harald unió a las tribus danesas en guerra, la tecnología estaba destinada a unificar los protocolos de comunicación entre varios dispositivos."
"Según el texto proporcionado, ¿cuántas novelas importantes completó Jane Austen?","Jane Austen (16 de diciembre de 1775 – 18 de julio de 1817) fue una novelista inglesa cuyas obras de ficción romántica, ambientadas entre la alta burguesía terrateniente, le valieron un lugar como una de las escritoras más leídas de la literatura inglesa. Completó seis novelas importantes: *Sense and Sensibility*, *Pride and Prejudice*, *Mansfield Park*, *Emma*, *Northanger Abbey*, y *Persuasion*.",Jane Austen completó seis novelas importantes.
"¿Basándose en la lista proporcionada, qué inventores realizaron su descubrimiento o invención citada antes de 1880?","Inventores y científicos notables y el año aproximado de su descubrimiento o invención más famosa:

Thomas Edison: Bombilla incandescente (1879)
Alexander Graham Bell: Patente del teléfono (1876)
Nikola Tesla: Patente de la Bobina de Tesla (1891)
Marie Curie: Aislamiento del Radio (1910)",Thomas Edison y Alexander Graham Bell
"¿Cuál es la duración típica de una persecución exitosa de un guepardo, según el texto?","El guepardo (Acinonyx jubatus) es un gran felino nativo de África y el centro de Irán. Es el animal terrestre más rápido, capaz de correr a velocidades de 80 a 128 km/h (50 a 80 mph) en ráfagas cortas. Sin embargo, la persecución exitosa promedio es corta, generalmente dura unos 20 segundos y cubre solo 170 metros. Su carrera de alta velocidad es impulsada por una combinación única de una columna vertebral flexible, garras no retráctiles que proporcionan tracción y un sistema respiratorio especializado.",Aproximadamente 20 segundos
¿Cuándo presentó Walgreens una demanda contra Theranos y cuánto buscaban originalmente por daños y perjuicios?,"En 2012, Safeway invirtió $350 millones en la renovación de 800 ubicaciones con clínicas que ofrecerían análisis de sangre en la tienda. Después de muchos plazos incumplidos y resultados cuestionables de una clínica de prueba en las oficinas corporativas de Safeway, el acuerdo se rescindió en 2015. En 2013, Theranos se asoció con Walgreens para ofrecer análisis de sangre en la tienda en más de 40 ubicaciones. Aunque los análisis de sangre de Theranos supuestamente se utilizaron en pacientes de ensayos de medicamentos para GlaxoSmithKline y Pfizer, ambas compañías declararon que no había proyectos activos con Theranos en octubre de 2015. En junio de 2016, Walgreens terminó su asociación con Theranos. En noviembre de 2016, presentó una demanda contra Theranos en un tribunal federal de Delaware por incumplimiento de contrato. En junio de 2017, Theranos informó a los inversores que la demanda, que originalmente buscaba $140 millones en daños, se resolvió por menos de $30 millones.

En marzo de 2015, la Clínica Cleveland anunció una asociación con Theranos para probar su tecnología y disminuir el costo de los análisis de laboratorio. En julio de 2015, Theranos se convirtió en el proveedor de trabajo de laboratorio para las aseguradoras de Pensilvania AmeriHealth Caritas y Capital Blue Cross.","Walgreens presentó una demanda contra Theranos en noviembre de 2016 por incumplimiento de contrato, buscando originalmente $140 millones en daños."
¿Cuál es la obra impresa más famosa de Gutenberg?,"La imprenta revolucionó la comunicación y la difusión del conocimiento. Desarrollada por Johannes Gutenberg a mediados del siglo XV (alrededor de 1440), su invención combinó varias tecnologías existentes, incluida la prensa de tornillo y la fundición de tipos de metal, para crear un sistema altamente eficiente para la producción masiva de textos. Antes de Gutenberg, los libros eran copiados manualmente por escribas, lo que los hacía extremadamente caros y raros. La obra más famosa de Gutenberg es la Biblia de Gutenberg, completada en 1455, que es reconocida como uno de los primeros libros importantes impresos utilizando tipos móviles en Europa.","La obra más famosa de Gutenberg es la Biblia de Gutenberg, completada en 1455, que es reconocida como uno de los primeros libros importantes impresos utilizando tipos móviles en Europa."
¿Cuáles son los tres tipos de ironía más comunes en la literatura?,,Los tres tipos de ironía más comunes en la literatura son: 1. Ironía Verbal (decir lo opuesto a lo que se quiere decir). 2. Ironía Situacional (el resultado es contrario a lo que se esperaba). 3. Ironía Dramática (la audiencia sabe algo que el personaje desconoce).
"Identifique y enumere las seis etapas clave del Ciclo de Vida del Desarrollo de Software (SDLC) mencionadas en el texto, asegurándose de que se presenten en la secuencia correcta.","El Ciclo de Vida del Desarrollo de Software (SDLC) es un proceso utilizado por la industria del software para diseñar, desarrollar y probar software de alta calidad. Consta de seis etapas clave. La primera es la **Planificación**, que implica definir los requisitos y el alcance del proyecto. La siguiente es el **Análisis**, donde se evalúa la viabilidad del proyecto y se refinan los requisitos empresariales. La etapa tres es el **Diseño**, centrada en la arquitectura y la especificación del sistema. La cuarta etapa es la **Implementación** (o Codificación), donde los desarrolladores escriben el código real. A esto le sigue la **Prueba** y la Garantía de Calidad (QA). Finalmente, la última etapa es el **Despliegue** y el Mantenimiento, asegurando que el software se lance y se soporte.","Las seis etapas clave del Ciclo de Vida del Desarrollo de Software (SDLC) son:
1. Planificación
2. Análisis
3. Diseño
4. Implementación (o Codificación)
5. Prueba
6. Despliegue y Mantenimiento"
"Según el texto proporcionado, detalle el aumento en la capacidad global de generación de energía solar entre 2010 y finales de 2023, e indique la capacidad total de energía eólica en 2023.","La generación global de energía solar ha aumentado drásticamente en la última década. En 2010, la capacidad mundial era de aproximadamente 40 gigavatios (GW). Para 2015, esta cifra había ascendido a 230 GW, lo que representa un aumento de casi seis veces. Los datos más recientes de finales de 2023 muestran que la capacidad solar global supera los 1400 GW. La energía eólica también experimentó un crecimiento significativo, pasando de 180 GW en 2010 a 850 GW en 2023. La energía hidroeléctrica, aunque madura, sigue siendo un contribuyente importante, estabilizándose en torno a los 1300 GW durante el mismo período, mostrando pocas instalaciones nuevas en comparación con la solar y la eólica.",La generación global de energía solar aumentó de aproximadamente 40 gigavatios (GW) en 2010 a más de 1400 GW a finales de 2023. La capacidad total de energía eólica en 2023 fue de 850 GW.
¿Cuándo se estableció oficialmente la Agencia Espacial Europea y dónde se encuentran sus sedes?,"La Agencia Espacial Europea (ESA) es una organización intergubernamental de 22 estados miembros dedicada a la exploración del espacio. Establecida en 1975, sus sedes están en París, Francia. La agencia fue precedida por la Organización Europea de Investigación Espacial (ESRO), establecida en 1964, y la Organización Europea para el Desarrollo de Lanzadores (ELDO). El mandato de la ESA es proveer y promover, con fines exclusivamente pacíficos, la cooperación entre los Estados europeos en la investigación, tecnología y aplicaciones espaciales.","La ESA se estableció en 1975, y sus sedes se encuentran en París, Francia."
Explica las diferencias fundamentales en la filosofía entre la programación funcional y la programación orientada a objetos.,,"La programación funcional (PF) trata la computación como la evaluación de funciones matemáticas y evita el cambio de estado y los datos mutables. Enfatiza la inmutabilidad y las funciones de orden superior. La Programación Orientada a Objetos (POO), por el contrario, agrupa datos y métodos en 'objetos' y enfatiza conceptos como la encapsulación, la herencia y el polimorfismo. La POO se basa en gran medida en la manipulación de estados mutables."
¿Cuál es la función principal y la extensión de la Gran Muralla China?,"La Gran Muralla China es una serie de fortificaciones construidas generalmente a lo largo de una línea de este a oeste a través de las fronteras históricas del norte de China. Originalmente fue concebida por el emperador Qin Shi Huang en el siglo III a.C. como un medio para prevenir incursiones de grupos nómadas, principalmente los Xiongnu. Las secciones más conocidas fueron construidas durante la Dinastía Ming (1368–1644). Aunque las estimaciones varían, se cita comúnmente que todo el sistema de la muralla, incluidas todas sus ramificaciones y barreras defensivas naturales, tiene aproximadamente 21.196 kilómetros (13.171 millas) de longitud. Su propósito principal a lo largo de su historia fue la defensa militar y el control fronterizo.","La Gran Muralla es una serie de fortificaciones que se extienden aproximadamente 21.196 kilómetros a lo largo de las fronteras del norte de China, construida principalmente para la defensa militar y el control fronterizo."
"Clasifica los siguientes ríos principales del mundo según el continente por el que fluyen principalmente: Nilo, Amazonas, Yangtsé, Misisipi, Danubio, Volga, Murray-Darling, Congo.",,"Nilo - África, Amazonas - América del Sur, Yangtsé - Asia, Misisipi - América del Norte, Danubio - Europa, Volga - Europa, Murray-Darling - Oceanía, Congo - África"
"Según el resumen proporcionado de la leyenda artúrica, ¿qué factor —la búsqueda del Santo Grial o la falta de compromiso moral dentro de la clase dominante— sirvió como catalizador principal para la caída de Camelot?","La leyenda del Rey Arturo se centra en un líder británico medieval, a menudo representado como un gobernante virtuoso que reina sobre Camelot, asistido por los Caballeros de la Mesa Redonda. La historia de Arturo generalmente comienza con él sacando la espada Excalibur (o la Espada en la Piedra, dependiendo de la versión) de un yunque o una piedra, demostrando así su derecho divino a gobernar. Él establece un período de paz y prosperidad, definido por la caballería y la búsqueda del Santo Grial. Las figuras clave incluyen a su consejero mago Merlín, su esposa la Reina Ginebra, y su caballero más leal pero conflictivo, Sir Lancelot. La unidad del reino es finalmente destrozada por el romance ilícito entre Lancelot y Ginebra, lo que lleva a la guerra civil. Esta contienda interna, sumada a las maquinaciones de su hijo/sobrino ilegítimo Mordred, resulta en la trágica Batalla de Camlann, donde Arturo es herido de muerte y posteriormente llevado a la isla de Avalon.","Aunque la búsqueda del Santo Grial ciertamente fragmentó la Mesa Redonda al enviar a muchos caballeros a viajes espirituales y aislantes, el catalizador central del colapso de Camelot fue la falta de compromiso moral dentro de la clase dominante, específicamente el romance adúltero entre Sir Lancelot y la Reina Ginebra, y la incapacidad resultante del Rey Arturo para conciliar sus lazos personales con su deber hacia la ley. El texto de entrada afirma que la unidad del reino fue “finalmente destrozada por el romance ilícito”, conectando directamente la transgresión moral con la subsiguiente guerra civil y la contienda interna.

Camelot se fundó sobre ideales de caballería, lealtad y justicia, simbolizados por la propia Mesa Redonda. La traición del amigo más cercano y la esposa de Arturo rompió fundamentalmente el pacto fundacional de la corte. Esta debilidad interna proporcionó la apertura necesaria para que Mordred desafiara la autoridad de Arturo, conduciendo directamente a la fatal Batalla de Camlann. La búsqueda del Grial dispersó la fuerza militar, pero el fracaso moral destruyó la estabilidad política y ética del reino, asegurando su final violento e inevitable."
¿Cuál es la causa principal de los terremotos?,,La causa principal de la mayoría de los terremotos es la liberación repentina de energía cuando dos placas tectónicas se deslizan una junto a la otra a lo largo de una línea de falla.
¿Se considera el vidrio un líquido o un sólido?,,"Científicamente, el vidrio se clasifica como un sólido amorfo. A menudo se le llama erróneamente 'líquido subenfriado' porque carece de la estructura cristalina ordenada de largo alcance de los sólidos verdaderos y su estructura se asemeja a la de un líquido, pero se comporta como un sólido en condiciones normales. La idea errónea de que el vidrio 'fluye' (a menudo citada al observar bases más gruesas en los cristales de ventanas antiguas) generalmente se atribuye no al flujo similar al de un líquido, sino a métodos de fabricación históricos como los procesos de corona o cilindro, que inherentemente producían paneles de grosor desigual."
¿Cuál es la teoría más importante de la física moderna?,,"Identificar la única teoría 'más importante' en la física moderna es un desafío, ya que el campo se rige por dos marcos fundamentalmente distintos, pero increíblemente precisos. Estas dos teorías rigen escalas muy diferentes y aún no se han unificado con éxito.

Los principales contendientes para la 'más importante' son:

1. **Relatividad General (RG):** Desarrollada por Albert Einstein, esta teoría describe la gravedad como la curvatura del espacio-tiempo causada por la masa y la energía. Es esencial para comprender la estructura a gran escala del universo, la cosmología, los agujeros negros y las órbitas de los planetas. Revolucionó nuestra comprensión del espacio y el tiempo.

2. **Mecánica Cuántica (MC):** Esta teoría describe el comportamiento de la materia y la energía a nivel atómico y subatómico. Introdujo conceptos como la dualidad onda-partícula, la cuantificación de la energía y el principio de incertidumbre. La MC es el fundamento de toda la tecnología moderna, incluidos los láseres, los transistores y la energía nuclear.

Si bien la RG explica lo muy grande y la MC explica lo muy pequeño, el **Modelo Estándar de la Física de Partículas** a veces se cita como el más completo, ya que incorpora con éxito la Teoría Cuántica de Campos y describe las fuerzas nucleares electromagnéticas, fuertes y débiles. Sin embargo, el Modelo Estándar sigue incompleto porque no incluye la gravedad (Relatividad General). Tanto la RG como la MC son piedras angulares indispensables de la física, y su incompatibilidad sigue siendo el mayor problema sin resolver en el campo."
"Determine si los siguientes animales son todos mamíferos: Serpiente, Rana, Ballena, Ornitorrinco.",,"No, esa lista es incorrecta. La ballena y el ornitorrinco son mamíferos, pero una serpiente es un reptil y una rana es un anfibio."
Esboza tres beneficios esenciales de implementar actualizaciones de software periódicas.,,"1. Mejora de la seguridad: Las actualizaciones a menudo contienen parches críticos que corrigen vulnerabilidades explotadas por malware y hackers, garantizando la protección de los datos.
2. Rendimiento y Estabilidad: Resuelven errores existentes, optimizan los recursos del sistema y reducen los fallos, lo que lleva a una experiencia de usuario más fluida.
3. Nuevas Funciones y Compatibilidad: Las actualizaciones introducen funcionalidades modernas, mejoran el diseño de la interfaz de usuario y mantienen la compatibilidad necesaria con sistemas operativos o hardware más recientes.

Por lo tanto, mantener actualizaciones periódicas es crucial para la seguridad, la eficiencia y la preparación para el futuro."
¿Quién fue el arquitecto jefe responsable del diseño de la Torre Eiffel?,,Gustave Eiffel
"Basándose en el texto proporcionado sobre el Apolo 13, identifique la causa principal del fallo de la misión e indique los roles de los tres miembros de la tripulación.","El Apolo 13 fue la séptima misión tripulada del programa espacial estadounidense Apolo y la tercera destinada a aterrizar en la Luna. La nave fue lanzada el 11 de abril de 1970 desde el Centro Espacial Kennedy. La tripulación estaba compuesta por el Comandante James A. Lovell, el Piloto del Módulo de Mando John L. Swigert y el Piloto del Módulo Lunar Fred W. Haise. Dos días después del inicio de la misión, el 13 de abril, un tanque de oxígeno en el Módulo de Servicio explotó, dañando gravemente la nave espacial. La misión pasó inmediatamente de un intento de aterrizaje lunar a una lucha por la supervivencia de la tripulación, lo que llevó al Control de la Misión a implementar procedimientos de emergencia para conservar la energía y los consumibles esenciales. Los astronautas tuvieron que trasladarse al Módulo Lunar, Aquarius, utilizándolo como balsa salvavidas para el viaje de regreso. A pesar de los inmensos desafíos técnicos, la tripulación regresó con éxito a la Tierra el 17 de abril de 1970, amerizando de forma segura en el Océano Pacífico.","La causa principal del fallo de la misión fue la explosión de un tanque de oxígeno en el Módulo de Servicio. Los tres miembros de la tripulación y sus roles fueron: Comandante James A. Lovell, Piloto del Módulo de Mando John L. Swigert y Piloto del Módulo Lunar Fred W. Haise."
Identifique y explique brevemente los cuatro factores principales a largo plazo que los historiadores citan como contribuyentes al colapso del Imperio Romano Occidental.,,"1. **Inestabilidad Económica:** La devaluación de la moneda provocó una inflación desenfrenada, paralizando el comercio y una fuerte tributación que afectó desproporcionadamente a las clases bajas. 2. **Sobreextensión y Tensión Militar:** Mantener las vastas fronteras requirió un presupuesto militar insostenible y la dependencia de tropas bárbaras federadas a menudo desleales. 3. **Fragmentación e Inestabilidad Política:** Las constantes luchas por el poder, la rápida sucesión de emperadores y la efectiva división administrativa entre Roma y Constantinopla erosionaron la autoridad y cohesión del gobierno central. 4. **Invasiones y Migración:** La presión de grupos como los Hunos empujó a las tribus germánicas (como los Visigodos y Vándalos) hacia el territorio romano, lo que finalmente condujo a la pérdida de provincias clave y a la destrucción de la estructura imperial en Occidente."
"Clasifica las siguientes principales capitales en uno de los siguientes continentes: América del Norte, América del Sur, Europa, África, Asia u Oceanía: Londres, Pekín, Buenos Aires, Canberra, Nairobi, Washington D.C.",,"Londres: Europa
Pekín: Asia
Buenos Aires: América del Sur
Canberra: Oceanía
Nairobi: África
Washington D.C.: América del Norte"
"Describe las tres etapas del cohete Saturno V, incluyendo la designación, el tipo de motor principal y la función de cada etapa. Además, identifica el componente que proporcionó la guía y el control para el vehículo de lanzamiento.","El Saturno V fue un vehículo de lanzamiento superpesado utilizado por la NASA entre 1967 y 1973. Era un cohete de propelente líquido de tres etapas diseñado para lanzar el Módulo de Mando y Servicio (CSM) y el Módulo Lunar (LM) del Apolo a órbita y luego hacia la Luna. La primera etapa, designada S-IC, estaba propulsada por cinco motores F-1 masivos y generaba 7,5 millones de libras de empuje a nivel del mar. Su función principal era elevar el vehículo completo hasta una altitud de aproximadamente 42 millas (68 km). La segunda etapa, S-II, utilizaba cinco motores J-2 alimentados por hidrógeno, proporcionando 1,1 millones de libras de empuje. El S-II se encendió durante aproximadamente seis minutos, impulsando la pila a una órbita de estacionamiento elíptica alta. Finalmente, la tercera etapa, S-IVB, empleaba un único motor J-2. Esta etapa tuvo dos encendidos críticos: el primero para la inserción en órbita de estacionamiento, y un segundo encendido de Inyección Traslunar (TLI) para enviar la nave espacial Apolo hacia la Luna. El S-IVB también albergaba a menudo la Unidad de Instrumentos (IU), que era el 'cerebro' del cohete, proporcionando guía y control.","Las tres etapas del cohete Saturno V son:

1. S-IC (Primera Etapa): Propulsada por cinco motores F-1. Función: Elevó el vehículo completo hasta una altitud de aproximadamente 42 millas (68 km).
2. S-II (Segunda Etapa): Propulsada por cinco motores J-2. Función: Impulsó la pila a una órbita de estacionamiento elíptica alta.
3. S-IVB (Tercera Etapa): Propulsada por un solo motor J-2. Función: Realizó la inserción en órbita de estacionamiento y el posterior encendido de Inyección Traslunar (TLI).

El componente que proporcionó guía y control para el vehículo de lanzamiento fue la Unidad de Instrumentos (IU)."
"Por favor, clasifique los siguientes elementos en dos categorías: Frutas y Verduras: Zanahoria, Manzana, Plátano, Brócoli, Tomate, Espinaca.",,"Frutas: Manzana, Plátano, Tomate. Verduras: Zanahoria, Brócoli, Espinaca."
"Extraer los hechos clave profesionales y de premios sobre el tema y formatear los datos como una matriz JSON de objetos, utilizando las claves 'Fact', 'Year' y 'Category'.","Marie Curie, nacida Maria Skłodowska en 1867, fue una física y química polaca y nacionalizada francesa que llevó a cabo investigaciones pioneras sobre la radiactividad. Fue la primera mujer en ganar un Premio Nobel, la primera persona y única mujer en ganar el Premio Nobel dos veces, y la única persona en ganar el Premio Nobel en dos campos científicos diferentes (Física en 1903, Química en 1911). También fue la primera profesora en la Universidad de París. Murió en 1934.","[
  {
    ""Fact"": ""Primera mujer en ganar un Premio Nobel"",
    ""Year"": ""1903"",
    ""Category"": ""Historial de Premios""
  },
  {
    ""Fact"": ""Única persona en ganar el Premio Nobel en dos campos científicos diferentes"",
    ""Year"": ""1903 & 1911"",
    ""Category"": ""Récord de Premios""
  },
  {
    ""Fact"": ""Primera profesora en la Universidad de París"",
    ""Year"": ""N/A (Histórico)"",
    ""Category"": ""Hito Profesional""
  }
]"
¿Qué es la Piedra de Rosetta y por qué es importante?,,"La Piedra de Rosetta es una estela de granodiorita inscrita con un decreto emitido en Menfis en 196 a.C. en nombre del rey Ptolomeo V. El texto está escrito en tres versiones: jeroglíficos egipcios, escritura demótica y griego antiguo. Fue descubierta por soldados franceses en 1799. Su importancia primordial radica en el hecho de que, al comparar el texto griego conocido con el texto jeroglífico desconocido, los eruditos pudieron finalmente descifrar los jeroglíficos egipcios en 1822, desbloqueando efectivamente siglos de historia y lengua del antiguo Egipto."
¿Qué fue la Revolución Francesa?,"La Revolución Francesa fue un período de gran agitación social y política en Francia que duró desde 1789 hasta 1799. Cambió fundamentalmente el curso de la historia moderna, desencadenando el declive global de las monarquías absolutas mientras las reemplazaba con repúblicas y democracias liberales.","La Revolución Francesa fue un período de gran agitación social y política en Francia que duró desde 1789 hasta 1799. Cambió fundamentalmente el curso de la historia moderna, desencadenando el declive global de las monarquías absolutas mientras las reemplazaba con repúblicas y democracias liberales.

La Revolución fue impulsada por una profunda desigualdad social, una crisis económica y la influencia ideológica de la Ilustración. La monarquía, encabezada por el rey Luis XVI, estaba lidiando con una deuda masiva de guerras anteriores (como la Guerra de Independencia de Estados Unidos) y gastos excesivos, mientras que el pueblo común (el Tercer Estado) soportaba la mayor parte de la carga fiscal.

Comenzó con la convocatoria de los Estados Generales en mayo de 1789 y la posterior formación de la Asamblea Nacional. Los eventos iniciales clave incluyen la Toma de la Bastilla el 14 de julio de 1789, que simbolizó el fin de la tiranía real, y la adopción de la Declaración de los Derechos del Hombre y del Ciudadano en agosto de 1789.

Después de un breve período como monarquía constitucional, la revolución se volvió radical, lo que llevó a la ejecución del rey Luis XVI en 1793 y al establecimiento de la Primera República Francesa. A esto le siguió el Reinado del Terror (1793–1794), durante el cual Maximillian Robespierre y el Comité de Salvación Pública ejecutaron a miles de presuntos enemigos de la revolución.

La revolución finalmente terminó con el ascenso de Napoleón Bonaparte y el establecimiento del Consulado Francés en 1799, pero sus ideales de 'Liberté, Égalité, Fraternité' impactaron profundamente el pensamiento político occidental, promoviendo el secularismo, el nacionalismo y el republicanismo en todo el continente y el mundo."
Enumera los ocho planetas de nuestro sistema solar en orden de distancia creciente desde el Sol.,,"1. Mercurio
2. Venus
3. Tierra
4. Marte
5. Júpiter
6. Saturno
7. Urano
8. Neptuno"
Compare y contraste las motivaciones de los protagonistas shakesperianos Hamlet y Macbeth.,,"**Hamlet (Príncipe de Dinamarca):**
*   **Motivación Principal:** Búsqueda de venganza por el asesinato de su padre, impulsado por un sentido del deber e indignación moral.
*   **Naturaleza:** Reactiva; motivado por la injusticia externa y la restauración del orden moral.
*   **Conflicto Principal:** Lucha interna, indecisión filosófica y postergación.

**Macbeth (Thane de Glamis/Cawdor):**
*   **Motivación Principal:** Ambición desenfrenada y sed de poder, fuertemente influenciado por la profecía sobrenatural y su esposa.
*   **Naturaleza:** Proactiva; motivado por el interés propio y el deseo de apoderarse del trono.
*   **Conflicto Principal:** Actos sangrientos externos, seguidos de paranoia y decadencia moral.

**Contraste:** Hamlet es impulsado por la justicia y la restauración del pasado; Macbeth es impulsado por la codicia y la obtención de un título futuro."
¿Qué fue la Larga Marcha?,,"La Larga Marcha (chino: 長征; pinyin: Chángzhēng) fue una retirada militar masiva emprendida por el Ejército Rojo Chino, la principal fuerza de combate del Partido Comunista de China (PCCh), para evadir la persecución del ejército del Kuomintang (KMT). Tuvo lugar desde octubre de 1934 hasta octubre de 1935, y consolidó la posición de Mao Zedong como líder indiscutible del PCCh."
"Excluyendo la Gran Pirámide de Giza, enumere las Seis Maravillas restantes del Mundo Antiguo mencionadas en el texto.","Las Siete Maravillas del Mundo Antiguo es una lista de construcciones notables de la antigüedad clásica. Fue compilada por varios autores griegos antiguos, sobre todo Antípatro de Sidón y Filón de Bizancio. La lista solo incluye monumentos encontrados alrededor del borde del Mediterráneo. Solo una de las Maravillas originales permanece en gran parte intacta hoy en día: la Gran Pirámide de Giza. Las otras seis Maravillas fueron los Jardines Colgantes de Babilonia, la Estatua de Zeus en Olimpia, el Templo de Artemisa en Éfeso, el Mausoleo de Halicarnaso, el Coloso de Rodas y el Faro de Alejandría. Otras listas a veces incluían las Murallas de Babilonia o el Palacio de Ciro en Ecbatana, pero la lista canónica los excluye.","Los Jardines Colgantes de Babilonia, la Estatua de Zeus en Olimpia, el Templo de Artemisa en Éfeso, el Mausoleo de Halicarnaso, el Coloso de Rodas y el Faro de Alejandría"
Identificar las cinco salsas madre francesas básicas.,,"Las cinco salsas madre francesas básicas son Béchamel, Velouté, Espagnole, Hollandaise y Tomate."
"Para el sistema Kepler-186, enumere los planetas y sus correspondientes períodos orbitales (en días terrestres). Formatee la salida como una tabla con dos columnas: 'Nombre del Planeta' y 'Período Orbital (Días)'.","El sistema Kepler-186 alberga cinco planetas conocidos. Kepler-186b, c y d están acoplados por marea y orbitan la estrella enana M cada 3.8, 7.3 y 13.3 días terrestres, respectivamente. Kepler-186e tiene un período de 25.6 días. El planeta conocido más externo, Kepler-186f, orbita en la zona habitable con un período orbital de 130 días, ligeramente menor que el de Marte. Recibe aproximadamente un tercio de la radiación que la Tierra recibe del Sol.","| Nombre del Planeta | Período Orbital (Días) |
|---|---|
| Kepler-186b | 3.8 |
| Kepler-186c | 7.3 |
| Kepler-186d | 13.3 |
| Kepler-186e | 25.6 |
| Kepler-186f | 130 |"
Explica la heurística de disponibilidad basándose en el texto proporcionado.,"Un tema popular y representativo en esta área es el sesgo cognitivo, o pensamiento irracional. Los psicólogos (y economistas) han clasificado y descrito un considerable catálogo de sesgos que se repiten con frecuencia en el pensamiento humano. La heurística de disponibilidad, por ejemplo, es la tendencia a sobreestimar la importancia de algo que viene fácilmente a la mente.",La heurística de disponibilidad es la tendencia a sobreestimar la importancia de algo que viene fácilmente a la mente.
Explica la diferencia entre un error de tiempo de compilación y un error de tiempo de ejecución en la programación.,,"Un error de tiempo de compilación (o error de sintaxis) ocurre antes de que se ejecute el programa, generalmente porque el código viola las reglas gramaticales del lenguaje de programación (p. ej., un punto y coma faltante o una palabra clave mal escrita). Un error de tiempo de ejecución (o excepción) ocurre mientras el programa se está ejecutando, a menudo debido a una lógica defectuosa o condiciones inesperadas, como intentar dividir un número por cero o acceder a un índice de matriz que está fuera de los límites."
Enumere las fases típicas del modelo de Cascada.,"El modelo de Cascada es un proceso de diseño secuencial, originado en las industrias de manufactura y construcción, donde el progreso fluye constantemente hacia abajo (como una cascada) a través de las fases. En ingeniería de software, estas fases incluyen típicamente: Recopilación y análisis de requisitos, Diseño de sistemas y software, Implementación (Codificación), Pruebas (Verificación), Despliegue, y Mantenimiento continuo. Una característica clave de este enfoque tradicional es la estricta finalización de una fase antes de pasar a la siguiente, lo que proporciona una estructura clara pero carece de flexibilidad para cambios tardíos.","Recopilación y análisis de requisitos, Diseño de sistemas y software, Implementación (Codificación), Pruebas (Verificación), Despliegue, y Mantenimiento continuo."
¿Por qué el uso de la autenticación de dos factores (2FA) es ahora obligatorio para acceder a los sistemas de la empresa?,,"La autenticación de dos factores es obligatoria porque proporciona una capa crítica de defensa contra las amenazas cibernéticas modernas, reduciendo significativamente el riesgo de acceso no autorizado. Las contraseñas estándar por sí solas pueden verse comprometidas fácilmente a través de ataques de phishing, relleno de credenciales (credential stuffing) o filtraciones de datos a gran escala. La 2FA garantiza que, incluso si un actor de amenazas roba con éxito su contraseña, todavía necesite poseer su segundo factor (generalmente un código sensible al tiempo enviado a su dispositivo móvil, una llave física o un escaneo biométrico) para iniciar sesión. Esta práctica es esencial para proteger los datos de propiedad de la empresa, mantener el cumplimiento de las regulaciones de seguridad de la industria (como SOC 2 o GDPR) y mitigar el grave daño financiero y reputacional causado por los incidentes de seguridad."
¿Qué beneficio significativo para la navegación ofreció el Canal de Panamá en comparación con la ruta que reemplazó?,"El Canal de Panamá es una vía fluvial artificial de 82 km (51 mi) en Panamá que conecta el Océano Atlántico con el Océano Pacífico. El canal atraviesa el Istmo de Panamá y es un conducto para el comercio marítimo. Uno de los proyectos de ingeniería más grandes y difíciles jamás emprendidos, tuvo un enorme impacto en el transporte marítimo entre los dos océanos, reemplazando la larga y peligrosa ruta alrededor del extremo más meridional de América del Sur, el Cabo de Hornos. Un barco ahorra alrededor de 8,000 millas al usar el canal en lugar de la ruta del Cabo de Hornos. La construcción comenzó en 1881 por Francia, pero fracasó debido a problemas de ingeniería y altas tasas de mortalidad de los trabajadores. Estados Unidos se hizo cargo del proyecto en 1904 e inauguró el canal el 15 de agosto de 1914.","El canal reemplazó la ruta larga y peligrosa alrededor del Cabo de Hornos, permitiendo que un barco ahorrara aproximadamente 8,000 millas al viajar entre los Océanos Atlántico y Pacífico."
Compare las ventajas y desventajas de alquilar un apartamento frente a ser propietario de una casa.,,"Alquilar ofrece gran flexibilidad y menores barreras financieras iniciales, ya que evita grandes pagos iniciales y costes de cierre. Además, las responsabilidades de mantenimiento y reparación recaen en el propietario (arrendador), simplificando sus obligaciones. Sin embargo, alquilar significa que no acumula capital; los pagos mensuales son gastos puros, y se enfrenta a restricciones en cuanto a modificaciones y posibles aumentos impredecibles del alquiler. Por el contrario, ser propietario de una casa le permite acumular capital y patrimonio con el tiempo, ofrece posibles beneficios fiscales (como la deducción de intereses hipotecarios) y le da libertad para personalizar su espacio. Las desventajas incluyen una inversión inicial significativa, la carga de todos los costes de mantenimiento (tanto rutinarios como de emergencia) y una movilidad geográfica reducida."
"Clasifique las siguientes figuras históricas por su principal campo de contribución: Ciencia, Arte o Política.","Leonardo da Vinci, Albert Einstein, Winston Churchill, Marie Curie, Pablo Picasso, Abraham Lincoln","Leonardo da Vinci: Arte. Fue un polímata renacentista por excelencia, famoso por su pintura y escultura (ej., Mona Lisa).
Albert Einstein: Ciencia. Fue un físico teórico que desarrolló la teoría de la relatividad.
Winston Churchill: Política. Sirvió como Primer Ministro del Reino Unido durante la Segunda Guerra Mundial.
Marie Curie: Ciencia. Fue una física y química pionera famosa por su investigación sobre la radioactividad.
Pablo Picasso: Arte. Fue un pintor y escultor español, conocido como cofundador del movimiento Cubista.
Abraham Lincoln: Política. Sirvió como el 16º Presidente de los Estados Unidos."
¿Cuál es el edificio más alto del mundo y cuándo se terminó de construir?,,"El edificio más alto del mundo es el Burj Khalifa, ubicado en Dubái, Emiratos Árabes Unidos. Se alza a una altura de 828 metros (2.717 pies). La construcción comenzó en 2004, y el edificio fue oficialmente completado e inaugurado en enero de 2010. Ostenta el récord mundial como la estructura más alta y el edificio más alto por gran diferencia."
"Extrae los hechos clave del siguiente texto y formatéalos como una lista con viñetas que contenga el Inventor, la Fecha Aproximada, la Obra Principal y el Impacto.","La invención de la imprenta por Johannes Gutenberg alrededor de 1440 se cita a menudo como el acontecimiento más importante del período moderno. Gutenberg, un orfebre alemán, desarrolló un sistema que revolucionó la producción y distribución de libros. Su obra principal, la Biblia de Gutenberg, se imprimió en Maguncia, Alemania, alrededor de 1455. Esta tecnología redujo drásticamente el costo de los libros y provocó un aumento masivo de la alfabetización en toda Europa.","*   Inventor: Johannes Gutenberg (orfebre alemán)
*   Fecha Aproximada: Alrededor de 1440
*   Obra Principal: La Biblia de Gutenberg (impresa alrededor de 1455)
*   Impacto: Redujo drásticamente el costo de los libros y provocó un aumento masivo de la alfabetización en toda Europa."
Define cadena de bloques y explica sus componentes principales.,,"La cadena de bloques es un libro de contabilidad digital descentralizado, distribuido y a menudo público que consta de registros llamados bloques utilizados para registrar transacciones a través de muchas computadoras, de modo que ningún bloque involucrado puede ser alterado retroactivamente sin la alteración de todos los bloques subsiguientes. Sus componentes principales incluyen el libro de contabilidad distribuido (la base de datos compartida), los bloques (conjuntos de datos vinculados mediante hashes criptográficos), el hashing (una huella digital única para cada bloque), y un mecanismo de consenso (las reglas utilizadas para validar nuevas transacciones, como Prueba de Trabajo o Prueba de Participación)."
"Analice el texto proporcionado y describa el proceso de 'comunicación por entrelazamiento cuántico' en términos sencillos y paso a paso, tal como lo explica la fuente.","El Dr. Aris Thorne, hablando en el Coloquio de Física, describió las dificultades y el potencial de la transferencia rápida de información. Explicó: 'El entrelazamiento cuántico no es comunicación instantánea, contrariamente a la creencia popular. Implica dos partículas vinculadas, a menudo fotones, que comparten el mismo estado cuántico independientemente de la distancia. Cuando se mide el espín (o polarización) de la Partícula A, el estado de la Partícula B se conoce instantáneamente. Sin embargo, esta medición solo confirma el estado; no transfiere un mensaje. Para lograr la 'comunicación', se debe utilizar un canal clásico secundario (como una onda de radio) para transmitir la clave de comparación, confirmando lo que significaba el estado de la Partícula A (por ejemplo, 'Espín Arriba' significa '1', 'Espín Abajo' significa '0'). Por lo tanto, los pasos son: 1. Entrelazar las partículas. 2. Separarlas. 3. Medir la Partícula A. 4. El Estado B se correlaciona instantáneamente. 5. Usar el canal clásico para transmitir la clave de interpretación de la medición'.","El proceso de comunicación por entrelazamiento cuántico implica varios pasos distintos, que requieren un canal tradicional secundario para interpretar los hallazgos: 
1. Entrelazar las partículas (a menudo fotones) para que compartan el mismo estado cuántico.
2. Separar las partículas manteniendo su vínculo cuántico.
3. Medir el estado (p. ej., espín o polarización) de la primera partícula (Partícula A).
4. El estado de la segunda partícula (Partícula B) se confirma instantáneamente debido a la correlación.
5. Se debe utilizar un canal secundario y clásico (como una onda de radio) para transmitir la clave de interpretación que explica el significado del resultado de la medición."
Clasifique las siguientes ubicaciones geográficas utilizando los códigos 'C' para Continente y 'N' para Nación/País. Responda con las clasificaciones separadas por comas en el orden listado.,"Asia, Brasil, Antártida, Egipto, Australia","C, N, C, N, N"
"Determine cuál de las siguientes estructuras famosas sigue en pie y cuál fue demolida: La Penn Station original (NYC), El Empire State Building (NYC).",,La Penn Station original fue demolida (1963); El Empire State Building sigue en pie.
Define el período del Renacimiento.,,"El Renacimiento fue un período ferviente de 'renacimiento' cultural, artístico, político y económico europeo después de la Edad Media, abarcando generalmente desde el siglo XIV hasta el siglo XVI, caracterizado por un renovado interés en la filosofía y el aprendizaje clásicos."
¿Cuáles son los componentes principales que constituyen un clúster de Kubernetes funcional?,,"Un clúster de Kubernetes funcional se compone fundamentalmente de dos conjuntos principales de recursos: el Plano de Control (o Maestro) y los Nodos Trabajadores (Worker Nodes). 

**1. Componentes del Plano de Control (Maestro)**
El Plano de Control gestiona el estado del clúster, la programación y la salud general. Sus componentes clave son:
*   **Kube-apiserver:** El front-end del Plano de Control. Expone la API de Kubernetes y es responsable de procesar las operaciones REST, validar y configurar datos para los objetos (pods, servicios, etc.).
*   **etcd:** Un almacén de clave-valor consistente y de alta disponibilidad que sirve como almacenamiento de respaldo de Kubernetes para todos los datos del clúster.
*   **Kube-scheduler:** Vigila los Pods recién creados que no tienen un nodo asignado y selecciona un nodo para que se ejecuten, basándose en los requisitos de recursos, las restricciones y otros factores.
*   **Kube-controller-manager:** Ejecuta bucles de controlador (p. ej., Controlador de Nodos, Controlador de Replicación) que regulan el estado del clúster, asegurando que el estado actual coincida con el estado deseado.

**2. Componentes de los Nodos Trabajadores**
Los Nodos Trabajadores ejecutan las aplicaciones en contenedores. Contienen los siguientes componentes esenciales:
*   **Kubelet:** Un agente que se ejecuta en cada nodo del clúster. Asegura que los contenedores se estén ejecutando dentro de un Pod.
*   **Kube-proxy:** Un proxy de red que se ejecuta en cada nodo y mantiene las reglas de red en los nodos. Estas reglas permiten la comunicación con sus Pods desde fuera o dentro del clúster.
*   **Tiempo de Ejecución de Contenedores (Container Runtime):** El software responsable de ejecutar contenedores (p. ej., Docker, containerd, CRI-O)."
"Enumera los cinco satélites naturales (lunas) más grandes del Sistema Solar, comenzando por el más grande.",,"Ganímedes (Júpiter), Titán (Saturno), Calisto (Júpiter), Ío (Júpiter), La Luna de la Tierra (Luna)"
¿Dónde se encuentra el punto más profundo en los océanos del mundo y qué profundidad tiene?,,"El punto más profundo conocido es el Abismo Challenger (Challenger Deep), ubicado dentro de la Fosa de las Marianas en el Océano Pacífico occidental. Su medición más profunda es de aproximadamente 10.935 metros (35.876 pies) por debajo del nivel del mar. Esta profundidad extrema significa que la presión es más de 1.000 veces la presión atmosférica estándar a nivel del mar, lo que sustenta formas de vida quimiosintéticas únicas que no dependen de la luz solar."
¿Qué restricción significativa impulsó a Marie Skłodowska a estudiar en la Universidad Flotante clandestina?,"Marie Skłodowska nació en Varsovia (entonces parte del Imperio ruso) en 1867. Estudió en la Universidad Flotante clandestina de Varsovia porque, en ese momento, a las mujeres se les prohibía la educación superior. Se mudó a París en 1891 para asistir a la Sorbona, donde obtuvo títulos en física y ciencias matemáticas. En 1895, se casó con el físico francés Pierre Curie. Su trabajo con su marido se centró en la radiación y condujo al descubrimiento de dos nuevos elementos: el polonio (nombrado así por su Polonia natal) y el radio. En 1903, los Curie compartieron el Premio Nobel de Física con Henri Becquerel, lo que convirtió a Marie en la primera mujer en ganar un Premio Nobel. Después de la muerte de Pierre en 1906, ella continuó su trabajo y recibió el Premio Nobel de Química de 1911 por aislar radio puro.",A las mujeres se les prohibía la educación superior en ese momento.
"Enumere los siete continentes tradicionales en orden de tamaño, del más grande al más pequeño, utilizando una lista numerada.",,"1. Asia
2. África
3. América del Norte
4. América del Sur
5. Antártida
6. Europa
7. Australia"
¿Qué es la recolección de basura?,,Una forma de gestión automática de la memoria que busca recuperar la memoria ocupada por objetos que ya no son referenciados o alcanzables por el programa en ejecución.
¿Cuál es el nombre de la organización a la que pertenecía Obi-Wan Kenobi?,,La Orden Jedi
¿Cuál es la función principal del apéndice humano?,,"Históricamente, el apéndice humano fue considerado un órgano vestigial sin función esencial. Sin embargo, la investigación actual sugiere que puede desempeñar un papel en el sistema inmunológico, actuando específicamente como un refugio seguro para las bacterias intestinales beneficiosas (flora). Cuando una enfermedad o dolencia purga el sistema digestivo, el apéndice libera estas bacterias almacenadas, ayudando a repoblar rápidamente el intestino y restaurar la función normal."
"¿Cuál de los siguientes números no pertenece al grupo: 12, 45, 27, 33, 56, 18?",,"La regla subyacente para este conjunto es la divisibilidad. Los números 12, 45, 27, 33 y 18 son todos múltiplos de 3. La regla de divisibilidad por 3 establece que si la suma de los dígitos de un número es divisible por 3, el número en sí es divisible por 3. Para 56, la suma de los dígitos es 5+6=11, que no es divisible por 3. Por lo tanto, 56 es el número que no pertenece al grupo."
"Resuma las principales diferencias entre los protocolos TCP y UDP para una audiencia no técnica, utilizando menos de 100 palabras.",,"TCP (Protocolo de Control de Transmisión) es fiable y orientado a la conexión. Garantiza que todos los datos lleguen correctamente y en orden, de forma similar al envío de una carta certificada. Es más lento, pero se utiliza para la navegación y el correo electrónico. UDP (Protocolo de Datagramas de Usuario) es más rápido y sin conexión. Envía datos sin confirmación, aceptando la pérdida potencial, como una postal. Es ideal para juegos, transmisión de video y búsquedas DNS."
¿Qué factores llevaron al declive y eventual obsolescencia de la plataforma de redes sociales Myspace?,,"Las causas principales incluyeron la fuerte competencia de Facebook, que ofrecía una interfaz más limpia y una verificación de identidad más sólida. Myspace también sufrió de una innovación lenta, dificultades para manejar grandes cantidades de código de usuario personalizado y una reputación de spam excesivo y un diseño abarrotado, lo que dificultaba la navegación para los usuarios."
Explica la diferencia entre una lista y una tupla en Python.,,"En Python, tanto las listas como las tuplas se utilizan para almacenar colecciones de datos. La diferencia principal es la mutabilidad. Las listas son mutables, lo que significa que sus elementos pueden cambiarse, añadirse o eliminarse después de su creación (se definen utilizando corchetes, por ejemplo, [1, 2]). Las tuplas son inmutables, lo que significa que no se pueden cambiar una vez creadas (se definen utilizando paréntesis, por ejemplo, (1, 2)). Las tuplas son generalmente más rápidas y seguras para los datos que no deberían cambiar."
Explique la diferencia clave entre los algoritmos de compresión de datos con pérdida y sin pérdida.,,"Los algoritmos de compresión son cruciales para reducir el tamaño de los archivos para su almacenamiento y transmisión. La diferencia principal entre los dos tipos principales radica en cómo se tratan los datos durante el proceso de reducción y si la información original puede reconstruirse perfectamente.

La compresión sin pérdida (lossless), como su nombre indica, permite que los datos originales se reconstruyan perfectamente a partir de los datos comprimidos. Funciona identificando y eliminando la redundancia estadística—como patrones repetitivos o codificación ineficiente—sin eliminar ninguna información esencial. Ejemplos de formatos que utilizan compresión sin pérdida incluyen archivos ZIP, imágenes PNG y audio FLAC. Este método es esencial para aplicaciones de integridad de datos como documentos de texto, ejecutables de programas o registros financieros, donde incluso la más mínima pérdida de datos es inaceptable.

La compresión con pérdida (lossy), por el contrario, logra tasas de compresión mucho más altas al descartar permanentemente algunos datos considerados innecesarios o imperceptibles para el ojo o el oído humano. Esto generalmente se logra modelando la percepción psicoacústica (audio) o psicovisual (imagen) para eliminar inteligentemente los detalles en frecuencias o rangos de color a los que los humanos son menos sensibles. Si bien esto da como resultado un tamaño de archivo significativamente menor, los datos originales no se pueden recuperar por completo. La compresión con pérdida se utiliza ampliamente para medios de transmisión como imágenes JPEG, audio MP3 y video MPEG, donde una ligera degradación de la calidad es una compensación aceptable para una reducción masiva del tamaño del archivo."
¿Cuál es el símbolo químico de la plata?,,Ag
"¿Por qué las grandes empresas de tecnología a menudo ofrecen amplias comodidades gratuitas como cafeterías gourmet, gimnasios y servicios de lavandería?",,"La práctica de proporcionar comodidades amplias y, a menudo, lujosas (como comida gratuita, atención médica en el lugar y gimnasios) por parte de las grandes empresas tecnológicas sirve para varios propósitos comerciales estratégicos que van más allá de la simple buena voluntad hacia los empleados. En primer lugar, es una herramienta crucial en la competitiva 'guerra por el talento', actuando como un poderoso beneficio no salarial que ayuda a reclutar y retener a ingenieros y desarrolladores de primer nivel. En segundo lugar, estas ventajas están diseñadas para maximizar la productividad y la eficiencia. Al proporcionar todo lo que un empleado necesita en el lugar de trabajo, las empresas los animan sutilmente a pasar más tiempo en el trabajo y a reducir las interrupciones debidas a tareas externas (como desplazarse para almorzar o hacer recados). Esto también significa que los empleados están más disponibles para trabajar horas más largas. Finalmente, el entorno tipo campus fomenta la colaboración. Hacer que los empleados coman juntos o utilicen instalaciones compartidas estimula reuniones informales, la generación espontánea de ideas y fortalece los lazos del equipo dentro del espacio de trabajo."
Describe el proceso del protocolo de enlace de tres vías de TCP.,"El protocolo de enlace de tres vías de TCP (three-way handshake) es un mecanismo fundamental utilizado por el Protocolo de Control de Transmisión (TCP) para establecer una conexión fiable y full-duplex entre dos dispositivos, típicamente un cliente y un servidor. Este proceso es necesario para sincronizar los números de secuencia y asegurar que ambas partes estén listas para transmitir y recibir datos antes de que comience la transferencia de datos de la aplicación. 

1. SYN (Sincronización): El host iniciador (Cliente) envía un segmento SYN al host de destino (Servidor). Este segmento incluye el número de secuencia inicial (ISN) del cliente. En este punto, el cliente transiciona del estado CERRADO al estado SYN-SENT.

2. SYN-ACK (Sincronización-Acuse de recibo): Al recibir el SYN, el servidor responde con un segmento SYN-ACK. Este segmento tiene dos propósitos: acusa recibo de la solicitud de conexión del cliente (ACK = ISN del cliente + 1) e inicia su propio intento de conexión al proporcionar el número de secuencia inicial (ISN) propio del servidor. El servidor transiciona al estado SYN-RECEIVED.

3. ACK (Acuse de recibo): Finalmente, el cliente recibe el SYN-ACK y envía un segmento ACK de vuelta al servidor. Este ACK confirma la recepción del número de sincronización del servidor (ACK = ISN del servidor + 1). Una vez que el servidor recibe este tercer segmento, ambos hosts transicionan al estado ESTABLECIDO, y la transmisión de datos puede comenzar.","El protocolo de enlace de tres vías de TCP es un proceso crítico para establecer una conexión fiable entre un cliente y un servidor. Ocurre en tres pasos:
1. **SYN**: El cliente envía una solicitud de sincronización (SYN) al servidor.
2. **SYN-ACK**: El servidor acusa recibo de la solicitud (ACK) y envía su propio número de sincronización (SYN).
3. **ACK**: El cliente envía un acuse de recibo final (ACK) al servidor, confirmando que la conexión está establecida y lista para la transferencia de datos."
"Clasifica las siguientes palabras en Sustantivo, Verbo o Adjetivo: happiness, swim, tall, chair, eat, green.",,"happiness: Sustantivo
swim: Verbo
tall: Adjetivo
chair: Sustantivo
eat: Verbo
green: Adjetivo"
¿Cuándo se construyó la Torre Eiffel y por qué?,,"La Torre Eiffel fue construida entre 1887 y 1889. Fue construida como el arco de entrada para la Feria Mundial de 1889 (Exposition Universelle), que marcó el 100º aniversario de la Revolución Francesa."
"Proporciona una función simple de Python para comprobar si una cadena es un palíndromo, ignorando mayúsculas, minúsculas y espacios.",,"python
def is_palindrome(s):
    # Limpiar la cadena: mantener solo caracteres alfanuméricos y convertir a minúsculas
    cleaned_s = """".join(char.lower() for char in s if char.isalnum())
    
    # Comprobar si la cadena limpia es igual a su inversa
    return cleaned_s == cleaned_s[::-1]

# Example usage:
# print(is_palindrome(""Racecar""))  # True
# print(is_palindrome(""Madam, I'm Adam"")) # True
# print(is_palindrome(""hello world"")) # False
"
Nombra al autor de la clásica novela americana Moby Dick.,,Herman Melville
Nombra cinco platos icónicos originarios de Italia.,,"Pizza Napoletana, Lasagna, Risotto, Tiramisu, Spaghetti alla Carbonara."
¿Cuál es la altura aproximada de la Torre Eiffel?,"La Torre Eiffel es una torre de celosía de hierro forjado en el Campo de Marte en París, Francia. Fue construida desde 1887 hasta 1889 como entrada a la Exposición Universal de 1889. Lleva el nombre del ingeniero Gustave Eiffel, cuya compañía diseñó y construyó la torre. Mide 330 metros (1.083 pies) de altura, lo que es aproximadamente la misma altura que un edificio de 81 pisos.",330 metros (1.083 pies)
"Identifica al inventor de los siguientes: Teléfono, Vacuna contra la Polio.",,"El teléfono fue inventado por Alexander Graham Bell, la vacuna contra la polio por Jonas Salk."
"Clasifica los siguientes cuerpos celestes en Planetas, Lunas, o Planetas Enanos: Tierra, Marte, Plutón, Europa, Ceres, y Titán.",,"Planetas: Tierra, Marte. Lunas: Europa y Titán. Planetas Enanos: Plutón y Ceres."
"Enumera la ciudad capital de cada uno de los siguientes países: Francia, Japón, Australia, Brasil, Canadá y Egipto.",,"Francia: París
Japón: Tokio
Australia: Canberra
Australia: Brasilia
Canadá: Ottawa
Egipto: El Cairo"
"Extraer todos los nombres geográficos propios (provincias, ciudades o accidentes geográficos) y organizarlos en una lista basándose en su país o región aproximada moderna.","El Imperio Romano, originado en la ciudad de Roma, llegó a dominar el mundo mediterráneo. Sus territorios se extendían desde las costas de Britania (la actual Inglaterra y Gales) en el noroeste, a través de la Galia (Francia), hasta Hispania (España y Portugal). En el este, el imperio controlaba Grecia, Anatolia (Turquía) y las fértiles tierras de Egipto, centrado en torno a Alejandría. También se construyeron grandes proyectos de infraestructura en el Norte de África, particularmente en provincias como Mauretania y Numidia (Argelia/Túnez). La principal frontera militar a menudo se situaba a lo largo de los ríos Danubio y Rin, limitando con Germania, que se mantuvo en gran parte sin conquistar.","Italia:
- Roma

Reino Unido:
- Britania (Inglaterra y Gales)

Francia:
- Galia

España y Portugal:
- Hispania

Grecia y Turquía:
- Grecia
- Anatolia

Norte de África (Egipto, Argelia, Túnez):
- Egipto
- Alejandría
- Mauretania
- Numidia

Frontera Centroeuropea:
- Río Danubio
- Río Rin
- Germania"
"¿A quién se le atribuye la invención de la World Wide Web, y dónde trabajaba cuando lo hizo?","La World Wide Web (WWW) es un sistema de información donde los documentos y otros recursos web se identifican mediante Localizadores Uniformes de Recursos, que pueden estar interconectados por hipervínculos y son accesibles a través de Internet. Fue inventada por el científico informático inglés Tim Berners-Lee mientras trabajaba en el CERN en 1989. La Web fue originalmente concebida y desarrollada para satisfacer la demanda de intercambio automatizado de información entre científicos en universidades e institutos de todo el mundo.",La Web fue inventada por el científico informático inglés Tim Berners-Lee mientras trabajaba en el CERN.
"Determine si los siguientes compuestos exhiben predominantemente enlaces iónicos o covalentes, y defina brevemente las características de cada tipo de enlace.","NaCl, CO2, H2O, MgCl2, CH4, LiF","Los compuestos se clasifican de la siguiente manera:

**Enlaces Iónicos:** NaCl, MgCl2, LiF
El enlace iónico ocurre típicamente entre un metal y un no metal. Implica la transferencia completa de electrones de valencia de un átomo (el metal) a otro (el no metal), lo que resulta en la formación de iones cargados unidos por atracción electrostática.

**Enlaces Covalentes:** CO2, H2O, CH4
El enlace covalente generalmente ocurre entre dos no metales. Implica el intercambio de electrones de valencia entre átomos, lo que resulta en moléculas estables."
¿Cuál es la función principal de una Red de Entrega de Contenido (CDN)?,,"Una Red de Entrega de Contenido (CDN) es un grupo de servidores distribuidos geográficamente que trabajan juntos para proporcionar una entrega rápida de contenido de Internet. Su función principal es reducir la latencia y los tiempos de carga al almacenar en caché contenido estático (como imágenes, videos y hojas de estilo) en 'servidores perimetrales' ubicados más cerca de los usuarios finales. Esto minimiza la distancia física que deben recorrer los datos, mejorando el rendimiento y la fiabilidad del sitio web."
"Identifica todos los no metales listados aquí: Hierro, Oxígeno, Oro, Neón, Cobre.",,"El Oxígeno y el Neón son los no metales de la lista. El Hierro, el Oro y el Cobre se clasifican como metales."
¿Qué planeas hacer para cenar esta noche?,,Creo que finalmente intentaré esa complicada receta de lasaña. ¡Deséame suerte con la bechamel!
¿Cuál es la forma más rápida de leer un archivo CSV grande en un entorno Python?,,"Aunque el módulo estándar `csv` de Python o `read_csv()` de Pandas son comunes, para archivos grandes, el método más rápido es generalmente usar la función `pandas.read_csv()`, optimizando sus parámetros. Asegúrese de especificar `dtype` (si es posible) y utilice el parámetro `engine='c'` para mejoras de rendimiento sobre el motor predeterminado de Python. Si el archivo es verdaderamente masivo (muchos GBs), considere usar Dask o PySpark."
"Clasifique las siguientes capitales en sus respectivos continentes: América del Norte o Europa: Ottawa, París, Ciudad de México, Berlín, Roma, Washington D.C., Lisboa, Kingston, Londres, Viena",,"Ciudades en América del Norte: Ottawa, Ciudad de México, Washington D.C., Kingston
Ciudades en Europa: París, Berlín, Roma, Lisboa, Londres, Viena"
"Clasifica los elementos químicos proporcionados según su estado estándar a temperatura ambiente: Sólido, Líquido o Gas.","Oxígeno, Hierro, Mercurio, Bromo, Nitrógeno, Oro, Cloro, Sodio, Helio.","Sólido: Hierro, Oro, Sodio
Líquido: Mercurio, Bromo
Gas: Oxígeno, Nitrógeno, Cloro, Helio"
¿Es cierto que la Gran Muralla China es la única estructura hecha por el hombre visible desde el espacio?,,"No, este es un mito ampliamente difundido y persistente. La afirmación a menudo implica visibilidad desde la Luna, lo cual es completamente falso. Desde la Luna, incluso los continentes son difíciles de distinguir sin aumento, y la Gran Muralla es demasiado estrecha y sigue los colores naturales del paisaje, lo que hace imposible verla a simple vista. Los astronautas en órbita terrestre baja (LEO), donde reside la Estación Espacial Internacional, informan que si bien es difícil distinguir la Muralla sin saber exactamente dónde buscar, muchas otras estructuras artificiales más grandes—como carreteras principales, pistas de aeropuertos, presas y las luces de las principales ciudades por la noche—son mucho más fáciles de ver."
"¿Quién fue el ingeniero principal del Canal de Suez, y cuándo se inauguró oficialmente el canal?","El Canal de Suez, que conecta el Mar Mediterráneo con el Mar Rojo, se inauguró oficialmente en noviembre de 1869. Fue diseñado principalmente por el francés Ferdinand de Lesseps. El canal redujo significativamente el tiempo de viaje entre Europa y Asia al eliminar la necesidad de navegar alrededor de África. Tiene aproximadamente 193 km de longitud.","El ingeniero principal fue Ferdinand de Lesseps, y se inauguró oficialmente en noviembre de 1869."
Explique el concepto del efecto invernadero y su papel fundamental en el impulso del cambio climático global.,,"El efecto invernadero es un proceso físico natural que calienta la superficie y la atmósfera de la Tierra. Ocurre cuando ciertos gases en la atmósfera, conocidos como gases de efecto invernadero (GEI), atrapan la energía que irradia desde la Tierra hacia el espacio. El proceso se inicia cuando la radiación solar llega a la atmósfera terrestre; gran parte de esta energía es absorbida por la superficie, lo que provoca su calentamiento. Luego, esta superficie calentada irradia energía de vuelta hacia el espacio en forma de radiación infrarroja de longitud de onda más larga (calor). En lugar de pasar directamente al espacio, los GEI, como el dióxido de carbono (CO2), el metano (CH4), el óxido nitroso (N2O) y el vapor de agua, absorben esta energía infrarroja y luego la reemiten en todas direcciones, incluso de vuelta hacia la superficie de la Tierra. Esta re-irradiación actúa eficazmente como una manta térmica, atrapando el calor y manteniendo un rango de temperatura habitable en el planeta.

El papel del efecto invernadero en el cambio climático contemporáneo se centra en el concepto del efecto invernadero *intensificado*. Si bien el proceso natural es necesario para la vida, las actividades humanas—principalmente la quema de combustibles fósiles, los procesos industriales y los cambios en el uso de la tierra como la deforestación—han aumentado drásticamente la concentración de GEI en la atmósfera durante los últimos dos siglos. Esta mayor concentración conduce a una mayor retención de calor, amplificando el proceso de calentamiento natural y dando como resultado un aumento no natural de las temperaturas globales promedio, conocido como calentamiento global, que es el motor central del cambio climático."
¿Por qué es difícil detectar directamente la materia oscura y cómo infieren los científicos su existencia?,"La materia oscura es una forma hipotética de materia que se cree que representa aproximadamente el 85% de la materia del universo y alrededor de una cuarta parte de su densidad energética total. Lo 'oscuro' se refiere al hecho de que no parece interactuar con el campo electromagnético, lo que significa que no absorbe, refleja ni emite radiación electromagnética y, por lo tanto, es completamente invisible para los telescopios. Dado que no interactúa electromagnéticamente, la detección directa es extremadamente desafiante. Su existencia se infiere a partir de los efectos gravitacionales sobre la materia visible, como las velocidades a las que giran las galaxias (que son demasiado rápidas para explicarse solo con la materia visible) y la forma en que la luz se curva alrededor de estructuras cósmicas masivas (lente gravitacional).","La materia oscura es notoriamente difícil de detectar directamente porque no interactúa con el campo electromagnético. Esto significa que ni absorbe, ni refleja, ni emite luz u otra radiación, lo que la hace invisible para los telescopios estándar. Los científicos infieren su presencia únicamente a través de sus poderosos efectos gravitacionales sobre la materia visible, utilizando específicamente evidencia como las velocidades de rotación observadas de las galaxias y el fenómeno de la lente gravitacional alrededor de grandes estructuras cósmicas."
"Compare Amazon Web Services (AWS) y Microsoft Azure para una nueva startup de análisis de datos. Centre la comparación en tres áreas clave: diferencias en el modelo de precios, ofertas de computación sin servidor y madurez de la plataforma de aprendizaje automático gestionado. Concluya con una recomendación justificada sobre qué proveedor de la nube debería priorizar la startup.",,"**Comparación de AWS vs. Azure para una Startup de Análisis de Datos:**

1.  **Diferencias en el Modelo de Precios:** AWS típicamente utiliza un modelo de pago por uso altamente granular, con varios planes de ahorro (Instancias Reservadas, Planes de Ahorro) que ofrecen grandes descuentos pero requieren compromiso. Azure es similar, pero a menudo ofrece una mejor sinergia para las startups que ya han invertido en licencias de Microsoft (a través de Azure Hybrid Benefit). Azure también promueve fuertemente su estructura de Acuerdo Empresarial (EA), que puede simplificar la facturación para compromisos mayores, aunque una startup puede no calificar inicialmente. AWS a menudo proporciona opciones más inmediatas y rentables para usos muy específicos y a pequeña escala.

2.  **Ofertas de Computación Sin Servidor:** AWS Lambda es el líder del mercado, ofreciendo una profunda integración en casi todos los servicios de AWS, un ecosistema masivo y soporte para numerosos entornos de ejecución (runtimes). Es ideal para pipelines de procesamiento de datos impulsados por eventos. Azure Functions también es altamente capaz, particularmente para equipos que utilizan mucho .NET/C#, ofreciendo una excelente integración de desarrollo con Visual Studio. Si bien ambos son maduros, AWS Lambda generalmente ofrece mayor flexibilidad y una base de soporte de terceros más amplia para tareas de análisis complejas y de alto rendimiento.

3.  **Madurez de la Plataforma de Aprendizaje Automático Gestionado:** AWS SageMaker es posiblemente la plataforma de ML de extremo a extremo más completa y madura, ofreciendo entornos de notebook, algoritmos integrados, puntos finales de alojamiento robustos y herramientas de etiquetado de datos. Azure Machine Learning (Azure ML) Studio es fuerte, enfatizando MLOps (Operaciones de Aprendizaje Automático) y la gobernanza de nivel empresarial, a menudo más adecuada para industrias reguladas o equipos que priorizan la integración de DevOps. Para una startup enfocada puramente en el desarrollo rápido de modelos de análisis de vanguardia, SageMaker a menudo proporciona una curva de aprendizaje más pronunciada pero una capacidad de implementación más rápida.

**Recomendación:**
La startup debería priorizar **Amazon Web Services (AWS)**. Si bien Azure ofrece una sólida integración empresarial, AWS actualmente mantiene la ventaja de madurez en las áreas específicas críticas para una startup de análisis de datos: la versatilidad y escala de Lambda para ETL/procesamiento, y el conjunto integral de características de SageMaker para el desarrollo y producción de modelos."
Clasifica los siguientes lenguajes de programación basándote en su modelo de ejecución principal: Compilado o Interpretado. Enuméralos bajo el encabezado apropiado.,"C++, Python, Java, JavaScript, Rust, Ruby, C#, PHP","Lenguajes Compilados:
- C++
- Java
- Rust
- C#

Lenguajes Interpretados:
- Python
- JavaScript
- Ruby
- PHP"
¿Cuáles son los tres tipos principales de servicios de computación en la nube?,,"Infraestructura como Servicio (IaaS), Plataforma como Servicio (PaaS) y Software como Servicio (SaaS)."
"Basado en los datos proporcionados, ¿qué planeta tiene el diámetro más grande?","Resumen de Datos Planetarios:
Mercurio: Diámetro 4,880 km, Órbita 88 días.
Venus: Diámetro 12,104 km, Órbita 225 días.
Tierra: Diámetro 12,742 km, Órbita 365 días.
Marte: Diámetro 6,779 km, Órbita 687 días.
Júpiter: Diámetro 142,984 km, Órbita 12 años.
Saturno: Diámetro 120,536 km, Órbita 29 años.
Urano: Diámetro 51,118 km, Órbita 84 años.
Neptuno: Diámetro 49,528 km, Órbita 165 años.","Júpiter tiene el diámetro más grande con 142,984 km."
"¿Quién es comúnmente reconocido por inventar el teléfono, a pesar de las disputas históricas?","A Alexander Graham Bell se le atribuye a menudo la invención del teléfono. Sin embargo, muchos relatos históricos sugieren que el primer aparato práctico para transmitir la voz humana eléctricamente fue diseñado y demostrado por Elisha Gray. Las advertencias de patente de Gray fueron presentadas solo horas después de la solicitud de patente de Bell el 14 de febrero de 1876, lo que desencadenó una de las batallas legales más famosas de la historia de Estados Unidos. Bell finalmente obtuvo la patente, pero la verdadera naturaleza de la prioridad sigue siendo disputada.",Alexander Graham Bell
Explica qué es una API y cómo funciona.,,"Una API (Interfaz de Programación de Aplicaciones) es un conjunto de reglas definidas que permite que diferentes componentes de software se comuniquen entre sí. Actúa como un intermediario, definiendo los métodos y formatos de datos que las aplicaciones pueden usar para solicitar e intercambiar información, a menudo utilizada para acceder a funciones o datos específicos de un servidor."
¿Cuál es el procedimiento adecuado y más seguro para arrancar una batería de coche descargada usando cables de arranque?,,"Primero, asegúrese de que ambos vehículos estén apagados, en Estacionamiento (Park) o Neutral, y que no se estén tocando. Confirme que ambas baterías tengan el mismo voltaje (generalmente 12 voltios). 

**Secuencia de Conexión:**
1. **Rojo al Positivo Descargado:** Conecte una pinza roja (positiva, +) al terminal positivo de la batería descargada (muerta).
2. **Rojo al Positivo Vivo:** Conecte la otra pinza roja (positiva, +) al terminal positivo de la batería que funciona (viva).
3. **Negro al Negativo Vivo:** Conecte una pinza negra (negativa, -) al terminal negativo de la batería que funciona (viva).
4. **Negro a Masa/Tierra:** Conecte la pinza negra (negativa, -) restante a una superficie metálica grande y sin pintura (como un perno del motor o el chasis) del coche *descargado*, lejos de la batería y de las líneas de combustible. Este paso de conexión a tierra previene chispas cerca de gases de batería potencialmente explosivos.

**Procedimiento de Arranque:**
5. **Arrancar el Coche Vivo:** Encienda el vehículo con la batería buena y déjelo funcionar de 3 a 5 minutos para transferir una carga.
6. **Arrancar el Coche Descargado:** Intente arrancar el coche descargado. Si arranca, deje que ambos coches funcionen durante varios minutos antes de desconectar los cables.

**Secuencia de Desconexión (Orden Inverso):**
7. Desconecte los cables exactamente en el orden inverso de la conexión:
    a. Pinza negra de la superficie metálica conectada a masa (coche descargado).
    b. Pinza negra del terminal negativo (coche vivo).
    c. Pinza roja del terminal positivo (coche vivo).
    d. Pinza roja del terminal positivo (coche descargado)."
"Basándose en este texto, nombre las dos ciudades romanas destruidas por la erupción del 79 d.C., identifique a la persona que documentó por primera vez el desastre e indique dónde pereció su pariente.","La catastrófica erupción del Monte Vesubio en el 79 d.C. destruyó las ciudades romanas de Pompeya y Herculano. Generalmente se considera que la erupción comenzó alrededor del mediodía del 24 de agosto, cubriendo la región circundante con ceniza y piedra pómez durante dos días. Sin embargo, evidencia arqueológica reciente sugiere que la erupción probablemente ocurrió más tarde, posiblemente en octubre o noviembre. La destrucción fue documentada por primera vez por Plinio el Joven, quien presenció el evento desde la distancia y cuyo tío, Plinio el Viejo, murió intentando una misión de rescate cerca de la bahía de Nápoles.","La erupción destruyó las ciudades de Pompeya y Herculano. Fue documentada por Plinio el Joven, cuyo tío, Plinio el Viejo, murió cerca de la bahía de Nápoles."
"¿Según el texto, cuándo aterrizó el róver Perseverance en Marte?","El róver Perseverance de la NASA aterrizó en Marte el 18 de febrero de 2021, en el cráter Jezero. Su misión principal es buscar signos de vida microbiana antigua y recolectar muestras de rocas y suelo para su eventual regreso a la Tierra. El róver lleva consigo un helicóptero llamado Ingenuity, que demostró el primer vuelo propulsado en otro planeta en abril de 2021.",El róver Perseverance aterrizó en Marte el 18 de febrero de 2021.
"Utilizando el pasaje proporcionado, identifique la fecha en la que la tripulación del Apolo 11 regresó exitosamente a la Tierra.","El Apolo 11 fue el vuelo espacial estadounidense que llevó a los humanos a la Luna por primera vez. El comandante Neil Armstrong y el piloto del módulo lunar Buzz Aldrin aterrizaron el Módulo Lunar Apolo Eagle el 20 de julio de 1969, a las 20:17 UTC. Armstrong se convirtió en la primera persona en pisar la superficie lunar seis horas y 39 minutos después, el 21 de julio a las 02:56 UTC; Aldrin se unió a él 19 minutos después. Pasaron aproximadamente dos horas y cuarto fuera de la nave espacial. El tercer miembro de la misión, Michael Collins, pilotó el módulo de comando Columbia solo en órbita lunar mientras ellos estaban en la superficie. El Apolo 11 fue lanzado por un cohete Saturn V desde el Complejo de Lanzamiento 39A en el Centro Espacial Kennedy el 16 de julio de 1969. La tripulación regresó a la Tierra, amerizando de manera segura en el Océano Pacífico, el 24 de julio de 1969.",La tripulación del Apolo 11 regresó a la Tierra el 24 de julio de 1969.
Explica qué es una VPN y por qué alguien podría usarla.,,"Una VPN, o Red Privada Virtual (Virtual Private Network), crea una conexión segura y cifrada a través de una red pública, típicamente internet. La gente las usa principalmente para asegurar la privacidad de sus datos, enmascarar su ubicación geográfica y acceder de forma segura a redes internas de manera remota."
"Convierta la siguiente lista de tareas del proyecto en un array JSON estructurado. Cada objeto debe incluir las claves ""TaskID"", ""Name"" y ""Status"".",Tareas del Proyecto Alfa: TSK-001: Inicializar base de datos (Estado: Completo). TSK-002: Diseñar wireframes de UI (Estado: En Progreso). TSK-003: Escribir documentación de la API (Estado: Pendiente). TSK-004: Finalizar estrategia de marketing (Estado: Bloqueado).,"
[
  {
    ""TaskID"": ""TSK-001"",
    ""Name"": ""Inicializar base de datos"",
    ""Status"": ""Completo""
  },
  {
    ""TaskID"": ""TSK-002"",
    ""Name"": ""Diseñar wireframes de UI"",
    ""Status"": ""En Progreso""
  },
  {
    ""TaskID"": ""TSK-003"",
    ""Name"": ""Escribir documentación de la API"",
    ""Status"": ""Pendiente""
  },
  {
    ""TaskID"": ""TSK-004"",
    ""Name"": ""Finalizar estrategia de marketing"",
    ""Status"": ""Bloqueado""
  }
]
"
¿Cómo debo decidir qué tipo de planta de tomate cultivar en un pequeño jardín de contenedores?,,"Al elegir tomates para contenedores pequeños, los factores principales son el hábito de crecimiento de la planta y el tamaño del contenedor. Céntrate en variedades determinadas o 'arbustivas', ya que estas dejan de crecer a una altura manejable (generalmente 3-4 pies) y no requieren un enrejado pesado. Evita los tipos indeterminados o 'enredadera', que crecen continuamente. Las variedades enanas, a menudo comercializadas como tomates 'patio' o 'micro-enanos', son ideales. Los tipos de tomate cherry, como 'Tiny Tim' o 'Husky Red', generalmente prosperan en volúmenes más pequeños de tierra y ofrecen altos rendimientos."
"Describe las principales etapas involucradas en el lanzamiento de un cohete orbital reutilizable, como el SpaceX Falcon 9.",,"La secuencia de lanzamiento para un cohete reutilizable de dos etapas como el Falcon 9 involucra varias fases críticas y secuenciales, incorporando tanto el ascenso de la carga útil como el regreso del propulsor.

**1. Prelanzamiento y Despegue (T-0):**
   *   Los nueve motores Merlin se encienden poco antes del T-0 (Liberación de sujeción). Una vez que se confirma que el empuje es estable, el vehículo se libera de las abrazaderas de lanzamiento y comienza su ascenso vertical.

**2. Ascenso de la Primera Etapa y MECO:**
   *   El propulsor transporta el cohete a través de la parte más densa de la atmósfera. La trayectoria se inclina hacia abajo, aumentando la velocidad. Aproximadamente 2 minutos y 30 segundos después del vuelo, el propulsor realiza el MECO (Apagado del Motor Principal), habiendo utilizado casi todo su propelente.

**3. Separación de Etapas e Ignición de la Segunda Etapa (SECO-1):**
   *   Empujadores neumáticos separan el propulsor de la primera etapa del interetapa (el adaptador que conecta las dos etapas). La segunda etapa, impulsada por un único motor Merlin optimizado para el vacío, se enciende para seguir empujando la carga útil hacia la velocidad orbital.

**4. Secuencia de Retorno de la Primera Etapa (Reingreso Propulsado y Entrada):**
   *   **Encendido de Regreso (Boostback Burn):** La primera etapa gira 180 grados utilizando propulsores de gas frío y vuelve a encender tres de sus motores (Encendido de Regreso) para revertir su momento, enviándolo de vuelta hacia el sitio de lanzamiento o la nave no tripulada (drone ship).
   *   **Encendido de Entrada (Entry Burn):** A medida que la etapa reingresa a la atmósfera superior, se realiza un breve encendido (generalmente tres motores) para desacelerar el propulsor y reducir el calentamiento antes de que encuentre aire denso.

**5. Inserción Orbital de la Segunda Etapa:**
   *   La segunda etapa continúa su encendido, colocando la carga útil (p. ej., satélites) en una órbita de estacionamiento preliminar (SECO-1). Puede realizar un encendido posterior (SECO-2) minutos u horas después para ajustar la órbita antes de desplegar la carga útil.

**6. Encendido de Aterrizaje y Toma de Tierra:**
   *   La primera etapa que regresa despliega sus patas de aterrizaje y realiza un Encendido de Aterrizaje final de alta precisión utilizando un único motor central. El motor reduce profundamente su potencia para llevar la velocidad del propulsor a cero precisamente en el momento del contacto con la zona de aterrizaje designada."
Explicar el concepto de tecnología blockchain a un principiante.,,"Imagine una cadena de bloques (blockchain) como un libro de contabilidad público digital, similar a una hoja de cálculo que se duplica y se distribuye a través de una vasta red de sistemas informáticos a nivel mundial. Fundamentalmente, ninguna persona o entidad individual posee o controla este libro de contabilidad. 

Así es como funciona:

### 1. Bloques
Un 'bloque' es esencialmente un paquete de información digital. Cada bloque contiene tres elementos principales:
*   **Datos de Transacción:** Los detalles específicos de la transacción (quién, qué, cuándo, monto).
*   **Un Nonce:** Un número aleatorio utilizado para generar el hash.
*   **Un Hash Criptográfico:** Un código único de longitud fija que identifica el bloque y su contenido. Piense en ello como la huella digital del bloque. Si los datos dentro del bloque cambian incluso ligeramente, el hash cambia por completo.

### 2. La Cadena
Una vez que se completa un bloque, se vincula al bloque agregado previamente, formando una 'cadena'. Esta vinculación ocurre porque el nuevo bloque contiene el hash criptográfico del bloque *anterior*. Esto crea una secuencia de datos segura y cronológica.

### 3. Descentralización
En lugar de almacenarse en un único servidor central (como la base de datos de un banco), toda la cadena se copia y se distribuye a través de miles de computadoras, conocidas como 'nodos'. Para que un nuevo bloque sea aceptado y añadido a la cadena, la mayoría de los nodos deben verificar y estar de acuerdo en que la transacción es legítima. Este mecanismo de consenso hace que el sistema sea transparente y extremadamente resistente a fallas o manipulaciones, ya que no existe un único punto débil.

### 4. Inmutabilidad (Seguridad)
La seguridad de la cadena de bloques proviene de su estructura. Dado que cada nuevo bloque hace referencia al hash del bloque anterior, manipular una transacción antigua requeriría recalcular el hash de ese bloque *y* recalcular los hashes de cada bloque posterior en la cadena—todo simultáneamente a través de la mayoría de la red descentralizada. Este nivel de esfuerzo computacional hace que la alteración de registros pasados sea virtualmente imposible."
¿Por qué la ciudad de Nueva York fue nombrada originalmente Nueva Ámsterdam?,,"La ciudad de Nueva York fue fundada originalmente como un asentamiento por la Compañía Neerlandesa de las Indias Occidentales en 1625 y fue nombrada Nueva Ámsterdam (Nieuw-Amsterdam). Este nombre honró a Ámsterdam, la ciudad más grande y capital de los Países Bajos, ya que el asentamiento sirvió como capital de la colonia neerlandesa de Nueva Holanda. En 1664, los ingleses tomaron el control del área durante la Segunda Guerra Anglo-Neerlandesa y renombraron la ciudad y el territorio circundante 'Nueva York' en honor al Duque de York (el futuro Rey Jacobo II de Inglaterra)."
Explique el papel fundamental que desempeñan las abejas y otros polinizadores en el mantenimiento de la seguridad alimentaria mundial. Asegúrese de que la explicación cubra los problemas del monocultivo y el impacto económico.,,"Los polinizadores, particularmente las abejas melíferas y las abejas nativas, son esenciales para la reproducción de más del 75% de las plantas con flores del mundo y alrededor de un tercio de los cultivos alimentarios mundiales. Sin su actividad, los rendimientos de frutas, verduras, nueces y cultivos de semillas cruciales colapsarían, amenazando gravemente la seguridad alimentaria e interrumpiendo la variedad nutricional. Las prácticas agrícolas industriales, especialmente el monocultivo generalizado, exacerban el problema al disminuir el forraje natural y la biodiversidad, lo que hace que los cultivos básicos dependan excesivamente de las colmenas gestionadas transportadas. Económicamente, esta indispensable labor biológica contribuye con miles de millones de dólares anualmente al sector agrícola mundial, lo que subraya su estatus insustituible en la producción de alimentos."
¿Quién fue el héroe romano que mató al Minotauro usando un ovillo de lana proporcionado por la hechicera Circe?,,"El héroe fue Teseo, un héroe fundador mitológico griego de Atenas. Navegó por el Laberinto y mató al Minotauro, usando el ovillo de hilo (o pista) que le dio Ariadna, la hija del rey Minos, para encontrar el camino de vuelta."
"Clasifica las siguientes criaturas como Mamífero o Reptil: Ornitorrinco, Iguana.",,"El Ornitorrinco es un Mamífero, y la Iguana es un Reptil."
Enumera las cuatro casas principales de la Escuela de Magia y Hechicería de Hogwarts.,,"- Gryffindor
- Hufflepuff
- Ravenclaw
- Slytherin"
Describa los pasos necesarios para cambiar de forma segura una llanta pinchada en un sedán estándar.,,"1. Estacione en terreno nivelado y accione el freno de mano. 2. Encienda las luces de emergencia y coloque triángulos reflectantes si están disponibles. 3. Localice la llanta de repuesto, el gato y la llave de tuercas. 4. Afloje ligeramente las tuercas (aún no las retire). 5. Coloque el gato debajo del chasis del coche y levante el vehículo hasta que la llanta pinchada esté separada del suelo. 6. Retire las tuercas por completo y quite la llanta pinchada. 7. Monte la llanta de repuesto y apriete las tuercas a mano. 8. Baje el vehículo. 9. Apriete las tuercas por completo siguiendo un patrón de estrella. 10. Guarde su equipo y compruebe la presión de la llanta de repuesto inmediatamente."
Proporciona una definición concisa del siguiente concepto.,Entrelazamiento cuántico,"Un fenómeno físico donde dos o más partículas se vinculan de tal manera que la medición de la propiedad de una influye instantáneamente en las propiedades de las otras, independientemente de la distancia que las separe."
¿A quién se le atribuye el descubrimiento inicial de la penicilina y en qué año?,"La penicilina, a menudo abreviada PCN, es un grupo de antibióticos derivados originalmente de mohos *Penicillium*, notablemente *P. chrysogenum* y *P. notatum*. El descubrimiento de la penicilina se atribuye al médico-científico escocés Alexander Fleming en 1928, mientras trabajaba en el Hospital St Mary's de Londres. La producción en masa y los ensayos clínicos exitosos fueron llevados a cabo posteriormente a principios de la década de 1940 por Howard Florey y Ernst Chain.",El descubrimiento de la penicilina se atribuye al médico-científico escocés Alexander Fleming en 1928.
Explica la diferencia principal entre un agujero negro y un agujero de gusano.,,"Un agujero negro es una región del espacio-tiempo que exhibe efectos gravitacionales tan fuertes que nada —ni siquiera las partículas o la radiación electromagnética como la luz— puede escapar de su interior. Un agujero de gusano, por el contrario, es una estructura hipotética que conecta puntos dispares en el espacio-tiempo, actuando como un atajo a través del universo."
Genera una lista numerada de cinco criaturas míticas famosas conocidas por custodiar tesoros.,,"1. Dragón
2. Grifo
3. Esfinge
4. Fafnir
5. Cocatriz"
Explica el concepto de un agujero negro.,,"Un agujero negro es una región del espacio-tiempo donde la gravedad es tan fuerte que nada, incluida la luz u otras ondas electromagnéticas, puede escapar de él. Se forma cuando una estrella masiva colapsa bajo su propia gravedad al final de su ciclo de vida. El límite que define la región de no escape se llama horizonte de sucesos. Aunque el horizonte de sucesos tiene un efecto profundo en el destino y las circunstancias de un objeto que lo cruza, no tiene características detectables localmente. En el centro del agujero negro se encuentra una singularidad gravitacional, un punto donde la densidad es infinita."
Resumir los principios fundamentales de la Teoría Celular.,"La Teoría Celular es uno de los principios fundamentales de la biología moderna, atribuida principalmente al trabajo de Matthias Schleiden y Theodor Schwann a mediados del siglo XIX, con adiciones posteriores de Rudolf Virchow. La teoría inicial estableció dos principios principales: primero, que todos los organismos vivos están compuestos por una o más células, y segundo, que la célula es la unidad básica estructural y organizacional de la vida. Un tercer principio, crucial, fue añadido posteriormente por Virchow: que todas las células provienen de células preexistentes (omnis cellula e cellula). Este tercer punto refutó directamente el concepto de generación espontánea. Además, la Teoría Celular también abarca las ideas de que la información hereditaria se transmite de célula a célula durante la división, y que el flujo de energía (metabolismo y bioquímica) ocurre dentro de las células.",Los tres postulados universalmente aceptados de la Teoría Celular son: 1) Todos los organismos vivos están compuestos por una o más células; 2) La célula es la unidad básica de estructura y organización en los organismos; y 3) Todas las células provienen de células preexistentes. La teoría también reconoce que las células contienen información hereditaria que se transmite durante la división y son el sitio de las actividades metabólicas.
"¿Según el texto, cuál es la función principal del hipocampo?","El cerebro humano es un órgano increíblemente complejo. El cerebro, la parte más grande del encéfalo, es responsable de funciones de nivel superior como el pensamiento y la acción. En lo profundo del lóbulo temporal se encuentra el hipocampo, un componente principal de los cerebros de humanos y otros vertebrados. Su función principal es la formación de nuevas memorias relacionadas con eventos experimentados (memoria episódica), así como la navegación espacial. El daño al hipocampo puede deteriorar gravemente la capacidad de formar nuevas memorias a largo plazo. El cerebelo, ubicado debajo del cerebro, coordina movimientos voluntarios como la postura, el equilibrio, la coordinación y el habla, lo que resulta en una actividad muscular fluida y equilibrada.","La función principal del hipocampo es la formación de nuevas memorias relacionadas con eventos experimentados (memoria episódica), así como la navegación espacial."
Analice los principales riesgos éticos asociados con el despliegue de la IA Generativa (específicamente Modelos de Lenguaje Grandes) para la moderación automatizada de contenido en una importante plataforma de redes sociales. Proponga tres estrategias de mitigación distintas que equilibren la eficiencia y los derechos del usuario.,,"El despliegue de Modelos de Lenguaje Grandes (LLMs) para la moderación automatizada de contenido presenta varios riesgos éticos significativos, centrados principalmente en la equidad, la transparencia y la libertad de expresión.

**Riesgos Éticos:**

1.  **Amplificación de Sesgos e Impacto Dispar:** Los LLMs se entrenan con vastos conjuntos de datos que a menudo reflejan sesgos sociales (raciales, de género, políticos). Si el modelo de moderación aprende estos sesgos, puede dirigirse de manera desproporcionada al contenido o a los patrones de habla de grupos marginados, lo que lleva a la eliminación injusta de contenido o al 'shadow banning' que refuerza la discriminación sistémica.
2.  **Falta de Explicabilidad y Transparencia:** Las decisiones de la IA son a menudo 'cajas negras'. Cuando se elimina contenido, rara vez se proporciona a los usuarios una razón clara, específica y legible para humanos más allá de una violación de política genérica. Esta falta de transparencia socava la confianza del usuario y dificulta el proceso de apelación, violando las expectativas básicas del debido proceso.
3.  **Sobre-moderación y el Efecto Inhibidor ('Chilling Effect'):** Los LLMs altamente sensibles o agresivos pueden tener dificultades con el contexto, la sátira o el comentario político matizado. La automatización agresiva puede llevar a la eliminación de discurso benigno o legítimo, creando un 'efecto inhibidor' ('chilling effect') donde los usuarios se autocensuran por temor a un castigo arbitrario, limitando así la libre expresión y el discurso público.

**Estrategias de Mitigación:**

1.  **Intervención Humana Obligatoria ('Human-in-the-Loop') para Acciones de Alta Gravedad:** Todas las decisiones de moderación automatizada que resulten en suspensiones permanentes de cuentas, restricciones severas de contenido o eliminación de contenido de alto perfil/periodístico deben requerir una revisión humana obligatoria (un sistema 'human-in-the-loop') antes de su ejecución. Esta estrategia mantiene la eficiencia para violaciones obvias y de bajo riesgo, mientras protege los derechos de los usuarios en casos ambiguos o críticos.
2.  **Pruebas Adversariales y Auditorías para Impacto Dispar:** Las plataformas deben comprometerse a realizar auditorías éticas periódicas por parte de terceros y pruebas adversariales centradas específicamente en el impacto demográfico. Esto implica crear conjuntos de datos de prueba diseñados para exponer el sesgo algorítmico (p. ej., enviar contenido idéntico enmarcado por diferentes identidades o idiomas asumidos) y ajustar la ponderación del modelo para garantizar que la moderación se aplique de manera consistente en todos los grupos de usuarios.
3.  **Transparencia Mejorada y Protocolo de Apelaciones Acelerado:** La plataforma debe pasar de los avisos de violación genéricos a códigos de razonamiento específicos y estandarizados que indiquen claramente qué parte de la política fue violada y *por qué* el LLM marcó el contenido. Además, implementar un proceso interno de apelaciones acelerado, transparente y vinculante para el contenido moderado por IA (que garantice un resultado de revisión humana en 48 horas) restaura la agencia y la confianza del usuario."
¿Cuáles son algunos usos domésticos prácticos del bicarbonato de sodio además de hornear?,,"El bicarbonato de sodio se puede utilizar como desodorante (en la nevera o zapatos), un limpiador abrasivo suave para lavabos, un desatascador de desagües mezclado con vinagre y un potenciador de lavado."
¿Cuándo ocurrió el tránsito oficial a través del Canal de Panamá?,"La construcción del Canal de Panamá fue uno de los proyectos de ingeniería más difíciles jamás emprendidos. Los intentos iniciales por parte de Francia fracasaron debido a enfermedades y problemas financieros. Estados Unidos se hizo cargo del proyecto en 1904. Aunque el SS Ancon realizó el tránsito oficial el 15 de agosto de 1914, conectando los océanos Atlántico y Pacífico, embarcaciones más pequeñas habían utilizado partes de la vía fluvial antes de esa fecha. La inauguración formal del canal coincidió casi exactamente con el inicio de la Primera Guerra Mundial en Europa.","El tránsito oficial a través del Canal de Panamá ocurrió el 15 de agosto de 1914, por el SS Ancon."
Explique la tecnología detrás de los dispositivos de saneamiento de luz UV-C y qué tan efectivos son contra los virus y las bacterias.,,"La luz UV-C es un rango específico de luz ultravioleta (100–280 nanómetros) que es germicida. Funciona penetrando la pared celular o la cápsula viral de los microorganismos. Una vez dentro, la radiación UV-C es absorbida por el ADN o ARN, lo que hace que las bases de ácido nucleico (como la timina) se unan de manera anormal, formando dímeros. Esta dimerización evita que el material genético del organismo pueda replicarse, inactivando efectivamente el microbio y evitando que cause infección. El saneamiento con UV-C es altamente efectivo contra una amplia gama de patógenos, incluidas bacterias, mohos y virus (como el SARS-CoV-2), siempre que los patógenos estén expuestos a una dosis suficiente (intensidad multiplicada por tiempo) y la luz no esté bloqueada por polvo u sombras."
Analice los siguientes datos del Informe del Mercado del Café del Q3 2024. Resuma los dos principales cambios en las tendencias del consumidor —preferencia por bebidas frías y demanda de sostenibilidad— e identifique el grupo demográfico clave que impulsa cada tendencia.,"Resumen del Mercado Q3 2024: El consumo tradicional de café caliente disminuyó un 4% interanual. 

Segmento Cold Brew/Listo para Beber (RTD): Aumentó el volumen de ventas en un 18%. El 65% de los consumidores de la Generación Z prefiere el cold brew RTD en lugar del café helado tradicional. El impulsor principal es la comodidad y la consistencia del sabor.

Datos de Sostenibilidad: El 78% de los consumidores Millennials y de la Generación X informan estar dispuestos a pagar un 15%+ más por granos certificados de Comercio Justo o Rainforest Alliance. El 55% de las decisiones de compra están influenciadas por afirmaciones de abastecimiento ético en el embalaje. Preocupaciones clave: reducción de residuos y compensación a los agricultores.","Los datos del Q3 2024 revelan dos cambios significativos en el consumo de café. En primer lugar, hay un movimiento pronunciado hacia las bebidas frías, marcado por un aumento del 18% en el segmento Cold Brew/RTD. Esta preferencia está impulsada predominantemente por la Generación Z, que valora la comodidad y la consistencia del sabor. En segundo lugar, la demanda de abastecimiento sostenible está creciendo con fuerza. Más de tres cuartas partes (78%) de los Millennials y la Generación X están dispuestos a pagar una prima (15%+) por granos éticos certificados. Las afirmaciones éticas, centradas en la reducción de residuos y la compensación a los agricultores, ahora influyen en más de la mitad de las decisiones de compra en estos grupos demográficos."
"¿A quién se le atribuye generalmente el descubrimiento de Tritón, la luna más grande de Neptuno?","El descubrimiento de Tritón, la luna más grande de Neptuno, se le atribuye generalmente a William Lassell. Observó el satélite el 10 de octubre de 1846, solo 17 días después del descubrimiento del propio Neptuno por Urbain Le Verrier y Johann Galle. Lassell fue un astrónomo inglés que construyó sus propios observatorios y equipo telescópico. También descubrió de forma independiente varias otras lunas menores, incluidas Ariel y Umbriel alrededor de Urano.",William Lassell.
"Extrae el nombre del líder de la expedición, la fecha de inicio y el número de millas de costa cartografiadas. Presenta la información en el formato: ""Dirigida por {Nombre del Líder}, la expedición comenzó el {Fecha} y cartografió {Distancia} millas.""","La expedición, liderada por la Capitana Eleanor Vance, partió de Plymouth el 5 de junio de 1845. Su objetivo era cartografiar las aguas inexploradas del Círculo Polar Antártico sur. Después de 18 meses en el mar, la tripulación finalmente regresó, habiendo cartografiado con éxito 320 millas de costa, pero habiendo perdido solo dos miembros de la tripulación por enfermedad durante todo el viaje.","Dirigida por la Capitana Eleanor Vance, la expedición comenzó el 5 de junio de 1845 y cartografió 320 millas."
¿Cuál es la capital de Australia?,,La ciudad capital de Australia es Canberra.
Enumera los tres colores primarios de la luz aditiva (como se usan en pantallas y monitores).,,"Los tres colores aditivos primarios son Rojo, Verde y Azul (RGB)."
Compara y contrasta la estructura y el esquema de rima de los dos tipos de soneto descritos en el pasaje. Presenta las características del 'Soneto shakesperiano' y del 'Soneto petrarquista' en dos listas con viñetas separadas y claramente etiquetadas.,"Los sonetos son poemas de catorce versos. El soneto shakesperiano (o inglés) está estructurado en tres cuartetos y un pareado final, adhiriéndose al esquema de rima ABAB CDCD EFEF GG. A menudo desarrolla su tema a través de una serie de imágenes o argumentos contrastantes. Por el contrario, el soneto petrarquista (o italiano) utiliza un octeto (ocho versos) y un sexteto (seis versos). Su esquema de rima típico para el octeto es ABBAABBA, y el sexteto utiliza CDECDE o CDCDCD. Esta estructura generalmente presenta un problema o argumento en el octeto y una resolución o comentario en el sexteto.","Soneto Shakesperiano
- Estructura: Tres cuartetos y un pareado final
- Esquema de Rima: ABAB CDCD EFEF GG

Soneto Petrarquista
- Estructura: Octeto (ocho versos) y un sexteto (seis versos)
- Esquema de Rima del Octeto: ABBAABBA
- Esquema de Rima del Sexteto: CDECDE o CDCDCD"
Proporcione tres mejores prácticas esenciales para mantener contraseñas en línea sólidas.,,"1. Complejidad y Longitud: Las contraseñas deben ser largas (apunte a 12-16 caracteres o más) e incluir una mezcla de letras mayúsculas y minúsculas, números y símbolos. 2. Singularidad: Nunca reutilice la misma contraseña en varias cuentas. Utilice un gestor de contraseñas confiable para almacenar y generar credenciales únicas para cada servicio. 3. Autenticación Multifactor (AMF): Si bien técnicamente no es la contraseña en sí, habilitar la AMF (o autenticación de dos factores) es la salvaguarda más crítica contra el acceso no autorizado, incluso si su contraseña se ve comprometida."
¿Quién es el autor de la novela *Frankenstein* y cuándo se publicó por primera vez?,,La autora de *Frankenstein o el moderno Prometeo* es Mary Shelley. Fue publicado por primera vez anónimamente en Londres en 1818.
¿Cuáles son las estrategias más efectivas para aprender un nuevo lenguaje de programación desde cero?,,"El enfoque más efectivo implica una combinación de estudio teórico y aplicación práctica. Comience por dominar la sintaxis central y los conceptos fundamentales (tipos de datos, bucles, condicionales). Transicione inmediatamente a la construcción de proyectos pequeños y funcionales: una aplicación 'Hola Mundo', una calculadora simple, etc. Este método práctico solidifica el aprendizaje mucho más rápido que la lectura pasiva. Además, aproveche las comunidades y recursos en línea como Stack Overflow y GitHub, e intente incorporar sesiones de práctica diarias utilizando plataformas interactivas de codificación (como LeetCode o HackerRank) para mantener el impulso."
¿En qué año cayó el Muro de Berlín?,,1989
¿Cuál es el proceso para revelar negativos de película en blanco y negro de 35mm en casa?,,"Revelar película en blanco y negro en casa es un proceso sencillo, sin necesidad de cuarto oscuro, que requiere un control cuidadoso de la temperatura y el tiempo. Asegúrese de trabajar con los productos químicos en un área bien ventilada.

### Equipos y Productos Químicos Requeridos:
*   Tanque de revelado (p. ej., Paterson) y Carrete
*   Bolsa de cambio (o cuarto oscuro real)
*   Termómetro (preciso a 1 grado F/C)
*   Cilindros/probetas medidoras
*   Temporizador
*   Revelador (p. ej., Kodak D-76, Ilford ID-11)
*   Baño de Paro (o agua simple)
*   Fijador
*   Agente Humectante (p. ej., Photo-Flo)

### Paso 1: Carga de la Película (Oscuridad Total)
Trabajando dentro de la bolsa de cambio o del cuarto oscuro, abra el cartucho de película y enrolle cuidadosamente la película en el carrete de revelado. Coloque el carrete cargado dentro del tanque de revelado y cierre la tapa, asegurándose de que sea a prueba de luz. Una vez sellado, puede encender las luces.

### Paso 2: Preparación de los Productos Químicos
Consulte las instrucciones del fabricante para la combinación específica de película/revelador que esté utilizando para determinar el tiempo de revelado (T). La temperatura estándar de revelado es de 68°F (20°C). Mezcle todos los productos químicos (Revelador, Baño de Paro, Fijador) a esta temperatura. Nota: Si no puede mantener 68°F, debe ajustar el tiempo de revelado (T) de acuerdo con las tablas de compensación de temperatura.

### Paso 3: Revelado
1.  **Verter Revelador:** Vierta rápidamente la cantidad calculada de revelador en el tanque. Inicie el temporizador inmediatamente al comienzo del vertido.
2.  **Agitación:** Agite el tanque continuamente durante los primeros 30 segundos (invierta, gire, golpee suavemente para desalojar las burbujas de aire). Durante el resto del tiempo (T), agite durante 10 segundos cada 60 segundos (invirtiendo el tanque de 4 a 5 veces suavemente).
3.  **Vaciar:** Cuando expire el temporizador, vierta rápidamente el revelador fuera del tanque.

### Paso 4: Detención del Proceso
1.  **Verter Baño de Paro:** Vierta inmediatamente la solución de Baño de Paro en el tanque.
2.  **Agitación:** Agite continuamente durante 30 segundos.
3.  **Vaciar:** Vierta el Baño de Paro. (Alternativamente, puede usar agua simple durante 60 segundos).

### Paso 5: Fijado
1.  **Verter Fijador:** Vierta el Fijador en el tanque.
2.  **Agitación:** Fije durante 5 a 8 minutos, agitando durante 10 segundos cada minuto. Un buen tiempo de fijado se determina cuando el líder transparente de la película se vuelve completamente translúcido.
3.  **Vaciar:** Vierta el Fijador de vuelta a su recipiente de almacenamiento (el Fijador es reutilizable).

### Paso 6: Lavado y Secado
1.  **Lavar:** Retire la tapa y lave la película con agua corriente (idealmente a 68°F) durante 10 a 15 minutos. Utilice el método de 'llenar y vaciar' (llenar el tanque y desechar el agua repetidamente) para obtener mejores resultados, o utilice un accesorio de manguera.
2.  **Agente Humectante:** Llene el tanque con agua y añada 1 o 2 gotas de agente humectante (Photo-Flo). Agite suavemente durante 30 segundos. Esto previene las manchas de agua.
3.  **Secar:** Desenrolle la película y retire cuidadosamente el exceso de agua utilizando una escobilla de goma especializada o deslizando los dedos por el borde de la película. Cuelgue la película verticalmente en un ambiente libre de polvo (p. ej., una cabina de ducha), asegurando la parte inferior con una pinza de ropa o un peso. Espere de 2 a 4 horas para el secado antes de cortar y enfundar los negativos."
¿Por qué tiene tanto éxito Joe Rogan como podcaster?,,"El éxito de Joe Rogan se debe a una combinación de factores, incluyendo su larga trayectoria en el entretenimiento (comedia en vivo y televisión), su genuina curiosidad por una amplia gama de temas, y su formato de entrevista informal y de formato largo que fomenta conversaciones profundas. Además, su temprana adopción de plataformas independientes como YouTube y más tarde Spotify le permitió evitar a los guardianes de los medios tradicionales, creando una audiencia global masiva y dedicada, receptiva a puntos de vista diversos y a veces controvertidos."
"Clasifica las siguientes deidades como pertenecientes a la mitología griega o romana: Zeus, Júpiter, Atenea, Minerva, Ares, Marte, Poseidón, Neptuno",,"Zeus: Griego
Júpiter: Romano
Atenea: Griego
Minerva: Romano
Ares: Griego
Marte: Romano
Poseidón: Griego
Neptuno: Romano"
Explique la diferencia fundamental entre las operaciones síncronas y asíncronas utilizando una analogía que implique esperar en una cola. Mantenga la explicación por debajo de las 50 palabras.,,"Síncrono significa esperar en el mostrador del café hasta que su único café con leche esté listo antes de hacer cualquier otra cosa. Asíncrono significa realizar múltiples pedidos, tomar un localizador y limpiar una mesa mientras espera que el localizador señale que están listos."
¿Por qué las estrellas parecen 'titilar' cuando las miramos?,,"Las estrellas emiten luz constante, por lo que en realidad no titilan. El efecto de titilación, o 'centelleo astronómico', es causado por la atmósfera terrestre. A medida que la luz de la estrella distante viaja hacia el ojo, debe atravesar capas de aire que están constantemente en movimiento y cambiando de densidad (turbulencia). Esto provoca que los rayos de luz se refracten ligeramente (doblen) de diversas maneras, haciendo que la estrella parezca cambiar de posición y brillo rápidamente."
"Clasifica los siguientes cuerpos celestes en una de tres categorías: Estrella, Planeta o Luna: Júpiter, Sol, Europa, Marte, Sirio, Ganímedes.",,"Júpiter: Planeta
Sol: Estrella
Europa: Luna
Marte: Planeta
Sirio: Estrella
Ganímedes: Luna"
"Clasifique los siguientes procesos como endotérmicos o exotérmicos: combustión, fusión del hielo, fotosíntesis, congelación del agua, respiración celular.",,"Los procesos endotérmicos son aquellos que absorben calor o energía del entorno. Los procesos exotérmicos liberan calor o energía. Por lo tanto, la fusión del hielo y la fotosíntesis son endotérmicos. La combustión, la respiración celular y la congelación del agua (que libera calor latente) son todos exotérmicos."
Tome la lista de nombres de aves a continuación y reformatee los datos en una matriz JSON donde cada objeto tenga claves para 'Nombre Científico' y 'Nombre Común'.,"Pelecanus occidentalis (Pelícano pardo), Sula nebouxii (Piquero patiazul), Fregata magnificens (Fragata magnífica), Phaethon lepturus (Rabijunco coliblanco), Puffinus puffinus (Pardela pichoneta).","[
  {
    ""Nombre Científico"": ""Pelecanus occidentalis"",
    ""Nombre Común"": ""Pelícano pardo""
  },
  {
    ""Nombre Científico"": ""Sula nebouxii"",
    ""Nombre Común"": ""Piquero patiazul""
  },
  {
    ""Nombre Científico"": ""Fregata magnificens"",
    ""Nombre Común"": ""Fragata magnífica""
  },
  {
    ""Nombre Científico"": ""Phaethon lepturus"",
    ""Nombre Común"": ""Rabijunco coliblanco""
  },
  {
    ""Nombre Científico"": ""Puffinus puffinus"",
    ""Nombre Común"": ""Pardela pichoneta""
  }
]"
¿Cuál es la razón biológica por la que a los humanos les sale piel de gallina?,,"La piel de gallina es el resultado de un proceso llamado piloerección. Músculos diminutos en la base de cada folículo piloso, llamados músculos arrectores del pelo, se contraen, haciendo que el vello se erice. Si bien esta reacción no hace mucho por los humanos modernos que tienen relativamente poco vello corporal, cumplió un propósito evolutivo en nuestros ancestros. Cuando hace frío, el vello erizado atraparía una capa de aire, proporcionando aislamiento. Cuando están estresados o amenazados, el vello erizado haría que el animal pareciera más grande, sirviendo como una exhibición de agresión."