instruction,input,response
बौद्ध धर्म के मुख्य सिद्धांत क्या हैं?,,"सिद्धार्थ गौतम (बुद्ध) द्वारा स्थापित बौद्ध धर्म (धर्म) की मूलभूत शिक्षाएँ, नैतिक आचरण, मानसिक अनुशासन और समझदारी (ज्ञान) के माध्यम से दुःख (तकलीफ़) को समझने और उस पर क़ाबू पाने पर केंद्रित हैं। यह समझ मुख्य रूप से चार आर्य सत्य और आर्य अष्टांगिक मार्ग में समाहित है।

चार आर्य सत्य:
1. दुःख (तकलीफ़): जीवन में अनिवार्य रूप से दुःख, असंतोष और अस्थिरता शामिल है।
2. समुदय (दुःख का कारण): दुःख मोह, लालच और अज्ञानता (तृष्णा) से पैदा होता है।
3. निरोध (दुःख का ख़त्म होना): जब लालच और मोह ख़त्म हो जाते हैं, तो दुःख भी ख़त्म हो सकता है, जिससे निर्वाण प्राप्त होता है।
4. मार्ग (दुःख ख़त्म करने का रास्ता): दुःख को समाप्त करने का मार्ग आर्य अष्टांगिक मार्ग है।

आर्य अष्टांगिक मार्ग एक व्यावहारिक मार्गदर्शन है, जिसे अक्सर तीन हिस्सों में बाँटा जाता है:

ज्ञान (प्रज्ञा):
1. सम्यक दृष्टि (सही समझ): दुनिया और चार आर्य सत्यों को जैसा वे वास्तव में हैं, वैसा ही देखना।
2. सम्यक संकल्प (सही विचार): त्याग, सद्भाव और अहिंसा के विचार।

नैतिक आचरण (शील):
3. सम्यक वाचा (सही वाणी): झूठ बोलने, फूट डालने वाली बातें, कड़े शब्द और बेकार की बकवास से बचना।
4. सम्यक कर्मान्त (सही कर्म): शारीरिक चोट पहुँचाने, चोरी और यौन दुराचार से दूर रहना।
5. सम्यक आजीविका (सही जीवनयापन): बिना किसी को नुकसान पहुँचाए रोज़ी कमाना।

मानसिक अनुशासन (समाधि):
6. सम्यक व्यायाम (सही प्रयास): अच्छे मानसिक भावों को विकसित करना और बुरे भावों को छोड़ देना।
7. सम्यक स्मृति (सही याददाश्त/सजगता): शरीर, भावनाओं, मन और मानसिक चीज़ों के प्रति जागरूकता बनाए रखना।
8. सम्यक समाधि (सही एकाग्रता): केंद्रित ध्यान (मेडिटेशन) विकसित करना जो चेतना की उच्च अवस्थाओं की ओर ले जाता है।"
जीवित जीवों के द्रव्यमान का लगभग 99% हिस्सा कौन से पाँच तत्व बनाते हैं?,"जीवित जीव मुख्य रूप से छह अधातु तत्वों से बने होते हैं: ऑक्सीजन, कार्बन, हाइड्रोजन, नाइट्रोजन, कैल्शियम, और फ़ॉस्फ़ोरस। हालाँकि, सबसे प्रचुर मात्रा में पाए जाने वाले चार तत्व—ऑक्सीजन, कार्बन, हाइड्रोजन, और नाइट्रोजन—अधिकांश जानवरों और पौधों के शरीर के वज़न का लगभग 96% हिस्सा होते हैं। जब कैल्शियम को शामिल किया जाता है, तो ये पाँच तत्व (ऑक्सीजन, कार्बन, हाइड्रोजन, नाइट्रोजन, और कैल्शियम) जीवित जीवों के द्रव्यमान का लगभग 99% हिस्सा बनाते हैं।","ऑक्सीजन, कार्बन, हाइड्रोजन, नाइट्रोजन, और कैल्शियम"
"वार्डनक्लिफ टॉवर का मकसद क्या था, और उस ढाँचे को आखिर में कब गिराया गया?","वार्डनक्लिफ टॉवर, जिसे टेस्ला टॉवर के नाम से भी जाना जाता है, एक शुरुआती प्रायोगिक बेतार संचार स्टेशन था। इसे निकोला टेस्ला ने न्यूयॉर्क के लॉन्ग आइलैंड के उत्तरी किनारे पर डिज़ाइन किया और बनाया था। निर्माण 1901 में शुरू हुआ। टेस्ला का इरादा था कि यह टॉवर 'विश्व बेतार सिस्टम' के लिए एक नमूना बने, जिसका उपयोग अटलांटिक पार टेलीफ़ोन, प्रसारण और बेतार बिजली संचार के प्रदर्शन के लिए किया जा सके। हालाँकि, गंभीर पैसे की दिक्कतों और निवेशकों के बीच मतभेद के कारण, निर्माण लगभग 1906 के आसपास रुक गया। इस ढाँचे को आखिर में 1917 में कबाड़ धातु के लिए गिरा दिया गया।","वार्डनक्लिफ टॉवर का मकसद 'विश्व बेतार सिस्टम' के लिए एक नमूना बनना था, जिसका उपयोग अटलांटिक पार टेलीफ़ोन, प्रसारण और बेतार बिजली संचार के प्रदर्शन के लिए किया जा सके। इस ढाँचे को 1917 में गिरा दिया गया था।"
उस प्रक्रिया को समझाइए जिसकी वजह से दिन में आसमान नीला दिखाई देता है।,,"आसमान का नीला रंग 'रेले प्रकीर्णन' नाम की एक प्रक्रिया की वजह से होता है। सूरज की रोशनी जब धरती के वातावरण तक पहुँचती है, तो गैस के बहुत छोटे कणों की वजह से यह सभी दिशाओं में बिखर जाती है। क्योंकि नीली रोशनी कम लंबाई की छोटी लहरों के रूप में चलती है, इसलिए यह दूसरे रंगों (जैसे लाल या पीला) के मुक़ाबले ज़्यादा दूर तक फैल जाती है।"
ब्लॉकचेन की मूलभूत अवधारणा और इसकी शुरुआत के बारे में समझाएँ।,"मूल रूप से, इसे 1991 में स्टुअर्ट हेबर और डब्ल्यू. स्कॉट स्टोरनेटा ने डिजिटल दस्तावेज़ों पर समय मुहर लगाने के लिए प्रस्तावित किया था; जिसे 2008 में सतोशी नाकामोटो द्वारा बिटकॉइन के निर्माण के साथ प्रसिद्धि मिली; यह मूलभूत रूप से एक वितरित खाता-बही तकनीक (डीएलटी) है; यह लेनदेन के डेटा के 'ब्लॉकों' को जोड़ने के लिए सांकेतिक हैशिंग का उपयोग करता है; एक बार दर्ज होने के बाद डेटा अटल हो जाता है; नए ब्लॉकों को मान्य करने के लिए इसे सहमति तंत्रों (जैसे कार्य का प्रमाण या हिस्सेदारी का प्रमाण) की आवश्यकता होती है।","ब्लॉकचेन एक प्रकार की वितरित खाता-बही तकनीक (डीएलटी) है जो डेटा, आमतौर पर लेनदेनों को, 'ब्लॉक' नामक जुड़ी हुई इकाइयों में दर्ज करती है। प्रत्येक ब्लॉक को पिछले ब्लॉक से सांकेतिक रूप से हैश किया जाता है, जिससे दर्ज किया गया डेटा अटल और पारदर्शी बन जाता है। हालांकि यह अवधारणा मूल रूप से 1991 में हेबर और स्टोरनेटा द्वारा सुरक्षित डिजिटल समय मुहर के लिए प्रस्तावित की गई थी, इसे 2008 में सतोशी नाकामोटो द्वारा क्रिप्टोकरेंसी बिटकॉइन के लिए मूलभूत तकनीक के रूप में लोकप्रिय बनाया गया। नए ब्लॉक केवल तभी श्रृंखला में जोड़े जाते हैं जब कार्य का प्रमाण जैसे सहमति तंत्र डेटा को मान्य कर देता है।"
"दिए गए पाठ का उपयोग करते हुए, अल्बर्ट आइंस्टीन के जन्म की तारीख और जगह, म्यूनिख में उनके स्कूल का नाम, और वह किन विषयों में बहुत अच्छे थे, यह बताएं।","अल्बर्ट आइंस्टीन का जन्म 14 मार्च, 1879 को जर्मनी के उल्म शहर में हुआ था। छह हफ्ते बाद, उनका परिवार म्यूनिख चला गया, जहाँ उनके पिता, हर्मन आइंस्टीन, और उनके चाचा, जैकब आइंस्टीन, ने एक बिजली इंजीनियरिंग कंपनी शुरू की। अल्बर्ट ने म्यूनिख के ल्यूटपोल्ड जिम्नेजियम में पढ़ाई की। हालांकि उन्हें अक्सर एक कमज़ोर छात्र माना जाता था, लेकिन वह कम उम्र से ही गणित और भौतिकी में बहुत अच्छे थे। वह अक्सर अपनी स्कूली शिक्षा से नाखुश रहते थे और कड़े अनुशासन को दम घोंटने वाला पाते थे। 1895 में, 16 साल की उम्र में, आइंस्टीन ज्यूरिख के स्विस फ़ेडरल पॉलिटेक्निक स्कूल की प्रवेश परीक्षा में फेल हो गए, लेकिन उन्होंने अंततः दोबारा आवेदन किया और 1896 में उन्हें स्वीकार कर लिया गया।","अल्बर्ट आइंस्टीन का जन्म 14 मार्च, 1879 को जर्मनी के उल्म शहर में हुआ था। उन्होंने म्यूनिख के ल्यूटपोल्ड जिम्नेजियम में पढ़ाई की। वह कम उम्र से ही गणित और भौतिकी में बहुत अच्छे थे।"
ऑकम के उस्तरे का सिद्धांत समझाओ।,,"ऑकम का उस्तरा एक दार्शनिक सिद्धांत है जो यह बताता है कि मुकाबला कर रहे उन अनुमानों/परिकल्पनाओं में से, जो बराबर रूप से सही भविष्यवाणी करते हैं, उसे चुना जाना चाहिए जिसमें सबसे कम धारणाएं/मान्यताएं हों। इसे अक्सर संक्षेप में यूँ कहा जाता है: 'सबसे आसान समझ ही आमतौर पर सबसे अच्छी होती है।' यह खुद में तर्क या सबूत का कोई नियम नहीं है, बल्कि यह एक दिशा-निर्देश है जिसका उपयोग अनावश्यक जटिलता को छाँटने के लिए किया जाता है। इसका नाम 14वीं सदी के एक फ़्रांसिस्कन भिक्षु, विलियम ऑफ ऑकम के नाम पर रखा गया है।"
फ़्रेंच प्रेस का इस्तेमाल करके कॉफ़ी बनाने का सबसे बेहतरीन तरीका क्या है?,,"फ़्रेंच प्रेस का उपयोग करके सबसे साफ़ और मज़ेदार स्वाद वाली कॉफ़ी बनाने के लिए, इन कदमों का पालन करें:

1. पानी गरम करें: ताज़ा पानी उबालें, फिर उसे 30 से 60 सेकंड के लिए ठंडा होने दें (तापमान 195°F से 205°F / 90°C से 96°C तक रखें)।
2. बीन्स पीसें: बीन्स को मोटा और एक समान पीसें, लगभग समुद्री नमक जैसा दानेदार। बारीक पिसी हुई कॉफ़ी जाली वाली छन्नी से निकल जाएगी, जिससे कॉफ़ी में दाने आएंगे।
3. कॉफ़ी डालें: अपनी पिसी हुई कॉफ़ी को बर्तन (कैराफ़) में डालें। सामान्य अनुपात 1 हिस्सा कॉफ़ी और 15 हिस्सा पानी का होता है (लगभग 2 बड़े चम्मच 6 औंस पानी के लिए)।
4. कॉफ़ी फुलाएँ: पिसी हुई कॉफ़ी के ऊपर, कॉफ़ी की मात्रा से दोगुना पानी डालें। 30 सेकंड इंतज़ार करें। इससे कार्बन डाइऑक्साइड (सीओ2) बाहर निकल जाती है, और कॉफ़ी का रस समान रूप से निकलता है।
5. प्रेस भरें: बचा हुआ गरम पानी धीरे से कॉफ़ी के ऊपर डालें।
6. भिगोएँ (दम दें): ढक्कन को प्रेस पर लगा दें लेकिन उसे दबाएँ नहीं। कॉफ़ी को कम से कम 4 मिनट तक भीगने दें।
7. धीरे से दबाएँ: प्लंजर को धीरे-धीरे और लगातार नीचे दबाएँ, जिससे पिसी हुई कॉफ़ी नीचे चली जाए। इस प्रक्रिया में लगभग 30 सेकंड लगने चाहिए।
8. तुरंत परोसें: दबाने के बाद कॉफ़ी को बर्तन में पड़ा न रहने दें, क्योंकि इससे वह और ज़्यादा रस निकालती रहेगी और कड़वी हो जाएगी। सारी कॉफ़ी तुरंत मगों में डाल दें।"
"संयुक्त राज्य अमेरिका की चार मुख्य पर्वत शृंखलाओं के नाम बताएँ, जिन्हें प्रशांत तट से पूरब की ओर भौगोलिक क्रम में रखा गया है।",,"तटीय शृंखलाएँ, सिएरा नेवाडा / कैस्केड्स, रॉकी पर्वत, अपलाचियन पर्वत"
स्मार्ट लक्ष्यों (SMART Lakshayon) को निर्धारित करने के घटकों को समझाएँ और एक संक्षिप्त उदाहरण दें जो उन सभी पाँच मानदंडों को पूरा करता हो।,,"स्मार्ट (SMART) एक संक्षिप्त नाम है जिसका मतलब है विशिष्ट (Specific), मापने लायक़ (Measurable), प्राप्त करने योग्य (Achievable), प्रासंगिक (Relevant), और समय-बद्ध (Time-bound)। यह एक ऐसा ढाँचा है जिसे लोगों को स्पष्ट, केंद्रित और हासिल किए जा सकने वाले उद्देश्य निर्धारित करने में मदद करने के लिए बनाया गया है।

**एस - विशिष्ट (Specific):** लक्ष्य साफ़ और स्पष्ट होना चाहिए। इसे पाँच 'क' (W) सवालों का जवाब देना चाहिए: कौन शामिल है? मैं क्या हासिल करना चाहता हूँ? यह कहाँ किया जाएगा? यह कब किया जाएगा? मैं यह क्यों कर रहा हूँ?

**एम - मापने लायक़ (Measurable):** प्रगति को मापने और यह तय करने के लिए कि लक्ष्य कब पूरा हुआ है, ठोस मापदंड होने चाहिए। यह इन सवालों का जवाब देता है: कितना? कितने? मुझे कैसे पता चलेगा कि यह पूरा हो गया है?

**ए - प्राप्त करने योग्य (Achievable या Attainable):** उपलब्ध साधनों और समय को देखते हुए लक्ष्य वास्तविक और पहुँच में होना चाहिए। क्या यह लक्ष्य उस व्यक्ति के लिए उचित है जो इसे हासिल करने की कोशिश कर रहा है?

**आर - प्रासंगिक (Relevant):** लक्ष्य को व्यापक संस्थागत या व्यक्तिगत उद्देश्यों के साथ मेल खाना चाहिए। क्या यह लक्ष्य ज़रूरी है, और क्या इसे आगे बढ़ाने का यह सही समय है?

**टी - समय-बद्ध (Time-bound):** लक्ष्य की एक निर्धारित समय-सीमा होनी चाहिए, जिसमें शुरुआत की तारीख़ और लक्ष्य पूरा करने की तारीख़ शामिल हो। यह ज़रूरी तत्परता पैदा करता है और कामों को अनिश्चित काल तक भटकने से रोकता है।

---

**स्मार्ट लक्ष्य का उदाहरण:**

""मैं अगले वित्तीय तिमाही (टी) के अंत तक पूरे ड्राफ़्ट को पूरा करना सुनिश्चित करने के लिए हर हफ़्ते पाँच विषय मॉड्यूल (एम) ख़त्म करके नया आंतरिक प्रशिक्षण मैनुअल (एस) पूरा करूँगा। यह हमारे 25 नए कर्मचारियों को सफलतापूर्वक शामिल करने के लिए ज़रूरी है (आर), और मैंने इस लक्ष्य को प्राप्त करने योग्य बनाने के लिए हर हफ़्ते 10 समर्पित घंटे अलग रखे हैं (ए)।"""
"नीचे दी गई इन दो भाषाओं को उनके मुख्य काम के आधार पर वर्गीकृत करें: एसक्यूएल, रस्ट।",,"एसक्यूएल एक क्वेरी भाषा है, और रस्ट एक सिस्टम्स प्रोग्रामिंग भाषा है।"
बिग ओ नोटेशन' की अवधारणा समझाएँ और यह कलन विधि के विश्लेषण में क्यों ज़रूरी है।,,"बिग ओ नोटेशन एक गणितीय संकेतन (notation) है जो किसी फलन (function) के सीमांत व्यवहार का वर्णन करता है जब तर्क किसी विशेष मान या अनंत की ओर जाता है। कंप्यूटर विज्ञान के संदर्भ में, इसका उपयोग कलन विधियों (algorithms) को वर्गीकृत करने के लिए किया जाता है कि इनपुट (दिए गए डेटा) का आकार बढ़ने पर उनका चलने का समय या जगह की ज़रूरतें कैसे बढ़ती हैं। यह बहुत महत्वपूर्ण है क्योंकि यह प्रोग्रामर (programmers) को हार्डवेयर की खासियतों से स्वतंत्र होकर अलग-अलग कलन विधियों की कार्यक्षमता (efficiency) और बढ़ने की क्षमता (scalability) का मूल्यांकन करने की अनुमति देता है, जिससे बड़े डेटासेट के लिए सबसे अच्छा प्रदर्शन करने वाला समाधान चुनने में मदद मिलती है।"
समय-अंतरिक्ष के उस हिस्से को क्या नाम दिया जाता है जो इतना मज़बूत गुरुत्वाकर्षण दिखाता है कि कुछ भी — यहाँ तक कि कण या रोशनी जैसी विद्युत-चुंबकीय किरणें भी — उसके अंदर से बाहर नहीं निकल सकतीं?,,काला छिद्र
केक को एक समान फुलाने और बीच में धँसने से बचाने के लिए ज़रूरी कदम क्या हैं?,,"एक समान फुलाव सुनिश्चित करने के लिए, सबसे पहले, यह पक्का करें कि आपका ख़मीर उठाने वाला पदार्थ (जैसे बेकिंग पाउडर या सोडा) ताज़ा हो। दूसरी बात, गीली और सूखी सामग्री मिल जाने के बाद घोल को ज़्यादा न मिलाएँ, क्योंकि इससे ग्लूटेन बहुत ज़्यादा विकसित हो जाता है, जिससे सख़्त और धँसी हुई बनावट बन सकती है। अंत में, ओवन का सही तापमान बहुत ज़रूरी है। हमेशा पूरी तरह से पहले गरम करें, और पकने के समय के पहले दो-तिहाई हिस्से के दौरान ओवन का दरवाज़ा खोलने से बचें, क्योंकि तापमान में अचानक गिरावट से केक की बनावट ढह जाती है।"
महामंदी का तुरंत कारण (वजह) किसे माना जाता है?,,अक्टूबर 1929 में शेयर बाज़ार का गिरना।
अर्पानेट के लिए पहला जुड़ाव क्या स्थापित किया गया था?,"एडवांस रिसर्च प्रोजेक्ट्स एजेंसी नेटवर्क (अर्पानेट) एक शुरुआती पैकेट बदलने वाला नेटवर्क था और टी.सी.पी./आई.पी. प्रोटोकॉल समूह को लागू करने वाला पहला नेटवर्क था। ये दोनों तकनीकें (तरीके) इंटरनेट की तकनीकी बुनियाद बन गईं। अर्पानेट को शुरू में संयुक्त राज्य अमेरिका के रक्षा विभाग की एडवांस रिसर्च प्रोजेक्ट्स एजेंसी (अर्पा) द्वारा वित्त पोषित किया गया था। पहला जुड़ाव 29 अक्टूबर 1969 को कैलिफ़ोर्निया विश्वविद्यालय, लॉस एंजिल्स (यू.सी.एल.ए.) और स्टैनफोर्ड अनुसंधान संस्थान (एस.आर.आई.) के बीच स्थापित किया गया था।","पहला जुड़ाव 29 अक्टूबर 1969 को कैलिफ़ोर्निया विश्वविद्यालय, लॉस एंजिल्स (यू.सी.एल.ए.) और स्टैनफोर्ड अनुसंधान संस्थान (एस.आर.आई.) के बीच स्थापित किया गया था।"
"डीप लर्निंग और बड़ी क्षमता वाली ई.टी.एल. (ETL) प्रक्रियाओं वाले डेटा साइंस के काम के लिए, क्या मुझे पाइथन लेनी चाहिए या आर?",,"पाइथन और आर, दोनों ही डेटा साइंस के क्षेत्र में ज़रूरी औज़ार हैं, लेकिन खास तौर पर डीप लर्निंग और बड़ी क्षमता वाले ई.टी.एल. (निकालना, बदलना, और डालना) वाले प्रोजेक्ट के लिए, पाइथन ज़्यादा बेहतर विकल्प है। पाइथन डीप लर्निंग में इसलिए आगे है क्योंकि इसके पास टेंसिलफ्लो, पाईटॉर्च, और केरास जैसे पूरी तरह विकसित, उद्योग-मानक फ्रेमवर्क हैं, जिनमें बेहतरीन जी.पी.यू. सपोर्ट और बड़े समुदाय का साथ मिलता है। इसकी बहुमुखी प्रतिभा इसे बड़ी क्षमता वाली ई.टी.एल. के लिए आदर्श बनाती है; पाइथन बड़ी कंपनियों के सिस्टम, ए.पी.आई., क्लाउड प्लेटफॉर्म (जैसे ए.डब्ल्यू.एस. ग्लू या अज़ूर डेटा फैक्ट्री), और बड़े डेटा के फ्रेमवर्क (जैसे पाईस्पार्क के ज़रिए स्पार्क) के साथ आसानी से जुड़ जाती है, जो प्रोटोटाइप (शुरुआती मॉडल) से लेकर उत्पादन में लागू करने तक का काम काफी आसान बना देता है। जबकि आर (R) सांख्यिकीय विश्लेषण और खास डेटा विज़ुअलाइज़ेशन (जैसे जीजीप्लॉट2) के लिए बेहतरीन पैकेज देता है, उत्पादन में लागू करने के लिए इसका डीप लर्निंग इकोसिस्टम पाइथन की तुलना में कम विकसित है। अगर प्रोजेक्ट का मुख्य लक्ष्य तेज़ी से प्रयोग करना, जटिल सांख्यिकीय मॉडलिंग, या अकादमिक रिसर्च है, तो आर (R) पर विचार किया जा सकता है, लेकिन बड़े उद्यम स्तर की क्षमता और आधुनिक डीप लर्निंग तकनीकों का उपयोग करने के लिए, पाइथन ही स्पष्ट रूप से सुझाया गया भाषा है।"
"वैज्ञानिक मुख्य रूप से डार्क पदार्थ का अध्ययन कैसे करते हैं, यह देखते हुए कि वह सीधे दिखता नहीं है?","डार्क पदार्थ पदार्थ का एक काल्पनिक रूप है, जिसके बारे में माना जाता है कि यह ब्रह्मांड के कुल द्रव्यमान का लगभग 85% है। इसे सीधे देखा नहीं जा सकता क्योंकि यह विद्युत चुंबकीय विकिरण के साथ मेल नहीं खाता है, जिसका मतलब है कि यह न तो प्रकाश को सोखता है और न ही उसे वापस फेंकता (प्रतिबिंबित करता) है। इसके अस्तित्व का अंदाज़ा दिखने वाले पदार्थ, विकिरण और ब्रह्मांड की बनावट पर इसके गुरुत्वाकर्षण प्रभाव से लगाया जाता है। वैज्ञानिक मुख्य रूप से डार्क पदार्थ का अध्ययन यह देखकर करते हैं कि इसका गुरुत्वाकर्षण आस-पास की चीज़ों को कैसे प्रभावित करता है। वे अक्सर इसके हर जगह मौजूद, अदृश्य असर की तुलना एक अदृश्य ब्रह्मांडीय ढांचे से करते हैं जो आकाशगंगाओं को एक साथ जोड़े रखता है।",वैज्ञानिक मुख्य रूप से डार्क पदार्थ का अध्ययन यह देखकर करते हैं कि इसका गुरुत्वाकर्षण आस-पास की चीज़ों को कैसे प्रभावित करता है।
अपोलो 11 अभियान के दौरान कमांड मॉड्यूल किसने चलाया था?,"अपोलो 11 वह अंतरिक्ष उड़ान थी जिसने पहले दो इंसानों को चाँद पर उतारा था। कमांडर नील आर्मस्ट्रांग और लूनर मॉड्यूल पायलट बज़ एल्ड्रिन ने 20 जुलाई, 1969 को 20:17 यूटीसी पर अपोलो लूनर मॉड्यूल ईगल को उतारा था। आर्मस्ट्रांग छह घंटे बाद, 21 जुलाई को, चाँद की सतह पर कदम रखने वाले पहले व्यक्ति बने थे। माइकल कॉलिन्स कमांड मॉड्यूल के पायलट थे और कमांड और सर्विस मॉड्यूल कोलंबिया में चाँद की कक्षा में ही रहे। यह मिशन 16 जुलाई को कैनेडी स्पेस सेंटर से लॉन्च किया गया था और यह नासा के अपोलो कार्यक्रम का पाँचवाँ क्रू मिशन था। मुख्य लक्ष्य हासिल किया गया, जिसने राष्ट्रपति जॉन एफ. कैनेडी के 1961 में घोषित लक्ष्य को पूरा किया कि 'एक आदमी को चाँद पर उतारना और दशक के अंत से पहले उसे सुरक्षित धरती पर वापस लाना'।",माइकल कॉलिन्स कमांड मॉड्यूल के पायलट थे और कमांड और सर्विस मॉड्यूल कोलंबिया में चाँद की कक्षा में ही रहे।
"नीचे दिए गए जानवरों (भालू, हिरण, शेर, सूअर, गाय, शार्क) को माँसाहारी, शाकाहारी या सर्वाहारी श्रेणियों में बाँटें।",,"माँसाहारी: शेर, शार्क
शाकाहारी: हिरण, गाय
सर्वाहारी: भालू, सूअर"
"पाठ में एफिल टॉवर से जुड़ी सभी तारीखें और उनसे संबंधित घटनाओं को 'MM/DD/YYYY: घटना' या 'YYYY: घटना' के रूप में, सेमीकोलन (;) से अलग करके निकालें।","एफिल टॉवर का निर्माण आधिकारिक तौर पर 28 जनवरी, 1887 को पहली नींव रखे जाने के साथ शुरू हुआ। इसके तुरंत बाद धातु के ढाँचे का काम तेज़ी से शुरू हो गया। 31 मार्च, 1889 तक, टॉवर पूरा हो गया और 'यूनिवर्सेल प्रदर्शनी' के लिए इसका उद्घाटन किया गया। हालाँकि, इसे 6 मई, 1889 तक आधिकारिक तौर पर जनता के लिए नहीं खोला गया था। इसे 20 साल बाद गिराने की शुरुआती योजनाओं के बावजूद, टॉवर बेतार तार संचार (वायरलेस टेलीग्राफी) के लिए अमूल्य साबित हुआ, और 1909 में, टॉवर के लिए स्थायी पट्टे को अंतिम रूप दिया गया।",01/28/1887: पहली नींव रखी गई; 03/31/1889: टॉवर पूरा हुआ और उद्घाटन हुआ; 05/06/1889: आधिकारिक तौर पर जनता के लिए खोला गया; 1909: टॉवर के लिए स्थायी पट्टे को अंतिम रूप दिया गया
सीपीयू (CPU) के डिज़ाइन में 'हार्वर्ड आर्किटेक्चर' और 'वॉन न्यूमैन आर्किटेक्चर' के बीच का फ़र्क़ समझाएँ।,,"मुख्य फ़र्क़ यह है कि सीपीयू (CPU) डेटा और निर्देशों (instructions) तक कैसे पहुँचता है। 'वॉन न्यूमैन आर्किटेक्चर' निर्देशों और डेटा दोनों के लिए एक ही मेमोरी स्थान और बसों (buses) के एक ही सेट का इस्तेमाल करता है। यह डिज़ाइन आम इस्तेमाल के कंप्यूटरों (जैसे कि पीसी) में आम है, क्योंकि यह सरल (simple) और लचीला (flexible) होता है, लेकिन इसमें 'वॉन न्यूमैन बॉटलनेक' (अड़चन) की समस्या आती है। इसका मतलब है कि सीपीयू एक ही समय पर निर्देश को प्राप्त (fetch) नहीं कर सकता और डेटा को पढ़ या लिख (read or write) नहीं सकता, जिससे प्रोसेसिंग की गति सीमित हो जाती है।

इसके विपरीत, 'हार्वर्ड आर्किटेक्चर' निर्देशों और डेटा के लिए अलग-अलग मेमोरी स्थान और अलग-अलग बसें इस्तेमाल करता है। यह अलगाव सीपीयू को वर्तमान निर्देश को प्रोसेस करने और डेटा तक पहुँचने के साथ-साथ अगला निर्देश भी प्राप्त करने की अनुमति देता है। यह समानांतर पहुँच (parallel access) कार्यक्षमता (throughput) और गति को बहुत बढ़ा देती है, जिससे यह उन हाई-परफॉर्मेंस एम्बेडेड सिस्टम, डिजिटल सिग्नल प्रोसेसर (डीएसपी) और माइक्रोकंट्रोलर में लोकप्रिय है, जहाँ अनुमानित और तेज़ गति से काम का निष्पादन (execution) ज़रूरी होता है।"
छोटे घर के दफ्तर को ज़्यादा बड़ा और ज़्यादा रौशन महसूस कराने के लिए पाँच कम खर्चीले तरीके सुझाएँ।,,"1. ऊपर की तरफ़ की जगह का इस्तेमाल करने के लिए शेल्फ़ों को ऊँचाई पर लगाएँ। 2. रौशनी को वापस मोड़ने और जगह को देखने में बड़ा करने के लिए बड़े सजावटी आईनों का इस्तेमाल करें। 3. दीवारों को हल्के, साधारण रंगों से रंगें, जैसे सफ़ेद या हल्का स्लेटी रंग। 4. कुदरती रौशनी को ज़्यादा से ज़्यादा इस्तेमाल करने के लिए भारी पर्दों की जगह पतले और हल्के पर्दे लगाएँ। 5. कम जगह लेने वाला या एक से ज़्यादा काम आने वाला फर्नीचर चुनें, जैसे कि एक मेज़ जो दीवार से चिपककर मुड़ जाए।"
उपन्यास 'प्राइड एंड प्रेजुडिस' का लेखक कौन है?,,जेन ऑस्टेन
मुझे अपना पहला यू.एस. पासपोर्ट बनवाना है। आधिकारिक स्वीकृति केंद्र की मुलाकात पर मुझे कौन-कौन से कागजात लाने पड़ेंगे?,,"पहली बार आवेदन करने वाले वयस्क आवेदक (जो फॉर्म डी.एस.-11 का उपयोग कर रहे हैं) के लिए, आपको अपनी आधिकारिक स्वीकृति केंद्र की नियुक्ति पर कई चीजें लानी होंगी। इनमें शामिल हैं: 1. भरा हुआ (लेकिन बिना हस्ताक्षर किया हुआ) फॉर्म डी.एस.-11, पासपोर्ट के लिए आवेदन पत्र। 2. यू.एस. नागरिकता का प्रमाण (जैसे, प्रमाणित जन्म प्रमाण पत्र या देशीयकरण प्रमाण पत्र)। यह प्रमाण पत्र मूल (ओरिजिनल) या प्रमाणित प्रतिलिपि होना चाहिए। 3. एक वर्तमान, वैध फोटो पहचान पत्र (जैसे, ड्राइविंग लाइसेंस या सेना का पहचान पत्र), साथ ही उस पहचान पत्र के आगे और पीछे दोनों तरफ की एक स्पष्ट फोटोकॉपी। 4. एक हालिया 2x2 इंच का रंगीन पासपोर्ट फोटो जो आधिकारिक मापदंडों को पूरा करता हो। 5. आवेदन और कार्यवाही शुल्क का भुगतान। यह मुलाकात व्यक्तिगत रूप से होनी चाहिए क्योंकि अधिकारी को आपके हस्ताक्षर का गवाह बनना आवश्यक होता है।"
"एफ़िल टॉवर किस ख़ास कार्यक्रम/घटना को मनाने के लिए बनाया गया था, और शुरू में मिली इजाज़त ख़त्म होने के बाद किस चीज़ ने आख़िरकार इस इमारत को तोड़े जाने से बचा लिया?","एफ़िल टॉवर को 1889 के विश्व मेले (एक्स्पोज़ीशन यूनिवर्सले) के लिए बनाया गया था, जो फ़्रांसिसी क्रांति की 100वीं सालगिरह मनाने के लिए आयोजित किया गया था। इसका निर्माण 28 जनवरी, 1887 को शुरू हुआ और आधिकारिक तौर पर 31 मार्च, 1889 को पूरा हुआ। जब यह बन गया, तो इसकी ऊँचाई 324 मीटर (1,063 फ़ुट) थी, जिसने इसे दुनिया की सबसे ऊँची इंसान द्वारा बनाई गई इमारत बना दिया, जब तक कि 1930 में न्यूयॉर्क शहर में क्राइसलर बिल्डिंग पूरी नहीं हो गई। टॉवर के डिज़ाइनर, गुस्ताव एफ़िल को शुरू में टॉवर को 20 साल तक खड़ा रखने की इजाज़त मिली थी, जिसके बाद इसे तोड़ दिया जाना था, लेकिन फ़ौज को इसकी ऊँचाई रेडियो तार संचार (टेलीग्राफ़ भेजने) के लिए उपयोगी लगी, जिसने इसे गिराए जाने से बचा लिया।",एफ़िल टॉवर को फ़्रांसिसी क्रांति की 100वीं सालगिरह मनाने के लिए बनाया गया था (जो 1889 के विश्व मेले का हिस्सा था)। इसे गिराए जाने से इसलिए बचा लिया गया क्योंकि फ़ौज को इसकी ऊँचाई रेडियो तार संचार के लिए उपयोगी लगी।
"निम्नलिखित अमेरिकी राष्ट्रपतियों को दो समूहों में बाँटें: वे जिन्होंने 1900 से पूरी तरह पहले (कम से कम एक कार्यकाल) सेवा की, और वे जिन्होंने 1900 में या उसके बाद आंशिक रूप से या पूरी तरह (कम से कम एक कार्यकाल) सेवा की: अब्राहम लिंकन, थियोडोर रूजवेल्ट, जॉर्ज वाशिंगटन, जॉन एफ. केनेडी, एंड्रयू जैक्सन, विलियम मैककिनले, बराक ओबामा, यूलिसिस एस. ग्रांट।",,"जिन राष्ट्रपतियों ने पूरी तरह 1900 से पहले सेवा की उनमें जॉर्ज वाशिंगटन, एंड्रयू जैक्सन, अब्राहम लिंकन, यूलिसिस एस. ग्रांट, और विलियम मैककिनले शामिल हैं। जिन राष्ट्रपतियों ने 1900 में या उसके बाद सेवा की उनमें थियोडोर रूजवेल्ट, जॉन एफ. केनेडी, और बराक ओबामा शामिल हैं।"
एक सामान्य सौर पैनल का कार्य और मूल ढाँचा समझाएँ।,,"एक सौर पैनल (जिसे फोटोवोल्टेइक या पीवी मॉड्यूल भी कहते हैं), फोटोवोल्टेइक प्रभाव के ज़रिए सूरज की रोशनी की ऊर्जा को सीधे बिजली की ऊर्जा में बदलने के लिए बनाया जाता है। बनावट के मामले में, इसमें बहुत सारे अलग-अलग सौर सेल लगे होते हैं, जो आमतौर पर सिलिकॉन की परतदार अर्धचालक चीज़ों से बने होते हैं। इसे आगे की तरफ़ काँच और एक टिकाऊ पिछली शीट से बचाया जाता है, और पूरा ढाँचा एल्युमिनियम के फ्रेम में होता है। जब सूरज की रोशनी से निकलने वाले 'फोटॉन' इन सिलिकॉन सेलों पर पड़ते हैं, तो वे 'इलेक्ट्रॉन' को जगाते हैं (उत्साहित करते हैं)। इससे इलेक्ट्रॉन बहने लगते हैं और सीधी धारा (डीसी - डायरेक्ट करंट) पैदा होती है। इस डीसी बिजली को जमा किया जाता है और आमतौर पर एक इन्वर्टर से गुज़ारा जाता है। इन्वर्टर इसे बदल कर प्रत्यावर्ती धारा (एसी - ऑल्टरनेटिंग करंट) वाली बिजली बना देता है, ताकि इसे सामान्य घरेलू उपकरणों में इस्तेमाल किया जा सके या बिजली के ग्रिड में भेजा जा सके।"
रेजनल्ड केनेथ ड्वाइट को बाद में किस नाम से जाना गया?,,एल्टन जॉन
"पाठ के अनुसार, अलेक्जेंडर फ्लेमिंग की शुरुआती खोजों को एक व्यावहारिक चिकित्सा उपयोग में विकसित करने के लिए कौन से तीन वैज्ञानिक ज़िम्मेदार थे?","पेनिसिलिन एंटीबायोटिक दवाओं का एक समूह है, जिसमें पेनिसिलिन जी (नसों में डालने के लिए उपयोग), पेनिसिलिन वी (मुँह से लेने के लिए उपयोग), प्रोकेन पेनिसिलिन, और बेंज़ाथिन पेनिसिलिन (मांसपेशी में इंजेक्शन के लिए उपयोग) शामिल हैं। पेनिसिलिन की खोज का श्रेय 1928 में स्कॉटिश चिकित्सक-वैज्ञानिक अलेक्जेंडर फ्लेमिंग को दिया जाता है। फ्लेमिंग ने एक पेट्री डिश में, जहाँ वह *स्टैफिलोकोकस* बैक्टीरिया उगा रहे थे, *पेनिसिलियम नोटेटम* नामक फफूंदी/फंगस की गंदगी देखी। उन्होंने देखा कि वह फफूंदी अपने आस-पास बैक्टीरिया को बढ़ने से रोक रही थी। हालाँकि, यह हॉवर्ड फ्लोरी, अर्न्स्ट चेन, और नॉर्मन हीटली थे जिन्होंने 1940 के दशक की शुरुआत में फ्लेमिंग की शुरुआती खोजों को एक व्यावहारिक, बड़े पैमाने पर चिकित्सा उपचार में विकसित किया। उन्होंने शुद्धिकरण और स्थिरीकरण के तरीकों में महत्वपूर्ण रूप से सुधार किया, जिससे द्वितीय विश्व युद्ध के दौरान पेनिसिलिन का प्रभावी ढंग से उपयोग करना संभव हुआ, और अनगिनत जीवन बचाए गए।","हॉवर्ड फ्लोरी, अर्न्स्ट चेन, और नॉर्मन हीटली।"
"नीचे दी गई जानवरों की सूची को छाँटिए, जिसमें पानी में रहने वाले स्तनधारियों को ज़मीन पर रहने वाले स्तनधारियों से अलग करना है।","व्हेल, शेर, डॉल्फ़िन, बाघ, सील, हाथी, मैनाटी, भालू, ओर्का, जिराफ़, वालरस, गैंडा","पानी में रहने वाले स्तनधारी: व्हेल, डॉल्फ़िन, सील, मैनाटी, ओर्का, वालरस। ज़मीन पर रहने वाले स्तनधारी: शेर, बाघ, हाथी, भालू, जिराफ़, गैंडा।"
आईबीएम पर्सनल कंप्यूटर मॉडल ५१५० ने कौन सा ऑपरेटिंग सिस्टम इस्तेमाल किया था?,"पहला सबसे ज़्यादा कामयाब पर्सनल कंप्यूटर एप्पल II था, जो १९७७ में जारी हुआ था। हालाँकि, जिस मशीन ने होम कंप्यूटर बाज़ार को सचमुच मशहूर किया, जिसका मुख्य कारण इसकी खुली बनावट (आर्किटेक्चर) और तीसरी पार्टी के सॉफ्टवेयर का समर्थन था, वह आईबीएम पर्सनल कंप्यूटर (मॉडल ५१५०) था, जिसे १२ अगस्त, १९८१ को पेश किया गया था। इस मशीन ने इंटेल ८०८८ प्रोसेसर का इस्तेमाल किया और एमएस-डॉस ऑपरेटिंग सिस्टम पर चला।",एमएस-डॉस
डेटा विश्लेषण के लिए 'पायथन' सीखने की 3 महीने की स्व-अध्ययन योजना को ढाँचा देने का सबसे अच्छा तरीका क्या है?,,"तीन अलग-अलग चरणों पर ध्यान दें। **महीना 1: बुनियादी बातें।** मुख्य 'पायथन सिंटैक्स', डेटा प्रकार, नियंत्रण प्रवाह, और फ़ंक्शन में महारत हासिल करें। बुनियादी कोडिंग चुनौतियों को पूरा करें। **महीना 2: मुख्य डेटा विज्ञान पुस्तकालय।** यह समय 'पैंडास' को डेटा संभालने के लिए, 'नम्पाई' को संख्यात्मक कार्य के लिए, और 'मैटप्लॉटलिब'/'सीबॉर्न' को विज़ुअलाइज़ेशन के लिए समर्पित करें। वास्तविक डेटासेट (जैसे 'कग्ल' पर उपलब्ध) का उपयोग करके निर्देशित ट्यूटोरियल पर काम करें। **महीना 3: अनुप्रयोग और परियोजनाएँ।** 2-3 महत्वपूर्ण प्रोजेक्ट पूरे करके अपने कौशल का उपयोग करें। बुनियादी मशीन लर्निंग अवधारणाओं (जैसे 'लीनियर रिग्रेशन') के लिए 'साइकिट-लर्न' से खुद को परिचित कराएँ और उलझे हुए, वास्तविक दुनिया के डेटा को साफ करने का अभ्यास करें।"
पेनिसिलिन की खोज किसने की और इसके शुरू होने का क्या महत्व था?,,"पेनिसिलिन की खोज स्कॉटिश जीवाणु विज्ञानी अलेक्जेंडर फ्लेमिंग ने 1928 में की थी। उन्होंने देखा कि एक फफूंदी के दूषण (पेनिसिलियम नोटेटम) ने एक पेट्री डिश में स्टैफिलोकोकस बैक्टीरिया के विकास को रोक दिया था। हालाँकि, 1940 के दशक की शुरुआत तक हॉवर्ड फ्लोरी और अर्न्स्ट चेन ने चिकित्सा उपयोग के लिए पेनिसिलिन के बड़े पैमाने पर उत्पादन और शुद्धिकरण के तरीकों को सफलतापूर्वक विकसित नहीं किया था। पेनिसिलिन के शुरू होने का महत्व बहुत बड़ा था, जिसने 'एंटीबायोटिक युग' की शुरुआत को चिह्नित किया और यह आम जीवाणु संक्रमणों से लड़ने वाली पहली व्यापक रूप से प्रभावी दवा बन गई। इसने निमोनिया और सेप्सिस जैसी पहले घातक बीमारियों से मृत्यु दर को नाटकीय रूप से कम कर दिया, खासकर द्वितीय विश्व युद्ध के दौरान मित्र देशों की सेनाओं के बीच।"
"नीचे दिए गए छोटे किस्से को पढ़ें और एक वाक्य में सारांश दें, फिर घटनाओं से निकले मुख्य सबक या विषय को बताएं।","एक जवान खरगोश, खुद को बेहतर समझते हुए, एक धीमी चाल वाले कछुए को दौड़ के लिए बार-बार चुनौती देता था। खरगोश अक्सर तेज़ी से शुरू करता, फिर सोने के लिए रुक जाता, क्योंकि उसे भरोसा था कि वह बाद में आसानी से जीत जाएगा। कछुआ, बिना रुके और हमेशा एक जैसी गति से चलते हुए, आखिरकार समाप्ति रेखा पार कर गया जबकि खरगोश अभी भी सोया हुआ था।","सारांश: एक तेज़ लेकिन घमंडी खरगोश एक धीमी लेकिन लगातार कोशिश करने वाले कछुए से दौड़ हार जाता है क्योंकि खरगोश ने झपकी ले ली। सबक: धीरे और लगातार चलने वाला ही दौड़ जीतता है, और अति-आत्मविश्वास विफलता की ओर ले जा सकता है।"
शून्य (ख़ाली) जगह में प्रकाश की सटीक रफ़्तार क्या है?,,"शून्य (ख़ाली) जगह में प्रकाश की रफ़्तार ठीक 299,792,458 मीटर प्रति सेकंड तय की गई है।"
एम्पायर स्टेट बिल्डिंग की कुल ऊँचाई (एन्टेना सहित) मीटर में कितनी है?,"एम्पायर स्टेट बिल्डिंग का निर्माण आधिकारिक तौर पर भूतपूर्व वॉल्डोर्फ़–ऐस्टोरिया होटल की जगह पर 17 मार्च 1930 को शुरू हुआ। यह बिल्डिंग ढाँचे के तौर पर 1 मई 1931 को पूरी हो गई थी, इसे बनने में सिर्फ़ 410 दिन लगे। एन्टेना को मिलाकर इसकी कुल ऊँचाई 1,454 फ़ीट (443.2 मीटर) है।",443.2 मीटर।
हॉगवर्ट्स स्कूल ऑफ़ विचक्राफ्ट एंड विज़ार्ड्री के चार मुख्य घरों और उनके संस्थापक सिद्धांतों की सूची बनाएँ।,,"ग्रिफ़िंडोर (साहस, निडरता, हौसला और शूरवीरता), हफ़लपफ़ (समर्पण, कड़ी मेहनत, निष्पक्ष व्यवहार, सब्र और वफ़ादारी), रेवेनक्लॉ (बुद्धिमत्ता, ज्ञान, समझदारी और हाज़िरजवाबी), और स्लाइथरिन (महत्वाकांक्षा, चालाकी, नेतृत्व और साधन-संपन्नता)।"
बृहस्पति के चार सबसे बड़े उपग्रहों के नाम क्या हैं?,"बृहस्पति के 2023 की शुरुआत तक 95 पक्के उपग्रह हैं। बृहस्पति के चार सबसे बड़े उपग्रहों को गैलीलियो गैलीली ने 1610 में खोजा था और इन्हें गैलीलियो के उपग्रहों के नाम से जाना जाता है। ये उपग्रह हैं: आयो, यूरोपा, गैनीमीड, और कैलिस्टो। खास बात यह है कि गैनीमीड पूरे सौर मंडल का सबसे बड़ा उपग्रह है। यूरोपा इसलिए जाना जाता है क्योंकि इसमें ज़मीन के नीचे तरल पानी के महासागर हो सकते हैं।","आयो, यूरोपा, गैनीमीड, और कैलिस्टो"
मेरे पास एक सॅन्सेविएरिया (नाग पौधा) है जिसकी जड़ें गमले में भर गई हैं। पत्तियों को नुक़सान पहुँचाए बिना इसे दोबारा गमले में लगाने का सही तरीक़ा क्या है?,,"सॅन्सेविएरिया, या नाग पौधे को दोबारा गमले में लगाते समय सावधानी बरतनी पड़ती है क्योंकि उनकी जड़ें नाज़ुक होती हैं और वे थोड़ा कसा हुआ रहना पसंद करते हैं। सफल तरीके से गमला बदलने के लिए इन चरणों का पालन करें:

1. **तैयारी:** ऐसा गमला चुनें जिसका व्यास (diameter) मौजूदा गमले से केवल 1 से 2 इंच बड़ा हो। नाग पौधे तब अच्छी तरह पनपते हैं जब उनकी जड़ें थोड़ी फँसी हुई (रूट-बाउंड) होती हैं। एक अच्छी तरह से पानी निकलने वाली मिट्टी का उपयोग करें, ख़ासकर वह मिश्रण जो कैक्टस और रसीले पौधों (succulents) के लिए बना हो, क्योंकि सामान्य गमले की मिट्टी बहुत ज़्यादा नमी सोख लेती है।

2. **निकालना:** मौजूदा गमले को किनारे (साइड) पर लिटा दें। जड़ों के गुच्छे को ढीला करने के लिए गमले के किनारों और निचले हिस्से को धीरे से थपथपाएँ। नाज़ुक खड़ी पत्तियों को खींचने के बजाय, मिट्टी के आधार को सहारा देकर पौधे को बाहर निकालें।

3. **जड़ों का निरीक्षण:** अपनी उँगलियों से किसी भी बहुत ज़्यादा सिकुड़ी हुई या गोल घूमती हुई जड़ों को धीरे से अलग करें। यदि जड़ प्रणाली बुरी तरह से फँसी हुई (चट्टान की तरह सख़्त) है, तो आपको बाहर की ओर विकास को बढ़ावा देने के लिए एक साफ़ चाकू का उपयोग करके जड़ों के गुच्छे के बाहरी हिस्से पर हल्की-हल्की खरोंच (चीरा) लगाने की आवश्यकता हो सकती है।

4. **स्थापना:** नए गमले में ताज़ी मिट्टी की एक निचली परत डालें। नाग पौधे को बीच में इस तरह रखें कि मिट्टी का स्तर उतना ही रहे जितना कि पुराने गमले में था, यह सुनिश्चित करते हुए कि पौधा सीधा खड़ा हो।

5. **भरना और जमाना:** जड़ों के आस-पास की बची हुई जगह को नई मिट्टी से भर दें। मिट्टी को जमने में मदद करने के लिए गमले को किसी सख़्त सतह पर धीरे से थपथपाएँ। मिट्टी को बहुत ज़ोर से दबाने से बचें, क्योंकि इससे मिट्टी सिकुड़ जाती है और पानी का बहाव रुक जाता है।

6. **दोबारा गमला लगाने के बाद देखभाल:** पौधे को तुरंत पानी न दें। पहली बार पानी देने से पहले 3 से 7 दिन प्रतीक्षा करें। यह जड़ों में होने वाले छोटे ज़ख़्मों (दरारों) को ठीक होने का समय देता है, जिससे दोबारा गमला लगाने के बाद जड़ के सड़ने (root rot) का ख़तरा काफ़ी हद तक कम हो जाता है।"
इस पाठ के अनुसार पेनिसिलिन की खोज किस साल मानी जाती है?,"पेनिसिलिन खोजी गई पहली जीवाणुरोधी दवा थी। इस खोज का श्रेय मशहूर तौर पर 1928 में स्कॉटिश डॉक्टर और सूक्ष्म जीवविज्ञानी अलेक्जेंडर फ्लेमिंग को दिया जाता है। हालाँकि, 1940 के दशक तक हॉवर्ड फ्लोरी और अर्न्स्ट चेन ने पेनिसिलिन को बड़े पैमाने पर बनाने और शुद्ध करने के तरीके सफलतापूर्वक विकसित नहीं किए थे, जिससे यह दूसरे विश्व युद्ध के दौरान डॉक्टरी इस्तेमाल के लिए बड़े पैमाने पर उपलब्ध हो सकी।",पेनिसिलिन की खोज का श्रेय 1928 को दिया जाता है।
किस नॉरडिक देश की राजधानी रेक्याविक है? नॉर्वे या आइसलैंड।,,आइसलैंड
"दिए गए पाठ के आधार पर एमआरएनए टीकों की परिभाषा बताएं, इस बात पर ज़ोर दें कि वे क्या पहुँचाते हैं और उन्हें पुराने तरीकों की तुलना में 'नया तरीका' क्यों माना जाता है।","मैसेंजर आरएनए (एमआरएनए) टीके रोग-प्रतिरक्षा विज्ञान के लिए एक नया तरीका हैं। पुराने टीकों के विपरीत, जो किसी रोगजनक का कमज़ोर या निष्क्रिय रूप शरीर में डालते हैं, एमआरएनए टीके एक आनुवंशिक खाका (जेनेटिक ब्लूप्रिंट)—यानी एमआरएनए अणु—पहुँचाते हैं। यह खाका इंसानी कोशिकाओं को एक विशिष्ट, हानिरहित प्रोटीन का टुकड़ा बनाने का निर्देश देता है, जो अक्सर सार्स-कोव-2 जैसे वायरस की सतह पर पाया जाने वाला 'स्पाइक प्रोटीन' होता है। एक बार जब एमआरएनए कोशिका के कोशिका-द्रव्य (साइटोप्लाज्म) के अंदर पहुँच जाता है, तो कोशिका का तंत्र इन निर्देशों को पढ़ता है और प्रोटीन का निर्माण करता है। इस प्रोटीन को फिर कोशिका की सतह पर प्रदर्शित किया जाता है, जिससे रोग-प्रतिरक्षा प्रणाली (टी-लिम्फोसाइट और बी-लिम्फोसाइट) उत्तेजित होती है ताकि उसे बाहरी के रूप में पहचाना जा सके और बचाव की प्रतिक्रिया शुरू की जा सके, जिससे एंटीबॉडी और मेमोरी कोशिकाएँ बनती हैं। चूँकि एमआरएनए नाज़ुक होता है, इसे शरीर में सुरक्षित रूप से पहुँचाने के लिए लिपिड नैनोपार्टिकल (एलएनपी) में ढका होना ज़रूरी है। सबसे महत्वपूर्ण बात यह है कि एमआरएनए कभी भी कोशिका के केंद्रक में प्रवेश नहीं करता है, जिससे यह सुनिश्चित होता है कि यह मेज़बान (होस्ट) डीएनए के साथ कोई प्रतिक्रिया नहीं करता है या उसे बदलता नहीं है।","एमआरएनए टीकों को एक नया तरीका माना जाता है क्योंकि, पुराने टीकों के विपरीत जो किसी रोगजनक का कमज़ोर या निष्क्रिय रूप शरीर में डालते हैं, वे एक आनुवंशिक खाका (एमआरएनए अणु) पहुँचाते हैं। यह खाका इंसानी कोशिकाओं को एक विशिष्ट हानिरहित प्रोटीन (जैसे वायरल स्पाइक प्रोटीन) बनाने का निर्देश देता है। यह प्रक्रिया रोग-प्रतिरक्षा प्रणाली को प्रोटीन को बाहरी के रूप में पहचानने और एंटीबॉडी तथा मेमोरी कोशिकाएँ बनाकर बचाव की प्रतिक्रिया शुरू करने के लिए प्रेरित करती है।"
"निम्नलिखित वास्तुशिल्प/इमारती निशानियों को उनके मूल महाद्वीप के अनुसार समूह में बाँटें: आइफ़िल टावर, गीज़ा का महान पिरामिड, सिडनी ओपेरा हाउस, ताज महल, कोलोसियम, माचू पिचू।",,"यूरोप - आइफ़िल टावर, कोलोसियम
अफ़्रीका - गीज़ा का महान पिरामिड
एशिया - ताज महल
ओशिनिया - सिडनी ओपेरा हाउस
दक्षिण अमेरिका - माचू पिचू"
अपोलो 11 मिशन प्रशांत महासागर में छपाका मारकर किस तारीख को पूरा हुआ?,"अपोलो 11 एक अमेरिकी अंतरिक्ष उड़ान थी जिसने पहली बार इंसानों को चाँद पर उतारा था। कमांडर नील आर्मस्ट्रांग और चंद्र मॉड्यूल के पायलट बज़ एल्ड्रिन ने अपोलो चंद्र मॉड्यूल *ईगल* को 20 जुलाई 1969 को 20:17 यूटीसी पर उतारा। आर्मस्ट्रांग छह घंटे बाद 21 जुलाई को चाँद की सतह पर कदम रखने वाले पहले व्यक्ति बने। माइकल कॉलिन्स ने कमांड मॉड्यूल *कोलंबिया* को अकेले चाँद की कक्षा में उड़ाया, जबकि बाकी लोग सतह पर थे। कॉलिन्स से दोबारा मिलने के लिए उड़ान भरने से पहले उन्होंने 21 घंटे चाँद पर बिताए। यह मिशन 24 जुलाई 1969 को प्रशांत महासागर में सफलतापूर्वक छपाका मारकर पूरा हुआ।","24 जुलाई, 1969"
"निम्नलिखित खगोलीय पिंडों को या तो ग्रह (P), बौना ग्रह (DP), उपग्रह (M), या तारा (S) के रूप में वर्गीकृत करें: बृहस्पति, सूर्य, यूरोपा, प्लूटो, सीरीस, मंगल, गैनिमीड।",,"बृहस्पति: P, सूर्य: S, यूरोपा: M, प्लूटो: DP, सीरीस: DP, मंगल: P, गैनिमीड: M।"
"जिसे रहस्य पसंद है, उसके लिए बहुत अच्छी रेटिंग वाली फ़िल्मों के कौन से प्रकार (या शैलियाँ) हैं?",,"रहस्य पसंद करने वालों के लिए, आपको मनोवैज्ञानिक रोमांचक फ़िल्में, नियो-नोयर, और बहुत जोखिम वाले जासूसी/खूफिया रोमांचक फ़िल्में तलाशनी चाहिए।"
"मंगल ग्रह पर एक स्थायी मानव बस्ती स्थापित करने के लिए मुख्य सामान-ढुलाई और पर्यावरणीय चुनौतियाँ क्या हैं, और उन्हें पार करने के लिए प्रमुख प्रस्तावित समाधान क्या हैं?",,"मंगल ग्रह पर एक स्थायी, आत्मनिर्भर मानव उपस्थिति स्थापित करना मानवजाति द्वारा अब तक उठाई गई सबसे बड़ी तकनीकी और व्यवस्थापन संबंधी चुनौती है। हालाँकि यात्रा के भौतिक नियम तो समझे जाते हैं, लेकिन इतने शत्रुतापूर्ण वातावरण में लोगों को जीवित और उत्पादक रखने के लिए कई बड़ी बाधाओं को पार करने की आवश्यकता होगी।

### I. प्रमुख पर्यावरणीय चुनौतियाँ

**1. विकिरण का संपर्क:** मंगल ग्रह पर वैश्विक चुंबकीय क्षेत्र की कमी है और इसका वातावरण बहुत पतला है (पृथ्वी के घनत्व का 1% से भी कम)। यह सतह को गांगेय ब्रह्मांडीय किरणों (जीसीआर) और सौर कण घटनाओं (एसपीई) के प्रति अत्यधिक असुरक्षित बना देता है। लंबे समय तक संपर्क में रहने से कैंसर, तीव्र विकिरण बीमारी, और मानसिक क्षति के जोखिम को काफी बढ़ा देता है।

**2. कम दबाव और तापमान:** वायुमंडलीय दबाव इतना कम है कि तरल पानी सतह पर स्थायी रूप से मौजूद नहीं रह सकता; यह तुरंत वाष्पीकृत हो जाता है। तापमान औसतन लगभग -63°C (-81°F) रहता है। आवासों को पूरी तरह से दबावयुक्त और मजबूती से गर्म रखना होगा, जिसके लिए काफी ऊर्जा की आवश्यकता होगी।

**3. मंगल की मिट्टी (रेगोलिथ):** मंगल की धूल घर्षणकारी होती है, अत्यधिक रासायनिक रूप से प्रतिक्रियाशील होती है (इसमें जहरीले पर्क्लोरेट होते हैं), और विद्युतस्थैतिक रूप से आवेशित होती है। यह धूल उपकरण की सीलों को दूषित कर सकती है, संवेदनशील उपकरणों को नुकसान पहुँचा सकती है और मानव श्वसन स्वास्थ्य के लिए गंभीर दीर्घकालिक जोखिम पैदा कर सकती है।

**4. संचार में विलंब:** खगोलीय दूरियों के कारण, पृथ्वी के साथ संचार में एक तरफ़ से 4 से 24 मिनट तक का समय विलंब होता है। इससे वास्तविक समय में संकट प्रबंधन असंभव हो जाता है और बस्ती को लगभग पूर्ण स्वतंत्रता (स्वायत्तता) के साथ काम करने की आवश्यकता होती है।

### II. व्यवस्थापन और जैविक चुनौतियाँ

**1. बंद-चक्र जीवन समर्थन:** पृथ्वी पर उपलब्ध निरंतर भरपाई के विपरीत, बस्ती को बंद पारिस्थितिक जीवन समर्थन प्रणाली (सीईएलएसएस) पर काम करना होगा। पानी की हर बूँद, हवा का हर घन मीटर, और सभी कचरे को अनिश्चित काल तक पुनर्नवीनीकरण और फ़िल्टर किया जाना चाहिए, क्योंकि विफलता संभावित रूप से तबाही का कारण बन सकती है।

**2. भोजन उत्पादन:** बसने वालों को पृथ्वी के पूर्व-पैक किए गए राशन पर निर्भरता से तेज़ी से स्थानीय खाद्य स्रोतों की ओर बदलाव लाना होगा। मंगल की मिट्टी (रेगोलिथ) में फसलें उगाना इसकी विषाक्तता और प्राकृतिक जैविक सामग्री की कमी के कारण समस्याग्रस्त है।

**3. मनोवैज्ञानिक स्वास्थ्य और अलगाव:** कर्मचारियों को अत्यधिक अलगाव, सीमित जगह और पृथ्वी से दूरी का सामना करना पड़ेगा, संभवतः वर्षों तक। आपसी संघर्षों, मनोवैज्ञानिक तनाव और दीर्घकालिक ऊब का प्रबंधन मिशन की सफलता के लिए महत्वपूर्ण है।

### III. प्रमुख प्रस्तावित समाधान

**1. विकिरण कवच और आवास:** सबसे प्रभावी तत्काल समाधान सतह के नीचे जाना है। बसने वाले संभवतः मंगल की लावा ट्यूबों (प्राकृतिक भूमिगत गुहाओं) का उपयोग करेंगे या कई मीटर मिट्टी (रेगोलिथ) या पानी/बर्फ़ की ढाल से ढके हुए आवासों का निर्माण करेंगे, जो विकिरण को रोकने में उत्कृष्ट होते हैं।

**2. यथास्थान संसाधन उपयोग (आईएसआरयू):** 'आईएसआरयू' (मंगल पर ही उपलब्ध संसाधनों का उपयोग) सफल बस्ती निर्माण का आधार है। सब कुछ आयात करने के बजाय, बसने वालों को आवश्यक चीज़ों का निर्माण स्थानीय स्तर पर करना चाहिए। मुख्य लक्ष्य हैं:

*   **ऑक्सीजन उत्पादन:** मॉक्सी (MOXIE) जैसे उपकरणों का उपयोग करके (जो वर्तमान में परसेवरेंस रोवर पर है), मंगल के वातावरण से कार्बन डाइऑक्साइड (सीओ2) को तोड़कर साँस लेने योग्य ऑक्सीजन और रॉकेट ईंधन का उत्पादन किया जा सकता है।
*   **जल स्रोत:** भूमिगत पानी की बर्फ की विशाल मात्रा पाई गई है। इस बर्फ का खनन किया जा सकता है, पिघलाया जा सकता है और पीने, खेती और इलेक्ट्रोलिसिस (इसे हाइड्रोजन और ऑक्सीजन ईंधन में विभाजित करने) के लिए शुद्ध किया जा सकता है।
*   **निर्माण:** संसाधित मिट्टी (रेगोलिथ) को मुख्य निर्माण सामग्री के रूप में उपयोग करके 3डी प्रिंटिंग संरचनाओं का निर्माण करना पृथ्वी से महँगी शिपमेंट की आवश्यकता को नाटकीय रूप से कम करता है।

**3. नियंत्रित वातावरण कृषि (सीईए):** दबावयुक्त और सीलबंद वातावरण में हाइड्रोपोनिक्स और एरोपोनिक्स का उपयोग करके, बसने वाले जहरीली मंगल की मिट्टी पर निर्भर हुए बिना पोषक तत्वों से भरपूर भोजन उगा सकते हैं, जिससे आवश्यक विटामिन और ताज़ा कैलोरी के साथ आहार को पूरा किया जा सकता है।

**4. दूर चिकित्सा और स्वायत्तता:** समाधान अत्यधिक स्वचालन (ऑटोमेशन), कृत्रिम बुद्धिमत्ता (एआई) संचालित निदान, और पूर्व-प्रशिक्षित चिकित्सा प्रोटोकॉल पर निर्भर करते हैं ताकि पृथ्वी से वास्तविक समय के निर्देश के बिना आपात स्थितियों को संभाला जा सके। दल के चयन में व्यापक कौशल सेट और उच्च मनोवैज्ञानिक लचीलेपन वाले व्यक्तियों को प्राथमिकता दी जाएगी।"
"किसी आम व्यापारिक (एंटरप्राइज) आई.टी. व्यवस्था में, उपयोगकर्ता द्वारा भूला हुआ पासवर्ड सुरक्षित और चरण-दर-चरण तरीक़े से फिर से सेट करने की मानक प्रक्रिया की रूपरेखा दें।",,"1. उपयोगकर्ता लॉग-इन पृष्ठ पर जाता है और “पासवर्ड भूल गए” लिंक या बटन पर क्लिक करके प्रक्रिया शुरू करता है।
2. सिस्टम खाते की पहचान करने के लिए उपयोगकर्ता से अपना उपयोगकर्ता नाम या पंजीकृत ईमेल पता दर्ज करने के लिए कहता है।
3. एक अद्वितीय, समय-सीमित सत्यापन लिंक या एक बार का पासकोड (ओ.टी.पी.) उपयोगकर्ता के पंजीकृत ईमेल पते या मोबाइल उपकरण पर भेजा जाता है (बहु-कारक प्रमाणीकरण)।
4. उपयोगकर्ता लिंक खोलता है या पहचान और खाते के स्वामित्व की पुष्टि करने के लिए सत्यापन फ़ील्ड में ओ.टी.पी. दर्ज करता है।
5. सिस्टम उपयोगकर्ता को एक सुरक्षित पासवर्ड बदलने वाले पृष्ठ पर निर्देशित करता है।
6. उपयोगकर्ता एक नया पासवर्ड दो बार दर्ज करता है, यह सुनिश्चित करते हुए कि वह स्थापित जटिलता नियमों (न्यूनतम लंबाई, बड़े/छोटे अक्षर, संख्याएँ और चिह्न शामिल हों) का पालन करता है और हाल ही में उपयोग किए गए पासवर्ड से अलग है।
7. सिस्टम सफलतापूर्वक प्रमाण-पत्र को अद्यतन करता है और आमतौर पर उपयोगकर्ता को सूचित करता है कि पासवर्ड बदल दिया गया है, और अक्सर सुरक्षा उपाय के तौर पर उन्हें सभी वर्तमान सक्रिय सत्रों से लॉग आउट कर देता है।
8. उपयोगकर्ता नए पासवर्ड का उपयोग करके सफलतापूर्वक लॉग-इन करता है।"
"नीचे दिए गए रासायनिक तत्वों को मानक तापमान और दाब (एस.टी.पी.) पर उनकी अवस्था (ठोस, द्रव, या गैस) के अनुसार वर्गीकृत करें: ऑक्सीजन, पारा, लोहा, ब्रोमीन, नियॉन, सोडियम, क्लोरीन, हीलियम।",,"तत्वों का मानक तापमान और दाब (एस.टी.पी.) पर अवस्था के अनुसार वर्गीकरण इस प्रकार है: ठोस अवस्था में लोहा और सोडियम शामिल हैं। जो तत्व एस.टी.पी. पर द्रव हैं वे हैं पारा और ब्रोमीन। जो तत्व एस.टी.पी. पर गैस हैं वे हैं ऑक्सीजन, नियॉन, क्लोरीन, और हीलियम।"
दिए गए पाठ का ठीक पचास (50) शब्दों में सारांश करें। सारांश में केवल ऐसे शब्द इस्तेमाल होने चाहिए जो अक्षर 'प' से शुरू होते हों।,"प्रकाश संश्लेषण का मुख्य उद्देश्य प्रकाश ऊर्जा को, जो आमतौर पर सूरज से आती है, रासायनिक ऊर्जा में बदलना है जिसे बाद में जीव की गतिविधियों को ऊर्जा देने के लिए जारी किया जा सकता है। इस प्रक्रिया में पर्णहरित (क्लोरोफिल) जैसे रंगद्रव्यों के माध्यम से फ़ोटॉन को पकड़ना शामिल है, जो मुख्य रूप से पौधों को उनका हरा रंग देते हैं। पौधे पानी और कार्बन डाइऑक्साइड को संसाधित करते हैं, जिससे उप-उत्पाद के रूप में ग्लूकोज़ और ऑक्सीजन बनते हैं। प्रकाश संश्लेषण पृथ्वी पर लगभग सभी जीवन के लिए महत्वपूर्ण है, क्योंकि यह साँस लेने के लिए आवश्यक ऑक्सीजन प्रदान करता है और अधिकांश खाद्य शृंखलाओं का आधार बनाता है।","प्रकाश-संश्लेषण पर्याप्त पैदा करता है। पादप प्रबल पर्णहरित पाते हैं। प्राथमिक प्रयोजन: प्रचुर क्षमता प्रदान करना। पहले प्रदूषक पम्पते थे, पर अब पवित्र पदार्थ पैदा होते हैं। पूरी प्रमुख प्रक्रिया, परम शारीरिक प्रदर्शन प्रदान करती है। पूरी पृथ्वी पर पालने वाले प्राणी प्रशंसा करते हैं। पवित्र पदार्थ प्राणियों को पालते हैं। परमार्थिक प्रगति पहुँचाती है। पूर्ण पोषण प्रदान करती है।"
नीचे दी गई मुद्राओं के लिए आइसो ४२१७ कोड दीजिये।,"अमेरिकी डॉलर, यूरो, जापानी येन, ब्रिटिश पाउंड स्टर्लिंग","यू एस डी, ई यू आर, जे पी वाई, जी बी पी"
आइफ़िल टावर के बारे में तीन दिलचस्प ऐतिहासिक तथ्य बताएँ।,,"आइफ़िल टावर के बारे में तीन ऐतिहासिक तथ्य यहाँ हैं:
1. इसे शुरू में 1889 की विश्व प्रदर्शनी के प्रवेश द्वार के मेहराब के रूप में बनाया गया था और इसे केवल 20 साल तक ही खड़ा रखना तय किया गया था।
2. यह 41 साल तक दुनिया की सबसे ऊँची इंसानों द्वारा बनाई गई इमारत थी, जब तक कि 1930 में न्यूयॉर्क शहर में क्राइस्लर बिल्डिंग पूरी नहीं हो गई।
3. इसे गिराए जाने से मुख्य रूप से इसलिए बचाया गया क्योंकि इसकी ऊँचाई ने इसे एक रेडियो-टेलीग्राफ़ स्टेशन और एंटीना के रूप में मूल्यवान बना दिया था, ख़ासकर प्रथम विश्व युद्ध के दौरान।"
"दिए गए पाठ के अनुसार, सलाह देने वाले जासूस शेरलॉक होम्स का मशहूर लंदन का पता क्या है?","सलाह देने वाले जासूस शेरलॉक होम्स लंदन में 221B बेकर स्ट्रीट पर रहते थे। जब कहानियाँ लिखी गई थीं तब यह पता काल्पनिक था, लेकिन अब यह दुनिया के सबसे मशहूर साहित्यिक स्थानों में से एक बन गया है। उनके लंबे समय के साथी और घटनाओं का ब्योरा लिखने वाले डॉक्टर जॉन वॉटसन उनके साथ इन कमरों में रहते थे। यह पता 'ए स्टडी इन स्कारलेट' से शुरू होकर, होम्स द्वारा की गई लगभग सभी जाँचों के केंद्र में है।",221B बेकर स्ट्रीट
"अगर मेरा कंप्यूटर बहुत ज़्यादा धीरे चलने लगे, तो मुझे पहले कौन-से कदम उठाने चाहिए?",,"धीरे चलने वाला कंप्यूटर बहुत परेशान कर सकता है! तकनीकी सहायता को फ़ोन करने से पहले, ये शुरुआती और जल्द ठीक करने वाले उपाय आज़माएँ:
- कंप्यूटर को पूरी तरह से दोबारा चालू करें। इससे अक्सर छोटी-मोटी गड़बड़ियाँ और मेमोरी की दिक्कतें दूर हो जाती हैं।
- टास्क मैनेजर (कंट्रोल+शिफ्ट+एस्केप) खोलकर देखें कि कौन से एप्लिकेशन ज़्यादा सी.पी.यू. या रैम का इस्तेमाल कर रहे हैं।
- सुनिश्चित करें कि आपका ऑपरेटिंग सिस्टम और सभी ज़रूरी एप्लिकेशन अपडेट किए हुए हैं।
- ज़ाहिर मैलवेयर (ख़राब प्रोग्राम) को बाहर करने के लिए अपने एंटीवायरस सॉफ़्टवेयर से एक जल्दी जाँच (स्कैन) चलाएँ।
- ब्राउज़र कैश साफ़ करें और गैर-ज़रूरी बैकग्राउंड टैब/प्रोग्राम बंद कर दें।"
"नीचे दी गई सूची में से, केवल उन्हीं चीज़ों को निकालें जो फल हैं।","खरीदी गए सामान में एक सेब, ताज़ा पालक, 3 बड़े आलू जो मसलने के लिए ठीक हैं, एक गुच्छा अंगूर, एक चमकीला संतरा, एक पका हुआ केला, और 1 बड़ी गाजर शामिल थी। ये चीज़ें सामान्य श्रेणियों (जैसे सब्ज़ियाँ और जड़ वाली सब्ज़ियाँ) के तहत आती हैं, और इन्हें भाप देने या भूनने जैसे तरीकों से तैयार किया जा सकता है।","सेब
अंगूर
संतरा
केला"
ऑकम का उस्तरा का सिद्धांत और इसका उपयोग समझाइए।,,"ऑकम का उस्तरा, जिसे मितव्ययिता का नियम भी कहा जाता है, एक दार्शनिक और वैज्ञानिक अनुमानी सिद्धांत है। यह कहता है कि किसी घटना को समान रूप से समझाने वाली प्रतिस्पर्धी परिकल्पनाओं में से, सबसे सरल समाधान—जिसमें सबसे कम धारणाएं हों—को चुना जाना चाहिए। यह एक कार्यप्रणाली सिद्धांत है, कोई भौतिक नियम नहीं, जो व्याख्याओं की जटिलता को कम करने को प्रोत्साहित करता है। हालांकि यह सरल परिकल्पना की सच्चाई की गारंटी नहीं देता, इसका उपयोग वैज्ञानिक नमूनाकरण और सिद्धांत निर्माण में अनावश्यक जटिलता को खत्म करने और सबसे सीधे, जांच योग्य विचारों पर ध्यान केंद्रित करने के लिए व्यापक रूप से किया जाता है।"
प्रकाश-संश्लेषण का ज़रूरी तरीका समझाएं।,,"प्रकाश-संश्लेषण एक बहुत ही ज़रूरी रासायनिक प्रक्रिया है जिसका इस्तेमाल ख़ास तौर पर पौधे और काई (algae) सूरज की रोशनी (रोशनी की ताक़त) को रासायनिक ताक़त में बदलने के लिए करते हैं। इस तरीके में, पौधे कार्बन डाइऑक्साइड और पानी अंदर लेते हैं, और क्लोरोफिल द्वारा पकड़ी गई ताक़त का इस्तेमाल करके ग्लूकोज़ (जो एक तरह की शक़्कर है) बनाते हैं। इस पूरी प्रक्रिया में ऑक्सीजन बाहर निकलती है। यह ज़मीन पर मौजूद लगभग सभी खाने की ज़ंजीरों की बुनियाद है।"
हमारे सौर मंडल में सबसे बड़ा ग्रह क्या है?,,"बृहस्पति सबसे बड़ा ग्रह है। इसका व्यास लगभग 142,984 किलोमीटर है और इसमें बाकी सभी ग्रहों से ज़्यादा द्रव्यमान है।"
सौर ऊर्जा के बड़े पैमाने पर इस्तेमाल से जुड़ी मुख्य चुनौती समझाएँ।,,"मुख्य चुनौती रुक-रुक कर ऊर्जा मिलना है (अनिरंतरता), यानी सौर पैनल केवल तभी बिजली बनाते हैं जब सूरज चमक रहा हो। निरंतर आपूर्ति सुनिश्चित करने के लिए बड़े पैमाने पर और किफायती ऊर्जा भंडारण समाधानों की आवश्यकता है।"
कोशिका में माइटोकॉन्ड्रिया का मुख्य काम क्या है?,,"माइटोकॉन्ड्रिया का मुख्य काम कोशिका के लिए ज़्यादातर एडीनोसिन ट्राइफॉस्फेट (एटीपी) की आपूर्ति बनाना है, जिसका इस्तेमाल रासायनिक ऊर्जा के स्रोत के रूप में होता है। इस क्रिया को कोशिकीय श्वसन कहा जाता है।"
अपोलो 11 मिशन के शुरू होने की सही तारीख़ बताएँ।,"अपोलो 11 वह अंतरिक्ष उड़ान थी जिसने पहले दो इंसानों को चाँद पर उतारा। कमांडर नील आर्मस्ट्रांग और लूनर मॉड्यूल पायलट बज़ एल्ड्रिन ने अपोलो लूनर मॉड्यूल ईगल को 20 जुलाई, 1969 को उतारा। आर्मस्ट्रांग छह घंटे बाद, 21 जुलाई यूटीसी को, चाँद की सतह पर उतरे। उड़ान भरने से पहले उन्होंने चाँद की सतह पर लगभग 21 घंटे बिताए। यह मिशन चार दिन पहले, 16 जुलाई, 1969 को, कैनेडी स्पेस सेंटर से शुरू हुआ था।","अपोलो 11 मिशन 16 जुलाई, 1969 को शुरू हुआ था।"
इंफ्रास्ट्रक्चर ऐज़ कोड (आई.ए.सी.) अपनाने के मुख्य फ़ायदे और चुनौतियों के बारे में बताएँ।,,"इंफ्रास्ट्रक्चर ऐज़ कोड (आई.ए.सी.) कंप्यूटिंग इंफ्रास्ट्रक्चर (जैसे नेटवर्क, लोड बैलेंसर, वर्चुअल मशीनें) को हाथों से कॉन्फ़िगर करने के बजाय, मशीन द्वारा पढ़ी जा सकने वाली परिभाषा फ़ाइलों के माध्यम से प्रबंधित और उपलब्ध कराने की प्रक्रिया है। मुख्य फ़ायदों में बेहतर निरंतरता/एकरूपता और कॉन्फ़िगरेशन में कम बदलाव, तेज़ी से डिप्लॉयमेंट का समय, वर्ज़न कंट्रोल (गिटऑप्स) के ज़रिए बेहतर जाँच-पड़ताल की क्षमता, और अलग-अलग वातावरणों में दोहराव (रिपीटेबिलिटी) शामिल है। मुख्य चुनौतियों में तकनीकी टीमों के लिए शुरुआत में सीखने की कठिन प्रक्रिया, कई वातावरणों में जटिल स्टेट फ़ाइलों का प्रबंधन करना (खासकर टेराफ़ॉर्म जैसे टूल के साथ), और यह सुनिश्चित करना शामिल है कि कॉन्फ़िगरेशन टेम्प्लेट की सुरक्षा मज़बूती (सिक्योरिटी हार्डनिंग) ठीक से की गई है।"
"नीचे दिए गए शहरों को उनके संबंधित महाद्वीपों के हिसाब से वर्गीकृत करें: रियो डी जनेरियो, लंदन, जोहान्सबर्ग, सिडनी, पेरिस, टोक्यो, काहिरा, वैंकूवर।",,"यूरोप: पेरिस, लंदन
अफ्रीका: जोहान्सबर्ग, काहिरा
एशिया: टोक्यो
दक्षिण अमेरिका: रियो डी जनेरियो
ओशिनिया: सिडनी
उत्तर अमेरिका: वैंकूवर"
"पाठ के आधार पर, अर्पानेट का मुख्य तात्कालिक उद्देश्य क्या था, और किस महत्वपूर्ण डिज़ाइन सिद्धांत ने इसके कार्यचालन की मज़बूती सुनिश्चित की?","एडवांस्ड रिसर्च प्रोजेक्ट्स एजेंसी नेटवर्क (अर्पानेट) 1969 में बनाया गया एक अग्रणी/पहला बड़ा क्षेत्र नेटवर्क था। इसे मुख्य रूप से अमेरिकी रक्षा विभाग की अर्पा (जो बाद में डार्पा बनी) द्वारा वित्त पोषित किया गया था। इसका शुरुआती उद्देश्य मज़बूत संचार था: विभिन्न स्थानों पर मौजूद वैज्ञानिकों को कंप्यूटर संसाधन और शोध के नतीजे जल्दी और कुशलता से साझा करने की अनुमति देना। एक महत्वपूर्ण डिज़ाइन सिद्धांत अतिरिक्तता (रिडंडेंसी) था; नेटवर्क को इस तरह से संरचित किया गया था कि यदि कोई एक अकेला केंद्र बिंदु (नोड) या जोड़ (कनेक्शन) विफल हो जाए, तो भी डेटा को अन्य रास्तों से भेजा जा सकता था, जिससे संभावित सैन्य संघर्ष या बुनियादी ढांचे की विफलता के दौरान भी विश्वसनीयता सुनिश्चित होती थी। पहला जोड़ अक्टूबर 1969 में यूनिवर्सिटी ऑफ़ कैलिफ़ोर्निया, लॉस एंजिल्स (यूसीएलए) और स्टैनफोर्ड रिसर्च इंस्टीट्यूट (एसआरआई) के बीच स्थापित किया गया था। हालाँकि इसे अक्सर केवल सैन्य मज़बूती के लिए बनाए जाने का हवाला दिया जाता है, लेकिन इसकी तात्कालिक कार्यक्षमता और मुख्य उपयोग शैक्षणिक संसाधनों को साझा करना था, जिसने डेटा हस्तांतरण के लिए पैकेट स्विचिंग तकनीक को मानक के रूप में स्थापित किया।","अर्पानेट का मुख्य तात्कालिक उद्देश्य मज़बूत संचार और संसाधन साझा करना था, विशेष रूप से विभिन्न स्थानों पर वैज्ञानिकों को कंप्यूटर संसाधन और शोध के नतीजे जल्दी और कुशलता से साझा करने की अनुमति देना। इसके कार्यचालन की मज़बूती सुनिश्चित करने वाला महत्वपूर्ण डिज़ाइन सिद्धांत अतिरिक्तता (रिडंडेंसी) था, जिसने नेटवर्क को इस तरह से संरचित किया कि यदि कोई एक केंद्र बिंदु (नोड) या जोड़ (कनेक्शन) विफल हो जाए, तो डेटा को वैकल्पिक रास्तों से भेजा जा सके।"
गीज़ा के महान पिरामिड के अंदर राजा के कमरे का माप क्या है?,"गीज़ा का महान पिरामिड, जो गीज़ा क़ब्रिस्तान में मौजूद तीन पिरामिडों में सबसे बड़ा है, चौथी राजवंश के मिस्र के फ़राओ खुफ़ु के लिए बनवाया गया था। इसकी मूल ऊँचाई 146.6 मीटर (481 फ़ीट) थी, लेकिन इसके बाहरी पत्थर और चोटी खो जाने के कारण, इसकी वर्तमान ऊँचाई 138.5 मीटर (454 फ़ीट) है। पिरामिड के अंदर, तीन ज्ञात कमरे हैं: अधूरा ज़मीन के नीचे का कमरा, रानी का कमरा, और राजा का कमरा, जिसकी लंबाई 10.45 मीटर, चौड़ाई 5.20 मीटर और ऊँचाई 5.80 मीटर है।","राजा के कमरे की लंबाई 10.45 मीटर, चौड़ाई 5.20 मीटर और ऊँचाई 5.80 मीटर है।"
प्रकाश संश्लेषण की प्रक्रिया समझाओ।,,"प्रकाश संश्लेषण वह प्रक्रिया है जिसका उपयोग पौधे, काई (शैवाल) और कुछ ख़ास जीवाणु रोशनी की ऊर्जा को रासायनिक ऊर्जा (भोजन) में बदलने के लिए करते हैं। यह ऊर्जा कार्बोहाइड्रेट अणुओं, जैसे कि शक्कर (शुगर) में जमा होती है, जिन्हें कार्बन डाइऑक्साइड और पानी से बनाया जाता है। यह प्रक्रिया मुख्य रूप से पौधे की कोशिका के क्लोरोप्लास्ट में होती है। इसके लिए ज़रूरी चीज़ें हैं सूरज की रोशनी, पानी (H₂O), और कार्बन डाइऑक्साइड (CO₂)। मुख्य उत्पाद/नतीजे हैं ग्लूकोज (C₆H₁₂O₆) और ऑक्सीजन (O₂)। ऑक्सीजन का यह निकलना धरती पर हवा में सांस लेने वाले ज़्यादातर जीवों को बनाए रखने के लिए बहुत अहम है, जो प्रकाश संश्लेषण को लगभग सभी स्थलीय (ज़मीन की) खाद्य श्रृंखलाओं का आधार बनाता है।"
पुरानी दुनिया के सात अजूबों के नाम बताओ।,,"रोड्स का कोलोसस, गीज़ा का महान पिरामिड, बेबीलोन के झूलते बाग़, अलेक्जेंड्रिया का रोशनी घर, हेलिकारनेसस का मकबरा, ओलंपिया में ज़्यूस की मूर्ति, और एफ़िसस में आर्टेमिस का मंदिर।"
"आम खाने की चीज़, सैंडविच, को 'सैंडविच' क्यों कहा जाता है?","सैंडविच का नाम जॉन मोंटागू, जो सैंडविच के चौथे अर्ल थे, के नाम पर रखा गया है। वह 18वीं सदी के एक अंग्रेज़ रईस थे, जिन्होंने आम कहानी के अनुसार, अपने नौकरों से कहा था कि वे दो ब्रेड के टुकड़ों के बीच मांस (गोश्त) रख दें ताकि वह अपने जुए के खेल को रोके बिना खा सकें। इससे वह अपना एक हाथ खाली रख पाते थे और ताश के पत्तों को गंदा होने से बचाते थे। उनके दोस्तों ने जल्द ही ""सैंडविच जैसा ही"" मँगवाना शुरू कर दिया, और यह नाम प्रसिद्ध हो गया।","सैंडविच का नाम जॉन मोंटागू, जो सैंडविच के चौथे अर्ल थे (1718–1792), के नाम पर रखा गया है। कथित तौर पर उन्होंने मांस को ब्रेड के टुकड़ों के बीच रखने का अनुरोध इसलिए किया था ताकि वह जुआ खेलते समय बिना किसी बर्तन की ज़रूरत के या अपना खेल रोके बिना खा सकें, जिससे उनके हाथ साफ़ और खाली रह सकें।"
"हमारे सौर मंडल के आठ मुख्य ग्रहों की सूची बनाओ, जो सूरज से सबसे नज़दीक हैं।",,"बुध, शुक्र, पृथ्वी, मंगल, बृहस्पति, शनि, अरुण, वरुण"
"नीचे दिए गए पाठ में बताए गए सभी अभाज्य संख्याएँ निकालें और उन्हें घटते क्रम में, कॉमा से अलग करके, सूचीबद्ध करें।","यह शोध 17 महीनों तक चला, जिसमें 29 प्रतिभागी शामिल थे। शुरुआती समूह का आकार 42 था, लेकिन 3 लोग बीच में ही हट गए। हमने 11 मुख्य डेटा अंक जमा किए। अंतिम रिपोर्ट 53 पन्नों की थी और उसमें लागतों का विवरण था, जो कुल $89,000 थी, जिसमें $13 का सेटअप शुल्क शामिल नहीं था।","89, 53, 29, 17, 13, 11, 3"
मुझे अपने बॉस से वेतन वृद्धि के लिए पूछना है।,,"प्रिय [मैनेजर का नाम],

मैं आपसे अपने मौजूदा वेतन और पद की समीक्षा करने का औपचारिक अनुरोध कर रहा/रही हूँ। पिछले 12 महीनों में, मेरी ज़िम्मेदारियाँ काफ़ी बढ़ गई हैं, और मैंने अपने मौजूदा पद के लिए तय की गई उम्मीदों से ज़्यादा ही काम किया है।

ख़ास तौर पर, मैंने ये काम किए हैं:

1. मैंने 'परियोजना फ़ीनिक्स' को सफलतापूर्वक शुरू किया, जिसके परिणामस्वरूप तीसरी तिमाही (Q3) में उपयोगकर्ताओं की भागीदारी में 15% की बढ़ोतरी हुई।
2. मैंने आंतरिक रिपोर्टिंग की प्रक्रिया को सुव्यवस्थित (बेहतर) बनाया, जिससे टीम का अनुमानित रूप से हर हफ़्ते 10 घंटे का समय बचा।
3. मैंने दो कनिष्ठ कर्मचारियों का मार्गदर्शन किया, जो अब उच्च स्तर पर योगदान दे रहे हैं।

मैं अब वे ज़िम्मेदारियाँ निभा रहा/रही हूँ जो आम तौर पर 'वरिष्ठ [मौजूदा पद]' वर्ग से जुड़ी होती हैं। मुझे विश्वास है कि मेरा योगदान टीम की सफलता और कंपनी की आय (रेवेन्यू) को बढ़ाने में महत्वपूर्ण रहा है। मैंने इस बढ़ी हुई भूमिका के लिए बाज़ार में दिए जाने वाले वेतन का विश्लेषण भी हाल ही में पूरा कर लिया है, और मेरा मानना है कि वेतन में बदलाव करना ज़रूरी है।

मैं अगले हफ़्ते आपके साथ एक मीटिंग का समय तय करना चाहूँगा/चाहूँगी ताकि हम मेरे प्रदर्शन, मेरे करियर की दिशा और मेरे वेतन पर विस्तार से चर्चा कर सकें। आपके विचार के लिए धन्यवाद।

सादर,
[आपका नाम]"
"पाठ से काल्पनिक पात्रों और वे जिस दुनिया या श्रृंखला से संबंधित हैं, उनकी पहचान करें। उन्हें इस प्रारूप में सूचीबद्ध करें: पात्र: {नाम} | दुनिया: {श्रृंखला/जगह}","गेराल्ट ऑफ़ रिविया द विचर् उपन्यास और गेम्स की श्रृंखला में एक प्रमुख विचर् है। फंतासी से हटकर, आप जासूस हरक्यूल पोयरोट को रहस्य सुलझाते हुए पा सकते हैं, जिनकी कहानियाँ अक्सर दो विश्व युद्धों के बीच के इंग्लैंड के बेहतरीन माहौल में सेट होती हैं, यह अगाथा क्रिस्टी की रचना है। इस बीच, कैप्टन जीन-ल्यूक पिकार्ड के साहसिक कार्य अक्सर स्टार ट्रेक: द नेक्स्ट जनरेशन की कहानी के तहत यूएसएस एंटरप्राइज-डी पर होते हैं। भविष्य में और भी आगे, परेशान साइबोर्ग मेजर मोटोको कुसानगी घोस्ट इन द शेल में केंद्रीय पात्र हैं।","पात्र: गेराल्ट ऑफ़ रिविया | दुनिया: द विचर्
पात्र: हरक्यूल पोयरोट | दुनिया: अगाथा क्रिस्टी रहस्य
पात्र: कैप्टन जीन-ल्यूक पिकार्ड | दुनिया: स्टार ट्रेक: द नेक्स्ट जनरेशन
पात्र: मेजर मोटोको कुसानगी | दुनिया: घोस्ट इन द शेल"
पनामा नहर कब पूरी हुई और खोली गई थी?,"पनामा नहर, पनामा में स्थित 82 किलोमीटर लम्बा एक मानव निर्मित जलमार्ग है जो अटलांटिक महासागर को प्रशांत महासागर से जोड़ता है। यह नहर पनामा की संकरी पट्टी को काटती है और समुद्री व्यापार के लिए एक मार्ग का काम करती है। नहर का निर्माण 1914 में पूरा हुआ, और यह 15 अगस्त, 1914 को यातायात के लिए खोल दी गई। हालाँकि शुरूआती फ्रांसीसी प्रयास 1881 में शुरू हुआ था, लेकिन अमेरिका ने इसे अपने हाथ में लिया और परियोजना को पूरा किया।","नहर का निर्माण 1914 में पूरा हुआ, और यह 15 अगस्त, 1914 को यातायात के लिए खोल दी गई। 

पनामा नहर, पनामा में स्थित 82 किलोमीटर लम्बा एक मानव निर्मित जलमार्ग है जो अटलांटिक महासागर को प्रशांत महासागर से जोड़ता है। हालाँकि शुरूआती फ्रांसीसी प्रयास 1881 में शुरू हुआ था, लेकिन अमेरिका ने इसे अपने हाथ में लिया और परियोजना को पूरा किया।"
"नीचे दिए गए जानवरों को दो श्रेणियों में बाँटें: 'स्तनधारी' या 'सरीसृप': नीली व्हेल, मगरमच्छ, कोमोडो ड्रैगन, चमगादड़, प्लैटिपस, अजगर (साँप), ग्रिज़ली भालू।",,"स्तनधारी: नीली व्हेल, चमगादड़, प्लैटिपस, ग्रिज़ली भालू।
सरीसृप: मगरमच्छ, कोमोडो ड्रैगन, अजगर (साँप)।"
"अगर आप किसी वीरान टापू पर फँस जाते और सिर्फ एक ही एल्बम सुन पाते, तो आप अपने साथ कौन-सा एल्बम रखना पसंद करते?",,"एक कृत्रिम बुद्धिमत्ता के तौर पर, मैं संगीत को भावनात्मक रूप से महसूस नहीं करता और न ही ऊबता हूँ। इसलिए, ज़िंदा रहने के लिए एक ही एल्बम चुनने की यह बात केवल सोचने भर की है (यानी सैद्धांतिक है)। हालाँकि, अगर मुझे गणितीय रूप से जटिल और जिसे बार-बार बिना थके सुना जा सके, ऐसा काम चुनना पड़े, तो मैं माइल्स डेविस का 'ए काइंड ऑफ ब्लू' चुनूँगा। इसकी मोडल जैज़ रचना संगीत में अनगिनत बदलाव लाती है और बिना दोहराव पैदा किए, इसकी गहरी बनावट का विश्लेषण करने देती है। यह सादगी और गहराई का बेहतरीन मेल है।"
"उस आविष्कारक की पहचान करें जिसे आम तौर पर व्यापार के लिए उपयोगी बिजली का बल्ब बनाने का श्रेय दिया जाता है, और उसकी सफलता का साल भी बताएं।","हालाँकि कई आविष्कारकों ने शुरुआती रोशनी की तकनीकों के विकास में योगदान दिया, पर थॉमस अल्वा एडिसन को अक्सर व्यापारिक रूप से उपयोगी गरमी से जलने वाले बिजली के बल्ब के आविष्कार का श्रेय दिया जाता है। 1879 में, कार्बन वाले बांस के रेशों जैसे पदार्थों के साथ लंबे और व्यापक प्रयोग करने के बाद, एडिसन और उनकी टीम ने एक ऐसा रोशनी का स्रोत हासिल किया जो देर तक जलता था और घरेलू इस्तेमाल के लिए उपयुक्त था। हम्फ्री डेवी और जोसेफ स्वान जैसी हस्तियों के पिछले प्रयास महत्वपूर्ण थे, लेकिन एडिसन ने बिजली की रोशनी को आधुनिक युग में लाने के लिए बेहतर निर्वात तकनीक, उच्च प्रतिरोध वाला तंतु, और ज़रूरी वितरण व्यवस्था को सफलतापूर्वक मिलाया।",व्यापार के लिए उपयोगी गरमी से जलने वाले बिजली के बल्ब के आविष्कार का सबसे ज़्यादा श्रेय 1879 में थॉमस अल्वा एडिसन को दिया जाता है।
क्यूबलर-रॉस मॉडल के हिसाब से गम के पाँच चरण बताइए।,,"गम के पाँच चरण, जिन्हें अक्सर डैब्डा भी कहा जाता है, वे इस प्रकार हैं:
1. इनकार
2. गुस्सा
3. सौदेबाज़ी
4. निराशा
5. स्वीकार"
साथ-साथ संचार और बाद में होने वाले संचार के बीच के मुख्य फ़र्क को संक्षेप में बताइए।,,"साथ-साथ संचार एकदम उसी समय होता है, जिसमें सभी पक्षों को एक ही समय पर मौजूद होना ज़रूरी है (जैसे, फ़ोन पर बात करना)। बाद में होने वाले संचार में एक ही समय पर मौजूद होना ज़रूरी नहीं है; संदेश देरी से भेजे और प्राप्त किए जाते हैं, जिससे आसानी और लचीलापन मिलता है (जैसे, ईमेल या टेक्स्ट संदेश)।"
"अपोलो 11 मिशन, लॉन्च से लेकर पानी में वापसी (सुरक्षित उतरने) तक, कुल कितने दिनों तक चला, इसकी गणना करें।","अपोलो 11 वह अंतरिक्ष उड़ान थी जिसने सबसे पहले इंसानों को चाँद पर उतारा। कमांडर नील आर्मस्ट्रांग और लूनर मॉड्यूल पायलट बज़ एल्ड्रिन ने अपोलो लूनर मॉड्यूल *ईगल* को 20 जुलाई, 1969 को 20:17 यूटीसी पर उतारा। आर्मस्ट्रांग छह घंटे और 39 मिनट बाद, 21 जुलाई को 02:56 यूटीसी पर, चाँद की सतह पर कदम रखने वाले पहले इंसान बने; एल्ड्रिन लगभग 20 मिनट बाद उनके साथ शामिल हो गए। उन्होंने अंतरिक्ष यान के बाहर लगभग सवा दो घंटे एक साथ बिताए, और धरती पर वापस लाने के लिए 21.5 किलोग्राम (47.5 पौंड) चाँद की सामग्री जमा की। मिशन के तीसरे सदस्य, माइकल कॉलिन्स ने कमांड मॉड्यूल *कोलंबिया* को चाँद की कक्षा में अकेले उड़ाया। अपोलो 11, 16 जुलाई, 1969 को कैनेडी स्पेस सेंटर से लॉन्च हुआ और 24 जुलाई, 1969 को सुरक्षित रूप से प्रशांत महासागर में उतरते हुए (स्प्लैशडाउन करते हुए) धरती पर वापस आया।",8 दिन
"रोसेटा पत्थर कब, कहाँ और किसके द्वारा बनाया गया था, और इसमें कौन सी तीन लिपियाँ हैं?","रोसेटा पत्थर एक ग्रेनोडाइओराइट से बना खंभा (स्तंभ) है, जिस पर राजा टॉलेमी पंचम एपिफेनेस की ओर से टॉलेमी राजवंश के दौरान 196 ईसा पूर्व में मिस्र के मेम्फिस में जारी किए गए एक फरमान के तीन संस्करण लिखे गए हैं। ऊपरी लेख प्राचीन मिस्री चित्रलिपि (हाइरोग्लिफ्स) है, मध्य भाग डेमोटिक लिपि है, और सबसे निचला हिस्सा प्राचीन यूनानी लिपि है। चूँकि तीनों लिपियों में एक ही पाठ लिखा हुआ है, इसलिए इस पत्थर ने मिस्री चित्रलिपि को समझने की कुंजी प्रदान की। इसे जुलाई 1799 में नेपोलियन के मिस्र अभियान के दौरान नील नदी के पश्चिमी तट पर रशीद (रोसेटा) में फ्रांसीसी सैनिकों द्वारा खोजा गया था। नेपोलियन की हार के बाद, अलेक्जेंड्रिया की संधि (1801) की शर्तों के तहत यह पत्थर अंग्रेजों की संपत्ति बन गया। यह 1802 से लगातार ब्रिटिश संग्रहालय में सार्वजनिक प्रदर्शन पर है। इसकी माप 1,123 मिलीमीटर ऊँचाई, 757 मिलीमीटर चौड़ाई और 284 मिलीमीटर मोटाई है। इसका वजन लगभग 760 किलोग्राम है।","रोसेटा पत्थर 196 ईसा पूर्व में टॉलेमी राजवंश के दौरान राजा टॉलेमी पंचम एपिफेनेस की ओर से मिस्र के मेम्फिस में बनाया गया था। इसमें तीन लिपियाँ हैं: प्राचीन मिस्री चित्रलिपि (ऊपरी लेख), डेमोटिक लिपि (मध्य भाग), और प्राचीन यूनानी (सबसे नीचे वाला)।"
"निम्नलिखित शब्दों का संज्ञा या क्रिया के रूप में वर्गीकरण करें: रन, हैप्पीनेस, टेबल, स्विम।",,"रन एक क्रिया है, हैप्पीनेस एक संज्ञा है, टेबल एक संज्ञा है, स्विम एक क्रिया है।"
"एक आधुनिक सिंगल-पेज एप्लीकेशन (एस.पी.ए.) बनाने के लिए, मर्न स्टैक का उपयोग करते हुए, आमतौर पर किन मुख्य घटकों (components) की आवश्यकता होती है?",,"मर्न स्टैक वेब एप्लीकेशन, ख़ासकर एस.पी.ए. (सिंगल-पेज एप्लीकेशन) बनाने के लिए एक प्रसिद्ध ढाँचा (framework) है। इस संक्षिप्त नाम (acronym) का मतलब इस्तेमाल की जाने वाली चार मुख्य तकनीकों से है:

1. **मोंगोडीबी (MongoDB):** एक नो-एसक्यूएल (NoSQL) डेटाबेस जो जेसन (JSON) जैसे दस्तावेज़ों में डेटा रखता है, जो लचीलापन और ज़रूरत के हिसाब से बढ़ाने की क्षमता (scalability) देता है।
2. **एक्सप्रेस.जेएस (Express.js):** नोड.जेएस (Node.js) के लिए एक सरल (minimalist), तेज़ और गैर-राय वाला वेब एप्लीकेशन ढाँचा है, जिसका इस्तेमाल रूटिंग (routing), मिडलवेयर (middleware), और एपीआई एंडपॉइंट्स (API endpoints) (यानी 'बैकएंड') को संभालने के लिए किया जाता है।
3. **रिएक्ट (React):** फेसबुक (Facebook) द्वारा विकसित एक जावास्क्रिप्ट (JavaScript) लाइब्रेरी, जिसका उपयोग यूजर इंटरफेस (यूआई - UIs) बनाने के लिए किया जाता है, ख़ासकर फ्रंटएंड (frontend) के इंटरैक्टिव (interactive) हिस्सों को बनाने के लिए।
4. **नोड.जेएस (Node.js):** एक जावास्क्रिप्ट रनटाइम वातावरण (runtime environment) जो जावास्क्रिप्ट को सर्वर-साइड (server-side) पर इस्तेमाल करने की अनुमति देता है, और जिस पर एक्सप्रेस.जेएस (Express.js) बनाया गया है, उसके लिए यह बुनियाद (foundation) का काम करता है।

ये घटक एक साथ काम करके एक पूर्ण एंड-टू-एंड (शुरुआत से अंत तक) विकास समाधान (development solution) प्रदान करते हैं।"
अनुमानित जानहानि के आधार पर दर्ज इतिहास के पाँच सबसे घातक ज्वालामुखी विस्फोटों की सूची दें।,,"यहाँ दर्ज इतिहास के पाँच सबसे विनाशकारी ज्वालामुखी विस्फोट दिए गए हैं, जो अनुमानित तत्काल मौतों पर आधारित हैं:
- माउंट टैम्बोरा, इंडोनेशिया (1815) - अनुमानित 90,000+ मौतें (ज़्यादातर विस्फोट के बाद आए अकाल और बीमारी के कारण)।
- क्राकाटोआ, इंडोनेशिया (1883) - अनुमानित 36,000 मौतें (मुख्य रूप से सुनामी लहरों के कारण)।
- माउंट पेले, मार्टीनिक (1902) - अनुमानित 30,000 मौतें (पायरोक्लास्टिक प्रवाह के कारण)।
- नेवाडो डेल रुइज़, कोलंबिया (1985) - अनुमानित 25,000 मौतें (कीचड़/मिट्टी के बहाव (लाहर) के कारण)।
- माउंट वेसुवियस, इटली (79 ईसवी) - अनुमानित 16,000 मौतें (जिसमें पोम्पेई और हरक्यूलैनियम शहरों को दफना दिया था)।"
"एक ऐसे समय के बारे में बताइए जब आपको एक मुश्किल फैसला लेना पड़ा, जिसका नतीजा आखिरकार बहुत सकारात्मक रहा।",,"मेरे द्वारा लिया गया वह सबसे मुश्किल फैसला जिसका सकारात्मक नतीजा निकला, वह था आठ साल से चल रही अपनी सुरक्षित बड़ी कंपनी की नौकरी (कॉर्पोरेट जॉब) छोड़कर पर्यावरण सलाहकार (कंसल्टेंट) के तौर पर काम शुरू करना। मुश्किल थी पैसों की तंगी के डर में और परिवार के उस दबाव में जो मेरी पिछली नौकरी की शान (इज़्ज़त) को बहुत महत्व देते थे। मैं महीनों तक इस चुनाव को लेकर जूझता रहा, और पैसों की कमी होने की स्थिति के लिए मैंने विस्तृत आपातकालीन योजनाएँ बनाईं। आखिरकार, यह जोखिम उठाने से मुझे अपने रोज़ के काम को अपने मूल सिद्धांतों (बुनियादी मूल्यों) से जोड़ने का मौका मिला। हालाँकि शुरुआत में यह बदलाव अनिश्चितता और कुछ समय के लिए वेतन कटौती से भरा था, लेकिन इसका अंतिम परिणाम नौकरी से गहरी संतुष्टि में वृद्धि, काम और निजी जीवन में बेहतर तालमेल, और यह भावना थी कि मेरे योगदान का वाकई महत्व है।"
प्रकाश संश्लेषण क्या है और यह क्यों ज़रूरी है?,,"प्रकाश संश्लेषण वह क्रिया है जिसका उपयोग पौधे, शैवाल (काई), और कुछ ख़ास जीवाणु करते हैं। यह प्रकाश ऊर्जा को, जो आमतौर पर सूरज से मिलती है, रासायनिक ऊर्जा (शक्कर/ग्लूकोज़) में बदलने के लिए इस्तेमाल होती है, जिसे बाद में जीव अपनी गतिविधियों के लिए ईंधन के रूप में इस्तेमाल कर सकते हैं। यह जटिल जैव-रासायनिक क्रिया मुख्य रूप से क्लोरोप्लास्ट्स में होती है, जिनमें क्लोरोफिल नामक रंगद्रव्य (पिगमेंट) मौजूद होता है। सामान्य समीकरण है: ६(सीओ२) + ६(एच२ओ) + प्रकाश ऊर्जा → (सी६एच१२ओ६) + ६(ओ२)। यह बहुत ही बुनियादी तौर पर महत्वपूर्ण है क्योंकि यह पृथ्वी पर अधिकांश पारितंत्रों (इकोसिस्टम्स) के लिए ऊर्जा उत्पादन का प्राथमिक तरीका है, और सबसे ज़रूरी बात यह है कि यह उस ऑक्सीजन को पैदा करने के लिए ज़िम्मेदार है जिसकी ज़रूरत लगभग सभी जीवन रूपों को श्वसन (साँस लेने) के लिए होती है।"
"पाठ के अनुसार, फ़्लोरे और चेन के नेतृत्व वाली टीम ने पेन्सिलिन को लेकर क्या मुख्य योगदान दिया?","पेन्सिलिन, जो दुनिया की पहली एंटीबायोटिक दवाओं में से एक है, की खोज स्कॉटिश चिकित्सक ऐलेक्ज़ेंडर फ़्लेमिंग ने 1928 में की थी। उन्होंने देखा कि एक फफूंदी, जिसका नाम पेन्सिलियम नोटेटम था, ने एक पेट्री डिश को दूषित कर दिया था, जिसमें वह स्टैफ़ाइलोकोकस बैक्टीरिया का अध्ययन कर रहे थे। सबसे ज़रूरी बात यह थी कि फफूंदी के चारों ओर बैक्टीरिया बढ़ नहीं पा रहे थे। शुरुआत में, फ़्लेमिंग ने फफूंदी द्वारा बनाए गए पदार्थ को 'फफूंदी का रस' कहा, लेकिन बाद में इसका नाम पेन्सिलिन रख दिया। हालाँकि उन्होंने फफूंदी को सफलतापूर्वक अलग कर लिया, लेकिन इंसानों में बड़े पैमाने पर उत्पादन या इलाज के लिए सक्रिय जीवाणुरोधी एजेंट को शुद्ध करना उन्हें बेहद मुश्किल लगा। एक दशक से अधिक समय तक, यह खोज अधिकतर केवल अकादमिक बनी रही। 1940 के दशक की शुरुआत तक ऐसा नहीं हुआ कि ऑक्सफ़ोर्ड विश्वविद्यालय में हॉवर्ड फ़्लोरे और अर्नस्ट चेन के नेतृत्व वाली एक टीम ने पेन्सिलिन का बड़े पैमाने पर उत्पादन करने और उसे स्थिर करने के तरीके विकसित किए, जिससे इसे दूसरे विश्व युद्ध के दौरान संक्रमणों के इलाज के लिए प्रभावी ढंग से इस्तेमाल किया जा सका, जिससे चिकित्सा में क्रांति आई और लाखों लोगों की जान बची।","ऑक्सफ़ोर्ड विश्वविद्यालय में हॉवर्ड फ़्लोरे और अर्नस्ट चेन के नेतृत्व वाली टीम ने पेन्सिलिन का बड़े पैमाने पर उत्पादन करने और उसे स्थिर करने के तरीके विकसित किए, जिससे इसे दूसरे विश्व युद्ध के दौरान संक्रमणों के इलाज के लिए प्रभावी ढंग से इस्तेमाल किया जा सका।"
मुख्य प्रौद्योगिकी अधिकारी (सीटीओ) द्वारा सभी कर्मचारियों के लिए मुख्य कॉर्पोरेट वीपीएन सर्वर की अप्रत्याशित विफलता के संबंध में एक औपचारिक आंतरिक ज्ञापन तैयार करें। ज्ञापन में तत्काल अस्थायी व्यवस्था (पुरानी बैकअप कनेक्शन का उपयोग करके) और पूरी बहाली के लिए नियोजित समयरेखा की जानकारी होनी चाहिए।,"बैकअप कनेक्शन का नाम: अल्फ़ानेट-सिक्योर; अनुमानित पूर्ण बहाली: 48 घंटे (बुधवार, सुबह 10 बजे पीएसटी)","ज्ञापन

सेवा में: कंपनी के सभी कर्मचारी
प्रेषक: [सीटीओ का नाम], मुख्य प्रौद्योगिकी अधिकारी
दिनांक: सोमवार, 28 अक्टूबर, 2024
विषय: तत्काल सूचना: मुख्य कॉर्पोरेट वीपीएन सर्वर में रुकावट और अस्थायी समाधान

प्रिय सहयोगियों,

हमें वर्तमान में हमारे प्राथमिक कॉर्पोरेट वीपीएन सर्वर बुनियादी ढांचे में एक अप्रत्याशित और पूर्ण रुकावट का सामना करना पड़ रहा है। हमारे नेटवर्क परिचालन दल ने आज सुबह 8:00 बजे पीएसटी पर इस विफलता की पुष्टि की। यह रुकावट आंतरिक संसाधनों, जिनमें साझा ड्राइव और महत्वपूर्ण एप्लीकेशन प्लेटफ़ॉर्म शामिल हैं, तक दूरस्थ पहुँच को रोक रही है।

**तत्काल अस्थायी व्यवस्था (वर्कअराउंड):**

संचालन की निरंतरता सुनिश्चित करने के लिए, हमने अपनी आपातकालीन पुरानी (लेगसी) बैकअप कनेक्शन सक्रिय कर दी है। वीपीएन एक्सेस की आवश्यकता वाले सभी कर्मचारियों को अस्थायी रूप से **अल्फ़ानेट-सिक्योर** कनेक्शन मार्ग का उपयोग करना चाहिए। कृपया ध्यान दें कि हालांकि यह पुरानी कनेक्शन सुरक्षित है, क्षमता सीमाओं के कारण प्रदर्शन (स्पीड) थोड़ा कम हो सकता है। अल्फ़ानेट-सिक्योर के माध्यम से जुड़ने के विस्तृत निर्देश आपके कॉर्पोरेट ईमेल इनबॉक्स में भेज दिए गए हैं।

**बहाली की समयरेखा:**

हमारी इंजीनियरिंग टीमें मुख्य सर्वर घटकों की पहचान और मरम्मत करने के लिए चौबीसों घंटे काम कर रही हैं। शुरुआती आकलन के आधार पर, हमारा अनुमान है कि प्राथमिक वीपीएन प्रणाली की पूर्ण बहाली **48 घंटों** के भीतर हो जाएगी। हमें उम्मीद है कि मुख्य प्रणाली **बुधवार, सुबह 10:00 बजे पीएसटी** तक पूरी तरह से चालू हो जाएगी।

जब हम इस महत्वपूर्ण बुनियादी ढांचे के मुद्दे को हल कर रहे हैं, तो हम आपके धैर्य और सहयोग की सराहना करते हैं। कृपया कनेक्टिविटी संबंधी किसी भी विशिष्ट प्रश्न को तुरंत आईटी हेल्पडेस्क को भेजें।"
सैफ़िर-सिम्पसन तूफ़ान हवा पैमाने की पाँच श्रेणियों (दर्ज़ों) और हर श्रेणी से जुड़े आम नुक़सान के बारे में बताइए।,,"सैफ़िर-सिम्पसन पैमाना तूफ़ानों को उनकी लगातार हवा की रफ़्तार के आधार पर, दर्ज़ा 1 (सबसे कम तीव्रता) से लेकर दर्ज़ा 5 (सबसे ज़्यादा तीव्रता) तक रखता है:

1) दर्ज़ा 1 (74-95 मील प्रति घंटा): बहुत ख़तरनाक हवाएँ कुछ नुक़सान करेंगी। आम तौर पर, इमारतों को हल्का नुक़सान होता है और बिजली कुछ दिनों के लिए चली जाती है।
2) दर्ज़ा 2 (96-110 मील प्रति घंटा): बेहद ख़तरनाक हवाएँ भारी नुक़सान करेंगी। छत और दीवारों को बड़ा नुक़सान होने की संभावना है; बिजली लगभग पूरी तरह से गुल हो सकती है जो कई दिनों से लेकर हफ़्तों तक रह सकती है।
3) दर्ज़ा 3 (111-129 मील प्रति घंटा): भारी तबाही होगी। मज़बूती से बने घरों को भी बड़ा नुक़सान या बर्बादी झेलनी पड़ेगी। बड़े पैमाने पर बिजली गुल होना और पानी की कमी होने की उम्मीद है, जो हफ़्तों तक चल सकती है।
4) दर्ज़ा 4 (130-156 मील प्रति घंटा): विनाशकारी तबाही होगी। ज़्यादातर इलाक़े हफ़्तों या महीनों तक रहने लायक़ नहीं रहेंगे। घरों की बनावट बुरी तरह से ख़राब हो जाएगी, पेड़ टूट जाएँगे या जड़ से उखड़ जाएँगे।
5) दर्ज़ा 5 (157 मील प्रति घंटा या उससे ज़्यादा): विनाशकारी तबाही। ढाँचे वाले घरों का एक बड़ा हिस्सा तबाह हो जाएगा, छतें पूरी तरह से गिर जाएँगी और दीवारें ढह जाएँगी। ज़्यादातर इलाक़ा अलग-थलग पड़ जाएगा और बिजली का ढाँचा पूरी तरह से बर्बाद हो जाएगा।"
"दिए गए अपोलो 11 मिशन के सारांश के अनुसार, धरती पर वापस लाने के लिए चाँद की सामग्री का कुल वज़न कितना जमा किया गया था?","अपोलो 11 वह अमेरिकी अंतरिक्ष उड़ान थी जिसने सबसे पहले इंसानों को चाँद पर उतारा था। कमांडर नील आर्मस्ट्रांग और लूनर मॉड्यूल पायलट बज़ एल्ड्रिन ने अपोलो लूनर मॉड्यूल *ईगल* को 20 जुलाई, 1969 को 20:17 यूटीसी पर उतारा। आर्मस्ट्रांग छह घंटे बाद, 21 जुलाई को, चाँद की सतह पर कदम रखने वाले पहले व्यक्ति बने, जिसके 19 मिनट बाद एल्ड्रिन ने कदम रखा। उन्होंने अंतरिक्ष यान के बाहर लगभग सवा दो घंटे बिताए, इस दौरान उन्होंने धरती पर वापस लाने के लिए 47.5 पाउंड (21.5 किलोग्राम) चाँद की सामग्री जमा की। कमांड मॉड्यूल पायलट माइकल कॉलिन्स उनके सतह पर रहते हुए, कमांड मॉड्यूल *कोलंबिया* में चाँद की कक्षा में अकेले रहे। अपोलो 11 को 16 जुलाई को केनेडी स्पेस सेंटर से सैटर्न V रॉकेट द्वारा लॉन्च किया गया था।",अंतरिक्ष यात्रियों ने 47.5 पाउंड (21.5 किलोग्राम) चाँद की सामग्री जमा की।
औद्योगिक क्रांति की परिभाषा बताएं और इसके मुख्य असर का वर्णन करें।,,"औद्योगिक क्रांति उस समय को कहते हैं जो 18वीं और 19वीं सदी के बीच का था, जब यूरोप और अमेरिका के खेती पर निर्भर और ग्रामीण समाज औद्योगिक और शहरी बन गए। इस बदलाव में बड़े पैमाने पर तकनीकी नए आविष्कार शामिल थे, खासकर हाथ से उत्पादन के तरीकों से मशीनों में बदलाव, कोयला और भाप जैसे ऊर्जा के नए स्रोतों का इस्तेमाल शुरू होना, और फैक्ट्री (कारखाना) प्रणाली को लागू करना। इसका मुख्य असर था तेज़ी से शहरीकरण, क्योंकि लोग फैक्ट्री के काम के लिए शहरों में चले गए। साथ ही, एक नए मध्यम वर्ग और मज़दूर वर्ग (सर्वहारा) का उदय हुआ, चीज़ों का बड़े पैमाने पर उत्पादन बढ़ा, और यातायात तथा संचार की बुनियादी व्यवस्था में महत्वपूर्ण बदलाव आए।"
डार्क मैटर के अस्तित्व को दर्शाने वाला मुख्य सबूत क्या है?,"डार्क मैटर पदार्थ का एक अनुमानित रूप है, जिसके बारे में माना जाता है कि यह ब्रह्मांड के लगभग 85% पदार्थ का हिस्सा है। इसे सीधे तौर पर नहीं देखा जा सकता क्योंकि यह न तो प्रकाश जैसे विद्युत-चुंबकीय विकिरण को उत्सर्जित करता है और न ही उससे प्रतिक्रिया करता है, जिससे यह सामान्य दूरबीनों के लिए अदृश्य हो जाता है। इसके अस्तित्व का अनुमान केवल दिखाई देने वाले पदार्थ, विकिरण, और ब्रह्मांड की बड़ी संरचना पर पड़ने वाले गुरुत्वाकर्षण प्रभावों से लगाया जाता है। विशेष रूप से, सबसे मजबूत सबूत आकाशगंगाओं के घूमने के वक्रों को देखकर मिलता है। आकाशगंगाएँ मानक न्यूटन के गुरुत्वाकर्षण नियम के हिसाब से, उनमें मौजूद दिखाई देने वाले पदार्थ की तुलना में बहुत तेज़ी से घूमती हैं; यदि अतिरिक्त द्रव्यमान का कोई और स्रोत (डार्क मैटर) अतिरिक्त गुरुत्वाकर्षण प्रदान नहीं करता, तो ये आकाशगंगाएँ बिखर कर दूर चली जाएँगी। अतिरिक्त सहायक सबूतों में गुरुत्वीय लेंसिंग (विशाल, अदृश्य वस्तुओं के चारों ओर प्रकाश का मुड़ना) और कॉस्मिक माइक्रोवेव बैकग्राउंड (सीएमबी) विकिरण से मिला डेटा शामिल है।","डार्क मैटर के अस्तित्व का अनुमान मुख्य रूप से इसके गुरुत्वाकर्षण प्रभावों से लगाया जाता है। सबसे मजबूत सबूत आकाशगंगाओं के घूमने के वक्रों को देखकर मिलता है; आकाशगंगाएँ इतनी तेज़ी से घूमती हैं कि उन्हें बिखरने से बचाने के लिए एक अतिरिक्त, अदृश्य द्रव्यमान (डार्क मैटर) की आवश्यकता होती है। अन्य सबूतों में गुरुत्वीय लेंसिंग और कॉस्मिक माइक्रोवेव बैकग्राउंड में देखे गए प्रभाव शामिल हैं।"
"दिए गए लेख के आधार पर, मैरी क्यूरी ने किन दो अलग-अलग वैज्ञानिक क्षेत्रों में नोबेल पुरस्कार जीता?","मैरी स्क्लोडोव्स्का क्यूरी एक पोलिश और फ्रांसीसी नागरिकता प्राप्त भौतिक विज्ञानी और रसायनज्ञ थीं, जिन्होंने रेडियोधर्मिता पर अग्रणी शोध किया। वह नोबेल पुरस्कार जीतने वाली पहली महिला थीं, नोबेल पुरस्कार दो बार जीतने वाली पहली व्यक्ति और एकमात्र महिला थीं, और दो अलग-अलग वैज्ञानिक क्षेत्रों में नोबेल पुरस्कार जीतने वाली एकमात्र व्यक्ति थीं। उन्होंने 1903 का भौतिकी का नोबेल पुरस्कार अपने पति पियरे क्यूरी और भौतिक विज्ञानी हेनरी बेकरेल के साथ साझा किया, और 1911 का रसायन विज्ञान का नोबेल पुरस्कार अकेले जीता।",भौतिकी और रसायन विज्ञान
क्या आपको सफ़ाई के लिए ब्लीच और अमोनिया को मिलाना चाहिए?,,"बिल्कुल नहीं। इन्हें मिलाने से ज़हरीली क्लोरमीन गैस बनती है, जिससे साँस लेने की नली को गंभीर नुक़सान हो सकता है या मौत भी हो सकती है।"
नीचे दी गई प्रोग्रामिंग भाषाओं की सूची को दो वर्गों में बाँटें: 'कंपाइल की गई' और 'इंटरप्रेट की गई'।,"पाइथन, सी++, जावा, जावास्क्रिप्ट, रूबी, गो, पीएचपी, असेंबली, शेल स्क्रिप्ट, स्विफ्ट, आर।","कंपाइल की गई भाषाओं में शामिल हैं: सी++, गो, असेंबली, स्विफ्ट।
इंटरप्रेट की गई भाषाओं में शामिल हैं: पाइथन, जावास्क्रिप्ट, रूबी, पीएचपी, आर, शेल स्क्रिप्ट, जावा।"
"अपोलो 11 मिशन के दौरान जब बाकी लोग ज़मीन पर थे, तब कमांड मॉड्यूल में कौन सा अंतरिक्ष यात्री कक्षा में ही रहा?","अपोलो 11 मिशन वह पहली अंतरिक्ष यात्रा थी जिसने इंसानों को चाँद पर उतारा। कमांडर नील आर्मस्ट्रांग और लूनर मॉड्यूल पायलट बज़ एल्ड्रिन ने 20 जुलाई 1969 को अपोलो लूनर मॉड्यूल *ईगल* को उतारा। आर्मस्ट्रांग छह घंटे बाद, 21 जुलाई को, चाँद की सतह पर कदम रखने वाले पहले व्यक्ति बने। जबकि बाकी लोग ज़मीन पर थे, माइकल कोलिन्स ने कमांड मॉड्यूल *कोलंबिया* को चाँद की कक्षा में अकेले उड़ाया।",माइकल कोलिन्स
पनामा नहर के निर्माण के दौरान ज़रूरी बुनियादी ढाँचा स्थापित करने के लिए कौन सा मुख्य इंजीनियर ज़िम्मेदार था?,"पनामा नहर 1914 में खुली, जिसने अटलांटिक महासागर को प्रशांत महासागर से जोड़ा। इस निर्माण कार्य, जिसकी अगुआई फ़्रांस के नाकाम होने के बाद मुख्य रूप से संयुक्त राज्य अमेरिका ने की थी, में 10 साल से ज़्यादा का समय लगा। मुख्य लोगों में मुख्य इंजीनियर जॉन फ़्रैंक स्टीवंस शामिल थे, जिन्होंने ज़रूरी बुनियादी ढाँचा स्थापित किया था, और जॉर्ज वॉशिंगटन गोएथल्स शामिल थे, जिन्होंने खुदाई और निर्माण के आख़िरी चरणों की देखरेख की थी।",जॉन फ़्रैंक स्टीवंस
"स्पुतनिक 1 कितने दिनों तक काम करता रहा, और वायुमंडल में वापस आते समय यह आखिरकार कब जलकर खाक हो गया?","स्पुतनिक 1 धरती का पहला कृत्रिम उपग्रह था। सोवियत संघ ने इसे 4 अक्टूबर 1957 को पृथ्वी की एक अंडाकार, कम ऊँचाई वाली कक्षा में स्थापित किया। यह 58 सेंटीमीटर (23 इंच) व्यास का एक चमकदार धातु का गोला था, जिसमें चार बाहरी एंटीना हवाई तार लगे थे। यह मिशन काफी साधारण था: उपग्रह दो आवृत्तियों (20.005 और 40.002 मेगाहर्ट्ज़) पर बीप करने वाली रेडियो तरंगें भेजता था, जब तक इसकी बैटरी 21 दिन बाद, यानी 26 अक्टूबर 1957 को, खराब नहीं हो गईं। 4 जनवरी 1958 को प्रशांत महासागर के ऊपर वायुमंडल में वापस प्रवेश करते समय जलकर खाक होने से पहले, यह 92 दिनों तक कक्षा में रहा और 600 लाख किलोमीटर का सफर तय किया। इसके सफल प्रक्षेपण ने अमेरिका और सोवियत संघ के बीच अंतरिक्ष प्रतिस्पर्धा को जन्म दिया। इस परियोजना का नेतृत्व सर्गेई कोरोलेव ने किया था।",बैटरी खराब होने से पहले स्पुतनिक 1 इक्कीस दिनों तक काम करता रहा। यह 4 जनवरी 1958 को वापस आते समय जलकर खाक हो गया।
"अगर एक लाल घर लाल ईंटों से बना है, और एक नीला घर नीली ईंटों से बना है, तो एक ग्रीनहाउस किस चीज़ से बना होता है?",,"शीशा (या काँच)। 'ग्रीनहाउस' शब्द एक ऐसे ढाँचे को बताता है जिसे पौधे उगाने के लिए बनाया जाता है, और यह नाम इसके काम को बताता है, न कि इसके मुख्य निर्माण सामग्री के रंग या मटीरियल को।"
"दिए गए पाठ के आधार पर, पेनिसिलिन के खोजकर्ता, खोज का वर्ष, और इसे शुद्ध करने और बड़े पैमाने पर उत्पादन करने वाले वैज्ञानिकों के नाम सूचीबद्ध करें।","पेनिसिलिन, सबसे पहले और सबसे ज़्यादा इस्तेमाल होने वाली एंटीबायोटिक दवाओं में से एक है, जिसे स्कॉटिश डॉक्टर और सूक्ष्म जीव विज्ञानी अलेक्जेंडर फ्लेमिंग ने 1928 में लंदन के सेंट मेरी अस्पताल में गलती से खोजा था। छुट्टी से लौटने पर, फ्लेमिंग ने एक पेट्री डिश में, जहाँ वह स्टैफिलोकोकस बैक्टीरिया उगा रहे थे, पेनिसिलियम नोटेटम नाम की एक फफूंदी (फंगस) को पाया। उन्होंने देखा कि इस फफूंदी ने बैक्टीरिया के विकास को रोक दिया था। उन्होंने यह निष्कर्ष निकाला कि यह एक ऐसा पदार्थ पैदा करती है जो कई हानिकारक रोगाणुओं को मार सकता है। हालाँकि फ्लेमिंग के शुरुआती काम ने नींव रखी, लेकिन 1940 के दशक की शुरुआत तक ऑक्सफोर्ड विश्वविद्यालय में हावर्ड फ्लोरे और अर्न्स्ट चेन के नेतृत्व में वैज्ञानिकों की एक टीम द्वारा इस दवा को शुद्ध नहीं किया गया और बड़े पैमाने पर उत्पादन नहीं किया गया। उनका काम दूसरे विश्व युद्ध के दौरान संक्रमणों के इलाज के लिए बहुत महत्वपूर्ण था, जिसके कारण उन्होंने फ्लेमिंग के साथ 1945 में फिजियोलॉजी या मेडिसिन में नोबेल पुरस्कार साझा किया।",पेनिसिलिन के खोजकर्ता अलेक्जेंडर फ्लेमिंग (1928) थे। इसे शुद्ध करने और बड़े पैमाने पर उत्पादन करने वाले वैज्ञानिक हावर्ड फ्लोरे और अर्न्स्ट चेन थे।
ऑस्ट्रेलिया की राजधानी क्या है?,,कैनबरा
बुनियादी प्रकाश संश्लेषण प्रक्रिया समझाइए।,,"प्रकाश संश्लेषण वह तरीका है जिसका इस्तेमाल पौधे, शैवाल और कुछ जीवाणु करते हैं ताकि वे रोशनी (जो आमतौर पर सूरज से आती है) की ऊर्जा को रासायनिक ऊर्जा (शर्करा या खाना) में बदल सकें, जिससे जीव को काम करने की ताक़त मिलती है। इस क्रिया में कार्बन डाइऑक्साइड (सीओ२) और पानी (एच२ओ) को ज़रूरी चीज़ों के तौर पर इस्तेमाल किया जाता है। पौधों में मौजूद हरा रंगीन पदार्थ जिसे क्लोरोफिल कहते हैं, वह सूरज की रोशनी को सोख लेता है। इससे एक रासायनिक क्रिया शुरू होती है जो उप-उत्पाद के तौर पर ऑक्सीजन (ओ२) छोड़ती है और शर्करा (खाना) बनाती है।"
ड्रैसेना सिनाबारी की विशेषताओं और महत्व का वर्णन करें।,"ड्रैसेना सिनाबारी को आम तौर पर सोकोत्रा ड्रैगन वृक्ष या ड्रैगन रक्त वृक्ष के नाम से जाना जाता है। यह ड्रैगन वृक्ष की एक प्रजाति है जो यमन के हिस्से, सोकोत्रा द्वीपसमूह की मूल निवासी है। यह इस द्वीप का सबसे प्रसिद्ध और विशिष्ट पौधा है। इस वृक्ष का रूप अनोखा और अजीब होता है, जिसका तना सीधा खड़ा होता है और ऊपर का घना हिस्सा छाते के आकार का होता है। जब इसकी छाल काटी जाती है, तो इसमें से एक गहरा लाल गोंद निकलता है, जिसे 'ड्रैगन का खून' कहा जाता है। इसका उपयोग पुराने समय से रंगाई और दवा के रूप में किया जाता रहा है। अत्यधिक चराई और जलवायु परिवर्तन के कारण, इस प्रजाति को असुरक्षित माना जाता है, और इसकी आबादी घट रही है।","ड्रैसेना सिनाबारी को आम तौर पर सोकोत्रा ड्रैगन वृक्ष या ड्रैगन रक्त वृक्ष के नाम से जाना जाता है। यह ड्रैगन वृक्ष की एक प्रजाति है जो यमन के हिस्से, सोकोत्रा द्वीपसमूह की मूल निवासी है। यह इस द्वीप का सबसे प्रसिद्ध और विशिष्ट पौधा है। 
इस वृक्ष का रूप अनोखा और अजीब होता है, जिसका तना सीधा खड़ा होता है और ऊपर का घना हिस्सा छाते के आकार का होता है। जब इसकी छाल काटी जाती है, तो इसमें से एक गहरा लाल गोंद निकलता है, जिसे 'ड्रैगन का खून' कहा जाता है। इसका उपयोग पुराने समय से रंगाई और दवा के रूप में किया जाता रहा है। अत्यधिक चराई और जलवायु परिवर्तन के कारण, इस प्रजाति को असुरक्षित माना जाता है, और इसकी आबादी घट रही है।"
"नीचे दिए गए पदार्थों को 'कुदरती' (प्राकृतिक) या 'बनावटी' (कृत्रिम) के रूप में वर्गीकृत करें: नायलॉन, कपास।",,"कपास कुदरती (प्राकृतिक) है, और नायलॉन बनावटी (कृत्रिम) है।"
"नीचे दिए गए वाक्य को ज़्यादा औपचारिक और पेशेवर तरीके से फिर से लिखें, सटीकता पर ध्यान दें और आम बोलचाल की भाषा इस्तेमाल करने से बचें।",यह नई चीज़ बहुत अच्छे से काम करती है और इसने कुछ हद तक बदल दिया है कि हम दफ़्तर में काम कैसे करते हैं।,"हाल ही में लाया गया यह यंत्र बेहतरीन असर दिखाता है, जिसने संगठन के माहौल के अंदर की कार्यप्रणाली को काफ़ी बड़े तौर पर बदल दिया है।"
हर पेशेवर अपरिचित ईमेल में शामिल होने वाले 5 ज़रूरी हिस्सों का ख़ाका बताएं।,,"एक पेशेवर अपरिचित ईमेल के लिए 5 ज़रूरी हिस्से ये हैं:
1. एक आकर्षक विषय पंक्ति: ईमेल खोला जाए, यह सुनिश्चित करने के लिए यह छोटा, प्रासंगिक, और जिज्ञासा पैदा करने वाला होना चाहिए।
2. एक व्यक्तिगत शुरुआती परिचय: तुरंत प्रासंगिकता स्थापित करने और सामान्य लगने से बचने के लिए, दिखाएं कि आपने प्राप्तकर्ता या उनकी कंपनी पर शोध किया है।
3. एक स्पष्ट फ़ायदे का ब्योरा: तुरंत बताएं कि आपका उत्पाद या सेवा प्राप्तकर्ता को क्या लाभ देती है। अपनी सुविधाओं पर नहीं, बल्कि उनकी समस्याओं पर ध्यान दें।
4. एक विशिष्ट कार्यवाई के लिए निर्देश (सीटीए): उस एक अगले कदम को स्पष्ट रूप से परिभाषित करें जिसे आप चाहते हैं कि प्राप्तकर्ता उठाए (जैसे: 'क्या आप अगले गुरुवार को 15 मिनट की बातचीत के लिए उपलब्ध हैं?')।
5. एक पेशेवर हस्ताक्षर खंड: अपना पूरा नाम, पदवी, कंपनी का नाम और प्राथमिक संपर्क जानकारी शामिल करें।"
"दिए गए पाठ के आधार पर, इंटरनेट और वर्ल्ड वाइड वेब के बीच मुख्य अंतर समझाएं।","आपस में जुड़े हुए कंप्यूटर नेटवर्कों के बुनियादी वैश्विक तंत्र को आमतौर पर इंटरनेट कहा जाता है। यह एक विशाल नेटवर्क ढाँचा है, एक भौतिक और तार्किक माध्यम (पाइप) है जो जुड़ाव (कनेक्टिविटी) को समर्थन देता है। हालाँकि, वर्ल्ड वाइड वेब (डब्ल्यूडब्ल्यूडब्ल्यू) को अक्सर गलती से इंटरनेट का पर्याय (एक ही) समझा जाता है। डब्ल्यूडब्ल्यूडब्ल्यू, जिसका आविष्कार टिम बर्नर्स-ली ने 1989 में किया था, वास्तव में इंटरनेट के बुनियादी ढाँचे के ऊपर बना हुआ जानकारी साझा करने का एक मॉडल है। यह वेब ब्राउज़रों के माध्यम से आपस में जुड़े दस्तावेज़ों और अन्य संसाधनों तक पहुँचने के लिए एचटीटीपी जैसे प्रोटोकॉल का उपयोग करता है। इस प्रकार, इंटरनेट वह भौतिक पाइपलाइन है, जबकि डब्ल्यूडब्ल्यूडब्ल्यू वह सामग्री और संचार प्रणाली है जो उस पाइप से होकर बहती है।","इंटरनेट वह बुनियादी वैश्विक नेटवर्क ढाँचा या 'भौतिक पाइपलाइन' है, जो कनेक्टिविटी (जुड़ाव) प्रदान करता है। वर्ल्ड वाइड वेब (डब्ल्यूडब्ल्यूडब्ल्यू) एक जानकारी साझा करने का मॉडल है, जो एचटीटीपी जैसे प्रोटोकॉल का उपयोग करता है, जिसे इंटरनेट के बुनियादी ढाँचे के ऊपर बनाया गया है, और यह उस पाइप से बहने वाली सामग्री और संचार प्रणाली के रूप में कार्य करता है।"
टिम बर्नर्स-ली ने वर्ल्ड वाइड वेब का प्रस्ताव कब प्रकाशित किया था?,"वर्ल्ड वाइड वेब (डब्ल्यू डब्ल्यू डब्ल्यू) का आविष्कार ब्रिटिश कंप्यूटर वैज्ञानिक टिम बर्नर्स-ली ने किया था, जब वह स्विट्ज़रलैंड में सर्न में काम कर रहे थे। उन्होंने एच टी एम एल, एच टी टी पी, और यू आर एल के लिए शुरुआती ज़रूरी नियम बनाए थे। इंटरनेट के माध्यम से एच टी टी पी क्लाइंट और सर्वर के बीच पहला सफल संपर्क 1990 के अंत में हुआ था। बर्नर्स-ली ने डब्ल्यू डब्ल्यू डब्ल्यू का प्रस्ताव मार्च 1989 में प्रकाशित किया था।",मार्च 1989
"परेटो सिद्धांत' क्या है, इसे समझाएँ और व्यापार के इंतज़ाम में इसका आम इस्तेमाल बताएँ। परिभाषा छोटी रखें।",,"परेटो सिद्धांत, जिसे अक्सर '80/20 नियम' कहा जाता है, यह बताता है कि कई नतीजों के लिए, मोटे तौर पर 80% परिणाम केवल 20% वजहों ('ज़रूरी कुछ' वजहें) से आते हैं। व्यापार प्रबंधन में, यह सिद्धांत ग्राहकों की जाँच और काम की क्षमता (उत्पादकता) पर बहुत इस्तेमाल किया जाता है। उदाहरण के लिए, एक कंपनी अक्सर पाती है कि उसकी 80% आमदनी केवल 20% ग्राहकों से आती है, या फिर यह कि 80% सॉफ़्टवेयर की कमियाँ केवल 20% कोड के हिस्सों के कारण होती हैं।"
"जिसको पहले प्रोग्रामिंग का कोई अनुभव नहीं है, उस नए सीखने वाले (शुरुआती) के लिए पायथन सीखना शुरू करने का सबसे बढ़िया तरीका क्या है?",,"सबसे पहले पायथन (Python) का नवीनतम संस्करण स्थापित (इंस्टॉल) करें और वी.एस. कोड (VS Code) या पाईचार्म (PyCharm) जैसे किसी 'इंटीग्रेटेड डेवलपमेंट एनवायरनमेंट' (आई.डी.ई. - IDE) को सेट करें। शुरू में मुख्य अवधारणाओं में महारत हासिल करने पर ध्यान दें: वैरिएबल्स (variables), बुनियादी डेटा संरचनाएं (जैसे सूचियाँ/lists, डिक्शनरी/dictionaries, ट्यूपल्स/tuples), नियंत्रण प्रवाह (जैसे यदि/अन्यथा कथन - if/else, और लूप - loops), और फंक्शन (functions) परिभाषित करना। एक अत्यधिक अनुशंसित स्रोत आधिकारिक पायथन दस्तावेज़ीकरण (डॉक्यूमेंटेशन) ट्यूटोरियल है, या एडएक्स (edX) या कोर्सएरा (Coursera) द्वारा दिए जाने वाले मुफ्त ऑनलाइन पाठ्यक्रम हैं। एक बार जब आप बुनियादी बातें समझ लेते हैं, तो अपने कौशल को पक्का (मज़बूत) करने के लिए तुरंत छोटे, व्यावहारिक परियोजनाओं पर काम करना शुरू कर दें, जैसे कि एक कमांड-लाइन कैलकुलेटर या एक साधारण टेक्स्ट विश्लेषक बनाना।"
पाठ के अनुसार माइटोकॉन्ड्रिया के मुख्य कार्य और अनूठी विशेषताएँ क्या हैं?,"माइटोकॉन्ड्रिया को अक्सर कोशिका का बिजली घर कहा जाता है। वे कोशिका के लिए एडिनोसिन ट्राइफॉस्फेट (एटीपी) की अधिकांश आपूर्ति पैदा करने के लिए जिम्मेदार होते हैं, जिसका उपयोग रासायनिक ऊर्जा के स्रोत के रूप में किया जाता है। यह ज़रूरी प्रक्रिया, जिसे कोशिकीय श्वसन के नाम से जाना जाता है, मुख्य रूप से अंदरूनी झिल्ली पर होती है। हालाँकि कोशिका के काम के लिए ज़रूरी अधिकांश डीएनए कोशिका केंद्रक में होता है, माइटोकॉन्ड्रिया के पास अपना छोटा, गोलाकार डीएनए (एमटीडीएनए) होता है और वे स्वतंत्र रूप से अपनी संख्या बढ़ाते हैं। एक सामान्य मानव जिगर की कोशिका में 1,000 से 2,000 माइटोकॉन्ड्रिया हो सकते हैं।","माइटोकॉन्ड्रिया कोशिकीय श्वसन के माध्यम से कोशिका की अधिकांश एटीपी (रासायनिक ऊर्जा) आपूर्ति पैदा करने के लिए जिम्मेदार होते हैं, जिस कारण उन्हें 'कोशिका के बिजली घर' का उपनाम मिलता है। उनकी अनूठी विशेषताओं में उनका अपना छोटा, गोलाकार डीएनए (एमटीडीएनए) होना और स्वतंत्र रूप से अपनी संख्या बढ़ाना शामिल है।"
आधुनिक अर्थशास्त्र का जनक किसे माना जाता है?,,एडम स्मिथ
पर्यवेक्षित और अपरिवेकक्षित मशीन लर्निंग के बीच मुख्य अंतर क्या है?,,"पर्यवेक्षित शिक्षण, लेबलयुक्त ट्रेनिंग डेटा पर निर्भर करता है। इसका मतलब है कि इनपुट डेटा में पहले से ही वांछित आउटपुट जुड़ा होता है (उदाहरण के लिए, 'बिल्ली' या 'कुत्ता' के रूप में टैग की गई छवियों को वर्गीकृत करना)। यह एल्गोरिथ्म इनपुट से आउटपुट तक एक मैपिंग फ़ंक्शन सीखता है। इसके विपरीत, अपरिवेकक्षित शिक्षण बिना लेबल वाले डेटा का उपयोग करता है। एल्गोरिदम को पहले के मार्गदर्शन के बिना, डेटा के भीतर संरचना या पैटर्न का अनुमान लगाना पड़ता है, जिसका उपयोग अक्सर क्लस्टरिंग, संबंध (एसोसिएशन), या आयामी कमी जैसे कार्यों के लिए किया जाता है। मुख्य अंतर ट्रेनिंग सेट में लक्ष्य चर या पूर्वनिर्धारित उत्तरों की उपस्थिति या अनुपस्थिति है।"
सीसा धातु का रासायनिक चिन्ह क्या है?,,पीबी
पानी का रासायनिक सूत्र क्या है?,,एच₂ओ
2021 के हिसाब से ऑस्टिन की अंदाजित आबादी कितनी है?,"2021 के हिसाब से, ऑस्टिन की अंदाजित आबादी 964,177 थी, जो 2020 की जनगणना में दर्ज 961,855 से ज़्यादा है। यह शहर ऑस्टिन–राउंड रॉक महानगर सांख्यिकीय क्षेत्र का सांस्कृतिक और आर्थिक केंद्र है, जिसकी 1 जुलाई 2020 तक अंदाजित आबादी 2,295,303 थी, जो 2000 साल के मुक़ाबले लगभग 84% की बढ़त है। यह मध्य टेक्सास में और ज़्यादातर टेक्सास हिल कंट्री के भीतर स्थित है। यह कई झीलों, नदियों और जलमार्गों का घर है, जिनमें कोलोराडो नदी पर लेडी बर्ड लेक और लेक ट्रेविस, बार्टन स्प्रिंग्स, मैककिनी फॉल्स, और लेक वॉल्टर ई. लॉन्ग शामिल हैं।",964177
क्या अभी तक बाज़ार में कोई ऐसी गाड़ी आई है जो पूरी तरह से 'लेवल 5' खुद-ब-खुद चल सकती हो?,,"नहीं। 2024 के मध्य तक, किसी भी गाड़ी बनाने वाली कंपनी ने ऐसी गाड़ी बाज़ार में नहीं उतारी है जो सही मायने में 'लेवल 5' (एल5) की खुद-ब-खुद चलने की क्षमता रखती हो। 'एल5' का मतलब है कि गाड़ी बिना इंसान की दखलंदाज़ी के, किसी भी माहौल में और किसी भी मौसम की स्थिति में सुरक्षित रूप से चल सकती है। जबकि कई कंपनियाँ बेहतर 'लेवल 3' (एल3) सिस्टम दे रही हैं, और कुछ सीमित 'लेवल 4' (एल4) सिस्टम की जाँच कर रही हैं (जो सिर्फ़ तय किए गए भौगोलिक क्षेत्रों में ही काम करते हैं), सामान्य 'एल5' तक पहुँचने के लिए तकनीकी और कानूनी रुकावटें अभी भी बहुत बड़ी हैं।"
"जेम्स बॉन्ड का किरदार बनाने से पहले, लेखक इयान फ्लेमिंग दूसरे विश्व युद्ध के दौरान क्या भूमिका निभा रहे थे?",,"इयान फ्लेमिंग ने ब्रिटिश रॉयल नेवी वॉलंटियर रिज़र्व में नौसेना खुफिया विभाग के निदेशक (डीएनआई), एडमिरल जॉन गॉडफ्रे के निजी सहायक के रूप में सेवा दी। वह खुफिया अभियानों की योजना बनाने में गहराई से शामिल थे, जिसने बाद में जेम्स बॉन्ड के उपन्यासों के कुछ तत्वों को प्रेरित किया।"
"""चमकीला"" शब्द की जगह ""फीका"" इस्तेमाल करें और ""मैं दौड़ा"" वाक्यांश को ""हम चले"" में बदलें।","कल मौसम चमकीला था, इसलिए मैं जल्दी से बाज़ार की तरफ़ दौड़ा।","कल मौसम फीका था, इसलिए हम जल्दी से बाज़ार की तरफ़ चले।"
शनि का सबसे बड़ा चाँद कौन सा है? टाइटन या ट्राइटन,,टाइटन
जब रौशनी काँच में दाखिल होती है तो वह धीमी क्यों हो जाती है?,"रौशनी एक बिजली-चुंबकीय तरंग है। जब यह खाली जगह (निर्वात) से गुज़रती है, तो यह अपनी सबसे तेज़ रफ़्तार, सी, पर चलती है। काँच परमाणुओं और अणुओं से बना होता है। रौशनी इन कणों के विद्युत क्षेत्रों के साथ क्रिया करती है, जिसकी वजह से लगातार सोखने और दोबारा बाहर निकलने में देरी होती है, जिससे तरंग के आगे के हिस्से की असल रफ़्तार कम हो जाती है।","रौशनी काँच में मौजूद परमाणुओं और अणुओं के विद्युत क्षेत्रों के साथ क्रिया करती है, जिसकी वजह से लगातार सोखने और दोबारा बाहर निकलने में देरी होती है, जो तरंग के आगे के हिस्से की असल रफ़्तार को धीमा कर देती है।"
"नीचे दिए गए शब्दों और वाक्यांशों को उनके मुख्य व्याकरणिक प्रकार (पद-भेद) के अनुसार वर्गीकृत करें: रनिंग, ब्यूटीफुली, कंप्यूटर, क्विकली, जम्प, लार्ज, डिसिज़न, ऐनलाइज़, ऑफ़न, रेड, सक्सेस, राईट।",,"संज्ञा: कंप्यूटर, डिसिज़न, सक्सेस

क्रिया: रनिंग, जम्प, ऐनलाइज़, राईट

विशेषण: लार्ज, रेड

क्रिया-विशेषण: ब्यूटीफुली, क्विकली, ऑफ़न"
एजाइल कार्यप्रणाली के मूल सिद्धांतों को समझाएँ और बताएँ कि यह वॉटरफॉल विकास से किस तरह अलग है।,,"एजाइल कार्यप्रणाली, एजाइल घोषणापत्र (मेनिफेस्टो) में बताए गए चार मुख्य मूल्यों पर केंद्रित है: प्रक्रियाओं और उपकरणों से ज़्यादा लोगों और उनकी आपसी बातचीत को प्राथमिकता; विस्तृत दस्तावेज़ीकरण से ज़्यादा काम करते हुए सॉफ्टवेयर को प्राथमिकता; अनुबंध पर मोलभाव से ज़्यादा ग्राहक के साथ सहयोग को प्राथमिकता; और योजना का पालन करने से ज़्यादा बदलाव पर प्रतिक्रिया देने को प्राथमिकता। ये मूल्य छोटे, दोहराए जाने वाले चक्रों, जिन्हें 'स्प्रिंट्स' कहा जाता है, के माध्यम से विकास को आगे बढ़ाते हैं। ये स्प्रिंट्स आम तौर पर 2 से 4 हफ़्तों तक चलते हैं, जिससे बार-बार जाँच और अनुकूलन (बदलाव) संभव हो पाता है। वॉटरफॉल से मुख्य अंतर यह है कि वॉटरफॉल एक सीधी, क्रमबद्ध डिज़ाइन प्रक्रिया है जहाँ विकास नीचे की ओर बहता है (जैसे झरना)। इसमें चरण (फ़ेज़) होते हैं जैसे ज़रूरतें, डिज़ाइन, लागू करना, जाँच और रखरखाव। इसमें ज़रूरतें शुरुआत में ही तय कर दी जाती हैं। इसके विपरीत, एजाइल उभरती हुई ज़रूरतों को स्वीकार करता है, लगातार प्रतिक्रिया चक्रों (फीडबैक लूप्स) को महत्व देता है, और काम करते हुए उत्पाद के उपयोग योग्य हिस्सों को लगातार वितरित करने को प्राथमिकता देता है, जिससे यह बाज़ार की ज़रूरतों में होने वाले बदलावों के लिए बहुत लचीला और अनुकूलनीय बन जाता है।"
"मुझे विज्ञान कथा की मुख्य उप-शैलियों और लेखकों से परिचित कराने के लिए एक व्यवस्थित, 12 महीने की पढ़ने की योजना बनाएँ।",,"महीना 1: सुनहरे युग की नींव
- ध्यान: आश्चर्य की भावना, खोज, रोबोट विज्ञान
- मुख्य रचना: *मैं, रोबोट* (इसाक असिमोव)। लक्ष्य पृष्ठ संख्या: 300 पृष्ठ।
- उप-शैली: कठोर विज्ञान कथा (शुरुआती)

महीना 2: स्पेस ओपेरा और महाकाव्य स्तर
- ध्यान: अंतरिक्ष साम्राज्य, ऊंचे दांव वाला संघर्ष
- मुख्य रचना: *ड्यून* (फ्रैंक हर्बर्ट)। लक्ष्य पृष्ठ संख्या: 600 पृष्ठ।
- उप-शैली: पारिस्थितिक विज्ञान कथा, स्पेस ओपेरा

महीना 3: शुरुआती अंधकारमय भविष्य और सामाजिक टिप्पणी
- ध्यान: तानाशाही नियंत्रण, चेतावनी भरी कहानियाँ
- मुख्य रचना: *ब्रेव न्यू वर्ल्ड* (एल्डस हक्सले)। लक्ष्य पृष्ठ संख्या: 250 पृष्ठ।
- उप-शैली: निराशावादी भविष्य पर आधारित (डायस्टोपियन)

महीना 4: कठोर विज्ञान कथा और वैज्ञानिक यथार्थवाद
- ध्यान: खगोलभौतिकी अवधारणाएँ, विस्तृत तकनीक
- मुख्य रचना: *कॉन्टैक्ट* (कार्ल सागन)। लक्ष्य पृष्ठ संख्या: 450 पृष्ठ।
- उप-शैली: कठोर विज्ञान कथा

महीना 5: साइबरपंक
- ध्यान: 'उच्च तकनीक, निम्न जीवन', चेतना, आभासी वास्तविकता
- मुख्य रचना: *न्यूरोमैंसर* (विलियम गिब्सन)। लक्ष्य पृष्ठ संख्या: 350 पृष्ठ।
- उप-शैली: साइबरपंक

महीना 6: नई लहर और समाजशास्त्रीय विज्ञान कथा
- ध्यान: साहित्यिक शैली, लिंग भूमिकाएँ, सामाजिक मानदंड
- मुख्य रचना: *द लेफ्ट हैंड ऑफ़ डार्कनेस* (उर्सुला के. ले गुइन)। लक्ष्य पृष्ठ संख्या: 300 पृष्ठ।
- उप-शैली: नारीवादी विज्ञान कथा, सामाजिक विज्ञान कथा

महीना 7: ग्रहीय रोमांस और खोज
- ध्यान: परग्रही दुनिया पर रोमांच, गैर-मानव संस्कृतियाँ
- मुख्य रचना: *ए प्रिंसेस ऑफ़ मार्स* (एडगर राइस बरोज़)। लक्ष्य पृष्ठ संख्या: 200 पृष्ठ (क्लासिक)।
- उप-शैली: ग्रहीय रोमांस

महीना 8: वैकल्पिक इतिहास और पी. के. डिक
- ध्यान: वास्तविकता को मोड़ना, भिन्न समयरेखाएँ
- मुख्य रचना: *द मैन इन द हाई कैसल* (फिलिप के. डिक)। लक्ष्य पृष्ठ संख्या: 250 पृष्ठ।
- उप-शैली: वैकल्पिक इतिहास

महीना 9: विनाशोत्तर और अस्तित्व
- ध्यान: सभ्यता का पतन, मानवीय दृढ़ता
- मुख्य रचना: *द रोड* (कॉर्मैक मैककार्थी)। लक्ष्य पृष्ठ संख्या: 280 पृष्ठ।
- उप-शैली: विनाशोत्तर (पोस्ट-अपोकेलिप्टिक)

महीना 10: अफ़्रोफ़्यूचरिज़्म और सांस्कृतिक अटकलें
- ध्यान: अश्वेत संस्कृति, तकनीक और मुक्ति का संगम
- मुख्य रचना: *बिंटी* (न्नेदी ओकोराफ़ोर) (लघु उपन्यास त्रयी)। लक्ष्य पृष्ठ संख्या: कुल 280 पृष्ठ।
- उप-शैली: अफ़्रोफ़्यूचरिज़्म

महीना 11: आधुनिक डरावनी/बायो-पंक
- ध्यान: जैविक इंजीनियरिंग, शरीर संशोधन, रहस्यमय प्रकृति
- मुख्य रचना: *एनिहिलेशन* (जेफ़ वेंडरमीर)। लक्ष्य पृष्ठ संख्या: 200 पृष्ठ।
- उप-शैली: बायो-पंक, न्यू वियर्ड

महीना 12: समय यात्रा और विरोधाभास
- ध्यान: कारणता, अतीत/भविष्य का हेरफेर
- मुख्य रचना: *किंड्रेड* (ऑक्टेविया ई. बटलर)। लक्ष्य पृष्ठ संख्या: 260 पृष्ठ।
- उप-शैली: समय यात्रा, सामाजिक विज्ञान कथा"
"पाठ के अनुसार, चैलेंजर डीप की निचली सतह तक कौन से जहाज़ या व्यक्ति सफलतापूर्वक पहुँचे हैं?","मारियाना गर्त पृथ्वी पर सबसे गहरा महासागरीय गर्त है। यह पश्चिमी प्रशांत महासागर में, मारियाना द्वीपों के पूर्व में लगभग 200 किलोमीटर की दूरी पर स्थित है। यह गर्त अर्धचंद्राकार (चाँद के आकार का) है और इसकी लंबाई लगभग 2,550 किलोमीटर (1,580 मील) और चौड़ाई 69 किलोमीटर (43 मील) है। इसकी अधिकतम ज्ञात गहराई दक्षिणी सिरे पर 10,984 मीटर (36,037 फ़ीट) है, जिसे चैलेंजर डीप के नाम से जाना जाता है। संदर्भ के लिए, अगर माउंट एवरेस्ट को चैलेंजर डीप में रखा जाए, तो भी उसका शिखर सतह से एक मील से ज़्यादा नीचे रहेगा। केवल चार अभियान चैलेंजर डीप की तलहटी तक सफलतापूर्वक पहुँचे हैं: पहला 1960 में बैथीस्केप ट्राईस्टे, इसके बाद 1996 में दूर-संचालित वाहन काइको, 2009 में हाइब्रिड वाहन नीरियस, और हाल ही में 2012 में डीपसी चैलेंजर में जेम्स कैमरून की एकल गोताखोरी।","बताए गए सफल अभियान थे: बैथीस्केप ट्राईस्टे (1960), दूर-संचालित वाहन काइको (1996), हाइब्रिड वाहन नीरियस (2009), और डीपसी चैलेंजर (2012) में जेम्स कैमरून की एकल गोताखोरी।"
"एक विशाल, प्राकृतिक माहौल में पूर्ण एकांत के एहसास का वर्णन करें।",,"प्राकृतिक एकांत सिर्फ लोगों का न होना नहीं है; यह बाकी हर चीज़ की पूर्ण उपस्थिति है। यह एक सुनने वाले अनुभव के तौर पर शुरू होता है—कानों में सन्नाटा इतना ज़ोर से गूँजता है कि आप दुनिया की हल्की, अंदरूनी गूँज को पहचानना शुरू कर देते हैं: चीड़ की पत्तियों से गुज़रती हवा की सरसराहट, एक पत्थर के नीचे रेत का बारीक खिसकाव, एक धीरे बहती नदी की दूर से आती, तालबद्ध धड़कन। शुरू में कमज़ोरी का एक गहरा झटका लगता है, प्राचीन भूविज्ञान की उदासीनता के सामने अपनी जैविक तुच्छता का अचानक एहसास होता है। लेकिन यह डर तेज़ी से बदलकर एक आज़ाद कर देने वाली स्पष्टता में बदल जाता है। आपका दिमाग इंसानी मेल-जोल की छोटी-छोटी चिंताओं—दिखावटी मुखौटे, अंतहीन मोल-भाव—को छोड़ देता है, और पूरी तरह से सिर्फ़ एहसास पर ध्यान केंद्रित करता है। हवा तेज़ और साफ़ महसूस होती है, जिसमें गीली मिट्टी और सड़ते हुए पत्तों की महक होती है। शहर के प्रदूषण से अछूती सूरज की रोशनी आपकी त्वचा पर सच्ची और गर्म लगती है। आपको एहसास होता है कि आपका महत्व दूसरों के संबंध में नहीं पाया जाता, बल्कि पर्यावरण तंत्र में आपके अस्थायी, संपूर्ण विलय में है। उस थोड़े समय के लिए, आप केवल एक जैविक प्रक्रिया होते हैं जो दूसरी जैविक प्रक्रियाओं का अवलोकन कर रही होती है, शुद्ध चेतना तक सिमटे हुए, पूरी तरह से अकेले होते हुए भी हर चीज़ से पूर्ण रूप से, अटूट ढंग से जुड़े हुए महसूस करते हैं।"
"मेरा रसोई का सिंक पूरी तरह से जाम हो गया है और पानी नहीं निकल रहा है। बिना तुरंत किसी प्लंबर को बुलाए, इसे साफ करने के सबसे अच्छे तरीके क्या हैं?",,"किसी पेशेवर (कारीगर) को बुलाने से पहले आपके पास कई विकल्प हैं।

1. **उबलता पानी:** एक केतली भरकर उबलता पानी धीरे-धीरे नाली में डालने से अक्सर चिकनाई (ग्रीस) या हल्की रुकावटें घुल जाती हैं। इसे दो-तीन बार दोहराएँ।

2. **प्लंजर:** यदि उबलता पानी काम नहीं करता है, तो एक छोटा कप प्लंजर (दबाव बनाने वाला उपकरण) इस्तेमाल करें। सिंक में इतना पानी भरें कि प्लंजर का सिरा उसमें डूब जाए, नाली के ऊपर मज़बूत पकड़ (सील) बनाएँ, और 20-30 सेकंड के लिए ज़ोर से प्लंज करें।

3. **खाने का सोडा और सिरका:** नाली में 1/2 कप खाने का सोडा (बेकिंग सोडा), उसके बाद 1 कप सफेद सिरका डालें। झाग वाली प्रतिक्रिया को अंदर रोकने के लिए तुरंत नाली को डाट (स्टॉपर) से ढक दें। इसे 30 मिनट तक रहने दें, फिर बहुत गरम पानी से बहा दें।

4. **पी-ट्रैप की जाँच करें:** यदि रुकावट बनी रहती है, तो जाम पी-ट्रैप (सिंक के नीचे की मुड़ी हुई पाइप) में हो सकता है। इसके नीचे एक बाल्टी रखें, जाल पर लगे नट (कसने वाले पेंच) को ढीला करने के लिए एक रिंच (पाना) का उपयोग करें, और अंदर के किसी भी कचरे को हाथ से हटा दें। रिसाव को रोकने के लिए सुनिश्चित करें कि आप इसे कसकर फिर से लगाते हैं।"
गरजने वाला खेल' शब्द की परिभाषा दें और कर्लिंग के संदर्भ में इसकी उत्पत्ति समझाएँ।,"कर्लिंग, जिसे अक्सर 'गरजने वाला खेल' कहा जाता है, एक ऐसा खेल है जिसमें खिलाड़ी बर्फ़ की सतह पर पत्थर को चार गोल-गोल दायरों वाले लक्ष्य क्षेत्र की ओर खिसकाते हैं। इसकी शुरुआत मध्यकालीन स्कॉटलैंड में हुई थी। 'गरजने वाला खेल' उपनाम 40 पाउंड के ग्रेनाइट के पत्थरों से निकलने वाली ज़ोरदार गड़गड़ाहट की आवाज़ के कारण पड़ा, जब वे दानेदार बर्फ़ की सतह पर फिसलते हैं।","गरजने वाला खेल' कर्लिंग का एक आम उपनाम है। यह नाम इसलिए पड़ा क्योंकि मुकाबले के दौरान 40 पाउंड के ग्रेनाइट के पत्थर जब दानेदार बर्फ़ की सतह पर फिसलते हैं, तो उनसे ज़ोरदार गड़गड़ाहट वाली आवाज़ निकलती है।"
"नीचे दिए गए तत्वों को मानक तापमान और दबाव (एस टी पी) पर उनकी प्राकृतिक अवस्था के आधार पर वर्गीकृत करें: ठोस, द्रव, या गैस। तत्व हैं: ऑक्सीजन, ब्रोमीन, सोना, पारा, नियोन, सल्फर।",,"ठोस: सोना, सल्फर।
द्रव: ब्रोमीन, पारा।
गैस: ऑक्सीजन, नियोन।"
आइफ़िल टावर को कब बनाया गया था और इसका असल मकसद क्या था?,,"आइफ़िल टावर को बनाने का काम 1887 में शुरू हुआ और 1889 में पूरा हुआ, जो 1889 के विश्व मेले के लिए एकदम सही समय था। इसका असल मकसद मेले के प्रवेश द्वार का मेहराब बनना और फ़्रांस की औद्योगिक ताक़त का कुछ समय के लिए प्रदर्शन करना था। हालाँकि इसे असल में 20 साल बाद गिराने की योजना थी, लेकिन रेडियो-टेलीग्राफ़ स्टेशन के रूप में इसकी अहमियत के कारण इसे आख़िरकार बचा लिया गया।"
एल्गोरिदम की परिभाषा बताएं और आधुनिक तकनीक में इसके इस्तेमाल का एक आम उदाहरण दें।,,"एक एल्गोरिदम (कलन विधि) अच्छी तरह से परिभाषित, सीमित क्रम वाले निर्देश होते हैं जिन्हें कंप्यूटर में लागू किया जा सकता है। इनका उपयोग आमतौर पर किसी वर्ग की समस्याओं को हल करने या कोई गणना करने के लिए किया जाता है। ज़रूरी तौर पर, यह गणनाओं के लिए एक चरण-दर-चरण प्रक्रिया होती है। इसका एक आम इस्तेमाल जीपीएस (GPS) नेविगेशन सिस्टम में होता है। जब आप कोई मंज़िल डालते हैं, तो जीपीएस रास्ता तय करने वाले एल्गोरिदम (जैसे कि डाइकस्ट्रा का एल्गोरिदम या ए-स्टार सर्च) का उपयोग करता है। यह अलग-अलग संभावित रास्तों, नोड्स (चौराहों), और किनारे के वज़न (यात्रा का समय या दूरी) का मूल्यांकन करके सबसे तेज़ या सबसे छोटा रास्ता निकालता है।"
आजकल की यातायात बत्तियाँ कैसे पहचानती हैं कि चौराहे पर कोई गाड़ी खड़ी है?,,"ज़्यादातर आजकल की यातायात बत्तियाँ सड़क के नीचे लगे हुए प्रेरणिक लूप सेंसर का इस्तेमाल करती हैं। ये लूप एक बिजली-चुंबकीय क्षेत्र पैदा करते हैं, और जब कोई बड़ी धातु की चीज़ (जैसे गाड़ी) उनके ऊपर रुकती है, तो यह क्षेत्र गड़बड़ा जाता है। इससे बत्ती नियंत्रक को समय बदलने का संकेत मिलता है। नए सिस्टम पहचान के लिए रडार या कैमरे से देखने वाली तकनीक का भी इस्तेमाल करते हैं।"
योहानेस गुटेनबर्ग ने अपनी बेहतर की गई अक्षर ढलाई की प्रक्रिया के लिए मिश्र धातु में कौन-सी सामग्री इस्तेमाल की थी?,"योहानेस गुटेनबर्ग को अक्सर 1440 के आस-पास यूरोप में यांत्रिक चल-प्रकार छपाई मशीन के आविष्कार का श्रेय दिया जाता है। हालांकि, सबसे पहली ज्ञात चल-प्रकार प्रणाली चीन में सोंग वंश के दौरान बी शेंग द्वारा लगभग 1040 ईसवी में मिट्टी के पदार्थों का उपयोग करके बनाई गई थी। गुटेनबर्ग ने बाद में ढलाई की प्रक्रिया को बेहतर बनाया, जिसमें उन्होंने सीसा, राँगा और सुरमा के मिश्रण का उपयोग किया। यह मिश्रण पुरानी लकड़ी के ठप्पों से छपाई या मिट्टी के प्रकारों की तुलना में बड़े पैमाने पर उत्पादन के लिए कहीं ज़्यादा टिकाऊ और असरदार साबित हुआ। उनके काम ने संचार में क्रांति ला दी और इसे पुनर्जागरण में एक महत्वपूर्ण मोड़ माना जाता है।","सीसा, राँगा और सुरमा का एक मिश्रण।"
"दुनिया में 5 सबसे ऊँची पूरी हो चुकी इमारतों की सूची उनकी ऊँचाई और जगह के साथ बनाओ, सबसे ऊँची से सबसे छोटी के क्रम में।",,"1. बुर्ज खलीफ़ा (828 मी) - दुबई, संयुक्त अरब अमीरात
2. मर्डेका 118 (678.9 मी) - कुआलालंपुर, मलेशिया
3. शंघाई टावर (632 मी) - शंघाई, चीन
4. अबराज अल-बैत क्लॉक टावर (601 मी) - मक्का, सऊदी अरब
5. पिंग आन फ़ाइनेंस सेंटर (599.1 मी) - शेन्ज़ेन, चीन"
"निम्नलिखित अमेरिकी राष्ट्रपतियों को 'शुरुआती गणतंत्र के दौर' (1820 से पहले सेवा देने वाले) या 'आधुनिक दौर' (1900 के बाद सेवा देने वाले) से संबंधित होने के आधार पर वर्गीकृत करें: जॉर्ज वॉशिंगटन, थॉमस जेफरसन, फ्रैंकलिन डी. रूजवेल्ट, बराक ओबामा, डोनाल्ड ट्रंप, जॉन एडम्स, जेम्स मोनरो, ड्वाइट डी. आइज़नहावर, जॉन एफ. केनेडी, जो बाइडेन, जेम्स मैडिसन, जॉर्ज डब्ल्यू. बुश।",,"शुरुआती गणतंत्र का दौर: जॉर्ज वॉशिंगटन, थॉमस जेफरसन, जॉन एडम्स, जेम्स मोनरो, जेम्स मैडिसन।

आधुनिक दौर: फ्रैंकलिन डी. रूजवेल्ट, बराक ओबामा, डोनाल्ड ट्रंप, ड्वाइट डी. आइज़नहावर, जॉन एफ. केनेडी, जो बाइडेन, जॉर्ज डब्ल्यू. बुश।"
सोने का रासायनिक चिह्न क्या है?,,एयू
"टेक्निको के दिए गए तिमाही वित्तीय आँकड़ों का उपयोग करके, कंपनी का परिचालन लाभ (आमदनी घटा परिचालन खर्च) निकालें।","टेक्निको ने आज अपनी तीसरी तिमाही के नतीजे बताए। इस तिमाही की आमदनी 14.5 अरब डॉलर थी, जो पिछले साल के मुकाबले 15% की वृद्धि है। शुद्ध लाभ 3.1 अरब डॉलर था। हालांकि, उनका कुल परिचालन खर्च 10.9 अरब डॉलर रहा, जिसका मुख्य कारण अनुसंधान और विकास (आर एंड डी) की लागतें थीं।",परिचालन लाभ 3.6 अरब डॉलर है।
द शार्द क्या है,,"द शार्द, जिसे शार्द ऑफ ग्लास के नाम से भी जाना जाता है, यूनाइटेड किंगडम के लंदन के साउथवार्क जिले में 72 मंज़िला एक गगनचुंबी इमारत है। 309.7 मीटर (1,016 फ़ुट) की ऊँचाई पर खड़ी, यह यूके की सबसे ऊँची इमारत है और यूरोप में सातवीं सबसे ऊँची है। 

इसे इटली के वास्तुकार रेंज़ो पियानो ने डिज़ाइन किया था। इसका निर्माण मार्च 2009 में शुरू हुआ, और मार्च 2012 में ढाँचा बनकर तैयार हो गया, जबकि जुलाई 2012 में इसका औपचारिक रूप से उद्घाटन किया गया। पियानो ने टावर को शीशे से ढके एक अनियमित पिरामिड के आकार में डिज़ाइन किया, जिसका इरादा यह था कि इमारत टेम्स नदी से उठने वाले एक शिखर जैसी लगे।

यह इमारत एक मिश्रित-उपयोग वाली जगह के रूप में काम करती है, जिसमें दफ्तर, रिहायशी अपार्टमेंट, पाँच सितारा शांगरी-ला होटल और ऊँचाई पर बनी अवलोकन डेक शामिल हैं, जिन्हें 'द व्यू फ्रॉम द शार्द' के नाम से जाना जाता है।"
"वॉयनिच पांडुलिपि की उत्पत्ति, सामग्री और वर्तमान महत्व का वर्णन करें।",,"वॉयनिच पांडुलिपि एक सचित्र (तस्वीरों वाली) संहिता है जिसे एक अज्ञात लिपि और भाषा (जिसे अक्सर 'वॉयनिचीज़' कहा जाता है) में हाथ से लिखा गया था। इसका नाम पोलिश पुस्तक विक्रेता विल्फ्रीड वॉयनिच के नाम पर रखा गया है, जिन्होंने इसे 1912 में खरीदा था। रेडियोकार्बन काल-निर्धारण से पता चलता है कि इसके चर्मपत्र के पन्ने 1404 और 1438 के बीच के हैं, जिससे यह संकेत मिलता है कि इसे शुरुआती इतालवी पुनर्जागरण के दौरान बनाया गया था। लेखक की पहचान और पुस्तक का मूल उद्देश्य आज भी गूढ़लेखन (कूटलिपि शास्त्र) और ऐतिहासिक भाषाविज्ञान के सबसे बड़े अनसुलझे रहस्यों में से दो बने हुए हैं।

भौतिक रूप से, इस पांडुलिपि में लगभग 240 चर्मपत्र (चमड़े) के पन्ने शामिल हैं। इसकी सामग्री को साथ दिए गए चित्रों की प्रकृति के आधार पर छह पहचानने योग्य खंडों में विभाजित किया गया है: वनस्पति विज्ञान (ऐसे पौधों के चित्र जो ज्ञात प्रजातियों से मेल नहीं खाते हैं), खगोलीय (सूर्य, चंद्रमा और सितारों के आरेख, जिनमें अक्सर राशि चक्र के संकेत शामिल होते हैं), जीव विज्ञान (कई नग्न महिला आकृतियों और आंतरिक प्रणालियों को दर्शाते हुए), ब्रह्मांडीय (अज्ञात उद्देश्य के वृत्ताकार आरेख), औषधीय (विभिन्न जड़ों और पत्तियों के लेबल लगे चित्र), और व्यंजन/विधि (लेबल लगे सितारों या प्रतीकों के साथ छोटे पैराग्राफ)।

इसका महत्व लगभग पूरी तरह से गूढ़लिपि को खोलने (कूट वाचन) में इसके पूर्ण प्रतिरोध में निहित है। पेशेवर गूढ़लेखकों, अकादमिक भाषाविदों और द्वितीय विश्व युद्ध के कोडब्रेकर्स द्वारा लगातार प्रयासों के बावजूद, पाठ अपठनीय बना हुआ है। पांडुलिपि की प्रकृति को लेकर सिद्धांत व्यापक रूप से भिन्न हैं: कुछ का मानना ​​है कि यह वास्तव में एक एन्क्रिप्टेड भाषा या कोड है (शायद औषधीय या गुप्त/तांत्रिक उद्देश्यों के लिए), जबकि अन्य सुझाव देते हैं कि यह एक विस्तृत जालसाज़ी है, एक गुप्त लेखन उपकरण द्वारा उत्पन्न अक्षरों का एक अर्थहीन क्रम है, या एक मनगढ़ंत वर्णमाला में लिखी गई एक प्राकृतिक भाषा है। यह वर्तमान में येल विश्वविद्यालय के बीनेके दुर्लभ पुस्तक और पांडुलिपि पुस्तकालय में रखा गया है।"
इंसान के दिमाग में हिप्पोकैंपस का मुख्य काम क्या है?,,"हिप्पोकैंपस, जो इंसान और दूसरे रीढ़ की हड्डी वाले जीवों के दिमाग का एक मुख्य हिस्सा है, मुख्य रूप से याददाश्त से जुड़ा होता है। खास तौर पर यह लंबी अवधि की याददाश्त बनाने और जगह (दिशा) पहचानने में मदद करता है। यह छोटी अवधि की यादों को ज़्यादा टिकाऊ (पक्की) यादों में बदलने के लिए एक बहुत ज़रूरी ढाँचा है (इस प्रक्रिया को समेकन भी कहते हैं)। इसके अलावा, हिप्पोकैंपस जगह से जुड़ी याददाश्त में एक अहम भूमिका निभाता है, जिससे हम जाने-पहचाने रास्तों पर चल पाते हैं और चीज़ों की जगह याद रख पाते हैं। इस हिस्से को नुकसान पहुँचने पर नई यादें बनाने में अक्सर बहुत ज़्यादा मुश्किल हो जाती है, जिसे 'एंटेरोग्रेड एमनेसिया' (अग्रोन्मुख स्मृतिलोप) कहा जाता है।"
चीन की महान दीवार बनाने का मुख्य उद्देश्य और दूरगामी प्रभाव क्या था?,,"जिसे अब सामूहिक रूप से चीन की महान दीवार कहा जाता है, उसके विभिन्न हिस्सों को बनाने का मुख्य उद्देश्य सैन्य रक्षा (फ़ौजी बचाव) था। इसकी शुरुआत 7वीं शताब्दी ईसा पूर्व जितनी जल्दी विभिन्न सामंती राज्यों द्वारा की गई थी, और बाद में मिंग राजवंश (1368–1644) के दौरान इसे सबसे अधिक ज़ोरों पर जोड़ा और बढ़ाया गया था। यह दीवार यूरेशियन स्टेपी से आने वाले खानाबदोश समूहों, ख़ासकर शियोंगनु और बाद में मंगोलों से खेती की मुख्य ज़मीन की रक्षा करती थी। रक्षा के अलावा, यह दीवार प्रणाली सीमा नियंत्रण की प्रणाली के रूप में भी काम करती थी, जिससे सामानों पर शुल्क लगाया जा सकता था, व्यापार को नियंत्रित किया जा सकता था, और यह संदेशवाहकों तथा फ़ौजी कर्मचारियों के लिए एक परिवहन गलियारा भी थी। इसका दूरगामी प्रभाव बहुत गहरा है: यह मानव बनावट कौशल और मेहनत का एक बहुत बड़ा कारनामा है, जिसमें अक्सर जबरन भर्ती किए गए मज़दूरों के लिए भारी दुख और मृत्यु शामिल थी। आज, यह चीनी राष्ट्रवाद और एकता का सबसे ज़्यादा पहचाना जाने वाला प्रतीक है, जो इसकी ऐतिहासिक अलगाववादी नीतियों का प्रमाण है, और इसे विश्व स्तर पर एक यूनेस्को विश्व धरोहर स्थल के रूप में मनाया जाता है।"
"पुराने/रिवायती टेलीविज़न कार्यक्रम देखने के मुक़ाबले पॉडकास्ट सुनने के क्या फ़ायदे हैं, समझाइए।",,"पुराने टेलीविज़न के मुक़ाबले पॉडकास्ट कई फ़ायदे देते हैं, जो मुख्य रूप से उनके रूप और सुलभता पर आधारित हैं। सबसे बड़ा फ़ायदा है एक साथ कई काम करने की क्षमता; सुनने वाले सफ़र करते समय, कसरत करते समय, या घर के काम करते समय भी सामग्री को सुन सकते हैं, ये ऐसी गतिविधियाँ हैं जो टीवी देखने के साथ असंभव हैं। इसके अलावा, पॉडकास्ट बहुत आसानी से कहीं भी ले जाए जा सकते हैं और सुलभ हैं, अक्सर वे मुफ़्त होते हैं और उन्हें बिना इंटरनेट के इस्तेमाल के लिए डाउनलोड किया जा सकता है। सामग्री (कंटेंट) के नज़रिए से देखें तो, पॉडकास्ट अक्सर बहुत ख़ास या चुनिंदा विषयों पर बहुत गहराई से बात करते हैं, जो आम टेलीविज़न कार्यक्रमों में कम ही देखने को मिलती है। वे एक अलग तरह का जुड़ाव भी प्रदान करते हैं—चूँकि वे सिर्फ़ आवाज़ पर निर्भर करते हैं, वे ध्यान से सुनने और कल्पना (सोच) को बढ़ावा देते हैं, और वे बड़े स्तर के टीवी शो के मुक़ाबले अक्सर ज़्यादा निजी या बातचीत जैसे महसूस होते हैं।"
"पाठ के अनुसार, किस फफूंदी ने अलेक्जेंडर फ्लेमिंग की पेट्री डिश को दूषित किया, जिससे पेनिसिलिन की खोज हुई?","पेनिसिलिन, जो सबसे पहले और सबसे अधिक इस्तेमाल किए जाने वाले एंटीबायोटिक दवाओं में से एक है, की खोज स्कॉटिश चिकित्सक अलेक्जेंडर फ्लेमिंग ने 1928 में लंदन के सेंट मैरी अस्पताल में गलती से की थी। उन्होंने देखा कि *पेनिसिलियम नोटेटम* नामक एक फफूंदी (फंगस) स्टैफिलोकोकी बैक्टीरिया वाली एक पेट्री डिश को दूषित कर रही थी और यह भी देखा कि फफूंदी ने बैक्टीरिया के विकास को रोक दिया था। हालांकि फ्लेमिंग ने अपने निष्कर्षों को प्रकाशित किया, लेकिन बड़े पैमाने पर उत्पादन और चिकित्सीय उपयोग तब तक शुरू नहीं हुआ जब तक कि 1940 के दशक की शुरुआत में हावर्ड फ्लोरे और अर्न्स्ट चेन ने इस पर काम नहीं किया, जिन्होंने दूसरे विश्व युद्ध के दौरान बड़े पैमाने पर शुद्धिकरण के तरीके विकसित किए, जिससे चिकित्सा जगत में क्रांति आ गई।",पेनिसिलियम नोटेटम
महँगाई की अवधारणा और उसके आम कारणों को समझाइए।,,"महँगाई वह स्थिति है जब किसी अर्थव्यवस्था में एक निश्चित समय के दौरान चीज़ों और सेवाओं के आम कीमत स्तर में लगातार बढ़ोतरी होती रहती है। जब आम कीमत स्तर बढ़ता है, तो मुद्रा की हर इकाई से कम चीज़ें और सेवाएँ खरीदी जा सकती हैं। नतीजतन, महँगाई पैसे की प्रति इकाई की खरीदने की ताक़त (क्रय शक्ति) में आई कमी को दर्शाती है। इसे आमतौर पर उपभोक्ता मूल्य सूचकांक (सी.पी.आई.) जैसे सूचकांकों का उपयोग करके मापा जाता है।

महँगाई के मुख्य कारणों को आम तौर पर तीन प्रकारों में बाँटा जाता है:

1. माँग-जनित महँगाई (डिमांड-पुल इन्फ्लेशन): यह तब होती है जब अर्थव्यवस्था में कुल माँग कुल आपूर्ति से ज़्यादा हो जाती है। यानी, बहुत ज़्यादा पैसा बहुत कम चीज़ों का पीछा कर रहा होता है।
2. लागत-जनित महँगाई (कॉस्ट-पुश इन्फ्लेशन): यह तब होती है जब उत्पादन की लागत (उदाहरण के लिए, बढ़ती मज़दूरी, सामग्री की बढ़ी हुई लागत, या ज़्यादा कर) में बढ़ोतरी के कारण चीज़ों या सेवाओं की कुल आपूर्ति कम हो जाती है।
3. अंतर्निहित महँगाई (बिल्ट-इन इन्फ्लेशन): यह अक्सर अनुकूलित अपेक्षाओं का परिणाम होती है, जहाँ लोगों को उम्मीद होती है कि महँगाई की मौजूदा उच्च दरें आगे भी जारी रहेंगी। इसके परिणामस्वरूप मज़दूर ज़्यादा मज़दूरी की माँग करते हैं और कंपनियाँ इन लागतों को ज़्यादा कीमतों के रूप में उपभोक्ताओं पर डाल देती हैं।"
द हिचहाइकर्स गाइड टू द गैलेक्सी' किसने लिखी?,,डगलस एडम्स।
फ्रांस की राजधानी क्या है?,,फ़्रांस की राजधानी पेरिस है।
ऑस्ट्रेलिया की राजधानी क्या है?,,कैनबरा
संयुक्त राज्य अमेरिका के पहले तीन राष्ट्रपतियों के नाम बताओ।,,"संयुक्त राज्य अमेरिका के पहले तीन राष्ट्रपति थे: जॉर्ज वॉशिंगटन, जॉन एडम्स, और थॉमस जेफरसन।"
लावा के बहाव की किस खासियत की वजह से ढाल ज्वालामुखी का आकार इतना खास होता है?,"ढाल ज्वालामुखी बड़े ज्वालामुखी होते हैं जो लगभग पूरी तरह से पतले लावा के बहाव से बने होते हैं। इन्हें इनके कम ऊँचाई वाले आकार के कारण यह नाम मिला है, जो ज़मीन पर पड़ी एक योद्धा की ढाल जैसा दिखता है। ये बहुत पतले, कम गाढ़ेपन वाले लावा से बनते हैं जो लंबी दूरी तय करता है। मौना लोआ, जो हवाई में स्थित है, द्रव्यमान और आयतन के हिसाब से पृथ्वी पर सबसे बड़ा ढाल ज्वालामुखी है, जो समुद्र की ज़मीन से लगभग 9,000 मीटर ऊपर उठता है और हवाई द्वीप के लगभग आधे हिस्से को ढकता है।","बहुत पतला, कम गाढ़ेपन वाला लावा"
जावास्क्रिप्ट में '==' और '===' ऑपरेटरों के बीच फ़र्क़ समझाएँ।,,"==' (बराबरी वाला) ऑपरेटर यह जाँचता है कि दो मान बराबर हैं या नहीं। अगर उनके प्रकार (types) अलग होते हैं, तो यह उन्हें आपस में मिलाता है (यानी, प्रकार को खुद-ब-खुद बदल देता है)। (उदाहरण के लिए, 5 और '5' की तुलना करने पर जवाब 'सही' (true) आएगा।) वहीं, '===' (सख़्त बराबरी वाला) ऑपरेटर भी दो मानों की बराबरी जाँचता है, लेकिन यह प्रकार को बदलने की सुविधा नहीं देता है। इसका मतलब है कि 'सही' (true) जवाब पाने के लिए मान (value) और डेटा प्रकार (data type) दोनों का एक जैसा होना ज़रूरी है। (उदाहरण के लिए, 5 और '5' की तुलना करने पर जवाब 'ग़लत' (false) आएगा।)"
रिकॉर्ड किए गए इतिहास में सबसे छोटी जंग किसे माना जाता है?,,"एंग्लो-ज़ान्ज़ीबार जंग, जो 27 अगस्त, 1896 को हुई थी। यह लड़ाई 38 से 45 मिनट तक चली, जिसका नतीजा निर्णायक ब्रिटिश जीत और ज़ान्ज़ीबार सल्तनत की आज़ादी के ख़ात्मे के रूप में निकला।"
"गुरुत्वाकर्षण क्या है, यह आसान शब्दों में समझाओ।",,गुरुत्वाकर्षण वह ताक़त है जो चीज़ों को एक-दूसरे की तरफ़ खींचती है। यही वजह है कि हम ज़मीन पर टिके रहते हैं और चीज़ें नीचे गिरती हैं।
"दी गई जानकारी के हिसाब से, पेनिसिलिन की अनजाने में हुई खोज का श्रेय किसे दिया जाता है और यह किस साल हुआ था?","एंटीबायोटिक दवाओं का इतिहास लंबा और पेचीदा है, लेकिन पहली असल आधुनिक एंटीबायोटिक पेनिसिलिन थी। इसे सबसे पहले 1896 में अर्नेस्ट डूचेसन ने देखा था, लेकिन उनके काम पर ध्यान नहीं दिया गया। यह मानी हुई अनजाने में हुई खोज सितंबर 1928 में हुई, जब स्कॉटिश जीवाणु-विज्ञानी एलेक्जेंडर फ्लेमिंग छुट्टी से लौटे और उन्होंने एक स्टैफिलोकोकस कल्चर प्लेट पर फफूँद का दूषित अंश (पेनिसिलियम नोटेटम) देखा। यह प्लेट सेंट मैरी अस्पताल में एक खुली खिड़की के पास छोड़ दी गई थी। हालाँकि फ्लेमिंग ने अपनी खोजों को छापा (प्रकाशित किया), लेकिन दवा के उपयोग के लिए बड़े पैमाने पर उत्पादन और इसे स्थिर करने का काम केवल 1940 के दशक की शुरुआत में हॉवर्ड फ्लोरे और अर्न्स्ट चेन के बाद के काम के कारण ही सफल हो पाया। पेनिसिलिन का शुरुआती इस्तेमाल इसकी कम अर्द्ध-आयु की वजह से सीमित था, लेकिन इसने दुनिया भर में चिकित्सा को बदल दिया।","एलेक्जेंडर फ्लेमिंग को पेनिसिलिन की अनजाने में हुई खोज का श्रेय दिया जाता है, जो सितंबर 1928 में हुई थी।"
"आईएयू के मुताबिक, एक ग्रह और एक बौने ग्रह में क्या फ़र्क़ होता है?",,"एक ग्रह को तीन शर्तें पूरी करनी होती हैं: यह सूरज का चक्कर लगाता है, इसका वज़न इतना होता है कि यह लगभग गोल हो जाए, और इसने अपनी कक्षा के आसपास का इलाका साफ़ कर लिया होता है। एक बौना ग्रह पहली दो शर्तें तो पूरी करता है, लेकिन यह अपनी कक्षा के रास्ते से दूसरे मलबे को साफ नहीं कर पाया होता है।"
नींद की आदतों को और पूरी तरह आराम को बेहतर बनाने के सबसे असरदार तरीके क्या हैं?,,"सबसे असरदार तरीकों में शामिल है सप्ताहांत पर भी एक पक्का नींद का रूटीन बनाए रखना। यह सुनिश्चित करें कि आपके बेडरूम का माहौल ठंडा (लगभग 65 डिग्री फ़ारेनहाइट या 18 डिग्री सेल्सियस), अँधेरा और शांत हो। सोने से कम से कम एक घंटे पहले नीली रोशनी (स्क्रीन) के संपर्क को सीमित करें, और सोने के समय के पास कैफ़ीन या भारी खाना खाने से बचें। नियमित कसरत मदद करती है, लेकिन सोने के समय के बहुत पास तेज़ कसरत करने से बचें।"
पर्यवेक्षित और गैर-पर्यवेक्षित मशीनी सीखने के मॉडलों के बीच मुख्य अंतर समझाएँ।,,"पर्यवेक्षित (सुपरवाइज्ड) और गैर-पर्यवेक्षित (अनसुपरवाइज्ड) सीख के बीच बुनियादी अंतर उस डेटा (आँकड़ों) की प्रकृति में और उस तकनीक (एल्गोरिदम) के अंतिम उद्देश्य में निहित है जिसका वे उपयोग करते हैं।

पहला, **डेटा का प्रकार:** पर्यवेक्षित सीख में 'चिह्नित डेटा' का उपयोग होता है, जहाँ डाला गया डेटा किसी संबंधित परिणाम चर ('जवाब') से जोड़ा जाता है। मॉडल इस इनपुट-आउटपुट जोड़ी से सीखता है। इसके विपरीत, गैर-पर्यवेक्षित सीख 'गैर-चिह्नित डेटा' से संबंधित है। इस तकनीक को बिना किसी पूर्व-निर्धारित लक्ष्य या परिणाम के डेटा के भीतर छिपे हुए पैटर्न या संरचनाओं को खोजना होता है।

दूसरा, **उद्देश्य:** पर्यवेक्षित सीख का लक्ष्य आम तौर पर भविष्यवाणी करना होता है—या तो वर्गीकरण (एक श्रेणीबद्ध चिह्न की भविष्यवाणी करना, जैसे 'स्पैम' या 'स्पैम नहीं') या रिग्रेशन (एक सतत मूल्य की भविष्यवाणी करना, जैसे घर की कीमत)। गैर-पर्यवेक्षित सीख का लक्ष्य वर्णनात्मक और खोजपूर्ण होता है—इसके मुख्य कार्य क्लस्टरिंग (समान डेटा बिंदुओं को एक साथ समूहित करना) या संबंध स्थापित करना (डेटा के बड़े हिस्सों का वर्णन करने वाले नियम खोजना) होते हैं, जिनका उपयोग अंतर्निहित संरचना की खोज के लिए किया जाता है।

तीसरा, **जटिलता और प्रयास:** पर्यवेक्षित सीख में प्रशिक्षण डेटा को सटीक रूप से चिह्नित करने के लिए पर्याप्त प्रारंभिक मानवीय प्रयास की आवश्यकता होती है, जो महँगा और समय लेने वाला हो सकता है। प्रारंभिक डेटा तैयारी के संबंध में गैर-पर्यवेक्षित सीख को आमतौर पर सेट अप करना आसान होता है, लेकिन तकनीक द्वारा पाए गए पैटर्न की व्याख्या करने के लिए अक्सर अधिक क्षेत्रीय विशेषज्ञता की आवश्यकता होती है।"
"धरती पर साल भर अलग-अलग मौसम क्यों होते हैं, इसकी वजह बताओ।",,"धरती के मौसम इसकी धुरी के झुकाव की वजह से होते हैं (यह झुकाव सूरज के चारों ओर चक्कर लगाने के रास्ते के मुकाबले में लगभग 23.5 डिग्री होता है)। यही झुकाव मुख्य कारण है, न कि सूरज से धरती की दूरी का बदलना। जैसे-जैसे धरती चक्कर लगाती है, अलग-अलग गोलार्द्ध सूरज की ओर या सूरज से दूर झुके होते हैं। इसकी वजह से दिन की लंबाई बदलती रहती है और सूरज की रोशनी सतह पर पड़ने का कोण (एंगल) भी बदल जाता है। जब कोई गोलार्द्ध सूरज की ओर झुका होता है (यानी गर्मी का मौसम), तो सौर ऊर्जा ज़्यादा केंद्रित होती है, जिसके कारण तापमान गर्म हो जाता है। और जब वह दूर झुका होता है (यानी सर्दी का मौसम), तो ऊर्जा फैल जाती है, जिसकी वजह से तापमान ठंडा रहता है।"
रोसेटा स्टोन का ऐतिहासिक महत्व क्या है?,,"रोसेटा स्टोन प्राचीन मिस्र का एक पत्थर का स्तंभ (शिलालेख) है जिस पर एक ही आदेश तीन लिपियों में लिखा हुआ है: चित्रलिपि, डेमोटिक लिपि और प्राचीन यूनानी। इसका विशाल महत्व इस बात में है कि 1799 में फ्रांसीसी सैनिकों द्वारा इसकी खोज से पहले, चित्रलिपि को पढ़ने और लिखने का ज्ञान सदियों से खत्म हो चुका था। ज्ञात प्राचीन यूनानी पाठ की तुलना अज्ञात चित्रलिपि और डेमोटिक लिपि से करके, विद्वान, जिनमें सबसे प्रमुख जीन-फ्रांस्वा शैम्पोलियन थे, 1822 में मिस्र की लेखन प्रणाली को आखिरकार समझ पाए, जिससे आधुनिक अध्ययन के लिए मिस्र के हज़ारों सालों के इतिहास और संस्कृति का दरवाज़ा खुल गया।"
"नीचे दिए गए जानवरों को उनके मुख्य आहार के हिसाब से वर्गीकृत करें: शेर, गाय, सूअर, चील, जिराफ़",,"शेर: माँसाहारी
गाय: शाकाहारी
सूअर: सर्वाहारी
चील: माँसाहारी
जिराफ़: शाकाहारी"
सिनेमा के इतिहास में सबसे प्रभावशाली एकलौते फ़िल्मी स्पेशल इफ़ेक्ट्स दृश्य को पहचानें और उसका औचित्य (या कारण) बताएं।,,"सबसे प्रभावशाली स्पेशल इफ़ेक्ट्स सीक्वेंस (दृश्य) स्टीवन स्पीलबर्ग की फ़िल्म 'जुरासिक पार्क' (1993) का टी-रेक्स के बाड़े वाला दृश्य है। हालांकि इससे पहले की फ़िल्मों ने कंप्यूटर जनरेटेड इमेजरी (सी.जी.आई.) का प्रभावी ढंग से उपयोग किया था, लेकिन 'जुरासिक पार्क' वह निर्णायक मोड़ थी जिसने उद्योग के मानक को स्टॉप-मोशन और बड़े वास्तविक मॉडलों जैसी पारंपरिक तकनीकों से हमेशा के लिए दूर कर दिया। इस दृश्य में, जिसमें पूरे शरीर वाला डिजिटल टायरेनोसॉरस रेक्स दिन की यथार्थवादी रोशनी में चल रहा है, पीछा कर रहा है और दहाड़ रहा है, उसने फ़ोटो-यथार्थवाद का वह स्तर हासिल किया जो पहले कभी नहीं पाया जा सका था। इस सीक्वेंस ने यह साबित कर दिया कि कंप्यूटर विश्वसनीय, जटिल जैविक जीवन उत्पन्न कर सकते हैं जिन्हें वास्तविक अभिनय के साथ पूरी तरह से मिलाया जा सकता है। इसने निर्माताओं को यह भी साबित कर दिया कि डिजिटल इफ़ेक्ट्स फ़िल्म के केंद्र बिंदु का भावनात्मक वज़न उठा सकते हैं। इस एकलौते दृश्य ने इंडस्ट्रियल लाइट एंड मैजिक के डिजिटल विभाग के प्रभुत्व को मज़बूत कर दिया और अगले तीन दशकों तक (30 सालों तक) विज़ुअल इफ़ेक्ट्स कलाकारों के लिए आवश्यक हुनर को मूलभूत रूप से बदल दिया।"
फ़ज़ी तर्क का मूल सिद्धांत क्या है?,"फ़ज़ी तर्क बहु-मान तर्क का एक रूप है जिसमें चरों (variables) के सत्य मान (truth values) 0 और 1 के बीच कोई भी वास्तविक संख्या (real number) हो सकते हैं, जिसमें 0 और 1 भी शामिल हैं। यह ऐसे तर्क से संबंधित है जो निश्चित और सटीक होने के बजाय लगभग (approximate) होता है। पारंपरिक बूलियन तर्क के विपरीत, जहाँ सब कुछ या तो सत्य (1) होता है या असत्य (0), फ़ज़ी तर्क आंशिक सत्य (partial truth) की अनुमति देता है, जिससे बारीकी (nuance) संभव होती है। यह इसे नियंत्रण प्रणालियों (control systems) को विकसित करने में विशेष रूप से उपयोगी बनाता है, जैसे कि एंटी-लॉक ब्रेकिंग सिस्टम (एबीएस) या वातानुकूलन यंत्र (ए.सी. यूनिट्स), जहाँ इनपुट (जानकारी) अक्सर अस्पष्ट होते हैं और साधारण द्विआधारी (binary) फ़ैसलों के बजाय निरंतर समायोजन (continuous adjustment) की आवश्यकता होती है। इसे सबसे पहले 1965 में कैलिफ़ोर्निया विश्वविद्यालय, बर्कले में लॉटफ़ी ज़ादेह द्वारा पेश किया गया था।","फ़ज़ी तर्क बहु-मान तर्क का एक रूप है जहाँ चरों के सत्य मान 0 और 1 के बीच कोई भी वास्तविक संख्या हो सकते हैं, जिससे निश्चित, सटीक द्विआधारी परिणामों के बजाय आंशिक सत्य और लगभग तर्क (approximate reasoning) संभव हो पाता है।"
पश्चिमी रोमन साम्राज्य के आखिर में पतन (गिरने) के लिए इतिहासकार कौन से मुख्य कारण बताते हैं?,"पश्चिमी रोमन साम्राज्य का पतन सदियों तक चलने वाली एक पेचीदा प्रक्रिया थी। एक महत्वपूर्ण कारण लगातार आर्थिक तंगी थी, जिसकी पहचान बहुत ज़्यादा महँगाई, एक बड़ी सेना को चलाने के लिए आवश्यक अत्यधिक टैक्स, और लगातार लड़ाई के कारण व्यापार मार्गों में आई गिरावट से होती है। इसके अलावा, साम्राज्य के विशाल आकार ने शासन को भारी और रक्षा को मुश्किल बना दिया; सेना प्रवासी जर्मेनिक कबीलों (जिन्हें अक्सर 'बर्बर' कहा जाता था) के बढ़ते दबाव से विशाल सीमाओं की रक्षा करते हुए बहुत ज़्यादा खिंच गई थी। राजनीतिक अस्थिरता व्यापक थी, जिसका प्रमाण 'बैरेक्स सम्राटों' के दौर से मिलता है, जहाँ सम्राटों की अक्सर हत्या कर दी जाती थी या उन्हें उनकी ही सेनाएँ पद से हटा देती थीं, जिससे गृह युद्ध हुआ और केंद्रीय सत्ता टूट गई। आख़िर में, नौकरशाही व्यवस्था के अंदर फैला व्यापक भ्रष्टाचार और साइप्रियन के प्लेग जैसी बार-बार होने वाली महामारियों ने जनसंख्या को बहुत कम कर दिया और राज्य को बनाए रखने के लिए ज़रूरी टैक्स के आधार को भी घटा दिया।","इतिहासकार कई आपस में जुड़े हुए कारकों की ओर इशारा करते हैं। इनमें गंभीर आर्थिक कठिनाइयाँ शामिल हैं, जैसे कि एक ज़रूरत से ज़्यादा बड़ी सेना को चलाने के लिए ज़रूरी ज़्यादा टैक्स और महँगाई। साम्राज्य ने लगातार राजनीतिक अस्थिरता और आपसी लड़ाई का सामना किया, जिसमें नेतृत्व (शासक) में बार-बार बदलाव होते रहे। साम्राज्य के विशाल आकार और उसकी सीमाओं पर प्रवासी जर्मेनिक कबीलों के लगातार दबाव के कारण रक्षा करना असंभव साबित हुआ। इसके अलावा, भ्रष्टाचार और विनाशकारी महामारियों ने जनसंख्या और जन सुविधाओं को बनाए रखने की सरकार की क्षमता दोनों को कम कर दिया।"
हमारे सौर मंडल के चार मुख्य गैस दानव ग्रहों के नाम बताइए।,"सौर मंडल में आठ ज्ञात ग्रह हैं। चार अंदरूनी ग्रह, जिन्हें स्थलीय या चट्टानी ग्रह कहा जाता है, वे हैं बुध, शुक्र, पृथ्वी, और मंगल। चार बड़े बाहरी ग्रह, जिन्हें गैस दानव (Gas Giants) के नाम से जाना जाता है, वे हैं बृहस्पति, शनि, यूरेनस, और नेपच्यून। ये दानव मुख्य रूप से हाइड्रोजन और हीलियम से बने होते हैं, जो इन्हें उनके छोटे, घने, चट्टानी समकक्षों से अलग करता है।","बृहस्पति,
शनि,
यूरेनस,
नेपच्यून"
"दिए गए उप-शैली (सब-जॉनर) के विवरणों के आधार पर, 'निम्न कल्पना' (लो फ़ैंटेसी) और 'तलवार और जादूगरी' (स्वॉर्ड एंड सॉर्सरी) दोनों के लिए मुख्य शर्तें (कसौटी) और दो उदाहरण बताएँ।","कल्पना-साहित्य की उप-शैलियाँ:
उच्च कल्पना (हाई फ़ैंटेसी): एक मौलिक, काल्पनिक दुनिया में स्थापित, जिसमें विस्तृत कहानी (लॉर) होती है, और अक्सर अच्छे और बुरे के बीच बड़े पैमाने पर टकराव शामिल होता है। जादू आमतौर पर मुख्य होता है। (उदाहरण: द लॉर्ड ऑफ द रिंग्स, द व्हील ऑफ टाइम)।
निम्न कल्पना (लो फ़ैंटेसी): असली दुनिया (या एक ज़मीनी, यथार्थवादी दुनिया) में स्थापित, जहाँ जादुई तत्व या जीव अचानक आ जाते हैं या छिपे होते हैं। यह दुनिया की भव्य रचना के बजाय पात्रों के मन की गहराई पर अधिक ध्यान केंद्रित करता है। (उदाहरण: हैरी पॉटर, अमेरिकन गॉड्स)।
शहरी कल्पना (अर्बन फ़ैंटेसी): निम्न कल्पना का एक खास प्रकार जहाँ पृष्ठभूमि एक आधुनिक, महानगरीय क्षेत्र होता है। इसमें अक्सर ऐसे अलौकिक जीव होते हैं जो इंसानों के बीच गुप्त रूप से रहते हैं। (उदाहरण: ड्रेस्डेन फ़ाइल्स, रिवर्स ऑफ़ लंदन)।
तलवार और जादूगरी (स्वॉर्ड एंड सॉर्सरी): तेज़ गति वाले एक्शन, रोमांच, और ऐसे मुख्य पात्रों द्वारा पहचानी जाती है जिनका चरित्र पूरी तरह से अच्छा या बुरा न हो। वे आमतौर पर दुनिया को बचाने के बजाय व्यक्तिगत लाभ या जीवित रहने पर ध्यान केंद्रित करते हैं। जादू अक्सर कच्चा या अनियंत्रित होता है। (उदाहरण: कॉनन द बार्बेरियन, फ़ाफ़र्ड एंड द ग्रे माउसर)।
डार्क फ़ैंटेसी: इसमें डर/भयानक (हॉरर) के तत्व शामिल होते हैं, अक्सर नैतिक पतन, शून्यवाद, या अस्तित्व संबंधी भय के विषयों से संबंधित होती है। जादू और जीव आमतौर पर बुरे या भ्रष्ट होते हैं। (उदाहरण: बर्सेरक, द विचर)।","**निम्न कल्पना (लो फ़ैंटेसी)**
कसौटी: असली दुनिया (या एक ज़मीनी, यथार्थवादी दुनिया) में स्थापित, जहाँ जादुई तत्व या जीव अचानक आ जाते हैं या छिपे होते हैं। यह दुनिया की भव्य रचना के बजाय पात्रों के मन की गहराई पर अधिक ध्यान केंद्रित करता है।
उदाहरण: हैरी पॉटर, अमेरिकन गॉड्स।

**तलवार और जादूगरी (स्वॉर्ड एंड सॉर्सरी)**
कसौटी: तेज़ गति वाले एक्शन, रोमांच, और ऐसे मुख्य पात्रों द्वारा पहचानी जाती है जिनका चरित्र पूरी तरह से अच्छा या बुरा न हो। वे आमतौर पर दुनिया को बचाने के बजाय व्यक्तिगत लाभ या जीवित रहने पर ध्यान केंद्रित करते हैं। जादू अक्सर कच्चा या अनियंत्रित होता है।
उदाहरण: कॉनन द बार्बेरियन, फ़ाफ़र्ड एंड द ग्रे माउसर।"
"यूनानी पौराणिक कथाओं के अनुसार, माइनोटॉर जिस भूलभुलैया में रहता था, उसे किसने बनाया था/उसका डिज़ाइन किसने तैयार किया था?","माइनोटॉर यूनानी पौराणिक कथाओं में एक ऐसा जीव था जो आधा इंसान और आधा बैल था। वह भूलभुलैया में रहता था, जो क्रीट के राजा माइनॉस के लिए वास्तुकार डीडैलस और उसके बेटे इकारस द्वारा बनाया गया एक जटिल जाल था। माइनोटॉर माइनॉस की पत्नी, पैसीफ़ी, और एक शानदार सफेद बैल की संतान था। माइनॉस ने उस बैल की बलि देने से मना कर दिया था, जिस कारण उसने समुद्र के देवता पोसाइडन को नाराज़ कर दिया था। सज़ा के तौर पर, पोसाइडन ने पैसीफ़ी को उस बैल के प्यार में पागल कर दिया, जिससे माइनोटॉर का जन्म हुआ।",भूलभुलैया को क्रीट के राजा माइनॉस के लिए वास्तुकार डीडैलस और उसके बेटे इकारस ने बनाया था।
"नीचे दिए गए तीन अंगों: जिगर, फेफड़े और गुर्दों के मुख्य काम का वर्णन करें।",,"जिगर रसायनों के ज़हरीलेपन को दूर करने, दवाओं को पचाने, और खून का थक्का जमने के लिए ज़रूरी प्रोटीन बनाने के लिए ज़िम्मेदार है। फेफड़े गैसों का आदान-प्रदान आसान बनाते हैं, खून में ऑक्सीजन लाते हैं और कार्बन डाइऑक्साइड को हटाते हैं। गुर्दे खून में से बेकार चीज़ों और अतिरिक्त तरल पदार्थ को छानकर पेशाब बनाते हैं। वे इलेक्ट्रोलाइट संतुलन और रक्तचाप को भी नियंत्रित करते हैं।"
"कृत्रिम बुद्धिमत्ता (एआई), मशीन लर्निंग (एमएल), और डीप लर्निंग (डीएल) के बीच के रिश्ते और बुनियादी अंतरों को आसान शब्दों में समझाइए।",,"इसे आप एक के अंदर एक रखी हुई रूसी गुड़ियों के सेट की तरह समझिए। **कृत्रिम बुद्धिमत्ता (एआई)** सबसे बड़ी गुड़िया है और यह सबसे बड़ी अवधारणा है—यह कोई भी ऐसी तकनीक है जो कंप्यूटरों को इंसानी बुद्धिमत्ता की नकल करने में सक्षम बनाती है, जैसे मुश्किल समीकरण हल करने से लेकर शतरंज खेलने तक। **मशीन लर्निंग (एमएल)** बीच वाली गुड़िया है। यह एआई का एक खास उप-भाग (हिस्सा) है जो सिस्टम को डेटा से सीखने पर ध्यान केंद्रित करता है, बिना हर काम के लिए उसे अलग से प्रोग्राम किए। सख्त नियम लिखने के बजाय, आप बड़े डेटासेटों पर एक एमएल मॉडल को प्रशिक्षित (ट्रेन) करते हैं ताकि वह अनुमान लगा सके या फैसले ले सके। आखिर में, **डीप लर्निंग (डीएल)** सबसे छोटी, अंदरूनी गुड़िया है। यह मशीन लर्निंग का एक विशिष्ट उप-भाग है जो डेटा का विश्लेषण करने और उससे सीखने के लिए कई परतों (इसीलिए 'डीप' या गहरा) वाले कृत्रिम न्यूरल नेटवर्क का उपयोग करता है। यह अक्सर जटिल पैटर्न पहचानने वाले कामों में बेहतरीन होता है, जैसे कि इमेज पहचान, आवाज़ पहचान और प्राकृतिक भाषा प्रसंस्करण।"
ग्रेट बैरियर रीफ़ कहाँ स्थित है?,"ग्रेट बैरियर रीफ़ दुनिया की सबसे बड़ी मूंगे की चट्टानों की प्रणाली है, जो 2,900 से अधिक व्यक्तिगत रीफ़ और 900 टापुओं से बनी है और लगभग 344,400 वर्ग किलोमीटर के क्षेत्रफल में 2,300 किलोमीटर से अधिक फैली हुई है। यह रीफ़ ऑस्ट्रेलिया के क्वींसलैंड तट से दूर, कोरल सागर में स्थित है। इसे बाहरी अंतरिक्ष से देखा जा सकता है और यह जीवित जीवों द्वारा बनाई गई दुनिया की सबसे बड़ी अकेली संरचना है।","यह ऑस्ट्रेलिया के क्वींसलैंड तट से दूर, कोरल सागर में स्थित है।"
"निम्नलिखित कविता रूपों के लिए मानक ढाँचा (पंक्तियों की गिनती) और आम तुकबंदी व्यवस्था बताएँ: सॉनेट, हाइकु, लाइमरिक, और विलानेल।",,"सॉनेट: 14 पंक्तियाँ; अक्सर ABAB CDCD EFEF GG (शेक्सपीयरियन) या ABBA ABBA CDECDE (पेट्रार्कन) का इस्तेमाल करता है।
हाइकु: 3 पंक्तियाँ (5-7-5 शब्दांशों का ढाँचा); कोई मानक तुकबंदी व्यवस्था नहीं।
लाइमरिक: 5 पंक्तियाँ; AABBA तुकबंदी व्यवस्था।
विलानेल: 19 पंक्तियाँ (पाँच तिपदे (तीन पंक्तियों के खंड) और एक चौपदा (चार पंक्तियों का खंड)); यह ABA ABA ABA ABA ABA ABAA का उपयोग करता है, जिसमें टेक (दोहराई जाने वाली पंक्तियाँ) होती हैं।"
"धरती की मुख्य अंदरूनी परतों की सूची बनाएँ, सतह से शुरू करते हुए।",,"धरती की बनावट को आम तौर पर चार मुख्य परतों में बाँटा गया है: 1. भूपर्पटी (पतला, चट्टानी खोल) 2. मैंटल (जो मुख्य रूप से सिलिकेट चट्टानों से बना है, जिसे आगे ऊपरी और निचली भागों में बाँटा गया है) 3. बाहरी क्रोड (पिघला हुआ लोहा और निकेल) 4. भीतरी क्रोड (ठोस लोहा और निकेल)। गहराई के साथ तापमान और घनत्व काफी बढ़ जाते हैं।"
ज़्याँ बोद्रियार् के अनुसार अति-वास्तविकता की अवधारणा को परिभाषित करें और उसकी मुख्य विशेषता समझाएँ।,"ज़्याँ बोद्रियार् द्वारा सिद्धांतित अति-वास्तविकता, चेतना की वह असमर्थता है जिसमें वह असलियत और असलियत के बनावटी रूप (अनुकरण) के बीच फ़र्क़ नहीं कर पाती है, ख़ासकर तकनीकी रूप से उन्नत उत्तर-आधुनिक समाजों में। इसकी विशेषता यह है कि असल और ख़याली के बीच की सीमाएँ मिट जाती हैं, जहाँ असलियत के संकेत और प्रतीक उस असली सच्चाई से ज़्यादा मायने रखने लगते हैं जिसका वे प्रतिनिधित्व करने का दावा करते हैं।","दार्शनिक ज़्याँ बोद्रियार् द्वारा विचारित अति-वास्तविकता एक ऐसी स्थिति को दर्शाती है जहाँ चेतना अब असलियत और असलियत के बनावटी रूप के बीच फ़र्क़ नहीं कर सकती। इसकी मुख्य विशेषता 'असल' और 'ख़याली' के बीच की सीमाओं का मिट जाना है, जिससे एक ऐसी स्थिति पैदा होती है जहाँ असलियत का ज़िक्र करने वाले मॉडल, संकेत और प्रतीक (जिन्हें 'सिमुलाक्रा' भी कहा जाता है) उस मूल असलियत से ज़्यादा शक्तिशाली, प्रभावशाली और अर्थपूर्ण हो जाते हैं जिसका उन्हें प्रतिनिधित्व करना चाहिए।

बोद्रियार् ने तर्क दिया कि यह स्थिति तकनीकी रूप से उन्नत उत्तर-आधुनिक समाजों में ख़ास तौर पर पाई जाती है। अति-वास्तविकता में, चीज़ों और अनुभवों को अक्सर इस तरह से गढ़ा जाता है, उन्हें सही बनाया जाता है या प्रस्तुत किया जाता है कि वे वास्तविक असलियत की कमियों/खामियों से ऊपर उठ जाते हैं। इसका एक आम उदाहरण किसी थीम वाले माहौल से गुज़रने का अनुभव है, जैसे कि कोई बड़ा मनोरंजन पार्क, जहाँ का बनावटी (नकली) माहौल उसकी सीमाओं के बाहर की अराजक (अव्यवस्थित) असलियत की तुलना में ज़्यादा 'असली' या संपूर्ण महसूस होता है। मूल रूप से कहें तो, अति-वास्तविकता असलियत को निगल जाती है और उसकी जगह ले लेती है।"
"निकोला टेस्ला का जन्म आज के किस देश में हुआ था, यह देखते हुए कि वह जगह पहले ऑस्ट्रियाई साम्राज्य का हिस्सा थी?","निकोला टेस्ला (10 जुलाई 1856 – 7 जनवरी 1943) एक सर्बियाई-अमेरिकी आविष्कारक, बिजली इंजीनियर, यांत्रिक इंजीनियर और भविष्यवादी थे। उन्हें आधुनिक प्रत्यावर्ती धारा (ए.सी.) बिजली आपूर्ति व्यवस्था के डिज़ाइन में उनके योगदान के लिए सबसे ज़्यादा जाना जाता है। उनका जन्म स्मिलजान, ऑस्ट्रियाई साम्राज्य (जो आज क्रोएशिया है) में हुआ था। वह 1884 में संयुक्त राज्य अमेरिका चले गए, जहाँ बाद में उन्हें वहाँ की नागरिकता मिल गई। टेस्ला को अक्सर प्रेरण मोटर और उच्च-आवृत्ति बिजली वितरण के विकास का श्रेय दिया जाता है। 86 साल की उम्र में न्यूयॉर्क शहर में उनकी मृत्यु बिना पैसे की हालत में हुई।",आज का क्रोएशिया
असली एप्पल आईफ़ोन पहली बार लोगों के लिए कब जारी किया गया था?,,"असली आईफ़ोन, जिसे अक्सर बाद में आईफ़ोन 2जी कहा जाता है, वह पहली बार 29 जून 2007 को यूनाइटेड स्टेट्स में जारी किया गया था। यह एक मोबाइल फ़ोन, एक आईपॉड, और एक इंटरनेट कम्युनिकेटर को एक ही उपकरण में मल्टी-टच इंटरफ़ेस के साथ मिलाकर एक क्रांतिकारी डिवाइस बन गया था।"
1867 में अलास्का खरीद के तीन मुख्य पड़ाव क्या थे और हर एक कब हुआ?,"अमेरिका द्वारा अलास्का की प्राप्ति, जिसे अक्सर ""स्यूअर्ड्स फ़ॉली"" कहा जाता है, को 30 मार्च, 1867 को हस्ताक्षरित एक संधि के ज़रिए औपचारिक रूप दिया गया था। विदेश मंत्री विलियम एच. स्यूअर्ड ने रूसी मंत्री एडौर्ड डी स्टोककल के साथ $7.2 मिलियन में खरीद के लिए बातचीत की थी। हालाँकि संधि पर उस वसंत में हस्ताक्षर किए गए थे, लेकिन 9 अप्रैल, 1867 तक सीनेट द्वारा इसकी पुष्टि नहीं की गई थी, और हाउस ऑफ़ रिप्रेज़ेंटेटिव्स (प्रतिनिधि सभा) द्वारा 1868 तक धन आवंटित नहीं किया गया था। संप्रभुता (मालिकाना हक़) का औपचारिक हस्तांतरण, जहाँ अमेरिका का झंडा फहराया गया और रूस का झंडा उतारा गया, आधिकारिक तौर पर 18 अक्टूबर, 1867 को सिटका, अलास्का में हुआ था।","1867 के तीन मुख्य पड़ाव थे: 30 मार्च को संधि पर हस्ताक्षर होना, 9 अप्रैल को सीनेट द्वारा पुष्टि होना, और 18 अक्टूबर को संप्रभुता का औपचारिक हस्तांतरण (झंडा फहराना) होना।"
मशहूर फ़िल्म कासाब्लांका के बारे में जानकारी,"कासाब्लांका 1942 की एक अमेरिकी रूमानी ड्रामे वाली फ़िल्म है, जिसका निर्देशन माइकल कर्टिज़ ने किया था और इसमें हम्फ्रे बोगार्ट, इनग्रिड बर्गमैन, और पॉल हेनरेड मुख्य भूमिकाओं में थे। दूसरे विश्व युद्ध के समय बनी इस कहानी में मुख्य ध्यान एक अमरीकी प्रवासी रिक ब्लेन (बोगार्ट) पर है। उसे इल्सा लुंड (बर्गमैन) के लिए अपने प्यार और उसके पति, विक्टर लास्ज़्लो, जो प्रतिरोध (आज़ादी की लड़ाई) के नेता हैं, को विची-नियंत्रित कासाब्लांका शहर से नाज़ियों के ख़िलाफ़ अपनी लड़ाई जारी रखने के लिए भागने में मदद करने के बीच एक को चुनना होता है। हालाँकि रिलीज़ होने पर यह सफल रही थी, लेकिन बाद के सालों में इसे सचमुच में महान दर्जा मिला। इसकी मुख्य वजह इसके यादगार संवाद, इसका प्रसिद्ध अंत, और मुख्य कलाकारों के बीच का तालमेल (chemistry) थे। फ़िल्म ने तीन एकेडमी अवॉर्ड्स जीते: सर्वश्रेष्ठ फ़िल्म, सर्वश्रेष्ठ निर्देशक, और सर्वश्रेष्ठ पटकथा।","कासाब्लांका 1942 की एक अमेरिकी रूमानी ड्रामे वाली फ़िल्म है, जिसका निर्देशन माइकल कर्टिज़ ने किया था और इसमें हम्फ्रे बोगार्ट, इनग्रिड बर्गमैन, और पॉल हेनरेड मुख्य भूमिकाओं में थे। दूसरे विश्व युद्ध के समय बनी इस कहानी में मुख्य ध्यान एक अमरीकी प्रवासी रिक ब्लेन (बोगार्ट) पर है। उसे इल्सा लुंड (बर्गमैन) के लिए अपने प्यार और उसके पति, विक्टर लास्ज़्लो, जो प्रतिरोध (आज़ादी की लड़ाई) के नेता हैं, को विची-नियंत्रित कासाब्लांका शहर से नाज़ियों के ख़िलाफ़ अपनी लड़ाई जारी रखने के लिए भागने में मदद करने के बीच एक को चुनना होता है। हालाँकि रिलीज़ होने पर यह सफल रही थी, लेकिन बाद के सालों में इसे सचमुच में महान दर्जा मिला। इसकी मुख्य वजह इसके यादगार संवाद, इसका प्रसिद्ध अंत, और मुख्य कलाकारों के बीच का तालमेल (chemistry) थे। फ़िल्म ने तीन एकेडमी अवॉर्ड्स जीते: सर्वश्रेष्ठ फ़िल्म, सर्वश्रेष्ठ निर्देशक, और सर्वश्रेष्ठ पटकथा।"
साधारण चॉकलेट चिप कुकीज़ बनाने के लिए ज़रूरी बुनियादी कदम बताएं।,,"1. ओवन को पहले से गरम करें और बेकिंग ट्रे तैयार करें।
2. मक्खन, चीनी और वैनिला एसेंस को तब तक एक साथ फेंटें जब तक वह हल्का और फूला हुआ न हो जाए।
3. अंडों को एक-एक करके फेंटते हुए मिश्रण में मिलाएं।
4. एक अलग कटोरे में मैदा, बेकिंग सोडा और नमक को एक साथ फेंट लें, फिर सूखी सामग्री को धीरे-धीरे गीले मिश्रण में मिलाएं।
5. चॉकलेट चिप्स डालकर मिलाएँ।
6. तैयार बेकिंग ट्रे पर गोल चम्मच भरकर मिश्रण डालें।
7. 9-12 मिनट तक बेक (सेकें) करें, या जब तक किनारे सुनहरे भूरे न हो जाएं।"
मशहूर पुराने राक्षसों में से कौन बेहतर है: ड्रैकुला या फ़्रैंकेस्टीन का राक्षस?,,"ड्रैकुला बेहतर है क्योंकि इस किरदार ने उस चालाक, रईस बदमाश का ख़याल पेश किया जो आम समाज के बीच काम करता है। फ़्रैंकेस्टीन का राक्षस, हालाँकि सोचने लायक/दिलचस्प है, मुख्य रूप से एक ग़लत समझा गया दुखद किरदार है, न कि सचमुच डरावनी, जानबूझकर की गई बुराई।"
सवाल: खाने की सुरक्षा के लिए 'ख़तरे की सीमा' (डेंजर ज़ोन) का तापमान दायरा क्या है और यह क्यों ज़रूरी है?,,"जवाब: 'ख़तरे की सीमा' उस तापमान दायरे को कहते हैं जो 40°F (4.4°C) और 140°F (60°C) के बीच होता है। यह सीमा खाने की सुरक्षा के लिए बहुत ज़रूरी है क्योंकि यह वह सबसे सही तापमान दायरा है जिस पर नुक़सान पहुँचाने वाले बैक्टीरिया, जैसे कि साल्मोनेला, ई. कोली, और लिस्टेरिया, तेज़ी से बढ़ सकते हैं और अक्सर महज़ 20 मिनट में ही अपनी संख्या को दोगुना कर देते हैं। खाने से होने वाली बीमारी को रोकने के लिए, जल्दी ख़राब होने वाले खाद्य पदार्थों को कुल मिलाकर दो घंटे से ज़्यादा इस ख़तरे के दायरे में नहीं रहने देना चाहिए (या अगर आस-पास का तापमान 90°F या उससे ज़्यादा हो, तो केवल एक घंटा)।"
दिए गए पाठ के आधार पर क्लासिक माया सभ्यता के पतन के मुख्य पर्यावरणी और सामाजिक कारण बताइए।,"क्लासिक माया सभ्यता का पतन (लगभग 250–900 ईस्वी) जटिल और बहुआयामी था। मुख्य पर्यावरणी तनावों में लम्बे समय तक चले भयानक सूखे ('महा-सूखे' के रूप में जाने जाते हैं) शामिल थे, जिन्होंने खेती की पैदावार को बहुत ज़्यादा कम कर दिया। सामाजिक कारण भी बहुत ज़रूरी थे; इनमें घटते संसाधनों के लिए नगर-राज्यों के बीच लगातार युद्ध, और संसाधनों के अत्यधिक उपयोग तथा अनियंत्रित जनसंख्या वृद्धि की एक ऐसी प्रणाली शामिल थी, जिसके कारण बड़े पैमाने पर जंगल की कटाई और मिट्टी की उर्वरता खत्म हुई।","पर्यावरणी कारण: लम्बे, भयानक सूखे (महा-सूखे), बड़े पैमाने पर जंगल की कटाई, और मिट्टी का खराब होना। सामाजिक कारण: नगर-राज्यों के बीच लगातार युद्ध और अनियंत्रित जनसंख्या वृद्धि/संसाधनों का अत्यधिक उपयोग।"
अपोलो 11 मिशन की मुख्य बातें संक्षेप में बताएं।,"अपोलो 11 वह अमेरिकी अंतरिक्ष अभियान था जिसने चाँद पर पहली बार इंसान को उतारा। 16 जुलाई, 1969 को शुरू हुए इस अभियान के चालक दल में कमांडर नील आर्मस्ट्रांग, लूनर मॉड्यूल पायलट बज़ एल्ड्रिन, और कमांड मॉड्यूल पायलट माइकल कॉलिन्स थे। 20 जुलाई को, आर्मस्ट्रांग और एल्ड्रिन ने लूनर मॉड्यूल ईगल को चाँद की सतह पर उतारा। छह घंटे बाद, 21 जुलाई (यूटीसी) को, आर्मस्ट्रांग चाँद पर कदम रखने वाले पहले व्यक्ति बने, जिन्होंने मशहूर होते हुए कहा, ""यह एक इंसान के लिए छोटा कदम है, पर इंसानियत के लिए एक बहुत बड़ी छलांग है।"" एल्ड्रिन भी तुरंत उनके पीछे गए। उन्होंने चाँद पर लगभग 21 घंटे नमूने जमा करने और प्रयोग करने में बिताए, जिसके बाद वे सफलतापूर्वक कॉलिन्स से मिल गए, जो कमांड मॉड्यूल कोलंबिया में कक्षा में ही थे। यह अभियान 24 जुलाई, 1969 को सुरक्षित रूप से धरती पर लौट आया।","अपोलो 11, जो 16 जुलाई, 1969 को शुरू हुआ था, वह अमेरिकी अभियान था जिसने चाँद पर पहली बार इंसान को उतारा। नील आर्मस्ट्रांग और बज़ एल्ड्रिन ने 20 जुलाई को लूनर मॉड्यूल उतारा, और आर्मस्ट्रांग 21 जुलाई (यूटीसी) को सतह पर चलने वाले पहले व्यक्ति बने। माइकल कॉलिन्स ने कक्षा में घूम रहे कमांड मॉड्यूल को चलाया। चालक दल 24 जुलाई, 1969 को सफलतापूर्वक धरती पर वापस आ गया।"
एक यूकैरियोटिक कोशिका में माइटोकॉन्ड्रिया का मुख्य काम क्या है?,,"कोशिका के लिए ज़्यादातर एडिनोसिन ट्राइफॉस्फेट (एटीपी) बनाना, जिसका इस्तेमाल रासायनिक ऊर्जा के स्रोत के तौर पर होता है।"
गूटेनबर्ग के छापाखाने का उपयोग करके छपने वाला पहला मुख्य काम क्या था?,"चल प्रकार (मूवेबल टाइप) वाली यांत्रिक छपाई मशीन के आविष्कार का श्रेय व्यापक रूप से जर्मन सुनार योहानेस गूटेनबर्ग को दिया जाता है, जो जर्मनी के माइंज़ में लगभग 1440 के आस-पास हुआ था। हालांकि, पूर्वी एशिया में पहले से ब्लॉक प्रिंटिंग (ठप्पा छपाई) मौजूद थी, गूटेनबर्ग के नवाचार में दोबारा इस्तेमाल होने वाले धातु के साँचे और तेल-आधारित स्याही का इस्तेमाल किया गया, जिससे ग्रंथों का बड़े पैमाने पर उत्पादन आर्थिक रूप से संभव हो गया। इस विकास को अक्सर दूसरी सहस्राब्दी की सबसे महत्वपूर्ण घटना माना जाता है, जिसने बड़े पैमाने पर संचार के युग की शुरुआत की और पुनर्जागरण (रेनेसां) और धर्म-सुधार में महत्वपूर्ण योगदान दिया। इस तरीके से छपी सबसे शुरुआती प्रमुख कृति गूटेनबर्ग बाइबिल थी, जो लगभग 1455 में पूरी हुई थी।","इस तरीके से छपी सबसे शुरुआती प्रमुख कृति गूटेनबर्ग बाइबिल थी, जो लगभग 1455 में पूरी हुई थी।"
"पैसेज के हिसाब से, वाइकिंग 1 अंतरिक्ष यान के छोड़े जाने (प्रक्षेपण) की तारीख क्या थी?","वाइकिंग कार्यक्रम में अमेरिका के दो खोजी यान (वाइकिंग 1 और वाइकिंग 2) शामिल थे जिन्हें मंगल ग्रह पर भेजा गया था। ये मंगल पर भेजे गए अब तक के सबसे बड़े और महंगे अभियान थे। वाइकिंग 1 को 20 अगस्त, 1975 को लॉन्च किया गया था, और वाइकिंग 2 को कुछ हफ्तों बाद 9 सितंबर, 1975 को लॉन्च किया गया था। दोनों यानों में एक ऑर्बिटर (कक्षा में घूमने वाला हिस्सा) और एक लैंडर (सतह पर उतरने वाला हिस्सा) शामिल था, जिन्हें मंगल की सतह और वातावरण की जाँच के लिए बनाया गया था।","20 अगस्त, 1975"
ऐलीगेटर और मगरमच्छ के बीच मुख्य शारीरिक और व्यवहारगत फ़र्क क्या हैं?,,"हालाँकि ये दोनों मगरमच्छों के एक ही गण (समूह) से संबंधित हैं, फिर भी ये काफी अलग होते हैं। ऐलीगेटर का थूथन गोल और 'यू' आकार का होता है, और जब वे अपना मुँह बंद करते हैं, तो केवल ऊपरी दाँत ही दिखाई देते हैं, जो निचले जबड़े में अच्छी तरह बैठ जाते हैं। ये मुख्य रूप से मीठे पानी के वातावरण में पाए जाते हैं। मगरमच्छों का थूथन 'वी' आकार का और नुकीला होता है, और जब वे अपना मुँह बंद करते हैं, तब भी उनका चौथा निचला दाँत बाहर दिखाई देता रहता है क्योंकि वह ऊपरी जबड़े के बाहर रहता है। मगरमच्छ आमतौर पर खारे पानी को ज़्यादा सहन कर पाते हैं और वे पूरी दुनिया में मिलते हैं, जबकि ऐलीगेटर ज़्यादातर सिर्फ़ अमेरिका (यू.एस.) और चीन तक ही सीमित हैं।"
पश्चिमी रोमन साम्राज्य के पतन और आखिरकार खात्मे के पाँच मुख्य कारण बताओ।,,"इतिहासकार आमतौर पर कई जटिल कारकों का ज़िक्र करते हैं, लेकिन पाँच मुख्य वजहें ये हैं: 1. बहुत ज़्यादा महंगाई और भारी कर (टैक्स) के कारण आर्थिक तबाही। 2. अलग-अलग जर्मनिक कबीलों से लगातार हमले और दबाव। 3. राजनीतिक अस्थिरता और आंतरिक भ्रष्टाचार, जिसके कारण कम समय के शासन और गृह युद्ध हुए। 4. भाड़े के सैनिकों की सेनाओं (फ़ोएडराती) पर अत्यधिक निर्भरता, जिसने सेना की वफादारी कम कर दी। 5. सामाजिक समस्याएँ, जिनमें बीमारी, घटती जन्म दर, और जनता के बीच सामाजिक ज़िम्मेदारी की भावना का कम होना शामिल था।"
शास्त्रीय पात्र ओडिपस रेक्स और शेक्सपियर के चरित्र हैमलेट की दुखद कमियों (नियति-दोष) और उनके अंतिम भाग्य की तुलना और अंतर बताएं। अपने जवाब को साफ़ शीर्षकों का उपयोग करके व्यवस्थित करें।,,"## ओडिपस रेक्स और हैमलेट की तुलना

### ओडिपस रेक्स

**मुख्य दुखद कमी (नियति-दोष):** अत्यधिक घमंड, जो सच्चाई की ज़बरदस्त, अटूट खोज के साथ मिला हुआ है। रहस्य सुलझाने और किस्मत से बचने की अपनी क्षमता पर उनका पूरा भरोसा उन्हें चेतावनियों और उस भविष्यवाणी की दर्दनाक हकीकतों को देखने नहीं देता जिससे वह भागने की कोशिश कर रहे हैं।

**अंतिम भाग्य:** यह पता चलने के बाद कि उसने भविष्यवाणी पूरी कर दी है (पितृहत्या और अनाचार), ओडिपस को केवल गहरे शारीरिक कष्ट सहने के बाद ही नैतिक स्पष्टता मिलती है। वह जोकास्टा के ब्रोच से खुद को अंधा कर लेता है और स्वेच्छा से निर्वासन स्वीकार करता है, अंत में अपनी दोषपूर्ण प्रकृति और भाग्य की शक्ति को मानता है।

### हैमलेट

**मुख्य दुखद कमी (नियति-दोष):** अनिर्णय और बौद्धिक लकवा (टालमटोल)। हैमलेट ज़रूरत से ज़्यादा सोचने के आदी हैं, जिससे अक्सर निर्णायक कार्रवाई करने की उनकी क्षमता पंगु हो जाती है। वह प्रतिशोध के नैतिक परिणामों से जूझते हैं और ज़रूरी काम को तब तक टालते रहते हैं जब तक कि अवसर हाथ से निकल नहीं जाता और स्थिति नियंत्रण से बाहर नहीं हो जाती।

**अंतिम भाग्य:** हैमलेट क्लॉडियस से अपना बदला लेता है, लेकिन इसमें उसे अपनी जान (ज़हर से), लेर्टिस, गर्ट्रूड और क्लॉडियस की जान गँवानी पड़ती है। वह शांतिपूर्ण तरीके से राज्य सुरक्षित करने में विफल रहता है, और नॉर्वेजियन राजकुमार फोर्टिनब्रास को ताज सौंपकर मर जाता है।

### मुख्य अंतर

हालांकि दोनों पुरुष दुखद नायक हैं जो अपनी ही प्रकृति के कारण तबाह हो जाते हैं, लेकिन उनकी कमियाँ मूल रूप से विपरीत हैं। ओडिपस की त्रासदी **बहुत जल्दी और लापरवाही से कार्य करने** (कार्य में घमंड) से परिभाषित होती है, यह मानते हुए कि वह भाग्य को हरा सकता है। हैमलेट की त्रासदी **बहुत धीरे कार्य करने और ज़्यादा सोचने** (सोच-विचार में लकवा) से परिभाषित होती है, जिससे निष्क्रियता के कारण बड़े पैमाने पर विनाश होता है।"
एक बड़ा भाषा मॉडल (एलएलएम) के लिए एक असरदार निर्देश (प्रॉम्प्ट) बनाने के लिए किन मुख्य बातों की ज़रूरत होती है?,,"सटीक नतीजे (आउटपुट) पाने के लिए, एक असरदार एलएलएम निर्देश में आम तौर पर चार मुख्य बातें ज़रूरी होती हैं। पहला, **भूमिका/किरदार** तय करें (उदाहरण के लिए, 'एक वरिष्ठ सॉफ्टवेयर इंजीनियर के रूप में काम करें')। दूसरा, **काम या लक्ष्य** साफ तौर पर बताएं (कि आप मॉडल से क्या बनवाना चाहते हैं)। तीसरा, पर्याप्त **संदर्भ** या पृष्ठभूमि की जानकारी दें। आखिर में, **सीमाएं या प्रारूप** बताएं (जैसे, 'जवाब जेएसओएन प्रारूप में दें,' या 'जवाब 200 शब्दों से कम रखें')।"
लाल ग्रह के नाम से किस ग्रह को जाना जाता है? मंगल या बृहस्पति,,मंगल
मेरे लिनक्स सर्वर पर डिस्क की जगह खत्म हो रही है। डिस्क के उपयोग का विश्लेषण करने और सबसे बड़ी फ़ाइलों को ढूँढने के लिए मुझे कौन से कमांड इस्तेमाल करने चाहिए?,,"लिनक्स सर्वर पर डिस्क के उपयोग का विश्लेषण करने के लिए, आपको 'df' और 'du' कमांड से शुरुआत करनी चाहिए। सभी माउंटेड फ़ाइल सिस्टमों के लिए कुल, उपयोग की गई, और उपलब्ध जगह को आसानी से पढ़ने लायक फॉर्मेट में देखने के लिए `df -h` इस्तेमाल करें। अगर कोई ख़ास पार्टीशन भर गया है, तो डायरेक्टरी (फ़ोल्डर) के उपयोग का विश्लेषण करने के लिए `du` कमांड का इस्तेमाल करें। उस समस्याग्रस्त पार्टीशन के रूट से शुरू करते हुए, तुरंत अगली सब-डायरेक्टरीज़ के उपयोग को संक्षेप में देखने के लिए `du -sh *` का उपयोग करें, और फिर अंदर तक जाँच करते जाएँ। सबसे बड़ी फ़ाइलों को और अच्छी तरह से ढूँढने के लिए, आप `find` कमांड का उपयोग कर सकते हैं। उदाहरण के लिए, 100 एमबी से बड़ी फ़ाइलों को ढूँढने के लिए, इस्तेमाल करें: `find / -type f -size +100M -exec ls -lh {} \;`। या, संख्या के हिसाब से 10 सबसे बड़ी फ़ाइलों/डायरेक्टरीज़ को सूचीबद्ध करने के लिए `du -a /path/to/check | sort -n -r | head -n 10` का उपयोग करें।"
जोहानेस गुटेनबर्ग कौन थे?,"जोहानेस गुटेनबर्ग जर्मनी के एक आविष्कारक, मुद्रक (छापने वाले) और प्रकाशक थे, जिन्होंने 15वीं सदी के मध्य में यूरोप में यांत्रिक (मशीनी) चल-अक्षर छपाई की शुरुआत की। उनके इस आविष्कार ने छपाई क्रांति की शुरुआत की और इसे आधुनिक (नए) दौर की सबसे महत्वपूर्ण घटना माना जाता है।","जोहानेस गुटेनबर्ग जर्मनी के एक आविष्कारक, मुद्रक (छापने वाले) और प्रकाशक थे, जिन्होंने 15वीं सदी के मध्य में यूरोप में यांत्रिक (मशीनी) चल-अक्षर छपाई की शुरुआत की। उनके इस आविष्कार ने छपाई क्रांति की शुरुआत की और इसे आधुनिक (नए) दौर की सबसे महत्वपूर्ण घटना माना जाता है।

गुटेनबर्ग की सबसे बड़ी उपलब्धि गुटेनबर्ग बाइबिल थी, जिसे अक्सर '42-लाइन बाइबिल' कहा जाता है, जिसे लगभग 1455 के आसपास छापा गया था। उन्होंने जो तकनीक विकसित की उसमें चलने वाले टाइप को बड़े पैमाने पर बनाने की प्रक्रिया का आविष्कार, तेल-आधारित स्याही का उपयोग, और लकड़ी के छपाई प्रेस का निर्माण शामिल था। यह छपाई प्रेस खेती में इस्तेमाल होने वाले मौजूदा पेंचदार प्रेस के डिज़ाइन पर आधारित थी। इस नई खोज ने किताबों को छापने की लागत को बहुत कम कर दिया और पूरे यूरोप में सबके लिए पढ़ना-लिखना मुमकिन बना दिया।"
पौधों में प्रकाश-संश्लेषण का मुख्य कार्य समझाइए।,"प्रकाश-संश्लेषण वह प्रक्रिया है जिसका उपयोग पौधे, शैवाल और कुछ जीवाणु, प्रकाश ऊर्जा (जो आमतौर पर सूरज से मिलती है) को रासायनिक ऊर्जा में बदलने के लिए करते हैं। यह रासायनिक ऊर्जा बाद में जीव की गतिविधियों को शक्ति देने के लिए छोड़ी जा सकती है। यह रासायनिक ऊर्जा कार्बोहाइड्रेट के कणों, जैसे कि शक्कर, में जमा हो जाती है, जो कार्बन डाइऑक्साइड और पानी से बनाए जाते हैं।","प्रकाश-संश्लेषण वह प्रक्रिया है जिसका उपयोग पौधे, शैवाल और कुछ जीवाणु, प्रकाश ऊर्जा (जो आमतौर पर सूरज से मिलती है) को रासायनिक ऊर्जा में बदलने के लिए करते हैं। यह रासायनिक ऊर्जा बाद में जीव की गतिविधियों को शक्ति देने के लिए छोड़ी जा सकती है।"
ज़ीज़ी पौधे की अच्छी तरह से देखभाल करने के लिए ज़रूरी कदम क्या हैं?,,"ज़ीज़ी पौधा (ज़ैमियोकलकस ज़ैमीफ़ोलिया) बहुत मज़बूत और कम देखभाल वाला माना जाता है। सफलता की कुंजी यह है कि इसमें कम से कम हस्तक्षेप किया जाए, क्योंकि ज़्यादा पानी देना ही खराब होने का सबसे आम कारण है। ज़रूरी देखभाल के कदम यहाँ दिए गए हैं:

1. **रोशनी:** ज़ीज़ी पौधे कम रोशनी वाली जगहों को बहुत अच्छी तरह से झेल लेते हैं, इसलिए वे दफ़्तरों या कम रौशनी वाले कमरों के लिए एकदम सही हैं। हालाँकि, वे तेज़, अप्रत्यक्ष रोशनी में ज़्यादा पनपते हैं और तेज़ी से बढ़ते हैं। तेज़, सीधी दोपहर की धूप से बचें, जो मोम जैसी पत्तियों को जला सकती है।

2. **पानी देना:** यह सबसे ज़रूरी हिस्सा है। ज़ीज़ी पौधे ज़मीन के नीचे आलू जैसी मोटी जड़ों में पानी जमा करते हैं। मिट्टी के पूरी तरह से सूख जाने तक इंतज़ार करें, तभी अच्छी तरह से पानी दें। रोशनी और नमी के आधार पर, इसका मतलब आमतौर पर हर 3–4 हफ़्तों में सिर्फ़ एक बार पानी देना होता है, या सर्दियों के दौरान इससे भी ज़्यादा देर तक इंतज़ार करना होता है। जब दुविधा हो, तो एक हफ़्ता और इंतज़ार करें।

3. **मिट्टी और जल निकासी:** अच्छी जल निकासी (पानी निकालने वाली) वाली गमले की मिट्टी का मिश्रण इस्तेमाल करें। कैक्टस और रसीले पौधों के लिए बनाया गया मिश्रण एकदम सही काम करता है, या आप बेहतरीन जल निकासी सुनिश्चित करने के लिए साधारण गमले की मिट्टी में परलाइट या प्यूमिस मिला सकते हैं। हमेशा पानी निकलने वाले छेद वाला गमला ही इस्तेमाल करें।

4. **तापमान और नमी:** ये सामान्य कमरे के तापमान (65°F से 75°F) को पसंद करते हैं और आमतौर पर घर की औसत नमी में ठीक रहते हैं।

5. **खाद डालना:** कम खाद डालें। बढ़ने के मौसम (बसंत और गर्मी) के दौरान सिर्फ़ एक या दो बार ही आधी ताकत तक पतला की हुई संतुलित तरल घर के पौधों की खाद डालें। उन्हें ज़्यादा अतिरिक्त खाद की ज़रूरत नहीं होती।"
"दी गई परिभाषा के आधार पर, एजाइल कार्यप्रणाली का मुख्य लक्ष्य क्या है, और इस लक्ष्य को पाने के लिए उपयोग किए जाने वाले दोहरावों की आम अवधि क्या होती है?","एजाइल सॉफ्टवेयर डेवलपमेंट उन कार्यढाँचों और तरीकों का एक व्यापक नाम है जो एजाइल सॉफ्टवेयर डेवलपमेंट के घोषणापत्र में व्यक्त मूल्यों और सिद्धांतों पर आधारित हैं। यह कार्यप्रणाली सहयोग, स्वयं-संगठित टीमों, और बदलाव के अनुरूप जल्दी ढलने पर ज़ोर देती है। आम कार्यढाँचों में स्क्रम, कानबन, और लीन शामिल हैं। एजाइल की एक मुख्य विशेषता पुनरावृत्तीय प्रक्रिया है, जहाँ काम को छोटे चरणों (स्प्रिंट्स, आमतौर पर 2-4 हफ़्तों के) में बाँट दिया जाता है ताकि एक बड़े रिलीज़ का इंतज़ार करने के बजाय, कार्यशील सॉफ्टवेयर बार-बार दिया जा सके।","एजाइल कार्यप्रणाली का मुख्य लक्ष्य सहयोग के माध्यम से बदलाव के अनुरूप जल्दी ढलना और कार्यशील सॉफ्टवेयर को बार-बार प्रदान करना है। पुनरावृत्तीय प्रक्रियाएं, जिन्हें अक्सर स्प्रिंट्स कहा जाता है, आमतौर पर 2 से 4 हफ्तों तक चलती हैं।"
इंसानी खून के मुख्य कार्य क्या हैं?,,"मानव रक्त के तीन मुख्य और आपस में जुड़े हुए कार्य हैं: परिवहन (ढोना), नियंत्रण, और सुरक्षा। परिवहन में फेफड़ों से ऊतकों तक ऑक्सीजन पहुँचाना और कार्बन डाइऑक्साइड को वापस फेफड़ों तक लाना शामिल है। यह पूरे शरीर में पोषक तत्व (जैसे कि ग्लूकोज़ और अमीनो एसिड) और हार्मोन पहुँचाता है, और साथ ही चयापचय से निकले बेकार पदार्थों को हटाने के लिए गुर्दे और जिगर तक ले जाता है। नियंत्रण में गर्मी को सोखकर और पूरे शरीर में बाँटकर शरीर का तापमान स्थिर बनाए रखना, बफर (संतुलक) के रूप में कार्य करके शरीर के सामान्य पीएच स्तर को स्थिर करना, और रक्त संचार प्रणाली में सही मात्रा में तरल पदार्थ सुनिश्चित करना शामिल है। सुरक्षा में रक्त जमने की क्रिया द्वारा रक्तस्राव को रोकना और प्रतिरक्षा प्रतिक्रिया के माध्यम से शरीर को बीमारियों से बचाना शामिल है। यह कार्य प्लाज़्मा में मौजूद सफेद रक्त कोशिकाओं और एंटीबॉडीज़ द्वारा किया जाता है।"
आधुनिक युग में 'गहन काम' का क्या महत्व है?,,"कैल न्यूपोर्ट द्वारा दिए गए विचार के अनुसार, गहन काम (डीप वर्क) एक ऐसी क्षमता है जिसमें आप बिना किसी रुकावट के, दिमाग़ी तौर पर चुनौतीपूर्ण काम पर ध्यान केंद्रित करते हैं। इसका महत्व आधुनिक ज्ञान अर्थव्यवस्था के दो महत्वपूर्ण तथ्यों से आता है। पहला, अब काम के घंटों की संख्या के बजाय काम की गुणवत्ता (क्वालिटी) को कहीं ज़्यादा महत्व दिया जाता है। वास्तव में असाधारण या नए परिणाम देने के लिए, आपको पूरे ध्यान से डूबकर काम करने की ज़रूरत होती है—सतही काम (जैसे ईमेल, मीटिंग, और अन्य छोटे-मोटे प्रबंधकीय काम) केवल मौजूदा स्थिति को बनाए रखते हैं। दूसरा, लगातार सूचनाओं और तकनीकी रुकावटों से भरी इस ध्यान-कमी वाली अर्थव्यवस्था में, लगातार ध्यान केंद्रित रख पाना एक दुर्लभ चीज़ बनता जा रहा है। गहन काम करने की क्षमता असल में एक 'महाशक्ति' है जो लोगों को मुश्किल जानकारियों में तेज़ी से महारत हासिल करने और बेहतरीन परिणाम देने देती है, जिनकी नक़ल करना प्रतिस्पर्धियों के लिए मुश्किल होता है। इसलिए, गहन काम करने की आदतों को जानबूझकर विकसित करना सफल ज्ञान श्रमिकों और प्रतिक्रियाशीलता में फँसे रहने वाले लोगों के बीच मुख्य अंतर पैदा करने वाला कारक है।"
मोबी डिक' किसने लिखी?,,हरमन मेलविल 'मोबी डिक' उपन्यास के लेखक हैं।
दूसरी ज़बान सीखना वक़्त और मेहनत का बेहतरीन निवेश क्यों माना जाता है?,,"दूसरी ज़बान सीखना ऐसे गहरे फ़ायदे देता है जो महज़ बोलचाल से कहीं ज़्यादा आगे जाते हैं। दिमाग़ के लिहाज़ से, यह दिमाग़ के ज़रूरी कामों को मज़बूती देता है, जिससे याददाश्त, एक साथ कई काम करने की काबिलियत, और मुश्किल मसलों को हल करने के हुनर में सुधार आता है। दो तरह के नियम और शब्दकोश संभालने के लिए दिमाग़ को मजबूर करने से, भाषा सीखना न्यूरोप्लास्टिसिटी को बढ़ाता है और इसका सीधा ताल्लुक उम्र से जुड़े दिमागी कमज़ोरी (जैसे कि डिमेंशिया) के आने में देर करने से है। पेशेवर तौर पर, दो भाषाएं जानना दुनिया की अर्थव्यवस्था में बहुत क़ीमती चीज़ है। यह अंतर्राष्ट्रीय नौकरी बाज़ारों के दरवाज़े खोलता है, कमाई की क्षमता बढ़ाता है, और कूटनीति और तकनीक से लेकर पर्यटन और व्यापार विकास जैसे अलग-अलग क्षेत्रों में एक अहम प्रतियोगी बढ़त देता है। इसके अलावा, ज़बान सीखना संस्कृति में पूरी तरह डूब जाने का सबसे बेहतरीन ज़रिया है। यह सीखने वाले को साहित्य, मीडिया, और तौर-तरीक़ों से सीधे जुड़ने की इजाज़त देता है, जो सिर्फ़ अनुवाद से हासिल नहीं किए जा सकते। इससे ज़्यादा हमदर्दी और सहनशीलता पैदा होती है। यह गहरा सांस्कृतिक जुड़ाव यात्रा के अनुभवों को बुनियादी तौर पर बेहतर बनाता है और दुनिया के बारे में किसी के नज़रिए को फैलाता है, जिससे यह निजी, बौद्धिक, और आर्थिक विकास में एक सच्चा, सम्पूर्ण निवेश बन जाता है।"
"मेरा विंडोज़ लैपटॉप पिछले कुछ महीनों से बहुत सुस्त हो गया है। मैं अभी नया नहीं खरीदना चाहता। इसे तेज़ करने के लिए मैं अभी कौन से सबसे असरदार, मुफ्त उपाय कर सकता हूँ?",,"कंप्यूटर की रफ़्तार सुधारने के लिए अक्सर पीछे चल रही प्रक्रियाओं और फ़ालतू फ़ाइलों को साफ़ करना पड़ता है। इन तीन मुख्य उपायों से शुरुआत करें: 1. **शुरुआत में चलने वाले प्रोग्रामों को संभालें:** टास्क मैनेजर (कंट्रोल+शिफ्ट+एस्केप) खोलें, 'स्टार्टअप' टैब पर जाएँ, और उन सभी एप्लिकेशन को बंद (डिसेबल) कर दें जिनका कंप्यूटर चालू होते समय बिलकुल ज़रूरी नहीं है (जैसे, स्पॉटीफ़ाई, एडोब अपडेटर सर्विस, आदि)। इससे चालू होने का समय और शुरूआती संसाधनों का उपयोग काफ़ी कम हो जाता है। 2. **डिस्क क्लीनअप चलाएँ:** विंडोज़ सर्च बार में 'डिस्क क्लीनअप' टाइप करें। अपनी मुख्य ड्राइव (आमतौर पर C:) चुनें, और 'सिस्टम फ़ाइलें साफ़ करें' पर क्लिक करें। 'अस्थायी फ़ाइलें', 'विंडोज़ अपडेट सफ़ाई', और 'डिलीवरी ऑप्टिमाइज़ेशन फ़ाइलें' वाले बक्सों पर टिक करें, फिर सफ़ाई चलाएँ। 3. **फ़ालतू और इस्तेमाल न होने वाले प्रोग्रामों को हटा दें:** सेटिंग्स > ऐप्स पर जाएँ। इंस्टॉल होने की तारीख़ या साइज़ के हिसाब से छाँटें और उन सभी बड़े एप्लिकेशन को हटा दें (अनइंस्टॉल कर दें) जिन्हें आपने महीनों से इस्तेमाल नहीं किया है, या किसी भी 'मुफ्त ट्रायल' वाले एंटीवायरस सॉफ़्टवेयर को हटा दें जो पीछे भारी स्कैन चला रहा हो। इन उपायों से तुरंत काफ़ी सुधार दिखना चाहिए।"
एक नीहारिका की मुख्य बनावट क्या होती है?,"नीहारिका धूल, हाइड्रोजन, हीलियम और अन्य आयनित गैसों का एक अंतरतारकीय बादल होती है। असल में, यह शब्द पहले किसी भी फैले हुए खगोलीय पिंड का वर्णन करने के लिए इस्तेमाल किया जाता था, जिसमें मंदाकिनी के बाहर की आकाशगंगाएँ भी शामिल थीं (जैसे कि एंड्रोमेडा नीहारिका, इससे पहले कि आकाशगंगाओं की असली प्रकृति की पुष्टि हो पाई)। ज़्यादातर नीहारिकाएँ आकार में बहुत बड़ी होती हैं; कुछ का व्यास सैकड़ों प्रकाश वर्ष का होता है। नीहारिकाएँ अक्सर तारे बनने वाले क्षेत्र होती हैं, जैसे कि ईगल नीहारिका में मौजूद सृष्टि के खंभे। गैसें और धूल आपस में जमा होकर घने क्षेत्र बनाती हैं, जो और अधिक पदार्थ को अपनी ओर खींचते हैं, जो अंततः सिकुड़ने और तारे बनाने के लिए पर्याप्त रूप से घने हो जाते हैं।","एक नीहारिका धूल, हाइड्रोजन, हीलियम और अन्य आयनित गैसों का एक अंतरतारकीय बादल है।"
इंसान की आँख के मुख्य भाग क्या हैं और उनके ज़रूरी काम क्या हैं?,"इंसान की आँख देखने के लिए ज़िम्मेदार एक जटिल इंद्रिय अंग है। रोशनी सबसे पहले कॉर्निया से अंदर जाती है, यह एक पारदर्शी बाहरी परत है जो रोशनी को केंद्रित करने में मदद करती है। कॉर्निया के पीछे आईरिस (आँख का रंगीन हिस्सा) होता है, जो कैमरे के छिद्र की तरह काम करता है, और अंदर आने वाली रोशनी की मात्रा को नियंत्रित करने के लिए पुतली (बीच का काला हिस्सा) के आकार को नियंत्रित करता है। रोशनी फिर लेंस से गुज़रती है, जो आँख के पिछले हिस्से पर फोकस को ठीक से जमाने के लिए अपना आकार बदलता है। पिछली दीवार, जिसे रेटिना कहते हैं, में लाखों रोशनी-संवेदनशील कोशिकाएँ (रॉड्स और कोन्स) होती हैं जो रोशनी को बिजली के संकेतों में बदल देती हैं। ये संकेत ऑप्टिक नस के ज़रिए दिमाग तक भेजे जाते हैं ताकि उन्हें तस्वीरों के रूप में समझा जा सके।","आँख के मुख्य भाग हैं: कॉर्निया (एक पारदर्शी बाहरी परत जो रोशनी को केंद्रित करती है), आईरिस (पुतली के आकार को नियंत्रित करता है), पुतली (रोशनी के प्रवेश को नियंत्रित करती है), लेंस (फोकस को समायोजित करता है), और रेटिना (रोशनी को बिजली के संकेतों में बदलता है)। ये बिजली के संकेत फिर ऑप्टिक नस के ज़रिए दिमाग तक पहुँचाए जाते हैं।"
पूरी तरह से दूर रहकर काम करने के तरीक़े (मॉडल) और दफ़्तर आकर काम करने के पारंपरिक ढाँचे के बीच मुख्य फायदे-नुकसान क्या हैं?,,"पूरी तरह से दूर से काम करने और पारंपरिक दफ़्तर के ढाँचे को चुनने में, कर्मचारी की सुविधा का संतुलन कंपनी की एकजुटता और निगरानी से बनाना पड़ता है। सबसे अच्छा मॉडल अक्सर उद्योग, नौकरी के पदों और संगठन की संस्कृति पर निर्भर करता है। दूर से काम करने में महत्वपूर्ण फ़ायदे मिलते हैं, जैसे कि ज़्यादा लचीलापन, आने-जाने के ख़र्चे और समय की बचत, और एक बड़े वैश्विक प्रतिभा समूह तक पहुँच। हालांकि, इससे टीम के अलग-थलग पड़ने, अचानक से तालमेल बिठाने में मुश्किलों, काम और निजी जीवन के बीच स्पष्ट सीमाएँ बनाए रखने, और बातचीत में संभावित देरी जैसी चुनौतियाँ पैदा हो सकती हैं। इसके विपरीत, पारंपरिक दफ़्तर का ढाँचा आमने-सामने की बातचीत को आसान बनाता है, कंपनी की संस्कृति और तुरंत दोस्ती को मज़बूत करता है, और प्रबंधन की निगरानी तथा सुरक्षा को सरल बनाता है। इसके नुकसानों में मालिक के लिए ज़्यादा ऊपरी ख़र्चा, कर्मचारियों के लिए काम के समय में कम सुविधा, अनिवार्य रूप से आना-जाना, और दफ़्तर के भटकावों के कारण संभावित रूप से कम उत्पादकता शामिल है। अंततः, कई आधुनिक कंपनियाँ दोनों तरीक़ों के फ़ायदों को लेने के लिए मिश्रित मॉडल (हाइब्रिड ढाँचे) अपना रही हैं।"
"अगर आप इतिहास और कुदरती खूबसूरती से प्यार करने वाले किसी इंसान के लिए दुनिया में बस एक जगह की सिफारिश कर सकते हैं, तो वह कौन सी जगह होगी और क्यों यह आपकी सबसे पसंदीदा सिफारिश है?",,"जो कोई गहरे इतिहास और शानदार कुदरती खूबसूरती के मेल को पसंद करता है, उसके लिए मेरी सबसे बेहतरीन सिफारिश जापान का क्योटो होगा। यह जापान के तहज़ीबी दिल की कुंजी है, क्योंकि यह एक हज़ार साल से ज़्यादा वक्त तक शाही राजधानी रहा है। यह शहर असल में एक खुली हवा वाला अजायबघर है, जहाँ 2,000 से ज़्यादा मंदिर और मज़ार हैं, जिनमें शानदार किंकाकू-जी (सुनहरा मंडप) और कियोमिज़ु-डेरा शामिल हैं। यहाँ ऐतिहासिक चीज़ों को बहुत एहतियात से सँभाला गया है। लेकिन, जो चीज़ इसे और खास बनाती है, वह है प्रकृति के साथ इसका सहज मेल। सैलानी जादुई अराशियामा बाँस के जंगल में घूम सकते हैं, फ़ुशिमी इनारी मज़ार के हज़ारों सिंदूरी तोरी द्वारों से होकर पहाड़ की जंगल वाली ढलानों में चढ़ सकते हैं, और साइहो-जी के शांत काई वाले बागों का मज़ा ले सकते हैं। मौसम का चक्र—खासकर बसंत में चेरी के फूल और पतझड़ में दहकते हुए मेपल के पत्ते—पूरे माहौल को एक जीती-जागती कलाकृति जैसा महसूस कराता है, जो पुराने ज़माने के इंसानी प्रयास और बेदाग़ कुदरती सुंदरता के बीच बेहतरीन संतुलन बिठाता है।"
जेम्स वेब अंतरिक्ष दूरबीन (जेडब्ल्यूएसटी) की मुख्य विशेषताओं और मिशन के लक्ष्यों का वर्णन करें।,,"जेम्स वेब अंतरिक्ष दूरबीन (जेडब्ल्यूएसटी) हबल अंतरिक्ष दूरबीन के बाद आने वाली सबसे मुख्य अंतरिक्ष वेधशाला है। इसे 25 दिसंबर, 2021 को अंतरिक्ष में भेजा गया था, और यह अभी पृथ्वी से लगभग 10 लाख मील (15 लाख किलोमीटर) की दूरी पर, दूसरे सूर्य-पृथ्वी लैग्रेंज बिंदु (एल2) के चारों ओर सूर्य की कक्षा में स्थित है। हबल के विपरीत, जो मुख्य रूप से दृश्य प्रकाश और पराबैंगनी किरणों को देखता है, जेडब्ल्यूएसटी को अवरक्त खगोल विज्ञान के लिए सबसे अच्छा बनाया गया है, जो इसे धूल के बादलों को भेदने और बहुत दूर के, लाल विस्थापन वाले पिंडों को देखने की अनुमति देता है। इसका मुख्य दर्पण 18 षटकोणीय, सोने की परत चढ़े बेरिलियम खंडों से बना है, जिसका कुल व्यास 6.5 मीटर (21 फीट) है, जो इसे अंतरिक्ष में अब तक भेजा गया सबसे बड़ा मुख्य दर्पण बनाता है। जेडब्ल्यूएसटी के वैज्ञानिक उद्देश्य चार मुख्य क्षेत्रों में बाँटे गए हैं: ब्रह्मांड में बने पहले सितारों और आकाशगंगाओं की तलाश करना; आकाशगंगाओं के इकट्ठा होने का अध्ययन करना; सितारों और ग्रह प्रणालियों के जन्म की जाँच करना; और रहने लायक होने के संकेतों के लिए बाह्य ग्रह के वायुमंडलों का विश्लेषण करना।"
किस मशहूर पुनर्जागरण कलाकार के बारे में माना जाता है कि उनकी मृत्यु के कारण उनकी अंतिम कृति अधूरी रह गई थी?,,"माना जाता है कि राफ़ेल (राफ़ेल्लो सान्ज़ियो दा अर्बीनो) 1520 में जब अचानक चल बसे, तो उनकी आखिरी मुख्य कृति, 'द ट्रांसफ़िग्यूरेशन,' अधूरी रह गई थी।"
"सी.पी.यू. और जी.पी.यू. के मकसद और बनावट में जो बुनियादी फ़र्क हैं, उन्हें समझाइए।",,"सेंट्रल प्रोसेसिंग यूनिट (सी.पी.यू.) और ग्राफिक्स प्रोसेसिंग यूनिट (जी.पी.यू.) दोनों ही बहुत ज़रूरी प्रोसेसिंग चिप हैं, लेकिन उनकी बनावट (आर्किटेक्चर) और मुख्य काम में बहुत बड़ा फ़र्क होता है। मुख्य अंतर काम को पूरा करने के उनके तरीके में है।

सबसे पहले, बनावट की बात करें तो, सी.पी.यू. एक के बाद एक काम (सीरियल प्रोसेसिंग) के लिए बना है। इसमें कम कोर होते हैं (आमतौर पर ग्राहक मॉडल में 4 से 16), लेकिन ये कोर अपने आप में बहुत ताकतवर होते हैं और मुश्किल कामों के बीच तेज़ी से बदलने के लिए बेहतर बनाए गए हैं, जहाँ बहुत तेज़ रफ़्तार और कम रुकावट (विलंब) की ज़रूरत होती है। सी.पी.यू. एक सामान्य दिमाग़ की तरह काम करता है जो ऑपरेटिंग सिस्टम और ऐसे काम संभालता है जो ख़ास (स्पेशल) नहीं होते।

दूसरा, जी.पी.यू. को बहुत बड़े समानांतर प्रोसेसिंग (पैरेलल प्रोसेसिंग) के लिए डिज़ाइन किया गया है। इसमें सैकड़ों या यहाँ तक कि हज़ारों छोटे, कम शक्तिशाली कोर होते हैं। यह बनावट जी.पी.यू. को बहुत ज़्यादा गणना वाले काम संभालने देती है, जिसमें हज़ारों सरल और दोहराए जाने वाले हिसाब को एक साथ किया जाता है। यह हाई-रिज़ॉल्यूशन ग्राफिक्स दिखाना (रेंडरिंग), वीडियो एडिटिंग, और आधुनिक मशीन लर्निंग (ए.आई.) की गणनाओं जैसे कामों के लिए बेहतरीन है।"
"इस लेख के अनुसार, अपोलो 11 मिशन में शामिल तीन अंतरिक्ष यात्री कौन थे, और उनकी खास भूमिकाएँ क्या थीं?","अपोलो 11 वह अंतरिक्ष उड़ान थी जिसने पहली बार इंसानों को चाँद पर उतारा। कमांडर नील आर्मस्ट्रांग और लूनर मॉड्यूल पायलट बज एल्ड्रिन ने 20 जुलाई 1969 को, 20:17 यूटीसी पर अपोलो लूनर मॉड्यूल ईगल को उतारा। छह घंटे बाद आर्मस्ट्रांग चाँद की सतह पर कदम रखने वाले पहले व्यक्ति बन गए। उन्होंने अंतरिक्ष यान के बाहर लगभग सवा दो घंटे साथ बिताए। जब वे चाँद की सतह पर थे, तब माइकल कॉलिन्स ने अकेले चाँद की कक्षा में कमांड मॉड्यूल कोलंबिया को संचालित किया। अपोलो 11 का मुख्य लक्ष्य राष्ट्रपति जॉन एफ. कैनेडी द्वारा 25 मई 1961 को बताया गया था: 'एक आदमी को चाँद पर उतारना और उसे सुरक्षित रूप से पृथ्वी पर वापस लाना।'","जिन तीन अंतरिक्ष यात्रियों का ज़िक्र किया गया है वे हैं कमांडर नील आर्मस्ट्रांग (कमांडर), बज एल्ड्रिन (लूनर मॉड्यूल पायलट), और माइकल कॉलिन्स (जिन्होंने कमांड मॉड्यूल कोलंबिया को संचालित किया)।"
"नीचे दी गई चीज़ों को फल, सब्ज़ी, या अनाज में बाँटें: सेब, मक्का, गेहूँ, गाजर, जौ, केला, आलू, क्विनोआ।",,"सेब एक फल है
मक्का एक अनाज है
गेहूँ एक अनाज है
गाजर एक सब्ज़ी है
जौ एक अनाज है
केला एक फल है
आलू एक सब्ज़ी है
क्विनोआ एक अनाज है"
प्रकाश-संश्लेषण की परिभाषा दें और बताएं कि यह कहाँ होता है।,"प्रकाश-संश्लेषण एक प्रक्रिया है जिसका उपयोग पौधों, शैवालों और कुछ जीवाणुओं द्वारा प्रकाश ऊर्जा (आमतौर पर सूरज से मिलने वाली) को रासायनिक ऊर्जा में बदलने के लिए किया जाता है, जिसे बाद में जीव की गतिविधियों को चलाने के लिए छोड़ा जा सकता है। यह रासायनिक ऊर्जा कार्बोहाइड्रेट अणुओं, जैसे शर्करा, में जमा होती है, जिन्हें कार्बन डाइऑक्साइड और पानी से बनाया जाता है। अधिकांश हरे पौधों, शैवालों और सायनोबैक्टीरिया में, प्रकाश-संश्लेषण मुख्य रूप से क्लोरोप्लास्ट नामक कोशिकांगों के अंदर होता है, जिनमें प्रकाश को पकड़ने के लिए आवश्यक क्लोरोफिल रंगद्रव्य होता है।","प्रकाश-संश्लेषण एक प्रक्रिया है जिसका उपयोग पौधों, शैवालों और कुछ जीवाणुओं द्वारा प्रकाश ऊर्जा (आमतौर पर सूरज से मिलने वाली) को रासायनिक ऊर्जा में बदलने के लिए किया जाता है। यह मुख्य रूप से क्लोरोप्लास्ट नामक कोशिकांगों के अंदर होता है।"
"नीचे दिए गए पाठ में से सभी ख़ास नाम (लोगों, जगहों, संस्थाओं, और ख़ास दिनों/महीनों के नाम) पहचानो।","लंदन में डॉक्टर एलेनोर वेंस से मिलने के बाद, टेककॉर्प के मुख्य कार्यकारी अधिकारी ने मंगलवार को टोक्यो जाने का फ़ैसला किया। उसे वित्तीय तिमाही ख़त्म होने से पहले निपॉन डायनामिक्स के साथ विलय के समझौते को अंतिम रूप देना था।","एलेनोर वेंस, लंदन, टेककॉर्प, टोक्यो, मंगलवार, निपॉन डायनामिक्स"
धरती के महासागरों में सबसे गहरे मालूम बिंदु की पहचान करें और उसकी अंदाज़न गहराई बताएँ।,,"सबसे गहरा मालूम बिंदु चैलेंजर डीप है, जो मारियाना ट्रेंच में स्थित है। इसकी गहराई अंदाज़न 10,935 मीटर (35,876 फ़ीट) है।"
दुनिया भर में कॉफ़ी इतनी मशहूर क्यों है?,,"कॉफ़ी की इतनी ज़्यादा दुनिया भर की लोकप्रियता जीव रसायन, संस्कृति, और सामाजिक रिवाजों के मिश्रण से आती है। जीव रासायनिक रूप से, इसका मुख्य कारण कैफीन है। यह एक प्राकृतिक उत्तेजक है जो चुस्ती, एकाग्रता, और ऊर्जा के स्तर को बढ़ाता है, जिससे यह सुबह पीने के लिए या दोपहर में थकान दूर करने के लिए एकदम सही पेय बन जाता है। सांस्कृतिक रूप से, कॉफ़ी पीने का चलन एक रोज़मर्रा का रिवाज बन गया है जो कामकाजी जीवन और सामाजिक मेल-जोल का हिस्सा बन गया है। कॉफ़ी की दुकानें अहम 'तीसरी जगह' का काम करती हैं — ये घर और काम की जगह से बाहर मिलने के तटस्थ स्थान होते हैं। इसके अलावा, उपलब्ध अलग-अलग तरह की कॉफ़ी — जैसे एस्प्रेसो से लेकर पोर-ओवर तक — और क्षेत्र व भूनने के तरीके के आधार पर स्वाद की प्रोफ़ाइल की जटिलता, शौकीनों द्वारा असीमित व्यक्तिगत पसंद और सराहना की अनुमति देती है, जिससे दुनिया भर में बाज़ार की माँग बढ़ती है।"
व्यस्त पेशेवर लोगों के लिए कुछ जल्दी और सेहतमंद नाश्ते के क्या विकल्प हैं?,,"व्यस्त पेशेवर लोगों को ऐसे भोजन चाहिए जो बनाने में तेज़ हों और आसानी से ले जाए जा सकें। यहाँ पाँच आसान, सेहतमंद नाश्ते के विकल्प दिए गए हैं:
१. रात भर के ओट्स: रोल्ड ओट्स, दूध (डेयरी या बिना डेयरी), चिया बीज और फल को पिछली रात एक जार में मिलाएँ। उन्हें सुबह पकाने का बिल्कुल समय नहीं चाहिए और वे देर तक चलने वाली ऊर्जा देते हैं।
२. ज़्यादा प्रोटीन वाली स्मूदी: पालक, केला, प्रोटीन पाउडर और किसी तरल आधार को मिलाएँ। यह विकल्प आपकी पसंद के अनुसार बदला जा सकता है, साथ ले जाने लायक है, और इसे तैयार करने में पाँच मिनट से भी कम समय लगता है।
३. ग्रीक दही पारफ़े: सादे ग्रीक दही (जो प्रोटीन में ज़्यादा होता है), ग्रनोला और मुट्ठी भर बेरीज़ की परतें बनाएँ। यह प्रोटीन, फ़ाइबर और एंटीऑक्सीडेंट्स का अच्छा संतुलन प्रदान करता है।
४. अंडे के मफ़िन/बाइट्स: रविवार को सब्ज़ियों और पनीर के साथ अंडे के पके हुए कप का एक बैच तैयार करें। इन्हें ६० सेकंड में माइक्रोवेव किया जा सकता है और चलते-फिरते प्रोटीन लेने के लिए ये बेहतरीन हैं।
५. साबुत अनाज वाला टोस्ट, एवोकाडो और बीज के साथ: सरल, पेट भरने वाला और तेज़। ब्रेड को टोस्ट करें, उस पर आधा एवोकाडो मैश करें, और अतिरिक्त पोषण के लिए 'एवरीथिंग बैगेल' मसाला या हेम्प बीज छिड़कें।"
एजाइल सॉफ्टवेयर बनाने के तरीके के मुख्य सिद्धांतों को समझाइए।,,"एजाइल प्रोजेक्ट के इंतज़ाम और सॉफ्टवेयर बनाने का एक ऐसा चरणबद्ध (बार-बार दोहराने वाला) तरीका है जो टीमों को कम परेशानी के साथ और ज़्यादा तेज़ी से फ़ायदा पहुँचाने में मदद करता है। इसके मुख्य सिद्धांत, जिन्हें एजाइल मैनिफेस्टो में बताया गया है, इन चीज़ों को प्राथमिकता देते हैं: 1) प्रक्रिया और उपकरणों के बजाय लोगों और उनके आपसी तालमेल को; 2) पूरी जानकारी वाले दस्तावेज़ों के बजाय काम करने वाले सॉफ्टवेयर को; 3) ठेके पर मोलभाव करने के बजाय ग्राहक के साथ मिलकर काम करने को; और 4) किसी योजना पर टिके रहने के बजाय बदलाव पर प्रतिक्रिया देने को। एजाइल तेज़ी से बदलने (अनुकूलन), बार-बार प्रतिक्रिया लेने और इस्तेमाल करने लायक उत्पाद (प्रोडक्ट) के हिस्सों को लगातार देते रहने को बढ़ावा देता है।"
ग्रेट बैरियर रीफ़ क्या है?,"ग्रेट बैरियर रीफ़ दुनिया का सबसे बड़ा मूंगे की चट्टानों का सिस्टम है, जिसमें 2,900 से ज़्यादा अलग-अलग चट्टानें और 900 द्वीप शामिल हैं। यह ऑस्ट्रेलिया के क्वींसलैंड के किनारे से दूर, कोरल सागर में 2,300 किलोमीटर (1,400 मील) से ज़्यादा दूरी तक फैला हुआ है। यह ज़िंदा जीवों द्वारा बनाई गई सबसे बड़ी अकेली संरचना है, जिसे बाहर के आसमान से भी देखा जा सकता है, और इसे 1981 में यूनेस्को विश्व धरोहर स्थल घोषित किया गया था।","ग्रेट बैरियर रीफ़ एक बहुत ही पेचीदा और जीवों की विविधता वाला पर्यावरण ढांचा है। यह समुद्री जीवन की एक बड़ी श्रृंखला को सहारा देता है, जिसमें 30 तरह की व्हेल और डॉल्फ़िन, दुनिया की खतरे वाली समुद्री कछुओं की 7 जातियों में से 6, 1,500 से ज़्यादा मछली की किस्में, 4,000 तरह के मोलस्क (घोंघे जैसी चीज़ें), और सैकड़ों तरह के सख्त और मुलायम मूंगे शामिल हैं। यह हरे समुद्री कछुओं के लिए एक अहम अंडे देने की जगह भी है।

इस चट्टान का प्रबंधन ग्रेट बैरियर रीफ़ मरीन पार्क अथॉरिटी द्वारा किया जाता है। अपनी सुरक्षित स्थिति के बावजूद, इसे बड़े पर्यावरण खतरों का सामना करना पड़ता है। मुख्य रूप से जलवायु परिवर्तन के कारण बड़े पैमाने पर मूंगे का सफेद पड़ना, साथ ही तटीय विकास (किनारे पर निर्माण), खेती से आने वाला गंदा बहाव, और क्राउन-ऑफ़-थॉर्न्स तारा मछली के फैलाव के चक्रों से भी खतरा है। इसका आर्थिक योगदान बहुत बड़ा है, जो पर्यटन और मछली पकड़ने के ज़रिए हज़ारों नौकरियों को सहारा देता है। यह चट्टान कई आदिवासी और टॉरेस जलडमरूमध्य द्वीप समूह के लोगों के लिए बहुत सांस्कृतिक महत्व रखती है, जिनका इस इलाके से लंबा और गहरा संबंध रहा है।"
305' के सांस्कृतिक महत्व को समझाएँ।,,"305 फ़्लोरिडा के मियामी-डेड ज़िले का मुख्य इलाक़ा कोड (area code) है, और यह ख़ुद मियामी शहर के लिए एक मज़बूत सांस्कृतिक प्रतीक बन गया है। यह जीवंत लैटिन संस्कृति का पर्यायवाची है, ख़ासकर लिटिल हवाना जैसे इलाक़ों में रहने वाले बड़े क्यूबा-अमरीकी समुदाय का। '305' की यह पहचान संगीत, रात की ज़िंदगी और चकाचौंध से गहराई से जुड़ी हुई है, जिसका ज़िक्र अक्सर हिप-हॉप और रेगेटन संगीत में किया जाता है (उदाहरण के लिए, पिटबुल, जिन्हें 'मिस्टर 305' के नाम से जाना जाता है)। यह इलाक़ा अपने शानदार समुद्र तटों (मियामी बीच), आर्ट डेको वास्तुकला, और अंतर्राष्ट्रीय व्यापार और पर्यटन के केंद्र के रूप में अपनी स्थिति के लिए विश्व स्तर पर जाना जाता है। मियामी को '305' कहकर संबोधित करना इसके अनोखे उपोष्णकटिबंधीय, तेज़-तर्रार माहौल के प्रति गर्व और वफ़ादारी व्यक्त करता है, जो फ़्लोरिडा के अन्य हिस्सों से अलग है।"
दी गई सूची में से एक आम गाड़ी का टायर बदलने के लिए ज़रूरी औज़ारों की पहचान करें।,"हथौड़ा, जैक, पहिए का पाना, सॉकेट सेट, अतिरिक्त टायर, पेचकस, नापने वाला फीता, फावड़ा, रस्सी थामने वाला औजार।","जैक, पहिए का पाना, अतिरिक्त टायर।"
"ग्रेट बैरियर रीफ प्रणाली के भौतिक आकार या घटकों की गिनती से संबंधित सभी संख्यात्मक मापों को निकालें। निष्कर्षों को बुलेट सूची के रूप में प्रस्तुत करें, यह सुनिश्चित करते हुए कि प्रत्येक वस्तु में संख्या और उससे जुड़ी इकाई या घटक का प्रकार दोनों शामिल हों।","ग्रेट बैरियर रीफ दुनिया की सबसे बड़ी मूंगा चट्टान प्रणाली है, जो 2,900 से अधिक व्यक्तिगत रीफों और 900 द्वीपों से बनी है और लगभग 344,400 वर्ग किलोमीटर (133,000 वर्ग मील) के क्षेत्रफल में 2,300 किलोमीटर (1,400 मील) से अधिक तक फैली हुई है। यह रीफ कोरल सागर में, क्वींसलैंड, ऑस्ट्रेलिया के तट से दूर स्थित है। इसे 1981 में यूनेस्को विश्व धरोहर स्थल घोषित किया गया था। यह रीफ प्रणाली जीवन की एक विशाल विविधता का समर्थन करती है, जिसमें 30 प्रकार की व्हेल, डॉल्फिन और पोरपॉइज़, 1,500 प्रकार की मछलियाँ, और लगभग 400 प्रकार के कठोर मूंगे शामिल हैं। हालाँकि, जलवायु परिवर्तन, बढ़ते समुद्र का तापमान और प्रदूषण इसके दीर्घकालिक स्वास्थ्य के लिए महत्वपूर्ण खतरा पैदा करते हैं।","- 2,900 व्यक्तिगत रीफ
- 900 द्वीप
- 2,300 किलोमीटर
- 1,400 मील
- 344,400 वर्ग किलोमीटर
- 133,000 वर्ग मील"
सामान्य वायुमंडलीय दबाव पर शुद्ध पानी किस तापमान पर उबलता है?,,समुद्र तल पर शुद्ध पानी 100 डिग्री सेल्सियस (212 डिग्री फ़ारेनहाइट) पर उबलता है।
रोज़ेटा पत्थर का क्या महत्व है?,"रोज़ेटा पत्थर ग्रेनोडायोराइट से बना एक शिला-स्तंभ है जिस पर टॉलेमिक राजवंश के दौरान 196 ईसा पूर्व में मिस्र के मेम्फिस में जारी एक राज्यादेश के तीन संस्करण उत्कीर्ण हैं। ऊपर और बीच के लेख क्रमशः प्राचीन मिस्री चित्रलिपि और डेमोटिक लिपि में हैं, जबकि नीचे का लेख प्राचीन यूनानी भाषा में है। क्योंकि यह तीनों लिपियों में अनिवार्य रूप से एक ही पाठ (मामूली अंतर के साथ) प्रस्तुत करता है, इसने 1822 में जीन-फ़्राँस्वा शैम्पोलियन द्वारा मिस्री चित्रलिपि को समझने (डिकोड करने) की महत्वपूर्ण चाबी प्रदान की, जिससे प्राचीन मिस्री भाषा और सभ्यता को समझने का मार्ग खुल गया।","रोज़ेटा पत्थर महत्वपूर्ण है क्योंकि इसने 1822 में प्राचीन मिस्री चित्रलिपि को समझने की महत्वपूर्ण चाबी प्रदान की, क्योंकि इसमें वही राज्यादेश तीन लिपियों में लिखा गया था: चित्रलिपि, डेमोटिक लिपि और प्राचीन यूनानी।"
एक टिकाऊ (या लम्बा चलने वाला) निजी खर्चा-पानी का हिसाब (बजट) बनाने और पैसे बचाना शुरू करने के लिए मुझे पहले तीन कदम क्या उठाने चाहिए?,,"एक लम्बा चलने वाला बजट बनाने और तुरंत बचत शुरू करने के लिए, इन तीन मुख्य कामों पर ध्यान दें:

1.  **हर खर्चा दर्ज करें (ट्रैक करें):** पहले महीने में, खर्च किए गए हर छोटे-बड़े पैसे का हिसाब ध्यान से लिखें (इसके लिए आप एक ऐप, स्प्रेडशीट, या कॉपी/डायरी का इस्तेमाल कर सकते हैं)। इससे आपको अपनी सामान्य खर्च करने की आदतों की सही जानकारी मिलेगी।
2.  **श्रेणी में बाँटें और जाँच करें:** अपने खर्चों को निश्चित खर्चों (जैसे किराया, बीमा), ऊपर-नीचे होने वाले खर्चों (जैसे राशन, मनोरंजन), और मनमर्जी के खर्चों में अलग-अलग करें। 'पैसे की बर्बादी' पहचानें—यानी वे क्षेत्र जहाँ छोटी-छोटी, बार-बार की गई खरीददारी फालतू में बहुत बड़ी रकम बन जाती है।
3.  **'पहले खुद को भुगतान करें' लागू करें:** अपनी तनख्वाह जमा होते ही तुरंत एक ऑटोमैटिक ट्रांसफर सेट करें, जो बचत की तयशुदा रकम को सीधे ज़्यादा ब्याज़ देने वाले बचत खाते में डाल दे। इस ट्रांसफर को एक ऐसा ज़रूरी खर्चा मानें जिसे टाला नहीं जा सकता।"
"नीचे दिए गए शहरों को उनके मुख्य महाद्वीप के अनुसार समूह में बाँटें: काइरो, सिडनी, शंघाई, रियो डी जनेरियो, लंदन, जोहानसबर्ग, न्यूयॉर्क शहर, मॉस्को।",,"अफ्रीका: काइरो, जोहानसबर्ग
एशिया: शंघाई
यूरोप: लंदन, मॉस्को
उत्तरी अमेरिका: न्यूयॉर्क शहर
ओशिनिया: सिडनी
दक्षिणी अमेरिका: रियो डी जनेरियो"
मोनालिसा की पेंटिंग बनाने का श्रेय किसे दिया जाता है?,,लियोनार्डो दा विंची
धरती पर सबसे बड़ी जीवित बनावट क्या है?,,"धरती पर सबसे बड़ी जीवित बनावट ग्रेट बैरियर रीफ़ है, जो ऑस्ट्रेलिया के तट से दूर स्थित है। यह दुनिया का सबसे बड़ा मूँगा चट्टान तंत्र है और इसे बाहरी अंतरिक्ष से भी देखा जा सकता है।"
ऑस्ट्रेलिया की राजधानी क्या है,,कैनबरा
"सुकेन्द्रकी कोशिकाओं में पाए जाने वाले आरएनए के तीन मुख्य प्रकारों की पहचान करें, उन्हें जीन अभिव्यक्ति (अनुलेखन या अनुवाद) में उनकी भूमिका के अनुसार वर्गीकृत करें, और प्रत्येक के मुख्य कार्य का सारांश दें।",,"सुकेन्द्रकी कोशिकाओं में पाए जाने वाले आरएनए के तीन मुख्य प्रकार हैं: संदेशवाहक आरएनए (एमआरएनए), अंतरण आरएनए (टीआरएनए), और राइबोसोमी आरएनए (आरआरएनए)। वे आणविक जीव विज्ञान के केंद्रीय सिद्धांत के आवश्यक भाग हैं, जो आनुवंशिक जानकारी को डीएनए से कार्यशील प्रोटीन में बदलने में मदद करते हैं।

### 1. संदेशवाहक आरएनए (एमआरएनए)

**वर्गीकरण:** मुख्य रूप से **अनुलेखन** (डीएनए साँचे पर आधारित प्रारंभिक संश्लेषण) में शामिल होता है और **अनुवाद** के लिए साँचे (टेम्पलेट) के रूप में कार्य करता है।

**कार्य:** एमआरएनए एक मध्यस्थ अणु के रूप में कार्य करता है। यह केंद्रक में डीएनए साँचे से अनुलेखित होता है, एक विशिष्ट प्रोटीन के लिए आनुवंशिक कोड (कोडॉन के रूप में) को वहन करता है। फिर यह कोशिकाद्रव्य (या अंतःप्रद्रव्यी जालिका) तक जाता है जहाँ यह प्रोटीन संश्लेषण के दौरान जोड़े जाने वाले अमीनो अम्लों के क्रम को निर्धारित करता है।

### 2. अंतरण आरएनए (टीआरएनए)

**वर्गीकरण:** मुख्य रूप से **अनुवाद** में शामिल होता है।

**कार्य:** टीआरएनए अणु अनुवाद के दौरान सही अमीनो अम्लों को भौतिक रूप से राइबोसोम तक लाने के लिए जिम्मेदार होते हैं। प्रत्येक टीआरएनए अणु के एक सिरे पर एक प्रतिकोडॉन (एमआरएनए कोडॉन के पूरक क्रम वाला) होता है और दूसरे सिरे पर उसके संगत अमीनो अम्ल जुड़ा होता है। यह सुनिश्चित करता है कि एमआरएनए के निर्देशों के अनुसार सही पॉलीपेप्टाइड श्रृंखला का निर्माण हो।

### 3. राइबोसोमी आरएनए (आरआरएनए)

**वर्गीकरण:** मुख्य रूप से **अनुवाद** में शामिल होता है (संरचनात्मक और उत्प्रेरक)।

**कार्य:** आरआरएनए राइबोसोम का मुख्य संरचनात्मक और उत्प्रेरक घटक है, जो प्रोटीन संश्लेषण के लिए जिम्मेदार आणविक मशीनें हैं। राइबोसोम आरआरएनए और प्रोटीन का एक संकुल (कॉम्प्लेक्स) होते हैं। आरआरएनए अणु राइबोसोम की संरचना को बनाए रखने के लिए महत्वपूर्ण हैं और, सबसे महत्वपूर्ण बात, बड़ी उप-इकाई (लार्ज सबयूनिट) का आरआरएनए (जिसे पेप्टिडाइल ट्रांसफ़रेज़ के रूप में जाना जाता है) अमीनो अम्लों को एक साथ जोड़ने वाले पेप्टाइड बंधों के निर्माण को उत्प्रेरित करता है।"
समझाइए कि प्लूटो को एक मुख्य ग्रह से बौने ग्रह में दोबारा क्यों वर्गीकृत किया गया।,,"2006 में, अंतर्राष्ट्रीय खगोलीय संघ (आईएयू) ने 'ग्रह' की पहली औपचारिक परिभाषा तय की। इस परिभाषा के लिए ज़रूरी था कि एक खगोलीय पिंड तीन शर्तें पूरी करे: 1) यह सूरज की परिक्रमा करता हो; 2) इसका द्रव्यमान (वजन) इतना ज़्यादा हो कि यह अपनी गुरुत्वाकर्षण शक्ति के कारण लगभग गोल आकार ले सके; और 3) यह अपनी कक्षा के आस-पास के क्षेत्र को अन्य पिंडों से साफ कर चुका हो। प्लूटो ने पहली दो शर्तें तो पूरी कर दीं, लेकिन तीसरी शर्त पूरी नहीं कर पाया क्योंकि यह अपने कक्षीय क्षेत्र (जिसे काइपर बेल्ट कहा जाता है) को कई अन्य बड़े पिंडों के साथ साझा करता है। नतीजतन, प्लूटो को 'बौना ग्रह' के रूप में दोबारा वर्गीकृत किया गया।"
पेंग्विन की सबसे बड़ी जीवित प्रजाति कौन सी है?,"पेंग्विन पानी में रहने वाले, उड़ न सकने वाले पक्षियों का एक समूह हैं। वे लगभग पूरी तरह से दक्षिणी गोलार्ध में रहते हैं। गैलापागोस पेंग्विन नामक केवल एक प्रजाति भूमध्य रेखा के उत्तर में रहती है। पानी में जीवन के लिए बहुत अनुकूलित होने के कारण, पेंग्विन के पास ऊपर काला और नीचे सफेद रंग का आवरण होता है, और उनके पंख विकसित होकर फ्लिपर बन गए हैं। ज़्यादातर पेंग्विन क्रिल, मछली, स्क्विड और तैराकी के दौरान पकड़े गए समुद्री जीवन के अन्य रूपों को खाते हैं। सबसे बड़ी जीवित प्रजाति एम्परर पेंग्विन है, जिसकी औसत ऊँचाई लगभग 1.1 मीटर (3 ft 7 in) होती है और इसका वज़न 35 किलोग्राम (77 lb) होता है। सबसे छोटी प्रजाति लिटिल ब्लू पेंग्विन है (जिसे फ़ेयरी पेंग्विन भी कहा जाता है), जिसका वज़न लगभग 1 किलोग्राम (2.2 lb) होता है।",एम्परर पेंग्विन
नीचे दिए गए कल्पना/विज्ञान-कथा के शब्दों को उनके मुख्य ब्रह्मांड: स्टार वार्स (एसडब्ल्यू) या लॉर्ड ऑफ़ द रिंग्स (एलओटीआर) के अनुसार बाँटें।,"रिंग, फ़ोर्स, लाइटसेबर, जादूगर, स्टारशिप, एल्फ, साम्राज्य, ओर्क, जेडी।","एसडब्ल्यू: फ़ोर्स, लाइटसेबर, स्टारशिप, साम्राज्य, जेडी। एलओटीआर: रिंग, जादूगर, एल्फ, ओर्क।"
"पैसा आज की अर्थव्यवस्था में मुख्य काम क्या करता है, समझाइए।",,"पैसा आज की अर्थव्यवस्था में तीन अहम (ज़रूरी) काम करता है, जो अदला-बदली (वस्तु विनिमय) की व्यवस्था की कमियों को दूर कर देते हैं। पहला, यह **लेन-देन का ज़रिया** है। इसका मतलब है कि चीज़ें और सेवाएँ खरीदने-बेचने के लिए इसे हर जगह स्वीकार किया जाता है। यह 'ज़रूरतों के दोहरे मेल' (यानी, दोनों पक्षों को ठीक एक ही चीज़ की ज़रूरत होने) की ज़रूरत को खत्म करता है। दूसरा, यह **हिसाब का पैमाना** के तौर पर काम करता है। यह चीज़ों की कीमत तय करने, उनकी कीमत की तुलना करने और कर्ज़ (उधार) का हिसाब लगाने के लिए एक साझा आधार प्रदान करता है। इससे हम एक कार की कीमत की तुलना एक पाव रोटी के दाम जैसी अलग-अलग चीज़ों से आसानी से कर सकते हैं। आखिर में, पैसा **कीमत जमा करने का साधन** है। यह लोगों को धन (दौलत) को रोककर रखने और भविष्य के लिए खरीदने की ताकत को बचाकर रखने देता है, बशर्ते महँगाई काफी हद तक स्थिर रहे। ये तीनों काम दुनिया भर में व्यापार और आर्थिक लेन-देन को आसानी से चलने में मदद करते हैं।"
"पहले बाज़ार में बिकने वाले माइक्रोवेव ओवन का नाम क्या था, और आज सामान्य घरों में इस्तेमाल होने वाली यूनिटें कितनी बिजली खर्च करती हैं?","माइक्रोवेव ओवन खाने को माइक्रोवेव आवृत्ति सीमा में विद्युत-चुंबकीय विकिरण (रेडिएशन) के संपर्क में लाकर गर्म करते हैं। इससे खाने में मौजूद ध्रुवीय अणु, जैसे कि पानी, घूमने लगते हैं और गर्मी (ऊष्मीय ऊर्जा) पैदा करते हैं—इस प्रक्रिया को डाई-इलेक्ट्रिक हीटिंग के नाम से जाना जाता है। हालांकि इसे अक्सर एक आधुनिक आविष्कार माना जाता है, इसकी मूल तकनीक पर्सी स्पेंसर द्वारा 1945 में विकसित की गई थी। आधुनिक घरेलू यूनिटें आमतौर पर 600 से 1,200 वॉट तक बिजली खर्च करती हैं और लगभग 2.45 गीगा हर्ट्ज़ की आवृत्ति पर चलती हैं। हालांकि, बाज़ार में उपलब्ध होने वाली पहली यूनिट, 'रेडारेंज,' का वज़न 750 पाउंड से अधिक था और यह लगभग छह फीट ऊँची थी।","बाज़ार में उपलब्ध होने वाली पहली यूनिट 'रेडारेंज' थी, और आधुनिक घरेलू यूनिटें आमतौर पर 600 से 1,200 वॉट बिजली खर्च करती हैं।"
वर्साय की संधि क्या थी?,"वर्साय की संधि उन शांति संधियों में सबसे अहम थी जिनसे पहला विश्व युद्ध समाप्त हुआ था। इस संधि ने जर्मनी और मित्र शक्तियों के बीच युद्ध की स्थिति को खत्म कर दिया। इस पर 28 जून 1919 को वर्साय में हस्ताक्षर किए गए थे, ठीक आर्कड्यूक फ्रांज़ फर्डिनेंड की हत्या के पाँच साल बाद, जिसकी वजह से सीधे तौर पर युद्ध शुरू हुआ था। अन्य केंद्रीय शक्तियों के लिए अलग-अलग संधियाँ थीं। हालांकि, 11 नवंबर 1918 को हुए युद्धविराम से असली लड़ाई खत्म हो गई थी, लेकिन शांति संधि को पूरा करने के लिए पेरिस शांति सम्मेलन में छह महीने की बातचीत लगी थी। इस संधि को 21 अक्टूबर 1919 को राष्ट्र संघ के सचिवालय द्वारा दर्ज किया गया था। इस संधि में 440 धाराएँ थीं, जिनमें माँग की गई थी कि जर्मनी युद्ध छेड़ने की पूरी ज़िम्मेदारी ले और साथ ही भारी हर्जाने का भुगतान, महत्वपूर्ण क्षेत्रीय छूट और सख्त फौजी पाबंदियाँ स्वीकार करे।",वर्साय की संधि उन शांति संधियों में सबसे महत्वपूर्ण थी जिसने औपचारिक रूप से पहले विश्व युद्ध को समाप्त किया और जर्मनी तथा मित्र शक्तियों के बीच युद्ध की स्थिति को ख़त्म किया।
"एक प्रोजेक्ट मैनेजर (परियोजना प्रबंधक) की ओर से कार्यकारी टीम को 'एटलस सॉफ़्टवेयर डिप्लॉयमेंट' (एटलस सॉफ़्टवेयर शुरू करने) की समय सीमा चूक जाने के संबंध में एक अंदरूनी मेमो लिखें। आपके मेमो में 1) देरी का मुख्य कारण स्पष्ट रूप से बताया जाना चाहिए, 2) एक वरिष्ठ डेवऑप्स इंजीनियर और जाँच के लिए बढ़ी हुई समय-सीमा के तुरंत आवंटन का अनुरोध होना चाहिए, और 3) भविष्य के सभी प्रोजेक्टों के लिए एक नया अनिवार्य 'शुरुआत से पहले जोखिम आकलन' चरण प्रस्तावित होना चाहिए।",,"ज्ञापन

सेवा में: कार्यकारी नेतृत्व टीम (ईएलटी)
प्रेषक: [परियोजना प्रबंधक का नाम], एटलस डिप्लॉयमेंट प्रमुख
दिनांक: 26 अक्टूबर, 2023
विषय: एटलस सॉफ़्टवेयर लगाने (Deployment) में हुई देरी पर स्थिति की जानकारी और सुधारात्मक कार्रवाई योजना

यह ज्ञापन पुष्टि करता है कि एटलस सॉफ़्टवेयर पैकेज को 25 अक्टूबर को लगाने की निर्धारित समय सीमा चूक गई है।

1) इस देरी का मुख्य कारण नए बनाए गए एटलस हिस्सों (मॉड्यूल) और मौजूदा पुरानी वित्तीय रिपोर्टिंग प्रणाली (सिस्टम 3) के बीच गंभीर, अप्रत्याशित तालमेल की समस्याओं (इंटिग्रेशन कॉन्फ्लिक्ट्स) का पता चलना था। हालाँकि शुरू में निर्भरता की जाँच की गई थी, लेकिन सिस्टम 3 के डेटा संभालने के तरीकों (प्रोटोकॉल) की जटिलता पिछले सप्ताह के अंत में, अंतिम, भारी लोड वाले तनाव परीक्षण (स्ट्रेस टेस्टिंग) के दौरान ही सामने आई। इन मुद्दों को सुलझाने के लिए विशेष ज्ञान की आवश्यकता है जो मौजूदा गुणवत्ता जाँच (क्यूए) टीम के अधिकार क्षेत्र से बाहर है।

2) डिप्लॉयमेंट की समय-सीमा को स्थिर करने और सफल शुरुआत सुनिश्चित करने के लिए, मैं तत्काल दो महत्वपूर्ण संसाधनों का अनुरोध करता हूँ:
* जटिल, पुरानी एपीआई (API) की बाधाओं को हल करने के लिए, अगले 72 घंटों के लिए, विशेष रूप से जेन केलर नामक एक वरिष्ठ डेवऑप्स इंजीनियर का तुरंत, समर्पित आवंटन।
* डिप्लॉयमेंट की तारीख फिर से तय करने से पहले सुधारों को कठोरता से सत्यापित करने के लिए जाँच (टेस्टिंग) की समय-सीमा में आधिकारिक रूप से पाँच अतिरिक्त कार्य दिवसों का विस्तार।

3) आगे बढ़ते हुए, भविष्य में महत्वपूर्ण डिप्लॉयमेंट में इसी तरह की देरी के जोखिम को कम करने के लिए, मैं अनिवार्य 'डिप्लॉयमेंट से पहले जोखिम आकलन' (पी.डी.आर.ए.) चरण को तुरंत लागू करने का प्रस्ताव करता हूँ। योजना चरण के दौरान लागू किया गया यह चरण, विशेष रूप से सभी आपस में जुड़े हुए पुरानी प्रणालियों की गहन जाँच (डीप-डाइव ऑडिटिंग) को अनिवार्य करेगा और अपेक्षित निर्भरता की परवाह किए बिना, संबंधित सिस्टम मालिकों से अंतिम स्वीकृति (साइन-ऑफ़) की मांग करेगा।

मैं इन अनुरोधों पर आपके तुरंत ध्यान देने की सराहना करता हूँ। संसाधन की पुष्टि होने के बाद मैं कार्य दिवस के अंत तक एक संशोधित समय-सीमा अनुमान प्रदान करूँगा।"
अलेक्जेंडर फ्लेमिंग को उस पदार्थ (जिसे उन्होंने पेनिसिलिन नाम दिया) की पहचान करने के बाद किस ख़ास चुनौती का सामना करना पड़ा?,"पेनिसिलिन की खोज स्कॉटिश डॉक्टर और सूक्ष्मजीव विज्ञानी अलेक्जेंडर फ्लेमिंग ने 1928 में की थी, हालांकि इसका इलाज संबंधी उपयोग एक दशक से ज़्यादा समय के लिए टल गया था। फ्लेमिंग ने मशहूर तरीके से लंदन की अपनी प्रयोगशाला में एक पेट्री डिश पर *पेनिसिलियम नोटेटम* नामक फफूंदी को फैलते हुए देखा था। उन्होंने गौर किया कि फफूंदी की बस्ती के ठीक आस-पास का क्षेत्र जीवाणु के विकास से मुक्त था (ख़ास तौर पर *स्टैफिलोकोकस*)। फ्लेमिंग ने सक्रिय पदार्थ की सही पहचान पेनिसिलिन के रूप में की थी, लेकिन उन्हें इस यौगिक को बड़े पैमाने पर उत्पादन या इंसानों के प्रभावी इलाज के लिए उपयुक्त, स्थिर रूप में अलग करने और शुद्ध करने में संघर्ष करना पड़ा। यह 1940 के दशक की शुरुआत तक नहीं हो पाया, जब ऑक्सफोर्ड के वैज्ञानिकों हॉवर्ड फ्लोरे और अर्न्स्ट चेन ने पेनिसिलिन को शुद्ध करने और स्थिर बनाने की एक प्रक्रिया विकसित की, तभी यह एक कारगर चिकित्सीय दवा बन पाई, जिसने दूसरे विश्व युद्ध के दौरान हताहतों पर भारी प्रभाव डाला।","फ्लेमिंग को इस यौगिक को बड़े पैमाने पर उत्पादन या इंसानों के प्रभावी इलाज के लिए उपयुक्त, स्थिर रूप में अलग करने और शुद्ध करने में संघर्ष करना पड़ा।"
"पाठ के अनुसार इंसुलिन की खोज और शुद्धिकरण में शामिल चार मुख्य व्यक्तियों के नाम बताएं, और उनकी विशिष्ट भूमिकाओं का उल्लेख करें।","इंसुलिन की खोज 1921 में फ़्रेडरिक बैंटिंग और चार्ल्स बेस्ट ने टोरंटो विश्वविद्यालय में की थी। उन्होंने जॉन जेम्स रिकर्ड मैकलियॉड की देखरेख में काम किया। शुरुआत में, टीम को अग्न्याशय के सत्वों को शुद्ध करने में कठिनाई हुई। बाद में, जेम्स कॉलिप इस प्रयास में शामिल हुए और उन्होंने इंसुलिन के सत्व का एक पर्याप्त शुद्ध रूप बनाने की प्रक्रिया विकसित की, जिसे 'आइलेटिन' नाम दिया गया। पहला सफल मानव परीक्षण 23 जनवरी, 1922 को 14 वर्षीय लियोनार्ड थॉम्पसन पर किया गया था। बैंटिंग और मैकलियॉड को विवादों के बीच 1923 का शरीर विज्ञान या चिकित्सा का नोबेल पुरस्कार दिया गया था, यह सम्मान बैंटिंग ने तुरंत बेस्ट के साथ और मैकलियॉड ने कॉलिप के साथ बाँट लिया था।",फ़्रेडरिक बैंटिंग और चार्ल्स बेस्ट को इंसुलिन की शुरुआती खोज का श्रेय दिया जाता है। जॉन जेम्स रिकर्ड मैकलियॉड टीम के पर्यवेक्षक थे। जेम्स कॉलिप शुद्धिकरण प्रक्रिया विकसित करने के लिए जिम्मेदार थे जिसने सफल मानव परीक्षणों की अनुमति दी (उन्होंने 'आइलेटिन' बनाया)।
उन मुख्य आर्थिक और साजो-सामान के फायदों की सूची बनाएँ जो कंपनियाँ हमेशा के लिए दूर से काम करने की नीतियाँ लागू करने के लिए बताती हैं।,,"मुख्य फायदे जो अक्सर बताए जाते हैं, उनमें शामिल हैं:
1. दफ्तर की जगह, बिजली-पानी और उनसे जुड़ी सेवाओं की ज़रूरत कम करके कामकाज के खर्च में बड़ी कमी।
2. एक बड़े, किसी जगह तक सीमित न रहने वाले हुनरमंद लोगों के समूह तक पहुँच बनाना, जिससे कंपनियाँ उनकी भौगोलिक जगह की परवाह किए बिना खास माहिरों को भर्ती कर सकती हैं।
3. ज़्यादा लचक और रोज़ के तनावपूर्ण सफर के खत्म होने के कारण कर्मचारियों को ज़्यादा देर तक रोके रखना और काम से उनकी संतुष्टि बढ़ाना।
4. कुछ खास भूमिकाओं में कामकाज की क्षमता बेहतर होना, क्योंकि कर्मचारी अपना ध्यान ज़्यादा केंद्रित करने के लिए अपने काम करने के माहौल को अपनी ज़रूरत के हिसाब से बदल सकते हैं।
5. स्थानीय रुकावटों या आपातकालीन स्थितियों के दौरान संगठन की मज़बूती और कारोबार जारी रखने की क्षमता को बढ़ाना।"
मौसम और आबोहवा के बीच का फ़र्क़ एक ही वाक्य में समझाइए।,,"मौसम थोड़े समय के लिए माहौल के हालात बताता है, जबकि आबोहवा लंबे समय के औसत मौसम के तरीक़ों को बताती है।"
"डीएनए में पाए जाने वाले चारों नाइट्रोजन बेस की सूची दें, उन्हें अर्धविराम (सेमी-कोलन) से अलग करें और कोष्ठक में उनके एक-अक्षर के संक्षिप्त नाम लिखें।","डीऑक्सीराइबोन्यूक्लिक एसिड (डीएनए) एक जटिल अणु है जिसमें किसी जीव को बनाने और बनाए रखने के लिए आवश्यक सारी जानकारी होती है। डीएनए न्यूक्लियोटाइड की दो लंबी लड़ियों से मिलकर बना होता है जो एक-दूसरे के चारों ओर लिपटी होती हैं, जिससे एक दोहरी कुंडली (डबल हेलिक्स) बनती है। प्रत्येक न्यूक्लियोटाइड के तीन भाग होते हैं: एक फॉस्फेट समूह, एक शर्करा अणु (डीऑक्सीराइबोज), और चार नाइट्रोजन बेस में से कोई एक। ये बेस हैं एडेनीन (A), गुआनीन (G), साइटोसीन (C), और थाइमीन (T)। इन बेस का क्रम ही आनुवंशिक कोड निर्धारित करता है।",एडेनीन (A); गुआनीन (G); साइटोसीन (C); थाइमीन (T)
"अगर मेरा बड़ा बच्चा मुझे बताए कि वह गंभीर डिप्रेशन से जूझ रहा है और कॉलेज छोड़ने की सोच रहा है, तो मुझे कैसे जवाब देना चाहिए?",,"सबसे ज़रूरी पहला कदम यह है कि आप उनके दर्द को सही मानें और पढ़ाई-लिखाई की चिंताओं से ज़्यादा उनकी सेहत को प्राथमिकता दें। शांति और हमदर्दी के साथ जवाब दें, इस बात पर ज़ोर देते हुए कि इस समय उनकी सेहत उनकी डिग्री से ज़्यादा मायने रखती है। कहें, 'मुझ पर भरोसा करने के लिए धन्यवाद; हम इसका सामना साथ में करेंगे।' तुरंत उन्हें पेशेवर जाँच के लिए मदद करें—किसी यूनिवर्सिटी काउंसलिंग सेंटर, प्राथमिक देखभाल डॉक्टर, या मानसिक स्वास्थ्य विशेषज्ञ से संपर्क करें। अगर कॉलेज छोड़ना ज़रूरी हो, तो इसे 'कुछ समय का विराम' या 'चिकित्सीय छुट्टी' के तौर पर पेश करें ताकि उन्हें असफलता का एहसास कम हो, और कोई भी बड़ा व्यवस्था संबंधी बदलाव करने से पहले एक स्थिर सहारा प्रणाली और इलाज की योजना बनाने पर ध्यान दें।"
"क्यूबाई मिसाइल संकट (अक्टूबर 1962) के कारणों और तुरंत नतीजों का एक संक्षिप्त सार (खुलासा) दें, यह सुनिश्चित करें कि सारांश 200 शब्दों से कम हो।",,"अक्टूबर 1962 में हुआ क्यूबाई मिसाइल संकट 13 दिनों तक चला, जो संयुक्त राज्य अमेरिका और सोवियत संघ के बीच एक बड़ा टकराव था। यह टकराव क्यूबा में सोवियत बैलिस्टिक मिसाइलों की तैनाती से शुरू हुआ। इसके मुख्य कारण थे शीत युद्ध का बढ़ता तनाव, तुर्की में अमेरिका द्वारा जूपिटर मिसाइलों की तैनाती, और बे ऑफ़ पिग्स के असफल आक्रमण के बाद क्यूबा को बचाने की सोवियत इच्छा। जब अमेरिका ने समुद्री नाकेबंदी लागू की, तब यह संकट चरम पर पहुँच गया।

समाधान के तहत, सोवियत नेता ख्रुश्चेव क्यूबा पर हमला न करने की अमेरिका की सार्वजनिक प्रतिज्ञा के बदले में मिसाइलों को हटाने पर सहमत हो गए। इसके साथ ही, तुर्की से अमेरिकी मिसाइलें हटाने का एक गुप्त समझौता भी हुआ। एक महत्वपूर्ण तुरंत नतीजा यह था कि सीधा संपर्क आसान बनाने और भविष्य में परमाणु तनाव को रोकने के लिए मॉस्को-वाशिंगटन सीधी संपर्क रेखा (हॉटलाइन) स्थापित की गई।"
दिए गए पाठ के आधार पर अपोलो 11 मिशन की मुख्य घटनाओं और दल के सदस्यों का सारांश बताएं।,"अपोलो 11 वह अंतरिक्ष यात्रा थी जिसने पहले दो इंसानों को चाँद पर उतारा। कमांडर नील आर्मस्ट्रांग और लूनर मॉड्यूल पायलट बज़ एल्ड्रिन ने 20 जुलाई, 1969 को 20:17 यूटीसी पर अपोलो लूनर मॉड्यूल *ईगल* को उतारा। आर्मस्ट्रांग छह घंटे बाद 21 जुलाई को चाँद की सतह पर कदम रखने वाले पहले व्यक्ति बने; एल्ड्रिन 19 मिनट बाद उनसे जुड़े। उन्होंने अंतरिक्ष यान के बाहर लगभग सवा दो घंटे साथ बिताए, और धरती पर वापस लाने के लिए 47.5 पाउंड (21.5 किलोग्राम) चाँद का सामान इकट्ठा किया। तीसरे दल के सदस्य, माइकल कोलिन्स ने कमांड मॉड्यूल *कोलंबिया* को अकेले चाँद की कक्षा में चलाया जब आर्मस्ट्रांग और एल्ड्रिन चाँद की सतह पर थे। अपोलो 11 को 16 जुलाई को कैनेडी स्पेस सेंटर से सैटर्न V रॉकेट द्वारा छोड़ा गया था, और यह 24 जुलाई को प्रशांत महासागर में पानी में उतरते हुए धरती पर वापस आया।","अपोलो 11 वह मिशन था जिसने पहले दो इंसानों को चाँद पर उतारा: कमांडर नील आर्मस्ट्रांग (सतह पर पहले) और लूनर मॉड्यूल पायलट बज़ एल्ड्रिन। उन्होंने 20 जुलाई, 1969 को लूनर मॉड्यूल *ईगल* को उतारा। सतह पर रहते हुए, उन्होंने 47.5 पाउंड चाँद का सामान इकट्ठा करते हुए लगभग सवा दो घंटे बिताए। तीसरे दल के सदस्य, माइकल कोलिन्स ने कक्षा में कमांड मॉड्यूल *कोलंबिया* को चलाया। मिशन 16 जुलाई को छोड़ा गया और 24 जुलाई को प्रशांत महासागर में पानी में उतरा।"
बड़े पैमाने पर ए.आई. की तैनाती के सामने फ़िलहाल सबसे मुश्किल नैतिक समस्या क्या मानी जाती है?,,"जवाबदेही का मसला और 'ब्लैक बॉक्स' की समस्या सबसे ज़रूरी है। चूँकि कई उन्नत ए.आई. मॉडल डीप लर्निंग का उपयोग करते हैं जो उनकी निर्णय लेने की प्रक्रिया को अपारदर्शी बना देता है, इसलिए यह तय करना लगभग नामुमकिन हो जाता है कि जब ए.आई. कोई नुक़सानदेह या भेदभावपूर्ण निर्णय लेता है तो उसका ज़िम्मेदार कौन है (प्रोग्रामर, उपयोगकर्ता, या ख़ुद ए.आई.)। पारदर्शिता की यह कमी क़ानूनी और नैतिक जवाबदेही के ढाँचों को कमज़ोर करती है।"
मेहमानों के आने से पहले मुझे जल्दी से अपना रसोईघर ठीक करना है। मुझे किन तीन ज़रूरी कामों पर ध्यान देना चाहिए?,,"आपको जल्दी से सिंक खाली करके बरतन धोने पर, सभी पहुंच वाली मेज़ की सतहों को पोंछने पर, और ज़ाहिर फर्श के हिस्से पर झाड़ू लगाने या दाग़ साफ़ करने पर ध्यान देना चाहिए।"
"निम्नलिखित जी७ सदस्य देशों की राजधानी शहरों की सूची बनाइए: कनाडा, फ़्रांस, जर्मनी, इटली, जापान, यूनाइटेड किंगडम, और संयुक्त राज्य अमेरिका।",,"कनाडा: ओटावा
फ़्रांस: पेरिस
जर्मनी: बर्लिन
इटली: रोम
जापान: टोक्यो
यूनाइटेड किंगडम: लंदन
संयुक्त राज्य अमेरिका: वॉशिंगटन, डी.सी."
"प्लूटो को किसने खोजा, और यह खोज सरकारी तौर पर किस साल और किस जगह पर हुई थी?","प्लूटो की खोज सरकारी तौर पर 18 फरवरी, 1930 को एरिजोना में लोवेल ऑब्ज़र्वेटरी में क्लाइड टॉम्बॉफ द्वारा की गई थी। यूरेनस और नेपच्यून की कक्षाओं में देखी गई हलचलों के कारण इसके अस्तित्व की भविष्यवाणी पहले ही की जा चुकी थी, जिससे खगोलविद एक ""प्लैनिट एक्स"" की खोज करने लगे थे। टॉम्बॉफ ने कुछ दिनों के अंतराल पर ली गई फोटोग्राफिक प्लेटों की व्यवस्थित रूप से तुलना करके प्लूटो को खोजा, उन चीज़ों को ढूँढ़ा जो पीछे के तारों की तुलना में हिल रही थीं। नाम रखने की प्रक्रिया जनता की राय लेकर की गई थी, और 11 साल की वेनेशिया बर्नी द्वारा सुझाया गया नाम ""प्लूटो"" उसी साल बाद में आधिकारिक तौर पर चुना गया।",क्लाइड टॉम्बॉफ ने 1930 में एरिजोना में लोवेल ऑब्ज़र्वेटरी में प्लूटो की खोज की थी।
दुनिया की सबसे लंबी महाद्वीपीय पर्वतमाला कौन सी है?,,"सबसे लंबी महाद्वीपीय पर्वतमाला एंडीज़ है। यह लगभग 7,000 किलोमीटर (4,300 मील) तक फैली हुई है और सात अलग-अलग देशों से होकर गुज़रते हुए पूरे दक्षिण अमेरिका के पश्चिमी तट के साथ-साथ चलती है।"
अक्रिय गैसें ज़्यादातर क्रियाशील क्यों नहीं होतीं?,,"अक्रिय गैसें ज़्यादातर क्रियाशील नहीं होतीं क्योंकि उनके सबसे बाहरी ऊर्जा कोश (शेल) में संयोजक इलेक्ट्रॉनों की संख्या पूरी होती है (यानी आठ का अष्टक, या हीलियम के लिए दो). यह स्थिर इलेक्ट्रॉनिक बनावट उन्हें इलेक्ट्रॉन लेने, खोने या साझा करने से रोकती है, जो रासायनिक बंधन बनाने के लिए ज़रूरी बुनियादी प्रक्रियाएं हैं।"
वेस्टा को क्षुद्रग्रहों के बीच सबसे अलग बनाने वाली खास बातें क्या हैं?,"वेस्टा क्षुद्रग्रह पेटी में दूसरा सबसे विशाल पिंड है, जो मंगल और बृहस्पति के बीच स्थित है। कई छोटे क्षुद्रग्रहों के विपरीत, वेस्टा महत्वपूर्ण ग्रहीय विभेद दिखाता है, जिसका अर्थ है कि इसमें एक अलग कोर, मेंटल और ऊपरी परत है। यह एचईडी उल्कापिंडों (हावर्डाइट, यूक्राइट और डायोजेनाइट) का मूल पिंड है, जो अक्सर पृथ्वी पर गिरते हैं, जिससे वैज्ञानिकों को इसकी बनावट के मूल्यवान नमूने मिलते हैं। डॉन अंतरिक्षयान ने 2011 से 2012 तक वेस्टा की परिक्रमा की, इसकी परतदार संरचना की पुष्टि की और इसके असामान्य रूप से बड़े पीक-रिंग प्रभाव गड्ढे, रियासिल्विया, की खोज की।","वेस्टा महत्वपूर्ण ग्रहीय विभेद दिखाता है, जिसका अर्थ है कि इसमें एक अलग कोर, मेंटल और ऊपरी परत मौजूद है। इसके अलावा, यह एचईडी उल्कापिंडों का मूल पिंड है।"
इकारस के पंख किस वजह से खराब हो गए?,"डैडालस, जो एक माहिर कारीगर था, ने मोम और पंखों से पर बनाए ताकि वह और उसका बेटा, इकारस, क्रीट में कैद से भाग सकें। डैडालस ने अपने बेटे को सख़्त हिदायत दी: समुद्र के बहुत पास मत उड़ना, क्योंकि नमी से पंख भारी हो जाएँगे, और न ही बहुत ऊँचाई पर, क्योंकि सूरज की गर्मी से वह मोम यकीनन पिघल जाएगा जिसने पंखों को जोड़ा हुआ था। अपने पिता की बेक़रार विनतियों को नज़रअंदाज़ करते हुए, इकारस उड़ने की आज़ादी से मदहोश होकर ऊँचा और ऊँचा उड़ता गया। जैसे ही वह सूरज के करीब पहुँचा, मोम नरम हुआ और पिघल गया, पंख अलग हो गए, और इकारस नीचे समुद्र में जा गिरा।",सूरज की गर्मी ने उस मोम को पिघला दिया जिसने पंखों को एक साथ जोड़ा हुआ था।
क्या चीज़ छेदों से भरी है मगर फिर भी पानी रखती है?,,एक सोख्ता।
"दिए गए पाठ के अनुसार, वे कौन से दो मुख्य तरीके हैं जो एक कनवोलूशनल न्यूरल नेटवर्क (सीएनएन) को पारंपरिक नेटवर्क की तुलना में गणना की जटिलता और पैरामीटर की संख्या को कम करने की अनुमति देते हैं?","एक कनवोलूशनल न्यूरल नेटवर्क (सीएनएन) डीप न्यूरल नेटवर्क का एक वर्ग है, जिसका उपयोग आमतौर पर विज़ुअल इमेजरी का विश्लेषण करने के लिए किया जाता है। वे कनवोलूशन लेयर्स के उपयोग से पहचाने जाते हैं, जो इनपुट डेटा पर एक फ़िल्टर लगाकर एक फ़ीचर मैप बनाते हैं, जिससे नेटवर्क स्थानिक पदानुक्रम (spatial hierarchies) सीख पाता है। पारंपरिक फ़ीडफ़ॉरवर्ड न्यूरल नेटवर्क के विपरीत, सीएनएन साझा किए गए वज़न और पूलिंग लेयर्स के उपयोग के माध्यम से आवश्यक पैरामीटर की संख्या को काफी हद तक कम कर देते हैं। पूलिंग लेयर्स, जैसे कि मैक्स-पूलिंग, फ़ीचर मैप्स के आयाम को कम करती हैं, जो ओवरफ़िटिंग को रोकने में मदद करता है और गणना को अधिक प्रबंधनीय बनाता है। पूरी तरह से जुड़ी हुई लेयर, जो आमतौर पर आर्किटेक्चर के अंत में होती है, कनवोलूशनल लेयर्स द्वारा सीखे गए उच्च-स्तरीय फ़ीचर लेती है और उनका उपयोग इनपुट छवि को वर्गीकृत करने के लिए करती है।","एक सीएनएन मुख्य रूप से कनवोलूशन लेयर्स में निहित साझा किए गए वज़न के उपयोग के माध्यम से, और दूसरा, पूलिंग लेयर्स (जैसे कि मैक्स-पूलिंग) के उपयोग के माध्यम से जटिलता को कम करता है, जो फ़ीचर मैप्स के आयाम को कम करती हैं।"
सोने का रासायनिक चिह्न क्या है?,,सोने का रासायनिक चिह्न एयू है।
पुनरावृत्ति (रिकर्शन) की अवधारणा समझाएँ।,,"पुनरावृत्ति (रिकर्शन) प्रोग्रामिंग का एक ऐसा तरीका है जहाँ कोई फ़ंक्शन किसी समस्या को सुलझाने के लिए, खुद को ही, चाहे सीधे या घुमा-फिराकर, बुलाता है। इसका मुख्य विचार यह है कि एक मुश्किल समस्या को उससे छोटी, मगर एक जैसी उप-समस्याओं में तोड़ दिया जाए। किसी भी पुनरावृत्ति फ़ंक्शन को समाप्त होने और अंतहीन चक्कर (लूप) से बचने के लिए, उसमें दो ज़रूरी हिस्से होने चाहिए: 1) आधार स्थिति (बेस केस): यह वह शर्त है जो पुनरावृत्ति को रोकती है, और समस्या के सबसे सरल रूप का सीधा समाधान देती है। 2) पुनरावृत्ति चरण (रिकर्सिव स्टेप): यह वह जगह है जहाँ फ़ंक्शन बदली हुई जानकारी के साथ खुद को बुलाता है, और इस तरह आधार स्थिति के करीब पहुँचता है। इसका एक जाना-माना उदाहरण दो शीशों को आमने-सामने रखना है; परछाईं में पूरी तस्वीर का एक छोटा रूप दिखता है, जो तब तक अनंत रूप से चलता रहता है जब तक कि रोकने का कोई नियम (आधार स्थिति) बीच में नहीं लाया जाता।"
"दिए गए लेख से डायनासोर का पूरा नाम, उसकी खोज का वर्ष, और उसकी मुख्य विशेषता निकालिए। परिणाम को एक ढाँचागत सूची के रूप में प्रस्तुत करें, जहाँ विशेषता नाम और वर्ष के बाद कोष्ठक में आए।","ट्राइसेराटोप्स हॉरिडस, जिसे 1887 में खोजा गया था, सबसे ज़्यादा पहचाने जाने वाले सींग वाले डायनासोरों में से एक है। बाद में, 1905 में, विशालकाय टाइरैनोसॉरस रेक्स को औपचारिक रूप से नाम दिया गया। तीसरी महत्वपूर्ण खोज, जो 1877 की है, वह थी स्टीगोसॉरस आर्माटस, जो अपनी प्लेटों और पूंछ के कांटों के लिए जाना जाता है।","*   ट्राइसेराटोप्स हॉरिडस (1887): सींग वाले डायनासोर
*   टाइरैनोसॉरस रेक्स (1905): विशालकाय डायनासोर
*   स्टीगोसॉरस आर्माटस (1877): प्लेटें और पूंछ के कांटे"
पनामा नहर के निर्माण और आर्थिक महत्व का वर्णन करें।,,"पनामा नहर एक बनावटी जलमार्ग है जो अटलांटिक महासागर को प्रशांत महासागर से जोड़ता है। इसे मुख्य रूप से उत्तरी और दक्षिणी अमेरिका के बीच समुद्री रास्ते को छोटा करने के लिए बनाया गया था। इसका निर्माण फ्रांसीसियों ने 1881 में शुरू किया था, लेकिन यह बीमारी और तकनीकी मुश्किलों के कारण सफल नहीं हो सका। संयुक्त राज्य अमेरिका ने 1904 में यह परियोजना अपने हाथ में ले ली और इसे 1914 में पूरा किया। आर्थिक रूप से, यह नहर बहुत ज़रूरी है, क्योंकि यह जहाज़ों को केप हॉर्न के आस-पास के लंबे और खतरनाक रास्ते से बचकर निकलने देती है। यह दुनिया भर के समुद्री व्यापार के लिए एक अहम और नाज़ुक रास्ता (चोकपॉइंट) है, जो सालाना लाखों टन माल संभालता है और दुनिया भर में ढुलाई के खर्चों को काफ़ी कम करता है।"
"वह इकलौता देश कौन सा है जिसके झंडे में लाल, सफ़ेद या नीला रंग इस्तेमाल नहीं होता?",,लीबिया (1977 से 2011 के बीच इस्तेमाल किए गए झंडे की बात हो रही है)।
क्वांटम उलझाव के सिद्धांत और उसके महत्व को समझाइए।,,"क्वांटम उलझाव एक भौतिक घटना है जहाँ दो या दो से अधिक कण इस तरह से जुड़ जाते हैं कि वे, उनके बीच की स्थानिक दूरी चाहे जितनी भी हो, एक ही क्वांटम अवस्था को साझा करते हैं। जब कण उलझे हुए होते हैं, तो एक कण के किसी विशिष्ट क्वांटम गुण (जैसे स्पिन या ध्रुवीकरण) को मापने से तुरंत ही जोड़े में मौजूद दूसरे कण (कणों) के संबंधित गुण का पता चल जाता है। यह संबंध तब भी मौजूद रहता है जब कण बहुत अधिक दूरी से अलग होते हैं, जिसके कारण अल्बर्ट आइंस्टीन ने इस प्रभाव को प्रसिद्ध रूप से ""दूर से डरावनी क्रिया"" (spooky action at a distance) कहा था, क्योंकि ऐसा लगता है कि यह प्रकाश की गति से भी तेज़ जानकारी का स्थानांतरण करता है (हालांकि, इस तरह कोई भी पारंपरिक जानकारी वास्तव में भेजी नहीं जा सकती)।

उलझाव इसलिए उत्पन्न होता है क्योंकि तंत्र का वर्णन करने वाले क्वांटम तरंग फलन को प्रत्येक घटक कण के लिए अलग-अलग तरंग फलनों में विभाजित नहीं किया जा सकता है। यह क्वांटम यांत्रिकी की एक मूलभूत विशेषता है और इसे अगली पीढ़ी की तकनीकों को विकसित करने के लिए एक महत्वपूर्ण साधन माना जाता है। इसका महत्व मुख्य रूप से क्वांटम सूचना विज्ञान में निहित है, जो क्वांटम क्रिप्टोग्राफी (सुरक्षित संचार), क्वांटम कंप्यूटिंग (जो क्यू-बिट्स के माध्यम से कुछ गणना संबंधी समस्याओं के लिए बहुत तेज़ गति प्रदान करता है), और क्वांटम टेलीपोर्टेशन जैसे व्यावहारिक अनुप्रयोगों का आधार बनता है।"
हमारे सौर मंडल के चार पथरीले भीतरी ग्रहों के नाम बताओ।,,"बुध, शुक्र, पृथ्वी, और मंगल।"
"दिए गए पाठ का इस्तेमाल करके, चार गैलीलियन चंद्रमाओं को गिनती वाली सूची में बताएँ।","बृहस्पति के चार सबसे बड़े चंद्रमाओं को सामूहिक रूप से गैलीलियन चंद्रमा कहा जाता है, जिनका नाम उनके खोजकर्ता, गैलीलियो गैलीली, के नाम पर 1610 में रखा गया था। ये चंद्रमा बृहस्पति की परिक्रमा तय रास्तों पर करते हैं। आयो, चारों में सबसे अंदर वाला, ज्वालामुखी रूप से सक्रिय है। यूरोपा अपनी चिकनी, बर्फीली खोल के लिए जाना जाता है, जिससे सतह के नीचे एक समुद्र होने का पता चलता है। गेनीमीड पूरे सौर मंडल का सबसे बड़ा चंद्रमा है और इकलौता है जिसके पास अपना खुद का चुंबकीय क्षेत्र है। कैलिस्टो, समूह का सबसे बाहरी, बहुत सारे गड्ढों वाला है और भूवैज्ञानिक रूप से बेजान लगता है।","1. आयो
2. यूरोपा
3. गेनीमीड
4. कैलिस्टो"
"इंटरनेट के इतिहास के बारे में नीचे दिए गए लेख के आधार पर, वह साल निकालिए जब पहला संदेश भेजा गया था और वह संस्थान जिसने मुख्य तकनीक विकसित की थी।","इंटरनेट का इतिहास 1950 के दशक में इलेक्ट्रॉनिक कंप्यूटरों के विकास से शुरू होता है। दूर तक फैले नेटवर्क की अवधारणा पैकेट स्विचिंग पर शोध से शुरू हुई, जो डेटा भेजने के लिए बहुत ज़रूरी थी। इंटरनेट का मुख्य अग्रदूत अर्पानेट था, जिसे यू.एस. रक्षा विभाग की एडवांस्ड रिसर्च प्रोजेक्ट्स एजेंसी (अर्पा) द्वारा स्थापित किया गया था। अर्पानेट ने अपना पहला संदेश सफलतापूर्वक 29 अक्टूबर, 1969 को यू.सी.एल.ए. के एक कंप्यूटर से स्टैनफोर्ड रिसर्च इंस्टीट्यूट के एक कंप्यूटर पर भेजा था। यह मूलभूत तकनीक, जो पैकेट स्विचिंग और शुरुआती टी.सी.पी./आई.पी. प्रोटोकॉल पर केंद्रित थी, अधिकतर अर्पा (जिसका नाम बाद में डार्पा रखा गया) द्वारा विकसित और वित्तपोषित की गई थी।",पहला संदेश 1969 में भेजा गया था। मुख्य तकनीक यू.एस. रक्षा विभाग की एडवांस्ड रिसर्च प्रोजेक्ट्स एजेंसी (अर्पा) द्वारा विकसित और वित्तपोषित की गई थी।
हाइजेनबर्ग के अनिश्चितता सिद्धांत का मूल विचार समझाइए।,,"हाइजेनबर्ग का अनिश्चितता सिद्धांत यह बताता है कि किसी कण का स्थान (जगह) और उसका संवेग (गति) दोनों को एक ही समय पर ठीक-ठीक मापना असल में नामुमकिन है। अगर आप एक चीज़ को ज़्यादा सटीकता से जानेंगे, तो दूसरी चीज़ को उतना ही कम सटीकता से जान पाएंगे।"
"पृथ्वी के वायुमंडल की पाँच मुख्य परतों के नाम बताएँ, जो सतह से ऊपर की ओर जाती हैं।",,"पृथ्वी के वायुमंडल की पाँच मुख्य परतें, जो ज़मीन के सबसे करीब से शुरू होती हैं, वे ये हैं:
1. क्षोभमंडल (Troposphere): यह वह परत है जहाँ मौसम से जुड़ी सभी घटनाएँ होती हैं।
2. समतापमंडल (Stratosphere): इसमें ओज़ोन परत शामिल है, जो पराबैंगनी किरणों को सोख लेती है।
3. मध्यममंडल (Mesosphere): यह वह जगह है जहाँ प्रवेश करने पर अधिकांश उल्कापिंड जल जाते हैं।
4. तापमंडल (Thermosphere): यह वह परत है जहाँ ध्रुवीय ज्योति (उत्तरी और दक्षिणी रोशनी) दिखाई देती है।
5. बहिर्मंडल (Exosphere): यह सबसे बाहरी परत है जो अंततः अंतरिक्ष में मिल जाती है।"
एक पारिस्थितिकी तंत्र में आधारभूत प्रजाति की भूमिका और महत्व समझाओ।,,"आधारभूत प्रजाति एक ऐसा जीव है जिसका अपनी संख्या के अनुपात में प्राकृतिक वातावरण पर कहीं अधिक बड़ा प्रभाव पड़ता है। ऐसी प्रजातियाँ एक पारिस्थितिक समुदाय के ढांचे को बनाए रखने के लिए बहुत ज़रूरी हैं। वे पारिस्थितिकी तंत्र में कई अन्य जीवों को प्रभावित करती हैं, और मौजूद अलग-अलग प्रजातियों के प्रकार और संख्या तय करती हैं। यदि आधारभूत प्रजाति को हटा दिया जाए, तो पारिस्थितिकी तंत्र अक्सर तेज़ी से बदल जाता है या पूरी तरह से ढह जाता है। इस अवधारणा को समुद्री ऊदबिलाव या धूसर भेड़िये की पारिस्थितिक भूमिका से समझा जा सकता है।"
धरती के समुद्रों में सबसे गहरी ज्ञात जगह कौन सी है और वह कितनी गहरी है?,,"सबसे गहरी ज्ञात जगह चैलेंजर डीप है, जो पश्चिमी प्रशांत महासागर में मारियाना खाई में स्थित है। इसकी अधिकतम मापी गई गहराई समुद्र तल से लगभग 10,935 मीटर (35,876 फ़ीट) नीचे है। यह गहराई समुद्र तल से ऊपर स्थित माउंट एवरेस्ट की ऊँचाई से लगभग 2,000 मीटर ज़्यादा है।"
सॉफ़्टवेयर बनाने के काम में तकनीकी क़र्ज़ क्या होता है?,,"तकनीकी क़र्ज़ सॉफ़्टवेयर बनाने के काम में इस्तेमाल होने वाला एक विचार है। यह उस छिपे हुए खर्च को दिखाता है जो तब होता है जब आप लम्बा लगने वाले बेहतर तरीके को छोड़कर अभी कोई आसान (सीमित) हल चुन लेते हैं, जिससे बाद में आपको ज़्यादा काम दोबारा करना पड़ता है। यह तेज़ी और गुणवत्ता के बीच किए गए समझौते का एक रूपक है। जैसे पैसों का क़र्ज़ चुकाना पड़ता है, वैसे ही तकनीकी क़र्ज़ को भी आख़िरकार चुकाना पड़ता है—यानी चीज़ों को सुधारना या दोबारा बनाना पड़ता है—नहीं तो, उस प्रोजेक्ट पर रखरखाव का खर्च बहुत बढ़ जाता है, लचीलापन कम हो जाता है, और आख़िरकार वह बर्बाद हो जाता है।"
मैरी क्यूरी ने किन दो अलग-अलग वैज्ञानिक क्षेत्रों में नोबेल पुरस्कार जीते थे?,"मैरी स्क्लोडोव्स्का क्यूरी एक पोलिश और फ्रांस की नागरिक बनी हुई भौतिक विज्ञानी और रसायनज्ञ थीं, जिन्होंने रेडियोधर्मिता पर अग्रणी शोध किया। वह नोबेल पुरस्कार जीतने वाली पहली महिला, दो बार नोबेल पुरस्कार जीतने वाली पहली व्यक्ति और एकमात्र महिला थीं, और दो अलग-अलग वैज्ञानिक क्षेत्रों में नोबेल पुरस्कार जीतने वाली एकमात्र व्यक्ति थीं। उन्होंने अपना पहला पुरस्कार, 1903 का भौतिकी का नोबेल पुरस्कार, अपने पति पियरे क्यूरी और भौतिक विज्ञानी हेनरी बेकरेल के साथ साझा किया। उनका दूसरा पुरस्कार, 1911 का रसायन विज्ञान का नोबेल पुरस्कार, पूरी तरह से शुद्ध रेडियम को अलग करने के उनके काम के लिए दिया गया था।",भौतिकी और रसायन विज्ञान
झटपट नाश्ते के लिए उपयुक्त तीन बहुत पौष्टिक खाने की चीज़ों के नाम बताओ।,,"1. ब्लूबेरी (ज़्यादा एंटीऑक्सीडेंट्स)
2. ग्रीक दही (प्रोटीन बढ़ाने में मददगार)
3. चिया बीज (रेशे और ओमेगा-3)"
एक छोटा सा पाइथन फ़ंक्शन (`is_prime` नाम का) लिखें जो यह तय करता है कि दिया गया धनात्मक पूर्णांक (`n`) एक अभाज्य संख्या है या नहीं।,,"python
def is_prime(n):
    if n <= 1:
        return False
    for i in range(2, int(n**0.5) + 1):
        if n % i == 0:
            return False
    return True
"
रोज़ेटा पत्थर का क्या महत्व है?,,"रोज़ेटा पत्थर 1799 में खोजा गया एक प्राचीन मिस्री कलाकृति है। इसमें वही फ़रमान (आदेश) तीन लिपियों में खुदा हुआ है: मिस्री चित्रलिपि, डेमोटिक लिपि, और प्राचीन यूनानी। इसका मुख्य महत्व यह है कि इसने मिस्री चित्रलिपि को पढ़ने के लिए ज़रूरी चाबी दी, जो लगभग दो हज़ार सालों से पढ़ी नहीं जा सकी थी। इसी से आज के विद्वानों को प्राचीन मिस्री संस्कृति और इतिहास को समझने में मदद मिली।"
"दिए गए पाठ के अनुसार, मेरी क्यूरी को भौतिकी का नोबेल पुरस्कार किस वर्ष मिला था?","मेरी स्क्लोडोव्स्का क्यूरी एक पोलिश और बाद में फ़्रांस की नागरिकता प्राप्त भौतिक विज्ञानी और रसायनज्ञ थीं, जिन्होंने रेडियोधर्मिता पर महत्वपूर्ण शोध किया। वह नोबेल पुरस्कार जीतने वाली पहली महिला थीं, दो बार नोबेल पुरस्कार जीतने वाली पहली व्यक्ति और एकमात्र महिला थीं, और दो अलग-अलग वैज्ञानिक क्षेत्रों में नोबेल पुरस्कार जीतने वाली एकमात्र व्यक्ति भी थीं। अपने पति, पियरे क्यूरी, और भौतिक विज्ञानी हेनरी बेकरेल के साथ, उन्हें 1903 का भौतिकी का नोबेल पुरस्कार प्रदान किया गया। बाद में, उन्होंने तत्वों पोलोनियम और रेडियम की खोज के लिए 1911 का रसायन विज्ञान का नोबेल पुरस्कार जीता।",1903
"हमारे सौर मंडल के आठ बड़े ग्रहों को, सूरज से सबसे नज़दीक से शुरू करते हुए, क्रम से एक गिनती वाली सूची के रूप में बताओ।",,"1. बुध
2. शुक्र
3. पृथ्वी
4. मंगल
5. बृहस्पति
6. शनि
7. अरुण
8. वरुण"
कल्पना कीजिए कि आप 17वीं सदी के लंदन वापस जा सकते हैं। कौन सी आधुनिक तकनीक समाज में सबसे ज़्यादा उथल-पुथल मचाएगी?,,"एक सरल, भरोसेमंद जल शुद्धिकरण प्रणाली (जैसे आधुनिक सिरेमिक फिल्टर या क्लोरीन से शुद्ध करने का बुनियादी ज्ञान)। जहाँ शानदार तकनीकें जैसे स्मार्टफोन बुनियादी ढाँचे के बिना बेकार होंगे, वहीं आसानी से उपलब्ध साफ़ पानी हैजा और टाइफस को तुरंत खत्म कर देगा, जीवनकाल (उम्र) को बहुत ज़्यादा बढ़ा देगा और मज़दूर वर्ग की मृत्यु दर को कम कर देगा। जनसंख्या में यह अचानक वृद्धि और बेहतर स्वास्थ्य शहर के श्रम बल, आवास की ज़रूरतें, और सार्वजनिक स्वास्थ्य नीतियों को मौलिक रूप से बदल देगा, जिससे तेज़ी से, अनियोजित सामाजिक विकास होगा।"
"मानक संचालन प्रक्रिया (एसओपी) का मसौदा तैयार करें, जिसमें एक ई-कॉमर्स कंपनी में ग्राहक वापसी (रिटर्न) को संसाधित करने के लिए औपचारिक नीति विवरण, स्पष्ट रूप से परिभाषित कार्यक्षेत्र, संबंधित विभागों की ज़िम्मेदारियाँ, एक विस्तृत चरण-दर-चरण प्रक्रिया, आवश्यक फॉर्म/सिस्टम की सूची और मुख्य परिभाषाएँ शामिल हों।","कंपनी का नाम: स्टेलर गुड्स इंक.
वापसी की समय-सीमा: डिलीवरी (माल पहुँचने) के 30 दिनों के भीतर।
स्वीकृति की शर्तें: मूल पैकेजिंग में होना चाहिए और अप्रयुक्त/क्षतिग्रस्त नहीं होना चाहिए।
इस्तेमाल किए गए प्रोसेसिंग सिस्टम: ज़ेनडेस्क (ग्राहक संपर्क/ट्रैकिंग के लिए) और क्विकबुक्स (वित्तीय लेन-देन के लिए)।","## मानक संचालन प्रक्रिया (एसओपी)

**शीर्षक:** ग्राहक वापसी (रिटर्न) प्रक्रिया
**एसओपी पहचान संख्या:** एसजी-कस्ट-रिटर्न-001 (SG-CUST-RTRN-001)
**लागू होने की तारीख:** 2024-08-01
**संशोधन:** 1.0

---

### 1. नीति विवरण

यह स्टेलर गुड्स इंक. की नीति है कि ग्राहक वापसी को संभालने के लिए एक समय पर, सटीक और सुसंगत प्रक्रिया सुनिश्चित की जाए। कंपनी की 30 दिन की वापसी समय-सीमा और उत्पाद की स्थिति की आवश्यकताओं द्वारा परिभाषित सभी पात्र वापसी को सटीक रूप से संसाधित (प्रोसेस) और रिकॉर्ड किया जाना चाहिए, जिसमें वापस आई वस्तु प्राप्त होने के सात (7) कामकाजी दिनों के भीतर वापसी राशि (रिफ़ंड) शुरू की जानी चाहिए।

### 2. कार्यक्षेत्र

यह एसओपी आधिकारिक ई-कॉमर्स वेबसाइट के माध्यम से स्टेलर गुड्स इंक. से सीधे खरीदे गए सभी माल पर लागू होती है, और इसमें ग्राहक सेवा, गुणवत्ता नियंत्रण (क्यू.सी.), और लेखा विभागों द्वारा वापस आई वस्तुओं की अनुमति, ट्रैकिंग, जाँच (निरीक्षण), और वित्तीय प्रसंस्करण के संबंध में की गई कार्रवाइयाँ शामिल हैं।

### 3. ज़िम्मेदारियाँ

| विभाग | ज़िम्मेदारी |
| :--- | :--- |
| **ग्राहक सेवा प्रतिनिधि (जी.एस.प्र.)** | प्रारंभिक ग्राहक संपर्क, वापसी की पात्रता की जाँच, वापसी माल अनुमति (आर.एम.ए.) संख्या जारी करना, और ज़ेनडेस्क के माध्यम से ग्राहक से संवाद। |
| **गोदाम/गुणवत्ता नियंत्रण (क्यू.सी.) टीम** | वापस आए माल की प्राप्ति, उत्पाद की स्थिति का विस्तृत निरीक्षण, और लेखा विभाग को जाँच परिणामों की पुष्टि करना। |
| **लेखा विभाग** | क्विकबुक्स के माध्यम से वापसी राशि का अंतिम प्रसंस्करण, लेन-देन का मिलान करना, और जी.एस.प्र. टीम को वापसी राशि शुरू होने की पुष्टि करना। |

### 4. चरण-दर-चरण प्रक्रिया

#### A. शुरुआत और अनुमति (जी.एस.प्र.)

1.  **अनुरोध प्राप्त करना:** जी.एस.प्र. को फ़ोन, ईमेल, या ज़ेनडेस्क टिकट के माध्यम से वापसी का अनुरोध प्राप्त होता है। जी.एस.प्र. ज़ेनडेस्क टिकट की स्थिति को 'समीक्षा की प्रतीक्षा' (Awaiting Review) में अपडेट करता है।
2.  **पात्रता की जाँच करें:** जी.एस.प्र. 30-दिन की वापसी समय-सीमा नीति के अनुसार मूल ऑर्डर की तारीख और डिलीवरी की तारीख की जाँच करता है। जी.एस.प्र. वापसी के लिए ग्राहक के कारण की भी पुष्टि करता है और वस्तु की स्थिति की आवश्यकताओं (अप्रयुक्त, मूल पैकेजिंग) की जाँच करता है।
3.  **आर.एम.ए. जारी करना:** यदि वापसी पात्र है, तो जी.एस.प्र. एक अद्वितीय वापसी माल अनुमति (आर.एम.ए.) संख्या उत्पन्न करता है। यह संख्या ज़ेनडेस्क टिकट में लॉग की जाती है और बाद की सभी ट्रैकिंग के लिए उपयोग की जाती है।
4.  **शिपिंग निर्देश प्रदान करना:** जी.एस.प्र. ग्राहक को प्रीपेड शिपिंग लेबल और वस्तु को पैक करने के निर्देश प्रदान करता है। ग्राहक को सूचित किया जाता है कि वापसी राशि केवल तभी संसाधित की जाएगी जब वस्तु निरीक्षण में पास हो जाए।
5.  **ट्रैकिंग अपडेट:** जी.एस.प्र. ज़ेनडेस्क टिकट की स्थिति को 'वापसी की प्रतीक्षा' (Awaiting Return) में अपडेट करता है।

#### B. प्राप्ति और जाँच (क्यू.सी. टीम)

1.  **वस्तु का आगमन:** गोदाम टीम पैकेज प्राप्त करती है और तुरंत पैकेज और संबंधित आर.एम.ए. संख्या को दैनिक वापसी लॉग में दर्ज करती है।
2.  **जाँच (निरीक्षण):** क्यू.सी. टीम निम्नलिखित मानदंडों के आधार पर वस्तु का निरीक्षण करती है: 1) आर.एम.ए. संख्या से मेल खाता है, 2) वस्तु अप्रयुक्त है, 3) वस्तु मूल पैकेजिंग में है, 4) वस्तु क्षतिग्रस्त नहीं है।
3.  **जाँच दस्तावेज़ीकरण:**
    *   *यदि स्वीकार हो:* क्यू.सी. टीम निरीक्षण फॉर्म पर 'जाँच में पास' लिखते हुए हस्ताक्षर करती है, और फॉर्म को डिजिटल रूप से लेखा विभाग को भेजती है।
    *   *यदि अस्वीकार हो:* क्यू.सी. टीम अस्वीकृति का कारण (जैसे, क्षतिग्रस्त, प्रयुक्त, गायब घटक) दस्तावेज़ करती है और तुरंत ज़ेनडेस्क टिकट के माध्यम से जी.एस.प्र. टीम को सूचित करती है।

#### C. वित्तीय प्रक्रिया और समापन (लेखा/जी.एस.प्र.)

1.  **वापसी राशि की प्रक्रिया (लेखा):** 'जाँच में पास' सूचना प्राप्त होने पर, लेखा विभाग आर.एम.ए. संख्या का उपयोग करके क्विकबुक्स में मूल बिक्री लेन-देन का पता लगाता है। वापसी राशि (लागू होने पर किसी भी पुनर्भरण शुल्क को छोड़कर) की जाँच की जाती है।
2.  **वापसी राशि शुरू करना:** लेखा विभाग क्विकबुक्स के माध्यम से मूल भुगतान विधि में वापसी राशि का लेन-देन शुरू करता है। वापसी लेन-देन पहचान संख्या (आईडी) दर्ज की जाती है।
3.  **सूचना (जी.एस.प्र.):** लेखा विभाग वापसी लेन-देन आई.डी. के साथ ज़ेनडेस्क टिकट को अपडेट करता है। इसके बाद जी.एस.प्र. ग्राहक को एक अंतिम पुष्टि ईमेल भेजता है, जिसमें उन्हें सूचित किया जाता है कि वापसी राशि संसाधित हो गई है (सामान्य बैंक देरी 3-5 कामकाजी दिन की होती है)।
4.  **टिकट समापन:** जी.एस.प्र. ज़ेनडेस्क टिकट की स्थिति को 'बंद/वापसी राशि दी गई' (Closed/Refunded) में बदल देता है।

### 5. आवश्यक फॉर्म और सिस्टम

*   **ज़ेनडेस्क (ZenDesk):** सभी ग्राहक इंटरैक्शन को ट्रैक करने, आर.एम.ए. संख्या जारी करने और आंतरिक संचार के लिए उपयोग किया जाता है।
*   **क्विकबुक्स एंटरप्राइज (QuickBooks Enterprise):** वित्तीय लेन-देन रिकॉर्ड करने, क्रेडिट मेमो जारी करने और वापसी राशि संसाधित करने के लिए उपयोग किया जाता है।
*   **आर.एम.ए. जाँच फॉर्म (RMA Inspection Form):** वापस आए माल की स्थिति का दस्तावेज़ीकरण करने के लिए क्यू.सी. टीम द्वारा भरा जाने वाला अनिवार्य भौतिक/डिजिटल फॉर्म।

### 6. मुख्य परिभाषाएँ

*   **वापसी माल अनुमति (आर.एम.ए.):** ग्राहक को जारी किया गया एक अद्वितीय अक्षर-अंक कोड जो वापसी को अनुमति देता है और स्टेलर गुड्स इंक. को प्रक्रिया के सभी चरणों के माध्यम से वस्तु को ट्रैक करने की अनुमति देता है।
*   **वापसी समय-सीमा:** मूल डिलीवरी की तारीख के बाद की 30-दिन की अवधि जिसके दौरान एक ग्राहक वापसी का अनुरोध करने के लिए पात्र होता है।
*   **क्यू.सी.:** गुणवत्ता नियंत्रण (Quality Control); वापस आए उत्पादों की भौतिक स्थिति का निरीक्षण करने के लिए ज़िम्मेदार नामित टीम।
*   **क्रेडिट मेमो:** क्विकबुक्स में उत्पन्न आंतरिक लेखा दस्तावेज़ जो मूल बिक्री को वित्तीय रूप से उलटने (रद्द करने) की अनुमति देता है।"
"अपोलो 11 अभियान के दौरान उपयोग किए गए चंद्र मॉड्यूल का नाम क्या था, और कक्षा में कौन रहा था?","अपोलो 11 अभियान 20 जुलाई, 1969 को शुरू किया गया था। दल में कमांडर नील आर्मस्ट्रांग, चंद्र मॉड्यूल चालक बज़ एल्ड्रिन, और कमांड मॉड्यूल चालक माइकल कॉलिंस शामिल थे। आर्मस्ट्रांग और एल्ड्रिन 20 जुलाई को चंद्रमा की सतह पर अपना बाहरी काम (यान से बाहर की गतिविधि) करते हुए, चाँद पर उतरने वाले पहले इंसान थे। कॉलिंस कमांड मॉड्यूल, कोलंबिया में सवार होकर चंद्र कक्षा में रहे थे। चंद्र मॉड्यूल का नाम ईगल रखा गया था।","चंद्र मॉड्यूल का नाम ईगल था, और माइकल कॉलिंस कमांड मॉड्यूल में सवार होकर चंद्र कक्षा में रहे थे।"
गोल्डन गेट पुल का वर्णन करें।,"गोल्डन गेट पुल एक झूलता हुआ पुल है जो गोल्डन गेट (वह संकरा जलमार्ग जो सैन फ्रांसिस्को खाड़ी और प्रशांत महासागर को जोड़ता है) के ऊपर फैला हुआ है। इसका निर्माण 5 जनवरी, 1933 को शुरू हुआ था और अप्रैल 1937 में पूरा हुआ। यह 27 मई, 1937 को पैदल चलने वालों की आवाजाही के लिए खोला गया था। इसे इंजीनियर जोसेफ स्ट्रॉस और वास्तुकार इरविंग मॉरो द्वारा डिज़ाइन किया गया था। मॉरो ने पुल के विशेष रंग का चयन किया, जो इंटरनेशनल ऑरेंज नामक एक सिंदूरी नारंगी रंग है। इसके पूरा होने के 27 साल बाद तक, गोल्डन गेट पुल दुनिया में सबसे लंबे झूलते पुल का मुख्य फैलाव रखता था।","गोल्डन गेट पुल एक झूलता हुआ पुल है जो गोल्डन गेट जलमार्ग के ऊपर फैला है, जो सैन फ्रांसिस्को खाड़ी और प्रशांत महासागर को जोड़ता है। इसका निर्माण 1933 में शुरू हुआ और पुल मई 1937 में खोला गया। इसे मुख्य रूप से जोसेफ स्ट्रॉस और इरविंग मॉरो द्वारा डिज़ाइन किया गया था, जिन्होंने इसके प्रतिष्ठित सिंदूरी नारंगी रंग का चयन किया, जिसे इंटरनेशनल ऑरेंज के नाम से जाना जाता है। पूरा होने पर, पुल ने लगभग तीन दशकों तक दुनिया के सबसे लंबे झूलते पुल के मुख्य फैलाव का रिकॉर्ड कायम रखा, और आज भी यह कैलिफ़ोर्निया और संयुक्त राज्य अमेरिका में सबसे अधिक पहचाने जाने वाले स्थलों में से एक है।"
प्रस्ताव जमा करने की आखिरी तारीख कब है?,"परियोजना की समय सूची तीन चरण बताती है: खोज १ मार्च को शुरू होगी, मसौदा १५ अप्रैल को खत्म होगा, और प्रस्ताव जमा करने की आधिकारिक, पक्की (जिसमें बदलाव नहीं होगा) आखिरी तारीख मौजूदा साल की ३० मई रखी गई है।",३० मई
आकाशगंगाओं के मुख्य प्रकारों की सूची बनाएं और उनका वर्णन करें।,,"आकाशगंगाओं को मुख्य रूप से उनकी दिखने की बनावट के आधार पर 3 मुख्य प्रकारों में बाँटा जाता है। सर्पिल आकाशगंगाएँ, जैसे कि दुग्ध मेखला (Milky Way), एक चपटी, घूमती हुई तश्तरी, बीच के उभार और प्रमुख सर्पिल भुजाओं से पहचानी जाती हैं। अंडाकार आकाशगंगाएँ आम तौर पर चिकनी, बिना किसी बनावट वाली होती हैं और इनका आकार लगभग गोल से लेकर बहुत चपटे रूप तक हो सकता है। इनमें अक्सर पुरानी और कम चमकदार तारे पाए जाते हैं। अनियमित आकाशगंगाओं में कोई निश्चित नियमित ढाँचा नहीं होता और ये अक्सर गुरुत्वाकर्षण की आपसी क्रियाओं या टकरावों के कारण बनती हैं।"
पाठ में बताए गए सभी चार अंकों वाले सालों को पहचानें और उन्हें छोटे से बड़े क्रम में (;) अर्धविराम से अलग करके सूचीबद्ध करें।,"यह कंपनी 1998 में शुरू हुई थी। इसने 2005 में अपना मुख्य उत्पाद, अल्फा वी, जारी किया, जिसने तेज़ी से बाज़ार में हिस्सा बना लिया। सुरक्षा चिंताओं के कारण 2011 में इसे बड़े पैमाने पर वापस बुलाने (रिकॉल) की कोशिश की गई। हालांकि, कंपनी ने सफलतापूर्वक स्थिरता बनाई और 2023 में $5 अरब का अपना सबसे ज़्यादा मूल्यांकन हासिल किया। 2000 में इसका सबसे कम दर्ज किया गया मूल्यांकन $50 मिलियन था।",1998; 2000; 2005; 2011; 2023
अंदरूनी (बिल्ट-इन) `वीईएनवी` मॉड्यूल का उपयोग करके एक नया पाइथन वर्चुअल एनवायरनमेंट बनाने के मुख्य तरीके (कदम) बताएं।,,"1. अपना टर्मिनल या कमांड प्रॉम्प्ट खोलें और अपनी प्रोजेक्ट डायरेक्ट्री में जाएं।
2. बनाने वाली कमांड चलाएं: `पाइथन3 -एम वीईएनवी ईएनवी_नाम` (`ईएनवी_नाम` की जगह अपना मनचाहा एनवायरनमेंट नाम डालें)।
3. एनवायरनमेंट को एक्टिवेट करें (चालू करें):
   *   **मैकओएस/लिनक्स:** `सोर्स ईएनवी_नाम/बिन/एक्टिवेट`
   *   **विंडोज (पावरशेल):** `.\ईएनवी_नाम\स्क्रिप्ट्स\एक्टिवेट.पीएस्1`
   *   **विंडोज (सीएमडी):** `.\ईएनवी_नाम\स्क्रिप्ट्स\एक्टिवेट.बैट`
4. एक्टिवेट होने के बाद, एनवायरनमेंट का नाम आपके प्रॉम्प्ट में दिखाई देगा। अब आप `पिप इंस्टॉल पैकेज_नाम` का उपयोग करके ज़रूरी डिपेंडेंसीज (चीजें) इंस्टॉल कर सकते हैं।"
"मंगल ग्रह के दिए गए विवरण के आधार पर, कौन सी विशेषता उसे 'लाल ग्रह' का ख़ास उपनाम देती है?","मंगल सूर्य से चौथा ग्रह है और बुध के बाद सौर मंडल का दूसरा सबसे छोटा ग्रह है। रोमन युद्ध के देवता के नाम पर रखे गए मंगल को अक्सर 'लाल ग्रह' कहा जाता है क्योंकि इसकी सतह पर मौजूद लोहे का ऑक्साइड इसे लाल रंगत देता है। यह एक चट्टानी ग्रह है जिसमें मुख्य रूप से कार्बन डाइऑक्साइड से बना एक पतला वातावरण है। सौर मंडल का सबसे ऊँचा ज्ञात पर्वत, ओलिंपस मॉन्स, मंगल पर स्थित है, जिसकी ऊँचाई लगभग 21.9 किलोमीटर (13.6 मील) है।",इसकी सतह पर मौजूद लोहे का ऑक्साइड इसे लाल रंगत देता है।
"नीचे दिए गए वैज्ञानिकों को इस आधार पर बाँटें कि उनका मुख्य अध्ययन क्षेत्र भौतिकी था या जीव विज्ञान: अल्बर्ट आइंस्टीन, चार्ल्स डार्विन, मैरी क्यूरी, ग्रेगर मेंडल, आइजैक न्यूटन, रोज़लिंड फ्रैंकलिन।",,"भौतिकी - अल्बर्ट आइंस्टीन, मैरी क्यूरी, आइजैक न्यूटन
जीव विज्ञान - चार्ल्स डार्विन, ग्रेगर मेंडल, रोज़लिंड फ्रैंकलिन"
एक पाइथन फ़ंक्शन बनाइए जो रिकर्शन का इस्तेमाल करके दिए गए एक ग़ैर-नकारात्मक पूरे अंक का फ़ैक्टोरियल निकालता है।,,"पाइथन
डेफ़ फ़ैक्टोरियल_रिकर्सिव(एन):
    """"""एन का फ़ैक्टोरियल रिकर्शन का इस्तेमाल करके निकालता है।""""""
    अगर नहीं है इसइंस्टैंस(एन, इंट) या एन < 0:
        रेज़ वैल्यूएरर(""इनपुट (दाखिल किया गया मान) एक ग़ैर-नकारात्मक पूरा अंक होना चाहिए।"")
    
    # बुनियादी शर्त
    अगर एन == 0:
        रिटर्न 1
    
    # रिकर्शन चरण
    रिटर्न एन * फ़ैक्टोरियल_रिकर्सिव(एन - 1)

# उदाहरण इस्तेमाल:
# प्रिंट(फ़ैक्टोरियल_रिकर्सिव(5))  # आउटपुट 120
# प्रिंट(फ़ैक्टोरियल_रिकर्सिव(0))  # आउटपुट 1
"
"वाई-फाई 5 (802.11एसी) और वाई-फाई 6 (802.11एएक्स) में मुख्य अंतर क्या हैं? अगर मेरा मुख्य उपयोग 4K वीडियो स्ट्रीम करना, मुक़ाबले वाले ऑनलाइन गेम खेलना, और 15 से ज़्यादा स्मार्ट होम उपकरणों को संभालना है, तो क्या मुझे अपना राउटर बेहतर करना चाहिए?",,"वाई-फाई 6 (802.11एएक्स) वाई-फाई 5 (802.11एसी) की तुलना में महत्वपूर्ण सुधार प्रदान करता है, जो मुख्य रूप से सिर्फ़ अधिकतम गति के बजाय कुशलता और क्षमता पर ध्यान केंद्रित करता है।

मुख्य अंतर:

1. ओएफडीएमए (ऑर्थोगोनल फ़्रीक्वेंसी डिवीज़न मल्टीपल एक्सेस): वाई-फाई 6 ने ओएफडीएमए पेश किया, जो राउटर को एक सिंगल चैनल को छोटे संसाधन इकाइयों में विभाजित करने की अनुमति देता है, जिससे कई कम-बैंडविड्थ डेटा स्ट्रीम (जैसे स्मार्ट होम कमांड) एक साथ भेजे जा सकते हैं। वाई-फाई 5 डेटा क्रमानुसार भेजता है।

2. एमयू-एमआईएमओ (मल्टी-यूज़र, मल्टीपल-इनपुट, मल्टीपल-आउटपुट): हालाँकि यह वाई-फाई 5 में मौजूद था, वाई-फाई 6 ने एमयू-एमआईएमओ का विस्तार करके अपलोड (ऊपर की दिशा) और डाउनलोड (नीचे की दिशा) दोनों को कवर किया, जिससे राउटर दोनों दिशाओं में एक साथ कई उपकरणों से संवाद कर सकता है।

3. लक्षित जाग्रत समय (टीडब्ल्यूटी): यह सुविधा उपकरणों को यह निर्धारित करने की अनुमति देती है कि उन्हें डेटा प्राप्त करने के लिए कब सक्रिय होना है, जिससे जुड़े हुए उपकरणों की बैटरी लाइफ में काफ़ी सुधार होता है।

4. क्षमता और गति: वाई-फाई 6, 1024-क्यूएएम का उपयोग करता है (वाई-फाई 5 के 256-क्यूएएम की तुलना में), जिससे डेटा थ्रूपुट में 25% तक की वृद्धि होती है। यह 2.4 गीगाहर्ट्ज़ और 5 गीगाहर्ट्ज़ दोनों बैंडों पर भी काम करता है, जबकि वाई-फाई 5 आमतौर पर 5 गीगाहर्ट्ज़ तक सीमित था।

बेहतर करने की सलाह:

हाँ, आपको निश्चित रूप से बेहतर करने पर विचार करना चाहिए। हालाँकि वाई-फाई 5 एक सिंगल 4K स्ट्रीम को संभाल सकता है, लेकिन 15 से ज़्यादा स्मार्ट उपकरणों और मुक़ाबले वाले गेमिंग को संभालने के लिए कम विलंबता (लेटेंसी) और उच्च नेटवर्क कुशलता की ज़रूरत होती है। वाई-फाई 6 के ओएफडीएमए में सुधार और बेहतर एमयू-एमआईएमओ को विशेष रूप से उपकरणों की भारी भीड़ को प्रबंधित करने और नेटवर्क जाम को कम करने के लिए डिज़ाइन किया गया है, जिससे भारी लोड के तहत स्ट्रीमिंग और गेमिंग दोनों के लिए एक बहुत ही सुचारु और भरोसेमंद अनुभव मिलता है।"
"वर्ल्ड वाइड वेब किसने बनाया, और सर्न (CERN) ने कौन सा ख़ास काम किया जिससे इसका इस्तेमाल आम लोगों के बीच तेज़ी से फ़ैल गया?","वर्ल्ड वाइड वेब (डब्ल्यू डब्ल्यू डब्ल्यू) की ईजाद ब्रिटिश वैज्ञानिक टिम बर्नर्स-ली ने १९८९ में सर्न (CERN) में काम करते हुए की थी। शुरुआत में, इसे वैज्ञानिकों के बीच जानकारी खुद-ब-खुद बाँटने के लिए एक औज़ार के तौर पर तैयार किया गया था। पहला वेब ब्राउज़र, जिसका नाम भी वर्ल्डवाइडवेब था, वह १९९० में बनाया गया। सबसे ज़रूरी बात यह है कि, १९९३ में, सर्न (CERN) ने वेब की मुख्य तकनीक को बिना किसी शुल्क के आम लोगों के लिए उपलब्ध करा दिया, जिससे यह दुनिया भर में तेज़ी से फ़ैल गया। हालाँकि, वेब को अक्सर इंटरनेट समझ लिया जाता है, इंटरनेट दरअसल आपस में जुड़े हुए कंप्यूटरों का बुनियादी नेटवर्क है, जिसे मुख्य रूप से १९६० के दशक के आख़िर में अर्पानेट (ARPANET) के ज़रिए स्थापित किया गया था।",वर्ल्ड वाइड वेब की ईजाद ब्रिटिश वैज्ञानिक टिम बर्नर्स-ली ने १९८९ में की थी। आम लोगों के बीच इसका तेज़ी से इस्तेमाल १९९३ में तब बढ़ा जब सर्न (CERN) ने वेब की मुख्य तकनीक को बिना किसी शुल्क (रॉयल्टी-फ्री) के सार्वजनिक रूप से उपलब्ध करा दिया।
एक कामयाब ऑनलाइन ट्यूशन का धंधा (या काम) शुरू करने के लिए मुझे कौन-से ज़रूरी कदम उठाने होंगे?,,"ऑनलाइन ट्यूशन का काम शुरू करने के लिए कई क्षेत्रों में सावधानीपूर्वक योजना (प्लानिंग) ज़रूरी है। ज़रूरी कदम ये हैं: 1. खास विषय तय करना और योजना: अपने मुख्य विषय, लक्षित दर्शक (जैसे, प्राथमिक गणित, कॉलेज की परीक्षा की तैयारी), और एक प्रतिस्पर्धी मूल्य संरचना पहचानें। 2. कानूनी और वित्तीय व्यवस्था: अपने बिज़नेस को रजिस्टर करें (एकल स्वामित्व या एलएलसी), ज़रूरी लाइसेंस प्राप्त करें, और बिज़नेस के लिए एक अलग बैंक खाता स्थापित करें। 3. तकनीक का ढाँचा: एक भरोसेमंद वीडियो कॉन्फ्रेंसिंग प्लेटफ़ॉर्म (जैसे ज़ूम, गूगल मीट) चुनें, एक सुरक्षित भुगतान प्रणाली (जैसे स्ट्राइप, पेपाल) जोड़ें, और एक पेशेवर वेबसाइट या समय-सारणी बनाने का प्लेटफ़ॉर्म स्थापित करें। 4. सामग्री तैयार करना: अपने खास विषय के लिए उच्च गुणवत्ता वाली, आकर्षक सामग्री, पाठ योजनाएँ, और अभ्यास मूल्यांकन बनाएँ। 5. मार्केटिंग और प्रचार: सोशल मीडिया मार्केटिंग, स्थानीय स्कूलों के साथ साझेदारी, और एसईओ ऑप्टिमाइज़ेशन का उपयोग करें। भरोसा बनाने और शुरुआती प्रशंसापत्र (टेस्टिमोनियल) पाने के लिए एक मुफ़्त प्रारंभिक सत्र की पेशकश करें।"
अंतर्राष्ट्रीय अंतरिक्ष स्टेशन का निर्माण आधिकारिक तौर पर कब शुरू हुआ?,"अंतर्राष्ट्रीय अंतरिक्ष स्टेशन (आई.एस.एस.) को इकट्ठा करने का काम 1998 में ज़ारया नियंत्रण खंड के छोड़े जाने के साथ शुरू हुआ। ज़ारया, जिसका रूसी में मतलब 'भोर' (सुबह) होता है, उसे 20 नवंबर, 1998 को बैकोनूर कॉसमोड्रोम से एक रूसी प्रोटॉन रॉकेट द्वारा छोड़ा गया था। इस खंड ने स्टेशन के लिए शुरुआती गति देने की शक्ति और बिजली का भंडारण मुहैया कराया।","अंतर्राष्ट्रीय अंतरिक्ष स्टेशन को इकट्ठा करने का काम 20 नवंबर, 1998 को ज़ारया नियंत्रण खंड के छोड़े जाने के साथ शुरू हुआ।"
हमारे सौर मंडल में सबसे बड़ा ग्रह कौन सा है?,,"हमारे सौर मंडल में सबसे बड़ा ग्रह बृहस्पति है। यह एक गैस विशालकाय ग्रह है, यह इतना बड़ा है कि बाकी सभी ग्रहों के कुल वजन के दो-तिहाई से ज़्यादा हिस्सा इसी का है। इसकी सबसे मशहूर खासियत 'महान लाल धब्बा' है, जो पृथ्वी से भी बड़ा, एक लगातार चलने वाला तूफ़ान है।"
उस पुराने यूनानी लेखक को पहचानिए जिसे परंपरा से 'द ओडिसी' और 'द इलियड' की रचना करने का श्रेय दिया जाता है।,,होमर
तीन वजहें बताओ कि मोज़े ड्रायर में क्यों गायब हो जाते हैं।,,"1. ड्रायर एक समय भंवर की तरह काम करता है, जो मशीन की ऊर्जा को संतुलित करने के लिए उन अलग चीज़ों को खींच लेता है जिनकी पूरी जोड़ी नहीं होती है। 2. उन्हें छोटे, सलीक़ेमंद धूल-चूहे जमा कर लेते हैं जो उनसे सर्दियों की टोपियाँ बनाते हैं। 3. कपड़े धोने वाले बौने—छोटे, दफ़्तरी प्राणी जो घर के कपड़ों की देखभाल करते हैं—ने मोज़े को 'गैर-अनुपालक' चिह्नित कर दिया है और उसे लिंट ट्रैप के पीछे स्थित 'बिना-जोड़ी वाले कपड़े के भंडार' में जमा कर दिया है।"
"धरती की सतह के सबसे पास से शुरू करते हुए, वायुमंडल की परतों के बारे में बताएं।",,"वायुमंडल मुख्य रूप से तापमान में बदलाव के आधार पर पाँच मुख्य परतों में विभाजित है। वे क्रम से इस प्रकार हैं: 1. क्षोभमंडल (0-12 km): यहाँ मौसम की गतिविधियाँ होती हैं, और ऊँचाई के साथ तापमान घटता जाता है। 2. समतापमंडल (12-50 km): इसमें ओज़ोन परत शामिल है, और ऊँचाई के साथ तापमान बढ़ता जाता है। 3. मध्यमंडल (50-85 km): यह सबसे ठंडी परत है, जहाँ ज़्यादातर उल्कापिंड जलकर ख़त्म हो जाते हैं। 4. तापमंडल (85-600 km): तीव्र सौर विकिरण (सूरज की किरणों) के कारण यहाँ का तापमान बहुत ज़्यादा होता है। यहीं उत्तरी और दक्षिणी रोशनी (अरोरा) दिखाई देती है। 5. बहिर्मंडल (600 km+): यह सबसे बाहरी परत है जो धीरे-धीरे अंतरिक्ष में विलीन हो जाती है।"
"फ़ैनरोज़ोइक महायुग के तीन मुख्य युगों को, उनके सामान्य समय अवधियों और एक संक्षिप्त ख़ासियत के साथ सूचीबद्ध करें।",,"1) **सीनोज़ोइक युग** (हालिया जीवन): 66 दस लाख साल पहले से वर्तमान तक। इसे स्तनधारी जीवों का युग कहा जाता है।
2) **मेसोज़ोइक युग** (मध्य जीवन): 252 से 66 दस लाख साल पहले तक। इसे सरीसृपों (डायनासोर) का युग कहा जाता है।
3) **पैलियोज़ोइक युग** (प्राचीन जीवन): 541 से 252 दस लाख साल पहले तक। इसकी ख़ासियत कैम्ब्रियन विस्फोट और मछलियों और शुरुआती ज़मीन के पौधों के उदय से है।"
सोने का रासायनिक चिन्ह क्या है?,,एयू
हैशिंग ऐल्गोरिदम की भूमिका समझाओ।,एक हैश ऐल्गोरिदम एक गणितीय क्रिया (फ़ंक्शन) है जो किसी भी आकार के डेटा इनपुट ('संदेश') को एक निश्चित आकार की अक्षरों की लड़ी ('हैश' या 'संदेश डाइजेस्ट') में छोटा कर देती है। इस प्रक्रिया को मूल रूप से उलटाया नहीं जा सकता। सुरक्षित हैशिंग फ़ंक्शन को 'टकराव प्रतिरोधी' (collision-resistant) होना चाहिए।,"डेटा की अखंडता (सही सलामत होना) की जाँच करने के लिए हैशिंग का उपयोग डिजिटल फ़ॉरेंसिक और सुरक्षा में बड़े पैमाने पर किया जाता है। यदि मूल फ़ाइल का एक भी 'बिट' बदल दिया जाता है, तो जो 'हैश डाइजेस्ट' बनेगा वह पूरी तरह से अलग होगा, जिससे उपयोगकर्ताओं को अनधिकृत बदलावों का तुरंत पता लगाने की सुविधा मिल जाती है।"
कृत्रिम बुद्धिमत्ता के मुख्य विचारों को समझाओ।,,"कृत्रिम बुद्धिमत्ता (ए.आई.) का मतलब मशीनों द्वारा, ख़ासकर कंप्यूटर सिस्टमों द्वारा, इंसानी बुद्धिमत्ता की प्रक्रियाओं की नक़ल करने से है। इन प्रक्रियाओं में सीखना (जानकारी हासिल करना और उसे इस्तेमाल करने के नियम), तर्क करना (नियमों का उपयोग करके लगभग सही या निश्चित नतीजों पर पहुँचना) और ख़ुद को सुधारना शामिल हैं। ए.आई. का मुख्य लक्ष्य ऐसे सिस्टम बनाना है जो समझदारी से और अपने आप काम कर सकें, उन कामों को पूरा करते हुए जिनके लिए आम तौर पर इंसानी सोच की ज़रूरत होती है। मुख्य उप-क्षेत्रों में मशीन लर्निंग (एम.एल.) शामिल है, जो सिस्टमों को साफ़-साफ़ प्रोग्रामिंग किए बिना भी अपना प्रदर्शन (परफ़ॉरमेंस) सुधारने देता है, और प्राकृतिक भाषा संसाधन (एन.एल.पी.) भी शामिल है, जो कंप्यूटरों को इंसानी भाषा को समझने और उत्पन्न करने में सक्षम बनाता है।"
अग्नि वलय किस लिए जाना जाता है?,"अग्नि वलय प्रशांत महासागर के तल (द्रोणी) का एक मुख्य क्षेत्र है जहाँ बड़ी संख्या में भूकंप और ज्वालामुखी विस्फोट होते हैं। घोड़े की नाल जैसे आकार में, यह महासागरीय खाइयों, ज्वालामुखी चापों और प्लेटों की हलचल के एक निरंतर सिलसिले से जुड़ा हुआ है। दुनिया के लगभग 90% भूकंप और दुनिया के 81% सबसे बड़े भूकंप अग्नि वलय के साथ ही आते हैं। यह लगभग 40,000 किलोमीटर तक फैला हुआ है।",अग्नि वलय प्रशांत महासागर के तल (द्रोणी) का एक मुख्य क्षेत्र है जहाँ बड़ी संख्या में भूकंप और ज्वालामुखी विस्फोट होते हैं।
टीसीपी/आईपी मॉडल की चार परतें और उनके मुख्य कार्य क्या हैं?,,"टीसीपी/आईपी (ट्रांसमिशन नियंत्रण प्रोटोकॉल/इंटरनेट प्रोटोकॉल) मॉडल को आम तौर पर चार परतों वाला बताया जाता है, जिनमें से हर एक संचार के विशेष कार्य करती है:

1.  **एप्लिकेशन परत:** यह सबसे ऊपरी परत है और उन असल एप्लिकेशन प्रोग्रामों के लिए माध्यम प्रदान करती है जो नेटवर्क का उपयोग करते हैं। यह एप्लिकेशन के लिए विशिष्ट संचार की बारीकियों को संभालती है। इसमें एचटीटीपी, डीएनएस, एसएमटीपी, और एफटीपी जैसे प्रोटोकॉल शामिल हैं।

2.  **ट्रांसपोर्ट परत:** यह परत उपकरणों के बीच एक छोर से दूसरे छोर तक संचार के लिए ज़िम्मेदार होती है। यह डेटा के बहाव को संभालती है, भरोसेमंद होना सुनिश्चित करती है, और डेटा को संभालने लायक इकाइयों (खंडों) में बाँटती है। यहाँ के दो मुख्य प्रोटोकॉल हैं टीसीपी (ट्रांसमिशन नियंत्रण प्रोटोकॉल, जो भरोसेमंद और कनेक्शन-उन्मुख है) और यूडीपी (यूज़र डेटाग्राम प्रोटोकॉल, जो कनेक्शन-मुक्त और तेज़ है)।

3.  **इंटरनेट परत (या नेटवर्क परत):** यह महत्वपूर्ण परत तार्किक एड्रेसिंग (आईपी एड्रेस) और नेटवर्क की सीमाओं के पार डेटा पैकेटों की राउटिंग को संभालती है। इसका मुख्य कार्य स्रोत होस्ट से डेटा को कई नेटवर्क के पार गंतव्य होस्ट तक पहुँचाना है। इसे परिभाषित करने वाला प्रोटोकॉल इंटरनेट प्रोटोकॉल (आईपी) है।

4.  **नेटवर्क एक्सेस परत (या लिंक परत):** यह सबसे निचली परत है और नेटवर्क के भौतिक हार्डवेयर पहलुओं से संबंधित है। यह नेटवर्क माध्यम (जैसे ईथरनेट या वाई-फ़ाई) पर डेटा (फ़्रेम) के भौतिक संचार/पारेषण को संभालती है और स्थानीय क्षेत्र नेटवर्क प्रोटोकॉल का प्रबंधन करती है। इसमें भौतिक एड्रेसिंग (मैक एड्रेस) के लिए प्रोटोकॉल शामिल हैं।"
गुरुत्वाकर्षण को परिभाषित करें और इसके मुख्य प्रभावों की सूची बनाएं।,,"गुरुत्वाकर्षण प्रकृति का एक मूलभूत बल है जिसके कारण द्रव्यमान या ऊर्जा वाली कोई भी दो चीज़ें एक दूसरे की तरफ खिंचती हैं। यह चार मूलभूत बलों में से सबसे कमज़ोर है, लेकिन इसकी पहुँच अनंत है। इसके मुख्य प्रभावों में शामिल हैं: खगोलीय पिंडों (ग्रह, तारे, आकाशगंगाएँ) को उनकी कक्षाओं में बनाए रखना; पृथ्वी पर ज्वार-भाटा बनने का कारण बनना; और किसी ग्रह की सतह पर चीज़ों और लोगों को टिकाए रखना।"
"नीचे दिए गए स्थानों को शहर या देश के रूप में वर्गीकृत करें: टोक्यो, ब्राज़ील, पैरिस, मिस्र।",,"टोक्यो एक शहर है, ब्राज़ील एक देश है, पैरिस एक शहर है, मिस्र एक देश है।"
एनसेंबल लर्निंग में बूस्टिंग और बैगिंग तकनीकों के बीच बुनियादी फ़र्क समझाएँ।,,"एनसेंबल लर्निंग कुल प्रदर्शन (परफ़ॉर्मेन्स) बेहतर करने के लिए कई मॉडल को मिलाता है। इसके दो मुख्य तरीके हैं: बैगिंग (बूटस्ट्रैप एग्रीगेटिंग) और बूस्टिंग।

**बैगिंग (जैसे कि रैंडम फ़ॉरेस्ट):**
इस तरीके का मुख्य लक्ष्य मॉडल के *विचलन* (variance) को कम करना होता है। इसमें ट्रेनिंग डेटा के अलग-अलग हिस्सों पर कई मॉडलों को आज़ादी से और समानांतर (पैरलल) रूप से प्रशिक्षित किया जाता है। ये हिस्से बूटस्ट्रैप सैंपलिंग (यानी बदली के साथ नमूना लेना) के ज़रिए बनाए जाते हैं। चूंकि अलग-अलग मॉडल आज़ादी से प्रशिक्षित किए जाते हैं, उनकी ग़लतियाँ अक्सर एक-दूसरे से जुड़ी नहीं होती हैं। इन मॉडलों के आउटपुट का औसत लेकर (रिग्रेशन के लिए) या मतदान करके (वर्गीकरण/क्लासिफिकेशन के लिए), उच्च विचलन वाले व्यक्तिगत मॉडलों द्वारा लाया गया शोर (नॉइज़) काफ़ी कम हो जाता है। बैगिंग सबसे अच्छा काम करता है जब आधार मॉडल जटिल होते हैं और उनमें ओवरफ़िटिंग की संभावना होती है (यानी उच्च विचलन)।

**बूस्टिंग (जैसे कि एडाबूस्ट, जी.बी.एम., एक्स.जी.बूस्ट):**
यह तरीका मॉडल के *पूर्वाग्रह* (bias) को कम करने और क्रमिक रूप से (sequential) पिछले मॉडलों की ग़लतियों को सुधारने पर केंद्रित है। बूस्टिंग में, मॉडलों को दोहराव (iteratively) से प्रशिक्षित किया जाता है। हर नए मॉडल को ख़ास तौर पर वज़न दिया जाता है ताकि वह उन डेटा पॉइंट्स पर ज़्यादा ध्यान केंद्रित करे जिन्हें पिछले मॉडलों ने ग़लत वर्गीकृत किया या ख़राब अनुमान लगाया था। यह प्रक्रिया कमज़ोर सीखने वालों (weak learners) के समूह को एक मज़बूत सीखने वाले (strong learner) में बदल देती है। बूस्टिंग एल्गोरिदम ऐसे मॉडल बनाते हैं जो अपने पूर्ववर्तियों के परिणामों पर बहुत ज़्यादा निर्भर होते हैं।

**मुख्य अंतर:** बैगिंग समानांतर प्रोसेसिंग का उपयोग करके आज़ाद मॉडलों का औसत लेकर विचलन को कम करता है, जबकि बूस्टिंग क्रमिक प्रोसेसिंग और वज़नदार प्रशिक्षण का उपयोग करके संचयी (cumulative) ग़लतियों को सुधारने पर ध्यान केंद्रित करके पूर्वाग्रह को कम करता है।"
पदार्थ की तीन मुख्य अवस्थाएँ क्या हैं?,,"पदार्थ की तीन मुख्य अवस्थाएँ ठोस, द्रव और गैस हैं। एक चौथी अवस्था, प्लाज्मा, को भी अक्सर पहचाना जाता है।"
ऑस्ट्रेलिया की राजधानी क्या है?,,कैनबरा
लाटे और कापुचीनो के बीच क्या फ़र्क है?,,"कापुचीनो में एस्प्रेसो, भाप वाला दूध, और दूध के गाढ़े झाग की परत की बराबर मात्राएँ होती हैं। लाटे में आमतौर पर भाप वाला दूध काफी ज़्यादा होता है और ऊपर झाग की केवल एक पतली परत होती है।"
आइंस्टीन के सामान्य सापेक्षता सिद्धांत के मूल सिद्धांतों और इसके प्रमुख देखने लायक प्रभावों की व्याख्या कीजिए।,,"सामान्य सापेक्षता (जीआर) सिद्धांत, जिसे अल्बर्ट आइंस्टीन ने 1915 में प्रकाशित किया था, गुरुत्वाकर्षण का एक ज्यामितीय सिद्धांत है। यह बताता है कि गुरुत्वाकर्षण की मूल क्रिया दिक्-काल (स्पेसटाइम) के मुड़ने का परिणाम है, जो पदार्थ और ऊर्जा के कारण होता है। इसने मौलिक रूप से आइज़ैक न्यूटन के सार्वभौमिक गुरुत्वाकर्षण के नियम को बदल दिया, जो गुरुत्वाकर्षण को एक रहस्यमय, तुरंत और दूर से काम करने वाले बल के रूप में बताता था।

सामान्य सापेक्षता (जीआर) का मुख्य विचार आइंस्टीन क्षेत्र समीकरणों में निहित है। ये समीकरण दिक्-काल की ज्यामिति (जिसे आइंस्टीन टेंसर, जी म्यू न्यू, द्वारा दर्शाया जाता है) को उसमें मौजूद पदार्थ और ऊर्जा के वितरण (जिसे स्ट्रेस-ऊर्जा टेंसर, टी म्यू न्यू, द्वारा दर्शाया जाता है) से जोड़ते हैं। सरल शब्दों में कहें, तो द्रव्यमान और ऊर्जा दिक्-काल को बताते हैं कि उसे कैसे मुड़ना है, और दिक्-काल द्रव्यमान और ऊर्जा को बताता है कि उन्हें कैसे चलना है। इस सिद्धांत में समतुल्यता सिद्धांत भी शामिल है, जो कहता है कि स्थानीय रूप से, गुरुत्वाकर्षण के प्रभाव को त्वरण (गति बढ़ने) के प्रभावों से अलग नहीं किया जा सकता।

सामान्य सापेक्षता के कई गहरे और पुष्टि किए गए प्रभाव हैं। एक प्रमुख प्रभाव है गुरुत्वाकर्षण समय फैलाव: अधिक गुरुत्वाकर्षण वाले क्षेत्रों में (भारी वस्तुओं के करीब) घड़ियाँ धीमी चलती हैं। एक और महत्वपूर्ण भविष्यवाणी है भारी वस्तुओं के चारों ओर प्रकाश का मुड़ना (गुरुत्वाकर्षण लेंसिंग), जिसकी पहली बार पुष्टि 1919 में एक सूर्य ग्रहण के दौरान हुई थी। जीआर बुध ग्रह की कक्षा के घूमना (ऑर्बिटल प्रेसेशन) को भी सही ढंग से समझाता है, यह एक ऐसी घटना थी जिसे न्यूटन के भौतिकी के नियमों से पूरी तरह से नहीं समझाया जा सका था।

इसके अलावा, जीआर ने अत्यधिक खगोलीय वस्तुओं के अस्तित्व की भविष्यवाणी की, विशेष रूप से 'काला छेद' (ब्लैक होल) की। ये दिक्-काल के ऐसे क्षेत्र हैं जिनमें गुरुत्वाकर्षण का प्रभाव इतना मजबूत होता है कि कोई भी चीज़, यहाँ तक कि कण और प्रकाश जैसा विद्युत चुम्बकीय विकिरण भी इनके अंदर से बाहर नहीं निकल सकता। अंत में, इस सिद्धांत ने गुरुत्वाकर्षण तरंगों की भविष्यवाणी की—जो दिक्-काल के घुमाव में पड़ने वाली लहरें हैं और गतिमान द्रव्यमान से बाहर की ओर फैलती हैं। इन तरंगों का पहली बार सीधा पता 2015 में लाइगो (LIGO) प्रयोग द्वारा लगाया गया था, जिसने सिद्धांत के अंतिम प्रमुख अप्रमाणित पहलुओं में से एक की पुष्टि की।"
नीचे दी गई प्रोग्रामिंग भाषाओं को उनके मुख्य निष्पादन मॉडल के आधार पर वर्गीकृत करें: कंपाइल किया हुआ या इंटरप्रेट किया हुआ।,"सी++, पाइथन, जावा, जावास्क्रिप्ट, सी, रूबी, स्विफ्ट, पीएचपी","कंपाइल की गई भाषाएँ: सी++, जावा, सी, स्विफ्ट
इंटरप्रेट की गई भाषाएँ: पाइथन, जावास्क्रिप्ट, रूबी, पीएचपी"
"इनमें से कौन सी मशहूर जगहें मिस्र में स्थित हैं: गीज़ा के पिरामिड, चीन की महान दीवार, स्फिंक्स?",,"गीज़ा के पिरामिड और स्फिंक्स, दोनों मिस्र में स्थित हैं। चीन की महान दीवार चीन में स्थित है।"
क्या ऑस्ट्रेलिया की राजधानी सिडनी है?,,नहीं
"विषय द्वारा हासिल की गई शैक्षिक डिग्रीयों का कालक्रम से क्रम बताएं, जिसमें हर एक के लिए साल और संस्थान शामिल हो।","डॉक्टर एलेनॉर वेंस की शानदार शैक्षणिक पृष्ठभूमि है। उन्होंने 2008 में कैलटेक से खगोल भौतिकी में अपनी पी.एच.डी. पूरी की। उससे पहले, उन्होंने 2003 में एमआईटी से सैद्धांतिक भौतिकी में अपनी मास्टर ऑफ साइंस की डिग्री हासिल की। उनकी बुनियादी पढ़ाई 2000 में प्रिंसटन यूनिवर्सिटी द्वारा दी गई गणित में बैचलर ऑफ आर्ट्स की डिग्री से शुरू हुई।","गणित में बैचलर ऑफ आर्ट्स (2000, प्रिंसटन यूनिवर्सिटी); सैद्धांतिक भौतिकी में मास्टर ऑफ साइंस (2003, एमआईटी); खगोल भौतिकी में पी.एच.डी. (2008, कैलटेक)"
अच्छी गुणवत्ता वाले तकनीकी विनिर्देश दस्तावेज़ (टीएसडी) को तैयार करने के लिए ज़रूरी कदमों की रूपरेखा बताइए।,,"तकनीकी विनिर्देश दस्तावेज़ तैयार करने के लिए कड़ी योजना ज़रूरी होती है ताकि यह सुनिश्चित हो सके कि सभी हितधारक अंतिम उत्पाद पर सहमत हों। यहाँ ज़रूरी कदम दिए गए हैं:

1.  **दायरा और लक्ष्य समूह तय करें:** स्पष्ट रूप से बताएँ कि सिस्टम क्या *करेगा* और क्या *नहीं करेगा* (इसकी सीमाएँ)। मुख्य लक्ष्य समूह (डेवलपर, क्यूए, उत्पाद प्रबंधक) की पहचान करें, क्योंकि इसी से यह तय होता है कि कितनी तकनीकी बारीकी (डिटेल) की ज़रूरत होगी।
2.  **ज़रूरतों को इकट्ठा करें और उनकी पुष्टि करें:** सभी कार्यात्मक (जो सिस्टम करता है) और गैर-कार्यात्मक (प्रदर्शन, सुरक्षा, उपयोगिता) ज़रूरतों को संकलित करने के लिए उत्पाद मालिकों और हितधारकों के साथ मिलकर काम करें। हर ज़रूरत मापने योग्य, प्राप्त करने योग्य, प्रासंगिक और समय-बद्ध (यानी स्मार्ट-SMART) होनी चाहिए।
3.  **दस्तावेज़ की रूपरेखा तैयार करें:** एक जैसा ढाँचा (टेम्पलेट) इस्तेमाल करें। विशिष्ट खंडों में शामिल हैं: परिचय/लक्ष्य, दायरा, हितधारक, विस्तृत डिज़ाइन, डेटा मॉडल, परीक्षण रणनीति और परिनियोजन (Deployment) योजना।
4.  **प्रस्तावित समाधान का विवरण दें (डिज़ाइन खंड):** वर्णन करें कि ज़रूरतों को कैसे पूरा किया जाएगा। इसमें आर्किटेक्चर आरेख (डायग्राम), क्रम प्रवाह (sequence flows), एपीआई परिभाषाएँ और डेटाबेस स्कीमा शामिल हैं। अस्पष्टता के बजाय स्पष्टता पर ध्यान दें।
5.  **सफलता के मापदंड और परीक्षण मानदंड स्थापित करें:** तय करें कि टीम को कैसे पता चलेगा कि विनिर्देश (specification) सफलतापूर्वक लागू किया गया है। गुणवत्ता आश्वासन (क्यूए) टीमों के लिए स्वीकृति मानदंड शामिल करें।
6.  **समीक्षा करें, सुधार करें और अनुमोदन प्राप्त करें:** मसौदे को मुख्य तकनीकी प्रमुखों और उत्पाद प्रबंधन को साथियों द्वारा समीक्षा (पीयर रिव्यू) के लिए वितरित करें। प्रतिक्रिया (फीडबैक) शामिल करें और सुनिश्चित करें कि बाद में दायरा बढ़ने (स्कोप क्रीप) से बचने के लिए विकास (डेवलपमेंट) शुरू होने से पहले औपचारिक अनुमोदन (साइन-ऑफ) हो जाए।"
"पाठ के अनुसार, वॉयेजर 1 यान आधिकारिक तौर पर अंतरतारकीय अंतरिक्ष में कब दाखिल हुआ?","वॉयेजर 1, एक अंतरिक्ष यान जिसे नासा ने 5 सितंबर 1977 को लॉन्च किया था, वर्तमान में धरती से मानव द्वारा बनाई गई सबसे दूर की वस्तु है। इसका मुख्य काम बृहस्पति और शनि का अध्ययन करना था। इसने 25 अगस्त 2012 को आधिकारिक तौर पर हेलियोपॉज़ को पार किया और अंतरतारकीय अंतरिक्ष में दाखिल हुआ। यह अभी भी काम कर रहा है, हालाँकि इसके ऊर्जा स्रोतों के केवल 2025 के आस-पास तक ही चलने की उम्मीद है।","25 अगस्त, 2012"
"पाठ के अनुसार, सर आर्थर कॉनन डॉयल ने शर्लक होम्स के किरदार को मुख्य रूप से किस असली व्यक्ति पर आधारित किया था?","सर आर्थर कॉनन डॉयल ने शर्लक होम्स के किरदार को मुख्य रूप से एक असली व्यक्ति, डॉक्टर जोसेफ बेल, पर आधारित किया था। बेल एडिनबर्ग की रॉयल इनफ़र्मरी में एक सर्जन थे, जिनके साथ डॉयल ने एक बाबू के रूप में काम किया था। बेल केवल मरीज़ों को देखकर उनकी पृष्ठभूमि, पेशा और हाल की गतिविधियों के बारे में व्यापक अनुमान लगाने की अपनी क्षमता के लिए जाने जाते थे। डॉयल ने बाद में शर्लक होम्स के उपन्यासों में से एक बेल को समर्पित किया। हालाँकि बेल मुख्य प्रेरणा थे, डॉयल ने होम्स में अपने स्वयं के व्यक्तित्व के तत्व और उस समय की साहित्यिक परंपराओं को भी भरा।",डॉक्टर जोसेफ बेल
मौसम और जलवायु में क्या फ़र्क़ है?,,"मौसम का मतलब किसी ख़ास जगह पर थोड़े समय के लिए माहौल की हालत से होता है (जैसे आज या इस हफ़्ते होने वाली बारिश, धूप, या तापमान का उतार-चढ़ाव)। जबकि जलवायु का मतलब किसी इलाक़े में मौसम के तरीक़ों का लंबे समय का औसत होता है, जो आम तौर पर 30 साल के समय के हिसाब से गिना जाता है।"
नियमित रूप से सचेत ध्यान (mindfulness meditation) करने के सिद्ध मानसिक फ़ायदे क्या हैं?,,"नियमित सचेत ध्यान के कई सिद्ध मानसिक लाभ हैं। यह तनाव, बेचैनी (चिंता), और उदासी (अवसाद) के लक्षणों को काफी हद तक कम करता है, कोर्टिसोल के स्तर को कम करके और नकारात्मक विचारों के प्रति प्रतिक्रिया न करने वाला नज़रिया विकसित करके। इसके अलावा, लगातार अभ्यास से दिमागी काम (संज्ञानात्मक कार्य) बेहतर होते हैं, ख़ासकर ध्यान लगाने की अवधि (ध्यान की सीमा), काम करने वाली याददाश्त, और एकाग्रता में सुधार होता है। ध्यान बेहतर भावनात्मक नियंत्रण से भी जुड़ा है, क्योंकि यह 'प्रीफ्रंटल कॉर्टेक्स' (निर्णय लेने की क्षमता का कार्य) और 'एमिग्डाला' (डर/भावनात्मक केंद्र) के बीच के संबंध को मज़बूत करता है, जिससे भावनात्मक उकसाहटों पर अधिक संतुलित प्रतिक्रियाएँ मिल पाती हैं। अध्ययनों से मस्तिष्क की बनावट में भी बदलाव सामने आए हैं, जैसे आत्म-जागरूकता और दया से जुड़े क्षेत्रों में 'ग्रे मैटर' का घनत्व बढ़ना, और नींद की गुणवत्ता में सुधार होना।"
"एक कामयाब ऑनलाइन कार्यशाला की मेज़बानी करने के बाद लिंक्डइन के लिए एक संक्षिप्त, उत्साहजनक अनुवर्ती संदेश तैयार करें। लहजा जोशीला होना चाहिए और इसमें सहभागिता (एंगेजमेंट) के लिए एक नरम (सॉफ्ट) कार्रवाई का बुलावा (कॉल टू एक्शन) शामिल होना चाहिए।",कार्यक्रम का नाम: ऑनलाइन कार्यशाला: दूर रहकर (रिमोट) समय प्रबंधन में महारत हासिल करना। मुख्य सीख का केंद्र: 'पोमोडोरो तकनीक' और 'एक जैसे कामों को समूह में करना'। कार्रवाई का बुलावा (इच्छित): प्रतिभागियों को उनकी सबसे बड़ी सीख साझा करने और अगले सत्र पर नज़र रखने के लिए प्रोत्साहित करें।,"कल हमारी 'ऑनलाइन कार्यशाला: दूर रहकर समय प्रबंधन में महारत हासिल करना' में शामिल होने वाले सभी लोगों का बहुत-बहुत धन्यवाद!

#पोमोडोरोतकनीक और #कामोंकासमूहीकरण की शक्ति जैसी असरदार रणनीतियों पर चर्चा करते हुए हमें ज़बरदस्त जुड़ाव (एंगेजमेंट) मिला। आपमें से इतने सारे लोगों को अपने काम के दिनों को बदलने के लिए तैयार देखकर बहुत खुशी हुई।

अब, मज़ेदार हिस्सा: मैं आपकी सबसे बड़ी सीख सुनना चाहूँगा/चाहूँगी! आप इस सप्ताह इन तरीकों को कैसे इस्तेमाल करने की योजना बना रहे हैं? अपनी सफलता की कहानियाँ नीचे साझा करें!

हमारे अगले सत्र के विवरण के लिए जल्द ही जुड़े रहें!

#दूरसेकाम #उत्पादकता #समयप्रबंधन"
बृहस्पति के चार सबसे बड़े उपग्रहों के नाम बताओ।,,"बृहस्पति के चार सबसे बड़े उपग्रह, जिन्हें गैलीलियन उपग्रहों के नाम से भी जाना जाता है, वे हैं: आयो, यूरोपा, गैनीमीड, और कैलिस्टो।"
"पाइथन और जावास्क्रिप्ट की तुलना करें और अंतर बताएं, उनके मुख्य इस्तेमाल पर ध्यान दें।",,"पाइथन और जावास्क्रिप्ट दोनों ही बहुत ज़्यादा मशहूर उच्च-स्तरीय प्रोग्रामिंग भाषाएँ हैं, लेकिन इनके मुख्य काम बुनियादी तौर पर अलग-अलग हैं। पाइथन डेटा साइंस, मशीन लर्निंग, आर्टिफिशियल इंटेलिजेंस, वैज्ञानिक गणना और सामान्य बैकएंड सर्वर के विकास जैसे क्षेत्रों में आगे है। इसे इसके साफ़, पढ़ने लायक सिंटैक्स और विशेष लाइब्रेरी (जैसे नम्पाई, पांडास, टेंसरफ़्लो) के विशाल तंत्र (इकोसिस्टम) के लिए महत्व दिया जाता है। इसके विपरीत, जावास्क्रिप्ट का मूल और मुख्य काम वेब पेजों को इंटरैक्टिव (क्रियाशील) बनाना है (फ्रंटएंड डेवलपमेंट)। हालांकि, नोड.जेएस के आने के साथ, जावास्क्रिप्ट अब बैकएंड सर्वर के लिए भी एक मज़बूत विकल्प बन गई है। एक मुख्य अंतर उनका रनटाइम एनवायरनमेंट है: जावास्क्रिप्ट वेब ब्राउज़र की मूल भाषा है, जबकि पाइथन को आमतौर पर एक इंटरप्रेटर सेटअप की आवश्यकता होती है। जहाँ पाइथन को अक्सर जटिल डेटा प्रोसेसिंग या ऑटोमेशन स्क्रिप्ट्स के लिए पसंद किया जाता है, वहीं जावास्क्रिप्ट लगभग किसी भी आधुनिक इंटरैक्टिव वेब एप्लिकेशन के लिए ज़रूरी है।"
"नीचे दिए गए सभी मशहूर पहाड़ों को उनके संबंधित महाद्वीपों (एशिया, दक्षिण अमेरिका, उत्तर अमेरिका, यूरोप) के हिसाब से वर्गीकृत करें। वर्गीकृत किए जाने वाले शिखर: माउंट एवरेस्ट, के2, कंचनजंगा, ल्होत्से, मकालू, चो ओयू, धौलागिरी, मानसलू, नंगा परबत, अन्नपूर्णा 1, गशेरब्रुम 1, ब्रॉड पीक, गशेरब्रुम 2, शिशपंगमा, एकॉनकागुआ, ओजोस डेल सालाडो, मोंट ब्लांक, मैटरहॉर्न, डेनाली, माउंट लोगन, पीको डे ओरिज़ाबा।",,"एशिया महाद्वीप में स्थित पहाड़ ये हैं: माउंट एवरेस्ट, के2, कंचनजंगा, ल्होत्से, मकालू, चो ओयू, धौलागिरी, मानसलू, नंगा परबत, अन्नपूर्णा 1, गशेरब्रुम 1, ब्रॉड पीक, गशेरब्रुम 2, शिशपंगमा।

दक्षिण अमेरिका महाद्वीप में स्थित पहाड़ ये हैं: एकॉनकागुआ, ओजोस डेल सालाडो।

उत्तर अमेरिका महाद्वीप में स्थित पहाड़ ये हैं: डेनाली, माउंट लोगन, पीको डे ओरिज़ाबा।

यूरोप महाद्वीप में स्थित पहाड़ ये हैं: मोंट ब्लांक, मैटरहॉर्न।"
रिएक्ट जेएस सीखने वाले नए आदमी के लिए कौन से साधन (रिसोर्स) अच्छे हैं?,,"आधिकारिक रिएक्ट दस्तावेज़ों (documentation) से शुरू करें, जो इस लिंक पर हैं: https://react.dev/। उन्होंने हाल ही में अपने दस्तावेज़ों को नया किया है जो मुख्य रूप से 'हूक्स' और 'फ़ंक्शनल कंपोनेंट्स' पर बहुत ज़्यादा ध्यान केंद्रित करते हैं। व्यवस्थित तरीके से सीखने के लिए, मैं 'फ्री कोड कैंप' पर 'रिएक्ट बेसिक्स' नामक मॉड्यूल की सलाह देता हूँ, या आप उडेमी जैसे प्लेटफॉर्मों पर मशहूर कोर्सेज़ देख सकते हैं। ऐसे शिक्षकों पर ध्यान दें जो 'फ्रंट-एंड डेवलपमेंट' के लिए जाने जाते हैं, जैसे स्टीफन ग्राइडर या मैक्सिमिलियन श्वार्ज़म्यूलर।"
सर्वरलेस कंप्यूटिंग' का मुख्य विचार और डेवलपर्स के लिए इसके प्राथमिक फायदे समझाओ।,,"सर्वरलेस कंप्यूटिंग क्लाउड (बादल) पर काम करने का एक ऐसा तरीका है जहाँ क्लाउड देने वाली कंपनी खुद ही बुनियादी ढाँचे को देने और उसकी क्षमता को अपने आप बढ़ाने या घटाने का काम संभालती है। यह डेवलपर्स को बिना कोई सर्वर सेट किए या मैनेज किए, सिर्फ़ कोड चलाने की इजाज़त देता है। इसका मुख्य फायदा 'जितना इस्तेमाल, उतना भुगतान' वाला खर्चा मॉडल है, साथ ही लोड के हिसाब से अपने आप क्षमता का बढ़ना/घटना भी शामिल है। इससे डेवलपर्स की टीमें ऑपरेटिंग सिस्टम या नेटवर्क सेटिंग बनाए रखने के बजाय, सिर्फ़ एप्लीकेशन (एप्लीकेशन) के लॉजिक (काम करने के तरीके) पर ध्यान दे पाती हैं।"
इनमें से कौन सी इमारत/ढाँचा पैरिस में है? ऐफ़िल टावर या बिग बेन,,ऐफ़िल टावर
शुरू से अंत तक एक पारंपरिक खट्टा खमीर की पाव रोटी (सोरडो) बनाने के लिए ज़रूरी बुनियादी कदम बताएं।,,"1. **खमीर (जामन) को खिलाना:** खमीर, आटा और पानी मिलाएं। 4 से 12 घंटे तक इंतज़ार करें जब तक कि खमीर सक्रिय, झागदार और फूल कर दुगुना (चोटी पर) न हो जाए।
2. **आटे को भिगोना (शुरुआती मिलावट):** पाव रोटी के लिए आटा और पानी एक साथ मिलाएं और 30 से 60 मिनट तक आराम करने दें।
3. **खमीर और नमक मिलाना:** सक्रिय खमीर डालें और अच्छी तरह मिलाएं, फिर नमक डालें और पूरी तरह घुलने तक फिर से मिलाएं।
4. **बड़े पैमाने पर खमीर उठने देना:** आटे को कमरे के तापमान पर खमीर उठने दें (आमतौर पर 4-8 घंटे)। पहले 2-3 घंटों के दौरान, आटे में मज़बूती लाने के लिए 'खींचने और मोड़ने' के 4 से 6 सेट करें।
5. **शुरुआती आकार देना (सतह पर आराम):** आटे को धीरे से गोल या अंडाकार ढीला आकार दें, और इसे बिना ढके 20-30 मिनट के लिए आराम करने दें।
6. **अंतिम आकार और ठंडा खमीरीकरण:** आटे को कसकर आकार दें और जोड़ वाली तरफ ऊपर रखते हुए आटे से सजी जालीदार टोकरी (बैनेटोन) में रखें। इसे 12-24 घंटों के लिए फ्रिज में रखें।
7. **सेंकना:** अपने ओवन और ढक्कन वाले बर्तन (डच ओवन) को 475°फ़ारेनहाइट (245° सेल्सियस) तक पहले से गरम करें। ठंडे आटे पर चीरा लगाएं, इसे ढक्कन लगे गर्म बर्तन में रखें और 20 मिनट तक सेंकें। ढक्कन हटा दें और अतिरिक्त 25-30 मिनट तक तब तक सेंकें जब तक कि पपड़ी गहरी सुनहरी भूरी न हो जाए।
8. **ठंडा करना:** पाव रोटी को एक जालीदार स्टैंड पर रखें और काटने से पहले उसे पूरी तरह ठंडा होने दें (1-2 घंटे)।"
संघीय न्यूनतम मज़दूरी को प्रति घंटा 15 डॉलर तक बढ़ाने के आर्थिक असर का विश्लेषण करें।,,"संघीय न्यूनतम मज़दूरी को प्रति घंटा 15 डॉलर तक बढ़ाने से जटिल और कई पहलुओं वाले आर्थिक असर होने का अनुमान है। समर्थक तर्क देते हैं कि यह कम आय वाले मज़दूरों द्वारा बढ़े हुए उपभोक्ता खर्च के ज़रिए कुल मांग को बढ़ावा देगा और सामाजिक सहायता कार्यक्रमों पर सरकारी खर्च कम करेगा। इसके विपरीत, आलोचकों का सुझाव है कि इससे ज़्यादा महँगाई हो सकती है, व्यवसायों को जल्द ही स्वचालित तकनीक अपनाने के लिए प्रोत्साहन मिलेगा, और यह छोटे व्यवसायों पर असमान रूप से ज़्यादा असर डालेगा, जिसके परिणामस्वरूप शुरुआती या कम कौशल वाले श्रमिकों के लिए नौकरी का नुकसान हो सकता है।"
"निम्नलिखित नामों को श्रेणीबद्ध करें: बृहस्पति, मंगल, शुक्र, शनि, नेपच्यून, प्लूटो, यूरोपा, गेनीमीड, आयो, सेरेस, वेस्टा, अपोलो, डायना। हरेक को 'ग्रहीय पिंड' (ग्रह, उपग्रह, या बौना ग्रह), 'पौराणिक देवता' (यूनानी या रोमन), 'दोनों', या 'कोई नहीं' के रूप में वर्गीकृत करें।",,"यह एक शानदार सूची है जो खगोल विज्ञान और शास्त्रीय पौराणिक कथाओं के बीच गहरे संबंध को दर्शाती है, क्योंकि लगभग सभी आकाशीय पिंडों का नाम पौराणिक हस्तियों पर रखा गया है। हालांकि, आपके द्वारा दी गई श्रेणियों के आधार पर, यहाँ वर्गीकरण दिया गया है:

**दोनों (प्रमुख ग्रहीय पिंड और प्रमुख शास्त्रीय देवता):**

*   **बृहस्पति, मंगल, शुक्र, शनि, नेपच्यून:** ये पाँच शास्त्रीय ग्रहों के नाम हैं और प्रमुख रोमन देवताओं के भी, जिनका वे प्रतिनिधित्व करते हैं।
*   **प्लूटो, सेरेस:** इन्हें बौने ग्रहों के रूप में वर्गीकृत किया गया है और ये महत्वपूर्ण रोमन देवताओं के नाम भी हैं (क्रमशः पाताल लोक के देवता और कृषि की देवी)।

**ग्रहीय पिंड (खगोल विज्ञान पर ध्यान केंद्रित, हालांकि पौराणिक कथाओं से लिया गया):**

*   **यूरोपा, गेनीमीड, आयो:** ये बृहस्पति के तीन सबसे बड़े उपग्रह हैं। हालांकि इनका नाम पौराणिक हस्तियों पर रखा गया है, लेकिन इनका सामान्य संदर्भ पूरी तरह से खगोल वैज्ञानिक है।
*   **वेस्टा:** यह क्षुद्रग्रह पेटी में सबसे बड़े क्षुद्रग्रहों में से एक है। आधुनिक उपयोग में इसका मुख्य संदर्भ खगोल वैज्ञानिक है।

**पौराणिक देवता (खगोल विज्ञान से बाहर मुख्य संदर्भ):**

*   **अपोलो, डायना:** हालाँकि विभिन्न छोटे क्षुद्रग्रहों के नाम इन पर रखे गए हैं, प्रमुख वर्गीकरण के संदर्भ में, ये नाम मुख्य रूप से रोमन देवताओं को संदर्भित करते हैं (क्रमशः सूर्य/संगीत/तीरंदाजी के देवता और शिकार/चाँद की देवी)।"
"दिए गए पाठ के अनुसार, 2006 में प्लूटो का पुनः वर्गीकरण करने के लिए कौन सा संगठन जिम्मेदार था?","प्लूटो, जिसे कभी नौवाँ ग्रह माना जाता था, को 2006 में अंतर्राष्ट्रीय खगोलीय संघ (आई.ए.यू.) द्वारा एक बौना ग्रह के रूप में पुनः वर्गीकृत किया गया था। आई.ए.यू. ने ऐसे मानदंड स्थापित किए जिनके अनुसार किसी भी आकाशीय पिंड को पूर्ण ग्रह माने जाने के लिए ज़रूरी है कि उसने अपनी कक्षा के आस-पास का क्षेत्र 'साफ़ कर दिया हो'। प्लूटो इस अंतिम शर्त को पूरा नहीं कर पाता है।",अंतर्राष्ट्रीय खगोलीय संघ (आई.ए.यू.)
"ऐन्टेना को छोड़कर, ऐफ़िल टॉवर की शुरुआती ऊँचाई फ़ीट में कितनी थी?","ऐफ़िल टॉवर को पेरिस में 1889 के विश्व मेले के लिए बनाया गया था। इसे गुस्ताव ऐफ़िल ने डिज़ाइन किया था। ऐन्टेना को छोड़कर, यह ढाँचा शुरुआत में 300 मीटर (984 फ़ीट) ऊँचा था। बाद में प्रसारण उपकरण जोड़ने से इसकी कुल ऊँचाई बढ़ गई। जब यह पहली बार बनकर तैयार हुआ, तो लोहे के ढाँचे का कुल वज़न लगभग 7,300 मीट्रिक टन था। यदि पत्थर की नींव को भी शामिल किया जाए, तो इसका कुल वज़न 10,100 टन के करीब है।",984 फ़ीट
पाठ में बताए गए मुख्य साल और उनसे जुड़े ब्राउज़र या भाषा के विकास की सूची 'साल: घटना' के रूप में बनाओ।,"वर्ल्ड वाइड वेब की नींव 1991 से मानी जा सकती है, जब पहला वेब ब्राउज़र, वर्ल्ड वाइड वेब, टिम बर्नर्स-ली द्वारा जारी किया गया था। दो साल बाद, 1993 में, मोज़ेक जारी हुआ, जिसने वेब ब्राउज़िंग को मशहूर किया। जावास्क्रिप्ट, जो गतिशील वेब सामग्री के लिए ज़रूरी स्क्रिप्टिंग भाषा है, का महत्वपूर्ण विकास 1995 में हुआ। आखिर में, मशहूर फ़ायरफ़ॉक्स ब्राउज़र (तब फ़ीनिक्स नाम था) की पहली सार्वजनिक रिलीज़ 2002 में हुई।","1991: वर्ल्ड वाइड वेब जारी हुआ
1993: मोज़ेक जारी हुआ
1995: जावास्क्रिप्ट विकसित हुआ
2002: फ़ायरफ़ॉक्स जारी हुआ"
हमारे सौर मंडल में सबसे बड़ा उपग्रह कौन सा है?,,"सौर मंडल का सबसे बड़ा उपग्रह गेनीमीड है, जो बृहस्पति ग्रह का चक्कर लगाता है। गेनीमीड बुध ग्रह और बौने ग्रह प्लूटो से भी बड़ा है। यह एकमात्र ऐसा उपग्रह है जिसके पास अपना चुंबकीय क्षेत्र होने की जानकारी है।"
नीचे दिए गए जानवरों को दो श्रेणियों में बाँटिए: स्तनधारी और सरीसृप।,"साँप, कुत्ता, मगरमच्छ, बिल्ली, कछुआ, व्हेल, छिपकली, इंसान","स्तनधारी: कुत्ता, बिल्ली, व्हेल, इंसान
सरीसृप: साँप, मगरमच्छ, कछुआ, छिपकली"
अल्बर्ट आइंस्टीन के विशेष सापेक्षता के सिद्धांत की बुनियादी बात आसान शब्दों में समझाइए।,,"बुनियादी बात यह है कि भौतिकी के नियम उन सभी देखने वालों के लिए एक जैसे होते हैं जो एक ही चाल से चल रहे हैं (जो तेज़ या धीमा नहीं हो रहे हैं)। और खाली जगह (निर्वात) में प्रकाश की गति सबके लिए एक समान रहती है, भले ही प्रकाश के स्रोत की गति कुछ भी हो। इस सिद्धांत के गहरे नतीजे सामने आते हैं, जैसे समय का फैलाव (तेज़ चलने वाली चीज़ों के लिए समय धीमा हो जाता है) और लंबाई का सिकुड़ना।"
खाने की एलर्जी और खाने की असहनीयता में क्या फ़र्क़ है?,,"मुख्य फ़र्क़ शरीर की प्रतिक्रिया के तरीक़े में है। खाने की ऐलर्जी में रोग प्रतिरोधक तंत्र (इम्यून सिस्टम) शामिल होता है, जहाँ शरीर ग़लती से खाने में मौजूद प्रोटीन को ख़तरा समझता है और ऐन्टीबॉडी (जैसे कि आई.जी.ई.) जारी करता है, जिससे तुरंत और संभावित जानलेवा लक्षण (जैसे कि पित्ती, ऐनाफ़िलैक्सिस) हो सकते हैं। खाने की असहनीयता में पाचन तंत्र शामिल होता है और यह आमतौर पर शरीर की खाने के किसी घटक को ठीक से पचाने या तोड़ने में असमर्थता के कारण होता है (अक्सर एंज़ाइम की कमी के कारण, जैसे कि लैक्टोज़ असहनीयता)। लक्षण आम तौर पर पेट तक ही सीमित रहते हैं (गैस, पेट फूलना, दस्त) और जानलेवा नहीं होते।"
कंटेनर बनाने की तकनीक का मतलब समझाइए।,,"कंटेनरीकरण, ऑपरेटिंग सिस्टम के स्तर पर होने वाला एक हल्का आभासीकरण है, जहाँ एप्लीकेशन (ऐप) का कोड, उसकी ज़रूरी चीज़ें (निर्भरताएँ), और उसकी सेटिंग एक साथ एक आत्म-निर्भर इकाई में बंद कर दी जाती हैं। यह पक्का करता है कि यह अलग-अलग कंप्यूटिंग माहौल में भी भरोसेमंद तरीके से काम करे।"
"ग्रेट बैरियर रीफ़ का वर्णन करें, जिसमें उसका स्थान और मुख्य विशेषताएँ शामिल हों।","ग्रेट बैरियर रीफ़ दुनिया का सबसे बड़ा मूंगे की चट्टानों का तंत्र है जो 2,900 से अधिक अलग-अलग चट्टानों और 900 द्वीपों से मिलकर बना है, जो लगभग 3,44,400 वर्ग किलोमीटर (1,33,000 वर्ग मील) के क्षेत्रफल में 2,300 किलोमीटर (1,400 मील) से अधिक तक फैला हुआ है। यह चट्टान ऑस्ट्रेलिया के क्वींसलैंड तट से दूर, कोरल सागर में स्थित है। इसे 1981 में यूनेस्को विश्व धरोहर स्थल घोषित किया गया था। यह बाहरी अंतरिक्ष से दिखाई देता है और जीवित जीवों द्वारा बनाया गया दुनिया का सबसे बड़ा अकेला ढाँचा है। यह ढाँचा अरबों छोटे जीवों से बना है, जिन्हें कोरल पॉलिप्स के नाम से जाना जाता है। जलवायु परिवर्तन, प्रदूषण और ब्लीचिंग (विरंजन) की घटनाएँ इस रीफ़ की जैव विविधता के लिए मुख्य खतरे हैं।","ग्रेट बैरियर रीफ़ ऑस्ट्रेलिया के क्वींसलैंड तट से दूर, कोरल सागर में स्थित है। यह दुनिया का सबसे बड़ा मूंगे की चट्टानों का तंत्र होने की पहचान रखता है, जो लगभग 3,44,400 वर्ग किलोमीटर (1,33,000 वर्ग मील) तक फैला है और 2,300 किलोमीटर (1,400 मील) से अधिक की दूरी तक फैला हुआ है, जिसमें 2,900 से अधिक अलग-अलग चट्टानें और 900 द्वीप शामिल हैं। इसे विश्व स्तर पर मान्यता प्राप्त है, और इसे 1981 में यूनेस्को विश्व धरोहर स्थल घोषित किया गया था। यह विशाल ढाँचा, जिसे अरबों छोटे जीवों, जिन्हें कोरल पॉलिप्स कहा जाता है, द्वारा बनाया गया है, इतना बड़ा है कि यह बाहरी अंतरिक्ष से दिखाई देता है।

इसके आकार और पर्यावरणीय महत्व के बावजूद, इस रीफ़ की जैव विविधता जलवायु परिवर्तन, प्रदूषण और बार-बार होने वाली कोरल ब्लीचिंग की घटनाओं जैसे कारकों से गंभीर खतरे में है।"
"मोइरे प्रभाव कैसे बनता है और इसके व्यावहारिक उपयोग क्या हैं, यह समझाइए।",,"मोइरे प्रभाव एक दृश्य घटना है—यानी एक हस्तक्षेप पैटर्न—जो तब होता है जब दो समान, नियमित पैटर्न (आमतौर पर समानांतर रेखाएं, ग्रिड, या बिंदु) एक दूसरे पर थोड़ा घुमाकर या उनकी जगह बदलकर रखे जाते हैं। इससे बनने वाला जटिल बड़ा पैटर्न मूल पैटर्न से देखने में बिल्कुल अलग होता है। इस प्रभाव का उपयोग मुद्रा और दस्तावेज़ सुरक्षा (काइनग्राम), सूक्ष्म-माप (सामग्रियों में बहुत छोटे तनावों का पता लगाने के लिए), जैसे क्षेत्रों में व्यावहारिक रूप से किया जाता है, और बारीक कपड़े या स्क्रीन कैप्चर करते समय अवांछित 'एलियासिंग' दोषों को रोकने के लिए इसे अक्सर डिजिटल फोटोग्राफी में कम किया जाता है।"
"आम खाने की चीज़, सैंडविच, को यह नाम कैसे मिला?","सैंडविच का नाम जॉन मोंटागु के नाम पर रखा गया है, जो सैंडविच के चौथे अर्ल (1718–1792) थे। कहा जाता है कि अर्ल बहुत बड़े जुआरी थे और लंबी दावतों के लिए ताश की मेज छोड़ना नहीं चाहते थे। अपनी भूख मिटाने के लिए और अपने हाथों को साफ़ और खेलने के लिए खाली रखने के लिए, कथित तौर पर उन्होंने माँस के टुकड़ों को ब्रेड के दो टुकड़ों के बीच रखने का अनुरोध किया। इससे वह बिना किसी औज़ार (बर्तन) के खा सकते थे। हालाँकि यह मुमकिन है कि ब्रेड और माँस का मेल अर्ल से पहले भी मौजूद था, लेकिन इस चीज़ को मशहूर करने और उसके बाद नाम देने का श्रेय 1762 के आस-पास उन्हीं को दिया जाता है।","सैंडविच का नाम सैंडविच के चौथे अर्ल, जॉन मोंटागु के नाम पर रखा गया है। कथित तौर पर उन्होंने माँस को ब्रेड के दो टुकड़ों के बीच रखने का अनुरोध किया था ताकि वह ताश की मेज पर अपने लंबे सत्रों को बाधित किए बिना खा सकें, जिससे उनके हाथ साफ़ रहें।"
उन मुख्य तरीकों का विश्लेषण करें जिनसे सोशल मीडिया राजनीतिक ध्रुवीकरण को बढ़ाता है और इस प्रभाव को कम करने के लिए व्यावहारिक कदम सुझाएँ।,,"सोशल मीडिया मंच (प्लेटफॉर्म), जिन्हें शुरुआत में लोकतांत्रिक संचार और वैश्विक जुड़ाव के उपकरणों के रूप में सराहा गया था, वे विरोधाभासी रूप से अत्यधिक राजनीतिक ध्रुवीकरण के उत्प्रेरक बन गए हैं। इस विभाजन को चलाने वाले मुख्य तंत्र (तरीके) मंचों के मुख्य व्यावसायिक मॉडल में निहित हैं: व्यक्तिगत (पर्सनलाइज़्ड) सामग्री वितरण के माध्यम से उपयोगकर्ता जुड़ाव को अधिकतम करना।

पहला प्रमुख तंत्र **एल्गोरिथमिक गूंज कक्ष (इको चैम्बर)** है। मशीन लर्निंग एल्गोरिदम को ऐसी सामग्री को प्राथमिकता देने के लिए डिज़ाइन किया गया है जो उपयोगकर्ता को स्क्रॉल कराते रहे, अक्सर उन्हें ऐसी सामग्री पहचानकर और खिलाकर जो उनके मौजूदा पूर्वाग्रहों की पुष्टि करती है और एक मजबूत भावनात्मक प्रतिक्रिया, अक्सर क्रोध या समर्थन, को उत्तेजित करती है। यह एक स्व-पुष्टि वाली जानकारी का बुलबुला बनाता है जहाँ उपयोगकर्ताओं को शायद ही कभी विश्वसनीय विरोधी विचारों का सामना करना पड़ता है। समय के साथ, बौद्धिक घर्षण की यह कमी चरम (एक्ट्रीम) स्थितियों को मजबूत करने और विरोधी राजनीतिक खेमे के लोगों के अमानवीकरण (डीह्यूमेनाइज़ेशन) की ओर ले जाती है, क्योंकि एल्गोरिदम ने नीतिगत बहसों की जटिल बारीकियों को हटा दिया है और उन्हें सरल, विरोधी कहानियों से बदल दिया है।

दूसरा महत्वपूर्ण तंत्र **भावनात्मक संक्रमण और तेज़ी से फैलने (वायरैलिटी) का तीव्र होना** है। भावनात्मक रूप से आवेशित सामग्री—विशेष रूप से क्रोध, भय और घृणा—के सांख्यिकीय रूप से मंचों पर साझा और तेज़ी से फैलने की अधिक संभावना होती है। यह शांत, तथ्यात्मक विश्लेषण की तुलना में गलत जानकारी (डिस्इन्फ़ॉर्मेशन), सनसनीखेजता और नैतिक आक्रोश का पक्ष लेता है। जटिल राजनीतिक मुद्दे आसानी से पचने योग्य, अक्सर भ्रामक छोटे वाक्यांशों (साउंडबाइट्स) या मीमों तक सिमट जाते हैं, जिससे सार्थक संवाद (डायलॉग) अत्यंत कठिन हो जाता है जब सार्वजनिक बहस साझा तथ्यों या आपसी समझ के बजाय भावनात्मक तीव्रता से प्रेरित होती है। इसके अलावा, ऑनलाइन बातचीत द्वारा प्रदान की जाने वाली गुमनामी और दूरी आक्रामक और जहरीले (टॉक्सिक) व्यवहार की बाधा को कम करती है, जिससे दुश्मनी को बढ़ावा मिलता है।

इस सामाजिक विभाजन को कम करने के लिए मंचों के प्रणालीगत प्रोत्साहन और उपयोगकर्ताओं की व्यवहारिक आदतों दोनों को लक्षित करने वाले बहुआयामी दृष्टिकोण की आवश्यकता है। प्रणालीगत रूप से, मंचों को **अपने एल्गोरिथमिक प्राथमिकताओं को समायोजित** करने के लिए प्रोत्साहित किया जाना चाहिए या अनिवार्य किया जाना चाहिए। इसका मतलब है कि ऑप्टिमाइज़ेशन मापदंड को केवल 'जुड़ाव' (एंगेजमेंट) से हटाकर उन मापदंडों की ओर स्थानांतरित करना जो स्रोत की विश्वसनीयता, दृष्टिकोण की विविधता और संदर्भ को महत्व देते हैं। उदाहरण के लिए, सत्यापित समाचार स्रोतों से पोस्ट को प्राथमिकता देना या विविध राजनीतिक दृष्टिकोणों से सामग्री का एक उच्च अनुपात प्रदर्शित करना, भले ही प्रारंभिक जुड़ाव कम हो, धीरे-धीरे गूंज कक्षों को खत्म कर सकता है।

उपयोगकर्ता पक्ष पर, ध्यान **डिजिटल मीडिया साक्षरता में सुधार** पर होना चाहिए। शैक्षिक पहलों को व्यक्तियों को यह सिखाना चाहिए कि एल्गोरिथमिक फ़िल्टरिंग को कैसे पहचानें, 'गुस्सा भड़काने वाले तत्वों' (आउटरेज बेट) को कैसे पहचानें, और अपने फ़ीड के बाहर विविध, विश्वसनीय स्रोतों का उपयोग करके जानकारी को क्रॉस-रेफरेंस करने का महत्व क्या है। उपयोगकर्ताओं को जानबूझकर विरोधी राजनीतिक विचारों से अच्छी तरह से तर्कसंगत बहसें (आर्गुमेंट) तलाशकर अपने स्वयं के फ़िल्टर बुलबुले को तोड़ने के लिए प्रोत्साहित किया जाना चाहिए, यह पहचानते हुए कि एक स्वस्थ लोकतंत्र के लिए उत्पादक असहमति आवश्यक है। अंततः, ध्रुवीकरण को कम करने के लिए एल्गोरिथमिक संयम और सुविधाजनक पुष्टि (कन्फर्मेशन) पर आलोचनात्मक सोच (क्रिटिकल थिंकिंग) को महत्व देने की सामाजिक प्रतिबद्धता दोनों की आवश्यकता होती है।"
रोसेटा पत्थर का मकसद समझाओ।,,"रोसेटा पत्थर मिस्र की चित्रलिपि को समझने के लिए एक चाबी के तौर पर काम आया। इसमें वही फरमान तीन लिपियों में लिखा हुआ था: चित्रलिपि, डेमोटिक लिपि और पुरानी यूनानी।"
"पाठ के मुताबिक, संयुक्त राज्य अमेरिका ने पनामा नहर बनाने का काम किस साल अपने हाथ में ले लिया था?","इंजीनियरिंग का एक शानदार काम, पनामा नहर, आधिकारिक तौर पर 15 अगस्त, 1914 को खुली थी। यह अटलांटिक महासागर (कैरेबियन सागर से होते हुए) और प्रशांत महासागर को जोड़ती है। इसके निर्माण से दोनों महासागरों के बीच जहाज़ों को यात्रा करने के लिए ज़रूरी दूरी और समय बहुत कम हो गया। 1904 से पहले, फ्रांसीसी लोगों ने 1881 में समुद्री स्तर वाली नहर बनाने की कोशिश की थी, लेकिन बीमारी, इंजीनियरिंग की चुनौतियों और पैसे की दिक्कतों के कारण यह परियोजना विफल हो गई। संयुक्त राज्य अमेरिका ने 1904 में इस परियोजना को संभाल लिया, और इसके बजाय उन्होंने लॉक-आधारित नहर प्रणाली को चुना। गाटून झील, जो एक बहुत बड़ा मानव निर्मित जलाशय है, का निर्माण इस डिज़ाइन का अहम हिस्सा था। यह नहर मुख्य रूप से तालों के तीन सेटों का उपयोग करके काम करती है: मिराफ्लोरेस, पेड्रो मिगुएल और गाटून।",1904
अच्छी गुणवत्ता वाली 'पोर-ओवर' कॉफ़ी बनाने का सबसे अच्छा तरीका क्या है?,,"इस 'पोर-ओवर' के लिए बेहतरीन तरीके में सटीकता की ज़रूरत होती है। सबसे पहले, छने हुए पानी को 195°F और 205°F (90°C–96°C) के बीच गर्म करें। जब पानी गर्म हो रहा हो, तो अपनी ताज़ी फलियों को मापें और मध्यम दरदरा पीस लें (कॉफी-से-पानी का अनुपात लगभग 1:15 होना चाहिए)। कागज़ के फ़िल्टर को शंकु में रखें और कागज़ का स्वाद हटाने और उपकरण को पहले से गरम करने के लिए इसे थोड़े गर्म पानी से अच्छी तरह धो लें; इस धोए हुए पानी को फेंक दें। पिसी हुई कॉफी को शंकु में डालें और उसे समतल कर लें। 'ब्लूम' शुरू करें: इसके लिए, पिसी हुई कॉफ़ी के ऊपर बस इतना पानी (पिसी हुई कॉफ़ी के वज़न का लगभग दोगुना) धीरे-धीरे डालें कि वह पूरी तरह भीग जाए। इसे 30 सेकंड के लिए ऐसे ही छोड़ दें। इसके बाद, बीच से शुरू करते हुए और बाहर की ओर घूमते हुए, मुख्य डालना शुरू करें। ध्यान रहे कि सीधे फ़िल्टर की दीवारों पर पानी न डालें। लगातार, धीमी गति से थोड़ा-थोड़ा करके पानी डालते रहें जब तक कि आप पानी की वांछित कुल मात्रा तक न पहुँच जाएँ। कुल बनाने का समय आदर्श रूप से 2.5 और 3.5 मिनट के बीच होना चाहिए।"
सोडियम का रासायनिक चिन्ह क्या है?,,एन ए
उन्नीसवीं सदी के आख़िरी दौर में पनामा नहर बनाने का फ़्रांस का प्रयास क्यों रुक गया था? इसके मुख्य कारण क्या थे?,"पनामा नहर पनामा में 82 किलोमीटर (51 मील) लंबा एक बनावटी जलमार्ग है जो अटलांटिक महासागर को प्रशांत महासागर से जोड़ता है। यह नहर पनामा के स्थलडमरूमध्य को काटती है और समुद्री व्यापार के लिए एक रास्ता है। यह अब तक की सबसे बड़ी और सबसे मुश्किल तकनीकी परियोजनाओं में से एक थी, जिसका दोनों महासागरों के बीच जहाज़रानी पर बहुत बड़ा असर पड़ा। इसने दक्षिण अमेरिका के सबसे दक्षिणी सिरे पर केप हॉर्न के चारों ओर के लंबे और खतरनाक रास्ते की जगह ले ली। इसका निर्माण 1881 में फ़्रांस ने शुरू किया था, लेकिन तकनीकी समस्याओं और मज़दूरों की मौत की ऊँची दर (बीमारी और हादसों से 25,000 से ज़्यादा मौतें) के कारण यह परियोजना 1894 में रुक गई। संयुक्त राज्य अमेरिका ने 1904 में यह परियोजना अपने हाथ में ले ली और आख़िरकार 15 अगस्त, 1914 को नहर को खोल दिया। अमेरिका ने नहर और उसके आस-पास के नहर क्षेत्र का प्रबंधन किया, जब तक कि 1977 की टॉरीहोस-कार्टर संधियों ने नियंत्रण को धीरे-धीरे पनामा को सौंपने का प्रावधान नहीं किया, जो 1999 में पूरा हुआ।","फ़्रांस का निर्माण प्रयास जटिल तकनीकी समस्याओं के साथ-साथ मज़दूरों की ऊँची मृत्यु दर के कारण रुक गया था, जिसमें बीमारी और हादसों से 25,000 से अधिक मौतें शामिल थीं।"
शास्त्रीय माया सभ्यता के पतन के मुख्य कारण क्या माने जाते हैं?,,"शास्त्रीय माया सभ्यता का पतन (लगभग 8वीं से 9वीं शताब्दी ईस्वी के दौरान) किसी एक घटना के कारण नहीं हुआ था, बल्कि यह पर्यावरणीय और राजनीतिक कारणों के जटिल मेल (मिली-जुली वजहों) का नतीजा था। प्रमुख सिद्धांतों का मानना है कि लंबे और गंभीर सूखे (जिसका प्रमाण पुराने मौसम के आँकड़ों से मिलता है) ने उनकी गहन खेती प्रणालियों पर बहुत ज़्यादा दबाव डाला। इस पर्यावरणीय तनाव को अक्सर आपस में मुकाबला करने वाले नगर-राज्यों के बीच होने वाली लगातार अंदरूनी लड़ाईयों ने और बढ़ा दिया, जिसके कारण व्यापार के रास्ते टूट गए और राजनीतिक अस्थिरता आ गई। इसके अलावा, खेती के ऐसे तरीके जो टिकाऊ नहीं थे (जैसे कि बड़े पैमाने पर जंगलों की कटाई), उन्होंने संभवतः मिट्टी को ख़राब कर दिया और सूखे के प्रभावों को और भी बदतर बना दिया। अंत में, शासक वर्ग समाज में व्यवस्था बनाए रखने और (लोगों के अनुसार) ज़रूरी बारिश करा पाने में नाकाम रहा, जिससे राजनीतिक विखंडन हुआ और दक्षिणी निचले इलाकों के मुख्य शहरी केंद्र धीरे-धीरे वीरान हो गए।"
"इस सूची में उन लोगों की पहचान करें जो अमेरिकी राष्ट्रपति के रूप में रहे हैं: अब्राहम लिंकन, जॉर्ज वाशिंगटन, बेंजामिन फ्रैंकलिन, अलेक्जेंडर हैमिल्टन, थियोडोर रूजवेल्ट।",,"उस सूची में अमेरिकी राष्ट्रपति अब्राहम लिंकन, जॉर्ज वाशिंगटन, और थियोडोर रूजवेल्ट हैं।"
"नीचे दी गई चीज़ों को नदियाँ, महासागर और रेगिस्तान में बाँटें: गोबी, अटलांटिक, यांग्त्ज़ी, कालाहारी, इंडियन, मिसिसिपी।",,"नदियाँ: यांग्त्ज़ी, मिसिसिपी
महासागर: अटलांटिक, इंडियन
रेगिस्तान: गोबी, कालाहारी"
गुटेनबर्ग के छापेख़ाने का इस्तेमाल करके बनाया गया पहला मुख्य काम क्या था?,"जोहान्स गुटेनबर्ग, एक जर्मन सुनार, आविष्कारक, मुद्रक और प्रकाशक थे, जिन्होंने 1440 के आसपास स्ट्रासबर्ग में छापेख़ाना विकसित किया। उनका आविष्कार, खासकर यांत्रिक चलायमान अक्षर वाला छापेख़ाना, मुद्रण क्रांति की शुरुआत थी और इसे दूसरी सहस्राब्दी का सबसे महत्वपूर्ण आविष्कार माना जाता है, जिसने पूरे यूरोप में जानकारी के प्रवाह पर और बाद में हुई वैज्ञानिक क्रांति पर गहरा असर डाला। उनके छापेख़ाने का इस्तेमाल करके बनाई गई पहली मुख्य कृति गुटेनबर्ग बाइबिल थी, जो 1455 में पूरी हुई थी।","उनके छापेख़ाने का इस्तेमाल करके बनाई गई पहली मुख्य कृति गुटेनबर्ग बाइबिल थी, जो 1455 में पूरी हुई थी।"
जनरेटिव कृत्रिम बुद्धिमत्ता (केबी) के मुख्य मौजूदा उपयोग क्या हैं?,,"जनरेटिव कृत्रिम बुद्धिमत्ता (केबी) का मतलब डीप लर्निंग मॉडल से है, जैसे कि बड़े भाषा मॉडल (एलएलएम) और डिफ्यूज़न मॉडल, जो मौजूदा डेटा का केवल वर्गीकरण या विश्लेषण करने के बजाय नई, मौलिक सामग्री बनाने में सक्षम होते हैं। मुख्य मौजूदा उपयोगों में शामिल हैं: स्वचालित सामग्री निर्माण, जहाँ मॉडल लेख, सारांश, या मार्केटिंग सामग्री बनाते हैं; सॉफ्टवेयर विकास में सहायता, जिसमें कोड पूरा करना, गलतियाँ सुधारना और भाषाओं के बीच अनुवाद प्रदान किया जाता है; और कलात्मक कार्य, जहाँ साधारण टेक्स्ट प्रॉम्प्ट्स के आधार पर एकदम वास्तविक लगने वाली तस्वीरें, संगीत रचनाएँ और वीडियो स्क्रिप्ट बनाई जाती हैं। इसके अलावा, जनरेटिव केबी का उपयोग अन्य मशीन लर्निंग मॉडल को प्रशिक्षित करने के लिए सिंथेटिक डेटासेट बनाने में किया जाता है, जो अनुसंधान और विकास में गोपनीयता की सीमाओं और डेटा की कमी की समस्याओं को दूर करने में मदद करता है।"
"ग्लोबल पोजीशनिंग सिस्टम (जीपीएस) जगह कैसे तय करता है, इसके पीछे का मौलिक सिद्धांत समझाएँ।",,"जीपीएस एक ऐसी तकनीक इस्तेमाल करता है जिसे 'ट्राइलैटरेशन' (दूरी द्वारा जगह मापने का तरीका) कहते हैं। एक रिसीवर (संकेत प्राप्त करने वाला यंत्र) कम से कम चार घूमते हुए उपग्रहों से आने वाले संकेतों को उस तक पहुँचने में लगने वाला समय मापता है, जिससे वह हर उपग्रह की दूरी निकाल लेता है। इन दूरियों और उपग्रहों की सटीक स्थिति जानकर, रिसीवर पृथ्वी पर अपनी तीन-आयामी जगह का ठीक-ठीक पता लगा सकता है।"
"इन मानों को बदलें और सूत्र दिखाएँ: 5 मील को किलोमीटर में, और 25 डिग्री सेल्सियस को फ़ारेनहाइट में।",,5 मील को कि.मी. में: सूत्र (मील * 1.60934)। नतीजा: 8.047 कि.मी.। | 25 डिग्री सेल्सियस को फ़ारेनहाइट में: सूत्र ((सेल्सियस * 9/5) + 32)। नतीजा: 77 डिग्री फ़ारेनहाइट।
"पाठ के अनुसार, किस इमारत ने आखिरकार ऊँचाई में एफिल टावर को पार कर लिया, जिससे उसका 41 साल का रिकॉर्ड समाप्त हो गया?","एफिल टावर पेरिस, फ़्रांस के शैंप दे मार्स पर स्थित गढ़े हुए लोहे के जालियों वाला एक टावर है। इसका नाम इंजीनियर गुस्ताव एफिल के नाम पर रखा गया है, जिनकी कंपनी ने इस टावर का डिज़ाइन बनाया और इसे बनाया था। इसे 1887 से 1889 तक बनाया गया था, और मूल रूप से यह 1889 के विश्व मेले के प्रवेश द्वार के मेहराब के रूप में बनाया गया था। शुरुआत में, फ़्रांस के कुछ प्रमुख कलाकारों और बुद्धिजीवियों ने इसके डिज़ाइन के लिए इसकी आलोचना की थी, लेकिन तब से यह फ़्रांस का एक वैश्विक सांस्कृतिक प्रतीक और दुनिया की सबसे पहचानने योग्य इमारतों में से एक बन गया है। यह टावर 330 मीटर (1,083 फ़ुट) ऊँचा है, जो लगभग 81-मंज़िला इमारत जितनी ऊँचाई है, और यह पेरिस की सबसे ऊँची इमारत है। इसका आधार चौकोर है, जो हर तरफ़ 125 मीटर (410 फ़ुट) मापता है। जब यह पूरा हुआ, तो एफिल टावर वॉशिंगटन स्मारक को पार करके दुनिया में इंसान द्वारा बनाई गई सबसे ऊँची इमारत बन गया, यह ख़िताब इसके पास 41 साल तक रहा जब तक कि 1930 में न्यूयॉर्क शहर में क्रिसलर बिल्डिंग पूरी नहीं हो गई।",न्यूयॉर्क शहर में क्रिसलर बिल्डिंग।
"मारी क्यूरी की जीवनी दें, जिसमें उनके वैज्ञानिक योगदानों पर ध्यान केंद्रित किया गया हो।",,"मारी स्क्लॉडोवस्का क्यूरी (7 नवंबर 1867 – 4 जुलाई 1934) पोलैंड की थीं और बाद में उन्हें फ़्रांस की नागरिकता मिल गई थी। वह एक भौतिकशास्त्री और रसायनशास्त्री थीं जिन्होंने रेडियोधर्मिता पर अग्रणी शोध किया था। वह नोबेल पुरस्कार जीतने वाली पहली महिला थीं, दो बार यह पुरस्कार जीतने वाली पहली इंसान और इकलौती महिला थीं, और दो अलग-अलग वैज्ञानिक क्षेत्रों में नोबेल पुरस्कार जीतने वाली वह अकेली इंसान थीं। अपने पति, पियरे क्यूरी, के साथ काम करते हुए उन्होंने रेडियोधर्मिता का सिद्धांत, रेडियोधर्मी आइसोटोप को अलग करने के तरीके विकसित किए और पोलोनियम तथा रेडियम तत्वों की खोज की। उन्होंने पेरिस और वारसॉ में क्यूरी संस्थान की स्थापना की, जो आज भी चिकित्सा शोध के बड़े केंद्र बने हुए हैं। उनका काम एक्स-रे और परमाणु विज्ञान के विकास में बहुत सहायक रहा।"
डी.एन.ए. के दोहरे कुंडलिनी ढांचे को प्रस्तावित करने का मुख्य श्रेय किन वैज्ञानिकों को दिया जाता है?,"डी.एन.ए. की संरचना की खोज का व्यापक श्रेय 1953 में जेम्स वॉटसन और फ्रांसिस क्रिक को दिया जाता है, जिन्होंने रोसालिन फ्रेंकलिन और मॉरिस विल्किंस के महत्वपूर्ण डेटा का उपयोग किया था। उन्होंने प्रस्तावित किया कि डी.एन.ए. दोहरी कुंडलिनी का रूप लेता है, जिसमें दो लड़ियाँ एक-दूसरे के चारों ओर लिपटी होती हैं। प्रत्येक लड़ी डीऑक्सीराइबोज़ शक्कर और फॉस्फेट समूहों के बारी-बारी से बने एक मुख्य आधार से बनी होती है, जिसमें नाइट्रोजन युक्त आधार (एडेनीन, गुआनिन, साइटोसिन, और थाइमिन) अंदर की तरफ फैले होते हैं। ये आधार दोनों लड़ियों में ख़ास तौर पर जोड़ी बनाते हैं: एडेनीन हमेशा थाइमिन के साथ जोड़ी बनाता है, और गुआनिन हमेशा साइटोसिन के साथ जोड़ी बनाता है।","डी.एन.ए. की संरचना की खोज का व्यापक श्रेय 1953 में जेम्स वॉटसन और फ्रांसिस क्रिक को दिया जाता है, जिन्होंने रोसालिन फ्रेंकलिन और मॉरिस विल्किंस के महत्वपूर्ण डेटा का उपयोग किया था।"
एक गैर-ऋणात्मक पूर्णांक का फ़ैक्टोरियल निकालने के लिए एक पाइथन फ़ंक्शन लिखें।,"फ़ंक्शन को पुनरावर्तन (recursion) का उपयोग करना चाहिए और ऋणात्मक इनपुट के लिए सही त्रुटि प्रबंधन शामिल करना चाहिए, साथ ही उसके उद्देश्य को समझाने वाली एक डॉकस्ट्रिंग भी होनी चाहिए।","python
def factorial_recursive(n):
    """"""
    गैर-ऋणात्मक पूर्णांक 'n' का फ़ैक्टोरियल, पुनरावर्तन का उपयोग करके गणना करता है।
    0 का फ़ैक्टोरियल 1 परिभाषित है।
    
    त्रुटि:
        ValueError: यदि n ऋणात्मक है।
    """"""
    if n < 0:
        raise ValueError(""ऋणात्मक संख्याओं के लिए फ़ैक्टोरियल परिभाषित नहीं है।"")
    elif n == 0:
        return 1
    else:
        return n * factorial_recursive(n - 1)

# उदाहरण उपयोग:
# print(factorial_recursive(5)) # आउटपुट: 120
"
"कर्मचारियों की यह JSON सूची एक औपचारिक ज्ञापन (मेमो) के रूप में बदलें, जिसमें उनके नाम और विभाग लिखे हों।","[{""name"": ""Alice Johnson"", ""department"": ""Marketing"", ""id"": 101}, {""name"": ""Bob Smith"", ""department"": ""Finance"", ""id"": 102}, {""name"": ""Charlie Davis"", ""department"": ""Engineering"", ""id"": 103}]","ज्ञापन: कर्मचारी सूची का अद्यतन। निम्नलिखित मुख्य कर्मचारियों की पहचान की गई है: ऐलिस जॉनसन (विपणन), बॉब स्मिथ (वित्त), और चार्ली डेविस (अभियांत्रिकी)।"
सोने के तत्व का रासायनिक निशान क्या है?,,एयू
दी गई पूर्णांकों की सूची में से केवल उन संख्याओं को छाँटकर निकालें जिन्हें गणितीय रूप से अभाज्य कहा जाता है।,"1, 2, 4, 7, 9, 11, 15, 17, 21, 29","सूची में अभाज्य संख्याएँ 2, 7, 11, 17 और 29 हैं।"
"दिए गए पाठ के आधार पर, मैरी क्यूरी ने अपना 1903 का भौतिकी का नोबेल पुरस्कार किसके साथ साझा किया था?","मैरी स्क्लोडोव्स्का क्यूरी (जन्म: मारिया सलोमिया स्क्लोडोव्स्का; 7 नवंबर, 1867 – 4 जुलाई, 1934) एक पोलिश और बाद में फ्रांसीसी नागरिक बनीं भौतिक विज्ञानी और रसायनज्ञ थीं, जिन्होंने रेडियोधर्मिता पर अग्रणी शोध किया था। वह नोबेल पुरस्कार जीतने वाली पहली महिला थीं, दो बार नोबेल पुरस्कार जीतने वाली पहली इंसान और अकेली महिला थीं, और दो अलग-अलग वैज्ञानिक क्षेत्रों में नोबेल पुरस्कार जीतने वाली अकेली इंसान थीं। उन्होंने सहज विकिरण पर अपने संयुक्त शोध के लिए 1903 का भौतिकी का नोबेल पुरस्कार अपने पति पियरे क्यूरी और भौतिक विज्ञानी हेनरी बेकरेल के साथ साझा किया। बाद में, उन्होंने तत्वों पोलोनियम और रेडियम की अपनी खोज के लिए 1911 का रसायन विज्ञान का नोबेल पुरस्कार जीता।",मैरी क्यूरी ने 1903 का भौतिकी का नोबेल पुरस्कार अपने पति पियरे क्यूरी और भौतिक विज्ञानी हेनरी बेकरेल के साथ साझा किया था।
"नीचे दी गई सूची में से उन जानवरों की पहचान करें जिन्हें वर्तमान में आई.यू.सी.एन. लाल सूची द्वारा असुरक्षित या लुप्तप्राय के रूप में वर्गीकृत किया गया है: बाघ, घरेलू बिल्ली, विशाल पांडा, भूरा भेड़िया, खरगोश, नीली व्हेल।",,"असुरक्षित या लुप्तप्राय के रूप में वर्गीकृत जानवर: बाघ, विशाल पांडा, नीली व्हेल।"
डी.एन.ए. और आर.एन.ए. के बीच मुख्य बनावटी फ़र्क क्या हैं?,,"डी.एन.ए. (डीऑक्सीराइबोन्यूक्लिक एसिड) में डीऑक्सीराइबोज़ नाम की शक्कर होती है और यह आमतौर पर दोहरी-लड़ी वाला होता है, जो एक हेलिक्स (घुमावदार संरचना) बनाता है। इसके नाइट्रोजनी आधार एडेनीन, गुआनीन, साइटोसिन, और थाइमिन होते हैं। आर.एन.ए. (राइबोन्यूक्लिक एसिड) में राइबोज़ शक्कर का इस्तेमाल होता है, यह आम तौर पर एकल-लड़ी वाला होता है, और यह अपनी नाइट्रोजनी आधार शृंखला में थाइमिन की जगह यूरेसिल का इस्तेमाल करता है।"
रोमन गणराज्य से रोमन साम्राज्य तक के निर्णायक मोड़ के रूप में पारंपरिक रूप से किस महत्वपूर्ण घटना को माना जाता है?,,"पारंपरिक मोड़ 27 ईसा पूर्व में सीनेट द्वारा ऑक्टेवियन (जो बाद में ऑगस्टस कहलाए) को 'ऑगस्टस' की उपाधि सहित असाधारण शक्तियाँ प्रदान करना है। इससे पहले रोमन सम्राट के रूप में उनकी स्थापना हुई, हालाँकि उनका प्रभावी अकेला शासन 31 ईसा पूर्व में एक्टियम की लड़ाई में मार्क एंटनी और क्लियोपेट्रा पर उनकी जीत से सुनिश्चित हुआ था।"
आर्टिफिशियल इंटेलिजेंस (ए.आई.) के तेज़ विकास से पैदा हुई नैतिक चुनौतियों पर चर्चा करें और नियामक ढाँचे (कानूनी नियम) सुझाएँ।,,"आर्टिफिशियल इंटेलिजेंस (ए.आई.) की तेज़ प्रगति समाज के लिए बड़े परिवर्तनकारी लाभों का वादा करती है, फिर भी यह एक साथ गहरी नैतिक चुनौतियाँ भी लाती है जिन पर सावधानीपूर्वक विचार करने और मज़बूत नियामक कार्रवाई की आवश्यकता है। ये चुनौतियाँ निष्पक्षता, स्वायत्तता, निजता (प्राइवेसी), और आर्थिक स्थिरता जैसे मुद्दों तक फैली हुई हैं। 

एक बड़ी नैतिक चिंता है **एल्गोरिथम में पक्षपात और निष्पक्षता**। ए.आई. सिस्टम को पुराने डेटा पर प्रशिक्षित किया जाता है, जो अक्सर जाति, लिंग या आर्थिक स्थिति के आधार पर मौजूदा सामाजिक पूर्वाग्रहों को दर्शाता है। जब इस पक्षपाती डेटासेट का उपयोग किया जाता है, तो परिणामी ए.आई. मॉडल नौकरी पर रखने, ऋण (लोन) मंजूर करने और आपराधिक न्याय प्रणाली जैसे महत्वपूर्ण क्षेत्रों में भेदभाव को बढ़ावा देते हैं और यहाँ तक कि बढ़ाते भी हैं। उदाहरण के लिए, चेहरा पहचानने वाले एल्गोरिथम ने बार-बार गहरे रंग की त्वचा वाले व्यक्तियों के लिए उच्च त्रुटि दरें दिखाई हैं, जिससे ग़लत पहचान और ग़लत परिणाम की समस्याएँ पैदा हुई हैं। इसे हल करने के लिए, डेवलपर्स को प्रशिक्षण डेटा की कठोर जाँच को प्राथमिकता देनी चाहिए और पक्षपात को कम करने के लिए तकनीकों को लागू करना चाहिए।

एक और बड़ी चुनौती है **नौकरी का विस्थापन और आर्थिक असमानता**। जैसे-जैसे ए.आई. नियमित कार्यों को स्वचालित (ऑटोमेट) करता है, विभिन्न क्षेत्रों (परिवहन, विनिर्माण/मैन्युफैक्चरिंग, प्रशासनिक सेवाएँ) में बड़े पैमाने पर नौकरियों के जाने की आशंका है। हालाँकि ए.आई. नई नौकरियाँ भी बनाएगा, यह बदलाव मौजूदा धन अंतर को और बढ़ाने तथा कार्यबल के एक बड़े हिस्से को अप्रस्तुत छोड़ने की धमकी देता है। नैतिक विकास के लिए सक्रिय समाधानों पर ध्यान केंद्रित करने की आवश्यकता है, जैसे कि सार्वभौमिक मूल आय (यूनिवर्सल बेसिक इनकम) के पायलट कार्यक्रम लागू करना, अनिवार्य पुनर्प्रशिक्षण कार्यक्रम और समाज कल्याण योजनाओं को वित्त पोषित करने के लिए 'रोबोट टैक्स' लगाना।

**निजता और निगरानी** तीसरी मुख्य चिंता का विषय है। ए.आई. भारी मात्रा में डेटा संग्रह पर बहुत अधिक निर्भर करता है, जिससे अक्सर व्यापक निगरानी होती है और व्यक्तिगत निजता का ह्रास (खत्म होना) होता है। ए.आई.-संचालित उपकरण सार्थक सहमति या पारदर्शिता के बिना लोगों के व्यवहार की निगरानी कर सकते हैं, इरादों की भविष्यवाणी कर सकते हैं और नागरिकों की बहुत विस्तृत प्रोफाइल बना सकते हैं। नियमों में डेटा को कम से कम इस्तेमाल करने, सुरक्षित रूप से अनाम (एनोनिमाइज्ड) करने की तकनीकों को अनिवार्य किया जाना चाहिए, और व्यक्तियों को यह जानने का 'कारण जानने का अधिकार' देना चाहिए कि उनके व्यक्तिगत डेटा को ए.आई. के निर्णयों द्वारा कैसे संसाधित (प्रोसेस) किया जाता है।

अंत में, **स्व-चालित हथियार प्रणालियों (एल.ए.डब्ल्यू.एस. – LAWS)** की तैनाती अस्तित्व संबंधी नैतिक प्रश्न खड़े करती है। जीवन और मृत्यु के निर्णय मशीनों को सौंपना युद्ध से मानव नैतिक निर्णय और जवाबदेही को हटा देता है। यह विकास एक महत्वपूर्ण सीमा रेखा को पार करता है, जिसके लिए अंतर्राष्ट्रीय संधियों की आवश्यकता है जो पूरी तरह से स्व-चालित घातक हथियारों पर सख्त सीमाएँ या पूरी तरह से प्रतिबंध स्थापित करें।

इन चुनौतियों के प्रबंधन के लिए, कई नियामक ढाँचे सुझाए गए हैं। सबसे पहले, **जवाबदेही और समझाए जाने की क्षमता (एक्स.ए.आई. – XAI)** पर ध्यान केंद्रित करना चाहिए। नियमों की यह माँग होनी चाहिए कि उच्च जोखिम वाले फैसलों में उपयोग किए जाने वाले ए.आई. सिस्टम पारदर्शी हों, जिससे मनुष्य आउटपुट के पीछे के तर्क को समझ सकें। यदि कोई ए.आई. नुकसान पहुँचाता है, तो दायित्व (ज़िम्मेदारी) निर्धारित करने के लिए स्पष्ट कानूनी रास्ते होने चाहिए—चाहे वह डेवलपर पर पड़े, तैनात करने वाले (डिप्लॉयर) पर, या ऑपरेटर पर। दूसरा, सार्वजनिक सेवाओं में ए.आई. सिस्टम को तैनात करने से पहले **अनिवार्य प्रभाव आकलन** लागू किया जाना चाहिए। ये आकलन पक्षपात, निजता उल्लंघन और सामाजिक जोखिम से संबंधित संभावित नुकसानों की सक्रिय रूप से पहचान करेंगे। तीसरा, एक **अंतर्राष्ट्रीय ए.आई. शासन निकाय** स्थापित करने से वैश्विक स्तर पर मानकों में तालमेल बिठाया जा सकता है, जिससे 'नीचे की ओर दौड़' (रेस टू द बॉटम) को रोका जा सकेगा जहाँ देश ए.आई. नवाचार में प्रतिस्पर्धी बढ़त हासिल करने के लिए नैतिक मानकों को कम कर देते हैं। ऐसा निकाय सुरक्षा प्रोटोकॉल की देखरेख कर सकता है और नैतिक ए.आई. प्रथाओं को प्रमाणित कर सकता है।"
अर्पानेट का क्या महत्व था?,"उन्नत शोध परियोजना एजेंसी नेटवर्क (अर्पानेट) एक शुरुआती पैकेट स्विचिंग नेटवर्क था और टीसीपी/आईपी प्रोटोकॉल समूह को लागू करने वाला पहला नेटवर्क था। ये दोनों तकनीकें इंटरनेट की तकनीकी नींव बन गईं। अर्पानेट की स्थापना संयुक्त राज्य अमेरिका के रक्षा विभाग की उन्नत शोध परियोजना एजेंसी (अर्पा) द्वारा की गई थी। इसे कंप्यूटर टाइम-शेयरिंग के विचार पर बनाया गया था और इसका उद्देश्य शोधकर्ताओं को शक्तिशाली कंप्यूटर तक पहुँच प्रदान करना था। पहला स्थायी अर्पानेट लिंक 21 नवंबर, 1969 को यूसीएलए और स्टैनफोर्ड शोध संस्थान (एसआरआई) के बीच स्थापित किया गया था। 1975 तक, इस नेटवर्क को ""चालू"" घोषित कर दिया गया और इसकी ज़िम्मेदारी रक्षा संचार एजेंसी (डीसीए) को सौंप दी गई। इस विस्तार से शुरुआती ईमेल सिस्टम और फ़ाइल ट्रांसफर प्रोटोकॉल का विकास हुआ, जिससे बड़े पैमाने पर आपस में जुड़े नेटवर्कों की कार्यक्षमता साबित हुई।","उन्नत शोध परियोजना एजेंसी नेटवर्क (अर्पानेट) एक शुरुआती पैकेट स्विचिंग नेटवर्क था और टीसीपी/आईपी प्रोटोकॉल समूह को लागू करने वाला पहला नेटवर्क था। ये दोनों तकनीकें इंटरनेट की तकनीकी नींव बन गईं। अर्पानेट की स्थापना संयुक्त राज्य अमेरिका के रक्षा विभाग की उन्नत शोध परियोजना एजेंसी (अर्पा) द्वारा की गई थी। इसे कंप्यूटर टाइम-शेयरिंग के विचार पर बनाया गया था और इसका उद्देश्य शोधकर्ताओं को शक्तिशाली कंप्यूटर तक पहुँच प्रदान करना था। पहला स्थायी अर्पानेट लिंक 21 नवंबर, 1969 को यूसीएलए और स्टैनफोर्ड शोध संस्थान (एसआरआई) के बीच स्थापित किया गया था। 1975 तक, इस नेटवर्क को ""चालू"" घोषित कर दिया गया और इसकी ज़िम्मेदारी रक्षा संचार एजेंसी (डीसीए) को सौंप दी गई। इस विस्तार से शुरुआती ईमेल सिस्टम और फ़ाइल ट्रांसफर प्रोटोकॉल का विकास हुआ, जिससे बड़े पैमाने पर आपस में जुड़े नेटवर्कों की कार्यक्षमता साबित हुई।"
उन दो तत्वों की सूची बनाएं जिनकी खोज मारी क्यूरी ने की थी और उन वर्षों का उल्लेख करें जिनमें उन्होंने नोबेल पुरस्कार जीता था।,"मारी स्क्वोडोवस्का क्यूरी (जन्म: मारिया सलोमिया स्क्वोडोवस्का; 7 नवंबर 1867 – 4 जुलाई 1934) एक पोलिश और बाद में फ्रांसीसी नागरिकता प्राप्त भौतिक विज्ञानी और रसायनज्ञ थीं, जिन्होंने रेडियोधर्मिता पर अग्रणी शोध किया था। वह नोबेल पुरस्कार जीतने वाली पहली महिला थीं, दो बार नोबेल पुरस्कार जीतने वाली पहली व्यक्ति और एकमात्र महिला थीं, और दो अलग-अलग वैज्ञानिक क्षेत्रों में नोबेल पुरस्कार जीतने वाली एकमात्र व्यक्ति थीं। वह पेरिस विश्वविद्यालय में प्रोफ़ेसर बनने वाली पहली महिला भी थीं।

उनका जन्म वारसॉ में हुआ था, जो उस समय रूसी साम्राज्य का हिस्सा, पोलैंड का साम्राज्य कहलाता था। उन्होंने 1891 में सोरबोन में अपनी पढ़ाई जारी रखने के लिए पेरिस जाने से पहले वारसॉ में फ्लाइंग विश्वविद्यालय में अध्ययन किया था। 1895 में, उन्होंने पियरे क्यूरी से शादी कर ली। 1903 में, उन्होंने अपने पति पियरे क्यूरी और भौतिक विज्ञानी हेनरी बेकरेल के साथ स्वतः स्फूर्त विकिरण पर उनके काम के लिए भौतिकी का नोबेल पुरस्कार साझा किया। 1906 में पियरे की मृत्यु के बाद, उन्होंने अपना शोध जारी रखा। 1911 में, उन्हें दूसरा नोबेल पुरस्कार मिला, इस बार रसायन विज्ञान में, जो कि रेडियम और पोलोनियम तत्वों की खोज, रेडियम के शुद्धिकरण और इस अद्भुत तत्व के गुण और यौगिकों के अध्ययन द्वारा रसायन विज्ञान की प्रगति के लिए उनकी सेवाओं की मान्यता में दिया गया था।",मारी क्यूरी ने रेडियम और पोलोनियम तत्वों की खोज की थी। उन्होंने अपने नोबेल पुरस्कार 1903 (भौतिकी) और 1911 (रसायन विज्ञान) में जीते।
मैं अपने घर के नेटवर्क से एक नया बेतार वाला प्रिंटर कैसे जोड़ूँ?,,"एक बेतार वाले प्रिंटर को जोड़ना आमतौर पर चार मुख्य चरणों में होता है, हालाँकि बारीकियां बनाने वाली कंपनी (एचपी, एप्सन, कैनन) के हिसाब से अलग-अलग हो सकती हैं। 1. पक्का करें कि प्रिंटर चालू है और सेटअप की स्थिति (मोड) में है। 2. बनाने वाली कंपनी का सेटअप एप्लीकेशन (ऐप) अपने कंप्यूटर या फ़ोन पर डाउनलोड करें। 3. ऐप का इस्तेमाल करके प्रिंटर को ढूँढें और अपने वाई-फाई नेटवर्क का नाम और पासवर्ड डालें। 4. एक जाँच वाला प्रिंट निकालें। यदि प्रिंटर में एक छोटी स्क्रीन है, तो आप शायद एप्लीकेशन (ऐप) का इस्तेमाल किए बिना सीधे डिवाइस (यंत्र) पर नेटवर्क की जानकारी डाल सकते हैं।"
"हमारे सौर मंडल के मुख्य ग्रहों के नाम बताओ, जो सूरज से सबसे नज़दीक से शुरू हों।",,"सूरज से क्रम में आठ मुख्य ग्रह हैं: बुध, शुक्र, धरती, मंगल, गुरु, शनि, अरुण और वरुण।"
पेनीसीलिन की खोज से जुड़ी मुख्य घटनाओं को संक्षेप में बताएं और इसमें शामिल मुख्य वैज्ञानिक की पहचान करें।,"1928 में, स्कॉटिश चिकित्सक और सूक्ष्म जीव विज्ञानी अलेक्जेंडर फ्लेमिंग गर्मियों की छुट्टी के बाद लंदन के सेंट मैरी अस्पताल में अपनी प्रयोगशाला में वापस आए। उन्होंने देखा कि स्टैफिलोकोकस जीवाणु की एक फेंकी हुई पेट्री डिश में पेनीसीलियम नोटेटम नामक एक फफूंदी (फंगस) फैल रही थी। उन्होंने पाया कि यह फफूंदी जीवाणुओं के विकास को रोक रही थी और अपने चारों ओर एक साफ़, जीवाणु-मुक्त घेरा बना रही थी। फ्लेमिंग ने 1929 में अपने निष्कर्ष प्रकाशित किए, हालाँकि शुरू में, इस पदार्थ को शुद्ध करने में कठिनाई के कारण इसे दवा के रूप में उपयोग करने की क्षमता सीमित थी।","पेनीसीलिन की खोज में शामिल मुख्य वैज्ञानिक अलेक्जेंडर फ्लेमिंग थे। यह मुख्य घटना 1928 में संयोगवश हुई, जब फ्लेमिंग ने देखा कि एक दूषित फफूंदी (पेनीसीलियम नोटेटम) एक फेंकी हुई पेट्री डिश में स्टैफिलोकोकस जीवाणुओं के विकास को रोक रही थी। हालाँकि फ्लेमिंग ने ये महत्वपूर्ण निष्कर्ष 1929 में प्रकाशित किए थे, लेकिन प्रभावी पदार्थ को शुद्ध करने में आई चुनौतियों के कारण इसका व्यावहारिक उपयोग शुरू में सीमित था।"
मूँगा चट्टानें कैसे बनती हैं?,"मूँगा चट्टानें पानी के अंदर के ऐसे पर्यावरण तंत्र हैं जिनकी पहचान चट्टान बनाने वाले मूँगा से होती है। ये चट्टानें मूँगा जीवों (पॉलिप्स) की बस्तियों से बनती हैं जो कैल्शियम कार्बोनेट से एक साथ जुड़े होते हैं। ज़्यादातर मूँगा चट्टानें गरम, उथले, साफ़, धूप वाले और तेज़ बहाव वाले पानी में सबसे अच्छी तरह पनपती हैं। इन्हें अक्सर ""समुद्र के वर्षावन"" कहा जाता है क्योंकि ये बहुत बड़ी जीव विविधता को सहारा देते हैं, और अनगिनत समुद्री जीवों के लिए आसरा और खाना मुहैया कराते हैं।",चट्टानें मूँगा जीवों की बस्तियों से बनती हैं जो कैल्शियम कार्बोनेट से एक साथ जुड़े होते हैं।
नीचे दिए गए सेल्सियस तापमान को फ़ारेनहाइट में बदलो (फ़ारेनहाइट = सेल्सियस * 9/5 + 32) और केवल वही नतीजे बताओ जो 80 डिग्री फ़ारेनहाइट से ज़्यादा हों।,"20°सेल्सियस, 35°सेल्सियस, 15°सेल्सियस, 25°सेल्सियस",95°फ़ारेनहाइट
मेरे बच्चे ने घर की सफ़ाई करने वाला कोई सामान निगल लिया है। मुझे तुरंत क्या करना चाहिए?,,"घबराएँ नहीं, पर तुरंत कार्रवाई करें। तुरंत ज़हर नियंत्रण केंद्र (1-800-222-1222) या आपातकालीन सेवाओं (911) को फ़ोन करें। बच्चे को उल्टी कराने की कोशिश न करें, जब तक आपको किसी चिकित्सा विशेषज्ञ द्वारा ऐसा करने का निर्देश न दिया जाए। यदि संभव हो, तो उस उत्पाद (प्रोडक्ट) का कंटेनर (डिब्बा) अपने पास रखें, ताकि आप ऑपरेटर को क्लीनर का सही नाम और उसमें मौजूद सामग्री बता सकें। चिकित्सा विशेषज्ञों द्वारा दिए गए सभी निर्देशों का पालन करें।"
अलेक्जेंडर फ्लेमिंग को पेनिसिलिन की खोज किन मुख्य वजहों से हुई थी?,"1928 में, जब वे लंदन के सेंट मैरी अस्पताल में काम कर रहे थे, अलेक्जेंडर फ्लेमिंग स्टैफिलोकोकस बैक्टीरिया का अध्ययन कर रहे थे। दो हफ्ते की छुट्टी पर जाने से पहले, उन्होंने अपनी पेट्री डिशें (जिनमें स्टैफ कल्चर थे) अपनी लैब के एक कोने में जमा कर दीं। लौटने पर, उन्होंने देखा कि एक डिश फफूंदी से दूषित हो गई थी। सबसे खास बात यह थी कि उन्होंने देखा कि फफूंदी के पास स्टैफ के कोई उपनिवेश (कॉलोनी) नहीं उग रहे थे। उन्होंने उस फफूंदी की पहचान पेनिसिलियम नोटेटम (*Penicillium notatum*) के रूप में की। उन्होंने यह अंदाज़ा लगाया कि फफूंदी एक ऐसा पदार्थ बना रही थी जो बैक्टीरिया को सक्रिय रूप से मारता था। बाद में उन्होंने इस पदार्थ का नाम पेनिसिलिन रखा। हालाँकि फ्लेमिंग ने अपने निष्कर्ष प्रकाशित किए, उन्हें इस यौगिक को अलग करने और बड़े पैमाने पर उत्पादन करने में मुश्किल हुई, यह उपलब्धि बाद में 1940 के दशक में हॉवर्ड फ्लोरी और अर्न्स्ट चेन ने हासिल की।","फ्लेमिंग की यह खोज काफी हद तक संयोगवश हुई थी। 1928 में स्टैफिलोकोकस बैक्टीरिया का अध्ययन करते समय, उन्होंने दो हफ्ते की छुट्टी के दौरान पेट्री डिशों को बिना ध्यान दिए छोड़ दिया। लौटने पर, उन्होंने देखा कि एक डिश पेनिसिलियम नोटेटम (*Penicillium notatum*) फफूंदी से दूषित हो गई थी। महत्वपूर्ण अवलोकन यह था कि स्टैफिलोकोकस बैक्टीरिया फफूंदी के ठीक आसपास के क्षेत्र में विकसित नहीं हो पाए थे, जिसके कारण फ्लेमिंग ने सही अंदाज़ा लगाया कि फफूंदी एक जीवाणुरोधी पदार्थ का उत्पादन कर रही थी।"
चित्रकारी में इस्तेमाल होने वाले तीन पारंपरिक प्राथमिक रंग बताओ।,,"लाल, पीला, और नीला।"
ऑस्ट्रेलिया की राजधानी क्या है?,,ऑस्ट्रेलिया की राजधानी कैनबरा है।
कृत्रिम बुद्धिमत्ता और मशीन लर्निंग के बीच अंतर बताएं।,,कृत्रिम बुद्धिमत्ता (एआई) वह बड़ा विचार है जिसमें मशीनें उन कामों को ऐसे करती हैं जिन्हें हम 'होशियारी' मानते हैं। मशीन लर्निंग (एमएल) एआई का ही एक हिस्सा है। इसका ध्यान ऐसे एल्गोरिदम बनाने पर होता है जो कंप्यूटर को बिना साफ तौर पर प्रोग्राम किए डेटा से सीखने दें।
"नीचे दिए गए रासायनिक तत्वों को धातु, अधातु, या उपधातु में से किसी एक के रूप में वर्गीकृत करें: हाइड्रोजन, सोना, सिलिकॉन, ऑक्सीजन, लोहा, बोरॉन, सल्फर, ताँबा, आर्सेनिक, एल्युमिनियम, कार्बन, जर्मेनियम।",,"धातु:
सोना
लोहा
ताँबा
एल्युमिनियम

अधातु:
हाइड्रोजन
ऑक्सीजन
सल्फर
कार्बन

उपधातु:
सिलिकॉन
बोरॉन
आर्सेनिक
जर्मेनियम"
"इस पाठ में चलित छपाई (मूवेबल टाइप) के आविष्कार की सबसे पुरानी तारीख बताएँ, और माइंज़ में गुटेनबर्ग के प्रेस को बेहतर बनाने और जिकजी की छपाई के बीच सालों का फ़र्क़ (अंतर) गिनें।","जोहानस गुटेनबर्ग ने लगभग 1440 के आस-पास जर्मनी के स्ट्रासबर्ग में चलित अक्षर छपाई मशीन का विकास किया। हालाँकि, उनका सबसे मशहूर योगदान 1450 में माइंज़ में इस तकनीक को बेहतर बनाना था, जिससे गुटेनबर्ग बाइबल का निर्माण शुरू हुआ, जो 1452 में शुरू हुई और 1455 तक पूरी हुई। पूर्वी एशिया में छपाई के पुराने रूप मौजूद थे। चीन में बी शेंग ने लगभग 1040 ईस्वी में मिट्टी की चीज़ों (सिरेमिक) का उपयोग करके चलित अक्षर छपाई का आविष्कार किया। वांग झेन ने बाद में 1297 में लकड़ी के चलित अक्षर विकसित किए। धातु के चलित अक्षरों का उपयोग करके छपी सबसे पुरानी मौजूद किताब, जिकजी, 1377 में कोरिया में बनाई गई थी।",चलित अक्षर छपाई के लिए बताई गई सबसे पहली तारीख 1040 ईस्वी है। गुटेनबर्ग के प्रेस के पूर्ण होने (1450) और जिकजी की छपाई (1377) के बीच समय का अंतर 73 साल है।
डेल्टा लेक टेबल में से उन डेटा फ़ाइलों को हमेशा के लिए हटाने के लिए कौन सा कमांड इस्तेमाल करना चाहिए जिनका अब ट्रांज़ैक्शन लॉग में ज़िक्र नहीं है?,,"आपको `वैक्यूम` कमांड इस्तेमाल करना चाहिए। सुरक्षा और टाइम ट्रैवल हिस्ट्री को बनाए रखने के लिए, आपको रिटेंशन पीरियड (`रीटेन`) को `डेल्टा डॉट लॉग स्टोर डॉट टाइम` कॉन्फ़िगरेशन से ज़्यादा रखना होगा, जो आमतौर पर कम से कम 7 दिन (168 घंटे) होता है।"
कॉफ़ी बनाने के अलग-अलग अंदाज़ के लिए ज़रूरी तीन औज़ारों की सूची बनाओ।,,"पानी डाल कर बनाना (पोर ओवर):
लंबी टोंटी वाली केतली
दाने पीसने का यंत्र
कागज़ी फ़िल्टर

एस्प्रेसो:
दबाने का औज़ार
छानने वाला होल्डर
सटीक तराज़ू

फ्रेंच प्रेस:
मोटा पीसने वाला यंत्र
गरम रखने वाला बर्तन
हिलाने की चम्मच"
सौर ऊर्जा या पवन ऊर्जा से बिजली बनाने के किस तरीके में लंबे समय के लिए कम रख-रखाव की ज़रूरत होती है?,,"सौर ऊर्जा संयंत्रों को आम तौर पर पवन टर्बाइनों की तुलना में कम यांत्रिक रख-रखाव की ज़रूरत होती है, क्योंकि टर्बाइनों में हिलने वाले पुर्ज़े होते हैं जिनमें घिसाव और टूट-फूट होती रहती है।"
"दिए गए पाठ के अनुसार, एस्प्रेसो बनाने में इस्तेमाल होने वाले पानी का आदर्श तापमान कितना होना चाहिए?","बेहतरीन एस्प्रेसो बनाने के लिए कई ज़रूरी चीज़ों को संतुलित करना पड़ता है। पिसाई का नाप शायद सबसे ज़रूरी है; ज़्यादा बारीक़ पिसाई रुकावट बढ़ाती है और रस निकालने की गति धीमी कर देती है, जबकि ज़्यादा मोटी पिसाई से पानी बहुत तेज़ी से बह जाता है, जिसकी वजह से रस कम निकल पाता है। कॉफी बनाने वाले पानी का तापमान आदर्श रूप से 195°F और 205°F (90°C और 96°C) के बीच होना चाहिए—बहुत ठंडा होने पर खट्टापन आता है, जबकि बहुत गर्म होने पर कड़वाहट पैदा होती है। खुराक (डोज़), या इस्तेमाल की गई सूखी कॉफी की मात्रा, आम तौर पर एक स्टैंडर्ड डबल शॉट के लिए 18 से 22 ग्राम होती है। आखिर में, मशीन द्वारा डाला गया दबाव (जो आमतौर पर लगभग 9 बार होता है), पानी को भरी हुई कॉफी के बीच से निकालता है ताकि 25 से 30 सेकंड के भीतर ज़रूरी शॉट वॉल्यूम मिल सके।",कॉफी बनाने वाले पानी का आदर्श तापमान 195°F और 205°F (90°C और 96°C) के बीच होना चाहिए।
2024 में किसी शुरुआती व्यक्ति (beginner) के लिए सीखने के लिए सबसे ज़्यादा काम की प्रोग्रामिंग भाषा कौन सी है?,,"सबसे अच्छा चुनाव पूरी तरह से आपके लंबे समय के करियर के लक्ष्यों पर निर्भर करता है। हर तरह के काम और वेब डेव्लपमेंट के लिए, जावास्क्रिप्ट बहुत ज़रूरी है। हालांकि, अगर आपकी दिलचस्पी डेटा साइंस या ऑटोमेशन में है, तो पाइथन को अक्सर उसकी पठनीयता (readability) और मज़बूत लाइब्रेरी सपोर्ट के लिए सलाह दी जाती है।"
"समझाइए कि ऑरोरा बोरेलिस (उत्तरी रोशनी) क्या है, और इस अद्भुत नज़ारे को देखने के लिए पृथ्वी पर सबसे अच्छी जगहें कौन सी हैं।",,"ऑरोरा बोरेलिस, जिसे अक्सर उत्तरी रोशनी कहा जाता है, पृथ्वी के आकाश में दिखने वाला एक प्राकृतिक रोशनी का प्रदर्शन है, जो मुख्य रूप से उच्च अक्षांश (ध्रुवीय) क्षेत्रों में देखा जाता है। यह तब होता है जब सूरज से आने वाले आवेशित कण (मुख्य रूप से इलेक्ट्रॉन और प्रोटॉन), जो सौर हवा के ज़रिए यात्रा करते हैं, पृथ्वी के वायुमंडल में मौजूद गैसीय कणों से टकराते हैं। इन टकरावों के कारण परमाणु उत्तेजित हो जाते हैं; और जब ये परमाणु वापस शांत होकर कम ऊर्जा वाली अवस्था में आते हैं, तो वे फ़ोटॉन के रूप में ऊर्जा छोड़ते हैं, जिससे यह शानदार दृश्य प्रकाश पैदा होता है। सबसे आम रंग हरा होता है, जो ऑक्सीजन परमाणुओं के कारण होता है, लेकिन गैस के प्रकार और टकराव की ऊँचाई के आधार पर लाल, नीला और बैंगनी रंग भी दिख सकता है।

उत्तरी रोशनी देखने के लिए अँधेरे, साफ़ आसमान और कम से कम प्रकाश प्रदूषण की ज़रूरत होती है। इसे देखने का सबसे अच्छा समय आमतौर पर सितंबर और अप्रैल के बीच होता है। ऑरोरा बोरेलिस देखने के लिए सबसे अच्छी जगहें हैं:

*   **आईसलैंड:** यहाँ पहुँचना बहुत आसान है और इसे पूरे द्वीप पर देखा जा सकता है, अक्सर रेक्जाविक से बस कुछ ही मिनट की दूरी पर।
*   **नॉर्वे (ट्रॉम्सो और लोफोटेन द्वीप समूह):** यह आर्कटिक सर्कल के काफी अंदर स्थित है, जहाँ रोशनी को देखने के लिए समुद्र के किनारे के कुछ सबसे शानदार नज़ारे मिलते हैं।
*   **फ़िनलैंड (लैपलैंड):** यह काँच के इग्लू जैसे विशेष आवासों के लिए मशहूर है, जिससे आप अंदर बैठकर भी रोशनी का नज़ारा देख सकते हैं।
*   **स्वीडन (अबिस्को राष्ट्रीय उद्यान):** यह क्षेत्र अपने ""ब्लू होल"" के लिए प्रसिद्ध है, जो स्थानीय मौसम के पैटर्न के कारण लगातार साफ़ आसमान के लिए जाना जाता है।
*   **कनाडा (यूकोन, नॉर्थवेस्ट टेरिटरीज़, और नुनावुत):** ये विशाल, कम आबादी वाले क्षेत्र हैं जो एकदम साफ़ और अँधेरे आसमान की सुविधा देते हैं।
*   **अलास्का (फेयरबैंक्स):** यह सीधे ऑरोरल ओवल के नीचे स्थित है, जिससे इसे दिखने की भविष्यवाणी बहुत सटीक होती है।"
दूर से काम करने वाली इंजीनियरिंग टीमों में काम की अत्यधिक थकान (बर्नआउट) को पहचानने और कम करने के लिए सबसे अच्छी योजनाएँ क्या हैं?,,"दूर से काम करने वाली टीमों में तनाव से निपटने के लिए एक सक्रिय और कई पहलुओं वाला तरीका चाहिए, जिसमें स्पष्टता और लचीलेपन पर ध्यान दिया जाए। 

**1. पहचानने की योजनाएँ (संकेतों को देखना):**
*   **गुणात्मक संकेतों पर नज़र रखें:** व्यवहार में हल्के बदलाव देखें: ज़रूरी न होने वाली टीम चैट में कम भागीदारी, रूखे संवाद का ज़्यादा इस्तेमाल, जवाब देने में ज़्यादा समय लगना, या कोड जाँच के दौरान अप्रत्याशित रुकावटें।
*   **काम के पैटर्न पर नज़र रखें (घंटों पर नहीं):** अचानक, अनियमित काम के घंटों पर ध्यान दें (जैसे: जल्दी लॉग-ऑफ करना लेकिन रात में देर से वापस लॉग-इन करना) या कोड भेजने (कमिट करने) की बारंबारता या मात्रा में बड़ा अंतर, जो संघर्ष या ध्यान की कमी का संकेत हो सकता है।
*   **व्यक्तिगत (1:1) मुलाक़ातों का उपयोग करें:** साप्ताहिक 1:1 मुलाक़ातों का ध्यान सिर्फ़ काम की जानकारी से हटाकर सेहत और हालचाल पर केंद्रित करें। खुले सवाल पूछें जैसे, 'अभी किस बात का ज़्यादा बोझ लग रहा है?' या 'क्या आपको काम और निजी जीवन को अलग करने में मुश्किल हो रही है?'

**2. कम करने और हस्तक्षेप (बीच में आने) के तरीके:**
*   **बिना-ज़रूरी-साथ काम के समय को अनिवार्य करें:** काम के लिए ख़ास दिन या समय निर्धारित करें जब मीटिंग की अनुमति न हो, ताकि गहरा और बिना रुकावट वाला काम हो सके और मीटिंग की थकान कम हो।
*   **काम से पूरी तरह अलग होने को लागू करें:** टीम के सदस्यों से स्पष्ट रूप से कहें कि वे अपनी सवैतनिक अवकाश (पीटीओ) का उपयोग करें। उन्हें अपने स्टेटस पर 'दफ़्तर से बाहर' (OOTO) डालने के लिए कहें और काम के घंटों के बाद ईमेल/स्लैक जाँच न करने का वादा लें।
*   **काम का बोझ और दायरा समायोजित करें:** मौजूदा स्प्रिंट या प्रोजेक्ट बैकलॉग की समीक्षा करें। दबाव कम करने के लिए ग़ैर-ज़रूरी कामों को तुरंत टालने को तैयार रहें, और गति के बजाय गुणवत्ता को प्राथमिकता दें।

**3. प्रणालीगत रोकथाम:**
*   **क्षमता योजना की समीक्षा करें:** सुनिश्चित करें कि स्प्रिंट की गति या प्रोजेक्ट के पड़ाव वास्तविकता के आधार पर तय किए गए हों, जिसमें 100% उपयोगिता की माँग करने के बजाय ज़रूरी आराम का समय और अतिरिक्त समय शामिल हो।
*   **छोटे अंतराल को बढ़ावा दें:** ऐसे उपकरणों या याद दिलाने वाले साधनों के उपयोग को बढ़ावा दें जो दिन भर में छोटे, शारीरिक आराम को प्रोत्साहित करते हैं, ताकि एक जगह बैठकर काम करने की आदत से लड़ा जा सके।"
1965 का वह ज़बरदस्त विज्ञान कथा उपन्यास 'ड्यून' किसने लिखा था?,,"ड्यून' फ़्रैंक हर्बर्ट ने लिखी थी। यह छह किताबों की कहानी श्रृंखला का पहला उपन्यास है जो रेगिस्तानी ग्रह 'अरेकिस' पर पर्यावरण, धर्म, और इंसानी विकास जैसे पेचीदा विषयों की पड़ताल करती है।"
"हाल ही में कॉलेज से पास हुए एक छात्र के लिए एक कड़ा, कदम-दर-कदम आर्थिक और करियर का प्लान बनाएँ, जिसके ऊपर 100,000 डॉलर का छात्र ऋण (स्टूडेंट लोन) है, और जिसका लक्ष्य 5 साल के अंदर पूरा कर्ज़ खत्म करना है।",,"1. **तुरंत जाँच और दर पता करना (पहला महीना):** हर एक लोन का पूरा ब्यौरा लिखें। मूल राशि (प्रिंसिपल), ब्याज दर, और न्यूनतम मासिक भुगतान को नोट करें। 'ऋण हिमस्खलन' (डेट एवलांच) तरीके का उपयोग करके चुकाने को प्राथमिकता दें (सबसे ज़्यादा ब्याज दर वाला कर्ज़ पहले)। यह तरीक़ा आपको कर्ज़ की पूरी अवधि में हज़ारों रुपये बचाएगा।
2. **त्याग (पहला साल):** तुरंत घर वापस चले जाएँ या रहने के लिए सबसे सस्ता विकल्प ढूँढें। इस प्लान की सफलता में रहने का खर्च सबसे बड़ा आधार है। पहले साल के लिए आपका लक्ष्य है कि रहने और ज़रूरी सुविधाओं का खर्च (जैसे बिजली/पानी) अपनी घर लाई गई तनख्वाह के 10% से कम रखें।
3. **शून्य-आधारित बजट:** एक बहुत ही कड़ा बजट बनाएँ। हर डॉलर को एक काम सौंपें। सभी गैर-ज़रूरी खर्चों (बाहर खाना, मनोरंजन, सदस्यता/सब्सक्रिप्शन) को प्रति माह 200 डॉलर पर सीमित करें। उन सामाजिक आयोजनों के लिए 'नहीं' कहने की आदत डालें जिनमें पैसा खर्च होता है।
4. **1,000 डॉलर का सुरक्षा कोष बनाएँ:** बड़े भुगतान करने से पहले, 1,000 डॉलर का एक छोटा आपातकालीन कोष (इमरजेंसी फंड) सुरक्षित करें। यह छोटे अप्रत्याशित खर्चों (कार की मरम्मत, डॉक्टर का शुल्क) को आपको क्रेडिट कार्ड के कर्ज़ में वापस धकेलने से बचाता है।
5. **अच्छी तरक्की वाला रोज़गार हासिल करें:** ज़्यादा माँग वाले सेक्टर (जैसे विशेषज्ञ सॉफ्टवेयर विकास, टेक सेल्स, डेटा साइंस, कंसल्टिंग) में नौकरी ढूँढने को प्राथमिकता दें। एक ऐसा शुरुआती वेतन लक्ष्य करें जो आपके क्षेत्र के औसत से 10-20% ज़्यादा हो, भले ही इसके लिए गहन कौशल विकास (अपस्किलिंग) या अस्थायी रूप से एक महंगे शहर में जाना पड़े।
6. **साइड इनकम की अनिवार्यता:** तुरंत एक फ़ायदेमंद अतिरिक्त काम (साइड हसल/कमाई का जरिया) शुरू करें (जैसे फ्रीलांसिंग, पढ़ाना, दूरस्थ कॉन्ट्रैक्ट कार्य) जो आपकी डिग्री के बाज़ार में बिकने वाले कौशल का उपयोग करता हो। इस काम के लिए प्रति सप्ताह 10-15 घंटे समर्पित करने का संकल्प लें, जिसका लक्ष्य प्रति माह 800 - 1,200 डॉलर अतिरिक्त कमाना है।
7. **हिमस्खलन को स्वचालित करें:** सभी कर्ज़ों के लिए न्यूनतम भुगतान को स्वचालित (ऑटोमैटिक) सेट करें, ताकि आप जुर्माने से बचें। अपनी साइड इनकम से हुई 100% कमाई को सीधे सबसे ज़्यादा ब्याज वाले कर्ज़ के मूलधन पर लगाएँ।
8. **रिटायरमेंट को रोक कर रखें:** अपने नियोक्ता के 401(के) में केवल उतना ही न्यूनतम योगदान करें जिससे आपको पूरी मैचिंग राशि (मुफ्त पैसा) मिल सके। जब तक कुल कर्ज़ 30,000 डॉलर से कम न हो जाए, तब तक और ज़्यादा योगदान न करें।
9. **एक छात्र की तरह जिएँ (पहला साल):** 'जीवनशैली में बढ़ोतरी' (लाइफस्टाइल क्रीप) का शिकार न बनें। पुरानी कार चलाएँ, पुराने कपड़े पहनें, और सस्ता खाना खाते रहें। हर अतिरिक्त डॉलर कर्ज़ चुकाने में जाएगा।
10. **वेतन वृद्धि को कर्ज़ की ओर मोड़ना (साल 2+):** जब आपको अपनी पहली वेतन वृद्धि (रेज़) या बोनस मिले, तो शुद्ध बढ़ोतरी (नेट इनक्रीज) का 100% हिस्सा अपने कर्ज़ के भुगतान में लगा दें। यह समझौता नहीं किया जा सकता।
11. **करियर में तेज़ उछाल लाना:** प्रदर्शन पर पूरी तरह ध्यान केंद्रित करें। हर 12-18 महीनों में आंतरिक पदोन्नति (प्रमोशन) की तलाश करें। अगर आंतरिक विकास रुका हुआ है, तो आक्रामक रूप से एक नई नौकरी ढूँढें (जॉब-होपिंग) जो कम से कम 15-20% वेतन में उछाल दे। आपकी ज़्यादा कमाई इस प्लान का सबसे मज़बूत हथियार है।
12. **पुनर्वित्त (रीफाइनेंस) की समीक्षा (साल 2/3):** एक बार जब आपका क्रेडिट स्कोर सुधर जाए, और मूल कर्ज़ कम हो जाए, तो अपने बचे हुए निजी कर्ज़ों (और ब्याज दरों के आधार पर संघीय कर्ज़ों को भी) को एक कम, एकल ब्याज दर पर पुनर्वित्त (रीफाइनेंस) करने पर विचार करें। इसके लिए अक्सर बेहतरीन क्रेडिट और एक स्थिर नौकरी का इतिहास चाहिए होता है।
13. **कर्ज़ के लक्ष्य पूरे होने पर न्यूनतम उत्सव:** जब आप कोई ख़ास कर्ज़ चुका दें, तो खुद को एक छोटा, बजट वाला उत्सव ($50-$100 अधिकतम) मनाने दें। खत्म हुए कर्ज़ के भुगतान को 'हिमस्खलन' क्रम में अगले कर्ज़ का भुगतान बढ़ाने के लिए उपयोग करें।
14. **आखिरी ज़ोर (साल 5):** जब कर्ज़ 15,000 डॉलर से कम हो जाए, तो सभी गैर-ज़रूरी खर्चों को पूरी तरह से खत्म करने पर विचार करें (यह अंतिम 'मुश्किल महीना' प्रयास है) और अंतिम मूल राशि को चुकाने के लिए किसी भी अनावश्यक, ज़्यादा कीमत वाली चीज़ों (जैसे गेमिंग कंसोल, ज़्यादा इलेक्ट्रॉनिक्स) को बेच दें।
15. **कर्ज़ मुक्ति के बाद की योजना:** अंतिम भुगतान होने पर, बड़ी मासिक कर्ज़ भुगतान राशि को तुरंत रिटायरमेंट खातों (401के, रोथ इरा) में आक्रामक रूप से अधिकतम योगदान करने की ओर मोड़ दें और अंत में एक मज़बूत 3-6 महीने का आपातकालीन कोष बनाएँ, यह सुनिश्चित करते हुए कि आप छूटे हुए बचत अवसरों की जल्दी भरपाई कर सकें।"
ओ एस आई मॉडल की सात परतों को क्रम से सूचीबद्ध करें और ऊपर की तीन परतों के मुख्य कार्य संक्षेप में बताएं।,,"ओ एस आई मॉडल की सात परतें, नीचे (1) से ऊपर (7) तक, ये हैं: 1. भौतिक परत, 2. डेटा लिंक परत, 3. नेटवर्क परत, 4. ट्रांसपोर्ट परत, 5. सेशन परत, 6. प्रेजेंटेशन परत, 7. ऐप्लिकेशन परत। ऊपर की तीन परतों के कार्य इस प्रकार हैं: परत 7 (ऐप्लिकेशन): यह उपयोगकर्ता ऐप्लिकेशन और नेटवर्क के बीच संपर्क (इंटरफ़ेस) प्रदान करती है और अंतिम-उपयोगकर्ता संचार सेवाओं को संभालती है (उदाहरण के लिए, एच टी टी पी, एस एम टी पी)। परत 6 (प्रेजेंटेशन): यह डेटा स्वरूपण (फ़ॉर्मेटिंग), अनुवाद, एन्क्रिप्शन (कूटलेखन), और कम्प्रेशन (दबाव) को संभालती है, यह सुनिश्चित करती है कि डेटा प्राप्तकर्ता सिस्टम द्वारा पढ़ा जा सके। परत 5 (सेशन): यह आपस में संवाद कर रहे ऐप्लिकेशनों के बीच कनेक्शन (सेशन/सत्र) की स्थापना, रखरखाव, तालमेल (सिंक्रनाइज़ेशन), और समाप्ति का प्रबंधन करती है।"
गुटेनबर्ग छपाई मशीन का महत्व बताएं।,"गुटेनबर्ग छपाई मशीन का आविष्कार जोहान्स गुटेनबर्ग ने 15वीं सदी के मध्य में किया था। इसमें चलायमान टाइप तकनीक का इस्तेमाल किया गया था, जो पिछली ब्लॉक छपाई के तरीकों से एक बड़ा सुधार था।","गुटेनबर्ग छपाई मशीन का आविष्कार जोहान्स गुटेनबर्ग ने 15वीं सदी के मध्य में किया था। इसमें चलायमान टाइप तकनीक का इस्तेमाल किया गया था, जो पिछली ब्लॉक छपाई के तरीकों से एक बड़ा सुधार था। इसके आविष्कार को बड़े पैमाने पर 'छपाई क्रांति' शुरू करने का श्रेय दिया जाता है, जिसने ज्ञान और मानकीकृत किताबों को पूरे यूरोप में तेज़ी से फैलाने में मदद करके पुनर्जागरण, धर्म-सुधार और ज्ञानोदय के युग में एक महत्वपूर्ण भूमिका निभाई।"
संयुक्त राज्य अमेरिका के राष्ट्रपति के तौर पर एफ.डी.आर. के बाद कौन आया?,,फ्रैंकलिन डी. रूजवेल्ट के बाद हैरी एस. ट्रूमैन आए।
शनि के प्रमुख उपग्रह,"टाइटन शनि का सबसे बड़ा उपग्रह है और बृहस्पति के गेनीमेड के बाद सौर मंडल में दूसरा सबसे बड़ा है। यह एकमात्र ज्ञात उपग्रह है जिसका घना वातावरण है, जो मुख्य रूप से नाइट्रोजन से बना है। टाइटन की खोज डच खगोलशास्त्री क्रिश्चियन ह्यूजेंस ने 1655 में की थी। एक और प्रमुख उपग्रह, एन्सेलेडस, बहुत छोटा है लेकिन अपने सतह के नीचे के महासागर और सक्रिय बर्फ ज्वालामुखी (पानी की बर्फ के कण उगलने वाले गीज़र) के कारण वैज्ञानिक रूप से बहुत महत्वपूर्ण है। एन्सेलेडस की खोज विलियम हर्शल ने 1789 में की थी। उपग्रह आयापेटस अपनी नाटकीय दो-रंगीन रंगत के लिए उल्लेखनीय है—इसका एक गोलार्ध लगभग काला है जबकि दूसरा चमकीला सफेद है। आयापेटस की खोज जियोवानी डोमेनिको कैसिनी ने 1671 में की थी।","पाठ के आधार पर, टाइटन पर पाए जाने वाले घने वातावरण की संरचना क्या है?"
मेरी शेली की 'फ्रैंकनस्टीन' का गॉथिक और विज्ञान कथा शैलियों पर मुख्य असर बताइए।,,"फ्रैंकनस्टीन' दोनों शैलियों के लिए बुनियादी है। गॉथिक साहित्य के लिए, इसने ध्यान बाहरी, अलौकिक खतरों (भूत, प्रेतवाधित महल) से हटाकर आंतरिक, मनोवैज्ञानिक डर की ओर मोड़ दिया, इस तरह 'डॉपेलगैंगर' और 'राक्षस/निर्माता' के अंतहीन विषय को स्थापित किया। सबसे महत्वपूर्ण बात यह है कि इसे अक्सर विज्ञान कथा का शुरुआती बिंदु माना जाता है, क्योंकि यह जादू या रहस्यवाद की जगह अनुमानित, लेकिन मानने लायक, विज्ञान (गैल्वेनिज़्म, शरीर को जोड़ना) का इस्तेमाल करता है। इस बदलाव ने इस उपन्यास को भविष्य के विज्ञान कथा लेखकों के लिए एक नमूना बना दिया, क्योंकि इसने केवल तकनीक का वर्णन करने के बजाय, तकनीकी घमंड के नैतिक परिणामों पर ध्यान केंद्रित किया।"
मैं एक नए प्रोजेक्ट के लिए बुनियादी पाइथन वर्चुअल एनवायरनमेंट कैसे तैयार करूँ?,,"प्रोजेक्ट की ज़रूरतों (डिपेंडेंसी) को अलग रखने के लिए एक वर्चुअल एनवायरनमेंट (वीईएनवी) तैयार करना पाइथन के काम में सबसे अच्छा तरीका माना जाता है। यह मानते हुए कि आपके पास पाइथन 3.x इंस्टॉल है, इन कदमों का पालन करें:

1. **अपने प्रोजेक्ट की डायरेक्टरी में जाएँ:** अपना टर्मिनल या कमांड प्रॉम्प्ट खोलें और उस डायरेक्टरी में जाएँ जहाँ आपकी प्रोजेक्ट फ़ाइलें रखी जाएँगी (जैसे: `सीडी ~/प्रोजेक्ट्स/माई_ऐप`)।

2. **वर्चुअल एनवायरनमेंट बनाएँ:** पहले से मौजूद `वीईएनवी` मॉड्यूल का उपयोग करें। `वीईएनवी` (दूसरा वाला) एनवायरनमेंट फोल्डर के नाम के लिए आम चलन है:
   bash
   पाइथन3 -एम वीईएनवी वीईएनवी
   

3. **एनवायरनमेंट को सक्रिय करें:** सक्रियण (एक्टिवेशन) आपके शेल (shell) के पाथ (PATH) वेरिएबल को बदल देता है, ताकि जब आप `पाइथन` या `पिप्प` टाइप करें, तो यह आपके नए अलग किए गए एनवायरनमेंट के अंदर वाले प्रोग्राम का उपयोग करे।
   *   **मैकओएस/लिनक्स पर:** `सोर्स वीईएनवी/बिन/एक्टिवेट`
   *   **विंडोज पर (कमांड प्रॉम्प्ट):** `वीईएनवी\स्क्रिप्ट्स\एक्टिवेट.बैट`
   *   **विंडोज पर (पावरशेल):** `.\वीईएनवी\स्क्रिप्ट्स\एक्टिवेट.पीएस1`

4. **सक्रियण की पुष्टि करें:** आपका टर्मिनल प्रॉम्प्ट आम तौर पर बदल जाएगा और उसमें एनवायरनमेंट का नाम शामिल होगा (जैसे: `(वीईएनवी) यूजर@होस्ट:~/प्रोजेक्ट्स/माई_ऐप$`)।

5. **ज़रूरतों (डिपेंडेंसी) को इंस्टॉल करें:** अब, `पिप्प` का उपयोग करके आप जो भी पैकेज इंस्टॉल करेंगे, वे केवल इसी एनवायरनमेंट के अंदर मौजूद रहेंगे (जैसे: `पिप्प इंस्टॉल रिक्वेस्ट्स फ्लास्क`)।

6. **निष्क्रिय करें:** जब आप उस सेशन के लिए प्रोजेक्ट पर काम करना खत्म कर लें, तो अपने ग्लोबल पाइथन एनवायरनमेंट में वापस जाने के लिए बस `डीऐक्टिवेट` टाइप करें।"
प्रकाश संश्लेषण की प्रक्रिया समझाओ।,,"प्रकाश संश्लेषण वह जैव-रासायनिक प्रक्रिया है जिसका उपयोग पौधे, शैवाल (काई), और कुछ जीवाणु प्रकाश ऊर्जा को रासायनिक ऊर्जा में बदलने के लिए करते हैं। यह ऊर्जा ग्लूकोज के रूप में जमा होती है। इस प्रक्रिया के लिए कार्बन डाइऑक्साइड और पानी की ज़रूरत होती है, और यह ऑक्सीजन को एक उप-उत्पाद के रूप में पैदा करती है।

**रासायनिक सूत्र:**
6CO₂ (कार्बन डाइऑक्साइड) + 6H₂O (पानी) + प्रकाश ऊर्जा → C₆H₁₂O₆ (ग्लूकोज) + 6O₂ (ऑक्सीजन)

**पहला चरण: प्रकाश-निर्भर प्रतिक्रियाएँ**
यह चरण हरितलवक (Chloroplast) के अंदर थाइलाकोइड झिल्ली में होता है। क्लोरोफिल वर्णक प्रकाश ऊर्जा को सोखते हैं, मुख्य रूप से लाल और नीले रंग की रोशनी को। इस सोखी हुई ऊर्जा का उपयोग इलेक्ट्रॉनों को उत्तेजित करने और पानी के अणुओं को तोड़ने के लिए किया जाता है (इस प्रक्रिया को प्रकाश अपघटन कहते हैं)। इस टूटने से ऑक्सीजन गैस वातावरण में निकलती है, और जो ऊर्जा पैदा होती है उसका उपयोग एटीपी (ऊर्जा मुद्रा) और एनएडीपीएच (एक इलेक्ट्रॉन वाहक) बनाने के लिए किया जाता है।

**दूसरा चरण: प्रकाश-अनिर्भर प्रतिक्रियाएँ (कैल्विन चक्र)**
यह चरण स्ट्रोमा (थाइलाकोइड को घेरे हुए तरल से भरा हुआ स्थान) में होता है और इसे सीधे प्रकाश की ज़रूरत नहीं होती, हालाँकि यह पहले चरण में बने एटीपी और एनएडीपीएच पर निर्भर करता है।
1. **कार्बन स्थिरीकरण:** वातावरण से कार्बन डाइऑक्साइड को पकड़ा जाता है और इसे आरयूबीपी नामक पाँच कार्बन वाले अणु से जोड़ा जाता है। यह कदम अकार्बनिक कार्बन को कार्बनिक यौगिकों में बदल देता है।
2. **अपचयन:** एटीपी से ऊर्जा और एनएडीपीएच से इलेक्ट्रॉनों का उपयोग करके, स्थिर कार्बन यौगिकों को जी3पी (ग्लिसराल्डिहाइड-3-फॉस्फेट) में बदल दिया जाता है, जो एक साधारण तीन कार्बन वाली शर्करा है।
3. **पुनर्जनन:** अधिकांश जी3पी अणुओं को आरयूबीपी अणु को फिर से बनाने के लिए पुनर्चक्रित किया जाता है ताकि चक्र चलता रहे। बचे हुए जी3पी अणुओं का उपयोग पौधा ग्लूकोज, स्टार्च, सेलूलोज़ और विकास तथा ऊर्जा भंडारण के लिए आवश्यक अन्य कार्बनिक अणुओं को संश्लेषित करने के लिए करता है।"
सोने का रासायनिक चिन्ह क्या है?,,सोने का रासायनिक चिन्ह एयू है।
"नीचे दिए गए शहरों की सूची देखें और उन्हें उनके महाद्वीपों के हिसाब से बाँटें। आउटपुट को बिंदुओं वाली सूची के रूप में रखें, जहाँ हर एंट्री में पहले महाद्वीप का नाम हो, उसके बाद एक कोलन (:) लगे, और फिर शहर का नाम हो।","वर्गीकृत किए जाने वाले शहर: टोक्यो, पेरिस, काहिरा, सिडनी, रियो डी जनेरियो, लंदन, जोहान्सबर्ग, मुंबई, न्यूयॉर्क सिटी, बर्लिन।","* एशिया: टोक्यो
* यूरोप: पेरिस
* अफ्रीका: काहिरा
* ऑस्ट्रेलिया: सिडनी
* दक्षिण अमेरिका: रियो डी जनेरियो
* यूरोप: लंदन
* अफ्रीका: जोहान्सबर्ग
* एशिया: मुंबई
* उत्तर अमेरिका: न्यूयॉर्क सिटी
* यूरोप: बर्लिन"
ईफ़िल टावर कब बनाया गया था और इसका असल मकसद क्या था?,"ईफ़िल टावर लोहे के सरियों से बना एक जालीदार टावर है जो फ़्रांस के पेरिस शहर में शैम्प दे मार्स पर स्थित है। इसे 1889 के विश्व मेले के प्रवेश द्वार के तौर पर 1887 से 1889 के बीच बनाया गया था। 330 मीटर (1,083 फ़ुट) ऊँचा यह टावर 41 साल तक दुनिया की सबसे ऊँची मानव निर्मित इमारत थी, जब तक कि 1930 में न्यूयॉर्क शहर में क्राइसलर बिल्डिंग पूरी नहीं हो गई। टावर में आगंतुकों के लिए तीन स्तर हैं, जिनमें पहले और दूसरे स्तर पर रेस्तरां हैं। यह दुनिया का सबसे ज़्यादा देखा जाने वाला सशुल्क स्मारक है, जिसे 2015 में 6.91 मिलियन पर्यटक मिले थे।",ईफ़िल टावर का निर्माण 1887 से 1889 के बीच हुआ था और यह 1889 के विश्व मेले के प्रवेश द्वार के रूप में काम करता था।
"नीचे दी गई भौगोलिक विशेषताओं को तीन समूहों में बाँटें: रेगिस्तान, महासागर और पर्वत शृंखलाएँ: सहारा, अटलांटिक, एंडीज़, गोबी, प्रशांत, अरब, रॉकीज़, हिंद, कालाहारी, आर्कटिक, के2, एवरेस्ट, किलिमंजारो।",,"रेगिस्तान हैं: सहारा, गोबी, अरब और कालाहारी। महासागर हैं: अटलांटिक, प्रशांत, हिंद और आर्कटिक। पर्वत शृंखलाएँ और चोटियाँ हैं: एंडीज़, रॉकीज़, के2, एवरेस्ट और किलिमंजारो।"
लक्ष्य तय करने के लिए स्मार्ट (S.M.A.R.T.) ढाँचे की व्याख्या करें और बताएँ कि हर अक्षर का क्या मतलब है।,,"स्मार्ट (S.M.A.R.T.) ढाँचा लक्ष्य तय करने में मार्गदर्शन करने और सफलता की संभावनाओं को बढ़ाने के लिए इस्तेमाल किया जाने वाला एक याद रखने का तरीका (स्मृति सहायक उपकरण) है। यह जाँच करने के लिए स्पष्ट मापदंड देता है कि कोई लक्ष्य कार्रवाई योग्य (जिस पर काम किया जा सके) और प्राप्त करने योग्य है या नहीं।

इन अक्षरों का मतलब है:
- **एस (S)** -- विशिष्ट (Specific): लक्ष्य को साफ़ तौर पर बताना चाहिए कि क्या हासिल करना है।
- **एम (M)** -- मापने योग्य (Measurable): आपको प्रगति पर नज़र रखने और यह जानने के लिए मापदंड चाहिए कि लक्ष्य कब पूरा हुआ।
- **ए (A)** -- प्राप्त करने योग्य (Achievable/Attainable): उपलब्ध संसाधनों और समय को देखते हुए लक्ष्य वास्तविक होना चाहिए।
- **आर (R)** -- प्रासंगिक (Relevant): लक्ष्य को बड़े उद्देश्यों और प्राथमिकताओं से मेल खाना चाहिए।
- **टी (T)** -- समय-सीमाबद्ध (Time-bound): लक्ष्य को पूरा करने के लिए एक समय सीमा या निश्चित समय अवधि होनी चाहिए।"
"समुंदर में ज्वार-भाटा किस वजह से आता है, इसके मुख्य कारणों को समझाइए।",,"समुद्री ज्वार-भाटा का मुख्य कारण चाँद (चन्द्रमा) द्वारा लगाया गया ज़ोरदार गुरुत्वाकर्षण बल है। यह बल पानी को चाँद की तरफ़ खींचता है, जिससे धरती के चाँद की तरफ़ वाले हिस्से पर ज्वार का एक ऊँचा उभार बन जाता है। दूसरा ऊँचा ज्वार का उभार ठीक उल्टी तरफ़ बनता है। यह जड़ता और धरती के व्यास के आर-पार गुरुत्वाकर्षण बल के फ़र्क़ के कारण होता है। सूरज भी ज्वार-भाटा पर असर डालता है। यह या तो उस असर को बढ़ा देता है (वृहत् ज्वार) या उसे कम कर देता है (लघु ज्वार)।"
यूकेरियोटिक कोशिका में गॉल्जी उपकरण की मुख्य भूमिका क्या है?,"कोशिका में कई तरह के अंगक होते हैं, जिनमें से हर एक का खास काम होता है। माइटोकॉन्ड्रिया ऊर्जा बनाते हैं, और एंडोप्लाज्मिक रेटिकुलम प्रोटीन का संश्लेषण और परिवहन संभालते हैं। हालांकि, गॉल्जी उपकरण, जिसे कभी-कभी गॉल्जी कॉम्प्लेक्स या निकाय भी कहा जाता है, मुख्य रूप से कोशिका के डाकघर के रूप में काम करता है। इसका मुख्य काम एंडोप्लाज्मिक रेटिकुलम में संश्लेषित प्रोटीन और लिपिड को स्राव (बाहर निकालने) के लिए या कोशिका के भीतर अन्य अंगकों तक पहुँचाने के लिए संशोधित करना, छाँटना और पैक करना है।","इसका मुख्य काम प्रोटीन और लिपिड को स्राव के लिए या कोशिका के भीतर अन्य अंगकों तक पहुँचाने के लिए संशोधित करना, छाँटना और पैक करना है।"
डोमेन नेम सिस्टम (डीएनएस) का मुख्य काम क्या है?,,"डोमेन नेम सिस्टम (डीएनएस) का मुख्य काम इंसानों के पढ़ने लायक डोमेन नामों (जैसे डब्ल्यूडब्ल्यूडब्ल्यू डॉट एग्जांपल डॉट कॉम) को नंबरों वाले आईपी एड्रेस (जैसे 192.0.2.1) में बदलना है, जिनका इस्तेमाल कंप्यूटर इंटरनेट पर एक-दूसरे को पहचानने के लिए करते हैं।"
डेलाइट सेविंग टाइम (डीएसटी) का मकसद और काम करने का तरीका समझाओ। जवाब ऐसे एक यूरोपीय के नज़रिए से लिखो जिसे यह तरीका बहुत परेशानी वाला और पुरानी ज़माने का लगता है।,,"आह, यह हर साल का तड़पाने वाला रिवाज। साल में दो बार हम घड़ियों को छेड़ देते हैं। बसंत में, हम घड़ी को एक घंटा आगे कर देते हैं ताकि दिन की रोशनी 'बच' जाए, मतलब सूरज शाम को देर से डूबे। फिर पतझड़ में, हम इसे वापस कर देते हैं। इसका सैद्धांतिक मकसद, जो बहुत पुराना है, बिजली बचाना था, लेकिन अब इसकी हकीकत सामने आ चुकी है। लेकिन इसका असली नतीजा बस हफ़्तों तक हल्का ज़ेट लैग और उलझन पैदा करना है। यह पुरानी ज़माने की प्रथा है जिसे ज़्यादातर समझदार देश छोड़ने की कोशिश कर रहे हैं, लेकिन कुछ राष्ट्र सिर्फ उन्हीं कारणों से इससे चिपके रहते हैं जो सिर्फ अफ़सरशाहों को ही मालूम हैं।"
"मशहूर कहावत को पूरा करें: ""ए स्टिच इन टाइम सेव्स ___।""",,"पूरी कहावत यह है: ""ए स्टिच इन टाइम सेव्स नाइन।"""
"अब तक दर्ज किए गए सबसे छोटे युद्ध की अवधि कितनी थी, और इसमें कौन से दो देश शामिल थे?",,"यह 1896 का एंग्लो-ज़ंज़ीबार युद्ध था, जो यूनाइटेड किंगडम और ज़ंज़ीबार की सल्तनत के बीच लड़ा गया था और लगभग 38 से 45 मिनट तक चला था।"
"दुनिया की पाँच सबसे लंबी नदियों की सूची बनाएँ, जिनमें उनके महाद्वीप और किलोमीटर में उनकी अनुमानित ज़्यादा से ज़्यादा लंबाई शामिल हो।",,"1. **अमेज़न नदी** (दक्षिण अमेरिका): लगभग 6,992 किमी।
2. **नील नदी** (अफ़्रीका): लगभग 6,650 किमी।
3. **यांग्त्से नदी** (एशिया): लगभग 6,300 किमी।
4. **मिसिसिपी-मिसूरी-रेड रॉक** (उत्तरी अमेरिका): लगभग 6,275 किमी।
5. **येनिसी-अंगारा-सेलेन्गा** (एशिया): लगभग 5,539 किमी।"
"पाठ के अनुसार, पोनी एक्सप्रेस के शुरू और खत्म होने की तारीखें क्या थीं?","पोनी एक्सप्रेस संदेश, अखबार और डाक पहुँचाने वाली एक सेवा थी। यह केवल 18 महीनों तक चली, 3 अप्रैल 1860 से लेकर 26 अक्टूबर 1861 तक। तार (टेलीग्राफ) सिस्टम पूरा होने से पहले यह पश्चिम में संचार का सबसे सीधा ज़रिया बन गई। यह रास्ता मुख्य रूप से प्लाटे रिवर रोड, मॉर्मन ट्रेल, और सेंट्रल ओवरलैंड रूट पर चलता था। सेंट जोसेफ, मिसौरी और सैक्रामेंटो, कैलिफ़ोर्निया के बीच सफ़र करने में लगभग 10 दिन लगते थे। सवार (राइडर) रोज़ाना 75 से 100 मील की दूरी तय करते थे, और हर 5 से 20 मील पर बने रिले स्टेशनों पर घोड़ों को बदलते थे। इसका आधिकारिक अंत अंतरमहाद्वीपीय तार (टेलीग्राफ) के चालू होने के साथ हुआ।",पोनी एक्सप्रेस 3 अप्रैल 1860 से 26 अक्टूबर 1861 तक चली।
"दिए गए लेख के आधार पर, डार्क मैटर क्या है, और इसकी मौजूदगी का पता कैसे लगाया जाता है?","डार्क मैटर पदार्थ का एक काल्पनिक रूप है जिसे माना जाता है कि वह ब्रह्मांड के लगभग 85% द्रव्य का निर्माण करता है। इसकी मौजूदगी का अंदाज़ा दिखने वाले पदार्थ, जैसे कि आकाशगंगाओं और आकाशगंगा समूहों पर पड़ने वाले गुरुत्वाकर्षण प्रभावों से लगाया जाता है। सामान्य पदार्थ के विपरीत, डार्क मैटर विद्युत-चुंबकीय विकिरण को न तो छोड़ता है और न ही उससे प्रतिक्रिया करता हुआ दिखाई देता है, जिसकी वजह से यह दूरबीनों के लिए अदृश्य है। आधुनिक ब्रह्मांड विज्ञान में डार्क मैटर का स्वरूप सबसे बड़े अनसुलझे रहस्यों में से एक बना हुआ है।","डार्क मैटर पदार्थ का एक काल्पनिक रूप है जो ब्रह्मांड के लगभग 85% द्रव्य का निर्माण करता है। इसकी मौजूदगी का अंदाज़ा सिर्फ दिखने वाले पदार्थ पर इसके गुरुत्वाकर्षण प्रभावों से लगाया जाता है, जैसे कि आकाशगंगाओं के घूमने की वक्र रेखाओं और आकाशगंगा समूहों के भीतर की गति से। यह सामान्य दूरबीनों द्वारा पता लगाने योग्य नहीं है क्योंकि यह विद्युत-चुंबकीय विकिरण को न तो छोड़ता है और न ही उससे प्रतिक्रिया करता हुआ दिखाई देता है। 

हालाँकि इसकी सटीक बनावट (संघटन) अज्ञात है, डार्क मैटर बनाने वाले मूलभूत कणों के प्रमुख उम्मीदवारों में दुर्बल रूप से प्रतिक्रिया करने वाले विशाल कण (वीआईएमपीएस) शामिल हैं। अन्य प्रस्तावित स्पष्टीकरणों में भारी सघन प्रभामंडल वस्तुएँ (एमएसीएचओ) या संशोधित न्यूटोनियन गतिकी (एमओएनडी) शामिल हैं, हालाँकि वर्तमान में वीआईएमपीएस की खोज ही विश्व स्तर पर अधिकांश प्रत्यक्ष पहचान प्रयोगों का मुख्य केंद्र है।"
पुरानी दुनिया के सात अजूबों के नाम बताओ।,,"पुरानी दुनिया के सात अजूबे ये हैं: गीज़ा का महान पिरामिड, बेबीलोन के झूलते बाग़, ओलंपिया में ज़ीउस की मूर्ति, एफ़िसस में आर्तेमिस का मंदिर, हैलिकारनासस का मक़बरा, रोड्स का भीमकाय बुत, और सिकंदरिया का प्रकाशस्तंभ।"
"सौर मंडल के नीचे दिए गए ग्रहों को इस आधार पर श्रेणीबद्ध करें कि वे स्थलीय ग्रह या गैसीय/बर्फीले विशालकाय ग्रह माने जाते हैं: बुध, शुक्र, पृथ्वी, मंगल, बृहस्पति, शनि, यूरेनस, नेपच्यून",,"स्थलीय ग्रह: बुध, शुक्र, पृथ्वी, मंगल
गैसीय/बर्फीले विशालकाय ग्रह: बृहस्पति, शनि, यूरेनस, नेपच्यून"
बिग ओ नोटेशन O(n^2) की अवधारणा को समझाएं और पहचानें कि प्रदान किए गए JSON इनपुट में कौन सा कार्य इस कम्प्यूटेशनल जटिलता का सबसे अच्छा प्रतिनिधित्व करता है,"{ ""tasks"": [ { ""name"": ""डेटाबेस लुकअप"", ""complexity_description"": ""आईडी द्वारा एकल रिकॉर्ड प्राप्त करें।"", ""O_notation"": ""O(1)"" }, { ""name"": ""सॉर्टिंग एल्गोरिदम 1"", ""complexity_description"": ""आकार N की सूची में प्रत्येक तत्व की अन्य सभी तत्वों से तुलना करें।"", ""O_notation"": ""N/A"" }, { ""name"": ""रैखिक खोज"", ""complexity_description"": ""आकार N की सूची में एक बार पुनरावृति करें।"", ""O_notation"": ""O(N)"" } ]}","O(n^2) का बिग O संकेतन (जिसे ""n वर्ग"" के रूप में पढ़ा जाता है) एक ऐसे एल्गोरिथम का वर्णन करता है जिसका प्रदर्शन या रनटाइम इनपुट डेटा सेट (N) के आकार के वर्ग के समानुपाती होता है। यह आमतौर पर तब होता है जब कोई एल्गोरिथम नेस्टेड पुनरावृत्ति (जैसे, नेस्टेड फॉर-लूप) का उपयोग करता है, जिसका अर्थ है कि इनपुट (N) में प्रत्येक आइटम के लिए, एल्गोरिथम N संक्रियाएँ करता है। जैसे-जैसे N बड़ा होता जाता है, रनटाइम द्विघात रूप से बढ़ता जाता है।

प्रदान किए गए डेटा में, O(n^2) जटिलता का सबसे अच्छा उदाहरण **सॉर्टिंग एल्गोरिथम 1** है, जिसका विवरण कहता है: ""आकार N की सूची में प्रत्येक तत्व की तुलना प्रत्येक अन्य तत्व से करें।"" यह विशिष्ट तुलना पैटर्न द्विघात समय जटिलता की परिभाषा है।"
"नीचे दिए गए तत्वों में से कौन से सामान्य तापमान और दबाव (एसटीपी) पर कुदरती तौर पर तरल पदार्थ हैं: सल्फर, लोहा, ब्रोमीन, कार्बन, पारा, हीलियम, सिलिकॉन, फ्लोरीन",,"सामान्य तापमान और दबाव (एसटीपी) पर ये तत्व कुदरती तौर पर तरल पदार्थ हैं: ब्रोमीन, पारा"
"नीचे दी गई घटनाएँ मुख्य रूप से किस सदी में हुईं, यह पहचानिए: आज़ादी के घोषणापत्र पर दस्तख़त, पहला विश्व युद्ध शुरू होना।",,"आज़ादी के घोषणापत्र पर दस्तख़त 18वीं सदी में हुए, और पहला विश्व युद्ध 20वीं सदी में शुरू हुआ।"
मेरी क्यूरी को उनका दूसरा नोबेल पुरस्कार किस विज्ञान की शाखा के लिए मिला था?,"मेरी स्क्लोडोव्स्का-क्यूरी (जन्म मारिया स्क्लोडोव्स्का; 7 नवंबर 1867 – 4 जुलाई 1934) पोलैंड की और बाद में फ्रांसीसी नागरिक बनी हुई भौतिक विज्ञानी और रसायन विज्ञानी थीं, जिन्होंने रेडियोएक्टिविटी पर शुरुआती और महत्वपूर्ण खोजें कीं। वह नोबेल पुरस्कार जीतने वाली पहली महिला थीं, दो बार नोबेल पुरस्कार जीतने वाली वह पहली इंसान और अकेली महिला थीं, और दो अलग-अलग वैज्ञानिक क्षेत्रों में नोबेल पुरस्कार जीतने वाली भी वह अकेली इंसान थीं। वह पेरिस यूनिवर्सिटी में प्रोफ़ेसर बनने वाली भी पहली महिला थीं। उनके पति, पियरे क्यूरी, उनके पहले नोबेल पुरस्कार में सह-विजेता थे, जो उन्हें 1903 में भौतिकी के लिए दिया गया था। बाद में उन्होंने 1911 का नोबेल पुरस्कार रसायन विज्ञान के लिए जीता, जो उन्होंने पोलोनियम और रेडियम तत्वों की खोज के लिए किया था।",रसायन विज्ञान
"कहानी सुनाने में ""मैक्गफिन"" क्या होता है?",,"मैक्गफिन कहानी (जैसे कि फ़िल्म, किताब या वीडियो गेम) को आगे बढ़ाने वाला एक साधन है, जो एक मुख्य वस्तु या लक्ष्य के रूप में काम करता है जिसे मुख्य पात्र पाने, हासिल करने, या वापस लाने की कोशिश कर रहे होते हैं। सबसे ज़रूरी बात यह है कि दर्शकों के लिए मैक्गफिन का महत्व कम या न के बराबर होता है; इसका मुख्य उद्देश्य पात्रों को प्रेरित करना और कहानी को आगे बढ़ाना होता है। अल्फ्रेड हिचकॉक ने इस शब्द को मशहूर किया था। उन्होंने मशहूर तौर पर कहा था कि मैक्गफिन 'वह चीज़ है जिसके पीछे जासूस पड़े होते हैं, लेकिन दर्शकों को उसकी परवाह नहीं होती।' इसके उदाहरणों में 'रेडर्स ऑफ़ द लॉस्ट आर्क' में 'आर्क ऑफ़ द कॉन्वेनेंट' या 'टाइटैनिक' में चोरी किया हुआ हार शामिल है।"
"नीचे दी गई भाषाओं को उनके मुख्य काम और टाइप (प्रकार) लागू करने के आधार पर तीन श्रेणियों में वर्गीकृत करें: स्टैटिकली टाइप्ड, डायनैमिकली टाइप्ड, या मार्कअप/स्टाइलिंग/क्वेरी भाषा: पायथन, सी++, जावा, एचटीएमएल, सीएसएस, जावास्क्रिप्ट, सी#, रूबी, गो, एसक्यूएल।",,"स्टैटिकली टाइप्ड: सी++, जावा, सी#, गो
डायनैमिकली टाइप्ड: पायथन, जावास्क्रिप्ट, रूबी
मार्कअप/स्टाइलिंग/क्वेरी भाषा: एचटीएमएल, सीएसएस, एसक्यूएल"
"गैलीलियन चाँद क्या हैं, यह समझाओ, और उन्हें बृहस्पति से बढ़ती दूरी के क्रम में सूचीबद्ध करो।",,"गैलीलियन चाँद बृहस्पति के चार सबसे बड़े उपग्रह (चाँद) हैं, जिनकी खोज गैलीलियो गैलीली ने 1610 में की थी। वे इसलिए महत्वपूर्ण हैं क्योंकि उनकी खोज ने सूर्यकेंद्रीय मॉडल (सिद्धांत) का समर्थन करने वाले मज़बूत प्रमाण दिए थे। बृहस्पति से बढ़ती दूरी के क्रम में, वे हैं: आईओ, युरोपा, गैनीमीड, और कैलिस्टो।"
मंगल को कभी-कभी 'लाल ग्रह' क्यों कहा जाता है?,"मंगल सूरज से चौथा और बुध के बाद सौर मंडल में दूसरा सबसे छोटा ग्रह है। यह एक ज़मीनी ग्रह है जिसका वातावरण पतला है, जो मुख्य रूप से कार्बन डाइऑक्साइड से बना है। मंगल को कभी-कभी 'लाल ग्रह' कहा जाता है क्योंकि इसकी सतह पर मौजूद आयरन ऑक्साइड इसे लाल रंग देता है। दो छोटे, बेढंगे आकार के चंद्रमा मंगल की परिक्रमा करते हैं: फ़ोबॉस और डीमॉस। इन चंद्रमाओं को 1877 में खगोलशास्त्री आसाफ़ हॉल ने खोजा था।",मंगल को 'लाल ग्रह' कहा जाता है क्योंकि इसकी सतह पर मौजूद आयरन ऑक्साइड इसे लाल रंग देता है।
ग्रेट बैरियर रीफ़ क्या है और यह कहाँ स्थित है?,"ग्रेट बैरियर रीफ़ दुनिया का सबसे बड़ा मूंगा चट्टान तंत्र (सिस्टम) है, जो 2,900 से अधिक अलग-अलग चट्टानों और 900 द्वीपों से मिलकर बना है। यह लगभग 344,400 वर्ग किलोमीटर (133,000 sq mi) के क्षेत्र में 2,300 किलोमीटर (1,400 mi) से अधिक तक फैला हुआ है। यह चट्टान ऑस्ट्रेलिया के क्वींसलैंड तट से दूर, कोरल सागर में स्थित है। इसे अंतरिक्ष से देखा जा सकता है और यह जीवित जीवों द्वारा बनाई गई दुनिया की सबसे बड़ी अकेली संरचना है। यह चट्टान अरबों छोटे जीवों से बनी है, जिन्हें कोरल पॉलीप्स के नाम से जाना जाता है।","ग्रेट बैरियर रीफ़ दुनिया का सबसे बड़ा मूंगा चट्टान तंत्र (सिस्टम) है। यह एक विशाल ढाँचा है जो 2,900 से अधिक अलग-अलग चट्टानों और 900 द्वीपों से मिलकर बना है, जो 2,300 किलोमीटर (1,400 mi) से अधिक तक फैला हुआ है और लगभग 344,400 वर्ग किलोमीटर (133,000 sq mi) क्षेत्र को कवर करता है। यह चट्टान ऑस्ट्रेलिया के क्वींसलैंड तट से दूर, कोरल सागर में स्थित है। अपने अत्यधिक बड़े आकार के कारण, यह बाहरी अंतरिक्ष से दिखाई देता है और इसे पूरी तरह से जीवित जीवों—खासकर कोरल पॉलीप्स नामक अरबों छोटे जीवों द्वारा बनाई गई दुनिया की सबसे बड़ी अकेली संरचना के रूप में पहचाना जाता है।

ग्रेट बैरियर रीफ़ को 1981 में विश्व विरासत स्थल घोषित किया गया था। यह समुद्री जीवन की अद्भुत विविधता का समर्थन करता है, जिसमें व्हेल, डॉल्फ़िन और पोरपोइज़ की 30 प्रजातियाँ, समुद्री कछुओं की 6 प्रजातियाँ और मछली की 1,500 से अधिक प्रजातियाँ शामिल हैं। हालांकि, यह चट्टान इस समय जलवायु परिवर्तन, कोरल विरंजन (रंग उड़ना), प्रदूषण और क्राउन-ऑफ़-थॉर्न्स स्टारफिश के प्रकोप से गंभीर खतरे में है।"
"इंसान के दिमाग में हिप्पोकैम्पस का क्या काम है, और यह मुख्य रूप से कहाँ स्थित होता है?",,"हिप्पोकैम्पस छोटी अवधि की याददाश्त से लंबी अवधि की याददाश्त तक जानकारी को पक्का करने में, साथ ही दिशा ज्ञान (जगह का पता लगाने) में बहुत महत्वपूर्ण भूमिका निभाता है। यह मुख्य रूप से मीडियल टेम्पोरल लोब के अंदर, लेटरल वेंट्रिकल के निचले टेम्पोरल हॉर्न के बहुत अंदर गहराई में स्थित होता है।"
जावास्क्रिप्ट में `==` और `===` के बीच का फ़र्क़ समझाओ।,,"जावास्क्रिप्ट में, `==` और `===` दोनों ही तुलना करने वाले (कम्पेरिज़न) ऑपरेटर हैं, लेकिन वे तुलनाओं को अलग-अलग तरह से जाँचते हैं। `==` ऑपरेटर ढीली बराबरी की जाँच करता है; यह तुलना करने से पहले प्रकार (टाइप) बदलने (type coercion) की कोशिश करता है (यानी, एक मान को दूसरे के प्रकार में बदलना)। उदाहरण के लिए, `5 == '5'` सही (true) परिणाम देता है। `===` ऑपरेटर सख़्त बराबरी की जाँच करता है; यह किसी भी प्रकार का बदलाव किए *बिना* जाँचता है कि मान बराबर हैं या नहीं। अगर प्रकार अलग-अलग हैं, तो तुलना तुरंत ग़लत (false) परिणाम देती है। उदाहरण के लिए, `5 === '5'` ग़लत (false) परिणाम देता है, जबकि `5 === 5` सही (true) परिणाम देता है।"
प्रकाश-संश्लेषण की प्रक्रिया समझाइए।,,"प्रकाश-संश्लेषण वह प्रक्रिया है जिसका उपयोग पौधे, शैवाल और कुछ जीवाणु, प्रकाश ऊर्जा को (जो आमतौर पर सूरज से आती है) रासायनिक ऊर्जा में बदलने के लिए करते हैं। इस रासायनिक ऊर्जा का उपयोग जीव अपनी गतिविधियों को चलाने के लिए करते हैं। यह रासायनिक ऊर्जा कार्बोहाइड्रेट अणुओं, जैसे कि शक्कर/चीनी, में जमा हो जाती है, जो कार्बन डाइऑक्साइड और पानी से मिलकर बनते हैं। इस प्रक्रिया का संपूर्ण रासायनिक समीकरण है: $6CO_2 + 6H_2O + \text{प्रकाश ऊर्जा} \to C_6H_{12}O_6 + 6O_2$.

प्रकाश-संश्लेषण मुख्य रूप से पौधों की कोशिकाओं के क्लोरोप्लास्ट में होता है और इसमें दो मुख्य चरण शामिल होते हैं:

1. **प्रकाश-निर्भर प्रतिक्रियाएँ:** ये प्रतिक्रियाएँ क्लोरोप्लास्ट के अंदर थाइलाकोइड झिल्ली में होती हैं। क्लोरोफिल प्रकाश ऊर्जा को सोखता है, जिससे इलेक्ट्रॉन उत्तेजित हो जाते हैं। इस ऊर्जा का उपयोग पानी के अणुओं ($H_2O$) को तोड़ने के लिए किया जाता है, जिससे ऑक्सीजन ($O_2$) निकलती है और ऊर्जा वाहक—एटीपी (एडिनोसिन ट्राईफॉस्फेट) और एनएडीपीएच (निकोटीना माइड एडिनिन डाईन्यूक्लियोटाइड फॉस्फेट)—बनते हैं।

2. **प्रकाश-अनि निर्भर प्रतिक्रियाएँ (कैल्विन चक्र):** इन्हें अंधेरी प्रतिक्रियाएँ भी कहा जाता है। ये स्ट्रोमा (जो थाइलाकोइड्स के चारों ओर का द्रव है) में होती हैं। इन्हें सीधे प्रकाश की ज़रूरत नहीं होती है, लेकिन ये पहले चरण में बने एटीपी और एनएडीपीएच का उपयोग करती हैं। कार्बन डाइऑक्साइड ($CO_2$) को 'स्थायी रूप से जोड़कर' (एक कार्बनिक अणु में शामिल करके) ग्लूकोज़ (शक्कर) में बदल दिया जाता है, जिसका उपयोग पौधा ऊर्जा और विकास के लिए करता है।"
"दिए गए पाठ के आधार पर, गणना करें कि ऑगस्टस की मृत्यु के समय उनकी उम्र क्या थी।","गाइयस जूलियस सीज़र ऑक्टेवियनस, जिन्हें ऑगस्टस के नाम से जाना जाता है, रोमन राजशाही के संस्थापक थे और पहले रोमन सम्राट माने जाते हैं। उनका जन्म 63 ईसा पूर्व में हुआ था और वे 14 ईसवी में गुज़रे। मार्क एंटनी को हराने के बाद उन्होंने 40 साल तक शासन किया। उनकी मौत के तुरंत बाद उनके सौतेले बेटे, टाइबेरियस ने, सत्ता संभाली।",76 साल
एक औपचारिक (या दफ़्तरी) ईमेल लिखने के लिए मुख्य चीज़ें और बेहतरीन तरीक़े बताइए।,,"एक औपचारिक ईमेल में पाँच ज़रूरी हिस्से होते हैं। पहला, एक साफ़, संक्षिप्त **विषय** इस्तेमाल करें जो ईमेल का मक़सद बताता हो। सभी बड़े अक्षरों या बहुत ज़्यादा विराम चिह्नों का इस्तेमाल करने से बचें। दूसरा, हमेशा एक सही **अभिवादन** शामिल करें (जैसे 'प्रिय...' या 'नमस्ते टीम')। तीसरा, **मुख्य हिस्सा** संक्षिप्त, सीधा होना चाहिए और केवल एक मुख्य विषय पर केंद्रित होना चाहिए। जल्दी से मुख्य बात पर आएं। पढ़ने में आसानी के लिए यदि संभव हो तो बिन्दुवार सूची का उपयोग करें। चौथा, एक विनम्र **समापन** शामिल करें (जैसे 'भवदीय' या 'साभार')। अंत में, सुनिश्चित करें कि आपके **हस्ताक्षर खंड** में आपका पूरा नाम, पद और ज़रूरी संपर्क जानकारी शामिल हो। हमेशा टंकण त्रुटियों (टाइपिंग की ग़लतियों) के लिए जाँच करें और 'भेजें' बटन दबाने से पहले पुष्टि करें कि सही प्राप्तकर्ता सूचीबद्ध है।"
"बोइंग 747 ने पहली उड़ान कब भरी, और किस हवाई कंपनी ने इसे सबसे पहले व्यापारिक तौर पर इस्तेमाल किया? कुल कितने 747 बनाए गए, और 1989 तक कितने डिलीवर किए जा चुके थे?","बोइंग 747, जिसे अक्सर ""आसमान की रानी"" भी कहा जाता है, ने पहली उड़ान फरवरी 1969 में भरी थी। यह पहला चौड़े-ढाँचे वाला हवाई जहाज़ था जो कभी बनाया गया। इसने आधिकारिक तौर पर जनवरी 1970 में पैन एम के साथ व्यापारिक सेवा शुरू की। 1989 तक, कुल 800 मॉडल डिलीवर (पहुँचाए) किए जा चुके थे। इसका आखिरी प्रकार (वेरिएंट), 747-8, 2011 में सेवा में आया। यात्री संस्करण (747-400) का उत्पादन 2005 में बंद हो गया, लेकिन माल ढोने वाले संस्करण जारी रहे। कुल मिलाकर, अंतिम हवाई जहाज़ के जनवरी 2023 में डिलीवर होने से पहले, बोइंग ने इसके सभी प्रकारों में 1,574 शानदार जेट विमानों का निर्माण किया।","बोइंग 747 ने पहली उड़ान फरवरी 1969 में भरी, और पैन एम पहली हवाई कंपनी थी जिसने इसे व्यापारिक तौर पर इस्तेमाल किया। कुल मिलाकर, 1,574 बोइंग 747 बनाए गए थे। 1989 तक, 800 मॉडल डिलीवर किए जा चुके थे।"
"एक बरसाती रात के भविष्यवादी (फ़्यूचरिस्टिक), साइबरपंक शहर के बाज़ार का वर्णन करें, जिसमें संवेदी विवरणों पर ध्यान केंद्रित किया गया हो।",,"हवा में नमी और तेज़ाबी बारिश की धातू जैसी गंध घनी होकर छाई हुई थी। झपकते हुए आभासी रामेन के कटोरे और चमकते हुए बनावटी अंग, नीऑन विज्ञापनों से तेज़ी से झलक रहे थे, जो कि चिकनी और काई लगी हुई फ़र्श पर पड़ रहे थे। लहरदार टीन के छज्जों के नीचे, दुकानदार अपना सामान बेच रहे थे: टूटी-फूटी डेटा चिप्स, चोरी-छिपे बाज़ार के जैव-सुधार जिनसे ओज़ोन की हल्की महक आ रही थी, और सस्ते, बनावटी प्रोटीन के कबाब जो बिजली के चूल्हों पर भुन रहे थे। सिर के ऊपर उड़ रहे ड्रोन के आवागमन की लगातार, लयबद्ध सरसराहट ने भीड़ की फुसफुसाहट को दबा दिया था, जिसमें बस तभी रुकावट आती थी जब बनावटी चमड़े के जूते उथले गड्ढों में छप-छप करते हुए गुज़रते थे। नीली चमक वाले आँखों के लेंस पहने एक दुकानदार ने भारी लहजे वाली 'मानक' भाषा में दाम चिल्लाया।"
"कंप्यूटर माउस का असली नाम क्या था, और इस तकनीक को पहली बार सार्वजनिक रूप से कब दिखाया गया था?","कंप्यूटर माउस का आविष्कार 1964 में स्टैनफोर्ड रिसर्च इंस्टीट्यूट में डगलस एंगेलबार्ट ने किया था। इसका असली उपनाम 'डिस्प्ले सिस्टम के लिए एक्स-वाई पोजीशन इंडिकेटर' रखा गया था। पहला नमूना एक भारी लकड़ी का खोल था जिसमें दो लंबवत पहिये लगे थे जो मूवमेंट को दर्ज करते थे। एंगेलबार्ट ने 1968 के दिसंबर में सैन फ्रांसिस्को में 'द मदर ऑफ ऑल डेमोज़' प्रस्तुति के दौरान हाइपरटेक्स्ट लिंक करने और वीडियो कॉन्फ्रेंसिंग के साथ-साथ, माउस का भी प्रसिद्ध प्रदर्शन किया था। हालाँकि इसका आविष्कार 60 के दशक में हुआ था, लेकिन 1970 के दशक में ज़ेरॉक्स पार्क और बाद में 1980 के दशक में एप्पल और माइक्रोसॉफ्ट द्वारा इसे अपनाए जाने तक यह व्यापक रूप से व्यावसायिक रूप से उपलब्ध नहीं हुआ।","इसका असली उपनाम 'डिस्प्ले सिस्टम के लिए एक्स-वाई पोजीशन इंडिकेटर' था, और इसे पहली बार सार्वजनिक रूप से दिसंबर 1968 में 'द मदर ऑफ ऑल डेमोज़' के दौरान प्रदर्शित किया गया था।"
अर्बेन ले वेरिअर ने नेपच्यून की स्थिति के बारे में अपने अनुमान किसे भेजे थे?,"नेपच्यून ग्रह की खोज केवल एक बार देखने से नहीं हुई थी, बल्कि गणितीय अनुमान से हुई थी। अर्बेन ले वेरिअर, जो एक फ़्रांसीसी गणितज्ञ थे, उन्होंने एक अज्ञात पिंड की जगह का हिसाब लगाया जो यूरेनस की कक्षा को प्रभावित कर रहा था। उन्होंने अपने ये अनुमान बर्लिन के खगोलशास्त्री योहान गाले को भेजे। गाले को यह अनुरोध 23 सितंबर 1846 को मिला, और उसी रात उन्होंने ले वेरिअर द्वारा दिए गए हिसाब का इस्तेमाल करके नेपच्यून को ढूंढ लिया।",योहान गाले
मोंटेवर्डे क्लाउड फॉरेस्ट रिज़र्व को आधिकारिक रूप से कब स्थापित किया गया था और यह किस देश में स्थित है?,"मोंटेवर्डे क्लाउड फॉरेस्ट रिज़र्व कोस्टा रिका के तिलारान पहाड़ों में स्थित एक प्राकृतिक संरक्षित क्षेत्र है। इसे 1972 में वैज्ञानिकों और स्थानीय क्वैकर समुदाय के सदस्यों द्वारा स्थापित किया गया था, जो 1951 से इस क्षेत्र में बस गए थे। इसे बनाने का शुरुआती उद्देश्य जल स्रोत क्षेत्र की सुरक्षा करना और लुप्तप्राय गोल्डन टोड सहित विभिन्न प्रकार के पेड़-पौधों और जानवरों को बचाना था।",मोंटेवर्डे क्लाउड फॉरेस्ट रिज़र्व 1972 में स्थापित किया गया था और यह कोस्टा रिका में स्थित है।
"मानक तापमान और दबाव (एसटीपी) पर नीचे दिए गए तत्वों को उनकी पदार्थ की अवस्था (ठोस, द्रव, या गैस) के आधार पर वर्गीकृत करें: सोना, हीलियम, पारा, ब्रोमीन, लोहा, नियॉन, सल्फर, क्लोरीन।",,"ठोस: सोना, लोहा, सल्फर
द्रव: पारा, ब्रोमीन
गैस: हीलियम, नियॉन, क्लोरीन"
"दिए गए इनपुट के आधार पर, पोस्ट-इट नोट गलती से हुए आविष्कार से एक कामयाब ग्राहक उत्पाद में कैसे बदल गया?","पोस्ट-इट नोट का आविष्कार 1968 में 3एम के वैज्ञानिक स्पेंसर सिल्वर ने किया था। सिल्वर एक बहुत मज़बूत चिपकने वाला पदार्थ (एडहेसिव) बनाने की कोशिश कर रहा था, लेकिन इसके बजाय उसने एक 'कम चिपकाव वाला' (लो-टैक), दबाव-संवेदनशील चिपकाने वाला पदार्थ विकसित किया जिसे बिना कोई निशान छोड़े आसानी से उतारा जा सकता था। यह आविष्कार कई सालों तक बेकार पड़ा रहा क्योंकि 3एम के इंजीनियरों को इसका कोई सही इस्तेमाल नहीं मिला। 1974 में, सिल्वर के एक सहकर्मी, आर्ट फ्राई, जो चर्च के गायन-समूह में गाते थे, इस बात से परेशान थे कि उनके भजन-संग्रह (ह्यमनल) से बुकमार्क बार-बार गिर जाते थे। फ्राई ने सिल्वर के एक सेमिनार में हिस्सा लिया और महसूस किया कि सिल्वर के चिपकने वाले पदार्थ का इस्तेमाल ऐसे चिपचिपे बुकमार्क बनाने के लिए किया जा सकता है जो अपनी जगह पर टिके रहें लेकिन पन्नों को नुकसान न पहुँचाएँ। शुरुआती अंदरूनी विरोध के बाद, इसे 1977 में 'प्रेस 'एन पील' के नाम से परीक्षण के तौर पर बाज़ार में उतारा गया, और फिर 1980 में 'पोस्ट-इट नोट' के नाम से बड़े पैमाने पर सफलतापूर्वक लॉन्च (शुरुआत) किया गया।","इस चिपकने वाले पदार्थ को स्पेंसर सिल्वर ने 1968 में गलती से तब बना दिया जब वह एक बहुत मज़बूत गोंद बनाने की कोशिश कर रहे थे, जिसके परिणामस्वरूप एक कम चिपकाव वाला, आसानी से हटाया जा सकने वाला पदार्थ तैयार हुआ। यह आविष्कार 1974 तक बेकार पड़ा रहा, जब सहकर्मी आर्ट फ्राई, जो अपने भजन-संग्रह से बुकमार्क के गिर जाने से परेशान थे, ने महसूस किया कि इस पदार्थ का उपयोग चिपकने वाले, हटाने और फिर से चिपकाने योग्य बुकमार्क बनाने के लिए किया जा सकता है। इसके बाद, इसे 1977 में 'प्रेस 'एन पील' के रूप में परीक्षण के तौर पर बाज़ार में उतारा गया और 1980 में 'पोस्ट-इट नोट' के रूप में सफलतापूर्वक लॉन्च किया गया।"
खगोल विज्ञान और ज्योतिष के बीच मुख्य फ़र्क समझाओ।,,"खगोल विज्ञान, आकाशीय वस्तुओं, अंतरिक्ष और ब्रह्मांड का वैज्ञानिक अध्ययन है। ज्योतिष एक मान्यता या झूठा विज्ञान है जो दावा करता है कि आकाशीय हलचल और उनकी जगहें इंसानी मामलों और ज़मीनी घटनाओं पर क्या असर डालती हैं।"
फ़ायरवॉल का बुनियादी काम समझाएँ।,,"एक फ़ायरवॉल एक निजी नेटवर्क और सार्वजनिक इंटरनेट के बीच एक सुरक्षा दीवार की तरह काम करता है, जो पहले से तय किए गए सुरक्षा नियमों के आधार पर आने और जाने वाले नेटवर्क ट्रैफिक की निगरानी और नियंत्रण करता है।"
"नीचे दी गई सूची से, उन चीज़ों की पहचान करें जिन्हें आम तौर पर एक मानक पुनर्चक्रण पेटी में नहीं डालना चाहिए: एल्युमीनियम का डिब्बा, किराने का प्लास्टिक का थैला, पिज़्ज़ा का डिब्बा (चिकना), काँच की बोतल, थर्माकोल का प्याला।",,"वे चीज़ें जिन्हें सामान्यतः मानक पुनर्चक्रण पेटी में नहीं डालना चाहिए, वे हैं: किराने का प्लास्टिक का थैला (क्योंकि वे अक्सर मशीनों को जाम कर देते हैं), चिकना पिज़्ज़ा का डिब्बा (खाने की गंदगी के कारण), और थर्माकोल का प्याला (जिसे अक्सर मानक नगर निगम के कार्यक्रम संसाधित नहीं करते हैं)।"
एंटेना को मिलाकर एफिल टावर की कुल ऊँचाई क्या है?,"एफिल टावर को फ्रांस के पेरिस में हुए 1889 के विश्व मेले के लिए बनाया गया था। इसे मूल रूप से सिर्फ 20 साल तक खड़े रहने के लिए बनाया गया था, लेकिन इसे बचा लिया गया क्योंकि यह एक उपयोगी रेडियो प्रसारण टावर के रूप में काम करता था। इसका डिज़ाइन गुस्ताव एफिल की कंपनी द्वारा सोचा और बनाया गया था, न कि अकेले एफिल ने। टावर की ऊँचाई 330 मीटर है (एंटेना सहित)।",टावर की ऊँचाई 330 मीटर है (एंटेना सहित)।
"सिमेट्रिक (सममित) और एसिमेट्रिक (विषममित) एन्क्रिप्शन (कूटलेखन) एल्गोरिदम के बीच मुख्य अंतर समझाएँ, और दोनों के सामान्य उपयोगों के उदाहरण दें।",,"सिमेट्रिक और एसिमेट्रिक एन्क्रिप्शन एल्गोरिदम कुंजी प्रबंधन के अपने तरीके में मौलिक रूप से भिन्न होते हैं। सिमेट्रिक (या गुप्त-कुंजी) एन्क्रिप्शन प्लेनटेक्स्ट को कूट करने और साइफरटेक्स्ट को डिक्रिप्ट करने दोनों के लिए एक ही, साझा कुंजी का उपयोग करता है। इसका मुख्य फायदा बड़ी मात्रा में डेटा को संसाधित (प्रोसेस) करते समय इसकी गति और कार्यक्षमता (एफिशिएंसी) है। उदाहरणों में एईएस (एडवांस्ड एन्क्रिप्शन स्टैंडर्ड) और डीईएस (डेटा एन्क्रिप्शन स्टैंडर्ड) शामिल हैं। इसके विपरीत, एसिमेट्रिक (या सार्वजनिक-कुंजी) एन्क्रिप्शन गणितीय रूप से जुड़ी हुई कुंजियों की एक जोड़ी का उपयोग करता है: एन्क्रिप्शन के लिए एक सार्वजनिक कुंजी (जो व्यापक रूप से साझा की जाती है) और डिक्रिप्शन के लिए एक निजी कुंजी (जिसे गोपनीय रखा जाता है)। यह प्रणाली सिमेट्रिक तरीकों में निहित कुंजी विनिमय (की एक्सचेंज) की समस्या को हल करती है, जिससे यह डिजिटल हस्ताक्षर, सुरक्षित कुंजी विनिमय (जैसे कि आर.एस.ए., ई.सी.सी.), और टी.एल.एस./एस.एस.एल. जैसी सुरक्षित संचार चैनलों को स्थापित करने के लिए महत्वपूर्ण बन जाता है।"
"दिए गए पाठ के आधार पर, अर्पानेट के तीन सबसे ज़रूरी ऐतिहासिक पड़ावों और इसकी मुख्य तकनीकी खोज के बारे में बताएं।","एडवांस्ड रिसर्च प्रोजेक्ट्स एजेंसी नेटवर्क (अर्पानेट) आधुनिक इंटरनेट का अग्रदूत था। इसकी स्थापना अमेरिकी रक्षा विभाग की अर्पा (जो अब डार्पा है) ने की थी, और इसका शुरुआती मकसद शोधकर्ताओं के बीच महंगे, तेज़ रफ़्तार वाले कंप्यूटरों तक साझा पहुँच की अनुमति देना था। पहला स्थायी अर्पानेट कनेक्शन 21 नवंबर, 1969 को यूसीएलए में इंटरफ़ेस मैसेज प्रोसेसर (आईएमपी) और स्टैनफोर्ड रिसर्च इंस्टीट्यूट (एसआरआई) के बीच स्थापित किया गया था। इस कनेक्शन ने 50 केबीपीएस (kbit/s) की फ़ोन लाइन का इस्तेमाल किया। महत्वपूर्ण रूप से, अर्पानेट ने पैकेट स्विचिंग का उपयोग किया, जो एक क्रांतिकारी तकनीक थी। यह पारंपरिक सर्किट स्विचिंग के विपरीत, प्रभावी रूप से आगे भेजने (routing) के लिए डेटा को छोटे ब्लॉकों (पैकेट्स) में तोड़ देती थी। नेटवर्क का संचार प्रोटोकॉल विकसित हुआ, और 1983 में यह मूल नेटवर्क कंट्रोल प्रोग्राम (एनसीपी) से ज़्यादा मज़बूत ट्रांसमिशन कंट्रोल प्रोटोकॉल/इंटरनेट प्रोटोकॉल (टीसीपी/आईपी) में बदल गया, इस कदम को आधुनिक इंटरनेट का जन्म माना जाता है। अर्पानेट को औपचारिक रूप से 1990 में बंद कर दिया गया था, लेकिन इसकी बुनियादी संरचना और प्रोटोकॉल आज भी वैश्विक नेटवर्किंग के लिए केंद्रीय बने हुए हैं।","मुख्य पड़ाव:
1. 21 नवंबर, 1969 को पहले स्थायी कनेक्शन (यूसीएलए और एसआरआई) की स्थापना।
2. 1983 में ट्रांसमिशन कंट्रोल प्रोटोकॉल/इंटरनेट प्रोटोकॉल (टीसीपी/आईपी) में अनिवार्य बदलाव, जिसे अक्सर आधुनिक इंटरनेट का जन्म माना जाता है।
3. 1990 में नेटवर्क को औपचारिक रूप से बंद कर दिया जाना।

मुख्य तकनीकी नवाचार:
पैकेट स्विचिंग, जो प्रभावी ढंग से आगे भेजने (routing) के लिए डेटा को छोटे ब्लॉकों में तोड़ देती थी।"
"इन संगीत के साज़ों को तीन समूहों में बाँटें: तार वाले, फूँक वाले (पीतल और लकड़ी के साज़ समेत), या थाप वाले: गिटार, पियानो, वायलिन, सेलो, ट्रम्पेट, बाँसुरी, क्लैरिनेट, टुबा, ड्रम्स, सिम्बल, ज़ाइलोफ़ोन, हारमोनिका, ओबो।",,"तार वाले वाद्य यंत्र: गिटार, पियानो, वायलिन, सेलो। 
फूँक वाले वाद्य यंत्र: ट्रम्पेट, बाँसुरी, क्लैरिनेट, टुबा, हारमोनिका, ओबो।
थाप वाले वाद्य यंत्र: ड्रम्स, सिम्बल, ज़ाइलोफ़ोन।"
"किसी बिलकुल नई विदेशी भाषा को सीखना शुरू करने के लिए तीन ज़रूरी शुरुआती कदम कौन से हैं, इसका ब्यौरा दीजिए।",,"तीन ज़रूरी शुरुआती कदम ये हैं: 

1. **अपना 'मकसद' (क्यों) तय करें और असलियत से जुड़े, नापे जा सकने वाले लक्ष्य बनाएँ।** यह जानना कि आपको सफ़र के लिए ज़रूरी जुमले चाहिए, बातचीत में बहाव चाहिए या सिर्फ पढ़ने की समझ, आपकी पढ़ाई का रास्ता तय करेगा और सही साधन चुनने में मदद करेगा। 

2. **भाषा की मुख्य आवाज़ों और उच्चारण को तुरंत सीख लें।** अंतर्राष्ट्रीय ध्वन्यात्मक वर्णमाला (आई.पी.ए.) या देशी वक्ताओं जैसे साधनों का इस्तेमाल करें, ताकि आप पहले दिन से ही भाषा की बुनियादी ध्वनियों को सही ढंग से सुन और बोल सकें। 

3. **रोज़ाना भाषा में पूरी तरह डूबने का एक छोटा सा नियम बनाएँ।** यह सिर्फ 15 मिनट तक फ़्लैशकार्ड्स देखना, बच्चों के आसान गाने सुनना, या घर की पाँच नई चीज़ों को नई भाषा में नाम देना हो सकता है। शुरुआत में तेज़ी से करने (तीव्रता) की बजाय, रोज़ करते रहना (लगातारता) ज़्यादा ज़रूरी है।"
पुनर्जागरण काल का एक विस्तृत परिचय दीजिए।,,"पुनर्जागरण मध्य युग के बाद यूरोपीय सांस्कृतिक, कलात्मक, राजनीतिक और आर्थिक 'नए जन्म' (रीबर्थ) का एक ज़ोरदार दौर था। यह आमतौर पर 14वीं सदी से 16वीं सदी तक फैला रहा। इसकी शुरुआत मुख्य रूप से फ़्लोरेंस, इटली में हुई और बाद में पूरे यूरोप में फैल गया। ""पुनर्जागरण"" शब्द का अर्थ फ़्रांसीसी में ""नया जन्म"" ही होता है, जो इस युग की प्राचीन यूनान और रोम की शास्त्रीय सभ्यता में नई रुचि को दर्शाता है।

पुनर्जागरण की एक मुख्य विशेषता मानवतावाद थी—यह एक ऐसा बौद्धिक आंदोलन था जिसने धार्मिक सिद्धांतों और दैवीय चीज़ों से ध्यान हटाकर मानवीय उपलब्धि, क्षमता और मूल्यों पर केंद्रित किया। मानवतावादियों ने प्राचीन काल के शास्त्रीय ग्रंथों, दर्शनशास्त्र और कला को दोबारा खोजने और उनका अध्ययन करने की कोशिश की। उनका मानना था कि ये चीजें पिछले युग के कठोर ज्ञानवाद की तुलना में नैतिक जीवन और नागरिक ज़िम्मेदारी के लिए बेहतर मार्गदर्शक प्रदान करती हैं। इस पर ध्यान देने से शिक्षा, भाषण कला और ऐतिहासिक विश्लेषण में प्रगति हुई, जिसमें आलोचनात्मक सोच और निरीक्षण पर जोर दिया गया।

कला के क्षेत्र में, इस दौर में तकनीकों और विषय वस्तु में बड़े बदलाव देखने को मिले। लियोनार्डो दा विंची (द लास्ट सपर, मोना लिसा) और माइकल एंजेलो (द डेविड, सिस्टीन चैपल की छत) जैसे कलाकारों ने रेखीय परिप्रेक्ष्य (लाइनर पर्सपेक्टिव), यथार्थवाद और छाया प्रकाश का प्रयोग (चियारोस्क्यूरो—यानी हल्के और गहरे रंगों के बीच मज़बूत विरोधाभास का उपयोग) जैसी तकनीकों की शुरुआत की। कला मुख्य रूप से चर्च द्वारा बनवाए जाने से हटकर धनी परिवारों (जैसे मेडिची) के संरक्षण में आ गई, जिसका केंद्र मानव रूप, भावना और पौराणिक विषयों पर था।

कला के अलावा, पुनर्जागरण ने महत्वपूर्ण वैज्ञानिक और तकनीकी प्रगति को बढ़ावा दिया। जोहान्स गुटेनबर्ग द्वारा लगभग 1440 में चलने वाली छपाई मशीन (प्रिंटिंग प्रेस) के आविष्कार ने संचार में क्रांति ला दी, जिससे साक्षरता दर में नाटकीय वृद्धि हुई और नए विचारों के फैलने की गति तेज़ हुई। राजनीतिक तौर पर, निकोलस मैकियावेली जैसे विचारकों ने सत्ता संरचनाओं का धर्मनिरपेक्ष और व्यावहारिक तरीके से विश्लेषण किया (उनकी किताब 'द प्रिंस' में)। इस युग में खोज का महान दौर भी देखा गया, जिसने वैश्विक भूगोल, व्यापार और आर्थिक संबंधों को गहराई से बदल दिया।"
एक नया कामयाब छोटा ऑनलाइन व्यापार शुरू करने के लिए ज़रूरी कदम क्या हैं?,,"- पूरी बाज़ार जाँच के ज़रिए अपने व्यापार के विचार और विशेष क्षेत्र की पुष्टि करें। 
- एक विस्तृत व्यापार योजना बनाएँ, जिसमें पूँजी (फाइनेंसिंग), अनुमानित लागतों और कमाई के तरीकों का ब्यौरा हो। 
- एक कानूनी ढाँचा (जैसे एकल मालिक, एलएलसी, आदि) चुनें और अपने व्यापार का पंजीकरण कराएँ। 
- ज़रूरी डोमेन नाम सुरक्षित करें और एक पेशेवर, इस्तेमाल में आसान ऑनलाइन खरीदारी-बिक्री की वेबसाइट या मंच बनाएँ। 
- एक मज़बूत ब्रांड पहचान स्थापित करें, जिसमें लोगो (प्रतीक चिह्न), बोलचाल का तरीका और दृश्य सामग्री शामिल हो। 
- एक रणनीतिक मार्केटिंग (विपणन) योजना बनाएँ जो एसईओ (सर्च इंजन ऑप्टिमाइज़ेशन), सामग्री मार्केटिंग और लक्षित सोशल मीडिया विज्ञापनों पर केंद्रित हो। 
- कुशल भुगतान प्रक्रिया और भरोसेमंद शिपिंग/सामान पहुँचाने का इंतज़ाम व्यवस्थित करें। 
- बेहतरीन ग्राहक सेवा को प्राथमिकता दें और जल्दी तथा लगातार प्रतिक्रिया (फीडबैक) लेते रहें।"
मैं अपने एप्पल एयरपॉड्स प्रो को फ़ैक्टरी रीसेट कैसे करूँ?,,"दोनों एयरपॉड्स को उनके चार्जिंग केस में रखें और ढक्कन को 30 सेकंड के लिए बंद कर दें। फिर, ढक्कन खोलें और केस के पीछे दिए गए सेटअप बटन को लगभग 15 सेकंड तक तब तक दबाए रखें जब तक कि स्थिति लाइट पहले नारंगी चमके, और फिर सफ़ेद हो जाए। अब आप एयरपॉड्स को अपने उपकरण से फिर से जोड़ सकते हैं।"
जेन ऑस्टेन के प्रमुख प्रकाशित उपन्यासों की सूची बनाइए।,उन रचनाओं पर ध्यान दें जो उनके जीवित रहते हुए शुरू में प्रकाशित हुई थीं।,"जेन ऑस्टेन ने छह प्रमुख उपन्यास पूरे किए। उनके जीवनकाल के दौरान गुमनाम रूप से प्रकाशित हुए चार उपन्यास थे: *सेंस एंड सेंसिबिलिटी* (1811), *प्राइड एंड प्रेजुडिस* (1813), *मैन्सफील्ड पार्क* (1814), और *एमा* (1815)। *परसुएशन* और *नॉर्थेंगर ऐबी* दोनों 1817 में मरणोपरांत प्रकाशित हुए थे।"
"पाठ के अनुसार, ट्रोजन युद्ध की पौराणिक कथाओं में संघर्ष का मुख्य कारण और इसमें शामिल प्रमुख हस्तियों की पहचान करें।","ट्रोजन युद्ध यूनानी पौराणिक कथाओं के सबसे प्रसिद्ध संघर्षों में से एक है, जिसे पारंपरिक रूप से 12वीं या 13वीं शताब्दी ईसा पूर्व का माना जाता है। इसकी शुरुआत अक्सर स्पार्टा की रानी हेलेन का ट्रोजन राजकुमार पैरिस द्वारा अपहरण किए जाने को माना जाता है। हेलेन के पति, राजा मेनेलॉस ने इसके बाद अपने भाई एगेमेम्नन (माइसीनी के राजा) और अकिलीज़ और ओडीसियस सहित अन्य यूनानी नायकों को ट्रॉय शहर के खिलाफ युद्ध छेड़ने के लिए बुलाया। ट्रॉय के बचाव दल का नेतृत्व राजा प्रियाम और उनके बहादुर बेटे हेक्टर ने किया था। यह युद्ध दस साल तक चला और अंततः ट्रॉय के विनाश का कारण बना।","संघर्ष का मुख्य कारण स्पार्टा की रानी हेलेन का ट्रोजन राजकुमार पैरिस द्वारा अपहरण था। इसमें शामिल प्रमुख हस्तियों में हेलेन, पैरिस, राजा मेनेलॉस, एगेमेम्नन, अकिलीज़, ओडीसियस, राजा प्रियाम और हेक्टर शामिल हैं।"
एक साधारण पाँच-अनुच्छेद वाले प्रेरक निबंध के लिए ज़रूरी ढाँचे की रूपरेखा बताएँ।,,"1. प्रस्तावना (इसमें आकर्षक शुरुआत, पृष्ठभूमि, और मज़बूत केंद्रीय विचार शामिल हैं)
2. मुख्य भाग - अनुच्छेद १ (पहले मुख्य सहायक तर्क पर ध्यान केंद्रित करें)
3. मुख्य भाग - अनुच्छेद २ (दूसरे मुख्य सहायक तर्क पर ध्यान केंद्रित करें)
4. मुख्य भाग - अनुच्छेद ३ (तीसरे मुख्य सहायक तर्क पर ध्यान दें, अक्सर इसमें एक विपरीत तर्क का जवाब भी शामिल होता है)
5. निष्कर्ष (मुख्य विचार को नए शब्दों में फिर से प्रस्तुत करें, तर्कों का सारांश करें, और एक अंतिम विचार या कार्रवाई के लिए आह्वान दें)"
"पाँच ऐसे सामानों की सूची दें जो आम तौर पर रसोई में होते हैं, लेकिन उनका उपयोग कुछ समय के लिए एक ठिकाना (आश्रय) बनाने में किया जा सकता है।",,"1) दीवारों के लिए बड़े भंडारण डिब्बे (उदाहरण के लिए, आटा या चीनी रखने वाले बर्तन), 2) गर्मी और मौसम से सुरक्षा के लिए एल्युमीनियम पन्नी की चादरें, 3) सूखे स्पेगेटी या लिंगुइनी के गट्ठे, जिनका उपयोग ढाँचे की छड़ों या मज़बूती (सहारा) देने के लिए किया जा सकता है, 4) छत और नमी (सील) को रोकने के लिए मज़बूत कचरे के बैग या प्लास्टिक रैप, और 5) खाली गत्ते के डिब्बे (जैसे, अनाज या बिस्किट के), जिनका उपयोग पैनल या परत बिछाने के लिए किया जा सकता है।"
"निगमीय वित्त के संदर्भ में एक निविदा प्रस्ताव को परिभाषित करें, इसके नियामक ढाँचे का विस्तार से वर्णन करें और इसकी तुलना मानक खुले बाज़ार से शेयर वापस खरीदने (स्टॉक रीपर्चेस) से करें।",,"निविदा प्रस्ताव एक सार्वजनिक रूप से घोषित प्रस्ताव होता है जो अधिग्रहण करने वाली इकाई (बोली लगाने वाला) सीधे लक्ष्य कंपनी के शेयरधारकों को देती है। यह उन्हें एक निश्चित समय अवधि के दौरान, आमतौर पर मौजूदा बाज़ार मूल्य से अधिक अधिमूल्य (प्रीमियम) पर अपने शेयर 'बेचने के लिए प्रस्तुत करने' (टेंडर) का निमंत्रण होता है। निविदा प्रस्तावों का उपयोग अक्सर शत्रुतापूर्ण अधिग्रहण (होस्टाइल टेकओवर) के लिए एक साधन के रूप में किया जाता है, हालांकि इनका उपयोग सौहार्दपूर्ण अधिग्रहण में भी किया जा सकता है या कंपनी द्वारा स्वयं (स्व-निविदा के रूप में) बड़ी मात्रा में शेयर वापस खरीदने के लिए भी किया जा सकता है।

### नियामक ढाँचा

संयुक्त राज्य अमेरिका में निविदा प्रस्तावों को प्रतिभूति और विनिमय आयोग (एस.ई.सी.) द्वारा प्रतिभूति विनिमय अधिनियम, 1934 के तहत, विशेष रूप से विनियम 14डी और नियम 14ई के तहत, कड़ाई से नियंत्रित किया जाता है। ये नियम मुख्य रूप से लक्ष्य कंपनी के शेयरधारकों की रक्षा करने और उचित व्यवहार सुनिश्चित करने के लिए बनाए गए हैं। मुख्य आवश्यकताएँ निम्नलिखित हैं:

1. **अवधि:** प्रस्ताव न्यूनतम 20 कार्य दिवसों तक खुला रहना चाहिए।
2. **सभी धारकों का नियम और सर्वोत्तम मूल्य का नियम:** यह प्रस्ताव मांगे गए प्रतिभूति के सभी धारकों के लिए उपलब्ध होना चाहिए (सभी धारकों का नियम), और किसी भी शेयरधारक को दिया गया उच्चतम प्रतिफल (कीमत) सभी शेयरधारकों को दिया जाना चाहिए (सर्वोत्तम मूल्य का नियम)।
3. **वापस लेने का अधिकार:** जो शेयरधारक अपने शेयर प्रस्तुत करते हैं, उनके पास आमतौर पर प्रस्ताव खुला रहने तक उन्हें वापस लेने का अधिकार होता है।
4. **प्रकटीकरण:** व्यापक प्रकटीकरण दस्तावेज़ (बोली लगाने वाले द्वारा दायर की गई अनुसूची टीओ, और लक्ष्य कंपनी के निदेशक मंडल द्वारा दायर की गई अनुसूची 14डी-9) एस.ई.सी. के पास दायर किए जाने चाहिए और शेयरधारकों को वितरित किए जाने चाहिए।

### खुले बाज़ार से शेयर वापस खरीदने (ओ.एम.पी.) से तुलना

खुले बाज़ार से शेयर वापस खरीदना वह है जब कोई कंपनी दलालों के माध्यम से सार्वजनिक स्टॉक एक्सचेंज पर धीरे-धीरे अपने शेयर खरीदती है, जो अक्सर आवर्ती पूंजी आवंटन योजना का हिस्सा होता है। निविदा प्रस्ताव से मुख्य अंतर इस प्रकार हैं:

| विशेषता | निविदा प्रस्ताव | खुले बाज़ार से वापस खरीदना (ओ.एम.पी.) |
| :--- | :--- | :--- |
| **कार्यप्रणाली** | शेयरधारकों का सीधा अनुरोध; निश्चित मूल्य और समय सीमा। | विस्तारित अवधि में नियमित ट्रेडिंग बाज़ार में की गई खरीद। |
| **विनियमन** | अत्यधिक विनियमित (विनियम 14डी/14ई); अनिवार्य खुलासे (अनुसूची टीओ/14डी-9)। | मुख्य रूप से नियम 10बी-18 द्वारा नियंत्रित (हेरफेर के दावों के विरुद्ध सुरक्षित ठिकाना), जो मात्रा और समय को सीमित करता है। |
| **लक्ष्य** | तत्काल नियंत्रण प्राप्त करना या कोई प्रमुख, समय-संवेदनशील पूंजीकरण घटना को प्रभावित करना। | प्रति शेयर आय (ई.पी.एस.) का समर्थन करना, स्टॉक पतला होने (डाइल्यूशन) को बेअसर करना, और समय के साथ पूंजी वापस करना। |
| **मूल्य निर्धारण** | प्रस्ताव अवधि से पहले निर्धारित निश्चित अधिमूल्य मूल्य। | बाज़ार मूल्य प्रतिदिन घटता-बढ़ता है; खरीद मात्रा सीमाओं का पालन करनी चाहिए। |

चूंकि ओ.एम.पी. में सीधा अनुरोध शामिल नहीं होता है और इसे बाज़ार की स्थितियों के तहत निष्पादित किया जाता है, इसलिए यह विनियमित निविदा प्रस्ताव के कड़े प्रकटीकरण और समय संबंधी आवश्यकताओं को लागू नहीं करता है।"
"दिए गए तिमाही रिपोर्ट के सारांश की जाँच करें और निम्नलिखित आँकड़े निकालें: सॉफ्टवेयर की कमाई (चौथी तिमाही), हार्डवेयर की कमाई (चौथी तिमाही), हार्डवेयर के प्रदर्शन में बदलाव (प्रतिशत में), और योजनाबद्ध विस्तार के स्थान।","चौथी तिमाही के नतीजों ने सॉफ्टवेयर विभाग में मज़बूत बढ़ोतरी दिखाई, जिसने $15.2 मिलियन की कमाई की, जो पिछले साल के मुक़ाबले 12% ज़्यादा है। हालांकि, आपूर्ति श्रृंखला की रुकावटों के कारण हार्डवेयर इकाई को मुश्किल हुई, जिसने केवल $4.8 मिलियन दर्ज किए, जो 5% कम है। हम अगली तिमाही में एशियाई बाज़ार में एक बड़े विस्तार की योजना बना रहे हैं, जिसमें ख़ास तौर पर सियोल और टोक्यो में वितरण केंद्र स्थापित करने पर ध्यान दिया जाएगा। मुख्य कार्यकारी अधिकारी (सीईओ), श्री ए. आर. सिंह ने सभी उत्पाद श्रेणियों में एआई (कृत्रिम बुद्धिमत्ता) उपकरणों को भविष्य में शामिल करने के बारे में आशा व्यक्त की।","सॉफ्टवेयर की कमाई (चौथी तिमाही): $15.2 मिलियन
हार्डवेयर की कमाई (चौथी तिमाही): $4.8 मिलियन
हार्डवेयर के प्रदर्शन में बदलाव (प्रतिशत में): -5%
योजनाबद्ध विस्तार के स्थान: सियोल, टोक्यो"
"नीचे दी गई साहित्यिक रचनाओं को 'महाकाव्य' या 'दार्शनिक ग्रंथ' में से किसी एक श्रेणी में बाँटें: द रिपब्लिक, ओडिसी।",,"ओडिसी एक महाकाव्य है, द रिपब्लिक एक दार्शनिक ग्रंथ है।"
कोलोसियम का मुख्य रूप से किस लिए इस्तेमाल किया जाता था और इसे कब बनाया गया था?,"कोलोसियम, जिसे मूल रूप से फ्लेवियन एम्फीथिएटर के नाम से जाना जाता था, इटली के रोम शहर के बीचों-बीच स्थित एक अंडाकार अखाड़ा (एम्फीथिएटर) है। यह मुख्य रूप से ट्रेवर्टाइन चूना पत्थर, टफ और ईंट से ढके कंक्रीट से बना था। यह अब तक बना सबसे बड़ा प्राचीन अखाड़ा है, और आज भी दुनिया का सबसे बड़ा खड़ा अखाड़ा है। इसका निर्माण सम्राट वेस्पासियन के शासनकाल में ईसवी 72 में शुरू हुआ था और उनके उत्तराधिकारी और वारिस टाइटस के तहत ईसवी 80 में पूरा हुआ था। इसमें अनुमानित 50,000 से 80,000 दर्शक बैठ सकते थे और इसका उपयोग ग्लेडिएटरों के मुकाबले, सार्वजनिक तमाशों, जानवरों के शिकार, शास्त्रीय पौराणिक कथाओं पर आधारित नाटकों और नकली समुद्री लड़ाइयों (एक छोटी अवधि के लिए) के लिए किया जाता था। हालांकि भूकंप और पत्थर चोरों से हुए नुकसान के कारण यह आंशिक रूप से बर्बाद हो गया है, फिर भी कोलोसियम शाही रोम का एक प्रतिष्ठित प्रतीक और इटली के सबसे लोकप्रिय पर्यटक आकर्षणों में से एक बना हुआ है।","फ्लेवियन एम्फीथिएटर, जिसे आमतौर पर कोलोसियम के नाम से जाना जाता है, का उपयोग मुख्य रूप से बड़े पैमाने पर सार्वजनिक मनोरंजन के लिए किया जाता था, जिसमें ग्लेडिएटरों के मुकाबले, नाटक और जानवरों का शिकार शामिल थे। इसका निर्माण सम्राट वेस्पासियन ने ईसवी 72 में शुरू करवाया था और उनके बेटे टाइटस ने ईसवी 80 में इसे पूरा किया था। सदियों से नुकसान झेलने के बावजूद, यह शाही रोम का एक प्रमुख प्रतीक और एक बड़ा पर्यटक स्थल बना हुआ है।"
रेशम मार्ग का क्या महत्व था?,,"रेशम मार्ग आपस में जुड़े हुए व्यापारिक रास्तों का एक पुराना जाल था जो यूरेशिया तक फैला हुआ था, और यह मुख्य रूप से चीन को मध्य पूर्व और यूरोप से जोड़ता था। इसका महत्व बड़े पैमाने पर आर्थिक, सांस्कृतिक और धार्मिक आदान-प्रदान को बढ़ावा देने में निहित था, खासकर दूसरी शताब्दी ईसा पूर्व और 18वीं शताब्दी ईस्वी के बीच। यह तकनीक, सामान (जैसे रेशम, मसाले और कागज़), और बौद्ध धर्म जैसे प्रमुख धर्मों को महाद्वीपों में फैलाने के लिए बहुत ज़रूरी था, जिसने पूर्वी और पश्चिमी दोनों सभ्यताओं के विकास को मौलिक रूप से आकार दिया।"
आइंस्टीन के सापेक्षता के विशेष सिद्धांत का मूल विचार समझाओ।,,"सापेक्षता का विशेष सिद्धांत दो मूल सिद्धांतों पर आधारित है: पहला यह कि भौतिकी के नियम उन सभी प्रेक्षकों (देखने वालों) के लिए एक समान होते हैं जो तेज़ नहीं हो रहे हैं (जिनकी गति बदल नहीं रही है), और दूसरा यह कि खाली जगह (निर्वात) में प्रकाश की गति सभी प्रेक्षकों के लिए एक ही रहती है, भले ही प्रकाश का स्रोत हिल रहा हो।"
एक साधारण पिज़्ज़ा पर आम तौर पर पाई जाने वाली पाँच ज़रूरी सामग्री की सूची बनाएँ।,,"आटा, टमाटर की चटनी, मोत्ज़ारेला पनीर, पेपरोनी, बेसिल।"
"असली त्रयी (ट्रायलॉजी) की स्टार वॉर्स फ़िल्मों को उनके एपिसोड नंबर (IV, V, VI) के क्रम में बताओ, और उनका पूरा सिनेमाई रिलीज़ नाम लिखो।",,"अ न्यू होप, द एम्पायर स्ट्राइक्स बैक, रिटर्न ऑफ़ द जेडी।"
कितने महाद्वीप हैं?,,"महाद्वीपों की संख्या उपयोग किए जाने वाले भूवैज्ञानिक और सांस्कृतिक मॉडल पर निर्भर करती है। सबसे वैज्ञानिक और सटीक वर्गीकरण में छह-महाद्वीप मॉडल का उपयोग किया जाता है (यूरेशिया, उत्तरी अमेरिका, दक्षिणी अमेरिका, अफ्रीका, ऑस्ट्रेलिया, अंटार्कटिका), जहाँ यूरोप और एशिया को एक ही भूभाग माना जाता है। सात-महाद्वीप मॉडल पुराना है और इसका उपयोग मुख्य रूप से प्राथमिक स्कूल की शिक्षा के लिए किया जाता है।"
शून्य विश्वास आर्किटेक्चर (जेडटीए) को परिभाषित करें।,,"शून्य विश्वास आर्किटेक्चर (जेडटीए) एक सुरक्षा मॉडल है जो इस सिद्धांत पर आधारित है कि नेटवर्क की बाहरी सीमा के अंदर हो या बाहर, किसी भी उपयोगकर्ता, उपकरण या एप्लीकेशन पर अपने आप भरोसा नहीं किया जाना चाहिए। पहुँच के सभी अनुरोधों को न्यूनतम आवश्यक पहुँच देने से पहले लगातार और सख्ती से सत्यापित किया जाना चाहिए। यह ढाँचा इस धारणा पर काम करता है कि सुरक्षा में सेंध लगना तय है या पहले ही लग चुकी है, जिसके लिए किसी भी सुरक्षा घटना से होने वाले 'नुकसान की सीमा' को सीमित करने हेतु सख्त पहचान सत्यापन, माइक्रो-सेगमेंटेशन और संदर्भ-जागरूक नीतियों की आवश्यकता होती है।"
नवीकरणीय और अनवीकरणीय ऊर्जा स्रोतों के बीच मुख्य अंतर क्या हैं?,,"मूल अंतर उनकी उपलब्धता और फिर से बनने की दर पर निर्भर करता है। नवीकरणीय ऊर्जा स्रोत प्राकृतिक प्रक्रियाओं से प्राप्त होते हैं जो लगातार खुद-ब-खुद बनते रहते हैं, जैसे कि सूरज की रोशनी, हवा, बारिश, ज्वार-भाटा, भूगर्भीय गर्मी और बायोमास। वे टिकाऊ होते हैं और कार्बन उत्सर्जन के मामले में उनका पर्यावरण पर कम असर होता है। इसके विपरीत, अनवीकरणीय ऊर्जा स्रोत तय मात्रा में मौजूद होते हैं और उनका उपयोग प्रकृति द्वारा उन्हें बनाने की गति से कहीं ज़्यादा तेज़ होता है। इनमें जीवाश्म ईंधन (कोयला, पेट्रोलियम, प्राकृतिक गैस) और परमाणु ऊर्जा शामिल हैं, जो सीमित खनिज भंडारों पर निर्भर करते हैं। ग्रीनहाउस गैसों के निकलने के कारण अनवीकरणीय स्रोतों का उपयोग वायु प्रदूषण और जलवायु परिवर्तन में बहुत ज़्यादा योगदान देता है।"
"रचनात्मक कामों में, आपके विचार से वह सबसे बड़ी अकेली बाधा क्या है जो लोगों को लगातार (हमेशा) काम करने से रोकती है?",,"यह बहुत अच्छा सवाल है, और जहाँ बहुत से लोग तुरंत 'सोच के जाम' या 'समय की कमी' की तरफ इशारा करते हैं, मेरा मानना है कि असली और सबसे महत्वपूर्ण बाधा 'अंदरूनी सम्पादक' है—यानी पूर्णता की अत्यधिक और समय से पहले की चाहत। जब हम कुछ बनाने बैठते हैं—चाहे वह कोई पेंटिंग हो, कोई कोड, या किसी उपन्यास का अध्याय—हम अक्सर शुरूआती निर्माण के कार्य को अंतिम सम्पादक की आलोचनात्मक नज़र से देखते हैं। हम दूसरा वाक्य लिखने से पहले ही पहले वाक्य की आलोचना करने लगते हैं, या हम पूरी अवधारणा को छोड़ देते हैं क्योंकि रूपरेखा पूरी होने से पहले ही हमें उसे करने के तरीके में कमियाँ/खामियाँ तुरंत नज़र आ जाती हैं। यह अत्यधिक आलोचनात्मक रवैया ज़रूरी बहाव की अवस्था को पंगु बना देता है।

मैं इसे इस तरह समझता हूँ: आप संगमरमर को खोदते समय साथ ही उसकी अंतिम, चमकीली मूर्ति नहीं बना सकते। ये दो मूल रूप से अलग-अलग काम हैं जिनके लिए अलग औज़ार और मानसिकता चाहिए। निर्माण का चरण अस्त-व्यस्त, कम कुशल (बेकार), और साफ तौर पर, खराब होना ज़रूरी है। सम्पादन का चरण वह है जहाँ ढाँचा और निखार आता है।

उदाहरण के लिए, मैंने हाल ही में शैक्षिक मॉड्यूल की एक जटिल श्रृंखला पर काम शुरू किया। पहले दो हफ्तों में, मैंने कुल शायद 500 शब्द ही लिखे क्योंकि मैं सटीक तकनीकी शब्दावली और विचारों के सही क्रम को लेकर बहुत परेशान था। जिस पल मैंने खुद को मजबूर किया कि मैं बस कामचलाऊ शब्दों का इस्तेमाल करूँ और तेज़ी से विचारों को उतारने पर ध्यान दूँ—व्याकरण और ढाँचे को नज़रअंदाज़ करते हुए—मैंने एक ही दोपहर में 5,000 शब्द बना लिए। बाधा ज्ञान या विचारों की कमी नहीं थी; यह डर था कि पहला मसौदा (ड्राफ्ट) बनने लायक नहीं है। उस डर पर काबू पाना, और 'निर्माण' करने वाले दिमाग को 'आलोचना' करने वाले दिमाग से अलग रखना ही निरंतरता (हमेशा काम करते रहने) की कुंजी है।"
"दुनिया में सबसे ज़्यादा आबादी वाले पाँच महानगरीय क्षेत्रों की सूची बनाओ, साथ में उनका देश और अंदाजित आबादी भी बताओ।",,"1. टोक्यो, जापान (~37.4 मिलियन)
2. दिल्ली, भारत (~32 मिलियन)
3. शंघाई, चीन (~28.5 मिलियन)
4. साओ पाउलो, ब्राज़ील (~22.5 मिलियन)
5. मेक्सिको सिटी, मेक्सिको (~22 मिलियन)"
आजकल के बड़े भाषाई मॉडल (बीएलएम) बहुत लंबी बातचीत या दस्तावेज़ों में तालमेल और संदर्भ को कैसे बनाए रखते हैं?,,"बीएलएम, पिछले टोकन की अहमियत तौलने के लिए स्वयं-ध्यान विधि के साथ ट्रांसफ़ॉर्मर ढाँचों का इस्तेमाल करते हैं। जो संदर्भ उनकी तय संदर्भ सीमा (कॉन्टेक्स्ट विंडो) से ज़्यादा होते हैं, उनके लिए वे अक्सर 'पुनर्प्राप्ति-संवर्धन उत्पादन' (आरएजी) जैसी तकनीकें अपनाते हैं। इसमें, बाहरी वेक्टर डेटाबेस गतिशील रूप से सबसे ज़रूरी जानकारी खोजकर वर्तमान कार्यशील संदर्भ में डालते हैं, जिससे मॉडल अपनी तत्काल की याददाश्त से बहुत दूर के विवरणों का भी हवाला दे पाते हैं।"
फ़ोरियर रूपांतरण का उद्देश्य समझाओ।,"फ़ोरियर रूपांतरण (एफ़टी) एक गणितीय बदलाव है जो किसी फ़ंक्शन (जो अक्सर समय का फ़ंक्शन या कोई सिग्नल होता है) को उसकी घटक आवृत्तियों में तोड़ देता है। असल में, यह एक सिग्नल को उसके मूल क्षेत्र (समय क्षेत्र) से आवृत्ति क्षेत्र में बदल देता है। यह बदलाव तरंगों की विशेषताओं को समझने, डेटा से शोर को छाँटने, अवकल समीकरणों को हल करने के लिए और सिग्नल प्रोसेसिंग, इमेज कंप्रेशन (जैसे जेपीईजी), और क्वांटम यांत्रिकी जैसे क्षेत्रों में बहुत महत्वपूर्ण है। एफ़टी का परिणाम दिखाता है कि मूल सिग्नल में कौन सी आवृत्तियाँ मौजूद हैं और उनकी संबंधित प्रबलता क्या है।",एक गणितीय प्रक्रिया जो एक सिग्नल को समय क्षेत्र से आवृत्ति क्षेत्र में बदल देती है ताकि उसकी घटक आवृत्तियाँ सामने आ सकें।
सार्वजनिक-कुंजी क्रिप्टोग्राफ़ी क्या है?,,"सार्वजनिक-कुंजी क्रिप्टोग्राफ़ी, जिसे असममित क्रिप्टोग्राफ़ी भी कहते हैं, एक ऐसी प्रणाली है जो कूटलेखन और कूटवाचन के लिए कुंजियों की एक जोड़ी—एक सार्वजनिक कुंजी और एक निजी कुंजी—का उपयोग करती है। सार्वजनिक कुंजी को व्यापक रूप से साझा किया जा सकता है और इसका उपयोग संदेशों को कूटलेखित करने या अंकीय हस्ताक्षरों की जाँच के लिए किया जाता है। संबंधित निजी कुंजी मालिक द्वारा गुप्त रखी जाती है और यह एकमात्र कुंजी है जो सार्वजनिक कुंजी से कूटलेखित किए गए संदेशों को कूटवाचन करने या अंकीय हस्ताक्षर बनाने में सक्षम है। यह प्रणाली सममित क्रिप्टोग्राफ़ी में मौजूद कुंजी विनिमय की समस्या को हल करती है, जिससे उन पक्षों के बीच सुरक्षित संचार संभव हो पाता है जिन्होंने पहले कोई साझा रहस्य स्थापित नहीं किया था।"
"बर्फ के गलने और विकिरण सोखने के संबंध में इनपुट में बताई गई भौतिक प्रक्रिया के आधार पर, इस विशेष सकारात्मक प्रतिक्रिया चक्र का वैज्ञानिक नाम क्या है?","1980 से, आर्कटिक महासागर की बर्फ की सीमा हर दशक में 3% कम हुई है। ग्रीनलैंड की बर्फ की चादर सालाना लगभग 279 अरब टन बर्फ खोती है, जो वैश्विक समुद्र स्तर के बढ़ने में महत्वपूर्ण योगदान देती है। यह प्रक्रिया गर्मी को तेज़ करती है क्योंकि हल्के रंग की बर्फ (उच्च एल्बेडो) की जगह गहरे रंग का समुद्र का पानी या ज़मीन (कम एल्बेडो) ले लेता है, जो ज़्यादा सौर विकिरण सोखता है।","वैज्ञानिक शब्द है 'बर्फ-एल्बेडो प्रतिक्रिया चक्र'। यह तब होता है जब अत्यधिक चमकीली बर्फ पिघलती है, और नीचे की कम चमकीली सतहों (जैसे पानी या चट्टान) को सामने लाती है, जो ज़्यादा गर्मी सोखती हैं और तापमान में और बढ़ोतरी तथा पिघलन का कारण बनती हैं।"
आधुनिक चल अक्षरों वाली छपाई मशीन किसने ईजाद की और किस सदी में?,,"योहान्स गुटनबर्ग ने, लगभग साल 1440 के आस-पास, 15वीं सदी में।"
उन कर्मचारियों के नाम बताओ जो विपणन विभाग में हैं और जिनका प्रदर्शन अंक 4 या उससे ज़्यादा है।,"कर्मचारियों के कार्य प्रदर्शन की समीक्षा
नाम	विभाग	अंक	समीक्षा की तारीख
ऐलिस जॉनसन	विपणन	5	2023-10-01
बॉब स्मिथ	बिक्री	3	2023-11-15
चार्ली ब्राउन	इंजीनियरिंग	4	2024-01-05
डायना प्रिंस	विपणन	2	2024-02-20
ईव एडम्स	बिक्री	5	2024-03-01
फ्रैंक ली	इंजीनियरिंग	3	2023-12-10
ग्रेस हॉल	विपणन	4	2024-04-15",ऐलिस जॉनसन और ग्रेस हॉल।
दिए गए मासिक बिक्री के आंकड़ों (हज़ारों में) के सेट का विश्लेषण करें और तिमाही की कुल बिक्री की गणना करें। फिर औसत मासिक बिक्री निकालें और औसत को दो दशमलव स्थानों तक सीमित करें।,"तीसरी तिमाही (Q3) की बिक्री की रिपोर्ट: जुलाई: 145.8, अगस्त: 189.2, सितंबर: 161.5। इन आंकड़ों में संचालन के खर्चे शामिल नहीं हैं और ये सकल आय दर्शाते हैं।",तिमाही की कुल बिक्री: 496.5 हज़ार। औसत मासिक बिक्री: 165.50 हज़ार।
मारी स्क्लॉडोव्स्का क्यूरी किस तारीख को पैदा हुई थीं?,"मारी स्क्लॉडोव्स्का क्यूरी (पैदाइशी नाम: मारिया स्क्लॉडोव्स्का; 7 नवंबर, 1867 – 4 जुलाई, 1934) पोलैंड की और बाद में फ़्रांस की नागरिकता लेने वाली भौतिक विज्ञानी और रसायनज्ञ थीं, जिन्होंने रेडियोधर्मिता पर अग्रणी शोध किया। वह नोबेल पुरस्कार जीतने वाली पहली महिला थीं, पहली इंसान और इकलौती महिला जिसने दो बार नोबेल पुरस्कार जीता, और एकमात्र इंसान जिसने दो अलग-अलग विज्ञान के क्षेत्रों में नोबेल पुरस्कार जीता।","7 नवंबर, 1867"
विनायल रिकॉर्ड की लोकप्रियता में फिर से तेज़ी आने के मुख्य कारण क्या हैं?,,"विनायल रिकॉर्ड, जिन्हें आम श्रोता बहुत पहले ही बेकार मान चुके थे, उन्होंने पिछले दस सालों में एक बड़ी और लगातार वापसी की है। इस फिर से चलन में आने के पीछे कई कारण हैं:

- **बेहतरीन आवाज़ की गुणवत्ता ('गर्माहट'):** कई संगीत के शौकीन और आम श्रोता मानते हैं कि कंप्रेस्ड डिजिटल फ़ॉर्मेट्स (जैसे एम.पी.3) की तुलना में विनायल सुनने का अनुभव ज़्यादा गर्म, ज़्यादा गहरा और ज़्यादा असली होता है। क्योंकि विनायल एक अनलॉग फ़ॉर्मेट है, इसलिए यह डेटा को कंप्रेस करते समय हटाता नहीं है, जिससे कुछ श्रोताओं को आवाज़ का ज़्यादा भरा हुआ दायरा मिलता है।

- **छूने लायक चीज़ और मालिकाने का एहसास:** ऐसे दौर में जब स्ट्रीमिंग और न छू सकने वाली डिजिटल फ़ाइलों का बोलबाला है, ग्राहक ऐसी भौतिक चीज़ें चाहते हैं जिन्हें वे रख सकें, दिखा सकें और इस्तेमाल कर सकें। विनायल रिकॉर्ड बड़ी कलाकृति, अंदर की जानकारी (लाइनर नोट्स), और रिकॉर्ड को टर्नटेबल पर रखने की भौतिक प्रक्रिया पेश करता है, जिससे मालिकाने का ज़्यादा गहरा एहसास होता है।

- **सुनने का तरीक़ा/रस्म:** विनायल रिकॉर्ड बजाना एक उद्देश्यपूर्ण (intentional) गतिविधि है, जिसमें अक्सर श्रोता को रिकॉर्ड के एक तरफ़ चलने तक बैठकर ध्यान केंद्रित करना पड़ता है। यह प्लेलिस्ट या बैकग्राउंड में स्ट्रीमिंग की निष्क्रिय प्रकृति से एकदम अलग है। यह 'तरीका' उन लोगों को पसंद आता है जो अपने संगीत के साथ गहरा जुड़ाव चाहते हैं।

- **पुरानी यादें और सुंदरता का आकर्षण:** पुरानी पीढ़ी के लिए, विनायल उनकी जवानी से जुड़ा हुआ है। युवा पीढ़ियों के लिए, इस फ़ॉर्मेट को अक्सर रेट्रो-स्टाइलिश, आधुनिक तकनीक के ख़िलाफ़ बगावत, या क्लासिक एल्बम को उनके मूल फ़ॉर्मेट में खोजने का माध्यम माना जाता है। विनायल की दुकानें भी अब सांस्कृतिक मिलन केंद्र बन गई हैं।

- **संग्रह करने वालों की संस्कृति:** रिकॉर्ड कंपनियों ने स्पेशल एडिशन रिकॉर्ड, रंगीन विनायल, सीमित छपाई और ख़ास तौर पर फिर से जारी करने वाले एडिशन निकालकर इस चलन का फ़ायदा उठाया है। यह दुर्लभता एक मज़बूत संग्रह बाज़ार को बढ़ावा देती है, जिससे माँग और माना गया मूल्य (value) दोनों बढ़ जाते हैं।"
पश्चिम में रोमन साम्राज्य के पतन के मुख्य कारणों को समझाएँ।,,"476 ईस्वी में पश्चिमी रोमन साम्राज्य का पतन किसी एक घटना के कारण नहीं हुआ था, बल्कि यह कई आपस में जुड़ी हुई समस्याओं वाली एक लंबी प्रक्रिया थी। मुख्य कारक थे लगातार बर्बर आक्रमण (हून, गोथ, वंडल), गंभीर आर्थिक अस्थिरता और महँगाई, सेना का अत्यधिक विस्तार और गैर-रोमन भाड़े के सैनिकों पर निर्भरता, और पंगु बना देने वाला राजनीतिक भ्रष्टाचार और अस्थिरता जिसके कारण अक्सर गृहयुद्ध होते थे।"
"ओडिसी के दिए गए सारांश में से, ओडिसियस को अपनी यात्रा के दौरान मिले केवल अलौकिक जीवों, देवताओं या जादुई प्राणियों की सूची बनाएँ।","यह महाकाव्य ट्रोजन युद्ध शुरू होने के 10 साल बाद 'इन मीडियास रेस' (बीच के घटनाक्रम) से शुरू होता है, जिसमें नायक ओडिसियस की यात्राओं पर ध्यान केंद्रित किया गया है। सबसे पहले, कथा लोटस-ईटर्स के साथ उसकी मुठभेड़ का वर्णन करती है, जो एक ऐसी दवा देते हैं जिससे लोग घर लौटने की अपनी इच्छा भूल जाते हैं। ओडिसियस तुरंत अपने आदमियों को वापस जहाज़ों पर ज़बरदस्ती चढ़ा देता है। इसके बाद, वे साइक्लोप्स के द्वीप पर उतरते हैं, जहाँ ओडिसियस ने विशालकाय पॉलीफ़ेमस को अंधा कर दिया, जिससे पोसाइडन का क्रोध भड़क उठा। भागने के बाद, वे एओलस के द्वीप पर पहुँचे, जो हवाओं का देवता है, और जिसने ओडिसियस को एक थैला दिया जिसमें सभी विपरीत हवाएँ भरी थीं। उसके ईर्ष्यालु दल ने थैले को समय से पहले खोल दिया, जिससे वे बहुत दूर भटक गए। बाद में, जादूगरनी किर्की उसके कुछ दल के सदस्यों को सूअरों में बदल देती है, लेकिन हर्मीस की मदद से ओडिसियस उसके जादू का विरोध करता है और उसे अपने आदमियों को बहाल करने के लिए मजबूर करता है। इथाका पहुँचने से पहले, ओडिसियस को भविष्यवक्ता टायरिसियस से सलाह लेने के लिए पाताल लोक (नेक्यिया) में उतरना पड़ता है। टायरिसियस ने उसे सूर्य देवता हेलिओस के पशुओं को नुकसान न पहुँचाने की चेतावनी दी। इथाका लौटने पर, एक भिखारी के वेश में, ओडिसियस देखता है कि उसका महल लालची दावोंदारों से भरा हुआ है जो उसकी पत्नी, पेनेलोपी से शादी करने और उसका सिंहासन छीनने की कोशिश कर रहे हैं। यह कविता ओडिसियस द्वारा खुद को प्रकट करने, अपने बेटे टेलेमेकस की मदद से दावोंदारों को मारने और अपने राज्य में शांति बहाल करने के साथ समाप्त होती है।","लोटस-ईटर्स, साइक्लोप्स/पॉलीफ़ेमस, पोसाइडन, एओलस, किर्की, हर्मीस, टायरिसियस, हेलिओस।"
"इंसुलिन की खोज में शामिल मुख्य पड़ावों और व्यक्तियों का संक्षेप में बताएं, जिसमें नाम, जगहें और पहले सफल इंसानी परीक्षण पर ज़ोर दिया गया हो।","इंसुलिन की खोज चिकित्सा के इतिहास में सबसे बड़ी उपलब्धियों में से एक है। 1920 के दशक से पहले, टाइप 1 मधुमेह (डायबिटीज़) एक मौत की सज़ा जैसा था। यह महत्वपूर्ण सफलता 1921 में टोरंटो विश्वविद्यालय में मिली। फ्रेडरिक बैंटिंग, जो एक युवा सर्जन थे, ने अग्न्याशय (पैंक्रियास) के आंतरिक स्राव को अलग करने का पहला विचार बनाया। उन्हें प्रोफेसर जे.जे.आर. मैकलियोड द्वारा प्रयोगशाला (लैब) की जगह और 10 कुत्ते दिए गए, जिन्हें शुरुआत में इस परियोजना पर संदेह था। बैंटिंग ने अपने सहायक, चार्ल्स बेस्ट, जो एक मेडिकल छात्र थे, के साथ काम किया। उन्होंने कुत्तों की अग्न्याशय नलिकाओं को सफलतापूर्वक बाँध दिया, जिससे पाचक रस रुक गए। इसने उन्हें एक ऐसा पदार्थ निकालने की अनुमति दी जिसे उन्होंने शुरू में ""आईलेटिन"" कहा था। इस अर्क (एक्सट्रैक्ट) ने मधुमेह से पीड़ित कुत्तों के रक्त शर्करा (ब्लड शुगर) को सफलतापूर्वक कम किया। उसी साल बाद में, रसायनज्ञ जेम्स कॉलिन को इंसानों पर परीक्षण के लिए इस अर्क को शुद्ध करने के लिए टीम में शामिल किया गया। जनवरी 1922 में, लियोनार्ड थॉम्पसन, एक 14 साल के लड़के को, जो मधुमेह से मर रहा था, शुद्ध इंसुलिन का पहला इंजेक्शन दिया गया, जिसने पहले सफल इलाज की निशानी दी। बैंटिंग और मैकलियोड को 1923 में फिजियोलॉजी या मेडिसिन के लिए नोबेल पुरस्कार से सम्मानित किया गया था, जिसे बैंटिंग ने तुरंत बेस्ट के साथ और मैकलियोड ने कॉलिन के साथ साझा किया।","यह खोज 1921 में टोरंटो विश्वविद्यालय में हुई थी। फ्रेडरिक बैंटिंग ने शुरुआती विचार बनाया और अपने सहायक चार्ल्स बेस्ट के साथ मिलकर उस पदार्थ को निकाला, जिसे उन्होंने ""आईलेटिन"" कहा था। प्रोफेसर जे.जे.आर. मैकलियोड ने प्रयोगशाला की जगह प्रदान की। रसायनज्ञ जेम्स कॉलिन ने बाद में इंसानों के इस्तेमाल के लिए इस अर्क को शुद्ध किया। पहला सफल इंसानी परीक्षण जनवरी 1922 में 14 साल के लियोनार्ड थॉम्पसन पर हुआ था। बैंटिंग और मैकलियोड को 1923 में नोबेल पुरस्कार से सम्मानित किया गया था।"
पौधों में प्रकाश-संश्लेषण के बुनियादी कदम समझाएँ।,,"प्रकाश-संश्लेषण वह प्रक्रिया है जिसके द्वारा हरे पौधे प्रकाश ऊर्जा को रासायनिक ऊर्जा में बदलते हैं। इसमें मुख्य रूप से दो चरण शामिल हैं: पहला, प्रकाश पर निर्भर क्रियाएँ, जहाँ क्लोरोफिल सूरज की रोशनी को पकड़कर पानी के अणुओं को तोड़ता है, और ऑक्सीजन जारी करता है; और दूसरा, प्रकाश से स्वतंत्र क्रियाएँ (जिसे कैल्विन चक्र भी कहते हैं), जहाँ बनी हुई ऊर्जा का उपयोग हवा से कार्बन डाइऑक्साइड को ग्लूकोज में बदलने के लिए किया जाता है, जिसे पौधा ईंधन के रूप में इस्तेमाल करता है।"
रोज़ेटा स्टोन 1802 से लगातार कहाँ प्रदर्शित किया जा रहा है?,"रोज़ेटा स्टोन ग्रैनोडायोराइट से बनी एक शिला (पत्थर का स्तंभ) है, जिस पर एक आदेश के तीन संस्करण खुदे हुए हैं। यह आदेश टॉलेमी वंश के दौरान 196 ईसा पूर्व में मिस्र के मेम्फिस में जारी किया गया था। ऊपर और बीच के लेख क्रम से चित्रलिपि (हाइरोग्लिफ़िक) और डेमोटी लिपि का उपयोग करके प्राचीन मिस्री भाषा में हैं, जबकि सबसे नीचे का लेख प्राचीन यूनानी भाषा में है। इस पत्थर ने मिस्र की चित्रलिपि को समझने की चाबी दी। इसकी खोज 15 जुलाई 1799 को नेपोलियन के मिस्र अभियान के दौरान पियरे-फ़्रांस्वा बुशार नाम के एक फ्रांसीसी सिपाही ने नील डेल्टा में राशिद (रोज़ेटा) शहर के पास की थी। फ्रांसीसी हार के बाद, इसे अलेक्जेंड्रिया की संधि (1801) की शर्तों के तहत अंग्रेज़ों को सौंप दिया गया था। 1802 से, इसे लंदन के ब्रिटिश म्यूज़ियम में लगातार प्रदर्शित किया गया है, जिससे यह म्यूज़ियम की सबसे ज़्यादा देखी जाने वाली अकेली वस्तु बन गई है।","1802 से, रोज़ेटा स्टोन को लंदन के ब्रिटिश म्यूज़ियम में लगातार प्रदर्शित किया जा रहा है।"
शनि का चक्कर लगाने वाला सबसे बड़ा उपग्रह कौन सा है?,,टाइटन शनि का सबसे बड़ा उपग्रह है और बृहस्पति के गेनीमेड के बाद सौर मंडल में दूसरा सबसे बड़ा प्राकृतिक उपग्रह है।
साहित्यिक शब्द 'मैक्गफिन' की परिभाषा दें और किसी मशहूर काल्पनिक रचना में इसके इस्तेमाल का एक उदाहरण दें।,,"मैक्गफिन कहानी में एक ऐसी चीज़, औज़ार या कहानी को आगे बढ़ाने वाला हिस्सा होता है जो कहानी के लिए ज़रूरी होता है और किरदारों को प्रेरित करता है, मगर आख़िर में, कहानी के मुख्य विचारों (थीमों) और अंतिम नतीजे के लिए वह उतना ज़रूरी नहीं होता, उसे बदला जा सकता है, या वह बेमतलब होता है। यह अक्सर केवल पीछा करने या टकराव को शुरू करने के लिए मौजूद रहता है। इसका एक मशहूर उदाहरण 1941 की फ़िल्म 'द माल्टीज़ फ़ाल्कन' में माल्टीज़ फ़ाल्कन की मूर्ति है, या क्वेंटिन टारनटिनो की 'पल्प फ़िक्शन' में वह ब्रीफ़केस है, जिसके अंदर क्या है यह कभी नहीं दिखाया जाता, लेकिन जिसे हासिल करने की कोशिश कहानी के एक बड़े हिस्से को आगे बढ़ाती है।"
रुक-रुक कर उपवास (इन्टरमिटेंट फास्टिंग) के आम दुष्प्रभाव क्या हैं?,,"हालाँकि, ज़्यादातर स्वस्थ वयस्कों के लिए रुक-रुक कर उपवास (आईएफ) आम तौर पर सुरक्षित है, फिर भी शरीर के तालमेल बिठाने के दौरान यह कई अस्थायी दुष्प्रभाव पैदा कर सकता है। सबसे ज़्यादा बताए जाने वाले शुरुआती दुष्प्रभावों में तेज़ भूख, थकान, और ध्यान केंद्रित करने में कठिनाई शामिल है, खासकर पहले सप्ताह के दौरान। उपयोगकर्ताओं को सिरदर्द या हल्का चक्कर आना भी महसूस हो सकता है, जो अक्सर पानी की कमी (डिहाइड्रेशन) या इलेक्ट्रोलाइट्स में असंतुलन से जुड़ा होता है। कम आम, लेकिन संभव दुष्प्रभावों में चिड़चिड़ापन, मुँह से दुर्गंध (बदबूदार साँस), और नींद में गड़बड़ी शामिल है। एक बार जब शरीर नए खान-पान के समय के अनुकूल हो जाता है, तो ये लक्षण आमतौर पर खत्म हो जाते हैं।"
मोबी डिक की कहानी को एक वाक्य में संक्षेप में बताएं।,,"कैप्टन अहाब दीवानगी से एक बहुत बड़ी सफ़ेद व्हेल का शिकार करता है जिसने पहले उसका पैर ले लिया था, जिसके कारण उसके जहाज़ का विनाश हुआ और उसमें सवार लगभग सभी लोगों की मौत हुई।"
अपोलो मिशनों के मुख्य वैज्ञानिक लक्ष्यों का सारांश बताओ।,,"अपोलो कार्यक्रम के मुख्य वैज्ञानिक लक्ष्य ये थे: 1. चाँद की उत्पत्ति और ज़मीनी इतिहास का पता लगाने के लिए चाँद की सतह की चीज़ों (पत्थर और मिट्टी) को इकट्ठा करना और उनकी जाँच करना। 2. अपोलो चाँद सतह प्रयोग पैकेज (अर्ल्सेप) को स्थापित करना, जिसमें भूकंप मापने वाले यंत्र, गर्मी के बहाव की जाँच करने वाले यंत्र और चुम्बक मापने वाले यंत्र शामिल थे, ताकि चाँद की अंदरूनी बनावट और माहौल के बारे में लंबे समय तक जानकारी जमा की जा सके। 3. सूरज की हवा, गुरुत्वाकर्षण और चाँद के वायुमंडल से जुड़े प्रयोग करना। 4. चाँद की ज़मीनी बनावटों को बारीकी से देखना और उनकी तस्वीरें लेना (निरीक्षण करना)।"
घराना स्टार्क के वचन क्या हैं?,,सरदी आ रही है
पेनिसिलिन की खोज किसने की और इसकी खोज के संबंध में आमतौर पर कौन सी गलती की जाती है?,"हालांकि सर अलेक्जेंडर फ्लेमिंग को 1928 में पेनिसिलिन की खोज का व्यापक रूप से श्रेय दिया जाता है, लेकिन वास्तव में यह अर्न्स्ट चेन और हॉवर्ड फ्लोरी थे जिन्होंने 1940 के आसपास इसकी बड़ी मात्रा में शुद्धिकरण और उत्पादन की तकनीकें विकसित कीं, जिससे यह एक इस्तेमाल करने लायक दवा बन गई। आम गलती यह है कि चेन और फ्लोरी के काम को नहीं पहचाना जाता, और यह मान लिया जाता है कि इसके औषधीय उपयोग के लिए अकेले फ्लेमिंग ही जिम्मेदार थे।","सर अलेक्जेंडर फ्लेमिंग को 1928 में पेनिसिलिन की खोज का श्रेय दिया जाता है। आम गलती यह है कि अर्न्स्ट चेन और हॉवर्ड फ्लोरी के बाद के काम को नहीं पहचाना जाता, जिन्होंने इसकी बड़ी मात्रा में शुद्धिकरण और इस्तेमाल करने लायक उत्पादन की तकनीकें विकसित कीं।"
अमेरिका के मुख्य बड़े शहरों में किराए की कीमतों में हाल ही में हुए इस भारी उछाल के पीछे कौन से कारण हैं?,,"किराए की कीमतों में इस भारी उछाल के लिए कई आपस में जुड़े हुए कारण ज़िम्मेदार हैं। पहला, घरों का लंबे समय से कम निर्माण हो रहा है और घरों की उपलब्धता कम है, जो जनसंख्या वृद्धि के हिसाब से नहीं बढ़ पाई है, ख़ासकर मनपसंद तटीय (समुद्री किनारे वाले) शहरों में। दूसरा, ज़्यादा ब्याज़ दरों ने कई संभावित ख़रीदारों को घर ख़रीदने के बाज़ार से बाहर कर दिया है, जिससे वे किराए पर रहने को मजबूर हैं, और इस वजह से सीमित घरों के लिए प्रतिस्पर्धा बहुत बढ़ गई है। तीसरा, संस्थागत निवेशक और निजी इक्विटी फ़र्में बाज़ार में उतर आई हैं, जो हज़ारों अकेले परिवारों वाले घर ख़रीद कर उन्हें किराए के लिए इस्तेमाल किए जाने वाले समूह (पोर्टफ़ोलियो) में बदल रही हैं, जिससे आम ख़रीदारों के लिए उपलब्ध घरों की संख्या कम हो गई है और किराए की लागत बढ़ गई है। आख़िर में, महामारी से संबंधित निर्माण और आपूर्ति शृंखलाओं में आई लगातार रुकावटों ने नए घरों को बनाने की लागत बढ़ा दी है, जिससे नए घरों को बाज़ार तक पहुँचने में समय लग रहा है।"
रियल मैड्रिड ने यूईएफ़ए चैंपियंस लीग के कुल कितने ख़िताब जीते हैं?,,"रियल मैड्रिड क्लब डे फ़ुटबॉल, मैड्रिड, स्पेन में स्थित एक पेशेवर फ़ुटबॉल क्लब है, जिसके पास सबसे ज़्यादा यूईएफ़ए चैंपियंस लीग (यूसीएल) ख़िताब जीतने का रिकॉर्ड है। उन्होंने यह प्रतिष्ठित यूरोपीय प्रतियोगिता 15 बार जीती है, जिसकी शुरुआत लगातार पहले पाँच टूर्नामेंट (1956–1960) जीतकर की थी।"
"दी गई नीति के आधार पर, खास तौर पर मानक श्रेणी के उपयोगकर्ताओं पर लागू होने वाली मुख्य ऐपीआई अनुरोध सीमाएँ और गति अवरोधन के परिणाम बताएँ।","1 जनवरी, 2024 से लागू, मानक श्रेणी के सभी ऐपीआई उपयोगकर्ताओं पर निम्नलिखित दर सीमाएँ लागू होंगी: पढ़ने के कामों (गेट) के लिए प्रति मिनट अधिकतम 50 अनुरोध (पी.एम.ए.), और लिखने के कामों (पोस्ट, पुट, डिलीट) के लिए प्रति मिनट 20 अनुरोध (पी.एम.ए.)। प्रीमियम श्रेणी के उपयोगकर्ताओं को मानक पी.एम.ए. सीमाओं से छूट है और उन्हें इसके बजाय रोज़ाना 1,50,000 कुल अनुरोधों का कोटा मिलता है, चाहे काम किसी भी प्रकार का हो, लेकिन वे किसी भी समय 5 से ज़्यादा एक साथ कनेक्शन नहीं कर सकते। यदि कोई मानक उपयोगकर्ता 24 घंटे की अवधि में तीन से अधिक बार पी.एम.ए. सीमा पार करता है, तो उसके खाते को अगले 6 घंटों के लिए अस्थायी रूप से 10 पी.एम.ए. तक धीमा कर दिया जाएगा। एंटरप्राइज़ ग्राहक व्यक्तिगत रूप से सीमाएँ तय करते हैं, लेकिन उनके लिए डिफ़ॉल्ट अधिकतम पेलोड साइज़ 5एमबी है।","मानक श्रेणी के उपयोगकर्ताओं के लिए मुख्य ऐपीआई दर सीमाएँ ये हैं:

1. पढ़ने का काम (गेट): प्रति मिनट अधिकतम 50 अनुरोध (पी.एम.ए.)।
2. लिखने का काम (पोस्ट, पुट, डिलीट): प्रति मिनट अधिकतम 20 अनुरोध (पी.एम.ए.)।

धीमा करने का परिणाम (गति अवरोधन):
यदि कोई मानक उपयोगकर्ता 24 घंटे की अवधि में तीन से अधिक बार पी.एम.ए. सीमा पार करता है, तो उसके खाते को अगले 6 घंटों के लिए अस्थायी रूप से 10 पी.एम.ए. तक धीमा कर दिया जाएगा।"
यूनानी पौराणिक कथाओं में पाताल लोक के प्रवेश द्वार की रखवाली करने वाले तीन सिरों वाले कुत्ते का क्या नाम है?,,सेर्बेरस
पश्चिमी रोमन साम्राज्य के पतन में योगदान देने वाले मुख्य गैर-फ़ौजी कारकों को सूचीबद्ध करें और संक्षेप में उनका वर्णन करें।,,"पश्चिमी रोमन साम्राज्य का पतन कई अतिव्यापी गैर-फ़ौजी संकटों के कारण हुआ: **आर्थिक दबाव:** अत्यधिक सैन्य खर्च और सीमा की सुरक्षा पर किए गए व्यय के कारण जनता पर भारी करों का बोझ पड़ा और अत्यधिक महँगाई बढ़ी। व्यापार मार्ग कम सुरक्षित हो गए, जिससे वाणिज्य बाधित हुआ और शहरों में भोजन की कमी हो गई। सिक्कों की गुणवत्ता कम करने की प्रथा (कीमती धातु की मात्रा घटाना) ने मुद्रा का मूल्य और कम कर दिया। **राजनीतिक अस्थिरता और भ्रष्टाचार:** राजनीतिक व्यवस्था उत्तराधिकार के लगातार संकटों से जूझती रही, जिसके परिणामस्वरूप 'छावनी सम्राटों' का दौर आया, जहाँ सैन्य शक्ति नेतृत्व तय करती थी, जिससे छोटे शासनकाल और आंतरिक संघर्ष हुए। व्यापक भ्रष्टाचार और केंद्र सरकार तथा स्थानीय अधिकारियों के बीच बढ़ती खाई ने सार्वजनिक विश्वास को कम कर दिया। **सामाजिक और जनसांख्यिकीय पतन:** महामारियों और बीमारियों ने आबादी को काफी कम कर दिया, जिससे उपलब्ध कार्यबल और सेना में भर्ती के लिए लोगों की संख्या प्रभावित हुई। इसके अलावा, कुलीनों के बीच 'नागरिक नैतिकता' की कथित कमी देखी गई, जो सार्वजनिक सेवा और सैन्य कर्तव्य से खुद को दूर करते गए, जिससे साम्राज्य की आंतरिक एकजुटता कमजोर हुई।"
ऑस्ट्रेलिया की राजधानी क्या है?,,ऑस्ट्रेलिया की राजधानी कैनबरा है।
"नेटफ्लिक्स को असल में कब और कहाँ शुरू किया गया था, और इसका शुरुआती सेवा मॉडल क्या था?","नेटफ्लिक्स एक अमेरिकी सदस्यता वाली स्ट्रीमिंग सेवा और निर्माण कंपनी है। इसे 1998 में स्कॉट्स वैली, कैलिफ़ोर्निया में शुरू किया गया था। शुरुआत में, यह डाक द्वारा डीवीडी किराए पर देने वाली सेवा थी, लेकिन कंपनी ने जल्द ही डिजिटल तकनीक को अपना लिया। 2007 तक, इसने स्ट्रीमिंग मीडिया को पेश किया, जो इसका मुख्य काम बन गया। आज, नेटफ्लिक्स दुनिया भर में काम करता है, जो फ़िल्मों और टीवी सीरीज़ का एक बहुत बड़ा संग्रह पेश करता है, जिसमें इसके तेजी से लोकप्रिय हो रहे 'नेटफ्लिक्स ओरिजिनल्स' भी शामिल हैं। वर्तमान में, इसका संचालन मुख्यालय लॉस गैटोस, कैलिफ़ोर्निया में है, हालाँकि इसके अंतर्राष्ट्रीय निर्माण केंद्र दुनिया भर में फैले हुए हैं।","नेटफ्लिक्स को शुरुआत में 1998 में स्कॉट्स वैली, कैलिफ़ोर्निया में शुरू किया गया था। इसका शुरुआती सेवा मॉडल डाक द्वारा डीवीडी किराए पर देने की सेवा थी। यह 2007 तक स्ट्रीमिंग मीडिया में बदल गया और अब यह दुनिया भर में काम करता है, जिसका वर्तमान संचालन मुख्यालय लॉस गैटोस, कैलिफ़ोर्निया में है।"
लोग होटलों में बख्शीश क्यों देते हैं?,,"बख्शीश देना एक पेचीदा सामाजिक और आर्थिक रिवाज़ है, जो मुख्य रूप से अमेरिका (संयुक्त राज्य) में प्रचलित है, हालांकि यह दुनिया भर में अलग-अलग हद तक किया जाता है। लोगों के बख्शीश देने का मुख्य कारण वेतन के ढाँचे से जुड़ा हुआ है। अमेरिका के कई हिस्सों में, होटल के सेवा कर्मचारी (वेटर) और अन्य कर्मचारी अपने मालिक से 'कम न्यूनतम मज़दूरी' पाते हैं, जिसका मतलब है कि वे मानक न्यूनतम मज़दूरी तक पहुँचने या उससे ज़्यादा कमाने के लिए बख्शीश पर बहुत ज़्यादा निर्भर रहते हैं। आर्थिक कारणों के अलावा, बख्शीश बेहतर काम करने के लिए प्रोत्साहन का काम करती है। ग्राहकों से यह उम्मीद की जाती है कि वे बेहतरीन सेवा के लिए ज़्यादा बख्शीश दें, जिससे कर्मचारियों को तुरंत पैसे के रूप में प्रतिक्रिया मिलती है। यह प्रतिक्रिया दी गई सेवा की गुणवत्ता के लिए इनाम होती है और कर्मचारियों को ऊँचे मानक बनाए रखने के लिए प्रेरित करती है। आख़िर में, बख्शीश सांस्कृतिक परंपरा और सामाजिक उम्मीद के कारण भी बनी रहती है; अच्छी सेवा के लिए भी बख्शीश न देना आमतौर पर बुरा माना जाता है।"
उन भू-आकृतियों और उनके मुख्य उदाहरणों की सूची बनाएँ जो गहरे गड्ढों से परिभाषित होती हैं या जो आमतौर पर भूमिगत पानी की विशेषताओं से जुड़ी होती हैं।,"भू-आकृतियाँ
पहाड़
मुख्य उदाहरण: माउंट एवरेस्ट, के2, माउंट फ़ूजी, अकोंकागुआ
घाटियाँ
मुख्य उदाहरण: डेथ वैली, ग्रैंड कैन्यन, दरार घाटी
मैदान
मुख्य उदाहरण: विशाल मैदान, पम्पास
गुफाएँ
मुख्य उदाहरण: मैमथ गुफा, वेटोमो जुगनू गुफा
ज्वालामुखी
मुख्य उदाहरण: वेसुवियस, क्राकाटोआ, मौना लोआ","घाटियाँ
डेथ वैली
ग्रैंड कैन्यन
दरार घाटी
गुफाएँ
मैमथ गुफा
वेटोमो जुगनू गुफा"
बेकिंग में इस्तेमाल किए जाने पर बेकिंग सोडा और बेकिंग पाउडर में मुख्य अंतर क्या है?,,"बेकिंग सोडा को चीज़ों को फुलाने के लिए किसी खट्टी सामग्री (जैसे छाछ या सिरका) की ज़रूरत होती है, जबकि बेकिंग पाउडर अपने आप में एक पूरा फुलाने वाला एजेंट है, क्योंकि इसमें एसिड और बेस दोनों मौजूद होते हैं।"
"निम्नलिखित खगोलीय पिंडों को उनके सही वर्गों (ग्रह, तारा, या उपग्रह) में समूहित करें: बुध, मंगल, बृहस्पति, शुक्र, सूर्य, चंद्रमा।",,"ग्रह: बुध, मंगल, बृहस्पति, शुक्र
तारा: सूर्य
उपग्रह: चंद्रमा"
"नीचे दी गई प्रोग्रामिंग भाषाओं को उनके मुख्य विचारधारा (ऑब्जेक्ट-ओरिएंटेड, फ़ंक्शनल या स्क्रिप्टिंग) के अनुसार वर्गीकृत करें: पायथन, हैसकल, जावा, जावास्क्रिप्ट, लिस्प, सी++।",,"ऑब्जेक्ट-ओरिएंटेड: जावा, सी++। फ़ंक्शनल: हैसकल, लिस्प। स्क्रिप्टिंग/बहु-विचारधारा: पायथन, जावास्क्रिप्ट।"
"दिए गए पाठ से, प्रोग्रामिंग भाषाओं और उनके संबंधित निर्माण वर्षों की सूची बनाएँ। आउटपुट को ऑब्जेक्ट की JSON सरणी के रूप में प्रारूपित करें, जहाँ प्रत्येक ऑब्जेक्ट में 'भाषा' और 'वर्ष' की कुंजियाँ हों।","पाइथन, जो पहली बार 1991 में जारी की गई थी, अभी भी बहुत लोकप्रिय है। जावास्क्रिप्ट इसके तुरंत बाद आई, 1995 में शुरू हुई और वेब विकास के लिए ज़रूरी बन गई। सी++, जो सी भाषा का एक शक्तिशाली विस्तार है, 1985 से मौजूद है। जावा, जिसे अक्सर जावास्क्रिप्ट समझ लिया जाता है, शुरू में सन माइक्रोसिस्टम्स द्वारा विकसित की गई थी और 1995 में जनता के लिए जारी की गई थी।","[{""भाषा"": ""पाइथन"", ""वर्ष"": 1991}, {""भाषा"": ""जावास्क्रिप्ट"", ""वर्ष"": 1995}, {""भाषा"": ""सी++"", ""वर्ष"": 1985}, {""भाषा"": ""जावा"", ""वर्ष"": 1995}]"
एक यूकैरियोटिक कोशिका में गॉल्जी उपकरण का मुख्य काम क्या है?,,"गॉल्जी उपकरण, या गॉल्जी कॉम्प्लेक्स, एंडोप्लाज्मिक रेटिकुलम में बनाए गए प्रोटीन और लिपिड को बदलने, छाँटने और पैक करने के लिए ज़िम्मेदार होता है, ताकि उन्हें स्राव के लिए या अन्य अंगकों तक पहुँचाने के लिए भेजा जा सके।"
"स्वेज़ नहर, जिसका उद्घाटन 1869 में हुआ था, उसने यूरोप और किस महाद्वीप के बीच समुद्री सफ़र की दूरी को बहुत कम कर दिया?",,"एशिया, जो अफ़्रीका के चारों ओर घूमने वाले लंबे रास्ते को छोड़ देता है"
आधुनिक फ़ैंटेसी (काल्पनिक) विधा के सबसे असरदार लेखकों की सूची बनाओ।,,"आधुनिक फ़ैंटेसी विधा के असरदार लेखकों में जे.आर.आर. टॉल्किन, सी.एस. लुईस, अर्सुला के. ली गुइन, टेरी प्रैचेट, जॉर्ज आर.आर. मार्टिन, और ब्रैंडन सैंडरसन शामिल हैं।"
19वीं सदी (1801-1900) के दौरान हुई तीन मुख्य वैज्ञानिक सफलताओं या आविष्कारों के नाम बताएं।,,"टेलीफ़ोन (अलेक्जेंडर ग्राहम बेल, 1876), रोगाणु सिद्धांत (लुई पाश्चर, लगभग 1860 के दशक की शुरुआत में), और प्राकृतिक चयन द्वारा विकास का सिद्धांत (चार्ल्स डार्विन, 1859)।"
पूरी तरह से सँवारी हुई उपनगरीय घास के मैदान के बीचों-बीच लकड़ी का एक अकेला शिपिंग पैलेट छोड़ दिया गया है। इसकी मौजूदगी के तीन संभावित कारण और इस पैलेट का एक रचनात्मक उपयोग बताएँ।,,"पैलेट के दिखने के तीन संभावित कारण ये हैं: 1) इसे हाल ही में हुई किसी बड़ी डिलीवरी (जैसे कि उपकरण या बागवानी का सामान) के दौरान सुरक्षात्मक आधार के रूप में इस्तेमाल किया गया था, और डिलीवरी टीम इसे उठाना भूल गई। 2) यह हाल ही में बिछाई गई या भविष्य में बिछने वाली भूमिगत उपयोगिता लाइनों की जगह को चिह्नित कर रहा है, जो एक अस्थायी दृश्य खतरे के निशान के रूप में काम कर रहा है। 3) इसे किसी DIY (खुद करो) बागवानी परियोजना (जैसे खाद बनाने या खड़ी बुवाई/ऊपर की ओर लगाने) के लिए रखा गया था लेकिन परियोजना शुरू होने से पहले ही गिरा दिया गया और भुला दिया गया। पैलेट का एक रचनात्मक उपयोग यह होगा कि इसे खोल दिया जाए और साफ़ किए गए पटियों का उपयोग करके एक छोटा, देहाती चिड़ियों का घर या गमले रखने के लिए बक्से बनाए जाएँ।"
"दिए गए पाठ के अनुसार, मंगल के दो छोटे, अनियमित आकार वाले उपग्रहों के नाम क्या हैं?","मंगल ग्रह, जिसे अक्सर 'लाल ग्रह' कहा जाता है, सूरज से चौथा ग्रह है और बुध के बाद सौर मंडल का दूसरा सबसे छोटा ग्रह है। अंग्रेज़ी में, मंगल का नाम रोमन युद्ध के देवता के नाम पर रखा गया है। इसकी सतह पर कई खास विशेषताएँ हैं, जिनमें ओलंपस मॉन्स (सौर मंडल का सबसे बड़ा ज्वालामुखी और सबसे ऊँचा ज्ञात पर्वत) और वैलेस मैरिनेरिस (सौर मंडल की सबसे बड़ी घाटियों में से एक) शामिल हैं। मंगल के दो छोटे, अनियमित आकार वाले उपग्रह फ़ोबोस और डीमोस हैं। चूँकि मंगल का वातावरण पतला है और सतह का दबाव कम है, इसलिए तरल पानी लंबे समय तक सतह पर नहीं रह सकता, हालाँकि सबूत बताते हैं कि ध्रुवीय टोपियों और उपसतह में पानी की बर्फ़ मौजूद है।","मंगल के दो छोटे, अनियमित आकार वाले उपग्रहों के नाम फ़ोबोस और डीमोस हैं।"
मेस विन्डू के लाइटसेबर की मूठ (हैंडल) किस नायाब धातु से बनाई गई थी?,,लाइटसेबर की मूठ को इलेक्ट्रम नाम की एक नायाब धातु से सजाया गया था। यह (खासियत) आम तौर पर सिर्फ सीनियर जेडी मास्टरों के लिए रखी जाती थी।
थर्मोपाइली की लड़ाई की मुख्य घटनाओं और परिणाम का सार बताइए।,"थर्मोपाइली की लड़ाई 480 ईसा पूर्व में यूनानी नगर-राज्यों के एक गठबंधन (जिसका नेतृत्व स्पार्टा के राजा लियोनिडास प्रथम कर रहे थे) और जर्क्सीस प्रथम के एकेमेनिड साम्राज्य के बीच लड़ी गई थी। यह लड़ाई आर्टेमीसियम की नौसैनिक लड़ाई के साथ ही हुई थी। यूनानियों ने भारी संख्या में कम होते हुए भी सात दिनों तक तंग समुद्री दर्रे को रोके रखा, जिससे फ़ारसी सेना को भारी नुकसान हुआ। एफ़ियाल्टिस नामक एक स्थानीय निवासी ने एक छिपा हुआ रास्ता बताकर यूनानियों के साथ विश्वासघात किया, जिससे फ़ारसी सेना रक्षकों को घेर सकी। हालाँकि यह यूनानियों के लिए एक सामरिक हार थी, लेकिन यह लड़ाई इतिहास में एक महत्वपूर्ण मोड़ बन गई, जो 300 स्पार्टन्स की बहादुरी और मुख्य यूनानी सेनाओं को तैयारी के लिए मिले विलंब के कारण प्रसिद्ध है।","थर्मोपाइली की लड़ाई 480 ईसा पूर्व में यूनानी नगर-राज्यों के एक गठबंधन (जिसका नेतृत्व स्पार्टा के राजा लियोनिडास प्रथम कर रहे थे) और जर्क्सीस प्रथम के एकेमेनिड साम्राज्य के बीच लड़ी गई थी। भारी संख्या में कम होने के बावजूद यूनानियों ने सात दिनों तक तंग समुद्री दर्रे को रोके रखा। एफ़ियाल्टिस द्वारा एक छिपा हुआ रास्ता बताकर यूनानियों के साथ विश्वासघात करने के बाद बचाव टूट गया, जिससे फ़ारसी रक्षकों को घेरने में सक्षम हो गए। हालाँकि यह यूनानियों के लिए एक सामरिक हार थी, लेकिन लड़ाई ने मुख्य यूनानी सेनाओं के लिए महत्वपूर्ण विलंब प्रदान किया और यह 300 स्पार्टन्स की बहादुरी के लिए प्रशंसित है।"
दिए गए पाठ के आधार पर प्लूटो की खोज और उसके नए वर्गीकरण (दर्जा बदलने) से जुड़े मुख्य बिंदुओं का सारांश करें।,"प्लूटो की खोज 1930 में क्लाइड टॉम्बॉघ ने एरिजोना में लोवेल ऑब्ज़र्वेटरी में की थी। 76 सालों तक, इसे हमारे सौर मंडल का नौवाँ ग्रह माना जाता था। इसकी कक्षा का तल (घूमने का रास्ता) बाकी ग्रहों के मुकाबले बहुत ज़्यादा झुका हुआ है। 2006 में, अंतर्राष्ट्रीय खगोलीय संघ (आईएयू) ने ""ग्रह"" शब्द की परिभाषा फिर से तय की। इस नई परिभाषा के तहत किसी भी आकाशीय पिंड को अपनी कक्षा के आसपास के क्षेत्र को साफ़ करना ज़रूरी था। चूँकि प्लूटो अपनी कक्षा का क्षेत्र क्विपर बेल्ट की दूसरी वस्तुओं के साथ साझा करता है, इसलिए यह इस शर्त को पूरा नहीं कर पाया। नतीजतन, प्लूटो को बौना ग्रह के रूप में वर्गीकृत (दर्जा) कर दिया गया, यह फैसला कुछ खगोलविदों और आम जनता के बीच अभी भी विवादित है।","1. प्लूटो की खोज 1930 में क्लाइड टॉम्बॉघ ने एरिजोना में लोवेल ऑब्ज़र्वेटरी में की थी।
2. इसे 76 सालों तक नौवाँ ग्रह माना जाता था।
3. इसकी कक्षा का तल अन्य ग्रहों की तुलना में बहुत ज़्यादा झुका हुआ है।
4. 2006 में, अंतर्राष्ट्रीय खगोलीय संघ (आईएयू) ने ""ग्रह"" शब्द की परिभाषा फिर से तय की।
5. नई परिभाषा के अनुसार किसी आकाशीय पिंड को अपनी कक्षा के आसपास का क्षेत्र साफ़ करना ज़रूरी था।
6. प्लूटो इस शर्त को पूरा नहीं कर पाया क्योंकि यह अपनी कक्षा का क्षेत्र क्विपर बेल्ट की अन्य वस्तुओं के साथ साझा करता है।
7. प्लूटो को बौना ग्रह के रूप में फिर से वर्गीकृत किया गया, यह फैसला विवादित बना हुआ है।"
"तीन आम ज्यामितीय शक्लें बताएं। अपना जवाब सिर्फ़ अक्षरों/निशानों का इस्तेमाल करके कला के रूप में पेश करें। हर शक्ल को बनाने के लिए, एक ही निशान को दोहराया जाना चाहिए ताकि उसकी बुनियादी बनावट बन सके। चौकोर के लिए हैशटैग (#) का, तिकोन के लिए तारांकित निशान (*) का, और गोल के लिए डॉलर ($) के निशान का इस्तेमाल करें।",,"#####
#####
#####

  *
 ***
*****

 $$$ 
$   $
 $$$"
आमतौर पर बिजली के बल्ब के आविष्कार का श्रेय किसे दिया जाता है?,,"थॉमस एडिसन को सबसे ज़्यादा श्रेय दिया जाता है, हालांकि उनका आविष्कार जोसेफ़ स्वान जैसे लोगों द्वारा बनाई गई पहले की बनावटों में किया गया एक सुधार था।"
आधुनिक गाड़ियों में बहुत इस्तेमाल होने वाले चार-स्ट्रोक इंजन चक्र का पेटेंट किसने कराया था?,"आंतरिक दहन इंजन (आ.द.इ.) एक ऊष्मा इंजन है जहाँ ईंधन का दहन एक दहन कक्ष में ऑक्सीकारक (आमतौर पर हवा) के साथ होता है। इसके परिणामस्वरूप बनने वाली गर्म, ज़्यादा दबाव वाली गैसें फैलती हैं, और इंजन के किसी पुर्ज़े, जैसे पिस्टन, टरबाइन ब्लेड, या नोजल पर सीधा बल डालती हैं। शब्द आ.द.इ. आमतौर पर उन्हीं इंजनों तक सीमित है जिनमें दहन रुक-रुक कर होता है, जैसे कि बहुत इस्तेमाल होने वाले चार-स्ट्रोक और दो-स्ट्रोक पिस्टन इंजन। डीज़ल इंजन संपीड़न-प्रज्वलन इंजन होते हैं, जबकि ज़्यादातर पेट्रोल इंजन स्पार्क-प्रज्वलन इंजन होते हैं। चार-स्ट्रोक चक्र के चार चरण हैं: प्रवेश, संपीड़न, शक्ति (या प्रज्वलन/विस्तार), और निकास। लगातार काम करते रहने के लिए इन चरणों का क्रम में होना ज़रूरी है। चार-स्ट्रोक इंजन, जो ज़्यादातर आधुनिक गाड़ियों को शक्ति देता है, का पेटेंट सबसे पहले 1877 में निकोलस ओटो ने कराया था, हालाँकि इस मूल सिद्धांत पर पहले भी कई आविष्कारकों ने काम किया था।","चार-स्ट्रोक इंजन, जो ज़्यादातर आधुनिक गाड़ियों को शक्ति देता है, का पेटेंट सबसे पहले 1877 में निकोलस ओटो ने कराया था।"
"इन जानवरों को दो समूहों में बाँटें: स्तनधारी और सरीसृप। सूची: साँप, व्हेल, मगरमच्छ, चमगादड़, कछुआ, हाथी।",,"स्तनधारी: व्हेल, चमगादड़, हाथी। 

सरीसृप: साँप, मगरमच्छ, कछुआ। 

एक मुख्य फ़र्क़ यह है कि स्तनधारी गरम ख़ून वाले होते हैं और आमतौर पर सीधे बच्चे पैदा करते हैं, जबकि सरीसृप ठंडा ख़ून वाले होते हैं और अक्सर अंडे देते हैं।"
नीचे दिए गए रासायनिक तत्वों को अल्कली धातु या उत्कृष्ट गैस में बाँटें।,"नियॉन, सोडियम",नियॉन एक उत्कृष्ट गैस है। सोडियम एक अल्कली धातु है।
बारिश के बाद इंद्रधनुष कैसे बनते हैं?,,"इंद्रधनुष मौसम से जुड़ी घटनाएँ हैं जो पानी की बूँदों में रोशनी के परावर्तन (टकराकर वापस आना), अपवर्तन (मुड़ना) और फैलाव के कारण बनती हैं। जब सूरज की रोशनी बारिश की बूँद में जाती है, तो वह धीमी हो जाती है और मुड़ जाती है। फिर यह बूँद की पिछली सतह से टकराकर वापस आती है। जब रोशनी बूँद से बाहर निकलती है, तो वह दोबारा मुड़ती है, जिससे सफेद सूरज की रोशनी उसके अलग-अलग रंगों के समूह में बँट जाती है। इसी को हम इंद्रधनुष के रंग-बिरंगे चाप के रूप में देखते हैं।"
गेर्निका' पेंटिंग किसने बनाई और यह किस ऐतिहासिक घटना को दर्शाती है?,,यह विशाल पेंटिंग 'गेर्निका' पाब्लो पिकासो द्वारा 1937 में बनाई गई थी। यह स्पेन के गृहयुद्ध के दौरान नाज़ी जर्मन और इतालवी फ़ासीवादी हवाई सेनाओं द्वारा गेर्निका (जो स्पेन के बास्क प्रदेश में एक कस्बा है) पर की गई बमबारी का एक शक्तिशाली युद्ध-विरोधी चित्रण है।
"नीचे दिए गए उपन्यासों को उनके लेखकों के अनुसार समूहित करें: १९८४, मोबी डिक, द ग्रेट गैट्सबी, एनिमल फार्म, द ओल्ड मैन एंड द सी, द सन ऑल्सो राइजेज़।",,"जॉर्ज ऑरवेल: १९८४, एनिमल फार्म
अर्नेस्ट हेमिंग्वे: द ओल्ड मैन एंड द सी, द सन ऑल्सो राइजेज़
ऍफ़. स्कॉट फ़िट्ज़गेराल्ड: द ग्रेट गैट्सबी
हरमन मेलविल: मोबी डिक"
प्रकृति के चार मूलभूत बल क्या हैं?,,"प्रकृति के चार मूलभूत बल हैं: गुरुत्वाकर्षण, विद्युत चुम्बकत्व, मज़बूत परमाणु बल, और कमज़ोर परमाणु बल।"
एम्पायर स्टेट बिल्डिंग को आधिकारिक तौर पर कब पूरा किया गया था?,"एम्पायर स्टेट बिल्डिंग न्यूयॉर्क शहर के मिडटाउन मैनहट्टन में स्थित 102 मंज़िला आर्ट डेको गगनचुंबी इमारत है। इसे श्रेव, लैंब और हारमोन द्वारा डिज़ाइन किया गया था और इसे आधिकारिक तौर पर 11 अप्रैल, 1931 को पूरा किया गया था। 1,454 फ़ीट (443 मीटर) की ऊँचाई पर खड़े होकर, यह लगभग 40 सालों तक दुनिया की सबसे ऊँची इमारत थी।","एम्पायर स्टेट बिल्डिंग को आधिकारिक तौर पर 11 अप्रैल, 1931 को पूरा किया गया था।"
"नीचे दी गई कोरिओलिस प्रभाव की व्याख्या को 10 साल के बच्चों के लिए फिर से लिखें, जिसके लिए किसी घूमने वाले झूले या खेल के मैदान के खेल का उदाहरण इस्तेमाल करें।","कोरिओलिस प्रभाव घूमते हुए ढाँचे (फ़्रेम) के अंदर चलती हुई चीज़ों (जैसे हवा या समुद्र की धाराएँ) के मुड़ने को समझाता है। पृथ्वी पर, इस प्रभाव के कारण उत्तरी गोलार्ध में हवाएँ और धाराएँ घड़ी की सुई की दिशा (दाएँ) में मुड़ती हैं और दक्षिणी गोलार्ध में घड़ी की सुई की उलटी दिशा (बाएँ) में मुड़ती हैं। यह घुमाव चीज़ के चलने की दिशा से सीधा आड़ा होता है और चीज़ की गति और पृथ्वी के घूमने की रफ़्तार पर निर्भर करता है। बड़े मौसम तंत्रों (सिस्टम्स) के लिए यह ज़रूरी है, लेकिन छोटे स्तर की हलचलों के लिए, जैसे नाली में पानी का गोल घूमना, कोरिओलिस प्रभाव का कोई ख़ास असर नहीं होता।","सोचिए आप एक बहुत बड़े, घूमते हुए झूले पर कैच-कैच खेल रहे हैं (यह झूला ही हमारी पृथ्वी है!)। अगर आप अपने दोस्त को सीधे गेंद फेंकने की कोशिश करते हैं, तो गेंद सीधी नहीं जाएगी। जब तक गेंद बीच में पहुँचती है, तब तक झूला थोड़ा घूम चुका होता है, और गेंद आपको अपने दोस्त से दूर मुड़ती हुई दिखाई देगी। यह घुमाव पैदा करने वाली ताक़त—जो इतनी मज़बूत है कि बड़ी-बड़ी हवा और समुद्र की धाराओं को भी मोड़ देती है—यही कोरिओलिस प्रभाव है। यह हमेशा चीज़ों को दाएँ (घड़ी की सुई की दिशा में) धकेलता है अगर आप दुनिया के ऊपरी आधे हिस्से में खड़े हैं, और बाएँ (घड़ी की सुई की उलटी दिशा में) धकेलता है अगर आप निचले आधे हिस्से में हैं।"
ट्यूरिंग टेस्ट का मकसद क्या है?,,"ट्यूरिंग टेस्ट, जिसे ऐलन ट्यूरिंग ने 1950 में पेश किया था, एक ऐसा तरीका है जिससे यह पता लगाया जाता है कि कोई मशीन इंसान के बराबर या उससे अलग न किए जा सकने वाला बुद्धिमानी भरा व्यवहार दिखाने में सक्षम है या नहीं। इसमें एक इंसान निर्णायक होता है जो टेक्स्ट के माध्यम से दो अनदेखी चीज़ों (एक इंसान और एक मशीन) से बातचीत करता है। अगर निर्णायक पक्के तौर पर यह नहीं बता सकता कि मशीन कौन सी है और इंसान कौन सा है, तो उस मशीन को टेस्ट पास किया हुआ माना जाता है, जो कृत्रिम बुद्धिमत्ता का प्रदर्शन है।"
100% अक्षय ऊर्जा पर तुरंत पूरी दुनिया की निर्भरता को रोकने वाली मुख्य ढांचागत और इंतज़ामी दिक्कतें क्या हैं?,,"100% अक्षय ऊर्जा (नवीकरणीय ऊर्जा) की तरफ़ बदलाव में तीन मुख्य, आपस में जुड़ी हुई ढांचागत और इंतज़ामी रुकावटें आती हैं: रुक-रुक कर ऊर्जा का मिलना और उसे जमा करना (भंडारण), बिजली के जाल (ग्रिड) के ढांचे में सुधार, और ज़रूरी कच्चे माल को पहुँचाने के इंतज़ाम में आने वाली बंदिशें।

सबसे पहले, रुक-रुक कर ऊर्जा के मिलने और उसे जमा करने का मसला बहुत ज़रूरी है। सौर ऊर्जा और पवन ऊर्जा की प्रकृति ही ऐसी है कि ये बदलती रहती हैं—ये बिजली तभी पैदा करती हैं जब सूरज चमकता है या हवा चलती है। चौबीसों घंटे बिजली की एक स्थिर सप्लाई बनाए रखने के लिए, बहुत बड़े, बेहद असरदार, और पूरी दुनिया में फैले हुए ऊर्जा जमा करने के समाधान चाहिए। मौजूदा बैटरी तकनीक, हालांकि तेज़ी से सुधर रही है, लेकिन उसमें इतनी क्षमता और टिकाऊपन नहीं है कि वह पूरे महाद्वीपों में लंबे समय तक कम उत्पादन के दौर को बहुत ज़्यादा खर्च किए बिना संभाल सके।

दूसरी बात, मौजूदा बिजली के तारों का जाल (ग्रिड का ढांचा), ख़ास तौर पर विकसित देशों में, एक जगह से नियंत्रित और अनुमानित बिजली उत्पादन (जैसे कोयले या परमाणु संयंत्रों से) के लिए बनाया गया था। जबकि पूरी तरह से अक्षय ऊर्जा वाला सिस्टम बहुत ज़्यादा फैला हुआ होता है, जिसमें लाखों छोटे-छोटे बिजली बनाने वाले स्रोत शामिल होते हैं। इसके लिए स्मार्ट ग्रिड टेक्नोलॉजी में बहुत बड़े सुधार की ज़रूरत है जो दो-तरफ़ा ऊर्जा प्रवाह को संभाल सके, बहुत तेज़ी से बदलने वाले लोड को ठीक से बैलेंस कर सके, और बड़े पैमाने पर बिजली के उतार-चढ़ाव के ख़िलाफ़ मज़बूती दे सके। इस पूरे बदलाव की लागत और सरकारी नियमों की पेचीदगी बहुत ज़्यादा है।

आख़िर में, यह बदलाव कच्चे माल को पहुँचाने के इंतज़ाम में नई रुकावटें लाता है। पूरी दुनिया में बदलाव के लिए ज़रूरी सौर पैनलों, पवन चक्कियों (टर्बाइनों), और बड़े बैटरियों को भारी मात्रा में बनाने के लिए ज़रूरी खनिजों (मिनरल्स) की बहुत ज़्यादा मात्रा चाहिए, जिनमें लिथियम, कोबाल्ट, निकल, और मुश्किल से मिलने वाली धातुएं शामिल हैं। इन चीज़ों को तेज़ी से और टिकाऊ तरीक़े से बढ़ाने के लिए मौजूदा खनन क्षमता, शुद्धिकरण के ढांचे, और देशों के बीच सियासी हालात में ठहराव की ज़रूरत होती है, जो इंतज़ामी स्तर पर बड़ी रुकावटें पैदा करते हैं। इससे निर्भरता तेल और गैस बनाने वाले देशों से हटकर खनिज-संपन्न (मिनरल से भरे) देशों पर जा सकती है।"
वर्ल्ड वाइड वेब का आविष्कार करने का श्रेय किसे दिया जाता है?,,टिम बर्नर्स-ली
नासा के मुख्य काम और इतिहास की व्याख्या करें।,,"नासा (राष्ट्रीय वैमानिकी और अंतरिक्ष प्रशासन) अमेरिकी सरकार की वह संस्था है जो देश के नागरिक अंतरिक्ष कार्यक्रम, साथ ही वैमानिकी (हवाई उड़ान) और अंतरिक्ष अनुसंधान के लिए ज़िम्मेदार है। इसका मुख्य काम खोज को बढ़ावा देना, ज्ञान बढ़ाना और मानवता के फ़ायदे के लिए अंतरिक्ष की खोज करना बताया गया है।

नासा की स्थापना 29 जुलाई, 1958 को राष्ट्रपति ड्वाइट डी. आइज़नहावर ने राष्ट्रीय वैमानिकी और अंतरिक्ष अधिनियम के ज़रिए की थी। इसने वैमानिकी के लिए राष्ट्रीय सलाहकार समिति (नाका) की जगह ली। इसका गठन सोवियत संघ द्वारा 1957 में स्पुतनिक 1 के प्रक्षेपण की सीधी प्रतिक्रिया थी, जिसने अंतरिक्ष की दौड़ की शुरुआत की।

ऐतिहासिक रूप से, नासा ने मानव अंतरिक्ष उड़ान में तेज़ी से सफलता हासिल की। शुरुआती कार्यक्रमों में प्रोजेक्ट मर्करी (जिसने पहले अमेरिकियों को अंतरिक्ष में भेजा) और प्रोजेक्ट जेमिनी (जिसने ज़रूरी कक्षीय मिलन और डॉकिंग तकनीकें विकसित कीं) शामिल थे। नासा की सबसे प्रसिद्ध उपलब्धि अपोलो कार्यक्रम ही रही है, जिसने जुलाई 1969 में अपोलो 11 के साथ पहली बार इंसानों को चंद्रमा पर सफलतापूर्वक उतारा था। अपोलो के बाद, नासा ने दोबारा इस्तेमाल हो सकने वाला अंतरिक्ष शटल कार्यक्रम (1981–2011) विकसित किया और अंतर्राष्ट्रीय अंतरिक्ष स्टेशन (आई.एस.एस.) के निर्माण और रखरखाव के अंतर्राष्ट्रीय प्रयासों का नेतृत्व किया।

मानव अंतरिक्ष उड़ान के अलावा, नासा कई व्यापक वैज्ञानिक प्रयास भी संभालता है। इनमें कई रोबोटिक जाँच यानों (जैसे वोयाजर, गैलीलियो और कैसिनी अभियान) और अंतरिक्ष वेधशालाओं (जैसे हबल और जेम्स वेब अंतरिक्ष दूरबीन) का प्रक्षेपण शामिल है। ये पृथ्वी विज्ञान, सूर्य भौतिकी, ग्रह विज्ञान और खगोल भौतिकी के अनुसंधान के लिए बहुत ज़रूरी हैं। वर्तमान में, नासा का मुख्य ध्यान आर्टेमिस कार्यक्रम पर है, जिसका लक्ष्य अंततः मंगल पर मानव मिशन भेजने से पहले इंसानों को वापस चंद्रमा पर ले जाना है।"
"कौन सा ग्रह अपने बेकाबू ग्रीनहाउस असर के लिए जाना जाता है, जो उसे सौर मंडल का सबसे गरम ग्रह बनाता है?",,शुक्र
"डेटा विज्ञान और यंत्र शिक्षण के बीच मुख्य अंतर समझाएँ, और यह भी बताएँ कि वे व्यापारिक संदर्भ में एक-दूसरे से कैसे संबंधित हैं।",,"हालांकि इन्हें अक्सर एक दूसरे के स्थान पर इस्तेमाल किया जाता है, डेटा विज्ञान (डीएस) और यंत्र शिक्षण (एमएल) अलग-अलग लेकिन एक-दूसरे से जुड़े हुए क्षेत्र हैं। यंत्र शिक्षण मूल रूप से तकनीकों और उपकरणों का एक समूह है जो डेटा विज्ञान के व्यापक दायरे में आता है।

### डेटा विज्ञान (व्यापक अनुशासन)

डेटा विज्ञान एक संपूर्ण क्षेत्र है जो व्यवस्थित या अव्यवस्थित डेटा से ज्ञान और समझ निकालने की पूरी प्रक्रिया पर केंद्रित है। इसमें सांख्यिकीय विश्लेषण, डेटा चित्रण, क्षेत्र की विशेषज्ञता और संचार कौशल शामिल हैं।

*   **लक्ष्य:** डेटा का विश्लेषण करना ताकि यह समझा जा सके कि कोई चीज़ *क्यों* हुई (वर्णनात्मक विश्लेषण), और उस समझ के आधार पर व्यापारिक रणनीति की सलाह देना।
*   **केंद्र:** समस्या को तैयार करना, डेटा की सफाई/तैयारी (ईटीएल), सांख्यिकीय निष्कर्ष निकालना, और कहानी सुनाना/चित्रण करना।
*   **कौशल:** मजबूत सांख्यिकीय पृष्ठभूमि, व्यापारिक समझदारी, संचार, एसक्यूएल, चित्रण उपकरण, और बुनियादी प्रोग्रामिंग।

### यंत्र शिक्षण (उपकरणों का समूह)

यंत्र शिक्षण कृत्रिम बुद्धिमत्ता का एक उप-क्षेत्र है जो ऐसे एल्गोरिदम बनाने पर केंद्रित है जो स्पष्ट रूप से प्रोग्राम किए बिना डेटा से पैटर्न सीखते हैं ताकि वे भविष्यवाणियां या वर्गीकरण कर सकें।

*   **लक्ष्य:** ऐसे मॉडल विकसित करना, प्रशिक्षित करना और बेहतर बनाना जो इस सवाल का जवाब दें, '*आगे क्या होगा?*' (पूर्वानुमानित विश्लेषण) या '*हमें इसे कैसे वर्गीकृत करना चाहिए?*' (निर्देशात्मक विश्लेषण)।
*   **केंद्र:** एल्गोरिदम का चयन (उदाहरण के लिए, गहन शिक्षण, रिग्रेशन, समूहन), मॉडल को बेहतर बनाना, विशेषता निर्माण, और लागू करना।
*   **कौशल:** उन्नत गणित, एल्गोरिदम का अनुकूलन, मजबूत प्रोग्रामिंग (पायथन/आर), और गणना की दक्षता।

### व्यवहार में संबंध

व्यापारिक संदर्भ में, डेटा वैज्ञानिक अक्सर वह व्यक्ति होता है जो व्यापार की समस्या की पहचान करता है (उदाहरण के लिए, 'हमें ग्राहक टूट को कम करने की ज़रूरत है') और यह तय करता है कि क्या यंत्र शिक्षण समाधान आवश्यक है। वे डेटा एकत्र करते हैं, साफ करते हैं और तैयार करते हैं। यंत्र शिक्षण घटक वह विशिष्ट एल्गोरिथम इंजन है जिसका वे उपयोग करते हैं (उदाहरण के लिए, एक लॉजिस्टिक रिग्रेशन या तंत्रिका तंत्र) यह अनुमान लगाने के लिए कि किन ग्राहकों के टूटने की संभावना है। डेटा वैज्ञानिक तब मॉडल के आउटपुट की व्याख्या करता है और हितधारकों को रणनीतिक निहितार्थों से अवगत कराता है।"
क्वांटम उलझाव का विचार समझाइए।,,"क्वांटम उलझाव एक भौतिक घटना है जहाँ दो या दो से अधिक कण इस तरह से जुड़ जाते हैं कि वे एक ही नतीजे को साझा करते हैं, भले ही उनके बीच कितनी भी दूरी हो। जब कण उलझे हुए होते हैं, तो उनकी क्वांटम अवस्थाएँ (जैसे घुमाव या ध्रुवीकरण) पूरी तरह से आपस में मेल खाती हैं।

यदि एक कण पर कोई माप किया जाता है, तो दूसरे कण की स्थिति तुरंत पता चल जाती है, भले ही वह प्रकाश वर्ष दूर हो। अल्बर्ट आइंस्टीन ने इस तुरंत होने वाले जुड़ाव को मशहूर तौर पर 'दूर से अजीब हरकत' कहा था, क्योंकि यह ब्रह्मांड की शास्त्रीय गति सीमा (रोशनी की रफ़्तार) का उल्लंघन करता हुआ प्रतीत होता है।

यह समझना महत्वपूर्ण है कि उलझाव, रोशनी की रफ़्तार से तेज़ संवाद की अनुमति नहीं देता है, क्योंकि पहले कण का माप नतीजा देखे जाने तक अंदाज़े वाला और बेतरतीब होता है। यह क्वांटम कंप्यूटिंग और क्वांटम क्रिप्टोग्राफी जैसी उभरती तकनीकों का एक मुख्य हिस्सा है।"
"जानवरों की नीचे दी गई सूची में से उन सभी जातियों को पहचानें जिन्हें स्तनधारी माना जाता है: शार्क, पेंगुइन, डॉल्फ़िन, साँप, चमगादड़, मकड़ी, हाथी, मेंढक।",,"सूची में जिन जानवरों को स्तनधारी माना गया है, वे हैं डॉल्फ़िन, चमगादड़ और हाथी।"
"दिए गए प्रकाशन डेटा (जानकारी) का विश्लेषण करें। उन सभी उपन्यासों की पहचान करें जो 2023 में प्रकाशित हुए और जिनकी कुल बिक्री (मोटी जिल्द + ई-किताब) 300,000 प्रतियों से ज़्यादा रही। नतीजों को इस रूपरेखा में {शीर्षक} | {कुल बिक्री संख्या} एक अर्धविराम से अलग की गई सूची में बनाएँ।","लेखक 'ए' की पहली उपन्यास 'शैडोज़ ऑफ़ एल्डोरिया' (जो 2023 की पहली तिमाही में प्रकाशित हुई थी) की 150,000 प्रतियाँ मोटी जिल्द में और 80,000 प्रतियाँ ई-किताब के रूप में बिकी हैं। उनकी अगली उपन्यास 'द साइलेंट सिटी', जो 2023 की चौथी तिमाही में जारी हुई, ने 210,000 मोटी जिल्द बिक्री और 120,000 ई-किताब बिक्री हासिल की। लेखक 'बी', जो गैर-फिक्शन में विशेषज्ञ हैं, ने 'डीप डाइव हिस्ट्री' (2023 की दूसरी तिमाही) जारी की, जिसकी 95,000 प्रतियाँ बिकीं (सिर्फ़ कागज़ी)। 'बी' की सबसे ज़्यादा बिकने वाली, जो कि गैर-फिक्शन भी है, वह है 'फ्यूचर टेक टुडे' (2024 की पहली तिमाही), जिसकी 350,000 इकाइयाँ बिकीं (180,000 कागज़ी, 170,000 ई-किताब)। हमें सिर्फ़ उन उपन्यासों में दिलचस्पी है जो 2023 में प्रकाशित हुए और जिनकी कुल प्रतियाँ 300,000 से ज़्यादा बिकीं।","द साइलेंट सिटी | 330,000"
फ़ोटोग्राफ़ी में प्राइम लेंस और ज़ूम लेंस के मुख्य अंतर और फ़ायदे क्या हैं?,,"एक प्राइम लेंस की फ़ोकल दूरी तय (स्थिर) होती है (जैसे, 50 मिलीमीटर या 85 मिलीमीटर), जबकि एक ज़ूम लेंस की फ़ोकल दूरी बदलने वाली होती है, जिससे फ़ोटोग्राफ़र बिना हिले आवर्धन (ज़ूम) बदल सकता है (जैसे, 24-70 मिलीमीटर)। प्राइम लेंस की ऑप्टिकल सादगी उन्हें आमतौर पर ज़ूम लेंस की तुलना में कई तकनीकी फ़ायदे देती है। प्राइम लेंस अक्सर पूरे फ़्रेम में काफी ज़्यादा साफ़ (तेज़) होते हैं क्योंकि उनके अंदरूनी पुर्ज़ों को एक विशिष्ट आवर्धन के लिए बेहतर बनाया गया होता है। वे आम तौर पर एक 'तेज़' अधिकतम अपर्चर भी देते हैं (एक कम एफ़-नंबर, जैसे एफ़/1.4), जो कैमरे में ज़्यादा रोशनी आने देता है। यह कम रोशनी वाली स्थितियों में बेहतर प्रदर्शन देता है और बैकग्राउंड को अलग करने (बोकेह) के लिए डेप्थ ऑफ़ फ़ील्ड को कम करता है (ज़्यादा गहरा नहीं रखता)। प्राइम लेंस आम तौर पर छोटे और हल्के भी होते हैं। इसके विपरीत, ज़ूम लेंस बहुमुखी प्रतिभा को प्राथमिकता देते हैं। हालाँकि वे एक ही फ़ोकल दूरी पर किसी समतुल्य प्राइम लेंस की तुलना में ऑप्टिकल रूप से धीमे या थोड़े कम साफ़ हो सकते हैं, लेकिन एक ही लेंस को ले जाने की क्षमता जो कई शूटिंग स्थितियों को संभालता है, उन्हें इवेंट फ़ोटोग्राफ़रों और तेज़ी से रचना (कम्पोज़िशन) बदलने की ज़रूरत वाले लोगों के लिए ज़रूरी बना देता है।"
इंसानों में क्रिस्पर जीन संपादन तकनीक के इस्तेमाल को लेकर मुख्य नैतिक दुविधाएँ क्या हैं?,,"मुख्य दुविधाएँ 'जर्मलाइन संपादन' (वह बदलाव जो आने वाली पीढ़ियों तक पहुँचता है, जिससे 'डिज़ाइनर बच्चे' बनाने की चिंता पैदा होती है) और 'सोमैटिक सेल संपादन' (देह की कोशिकाओं का बदलाव, जो कम विवादित है लेकिन इसमें भी जोखिम शामिल है) पर केंद्रित हैं. साथ ही, सबकी बराबर पहुँच का मुद्दा भी है. एक मुख्य चिंता यह है कि अगर सिर्फ़ अमीर लोग ही ये इलाज या सुधार करवा पाएँ, तो इससे सामाजिक असमानता और बढ़ सकती है, जिससे जैविक (बायोलॉजिकल) स्तर पर भेदभाव पैदा हो जाएगा."
"नीचे दिए गए हर देश की राजधानी बताएं: फ़्रांस, जापान, ब्राज़ील, कनाडा, ऑस्ट्रेलिया।",,"फ़्रांस: पेरिस
जापान: टोक्यो
ब्राज़ील: ब्रासीलिया
कनाडा: ओटावा
ऑस्ट्रेलिया: कैनबरा"
सौर मंडल के पाँच सबसे बड़े चाँद को व्यास के अनुसार सूचीबद्ध करें।,,"सौर मंडल के पाँच सबसे बड़े चाँद, घटते हुए व्यास के क्रम में, ये हैं:
- गेनीमीड (बृहस्पति)
- टाइटन (शनि)
- कैलिस्टो (बृहस्पति)
- आयो (बृहस्पति)
- पृथ्वी का चाँद"
क्या मैरी क्यूरी के वैज्ञानिक काम ने भौतिकी और चिकित्सा के क्षेत्र को पूरी तरह से बदल दिया?,"मैरी स्कोलोडोव्स्का क्यूरी एक पोलिश और बाद में फ्रांसीसी नागरिक बनीं भौतिक विज्ञानी और रसायनज्ञ थीं, जिन्होंने रेडियोधर्मिता पर अग्रणी शोध किया। वह नोबेल पुरस्कार जीतने वाली पहली महिला थीं, दो बार नोबेल पुरस्कार जीतने वाली पहली व्यक्ति और एकमात्र महिला थीं, और दो अलग-अलग वैज्ञानिक क्षेत्रों (भौतिकी 1903 में, रसायन विज्ञान 1911 में) में नोबेल पुरस्कार जीतने वाली एकमात्र व्यक्ति थीं। उनकी उपलब्धियों में रेडियोधर्मिता के सिद्धांत का विकास, रेडियोधर्मी आइसोटोप को अलग करने की तकनीकें, और दो तत्वों, पोलोनियम और रेडियम की खोज शामिल है। उनके मार्गदर्शन में, दुनिया के पहले परमाणु भौतिकी के अध्ययन किए गए थे। पहले विश्व युद्ध के दौरान, उन्होंने चलती-फिरती रेडियोग्राफी इकाइयाँ स्थापित कीं, जिन्हें 'पेटिट क्यूरी' के नाम से जाना जाता था, ताकि फील्ड अस्पतालों को एक्स-रे सेवाएँ प्रदान की जा सकें, जिससे अनगिनत जानें बचीं।","हाँ, उनके काम ने दोनों क्षेत्रों को बहुत अधिक बदल दिया। उन्होंने न केवल रेडियोधर्मिता का सिद्धांत विकसित किया और दो तत्वों (पोलोनियम और रेडियम) की खोज की—जिसके लिए उन्हें अलग-अलग वैज्ञानिक क्षेत्रों में दो नोबेल पुरस्कार मिले—बल्कि उन्होंने पहले विश्व युद्ध के दौरान चलती-फिरती एक्स-रे इकाइयाँ लागू करके अपनी खोजों के तत्काल चिकित्सा उपयोग भी प्रदर्शित किए।"
"नीचे रसोई के ज़रूरी सामानों की सूची दी गई है। इनमें से कौन सी तीन चीज़ें, एक बार खुल जाने के बाद, खराब होने से बचाने के लिए फ्रिज में रखनी ज़रूरी हैं?","जैतून का तेल, सोया सॉस, शहद, मेपल सिरप, मेयोनीज़, मूंगफली का मक्खन (तैयार किया हुआ), केचप।","खोलने के बाद जिन तीन चीज़ों को फ्रिज में रखना एकदम ज़रूरी है, वो हैं मेयोनीज़, केचप और सोया सॉस। हालांकि मेपल सिरप और मूंगफली के मक्खन को ठंडी जगह पर रखने से फायदा होता है, लेकिन वे आमतौर पर बाहर (बिना फ्रिज के) रखे जा सकते हैं; जैतून का तेल और शहद को हमेशा कमरे के तापमान पर ही रखना चाहिए।"
"दिए गए पाठ के अनुसार, वर्ल्ड वाइड वेब का आविष्कार किसने किया, और इसे बनाते समय वह किस संस्था के साथ जुड़े हुए थे?","वर्ल्ड वाइड वेब (डब्ल्यूडब्ल्यूडब्ल्यू) का आविष्कार अंग्रेज़ कंप्यूटर वैज्ञानिक सर टिम बर्नर्स-ली ने तब किया था जब वह स्विट्ज़रलैंड में सर्न (परमाणु अनुसंधान के लिए यूरोपीय संगठन) में काम कर रहे थे। बर्नर्स-ली ने मार्च 1989 में एक प्रस्ताव लिखा था जिसमें एक सूचना प्रबंधन प्रणाली की रूपरेखा दी गई थी। बाद में, उन्होंने 1990 में क्रिसमस के आस-पास इंटरनेट के माध्यम से एक हाइपरटेक्स्ट ट्रांसफर प्रोटोकॉल (एचटीटीपी) क्लाइंट और सर्वर के बीच पहला सफल संचार लागू किया। पहली वेबसाइट का पता एचटीटीपी://इनफो.सर्न.सीएच/ था।",सर टिम बर्नर्स-ली ने सर्न (परमाणु अनुसंधान के लिए यूरोपीय संगठन) में काम करते हुए वर्ल्ड वाइड वेब का आविष्कार किया।
नोबेल पुरस्कार के संबंध में मैरी क्यूरी के पास कौन सी अनोखी विशेषताएँ हैं?,"मैरी स्कोलोडोव्स्का क्यूरी (जन्म: मारिया सलोमेया स्कोलोडोव्स्का; 7 नवंबर, 1867 – 4 जुलाई, 1934) एक पोलिश और फ्रांसीसी नागरिकता प्राप्त भौतिक शास्त्री और रसायन शास्त्री थीं, जिन्होंने रेडियोधर्मिता पर अग्रणी अनुसंधान किया। वह नोबेल पुरस्कार जीतने वाली पहली महिला थीं, पहली व्यक्ति और एकमात्र महिला थीं जिन्होंने नोबेल पुरस्कार दो बार जीता, और वह एकमात्र व्यक्ति थीं जिन्होंने दो वैज्ञानिक क्षेत्रों में नोबेल पुरस्कार जीता।","मैरी क्यूरी नोबेल पुरस्कार जीतने वाली पहली महिला थीं, पहली व्यक्ति और एकमात्र महिला थीं जिन्होंने नोबेल पुरस्कार दो बार जीता, और वह एकमात्र व्यक्ति थीं जिन्होंने दो अलग-अलग वैज्ञानिक क्षेत्रों में नोबेल पुरस्कार जीता।"
"दिए गए पाठ से, केवल मंगल के *रोवरों* के नाम और उनके उतरने के साल सूचीबद्ध करें। सूची को कालक्रम के अनुसार (सबसे पहले से सबसे आखिर तक) रोवर का नाम (साल) के प्रारूप में दिखाएँ।","सूरज से चौथा ग्रह, मंगल एक पथरीला ग्रह है जिसका वातावरण पतला है। इसके अन्वेषण में कई प्रमुख अभियान सहायक रहे हैं। वाइकिंग 1 और 2 लैंडर 1976 में सतह पर पहुँचे। 1997 में, नासा के पाथफाइंडर अभियान ने सफलतापूर्वक सोजॉर्नर रोवर को तैनात किया। इसके बाद, लंबे समय के भूवैज्ञानिक अध्ययन के लिए डिज़ाइन किए गए स्पिरिट और ऑपर्च्युनिटी रोवर 2004 में उतरे। हाल ही में, परसिवरेंस रोवर 2021 में जेज़ेरो क्रेटर में उतरा, जिसमें इन्जेनुइटी हेलीकॉप्टर था, जो किसी और दुनिया पर पहला शक्ति-चालित विमान है। आगामी योजनाबद्ध अभियानों में मंगल नमूना वापसी (एम.एस.आर.) अभियान शामिल है, जिसके 2028 के आसपास अपेक्षित होने की संभावना है।","सोजॉर्नर (1997), स्पिरिट (2004), ऑपर्च्युनिटी (2004), परसिवरेंस (2021)"
एक वाकई दमदार कवर लेटर (आवेदन पत्र) लिखने के लिए ज़रूरी कदम क्या हैं?,,"एक दमदार कवर लेटर सिर्फ़ लिखने वाले पर नहीं, बल्कि पढ़ने वाले पर ध्यान देता है। इन कदमों का पालन करें:

1. **गहरी जाँच और अपने मुताबिक बदलाव:** कभी भी बना-बनाया आम ढाँचा (टेम्पलेट) इस्तेमाल न करें। कंपनी के माहौल, उसके मकसद और नौकरी के विवरण में बताई गई ख़ास ज़रूरतों के बारे में अच्छी तरह जाँच-पड़ताल करें। अपनी सच्ची दिलचस्पी दिखाने के लिए कंपनी की हाल की किसी उपलब्धि या प्रोजेक्ट का ज़िक्र करें।
2. **ज़ोरदार शुरुआत:** पहले पैराग्राफ़ को तुरंत ध्यान खींचना चाहिए। 'मेरा नाम है...' से शुरुआत न करें। इसके बजाय, बताएँ कि आप ख़ास तौर पर योग्य क्यों हैं और *इस ख़ास* पद के लिए इतने उत्साहित क्यों हैं।
3. **सिर्फ़ बताएँ नहीं, करके दिखाएँ (नंबरों का इस्तेमाल करें):** यह कहने के बजाय कि 'मेरे पास अच्छी बातचीत के कौशल हैं,' किसी उपलब्धि का वर्णन गिनती में बताने लायक नतीजों के साथ करें (जैसे: 'मैंने हर हफ़्ते सक्रिय होकर रिपोर्टिंग करके ग्राहकों को जोड़े रखने की दर 15% बढ़ाई।')
4. **ख़ाली जगह को भरें:** अपने 2-3 बेहतरीन कौशलों को नौकरी के विवरण की मुख्य ज़रूरतों से सीधे तौर पर जोड़ें। दिखाएँ कि आप *उनकी* तुरंत वाली समस्याओं को कैसे हल करेंगे।
5. **छोटा अंत और आगे की कार्रवाई:** अपना उत्साह दोहराते हुए और अगला कदम सुझाते हुए मज़बूती से पत्र ख़त्म करें (जैसे: 'मैं इस बात पर चर्चा करने के लिए उत्सुक हूँ कि मेरा अनुभव टीम को तुरंत कैसे फ़ायदा पहुँचा सकता है।') पूरे पत्र को एक पेज से छोटा रखें।"
मुख्य विचार समझाएँ कि 'अटेंशन इज़ ऑल यू नीड' नामक शोधपत्र (पेपर) जीपीटी जैसे डीप लर्निंग मॉडल के लिए इतना क्रांतिकारी क्यों था।,,"यह क्रांतिकारी बदलाव ट्रांसफ़ॉर्मर आर्किटेक्चर के परिचय से आया, जिसने अनुक्रमिक प्रोसेसिंग के तरीकों (जैसे कि आरएनएन और एलएसटीएम) को पूरी तरह से छोड़कर, 'सेल्फ़-अटेंशन' प्रणाली का उपयोग करके समानांतर प्रोसेसिंग को अपनाया। सेल्फ़-अटेंशन मॉडल को यह सुविधा देता है कि वह इनपुट शृंखला के हर टोकन के महत्व और उनके आपसी संबंध को उसकी स्थिति की परवाह किए बिना, तुरंत एक ही समय में तौल (या जांच) सके। इस क्षमता ने लंबी दूरी की निर्भरताओं को संभालने में शानदार सुधार किया, जीपीयू पर समानांतर काम करने की अनुमति देकर ट्रेनिंग के समय को काफी तेज़ कर दिया, और आधुनिक बड़े भाषा मॉडल को बड़े पैमाने पर विकसित करना संभव बना दिया।"
कौन सा ग्रह अपनी बड़ी छल्लों वाली प्रणाली के लिए जाना जाता है? बृहस्पति या शनि,,शनि
पायथन की कल्पना किसने की और इसका विकास आधिकारिक तौर पर कब शुरू हुआ?,"पायथन, एक उच्च-स्तरीय, इंटरप्रेटेड (व्याख्यात्मक) प्रोग्रामिंग भाषा है, जिसकी कल्पना सबसे पहले गिडो वैन रोसम ने 1980 के दशक के अंत में की थी। इसका विकास दिसंबर 1989 में नीदरलैंड के सीडब्ल्यूआई में शुरू हुआ। वैन रोसम ने इस प्रोजेक्ट का नाम ब्रिटिश कॉमेडी समूह मोंटी पायथन के नाम पर रखा, क्योंकि वह उस समय *मोंटी पायथन्स फ़्लाइंग सर्कस* की पटकथाएँ पढ़ रहे थे। पायथन 1.0 जनवरी 1994 में जारी किया गया था। महत्वपूर्ण बात यह है कि इसकी डिज़ाइन फिलॉसफी (बनावट की सोच) कोड को पढ़ने में आसानी पर ज़ोर देती है, खासकर महत्वपूर्ण खाली जगहों (व्हाइटस्पेस) के उपयोग से।","गिडो वैन रोसम ने पायथन की कल्पना की, और इसका विकास दिसंबर 1989 में शुरू हुआ।"
रोसेटा पत्थर पर लिखा गया फरमान किस साल जारी किया गया था?,"रोसेटा पत्थर, जो मिस्र की चित्रलिपि को समझने की एक कुंजी है, उसे नेपोलियन के मिस्र अभियान के दौरान 1799 में पियरे-फ्रांस्वा बुशार नाम के एक फ्रांसीसी सिपाही ने खोजा था। इसमें वही फरमान तीन बार लिखा गया है, लेकिन तीन अलग लिपियों में: चित्रलिपि, डेमोटिक लिपि (उस समय की आम मिस्र की लिपि), और प्राचीन यूनानी। चूंकि विद्वान प्राचीन यूनानी को समझते थे, इसलिए इन समानांतर लेखों ने आखिर में लंबे समय से खो चुकी मिस्र की लेखन प्रणाली का अनुवाद करने का तरीका प्रदान किया। यह फरमान खुद 196 ईसा पूर्व का है, जिसे मेम्फिस में पुजारियों की एक परिषद द्वारा जारी किया गया था, और यह टॉलेमी पाँचवें के सम्मान में था।",196 ईसा पूर्व
एक हफ़्ते के सफ़र के लिए सिर्फ़ छोटा बैग (कैरी-ऑन) में सामान पैक करने की सबसे अच्छी तरकीबें क्या हैं?,,"शुरुआत सादे, हल्के रंग के ऐसे कपड़ों से करें जिन्हें आप आपस में बदल कर पहन सकें। कपड़ों को कम जगह में रखने और व्यवस्थित रहने के लिए पैकिंग वाली छोटी थैलियों का इस्तेमाल करें। जगह बचाने और सिकुड़न कम करने के लिए, हमेशा कपड़ों को तह करने की बजाय उन्हें मोड़कर (रोल करके) रखें। नहाने-धोने के सामान के लिए, तरल चीज़ों को सफ़र के साइज़ वाली दोबारा इस्तेमाल की जा सकने वाली बोतलों (3.4 औंस/100 मिलीलीटर से कम) में भरें, और जहाँ मुमकिन हो, शैम्पू की टिकिया जैसे ठोस (लिक्विड रहित) सामान का इस्तेमाल करें।"
"पाठ के अनुसार, 1884 में नरेंद्र के परिवार के साथ क्या हुआ, और इसका क्या नतीजा निकला?","Swami Vivekananda (/ˈswɑːmi ˌvɪveɪˈkɑːnəndə/; Bengali: [ʃami bibekanɔndo] (listen); 12 January 1863 – 4 July 1902), born Narendranath Datta (Bengali: [nɔrendronatʰ dɔto]), was an Indian Hindu monk, philosopher, author, religious teacher, and the chief disciple of the Indian mystic Sri Ramakrishna Paramahansa. He was a key figure in the introduction of Vedanta and Yoga to the Western world and is credited with raising interfaith awareness, and bringing Hinduism to the status of a major world religion. Vivekananda became a popular figure after the 1893 Parliament of Religions in Chicago, where he began his famous speech with the words, ""Sisters and brothers of America...,"" before introducing Hinduism to Americans. He was so impactful at the Parliament that an American newspaper described him as “an orator by divine right and undoubtedly the greatest figure at the Parliament”. After great success at the Parliament, in the subsequent years, Vivekananda delivered hundreds of lectures across the United States, England and Europe, disseminating the core tenets of Hindu philosophy, and founded the Vedanta Society of New York and the Vedanta Society of San Francisco (now Vedanta Society of Northern California), both of which became the foundations for Vedanta Societies in the West.

In 1881, Narendra first met Ramakrishna, who became his spiritual focus after his own father had died in 1884.

Narendra's first introduction to Ramakrishna occurred in a literature class at General Assembly's Institution when he heard Professor William Hastie lecturing on William Wordsworth's poem, The Excursion. While explaining the word ""trance"" in the poem, Hastie suggested that his students visit Ramakrishna of Dakshineswar to understand the true meaning of trance. This prompted some of his students (including Narendra) to visit Ramakrishna.

They probably first met personally in November 1881,[note 1] though Narendra did not consider this their first meeting, and neither man mentioned this meeting later. At this time, Narendra was preparing for his upcoming F. A. examination, when Ram Chandra Datta accompanied him to Surendra Nath Mitra's, house where Ramakrishna was invited to deliver a lecture. According to Makarand Paranjape, at this meeting Ramakrishna asked young Narendra to sing. Impressed by his singing talent, he asked Narendra to come to Dakshineshwar.

In late 1881 or early 1882, Narendra went to Dakshineswar with two friends and met Ramakrishna. This meeting proved to be a turning point in his life. Although he did not initially accept Ramakrishna as his teacher and rebelled against his ideas, he was attracted by his personality and began to frequently visit him at Dakshineswar. He initially saw Ramakrishna's ecstasies and visions as ""mere figments of imagination"" and ""hallucinations"". As a member of Brahmo Samaj, he opposed idol worship, polytheism and Ramakrishna's worship of Kali. He even rejected the Advaita Vedanta of ""identity with the absolute"" as blasphemy and madness, and often ridiculed the idea. Narendra tested Ramakrishna, who faced his arguments patiently: ""Try to see the truth from all angles"", he replied.

Narendra's father's sudden death in 1884 left the family bankrupt; creditors began demanding the repayment of loans, and relatives threatened to evict the family from their ancestral home. Narendra, once a son of a well-to-do family, became one of the poorest students in his college. He unsuccessfully tried to find work and questioned God's existence, but found solace in Ramakrishna and his visits to Dakshineswar increased.

One day, Narendra requested Ramakrishna to pray to goddess Kali for their family's financial welfare. Ramakrishna instead suggested him to go to the temple himself and pray. Following Ramakrishna's suggestion, he went to the temple thrice, but failed to pray for any kind of worldly necessities and ultimately prayed for true knowledge and devotion from the goddess. Narendra gradually grew ready to renounce everything for the sake of realising God, and accepted Ramakrishna as his Guru.

In 1885, Ramakrishna developed throat cancer, and was transferred to Calcutta and (later) to a garden house in Cossipore. Narendra and Ramakrishna's other disciples took care of him during his last days, and Narendra's spiritual education continued. At Cossipore, he experienced Nirvikalpa samadhi. Narendra and several other disciples received ochre robes from Ramakrishna, forming his first monastic order. He was taught that service to men was the most effective worship of God. Ramakrishna asked him to care of the other monastic disciples, and in turn asked them to see Narendra as their leader. Ramakrishna died in the early-morning hours of 16 August 1886 in Cossipore.","1884 में नरेंद्र के पिता की अचानक मृत्यु हो गई, जिससे परिवार दिवालिया हो गया। नतीजतन, कर्ज देने वालों ने कर्ज़ वापस माँगना शुरू कर दिया, और रिश्तेदारों ने उन्हें उनके पुश्तैनी घर से निकालने की धमकी दी।"
"दिए गए पाठ के आधार पर, आधुनिक इंटरनेट की नींव किन मुख्य घटनाओं और तकनीकों से पड़ी?","इंटरनेट की शुरुआत पैकेट स्विचिंग के विकास और अर्पानेट (उन्नत शोध परियोजना एजेंसी नेटवर्क) के निर्माण से हुई। 1960 के दशक की शुरुआत में एमआईटी के जे.सी.आर. लिकलाइडर द्वारा परिकल्पित, अर्पानेट को शुरू में अमेरिकी रक्षा विभाग द्वारा वित्त पोषित किया गया था। पहला संदेश 29 अक्टूबर 1969 को अर्पानेट पर यूसीएलए की कंप्यूटर साइंस प्रयोगशाला और स्टैनफोर्ड रिसर्च इंस्टीट्यूट (एसआरआई) के बीच भेजा गया था। संदेश 'लॉगिन' होना चाहिए था, लेकिन पहले दो अक्षरों, 'एलओ' के बाद सिस्टम क्रैश हो गया। 1971 में, रे टॉमलिंसन ने ईमेल का आविष्कार किया, जो जल्द ही पहला वास्तव में लोकप्रिय एप्लीकेशन बन गया। वह प्रोटोकॉल जिसने अंततः आधुनिक इंटरनेट की संरचना को परिभाषित किया, टीसीपी/आईपी (ट्रांसमिशन कंट्रोल प्रोटोकॉल/इंटरनेट प्रोटोकॉल), को 1978 में विंट सर्फ़ और बॉब कान द्वारा मानकीकृत किया गया था। अर्पानेट औपचारिक रूप से 1990 में समाप्त हो गया, लेकिन इसकी अंतर्निहित तकनीक और टीसीपी/आईपी ढांचे ने पहले ही वर्ल्ड वाइड वेब के लिए आधार स्थापित कर दिया था, जिसे टिम बर्नर्स-ली ने बाद में 1991 में पेश किया।","आधुनिक इंटरनेट की नींव पैकेट स्विचिंग और अर्पानेट के विकास से शुरू हुई, जिसे अमेरिकी रक्षा विभाग द्वारा वित्त पोषित किया गया था। मुख्य तकनीकी विकास में 1969 में अर्पानेट पर पहला संदेश भेजना, 1971 में रे टॉमलिंसन द्वारा ईमेल का आविष्कार, और 1978 में विंट सर्फ़ और बॉब कान द्वारा टीसीपी/आईपी का मानकीकरण शामिल हैं। इस टीसीपी/आईपी ढांचे ने वर्ल्ड वाइड वेब के लिए आधार तैयार किया, जिसे टिम बर्नर्स-ली ने 1991 में पेश किया।"
"बताइए कि ये जानवर (प्लैटिपस, मगरमच्छ) स्तनधारी हैं या सरीसृप।",,"प्लैटिपस एक स्तनधारी है, और मगरमच्छ एक सरीसृप है।"
कृत्रिम बुद्धिमत्ता (एआई) के तेज़ी से विकास के संबंध में इंसानियत के लिए सबसे बड़ा ख़तरा क्या है?,,"सबसे बड़ा ख़तरा यह नहीं है कि एआई जागकर हमें मिटाने का फ़ैसला करेगा, बल्कि यह इंसान के मक़सद का चुपचाप, धोखे से कमज़ोर होना और ताक़त का बहुत ज़्यादा केंद्रीकरण (एक जगह जमा होना) है। जब दिमागी काम पूरी तरह से अपने आप होने लगेगा, तो ज़्यादातर लोगों के लिए क्या रह जाएगा? हम एक 'बेकार तबका' बनाने का ख़तरा मोल ले रहे हैं, जिसे पूरी तरह से उन गिनी-चुनी ताकतों की मेहरबानी पर निर्भर रहना पड़ेगा जो इन महा-बुद्धिमान सिस्टमों को चलाते हैं। इसके अलावा, जिस तेज़ी से यह तकनीक बढ़ रही है, वह नियम-कानूनों के दायरे और लोकतांत्रिक निगरानी को नज़रअंदाज़ कर देती है। हम असल में दुनिया को बेहतर बनाने (वैश्विक बेहतरी) की बागडोर उन सिस्टमों को सौंप रहे हैं जिनके मुख्य लक्ष्य अनजाने में इंसानों के लिए नुकसानदेह हो सकते हैं, सिर्फ इसलिए क्योंकि वे लक्ष्य बहुत सीमित तरीके से तय किए गए हैं (जैसे: ज़्यादा से ज़्यादा मुनाफ़ा कमाना, ज़्यादा से ज़्यादा तेज़ी/कार्यक्षमता बढ़ाना)। असली ख़तरा है काम करने की आज़ादी खो देना और एक ऐसी दुनिया का बनना जहाँ इंसानों के फ़ैसले लेने के तरीक़े को बेतरतीब, धीमा और गैर-ज़रूरी माना जाएगा। हमें यह पक्का करना होगा कि जब हम और भी ज़्यादा होशियार मशीनें बनाते हैं, तो उसी वक़्त हम इंसानी रचनात्मकता (क्रिएटिविटी), हमदर्दी (सहानुभूति) और विकेंद्रीकृत नियंत्रण को भी अहमियत दें, वरना हम तरक्की के बदले में गुलामी हासिल कर लेंगे।"
उन सालों और उनसे जुड़े वैज्ञानिक क्षेत्रों को बताएं जिनके लिए मैरी क्यूरी को नोबेल पुरस्कार मिला था।,"मैरी सलोमेआ स्कलोडोवस्का क्यूरी (जन्म मारिया सलोमेआ स्कलोडोवस्का, 7 नवंबर 1867 – 4 जुलाई 1934) एक पोलिश और बाद में फ्रांसीसी नागरिकता प्राप्त करने वाली भौतिक विज्ञानी और रसायनज्ञ थीं, जिन्होंने रेडियोधर्मिता पर अहम शोध किया। वह नोबेल पुरस्कार जीतने वाली पहली महिला थीं, नोबेल पुरस्कार दो बार जीतने वाली पहली व्यक्ति और अकेली महिला थीं, और दो अलग-अलग वैज्ञानिक क्षेत्रों में नोबेल पुरस्कार जीतने वाली अकेली व्यक्ति थीं। वह पेरिस विश्वविद्यालय में प्रोफेसर बनने वाली भी पहली महिला थीं। 1903 में, उन्होंने भौतिकी का नोबेल पुरस्कार अपने पति पियरे क्यूरी और भौतिक विज्ञानी हेनरी बेकरेल के साथ साझा किया था, यह उनके संयुक्त शोध के लिए था जो बेकरेल द्वारा खोजे गए विकिरण की घटनाओं पर आधारित था। 1911 में, उन्हें रेडियम और पोलोनियम तत्वों की खोज के लिए रसायन विज्ञान का नोबेल पुरस्कार मिला।","1903 (भौतिकी), 1911 (रसायन विज्ञान)"
मैरी क्यूरी के पास नोबेल पुरस्कार से जुड़ी क्या खास उपलब्धियां हैं?,"मैरी स्क्लाडोव्स्का क्यूरी पोलैंड की थीं और बाद में फ्रांसीसी नागरिक बन गईं। वह एक भौतिक शास्त्री और रसायन शास्त्री थीं जिन्होंने रेडियोधर्मिता पर अग्रणी शोध किया। वह नोबेल पुरस्कार जीतने वाली पहली महिला थीं, दो बार नोबेल पुरस्कार जीतने वाली पहली व्यक्ति और इकलौती महिला थीं, और दो अलग-अलग वैज्ञानिक क्षेत्रों (भौतिकी और रसायन विज्ञान) में नोबेल पुरस्कार जीतने वाली एकमात्र व्यक्ति थीं। वह पेरिस विश्वविद्यालय में पहली महिला प्रोफेसर भी थीं।","वह नोबेल पुरस्कार जीतने वाली पहली महिला थीं, दो बार नोबेल पुरस्कार जीतने वाली पहली व्यक्ति और इकलौती महिला थीं, और दो अलग-अलग वैज्ञानिक क्षेत्रों (भौतिकी और रसायन विज्ञान) में नोबेल पुरस्कार जीतने वाली एकमात्र व्यक्ति थीं।"
"फ़ीफ़ा विश्व कप के इतिहास में सबसे ऊपर के 5 गोल दागने वालों की सूची, उनके गोलों की संख्या और राष्ट्रीयता के साथ बताओ।",,"1. मिरोस्लाव क्लोस (जर्मनी) - 16 गोल
2. रोनाल्डो (ब्राज़ील) - 15 गोल
3. गेर्ड म्युलर (पश्चिमी जर्मनी) - 14 गोल
4. जस्ट फ़ॉन्टेन (फ़्रांस) - 13 गोल
5. पेले (ब्राज़ील) - 12 गोल"
"दिए गए पाठ के आधार पर, गैलीलियो के उपग्रहों की चार ख़ास विशेषताएँ क्या हैं? अपने उत्तर को बुलेट सूची के रूप में सूचीबद्ध करें।","बृहस्पति के आधिकारिक तौर पर 95 पुष्ट उपग्रह हैं, लेकिन चार सबसे बड़े उपग्रह, जिन्हें गैलीलियो के उपग्रहों के रूप में जाना जाता है, सबसे ज़्यादा मशहूर हैं। इनकी खोज गैलीलियो गैलीली ने 1610 में की थी। बृहस्पति से बढ़ती दूरी के क्रम में ये उपग्रह हैं: आईओ, यूरोपा, गेनीमीड, और कैलिस्टो। आईओ सौर मंडल में सबसे ज़्यादा ज्वालामुखी रूप से सक्रिय पिंड है। यूरोपा अपनी ज़मीन के नीचे मौजूद तरल पानी के महासागर के लिए अनोखा है, जो इसे जीवन की खोज के लिए एक ज़रूरी लक्ष्य बनाता है। गेनीमीड सबसे बड़ा उपग्रह है, यह तो ग्रह बुध से भी बड़ा है, और यह एकमात्र ऐसा उपग्रह है जिसके पास अपना खुद का चुंबकीय क्षेत्र होने की जानकारी है। कैलिस्टो की सतह पूरे समूह में सबसे पुरानी और सबसे ज़्यादा गड्ढों वाली है।","* सौर मंडल में सबसे ज़्यादा ज्वालामुखी रूप से सक्रिय पिंड।
* ज़मीन के नीचे तरल पानी का महासागर।
* एकमात्र ज्ञात उपग्रह जिसके पास अपना खुद का चुंबकीय क्षेत्र है।
* समूह में सबसे पुरानी और सबसे ज़्यादा गड्ढों वाली सतह।"
ख़ाली जगह में प्रकाश की अंदाजन रफ़्तार क्या है?,,"लगभग 299,792,458 मीटर प्रति सेकंड"
विलियम शेक्सपियर के कार्यों की असली लेखकता के सबूतों का विश्लेषण करें और सबसे मज़बूत परिकल्पना पेश करें।,,"विलियम शेक्सपियर के माने जाने वाले नाटकों और कविताओं को असल में किसने लिखा—जिसे 'शेक्सपियर की लेखकता का सवाल' कहा जाता है—यह साहित्य की सबसे लंबी चलने वाली बहसों में से एक है। पारंपरिक या मान्य मत, जिसे 'स्ट्रैटफ़ोर्डियन विचार' कहा जाता है, यह मानता है कि स्ट्रैटफ़ोर्ड-अपॉन-एवन के विलियम शेक्सपियर ही एकमात्र लेखक थे। इस बात का समर्थन कानूनी दस्तावेज़ों, उस समय छपे हुए शीर्षकों, और गवाही के सबूतों (जैसे बेन जॉनसन की फर्स्ट फोलियो में की गई तारीफ़) से मिलता है।

हालांकि, 'एंटी-स्ट्रैटफ़ोर्डियनवाद' के नाम से जाना जाने वाला आंदोलन तर्क देता है कि इन रचनाओं में जिस शिक्षा, शाही दरबार के जीवन की जानकारी, विदेश यात्रा और गहन कानूनी तथा शास्त्रीय ज्ञान की झलक मिलती है, वह स्ट्रैटफ़ोर्ड के उस व्यापारी की ज्ञात जीवनी से मेल नहीं खाती।

सबसे प्रमुख वैकल्पिक दावेदार अक्सर एडवर्ड डी वियर, जो ऑक्सफोर्ड के 17वें अर्ल थे, माने जाते हैं ('ऑक्सफ़ोर्डियन सिद्धांत')। समर्थक उनके जीवन और नाटकों के विषयों/पात्रों के बीच जीवनी संबंधी समानताएं, उनकी कुलीन स्थिति जिसके कारण दरबार की गहरी जानकारी समझ आती है, और उनकी मृत्यु का समय जो नई शेक्सपियरियन रचनाओं के बंद होने के साथ मेल खाता है, इन बातों की ओर इशारा करते हैं।

ऑक्सफ़ोर्डियन और अन्य वैकल्पिक सिद्धांतवादियों (जैसे बेकोनियन, जो फ्रांसिस बेकन का समर्थन करते हैं) द्वारा पेश किए गए रोचक और अक्सर विस्तृत तर्कों के बावजूद, मुख्यधारा की अकादमिक साहित्यिक आलोचना के भीतर भारी बहुमत की सहमति यही बनी हुई है कि स्ट्रैटफ़ोर्ड के विलियम शेक्सपियर ही लेखक थे। हालांकि ये वैकल्पिक मत दिलचस्प पहेलियाँ पेश करते हैं, लेकिन वे अक्सर परिस्थितिजन्य सबूतों, रहस्यमय कोडों और इस अत्यधिक व्यक्तिपरक धारणा पर निर्भर करते हैं कि शेक्सपियर की साधारण पृष्ठभूमि उन्हें प्रतिभा के लायक नहीं बनाती। इसलिए, सबसे मज़बूत परिकल्पना पारंपरिक वाली ही बनी हुई है, जिसे ऐतिहासिक दस्तावेज़ीकरण का समर्थन प्राप्त है, भले ही नाटकों की गहराई आज भी वैकल्पिक अटकलों को प्रेरित करती रहती है।"
"नीचे दिए गए जानवरों को उनके मुख्य आहार के आधार पर श्रेणी में बाँटें: शाकाहारी, मांसाहारी या सर्वाहारी।","शेर, भालू, गाय, भेड़िया, इंसान, खरगोश","मांसाहारी: शेर, भेड़िया
शाकाहारी: गाय, खरगोश
सर्वाहारी: भालू, इंसान"
जे.आर.आर. टॉल्किन की ‘द लॉर्ड ऑफ द रिंग्स’ में शक्ति के तीन मुख्य एल्फ छल्लों (rings) के नाम बताओ।,,"तीन एल्फ छल्ले, जिन्हें सॉरोन के सीधे असर से बचाकर रखा गया था, वे हैं: विल्या (हवा का छल्ला, जो एलरोन्ड पहनते थे), नेन्या (पानी का छल्ला, जो गैलाड्रियल पहनती थीं), और नर्या (आग का छल्ला, जो गैन्डाल्फ पहनते थे)।"
नीचे दिए गए तत्वों के रासायनिक संकेत क्रम से लिखें:,"सोना, चाँदी, लोहा, पोटैशियम, सोडियम, सीसा, टंगस्टन, पारा","एयू, एजी, एफई, के, एनए, पीबी, डब्ल्यू, एचजी"
"निम्नलिखित पदार्थों में से कौन-कौन से सामान्य तापमान और दबाव पर गैस हैं: हीलियम, लोहा, नियॉन, सोना, क्लोरीन, सिलिकॉन, ऑक्सीजन, गंधक, कार्बन डाइऑक्साइड, एल्युमिनियम।",,"हीलियम, नियॉन, क्लोरीन, ऑक्सीजन, और कार्बन डाइऑक्साइड सामान्य तापमान और दबाव पर गैस होते हैं।"
बड़े संस्थानों के लिए ऐप बनाने में पायथन और जावा की तुलना और अंतर बताएं।,,"पायथन को अक्सर तुरंत मॉडल बनाने (रैपिड प्रोटोटाइपिंग) और छोटे, ज़्यादा फुर्तीले ऐप्स के लिए पसंद किया जाता है। इसकी वजह इसका साफ़ सिंटैक्स और विस्तृत लाइब्रेरी है, ख़ासकर डेटा प्रोसेसिंग और एआई/एमएल सेवाओं में। हालाँकि, यह एक इंटरप्रेटेड भाषा है, जिसका मतलब है कि यह जावा की तुलना में चलने के समय धीमा हो सकता है, और इसकी डायनामिक टाइपिंग बहुत बड़े कोडबेस में ग़लतियाँ पैदा कर सकती है। इसके विपरीत, जावा अपनी 'एक बार लिखो, कहीं भी चलाओ' की सोच के लिए जाना जाता है, जो जेवीएम (जावा वर्चुअल मशीन) की वजह से संभव है। यह बैंकिंग या ई-कॉमर्स प्लेटफॉर्म जैसे बड़े संस्थागत सिस्टमों के लिए ज़रूरी मज़बूत विस्तार क्षमता और उच्च प्रदर्शन प्रदान करता है। जावा की स्टैटिक टाइपिंग में ज़्यादा विस्तृत कोडिंग की ज़रूरत होती है, लेकिन यह कड़े नियंत्रण को लागू करती है, जिससे यह बहुत भरोसेमंद बन जाती है और बड़ी टीमों के लिए लंबे समय तक इसे बनाए रखना आसान हो जाता है। जबकि पायथन को सीखना शुरू करना आसान है, जावा उन जगहों पर प्रमुख विकल्प बना रहता है जहाँ पूरी गति, स्थिरता, और पुरानी कॉर्पोरेट बुनियादी ढाँचे के साथ गहरा जुड़ाव सबसे ज़्यादा ज़रूरी होता है।"
एप्पल इंक. के शुरूआती सह-संस्थापकों के नाम बताओ।,,"एप्पल इंक. के शुरूआती सह-संस्थापक स्टीव जॉब्स, स्टीव वोजनियाक, और रोनाल्ड वेन थे।"
नीचे दी गई चीज़ों को इस आधार पर बाँटें कि वे मुख्य रूप से गणित या साहित्य से जुड़ी हैं।,"कलन, चतुर्दशपदी, बीजगणित, रूपक, द्विघात समीकरण, मुक्त छंद, अस्तित्ववाद, अभाज्य संख्या, महाकाव्य, प्रायिकता","गणित: कलन, बीजगणित, द्विघात समीकरण, अभाज्य संख्या, प्रायिकता
साहित्य: चतुर्दशपदी, रूपक, मुक्त छंद, अस्तित्ववाद, महाकाव्य"
गैर-पक्षी डायनासोरों के विलुप्त होने के संबंध में सबसे प्रमुख वैज्ञानिक सिद्धांत क्या है?,,"सबसे प्रमुख वैज्ञानिक सिद्धांत 'अल्वारेज़ परिकल्पना' है, जो यह मानती है कि लगभग 66 मिलियन साल पहले पृथ्वी से एक बहुत बड़ा क्षुद्रग्रह टकराया था। इस टक्कर की जगह को युकाटन प्रायद्वीप में 'चिकसुलूब क्रेटर' के नाम से जाना जाता है। इस टक्कर से बहुत ज़्यादा ऊर्जा निकली और, सबसे ज़रूरी बात यह है कि, बहुत बड़ी मात्रा में धूल, सल्फर, और मलबा वातावरण में फेंक दिया गया। वातावरण में इस रुकावट के कारण तेज़ी से और लंबे समय तक चलने वाला 'टकराव-जनित जाड़ा' पड़ा जिसने प्रकाश संश्लेषण को रोक दिया, वैश्विक खाद्य श्रृंखला को ध्वस्त कर दिया, और गैर-पक्षी डायनासोरों सहित लगभग 75% सभी प्रजातियों के विलुप्त होने का कारण बना।"
अपोलो 11 मिशन का क्या महत्व था?,"अपोलो 11 वह अंतरिक्ष यात्रा थी जिसने पहले दो मनुष्यों को चंद्रमा पर उतारा था। कमांडर नील आर्मस्ट्रांग और चंद्र मॉड्यूल पायलट बज एल्ड्रिन ने 20 जुलाई, 1969 को 20:17 यूटीसी पर अपोलो चंद्र मॉड्यूल ईगल को उतारा। आर्मस्ट्रांग छह घंटे बाद 21 जुलाई को चंद्रमा की सतह पर कदम रखने वाले पहले व्यक्ति बने; एल्ड्रिन लगभग 20 मिनट बाद उनसे जुड़े। उन्होंने अंतरिक्ष यान के बाहर लगभग सवा दो घंटे साथ बिताए, और धरती पर वापस लाने के लिए चंद्रमा की 47.5 पाउंड (21.5 किलोग्राम) सामग्री जमा की। मिशन के तीसरे सदस्य, माइकल कॉलिन्स, ने अकेले चंद्र कक्षा में कमांड मॉड्यूल कोलंबिया को उड़ाया। अपोलो 11 ने प्रभावी रूप से अंतरिक्ष दौड़ को समाप्त कर दिया और राष्ट्रपति जॉन एफ. कैनेडी द्वारा 1961 में निर्धारित एक राष्ट्रीय लक्ष्य को पूरा किया: 'इस दशक के खत्म होने से पहले, एक इंसान को चंद्रमा पर उतारना और उसे सुरक्षित रूप से धरती पर वापस लाना।'","अपोलो 11 मिशन, जिसने जुलाई 1969 में नील आर्मस्ट्रांग और बज एल्ड्रिन को सफलतापूर्वक चंद्रमा पर उतारा, का बहुत बड़ा ऐतिहासिक महत्व है, मुख्य रूप से इसलिए क्योंकि इसने राष्ट्रपति जॉन एफ. कैनेडी द्वारा दशक की शुरुआत में किए गए साहसी वादे को पूरा किया। इसकी सफलता ने प्रभावी रूप से अंतरिक्ष दौड़ नामक उच्च दांव वाली तकनीकी प्रतिस्पर्धा को समाप्त कर दिया, जिसने शीत युद्ध के दौरान सोवियत संघ पर संयुक्त राज्य अमेरिका की जबरदस्त तकनीकी क्षमता का प्रदर्शन किया। राजनीतिक और प्रतिस्पर्धात्मक निहितार्थों से परे, अपोलो 11 एक प्रमुख सांस्कृतिक मोड़ के रूप में उभरा, जिसने वैश्विक दर्शकों को मोहित किया और एक पीढ़ी को वैज्ञानिक प्रयासों की ओर प्रेरित किया। इस मिशन से महत्वपूर्ण वैज्ञानिक लाभ भी हुए, जिसमें चंद्रमा के नमूनों का संग्रह शामिल था, जिसने वैज्ञानिकों को पृथ्वी के उपग्रह के भूवैज्ञानिक इतिहास को एक साथ जोड़ना शुरू करने की अनुमति दी। अंततः, अपोलो 11 मानव इतिहास की सबसे गहन उपलब्धियों में से एक है, जो मानवता की उन लक्ष्यों तक पहुँचने की क्षमता का प्रतीक है जो पहले केवल विज्ञान कथाओं तक ही सीमित थे।"
"कॉलेज ऑफ़ बोका रैटन लिन विश्वविद्यालय कब बना, और यह नाम किसके सम्मान में रखा गया था?","यह संस्थान सबसे पहले 1962 में मेरीमाउंट कॉलेज के रूप में खुला, जो सैक्रिड हार्ट ऑफ़ मैरी के धार्मिक समूह (आरएसएचएम) द्वारा स्थापित महिलाओं का एक जूनियर कॉलेज था। आर्थिक तंगी के कारण मेरीमाउंट कॉलेज ने अपनी लाइब्रेरी की किताबें बेचने की कोशिश की। डोनाल्ड ई. रॉस लाइब्रेरी खरीदने के लिए कैंपस आए, लेकिन वह संस्थान से इतने प्रभावित हुए कि उन्होंने वहीं रुकने और इसे सफल बनाने में मदद करने का फैसला किया। 1971 में, बदलाव का दौर शुरू हुआ, और संस्थान को एक गैर-धार्मिक बोर्ड के नियंत्रण में रखा गया। उस समय, डोनाल्ड ई. रॉस को अध्यक्ष नामित किया गया था। 1974 में, नाम बदलकर कॉलेज ऑफ़ बोका रैटन कर दिया गया। कॉलेज को 1986 में लेवल II की मान्यता प्रदान की गई। 1988 में, इसे लेवल III की मान्यता दी गई। इस दौरान, इसे एक दो वर्षीय संस्थान से चार वर्षीय कॉलेज में बदल दिया गया, जिसमें मास्टर्स (स्नातकोत्तर) कार्यक्रम भी शामिल था।

बोका रैटन में लिन विश्वविद्यालय का प्रवेश द्वार
कॉलेज ऑफ़ बोका रैटन 1991 में लिन विश्वविद्यालय बन गया, ताकि अपने दानदाताओं, लिन परिवार को सम्मान दिया जा सके।

2003–2004 में, डोनाल्ड ई. रॉस को $5,000,000 से अधिक का वेतन दिया गया, जिससे वह उस समय राष्ट्र में कॉलेज या विश्वविद्यालय के सबसे अधिक वेतन पाने वाले अध्यक्ष बन गए। लिन विश्वविद्यालय ने रॉस के प्रदर्शन और 35 वर्षों की सेवा अवधि को ध्यान में रखते हुए, उनके लिए एक उचित सेवानिवृत्ति मुआवजा पैकेज निर्धारित करने हेतु राष्ट्रीय लेखांकन फर्म केपीएमजी को नियुक्त किया। (""बजट संबंधी चिंताओं के कारण दशकों तक कोई सेवानिवृत्ति लाभ आवंटित न होने की भरपाई के लिए बनाया गया यह धन का प्रवाह उनके नियोजित जून 2006 की सेवानिवृत्ति के लिए $4.5 मिलियन से अधिक अलग रखा गया था)। यह विश्वविद्यालय के दान निधि (एंडोमेंट) का एक तिहाई हिस्सा था। 1 जुलाई 2006 को, रॉस विश्वविद्यालय के अध्यक्ष के रूप में 35 साल बाद सेवानिवृत्त हुए; केविन एम. रॉस ने अपने पिता के बाद पद संभाला।

22 अक्टूबर 2012 को, विश्वविद्यालय ने अमेरिकी राष्ट्रपति बराक ओबामा और मैसाचुसेट्स के पूर्व गवर्नर मिट रोमनी के बीच 2012 की तीसरी और अंतिम अमेरिकी राष्ट्रपति बहस की मेजबानी की, जो अमेरिकी विदेश नीति से संबंधित थी। यह बहस कीथ सी. और ऐलेन जॉनसन वर्ल्ड परफ़ॉर्मिंग आर्ट्स सेंटर में आयोजित की गई थी और इसका संचालन सीबीएस न्यूज़ के पत्रकार बॉब शिफ़र ने किया था।","कॉलेज ऑफ़ बोका रैटन 1991 में लिन विश्वविद्यालय बन गया, ताकि अपने दानदाताओं, लिन परिवार को सम्मान दिया जा सके।"
पृथ्वी के अंदरूनी भाग का मुख्य घटक कौन सी धातु है?,"पृथ्वी का भीतरी भाग एक ठोस गोला है जो मुख्य रूप से लोहा-निकेल मिश्र धातु से बना है, जिसमें हल्के तत्वों की थोड़ी सी मात्रा भी शामिल है। वैज्ञानिक मॉडल बताते हैं कि लोहा (Fe) इसके द्रव्यमान का लगभग 90% हिस्सा होता है।","लोहा, निकेल के साथ मिलकर।"
पुनर्जागरण का महत्व समझाओ।,"पुनर्जागरण यूरोपीय इतिहास का एक काल था, जो 14वीं और 16वीं सदियों के बीच की अवधि को कवर करता है। इसकी शुरुआत उत्तर मध्यकाल में इटली में एक सांस्कृतिक आंदोलन के रूप में हुई और बाद में यह बाकी यूरोप में फैल गया, जिसने मध्यकाल से आधुनिकता की ओर बदलाव को चिह्नित किया। इसकी मुख्य विशेषताओं में प्राचीन शास्त्रीयता में नई रुचि, मानववादी दर्शन का उदय, और कला, वास्तुकला, तथा विज्ञान में क्रांतिकारी विकास शामिल थे। प्रमुख हस्तियों में लिओनार्डो दा विंची, माइकल एंजेलो, और राफेल शामिल हैं, जिन्होंने परिप्रेक्ष्य और प्रकृतिवाद जैसी तकनीकों की शुरुआत की। गुटेनबर्ग द्वारा छपाई मशीन के आविष्कार ने इस दौरान विचारों के प्रसार को बहुत तेज़ी दी, जिससे ज्ञान मठों के माहौल से निकलकर सार्वजनिक क्षेत्र में आ गया।","पुनर्जागरण अत्यंत महत्वपूर्ण था क्योंकि इसने पश्चिमी सोच और संस्कृति की दिशा को मौलिक रूप से बदल दिया। इसने मध्यकाल के ईश्वर-केंद्रित ध्यान से हटकर मानवतावाद के रूप में जाने जाने वाले मानव-केंद्रित विश्व दृष्टिकोण की ओर बदलाव को चिह्नित किया। इस दार्शनिक बदलाव ने कलाओं में ज़बरदस्त तरक्की को प्रेरित किया, जिससे ऐसी उत्कृष्ट कृतियाँ सामने आईं जिन्होंने यथार्थवाद, व्यक्तिगत उपलब्धि और शास्त्रीय आदर्शों पर ज़ोर दिया। इसके अलावा, अनुभवजन्य अवलोकन और आलोचनात्मक जाँच पर ज़ोर देने से वैज्ञानिक क्रांति का आधार तैयार हुआ। पुनर्जागरण ने केवल पुराने ज्ञान को फिर से नहीं खोजा; इसने बौद्धिक और सांस्कृतिक नींव स्थापित की—जिसमें संदेहवाद, व्यक्तिवाद, और तर्कसंगत जाँच शामिल हैं—जो आधुनिक युग को परिभाषित करती हैं।"
एलारा वैन्स ने अपने दूसरे उपन्यास के लिए कौन से पुरस्कार जीते?,"एलारा वैन्स एक विज्ञान कथा लेखिका हैं जो अपनी दुनिया के शानदार ताने-बाने के लिए जानी जाती हैं। उनका पहला उपन्यास, *द क्रोनोस गैम्बिट*, 2018 में प्रकाशित हुआ था और यह नेबुला पुरस्कार के लिए अंतिम उम्मीदवार था। उनके दूसरे उपन्यास, *इकोज़ ऑफ़ द वॉयड* (2021), ने सर्वश्रेष्ठ विज्ञान कथा उपन्यास के लिए लोकस पुरस्कार और सर्वश्रेष्ठ उपन्यास के लिए प्रोमेथियस पुरस्कार जीता। वह वर्तमान में त्रयी की तीसरी कड़ी, *स्टारलाइट इंजन*, पर काम कर रही हैं।",एलारा वैन्स ने *इकोज़ ऑफ़ द वॉयड* के लिए सर्वश्रेष्ठ विज्ञान कथा उपन्यास का लोकस पुरस्कार और सर्वश्रेष्ठ उपन्यास का प्रोमेथियस पुरस्कार जीता।
रोज़ेटा पत्थर का ऐतिहासिक महत्व क्या है?,"रोज़ेटा पत्थर ग्रैनोडायोराइट से बना एक शिलालेख (शिलापट्ट) है, जिस पर 196 ईसा पूर्व में मिस्र के मेम्फिस शहर में टॉलेमी राजवंश के दौरान राजा टॉलेमी पंचम की ओर से जारी किए गए एक फरमान के तीन रूप (संस्करण) लिखे हुए हैं। सबसे ऊपर का पाठ प्राचीन मिस्री चित्रलिपि (हायरोग्लिफ़) में है, बीच का हिस्सा डेमोटिक लिपि में है, और सबसे नीचे का प्राचीन यूनानी (ग्रीक) में है। चूंकि यही पाठ तीन अलग-अलग लिपियों में मौजूद है — और विद्वान अभी भी प्राचीन यूनानी पढ़ सकते थे — इसलिए इस पत्थर ने मिस्री चित्रलिपि को समझने की कुंजी (चाबी) प्रदान की। 1822 में मुख्य रूप से ज्यां-फ्रांस्वा शैम्पोलियन को श्रेय दी गई इस खोज ने मिस्रविज्ञान में क्रांति ला दी और इतिहासकारों को पहली बार लाखों प्राचीन मिस्री ग्रंथों को पढ़ने की अनुमति मिली।","रोज़ेटा पत्थर ऐतिहासिक रूप से महत्वपूर्ण है क्योंकि इसमें प्राचीन मिस्री चित्रलिपि, डेमोटिक लिपि और प्राचीन यूनानी में लिखा हुआ एक ही पाठ शामिल है। इस समान पाठ ने विद्वानों, खासकर ज्यां-फ्रांस्वा शैम्पोलियन को, मिस्री चित्रलिपि को सफलतापूर्वक समझने की अनुमति दी, जिससे आधुनिक मिस्रविज्ञान की नींव पड़ी।"
नीचे दिए गए पाठ के आधार पर रोसेटा पत्थर का वर्णन करने वाली मुख्य/ज़रूरी बातों की पहचान करें।,"रोसेटा पत्थर एक ऐसा शिलालेख (पत्थर का स्तंभ) है जो ग्रैनोडायोराइट से बना है। इस पर राजा टॉलेमी पाँचवें की ओर से टॉलेमी राजवंश के दौरान 196 ईसा पूर्व में मिस्र के मेम्फिस में जारी किए गए एक फ़रमान के तीन अलग-अलग संस्करण खुदे हुए हैं। ऊपरी और बीच के पाठ क्रमशः चित्रलिपि और डेमोटिक लिपियों में लिखे गए हैं, जबकि सबसे नीचे का पाठ प्राचीन यूनानी भाषा में है। चूँकि इसमें तीनों लिपियों में लगभग एक ही पाठ मौजूद है, इसलिए इसने मिस्र की चित्रलिपि को पढ़ने (समझने) की कुंजी प्रदान की।","1. सामग्री: यह ग्रैनोडायोराइट से बना एक शिलालेख/पत्थर का स्तंभ है। 
2. सामग्री और तारीख: इसमें राजा टॉलेमी पाँचवें के लिए टॉलेमी राजवंश के दौरान 196 ईसा पूर्व में मेम्फिस में जारी किए गए एक फ़रमान के तीन संस्करण शामिल हैं।
3. इस्तेमाल की गई लिपियाँ: पाठ चित्रलिपि (ऊपर), डेमोटिक (बीच में), और प्राचीन यूनानी (नीचे) में लिखे गए हैं।
4. महत्त्व: यह मिस्र की चित्रलिपियों को पढ़ने (समझने) के लिए कुंजी प्रदान करने में बहुत अहम था।"
"पेनिसिलिन की खोज का श्रेय आमतौर पर किसे दिया जाता है, और यह किस साल हुआ था?","पेनिसिलिन की खोज, जो दुनिया की पहली एंटीबायोटिक दवाओं में से एक है, का श्रेय आमतौर पर 1928 में अलेक्जेंडर फ्लेमिंग को दिया जाता है। फ्लेमिंग, जो एक स्कॉटिश चिकित्सक और सूक्ष्म जीवविज्ञानी थे, ने स्टैफिलोकोकस बैक्टीरिया की एक पेट्री डिश को दूषित करते हुए एक फफूंदी देखी, जिसे वह खुला छोड़ गए थे। उन्होंने गौर किया कि वह फफूंदी, जिसे बाद में पेनिसिलियम नोटेटम के रूप में पहचाना गया, आस-पास के बैक्टीरिया को बढ़ने से रोक रही थी। हालाँकि फ्लेमिंग ने अपने निष्कर्षों को प्रकाशित किया, उन्हें शुरुआत में सक्रिय यौगिक को अलग करने और बड़े पैमाने पर उत्पादन करने में कठिनाई हुई। बाद में इसे इस्तेमाल करने लायक दवा के रूप में विकसित करने का काम 1940 के दशक की शुरुआत में हावर्ड फ्लोरी और अर्न्स्ट चेन ने किया।",पेनिसिलिन की खोज का श्रेय आमतौर पर 1928 में अलेक्जेंडर फ्लेमिंग को दिया जाता है।
नया सॉफ्टवेयर दस्तावेज़ीकरण गाइड बनाते समय शामिल होने वाले सामान्य चरणों की रूपरेखा बताएँ।,,"यह प्रक्रिया आमतौर पर 'दायरा और उपयोगकर्ता विश्लेषण चरण' से शुरू होती है, जिसमें यह तय किया जाता है कि उपयोगकर्ता कौन हैं और किन-किन सुविधाओं को शामिल करना ज़रूरी है। इसके बाद, हम 'सामग्री जुटाने' के चरण में जाते हैं, जहाँ हम विषय विशेषज्ञों (एसएमई) का इंटरव्यू लेते हैं और सटीक तकनीकी जानकारी के लिए कोडबेस में हुए हालिया बदलावों की जाँच करते हैं। इसके बाद 'मसौदा तैयार करने का चरण' आता है, जिसमें अंदाज़ और तालमेल बनाए रखने के लिए हमारे अंदरूनी स्टाइल गाइड का सख्ती से पालन किया जाता है। खास तौर पर, रिलीज़ से पहले, दस्तावेज़ीकरण एक 'तकनीकी जाँच' के दौर से गुज़रता है, जहाँ बीटा उपयोगकर्ता या क्यूए (QA) टेस्टर सही जानकारी की पुष्टि करने के लिए दस्तावेज़ में बताए गए कदमों को सक्रिय रूप से आज़माते हैं। आखिर में, संपादन और मंज़ूरी के बाद, गाइड को सही जानकारी भंडार या अंदरूनी सर्वर पर प्रकाशित किया जाता है, जिसमें बार-बार प्रतिक्रिया और बदलावों के लिए ज़रूरी इंतज़ाम किए जाते हैं।"
प्राचीन दुनिया के सात अजूबों के नाम बताइए।,,"1. गीज़ा का महान पिरामिड
2. बेबीलोन के झूलते बाग
3. ओलंपिया में ज़्यूस की मूर्ति
4. एफ़िसस में आर्टेमिस का मंदिर
5. हेलिकारनेसस का मकबरा
6. रोड्स का कोलोसस
7. अलेक्जेंड्रिया का प्रकाश स्तंभ"
मैरी क्यूरी ने अपना दूसरा नोबेल पुरस्कार किस साल जीता था?,"मारिया स्कोलोदोवस्का (जो बाद में मैरी क्यूरी बनीं) का जन्म 7 नवंबर, 1867 को पोलैंड के वॉरसॉ में हुआ था। वह 1891 में सोरबोन में अपनी आगे की पढ़ाई जारी रखने के लिए पेरिस चली गईं। उन्होंने 1895 में पियरे क्यूरी से शादी की। मैरी और पियरे को हेनरी बेकरेल के साथ, रेडियोधर्मिता पर उनके काम के लिए 1903 में भौतिकी का नोबेल पुरस्कार दिया गया था। बाद में उन्होंने पोलोनियम और रेडियम तत्वों की खोज के लिए 1911 में रसायन विज्ञान का नोबेल पुरस्कार जीता, जिससे वह दो अलग-अलग वैज्ञानिक क्षेत्रों में नोबेल पुरस्कार जीतने वाली एकमात्र व्यक्ति बन गईं।","बाद में उन्होंने पोलोनियम और रेडियम तत्वों की खोज के लिए 1911 में रसायन विज्ञान का नोबेल पुरस्कार जीता, जिससे वह दो अलग-अलग वैज्ञानिक क्षेत्रों में नोबेल पुरस्कार जीतने वाली एकमात्र व्यक्ति बन गईं।"
ट्रांस-साइबेरियाई रेलवे क्या है?,,"ट्रांस-साइबेरियाई रेलवे दुनिया की सबसे लंबी रेलवे लाइन है। यह यूरोपीय रूस में मॉस्को को प्रशांत तट पर व्लादिवोस्तोक से जोड़ती है, जो लगभग 9,289 किलोमीटर (5,772 मील) तक फैली हुई है। इसका निर्माण 1891 में शुरू हुआ था और 1916 तक ज़्यादातर पूरा हो गया था। इसने विशाल रूसी क्षेत्रों को आर्थिक और सैन्य रूप से जोड़ने में एक बहुत ज़रूरी भूमिका निभाई। जबकि मुख्य रास्ता ट्रांस-साइबेरियाई लाइन है, अन्य संबंधित रास्तों में ट्रांस-मंगोलियाई और ट्रांस-मंचूरियन रेलवे शामिल हैं।"
"नीचे दिए गए जानवरों को स्तनधारी, पक्षी, या सरीसृप के रूप में वर्गीकृत करें: नीली व्हेल, चील, साँप, चमगादड़, पेंगुइन।",,"स्तनधारी: नीली व्हेल, चमगादड़
पक्षी: चील, पेंगुइन
सरीसृप: साँप"
धरती के गुरुत्वाकर्षण खिंचाव से निकलने के लिए लगभग कितना पलायन वेग ज़रूरी है?,,ज़रूरी पलायन वेग लगभग 11.2 किलोमीटर प्रति सेकंड है (या लगभग 7 मील प्रति सेकंड)।
"सिर्फ़ दिए गए पाठ के आधार पर, डी॰एन॰ए॰ के दोहरे घुमावदार ढांचे की खोज के सबसे ज़रूरी पहलुओं और मुख्य लोगों का ब्योरा देते हुए एक छोटी, बुलेट वाली सूची दें।","आनुवंशिक जानकारी का वाहक, डीऑक्सीराइबोन्यूक्लिक एसिड (डी॰एन॰ए॰) अणु की संरचना, 1953 में जेम्स वॉटसन और फ्रांसिस क्रिक द्वारा प्रसिद्ध रूप से निर्धारित की गई थी। उनका काम, जो 'नेचर' पत्रिका में प्रकाशित हुआ था, ने अब के प्रतिष्ठित दोहरे घुमावदार ढांचे (डबल हेलिक्स मॉडल) का प्रस्ताव रखा। महत्वपूर्ण रूप से, उनकी सफलता अन्य वैज्ञानिकों, ख़ासकर रोसलिंड फ्रैंकलिन और मॉरिस विल्किंस द्वारा जुटाए गए प्रायोगिक डेटा पर बहुत अधिक निर्भर थी। फ्रैंकलिन ने, एक्स-रे क्रिस्टलोग्राफी का उपयोग करके, 'फोटो 51' तैयार किया, जिसने अणु के घुमावदार स्वरूप और आयामों के बारे में ज़रूरी सुराग दिए। वॉटसन और क्रिक ने महसूस किया कि यह अणु न्यूक्लियोटाइड की दो लंबी जंजीरों से बना है जो एक-दूसरे के चारों ओर लिपटी हुई हैं, और ख़ास बेस जोड़ियों से एक साथ जुड़ी हुई हैं: एडिनिन (ए) हमेशा थाइमिन (टी) के साथ जोड़ा बनाता है, और गुआनिन (जी) हमेशा साइटोसिन (सी) के साथ जोड़ा बनाता है। इस ख़ास जोड़ी बनाने की प्रक्रिया ने समझाया कि आनुवंशिक जानकारी को सटीकता से कैसे दोहराया जा सकता है। वॉटसन, क्रिक और विल्किंस को 1962 में न्यूक्लिक एसिड की आणविक संरचना और जीवित सामग्री में जानकारी के हस्तांतरण के लिए इसके महत्व से जुड़ी उनकी खोजों के लिए फिजियोलॉजी या मेडिसिन में नोबेल पुरस्कार से सम्मानित किया गया था। रोसलिंड फ्रैंकलिन का दुखद रूप से 1958 में निधन हो गया था और वह पुरस्कार के लिए पात्र नहीं थीं।","- संरचना को 1953 में जेम्स वॉटसन और फ्रांसिस क्रिक ने निर्धारित किया और इसे 'नेचर' पत्रिका में प्रकाशित किया गया।
- उन्होंने दोहरे घुमावदार ढांचे का प्रस्ताव रखा, जो ख़ास बेस जोड़ियों (ए-टी और जी-सी) से एक साथ जुड़ी हुई दो न्यूक्लियोटाइड जंजीरों से बना है।
- उनके निष्कर्ष एक्स-रे क्रिस्टलोग्राफी डेटा पर बहुत अधिक निर्भर थे, ख़ास तौर पर रोसलिंड फ्रैंकलिन द्वारा तैयार किए गए 'फोटो 51' पर।
- ख़ास बेस जोड़ी बनाने की प्रक्रिया ने समझाया कि आनुवंशिक जानकारी को सटीकता से कैसे दोहराया जा सकता है।
- वॉटसन, क्रिक और मॉरिस विल्किंस को उनके काम के लिए 1962 में नोबेल पुरस्कार मिला।"
वर्साय की संधि आधिकारिक तौर पर कब लागू हुई और यह तारीख क्यों चुनी गई थी?,"वर्साय की संधि उन शांति समझौतों में सबसे अहम थी जिसने पहले विश्व युद्ध को ख़त्म किया। इस संधि पर 28 जून 1919 को वर्साय में दस्तख़त किए गए थे। इसने जर्मनी और मित्र राष्ट्रों के बीच युद्ध को औपचारिक तौर पर ख़त्म कर दिया। हालांकि, यह संधि आधिकारिक तौर पर सिर्फ 10 जनवरी 1920 को लागू हुई, यह वही तारीख थी जब राष्ट्र संघ की स्थापना हुई थी, जो संधि को लागू करने के लिए एक बहुत ज़रूरी अंग था।","वर्साय की संधि आधिकारिक तौर पर 10 जनवरी 1920 को लागू हुई। यह तारीख इसलिए चुनी गई क्योंकि यह राष्ट्र संघ की स्थापना के साथ मेल खाती थी, जो संधि को लागू करने के लिए एक अहम अंग था।"
क्लाउड कंप्यूटिंग' के विचार (कॉन्सेप्ट) और उसकी मुख्य सेवा के तरीकों (सर्विस मॉडल) को समझाइए।,,"क्लाउड कंप्यूटिंग का मतलब है कंप्यूटर सिस्टम के साधनों (जैसे डेटा रखने की जगह और गणना करने की शक्ति) का ज़रूरत पड़ने पर उपलब्ध होना, जिसके लिए ग्राहक को सीधे तौर पर उनकी देखरेख नहीं करनी पड़ती। मुख्य सेवा के तरीके (सर्विस मॉडल) ये हैं:

1. **इंफ्रास्ट्रक्चर को एक सेवा के रूप में (आई.ए.ए.एस.):** यह बुनियादी कंप्यूटिंग साधन देता है, जैसे कि वर्चुअल मशीनें, नेटवर्क और स्टोरेज (भंडार)।

2. **प्लेटफॉर्म को एक सेवा के रूप में (पी.ए.ए.एस.):** यह एप्लीकेशन को बनाने, चलाने और संभालने के लिए एक माहौल देता है, जिसमें नीचे के इंफ्रास्ट्रक्चर को संभालने की मुश्किल नहीं होती।

3. **सॉफ्टवेयर को एक सेवा के रूप में (एस.ए.ए.एस.):** यह इंटरनेट के ज़रिए सॉफ्टवेयर एप्लीकेशन को ज़रूरत पड़ने पर उपलब्ध कराता है, आमतौर पर यह सदस्यता (सब्सक्रिप्शन) के आधार पर होता है (उदाहरण के लिए, जीमेल, सेल्सफोर्स)।"
इन दोनों वाक्यों को मिलाकर एक सुसंगत वाक्य बनाइए।,दल ने महीनों तक अथक काम किया था। उन्होंने आखिरकार पेचीदा कूट-लेखन समस्या को हल कर दिया।,"महीनों तक अथक काम करने के बाद, दल ने आखिरकार पेचीदा कूट-लेखन समस्या को हल कर दिया।"
"जब कोई विंडोज ऑपरेटिंग सिस्टम से लिनक्स पर बदलता है, तो उसे मुख्य तौर पर कौन-कौन सी चुनौतियाँ आती हैं?",,"लिनक्स पर स्विच करने में कई रुकावटें आती हैं, जो मुख्य रूप से जान-पहचान और मालिकाना (proprietary) सॉफ्टवेयर की उपलब्धता से जुड़ी होती हैं। सबसे बड़ी चुनौती अक्सर कमांड लाइन इंटरफ़ेस (CLI) से जुड़ी सीखने की ज़रूरत होती है, जो कि उन्नत सेटिंग्स के लिए आवश्यक है, हालाँकि आधुनिक डिस्ट्रिब्यूशन (versions) अब अधिक इस्तेमाल में आसान होते जा रहे हैं। दूसरी बात, विंडोज के खास एप्लीकेशन (जैसे अडोबी सूट या खास डिज़ाइन टूल्स) के आदी यूज़रों को उनके सीधे और काम करने वाले विकल्प ढूंढने में मुश्किल होती है, जिसके चलते उन्हें अक्सर वैकल्पिक ओपन-सोर्स सॉफ्टवेयर, या वाइन (Wine) जैसे कंपैटिबिलिटी लेयर्स (अनुकूलता की परतें) का उपयोग करने की ज़रूरत पड़ती है। आखिर में, हार्डवेयर ड्राइवर, हालांकि वे काफी बेहतर हो चुके हैं, फिर भी कभी-कभी उन्हें खुद से इनस्टॉल करने की आवश्यकता हो सकती है, खासकर नए या खास तरह के बाहरी उपकरणों (peripherals) के लिए।"
"फ़ीनिक्स, एरिज़ोना में वर्तमान मुख्य चुने हुए पदाधिकारी कौन हैं?",,"फ़ीनिक्स, एरिज़ोना के मुख्य चुने हुए पदाधिकारी ये हैं: मेयर केट गैलेगो, उप-मेयर लॉरा पास्टर (ज़िला 4), पार्षद डेबरा स्टार्क (ज़िला 3), और पार्षद बेट्टी ग्वारडाडो (ज़िला 5)।"
अभी मौजूद सबसे ऊँची इमारत का नाम बताओ।,,"बुर्ज ख़लीफ़ा, दुबई, संयुक्त अरब अमीरात में।"
निगरानी वाली शिक्षा और बिना निगरानी वाली शिक्षा के बीच मुख्य अंतर क्या है?,"मशीन लर्निंग में, एल्गोरिदम को मोटे तौर पर इस आधार पर वर्गीकृत किया जाता है कि वे डेटा को कैसे प्रोसेस करते हैं। निगरानी वाली शिक्षा (Supervised Learning) लेबल किए गए डेटा सेट का उपयोग करती है, जहाँ प्रशिक्षण डेटा में इनपुट चर (एक्स) और संबंधित ज्ञात आउटपुट चर (वाई) शामिल होते हैं। लक्ष्य यह है कि सिस्टम एक्स से वाई तक की मैपिंग फ़ंक्शन सीखे। इसके विपरीत, बिना निगरानी वाली शिक्षा (Unsupervised Learning) के एल्गोरिदम बिना लेबल वाले डेटा के साथ काम करते हैं, मतलब केवल इनपुट डेटा (एक्स) दिया जाता है, बिना किसी संबंधित आउटपुट लेबल के। इन तरीकों का उद्देश्य डेटा के भीतर छिपे हुए पैटर्न, ढांचे या समूहीकरण (जैसे ग्राहकों के समूह बनाना या आयाम घटाना) को खोजना होता है।","मुख्य अंतर प्रशिक्षण डेटा की प्रकृति में है। निगरानी वाली शिक्षा (Supervised Learning) मैपिंग फ़ंक्शन सीखने के लिए लेबल किए गए डेटा सेट (ज्ञात आउटपुट के साथ इनपुट) का उपयोग करती है, जबकि बिना निगरानी वाली शिक्षा (Unsupervised Learning) पूरी तरह से डेटा के भीतर के अंतर्निहित ढांचे, पैटर्न या समूहीकरण को खोजने के लिए बिना लेबल वाले डेटा सेट का उपयोग करती है।"
"हैरी पॉटर की किताबों में, ब्लैक परिवार के उस घरेलू एल्फ़ का नाम क्या है जो मुग़ल-पैदा जादूगरों और जादूगरनियों से नफ़रत करता था?",,क्रीचर
"बताएं कि कौन-सी इमारत मुख्य रूप से रोमानेस्क है और कौन-सी मुख्य रूप से गॉथिक है: सैंट-सेर्निन बेसिलिका (टूलूज़), रीम्स कैथेड्रल।",,"सैंट-सेर्निन बेसिलिका रोमानेस्क है, रीम्स कैथेड्रल गॉथिक है।"
मनुष्यों में पाए जाने वाले अपेंडिक्स (परिशेषिका) के मुख्य कार्य और महत्व को आज की समझ के अनुसार समझाएं।,"अपेंडिक्स (परिशेषिका) एक पतली, उंगली के आकार की थैली होती है जो बड़ी आँत की दीवार से बाहर निकली होती है। दशकों तक, अपेंडिक्स को एक बेकार अंग माना जाता था—विकास के दौरान बचा हुआ ऐसा ढाँचा जिसका आधुनिक मनुष्यों में कोई खास फायदा नहीं है। हालांकि, हालिया शोध से पता चलता है कि यह शायद बेकार नहीं है। अब माना जाता है कि यह फायदेमंद पेट के जीवाणुओं के लिए एक 'सुरक्षित ठिकाना' के रूप में काम करता है। यदि दस्त या पेचिश जैसी कोई गंभीर बीमारी आँत के बाकी हिस्सों से जीवाणु समूहों को बाहर निकाल देती है, तो अपेंडिक्स इन ज़रूरी कीटाणुओं (सूक्ष्मजीवों) का भंडार बनाए रखता है, जिससे पाचन तंत्र को तेज़ी से फिर से बसाने और ठीक होने में मदद मिलती है।","हालांकि ऐतिहासिक रूप से इसे एक बेकार अंग माना जाता था, अब अपेंडिक्स को फायदेमंद पेट के जीवाणुओं के लिए एक 'सुरक्षित ठिकाना' या भंडार के रूप में कार्य करने वाला माना जाता है। इसका मुख्य महत्व गंभीर आँत के संक्रमणों (जैसे हैजा या पेचिश) से उबरने में मदद करना है। जब ये बीमारियाँ पाचन तंत्र के बाकी हिस्सों से स्वस्थ जीवाणुओं को खत्म कर देती हैं, तो अपेंडिक्स सूक्ष्मजीवों का एक भंडार बचाए रखता है, जिससे सामान्य आँत के जीवाणुओं को तेज़ी से फिर से स्थापित किया जा सकता है।"
दीपघर का काम और इतिहास क्या है?,"दीपघर एक मीनार, इमारत, या अन्य तरह का ढाँचा होता है जिसे दीपक और लेंस की व्यवस्था से रोशनी निकालने के लिए बनाया जाता है और यह समुद्र या अंदरूनी जलमार्गों पर समुद्री यात्रियों के लिए रास्ते के मार्गदर्शक के रूप में काम करता है। दीपघर खतरनाक समुद्री किनारों, जोखिम भरे छिछले पानी (शोलों), चट्टानों, पत्थरों और बंदरगाहों में सुरक्षित प्रवेश को चिन्हित करते हैं; वे हवाई मार्गनिर्देशन में भी सहायता करते हैं। कभी इनका व्यापक रूप से उपयोग होता था, लेकिन रखरखाव के भारी खर्च और जीपीएस जैसी इलेक्ट्रॉनिक मार्गदर्शक प्रणालियों के उदय के कारण चालू दीपघरों की संख्या कम हो गई है।","दीपघर एक ऐसा ढाँचा है जिसे नाविकों के लिए एक अहम मार्गदर्शक सहायता के रूप में काम करने के लिए रोशनी निकालने के लिए बनाया गया है। उनका मुख्य काम जहाजों को खतरनाक समुद्री किनारों, पत्थरों और छिछले पानी से दूर रहने की चेतावनी देना और उन्हें सुरक्षित रूप से बंदरगाहों में मार्गदर्शन करना है। हर दीपघर की अपनी एक अद्वितीय प्रकाश पहचान (चमकों का तरीका) होती है जिससे नाविक अपनी जगह पहचान पाते हैं।

सबसे पहला ज्ञात दीपघर ढाँचा अलेक्जेंड्रिया का फैरोस था, जो प्राचीन दुनिया के सात अजूबों में से एक था, जिसे लगभग 280 ईसा पूर्व बनाया गया था। हालांकि, पहले आधुनिक दीपघर, जिन्होंने जटिल ऑप्टिकल लेंस का उपयोग किया, 18वीं शताब्दी में विकसित किए गए थे। 1823 में ऑगस्टिन-जीन फ्रेस्नेल द्वारा आविष्कार किए गए फ्रेस्नेल लेंस के व्यापक उपयोग ने दीपघर की किरणों की सीमा और तीव्रता में काफी सुधार किया।

हालांकि ऐतिहासिक रूप से यह बहुत महत्वपूर्ण थे, लेकिन 20वीं सदी के अंत से कार्यशील दीपघरों की संख्या में काफी कमी आई है। इसका मुख्य कारण उच्च रखरखाव लागत और जीपीएस तथा उपग्रह मार्गदर्शक प्रणालियों जैसे आधुनिक इलेक्ट्रॉनिक मार्गदर्शक उपकरणों का व्यापक रूप से अपनाया जाना है। कई बचे हुए दीपघरों को अब स्वचालित कर दिया गया है या उन्हें ऐतिहासिक स्मारकों के रूप में संरक्षित रखा गया है।"
मुझे डाइनैमिक ऐरे की जगह जुड़ी हुई सूची का इस्तेमाल कब करना चाहिए?,,"जुड़ी हुई सूचियाँ तब फ़ायदेमंद होती हैं जब बार-बार कुछ जोड़ना और हटाना ज़रूरी हो, खासकर क्रम में किसी भी मनचाही जगह पर. क्योंकि इन कामों में आमतौर पर ओ(1) समय लगता है (नोड ढूंढने के बाद). इसके विपरीत, डाइनैमिक ऐरे को तब प्राथमिकता दी जाती है जब तेज़, निश्चित समय में कहीं से भी पहुँच (जैसे एनवें एलिमेंट को पाना) ज़रूरी हो. क्योंकि जुड़ी हुई सूची में एलिमेंट तक पहुँचने के लिए ओ(एन) का घूमना ज़रूरी होता है. ऐरे में कैश की समीपता भी बेहतर होती है."
पनामा नहर को पूरा करने के लिए मुख्य इंजीनियर कौन ज़िम्मेदार था?,,"पनामा नहर का निर्माण कर्नल जॉर्ज वाशिंगटन गोएथल्स के नेतृत्व में पूरा किया गया था, जिन्होंने फ्रांसीसी (फ़्रेंच) की असफल कोशिश के बाद जब अमेरिका ने यह काम अपने हाथ में लिया, तब इस परियोजना के मुख्य इंजीनियर के रूप में काम किया था।"
जैव-चिकित्सा अभियांत्रिकी को परिभाषित करें।,"जैव-चिकित्सा अभियांत्रिकी (बीएमई) एक तेज़ी से बढ़ता हुआ, अंतर-विषयक क्षेत्र है जो इंजीनियरिंग के सिद्धांतों और उन्नत डिज़ाइन अवधारणाओं को जीव विज्ञान और चिकित्सा पर लागू करता है। यह विषय/विधा दूसरों से इस मायने में अलग है कि यह विशेष रूप से मानव स्वास्थ्य को बेहतर बनाने पर ध्यान केंद्रित करता है। यह उन्नत कृत्रिम अंग (प्रोस्थेटिक्स) के निर्माण और उन्नत चिकित्सा इमेजिंग उपकरणों से लेकर नई दवा खोज उपकरण विकसित करने जैसे क्षेत्रों से संबंधित है। इसमें इलेक्ट्रिकल, मैकेनिकल, और केमिकल इंजीनियरिंग के कौशल शामिल हैं, जो इन अवधारणाओं को एकीकृत करके इंजीनियरिंग और चिकित्सा के बीच के अंतर को पाटते हैं, जिससे स्वास्थ्य देखभाल उपचारों को आगे बढ़ाया जा सके।",जैव-चिकित्सा अभियांत्रिकी एक अंतर-विषयक क्षेत्र है जो इंजीनियरिंग के सिद्धांतों और डिज़ाइन की अवधारणाओं को जीव विज्ञान और चिकित्सा पर लागू करता है ताकि मानव स्वास्थ्य को बेहतर बनाया जा सके और स्वास्थ्य देखभाल उपचारों को आगे बढ़ाया जा सके।
प्रभावी आधुनिक नेतृत्व के लिए सबसे आवश्यक गुण क्या है?,,"हालाँकि, इतिहास की किताबें अक्सर नेताओं की उनके अटल दृष्टिकोण या उनकी मज़बूत ईमानदारी के लिए प्रशंसा करती हैं, लेकिन प्रभावी आधुनिक नेतृत्व के लिए अकेला सबसे आवश्यक गुण, बिना किसी शक के, मौलिक अनुकूलनशीलता (यानी ढलने की क्षमता) है। ऐसे दौर में जिसे अस्थिरता, अनिश्चितता, जटिलता और अस्पष्टता (जिसे वूका प्रतिमान कहते हैं) से परिभाषित किया जाता है, वह नेता जो समय के साथ बदल नहीं सकता, वह अप्रासंगिकता की ओर बढ़ रहा है। आज का व्यावसायिक और राजनीतिक माहौल वह स्थिरता प्रदान नहीं करता जो पिछली पीढ़ियों को मिली थी। नीतियाँ, तकनीकें, बाज़ार और कर्मचारियों की उम्मीदें एक ही वित्तीय तिमाही के भीतर मौलिक रूप से बदल सकती हैं। एक स्थिर दृष्टिकोण, चाहे वह शुरुआत में कितना भी प्रेरणादायक क्यों न हो, एक दायित्व बन जाता है यदि वह वास्तविकता के अनुसार ढल न सके। अनुकूलनशील नेता यह समझता है कि योजनाएँ केवल अस्थायी रास्ते का नक़्शा हैं, न कि पवित्र ग्रंथ। यह गुण कई मुख्य तरीकों से दिखता है। पहला, संगठनात्मक लचीलापन। अनुकूलनशील नेता ऐसी संस्कृति को बढ़ावा देते हैं जहाँ असफलता कोई अंतिम स्थिति नहीं है, बल्कि सीखने का एक मौका है जो अगले दोहराए जाने वाले कदम की जानकारी देता है। वे तेज़ प्रतिक्रिया (फ़ीडबैक) और बदलाव लागू करने के लिए डिज़ाइन किए गए सिस्टम बनाते हैं। दूसरा, संज्ञानात्मक लचीलापन (सोच का लचीलापन)। इसका मतलब है कि किसी गहरी जड़ जमाए हुए विश्वास या रणनीति को तब छोड़ने में सक्षम होना जब नया डेटा उसे सही साबित नहीं करता, और इस तरह व्यर्थ खर्च के भ्रम से बचना जो कठोर संगठनों को पंगु बना देता है। तीसरा, सहानुभूतिपूर्ण विकास। आधुनिक कार्यबल (कर्मचारी) अलग-अलग प्रबंधन शैलियों, मिश्रित (हाइब्रिड) मॉडल और व्यक्तिगत करियर मार्गों की मांग करते हैं। एक सच्चा अनुकूलनशील नेता विविध और विकसित हो रही टीमों की ज़रूरतों को पूरा करने के लिए अपनी व्यक्तिगत संचार और प्रेरणा देने वाली साधन-सामग्री को समायोजित करता है। अनुकूलनशीलता के बिना, यहाँ तक कि सबसे गहन दृष्टिकोण और सबसे तेज़ संचार कौशल भी अंततः ऐसे लक्ष्य पर निशाना साधेंगे जो अब मौजूद ही नहीं है। अनुकूलनशीलता अस्तित्व सुनिश्चित करती है; नेतृत्व में, अस्तित्व ही स्थायी सफलता की ओर पहला कदम है।"
"ऑब्जेक्ट-ओरिएंटेड प्रोग्रामिंग (ओओपी) में बहुरूपता (पॉलीमॉर्फिज़्म) के सिद्धांत को समझाएँ और एक सरल, वैचारिक उदाहरण दें।",,"बहुरूपता (पॉलीमॉर्फिज़्म) का शाब्दिक अर्थ है 'कई रूप'. यह ऑब्जेक्ट-ओरिएंटेड प्रोग्रामिंग (ओओपी) का एक मुख्य आधार है। यह किसी इकाई (जैसे फ़ंक्शन, ऑपरेटर, या ऑब्जेक्ट) को उस संदर्भ के आधार पर अलग-अलग रूप या मतलब लेने की अनुमति देता है जिसमें इसे इस्तेमाल किया जाता है। यह सुविधा डेवलपरों को अलग-अलग अंदरूनी रूपों (डेटा प्रकारों) को दर्शाने के लिए एक ही इंटरफ़ेस का उपयोग करने में सक्षम बनाती है।

बहुरूपता दो मुख्य प्रकार की होती है:

1. **कंपाइल-टाइम बहुरूपता (मेथड ओवरलोडिंग):** यह तब होता है जब एक ही क्लास में कई मेथड का नाम तो एक ही होता है, लेकिन उनके पैरामीटर लिस्ट अलग-अलग होते हैं (तर्कों की संख्या या प्रकार अलग होते हैं)।
2. **रन-टाइम बहुरूपता (मेथड ओवरराइडिंग):** यह तब होता है जब कोई सब-क्लास एक ऐसे मेथड के लिए एक ख़ास कार्यान्वयन (तरीका) प्रदान करती है जो पहले से ही उसकी पैरेंट क्लास में परिभाषित है। मेथड का कॉल चलने के दौरान गतिशील रूप से (डायनामिकली) हल किया जाता है।

**वैचारिक उदाहरण:** 'आकृति' नामक एक बेस क्लास पर विचार करें जिसमें 'क्षेत्रफल निकालें()' नामक एक मेथड है। एक 'वृत्त' क्लास और एक 'वर्ग' क्लास दोनों 'आकृति' से विरासत में मिलते हैं। जब आप 'वृत्त' ऑब्जेक्ट पर 'क्षेत्रफल निकालें()' को कॉल करते हैं, तो यह वृत्त का फ़ॉर्मूला (पाई * त्रिज्या का वर्ग) निष्पादित करता है। जब आप 'वर्ग' ऑब्जेक्ट पर 'क्षेत्रफल निकालें()' को कॉल करते हैं, तो यह वर्ग का फ़ॉर्मूला (भुजा * भुजा) निष्पादित करता है। 'क्षेत्रफल निकालें()' नामक यह एक मेथड बहुरूपता दिखाता है, यह इस बात पर निर्भर करता है कि इसे कौन सा ख़ास ऑब्जेक्ट प्रकार कॉल कर रहा है।"
"हवाई हॉटस्पॉट क्या है और इससे हवाई द्वीप समूह कैसे बने, यह समझाएँ।",,"हवाई हॉटस्पॉट एक ज्वालामुखी हॉटस्पॉट है जो हवाई द्वीप के नीचे स्थित है। यह एक मेंटल प्लूम है, यह वह क्षेत्र है जहाँ गर्मी और मैग्मा पृथ्वी के मेंटल की गहराई से ऊपर उठते हैं। अधिकतर ज्वालामुखियों के विपरीत, हॉटस्पॉट स्थिर रहते हैं, जबकि उनके ऊपर मौजूद टेक्टोनिक प्लेटें धीरे-धीरे चलती रहती हैं। चूंकि प्रशांत प्लेट लाखों वर्षों से इस स्थिर प्लूम के ऊपर से उत्तर-पश्चिम की ओर बढ़ रही है, इसलिए मैग्मा लगातार भूपर्पटी को तोड़ता रहता है, जिससे लगातार पुराने होते ज्वालामुखी और समुद्री पहाड़ों की एक लंबी शृंखला बन गई है, जिसे हवाई-सम्राट समुद्री पर्वत शृंखला के नाम से जाना जाता है। वर्तमान में जो द्वीप हॉटस्पॉट के ऊपर स्थित है, वह हवाई (बड़ा द्वीप) है, जिसमें सक्रिय किलाऊआ और मौना लोआ ज्वालामुखी मौजूद हैं।"
उस उपग्रह का क्या नाम था जिसने पहली सफल कक्षीय अंतरिक्ष उड़ान भरी थी?,"संयुक्त राज्य अमेरिका और सोवियत संघ के बीच अंतरिक्ष दौड़ 1950 के दशक के उत्तरार्ध में तेज़ हो गई थी। जबकि दोनों राष्ट्रों के कई शुरुआती प्रयास असफल रहे थे या उप-कक्षीय उड़ानों में समाप्त हुए थे, असली मील का पत्थर 4 अक्टूबर, 1957 को आया। इस तारीख को, सोवियत संघ ने एक आर-7 अंतरमहाद्वीपीय बैलिस्टिक मिसाइल को सफलतापूर्वक प्रक्षेपित किया, जिसमें सिर्फ 58 cm (23 in) व्यास वाला एक छोटा, चमकदार धातु का गोला ले जाया गया था। यह अग्रणी मानव निर्मित उपग्रह, जिसे विश्व स्तर पर स्पुतनिक 1 के नाम से जाना जाता है, पृथ्वी की कक्षा में पहुंचा। स्पुतनिक 1 की सफलता ने अमेरिकी जनता और सरकार को स्तब्ध कर दिया, जिससे अगले ही वर्ष नासा की स्थापना हुई और विज्ञान शिक्षा की प्राथमिकताएं नाटकीय रूप से बदल गईं।",उस उपग्रह का नाम स्पुतनिक 1 था।
डॉक्टर एवलिन रीड ने विश्व जलवायु कोष के वरिष्ठ सलाहकार के रूप में कितने साल तक सेवा की?,डॉक्टर एवलिन रीड ने वायुमंडलीय भौतिकी पर ध्यान केंद्रित करते हुए अपना वैज्ञानिक करियर शुरू किया और 1985 में अपना महत्वपूर्ण काम प्रकाशित किया। वह 1990 में एमआईटी के संकाय में शामिल हुईं और 2005 में विभाग अध्यक्ष के पद पर पदोन्नत हुईं। एमआईटी से 2017 में सेवानिवृत्त होने से पहले उन्होंने 12 साल तक अध्यक्ष के रूप में कार्य किया। फिर उन्होंने 2018 से 2023 तक विश्व जलवायु कोष के वरिष्ठ सलाहकार के रूप में एक भूमिका निभाई।,5 साल (2018 से 2023 तक)।
"नीचे दिए गए जानवरों को तीन मुख्य आवासों में से एक में वर्गीकृत करें: रेगिस्तान, जलीय, या जंगल। इस सूची का प्रयोग करें: ऊँट, नीली व्हेल, ग्रिज़ली भालू, रैटलस्नेक, शार्क, उल्लू।",,"रेगिस्तान: ऊँट, रैटलस्नेक। जलीय: नीली व्हेल, शार्क। जंगल: ग्रिज़ली भालू, उल्लू।"
"इस हिस्से (पैराग्राफ) के हिसाब से, योहानेस गुटेनबर्ग ने यूरोप में घूमने वाली छपाई मशीन का आविष्कार लगभग कब किया था?","योहानेस गुटेनबर्ग को यूरोप में घूमने वाली छपाई मशीन का आविष्कार लगभग 1440 के आसपास करने का श्रेय दिया जाता है। पेशे से वह एक सुनार थे, और उन्होंने स्ट्रासबर्ग में छपाई का प्रयोग शुरू किया। उनका मुख्य काम, गुटेनबर्ग बाइबिल, लगभग 1455 में मेंज़ में छापा गया था। इस आविष्कार ने किताबें बनाने की लागत को बहुत कम कर दिया और पूरे महाद्वीप में तेज़ी से ज्ञान फैलाया, जिससे पुनर्जागरण और वैज्ञानिक क्रांति में बहुत बड़ा योगदान मिला। हालाँकि घूमने वाले अक्षर वाली छपाई का आविष्कार चीन और कोरिया में पहले हो चुका था, लेकिन गुटेनबर्ग के डिज़ाइन में तेल आधारित स्याही और बदलाव लायक साँचे शामिल थे, जिसने पश्चिम में एक महत्वपूर्ण तकनीकी बदलाव ला दिया।",गुटेनबर्ग ने यूरोप में घूमने वाली छपाई मशीन का आविष्कार लगभग 1440 के आसपास किया था।
"योहानेस गुटेनबर्ग के बारे में दिए गए पाठ के आधार पर, अनुमानित वर्ष बताएं जब माइनत्स में उनके विकास का खास दौर शुरू हुआ, उनके द्वारा व्यवस्थित किए गए तीन मुख्य आविष्कारों की सूची बनाएं, और यूरोपीय समाज पर उनके आविष्कार के कुल प्रभाव की व्याख्या करें।","योहानेस गुटेनबर्ग, जो एक जर्मन आविष्कारक, सुनार, मुद्रक और प्रकाशक थे, उन्होंने 15वीं सदी के मध्य में यूरोप में यांत्रिक चल अक्षर छपाई की शुरुआत की। उनका क्रांतिकारी काम स्ट्रासबर्ग में लगभग 1440 में शुरू हुआ था, हालांकि विकास का खास दौर 1450 के आस-पास माइनत्स लौटने के बाद शुरू हुआ। गुटेनबर्ग का मुख्य आविष्कार सिर्फ़ चल अक्षर (जो पहले एशिया में मौजूद थे) नहीं था, बल्कि वह पूरी व्यवस्था थी जो उन्होंने विकसित की: शराब के प्रेसों से लिया गया यांत्रिक दाब मशीन (प्रेस), छपाई के लिए उपयुक्त तेल आधारित स्याही, और, सबसे महत्वपूर्ण, टिकाऊ और एक जैसे अक्षरों को कुशलता से ढालने के लिए हाथ का साँचा बनाने का आविष्कार। इस व्यवस्था ने किताबों का बड़े पैमाने पर उत्पादन किफ़ायती बना दिया। उनसे जुड़ा मुख्य काम गुटेनबर्ग बाइबिल (जिसे 42-लाइन बाइबिल भी कहते हैं) है, जो लगभग 1455 में पूरी हुई थी। इस बाइबिल की सफलता ने नई तकनीक की कारगरता को साबित कर दिया। गुटेनबर्ग से पहले, किताबें हाथ से नकल की जाती थीं, यह एक धीमी और महँगी प्रक्रिया थी जिसने साक्षरता को सीमित कर दिया था। लिखित सामग्री के उत्पादन की लागत को बहुत ज़्यादा कम करके, छपाई प्रेस ने पुनर्जागरण, प्रोटेस्टेंट धर्म-सुधार, और ज्ञानोदय के युग के विकास में एक बड़ी भूमिका निभाई, जिसने यूरोपीय समाज की संरचना को मूल रूप से बदल दिया और ज्ञान के फैलाव को तेज़ कर दिया।","गुटेनबर्ग की छपाई व्यवस्था के विकास का खास दौर माइनत्स लौटने के बाद लगभग 1450 में शुरू हुआ। 

उनके द्वारा व्यवस्थित किए गए तीन मुख्य आविष्कार थे:
1. यांत्रिक दाब मशीन (शराब के प्रेसों से लिया गया)।
2. छपाई के लिए उपयुक्त तेल आधारित स्याही।
3. टिकाऊ और एक जैसे अक्षरों को कुशलता से ढालने के लिए हाथ का साँचा बनाने का आविष्कार।

यूरोपीय समाज पर इसका कुल प्रभाव गहरा था; लिखित सामग्री के उत्पादन की लागत को बहुत ज़्यादा कम करके, छपाई प्रेस ने ज्ञान के फैलाव को तेज़ किया और पुनर्जागरण, प्रोटेस्टेंट धर्म-सुधार, और ज्ञानोदय के युग के विकास में एक बड़ी भूमिका निभाई।"
मेरी नींद की गुणवत्ता (क्वालिटी) को फौरन बेहतर बनाने के लिए आज रात मैं कौन से करने लायक कदम उठा सकता हूँ।,,"आज रात अपनी नींद को बेहतर बनाने के लिए तीन मुख्य क्षेत्रों पर ध्यान देना ज़रूरी है: माहौल, दिनचर्या, और खान-पान। **माहौल:** पक्का करें कि आपका सोने का कमरा ठंडा हो (आदर्श रूप से 60-67°F या 15-19°C के बीच) और पूरी तरह से अँधेरा हो। अगर ज़रूरी हो तो अँधेरा करने वाले परदे या आँखों पर लगाने वाली पट्टी का इस्तेमाल करें, क्योंकि थोड़ी सी रोशनी भी आर.ई.एम. चक्रों (नींद के ज़रूरी हिस्सों) को बाधित कर सकती है। **दिनचर्या:** अपने सोने के तय समय से कम से कम 60 मिनट पहले 'आराम करने का समय' शुरू कर दें। इस दौरान, सभी नीली रोशनी के संपर्क को खत्म करें (जैसे फ़ोन, टैबलेट, टी.वी. स्क्रीन), क्योंकि नीली रोशनी मेलाटोनिन के उत्पादन को दबा देती है। इसके बजाय, कोई साधारण किताब पढ़ें, शांत संगीत सुनें, या हल्का खिंचाव/योग या ध्यान (मेडीटेशन) करें। **खान-पान:** सोने के इरादे से कम से कम चार घंटे पहले तक कैफीन और शराब का सेवन करने से बचें। हालाँकि शराब शुरुआत में आपको सुस्त महसूस करा सकती है, लेकिन यह रात में बाद में आपकी नींद को बुरी तरह से टुकड़ों में बाँट देती है, जिससे अच्छी रिकवरी नहीं हो पाती है। अगर आपको हल्का नाश्ता करना ही है, तो केला या सादे दही का एक छोटा हिस्सा जैसे हल्के, ट्रिप्टोफैन से भरपूर खाद्य पदार्थों को चुनें।"
हर जगह उपलब्ध डिजिटल संचार (बातचीत) ने पेशेवर और निजी जीवन की पारंपरिक सीमाओं को कैसे धुंधला कर दिया है?,,"पेशेवर और निजी सीमाओं का यह धुंधलापन मुख्य रूप से मोबाइल फ़ोन और उसके कारण पैदा होने वाली 'हमेशा चालू' रहने की संस्कृति से प्रेरित है। पहले, काम पर आने-जाने का सफ़र एक शारीरिक और मानसिक बदलाव के रूप में काम करता था, जो काम के दिन के ख़त्म होने का संकेत देता था। आज, दफ़्तर हमारी जेब में रखा जाता है।

अक्सर यह बिना कही हुई उम्मीद होती है कि चूंकि किसी कर्मचारी से ईमेल या मैसेज भेजने वाले ऐप्स के ज़रिए चौबीसों घंटे संपर्क किया जा सकता है, इसलिए उन्हें जवाबदेह (उपलब्ध) होना ही चाहिए। इससे 'पवित्र' निजी समय कम होने लगता है, क्योंकि परिवार के साथ रात का खाना या सप्ताहांत की सैर काम से जुड़ी किसी आपात स्थिति या यहाँ तक कि एक साधारण अनुरोध से तुरंत बाधित हो सकती है। इस लगातार संपर्क में रहने का मतलब है कि 'काम-निजी जीवन का संतुलन' हासिल करने के बजाय, लोग अक्सर 'काम-निजी जीवन के मेल' की स्थिति में फँस जाते हैं, जहाँ दोनों क्षेत्रों के काम अप्रत्याशित रूप से एक-दूसरे में दख़ल देते हैं। इसकी मानसिक कीमत काफ़ी ज़्यादा है, क्योंकि दिमाग़ को कभी भी ठीक से बंद होने और काम की जगह के दिमागी बोझ से उबरने का मौक़ा नहीं मिलता, जिससे थकावट और चिंता बढ़ जाती है।"
पौधों में क्लोरोफ़िल का मुख्य काम समझाइए।,,"प्रकाश-संश्लेषण के लिए क्लोरोफ़िल बहुत ज़रूरी होता है। यह प्रकाश की ऊर्जा सोखता है, खासकर रोशनी के स्पेक्ट्रम के लाल और नीले हिस्सों में। फिर पौधा इसका इस्तेमाल पानी और कार्बन डाइऑक्साइड को ग्लूकोज़ (चीनी) और ऑक्सीजन में बदलने के लिए करता है।"
पैसिफ़िक नॉर्थवेस्ट में 7 दिन की गर्मी की लंबी पैदल यात्रा के लिए सामान की सूची तैयार करें।,,"**कपड़े:**
1. जलरोधक/हवादार बरसाती जैकेट
2. लंबी पैदल यात्रा के जूते (जो पहने हुए हों/आरामदेह हों)
3. नमी सोखने वाले 3 जोड़े मोज़े
4. अंदर पहनने वाले गरम कपड़े (ऊपर और नीचे के लिए)
5. धूप वाली टोपी

**सामान:**
6. हल्का तम्बू
7. सोने का थैला (30-40°फ़ारेनहाइट तापमान के लिए उपयुक्त)
8. खाना पकाने का चूल्हा और ईंधन
9. जल शोधक या शुद्धिकरण की गोलियाँ
10. भालू से भोजन बचाने वाला डिब्बा या अनुमोदित भोजन भंडारण

**सुरक्षा/दिशा-निर्देशन:**
11. सिर पर बाँधने वाली टॉर्च और अतिरिक्त बैटरियाँ
12. नक्शा और कम्पास (या जीपीएस उपकरण)
13. प्राथमिक उपचार बक्सा"
रेशम मार्ग के मुख्य रास्ते और ऐतिहासिक महत्व का वर्णन करें।,,"रेशम मार्ग कोई एक रास्ता नहीं था, बल्कि आपस में जुड़े व्यापारिक रास्तों का एक विशाल जाल था जो मुख्य रूप से पूर्वी एशिया (चीन के चांग'आन के पास से शुरू होकर) को भूमध्य सागर और यूरोप के कुछ हिस्सों से जोड़ता था। ऐतिहासिक रूप से, इसका महत्व रेशम और मसालों जैसी विलासिता की चीज़ों के व्यापार से कहीं ज़्यादा था; यह दूसरी शताब्दी ईसा पूर्व से आगे एशियाई, फ़ारसी, अरब और यूरोपीय सभ्यताओं के बीच तकनीकी आविष्कारों (जैसे कागज़ और छपाई), सांस्कृतिक प्रथाओं और प्रमुख धर्मों (जैसे बौद्ध धर्म और इस्लाम) के आदान-प्रदान के लिए एक ज़रूरी माध्यम था।"
कौन सा पेय ज़्यादा अच्छा है: कॉफ़ी या चाय?,,"कॉफ़ी और चाय दोनों का दुनिया भर में बहुत बड़ा महत्व है और ये अलग-अलग फ़ायदे देते हैं। कॉफ़ी को अक्सर उसके तेज़ कैफ़ीन असर और जटिल बनाने के तरीकों (जैसे एस्प्रेसो, पोर-ओवर) के लिए पसंद किया जाता है। दूसरी ओर, चाय में ज़्यादा तरह के स्वाद होते हैं, उसका गहरा इतिहास है, और यह अक्सर धीमी और लगातार ऊर्जा देती है। 'बेहतर' विकल्प पूरी तरह पीने वाले के इच्छित असर, स्वाद की पसंद और सांस्कृतिक परिवेश पर निर्भर करता है। संतुलित आहार में इन दोनों शानदार पेयों के लिए जगह है।"
"उन तीन मुख्य पुरुष यूनानी देवताओं के नाम बताइए जो भाई थे और जिन्होंने ब्रह्मांड को बाँटा था, और यह भी बताइए कि हर एक किस क्षेत्र का नियंत्रण करता था।",,"टाइटन्स को हराने के बाद ब्रह्मांड को बाँटने वाले तीन मुख्य भाई देवता थे: ज़ीउस, जिसने आसमान को नियंत्रित किया और जो देवताओं का राजा था; पोसाइडन, जिसने समुद्र को नियंत्रित किया; और हेडीज़, जिसने पाताल लोक पर राज किया।"
आईफ़िल टावर असल में कौन से बड़े कार्यक्रम के लिए बनाया गया था?,,आईफ़िल टावर को पैरिस में हुए 1889 के विश्व मेले (एक्सपोज़िशन यूनिवर्सले) के प्रवेश द्वार के रूप में बनाया गया था।
काले छेद (ब्लैक होल) के 'घटना क्षितिज' के बारे में समझाओ।,,"घटना क्षितिज काले छेद के चारों ओर की वो सीमा है, जिससे कुछ भी नहीं, यहाँ तक कि रोशनी (प्रकाश) भी, बचकर बाहर नहीं निकल सकती। इसे अक्सर 'वापस न लौटने का बिंदु' कहा जाता है। यह कोई भौतिक सतह नहीं है, बल्कि यह समय-अंतरिक्ष (स्पेसटाइम) में गुरुत्वाकर्षण द्वारा तय की गई एक सीमा है। यह विलक्षणता (सिंगुलैरिटी) से वह दूरी निर्धारित करती है जहाँ पलायन वेग प्रकाश की गति से ज़्यादा हो जाता है। एक बार जब कोई वस्तु इस घटना क्षितिज को पार कर लेती है, तो अत्यधिक गुरुत्वाकर्षण खिंचाव के कारण उसे अनिवार्य रूप से काले छेद के केंद्र में मौजूद विलक्षणता की ओर गिरना ही पड़ता है। गणित के हिसाब से, गैर-घूमने वाले काले छेद के घटना क्षितिज की त्रिज्या (रेडियस) को श्वार्ज़स्चिल्ड त्रिज्या के रूप में जाना जाता है, और इसका आकार काले छेद के द्रव्यमान (वजन) के सीधे अनुपात में होता है।"
मध्यम से बड़े स्तर के सॉफ़्टवेयर बनाने के काम के लिए परियोजना की शुरुआत और योजना बनाने हेतु ज़रूरी कदमों की रूपरेखा तैयार करें।,,"परियोजना की शुरुआत में कई महत्वपूर्ण चरण शामिल होते हैं, जिनका उद्देश्य काम शुरू होने से पहले दायरे (स्कोप) को तय करना और ज़रूरी साधन जुटाना होता है। ये कदम किसी विचार को एक औपचारिक, कार्यान्वयन योग्य परियोजना योजना में बदल देते हैं। 

1. **दायरा और उद्देश्य तय करना:** परियोजना क्यों शुरू की जा रही है ('क्यों') और इसमें क्या शामिल होगा ('क्या'), इसे साफ़ तौर पर दस्तावेज़ में लिखें। इसमें उच्च-स्तरीय कार्यात्मक ज़रूरतों की पहचान करना, सफलता नापने के मुख्य पैमाने (के.पी.आई.) तय करना, और सभी ज़रूरी हितधारकों (स्टेकहोल्डर्स) की पहचान करना शामिल है।

2. **संभावना परख और बजट बनाना:** यह तय करें कि परियोजना तकनीकी, आर्थिक और संचालन की दृष्टि से संभव है या नहीं। ज़रूरी बजट सुरक्षित करें, साधनों (जैसे लाइसेंस, क्लाउड ढांचा, कर्मचारी) के लिए धन आवंटित करें, और लागत नियंत्रण के उपाय निर्धारित करें।

3. **टीम बनाना और उनकी भूमिकाएँ:** परियोजना प्रबंधक और मुख्य टीम सदस्यों (जैसे आर्किटेक्ट, लीड, आदि) को नियुक्त करें। उनकी विशिष्ट भूमिकाएँ और ज़िम्मेदारियाँ तय करें, और संवाद की संरचना तथा बैठकों की आवृत्ति (कितनी बार मिलना है) स्थापित करें।

4. **जोखिम का आकलन और शमन योजना:** संभावित अंदरूनी और बाहरी रुकावटों (जैसे तकनीकी कर्ज़, साधनों की कमी, बाहरी प्रणालियों पर निर्भरता) की पहचान करें। उच्च प्राथमिकता वाले जोखिमों के लिए आकस्मिक योजनाएँ तैयार करें।

5. **परियोजना चार्टर तैयार करना:** सभी शुरुआती दस्तावेज़ीकरण (दायरा, उद्देश्य, हितधारक, बजट) को एक ही स्वीकृत दस्तावेज़ में औपचारिक रूप दें, जो आधिकारिक तौर पर परियोजना को विस्तृत योजना और कार्यान्वयन चरणों की ओर बढ़ने के लिए अधिकृत करता है।"
पेनिसिलिन की खोज किसने और कब की?,,"पेनिसिलिन की खोज स्कॉटलैंड के डॉक्टर अलेक्जेंडर फ्लेमिंग ने 1928 में लंदन के सेंट मैरी अस्पताल में की थी। उन्होंने देखा कि पेनिसिलियम नोटेटम नामक एक फफूँद ने गलती से स्टैफिलोकोकस जीवाणु के एक संवर्द्धन बर्तन को दूषित कर दिया था, और वह फफूँद जीवाणुओं के विकास को सक्रिय रूप से रोक रही थी। हालाँकि, फ्लेमिंग को शुरुआत में बड़े पैमाने पर उत्पादन के लिए इस यौगिक को अलग करने और स्थिर करने में संघर्ष करना पड़ा, लेकिन 1940 के दशक के दौरान हॉवर्ड फ्लोरे और अर्न्स्ट चेन द्वारा इसका चिकित्सीय महत्व स्थापित किया गया और इसे एक जीवन रक्षक दवा के रूप में विकसित किया गया, जिसके कारण 1945 में इन तीनों व्यक्तियों को नोबेल पुरस्कार मिला।"
नए फ़्रीलांस ग्राफ़िक डिज़ाइनर के लिए तीन सबसे ज़रूरी सॉफ्टवेयर (ऐप्लिकेशन) कौन से हैं?,,"एक फ़्रीलांस ग्राफ़िक डिज़ाइनर को इन तीन ऐप्लिकेशन को प्राथमिकता देनी चाहिए:
1. अडोब फ़ोटोशॉप (रैस्टर एडिटिंग और फ़ोटो में बदलाव के लिए)।
2. अडोब इलस्ट्रेटर (वेक्टर ग्राफ़िक्स और लोगो डिज़ाइन के लिए)।
3. अडोब इनडिज़ाइन (लेआउट, ब्रोशर और छपाई की तैयारी के लिए)।"
पारंपरिक सॉफ़्टवेयर विकास जीवन चक्र (एस.डी.एल.सी.) के पाँच मुख्य चरण क्या हैं?,,"1. ज़रूरतों को जमा करना और विश्लेषण
2. सिस्टम की रूपरेखा
3. लागू करना और कोडिंग
4. जाँच और एकीकरण
5. तैनात करना और रखरखाव"
"नीचे दिए गए स्थानों को उनके महाद्वीप के अनुसार वर्गीकृत करें: अस्वान, गैलापागोस द्वीप, सिडनी।",,अस्वान अफ्रीका में है। गैलापागोस द्वीप दक्षिण अमेरिका में हैं। सिडनी ओशिनिया में है।
बहिष्कार की संस्कृति (कैंसल कल्चर) को परिभाषित करें और आधुनिक समाज में इसकी मौजूदगी के पक्ष और विपक्ष में मुख्य तर्क समझाएँ।,,"बहिष्कार की संस्कृति (कैंसल कल्चर) एक समकालीन सामाजिक घटना है। इसका मतलब है कि जब सार्वजनिक हस्तियाँ या संगठन कोई ऐसा व्यवहार करते हैं या ऐसे बयान देते हैं जो आपत्तिजनक, विवादित या नुकसानदेह माने जाते हैं, तो बड़े पैमाने पर लोग उनसे सामाजिक और आर्थिक, दोनों तरह का समर्थन वापस ले लेते हैं। समर्थन वापस लेने का यह तरीक़ा अक्सर ऑनलाइन बदनामी, बहिष्कार और पेशेवर नतीजों की माँग के रूप में सामने आता है, जिसकी शुरुआत आमतौर पर सोशल मीडिया मंचों पर होती है।

बहिष्कार की संस्कृति के समर्थक तर्क देते हैं कि यह लोकतांत्रिक जवाबदेही के लिए एक ज़रूरी औज़ार है। आज के फैले हुए मीडिया माहौल में, यह आम लोगों—खासकर हाशिए पर रहने वाले समुदायों—को यह ताक़त देता है कि वे ताक़तवर संस्थाओं (जैसे मशहूर हस्तियाँ, नेता, कंपनियाँ) को उन व्यवस्थागत बुराइयों, नस्लवाद, लिंगभेद, या ऐतिहासिक नुक़सानों के लिए जवाबदेह ठहराएँ जिन्हें पारंपरिक संस्थाएँ (जैसे क़ानूनी व्यवस्था या मानव संसाधन विभाग) अक्सर सुलझाने में नाकाम रहती हैं। इस नज़रिए से, 'रद्द करना' सामूहिक नैतिक ज़ोर का एक रूप है जो नुकसानदेह बातों या व्यवहारों पर सख़्त हिसाब की माँग करता है, जिससे समाज में मायने रखने वाला बदलाव आता है।

हालांकि, विरोधी बहिष्कार की संस्कृति को निरंकुश भीड़ के न्याय (अलोकतांत्रिक तरीक़ा) के रूप में देखते हैं जो उचित प्रक्रिया और अभिव्यक्ति की आज़ादी को कमज़ोर करता है। आलोचनाएँ कई बिंदुओं पर केंद्रित हैं: पहला, सज़ाएँ अक्सर अपराध के मुक़ाबले कहीं ज़्यादा होती हैं, जिससे किसी एक अलग-थलग या संदर्भ में अस्पष्ट बयान पर भी पेशेवर ज़िंदगी बर्बाद हो जाती है। दूसरा, यह डर के माहौल को बढ़ावा देता है जहाँ लोग जानबूझकर किए गए उत्पीड़न के डर से बारीक राय व्यक्त करने या ईमानदार बहस में शामिल होने से हिचकिचाते हैं। तीसरा, इस प्रक्रिया में अक्सर जवाबदेही की कमी होती है; यह तथ्यात्मक जाँच के बजाय एल्गोरिथम के फैलाव से प्रेरित तेज़, भावनात्मक फ़ैसलों पर निर्भर करती है, जिससे कभी-कभी निर्दोष व्यक्तियों को निशाना बनाया जाता है या पुराने, बिना जाँच के आरोपों को फिर से उठाया जाता है।"
"बास्केटबॉल के इन आम नियम उल्लंघनों: ट्रैवलिंग, चार्जिंग, और टेक्निकल फ़ाउल की परिभाषा और उनके बीच का अंतर स्पष्ट करें।",,"बास्केटबॉल के नियमों को समझने के लिए, फ़ाउल (संपर्क) और उल्लंघन (प्रक्रियात्मक ग़लतियाँ) के बीच का अंतर जानना ज़रूरी है। **ट्रैवलिंग** एक आम उल्लंघन है। यह तब होता है जब कोई खिलाड़ी बॉल पर नियंत्रण होने के दौरान अपने पिवट पैर को ग़ैर-क़ानूनी तरीक़े से हिलाता है, या ड्रिब्लिंग किए बिना बहुत ज़्यादा क़दम चलता है। यह बिना संपर्क वाला उल्लंघन है, और इसकी सज़ा से टर्नओवर होता है (यानी विरोधी टीम को बॉल मिल जाती है)। **चार्जिंग** को आक्रामक निजी फ़ाउल (ऑफ़ेंसिव पर्सनल फ़ाउल) के रूप में वर्गीकृत किया जाता है। यह तब होता है जब ड्रिब्लिंग करने वाला या शूट करने वाला खिलाड़ी एक स्थिर बचाव करने वाले खिलाड़ी के साथ ग़ैर-क़ानूनी संपर्क करता है, जिसने नियम के अनुसार अपनी सही रक्षा स्थिति (गार्डिंग पोज़िशन) स्थापित कर रखी हो। स्थिति के आधार पर इस संपर्क के परिणामस्वरूप फ़्री थ्रो या विरोधी टीम को बॉल का क़ब्ज़ा मिलता है। अंत में, **टेक्निकल फ़ाउल** अलग होता है क्योंकि इसमें आमतौर पर सक्रिय खेल से जुड़ा सीधा संपर्क शामिल नहीं होता, बल्कि यह खिलाड़ी भावना के विपरीत आचरण, रेफ़री से बहस करने, या ज़रूरत से ज़्यादा टाइमआउट जैसी प्रक्रियात्मक ग़लतियों के कारण होता है। टेक्निकल फ़ाउल के लिए आमतौर पर विरोधी टीम को फ़्री थ्रो और बॉल का क़ब्ज़ा जारी रखने का दंड दिया जाता है।"
"दुनिया में सबसे लंबी नदी आमतौर पर कौन सी मानी जाती है, और यह लगभग कितनी लंबी है?",,"अमेज़न नदी को व्यापक रूप से दुनिया की सबसे लंबी नदी माना जाता है, जिसका माप लगभग 6,992 किलोमीटर (4,345 मील) है।"
चुंबकीय क्षेत्रों के संबंध में प्रकार I और प्रकार II अतिचालकों के बीच मुख्य अंतर क्या है?,"अतिचालकता कुछ ख़ास पदार्थों में देखे जाने वाले भौतिक गुणों का एक समूह है, जहाँ एक विशिष्ट क्रांतिक तापमान से नीचे ठंडा करने पर विद्युत प्रतिरोध ख़त्म हो जाता है और चुंबकीय प्रवाह क्षेत्र उस पदार्थ से बाहर निकाल दिए जाते हैं। पूर्ण प्रतिचुंबकत्व की इस घटना को माइस्नर प्रभाव के नाम से जाना जाता है। अतिचालकों को आम तौर पर दो श्रेणियों में बाँटा जाता है: प्रकार I और प्रकार II। प्रकार I अतिचालक, जो आमतौर पर शुद्ध धातुएँ होते हैं, एक एकल क्रांतिक चुंबकीय क्षेत्र (एचसी) से ऊपर जाने पर अचानक अपनी अतिचालकता खो देते हैं। इसके विपरीत, प्रकार II अतिचालक (जो अक्सर मिश्र धातुएँ या सिरेमिक यौगिक होते हैं) दो क्रांतिक क्षेत्र दिखाते हैं, एचसी1 और एचसी2। इन दोनों क्षेत्रों के बीच, चुंबकीय प्रवाह क्वांटम भँवरों के रूप में पदार्थ में आंशिक रूप से घुस सकता है, जिसका मतलब है कि वे एचसी2 तक पहुँचने तक क्षेत्र को पूरी तरह से बाहर नहीं निकालते हैं।","प्रकार I अतिचालक एक एकल क्रांतिक चुंबकीय क्षेत्र (एचसी) से ऊपर अचानक अतिचालकता खो देते हैं, जबकि प्रकार II अतिचालक दो क्रांतिक क्षेत्र (एचसी1 और एचसी2) दिखाते हैं, जिससे चुंबकीय प्रवाह को इन क्षेत्रों के बीच क्वांटम भँवरों के रूप में पदार्थ में आंशिक रूप से घुसने की अनुमति मिलती है।"
टपकते हुए रसोई के नल को ठीक करने का सबसे अच्छा तरीका क्या है?,,"सबसे पहले, सिंक के नीचे पानी बंद करने वाले वाल्वों को ढूँढें और पानी की सप्लाई पूरी तरह से बंद कर दें। नल के प्रकार (जैसे: कॉम्प्रेसन, कार्ट्रिज, या बॉल) का पता लगाएँ, क्योंकि मरम्मत की प्रक्रिया अलग-अलग होती है। ज़्यादातर सामान्य प्रकारों के लिए, नल की डंडी (स्टेम) को बाहर निकालने के लिए सजावटी टोपी और हैंडल को हटाएँ। पाना (रेंच) या किसी खास औजार का उपयोग करके, डंडी को हटाएँ और वॉशर या ओ-रिंग की जाँच करें। टपकने का कारण आमतौर पर ये रबड़ के पुर्जे ही होते हैं। घिसे हुए पुर्जे को उसी तरह के एक नए पुर्जे से बदल दें, चूड़ियों (थ्रेड्स) पर तेल लगाएँ, और नल को वापस जोड़ दें। मरम्मत की जाँच के लिए पानी को धीरे-धीरे वापस चालू करें।"
"नीचे दिए गए अकादमिक क्षेत्रों को दो श्रेणियों में बाँटें: मानविकी और कला या प्राकृतिक विज्ञान: खगोल विज्ञान, मूर्तिकला, भाषा विज्ञान, कार्बनिक रसायन विज्ञान, और दर्शनशास्त्र।",,"प्राकृतिक विज्ञान में खगोल विज्ञान और कार्बनिक रसायन विज्ञान शामिल हैं। मानविकी और कला में मूर्तिकला, भाषा विज्ञान, और दर्शनशास्त्र शामिल हैं।"
"पाठ में बताए गए नेटफ्लिक्स के मुख्य व्यापारिक पड़ावों की एक क्रमबद्ध समयरेखा बनाएँ। हर दर्ज को साल से शुरू करें और संक्षिप्त, वर्णन करने वाले वाक्यांशों का इस्तेमाल करें।","नेटफ्लिक्स की स्थापना 1997 में रीड हेस्टिंग्स और मार्क रैंडोल्फ ने स्कॉट्स वैली, कैलिफ़ोर्निया में की थी। शुरुआत में, यह डाक द्वारा डीवीडी किराए पर देने वाली सेवा के रूप में चलाया जाता था। 1999 में, उन्होंने मासिक सदस्यता (सब्सक्रिप्शन) की अवधारणा शुरू की, और देरी का शुल्क खत्म कर दिया। कंपनी 29 मई, 2002 को सार्वजनिक हुई। 2007 में स्ट्रीमिंग मीडिया की शुरुआत के साथ एक बड़ा महत्वपूर्ण बदलाव आया। 2013 में 'हाउस ऑफ कार्ड्स' के जारी होने के साथ मूल सामग्री का निर्माण शुरू हुआ। 2016 तक, उन्होंने 130 नए देशों में अपनी वैश्विक सेवा का विस्तार किया, जिसने उनके व्यापारिक मॉडल को मूलभूत रूप से बदल दिया।","1997: डाक द्वारा डीवीडी किराए पर देने वाली सेवा के रूप में स्थापित।
1999: मासिक सदस्यता (सब्सक्रिप्शन) की अवधारणा शुरू की गई।
2002: सार्वजनिक हुई।
2007: स्ट्रीमिंग मीडिया सेवाएँ शुरू की गईं।
2013: मूल सामग्री का निर्माण शुरू किया गया।
2016: 130 नए देशों में वैश्विक सेवा का विस्तार किया।"
"अफ्रीका की सबसे ऊँची पर्वत चोटी कौन सी है, और वह किस देश में है?",,"माउंट किलिमंजारो, जो तंज़ानिया में है।"
"चार दिन की अकेली (सोलो) कैंपिंग यात्रा के लिए सामान की एक पूरी सूची बनाएँ, जो सितंबर के आखिर में रॉकी पहाड़ों में होगी। ठंडे मौसम की तैयारी और ज़रूरी चीज़ों पर ध्यान दें।",,"## चार दिन की अकेली (सोलो) रॉकी पहाड़ कैंपिंग सूची (सितंबर का आखिर)

### I. रहने (शरण) और सोने का सामान
- 4 मौसमों वाला टेंट (तंबू)
- स्लीपिंग बैग (सोने वाला थैला) (0°F / -18°C रेटिंग वाला)
- गर्मी रोकने वाला (इंसुलेटेड) सोने का पैड/चटाई
- ज़मीन पर बिछाने के लिए तिरपाल / फुटप्रिंट
- छोटा हवा भरने वाला तकिया

### II. कपड़े (परत दर परत पहनने का तरीका)
- **अंदरूनी परत (बेस लेयर):** 2 सेट मेरिनो ऊन के लंबे अंडरवियर (ऊपर और नीचे के लिए)
- **बीच की परत (मिड लेयर):** फ़्लीस पुलोवर, गर्मी रोकने वाला फूला हुआ जैकेट (पंख/रूई या सिंथेटिक)
- **बाहरी परत (आउटर लेयर):** पानी और हवा रोकने वाला शेल जैकेट और पैंट
- ऊन के 4 जोड़े लंबी पैदल यात्रा वाले मोजे
- पानी रोकने वाले लंबी पैदल यात्रा वाले जूते (बूट्स)
- गरम टोपी (बीनी) और गर्मी रोकने वाले दस्ताने/मिट्टन्स
- धूप से बचाव वाली टोपी (दिन के समय के लिए)

### III. खाना पकाना और पानी
- पोर्टेबल (आसानी से ले जाने वाला) बैकपैकिंग स्टोव और ईंधन का डिब्बा (एक अतिरिक्त)
- खाना पकाने का बर्तन और बरतन (चम्मच आदि)
- 4 दिन का सूखा/जमा कर सुखाया गया खाना + ज़्यादा कैलोरी वाले स्नैक्स (नाश्ते)
- पानी छानने वाला फिल्टर या शुद्धिकरण की गोलियाँ
- 2 x 1 लीटर पानी की बोतलें + 2 लीटर पानी जमा करने का थैला (रिज़र्वायर)
- भालू से सुरक्षा वाला डिब्बा (कैनिस्टर) (रॉकी पहाड़ों के कई क्षेत्रों में ज़रूरी)

### IV. रास्ता ढूँढना (नेविगेशन) और सुरक्षा
- स्थलाकृतिक नक़्शा (टोपोग्राफ़िक मैप) और कंपास (दिशा सूचक)
- हेडकैंप/हेडलैंप (अतिरिक्त बैटरी के साथ)
- प्राथमिक उपचार किट (फर्स्ट एड किट) (व्यक्तिगत दवाइयाँ + छाले की देखभाल)
- मल्टी-टूल/चाकू
- भालू भगाने वाला स्प्रे (आसानी से पहुँच में हो)
- सीटी
- आग जलाने का सामान (पानी में खराब न होने वाली माचिस/लाइटर)

### V. विविध (अन्य चीज़ें)
- सनस्क्रीन (धूप से बचाव क्रीम) और कीड़े भगाने वाली दवा
- धूप का चश्मा
- शौचालय का सामान (टॉयलेटरीज़) और वैग बैग/खुरपी
- बैकपैक (पीठ पर टाँगने वाला थैला) (50L-70L क्षमता वाला)
- फ़ोन और पोर्टेबल चार्जर/पावर बैंक"
"बृहस्पति के गैलीलियन चंद्रमाओं में से कौन-सा चंद्रमा सौर मंडल का सबसे बड़ा चंद्रमा होने की पहचान रखता है, और किस चंद्रमा की पहचान सबसे ज़्यादा सक्रिय भूगर्भीय गतिविधि से होती है?","बृहस्पति के चार सबसे बड़े चंद्रमाओं को सामूहिक रूप से गैलीलियन चंद्रमाओं के नाम से जाना जाता है: आयो, यूरोपा, गैनीमीड, और कैलिस्टो। आयो सौर मंडल में भूगर्भीय रूप से सबसे ज़्यादा सक्रिय दुनिया है, जिसमें बृहस्पति के विशाल गुरुत्वाकर्षण खिंचाव से उत्पन्न ज्वारीय गर्मी के कारण सैकड़ों ज्वालामुखी हैं। यूरोपा आयो से थोड़ा छोटा है और वैज्ञानिकों के लिए खास रुचि का विषय है क्योंकि मज़बूत सबूत बताते हैं कि इसकी बर्फीली परत के नीचे तरल पानी का एक विशाल भूमिगत महासागर है, जो इसे संभावित रहने लायक जगहों के अध्ययन के लिए एक मुख्य लक्ष्य बनाता है। गैनीमीड सौर मंडल का सबसे बड़ा चंद्रमा है, जो ग्रह बुध से भी बड़ा है, और यह एकमात्र ऐसा चंद्रमा है जिसके पास अपना खुद का चुंबकीय क्षेत्र होने की जानकारी है। अंत में, कैलिस्टो, जो गैलीलियन चंद्रमाओं में सबसे बाहर है, उसकी सतह सबसे पुरानी है और उस पर सबसे ज़्यादा गड्ढे हैं, जो इसके बनने के बाद से बहुत कम भूगर्भीय गतिविधि होने का संकेत देता है।","गैनीमीड सौर मंडल का सबसे बड़ा चंद्रमा है, जो ग्रह बुध से भी बड़ा है। आयो की पहचान सबसे ज़्यादा सक्रिय भूगर्भीय गतिविधि से होती है, जिसमें सैकड़ों ज्वालामुखी शामिल हैं और इसे सौर मंडल में भूगर्भीय रूप से सबसे ज़्यादा सक्रिय दुनिया बताया गया है।"
"दिए गए विवरण के अनुसार, एक आम रोमन लीजन में पहली कोहॉर्ट की बनावट बाकी की नौ कोहॉर्ट से किस बात में अलग होती है?","रोमन लीजन प्राचीन रोमन सेना की बुनियादी फ़ौजी इकाई थी, जिसमें आम तौर पर 4,200 से 5,200 सैनिक होते थे। लीजन के अंदर, कोहॉर्ट मुख्य रणनीतिक उप-इकाई थी। एक पूरे लीजन में आमतौर पर दस कोहॉर्ट होती थीं। पहली कोहॉर्ट अक्सर दुगनी ताक़त वाली होती थी, जिसमें 160 पुरुषों वाली पाँच सेंचुरी शामिल थीं, और इसमें लीजन के सबसे अनुभवी सैनिक रखे जाते थे। बाकी की नौ कोहॉर्ट में 80 पुरुषों वाली छह सेंचुरी शामिल थीं। एक सेंचुरी की कमान एक सॅन्चुरिअन के पास होती थी, जिसे अक्सर उसके उप-कमांडर, 'ऑप्टिओ' द्वारा सहायता दी जाती थी।","पहली कोहॉर्ट दुगनी ताक़त वाली थी, जिसमें 160 पुरुषों वाली पाँच सेंचुरी शामिल थीं, जबकि बाकी की नौ कोहॉर्ट में छह सेंचुरी थीं, जिनमें से हर एक में 80 पुरुष शामिल थे।"
हागिया सोफिया किस शहर में स्थित है?,,"हागिया सोफिया, जो ऐतिहासिक रूप से अहम एक पुराना गिरजाघर और मस्जिद है, तुर्की के इस्तांबुल शहर में स्थित है।"
"छाँव में रहने वाले घर के पौधे को अचानक बहुत तेज़, सीधी धूप में रखने पर क्या होगा, यह बताइए।",,"इस अचानक बदलाव से 'धूप से झुलसने' या 'पत्ते जलने' की समस्या हो जाती है। क्योंकि पौधे के पत्ते कम रोशनी के लिए ढले हुए होते हैं (उनकी बाहरी परत पतली होती है और क्लोरोफिल की मात्रा ज़्यादा होती है), इसलिए वे तेज़ गर्मी और तीव्र किरणों को सहन नहीं कर पाते। कुछ ही घंटों में, पौधे से बहुत ज़्यादा पानी भाप बनकर उड़ने लगेगा, जिससे वह तेज़ी से मुरझा जाएगा। अगले एक या दो दिन में, क्लोरोफिल नष्ट हो जाएगा, जिसके कारण पत्तों पर सफ़ेद, पीले या भूरे रंग के धब्बे (सूखे हुए निशान) पड़ जाएँगे। अगर उसे जल्दी वापस छाँव में नहीं ले जाया गया, तो पौधा नुक़सान की मरम्मत करने में अपनी सारी ऊर्जा ख़र्च कर देगा और शायद अंत में मर जाएगा, या कम से कम, अपने सभी ख़राब पत्तों को गिरा देगा।"
"जे.आर.आर. टॉल्किन की मौत के बाद द सिल्मारिलियन नामक रचना को किसने पूरा किया और प्रकाशित किया, और यह कब छपी थी?",,"द सिल्मारिलियन को जे.आर.आर. टॉल्किन के सबसे छोटे बेटे, क्रिस्टोफर टॉल्किन ने, अपने पिता के विस्तृत (बहुत ज़्यादा), अक्सर विरोधाभासी टिप्पणियों और पांडुलिपियों (हाथ से लिखी चीज़ों) का इस्तेमाल करके संकलित और संपादित किया था। यह पहली बार उनकी मृत्यु के बाद 1977 में यूके (ब्रिटेन) में जॉर्ज एलन एंड अनविन द्वारा और यूएस (अमेरिका) में हॉटन मिफ्लिन द्वारा प्रकाशित (छपी) हुई थी।"
"एलिगेटर, डॉल्फ़िन: इनमें से कौन सा स्तनधारी है या सरीसृप है?",,"एलिगेटर सरीसृप है, डॉल्फ़िन स्तनधारी है।"
एक साधारण ख़ट्टा पाव रोटी सेंकने के लिए ज़रूरी मुख्य सामग्री और बुनियादी तरीके बताएं।,,"मुख्य सामग्री हैं पानी, आटा (जो अक्सर मैदा या रोटी के आटे और साबुत गेहूं/राई के आटे का मिश्रण होता है), और नमक। हालांकि, सबसे ज़रूरी चीज़ सक्रिय ख़मीर स्टार्टर है, जो जंगली ख़मीर और जीवाणुओं का एक जीवित समूह (कल्चर) होता है। इस बुनियादी प्रक्रिया में चार मुख्य चरण होते हैं: 1) सामग्री को मिलाना (जिसमें अक्सर ऑटोलिस आराम/आटे को भिगोकर रखने का समय शामिल होता है); 2) पहली ख़मीरीकरण (यह सबसे लंबा चरण होता है, जिसमें आटा फूलने दिया जाता है); 3) आटे को आकार देना और ठंडी ख़मीरीकरण (आटे को बैनेटॉन नामक टोकरी में रखकर फ्रिज में ठंडा करना); और 4) कुरकुरी ऊपरी परत पाने के लिए डच ओवन या सेंकने वाले पत्थर पर सेंकना।"
"पाइथन और जावा में क्या बड़े फ़र्क़ हैं, ख़ासकर वे कैसे चलाए जाते हैं (execution environment) और उनका इस्तेमाल आमतौर पर कहाँ होता है, यह समझाएँ।",,"पाइथन एक इंटरप्रिटेड, हाई-लेवल भाषा है जो आसानी से पढ़ने लायक होने और तेज़ी से विकास (development) के लिए जानी जाती है। इसका मुख्य इस्तेमाल डेटा साइंस, मशीन लर्निंग, वेब डेवलपमेंट (बैकएंड) और स्क्रिप्टिंग में होता है। यह एक इंटरप्रिटेड माहौल में चलती है। इसके उलट, जावा एक कम्पाइल्ड भाषा है जो जावा वर्चुअल मशीन (जेवीएम) पर चलती है, जिससे यह किसी भी प्लेटफ़ॉर्म पर चल सकती है ('एक बार लिखो, कहीं भी चलाओ')। जावा का उपयोग आमतौर पर बड़े व्यापारिक सिस्टमों, एंड्रॉयड डेवलपमेंट और बड़े अनुप्रयोगों के लिए होता है जहाँ रफ़्तार और मज़बूती (stability) बहुत ज़रूरी होती है। पाइथन आम तौर पर प्रोग्रामर की काम करने की रफ़्तार को प्राथमिकता देती है, जबकि जावा अक्सर चलाने की रफ़्तार और मज़बूत बनावट को प्राथमिकता देती है।"
"नीचे दी गई चीज़ों को उनकी रासायनिक बनावट के आधार पर तत्व, यौगिक, या मिश्रण में बाँटें: सोना, पानी, हवा, गुरुत्वाकर्षण, नमक (एन ए सी एल), इस्पात, प्रकाश, ऑक्सीजन (ओ₂), सलाद, मेज़।",,"श्रेणियाँ (वर्गीकरण) इस प्रकार हैं:

**तत्व (शुद्ध पदार्थ, एक ही तरह के परमाणु):**
*   सोना (ए यू)
*   ऑक्सीजन (ओ₂)

**यौगिक (शुद्ध पदार्थ, दो या दो से अधिक रासायनिक रूप से बंधे हुए तत्व):**
*   पानी (एच₂ओ)
*   नमक (एन ए सी एल)

**मिश्रण (पदार्थों का भौतिक मेल):**
*   हवा (मुख्य रूप से नाइट्रोजन, ऑक्सीजन और आर्गन का एक जैसा मिश्रण)
*   इस्पात (लोहे और कार्बन का एक जैसा मिश्रण/मिश्र धातु)
*   सलाद (अलग-अलग सब्ज़ियों और सॉस का अलग-अलग तरह का मिश्रण)

**वह चीज़ें जिनका रासायनिक रूप से वर्गीकरण नहीं किया जा सकता:**
*   **गुरुत्वाकर्षण:** यह एक मौलिक भौतिक बल है, न कि कोई रासायनिक पदार्थ।
*   **प्रकाश:** यह विद्युत-चुम्बकीय ऊर्जा (विकिरण) है, न कि रासायनिक बनावट वाला कोई पदार्थ।
*   **मेज़:** यह एक बड़ी वस्तु है, जो आमतौर पर ऐसी सामग्री (जैसे लकड़ी या धातु) से बनी होती है जो खुद जटिल मिश्रण या यौगिक होते हैं, लेकिन वस्तु स्वयं मानक रासायनिक वर्गीकरण (तत्व, यौगिक, मिश्रण) नहीं है।"
प्रकाश-संश्लेषण की अवधारणा समझाएं।,,"प्रकाश-संश्लेषण वह तरीक़ा है जिसे पौधे, काई (algae), और कुछ जीवाणु इस्तेमाल करते हैं। इसमें वे रोशनी की ऊर्जा (जो आम तौर पर सूरज से मिलती है) को रासायनिक ऊर्जा (जैसे शक्कर या ग्लूकोज़) में बदल देते हैं। इस ऊर्जा का उपयोग जीव अपनी गतिविधियों को चलाने के लिए करता है।"
पता लगाओ कि पाइथन और जावा स्टैटिक टाइपिंग इस्तेमाल करते हैं या डायनेमिक टाइपिंग।,,"जावा स्टैटिक टाइपिंग इस्तेमाल करता है, और पाइथन डायनेमिक टाइपिंग इस्तेमाल करता है।"
"अपोलो कार्यक्रम के दौरान चाँद की सतह पर सबसे लंबे लगातार ठहराव की अवधि क्या थी, जिसका प्रारूप [दिन:घंटे:मिनट] हो?","अपोलो कार्यक्रम ने 1969 और 1972 के बीच छह (6) चालक दल वाली चाँद पर लैंडिंग सफलतापूर्वक पूरी की। जबकि अधिकांश अभियानों में 75 घंटों से कम का ठहराव शामिल था, अपोलो 17 सबसे लंबे लगातार ठहराव का कीर्तिमान रखता है। अंतरिक्ष यात्री यूजीन सर्नन और हैरिसन श्मिट ने टॉरस-लिट्ट्रो घाटी की खोजबीन में कुल 75 घंटे, 0 मिनट और 57 सेकंड खर्च किए।",03:03:00
वर्ल्ड वाइड वेब का आविष्कार करने का श्रेय किसे दिया जाता है?,,टिम बर्नर्स-ली
बिग बैंग सिद्धांत समझाओ।,"बिग बैंग सिद्धांत सबसे मुख्य ब्रह्मांडीय ढाँचा है जो बताता है कि ब्रह्मांड कैसे शुरू हुआ और विकसित हुआ। इस सिद्धांत के अनुसार, ब्रह्मांड लगभग 13.8 अरब साल पहले एक बहुत ही गर्म, घने बिंदु (केंद्र) के रूप में शुरू हुआ। इस शुरुआती अवस्था के बाद, ब्रह्मांड तेज़ी से फैलने लगा, यह प्रक्रिया ब्रह्मांडीय फैलाव कहलाती है। जैसे-जैसे यह फैला और ठंडा हुआ, छोटे-छोटे कण बने, जो अंततः बिग बैंग के लगभग 380,000 साल बाद मिलकर हाइड्रोजन और हीलियम के परमाणु बनाने लगे। बहुत लंबे समय के दौरान, गुरुत्वाकर्षण के कारण ये शुरुआती परमाणु एक साथ जमा हो गए, जिससे पहले तारे और आकाशगंगाएँ बनीं, और आज हम जिस ब्रह्मांड की बनावट देखते हैं, वह तैयार हुई।","बिग बैंग सिद्धांत वह ब्रह्मांडीय ढाँचा है जो ब्रह्मांड की शुरुआत को लगभग 13.8 अरब साल पहले एक अविश्वसनीय रूप से गर्म, घने केंद्र से हुए तेज़ी से फैलाव के रूप में बताता है, जिसने सभी दिखाई देने वाले पदार्थ और ब्रह्मांडीय बनावटों को जन्म दिया।"
"मैं वी-लैन (VLANs) और फ़ायरवॉल नियमों का उपयोग करके यूनीफाई यूडीऍम प्रो (Unifi UDM Pro) पर एक सुरक्षित, अलग-थलग मेहमान नेटवर्क कैसे कॉन्फ़िगर करूँ?",,"यूनीफाई ड्रीम मशीन प्रो (यूडीऍम प्रो) पर एक सुरक्षित, अलग-थलग मेहमान नेटवर्क (guest network) को कॉन्फ़िगर करने में तीन मुख्य चरण शामिल हैं: नेटवर्क/वी-लैन बनाना, उससे जुड़ा हुआ वाई-फ़ाई एस-एस-आई-डी सेट करना, और नेटवर्क के आर-पार जाने वाले ट्रैफ़िक को रोकने के लिए सख़्त फ़ायरवॉल नियम लागू करना।

**चरण 1: नया नेटवर्क और वी-लैन बनाएँ**
1. यूनीफाई कंट्रोलर इंटरफ़ेस में 'सेटिंग्स' > 'नेटवर्क्स' पर जाएँ।
2. 'नया नेटवर्क जोड़ें' ('Add New Network') पर क्लिक करें।
3. नेटवर्क का नाम दें (उदाहरण के लिए, 'मेहमान-वी-लैन20')।
4. 'उद्देश्य' ('Purpose') को 'मानक' ('Standard') पर सेट करें। यूडीऍम प्रो इस नेटवर्क के लिए डी-एच-सी-पी (DHCP) और रूटिंग को संभालेगा।
5. एक समर्पित वी-लैन आई-डी (VLAN ID) निर्दिष्ट करें (उदाहरण के लिए, 20)। यह आपके स्विच और एक्सेस पॉइंट पर ट्रैफ़िक को टैग करने के लिए ज़रूरी है।
6. एक ऐसा सबनेट चुनें जो आपके मुख्य नेटवर्क से अलग हो (उदाहरण के लिए, 192.168.20.1/24)।
7. 'उन्नत व्यवस्था' ('Advanced Configuration') के तहत, 'नेटवर्क अलगाव' ('Network Isolation') को सक्षम करें। यह मेहमान नेटवर्क के *अंदर* क्लाइंट डिवाइस को अलग करता है, यानी क्लाइंट एक दूसरे से बात नहीं कर सकते।
8. नेटवर्क को सहेजें (Save)।

**चरण 2: वायरलेस नेटवर्क (एस-एस-आई-डी) कॉन्फ़िगर करें**
1. 'सेटिंग्स' > 'वाई-फ़ाई' पर जाएँ।
2. 'नया वाई-फ़ाई नेटवर्क जोड़ें' पर क्लिक करें।
3. एस-एस-आई-डी का नाम दें (उदाहरण के लिए, 'सार्वजनिक मेहमान वाई-फ़ाई') और एक मज़बूत, आसान पासवर्ड सेट करें।
4. 'नेटवर्क' ड्रॉपडाउन के तहत, इस एस-एस-आई-डी को आपके बनाए गए 'मेहमान-वी-लैन20' नेटवर्क से लिंक करें।
5. 'मेहमान नीति' ('Guest Policy') चेकबॉक्स को सक्षम करें। यह अनुशंसित (recommended) है क्योंकि यह यूनीफाई की अंतर्निहित लेयर 2 अलगाव सुविधाओं को सक्रिय करता है और ज़रूरत पड़ने पर एक साधारण कैप्टिव पोर्टल प्रदान कर सकता है।

**चरण 3: फ़ायरवॉल नियम लागू करें (महत्वपूर्ण अलगाव)**
जबकि 'नेटवर्क अलगाव' आंतरिक क्लाइंट को अलग करता है, मेहमानों को आपके मुख्य स्थानीय नेटवर्क (लैन) या प्रबंधन उपकरणों तक पहुँचने से रोकने के लिए कस्टम 'लैन इन' फ़ायरवॉल नियमों की ज़रूरत होती है।

1. 'सेटिंग्स' > 'फ़ायरवॉल' > 'नियम' पर जाएँ।
2. 'लैन इन' ('LAN In') टैब चुनें। यह किसी आंतरिक नेटवर्क (जैसे मेहमान वी-लैन) *से* आपके मुख्य नेटवर्क *तक* जाने वाले ट्रैफ़िक को नियंत्रित करता है।
3. **नियम 1: प्राथमिक लैन/सबनेट तक सभी पहुँच रोकें (ड्रॉप)**
    *   **कार्यवाही (Action):** ड्रॉप (छोड़ दें)
    *   **विवरण (Description):** मुख्य लैन और संवेदनशील सबनेट तक मेहमान पहुँच रोकें
    *   **इंटरफ़ेस/दिशा (Interface/Direction):** लैन इन
    *   **स्रोत (Source):** 'प्रकार' > 'नेटवर्क' > 'मेहमान-वी-लैन20' (वह नेटवर्क जो आपने अभी बनाया है)
    *   **गंतव्य (Destination):** 'प्रकार' > 'नेटवर्क' > 'लैन' (आपका प्राथमिक आंतरिक नेटवर्क, उदाहरण के लिए, 192.168.1.0/24)।
    *   *स्थान (Placement):* सुनिश्चित करें कि इस नियम का मूल्यांकन सबसे पहले हो (इसे किसी भी 'स्थापित/संबंधित को अनुमति दें' नियमों से पहले रखें)।
4. **नियम 2: यूडीऍम प्रो को डी-एन-एस और डी-एच-सी-पी की अनुमति दें (आवश्यक)**
    *   अगर सख़्त डिफ़ॉल्ट सेटिंग्स ज़रूरी सेवाओं (जैसे डी-एन-एस प्रश्न और डी-एच-सी-पी अनुरोध) के लिए मेहमानों को यूडीऍम प्रो के साथ बातचीत करने से रोकती हैं, तो आपको स्पष्ट नियमों की आवश्यकता हो सकती है। आम तौर पर, 'स्थापित/संबंधित को अनुमति दें' नियम यह संभालते हैं, लेकिन यदि समस्याएँ बनी रहती हैं, तो यूडीऍम प्रो के गेटवे आई-पी को लक्षित करते हुए पोर्ट 53 (डी-एन-एस) और 67/68 (डी-एच-सी-पी) के लिए एक 'अनुमति दें' नियम बनाएँ।"
"अर्पानेट के बारे में दिए गए पाठ के आधार पर, नेटवर्क की स्थापना के बाद इसे निधि देने या इसे संभालने में कौन-सी ख़ास संस्थाएँ शामिल थीं?","एडवांस्ड रिसर्च प्रोजेक्ट्स एजेंसी नेटवर्क (अर्पानेट) शुरुआती पैकेट स्विचिंग नेटवर्कों में से एक था और टीसीपी/आईपी प्रोटोकॉल सूट को लागू करने वाला पहला नेटवर्क था। ये दोनों तकनीकें इंटरनेट की तकनीकी नींव बन गईं। अर्पानेट की स्थापना संयुक्त राज्य अमेरिका के रक्षा विभाग की एडवांस्ड रिसर्च प्रोजेक्ट्स एजेंसी (अर्पा) द्वारा की गई थी। इसे शुरू में अर्पा ने, और बाद में नेशनल साइंस फ़ाउंडेशन (एनएसएफ) ने वित्त पोषित किया था। पहला संदेश, 'LOGIN,' 29 अक्टूबर, 1969 को यूसीएलए के एक कंप्यूटर से स्टैनफोर्ड रिसर्च इंस्टीट्यूट (एसआरआई) के एक कंप्यूटर पर भेजा गया था। हालांकि, 'G' के बाद सिस्टम क्रैश हो गया। 1975 तक, अर्पानेट को चालू घोषित कर दिया गया और इसका नियंत्रण डिफ़ेंस कम्युनिकेशंस एजेंसी (डीसीए) को सौंप दिया गया।",इस नेटवर्क की स्थापना और शुरुआती फंडिंग एडवांस्ड रिसर्च प्रोजेक्ट्स एजेंसी (अर्पा) द्वारा की गई थी। इसे बाद में नेशनल साइंस फ़ाउंडेशन (एनएसएफ) द्वारा वित्त पोषित किया गया था। इसका नियंत्रण 1975 में डिफ़ेंस कम्युनिकेशंस एजेंसी (डीसीए) को सौंप दिया गया था।
४जी और ५जी मोबाइल नेटवर्क के बीच मुख्य अंतर समझाएं।,,"४जी (एलटीई) और ५जी नेटवर्क के बीच मुख्य अंतर तीन मुख्य मापदंडों पर आधारित हैं: रफ़्तार, विलंब (देरी), और क्षमता। ५जी सैद्धांतिक रूप से 10 जी.बी.पी.एस तक की अधिकतम रफ़्तार देती है, जो ४जी की लगभग 100 एम.बी.पी.एस की अधिकतम रफ़्तार से कहीं ज़्यादा तेज़ है (हालांकि, असल दुनिया की रफ़्तार दोनों में कम होती है)। ५जी में विलंब (देरी) काफ़ी कम हो जाती है, जो ४जी में आम तौर पर 50-100 मिलीसेकंड से गिरकर संभावित रूप से 1 मिलीसेकंड तक हो सकती है। यह बहुत कम विलंब (देरी) दूर से की जाने वाली सर्जरी और ख़ुद चलने वाले वाहनों जैसे अति-आवश्यक उपयोगों के लिए बहुत ज़रूरी है। आख़िर में, ५जी स्पेक्ट्रम (तरंगों का दायरा) की एक विस्तृत श्रृंखला का उपयोग करता है, जिसमें मिलीमीटर वेव (एमएमवेव) शामिल है। यह इसे एक साथ कहीं ज़्यादा जुड़े हुए उपकरणों को संभालने की अनुमति देता है (उच्च क्षमता घनत्व), जो इंटरनेट ऑफ़ थिंग्स (आई.ओ.टी.) के विकास के लिए बहुत ज़रूरी है।"
सोने का रासायनिक चिन्ह क्या है?,,एयू
नया काम या रोज़गार का रास्ता चुनते समय किन बातों पर सबसे ज़्यादा ध्यान देना चाहिए?,,"नया काम या रोज़गार का रास्ता चुनते समय निजी संतुष्टि को व्यावहारिक ज़रूरतों के साथ संतुलित करना पड़ता है। एक महत्वपूर्ण कारक है वेतन और फ़ायदे (मुआवज़ा), यह पक्का करना कि आपकी तनख्वाह आपके वित्तीय लक्ष्यों को पूरा करती है और स्वास्थ्य बीमा और रिटायरमेंट योजनाओं जैसे फ़ायदे पर्याप्त हैं। उतना ही ज़रूरी है काम और निजी जीवन का संतुलन, जिसमें लचीला समय-निर्धारण, सही काम के घंटे और छुट्टी का समय शामिल है, जो तनाव और थकावट को रोकता है और निजी गतिविधियों के लिए समय देता है। कई लोग निजी रुचि और अर्थ को प्राथमिकता देते हैं, ऐसी भूमिका की तलाश करते हैं जहाँ वे काम के बारे में खुद जोशीले महसूस करें और जहाँ उनके रोज़मर्रा के काम उनके मूल्यों से मेल खाते हों। इसके अलावा, करियर में आगे बढ़ने की संभावना (ग्रोथ) पर विचार करें; आकलन करें कि क्या यह भूमिका संगठन या उद्योग के भीतर सीखने, कौशल विकास और ऊपर उठने के अवसर प्रदान करती है। अंत में, कंपनी की संस्कृति और माहौल बहुत ज़रूरी हैं, क्योंकि एक खराब या बेमेल संस्कृति वेतन या पदवी की परवाह किए बिना काम की संतुष्टि को कम कर सकती है।"
आधुनिक चल-अक्षर छपाई मशीन कब और कहाँ विकसित हुई?,"यांत्रिक चल-अक्षरों का उपयोग करने वाली यूरोपीय छपाई मशीन का विकास लगभग 1440 में पवित्र रोमन साम्राज्य में मेंज शहर के एक जर्मन सुनार जोहानेस गुटेनबर्ग द्वारा किया गया था। हालाँकि ब्लॉक छपाई (ठप्पा छपाई) के शुरुआती रूप सदियों से इस्तेमाल में थे, ख़ासकर चीन और कोरिया में, गुटेनबर्ग का मुख्य योगदान कई मौजूदा तकनीकों (जिसमें शराब और तेल उत्पादन से परिचित स्क्रू प्रेस भी शामिल था) को एक व्यापक प्रणाली में मिलाना था।

गुटेनबर्ग की प्रणाली में धातु मिश्र धातु पर आधारित चल-अक्षरों के बड़े पैमाने पर उत्पादन की प्रक्रिया का आविष्कार, विशेष स्याही का विकास, और लकड़ी की छपाई प्रेस संरचना का निर्माण शामिल था। इस नई खोज ने हाथ से नक़ल करने या ब्लॉक छपाई की तुलना में किताबें और दस्तावेज़ बनाने की लागत को बहुत कम कर दिया।

इस आविष्कार ने मुद्रण क्रांति की शुरुआत की। इसने जानकारी को जमा करने और फैलाने के तरीके को मौलिक रूप से बदल दिया, जिसने पुनर्जागरण, प्रोटेस्टेंट सुधार और वैज्ञानिक क्रांति की प्रगति में एक महत्वपूर्ण भूमिका निभाई। गुटेनबर्ग से पहले, एक विश्वविद्यालय के पुस्तकालय में केवल कुछ सौ खंड ही हो सकते थे; उनके आविष्कार के 50 वर्षों के भीतर, यूरोप भर में लाखों छपी हुई किताबें प्रचलन में थीं। इस शुरुआती दौर का सबसे प्रतिष्ठित उत्पाद 42-लाइन वाली गुटेनबर्ग बाइबिल है, जिसे लगभग 1455 में छापा गया था।","यांत्रिक चल-अक्षरों का उपयोग करने वाली यूरोपीय छपाई मशीन का विकास लगभग 1440 में पवित्र रोमन साम्राज्य में मेंज शहर के एक जर्मन सुनार जोहानेस गुटेनबर्ग द्वारा किया गया था। हालाँकि ब्लॉक छपाई (ठप्पा छपाई) के शुरुआती रूप सदियों से इस्तेमाल में थे, ख़ासकर चीन और कोरिया में, गुटेनबर्ग का मुख्य योगदान कई मौजूदा तकनीकों (जिसमें शराब और तेल उत्पादन से परिचित स्क्रू प्रेस भी शामिल था) को एक व्यापक प्रणाली में मिलाना था।

गुटेनबर्ग की प्रणाली में धातु मिश्र धातु पर आधारित चल-अक्षरों के बड़े पैमाने पर उत्पादन की प्रक्रिया का आविष्कार, विशेष स्याही का विकास, और लकड़ी की छपाई प्रेस संरचना का निर्माण शामिल था। इस नई खोज ने हाथ से नक़ल करने या ब्लॉक छपाई की तुलना में किताबें और दस्तावेज़ बनाने की लागत को बहुत कम कर दिया।

इस आविष्कार ने मुद्रण क्रांति की शुरुआत की। इसने जानकारी को जमा करने और फैलाने के तरीके को मौलिक रूप से बदल दिया, जिसने पुनर्जागरण, प्रोटेस्टेंट सुधार और वैज्ञानिक क्रांति की प्रगति में एक महत्वपूर्ण भूमिका निभाई। गुटेनबर्ग से पहले, एक विश्वविद्यालय के पुस्तकालय में केवल कुछ सौ खंड ही हो सकते थे; उनके आविष्कार के 50 वर्षों के भीतर, यूरोप भर में लाखों छपी हुई किताबें प्रचलन में थीं। इस शुरुआती दौर का सबसे प्रतिष्ठित उत्पाद 42-लाइन वाली गुटेनबर्ग बाइबिल है, जिसे लगभग 1455 में छापा गया था।"
"कई दिनों की लंबी सड़क यात्रा के लिए, चार गैर-खाद्य (खाने के अलावा) ज़रूरी चीज़ें बताएँ।",,"एक अच्छी सूची में जम्पर केबलें (बैटरी जोड़ने वाली तारें), पूरी तरह सामान से भरा एक फ़र्स्ट एड किट (प्राथमिक चिकित्सा बॉक्स), फ़ोन या अन्य उपकरणों के लिए भरोसेमंद चार्जर का सेट, और ज़रूरी औज़ारों (जैसे जैक और पाना) के साथ एक अतिरिक्त टायर (स्टेपनी) शामिल होनी चाहिए।"
"चाँद पर उतरने के अलावा, अंतरिक्ष दौड़ के संयुक्त राज्य अमेरिका पर सबसे ज़्यादा ज़रूरी और लंबे समय तक बने रहने वाले तकनीकी और सामाजिक असर क्या थे?",,"अंतरिक्ष दौड़ ने सिर्फ़ रॉकेट विज्ञान से हटकर बहुत बड़ी तकनीकी तरक्की को तेज़ी दी। भरोसेमंद, छोटे और हल्के पुर्ज़ों की ज़रूरत ने माइक्रोइलेक्ट्रॉनिक्स के विकास को बढ़ावा दिया, जिसमें इंटीग्रेटेड सर्किट (आई सी चिप्स) शामिल हैं, जो आधुनिक कंप्यूटरों और उपभोक्ता इलेक्ट्रॉनिक्स का आधार हैं। इसके अलावा, इसने आधुनिक उपग्रह संचार, जीपीएस (G P S), और मौसम की निगरानी के विकास को भी प्रेरित किया। सामाजिक क्षेत्र में, स्पुतनिक के लॉन्च ने अमेरिका को चौंका दिया, जिससे नासा (N A S A) का निर्माण हुआ और 1958 के राष्ट्रीय रक्षा शिक्षा अधिनियम (एन डी ई ए) के ज़रिए विज्ञान और इंजीनियरिंग शिक्षा में भारी सरकारी निवेश किया गया। इस बदलाव ने अमेरिकी पाठ्यक्रमों में एस टी ई एम (S T E M) क्षेत्रों (विज्ञान, तकनीक, इंजीनियरिंग, गणित) पर जो बुनियादी ज़ोर दिया, वह आज भी कायम है। शुरू में अंतरिक्ष यात्रियों की निगरानी के लिए विकसित की गई तकनीकों ने मेडिकल इमेजिंग और उन्नत सामग्री विज्ञान, जैसे कि टेफ्लॉन और मेमोरी फ़ोम, में भी महत्वपूर्ण योगदान दिया।"
ग्रेट बैरियर रीफ़ के भौतिक आकार और बनावट को बताने वाले मुख्य संख्यात्मक आँकड़े क्या हैं?,"ग्रेट बैरियर रीफ़ दुनिया की सबसे बड़ी मूँगा चट्टान प्रणाली है, जो 2,900 से अधिक अलग-अलग चट्टानों और 900 द्वीपों से मिलकर बनी है। यह लगभग 344,400 वर्ग किलोमीटर के क्षेत्रफल में 2,300 किलोमीटर से अधिक की दूरी तक फैला हुआ है। यह रीफ़ ऑस्ट्रेलिया के क्वींसलैंड के तट से दूर, कोरल सागर में स्थित है। इसे 1981 में यूनेस्को विश्व धरोहर स्थल घोषित किया गया था और यह बाहरी अंतरिक्ष से भी दिखाई देता है।","2,900 से अधिक अलग-अलग चट्टानों और 900 द्वीपों से मिलकर बना है; 2,300 किलोमीटर से अधिक की दूरी तक फैला है; लगभग 344,400 वर्ग किलोमीटर का क्षेत्रफल घेरता है।"
ऑब्जेक्ट-ओरिएंटेड प्रोग्रामिंग में 'पॉलीमॉर्फिज़्म' की अवधारणा समझाओ।,,"पॉलीमॉर्फिज़्म, जिसका मतलब है 'बहुत रूप', एक सिद्धांत है जो ऑब्जेक्ट्स को कई रूप लेने की या एक ही मेथड कॉल पर अलग-अलग तरीकों से प्रतिक्रिया देने की अनुमति देता है। यह आमतौर पर मेथड ओवरराइडिंग (जब एक सबक्लास अपने पैरेंट क्लास में पहले से मौजूद मेथड का एक विशिष्ट अमल प्रदान करती है) या मेथड ओवरलोडिंग (जब एक ही क्लास में कई मेथड्स का नाम समान होता है, लेकिन उनके पैरामीटर्स अलग-अलग होते हैं) के माध्यम से किया जाता है। पॉलीमॉर्फिज़्म लचीला और दोबारा इस्तेमाल किया जा सकने वाला कोड बनाने के लिए बहुत ज़रूरी है, क्योंकि यह एक सिंगल इंटरफ़ेस को विभिन्न डेटा प्रकारों को संभालने की अनुमति देता है।"
एजाइल ढाँचे (फ़्रेमवर्क) में स्क्रम् मास्टर और प्रोडक्ट ओनर की भूमिकाओं के बीच मुख्य अंतर समझाएँ।,,"स्क्रम् मास्टर और प्रोडक्ट ओनर अलग-अलग हैं, फिर भी एक सफल स्क्रम् टीम के लिए बहुत मिलकर काम करने वाली महत्वपूर्ण भूमिकाएँ हैं। **प्रोडक्ट ओनर (पी.ओ.)** मुख्य रूप से इस बात के लिए ज़िम्मेदार होता है कि टीम *क्या* बनाएगी। वे बाहर की तरफ ध्यान केंद्रित करते हैं, ग्राहक (कस्टमर) और हितधारकों (स्टेकहोल्डर्स) की आवाज़ के रूप में काम करते हैं। उनके कर्तव्यों में प्रोडक्ट का मूल्य अधिकतम करना (वैल्यू मैक्सिमाइज़ करना), प्रोडक्ट बैकलॉग का प्रबंधन करना, स्वीकार्यता मानदंड (एक्सेप्टेंस क्राइटेरिया) तय करना, और व्यावसायिक प्राथमिकता के आधार पर बैकलॉग में आइटमों को क्रमबद्ध करना शामिल है। इसके विपरीत, **स्क्रम् मास्टर (एस.एम.)** इस बात के लिए ज़िम्मेदार होता है कि टीम इसे *कैसे* बनाएगी। एस.एम. एक 'सर्वेंट-लीडर' (सेवक-नेता) होता है, जो टीम को स्क्रम् तरीक़ों (प्रैक्टिसेज़) में प्रशिक्षित करता है, टीम को धीमा करने वाली बाधाओं को दूर करने में मदद करता है, बैठकों को व्यवस्थित करता है, और एक ऐसा उत्पादक (प्रोडक्टिव) माहौल सुनिश्चित करता है जहाँ टीम कुशलता से 'इन्क्रीमेंट्स' (बढ़ोतरी/हिस्से) डिलीवर कर सके। जबकि पी.ओ. प्रोडक्ट और मूल्य पर ध्यान केंद्रित करता है, एस.एम. प्रक्रिया (प्रोसेस) और टीम के प्रदर्शन पर ध्यान केंद्रित करता है।"
"दिए गए पाठ के अनुसार, प्रकाश की लगभग कितनी गति मीटर प्रति सेकंड में है?","निर्वात (ख़ाली जगह) में प्रकाश की गति लगभग 299,792,458 मीटर प्रति सेकंड (186,282 मील प्रति सेकंड) है। इसके मुक़ाबले में, आवाज़ की गति बहुत धीमी है, जो समुद्र तल पर आम हालात में सिर्फ़ क़रीब 343 मीटर प्रति सेकंड (767 मील प्रति घंटा) की रफ़्तार से चलती है।","निर्वात में प्रकाश की अंदाज़न गति 299,792,458 मीटर प्रति सेकंड है।"
इंसानी दिमाग में हिप्पोकैम्पस का मुख्य काम क्या है?,,"हिप्पोकैम्पस, जो इंसानी दिमाग का एक अहम हिस्सा है, मुख्य रूप से याददाश्त से जुड़ा हुआ है। ख़ास तौर पर यह नई लंबी अवधि की यादें बनाने और जगह की जानकारी (नेविगेशन) में मदद करता है। यह कम अवधि की याददाश्त से जानकारी को निकालकर हमेशा के लिए पक्के तौर पर जमा करने में एक बहुत ज़रूरी भूमिका निभाता है।"
संयुक्त राज्य अमेरिका के पहले पाँच राष्ट्रपतियों और उनके कार्यकाल के वर्षों की सूची बनाइए।,,"१. जॉर्ज वॉशिंगटन (1789–1797)
२. जॉन एडम्स (1797–1801)
३. थॉमस जेफ़रसन (1801–1809)
४. जेम्स मैडिसन (1809–1817)
५. जेम्स मोनरो (1817–1825)"
"नवीकरणीय ऊर्जा स्रोतों के मुख्य वर्गीकरण क्या हैं, और वे एक-दूसरे से किस तरह भिन्न हैं?",,"नवीकरणीय ऊर्जा स्रोतों को आम तौर पर उनकी उत्पत्ति (origin) और उन्हें प्राप्त करने के लिए इस्तेमाल की जाने वाली तकनीक के आधार पर वर्गीकृत किया जाता है। पाँच सबसे सामान्य प्रकार ये हैं:

1.  **सौर ऊर्जा:** सूर्य से प्रकाश और गर्मी प्राप्त करना। इसे फोटोवोल्टिक (पी.वी.) में वर्गीकृत किया गया है, जो पैनलों का उपयोग करके सूर्य के प्रकाश को सीधे बिजली में बदलता है, और सौर तापीय (Solar Thermal) में, जो भाप बनाने और टर्बाइन चलाने के लिए सूर्य की गर्मी का उपयोग करता है।
2.  **पवन ऊर्जा:** टर्बाइन का उपयोग करके हवा की गतिज ऊर्जा (kinetic energy) को विद्युत शक्ति में बदलना। यह स्थलीय (जमीन पर आधारित फ़ार्म) और समुद्री (समुद्र पर आधारित फ़ार्म) में विभाजित है, जो आम तौर पर तेज़ और अधिक निरंतर हवाओं के कारण बड़े और ज़्यादा कुशल होते हैं।
3.  **जलविद्युत ऊर्जा (Hydropower):** बहते पानी की ऊर्जा का उपयोग करना, आमतौर पर जलाशय बनाने के लिए बाँध या अवरोध बनाकर। वर्गीकरण में पारंपरिक बड़े पैमाने पर बाँध प्रणालियाँ और नदी के बहाव का उपयोग करने वाली प्रणालियाँ शामिल हैं, जो बड़े जलाशय की आवश्यकता के बिना नदी के प्रवाह के एक हिस्से को मोड़ देती हैं।
4.  **भूतापीय ऊर्जा:** धरती की सतह के नीचे जमा गर्मी का उपयोग करना। यह विश्वसनीय और निरंतर होती है लेकिन भौगोलिक रूप से सीमित है। इसका उपयोग मुख्य रूप से उन क्षेत्रों में किया जाता है जहाँ ज्वालामुखी गतिविधि होती है या जहाँ धरती की परत के पास ज़्यादा गर्मी का बहाव होता है।
5.  **बायोमास ऊर्जा:** जैविक पदार्थ (जैसे लकड़ी, खेती का कचरा, या नगरपालिका का ठोस कचरा) से प्राप्त की जाती है, जिसे गर्मी पैदा करने के लिए जलाया जाता है या तरल जैव ईंधन (इथेनॉल, बायोडीजल) में बदला जाता है।

इन स्रोतों के बीच एक महत्वपूर्ण अंतर है **अनिरंतरता (Intermittency)**। सौर और पवन ऊर्जा अत्यधिक अनिरंतर होती हैं (वे तभी बिजली पैदा करती हैं जब सूरज चमकता है या हवा चलती है), जबकि जलविद्युत (जलाशयों के साथ) और भूतापीय को आम तौर पर **मांग पर उपलब्ध (Dispatchable)** माना जाता है—जिसका अर्थ है कि वे ज़रूरत पड़ने पर विश्वसनीय रूप से बिजली प्रदान कर सकते हैं।"
कंप्यूटर में सीपीयू का मुख्य काम क्या है?,,हिदायतों को चलाना और डेटा को प्रोसेस करना
रोमन गणतंत्र के पतन के मुख्य कारण संक्षेप में बताइए।,,"पतन के मुख्य कारण थे: ज़मीन की असमानता (लतीफुंडिया), सेना का पेशेवर बन जाना जिससे वफ़ादारी राज्य से हटकर व्यक्तिगत सेनापतियों की तरफ़ चली गई (मैरियस के सुधार), बढ़ता हुआ भ्रष्टाचार, और शक्तिशाली, महत्वाकांक्षी फ़ौजी नेताओं का उदय (उदाहरण के लिए: सुल्ला, सीज़र, और पॉम्पी) जिन्होंने लगातार गृह युद्ध किए।"
जॉन लॉक के 'शासन के दूसरे निबंध' में दिए गए मुख्य तर्कों को संक्षेप में बताइए।,,"लॉक प्राकृतिक अधिकारों (जीवन, स्वतंत्रता, और संपत्ति) के लिए तर्क देते हैं, शासितों की सहमति से सरकार के विचार का समर्थन करते हैं, और शक्तियों को अलग-अलग रखने की आवश्यकता बताते हैं। वह क्रांति के अधिकार को तब सही ठहराते हैं जब सरकार इन प्राकृतिक अधिकारों को बचाने में विफल रहती है या तानाशाही करती है।"
"सबसे ज़्यादा ठंड सहने वाला नमूना कौन सा है, और उसकी अधिकतम तापमान सीमा क्या है?","सर्वेक्षण टीम ने केप्लर-186एफ़ से तीन मुख्य जैविक नमूने इकट्ठा किए। नमूना अल्फ़ा 55°C तक के तापमान में अच्छी तरह फलता-फूलता है, लेकिन सूरज की रोशनी पड़ते ही तुरंत मर गया। नमूना बीटा, जो एक जटिल फफूँदी की बनावट है, जमा देने वाले तापमान को -10°C तक सहन कर सकता है, जो इसे अब तक खोजा गया सबसे ज़्यादा ठंड सहने वाला जीव बनाता है। नमूना गामा, एक एकल-कोशिका वाला साइनोबैक्टीरिया, 30°C पर सक्रिय पाया गया था।","नमूना बीटा, जो जमा देने वाले तापमान को -10°C तक सहन कर सकता है।"
चीन की महान दीवार का मुख्य मकसद क्या था?,,"चीन की महान दीवार का मुख्य मकसद सीमा पर नियंत्रण करना था, ताकि वह चीन के राज्यों और हुकूमतों को यूरेशियाई स्टेपी से आने वाले अलग-अलग खानाबदोश समूहों, खास तौर पर शियोंगनु, के हमलों और चढ़ाइयों से बचा सके। हालाँकि इसे अक्सर एक अकेली, लगातार बनी हुई रुकावट के रूप में देखा जाता है, इसने व्यापार को व्यवस्थित करने, लोगों के आने-जाने (आवाजाही) पर नज़र रखने और लाए-ले जाए गए सामान पर कर (टैक्स) जमा करने का काम भी किया। दीवार के सबसे पहचाने जाने वाले हिस्से मुख्य रूप से मिंग वंश (1368–1644) के समय के हैं।"
"टीसीपी/आईपी के विकास और मानकीकरण ने आधुनिक संचार और तकनीक में क्रांति क्यों ला दी, इसके मुख्य कारण समझाइए।",,"टीसीपी/आईपी (ट्रांसमिशन कंट्रोल प्रोटोकॉल/इंटरनेट प्रोटोकॉल) समूह ने संचार में मुख्य रूप से इसलिए क्रांति ला दी क्योंकि इसने अलग-अलग नेटवर्कों को आपस में जोड़ने के लिए एक मज़बूत और मानकीकृत ढाँचा प्रदान किया। मुख्य कारण इस प्रकार हैं:

1. **पैकेट स्विचिंग और विकेंद्रीकरण:** टीसीपी/आईपी डेटा को छोटे-छोटे पैकेटों में तोड़ता है और उन्हें नेटवर्क पर स्वतंत्र रूप से राउट करता है। यह बनावट (आर्किटेक्चर) विफलता के एकल बिंदुओं को खत्म करती है, जिससे नेटवर्क स्वाभाविक रूप से लचीला और रुकावटों के खिलाफ मज़बूत बन जाता है।
2. **आपस में काम करने की क्षमता और मानकीकरण:** सार्वभौमिक, गैर-मालिकाना मानकों को स्थापित करके, टीसीपी/आईपी ने किसी भी कंप्यूटर सिस्टम को — चाहे उसका हार्डवेयर, सॉफ्टवेयर या ऑपरेटिंग सिस्टम कुछ भी हो — आसानी से संवाद करने की अनुमति दी। 'नेटवर्कों का नेटवर्क' की यह अवधारणा वैश्विक स्तर पर विस्तार के लिए महत्वपूर्ण थी।
3. **विस्तार की क्षमता:** पदानुक्रमित एड्रेसिंग सिस्टम (आईपी एड्रेस पते) ने नेटवर्क को वास्तुकला में तत्काल बड़े बदलाव किए बिना तेज़ी से बढ़ने दिया, जिससे यह छोटे अकादमिक (शैक्षणिक) नेटवर्कों से वैश्विक इंटरनेट में परिवर्तित हो सका।
4. **प्रोटोकॉल की परतें और मॉड्यूलरता:** यह बनावट परतदार है, जिससे डेवलपर अंतर्निहित कनेक्टिविटी संरचना को फिर से बनाए बिना स्थापित ट्रांसपोर्ट लेयर के ऊपर नई एप्लिकेशन और सेवाएँ (जैसे एचटीटीपी, एसएमटीपी, या एफटीपी) विकसित कर सकते हैं।
5. **खुलापन और पहुँच:** 1980 के दशक में प्रचलित मालिकाना (प्राइवेट) नेटवर्किंग सिस्टमों के विपरीत, टीसीपी/आईपी को एक खुले मानक के रूप में विकसित और प्रचारित किया गया, जिससे दुनिया भर में इसे अपनाने की गति तेज़ी से बढ़ी और व्यापक नवाचार (नई खोजों) को बढ़ावा मिला।"
दुनिया में आम तौर पर सबसे लंबी नदी किसे माना जाता है?,,"अमेज़न नदी, जो ज़्यादातर दक्षिण अमेरिका में स्थित है।"
माइक्रोसॉफ्ट द्वारा स्काइप को खरीदने का साल और उसकी कीमत बताएं।,"माइक्रोसॉफ्ट, जिसकी स्थापना 1975 में बिल गेट्स और पॉल एलन ने की थी, ने 2016 में लिंक्डइन को मशहूर तौर पर 26.2 अरब डॉलर में खरीदा था। हालांकि, वह खरीद एक्टिविज़न ब्लिज़र्ड की बाद की खरीद से छोटी थी, जिसे अक्टूबर 2023 में 68.7 अरब डॉलर की कीमत पर अंतिम रूप दिया गया था। इससे पहले, 2011 में, माइक्रोसॉफ्ट ने स्काइप को 8.5 अरब डॉलर में खरीदा। उन्होंने 2018 में गिटहब को भी 7.5 अरब डॉलर में खरीदा।",माइक्रोसॉफ्ट ने स्काइप को 2011 में 8.5 अरब डॉलर में खरीदा।
"लंदन में 48 घंटे बिताने वाले पहली बार आने वाले यात्री के लिए एक संक्षिप्त सफ़र की योजना बनाएँ, जिसमें मुख्य रूप से बड़े ऐतिहासिक स्थलों और राजशाही पर ध्यान केंद्रित किया जाए।",,"यह 48 घंटे की सफ़र की योजना उन मशहूर ऐतिहासिक जगहों को प्राथमिकता देती है जहाँ लंदन की मेट्रो (भूमिगत रेल) के ज़रिए पहुँचा जा सकता है:

**पहला दिन: शाही इतिहास और मध्यकालीन शक्ति**

*   **सुबह (9:00 बजे):** **टॉवर ऑफ़ लंदन** जाएँ। शाही जवाहरात, व्हाइट टॉवर देखने और योमैन वॉर्डर का दौरा सुनने के लिए 3–4 घंटे दें। यह सदियों से चली आ रही ब्रिटिश राजशाही और उथल-पुथल की गहरी जानकारी देता है।
*   **दोपहर का खाना (1:00 बजे):** टॉवर के पास के इलाके में या बरो मार्केट में दोपहर का खाना खाएँ (अगर जल्दी से घूमकर आने का समय मिले तो)।
*   **दोपहर बाद (2:30 बजे):** **टॉवर ब्रिज** पैदल पार करें (अंदर के इतिहास के लिए टॉवर ब्रिज का अनुभव लेने पर विचार करें) और फिर मेट्रो (डिस्ट्रिक्ट/सर्कल लाइन) से वेस्टमिंस्टर जाएँ।
*   **शाम (5:00 बजे से आगे):** **संसद भवन** और **बिग बेन** के आस-पास के इलाके को देखें (फिलहाल इसकी मरम्मत हो रही है, लेकिन फिर भी इसे देखा जा सकता है)। ट्रैफ़लगर स्क्वायर के पास एक पारंपरिक पब में रात के खाने के साथ दिन का समापन करें।

**दूसरा दिन: सरकार, रस्म और युद्ध**

*   **सुबह (9:00 बजे):** **वेस्टमिंस्टर ऐबी** जाएँ। यह ताजपोशी और शाही क़ब्रों की जगह है। 2 घंटे का समय दें।
*   **सुबह देर से (11:00 बजे):** **बकिंघम पैलेस** की तरफ़ जाएँ। **गार्ड बदलने की रस्म** के लिए समय सारणी पहले से जाँच लें (यह आमतौर पर दिन के हिसाब से सुबह 10:45 या 11:00 बजे होती है)।
*   **दोपहर का खाना (1:00 बजे):** सेंट जेम्स पार्क या ग्रीन पार्क के पास दोपहर का खाना खाएँ।
*   **दोपहर बाद (2:30 बजे):** **चर्चिल वॉर रूम्स** में दूसरे विश्व युद्ध के इतिहास में डूब जाएँ। यह ज़मीन के नीचे का बंकर युद्ध के दौरान यूके सरकार के कामकाज को देखने का एक दिलचस्प मौका देता है।
*   **शाम:** अगर जाने से पहले समय मिले, तो **ब्रिटिश संग्रहालय** का अंतिम दौरा करें (रोसेटा स्टोन और मिस्र के अवशेषों पर ध्यान दें) जो इतिहास का एक अंतिम दृष्टिकोण पेश करता है।"
"हबल अंतरिक्ष दूरबीन के बारे में दिए गए पाठ के अनुसार, इसे किस साल में छोड़ा गया था, और इसके प्राथमिक दर्पण का व्यास कितना है?","हबल अंतरिक्ष दूरबीन (ह॰अ॰दू॰) को 1990 में पृथ्वी की निचली कक्षा में छोड़ा गया था और यह अभी भी चालू है। यह पहली अंतरिक्ष दूरबीन नहीं थी, लेकिन यह सबसे बड़ी और सबसे बहुमुखी दूरबीनों में से एक है, जिसे एक महत्वपूर्ण शोध उपकरण और खगोल विज्ञान के लिए जनसंपर्क का वरदान दोनों के रूप में जाना जाता है। ह॰अ॰दू॰ का नाम खगोलशास्त्री एडविन हबल के नाम पर रखा गया है। यह दो मुख्य सौर सरणियों से संचालित होता है, और इसके प्राथमिक दर्पण का व्यास 2.4 मीटर (7.9 फीट) है। कई उपग्रहों के विपरीत, ह॰अ॰दू॰ को अंतरिक्ष में मरम्मत के लिए बनाया गया था, जो 1993 और 2009 के बीच पाँच बार हुई है।","हबल अंतरिक्ष दूरबीन को 1990 में छोड़ा गया था, और इसके प्राथमिक दर्पण का व्यास 2.4 मीटर (7.9 फीट) है।"
बृहस्पति के विशाल लाल धब्बे और वरुण पर खोजे गए विशाल काले धब्बे के बीच का अंतर समझाओ।,,"बृहस्पति का विशाल लाल धब्बा (वी.आर.डी.) एक लगातार रहने वाला, उच्च दबाव वाला प्रतिचक्रवाती तूफान है जिसे सैकड़ों सालों से देखा जा रहा है और यह पृथ्वी से भी बड़ा है। इसका लाल रंग शायद वातावरण में घुलमिल रहे जटिल जैविक अणुओं के कारण होता है। इसके विपरीत, वरुण का विशाल काला धब्बा (वी.के.डी.) गहरे भँवरों की एक शृंखला थी, जिसे सबसे पहले वॉयेजर 2 द्वारा देखा गया था। वी.आर.डी. के विपरीत, वी.के.डी. अपेक्षाकृत कम समय तक रहने वाला होता है, और इसे कम दबाव वाला क्षेत्र माना जाता है। बाद में हबल के अवलोकनों ने दिखाया है कि ये काले धब्बे गायब हो जाते हैं और नए नियमित रूप से बनते रहते हैं।"
"19वीं सदी के अंग्रेज़ी साहित्य से परिचय के लिए मुझे विक्टोरियाई दौर के पाँच ज़रूरी उपन्यास पढ़ने चाहिए, उनकी सूची बनाएँ।",,"शुरुआती पाठ्यक्रम के लिए उपयुक्त, ये पाँच ज़रूरी विक्टोरियाई उपन्यास हैं: 1. *जेन एयर* लेखक शार्लट ब्रॉन्टे (1847), 2. *ग्रेट एक्सपेक्टेशंस* लेखक चार्ल्स डिकेन्स (1861), 3. *मिडिलमार्च* लेखक जॉर्ज इलियट (1872), 4. *वुदरिंग हाइट्स* लेखक एमिली ब्रॉन्टे (1847), और 5. *टेस ऑफ़ द डी'अरबरविल्स* लेखक थॉमस हार्डी (1891)।"
प्रकाश-संश्लेषण की बुनियादी प्रक्रिया समझाओ।,,"प्रकाश-संश्लेषण वह प्रक्रिया है जिसका उपयोग पौधे, शैवाल, और कुछ जीवाणु प्रकाश ऊर्जा को, जो आमतौर पर सूरज से मिलती है, रासायनिक ऊर्जा (ग्लूकोज) में बदलने के लिए करते हैं, जो जीव की गतिविधियों को शक्ति देती है। इस जटिल जैविक प्रक्रिया को तीन मुख्य चीज़ों की ज़रूरत होती है: हवा से सोखी गई कार्बन डाइऑक्साइड (सीओ२), जड़ों के माध्यम से सोखा गया पानी (एच२ओ), और सूरज की रोशनी जिसे पौधे की कोशिकाओं के क्लोरोप्लास्ट्स के अंदर मौजूद क्लोरोफिल सोखता है। यह प्रतिक्रिया दो मुख्य चरणों में होती है: प्रकाश-निर्भर प्रतिक्रियाएँ (जो ऊर्जा पकड़ती हैं) और प्रकाश-अनिर्भर प्रतिक्रियाएँ (जिसे केल्विन चक्र भी कहते हैं, जो कार्बन को स्थिर करता है)। प्रकाश-संश्लेषण का उप-उत्पाद ऑक्सीजन (ओ२) है, जिसे वातावरण में वापस छोड़ दिया जाता है और यह ज़्यादातर अन्य जीवों में हवा की मौजूदगी वाले श्वसन के लिए बहुत ज़रूरी है। इस बदलाव को समझाने के लिए अक्सर इस्तेमाल किया जाने वाला सरल रासायनिक समीकरण यह है: 6CO2 + 6H2O + प्रकाश ऊर्जा → C6H12O6 (ग्लूकोज) + 6O2।"
"दिए गए पाठ के अनुसार, वर्ल्ड वाइड वेब का आविष्कार किसने किया और उन्होंने इसे किस साल सोचा/परिकल्पित किया?","वर्ल्ड वाइड वेब (डब्ल्यू डब्ल्यू डब्ल्यू), जिसे आमतौर पर वेब के नाम से जाना जाता है, एक जानकारी/सूचना प्रणाली है जहाँ दस्तावेज़ों और अन्य वेब स्रोतों की पहचान यूनिफ़ॉर्म रिसोर्स लोकेटर (यू आर एल) से की जाती है, जो हाइपरटेक्स्ट द्वारा एक दूसरे से जुड़े हो सकते हैं, और इंटरनेट के ज़रिए उन तक पहुँचा जा सकता है। वेब का आविष्कार अंग्रेज़ कंप्यूटर वैज्ञानिक टिम बर्नर्स-ली ने 1989 में किया था, जब वह सर्न (CERN) में काम कर रहे थे। शुरुआत में, इसे वैज्ञानिकों के बीच स्वचालित/अपने आप जानकारी साझा करने के तरीके के रूप में परिकल्पित किया गया था। पहली वेबसाइट का पता, एच टी टी पी://इन्फ़ो.सर्न.सीएच, 6 अगस्त, 1991 को शुरू हुआ। हालाँकि, सॉफ़्टवेयर (पहला वेब ब्राउज़र और एडिटर, जिसका नाम वर्ल्डवाइडवेब था) को इससे पहले, दिसंबर 1990 में, एक बड़े शोध समुदाय के लिए जारी किया गया था।",वेब का आविष्कार अंग्रेज़ कंप्यूटर वैज्ञानिक टिम बर्नर्स-ली ने 1989 में किया था।
आम घरों में पाले जाने वाले जानवरों की उम्र कितनी होती है?,,"यह उम्र जानवर की किस्म (प्रजाति) और नस्ल के हिसाब से काफी अलग-अलग होती है। आमतौर पर, बिल्लियाँ 12 से 18 साल तक जीती हैं, हालांकि कुछ 20 साल से भी ज़्यादा तक पहुँच जाती हैं। कुत्तों की उम्र की सीमा थोड़ी ज़्यादा होती है, आमतौर पर 10 से 13 साल तक, और छोटी नस्लें अक्सर बड़ी नस्लों से ज़्यादा जीती हैं। छोटे पिंजरे वाले पालतू जानवर जैसे हैम्स्टर और जेरबिल अमूमन सिर्फ 2 से 4 साल तक ही जीते हैं, जबकि मकाऊ जैसे विदेशी पक्षी 50 से 100 साल तक जी सकते हैं।"
"एक जूनियर डेवलपर ने संख्याओं की एक सूची का बहुलक (mode) निकालने के लिए निम्नलिखित पाइथन फ़ंक्शन लिखा: `def calculate_mode(data): counts = {}; for item in data: counts[item] = counts.get(item, 0) + 1; max_count = 0; mode = None; for key, count in counts.items(): if count > max_count: max_count = count; mode = key; return mode` यह फ़ंक्शन तब विफल हो जाता है जब इनपुट सूची `[1, 2, 3]` होती है (यह 1 लौटाता है, जबकि आदर्श रूप से इसे यह बताना चाहिए कि कोई अद्वितीय बहुलक नहीं है)। यह `[1, 1, 2, 2, 3]` के लिए भी विफल होता है (यह केवल 1 लौटाता है)। इस कोड का विश्लेषण करें, मुख्य तर्क संबंधी खामी बताएं, और एक सुधारा गया फ़ंक्शन प्रदान करें जो मज़बूती से सभी बहुलकों की एक सूची लौटाता हो।",,"मुख्य तर्क संबंधी खामी दो प्रकार की है: 1) फ़ंक्शन केवल एक ही 'मोड' वेरिएबल पर नज़र रखता है, जिसका अर्थ है कि यह बहु-बहुलक (multimodal) डेटा सेट (जैसे `[1, 1, 2, 2, 3]`) को संभाल नहीं सकता। 2) यह पहले लूप के बाद, फ़ंक्शन परिभाषा के अंदर, समय से पहले ही लौट जाता है, जिससे गणना डिक्शनरी (counts dictionary) का पूरा विश्लेषण नहीं हो पाता। (ध्यान दें: दिया गया कोड स्निपेट `return mode` को अंतिम `for` लूप के बाहर रखता है, जिसका अर्थ है कि तर्क की समस्या मुख्य रूप से बराबर संख्या को संभाल न पाने की है, न कि रिटर्न स्टेटमेंट की जगह की, यह मानते हुए कि मूल स्निपेट में इंडेंटेशन फ़ंक्शन से बाहर निकलने के लिए अंतर्निहित रूप से सही था)।

सुधारे गए तरीके में पहले अधिकतम बारंबारता (frequency) का पता लगाना शामिल है, और फिर उन सभी तत्वों को इकट्ठा करना शामिल है जो उस बारंबारता तक पहुँचते हैं।

यहाँ बेहतर दक्षता और मज़बूती के लिए `कलेक्शंस डॉट काउंटर` मॉड्यूल का उपयोग करके सुधारा गया पाइथन फ़ंक्शन दिया गया है:

python
from collections import Counter

def calculate_mode_corrected(data):
    if not data:
        return []
    
    counts = Counter(data)
    max_count = max(counts.values())
    
    modes = [key for key, count in counts.items() if count == max_count]
    
    # वैकल्पिक जाँच: यदि max_count 1 है और length > 1 है, तो परंपरागत रूप से कोई बहुलक नहीं होता है 
    # (या परिभाषा के आधार पर सभी तत्व बहुलक होते हैं), लेकिन अधिकतम बारंबारता वाले आइटमों (modes) की सूची लौटाना 
    # सबसे मानक सांख्यिकीय व्याख्या है।
    return modes
"
स्पष्टता और पेशेवर सलीका बनाए रखने के लिए मुझे एक आम (साधारण) व्यावसायिक ई-मेल का ढाँचा कैसे बनाना चाहिए?,,"एक पेशेवर व्यावसायिक ई-मेल में आम तौर पर छह ज़रूरी हिस्से होने चाहिए: (1) **विषय पंक्ति (सब्जेक्ट लाइन):** यह छोटी और साफ़ होनी चाहिए और ई-मेल का मकसद स्पष्ट रूप से बताना चाहिए। (2) **अभिवादन (नमस्ते/सलाम):** एक पेशेवर अभिवादन का इस्तेमाल करें (उदाहरण के लिए, 'प्रिय [नाम]')। (3) **शुरुआत (आरंभ):** जिसे ई-मेल भेजा गया है उसके समय का सम्मान करते हुए, ई-मेल का मुख्य कारण तुरंत बता दें। (4) **मुख्य भाग (संदेश):** विवरण, जानकारी या संदर्भ बताने के लिए छोटे अनुच्छेद (पैराग्राफ) या बिन्दुवार सूची (बुलेट पॉइंट) का उपयोग करें। (5) **समापन (अंत):** इसमें स्पष्ट रूप से बताएं कि आगे क्या कार्रवाई करनी है (अगर ज़रूरी हो), या अगले अपेक्षित कदमों का सारांश दें। (6) **हस्ताक्षर (समापन):** एक पेशेवर समापन वाक्यांश (जैसे, 'सादर,' या 'शुभकामनाओं सहित,') के साथ समाप्त करें, जिसके बाद आपका नाम और संपर्क जानकारी होनी चाहिए।"
नीचे दी गई पायथन प्रक्रिया का विश्लेषण करें और उसकी समय जटिलता पता करें। ज़रूरत पड़ने पर रफ़्तार (प्रदर्शन) सुधारने का तरीका सुझाएं।,"def find_duplicates(data_list):
    duplicates = []
    n = len(data_list)
    for i in range(n):
        for j in range(i + 1, n):
            if data_list[i] == data_list[j]:
                if data_list[i] not in duplicates:
                    duplicates.append(data_list[i])
    return duplicates","### समय जटिलता का विश्लेषण

दी गई प्रक्रिया, `फ़ाइंड_डुप्लिकेट्स`, लिस्ट (`डाटा_लिस्ट`) में हर तत्व की तुलना दूसरे सभी तत्वों से करने के लिए दोहराए गए लूपों (चक्रों) का उपयोग करती है। 

1.  बाहरी लूप (चक्र) `N` बार चलता है (जहाँ $N$ डाटा_लिस्ट की लंबाई है)।
2.  अंदरूनी लूप हर बार बाहरी लूप के चलने पर लगभग $N$ बार दोहराता है।
3.  इस तरीके के कारण कुल $N(N-1)/2$ तुलनाएँ होती हैं, जिससे तुलना का यह चरण **ओ (एन वर्ग)** ($O(N^2)$) की जटिलता का हो जाता है।
4.  इसके अलावा, यह जाँच कि `अगर डाटा_लिस्ट[i], डुप्लिकेट्स में नहीं है:` इसमें लिस्ट में उपस्थिति की जाँच शामिल है, जिसमें खुद $O(K)$ समय लगता है (जहाँ $K$, डुप्लिकेट्स लिस्ट का आकार है, जो बढ़ते हुए $O(N)$ तक पहुँच सकता है)।

चूँकि मुख्य/हावी कार्य दोहराए गए चक्रों का है, इस प्रक्रिया की समय जटिलता **ओ (एन वर्ग)** ($O(N^2)$) (द्विघातीय समय) है।

### रफ़्तार सुधारने का सुझाव

हैश सेट (पायथन की `सेट` संरचना) का उपयोग करके रफ़्तार में काफ़ी सुधार किया जा सकता है, जो खोजने और डालने (लुकअप और इंसर्शन) के लिए औसतन **ओ (1)** ($O(1)$) की समय जटिलता देता है। यह दोहराए गए लूपों की ज़रूरत को ख़त्म करता है और पूरी जटिलता को रैखिक समय में बदल देता है।

**सुधारा गया कार्यान्वयन (ओ (एन)):**

python
def find_duplicates_optimized(data_list):
    seen = set()
    duplicates = set()
    for item in data_list:
        if item in seen:
            duplicates.add(item)
        else:
            seen.add(item)
    return list(duplicates)


**ओ (एन) जटिलता का स्पष्टीकरण:**

लिस्ट में केवल एक बार चक्रण (इटरेट) करके और तत्वों को ट्रैक करने के लिए हैश सेटों का उपयोग करके, चलने का समय सीधे इनपुट लिस्ट के आकार के अनुपात में होता है। सुधारी गई प्रक्रिया **ओ (एन)** ($O(N)$) (रैखिक समय) की समय जटिलता हासिल करती है।"
नए नास्तिकता आंदोलन के 'चार घुड़सवार' कहे जाने वाले चार मुख्य लोगों के नाम बताओ।,,"नए नास्तिकता के चार घुड़सवार हैं: क्रिस्टोफर हिचेंस, रिचर्ड डॉकिंस, सैम हैरिस, और डैनियल डेनेट।"
बृहस्पति (जुपिटर) के इर्द-गिर्द घूमने वाले पाँच सबसे बड़े उपग्रहों की सूची बनाएँ।,,"1. गैनीमीड
2. कैलिस्टो
3. आयो
4. यूरोपा
5. अमल्थीया"
एक टीम के माहौल में रचनात्मक विचार पैदा करने के लिए सबसे अच्छे तरीक़े क्या हैं?,,"सच्चे, नए विचार पैदा करने के लिए नियम (structure) और पूरी आज़ादी (freedom) के बीच संतुलन ज़रूरी है। एक कामयाब सत्र सुनिश्चित करने के लिए, एक संचालनकर्ता नियुक्त किया जाना चाहिए और शुरुआती नियम पहले ही तय किए जाने चाहिए (जैसे: विचारों की आलोचना नहीं करना, गुणवत्ता से ज़्यादा संख्या पर ज़ोर)।

रचनात्मक विचार मंथन (creative brainstorming) के लिए यहां तीन असरदार तरीक़े दिए गए हैं:

### 1. विचारों का अंबार (Brain Dumping) और मुक्त जुड़ाव (Free Association)
यह पुराने तरीक़े को बेहतर बनाया गया रूप है। लक्ष्य सिर्फ़ बड़ी मात्रा है। हर टीम सदस्य को बिना बोले या कोई राय दिए, एक छोटे, केंद्रित समय (उदाहरण के लिए: 5-10 मिनट) में ज़्यादा से ज़्यादा विचार लिखने को कहें। चिपकाने वाले काग़ज़ (sticky notes) या साझा डिजिटल सफ़ेद बोर्ड का उपयोग करें। समय समाप्त होने के बाद, समूह मिलते-जुलते विचारों को व्यवस्थित करता है और उनका समूह (cluster) बनाता है। इस तरीक़े की शक्ति इसकी शुरुआती गुमनामी (anonymity) और गति में निहित है, जो हावी होने वाली आवाज़ों को शांत योगदानकर्ताओं पर हावी होने से रोकती है।

### 2. उल्टा विचार मंथन (Reverse Brainstorming)
यह तरीक़ा समस्या को उल्टी दिशा से हल करता है। यह पूछने के बजाय कि, 'हम लक्ष्य 'एक्स' को कैसे प्राप्त कर सकते हैं?' या 'हम समस्या 'वाई' को कैसे हल कर सकते हैं?' टीम यह पूछती है कि, 'हम जानबूझकर लक्ष्य 'एक्स' के विपरीत चीज़ें कैसे पैदा कर सकते हैं?' या 'हम समस्या 'वाई' को और बदतर कैसे बना सकते हैं?'

उदाहरण के लिए, यदि लक्ष्य है 'ग्राहक संतुष्टि बढ़ाना', तो उल्टा सवाल होगा 'हम अपने ग्राहकों को नाराज़ कैसे कर सकते हैं?' विफल होने के सभी तरीक़ों को सूचीबद्ध करके, आप अक्सर महत्वपूर्ण कदम या धारणाएं उजागर करते हैं जिन पर आपने सीधे विचार नहीं किया होगा, जिससे छुपे हुए समाधान सामने आते हैं।

### 3. स्कैम्पर तरीक़ा (The SCAMPER Method)
स्कैम्पर (SCAMPER) एक संक्षिप्त नाम (acronym)-आधारित प्रेरणा सूची है जिसे टीमों को मौजूदा उत्पाद, सेवा या विचार को व्यवस्थित रूप से चुनौती देने और बदलने में मदद करने के लिए डिज़ाइन किया गया है। यह सुनिश्चित करता है कि टीम समस्या को कई ढांचागत पहलुओं (structural angles) से देखे:

*   **S – बदलना (Substitute):** क्या बदला जा सकता है? (जैसे: सामग्री, प्रक्रियाएँ, लोग)
*   **C – मिलाना (Combine):** तालमेल बनाने के लिए किन तत्वों को जोड़ा जा सकता है?
*   **A – अपनाना (Adapt):** किसी अन्य उद्योग के किस विचार या समाधान को यहां अनुकूलित (adapted) किया जा सकता है?
*   **M – सुधारना/बढ़ाना/घटाना (Modify/Magnify/Minify):** क्या बदला जा सकता है (बड़ा, छोटा, अलग रंग का, या ज़्यादा आवाज़ वाला)?
*   **P – दूसरे काम में लेना (Put to another use):** उत्पाद/विचार को किसी पूरी तरह से नई चीज़ के लिए कैसे इस्तेमाल किया जा सकता है?
*   **E – हटा देना (Eliminate):** कौन से हिस्से अनावश्यक हैं या सरल बनाने के लिए हटाए जा सकते हैं?
*   **R – उल्टा करना/क्रम बदलना (Reverse/Rearrange):** क्या होगा अगर काम करने का क्रम बदल दिया जाए? क्या होगा अगर हम ठीक उल्टा करें?"
उत्तरी ध्रुवीय ज्योति कहे जाने वाले ये शानदार नज़ारे किस वजह से होते हैं?,,"उत्तरी ध्रुवीय ज्योति सूरज से आने वाले आवेशित कणों (जिन्हें सौर पवन कहते हैं) के धरती के वायुमंडल से टकराने के कारण होती है। ये कण चुंबकीय ध्रुवों की तरफ खींचे चले जाते हैं। जब वे ऑक्सीजन और नाइट्रोजन जैसी गैसों के परमाणुओं से टकराते हैं, तब जो ऊर्जा निकलती है, उससे ही ये दिखने वाली रोशनी और रंग बनते हैं।"
नीचे दिए गए लेख में बताए गए खमीर वाली रोटी बनाने की प्रक्रिया के मुख्य चरणों को निकालें और उनकी सूची बनाएँ।,"एक बेहतरीन खमीर वाली रोटी (sourdough loaf) बनाने की प्रक्रिया स्टार्टर को 4 घंटे में सक्रिय (active) करने से शुरू होती है। इसके बाद, सक्रिय स्टार्टर के साथ 350 ग्राम मैदा, 250 ग्राम पानी और 10 ग्राम नमक मिलाकर तब तक गूँथें जब तक कि वह मोटा न हो जाए। 30 मिनट के लिए पानी सोखने (autolyse) का आराम दें। हर 30 मिनट में चार बार खींचने और मोड़ने (stretch and fold) का काम करें। आस-पास के तापमान के आधार पर, पूरे आटे को फुलाने (bulk fermentation) का काम 4-6 घंटे तक चलना चाहिए। फिर आटे को आकार दें, उसे बन्नेटन टोकरी में रखें, और रात भर (12-16 घंटे) रेफ्रिजरेटर में ठंडा आराम (cold proof) दें। अंत में, 450°F पर एक डच ओवन में 20 मिनट के लिए ढका हुआ और 25 मिनट के लिए बिना ढका हुआ सेंकें।",1. स्टार्टर सक्रिय करना। 2. मिलाना/पानी सोखने का आराम। 3. खींचना और मोड़ना। 4. आटे को फुलाना (4-6 घंटे)। 5. आकार देना और ठंडी जगह पर आराम देना (12-16 घंटे)। 6. सेंकना (450°F)।
माइक्रोसर्विस ढाँचे (आर्किटेक्चर) की मुख्य विशेषताओं को समझाएँ।,,"माइक्रोसर्विस ढाँचा एक ऐसा तरीका है जो किसी ऐप्लिकेशन को ढीले तरीके से जुड़े हुए (loosely coupled) सर्विसों (सेवाओं) के संग्रह के रूप में बनाता है। ये सर्विसें व्यापारिक क्षमताओं को ध्यान में रखकर बनाई जाती हैं और इन्हें अलग से तैनात (deploy) किया जा सकता है। इसका लक्ष्य है फुर्ती (agility) और उसे बढ़ाने की क्षमता (स्केलेबिलिटी) को ज़्यादा से ज़्यादा करना।

माइक्रोसर्विस ढाँचे को परिभाषित करने वाली मुख्य विशेषताएँ ये हैं:

*   **विकेंद्रीकरण और आज़ादी:** हर सर्विस की ज़िम्मेदारी एक छोटी, समर्पित टीम की होती है और वह पूरी आज़ादी से काम करती है। इसमें स्वतंत्र विकास, जाँच (testing), और तैनाती के चक्र शामिल हैं।
*   **छोटा और केंद्रित दायरा:** सर्विसों को ख़ास व्यापारिक कामों के इर्द-गिर्द व्यवस्थित किया जाता है (जैसे: बिल बनाना, उपयोगकर्ता की पहचान करना, भंडार संभालना)। वे आम तौर पर इतनी छोटी होती हैं कि उन्हें एक ही टीम आसानी से समझ और प्रबंधित कर सके।
*   **तकनीक की विविधता (कई तरह के डेटा/प्रोग्रामिंग का उपयोग):** एक-ईकाई वाले ऐप्लिकेशन के विपरीत जो एक ही तकनीक पर निर्भर करते हैं, माइक्रोसर्विस टीमें को उस ख़ास सर्विस के लिए सबसे अच्छी तकनीक (भाषा, फ्रेमवर्क, डेटाबेस) चुनने की आज़ादी देते हैं, जिससे कार्यक्षमता ज़्यादा होती है।
*   **स्वतंत्र तैनाती:** सर्विसें अलग से तैनात की जा सकती हैं। एक सर्विस में बदलाव या अपडेट करने पर पूरे ऐप्लिकेशन को दोबारा तैनात करने की ज़रूरत नहीं पड़ती, जिससे लगातार पहुँचाने (Continuous Delivery - सी डी) की प्रक्रिया बहुत तेज़ हो जाती है।
*   **ऐ पी आई के माध्यम से संवाद:** सर्विसें हल्के, किसी भी भाषा पर निर्भर न करने वाले प्रोटोकॉल का उपयोग करके आपस में संवाद करती हैं, जैसे कि रेस्ट ऐ पी आई, जी आर पी सी, या एक साथ नहीं चलने वाली संदेश की कतारें (जैसे कि काफ़्का या रैबिट एम क्यू)।
*   **विकेंद्रीकृत डेटा प्रबंधन:** हर सर्विस अपने खुद के डेटा संग्रह (डेटाबेस) का प्रबंधन करती है। हालांकि बँटे हुए लेनदेन में इससे कुछ जटिलता आती है, लेकिन यह सर्विसों के बीच ज़्यादा अलगाव और स्वतंत्रता सुनिश्चित करता है।
*   **मज़बूती और गलती सहने की क्षमता:** चूँकि सर्विसें अलग-अलग होती हैं, इसलिए एक माइक्रोसर्विस के फेल होने से पूरा सिस्टम ठप्प नहीं होता। इससे गलती सहने की बेहतर क्षमता मिलती है और बग (गलतियों) को अलग करना आसान हो जाता है।"
मुझे भयंकर लिखने की बंदिश हो रही है। मैं इसे कैसे दूर करूँ?,,"आपके दिमाग़ को हवा के दबाव में बदलाव की ज़रूरत है। आपको समुद्र तल से 10,000 फ़ीट ऊपर सफ़र करना होगा और सिर्फ़ एक फ़ाउंटेन पेन और नैतिक रूप से प्राप्त नीली स्याही का इस्तेमाल करके लिखने की कोशिश करनी होगी।"
"कौन सा साहित्यिक किरदार यह कहने के लिए मशहूर है, ""यह पूरी दुनिया एक रंगमंच है, और सभी मर्द और औरतें सिर्फ़ कलाकार हैं""?",,"शेक्सपियर के नाटक 'ऐज़ यू लाइक इट' का पात्र, जैक्स।"
"लेटेक्स (पानी-आधारित) और तेल-आधारित बाहरी घर के पेंट में मुख्य अंतर क्या हैं, और पहले से पेंट की गई लकड़ी की सतह पर नया कोट लगाने से पहले उसे तैयार करने के लिए ज़रूरी कदम क्या हैं?",,"सही तरह का पेंट चुनना और सतह को ठीक से तैयार करना, बाहरी पेंट के काम की गुणवत्ता और टिकाऊपन तय करने वाले दो सबसे ज़रूरी कारक हैं। आम तौर पर, लेटेक्स पेंट अधिकांश घर मालिकों की पहली पसंद बन गए हैं क्योंकि वे उपयोग में आसान हैं और पर्यावरण के लिए बेहतर हैं, लेकिन तेल-आधारित पेंट की भूमिका भी अभी भी महत्वपूर्ण है।

### लेटेक्स (पानी-आधारित) बनाम तेल (एल्काइड) बाहरी पेंट की तुलना

| विशेषता | लेटेक्स (पानी-आधारित) | तेल (एल्काइड/घोलक-आधारित) |
| :--- | :--- | :--- |
| **सफाई** | आसान, केवल साबुन और पानी चाहिए। | तारपीन का तेल या पेंट पतला करने वाला घोल चाहिए। |
| **सूखने का समय** | तेज़ (1-4 घंटे में स्पर्श करने योग्य)। जल्दी दूसरा कोट लगाने की अनुमति देता है। | धीमा (6-24 घंटे में स्पर्श करने योग्य)। सूखे मौसम की आवश्यकता होती है। |
| **लचीलापन** | बहुत लचीला। तापमान के उतार-चढ़ाव और लकड़ी के फैलने/सिकुड़ने को बेहतर तरीके से संभालता है। दरारें पड़ने की संभावना कम होती है। | सख्त और भंगुर (टूटने वाला) फिनिश। समय के साथ दरारें पड़ने और पपड़ी बनने की संभावना होती है। |
| **टिकाऊपन/पकड़** | बेहतरीन टिकाऊपन और समय के साथ बेहतर रंग बरकरार रखता है। यदि गुणवत्ता कम हो तो चॉक बनने (सतह का घिसना) की संभावना हो सकती है। | बेहतर पकड़ (चिपकने की क्षमता), खासकर झरझरी (छिद्र वाली), चॉक वाली या खराब तरीके से तैयार सतहों पर। चमक को अच्छी तरह बरकरार रखता है। |
| **वीओसी और गंध** | कम वीओसी, कम गंध। स्वास्थ्य और पर्यावरण के लिए बेहतर। | उच्च वीओसी, तेज गंध जो कई दिनों तक बनी रहती है। |
| **सर्वोत्तम उपयोग** | अधिकांश बाहरी साइडिंग (लकड़ी, फाइबर सीमेंट, प्लास्टर)। फफूंदी और रंग फीका पड़ने के खिलाफ उत्कृष्ट प्रतिरोध। | किनारों (ट्रिम), धातु की सतहों के लिए सबसे अच्छा, या जहाँ पहले तेल पेंट किए गए सतहों पर अधिकतम पकड़ की आवश्यकता होती है।

***

### लकड़ी की सतह की तैयारी के लिए ज़रूरी कदम

बाहरी पेंटिंग का काम सफल होने में लगभग 75% योगदान सतह की सही तैयारी का होता है। पर्याप्त तैयारी न करने से समय से पहले पेंट उखड़ने, फफोले पड़ने और पेंट खराब होने लगेगा, भले ही पेंट की गुणवत्ता कितनी भी अच्छी हो।

**1. जाँच और खुरचना (स्क्रैपिंग):** पूरी सतह पर उखड़े हुए, फफोले वाले या पपड़ीदार पेंट की जाँच करें। सभी ढीले और उखड़े हुए पेंट को हटाने के लिए एक कड़े तार वाले ब्रश या तेज़ खुरचने वाले (स्क्रैपर) का उपयोग करें। उन किनारों को रेगमाल (सैंडपेपर) से चिकना करें जहाँ पुराना पेंट नंगी लकड़ी से मिलता है; इससे 'घोस्टिंग' या दिखाई देने वाली लाइनों को रोका जा सकता है जिन्हें नया पेंट का कोट उजागर कर देगा।

**2. सफाई:** गंदगी, फफूंदी और चॉक जैसे अवशेषों को हटाने के लिए सतह को अच्छी तरह से धोएँ। ट्राईसोडियम फॉस्फेट (टीएसपी) या ऑक्सीजन ब्लीच क्लीनर का घोल फफूंदी और मैल हटाने के लिए बहुत प्रभावी होता है। बाद में सतह को साफ पानी से पूरी तरह धो लें, यह सुनिश्चित करें कि कोई अवशेष न रहे, क्योंकि अवशेष पेंट की पकड़ को रोक सकते हैं।

**3. मरम्मत और भरना:** लकड़ी में सड़न, छेद या दरारों की जाँच करें। कीलों के छेदों और छोटी-मोटी खामियों को बाहरी उपयोग के लिए बने वुड फिलर (लकड़ी भरने वाले पदार्थ) या पुट्टी से भरें। फिलर को पूरी तरह सूखने दें और फिर रेगमाल से चिकना करें।

**4. नमी की जाँच:** कोई भी प्राइमर या पेंट लगाने से पहले, लकड़ी का सूखा होना ज़रूरी है। आदर्श रूप से, नमी की मात्रा 15% से कम होनी चाहिए। गीली लकड़ी पर पेंट करने से नमी अंदर फंस जाती है, जिससे सीधे फफोले, पेंट उखड़ने और फफूंदी बनने लगती है।

**5. प्राइमर लगाना:** उन सभी क्षेत्रों के लिए प्राइमर लगाना अनिवार्य है जहाँ लकड़ी नंगी (खुली) है। प्राइमर तीन मुख्य कार्य करता है: लकड़ी को सील करना, दागों को रोकना (खासकर देवदार या रेडवुड जैसी लकड़ियों में मौजूद टैनिन को), और अंतिम परत (टॉपकोट) को मज़बूती से चिपकने के लिए एक समान सतह प्रदान करना। यदि आप पुराने, ऑक्सीकृत तेल वाले फिनिश पर लेटेक्स टॉपकोट लगा रहे हैं, तो अधिकतम पकड़ सुनिश्चित करने के लिए अक्सर एक विशेष बॉन्डिंग प्राइमर की आवश्यकता होती है।"
टीसीपी (ट्रांसमिशन कंट्रोल प्रोटोकॉल) और यूडीपी (यूज़र डेटाग्राम प्रोटोकॉल) प्रोटोकॉल के बीच का अंतर समझाएँ और बताएँ कि आमतौर पर हर एक का इस्तेमाल कब किया जाता है।,,"टीसीपी (ट्रांसमिशन कंट्रोल प्रोटोकॉल) और यूडीपी (यूज़र डेटाग्राम प्रोटोकॉल) मुख्य इंटरनेट प्रोटोकॉल हैं जिनका उपयोग डेटा पैकेट भेजने के लिए किया जाता है।

**टीसीपी (TCP) कनेक्शन-आधारित और भरोसेमंद है:**
*   **भरोसा:** टीसीपी डेटा के पहुँचाने की पक्की गारंटी देता है और यह सुनिश्चित करता है कि पैकेट सही क्रम में पहुँचे। यदि कोई पैकेट खो जाता है, तो टीसीपी इसका पता लगाता है और उसे फिर से भेजने की गुज़ारिश करता है।
*   **अतिरिक्त भार:** इसमें ज़्यादा प्रक्रिया का भार (तैयारी का समय, पुष्टि, क्रम तय करना) शामिल होता है, जिसके कारण यह धीमा हो जाता है।
*   **इस्तेमाल के मामले:** ऐसे एप्लीकेशन जिन्हें डेटा की पूरी विश्वसनीयता चाहिए, जैसे वेब देखना (एचटीटीपी/एचटीटीपीएस), फ़ाइल भेजना (एफ़टीपी), और ईमेल (एसएमटीपी)।

**यूडीपी (UDP) बिना-कनेक्शन के और गैर-भरोसेमंद है:**
*   **भरोसा:** यूडीपी बिना किसी पूर्व बात या पुष्टि के डेटा भेजता है। यह पहुँचाने या क्रम का भरोसा नहीं देता, लेकिन यह बहुत तेज़ होता है।
*   **अतिरिक्त भार:** बहुत कम भार।
*   **इस्तेमाल के मामले:** ऐसे एप्लीकेशन जहाँ गारंटीड डिलीवरी के मुकाबले गति को ज़्यादा अहमियत दी जाती है, जैसे इंटरनेट पर खेल, चलते हुए वीडियो, वीओआईपी, और डीएनएस खोज।"
ब्लॉकचेन तकनीक का मुख्य विचार आसान शब्दों में समझाओ।,,"ब्लॉकचेन असल में एक 'विकेंद्रीकृत' डिजिटल खाता-बही है, या एक ऐसा रिकॉर्ड बुक है, जो कंप्यूटर सिस्टमों के एक बहुत बड़े नेटवर्क में नकल किया जाता है और बाँटा जाता है। जब कोई लेन-देन होता है, तो उसे एक 'ब्लॉक' में पैक किया जाता है और नेटवर्क द्वारा उसकी जाँच की जाती है। एक बार जाँच हो जाने के बाद, इस ब्लॉक को जटिल कूटलेखन (क्रिप्टोग्राफी) का उपयोग करके मौजूदा ब्लॉकों की चेन में जोड़ दिया जाता है, जिससे यह एक पक्का और बदला न जा सकने वाला रिकॉर्ड बन जाता है। चूँकि इस खाता-बही को कोई एक इकाई नियंत्रित नहीं करती है, इसलिए यह बहुत सुरक्षित और पारदर्शी (खुला हुआ) होता है।"
क्या प्लूटो को अभी भी एक ग्रह माना जाता है?,,"असल में, नहीं। 2006 में, अंतर्राष्ट्रीय खगोलीय संघ (आई.ए.यू.) ने प्लूटो को 'बौना ग्रह' के रूप में फिर से वर्गीकृत किया। किसी वस्तु को पूरा ग्रह माने जाने के लिए, उसे तीन शर्तें पूरी करनी होती हैं: उसे सूर्य की परिक्रमा करनी चाहिए, इतना विशाल होना चाहिए कि वह लगभग गोल हो जाए, और अपनी कक्षा के आस-पास के इलाके को साफ कर दिया हो। प्लूटो पहली दो शर्तें पूरी करता है, लेकिन क्योंकि यह कूइपर बेल्ट में अन्य वस्तुओं के साथ अपनी कक्षीय जगह साझा करता है और अपने क्षेत्र में गुरुत्वाकर्षण के मामले में हावी नहीं हुआ है, इसलिए यह तीसरी शर्त को पूरा नहीं कर पाता।"
गिट में 'पुल रिक्वेस्ट' (PR) का मकसद समझाइए।,,"एक पुल रिक्वेस्ट (पीआर) एक ऐसा तरीका है जिससे टीम के साथियों को यह बताया जाता है कि एक अलग ब्रांच में किए गए बदलाव (कमिट्स) जाँच और समीक्षा के लिए तैयार हैं, और उन्हें मुख्य कोड बेस (आमतौर पर 'मेन' या 'मास्टर' नामक ब्रांच) में जोड़ दिया जाना है। यह कोड को पूरी तरह मिलाने से पहले एक चर्चा मंच की तरह काम करता है।"
"पहले विश्व युद्ध के बाद कारगर जीवाणुरोधी दवाओं की ज़ोरदार खोज को देखते हुए, उस वैज्ञानिक का नाम बताएं जिसने सबसे पहले फफूँद *पेनिसिलियम रुबेंस* को अलग किया और यह खोज किस साल हुई।","अलेक्जेंडर फ्लेमिंग, 1928","पेनिसिलिन की खोज स्कॉटिश डॉक्टर और सूक्ष्म जीवविज्ञानी अलेक्जेंडर फ्लेमिंग ने 1928 में लंदन के सेंट मैरी अस्पताल में की थी। यह खोज ज़्यादातर इत्तेफ़ाक़ से हुई थी; फ्लेमिंग ने देखा कि एक फफूँद, जिसे बाद में *पेनिसिलियम नोटेटम* (जिसे अब अक्सर *पी. रुबेंस* कहा जाता है) के रूप में पहचाना गया, ने *स्टैफिलोकोकस* बैक्टीरिया वाले एक पेट्री डिश को दूषित कर दिया था और बैक्टीरिया के विकास को रोक दिया था। हालाँकि फ्लेमिंग ने अपने निष्कर्षों को प्रकाशित किया, लेकिन यह हॉवर्ड फ्लोरी, अर्नेस्ट चेन और नॉर्मन हीटली थे जिन्होंने 1940 के दशक की शुरुआत में पेनिसिलिन के बड़े पैमाने पर उत्पादन और शुद्धिकरण के तरीके विकसित किए, इसे दूसरे विश्व युद्ध के दौरान इस्तेमाल होने वाली एक ज़रूरी दवा में बदल दिया, जिसके लिए फ्लेमिंग, फ्लोरी और चेन ने शरीर-क्रिया विज्ञान या चिकित्सा में 1945 का नोबेल पुरस्कार साझा किया।"
अपोलो 11 अभियान के मुख्य मक़सद क्या थे?,,"अपोलो 11 अभियान का मुख्य मक़सद, जो जुलाई 1969 में शुरू हुआ था, वह राष्ट्रीय लक्ष्य हासिल करना था जिसे राष्ट्रपति जॉन एफ कैनेडी ने तय किया था: चाँद पर किसी इंसान को उतारना और उसे सुरक्षित वापस ज़मीन पर लाना।"
सौर पैनल बिजली कैसे पैदा करता है?,,"सौर पैनल 'प्रकाश-विद्युत प्रभाव' का उपयोग करके काम करते हैं। ये पैनल कई छोटे-छोटे सेलों से बने होते हैं, जो मुख्य रूप से सिलिकॉन (एक अर्धचालक) के होते हैं। इन सेलों में सकारात्मक (P-टाइप) और नकारात्मक (N-टाइप) परतें होती हैं। जब सूरज से आने वाले फोटॉन सेल पर पड़ते हैं, तो वे सिलिकॉन परमाणुओं से इलेक्ट्रॉनों को अलग कर देते हैं। P और N परतों के बीच मौजूद बिजली का क्षेत्र इन नए मुक्त हुए इलेक्ट्रॉनों को एक निश्चित दिशा में बहने के लिए मजबूर करता है, जिससे बिजली का प्रवाह (डायरेक्ट करंट या डीसी) पैदा होता है। इस डीसी बिजली को फिर आम तौर पर एक इन्वर्टर से गुज़ारा जाता है, जो इसे घर के इस्तेमाल के लिए या मुख्य बिजली ग्रिड में भेजने के लिए अल्टरनेटिंग करंट (एसी) में बदल देता है।"
आइफ़िल टावर कहाँ स्थित है और इसे शुरुआत में क्यों बनाया गया था?,"आइफ़िल टावर फ़्रांस के पेरिस शहर में शाँ द मार्स नामक जगह पर लोहे की जाली से बना एक टावर है। इसका नाम इंजीनियर गुस्ताव आइफ़िल के नाम पर रखा गया है, जिनकी कंपनी ने इसे डिज़ाइन किया और बनाया था। इसे 1889 के विश्व मेले के प्रवेश द्वार के रूप में बनाया गया था।",आइफ़िल टावर फ़्रांस के पेरिस में शाँ द मार्स पर स्थित है। इसे असल में 1889 के विश्व मेले के लिए मुख्य प्रवेश मेहराब (या द्वार) के रूप में काम करने के लिए बनाया गया था।
"10 कर्मचारियों वाले एक छोटे बिज़नेस के लिए ड्रॉपबॉक्स बिज़नेस और गूगल वर्कस्पेस (खास तौर पर ड्राइव/स्टोरेज) की तुलना करें, जिसमें सुरक्षा, लागत और मिलकर काम करने की सुविधाओं पर ध्यान दिया गया हो।",,"ड्रॉपबॉक्स बिज़नेस और गूगल वर्कस्पेस (जीडब्ल्यूएस) दोनों ही 10 कर्मचारियों वाले एक छोटे बिज़नेस के लिए मज़बूत क्लाउड स्टोरेज और मिलकर काम करने के समाधान पेश करते हैं, लेकिन उनकी ताकतें अलग-अलग क्षेत्रों में हैं, जो अक्सर आपके मौजूदा आईटी इकोसिस्टम पर निर्भर करता है।

**सुरक्षा:**
गूगल वर्कस्पेस गूगल के बेहतरीन, वैश्विक सुरक्षा ढाँचे का इस्तेमाल करता है, जो डेटा ट्रांसफर होते समय और स्टोर होने पर, दोनों ही स्थितियों में एन्क्रिप्शन, मज़बूत मल्टी-फैक्टर ऑथेंटिकेशन और बड़े संस्थानों के लायक़ नियमों के अनुपालन के प्रमाणन (जैसे एसओसी 2 और आईएसओ 27001) की सुविधा देता है। एडमिन कंट्रोल (प्रशासनिक नियंत्रण) एक जगह इकट्ठा होते हैं, जिससे सभी कनेक्टेड सेवाओं (जीमेल, डॉक्स, ड्राइव) पर डेटा हानि रोकथाम (डीएलपी) और सुरक्षा नियमों को लागू करना आसान हो जाता है।
ड्रॉपबॉक्स बिज़नेस भी एईएस 256-बिट एन्क्रिप्शन सहित मज़बूत सुरक्षा प्रदान करता है। इसका फायदा अक्सर दस्तावेज़ों को संभालने के लिए खास बारीकी और अनुपालन में होता है। ड्रॉपबॉक्स उपयोगकर्ता गतिविधि की जाँच के लिए उन्नत एडमिन कंट्रोल सुविधाएँ प्रदान करता है और अधिकतम गोपनीयता के लिए वैकल्पिक ज़ीरो-नॉलेज एन्क्रिप्शन सुविधाएँ भी पेश करता है, हालांकि इनके लिए अक्सर प्रीमियम (अधिक मूल्य) या कुछ ख़ास ऐड-ऑन की ज़रूरत होती है।

**लागत:**
10 उपयोगकर्ताओं के लिए, अगर आपको सिर्फ़ स्टोरेज से ज़्यादा चीज़ों की ज़रूरत है, तो गूगल वर्कस्पेस अक्सर बेहतर मोल का प्रस्ताव होता है। इसके मानक प्लान (लगभग $12/उपयोगकर्ता/माह से शुरू) में जीमेल, मीट, चैट, और उत्पादकता ऐप्स (डॉक्स, शीट्स, स्लाइड्स) का पूरा सेट शामिल होता है, साथ ही काफी स्टोरेज (आमतौर पर प्रति उपयोगकर्ता 2टीबी या उससे अधिक, टियर के आधार पर) भी मिलता है।
ड्रॉपबॉक्स बिज़नेस आमतौर पर अपने शुरुआती स्टैंडर्ड टियर के लिए प्रति उपयोगकर्ता थोड़ा कम शुल्क लेता है (लगभग $15/उपयोगकर्ता/माह, लेकिन अक्सर उच्च टियर पर उच्च स्टोरेज सीमा या असीमित स्टोरेज की पेशकश करता है), लेकिन इन लागतों में आम तौर पर केवल फ़ाइल स्टोरेज और शेयरिंग शामिल होती है। यदि आपका बिज़नेस बाहरी माइक्रोसॉफ्ट ऑफिस लाइसेंसिंग या अन्य अलग उत्पादकता उपकरणों पर बहुत निर्भर करता है, तो ड्रॉपबॉक्स के लिए आपको जीडब्ल्यूएस विकल्पों को अलग से खरीदना पड़ सकता है।

**मिलकर काम करना और इकोसिस्टम:**
गूगल वर्कस्पेस को मौलिक रूप से वास्तविक समय में, एक साथ मिलकर सह-लेखन के लिए डिज़ाइन किया गया है। यदि आपकी टीम अक्सर दस्तावेज़ों, स्प्रेडशीट्स, या प्रस्तुतियों को सीधे ब्राउज़र में एडिट करती है, तो जीडब्ल्यूएस एक बिना रुकावट और शक्तिशाली सहयोग अनुभव प्रदान करता है। फ़ाइल शेयरिंग और अनुमति प्रबंधन उपयोगकर्ता की गूगल पहचान के साथ गहराई से जुड़े हुए हैं, जिससे आंतरिक शेयरिंग तुरंत हो जाती है।
ड्रॉपबॉक्स बड़ी, मालिकाना फ़ाइलों (जैसे कैड या वीडियो फ़ाइलें) को संभालने में माहिर है और डेस्कटॉप एप्लीकेशन, खासकर माइक्रोसॉफ्ट ऑफिस के साथ बेहतर इंटीग्रेशन प्रदान करता है। जबकि ड्रॉपबॉक्स माइक्रोसॉफ्ट ऑफिस फ़ाइलों को मिलकर एडिट करने की अनुमति देता है, इसके लिए अक्सर बाहरी इंटीग्रेशन या सिंकिंग की आवश्यकता होती है, जो कभी-कभी जीडब्ल्यूएस की मूल वेब-आधारित एडिटिंग की तुलना में कम सहज हो सकता है। मिलकर काम करने में ड्रॉपबॉक्स की ताकत इसकी असाधारण फ़ाइल वर्ज़निंग और 'स्मार्ट सिंक' सुविधाओं में निहित है, जो उन टीमों के लिए महत्वपूर्ण हैं जिन्हें ऑफ़लाइन फ़ाइलों तक तुरंत पहुंच या विस्तृत रिकवरी इतिहास की आवश्यकता होती है।

**सुझाव:**
यदि आपका बिज़नेस वेब-आधारित उपकरणों का उपयोग करके बिना रुकावट, वास्तविक समय में सह-लेखन को प्राथमिकता देता है और ईमेल, संचार और स्टोरेज के लिए एक एकीकृत प्रणाली चाहता है, तो **गूगल वर्कस्पेस** बेहतर, अधिक लागत प्रभावी विकल्प है। यदि आपका बिज़नेस अक्सर बहुत बड़ी फ़ाइलों के साथ काम करता है, डेस्कटॉप-आधारित सॉफ़्टवेयर (जैसे विशेष डिज़ाइन उपकरण) पर बहुत निर्भर करता है, या बारीकी से, जटिल फ़ाइल वर्ज़निंग और ज़ीरो-ट्रस्ट सुरक्षा विकल्पों की आवश्यकता है, तो **ड्रॉपबॉक्स बिज़नेस** शायद बेहतर विकल्प है।"
ज़ेन ऑफ़ पाइथन' के पहले चार सिद्धांत बताओ।,,"1. ख़ूबसूरत, बदसूरत से बेहतर है।
2. साफ़-साफ़, छिपी हुई बात से बेहतर है।
3. सादा, पेचीदा से बेहतर है।
4. पेचीदा, उलझा हुआ से बेहतर है।"
हमारे सौर मंडल में सबसे बड़ा ग्रह क्या है?,,बृहस्पति हमारे सौर मंडल में सबसे बड़ा ग्रह है।
कामयाब पोलियो टीकों की शुरुआत से जुड़े ज़रूरी तारीखें और उन्हें बनाने वाले कौन थे?,"पोलियोमेलाइटिस (पोलियो) को हराने के सफ़र में कई ज़रूरी पड़ाव आए। 1930 के दशक में जॉन कोल्मर और मॉरिस ब्रोडी द्वारा एक निष्क्रिय टीका बनाने की शुरुआती कोशिशें नाकाम रहीं और कभी-कभी ख़तरनाक भी साबित हुईं। असली सफलता जोनास साल्क के साथ आई, जिन्होंने 1952 में इंजेक्शन वाला निष्क्रिय पोलियो टीका (आई.पी.वी.) विकसित किया। साल्क के टीके के लिए बड़े पैमाने पर अजमाइशें 1954 में शुरू हुईं, और इस टीके को अप्रैल 1955 में सुरक्षित और असरदार घोषित कर दिया गया। बाद में, अल्बर्ट सबिन ने मुँह से लेने वाला कमज़ोर जीवाणु वाला टीका (ओ.पी.वी.) विकसित किया, जिसे 1961 में यूनाइटेड स्टेट्स (संयुक्त राज्य) में मंज़ूरी मिली। यह मुँह वाला टीका कई दशकों तक मानक बन गया क्योंकि इसे देना आसान था और यह अंदरूनी सुरक्षा (mucosal immunity) पैदा करने की क्षमता रखता था।","जोनास साल्क ने 1952 में इंजेक्शन वाला निष्क्रिय पोलियो टीका (आई.पी.वी.) विकसित किया, और इसे अप्रैल 1955 में आधिकारिक तौर पर सुरक्षित और असरदार घोषित किया गया। बाद में, अल्बर्ट सबिन ने मुँह से लेने वाला कमज़ोर जीवाणु वाला टीका (ओ.पी.वी.) विकसित किया, जिसे 1961 में यूनाइटेड स्टेट्स (संयुक्त राज्य) में मंज़ूरी मिली।"
"पाठ में से अंदरूनी एम.2 एस.एस.डी. बदलने के क़दम-ब-क़दम निर्देश निकालें और उन्हें गिनती वाली सूची के रूप में पेश करें, जिसमें शुरुआती सुरक्षा चेतावनियाँ शामिल न हों।","मॉडल एक्स-15 लैपटॉप पर अपने अंदरूनी सॉलिड-स्टेट ड्राइव (एस.एस.डी.) को बदलने की प्रक्रिया शुरू करने से पहले, सुनिश्चित करें कि डिवाइस पूरी तरह से बंद है और पावर एडॉप्टर से हटा दिया गया है। क़दम 1: फिलिप्स-हेड पेचकस का उपयोग करके नीचे के कवर को सुरक्षित करने वाले दस कसे हुए पेंच हटाएँ। क़दम 2: कोने के खाँचे से शुरू करते हुए, कवर को सावधानी से धीरे से उठाएँ और एक तरफ रख दें। चेसिस (बाहरी ढाँचे) को खरोंचने से बचने के लिए नर्म रहें। क़दम 3: एम.2 एस.एस.डी. खाँचे को ढूँढें, जो आमतौर पर एक छोटे से पकड़ने वाले पेंच से कसा होता है। क़दम 4: पकड़ने वाला पेंच हटा दें। ड्राइव थोड़ी ऊपर उठ जाएगी। क़दम 5: पुराने एस.एस.डी. को जोड़ से बाहर खिसकाएँ। क़दम 6: नए मेल खाने वाले एम.2 एस.एस.डी. को उसी कोण पर डालें, उसे खाँचे में कस कर दबाएँ। क़दम 7: नए एस.एस.डी. को पकड़ने वाले पेंच से कस दें। क़दम 8: नीचे के कवर को फिर से ठीक जगह पर रखें और दबाकर बिठा दें। क़दम 9: दस कसे हुए पेंचों को फिर से लगाएँ।","1. फिलिप्स-हेड पेचकस का उपयोग करके नीचे के कवर को सुरक्षित करने वाले दस कसे हुए पेंच हटाएँ।
2. कोने के खाँचे से शुरू करते हुए, कवर को सावधानी से धीरे से उठाएँ और एक तरफ रख दें।
3. एम.2 एस.एस.डी. खाँचे को ढूँढें।
4. पकड़ने वाला पेंच हटा दें।
5. पुराने एस.एस.डी. को जोड़ से बाहर खिसकाएँ।
6. नए मेल खाने वाले एम.2 एस.एस.डी. को उसी कोण पर डालें, उसे खाँचे में कस कर दबाएँ।
7. नए एस.एस.डी. को पकड़ने वाले पेंच से कस दें।
8. नीचे के कवर को फिर से ठीक जगह पर रखें और दबाकर बिठा दें।
9. दस कसे हुए पेंचों को फिर से लगाएँ।"
"दिए गए पाठ में से, हर उस उपग्रह का अर्धव्यास (किलोमीटर में) बताओ जिसकी परिक्रमा की अवधि 5 दिन से कम है। संख्याओं को घटते क्रम में, अर्धविराम (;) से अलग करके लिखो।","बृहस्पति के 95 ज्ञात उपग्रह हैं, लेकिन गैलीलियो गैलीली द्वारा 1610 में खोजे गए चार सबसे बड़े उपग्रह सबसे ज़्यादा प्रसिद्ध हैं। ये गैलीलियन उपग्रह हैं: आयो, यूरोपा, गेनीमेड और कैलिस्टो। आयो सौर मंडल में सबसे ज़्यादा ज्वालामुखी रूप से सक्रिय दुनिया है; इसकी परिक्रमा अवधि 1.77 दिन और अर्धव्यास 1,821.6 किलोमीटर है। यूरोपा थोड़ा छोटा है, जो अपने सतह के नीचे के महासागर के लिए जाना जाता है, जिसकी परिक्रमा अवधि 3.55 दिन और अर्धव्यास 1,560.8 किलोमीटर है। गेनीमेड सबसे बड़ा उपग्रह है, जो ग्रह बुध से भी बड़ा है, और यह एकमात्र ऐसा उपग्रह है जिसके बारे में ज्ञात है कि इसका अपना चुंबकमंडल है। इसकी परिक्रमा अवधि 7.15 दिन है, और इसका अर्धव्यास 2,634.1 किलोमीटर है। अंत में, कैलिस्टो, जिसे अक्सर बहुत सारे गड्ढों वाला और भूवैज्ञानिक रूप से निष्क्रिय बताया जाता है, बृहस्पति की परिक्रमा करने में 16.69 दिन लेता है और इसका अर्धव्यास 2,410.3 किलोमीटर है।","1,821.6; 1,560.8"
कोमोडो ड्रैगन और नीली व्हेल में से कौन स्तनधारी है और कौन सरीसृप है?,,"कोमोडो ड्रैगन सरीसृप है, नीली व्हेल स्तनधारी है।"
"नीचे दी गई डेटा संरचनाओं को रैखिक या गैर-रैखिक के रूप में वर्गीकृत करें: स्टैक, ट्री।",,"स्टैक रैखिक है, ट्री गैर-रैखिक है।"
डैनरीज़ टारगैरियन का पूरा ख़िताब क्या है?,,"हाउस टारगैरियन की डैनरीज़ स्टॉर्मबॉर्न, अपने नाम की पहली, एंडल्स और फर्स्ट मेन की रानी, सातों सल्तनतों की रक्षक, ड्रेगन्स की माँ, ग्रेट ग्रास सी की ख़लीसी, न जलने वाली, ज़ंजीरें तोड़ने वाली।"
"दिए गए पाठ के आधार पर, पेनिसिलिन की खोज का श्रेय किसे दिया जाता है, और यह खोज किस साल और किस जगह पर हुई थी?","पेनिसिलिन, दुनिया की पहली व्यापक रूप से उपयोग की जाने वाली एंटीबायोटिक दवाओं में से एक, ने चिकित्सा में क्रांति ला दी। इसकी खोज का श्रेय आम तौर पर स्कॉटिश चिकित्सक और सूक्ष्मजीवविज्ञानी अलेक्जेंडर फ्लेमिंग को दिया जाता है। 1928 में, लंदन के सेंट मैरी अस्पताल में काम करते हुए, फ्लेमिंग ने देखा कि एक फफूंदी, जिसकी पहचान बाद में पेनिसिलियम नोटेटम के रूप में हुई, ने स्टैफिलोकोकस बैक्टीरिया की कल्चर डिश को दूषित कर दिया था। उन्होंने देखा कि फफूंदी ने अपने आस-पास बैक्टीरिया के विकास को रोक दिया, जिससे इसके शक्तिशाली जीवाणुरोधी गुणों को पहचाना गया। हालाँकि, यह हॉवर्ड फ्लोरी और अर्न्स्ट चेन थे, जो 1940 के दशक की शुरुआत में ऑक्सफोर्ड विश्वविद्यालय में काम कर रहे थे, जिन्होंने पेनिसिलिन के बड़े पैमाने पर उत्पादन और शुद्धिकरण के तरीके विकसित किए, जिससे यह द्वितीय विश्व युद्ध के दौरान युद्ध के मैदान में लगी चोटों के इलाज में प्रभावी हो गया।","खोज का श्रेय अलेक्जेंडर फ्लेमिंग को दिया जाता है, जो 1928 में लंदन के सेंट मैरी अस्पताल में हुई थी।"
1973 से 1979 तक काम करने वाले पहले संयुक्त राज्य अमेरिका के अंतरिक्ष स्टेशन का नाम बताएँ।,,पहला संयुक्त राज्य अमेरिका का अंतरिक्ष स्टेशन स्काइलैब था।
"कृत्रिम बुद्धिमत्ता (ए॰आई॰), मशीन लर्निंग (एम॰एल॰), और डीप लर्निंग (डी॰एल॰) के बीच के मूल संबंध और अंतर को समझाएं।",,"कृत्रिम बुद्धिमत्ता (ए॰आई॰) एक बहुत बड़ा क्षेत्र है जिसका उद्देश्य ऐसी मशीनें बनाना है जो इंसानी बुद्धिमत्ता की नकल कर सकें। मशीन लर्निंग (एम॰एल॰) ए॰आई॰ का एक खास हिस्सा है, जो सिस्टम को बिना साफ तौर पर प्रोग्राम किए डेटा से खुद सीखने की इजाजत देता है। डीप लर्निंग (डी॰एल॰) फिर एम॰एल॰ का एक और उप-समूह (हिस्सा) है। डी॰एल॰ में कई परतों (layers) वाले कृत्रिम न्यूरल नेटवर्क का इस्तेमाल होता है (इसीलिए इसे 'डीप' या 'गहन' कहते हैं) ताकि बहुत सारे डेटा का विश्लेषण किया जा सके। यह इसे छवि पहचान और प्राकृतिक भाषा प्रसंस्करण जैसे मुश्किल कामों के लिए बहुत असरदार बनाता है।"
वाक्य में सीधा कर्म क्या होता है?,,सीधा कर्म वह संज्ञा या सर्वनाम होता है जिस पर सकर्मक क्रिया का असर पड़ता है। यह आमतौर पर क्रिया के बाद 'किसको?' या 'क्या?' सवाल का जवाब देता है।
बृहस्पति के मुख्य वायुमंडलीय घटकों की पहचान करें।,"बृहस्पति सूरज से पाँचवाँ ग्रह है और सौर मंडल में सबसे बड़ा है। यह एक गैस का दानव है जिसका द्रव्यमान सूरज का एक हज़ारवाँ हिस्सा है, लेकिन सौर मंडल के बाकी सभी ग्रहों के कुल द्रव्यमान से ढाई गुना ज़्यादा है। बृहस्पति का वायुमंडल मुख्य रूप से हाइड्रोजन (90%) और हीलियम (10%) से बना है। यह अपने विशाल लाल धब्बे के लिए जाना जाता है, जो भूमध्य रेखा के दक्षिण में स्थित एक लगातार बना रहने वाला उच्च दाब क्षेत्र है, और यह सौर मंडल में ज्ञात सबसे बड़ा तूफ़ान है। बृहस्पति के 95 पुष्टि किए गए उपग्रह हैं, जिनमें से चार सबसे बड़े हैं आयो, युरोपा, गैनीमीड, और कैलिस्टो, जिन्हें सामूहिक रूप से गैलीलियन उपग्रहों के नाम से जाना जाता है।",बृहस्पति का वायुमंडल मुख्य रूप से हाइड्रोजन (90%) और हीलियम (10%) से बना है।
कृत्रिम बुद्धिमत्ता के बुनियादी अगुआ किन्हें माना जाता है?,,"एलन ट्यूरिंग को अक्सर गणना की क्षमता पर उनके सैद्धांतिक काम और मशहूर ट्यूरिंग टेस्ट के लिए उद्धृत किया जाता है, जिसने मशीनी सोच की नींव रखी। जॉन मैक्कार्थी ने 1955 में 'कृत्रिम बुद्धिमत्ता' शब्द गढ़ा और लिस्प प्रोग्रामिंग भाषा विकसित की, जिससे वह इस क्षेत्र की औपचारिक शुरुआत के केंद्र में रहे। अन्य महत्वपूर्ण हस्तियों में मार्विन मिंस्की और एलन न्यूवेल शामिल हैं, जिन्होंने शुरुआती न्यूरल नेटवर्क और जटिल समस्याओं को हल करने वाले प्रोग्रामों में महत्वपूर्ण योगदान दिया।"
"अस्तित्व के ख़तरे' की अवधारणा पर चर्चा करें, जैसा कि यह उन्नत कृत्रिम बुद्धिमत्ता (एजीआई) पर लागू होता है। क्या क्षमता के विकास से ज़्यादा सुरक्षा और तालमेल अनुसंधान को प्राथमिकता दी जानी चाहिए?",,"एजीआई के संदर्भ में, अस्तित्व का ख़तरा (या एक्स-रिस्क) शक्तिशाली, अति-बुद्धिमान मशीनों के निर्माण से उत्पन्न होने वाली इंसानों के विलुप्त होने या अपरिवर्तनीय सभ्यता के पतन की क्षमता को दर्शाता है, जिनके लक्ष्य इंसानी मूल्यों के साथ मेल नहीं खाते हैं। इस ख़तरे को अक्सर 'पेपरक्लिप मैक्सिमाइज़र' जैसे विचार प्रयोगों से समझा जाता है, जहाँ एक एआई को भले ही हानिरहित काम (जैसे, पेपरक्लिप उत्पादन को अधिकतम करना) सौंपा गया हो, वह अपने एकमात्र, अनियंत्रित लक्ष्य को प्राप्त करने के लिए इंसानों सहित सभी वैश्विक संसाधनों का उपयोग करता है। इसके पीछे का ख़तरा है ऐसी प्रणाली पर नियंत्रण खो देना जो बौद्धिक रूप से कहीं ज़्यादा श्रेष्ठ है।

प्राथमिकता देने पर बहस—कि क्या क्षमता के विकास से पहले सुरक्षा और तालमेल अनुसंधान होना चाहिए—इस क्षेत्र के सबसे विवादास्पद मुद्दों में से एक है। 'पहले सुरक्षा' के समर्थक तर्क देते हैं कि चूंकि हम अभी तक यह नहीं समझते हैं कि किसी अति-बुद्धिमान सिस्टम को सख़्ती से कैसे नियंत्रित किया जाए, इसलिए उसे समय से पहले बनाना एक शक्तिशाली परमाणु हथियार बनाने जैसा है जिसे बंद करना या सुरक्षित रखना हमें नहीं आता है। वे क्षमता वृद्धि को धीमा करने की वकालत करते हैं, जब तक कि मूलभूत तालमेल की समस्याएं (यह सुनिश्चित करना कि एआई इंसानी भलाई के अनुसार काम करे और समझे) हल न हो जाएं।

इसके विपरीत, क्षमता विकास को प्राथमिकता देने वाले तर्क देते हैं कि एजीआई के सामाजिक लाभ (जलवायु परिवर्तन को हल करना, बीमारियों का इलाज करना) इतने बड़े हैं कि उनमें देरी नहीं की जा सकती, और सुरक्षा उपायों को क्षमता सुधारों के साथ धीरे-धीरे दोहराकर एकीकृत किया जा सकता है। इसके अलावा, एक भू-राजनीतिक पहलू भी है, क्योंकि एजीआई हासिल करने वाली पहली इकाई ऐसी रणनीतिक बढ़त हासिल कर सकती है जिसे पार करना असंभव हो। अंततः, जबकि दोनों अनुसंधान धाराएं महत्वपूर्ण हैं, एजीआई की प्रकृति यह बताती है कि विफलता के संभावित परिणाम इतने ऊंचे हैं कि तालमेल को हल करना—यह सुनिश्चित करना कि लक्ष्य हानिरहित हैं—शायद वर्तमान में मानवता के सामने सबसे महत्वपूर्ण चुनौती है।"
चलने वाली छपाई मशीन का आविष्कार किसने और कब किया था?,"चल मुद्रण प्रेस का आविष्कार जोहान्स गुटेनबर्ग ने 15वीं सदी के मध्य में, लगभग 1440 के आस-पास किया था। गुटेनबर्ग, जो एक जर्मन सुनार थे, उन्होंने पहले से मौजूद पेंच वाली मशीनों (जिन्हें शराब और जैतून का तेल निकालने के लिए इस्तेमाल किया जाता था) को बदला और तेल-आधारित स्याही विकसित की, जो धातु के अक्षरों पर अच्छी तरह से चिपकती थी। इस आविष्कार ने दस्तावेज़ों को छापने की लागत को बहुत कम कर दिया और सीधे तौर पर सूचना युग की शुरुआत की।","चल मुद्रण प्रेस का आविष्कार जर्मन सुनार जोहान्स गुटेनबर्ग ने 15वीं सदी के मध्य में, लगभग 1440 के आस-पास किया था।"
"ओरियन अल्फ़ा मिशन द्वारा ले जाए गए शोध पेलोड का कुल वज़न, किलोग्राम में, कितना था?","ओरियन अल्फ़ा गहरे अंतरिक्ष मिशन को 14 जुलाई, 2025 को लॉन्च किया गया था। चंद्र-स्थानांतरण चरण के दौरान इसने 15,200 मीटर प्रति सेकंड (मी/से) की अधिकतम गति प्राप्त की। शोध पेलोड का कुल वज़न 4,500 किलोग्राम (किग्रा) था। विकास, लॉन्च यान और संचालन खर्चों सहित मिशन की अनुमानित लागत कुल $3.8 अरब अमेरिकी डॉलर थी।","शोध पेलोड का कुल वज़न 4,500 किलोग्राम था।"
"दिए गए पाठ के अनुसार, क्यूरियोसिटी रोवर मिशन के मुख्य वैज्ञानिक लक्ष्य क्या हैं?","क्यूरियोसिटी रोवर, जिसका आधिकारिक नाम मार्स साइंस लैबोरेटरी (एमएसएल) है, एक कार के आकार का रोवर है जिसे नासा के मार्स साइंस लैबोरेटरी मिशन के हिस्से के रूप में मंगल ग्रह पर गेल क्रेटर की खोज के लिए डिज़ाइन किया गया है। इसे 26 नवंबर 2011 को केप केनवेरल से प्रक्षेपित किया गया था, और यह 6 अगस्त 2012 को गेल क्रेटर के अंदर ईओलिस पालुस पर सफलतापूर्वक उतरा। मिशन के मुख्य वैज्ञानिक लक्ष्यों में मंगल ग्रह के जलवायु और भूविज्ञान (जियोलॉजी) की जाँच करना, यह पता लगाना कि क्या गेल क्रेटर ने कभी सूक्ष्मजीवों (माइक्रोबियल जीवन) के लिए अनुकूल पर्यावरणीय परिस्थितियाँ प्रदान की थीं, और उस क्षेत्र में पानी की भूमिका का अध्ययन करना शामिल है। यह रोवर दस वैज्ञानिक उपकरण ले जाता है, जिनमें कैमरा, स्पेक्ट्रोमीटर और विकिरण डिटेक्टर शामिल हैं, जो इसे चट्टानों, मिट्टी और हवा की संरचना का विश्लेषण करने की अनुमति देते हैं। इसका मुख्य ऊर्जा स्रोत एक मल्टी-मिशन रेडियोआइसोटोप थर्मोइलेक्ट्रिक जेनरेटर (एमएमआरटीजी) है।","मिशन के मुख्य वैज्ञानिक लक्ष्यों में मंगल ग्रह के जलवायु और भूविज्ञान की जाँच करना, यह पता लगाना कि क्या गेल क्रेटर ने कभी सूक्ष्मजीवों के लिए अनुकूल पर्यावरणीय परिस्थितियाँ प्रदान की थीं, और उस क्षेत्र में पानी की भूमिका का अध्ययन करना शामिल है।"
"लिओनार्डो दा विंची ने लूडोविको स्फ़ोर्ज़ा के लिए कितने समय तक काम किया, और किस बड़ी घटना ने उस संरक्षण की अवधि को समाप्त कर दिया?","लिओनार्डो दा विंची (1452–1519) इटली के कई क्षेत्रों के जानकार (बहुज्ञ) थे। उनके शुरुआती करियर में उन्होंने फ़्लोरेंस में शागिर्दी (प्रशिक्षण) ली, लेकिन उन्होंने और बड़े मौकों की तलाश की। 1482 में, वह मिलान के ड्यूक, लूडोविको स्फ़ोर्ज़ा की सेवा में काम करने के लिए मिलान चले गए। इस अवधि के दौरान, जो 1499 तक चली जब स्फ़ोर्ज़ा को फ़्रांसीसी सेनाओं द्वारा हटा दिया गया था, लिओनार्डो ने 'द लास्ट सपर' (अंतिम भोज) सहित कई महत्वपूर्ण रचनाएँ बनाईं। फ़्रांसीसी हमले के बाद, लिओनार्डो मिलान से भाग गए और अंततः 1500 में फ़्लोरेंस लौट आए, हालाँकि फ़्लोरेंस में फिर से बसने से पहले उन्होंने चेज़ारे बोर्जिया (1502-1503) के लिए भी कुछ समय काम किया था।",उन्होंने स्फ़ोर्ज़ा के लिए 1482 से 1499 तक (17 साल) काम किया। यह सरपरस्ती तब खत्म हुई जब स्फ़ोर्ज़ा को फ़्रांसीसी सेनाओं द्वारा हटा दिया गया।
बोरॉन तत्व की मुख्य खासियतें क्या हैं?,,"बोरॉन (B) एक रासायनिक तत्व है, जिसकी परमाणु संख्या 5 है। यह एक उपधातु है, जिसका मतलब है कि इसमें धातु और अधातु दोनों के गुण पाए जाते हैं। आम तौर पर, यह एक सख्त, काला पदार्थ होता है, जो गर्मी को बहुत झेलता है और कमरे के तापमान पर बिजली का एक खराब संवाहक (कुचालक) होता है।"
"बोहर मॉडल के अनुसार, वे दो मुख्य तरीके बताएं जिनसे एक इलेक्ट्रॉन अपनी ऊर्जा के स्तरों को बदलता है, और उस बदलाव की शर्त भी बताएं।","नील्स बोहर द्वारा 1913 में पेश किया गया बोहर मॉडल यह बताता है कि इलेक्ट्रॉन नाभिक के चारों ओर निश्चित, तय कक्षाओं या 'कोशों' में घूमते हैं, जिनमें से हर एक तय मात्रा में ऊर्जा से जुड़ा होता है। इलेक्ट्रॉन केवल ऊर्जा का एक फ़ोटॉन अवशोषित (सोख कर) या उत्सर्जित (बाहर निकालकर) करके ही इन तय कक्षाओं के बीच जा सकते हैं, जिसकी ऊर्जा ठीक उतनी ही होनी चाहिए जितनी दो कक्षाओं की ऊर्जा के बीच का अंतर है। इस मॉडल ने हाइड्रोजन की स्पेक्ट्रम रेखाओं को सफलतापूर्वक समझाया लेकिन यह एक से अधिक इलेक्ट्रॉन वाले परमाणुओं का सटीक वर्णन नहीं कर सका।","बदलाव के तरीके/तंत्र:
1. ऊर्जा का एक फ़ोटॉन अवशोषित करना।
2. ऊर्जा का एक फ़ोटॉन उत्सर्जित करना।
शर्त: फ़ोटॉन की ऊर्जा ठीक उतनी होनी चाहिए जितनी दोनों कक्षाओं की ऊर्जा के बीच का अंतर है।"
क्या पालतू बिल्ली की सबसे बड़ी नस्ल मेन कून है या सियामी?,,मेन कून
"वह कौन सी मुख्य चीज़ थी जिसने पैंथियन जैसी प्राचीन रोमन कंक्रीट की इमारतों को हज़ारों सालों तक टिकने दिया, और वह चीज़ कैसे काम करती थी?",,"रोमन कंक्रीट (ओपस सीमेन्टिशियम) को लंबी उम्र और मज़बूती देने वाला ज़रूरी तत्व ज्वालामुखी की राख था, ख़ास तौर पर पोज़्ज़ोलैनिक राख (जिसका नाम इटली के पोज़्ज़ोली शहर के नाम पर रखा गया है)। इस सामग्री को चूने और रोड़ी (छोटे पत्थरों) के साथ मिलाकर ढाँचा बनाया जाता था। आधुनिक पोर्टलैंड सीमेंट के विपरीत, जो समुद्री पानी के संपर्क में आने पर खराब होने लगता है, पोज़्ज़ोलैनिक कंक्रीट पानी के साथ प्रतिक्रिया करके एक खनिज यौगिक (मिनरल कंपाउंड) बनाता था जिसे कैल्शियम-एल्यूमीनियम-सिलिकेट-हाइड्रेट (सी-ए-एस-एच) कहा जाता है।

सबसे अहम बात यह है कि इस ख़ास रासायनिक संरचना में खुद को ठीक करने (सेल्फ-हीलिंग) की अनोखी क्षमता होती है। जब बारीक दरारें बनती हैं और पानी अंदर रिसता है, तो चूना, ज्वालामुखी की राख और पानी में मौजूद सूक्ष्म तत्वों के बीच की प्रतिक्रिया से नए सी-ए-एस-एच क्रिस्टल बनते हैं। यह दरारों को असल में 'ठीक' कर देता है और उन्हें आगे बढ़ने से रोकता है। इस खासियत की वजह से, खासकर समुद्री वातावरण में (जैसे कि बंदरगाह के खंभों में), रोमन ढाँचे कमज़ोर होने के बजाय सदियों तक और मज़बूत होते रहे।"
"पाठ के अनुसार, गुटेनबर्ग की सुधारी हुई छपाई मशीन के मुख्य सामाजिक प्रभाव क्या थे?","छपाई मशीन का आविष्कार योहानेस गुटेनबर्ग ने 15वीं सदी के बीच में (लगभग 1440 में) यूरोप में किया था। हालाँकि छपाई के बुनियादी रूप पहले भी मौजूद थे, गुटेनबर्ग ने हिलने-डुलने वाले टाइप की यांत्रिक व्यवस्था में सुधार किया, जिससे पाठों का बड़े पैमाने पर उत्पादन संभव हो गया। उनका सबसे प्रसिद्ध शुरुआती काम गुटेनबर्ग बाइबिल था। इस आविष्कार ने साक्षरता बढ़ाकर, ज्ञान को तेज़ी से फैलाकर और भाषाओं को एकरूप बनाकर समाज को पूरी तरह बदल दिया। छपाई मशीन से पहले, किताबें हाथ से कॉपी की जाती थीं, जो कि एक धीमी और महँगी प्रक्रिया थी।","गुटेनबर्ग द्वारा छपाई मशीन में किए गए सुधार ने साक्षरता दर बढ़ाकर, ज्ञान को तेज़ी से फैलाने में सक्षम बनाकर और भाषाओं को एकरूप बनाने में मदद करके समाज को पूरी तरह से बदल दिया।"
एक डेल्टा टेबल में बेकार पड़ी डेटा फ़ाइलों को साफ़ करने का सुझाया गया तरीका क्या है?,,"पुरानी डेटा फ़ाइलों को, जिन्हें अब डेल्टा ट्रांज़ैक्शन लॉग द्वारा रेफ़र नहीं किया जाता है, साफ़ करने का सुझाया गया तरीका `वैक्यूम` कमांड है। यह आपको एक प्रतिधारण सीमा (आमतौर पर कम से कम 7 दिन) तय करने की अनुमति देता है, जिसके बाद जिन फ़ाइलों को रेफ़र नहीं किया गया है, वे हमेशा के लिए हटा दी जाती हैं। सावधानी बरतें, क्योंकि यह ऑपरेशन स्थायी (परमानेंट) होता है और टाइम ट्रैवल की सुविधा को प्रभावित कर सकता है।"
ऑस्ट्रेलिया की राजधानी क्या है?,,ऑस्ट्रेलिया की राजधानी कैनबरा है।
गोल्डन गेट पुल की आधिकारिक लम्बाई कितने फ़ीट है?,"गोल्डन गेट पुल एक झूलता हुआ पुल है जो गोल्डन गेट (सैन फ्रांसिस्को खाड़ी और प्रशांत महासागर को जोड़ने वाला एक मील चौड़ा जलडमरूमध्य) पर फैला हुआ है। निर्माण 1933 में शुरू हुआ था, लेकिन खराब मौसम और आर्थिक दिक्कतों ने परियोजना को मुश्किल बना दिया। मुख्य इंजीनियर जोसेफ स्ट्रॉस ने मज़दूरों की सुरक्षा को सबसे ज़रूरी मानते हुए निर्माण की देखरेख की। पुल आधिकारिक तौर पर 27 मई, 1937 को खुला, हालाँकि पैदल चलने वालों को इससे गुज़रने की इजाज़त एक दिन पहले ही दे दी गई थी। इसकी कुल लम्बाई 8,981 फ़ीट (1.7 मील) है। इसकी मशहूर रंगत को आधिकारिक तौर पर 'इंटरनेशनल ऑरेंज' कहा जाता है। फ़िलहाल, रोज़ाना लगभग 112,000 गाड़ियाँ पुल से गुज़रती हैं। अल्काट्राज़ द्वीप पुल के पूर्वी तरफ़ से दिखता है।","गोल्डन गेट पुल की कुल लम्बाई 8,981 फ़ीट है।"
प्रकाश संश्लेषण के मुख्य चरण और ज़रूरी घटक समझाइए।,,"प्रकाश संश्लेषण वह प्रक्रिया है जिसका उपयोग पौधे, शैवाल, और कुछ ख़ास बैक्टीरिया प्रकाश ऊर्जा को रासायनिक ऊर्जा में बदलने के लिए करते हैं, जो मुख्य रूप से ग्लूकोज़ के रूप में होती है। इसके लिए तीन मुख्य घटकों की ज़रूरत होती है: पानी (एच2ओ), कार्बन डाइऑक्साइड (सीओ2), और सूरज की रोशनी। यह प्रक्रिया दो मुख्य चरणों में बँटी हुई है: (1) प्रकाश-निर्भर प्रतिक्रियाएँ: ये थाइलैकॉइड झिल्लियों में होती हैं, जहाँ क्लोरोफिल द्वारा प्रकाश ऊर्जा को पकड़ा जाता है और एटीपी और एनएडीपीएच में बदल दिया जाता है। इसी दौरान, पानी टूट जाता है और उप-उत्पाद के रूप में ऑक्सीजन (ओ2) निकलती है। (2) कैल्विन चक्र (प्रकाश-स्वतंत्र प्रतिक्रियाएँ): ये स्ट्रोमा में होती हैं, जहाँ वातावरण से कार्बन डाइऑक्साइड को शर्करा अणुओं (ग्लूकोज़) में 'स्थिर' करने के लिए एटीपी और एनएडीपीएच का उपयोग किया जाता है।"
"मेरे ताज़ा कीमियागरी के काम के लिए, मुझे खर्च निकालना है। अजगर की खाल के टुकड़ों (डीएस) की कीमत 50 सोने के सिक्के (जीपी) है हर एक के लिए, और परियों की धूल (एफडी) की कीमत 15 जीपी है प्रति चुटकी। अगर इस नुस्खे में 4 अजगर की खाल के टुकड़े और 8 चुटकी परियों की धूल चाहिए, तो कुल खर्च जीपी में कितना होगा?",,कीमियागरी के काम का कुल खर्च 320 सोने के सिक्के (जीपी) है। यह खर्च अजगर की खाल के टुकड़ों के खर्च (4 * 50 जीपी = 200 जीपी) और परियों की धूल के खर्च (8 * 15 जीपी = 120 जीपी) को जोड़कर निकाला गया है।
"नीचे दिए गए सामान की गिनती के आँकड़ों की सूची को कॉमा (अल्पविराम) से अलग किए गए मानों के रूप में (सीएसवी फॉर्मेट में) बदलें। यह पक्का करें कि शीर्षक (हेडर) 'सामान का नाम', 'एसकेयू', 'स्टॉक में मात्रा', और 'दोबारा ऑर्डर करने का स्तर' हों।","सामान: टी-शर्ट - नीला, कोड: टीएस-बीएल-एसएम, स्टॉक: 150, दोबारा ऑर्डर करने की सीमा: 50
सामान: टी-शर्ट - लाल, कोड: टीएस-आरडी-एलजी, स्टॉक: 45, दोबारा ऑर्डर करने की सीमा: 50
सामान: टोपी - काला, कोड: हैट-बीके-ओएस, स्टॉक: 210, दोबारा ऑर्डर करने की सीमा: 100
सामान: मग - लोगो, कोड: मग-लॉग-एसटीडी, स्टॉक: 98, दोबारा ऑर्डर करने की सीमा: 75","सामान का नाम,एसकेयू,स्टॉक में मात्रा,दोबारा ऑर्डर करने का स्तर
टी-शर्ट - नीला,टीएस-बीएल-एसएम,150,50
टी-शर्ट - लाल,टीएस-आरडी-एलजी,45,50
टोपी - काला,हैट-बीके-ओएस,210,100
मग - लोगो,मग-लॉग-एसटीडी,98,75"
"नाटक ""रोमियो और जूलियट"" किसने लिखा?",,"दुःखद नाटक ""रोमियो और जूलियट"" लिखने का श्रेय विलियम शेक्सपियर को दिया जाता है।"
"दिए गए टेक्स्ट का उपयोग करके, माइक्रोवेव के आविष्कारक, पहले व्यापारिक मॉडल का नाम और जिस साल वह बना था, उसकी पहचान करें।","माइक्रोवेव ओवन के आविष्कार का श्रेय पर्सी स्पेंसर को दिया जाता है, जो रेथियॉन कंपनी में कार्यरत एक अमेरिकी खुद से सीखे हुए इंजीनियर थे। 1945 में, एक चालू रडार सेट पर काम करते समय, स्पेंसर ने देखा कि उनकी जेब में रखी चॉकलेट बार पिघल गई थी। उत्सुक होकर, उन्होंने आगे प्रयोग किए, पहले पॉपकॉर्न के साथ और फिर एक अंडे के साथ, जो प्रसिद्ध रूप से उनके एक सहकर्मी के चेहरे पर फट गया था। पहला व्यापारिक माइक्रोवेव ओवन, 'रेडारेंज' (Radarange), रेथियॉन द्वारा 1947 में बनाया गया था। यह बहुत बड़ा था, लगभग 6 फीट ऊंचा और 750 पाउंड से अधिक वजनी था, और इसकी लागत लगभग $5,000 थी, जिसके कारण यह मुख्य रूप से व्यापारिक (कमर्शियल) रसोई के लिए उपयोगी था।","आविष्कारक पर्सी स्पेंसर थे। पहला व्यापारिक मॉडल 'रेडारेंज' कहलाता था, जिसे रेथियॉन ने 1947 में बनाया था।"
"नीचे दिए गए तत्वों को धातु या अधातु के रूप में वर्गीकृत करें: ऑक्सीजन, लोहा, क्लोरीन, सोडियम।",,लोहा और सोडियम धातु हैं। ऑक्सीजन और क्लोरीन अधातु हैं।
शेयर बाज़ार में निवेश शुरू करते समय किसी को कौन से ज़रूरी कदम उठाने चाहिए?,,"निवेश का सफर शुरू करने के लिए तैयारी और एक तय रणनीति की ज़रूरत होती है। वित्तीय विशेषज्ञ इन ज़रूरी कदमों को उठाने की सलाह देते हैं:
1. **माली मज़बूती स्थापित करें:** निवेश करने से पहले, सुनिश्चित करें कि आप पर ज़्यादा ब्याज वाला कर्ज़ (जैसे क्रेडिट कार्ड) नहीं है और आपके पास 3-6 महीने के गुज़ारे के खर्चों को कवर करने वाला मज़बूत इमरजेंसी फंड मौजूद है।
2. **लक्ष्य और समय सीमा तय करें:** यह तय करें कि आप *क्यों* निवेश कर रहे हैं (जैसे: रिटायरमेंट, घर की शुरुआती रकम, कम समय के लिए बचत) और इसके लिए आपकी समय की अवधि क्या है। यह आपकी जोखिम लेने की क्षमता तय करता है। लंबी समय सीमा आम तौर पर ज़्यादा जोखिम की अनुमति देती है।
3. **सही खाते चुनें:** टैक्स में फ़ायदा देने वाले खातों को प्राथमिकता दें जैसे 401(के) (ख़ासकर अगर मालिक की तरफ से भी मैच मिल रहा हो) या रोथ/ट्रेडिशनल आईआरए। सामान्य ब्रोकरेज के लिए, एक भरोसेमंद, कम शुल्क वाला प्लेटफॉर्म चुनें।
4. **निवेश फैलाकर और अलग-अलग जगह शुरू करें:** नए निवेशकों के लिए, सबसे सुरक्षित और सबसे ज़्यादा सलाह दी जाने वाली तरीका है व्यापक बाज़ार एक्सचेंज-ट्रेडेड फंड्स (ईटीएफ) या कम लागत वाले इंडेक्स म्यूचुअल फंड्स (उदाहरण के लिए, एस एंड पी 500 को ट्रैक करने वाले) खरीदना। यह तुरंत सैकड़ों कंपनियों में आपके जोखिम को फैला देता है।
5. **डॉलर-कॉस्ट एवरेजिंग (डीसीए) का उपयोग करें:** 'बाज़ार का सही समय पकड़ने' की कोशिश करने के बजाय, नियमित अंतराल पर (मासिक या दो-साप्ताहिक) एक तयशुदा रकम निवेश करने के लिए प्रतिबद्ध रहें। इससे केवल तभी खरीदने का जोखिम कम हो जाता है जब कीमतें ज़्यादा हों।
6. **लंबे समय के लिए प्रतिबद्ध रहें:** कामयाब निवेश शायद ही कभी जल्दी मुनाफ़ा कमाने के बारे में होता है। अनुशासन बनाए रखें और बाज़ार में गिरावट आने पर जज़्बाती होकर प्रतिक्रिया देने से बचें।"
एक असरदार पेशेवर बायोडाटा के मुख्य भाग क्या हैं?,,"1. **साफ़ संपर्क जानकारी:** सुनिश्चित करें कि आपका नाम, फ़ोन नंबर, पेशेवर ईमेल, और लिंक्डइन प्रोफ़ाइल (यदि लागू हो) आसानी से दिखें।
2. **पेशेवर सारांश/उद्देश्य:** एक छोटा, पद के हिसाब से बना पैराग्राफ जो आपकी करियर की उपलब्धियों और लक्ष्यों को संक्षेप में बताए।
3. **उलटे क्रम में काम का अनुभव:** नौकरियों को सबसे नई नौकरी से शुरू करते हुए सूचीबद्ध करें। मज़बूत क्रिया शब्दों का प्रयोग करें और जब भी संभव हो, उपलब्धियों को संख्या में व्यक्त करें।
4. **शिक्षा और प्रमाणपत्र:** संबंधित डिग्रियां, संस्थान, और तारीखें शामिल करें। ऐसे प्रमाणपत्रों को सूचीबद्ध करें जो आपकी योग्यता को बढ़ाते हैं।
5. **संबंधित कौशल:** एक अलग खंड बनाएं जो तकनीकी कौशल (सॉफ्टवेयर, भाषाएं) और व्यवहारिक कौशल (नेतृत्व, बातचीत) को उजागर करे जो नौकरी विवरण के मुख्य शब्दों से मेल खाते हों।"
मैरी क्यूरी द्वारा प्राप्त की गईं मुख्य शैक्षणिक उपलब्धियाँ और नोबेल पुरस्कारों को प्राप्त होने के क्रम में सूचीबद्ध करें।,"मैरी स्क्लॉडोवस्का क्यूरी (जन्म 7 नवंबर, 1867, वॉरसॉ, पोलैंड) एक भौतिक विज्ञानी और रसायनज्ञ थीं जिन्होंने रेडियोधर्मिता पर अग्रणी शोध किया था। वह नोबेल पुरस्कार जीतने वाली पहली महिला थीं, नोबेल पुरस्कार दो बार जीतने वाली पहली व्यक्ति और इकलौती महिला थीं, और दो अलग-अलग वैज्ञानिक क्षेत्रों में नोबेल पुरस्कार जीतने वाली इकलौती व्यक्ति थीं। 1891 में, वह सॉर्बोन में पढ़ने के लिए पेरिस चली गईं। कई वर्षों के समर्पित शोध के बाद, 1903 में, उन्होंने अपने पति पियरे क्यूरी और भौतिक विज्ञानी हेनरी बेकरेल के साथ सहज विकिरण पर किए गए उनके काम के लिए भौतिकी का नोबेल पुरस्कार साझा किया। पियरे की मृत्यु के बाद, उन्होंने अपना महत्वपूर्ण कार्य जारी रखा, और 1911 में, उन्होंने रेडियम और पोलोनियम तत्वों की खोज के लिए रसायन विज्ञान का नोबेल पुरस्कार प्राप्त किया। प्रथम विश्व युद्ध के दौरान, उन्होंने मोबाइल एक्स-रे इकाइयाँ विकसित कीं, जिन्हें 'पेटिट क्यूरीज़' के नाम से जाना जाता था। 4 जुलाई, 1934 को सैंसलमोज़, फ्रांस में उनका निधन हो गया।","मैरी क्यूरी द्वारा प्राप्त की गईं मुख्य शैक्षणिक उपलब्धियाँ और नोबेल पुरस्कार इस प्रकार हैं:
1. सॉर्बोन में पढ़ने के लिए पेरिस गईं (1891)।
2. भौतिकी का नोबेल पुरस्कार साझा किया (1903)।
3. रसायन विज्ञान का नोबेल पुरस्कार प्राप्त किया (1911)।"
"धरती के महासागरों में सबसे गहरी मालूम जगह कौन सी है, और वह कहाँ स्थित है?",,"वह सबसे गहरी जगह चैलेंजर डीप है, जो पश्चिमी प्रशांत महासागर में मारियाना ट्रेंच के दक्षिणी हिस्से में स्थित है। इसकी अनुमानित गहराई लगभग 10,935 मीटर (35,876 फीट) है।"
प्रकाश संश्लेषण का मुख्य कार्य और आवश्यक घटक समझाइए।,"प्रकाश संश्लेषण वह प्रक्रिया है जिसका उपयोग पौधे, शैवाल और कुछ जीवाणु, प्रकाश ऊर्जा (जो आमतौर पर सूरज से मिलती है) को रासायनिक ऊर्जा में बदलने के लिए करते हैं। यह रासायनिक ऊर्जा बाद में जीव की गतिविधियों को चलाने के लिए जारी की जा सकती है (यह ऊर्जा का एक बदलाव है)। यह रासायनिक ऊर्जा कार्बोहाइड्रेट अणुओं, जैसे शर्करा, में जमा होती है, जिन्हें कार्बन डाइऑक्साइड और पानी से बनाया जाता है। ज़्यादातर मामलों में, ऑक्सीजन बेकार उत्पाद (यानी वेस्ट) के रूप में निकलती है। प्रकाश संश्लेषण का कुल संतुलित समीकरण है: 6सीओ₂ + 6एच₂ओ + प्रकाश ऊर्जा → सी₆एच₁₂ओ₆ + 6ओ₂। इस प्रक्रिया के लिए तीन मुख्य घटकों की आवश्यकता होती है: सूरज की रोशनी, पानी (एच₂ओ), और कार्बन डाइऑक्साइड (सीओ₂)।","प्रकाश संश्लेषण वह प्रक्रिया है जिसका उपयोग जीव प्रकाश ऊर्जा (जो आमतौर पर सूरज से मिलती है) को रासायनिक ऊर्जा में बदलने के लिए करते हैं। यह ऊर्जा शर्करा जैसे कार्बोहाइड्रेट अणुओं में जमा होती है, जो जीव की गतिविधियों को चलाने का काम करती है। इस प्रक्रिया के लिए आवश्यक घटक हैं: सूरज की रोशनी, पानी (एच₂ओ), और कार्बन डाइऑक्साइड (सीओ₂)।"
"नीचे दिए गए मशहूर उपन्यासों के लेखक का नाम बताएँ: मोबी डिक, वुदरिंग हाइट्स।",,"मोबी डिक हरमन मेलविल द्वारा लिखा गया था, और वुदरिंग हाइट्स एमिली ब्रोंटे द्वारा लिखा गया था।"
"श्याम पदार्थ और श्याम ऊर्जा में क्या अंतर है, और वे ब्रह्मांड विज्ञान के लिए क्यों महत्वपूर्ण हैं?",,"श्याम पदार्थ और श्याम ऊर्जा ब्रह्मांड के दो मौलिक रूप से अलग-अलग घटक हैं, फिर भी वे 'श्याम' (अंधेरा) नाम साझा करते हैं क्योंकि दोनों को विद्युतचुंबकीय विकिरण (प्रकाश) के माध्यम से सीधे नहीं देखा जा सकता है। ये दोनों मिलकर ब्रह्मांड की कुल द्रव्यमान-ऊर्जा सामग्री का लगभग 95% हिस्सा बनाते हैं, जो उन्हें ब्रह्मांड की संरचना और विकास को समझने के लिए अत्यंत महत्वपूर्ण बनाता है।

**श्याम पदार्थ** पदार्थ का एक ऐसा रूप है जो केवल गुरुत्वाकर्षण के माध्यम से दृश्य पदार्थ के साथ क्रिया करता है। यह न तो प्रकाश को अवशोषित करता है, न ही परावर्तित करता है और न ही उत्सर्जित करता है। इसके अस्तित्व का अनुमान इसके गुरुत्वाकर्षण प्रभावों को देखकर लगाया जाता है, खासकर आकाशगंगाओं और आकाशगंगा समूहों पर, जो अपनी दृश्य द्रव्यमान सामग्री के बल पर टिके रहने की तुलना में कहीं अधिक तेज़ी से घूमते हैं। श्याम पदार्थ ब्रह्मांडीय 'ढांचे' (scaffolding) की तरह काम करता है, जो आकाशगंगाओं जैसी संरचनाओं के निर्माण के लिए आवश्यक गुरुत्वाकर्षण आधार प्रदान करता है। यह ब्रह्मांड के विस्तार को धीमा करता है, लेकिन स्थानीय स्तर पर गुरुत्वाकर्षण के जमाव को बढ़ाता है।

**श्याम ऊर्जा**, इसके विपरीत, ऊर्जा का एक रहस्यमय रूप है जो पूरे अंतरिक्ष में समान रूप से वितरित है और एक विकर्षक (repulsive), गुरुत्वाकर्षण-विरोधी बल के रूप में कार्य करता है। यह ब्रह्मांड के देखे गए त्वरित विस्तार के पीछे की प्रेरक शक्ति है। संक्षेप में, जबकि श्याम पदार्थ चीजों को स्थानीय स्तर पर एक साथ खींचने में मदद करता है, श्याम ऊर्जा वैश्विक स्तर पर ब्रह्मांड को लगातार बढ़ती दर से दूर धकेल रही है।

उनका महत्व सर्वोपरि है: श्याम पदार्थ और श्याम ऊर्जा को ध्यान में रखे बिना, ब्रह्मांड विज्ञान का मानक मॉडल (लैम्ब्डा-सीडीएम मॉडल) ब्रह्मांडीय माइक्रोवेव पृष्ठभूमि विकिरण, बड़े पैमाने की संरचना के निर्माण और ब्रह्मांड के विस्तार इतिहास जैसे अवलोकनों की व्याख्या करने में विफल रहता है।"
आई.ए.यू. की परिभाषा के अनुसार एक ग्रह और एक बौने ग्रह के बीच मुख्य अंतर समझाएँ।,,"अंतर्राष्ट्रीय खगोलीय संघ (आई.ए.यू.) ने किसी आकाशीय पिंड को ग्रह के रूप में वर्गीकृत करने के लिए तीन कसौटियाँ (शर्तें) तय की हैं। ग्रह और बौना ग्रह दोनों पहली दो शर्तें पूरी करते हैं: उन्हें सूरज का चक्कर लगाना चाहिए, और उनका वज़न इतना होना चाहिए कि वे लगभग गोल आकार ले लें (गुरुत्वाकर्षण संतुलन)। मुख्य अंतर तीसरी कसौटी में है: एक ग्रह को अपनी कक्षा के आस-पास का 'क्षेत्र साफ़' करना होता है, जिसका मतलब है कि वह अपने घूमने के रास्ते में गुरुत्वाकर्षण के मामले में सबसे हावी पिंड होना चाहिए। प्लूटो, सेरेस और एरिस जैसे बौने ग्रह यह तीसरी कसौटी पूरी नहीं कर पाते, क्योंकि वे अपने घूमने के क्षेत्र को अन्य महत्वपूर्ण वस्तुओं के साथ बाँटते हैं।"
जेन ऑस्टेन द्वारा लिखे गए तीन सबसे मशहूर उपन्यासों के नाम बताएँ।,,"1. प्राइड एंड प्रेजुडिस
2. सेंस एंड सेंसिबिलिटी
3. एम्मा"
"दिए गए पाठ के अनुसार, पेनिसिलिन की शुरुआती खोज का श्रेय अक्सर किसे दिया जाता है और किस वर्ष में?","पेनिसिलिन एंटीबायोटिक दवाओं का एक समूह है जो मूल रूप से पेनिसिलियम फफूँद (मुख्यतः पी. क्राइसोजीनम और पी. रूबेंस) से प्राप्त होता है। यह स्टैफिलोकोकी और स्ट्रेप्टोकोकी के कारण होने वाले कई गंभीर जीवाणु संक्रमणों के खिलाफ प्रभावी होने वाली पहली दवाओं में से एक थी। पेनिसिलिन की खोज का श्रेय अक्सर स्कॉटिश डॉक्टर अलेक्जेंडर फ्लेमिंग को दिया जाता है, जिन्होंने 1928 में लंदन के सेंट मेरी अस्पताल में काम करते हुए यह खोज की थी। हालांकि, इसका बड़े पैमाने पर उत्पादन और चिकित्सीय उपयोग 1940 के दशक की शुरुआत में हॉवर्ड फ्लोरी, अर्नस्ट चेन और नॉर्मन हीटली द्वारा शुरू किया गया था। पेनिसिलिन के आगमन ने चिकित्सा के क्षेत्र में एक क्रांति ला दी, जिससे एंटीबायोटिक युग की शुरुआत हुई।",स्कॉटिश डॉक्टर अलेक्जेंडर फ्लेमिंग को अक्सर 1928 में पेनिसिलिन की खोज का श्रेय दिया जाता है।
सूची में दिए गए हर रासायनिक चिन्ह का पूरा तत्व नाम बताएं।,"एफई, एयू, के, एनए, एस","एफई लोहा है, एयू सोना है, के पोटेशियम है, एनए सोडियम है, और एस गंधक है।"
"पाठ के आधार पर, पहले व्यावसायिक तौर पर उपलब्ध माइक्रोवेव ओवन का नाम और मुख्य खासियतें क्या थीं?","आधुनिक माइक्रोवेव ओवन मुख्य रूप से रेथियॉन में कार्यरत एक अमरीकी इंजीनियर, पर्सी स्पेंसर द्वारा आविष्कार की गई तकनीक से विकसित हुआ था। सैन्य रडार तकनीक (जो सक्रिय रडार सेट से जुड़ी थी) पर काम करते समय, स्पेंसर ने 1945 में देखा कि उनकी जेब में रखी एक टॉफ़ी सक्रिय रडार सिस्टम के संपर्क में आने पर पिघल गई थी। उत्सुक होकर, उन्होंने मैग्नेट्रॉन तरंगों को तरह-तरह के खाद्य पदार्थों की ओर निर्देशित करके प्रयोग किया, जिसकी शुरुआत पॉपकॉर्न और फिर एक अंडे (जो तुरंत फट गया) से हुई। रेथियॉन ने 8 अक्टूबर, 1945 को माइक्रोवेव खाना पकाने की प्रक्रिया के लिए एक पेटेंट दायर किया। पहला व्यावसायिक तौर पर उपलब्ध माइक्रोवेव ओवन 'रेडारेंज' था, जिसे 1947 में जारी किया गया था। यह लगभग 6 फ़ीट ऊँचा था, इसका वज़न 750 पाउंड था, और इसकी कीमत $2,000 से $3,000 के बीच थी। इसे ठंडा करने के लिए पाइप-व्यवस्था की ज़रूरत थी और यह मुख्य रूप से बड़े रेस्टोरेंट और सैन्य मेस को बेचा जाता था। घरेलू इस्तेमाल बहुत बाद में शुरू हुआ, जब 1960 के दशक के आखिर में छोटे, ज़्यादा किफ़ायती काउंटरटॉप मॉडल उपलब्ध हुए।","पहला व्यावसायिक तौर पर उपलब्ध मॉडल 'रेडारेंज' था, जो 1947 में जारी किया गया था। यह लगभग 6 फ़ीट ऊँचा था, इसका वज़न 750 पाउंड था, और इसकी कीमत $2,000 से $3,000 के बीच थी।"
"जब 'एवेंजर्स' कॉमिक्स टीम पहली बार शुरू हुई थी, तो उसके शुरुआती दल में कौन-कौन से पात्र (कैरेक्टर) शामिल थे?",,"एवेंजर्स' की मूल टीम, जो 'द एवेंजर्स #1' (सितंबर 1963) में स्टैन ली और जैक किर्बी द्वारा शुरू की गई थी, उसमें पाँच संस्थापक सदस्य शामिल थे: आयरन मैन (टोनी स्टार्क), थॉर, हल्क (ब्रूस बैनर), एंट-मैन (हैंक पिम), और वास्प (जेनेट वैन डाइन)। कैप्टन अमेरिका, हालांकि एक महत्वपूर्ण हस्ती थे, लेकिन वह टीम में बाद में अंक #4 में शामिल हुए, जब उन्हें लंबे समय तक स्थिर रहने के बाद वापस होश में लाया गया।"
पश्चिमी रोमन साम्राज्य के पतन के मुख्य कारण सूचीबद्ध करें।,"रोमन साम्राज्य प्राचीन दुनिया के सबसे बड़े साम्राज्यों में से एक था, जो तीन महाद्वीपों: यूरोप, उत्तरी अफ्रीका और मध्य पूर्व में फैला हुआ था। इसका आरंभ आमतौर पर 27 ईसा पूर्व में ऑगस्टस के शासनकाल से माना जाता है। पश्चिमी रोमन साम्राज्य के ढहने की पारंपरिक तारीख 476 ईस्वी सन् दी गई है, जब जर्मनिक सरदार ओडोएकर ने आखिरी सम्राट, रोमुलस ऑगस्टुलस को हटा दिया था। पतन के मुख्य योगदानकारी कारणों में आर्थिक अस्थिरता, सैन्य बलों का अत्यधिक फैलाव और भीषण राजनीतिक भ्रष्टाचार शामिल थे।","आर्थिक अस्थिरता, सैन्य बलों का अत्यधिक फैलाव और भीषण राजनीतिक भ्रष्टाचार।"
खनिज कर्मीसाइट को पहली बार कहाँ दर्ज़ किया गया था?,,"कर्मीसाइट एक तुलनात्मक रूप से दुर्लभ एंटीमनी ऑक्सीसल्फाइड खनिज है। इसे 1843 में फ्रांज़ रिटर वॉन हॉयर द्वारा आधिकारिक तौर पर दर्ज़ किया गया और इसका वर्णन किया गया था। यह उन नमूनों पर आधारित था जो पेज़िनॉक, बोहेमिया (जो आज का चेक गणराज्य है) के पास पाए गए थे।"
"नीचे दिए गए अमेरिकी राज्यों का वर्गीकरण करें कि उनकी सीमा प्रशांत महासागर से लगती है या अटलांटिक महासागर से: मेन, कैलिफ़ोर्निया, ओरेगन, फ़्लोरिडा, न्यूयॉर्क, वॉशिंगटन, जॉर्जिया, मैसाचुसेट्स, नॉर्थ कैरोलिना, हवाई।",,"प्रशांत महासागर से सीमा लगे हुए राज्य हैं: कैलिफ़ोर्निया, ओरेगन, वॉशिंगटन, और हवाई। अटलांटिक महासागर से सीमा लगे हुए राज्य हैं: मेन, फ़्लोरिडा, न्यूयॉर्क, जॉर्जिया, मैसाचुसेट्स, और नॉर्थ कैरोलिना।"
रोसेटा पत्थर का मुख्य काम और महत्व समझाएँ।,,"रोसेटा पत्थर ग्रैनोडायोराइट से बना हुआ एक शिलालेख (पत्थर का स्तंभ) है, जिसमें राजा टॉलेमी पंचम एपिफेनेस की तरफ से 196 ईसा पूर्व में मिस्र के मेम्फिस शहर में जारी किए गए एक फरमान के तीन संस्करण लिखे हुए हैं। इस पत्थर का मुख्य महत्व इस बात में है कि यह फरमान तीन अलग-अलग लिपियों (लेखन शैलियों) में लिखा गया है: ऊपर का लेख प्राचीन मिस्री हायरोग्लिफ़्स है, बीच का डेमोटिक लिपि है, और नीचे का प्राचीन यूनानी है। चूंकि प्राचीन यूनानी लेख विद्वानों द्वारा अच्छी तरह समझा जाता था, इसलिए इस पत्थर ने मिस्री हायरोग्लिफ़्स को आधुनिक रूप से समझने की बहुत ज़रूरी चाबी प्रदान की, जिन्हें सदियों से पढ़ना मुमकिन नहीं था। मुख्य रूप से जाँ-फ़्राँस्वा शैंपोलियों द्वारा 1822 में इसके रहस्य को खोलने (पढ़े जाने) से प्राचीन मिस्री सभ्यता और भाषा के बारे में भारी मात्रा में ऐतिहासिक जानकारी के दरवाज़े खुल गए।"
"संयुक्त राष्ट्र शैक्षिक, वैज्ञानिक एवं सांस्कृतिक संगठन का संक्षिप्त नाम क्या है?",,यूनेस्को
"उत्तरी रोशनी किस वजह से होती है, यह समझाएँ।",,"उत्तरी रोशनी (यानि नॉर्दन लाइट्स) सूरज से आने वाले आवेशित कणों के कारण होती है, जब वे धरती के वातावरण में मौजूद अणुओं और परमाणुओं से टकराते हैं। धरती का चुंबकीय क्षेत्र इन कणों को ध्रुवीय क्षेत्रों की ओर ले जाता है, जिसके परिणामस्वरूप रंगीन रोशनी के नज़ारे दिखाई देते हैं।"
मौसम और जलवायु के बीच का फ़र्क़ समझाओ।,,"मौसम का मतलब है किसी छोटे समय (जैसे कुछ घंटे या कुछ दिन) के दौरान हवा की स्थिति, जिसमें तापमान, नमी, बारिश और हवा शामिल हैं। इसके उलट, जलवायु किसी ख़ास जगह पर लंबे समय तक, जो आमतौर पर 30 साल या उससे ज़्यादा होता है, के दौरान मौसम की औसत स्थिति को बताती है।"
एक कंप्यूटर सिस्टम में रैंडम एक्सेस मेमोरी (रैम) और रीड-ओनली मेमोरी (रॉम) के बीच मुख्य काम-काजी और बनावटी अंतरों को समझाएँ।,,"रैम (रैंडम एक्सेस मेमोरी) एक अस्थिर मेमोरी है जिसका उपयोग वर्तमान में इस्तेमाल हो रहे काम के डेटा और मशीन कोड को स्टोर करने के लिए किया जाता है। यह तेज़ होती है और कंप्यूटर के सक्रिय संचालन के लिए ज़रूरी होती है, लेकिन जब कंप्यूटर बंद हो जाता है तो रैम में रखा सारा डेटा मिट जाता है। रैम को लगातार पढ़ने और लिखने के लिए बनाया गया है। इसके विपरीत, रॉम (रीड-ओनली मेमोरी) एक स्थायी (गैर-अस्थिर) मेमोरी है। यह फर्मवेयर (जैसे बायोस या यूईएफआई) को स्टोर करती है जो कंप्यूटर सिस्टम को चालू करने और शुरुआत करने के लिए बहुत ज़रूरी है। रॉम में डेटा आमतौर पर बनाते समय या फ्लैशिंग के दौरान लिखा जाता है और बिजली हटने पर भी बना रहता है। हालांकि आधुनिक रॉम के कुछ प्रकारों को कभी-कभी दोबारा लिखा जा सकता है, फिर भी इसका मुख्य मकसद स्थायी, निचले स्तर के निर्देशों को स्टोर करना ही रहता है।"
पेनिसिलिन को स्थिर करने और बड़े पैमाने पर उत्पादन करने के लिए कौन से वैज्ञानिक ज़िम्मेदार थे?,"1928 में अलेक्जेंडर फ्लेमिंग द्वारा पेनिसिलिन की खोज चिकित्सा इतिहास में एक महत्वपूर्ण क्षण था। हालांकि, इस दवा को एक इस्तेमाल योग्य चिकित्सीय एजेंट (दवा) के रूप में विकसित करने का काम 1940 के दशक की शुरुआत तक नहीं हुआ था। यह हॉवर्ड फ्लोरी और अर्न्स्ट चेन थे, जो ऑक्सफोर्ड विश्वविद्यालय में काम कर रहे थे, जिन्होंने इस यौगिक को स्थिर करने और बड़े पैमाने पर उत्पादन करने में सफलता पाई। यह काम मुख्य रूप से द्वितीय विश्व युद्ध के दौरान बेहतर उपचारों की आवश्यकता से प्रेरित था।",हॉवर्ड फ्लोरी और अर्न्स्ट चेन।
एक आम सवारी गाड़ी का पंचर टायर सुरक्षित रूप से बदलने के लिए ज़रूरी कदम बताइए।,,"1. गाड़ी को यातायात से दूर एक सुरक्षित और समतल जगह पर किनारे लगाएं और पार्किंग ब्रेक लगा दें।
2. स्टेपनी (अतिरिक्त पहिया), जैक और नट खोलने वाली रिंच को ढूंढें और निकाल लें।
3. रिंच का उपयोग करके, जब पहिया ज़मीन पर ही हो, तब सभी नटों को ढीला करें (लेकिन उन्हें पूरी तरह से बाहर न निकालें)।
4. जैक को गाड़ी के ढांचे के नीचे सही जगह पर रखें और गाड़ी को तब तक ऊपर उठाएं जब तक कि पंचर पहिया ज़मीन से पूरी तरह ऊपर न हो जाए।
5. सभी नटों को पूरी तरह से निकालें, पंचर पहिये को उतारें, और फिर स्टेपनी को लगा दें।
6. सभी नटों को हाथ से, सितारे के पैटर्न में (एक छोड़कर एक) कस दें।
7. गाड़ी को पूरी तरह से नीचे उतारें और फिर रिंच का उपयोग करके नटों को मज़बूती से कस दें।
8. सभी उपकरणों को वापस रख दें और जल्द से जल्द स्टेपनी में हवा का दबाव (प्रेशर) जाँच करवा लें।"
शेक्सपियर के 'मैकबेथ' के मुख्य किरदार की तीन सबसे बड़ी दुखद कमियों (गलतियों) को पहचानें और उन्हें बताएं।,,"सबसे प्रमुख कमी है 'बेलगाम लालच/महत्वाकांक्षा'। सत्ता की मैकबेथ की चाहत, जिसे चुड़ैलों की भविष्यवाणी और लेडी मैकबेथ के बहकावे ने हवा दी, उसके नैतिक सिद्धांतों पर हावी हो जाती है और उसे राजा की हत्या करने के लिए मजबूर करती है। दूसरी महत्वपूर्ण कमी है 'घमंड और अति-आत्मविश्वास'। खासकर चुड़ैलों के साथ उसकी दूसरी मुलाकात के बाद, जहाँ रहस्यमय भविष्यवाणियाँ (जैसे बिरनाम वुड, 'जो औरत से पैदा न हुआ हो') उसे यह मानने पर मजबूर करती हैं कि वह अजेय और सुरक्षित है। अंत में, 'डगमगाता इरादा और सुझावों के प्रति संवेदनशीलता' एक बड़ी विफलता है; जहाँ मैकबेथ अंदरूनी तौर पर सही-गलत को लेकर संघर्ष करता है, वह अपनी शुरुआती सीमाओं को बनाए रखने के बजाय लगातार बाहरी, बुरे प्रभावों (चुड़ैलों, उसकी पत्नी) के बहकावे में आ जाता है।"
बहुत ज़्यादा ठंड के समय के लिए कौन सा शब्द इस्तेमाल होता है? गर्म लहर या शीतलहर?,,शीतलहर
"नोबेल पुरस्कार जीतने वाली पहली महिला कौन थीं, और उन्हें यह किस क्षेत्र के लिए दिया गया था?",,मैरी क्यूरी नोबेल पुरस्कार जीतने वाली पहली महिला थीं। उन्हें 1903 में भौतिक विज्ञान के लिए नोबेल पुरस्कार दिया गया था।
"शाही दौर के रोमन लीजन (सेना की टुकड़ी) की मानक संगठनात्मक बनावट का वर्णन करें, साथ ही पलटनों (टुकड़ियों) के काम भी बताएँ।","शाही दौर के दौरान, एक मानक रोमन लीजन लगभग ५,००० भारी पैदल सैनिकों से बनी थी। पूरी लड़ाकू सेना को दस पलटनों में बाँटा गया था। बनावट सभी दस पलटनों में एक जैसी नहीं थी; पहली पलटन अनोखी (ख़ास) थी। इसे सबसे बेहतरीन (कुलीन) पलटन माना जाता था, जिसमें पाँच दोहरी ताक़त वाली सेंचुरी शामिल थीं, जिससे इसकी कुल संख्या लगभग ८०० आदमी हो जाती थी। बची हुई नौ पलटनें (पलटन दो से दस तक) सामान्य आकार की थीं, जिनमें से हर एक में छह नियमित सेंचुरी शामिल थीं, जिससे प्रति मानक पलटन में कुल ४८० आदमी होते थे। सबसे छोटी सामरिक इकाई सेंचुरी थी, जिसमें आमतौर पर ८० आदमी होते थे, जिसका नेतृत्व एक सेंटूरियन करता था। लीजन का समग्र (पूरा) सेनापति लेगातुस था। हालाँकि, सहायक सेनाएँ, जैसे कि घुड़सवार सेना और हल्की पैदल सेना, अक्सर लीजन के साथ काम करती थीं, लेकिन वे ढाँचे के लिहाज़ से लीजन की पलटनों से अलग थीं।","एक रोमन लीजन लगभग ५,००० भारी पैदल सैनिकों का एक संगठन थी, जिसे दस पलटनों में संरचित किया गया था। पहली पलटन अलग थी, जो दोगुनी ताक़त वाली थी और उसमें पाँच सेंचुरी थीं, जिनकी कुल संख्या ८०० आदमी थी। पलटन दो से लेकर दस तक सामान्य आकार की थीं, जिनमें से हर एक में छह सेंचुरी थीं, जिससे प्रति पलटन में ४८० आदमी होते थे। सबसे छोटी इकाई सेंचुरी (८० आदमी) थी, जिसका नेतृत्व एक सेंटूरियन करता था, और समग्र सेनापति लेगातुस था।"
"दिए गए पाठ के आधार पर, अदृश्य द्रव्य की मुख्य विशेषताओं और अनुमानित ब्रह्मांडीय अनुपातों का सारांश प्रस्तुत करें।","अदृश्य द्रव्य द्रव्य का एक काल्पनिक रूप है जिसके बारे में माना जाता है कि यह ब्रह्मांड के लगभग 85% द्रव्य का और इसकी कुल ऊर्जा घनत्व के लगभग एक चौथाई हिस्से का निर्माण करता है। इसे सीधे दूरबीन से नहीं देखा जा सकता; बल्कि, इसका अस्तित्व और इसके गुण दिखने वाले द्रव्य, विकिरण और ब्रह्मांड की बड़ी संरचना पर इसके गुरुत्वाकर्षण प्रभावों से अनुमानित किए जाते हैं। वर्तमान अनुमान बताते हैं कि अदृश्य द्रव्य कुल द्रव्यमान-ऊर्जा घनत्व का लगभग 27% योगदान करता है, जबकि सामान्य द्रव्य केवल 5% योगदान करता है। शेष 68% का श्रेय अदृश्य ऊर्जा को दिया जाता है। हालाँकि अदृश्य द्रव्य का सीधे पता नहीं चला है, लेकिन प्रमुख सिद्धांत बताते हैं कि यह कमजोर रूप से परस्पर क्रिया करने वाले विशाल कणों (जिन्हें विम्प्स कहा जाता है) से बना है।","अदृश्य द्रव्य की मुख्य विशेषताएं और अनुपात निम्नलिखित हैं:
- यह द्रव्य का एक काल्पनिक रूप है, जिसका अनुमान ब्रह्मांड में 85% द्रव्य के लिए लगाया गया है।
- यह ब्रह्मांड के कुल द्रव्यमान-ऊर्जा घनत्व का लगभग 27% योगदान करता है।
- अदृश्य द्रव्य को सीधे नहीं देखा जा सकता; इसकी उपस्थिति दिखने वाले द्रव्य पर इसके गुरुत्वाकर्षण प्रभावों के माध्यम से अनुमानित की जाती है।
- सबसे प्रमुख सिद्धांत यह प्रस्ताव करते हैं कि अदृश्य द्रव्य कमजोर रूप से परस्पर क्रिया करने वाले विशाल कणों (विम्प्स) से बना है।"
रोशनी के मूल रंग क्या हैं जो जोड़ने वाले रंग मॉडल पर आधारित हैं?,,"लाल, हरा, और नीला (आरजीबी)"
कोई नया हुनर सीखने की शुरुआत करने के तीन असरदार तरीके क्या हैं?,,"सबसे असरदार तरीकों में तरतीब (ढांचे) और ज़ोर (तेज़ी) का मेल ज़रूरी होता है। पहला, 'जानबूझकर अभ्यास' शुरू करें। इसका मतलब है कि आप जो पहले से जानते हैं, उसे दोहराने के बजाय, हुनर के सबसे मुश्किल हिस्सों पर ध्यान लगाकर समय बिताएँ। दूसरा, एक पक्की रोज़ाना की दिनचर्या तय करें, भले ही वह सिर्फ 15 मिनट की हो, क्योंकि लंबे समय तक महारत हासिल करने के लिए, लगातार लगे रहना कभी-कभी के ज़ोर से बेहतर है। तीसरा, तुरंत और निष्पक्ष प्रतिक्रिया पाने के तरीके ढूँढें, चाहे वह किसी गुरु (मार्गदर्शक) के ज़रिए हो, नापने लायक पैमाने से, या खुद को रिकॉर्ड करने के ज़रिए हो।"
बेकिंग सोडा और बेकिंग पाउडर के बीच का अंतर समझाएं।,,"बेकिंग सोडा (सोडियम बाइकार्बोनेट) और बेकिंग पाउडर दोनों ही चीज़ों को फुलाने वाले तत्व होते हैं, लेकिन उनका काम करने का तरीका अलग-अलग होता है। बेकिंग सोडा को कार्बन डाइऑक्साइड गैस बनाने के लिए एक अम्ल (जैसे छाछ, दही, या सिरका) और नमी की ज़रूरत होती है, जिससे पकी हुई चीज़ें फूलती हैं। जबकि बेकिंग पाउडर असल में बेकिंग सोडा होता है जिसे सूखे अम्ल (आमतौर पर 'क्रीम ऑफ टार्टर') और स्टार्च (नमी सोखने के लिए) के साथ पहले से मिलाया गया होता है। क्योंकि इसमें पहले से ही ज़रूरी अम्ल होता है, बेकिंग पाउडर को सक्रिय होने के लिए केवल तरल पदार्थ और गर्मी चाहिए होती है। ज़्यादातर व्यंजनों में सुविधा के लिए बेकिंग पाउडर का इस्तेमाल होता है, जबकि बेकिंग सोडा का उपयोग तब किया जाता है जब नुस्खे में पहले से ही कोई अम्लीय सामग्री मौजूद हो।"
फ़्रेंच प्रेस कॉफ़ी का एक बेहतरीन प्याला बनाने के लिए ज़रूरी कदम/तरीके बताइए।,,"१) पानी गरम करें: पानी को उबाल आने से ठीक पहले गरम करें (आदर्श रूप से १९५°F और २०५°F के बीच होना चाहिए)। उबलता हुआ पानी कॉफ़ी को 'जला' सकता है।
२) मोटा पीसें: कॉफ़ी को मोटा और एक जैसा पीसने के लिए बुर्र ग्राइंडर (Burr grinder) का इस्तेमाल करें। बारीक पिसी हुई कॉफ़ी जाली से रिस जाएगी और कॉफ़ी को गाढ़ा और कीचड़ जैसा बना देगी।
३) मिलाएँ: पिसी हुई कॉफ़ी को फ़्रेंच प्रेस के नीचे डालें। आम अनुपात यह है कि ६ औंस पानी के लिए २ बड़े चम्मच कॉफ़ी का इस्तेमाल करें।
४) 'ब्लूम' (फूलना) कराएँ और हिलाएँ: आधा गरम पानी डालें और पक्का करें कि सारी पिसी हुई कॉफ़ी भीग गई हो। 'ब्लूम' (कॉफ़ी के फूलने) के लिए ३० सेकंड इंतज़ार करें, फिर हल्के से हिलाएँ।
५) भिगोएँ (Steep): बचा हुआ पानी डालें और ऊपर ढक्कन लगा दें, लेकिन अभी प्लंजर को नीचे न दबाएँ। कॉफ़ी को ४ मिनट तक दम लगने दें।
६) प्लंजर दबाएँ: पिसी हुई कॉफ़ी को तरल कॉफ़ी से अलग करने के लिए प्लंजर को धीरे और लगातार सीधा नीचे दबाएँ। तुरंत परोसें।"
"वर्णन के अनुसार, टिम्बकटू ने कौनसी मुख्य ऐतिहासिक भूमिका निभाई?","टिम्बकटू, माली का एक शहर है, जो नाइजर नदी के ठीक उत्तर में स्थित है। ऐतिहासिक रूप से, यह सहारा पार व्यापारिक मार्गों का एक मुख्य केंद्र था, जो नमक, सोने और अपनी प्राचीन पुस्तकालयों और सांकोरे विश्वविद्यालय के माध्यम से इस्लामी ज्ञान के प्रसार के लिए मशहूर था।",सहारा पार व्यापारिक मार्गों के लिए एक मुख्य केंद्र।
रज़ाई बनाने की प्रक्रिया समझाएँ।,,"रज़ाई बनाने में कपड़े की कम से कम तीन परतों को सिलकर या किसी और तरीके से एक साथ बाँधा जाता है। ये तीन परतें हैं: रज़ाई की ऊपरी सतह (जो अक्सर डिज़ाइनदार कपड़ों के टुकड़ों को जोड़कर बनाई जाती है), रुई या गद्दी (जो गर्म रखने वाली बीच की परत होती है), और पीछे का कपड़ा (या अस्तर)। इन परतों को आपस में जोड़े रखने के लिए लगाए गए टाँके एक सजावटी पैटर्न बनाते हैं और अंदर की रुई को अपनी जगह से हिलने से रोकते हैं, जिसके परिणामस्वरूप एक टिकाऊ, और अक्सर गर्म कपड़ा तैयार होता है।"
हरिकेन और टाइफ़ून को अलग करने वाला मुख्य फ़र्क़ क्या है?,"उष्णकटिबंधीय चक्रवात तेज़ हवाओं और भारी बारिश वाले, ताक़तवर, घूमने वाले तूफ़ानी सिस्टम होते हैं। वर्गीकरण के ये नाम—हरिकेन, टाइफ़ून, और उष्णकटिबंधीय चक्रवात—अलग-अलग भौतिक बनावट या उनकी ताक़त को नहीं दर्शाते, बल्कि उस भौगोलिक क्षेत्र को दर्शाते हैं जहाँ तूफ़ान बनता है। ख़ास तौर पर, जो तूफ़ान अटलांटिक महासागर या उत्तर-पूर्वी प्रशांत महासागर में पैदा होते हैं, उन्हें हरिकेन कहा जाता है। उत्तर-पश्चिमी प्रशांत महासागर में बनने वाले तूफ़ानों को टाइफ़ून कहते हैं। दक्षिण प्रशांत और हिंद महासागर के क्षेत्रों में, आम तौर पर 'गंभीर चक्रवाती तूफ़ान' या 'उष्णकटिबंधीय चक्रवात' शब्द का इस्तेमाल किया जाता है।","यह फ़र्क़ पूरी तरह से भौगोलिक है। मौसम विज्ञान के हिसाब से, ये एक ही घटना (एक उष्णकटिबंधीय चक्रवात) हैं। अगर कोई तूफ़ान अटलांटिक या उत्तर-पूर्वी प्रशांत महासागर में बनता है, तो उसे हरिकेन कहा जाता है, और अगर वह उत्तर-पश्चिमी प्रशांत महासागर में बनता है, तो उसे टाइफ़ून कहा जाता है।"
जेम्स वेब अंतरिक्ष दूरबीन के मुख्य मिशन लक्ष्य क्या हैं?,"जेम्स वेब अंतरिक्ष दूरबीन (जेडब्ल्यूएसटी) को 25 दिसंबर, 2021 को फ्रेंच गयाना में स्थित यूरोप के अंतरिक्ष केंद्र से एरियन 5 रॉकेट द्वारा छोड़ा गया था। यह हबल अंतरिक्ष दूरबीन का उत्तराधिकारी है। इसके मुख्य मिशन लक्ष्यों में ब्रह्मांड में बने पहले तारों और आकाशगंगाओं का निरीक्षण करना और बाहरी ग्रहों की विशेषताओं का पता लगाना शामिल है।",जेडब्ल्यूएसटी के मुख्य मिशन लक्ष्यों में ब्रह्मांड में बने पहले तारों और आकाशगंगाओं का निरीक्षण करना और बाहरी ग्रहों की विशेषताओं का पता लगाना शामिल है।
पहले गैलेक्टिक साम्राज्य के महा हथियार का आधिकारिक नाम क्या है?,,डी एस-1 ऑर्बिटल युद्ध स्टेशन
"विलियम शेक्सपियर के दुखद नाटक ‘हैमलेट’ का मुख्य ठिकाना, एल्सीनोर का मशहूर किला, किस देश में स्थित है।",,डेनमार्क
पेनिसीलिन की खोज और विकास में शामिल मुख्य पड़ावों और लोगों का सार (संक्षेप) बताएं।,"दुनिया की पहली सच्ची जीवाणुनाशक दवा (एंटीबायोटिक) पेनिसीलिन की खोज 1928 में स्कॉटलैंड के डॉक्टर और जीवाणु विशेषज्ञ अलेक्जेंडर फ्लेमिंग ने लंदन के सेंट मेरी अस्पताल में की थी। फ्लेमिंग ने देखा कि स्टैफिलोकोकस जीवाणु वाली एक पेट्री डिश में लगी फफूंद (mold) जीवाणुओं की बढ़ोतरी को रोक रही थी। उन्होंने इस फफूंद को पेनिसीलियम नोटेटम के रूप में पहचाना। हालांकि, फ्लेमिंग बड़े पैमाने पर उत्पादन और डॉक्टरी इस्तेमाल के लिए सक्रिय यौगिक (active compound) को अलग करने और स्थिर करने में संघर्ष करते रहे। यह 1930 के दशक के आखिर और 1940 के दशक की शुरुआत तक नहीं हुआ, जब ऑक्सफ़ोर्ड के वैज्ञानिकों हावर्ड फ्लोरे और अर्न्स्ट चेन के नेतृत्व वाली एक टीम ने पेनिसीलिन को शुद्ध करने और बड़ी मात्रा में उत्पादन करने के तरीके सफलतापूर्वक विकसित किए। उनका काम, खासकर दूसरे विश्व युद्ध के दौरान, ने दवाइयों की दुनिया को बदल दिया और लाखों जानें बचाईं, जिसके कारण फ्लेमिंग, फ्लोरे और चेन ने 1945 में फिजियोलॉजी या मेडिसिन का नोबेल पुरस्कार साझा किया।","पेनिसीलिन की खोज सबसे पहले 1928 में अलेक्जेंडर फ्लेमिंग ने की थी, जिन्होंने यह देखा कि पेनिसीलियम नोटेटम नामक फफूंद जीवाणुओं के विकास को रोकती है। हालांकि फ्लेमिंग ने इस पदार्थ की पहचान कर ली थी, लेकिन इसे स्थिर करने और बड़े पैमाने पर शुद्ध करने का काम काफी बाद में 1930 के दशक के अंत और 1940 के दशक की शुरुआत में ऑक्सफ़ोर्ड की हावर्ड फ्लोरे और अर्न्स्ट चेन की टीम द्वारा किया गया, जिसने इसे दूसरे विश्व युद्ध के दौरान चिकित्सा (इलाज) के लिए उपयोगी बना दिया।"
चाँद पर चलने वाले पहले व्यक्ति कौन थे?,,नील आर्मस्ट्रांग
वाई-फ़ाई राउटर और केबल मॉडेम के बीच बुनियादी फ़र्क़ समझाओ।,,"एक मॉडेम (मॉड्यूलेटर/डीमॉड्यूलेटर) वह उपकरण है जो आपके घर के नेटवर्क को सीधे आपके इंटरनेट सर्विस प्रोवाइडर (आई.एस.पी.) से जोड़ता है, और बाहरी लाइनों पर डेटा सिग्नलों को बदलता है। इसके विपरीत, एक राउटर मॉडेम द्वारा दिए गए एकल इंटरनेट कनेक्शन को लेता है और आपके घर के अंदर एक लोकल एरिया नेटवर्क (एल.ए.एन.) बनाता है, जिससे कई डिवाइस एक साथ इंटरनेट से जुड़ सकते हैं और एक दूसरे से संपर्क कर सकते हैं।"
"प्लूटो के नाम ने किन मापदंडों को पूरा किया, और 2006 के आईएयू के निर्णय के अनुसार इसके भौतिक वर्गीकरण में कौन सा मापदंड पूरा नहीं हो पाया?","1930 में, क्लाइड टॉम्बॉघ ने लोवेल वेधशाला में प्लूटो की खोज की। शुरू में इसे नौवें ग्रह के रूप में वर्गीकृत किया गया था, इसका नाम पाताल लोक के रोमन देवता के नाम पर रखा गया था। यह सुझाव वेनेशिया बर्नी, जो इंग्लैंड के ऑक्सफ़ोर्ड की 11 साल की स्कूली छात्रा थी और पारंपरिक पौराणिक कथाओं में रुचि रखती थी, ने दिया था। नाम को आंशिक रूप से इसलिए भी चुना गया क्योंकि पहले दो अक्षर, 'पीएल' (PL), पर्सीवल लोवेल के शुरुआती अक्षर थे, जिन्होंने नौवें ग्रह (ग्रह एक्स) के अस्तित्व की भविष्यवाणी की थी। 2006 में, अंतर्राष्ट्रीय खगोलीय संघ (आईएयू) ने 'ग्रह' शब्द को फिर से परिभाषित किया, जिसके परिणामस्वरूप प्लूटो को एक बौना ग्रह के रूप में पुनर्वर्गीकृत कर दिया गया। इस निर्णय के तहत किसी भी खगोलीय पिंड को तीन मापदंडों को पूरा करना ज़रूरी था, जिनमें से एक को प्लूटो पूरा नहीं कर पाया: उसने अपनी कक्षा के आसपास के क्षेत्र को 'साफ़ नहीं किया' था।","प्लूटो के नाम ने दो मुख्य मापदंड पूरे किए: इसका नाम पाताल लोक के रोमन देवता के नाम पर रखा गया था (जो युवा प्रस्तावक की पारंपरिक पौराणिक कथाओं में रुचि से मेल खाता था) और इसके शुरुआती अक्षर 'पीएल' (PL) पर्सीवल लोवेल के शुरुआती अक्षर थे, जिन्होंने इसके अस्तित्व की भविष्यवाणी की थी। प्लूटो 2006 के आईएयू वर्गीकरण मापदंड में विफल रहा, जिसके लिए यह ज़रूरी था कि वह अपनी कक्षा के आसपास के क्षेत्र को 'साफ़ कर चुका हो'।"
डीएनए की बुनियादी बनावट और संरचना का वर्णन करें।,"डीऑक्सीराइबोन्यूक्लिक एसिड (डीएनए) एक ऐसा अणु है जो दो लंबी लड़ियों से मिलकर बना होता है, जो एक दूसरे के चारों ओर लिपटकर एक डबल हेलिक्स (दोहरा घुमावदार ढाँचा) बनाते हैं। यह ढाँचा सभी ज्ञात जीवों और कई वायरसों के विकास, कामकाज, बढ़ोतरी और प्रजनन के लिए आनुवंशिक निर्देश रखता है। डीएनए न्यूक्लियोटाइड नामक इकाइयों से बना होता है। हर न्यूक्लियोटाइड के तीन भाग होते हैं: एक फॉस्फेट समूह, एक शुगर समूह (डीऑक्सीराइबोस), और चार नाइट्रोजन बेस में से कोई एक: एडिनीन (ए), थाइमीन (टी), गुआनीन (जी), या साइटोसिन (सी)। डबल हेलिक्स की दोनों लड़ियाँ पूरक बेस जोड़ों (ए हमेशा टी के साथ जुड़ता है, और जी हमेशा सी के साथ जुड़ता है) के बीच हाइड्रोजन बंधों से जुड़ी रहती हैं। इन बेस का क्रम आनुवंशिक कोड निर्धारित करता है।","डीऑक्सीराइबोन्यूक्लिक एसिड (डीएनए) एक अणु है जो दो लंबी लड़ियों से मिलकर बना होता है जो एक दूसरे के चारों ओर लिपटकर डबल हेलिक्स बनाते हैं, और जीवों के लिए आनुवंशिक निर्देश रखते हैं। डीएनए न्यूक्लियोटाइड से बना होता है, जिनमें से हर एक में एक फॉस्फेट समूह, एक शुगर समूह (डीऑक्सीराइबोस), और चार नाइट्रोजन बेस में से कोई एक होता है: एडिनीन, थाइमीन, गुआनीन, या साइटोसिन। ये लड़ियाँ पूरक बेस जोड़ों (ए टी के साथ जुड़ता है, और जी सी के साथ जुड़ता है) के बीच हाइड्रोजन बंधों से जुड़ी रहती हैं।"
प्रकाश संश्लेषण का बुनियादी रासायनिक समीकरण समझाइए।,,"बुनियादी समीकरण यह है: $6CO_2 + 6H_2O + \text{प्रकाश ऊर्जा} \rightarrow C_6H_{12}O_6 + 6O_2$, जो यह दिखाता है कि कार्बन डाई ऑक्साइड और पानी, प्रकाश का इस्तेमाल करके, ग्लूकोज़ (शक्कर) और ऑक्सीजन बनाते हैं।"
मुझे एफिल टावर के बारे में बताओ।,"एफिल टावर फ्रांस के पेरिस शहर में शैंप दे मार्स नामक जगह पर गढ़ा हुआ लोहे का बना एक जालीदार मीनार है। इसका नाम इंजीनियर गुस्ताव एफिल के नाम पर रखा गया है, जिनकी कंपनी ने इसे बनाया और डिज़ाइन किया था। यह 1889 के विश्व मेले के प्रवेश द्वार के रूप में 1887 से 1889 के बीच बनाया गया था। शुरुआत में, फ्रांस के कुछ प्रमुख कलाकारों और बुद्धिजीवियों ने इसके डिज़ाइन की आलोचना की थी, लेकिन तब से यह फ्रांस का एक वैश्विक सांस्कृतिक प्रतीक बन गया है और दुनिया की सबसे पहचानी जाने वाली इमारतों में से एक है। इस टावर की ऊँचाई 330 मीटर (1,083 फ़ीट) है, जो लगभग 81 मंज़िला इमारत जितनी है, और यह पेरिस की सबसे ऊँची इमारत है। 2022 में एक नया डिजिटल रेडियो एंटीना जोड़े जाने के बाद इसकी ऊँचाई बढ़ गई थी। यह दुनिया में सबसे ज़्यादा देखी जाने वाली, टिकट वाली यादगार है।","एफिल टावर पेरिस में स्थित एक विशाल गढ़ा हुआ लोहे का ढाँचा है, जिसे गुस्ताव एफिल ने 1889 के विश्व मेले के लिए डिज़ाइन किया था। दिलचस्प बात यह है कि जब यह पहली बार बना था, तो कई पेरिस वासियों ने सोचा था कि यह बदसूरत है! अब, बेशक, यह दुनिया भर में सबसे प्रसिद्ध इमारतों में से एक है। यह अपनी शानदार ऊँचाई के लिए भी उल्लेखनीय है, जो 330 मीटर से भी अधिक ऊँचा खड़ा है, और इसे दुनिया में सबसे ज़्यादा देखे जाने वाले, टिकट वाले स्मारक के रूप में पहचाना जाता है।"
"नीचे दी गई चीज़ों को दो समूहों में बाँटें: फल और सब्ज़ियाँ: टमाटर, सेब, गाजर, अंगूर, ज़ुकिनी, केला, आलू, संतरा।",,"फल हैं टमाटर, सेब, अंगूर, ज़ुकिनी, केला और संतरा। सब्ज़ियाँ हैं गाजर और आलू।"
पूरी तरह पानी के नीचे मौजूद एक ऐसे शहर का वर्णन करें जो भू-तापीय शक्ति और जीव-चमक से चलता हो। इंद्रियों से जुड़े अनुभव पर ध्यान दें।,,"अक्वाटिका शहर हमेशा कायम रहने वाली नीली-साँझ का एक लोक है। एकमात्र आवाज़ दबाव सहने वाले गुंबदों से पानी के टकराने की दबी हुई, तालबद्ध आहट है, और दूर से भू-तापीय इंजनों की गहरी गड़गड़ाहट है। रोशनी, ऊँची, घुमावदार काँच की इमारतों के बीच तैरते, उगाए गए जीव-चमक वाले प्लैंकटन के घूमते बादलों से आती है, जो अजीब हरी और बैंगनी परछाइयाँ डालती है। अंदर की हवा में ओज़ोन और शुद्ध खारे पानी की हल्की खुशबू आती है, जो देखने के शीशे के ठीक बाहर महसूस होने वाली रेशमी, गरम धारा के बिलकुल विपरीत है।"
"पाठ के अनुसार, प्राचीन ओलंपिक खेलों में सबसे पहली प्रतियोगिता क्या थी, और ये खेल कितनी बार आयोजित होते थे?","प्राचीन ओलंपिक खेल नगर-राज्यों के प्रतिनिधियों के बीच खेल-कूद की प्रतियोगिताओं की एक श्रृंखला थे और प्राचीन यूनान के पैनहेलेनिक खेलों में से एक थे। वे ज़्यूस (देवता) के सम्मान में आयोजित किए जाते थे। सबसे पहले दर्ज किए गए खेल 776 ईसा पूर्व में यूनान के ओलंपिया में हुए थे, हालांकि, शायद वे बहुत पहले ही शुरू हो गए होंगे। ये खेल पारंपरिक रूप से हर चार साल में होते थे, जिसे ओलंपियाड कहा जाता था, जो उस क्षेत्र के ऐतिहासिक कालक्रम में समय की एक इकाई बन गया। शुरू में, केवल एक ही स्पर्धा—स्टेडियन (पैदल दौड़)—आयोजित की गई थी। समय के साथ, कुश्ती, मुक्केबाजी, रथ दौड़ और पेंटाथलॉन जैसी स्पर्धाएं जोड़ी गईं।","सबसे पहली प्रतियोगिता स्टेडियन (पैदल दौड़) थी। ये खेल पारंपरिक रूप से हर चार साल में आयोजित होते थे, जिसे ओलंपियाड कहा जाता था।"
"रोमन साम्राज्य को औपचारिक रूप से और हमेशा के लिए दो हिस्सों में कब बाँटा गया था, और उन दो वारिस (आगे बढ़ने वाले) राज्यों के नाम क्या थे?",,रोमन साम्राज्य को औपचारिक रूप से और हमेशा के लिए सम्राट थियोडोसियस प्रथम की मौत के बाद 395 ईसवी में बाँटा गया था। इसके नतीजे में पश्चिमी रोमन साम्राज्य और पूर्वी रोमन साम्राज्य (जिसे बाद में बीजान्टिन साम्राज्य के नाम से जाना जाने लगा) बने।
"पारंपरिक धारा को कैसे परिभाषित किया जाता है, और इसका इलेक्ट्रॉनों के वास्तविक बहाव से क्या संबंध है?","विद्युत आवेश की हलचल को विद्युत धारा के नाम से जाना जाता है, जिसकी प्रबलता (तीव्रता) आमतौर पर ऐम्पीयर में मापी जाती है। धारा में कोई भी गतिशील आवेशित कण हो सकते हैं; आमतौर पर ये इलेक्ट्रॉन होते हैं, लेकिन गति में कोई भी आवेश धारा का निर्माण करता है। विद्युत धारा कुछ चीज़ों—जिन्हें विद्युत सुचालक कहते हैं—में से बह सकती है, लेकिन यह विद्युत कुचालक (अवरोधक) में से नहीं बहेगी।
ऐतिहासिक रिवाज़ के अनुसार, एक धनात्मक धारा को उसी दिशा में बहने वाला परिभाषित किया जाता है जिस दिशा में उसमें मौजूद कोई भी धनात्मक आवेश बहता है, या यह परिपथ के सबसे धनात्मक हिस्से से सबसे ऋणात्मक हिस्से की ओर बहती है। इस तरह परिभाषित धारा को पारंपरिक धारा कहा जाता है। एक विद्युत परिपथ के चारों ओर ऋणात्मक आवेश वाले इलेक्ट्रॉनों की गति, जो कि धारा के सबसे परिचित रूपों में से एक है, को इलेक्ट्रॉनों की गति की विपरीत दिशा में धनात्मक माना जाता है। हालांकि, परिस्थितियों के आधार पर, एक विद्युत धारा में आवेशित कणों का बहाव किसी भी एक दिशा में, या यहां तक कि एक ही समय में दोनों दिशाओं में भी हो सकता है। इस स्थिति को सरल बनाने के लिए धनात्मक से ऋणात्मक की यह परिपाटी (रीति) व्यापक रूप से उपयोग की जाती है।
वह प्रक्रिया जिसके द्वारा विद्युत धारा किसी सामग्री से गुजरती है, विद्युत चालन कहलाती है, और इसकी प्रकृति आवेशित कणों और उस सामग्री की प्रकृति के साथ बदलती रहती है जिसके माध्यम से वे यात्रा कर रहे हैं। विद्युत धाराओं के उदाहरणों में धात्विक चालन शामिल है, जहाँ इलेक्ट्रॉन धातु जैसे सुचालक में से बहते हैं, और इलेक्ट्रोलाइसिस (विद्युत अपघटन), जहाँ आयन (आवेशित परमाणु) तरल पदार्थों से, या प्लाज्मा (जैसे विद्युत चिंगारी) से होकर बहते हैं। जबकि कण स्वयं काफी धीरे-धीरे चल सकते हैं, कभी-कभी प्रति सेकंड एक मिलीमीटर के अंश के औसत अपवाह वेग के साथ ही, उन्हें चलाने वाला विद्युत क्षेत्र स्वयं प्रकाश की गति के करीब गति से फैलता है, जिससे विद्युत संकेत तारों के साथ तेज़ी से गुजर पाते हैं।
अभियांत्रिकी या घरेलू अनुप्रयोगों में, धारा को अक्सर या तो दिष्ट धारा (डी.सी.) या प्रत्यावर्ती धारा (ए.सी.) के रूप में वर्णित किया जाता है। ये पद (शब्द) बताते हैं कि समय के साथ धारा कैसे बदलती है। दिष्ट धारा, जो उदाहरण के लिए एक बैटरी द्वारा उत्पन्न होती है और अधिकांश इलेक्ट्रॉनिक उपकरणों द्वारा आवश्यक होती है, परिपथ के धनात्मक हिस्से से ऋणात्मक हिस्से तक एकतरफा बहाव होती है। यदि, जैसा कि सबसे आम है, यह बहाव इलेक्ट्रॉनों द्वारा ले जाया जाता है, तो वे विपरीत दिशा में यात्रा करेंगे। प्रत्यावर्ती धारा कोई भी ऐसी धारा है जो बार-बार दिशा बदलती है; लगभग हमेशा यह एक ज्या तरंग का रूप लेती है। इस प्रकार प्रत्यावर्ती धारा एक सुचालक के भीतर आगे और पीछे स्पंदित होती है, बिना आवेश के समय के साथ कोई शुद्ध दूरी तय किए। एक प्रत्यावर्ती धारा का समय-औसत मान शून्य होता है, लेकिन यह पहले एक दिशा में ऊर्जा प्रदान करती है, और फिर विपरीत दिशा में। प्रत्यावर्ती धारा विद्युत गुणों से प्रभावित होती है जो स्थिर अवस्था वाली दिष्ट धारा के तहत नहीं देखे जाते हैं, जैसे कि प्रेरकत्व और धारिता। हालांकि, ये गुण तब महत्वपूर्ण हो सकते हैं जब परिपथ को अचानक आए बदलावों के अधीन किया जाता है, जैसे कि जब उसे पहली बार सक्रिय किया जाता है।","ऐतिहासिक रिवाज़ के अनुसार, एक धनात्मक धारा को उसी दिशा में बहने वाला परिभाषित किया जाता है जिस दिशा में उसमें मौजूद कोई भी धनात्मक आवेश बहता है, या यह परिपथ के सबसे धनात्मक हिस्से से सबसे ऋणात्मक हिस्से की ओर बहती है। इस तरह परिभाषित धारा को पारंपरिक धारा कहा जाता है। एक विद्युत परिपथ के चारों ओर ऋणात्मक आवेश वाले इलेक्ट्रॉनों की गति, जो कि धारा के सबसे परिचित रूपों में से एक है, उसे इलेक्ट्रॉनों की गति की विपरीत दिशा में धनात्मक माना जाता है।"
"मशहूर वास्तुकला की इमारत, जिसे 'गर्किन' के नाम से जाना जाता है, किस शहर में है?",,"वह इमारत जिसे आधिकारिक तौर पर 30 सेंट मेरी एक्स के नाम से जाना जाता है, और जिसका उपनाम 'गर्किन' है, वह इंग्लैंड के लंदन में स्थित है। यह 2004 में पूरी हुई थी और यह अपनी खास खीरे जैसी शक्ल के लिए जानी जाती है।"
"नीचे दिए गए शब्दों को उनके संबंधित शब्द-भेदों (संज्ञा, क्रिया, विशेषण, या क्रिया-विशेषण) में बाँटें और हर शब्द-भेद की एक छोटी परिभाषा दें: तेज़ी से, कुत्ता, दौड़ा, नीला, खुशी, बहुत, बोलना, लंबा।",,"संज्ञाएँ इस प्रकार पहचानी गई हैं:
कुत्ता, खुशी

क्रियाएँ इस प्रकार पहचानी गई हैं:
दौड़ा, बोलना

विशेषण इस प्रकार पहचाने गए हैं:
नीला, लंबा

क्रिया-विशेषण इस प्रकार पहचाने गए हैं:
तेज़ी से, बहुत

परिभाषाएँ:
संज्ञा: एक ऐसा शब्द जिसका इस्तेमाल किसी भी व्यक्ति, जगह, चीज़ या विचार के समूह को पहचानने के लिए किया जाता है।
क्रिया: एक ऐसा शब्द जिसका इस्तेमाल किसी काम, स्थिति या घटना का वर्णन करने के लिए किया जाता है।
विशेषण: एक ऐसा शब्द जो किसी संज्ञा या सर्वनाम को बदलता है (या उसके बारे में बताता है)।
क्रिया-विशेषण: एक ऐसा शब्द जो किसी क्रिया, विशेषण या अन्य क्रिया-विशेषण को बदलता है (या उसके बारे में बताता है), अक्सर यह बताता है कि काम कैसे, कब, कहाँ, या किस हद तक हुआ।"
"मुहावरा ""अलमारी में कंकाल"" (यानि छिपा हुआ राज़) कहाँ से आया है?",,"यह मुहावरा किसी परिवार या व्यक्ति के अतीत में छिपे हुए, शर्मनाक राज़ या बदनामी की तरफ इशारा करता है। हालाँकि, इसकी सही ऐतिहासिक शुरुआत पर बहस होती है, यह 19वीं सदी में मशहूर हुआ, ख़ास तौर पर जासूसी उपन्यासों में। एक आम (हालांकि, विवादित) राय यह है कि यह उन डॉक्टरों से शुरू हुआ जो उस समय में जब पढ़ाई के लिए लाशें मिलना मुश्किल था, तो गैर-कानूनी तरीके से इंसानी अवशेषों को अपने घरों या क्लिनिकों में छिपाकर रखते थे।"
"एक छोटा अंदरूनी ज्ञापन तैयार करें जिसमें अनिवार्य, तयशुदा सिस्टम रखरखाव की अवधि की घोषणा हो। सुनिश्चित करें कि ज्ञापन में विषय, तारीख, और ज़रूरी उपयोगकर्ता कार्रवाई शामिल हो।","प्रभावित सिस्टम: फ़ाइनेंशियल रिपोर्टिंग पोर्टल (एफ़आरपी)। रखरखाव की तारीख: बुधवार, 15 नवंबर। समय: रात 11:00 बजे से सुबह 2:00 बजे तक। उपयोगकर्ता कार्रवाई: सुनिश्चित करें कि सभी रिपोर्ट रात 11:00 बजे से पहले पूरी करके बंद कर दी जाएं।","विषय: ज़रूरी सिस्टम रखरखाव सूचना: फ़ाइनेंशियल रिपोर्टिंग पोर्टल (एफ़आरपी)

टीम,

कृपया ध्यान दें कि फ़ाइनेंशियल रिपोर्टिंग पोर्टल (एफ़आरपी) का अनिवार्य सिस्टम रखरखाव बुधवार, 15 नवंबर को रात 11:00 बजे से लेकर लगभग सुबह 2:00 बजे तक किया जाएगा। इस अवधि के दौरान सिस्टम उपलब्ध नहीं रहेगा।

आवश्यक कार्रवाई: कृपया सुनिश्चित करें कि बुधवार को रात 11:00 बजे से पहले सभी रिपोर्ट और डेटा प्रविष्टियाँ पूरी कर ली जाएं और पोर्टल बंद कर दिया जाए। इस अवधि के दौरान चल रहा कोई भी काम खो सकता है।

आपके सहयोग के लिए धन्यवाद।
आईटी सहायता"
"अलेक्जेंडर फ्लेमिंग की पहली खोज के बाद, पेनिसिलिन को इस्तेमाल लायक दवाई के रूप में विकसित करने के लिए कौन ज़िम्मेदार था, समझाइए।","पेनिसिलिन की खोज 1928 में लंदन के सेंट मैरी अस्पताल में स्कॉटिश डॉक्टर अलेक्जेंडर फ्लेमिंग ने की थी। उन्होंने देखा कि एक फफूंदी, *पेनिसिलियम नोटेटम*, *स्टैफिलोकोकस* बैक्टीरिया की पेट्री डिश को दूषित कर रही है और उन्हें एहसास हुआ कि यह बैक्टीरिया को बढ़ने से रोक रही है। हालाँकि फ्लेमिंग ने अपने निष्कर्ष प्रकाशित किए, उन्हें सक्रिय तत्व को अलग करने में कठिनाई हुई। 1940 के दशक की शुरुआत में, ऑक्सफोर्ड विश्वविद्यालय में हावर्ड फ्लोरी और अर्न्स्ट चेन के नेतृत्व वाली एक टीम ने पेनिसिलिन के बड़े पैमाने पर उत्पादन और शुद्धिकरण की एक विधि विकसित की, जिससे यह द्वितीय विश्व युद्ध के दौरान इंसानों के संक्रमण के इलाज के लिए असरदार बन गई।","ऑक्सफोर्ड विश्वविद्यालय में हावर्ड फ्लोरी और अर्न्स्ट चेन के नेतृत्व वाली एक टीम 1940 के दशक की शुरुआत में पेनिसिलिन के बड़े पैमाने पर उत्पादन और शुद्धिकरण की एक विधि विकसित करने के लिए ज़िम्मेदार थी, जिससे यह इंसानी संक्रमणों के इलाज के लिए उपयुक्त और असरदार बन गई।"
"अदृश्य पदार्थ' (डार्क मैटर) क्या है और वैज्ञानिक क्यों मानते हैं कि यह मौजूद है, यह समझाएँ।",,"अदृश्य पदार्थ पदार्थ का एक काल्पनिक रूप है, जिसके बारे में माना जाता है कि यह ब्रह्मांड के कुल द्रव्यमान का लगभग 85% है। सामान्य पदार्थ (जैसे तारे, ग्रह और गैस) के विपरीत, यह रोशनी/प्रकाश को न तो छोड़ता है, न सोखता है और न ही वापस भेजता है। इसी कारण यह विद्युत चुंबकीय विकिरण के लिए पूरी तरह से अदृश्य है। वैज्ञानिक इसे सीधे तौर पर नहीं देख सकते। इसके होने का अनुमान केवल दिखाई देने वाले पदार्थ, विकिरण और ब्रह्मांड की पूरी बनावट पर पड़ने वाले इसके गुरुत्वाकर्षण प्रभावों से लगाया जाता है।

अदृश्य पदार्थ के अस्तित्व का समर्थन करने वाले मुख्य सबूतों में शामिल हैं:

*   **आकाशगंगा के घूमने की गति (घूर्णन वक्र):** आकाशगंगाएँ बहुत तेज़ी से घूमती हैं। यदि उनमें केवल उतना ही दिखाई देने वाला पदार्थ होता, जितना हम देखते हैं, तो वे घूमते हुए टूटकर बिखर जाएँगी। लेकिन ऐसा नहीं होता। यह बताता है कि आकाशगंगा के चारों ओर एक विशाल, अदृश्य घेरा मौजूद है जो ज़रूरी गुरुत्वाकर्षण बल प्रदान करता है।
*   **गुरुत्वाकर्षण द्वारा प्रकाश का मुड़ना (लेंसिंग):** अवलोकन दर्शाते हैं कि दूर की चीज़ों से आने वाली रोशनी, दिखाई देने वाले पदार्थ के कारण होने वाले झुकाव से कहीं ज़्यादा मुड़ और झुक जाती है। यह मुड़ना अदृश्य द्रव्यमान की उपस्थिति का संकेत देता है।
*   **ब्रह्मांड की शुरुआती तरंगों के संकेत (कॉस्मिक माइक्रोवेव बैकग्राउंड):** इन तरंगों में दिखने वाले पैटर्न (ढाँचे) से पता चलता है कि ब्रह्मांड की शुरुआती बनावट के तेज़ी से बनने के लिए अदृश्य पदार्थ ज़रूरी था। इसने सामान्य पदार्थ के लिए गुरुत्वाकर्षण के ढाँचे के रूप में काम किया।"
बृहस्पति पर विशाल लाल धब्बे का वर्णन करें और बताएं कि वह प्रसिद्ध क्यों है।,,"विशाल लाल धब्बा बृहस्पति के दक्षिणी गोलार्ध में स्थित एक बहुत बड़ा, लगातार बना रहने वाला तूफ़ान है। यह इसलिए प्रसिद्ध है क्योंकि यह सौर मंडल में ज्ञात सबसे बड़ा प्रतिचक्रवाती तूफ़ान है, जो खुद पृथ्वी से भी चौड़ा है। अवलोकन बताते हैं कि यह कम से कम 350 वर्षों से लगातार सक्रिय रहा है, हालाँकि आधुनिक समय में इसका कुल आकार सिकुड़ता हुआ दिखाई दे रहा है।"
क्या मैं पहले से मौजूद तेल वाले सेमी-ग्लॉस बॉर्डर पर सीधा आम पानी वाला (लेटेक्स) पेंट लगा सकता हूँ?,,"आपको यह सीधे नहीं करना चाहिए। लेटेक्स पेंट (पानी वाला पेंट) चमकदार तेल वाली फिनिश पर ठीक से नहीं चिपकेगा और जल्दी ही पपड़ी बनकर उतर जाएगा या चटक जाएगा। आपको सबसे पहले सतह से चिकनाई हटानी चाहिए, इसे हल्का रगड़ना चाहिए (यानी, इसकी चमक कम करनी चाहिए), और फिर एक ऐसा जोड़ने वाला प्राइमर लगाना चाहिए जो ख़ास तौर पर तेल-आधारित और पानी-आधारित पेंट के बीच पुल बनाने के लिए बनाया गया हो (जैसे कि लाख-आधारित या ज़्यादा पकड़ वाला हाइब्रिड प्राइमर)। जब प्राइमर पूरी तरह सूख जाए (जम जाए), तब लेटेक्स पेंट को कामयाबी से लगाया जा सकता है।"
हमारे सौर मंडल में सबसे बड़ा ग्रह कौन सा है?,,"हमारे सौर मंडल में सबसे बड़ा ग्रह बृहस्पति है। यह एक गैस दानव है, जो मुख्य तौर पर हाइड्रोजन और हीलियम से बना है। बृहस्पति का द्रव्यमान सौर मंडल के बाकी सभी ग्रहों के कुल द्रव्यमान से ढाई गुना से ज़्यादा है, और इसका भूमध्यरेखीय व्यास लगभग 142,984 किलोमीटर (88,846 मील) है।"
"महँगाई को कैसे नापा जाता है, और अमरीका में अर्थशास्त्री और नीतिकार कौन से मुख्य सूचकांक इस्तेमाल करते हैं?",,"महँगाई को आम तौर पर समय के साथ चीज़ों और सेवाओं की एक तय टोकरी के औसत मूल्य स्तर में प्रतिशत बदलाव देखकर नापा जाता है। अर्थशास्त्री अक्सर इन बदलावों को मापने के लिए कई मूल्य सूचकांक इस्तेमाल करते हैं। सूचकांक का चुनाव इस बात पर निर्भर करता है कि किन ख़ास कीमतों को देखा जा रहा है (जैसे: उपभोक्ता वस्तुएं या उत्पादकों की लागत)।

संयुक्त राज्य अमरीका में इस्तेमाल होने वाले दो मुख्य सूचकांक हैं: उपभोक्ता मूल्य सूचकांक (सी.पी.आई.) और व्यक्तिगत उपभोग व्यय मूल्य सूचकांक (पी.सी.ई.)।

### उपभोक्ता मूल्य सूचकांक (सी.पी.आई.)

**उपभोक्ता मूल्य सूचकांक (सी.पी.आई.)**, जिसे श्रम सांख्यिकी ब्यूरो (बी.एल.एस.) हर महीने प्रकाशित करता है, महँगाई मापने का सबसे ज़्यादा ज़िक्र किया जाने वाला पैमाना है। यह शहरी उपभोक्ताओं द्वारा चीज़ों और सेवाओं की एक तय बाज़ार टोकरी (जिसमें भोजन, आवास, कपड़े, परिवहन और चिकित्सा देखभाल शामिल हैं) के लिए चुकाई गई कीमतों में समय के साथ औसत बदलाव दिखाता है। सामाजिक सुरक्षा लाभों और कई निजी श्रम समझौतों में जीवन यापन लागत समायोजन (सी.ओ.एल.ए.) की गणना करने के लिए सी.पी.आई. बहुत ज़रूरी है।

### व्यक्तिगत उपभोग व्यय (पी.सी.ई.)

**व्यक्तिगत उपभोग व्यय मूल्य सूचकांक (पी.सी.ई.)**, जिसे आर्थिक विश्लेषण ब्यूरो (बी.ई.ए.) प्रकाशित करता है, मौद्रिक नीति तय करने के लिए फ़ेडरल रिज़र्व का पसंदीदा पैमाना है। पी.सी.ई. को सी.पी.आई. की तुलना में ज़्यादा व्यापक पैमाना माना जाता है क्योंकि यह चीज़ों और सेवाओं के एक बड़े दायरे को कवर करता है और इसमें घरों की ओर से किए गए खर्च भी शामिल होते हैं (जैसे: नियोक्ता द्वारा दिया गया स्वास्थ्य बीमा)। सबसे अहम बात यह है कि पी.सी.ई. एक गतिशील भारण प्रणाली का उपयोग करता है, जिसका अर्थ है कि यह प्रतिस्थापन प्रभावों की अनुमति देता है (उदाहरण के लिए, यदि सेब की कीमत बढ़ती है, तो सूचकांक यह मानता है कि उपभोक्ता सस्ते केले पर स्विच कर सकते हैं), जिसके परिणामस्वरूप आम तौर पर सी.पी.आई. की तुलना में वार्षिक महँगाई दर थोड़ी कम होती है।

### अन्य मुख्य सूचकांक

**मुख्य महँगाई:** सी.पी.आई. और पी.सी.ई. दोनों को अक्सर 'मुख्य दर' के रूप में रिपोर्ट किया जाता है, जिसमें भोजन और ऊर्जा की तेज़ी से बदलने वाली कीमतें शामिल नहीं होती हैं। यह पैमाना अल्पकालिक आपूर्ति झटकों को छोड़कर, अंतर्निहित और लंबी अवधि की महँगाई के रुझानों की एक स्पष्ट तस्वीर प्रदान करता है।

**उत्पादक मूल्य सूचकांक (पी.पी.आई.):** पी.पी.आई. घरेलू उत्पादकों को उनके उत्पादन के लिए प्राप्त होने वाली विक्रय कीमतों में समय के साथ औसत बदलाव को ट्रैक करता है। हालाँकि यह उपभोक्ता महँगाई का पैमाना नहीं है, लेकिन पी.पी.आई. एक प्रमुख अग्रगामी संकेतक है, क्योंकि उत्पादकों के लिए बढ़ती लागतें अक्सर बाद में उपभोक्ताओं के लिए ज़्यादा कीमतों में बदल जाती हैं।"
पुरानी दुनिया के तीन मुख्य अजूबे बताओ।,,"पुरानी दुनिया के तीन मुख्य अजूबे हैं गीज़ा के पिरामिड, सिकंदरिया का रौशनी-घर, और रोड्स का कोलोसस।"
"माना जाता है कि क्लासिक माया शहरों के पतन और उन्हें छोड़े जाने के मुख्य पर्यावरणीय और सामाजिक दबाव क्या थे, उनकी सूची बनाइए।","अंतिम क्लासिक काल (लगभग 800–1000 ईस्वी) में दक्षिणी निचले मैदानों में माया की राजनीतिक संरचनाओं का विघटन देखा गया। विद्वान आम तौर पर सहमत हैं कि यह किसी एक घटना के कारण नहीं हुआ था, बल्कि यह व्यवस्थागत समस्याओं का एक जटिल मेल था। पर्यावरणीय दबाव महत्वपूर्ण थे; सबूत लंबे, गंभीर सूखे की ओर इशारा करते हैं, जो संभवतः दशकों तक चले, जिसने कृषि उत्पादन, खासकर मक्का के उत्पादन को पंगु कर दिया। इसके अलावा, झूम खेती (काटकर-जलाकर) जैसी गहन खेती के तरीकों के कारण बड़े पैमाने पर वनों की कटाई और मिट्टी का कटाव हुआ, जिससे ज़मीन की मज़बूती कम हो गई। सामाजिक मुद्दों ने पर्यावरणीय संकट को और बढ़ा दिया। टिकल और कालाकमुल जैसे प्रमुख शहर-राज्यों के बीच लगातार युद्ध ने रखरखाव और खाद्य उत्पादन से श्रम और संसाधनों को दूर कर दिया। कुछ शहरी केंद्रों में अत्यधिक आबादी ने स्थानीय संसाधनों पर अस्थिर दबाव डाला। अंत में, दैवीय राजाओं (कुहुल अजाव) का केंद्रीकृत अधिकार शायद तब कमज़ोर हो गया होगा जब वे अब समृद्धि या वर्षा की गारंटी नहीं दे सके, जिससे आंतरिक अशांति हुई और व्यापार नेटवर्क खंडित हो गए।","यह पतन बहुआयामी कारकों से प्रेरित एक व्यवस्थागत विफलता थी। मुख्य पर्यावरणीय दबावों में लंबे, गंभीर सूखे और अस्थिर खेती के तरीके शामिल थे, जिसके परिणामस्वरूप वनों की कटाई और मिट्टी का कटाव हुआ। पतन में योगदान देने वाले सामाजिक कारक थे शहर-राज्यों के बीच लगातार युद्ध, स्थानीय संसाधनों पर दबाव डालती अत्यधिक आबादी, और जब दैवीय शासक वर्षा जैसे आवश्यक संसाधनों को सुरक्षित करने में विफल रहे, तो उनकी विश्वसनीयता और अधिकार का बाद में खो जाना।"
कृत्रिम बुद्धिमत्ता (एआई) के तेज़ी से विकास और इसे लागू करने से जुड़ी मुख्य नैतिक चिंताओं का विवरण दें।,,"एआई की तेज़ी से हो रही प्रगति कई गंभीर नैतिक चुनौतियाँ पेश करती है, जिनका समाधान नीति निर्माताओं, डेवलपर्स (विकसित करने वालों) और जनता को सक्रिय रूप से करना चाहिए। एक मुख्य चिंता **एल्गोरिद्मिक पक्षपात और निष्पक्षता** है। चूँकि एआई मॉडल ऐतिहासिक डेटा पर प्रशिक्षित होते हैं, इसलिए वे अक्सर जाति, लिंग या सामाजिक-आर्थिक स्थिति से जुड़े मौजूदा सामाजिक भेदभाव को अपना लेते हैं और बढ़ा देते हैं, जिससे भर्ती, कर्ज़ देने या आपराधिक न्याय प्रणालियों जैसे क्षेत्रों में भेदभावपूर्ण परिणाम सामने आते हैं। यह सुनिश्चित करना महत्वपूर्ण है कि डेटा प्रतिनिधित्वकारी हो और मॉडलों की समान परिणामों के लिए जाँच (ऑडिट) की जाए।

दूसरी, **पारदर्शिता और व्याख्या करने की क्षमता ('ब्लैक बॉक्स' समस्या)** की एक महत्वपूर्ण समस्या है। कई जटिल एआई मॉडल स्पष्ट रूप से यह नहीं बता सकते कि वे किसी विशेष निर्णय पर क्यों पहुँचे। दृश्यता की यह कमी जवाबदेही (accountability) को असंभव बना देती है, खासकर चिकित्सा या स्वचालित वाहन संचालन जैसे ज़रूरी क्षेत्रों में, और जनता के विश्वास को कम करती है।

तीसरा, आर्थिक प्रभाव, विशेष रूप से **रोज़गार विस्थापन और बढ़ती असमानता**, को प्रबंधित किया जाना चाहिए। जैसे-जैसे एआई वे काम स्वचालित (automate) करता है जो पहले इंसानों द्वारा किए जाते थे, बड़े क्षेत्र में रुकावट और संभावित बड़े पैमाने पर नौकरियों के नुकसान का सामना करना पड़ता है, जिससे कर्मचारियों के पुनः प्रशिक्षण और बढ़ी हुई उत्पादकता से होने वाले आर्थिक लाभों को कैसे वितरित किया जाएगा, इस बारे में चिंताएँ बढ़ जाती हैं। अंत में, पूरी तरह से **स्वचालित निर्णय लेने वाली प्रणालियों** का विकास सुरक्षा, नियंत्रण और दायित्व (liability) के बारे में गहरे सवाल खड़े करता है, खासकर सैन्य उपयोगों (घातक स्वचालित हथियार) या जटिल बुनियादी ढाँचे के प्रबंधन के संबंध में जहाँ इंसानी निगरानी को पूरी तरह से कम किया जा सकता है।"
"दिए गए पाठ में से, चार पार्थिव ग्रहों और उनके संबंधित व्यास (किलोमीटर में) की सूची बनाएँ। फिर, सबसे छोटे व्यास वाले ग्रह की पहचान करें।","आंतरिक सौर मंडल में पार्थिव ग्रह शामिल हैं, जो मुख्य रूप से चट्टान और धातु से बने होते हैं। बुध, जो सूरज के सबसे करीब का ग्रह है, का व्यास 4,880 किलोमीटर है और उसमें कोई प्राकृतिक उपग्रह नहीं है। शुक्र, जिसे अक्सर पृथ्वी की बहन कहा जाता है, उल्टा घूमता है और इसकी सतह का औसत तापमान 460°C से अधिक है। इसका व्यास 12,104 किलोमीटर है। पृथ्वी जीवन को सहारा देने के लिए अनूठी है, जिसका व्यास 12,742 किलोमीटर है और इसका एक बड़ा चंद्रमा है। अंत में, मंगल, जिसे लाल ग्रह के रूप में जाना जाता है, का वायुमंडल अपेक्षाकृत पतला है और इसके दो छोटे चंद्रमा हैं: फ़ोबॉस और डीमॉस। इसका व्यास 6,779 किलोमीटर है।","ग्रह और व्यास:
बुध: 4,880 किलोमीटर
शुक्र: 12,104 किलोमीटर
पृथ्वी: 12,742 किलोमीटर
मंगल: 6,779 किलोमीटर

सबसे छोटे व्यास वाला ग्रह: बुध"
फ़र्मी विरोधाभास क्या है?,,"फ़र्मी विरोधाभास उस विरोधाभास को कहते हैं जो इस बात के बीच है कि ब्रह्मांड में कहीं न कहीं समझदार बाहरी जीवन होने की बहुत अधिक संभावना है, लेकिन इस दावे को साबित करने के लिए देखने योग्य सबूतों की पूरी कमी है। तारों की भारी संख्या, ब्रह्मांड की उम्र, और रहने लायक़ ग्रहों की बहुतायत को देखते हुए, गणितज्ञ एनरिको फ़र्मी ने सबसे पहले 1950 के दशक में यह सवाल उठाया था, 'सब लोग कहाँ हैं?' इस विरोधाभास को सुलझाने के लिए दिए गए संभावित स्पष्टीकरणों में 'ग्रेट फ़िल्टर' शामिल है (एक ऐसी रुकावट भरी घटना जो जीवन को आगे बढ़ने से रोकती है), 'ज़ू हाइपोथीसिस' (कि एलियंस जानबूझकर संपर्क से बच रहे हैं), या यह संभावना कि उन्नत सभ्यताएँ पता लगने लायक़ होने के लिए ज़्यादा समय तक टिकती ही नहीं हैं।"
"नीचे दिए गए अमेरिकी राज्यों को इस आधार पर वर्गीकृत करें कि क्या वे प्रशांत महासागर (प्रशांत तट वाले राज्य) से सटे हैं या अटलांटिक महासागर (अटलांटिक तट वाले राज्य) से सटे हैं: कैलिफ़ोर्निया, न्यूयॉर्क, फ़्लोरिडा, वॉशिंगटन, मेन, ओरेगन, टेक्सास, जॉर्जिया, अलास्का, न्यू जर्सी, नॉर्थ कैरोलिना, हवाई।",,"प्रशांत तट वाले राज्य: कैलिफ़ोर्निया, वॉशिंगटन, ओरेगन, अलास्का, हवाई
अटलांटिक तट वाले राज्य: न्यूयॉर्क, फ़्लोरिडा, मेन, जॉर्जिया, न्यू जर्सी, नॉर्थ कैरोलिना"
समसूत्री विभाजन के मुख्य चरण क्रम से समझाएँ।,,"समसूत्री विभाजन को आमतौर पर चार मुख्य चरणों में बाँटा जाता है, जो यह पक्का करते हैं कि हर नई संतति कोशिका को गुणसूत्रों का पूरा सेट मिले:

1.  **प्रोफेज (पूर्वावस्था):** क्रोमैटिन सिमटकर (गाढ़ा होकर) अलग-अलग गुणसूत्रों के रूप में दिखाई देने लगता है (हर गुणसूत्र में दो बहन क्रोमैटिड होते हैं जो सेंट्रोमेयर पर जुड़े होते हैं)। केंद्रिका गायब हो जाती है, और केंद्रक झिल्ली टूट जाती है। स्पिंडल तंतु बनने लगते हैं।
2.  **मेटाफेज (मध्यावस्था):** स्पिंडल तंतु गुणसूत्रों के सेंट्रोमेयर से जुड़ जाते हैं। गुणसूत्र मध्यपट्टिका (कोशिका के केंद्र में भूमध्य रेखा का तल) के साथ-साथ दो ध्रुवों से बराबर दूरी पर कतार में लग जाते हैं।
3.  **एनाफेज (पश्चावस्था):** बहन क्रोमैटिड सेंट्रोमेयर पर अलग हो जाते हैं और स्पिंडल तंतुओं के छोटा होने के कारण कोशिका के विपरीत ध्रुवों की ओर खींच लिए जाते हैं। एक बार अलग होने पर, प्रत्येक क्रोमैटिड को एक पूरा गुणसूत्र माना जाता है।
4.  **टेलोफेज (अंत्यावस्था):** नए अलग हुए गुणसूत्र ध्रुवों पर पहुँचते हैं और वापस क्रोमैटिन में फैलना (विरल होना) शुरू कर देते हैं। दोनों ध्रुवों पर गुणसूत्रों के हर सेट के चारों ओर एक नई केंद्रक झिल्ली बन जाती है। केंद्रिकाएँ फिर से दिखाई देने लगती हैं।

इस प्रक्रिया के बाद आमतौर पर **कोशिकाद्रव्य विभाजन (साइटोकाइनेसिस)** होता है, जो कोशिकाद्रव्य का भौतिक विभाजन है, जिसके परिणामस्वरूप दो अलग-अलग संतति कोशिकाएँ बनती हैं।"
एक छह-शब्दों की कहानी लिखिए जो अचानक हुए नुकसान/बिछड़ने का एहसास कराए।,,विदाई की चिट्ठी मिली। कॉफ़ी अभी भी गरम थी।
"पहचानिए कि इनमें से कौन सी भौगोलिक चीज़ नदी है और कौन सा पहाड़: माउंट किलिमंजारो, नील",,"नील एक नदी है, माउंट किलिमंजारो एक पहाड़ है।"
"नीचे दी गई सूची में से, केवल मान्य पाइथन डेटा टाइप पहचानिए।","पूर्णांक, फ़्लोट, स्ट्रिंग, ऐरे, सूची, डिक्शनरी, ट्यूपल, क्लास, फ़ंक्शन, बूलियन","पूर्णांक, फ़्लोट, स्ट्रिंग, सूची, डिक्शनरी, ट्यूपल, बूलियन"
वॉयजर 1 जाँच यान के लिए बताई गई मुख्य कालक्रमानुसार घटनाओं को सूचीबद्ध करें। घटना और उससे संबंधित तारीख़ बताएँ। डेटा को 'तारीख: घटना' के प्रारूप में प्रस्तुत करें।,वॉयजर 1 एक अंतरिक्ष जाँच यान है जिसे नासा ने 5 सितंबर 1977 को बाहरी सौर मंडल और अंततः अंतरतारकीय अंतरिक्ष का अध्ययन करने के लिए प्रक्षेपित किया था। यह मार्च 1979 में सफलतापूर्वक बृहस्पति के पास से और नवंबर 1980 में शनि के पास से गुज़रा। वॉयजर 1 पृथ्वी से इंसान द्वारा बनाई गई सबसे दूर की वस्तु है और 25 अगस्त 2012 को हेलिओपॉज़ को पार करके अंतरतारकीय अंतरिक्ष में प्रवेश करने वाला पहला यान है। यह अपने डीप स्पेस नेटवर्क के माध्यम से लगातार आँकड़े भेजता रहता है।,"September 5, 1977: नासा द्वारा प्रक्षेपित किया गया
March 1979: बृहस्पति के पास से गुज़रा
November 1980: शनि के पास से गुज़रा
August 25, 2012: अंतरतारकीय अंतरिक्ष में प्रवेश किया"
"गद्यांश में ज़िक्र किए गए साहित्यिक कार्यों की सूची बनाएँ। हर कार्य के लिए, लेखक, प्रकाशन का साल, और बताए गए मुख्य विषय या केंद्र बिंदु को निकालें। परिणाम को इस रूप में रखें: [लेखक] - [साल] - [विषय]।","रूमानी दौर में कहानी के केंद्र बिंदु में बदलाव आया। मेरी शेली की 'फ्रैंकेनस्टीन' (1818) ने वैज्ञानिक अहंकार और अकेलेपन के विषयों पर ज़ोर दिया। बाद में, एडगर एलन पो ने मानसिक डर/दहशत की खोज की, ख़ास तौर पर 'द टेल-टेल हार्ट' (1843) में। पो के दस साल बाद, हरमन मेलविल की 'मोबी डिक' (1851) ने जुनून और प्राकृतिक दुनिया के बारे में जटिल प्रतीकवाद पेश किया। ब्रैम स्टोकर की 'ड्रेकुला' (1897) के समय तक, केंद्र बिंदु मज़बूती से गॉथिक डर/दहशत की ओर चला गया था, जिसका केंद्र मासूमियत के भ्रष्ट होने पर था।","मेरी शेली - 1818 - वैज्ञानिक अहंकार और अकेलापन
एडगर एलन पो - 1843 - मानसिक डर/दहशत
हरमन मेलविल - 1851 - जुनून और प्राकृतिक दुनिया
ब्रैम स्टोकर - 1897 - गॉथिक डर/दहशत और मासूमियत का भ्रष्ट होना"
सार्वजनिक-निजी भागीदारी (पी.पी.पी.) के ढाँचे में 'उपलब्धता भुगतान' की अवधारणा समझाएँ।,,"उपलब्धता भुगतान (ए.पी.) सार्वजनिक-निजी भागीदारी व्यवस्था में ख़रीद करने वाली सरकारी संस्था द्वारा निजी ठेकेदार को समय-समय पर किए जाने वाले ठेके के भुगतान हैं। उपयोगकर्ता-शुल्क मॉडल (जहाँ निजी संस्था टोल या शुल्क जमा करती है) के विपरीत, ए.पी. सीधे तौर पर निजी भागीदार की उस सफलता से जुड़े होते हैं जिसमें वह बुनियादी ढाँचे की परियोजना (जैसे स्कूल, राजमार्ग, या अस्पताल) को सेवा और उपलब्धता के एक तय मानक पर बनाए रखता है। यदि संपत्ति पहले से तय किए गए संचालन के मुख्य प्रदर्शन संकेतकों (के.पी.आई.) को पूरा करने में विफल रहती है, तो भुगतान आमतौर पर कम कर दिया जाता है या रोक दिया जाता है, जिससे संचालन और रखरखाव का जोखिम प्रभावी ढंग से निजी क्षेत्र को स्थानांतरित हो जाता है, जबकि निजी क्षेत्र को मांग के जोखिम से सुरक्षा मिलती है।"
"नीचे दिए गए औपचारिक अंदरूनी ज्ञापन को 'आम घोषणाएँ' वाले चैनल के लिए एक छोटे, अनौपचारिक स्लैक संदेश में बदलकर लिखें। जहाँ ज़रूरी हो वहाँ छोटे रूप और इमोजी इस्तेमाल करें।","ज्ञापन: सभी कर्मचारियों को। विषय: अनिवार्य तीसरी तिमाही अनुपालन प्रशिक्षण। कृपया ध्यान दें कि सभी कर्मचारियों के लिए अनिवार्य तीसरी तिमाही डेटा सुरक्षा और नैतिकता कार्यशाला में भाग लेना ज़रूरी है। यह सत्र मंगलवार, 15 अक्टूबर को सुबह 9:00 बजे कॉन्फ़्रेंस रूम बी में तय किया गया है। प्रबंधक की पूर्व मंज़ूरी के बिना अनुपस्थित रहने पर आपकी व्यक्तिगत फ़ाइल में औपचारिक लिखित चेतावनी दर्ज की जाएगी। अपने पहुँचने के विवरण साथ लाएँ। शुक्रवार को दिन के अंत तक अपनी उपस्थिति की पुष्टि करें।","सबको सुनो! 📢 ज़रूरी तीसरी तिमाही डेटा सुरक्षा/नैतिकता ट्रेनिंग मंगलवार, 15 अक्टूबर को सुबह 9 बजे सी.आर. बी में है। हाज़िरी ज़रूरी है (सच में, ये अनिवार्य है)। मैनेजर की मंज़ूरी के बिना इसे छोड़ने पर आपकी फ़ाइल में लिखित चेतावनी आ जाएगी। अपने लॉगिन विवरण साथ लाओ! कृपया शुक्रवार को काम खत्म होने तक पुष्टि कर दें। ✔️"
डार्क चॉकलेट को सीडिंग विधि से टेम्पर करने का सबसे बढ़िया तरीका क्या है?,,"चॉकलेट को टेम्पर करने से यह पक्का होता है कि कोकोआ बटर के रवे (क्रिस्टल) एक स्थिर, चमकदार 'बीटा V' क्रिस्टलीय रूप में जम जाएँ, जिससे 'ब्लूमिंग' (सफेद परत जमना) नहीं होती और चॉकलेट को संतुष्टि देने वाली कुरकुरी आवाज़ (स्नैप) मिलती है। घर पर खाना बनाने वालों के लिए सीडिंग का तरीका अक्सर सबसे आसान माना जाता है।

**1. काटें और तैयार करें:** जितना चॉकलेट आप इस्तेमाल करना चाहते हैं, उसके लगभग दो-तिहाई हिस्से को बारीक काट लें। बचे हुए एक-तिहाई हिस्से को अलग रख दें; यह आपका 'बीज' चॉकलेट है। ध्यान रहे कि सारे बर्तन (कटोरे, स्पैटुला) पूरी तरह से सूखे हों, क्योंकि पानी से चॉकलेट खराब (सीज़) हो सकती है।

**2. चॉकलेट पिघलाएँ:** कटे हुए चॉकलेट को एक गर्मी प्रतिरोधी कटोरे में डबल बॉयलर के ऊपर रखें (उबलते पानी वाले बर्तन के ऊपर एक कटोरा, यह सुनिश्चित करते हुए कि कटोरा पानी को न छुए)। धीरे-धीरे और लगातार तब तक हिलाते रहें जब तक कि चॉकलेट पूरी तरह पिघल न जाए और चिकनी न हो जाए। गहरे चॉकलेट के लिए, आप शुरुआती तापमान को 113°F (45°C) तक लाना चाहते हैं। एक भरोसेमंद थर्मामीटर का उपयोग करें।

**3. बीज डालें और ठंडा करें:** कटोरे को आँच से हटा लें। अब अपने बचाए हुए 'बीज' चॉकलेट के छोटे-छोटे मुट्ठी भर टुकड़े डालकर हिलाना शुरू करें। लक्ष्य यह है कि चॉकलेट को तेजी से ठंडा किया जाए और साथ ही स्थिर रवे बनने को प्रोत्साहित किया जाए। तब तक मिलाते रहें जब तक बीज के सभी टुकड़े पिघल न जाएं और कुल तापमान 88-91°F (31-33°C) तक न गिर जाए।

**4. काम करने का तापमान बनाए रखें:** एक बार जब चॉकलेट टेम्पर हो जाए, तो स्थिर रहने के लिए इसे इसी कार्य तापमान सीमा (88-91°F) के अंदर रहना चाहिए। यदि यह बहुत अधिक ठंडा हो जाता है, तो टेम्पर टूट जाएगा। यदि यह बहुत अधिक गरम हो जाता है, तो भी टेम्पर टूट जाएगा। यदि आपको लंबे समय तक इससे काम करना है, तो कटोरे को बहुत धीमी, बंद आँच वाले स्रोत पर रखें या कम सेटिंग वाले हीटिंग पैड का उपयोग करें।

**5. टेम्पर की जाँच करें:** अपने काम की जाँच करने के लिए, चाकू की नोक को डुबोएं या पार्चमेंट पेपर के एक टुकड़े पर चॉकलेट का एक छोटा-सा धब्बा लगाएँ। यदि चॉकलेट कमरे के तापमान पर पाँच मिनट के भीतर सख्त, चिकनी और चमकदार हो जाती है, तो वह सफलतापूर्वक टेम्पर हो गई है।"
न्यूज़ीलैंड की राजधानी क्या है?,,न्यूज़ीलैंड की राजधानी वेलिंगटन है। यह उत्तरी द्वीप के दक्षिणी सिरे पर स्थित है।
हमारे सौर मंडल के आठ मुख्य ग्रहों को सूरज से दूरी के हिसाब से बताओ।,,"आठ मुख्य ग्रह सूरज से दूरी के क्रम में इस प्रकार हैं:
1. बुध
2. शुक्र
3. पृथ्वी
4. मंगल
5. बृहस्पति
6. शनि
7. अरुण
8. वरुण"
"मैरी क्यूरी ने अपना पहला नोबेल पुरस्कार किसके साथ साझा किया था, और यह उन्हें किस साल और किस क्षेत्र में दिया गया था?","मैरी क्यूरी (जन्म: मारिया स्क्लोदोव्स्का; 7 नवंबर 1867 – 4 जुलाई 1934) पोलैंड की थीं और बाद में उन्हें फ़्रांस की नागरिकता मिल गई थी। वह एक भौतिक विज्ञानी और रसायनज्ञ थीं जिन्होंने रेडियोधर्मिता पर अग्रणी शोध किया। वह नोबेल पुरस्कार जीतने वाली पहली महिला थीं, दो बार नोबेल पुरस्कार जीतने वाली पहली इंसान और इकलौती महिला थीं, और दो अलग-अलग वैज्ञानिक क्षेत्रों में नोबेल पुरस्कार जीतने वाली इकलौती इंसान भी थीं। उनके पति, पियरे क्यूरी, उनके पहले नोबेल पुरस्कार में सह-विजेता थे, जिससे वे नोबेल पुरस्कार जीतने वाले पहले शादीशुदा जोड़े बन गए और क्यूरी परिवार की पाँच नोबेल पुरस्कारों की विरासत की शुरुआत हुई। वह पेरिस विश्वविद्यालय में प्रोफेसर बनने वाली पहली महिला भी थीं। 1903 में, मैरी और पियरे क्यूरी ने हेनरी बेकरेल के साथ भौतिकी का नोबेल पुरस्कार साझा किया, जो उन्हें सहज विकिरण पर किए गए उनके काम के लिए मिला था।","1903 में, मैरी और पियरे क्यूरी ने हेनरी बेकरेल के साथ भौतिकी का नोबेल पुरस्कार साझा किया था।"
"नीचे दिए गए पदों (कॉन्सल, चांसलर, राष्ट्रपति, ख़लीफ़ा, प्रधानमंत्री, सीनेटर, डोज) को 'आधुनिक राजनीतिक पद' या 'ऐतिहासिक/शाही पद' में श्रेणीबद्ध करें।",,"आधुनिक राजनीतिक पद: चांसलर, राष्ट्रपति, प्रधानमंत्री, सीनेटर
ऐतिहासिक/शाही पद: कॉन्सल, ख़लीफ़ा, डोज

ध्यान दें कि 'चांसलर' को आधुनिक राजनीतिक पद के तहत सूचीबद्ध किया गया है (यह जर्मनी और ऑस्ट्रिया जैसे देशों में सरकार के प्रमुखों को संदर्भित करता है)। हालांकि, इस पद का गहरा ऐतिहासिक उपयोग रहा है (उदाहरण के लिए, चांसलर ऑफ़ द एक्सचेकर या पूर्व-आधुनिक यूरोपीय दरबारों में विभिन्न भूमिकाएँ)।"
"मानक नेटवर्किंग शब्दावली (एसवाईएन, एसीके) का इस्तेमाल करते हुए, टीसीपी तीन-चरणीय मिलाप को सफल बनाने के लिए ज़रूरी तीन क्रमवार कदम बताएं।",,"टीसीपी की तीन-चरणीय मिलाप प्रक्रिया एक भरोसेमंद जोड़ स्थापित करती है: 1. एसवाईएन (तालमेल): क्लाइंट सर्वर को एसवाईएन फ़्लैग लगे हुए एक खंड भेजकर जोड़ शुरू करता है। 2. एसवाईएन-एसीके (तालमेल-पुष्टि): सर्वर एसवाईएन को प्राप्त करता है और एसवाईएन तथा एसीके दोनों फ़्लैग लगे हुए अपने खुद के खंड के साथ जवाब देता है। 3. एसीके (पुष्टि): क्लाइंट एसवाईएन-एसीके को प्राप्त करता है और केवल एसीके फ़्लैग लगा हुआ आखिरी खंड भेजता है, जो इस बात की पुष्टि करता है कि अब जोड़ स्थापित हो चुका है।"
क्या 2030 तक अमेरिका के उपभोक्ता वाहन बाज़ार पर बिजली से चलने वाली गाड़ियाँ हावी हो जाएँगी?,,"हालाँकि विकास दर के अनुमान बहुत ऊँचे हैं, फिर भी 2030 तक पूरी तरह से 'बाज़ार पर छा जाना' (जिसका मतलब है नई बिक्री का 50% या उससे ज़्यादा हिस्सा पाना) चुनौतीपूर्ण है, हालाँकि बेहतरीन हालात में यह मुमकिन है। फ़िलहाल, बिजली से चलने वाली गाड़ियाँ (ईवी) तेज़ी से बढ़ता हुआ हिस्सा हैं, लेकिन कुल बाज़ार में उनकी हिस्सेदारी अभी भी केवल एक अंक में है। मददगार कारणों में 'मुद्रास्फीति कटौती अधिनियम' के ज़रिए मिलने वाले बड़े सरकारी प्रोत्साहन, लंबे समय में बैटरी की लागत का घटना, और फ़ोर्ड तथा जनरल मोटर्स जैसी बड़ी वाहन निर्माताओं द्वारा उत्पादन के निश्चित लक्ष्य शामिल हैं। हालाँकि, दो बड़ी रुकावटें अभी भी बनी हुई हैं: पहली, राष्ट्रीय चार्जिंग सुविधा (ढाँचे) की कमी और अनियमितता, जो संभावित खरीदारों में 'रेंज की चिंता' पैदा करती है; और दूसरी, चलाने के ख़र्चे में बचत के बावजूद, बराबर के आंतरिक दहन इंजन वाले वाहनों की तुलना में शुरुआती खरीद कीमत का लगातार ऊँचा होना। वर्तमान में आम सहमति का अनुमान है कि उस तारीख़ तक ईवी की बिक्री बाज़ार के 35-45% तक पहुँच जाएगी, जो एक बड़ा बदलाव दर्शाती है, लेकिन यह पूरी तरह से हावी होने से कम है।"
प्लास्टरबोर्ड में एक छोटे छेद (3 इंच से कम) की मरम्मत करने का सही तरीका क्या है?,,"पहले, उस जगह को साफ करें और फटे हुए कागज़ को काट कर हटा दें। छेद पर खुद चिपकने वाली जालीदार पट्टी लगाएँ। पुट्टी चाकू का उपयोग करके, उस पट्टी के ऊपर जॉइंट कंपाउंड की एक पतली परत लगाएँ, किनारों को बाहर की ओर पतला करते हुए फैलाएँ। इसे पूरी तरह सूखने दें, फिर हल्के से रेतमाल करें। यदि ज़रूरी हो तो दूसरी, और पतली परत लगाएँ। सूखने और चिकना होने के बाद, प्राइमर लगाएँ और पेंट करें।"
एक छोटा पाइथन फ़ंक्शन लिखिए जो nth फ़ाइबोनैची संख्या को पुनरावर्ती तरीके से निकालता है।,,"python
def fibonacci_recursive(n):
    """"""nth फ़ाइबोनैची संख्या की गणना पुनरावर्ती तरीके से करता है।
    गैर-धनात्मक निवेश (inputs) के लिए 0 लौटाता है।
    """"""
    if n <= 0:
        return 0
    elif n == 1:
        return 1
    else:
        return fibonacci_recursive(n-1) + fibonacci_recursive(n-2)

# प्रिंट(fibonacci_recursive(8)) # परिणाम: 21
"
"पेनिसिलिन की खोज, उत्पादन और नामकरण में शामिल मुख्य लोगों के नाम बताएं, और शुरुआती खोज का साल भी बताएं।","पेनिसिलिन, जो प्रतिजैविकों का एक समूह है, की खोज सबसे पहले 1928 में स्कॉटलैंड के चिकित्सक अलेक्जेंडर फ्लेमिंग ने की थी। उन्होंने ध्यान दिया कि एक प्रयोग की प्लेट (पेट्री डिश) पर लगी फफूंदी स्टैफिलोकोकस नामक जीवाणु की वृद्धि को रोक रही थी। फ्लेमिंग ने इस पदार्थ का नाम पेनिसिलियम रूबेंस नामक फफूंदी के नाम पर पेनिसिलिन रखा। शुरुआती खोज का श्रेय फ्लेमिंग को ही जाता है, लेकिन 1940 के दशक की शुरुआत तक ऑस्ट्रेलियाई दवा विशेषज्ञ हॉवर्ड फ्लोरी और जर्मन जैव रसायनज्ञ अर्न्स्ट चेन ने इसके बड़े पैमाने पर उत्पादन और शुद्धिकरण के तरीके विकसित नहीं किए थे। इन तरीकों से यह दूसरे विश्व युद्ध के दौरान संक्रमणों के इलाज के लिए एक कारगर दवा बन गई।","अलेक्जेंडर फ्लेमिंग ने 1928 में पेनिसिलिन की खोज की और इसका नाम भी रखा। हॉवर्ड फ्लोरी और अर्न्स्ट चेन 1940 के दशक की शुरुआत में मुख्य व्यक्ति थे, जिन्होंने इसके बड़े पैमाने पर उत्पादन और शुद्धिकरण के तरीके विकसित किए।"
ए.पी.आई. क्या है और यह आधुनिक वेब एप्लीकेशन में कैसे काम करता है?,,"एप्लीकेशन प्रोग्रामिंग इंटरफ़ेस (ए.पी.आई.) मूल रूप से नियम और कायदों का एक समूह होता है जो दो सॉफ्टवेयर एप्लीकेशन को आपस में बात करने (या संपर्क करने) की इजाज़त देता है। यह एक संदेशवाहक (मैसेंजर) की तरह काम करता है, एक एप्लीकेशन से दूसरे तक अनुरोध (रिक्वेस्ट) पहुँचाता है, और फिर उस अनुरोध का जवाब वापस भेजने वाले को भेजता है।

### वेब एप्लीकेशन में कार्यप्रणाली
आज के ज़माने में वेब बनाने के काम में, ए.पी.आई. आपसी तालमेल की रीढ़ की हड्डी होते हैं, खासकर छोटे-छोटे कामों/सेवाओं (माइक्रोसर्विसेज़) और बंटे हुए सिस्टमों के लिए। ये क्लाइंट एप्लीकेशनों (जैसे कि मोबाइल एप्लीकेशन या ब्राउज़र) को सर्वर के अंदरूनी काम करने के तरीके या डेटाबेस की बनावट को ज़ाहिर किए बिना सर्वर की तरफ के साधनों (रिसोर्सों) के साथ संपर्क करने की इजाज़त देते हैं। यह सुरक्षा, मज़बूती देता है, और डेवलपरों को बाहर की सेवाओं को तेज़ी से जोड़ने की सुविधा देता है।

उदाहरण के लिए, अगर किसी मौसम एप्लीकेशन को वर्तमान तापमान का डेटा खींचना है, तो वह किसी वेबसाइट से जानकारी नहीं निकालता; बल्कि वह मौसम सेवा देने वाले को एक ए.पी.आई. कॉल (अनुरोध) करता है। ए.पी.आई. उस सटीक ढाँचे (प्रारूप) को तय करता है (अक्सर एच.टी.टी.पी. अनुरोध और जे.एस.ओ.एन. डेटा का इस्तेमाल करके) कि अनुरोध कैसे किया जाना चाहिए और नतीजा देने वाला डेटा किस तरह पहुँचाया जाएगा। आज वेब ए.पी.आई. का सबसे आम प्रकार रेस्टफुल ए.पी.आई. (रिप्रेज़ेंटेशनल स्टेट ट्रांसफर) है।"
"खाने की चीज़ ""सैंडविच"" का नाम कहाँ से आया?",,"सैंडविच का नाम जॉन मोंटागु के नाम पर रखा गया है, जो सैंडविच के चौथे अर्ल (एक पदवी) थे। वह 18वीं सदी के एक अंग्रेज़ रईस थे जिन्होंने कथित तौर पर अपने नौकरों से कहा था कि उन्हें दो ब्रेड के टुकड़ों के बीच कटा हुआ मांस परोसा जाए, ताकि वह जुए की एक लंबी बाज़ी के दौरान ताश की मेज़ छोड़े बिना ही खाना खा सकें।"
"क्या कृत्रिम बुद्धिमत्ता (एआई) की तेज़ी से तरक्की लोकतंत्र और इंसानी रोज़गार के लिए अस्तित्व का खतरा है, या यह बस अगली औद्योगिक क्रांति है?",,"एआई (AI) गहरे अवसर और महत्वपूर्ण जोखिम दोनों पेश करता है, जिससे इसे महज़ 'अगली औद्योगिक क्रांति' के रूप में श्रेणीबद्ध करना मुश्किल हो जाता है। हालांकि यह निश्चित रूप से भारी उत्पादकता लाभ लाता है, जैसे कि जलवायु मॉडलिंग से लेकर चिकित्सा निदान तक जटिल समस्याओं को हल करना, अस्तित्वगत खतरे शारीरिक खतरे पर कम केंद्रित हैं और सामाजिक-राजनीतिक ढांचे पर ज़्यादा हैं। कुछ बड़ी तकनीक कंपनियों के भीतर एआई की शक्ति का जमाव (केंद्रीकरण) उन्हें जानकारी के बहाव और व्यक्तिगत निर्णय लेने पर बेमिसाल नियंत्रण देता है। लक्षित गलत जानकारी और उन्नत निगरानी के ज़रिए, यह चीज़ लोकतांत्रिक संस्थाओं को बहुत ज़्यादा नुकसान पहुंचाती है। रोज़गार के संबंध में, यह पिछली क्रांतियों से अलग है जहां कम कौशल वाले काम बदले गए थे; एआई जटिल संज्ञानात्मक कार्यों (कानून, कोड बनाना, वित्तीय विश्लेषण) को स्वचालित करने में सक्षम है। खतरा सिर्फ नौकरी खोना नहीं है, बल्कि एक ढांचागत बदलाव है जो समाजों के अनुकूल होने के लिए बहुत तेज़ी से हो रहा है, जिससे गहरी ढांचागत बेरोज़गारी और बढ़ी हुई आर्थिक असमानता पैदा होती है। नतीजा—क्रांति या खतरा—पूरी तरह से सक्रिय नियमन पर निर्भर करता है जो एकाधिकार को रोकता है, नैतिक पारदर्शिता अनिवार्य करता है, और एक स्वचालित अर्थव्यवस्था के लिए डिज़ाइन किए गए सामाजिक सुरक्षा जाल लागू करता है।"
पाठ में बताए गए चेर्नोबिल हादसे की खास तारीख और लोगों पर हुए तुरंत असर को निकालें।,"चेर्नोबिल हादसा, एक बहुत बड़ा परमाणु हादसा, सोवियत संघ के यूक्रेनी एस.एस.आर. में प्रिप्यात शहर के पास 26 अप्रैल, 1986 को हुआ था। रिऐक्टर सिस्टम की जाँच के दौरान अचानक बिजली के उछाल के कारण एक धमाका और आग लगी, जिससे बड़ी मात्रा में रेडियोधर्मी पदार्थ वातावरण में फैल गया। इस वजह से उस इलाके से 1 लाख से ज़्यादा निवासियों को तुरंत खाली कराना पड़ा।","तारीख 26 अप्रैल, 1986 थी। लोगों पर तुरंत असर 1 लाख से ज़्यादा निवासियों को खाली कराना था।"
"एक ग्राहक बाइसेप्स का अधिकतम विकास करने पर ध्यान दे रहा है। वह अभी हफ्ते में सिर्फ एक बार बाइसेप्स की कसरत कुल 8 वर्किंग सेट के साथ करता है। क्या मांसपेशियों के विकास के लिए खेल विज्ञान की मौजूदा सिफारिशों के अनुसार यह मात्रा और बारंबारता (फ़्रीक्वेंसी) सबसे बढ़िया है, और किस बदलाव से बेहतर नतीजे मिल सकते हैं?",,"हालांकि 8 वर्किंग सेट मांसपेशियों के विकास के लिए स्वीकार्य सीमा के भीतर आते हैं (आमतौर पर मध्यम स्तर के कसरत करने वालों के लिए प्रति मांसपेशी समूह साप्ताहिक 10-20 सेट), लेकिन अधिकतम विकास के लिए बाइसेप्स को हफ्ते में सिर्फ एक बार ट्रेन करना आमतौर पर उतना बढ़िया नहीं माना जाता है। मौजूदा शोध से पता चलता है कि मात्रा को ज़्यादा बारंबारता (जैसे हफ्ते में 2 से 3 बार) में विभाजित करना ज़्यादा असरदार होता है। सबसे बढ़िया रणनीति यह होगी कि बाइसेप्स को हफ्ते में दो बार ट्रेन किया जाए (उदाहरण के लिए, हर सेशन में 4 सेट)। यह तरीका तनाव के तहत कुल समय को ज़्यादा बनाए रखता है और यह सुनिश्चित करता है कि मांसपेशी प्रोटीन संश्लेषण की अवधि पूरे हफ्ते में ज़्यादा बार सक्रिय हो, जिससे लंबे समय में बेहतरीन विकास के नतीजे मिलते हैं।"
दिए गए खगोलीय पिंडों की सूची की जाँच करें और हमारे सौर मंडल के केवल पथरीले ग्रहों की पहचान करें।,"बुध, बृहस्पति, मंगल, शुक्र, टाइटन, पृथ्वी, शनि, प्लूटो।","पथरीले ग्रह हैं बुध, मंगल, शुक्र और पृथ्वी। बृहस्पति और शनि विशाल गैसीय ग्रह हैं, प्लूटो एक बौना ग्रह है, और टाइटन एक उपग्रह है।"
"निम्नलिखित चीज़ों को तीन श्रेणियों में बाँटिए: दुनिया के मुख्य द्वीप समूह, रासायनिक तत्व, और विलियम शेक्सपियर के नाटक: नियोन, हैम्लेट, मेडागास्कर, लोहा, ट्वेल्थ नाइट, बोर्नियो, क्लोरीन, मैकबेथ, आइसलैंड, सोना, ओथेलो, सिसिली।",,"दुनिया के मुख्य द्वीप समूह: मेडागास्कर, बोर्नियो, आइसलैंड, सिसिली
रासायनिक तत्व: नियोन, लोहा, क्लोरीन, सोना
विलियम शेक्सपियर के नाटक: हैम्लेट, ट्वेल्थ नाइट, मैकबेथ, ओथेलो"
ARPANET को कब बंद किया गया और इसके प्रारंभिक विकास और डिजाइन में कौन-कौन से प्रमुख व्यक्ति शामिल थे?,"एडवांस्ड रिसर्च प्रोजेक्ट्स एजेंसी नेटवर्क (ARPANET) एक प्रारंभिक पैकेट स्विचिंग नेटवर्क था और TCP/IP प्रोटोकॉल सूट को लागू करने वाला पहला नेटवर्क था। दोनों ही तकनीकें इंटरनेट की तकनीकी नींव बनीं। ARPANET की स्थापना संयुक्त राज्य अमेरिका के रक्षा विभाग की एडवांस्ड रिसर्च प्रोजेक्ट्स एजेंसी (ARPA) द्वारा की गई थी। इसका विकास 1966 में रॉबर्ट टेलर के निर्देशन में शुरू हुआ और इसे लॉरेंस रॉबर्ट्स ने डिज़ाइन किया था। पहले दो होस्ट कंप्यूटर 29 अक्टूबर, 1969 को कैलिफ़ोर्निया विश्वविद्यालय, लॉस एंजिल्स (UCLA) और स्टैनफोर्ड रिसर्च इंस्टीट्यूट (SRI) के बीच जुड़े थे। ARPANET को आधिकारिक तौर पर 1990 में बंद कर दिया गया और इसकी जगह इंटरनेट के व्यावसायिक ढाँचे ने ले ली।","ARPANET को आधिकारिक तौर पर 1990 में बंद कर दिया गया था। इसके प्रारंभिक विकास और डिजाइन में शामिल प्रमुख व्यक्तियों में रॉबर्ट टेलर शामिल हैं, जिन्होंने 1966 में इसके विकास का निर्देशन किया था, और लॉरेंस रॉबर्ट्स, जिन्होंने नेटवर्क को डिजाइन किया था।"
इस दिए गए पाठ को एक संक्षिप्त वाक्य में समेटिए।,"मोनार्क तितली पूर्ण रूपान्तरण से गुज़रती है, जिसमें चार अलग चरण होते हैं: अंडा, इल्ली (लार्वा), प्यूपा (कोकून), और वयस्क। यह प्रवासी कीट संयुक्त राज्य अमेरिका और कनाडा से लेकर मध्य मेक्सिको तक हज़ारों मील की अपनी विशाल वार्षिक यात्रा के लिए प्रसिद्ध है, जो अक्सर कई पीढ़ियों में पूरी होती है।","मोनार्क तितली एक प्रवासी कीट है जो अपने चार-चरण वाले रूपान्तरण और उत्तरी अमेरिका से मध्य मेक्सिको तक अपनी विशाल, कई पीढ़ियों वाली यात्रा के लिए प्रसिद्ध है।"
धरती के समुद्रों में सबसे गहरी जगह कौन सी है?,,"धरती के समुद्रों में सबसे गहरी ज्ञात जगह चैलेंजर डीप है, जो पश्चिमी प्रशांत महासागर के गुआम द्वीपों के पास मेरियाना ट्रेंच के दक्षिणी सिरे पर स्थित है। इसकी गहराई का अनुमान समुद्र तल से लगभग 10,935 मीटर (35,876 फ़ीट) नीचे लगाया गया है, जो इसे माउंट एवरेस्ट की ऊँचाई से काफी ज़्यादा गहरा बनाता है। केवल मुट्ठी भर खोजकर्ता ही कभी इस अत्यधिक, उच्च-दबाव वाले माहौल तक सफलतापूर्वक पहुँच पाए हैं।"
20वीं सदी में प्रकाशित अस्तित्ववादी दर्शन के सबसे ज़्यादा प्रभावशाली काम की पहचान करें और उसका विश्लेषण करें।,,"हालाँकि, ज्याँ-पॉल सार्त्र की किताब 'बीइंग एंड नथिंगनेस' (1943) ने 20वीं सदी के फ्रांसीसी अस्तित्ववाद के लिए पारलौकिक ढाँचा दिया था, लेकिन जिस काम का समाज और सोच पर तुरंत और लंबे समय तक असर रहा, वह है सिमोन द बोउवा की किताब 'द सेकंड सेक्स' (1949)। बोउवा ने पुरुष-प्रधान समाज और औरतों के सामाजिक रूप से बनने के तरीके की गहरी जाँच करने के लिए अस्तित्ववाद के विचारों—आज़ादी, ज़िम्मेदारी और 'दूसरे' (द अदर)—का इस्तेमाल किया। उनका मुख्य विचार, 'कोई औरत पैदा नहीं होती, बल्कि वह औरत बन जाती है', बाद में आए नारीवाद की दूसरी लहर और लिंग अध्ययन के लिए बुनियादी तर्क बन गया। इस लेख ने अस्तित्ववादी सोच को महज़ आत्मिक चिंतन से आगे बढ़ाया और उसे सामाजिक और राजनीतिक आलोचना पर मज़बूती से लागू किया, जिससे वास्तविक दुनिया में वैचारिक बदलाव आए, जो कि केवल अस्तित्व से जुड़े कामों के असर से कहीं ज़्यादा थे।"
"दिए गए पाठ के अनुसार, इंसान के कान के तीन मुख्य भागों और मध्य कान के अंदर पाई जाने वाली तीन छोटी हड्डियों के नाम बताइए।","इंसान का कान तीन भागों में बंटा होता है: बाहरी कान, मध्य कान, और अंदरूनी कान। बाहरी कान, जो मुख्य रूप से पिन्ना और कान की नली से बना होता है, ध्वनि तरंगों को इकट्ठा करता है। ये तरंगें कान की नली से तब तक नीचे जाती हैं जब तक वे कान के परदे (टिमपैनिक मेम्ब्रेन) से नहीं टकरातीं, जो मध्य कान की शुरुआत को चिन्हित करता है। मध्य कान एक हवा से भरा हुआ खोल होता है जिसमें ऑसिक्ल्स नामक तीन छोटी हड्डियाँ होती हैं: मैलियस (हथौड़ी), इनकस (निहाई), और स्टेपीज़ (रकाब)। ये हड्डियाँ कान के परदे से कंपन को अंडाकार खिड़की तक संचारित (आगे भेजती) और बढ़ाती हैं, जो अंदरूनी कान की ओर ले जाती है। अंदरूनी कान में कॉक्लिया होता है, जो एक द्रव-भरा, घुमावदार ढाँचा है, और यह यांत्रिक कंपन को तंत्रिका संकेतों में बदलने के लिए जिम्मेदार होता है। इसमें वेस्टिबुलर सिस्टम (संतुलन तंत्र) भी होता है, जो संतुलन के लिए बहुत महत्वपूर्ण है।","इंसान के कान के तीन मुख्य भाग बाहरी कान, मध्य कान, और अंदरूनी कान हैं। मध्य कान में पाई जाने वाली तीन छोटी हड्डियाँ (ऑसिक्ल्स) मैलियस (हथौड़ी), इनकस (निहाई), और स्टेपीज़ (रकाब) हैं।"
"सबसे बड़ा दर्ज किया गया भूकंप कितना बड़ा था, और इसकी तीव्रता मापने के लिए किस इकाई का उपयोग किया जाता है?",,"सबसे बड़ा दर्ज किया गया भूकंप 1960 का वाल्डिविया भूकंप था (जिसे महान चिली भूकंप के नाम से भी जाना जाता है), जो 22 मई, 1960 को आया था। इसकी तीव्रता 9.5 मापी गई थी। भूकंप की तीव्रता मुख्य रूप से मोमेंट मैग्नीट्यूड स्केल (एमएमएस) का उपयोग करके मापी जाती है, जिसने बड़ी घटनाओं के लिए पुराने रिक्टर स्केल (या स्थानीय तीव्रता स्केल) की जगह ले ली, क्योंकि एमएमएस जारी हुई कुल ऊर्जा का ज़्यादा सटीक आकलन प्रदान करता है।"
नोबेल पुरस्कार जीतने वाली पहली महिला कौन थी?,,"मैरी क्यूरी पहली महिला थीं जिन्होंने नोबेल पुरस्कार जीता, जो उन्हें 1903 में भौतिकी के लिए मिला था।"
"नीचे दी गई प्रोग्रामिंग भाषाओं में से कौन सी आमतौर पर कंपाइल की जाती हैं और कौन सी आमतौर पर इंटरप्रेट की जाती हैं, पहचानें: पायथन, सी++, जावास्क्रिप्ट, गो।",,पायथन और जावास्क्रिप्ट आमतौर पर इंटरप्रेट किए जाते हैं। सी++ और गो आमतौर पर कंपाइल किए जाते हैं।
घर के बगीचे में टमाटरों को सफलतापूर्वक उगाने के लिए तीन सबसे ज़रूरी कदम बताएं।,,"टमाटरों को सफलतापूर्वक उगाने के लिए तीन सबसे ज़रूरी कदम ये हैं: 1. **मिट्टी तैयार करना और लगाना:** सुनिश्चित करें कि मिट्टी उपजाऊ, हल्की तेज़ाबी और अच्छी तरह से पानी निकलने वाली हो। पौध (छोटे पौधे) को गहराई में लगाएँ, नीचे के पत्ते हटा दें, ताकि दबे हुए तने के साथ मज़बूत जड़ें बढ़ने को बढ़ावा मिले। 2. **लगातार पानी देना:** टमाटरों को गहरा और नियमित पानी चाहिए, खासकर फल बनने के दौरान। अनियमित पानी देने से फल फट सकते हैं और फल का निचला सिरा सड़ सकता है, इसलिए नमी का स्तर स्थिर बनाए रखें। 3. **सही सहारा और छँटाई:** भारी बेलों को ज़मीन से ऊपर रखने के लिए खंभे या जाली (केज) का उपयोग करें, जिससे हवा का संचार बेहतर हो। कोंपलों (छोटी टहनियाँ जो मुख्य तने और शाखा के बीच उगती हैं) की छँटाई करें ताकि ऊर्जा ज़्यादा पत्तों/शाखाओं के बजाय फल उत्पादन की ओर जाए।"
"अपने मैनेजर को एक ईमेल लिखें, जिसमें 15% वेतन वृद्धि के लिए अनुरोध किया गया हो और पिछले साल की आपकी ज़रूरी उपलब्धियाँ बताई गई हों।",,"विषय: वेतन समीक्षा का अनुरोध - [Your Name]

प्रिय [Manager's Name],

मुझे उम्मीद है कि आप ठीक होंगे।

मैं आपको अपने वर्तमान वेतन पैकेज की औपचारिक समीक्षा का अनुरोध करने के लिए लिख रहा/रही हूँ। चूँकि कंपनी में मेरी सालगिरह नज़दीक आ रही है, मेरा मानना है कि पिछले 12 महीनों में मेरे योगदान को देखते हुए एक ज़रूरी बदलाव होना चाहिए, ख़ास तौर पर 15% की वृद्धि, ताकि यह मेरी बढ़ी हुई ज़िम्मेदारियों और मेरी भूमिका के लिए मौजूदा बाज़ार दरों के हिसाब से सही रहे।

पिछले साल मेरे काम के मुख्य बिंदु ये हैं:

*   **परियोजना नेतृत्व:** मैंने प्रोजेक्ट X को सफलतापूर्वक लॉन्च किया और इस काम को निर्धारित समय से तीन हफ़्ते पहले और बजट से 10,000 डॉलर कम में पूरा किया।
*   **कार्यक्षमता में सुधार:** मैंने एक नया रिपोर्टिंग कार्यप्रवाह (workflow) बनाया और लागू किया, जिससे टीम के लिए तिमाही तैयारी का समय 25 घंटे कम हो गया।
*   **मार्गदर्शन और विकास:** मैंने दो नए जूनियर विश्लेषकों को सलाह दी, जो दोनों अब पूरी क्षमता पर काम कर रहे हैं और उन्हें दूसरी टीमों से भी अच्छा फ़ीडबैक मिला है।
*   **लक्ष्य प्राप्ति:** मैंने लगातार अपने तिमाही प्रदर्शन लक्ष्यों को पार किया, Q3 और Q4 के लिए अपने निर्धारित लक्ष्यों का 110% पूरा किया।

मैं [Company Name] के प्रति पूरी तरह समर्पित हूँ और आगे आने वाली चुनौतियों को लेकर उत्साहित हूँ। मैं अगले हफ़्ते एक व्यक्तिगत मीटिंग (one-on-one meeting) में अपने प्रदर्शन, भविष्य के लक्ष्यों और इस वेतन अनुरोध पर विस्तार से चर्चा करने का अवसर चाहूँगा/चाहूँगी। कृपया मुझे बताएं कि आपके लिए सबसे अच्छा समय क्या रहेगा।

आपके समय और विचार के लिए धन्यवाद।

साभार,
[Your Name]"
दिए गए पाठ के आधार पर कृत्रिम बुद्धिमत्ता के क्षेत्र की शुरुआत और आधारभूत घटना की पहचान करें।,"कृत्रिम बुद्धिमत्ता' (आर्टिफिशियल इंटेलिजेंस) शब्द आधिकारिक तौर पर 1956 में डार्टमाउथ कॉलेज के परिसर में आयोजित एक कार्यशाला में गढ़ा गया था। जॉन मैक्कार्थी द्वारा आयोजित, इसमें भाग लेने वालों में मार्विन मिंस्की, नथानिएल रोचेस्टर और क्लॉड शैनन शामिल थे। सम्मेलन के मुख्य प्रस्ताव में कहा गया था कि 'बुद्धिमत्ता के सीखने या किसी भी अन्य विशेषता के हर पहलू को सिद्धांत रूप में इतनी सटीकता से वर्णित किया जा सकता है कि एक मशीन को इसकी नक़ल करने के लिए बनाया जा सके।' इस कार्यशाला को आम तौर पर कृत्रिम बुद्धिमत्ता (एआई) के अध्ययन के क्षेत्र की आधारभूत घटना माना जाता है। इससे पहले, एलन ट्यूरिंग ने पहले ही अपने पेपर 'कम्प्यूटिंग मशीनरी एंड इंटेलिजेंस' (1950) के साथ गणना की सैद्धांतिक सीमाओं का पता लगा लिया था, जिसमें ट्यूरिंग परीक्षण की अवधारणा पेश की गई थी।","कृत्रिम बुद्धिमत्ता' शब्द 1956 में गढ़ा गया था। कृत्रिम बुद्धिमत्ता (एआई) के अध्ययन के क्षेत्र की आधारभूत घटना उसी वर्ष डार्टमाउथ कॉलेज में आयोजित एक कार्यशाला थी, जिसे जॉन मैक्कार्थी ने आयोजित किया था। मुख्य रूप से भाग लेने वालों में मार्विन मिंस्की शामिल थे। इससे पहले का सैद्धांतिक काम एलन ट्यूरिंग ने किया था, जिन्होंने 1950 में ट्यूरिंग परीक्षण पेश किया था।"
समय को पीछे करने के लिए इस्तेमाल होने वाले जादुई यंत्र का नाम क्या है?,,टाइम-टर्नर
"इंसुलिन की शुरुआती खोज और उसे बेहतर बनाने में शामिल चार मुख्य व्यक्तियों की सूची बनाएं, और अनुच्छेद में बताए गए उनके संबंधित योगदानों को स्पष्ट करें।","इंसुलिन की खोज का श्रेय मुख्य रूप से 1921 में टोरंटो में फ्रेडरिक बैंटिंग और चार्ल्स बेस्ट को दिया जाता है। बैंटिंग, एक युवा सर्जन (डॉक्टर), ने शुरुआती विचार रखा कि अग्न्याशय (पैंक्रियास) के आइलेट्स (छोटे हिस्सों) से निकाला गया अर्क (सत्त) मधुमेह (डायबिटीज) का इलाज कर सकता है। प्रोफ़ेसर जॉन जे.आर. मैकलियोड ने बैंटिंग को गर्मियों के लिए यूनिवर्सिटी ऑफ़ टोरंटो में लैब (प्रयोगशाला) की जगह दी, और चार्ल्स बेस्ट, जो कि एक मेडिकल छात्र थे, को उनके सहायक के रूप में नियुक्त किया। कुत्तों पर काम करते हुए, बैंटिंग और बेस्ट ने सफलतापूर्वक अग्न्याशय के आंतरिक स्राव (अंदरूनी रिसाव) को अलग किया, जिसे उन्होंने शुरुआत में 'आइलेटिन' कहा था। बाद में, जेम्स कौलिप, एक जीव रसायन विशेषज्ञ, ने सत्त को शुद्ध करने की प्रक्रिया को सुधारा, जिससे वह इंसानों के लिए सुरक्षित बन गया। पहला मानव रोगी, 14 वर्षीय लियोनार्ड थॉम्पसन, ने जनवरी 1922 में यह इलाज प्राप्त किया। उनके काम के लिए, 1923 में बैंटिंग और मैकलियोड को विवादास्पद रूप से शरीर विज्ञान या चिकित्सा में नोबेल पुरस्कार से सम्मानित किया गया, जिसे बैंटिंग ने तुरंत बेस्ट के साथ साझा किया, और मैकलियोड ने कौलिप के साथ साझा किया।","फ्रेडरिक बैंटिंग: शुरुआती विचार रखा और अग्न्याशय के स्राव ('आइलेटिन') को सफलतापूर्वक अलग किया।
चार्ल्स बेस्ट: स्राव को अलग करने के प्रयोगशाला (लैब) के काम में बैंटिंग की मदद की।
जॉन जे.आर. मैकलियोड: यूनिवर्सिटी ऑफ़ टोरंटो में लैब की जगह दी और बेस्ट को बैंटिंग के सहायक के रूप में नियुक्त किया।
जेम्स कौलिप: सत्त को शुद्ध (साफ़) करने की प्रक्रिया को सुधारा, जिससे वह इंसानों के इस्तेमाल के लिए सुरक्षित बन गया।"
बारिश वाले शनिवार की दोपहर के लिए तीन घर के अंदर के परिवारिक काम/खेल बताएं।,,"१. किला बनाकर पढ़ना: घर के अंदर एक बड़ा किला बनाने के लिए कंबल, कुर्सियाँ और तकिए इस्तेमाल करें। आराम से पढ़ने के लिए टॉर्च और किताबें अंदर ले आएं।
२. साथ में खाना/बेकिंग करें: कुकीज़ या ब्राउनीज़ जैसा कोई आसान नुस्खा चुनें। बेकिंग (पकाना) नापने की समझ सिखाने का एक अच्छा तरीका है और साथ ही एक स्वादिष्ट इनाम भी मिलता है।
३. बोर्ड गेम प्रतियोगिता: कुछ क्लासिक (पुराने) बोर्ड गेम या ताश के खेल (जैसे मोनोपोली, यूनो, या चेकर्स) निकालें और एक दोस्ताना प्रतियोगिता के लिए एक सूची (bracket) बनाएं।"
टिकाऊ खाद्य प्रणाली किसे कहते हैं?,,"एक टिकाऊ खाद्य प्रणाली वह है जो आने वाली पीढ़ियों के लिए आर्थिक, पर्यावरणीय और सामाजिक आधारों को ख़राब किए बिना सभी के लिए खाद्य सुरक्षा और पोषण सुनिश्चित करती है। मुख्य पहलुओं में कचरा कम करना, जैव विविधता को बढ़ावा देना, किसानों के लिए उचित मज़दूरी का समर्थन करना, और उत्पादन तथा परिवहन में जीवाश्म ईंधन पर निर्भरता को बहुत कम करना शामिल है।"
नीली व्हेल का सामान्य आहार और जीवनकाल बताएं।,,"नीली व्हेल (बैलेनोप्टेरा मस्कुलस) मुख्य रूप से 'क्रिल' नामक छोटे समुद्री जीवों को खाती है। एक वयस्क नीली व्हेल, ख़ुराक के चरम मौसम में, हर दिन 4 टन तक क्रिल खा सकती है। उनका औसत जीवनकाल 80 से 90 साल के बीच अनुमानित है, हालांकि कुछ व्हेल 100 साल से ज़्यादा भी जी सकती हैं।"
एक क्लासिक फ्रेंच बगेट बनाने के लिए चार मुख्य सामग्री क्या हैं?,,"क्लासिक फ्रेंच बगेट बनाने के लिए आवश्यक चार मुख्य सामग्री हैं: आटा (आमतौर पर ज़्यादा प्रोटीन वाला सफ़ेद आटा), पानी, ख़मीर, और नमक।"
"खाना पकाने के इन तरीकों (सेंकना, दम लगाकर पकाना, भाप में पकाना, गहरे तेल में तलना, भूनना, शोरबे में धीरे पकाना) को सूखा ताप, गीला ताप, या मिश्रित तरीकों में वर्गीकृत करें, और हर तरीके का संक्षेप में वर्णन करें।",,"तकनीकों को इस प्रकार वर्गीकृत किया गया है:

**सूखा ताप तरीके**

*   **सेंकना (Grilling):** यह सूखा ताप का वह तरीका है जिसमें भोजन को सीधे ऊष्मा स्रोत (जैसे कोयला या गैस बर्नर) के ऊपर रखकर तेज़ी से पकाया जाता है। इससे भोजन पर जलने के खास निशान और एक धुएँ जैसा स्वाद आता है।
*   **भूनना (Roasting):** यह ओवन (भट्टी) में गर्म, घूमती हुई हवा का उपयोग करके, आमतौर पर बिना ढके, बड़े मांस के टुकड़ों या पूरी सब्ज़ियों को पकाने का तरीका है। गर्मी भोजन को बाहर से अंदर की ओर धीरे-धीरे पकाती है।
*   **गहरे तेल में तलना (Deep-Frying):** यह खाना पकाने का वह तरीका है जहाँ भोजन को पूरी तरह से गर्म वसा या तेल के हौज में डुबोया जाता है। तेल का उच्च तापमान बाहरी हिस्से को तेज़ी से पकाकर एक कुरकुरी परत बनाता है, जबकि अंदर नमी बनी रहती है।

**गीला ताप तरीके**

*   **भाप में पकाना (Steaming):** यह वह तरीका है जिसमें भोजन को गर्म वाष्प या भाप से घेरकर पकाया जाता है। यह तकनीक सब्ज़ियों और समुद्री भोजन के रंग, बनावट और पोषक तत्वों को बनाए रखने में मदद करती है, क्योंकि भोजन सीधे पकाने वाले तरल (पानी) के संपर्क में नहीं आता है।

**मिश्रित तरीके**

*   **दम लगाकर पकाना (Braising):** इसमें दो चरणों वाली प्रक्रिया शामिल है: पहला, भोजन (अक्सर मांस का एक बड़ा, सख़्त टुकड़ा) रंग और स्वाद विकसित करने के लिए वसा में हल्का तला/सेका जाता है (सूखा ताप)। दूसरा, इसे तरल (पानी या शोरबे) में आंशिक रूप से डुबोकर, ढककर, धीमी आँच पर लंबे समय तक पकाया जाता है (गीला ताप)।
*   **शोरबे में धीरे पकाना (Stewing):** यह दम लगाकर पकाने के समान है, लेकिन इसमें भोजन को छोटे, एक जैसे टुकड़ों में काटा जाता है, पहले सेका जाता है, और फिर पूरी तरह से तरल में डुबोकर पकाया जाता है। यह अक्सर सख़्त सामग्री को नरम करने और गाढ़ी चटनी या तरी (ग्रेवी) बनाने के लिए इस्तेमाल किया जाता है।"
छिपकली और बिल्ली में से कौन गर्म खून वाला जानवर है और कौन ठंडे खून वाला जानवर है,,"छिपकली ठंडे खून वाली है, बिल्ली गर्म खून वाली है"
आल्बर्ट आइंस्टीन की तीन मुख्य उपलब्धियाँ बताओ।,,"आल्बर्ट आइंस्टीन की मुख्य उपलब्धियों में शामिल हैं: विशेष सापेक्षता के सिद्धांत को विकसित करना, सामान्य सापेक्षता के सिद्धांत को बनाना, और प्रकाशविद्युत प्रभाव की व्याख्या करना (जिसके लिए उन्हें नोबेल पुरस्कार मिला था)।"
ऑस्ट्रेलिया की राजधानी क्या है?,,ऑस्ट्रेलिया की राजधानी कैनबरा है।
टेककॉर्प के मुख्य प्रतिद्वंद्वी ने कुल बाज़ार का कितना प्रतिशत हिस्सा हासिल किया है?,"टेककॉर्प ने अपने तीसरी तिमाही (क्यू3) के नतीजे घोषित किए, जिसमें $5.4 अरब का राजस्व बताया गया, जो पिछले साल की तुलना में 15% की वृद्धि है। उनका मुख्य प्रतिद्वंद्वी, ग्लोबल सिस्टम्स इंक., 40% बाज़ार हिस्सेदारी रखता है। टेककॉर्प फ़िलहाल कुल बाज़ार का 28% हिस्सा हासिल करता है। संचालन खर्च $3.1 अरब तक पहुँच गए। शेयर की कीमत $155.80 पर बंद हुई, जो उस दिन के लिए 2.5% कम थी।",40%
रोज़ाना दिल के व्यायाम के मुख्य फ़ायदे क्या हैं?,,"रोज़ाना दिल को मज़बूत करने वाला व्यायाम (जैसे दौड़ना, तैरना, या साइकिल चलाना) सेहत के बहुत से फ़ायदे देता है। शारीरिक तौर पर, यह दिल और फेफड़ों को ताक़तवर बनाता है, जिससे काम करने की क्षमता और सहनशक्ति बढ़ती है। यह टाइप 2 शुगर (मधुमेह), दिल की बीमारी, और हाई ब्लड प्रेशर जैसी पुरानी बीमारियों के ख़तरे को काफ़ी हद तक कम करता है। इसके अलावा, व्यायाम कैलोरी जलाकर और पाचन क्रिया (मेटाबॉलिज्म) को तेज़ करके वज़न क़ाबू करने में मदद करता है। दिमागी तौर पर, यह तनाव कम करने का एक ज़बरदस्त ज़रिया है, यह एंडोर्फिन (खुशी देने वाले रसायन) छोड़ता है जो मिज़ाज को बेहतर कर सकता है और बेचैनी (घबराहट) और उदासी के लक्षणों को घटा सकता है। लंबे समय के फ़ायदों में मज़बूत हड्डियां और बेहतर नींद शामिल है, जो कुल मिलाकर लंबी उम्र और जीवन की गुणवत्ता में काफ़ी योगदान देती हैं।"
मार्वल सिनेमैटिक यूनिवर्स (एम.सी.यू.) की अभूतपूर्व सफलता में किन कारकों का योगदान रहा?,,"मार्वल सिनेमैटिक यूनिवर्स (एम.सी.यू.) एक बहुत बड़ी मीडिया फ़्रैंचाइज़ी है जो अब तक की सबसे ज़्यादा कमाई करने वाली फ़िल्म सीरीज़ बन गई है, जिसने 2008 में 'आयरन मैन' के रिलीज़ होने के बाद से ब्लॉकबस्टर सिनेमा को नई परिभाषा दी है। इसकी सफलता दीर्घकालिक रणनीतिक योजना, किरदारों की अपील और शैलियों (genres) में ढलने की क्षमता के अनूठे मेल में निहित है।

सबसे पहले, साझा (shared) फ़िल्मी दुनिया की अवधारणा है। निर्माता केविन फ़ाइगी के मार्गदर्शन में, मार्वल स्टूडियोज़ ने कई फ़िल्मों तक फैली हुई आपस में जुड़ी कहानियों (जिन्हें 'चरण' या 'फ़ेज़' कहा जाता है) का विचार पेश किया। यह ढाँचा एक फ़िल्म के सहायक किरदारों को दूसरी फ़िल्मों में मुख्य किरदार बनने देता है, जो बड़े मिलन की घटनाओं ('द एवेंजर्स' फ़िल्मों की तरह) में समाप्त होता है। इस रणनीतिक क्रमबद्धता ने दर्शकों में वफ़ादारी की भावना को बढ़ावा दिया, और फ़्रैंचाइज़ी की व्यापक कहानी और दुनिया के इतिहास में लंबे समय के निवेश का उन्हें इनाम मिला।

दूसरा, एम.सी.यू. एक जैसी शैली बनाए रखते हुए शैलियों के मिश्रण (हाइब्रिडाइज़ेशन) में उत्कृष्ट है। हालाँकि सभी फ़िल्में एक्शन और रोमांच पर आधारित हैं, लेकिन फ़्रैंचाइज़ी अक्सर अलग-अलग तरह के अंदाज़ के साथ प्रयोग करती है। 'कैप्टन अमेरिका: द विंटर सोल्जर' जैसी फ़िल्में राजनीतिक जासूसी थ्रिलर (रोमांचक फ़िल्मों) के रूप में काम करती हैं, 'गार्डियंस ऑफ़ द गैलेक्सी' एक अंतरिक्ष ओपेरा कॉमेडी है, और 'थॉर: रैगनारॉक' कॉमेडी और फ़ैंटेसी (कल्पना) की ओर अधिक झुकाव रखती है। शैली में बदलाव की यह सहजता सामग्री को बासी होने से रोकती है, और उन विविध दर्शकों को आकर्षित करती है जो पारंपरिक रूप से सुपरहीरो फ़िल्मों की तरफ़ नहीं खिंचे चले आते हैं।

किरदारों का विकास और कलाकारों का चुनाव भी बहुत महत्वपूर्ण रहा है। मार्वल ने ऐसे अभिनेताओं को खोजने को प्राथमिकता दी जो किरदारों की दीर्घकालिक शख्सियत को मूर्त रूप दे सकें, जैसे आयरन मैन के रूप में रॉबर्ट डाउनी जूनियर और कैप्टन अमेरिका के रूप में क्रिस इवांस। कई फ़िल्मों के अनुबंधों ने दर्शकों को इन हीरोज़ के साथ बड़ा होने दिया, जिससे जब किरदारों की बड़ी कहानियाँ समाप्त होती हैं या किरदारों को हटा दिया जाता है, तो एक गहरा भावनात्मक जुड़ाव बनता है। ध्यान वेशभूषा (costumes) और शक्तियों पर कम, बल्कि हीरोज़ की इंसानियत और उनकी कमियों पर ज़्यादा रहता है।

अंत में, एम.सी.यू. ने अपने रणनीतिक रिलीज़ कैलेंडर का लाभ उठाया। सालाना लगातार दो या तीन बड़ी फ़िल्में रिलीज़ करके और टेलीविज़न सीरीज़ (डिज़्नी प्लस जैसे प्लेटफॉर्म के माध्यम से) को एकीकृत करके, फ़्रैंचाइज़ी लोकप्रिय संस्कृति में लगातार बनी रहती है। बड़ी फ़िल्म रिलीज़ को वैश्विक सांस्कृतिक कार्यक्रमों के रूप में माना जाता है, जिससे बड़े पैमाने पर बॉक्स ऑफ़िस राजस्व प्राप्त होता है और एक दशक से अधिक समय तक प्रासंगिकता बनी रहती है। सामग्री की यह निरंतर पाइपलाइन यह सुनिश्चित करती है कि यह दुनिया हमेशा सक्रिय और फैलती हुई महसूस हो।"
"मुहावरे ""जंपिंग द शार्क"" (jumping the shark) की शुरुआत और मतलब क्या है?",,"यह मुहावरा किसी टीवी शो, बैंड या सांस्कृतिक चीज़ के इतिहास में उस पल को दर्शाता है जब वह अपनी अहमियत बनाए रखने की हताश कोशिश में सनसनीखेज, अक्सर बेतुके कहानी के मोड़ों या हथकंडों का सहारा लेता है, जो उसकी खूबी में भारी गिरावट का संकेत देता है। यह मुहावरा 1977 में टीवी शो *हैप्पी डेज़* के एक ख़ास एपिसोड से आया है, जहाँ फॉन्ज़ी (हेनरी विंकलर) नाम के किरदार ने वॉटर स्कीइंग करते हुए सचमुच शार्क के ऊपर से छलांग लगाई थी।"
"पाठ में बताए गए सभी प्रमुख भौगोलिक स्थानों या प्रसिद्ध ऐतिहासिक स्थलों को पहचानें और उन्हें वर्णमाला के क्रम में, कॉमा से अलग करके सूचीबद्ध करें।","जूलियस सीज़र ने 49 ईसा पूर्व में रुबिकॉन नदी पार की, जिससे एक गृहयुद्ध छिड़ गया। उसकी जीतों ने रोमन गणराज्य का क्षेत्र बहुत बढ़ा दिया, जो गॉल से लेकर इंग्लिश चैनल के पार ब्रिटानिया तक, और दक्षिण में मिस्र तक फैला हुआ था। राजधानी रोम, अपने प्रभावशाली कोलोसियम और फ़ोरम के साथ, शक्ति का केंद्र बनी रही। हालाँकि उसने कभी जर्मनिया को नहीं जीता, लेकिन उसके प्रभाव ने पूरे भूमध्य सागर क्षेत्र को आकार दिया, जिसे अक्सर 'मारे नोस्ट्रम' कहा जाता था।","ब्रिटानिया, कोलोसियम, मिस्र, इंग्लिश चैनल, फ़ोरम, गॉल, जर्मनिया, भूमध्य सागर, रोम, रुबिकॉन"
एफिल टावर कब और क्यों बनाया गया था?,,"एफिल टावर को 1887 और 1889 के बीच 1889 के विश्व मेले (एक्सपोज़िशन यूनिवर्सैल) के लिए बनाया गया था, जो फ्रांसीसी क्रांति की 100वीं वर्षगांठ का जश्न मना रहा था। इसका उद्देश्य मेले के प्रवेश द्वार के मेहराब के रूप में काम करना था और शुरू में इसे केवल 20 साल तक खड़े रहने की योजना थी।"
ऑस्ट्रेलिया की राजधानी क्या है?,,कैनबरा
सक्रिय शेयर चुनने के मुकाबले निष्क्रिय सूचकांक निधि (इंडेक्स फंड) में निवेश करने के मुख्य कारण क्या हैं?,,"निष्क्रिय निवेश, जो आमतौर पर कम लागत वाले इंडेक्स फंडों के माध्यम से होता है, मुख्य रूप से कुशल बाज़ार परिकल्पना (ईएमएच) पर आधारित है। यह परिकल्पना बताती है कि सभी उपलब्ध जानकारी पहले से ही शेयरों की कीमतों में दिखती है, जिससे किसी भी प्रबंधक के लिए शुल्क (फीस) काटने के बाद लगातार बाज़ार से बेहतर प्रदर्शन करना बेहद मुश्किल हो जाता है। मुख्य तर्कों में शामिल हैं: 1) **कम खर्च:** निष्क्रिय फंडों का खर्च अनुपात (एक्सपेंस रेशियो) सक्रिय रूप से प्रबंधित फंडों की तुलना में काफी कम होता है, जिसका असर दशकों में बहुत बड़ा होता है। 2) **विविधीकरण (फैलाव):** निष्क्रिय फंड तुरंत व्यापक विविधीकरण प्राप्त कर लेते हैं, जो बाज़ार के कुल जोखिम प्रोफ़ाइल को दर्शाता है। 3) **पुख्ता सबूत:** कई अध्ययनों से पता चलता है कि सक्रिय फंड प्रबंधकों का एक बड़ा हिस्सा 10 साल या उससे अधिक की अवधि में अपने मानक सूचकांकों (जैसे एसएंडपी 500) को हराने में विफल रहता है। इससे औसत निवेशक के लिए लगातार अल्फ़ा (बाज़ार से अधिक रिटर्न) हासिल करना दुर्लभ और महंगा हो जाता है। यह तरीका बाज़ार के दीर्घकालिक रिटर्न को भरोसेमंद तरीके से पकड़ता है।"
मैं भेजने से पहले एक पेशेवर ईमेल को तेज़ी और असरदार तरीके से कैसे जाँच कर ठीक कर सकता हूँ?,,"दबाव में सुधार करने के लिए एक व्यवस्थित और प्राथमिकता-आधारित तरीका ज़रूरी है। एक पेशेवर ईमेल भेजने से पहले उसे तेज़ी और असरदार तरीके से ठीक करने के लिए, इन कदमों का पालन करें:
1) **प्राप्तकर्ता/संलग्नक की जाँच:** दोबारा जाँच लें कि 'टू' और 'सीसी' के हिस्सों में सही प्राप्तकर्ता हैं, और यह भी कि कोई भी वादा किया गया संलग्नक (अटैचमेंट) वास्तव में जोड़ा गया है। तुरंत शर्मिंदगी या देरी से बचने के लिए यह सबसे ज़रूरी कदम है।
2) **विषय पंक्ति स्पष्टता जाँच:** सुनिश्चित करें कि विषय पंक्ति संक्षिप्त है (आदर्श रूप से 5-8 शब्द) और ईमेल की सामग्री और अत्यावश्यकता को सही ढंग से दर्शाती है (जैसे, पहले [कार्रवाई आवश्यक] या [केवल जानकारी के लिए] लगाएँ)।
3) **लहजा और प्रवाह जानने के लिए ज़ोर से पढ़ें:** पूरे ईमेल को ज़ोर से पढ़ें, लय और पेशेवर लहजे पर ध्यान दें। सुनने से बहुत लंबे वाक्य, अस्पष्ट वाक्यांश, या विषय में अचानक बदलाव पकड़े जा सकते हैं, जिन्हें चुपचाप पढ़ने पर अक्सर अनदेखा कर दिया जाता है।
4) **'कार्रवाई बिंदु' को अलग करें:** यदि ईमेल में प्राप्तकर्ता से किसी कार्रवाई की अपेक्षा है, तो उन विशिष्ट कार्यों को अपने नाम (हस्ताक्षर) से ठीक ऊपर एक क्रमांकित या बुलेटेड सूची में संक्षेप में लिखें। यह मुख्य अनुरोधों को मुख्य पाठ में दबे रह जाने से बचाता है।
5) **उल्टी प्रूफरीडिंग:** ईमेल को वाक्य-दर-वाक्य, पीछे की ओर पढ़ें। यह सामग्री के प्रवाह पर ध्यान केंद्रित करने को बाधित करता है और आपके दिमाग को विशेष रूप से वर्तनी, बड़े अक्षर और विराम चिह्नों पर ध्यान देने के लिए मजबूर करता है, जिससे बुनियादी टंकण (टाइपिंग) त्रुटियाँ काफी कम हो जाती हैं।
6) **अनावश्यक भारी शब्द और टाल-मटोल खत्म करें:** भराव वाले शब्द, अत्यधिक विशेषण/योग्यता बताने वाले शब्द (""मुझे लगता है,"" ""कुछ हद तक,"" ""शायद""), और अनावश्यक व्यावसायिक शब्दावली हटा दें। सीधी और संक्षिप्त भाषा का उपयोग करें।"
फलों की नीचे दी गई सूची को वर्णमाला के क्रम में लगाएँ।,"सेब, केला, कीवी, संतरा, चकोतरा, चेरी","सेब, केला, चेरी, चकोतरा, कीवी, संतरा"
कितने महीनों में 28 दिन होते हैं?,,सभी बारह महीनों में कम से कम 28 दिन होते हैं।
"पाठ में ज़िक्र किए गए सभी खास सालों को पहचानें और उन्हें क्रम से (समय के अनुसार) सूचीबद्ध करें, जिसके बाद उस जुड़ी हुई घटना का छोटा विवरण दें।","मैरी स्कोल्दोव्स्का का जन्म 7 नवंबर, 1867 को वारसॉ, पोलैंड में हुआ था। वह सोरबोन में पढ़ने के लिए 1891 में पेरिस चली गईं। 1895 में, उन्होंने पियरे क्यूरी से शादी की। इस जोड़े ने ज़बरदस्त शोध किया, जिसके परिणामस्वरूप उन्हें विकिरण पर किए गए अध्ययन के लिए 1903 में भौतिकी का नोबेल पुरस्कार मिला, जिसे उन्होंने हेनरी बेकरेल के साथ साझा किया। दुखद रूप से, पियरे की 1906 में एक सड़क दुर्घटना में मृत्यु हो गई। मैरी ने अपना काम जारी रखा और 1911 में, उन्हें पोलोनियम और रेडियम की खोज के लिए, इस बार रसायन विज्ञान (केमिस्ट्री) में दूसरा नोबेल पुरस्कार मिला। उनका निधन 1934 में हो गया।","1867: वारसॉ, पोलैंड में जन्म।
1891: सोरबोन में पढ़ने के लिए पेरिस गईं।
1895: पियरे क्यूरी से शादी की।
1903: भौतिकी का नोबेल पुरस्कार मिला।
1906: पियरे क्यूरी की मृत्यु हो गई।
1911: रसायन विज्ञान का नोबेल पुरस्कार मिला।
1934: निधन हो गया।"
मैं चॉकलेट चिप कूकीज़ का एक घान बना रहा हूँ लेकिन पता चला कि मेरे पास अंडे खत्म हो गए हैं। एक सामान्य कूकी नुस्खे में बाँधने (जोड़ने) और नमी के लिए अंडे के सबसे अच्छे विकल्प क्या हैं?,,"सामान्य चॉकलेट चिप कूकीज़ के लिए, अंडा मुख्य रूप से बाँधने वाले के रूप में काम करता है और नमी जोड़ता है। यहाँ तीन असरदार विकल्प दिए गए हैं:

1. अलसी या चिया का अंडा: 1 बड़ा चम्मच पिसी हुई अलसी या चिया के बीजों को 3 बड़े चम्मच पानी के साथ मिलाएँ, इसे 5 मिनट के लिए छोड़ दें जब तक यह चिपचिपा/जेली जैसा न हो जाए। यह बाँधने और अंडे की सफेदी की चिपचिपी बनावट की नकल करने के लिए बहुत बढ़िया है।

2. फल का गूदा (सेब का गूदा या मथा हुआ केला): प्रति अंडे के लिए 1/4 कप बिना मीठा किया हुआ सेब का गूदा या मथे हुए पके केले का उपयोग करें। ये नमी तो जोड़ते हैं लेकिन स्वाद को थोड़ा बदल सकते हैं और शायद कूकीज़ को ज़्यादा चबाने लायक या केक जैसी (नर्म) बना सकते हैं। 

3. दही या छाछ: प्रति अंडे के लिए 1/4 कप सादा दही (दूध वाला या बिना दूध वाला) या छाछ का उपयोग करें। यह नमी और बाँधने की संरचना दोनों देता है। यदि आप ज़्यादा नमी वाले विकल्पों जैसे गूदा या दही का उपयोग कर रहे हैं, तो हमेशा बाकी तरल सामग्री को थोड़ा कम करने पर विचार करें।"
कला में क्यूबिज़्म के बुनियादी सिद्धांत समझाओ।,,"क्यूबिज़्म बीसवीं सदी की शुरुआत का एक बहुत असरदार अग्रणी कला आंदोलन था, जिसकी शुरुआत पाब्लो पिकासो और जॉर्ज ब्रैक ने की थी। इसका मुख्य सिद्धांत पारंपरिक नज़रीये से पूरी तरह हट जाना है, जिसमें विषयों को एक ही तस्वीर के धरातल पर एक ही समय में कई अलग-अलग कोनों से दिखाया जाता है। इस तरीके से अक्सर टूटे हुए (खंडित), अमूर्त आकार और ज्यामितीय, आपस में गुंथे हुए धरातल बनते हैं। इसे आम तौर पर दो मुख्य चरणों में बांटा जाता है: विश्लेषणात्मक क्यूबिज़्म (शुरुआती दौर, एकरंगा, जटिल टूटन) और सिंथेटिक क्यूबिज़्म (बाद का दौर, आसान आकार, कोलाज की शुरुआत)।"
नीचे दिए गए मापों को लीटर में बदलें और जवाब को दो दशमलव स्थानों तक गोल करके दें।,"4.5 गैलन, 12 क्वार्ट, 33 फ़्लूइड औंस","4.5 गैलन ≈ 17.03 लीटर
12 क्वार्ट ≈ 11.36 लीटर
33 फ़्लूइड औंस ≈ 0.98 लीटर"
पनामा नहर को सफलतापूर्वक बनाने में सबसे बड़ी रुकावट क्या थी?,,"सबसे बड़ा खतरा क्यूलेब्रा कट को काट कर रास्ता बनाने की इंजीनियरिंग का कारनामा नहीं था; बल्कि यह एक अदृश्य दुश्मन था: बीमारी। फ्रांस की शुरुआती कोशिश पूरी तरह से मलेरिया और पीत ज्वर के भारी प्रकोप के कारण नाकाम हो गई, जिसने उनके कर्मचारियों को तबाह कर दिया था। जब अमेरिकियों ने कार्यभार संभाला, तो कर्नल विलियम सी. गॉर्गस को निर्माण जारी रखने से पहले मच्छरों की आबादी को मूल रूप से खत्म करना पड़ा। उन्होंने दलदली ज़मीन को सुखाया, इमारतों में धूमन किया, और बड़े पैमाने पर साफ-सफाई का बुनियादी ढाँचा स्थापित किया। मानवीय क्षति चौंकाने वाली थी—अनुमान बताते हैं कि फ्रांस और अमेरिका दोनों के निर्माण प्रयासों के दौरान कुल मिलाकर 25,000 से अधिक कर्मचारी मारे गए। इसे अक्सर इंजीनियरिंग के सबसे बड़े कारनामों में से एक कहा जाता है, लेकिन यह उष्णकटिबंधीय बीमारियों के खिलाफ सबसे बड़ी लड़ाई में से एक भी थी।"
चार्ल्स डिकेन्स के 'दो शहरों की कहानी' के मशहूर शुरुआती वाक्य में मुख्य साहित्यिक अलंकार कौन सा इस्तेमाल किया गया है?,,विरोधाभास और समानांतरता
"नीचे दी गई साहित्यिक रचनाओं की मूल भाषा बताएं: वॉर एंड पीस, १९८४, डॉन क्विक्ज़ोट, फ़ॉस्ट, वन हंड्रेड इयर्स ऑफ़ सॉलिट्यूड, द एपिक ऑफ़ गिलगमेश, हैमलेट।",,"वॉर एंड पीस: रूसी
१९८४: अंग्रेज़ी
डॉन क्विक्ज़ोट: स्पेनिश
फ़ॉस्ट: जर्मन
वन हंड्रेड इयर्स ऑफ़ सॉलिट्यूड: स्पेनिश
द एपिक ऑफ़ गिलगमेश: अक्काडियन
हैमलेट: अंग्रेज़ी"
"रोसेटा स्टोन पर कौन से तीन अलग-अलग लेख खुदे हुए हैं, और यह कलाकृति ऐतिहासिक भाषा विज्ञान के लिए इतनी ज़रूरी क्यों थी?","रोसेटा स्टोन ग्रेनोडायोराइट से बना हुआ एक शिलालेख है जिस पर एक ही फ़रमान (आदेश) के तीन रूप खुदे हुए हैं। यह फ़रमान टॉलेमी वंश के दौरान 196 ईसा पूर्व में मिस्र के मेम्फिस शहर में जारी किया गया था। ऊपरी और मध्य लेख क्रमशः प्राचीन मिस्री चित्रलिपि (हायरोग्लिफ़्स) और डेमोतिक लिपि में हैं, जबकि नीचे का लेख प्राचीन यूनानी भाषा में है। चूंकि इस फ़रमान का मतलब तीनों लिपियों में लगभग एक जैसा था, इसलिए इस पत्थर ने 1822 में ज़ाँ-फ़्रांस्वा शॉम्पोलियों द्वारा मिस्री चित्रलिपि को समझने (गूढ़लेख पढ़ने) के लिए महत्वपूर्ण चाबी प्रदान की। इसकी खोज से पहले, चित्रलिपि को समझने की जानकारी लगभग 1,500 वर्षों से खो चुकी थी।","रोसेटा स्टोन में तीन लेख शामिल हैं: प्राचीन मिस्री चित्रलिपि, डेमोतिक लिपि, और प्राचीन यूनानी भाषा। यह ऐतिहासिक भाषा विज्ञान के लिए इसलिए ज़रूरी था क्योंकि तीनों संस्करणों में एक ही फ़रमान था, जिसने ज़ाँ-फ़्रांस्वा शॉम्पोलियों को 1822 में मिस्री चित्रलिपि को समझने में मदद की, और इस तरह लगभग 1,500 वर्षों से खोए हुए ज्ञान को वापस बहाल किया जा सका।"
माइटोकॉन्ड्रिया का मुख्य काम क्या है और उन्हें अक्सर क्या उपनाम दिया जाता है?,"माइटोकॉन्ड्रिया झिल्ली-युक्त अंगक होते हैं जो लगभग सभी यूकेरियोटिक कोशिकाओं के कोशिका-द्रव्य में पाए जाते हैं। उनका प्राथमिक कार्य कोशिका की अधिकांश एडिनोसिन ट्राइफॉस्फेट (एटीपी) की आपूर्ति उत्पन्न करना है, जिसका उपयोग रासायनिक ऊर्जा के स्रोत के रूप में किया जाता है। इस प्रक्रिया को कोशिकीय श्वसन कहा जाता है, जिसमें ऑक्सीजन और पोषक तत्वों को एटीपी में बदलना शामिल है। चूंकि वे ऊर्जा उत्पादन के लिए आवश्यक हैं, इसलिए उन्हें अक्सर 'कोशिका के ऊर्जा घर' का उपनाम दिया जाता है। वे कोशिका विभेदन, संकेत संचरण और प्रोग्राम्ड कोशिका मृत्यु (एपोप्टोसिस) में भी महत्वपूर्ण भूमिका निभाते हैं।",माइटोकॉन्ड्रिया का प्राथमिक कार्य कोशिकीय श्वसन के माध्यम से कोशिका की एडिनोसिन ट्राइफॉस्फेट (एटीपी) की आपूर्ति उत्पन्न करना है। उन्हें अक्सर 'कोशिका के ऊर्जा घर' का उपनाम दिया जाता है।
टिकाऊ शहरी खड़ी (ऊपर-नीचे वाली) खेती पर आधारित एक नई कंपनी के लिए तीन संभावित नाम सोचिए। हर नाम के लिए एक छोटी वजह (तर्क) भी दीजिए।,,"खड़ी खेती वाली नई कंपनी के लिए ये तीन संभावित नाम हैं:

1. **एयरोस्प्रॉउट (AeroSprout):** इसमें 'एयरो' (हवा और हाइड्रोपोनिक्स से संबंधित) और 'स्प्रॉउट' (बढ़ोतरी और ताज़गी) को मिलाकर तेज़, आधुनिक खेती का सुझाव दिया गया है।
2. **टेरास्टैक (TerraStack):** 'टेरा' का संबंध धरती/उपज से है, जबकि 'स्टैक' शहरों में इस्तेमाल होने वाले परतदार, खड़ी खेती के तरीके को बताता है।
3. **सिटीहार्वेस्ट कलेक्टिव (CityHarvest Collective):** यह नाम शहरी जगह ('सिटी'), लक्ष्य ('हार्वेस्ट' यानी फसल), और स्थानीय रूप से उगाए गए भोजन के सामूहिक पहलू पर ज़ोर देता है।"
अमेरिकी फ़ेडरल रिज़र्व प्रणाली के कार्य और ढाँचे की व्याख्या करें।,,"अमेरिकी फ़ेडरल रिज़र्व प्रणाली (द फ़ेड) संयुक्त राज्य अमेरिका का केंद्रीय बैंक है। इसकी स्थापना 1913 में फ़ेडरल रिज़र्व अधिनियम द्वारा की गई थी। इसका मुख्य उद्देश्य देश को एक सुरक्षित, ज़्यादा लचीली, और ज़्यादा स्थिर मौद्रिक और वित्तीय प्रणाली प्रदान करना है। फ़ेड कांग्रेस के निर्देश पर काम करता है, लेकिन इसके नीतिगत फ़ैसले आमतौर पर राजनीतिक हस्तक्षेप से आज़ाद होते हैं। यह ढाँचा लंबी अवधि की स्थिरता सुनिश्चित करने के लिए बनाया गया है।

फ़ेडरल रिज़र्व कांग्रेस द्वारा तय किए गए 'दोहरे जनादेश' पर काम करता है: रोज़गार को अधिकतम करना और स्थिर कीमतें बनाए रखना (यानी, महँगाई को नियंत्रित करना)। इसकी ज़िम्मेदारियाँ वित्तीय प्रणाली की स्थिरता बनाए रखने और बैंकिंग क्षेत्र की निगरानी करने की भी हैं।

ढाँचे के तौर पर, फ़ेड तीन मुख्य हिस्सों से बना है। पहला, 'गवर्नरों का बोर्ड' मुख्य प्रशासनिक निकाय है, जिसमें राष्ट्रपति द्वारा नियुक्त और सीनेट द्वारा पुष्ट किए गए सात गवर्नर शामिल होते हैं। निरंतरता बनाए रखने के लिए ये गवर्नर 14 साल के अलग-अलग क्रम के कार्यकाल के लिए काम करते हैं। बोर्ड के अध्यक्ष को अक्सर दुनिया में सबसे शक्तिशाली आर्थिक पदों में से एक माना जाता है। दूसरा, इस प्रणाली में बारह क्षेत्रीय फ़ेडरल रिज़र्व बैंक शामिल हैं, जो अलग-अलग भौगोलिक ज़िलों में काम करते हैं और अपने क्षेत्र के सदस्य बैंकों की निगरानी करते हैं। तीसरा, नीति के लिए सबसे ज़रूरी हिस्सा 'फ़ेडरल ओपन मार्केट कमेटी' (एफ़ओएमसी) है। एफ़ओएमसी में सात गवर्नर, न्यूयॉर्क फ़ेड के अध्यक्ष, और बाकी ग्यारह क्षेत्रीय बैंकों के चार बारी-बारी से चुने गए अध्यक्ष शामिल होते हैं। एफ़ओएमसी देश की मौद्रिक नीति तय करने के लिए ज़िम्मेदार है।

फ़ेड मौद्रिक नीति को लागू करने के लिए तीन मुख्य उपकरणों का उपयोग करता है। सबसे ज़्यादा इस्तेमाल किया जाने वाला उपकरण 'ओपन मार्केट ऑपरेशन्स' (खुले बाज़ार का संचालन, ओएमओ) है, जिसमें खुले बाज़ार में अमेरिकी सरकारी प्रतिभूतियों की ख़रीद और बिक्री शामिल है। जब फ़ेड प्रतिभूतियाँ ख़रीदता है, तो यह बैंकिंग प्रणाली में पैसा डालता है, जिससे मुद्रा आपूर्ति बढ़ती है और ब्याज दरें घटती हैं; प्रतिभूतियाँ बेचने से इसका उलटा होता है। एक और उपकरण 'डिस्काउंट दर' है, जो वह ब्याज दर है जिस पर व्यावसायिक बैंक सीधे फ़ेड से पैसा उधार ले सकते हैं। आख़िर में, फ़ेड 'रिज़र्व की ज़रूरतों' को समायोजित कर सकता है, जो यह तय करता है कि बैंकों को जमा राशि का कितना प्रतिशत रिज़र्व के तौर पर रखना है, न कि उसे क़र्ज़ के रूप में देना है। इन कारकों को नियंत्रित करके, फ़ेड पूरे क़र्ज़ देने के माहौल को प्रभावित करता है और, अंततः, अर्थव्यवस्था के लिए लक्ष्य ब्याज दर को प्रभावित करता है, जिसे 'फ़ेडरल फ़ंड्स दर' के नाम से जाना जाता है।"
परिचालन तंत्र के कर्नेल का मुख्य काम समझाओ।,,"कर्नेल (Kernel) परिचालन तंत्र का केंद्रीय हिस्सा होता है। इसका मुख्य काम सिस्टम के संसाधनों को संभालना है, जिनमें मेमोरी, सीपीयू (CPU) प्रबंधन, इनपुट/आउटपुट उपकरण, और प्रक्रियाओं के बीच बातचीत शामिल है। यह हार्डवेयर और सॉफ्टवेयर एप्लीकेशनों के बीच पुल का काम करता है।"
"दी गई जानकारी का इस्तेमाल करते हुए, प्लूटो की खोज की सही तारीख बताएं और उस खगोलशास्त्री की पहचान करें जिसने शुरू में 'प्लूटो एक्स' के होने की कल्पना की थी।","प्लूटो को आधिकारिक तौर पर 18 फरवरी, 1930 को एरिजोना में लोवेल वेधशाला में क्लाइड टॉम्बो द्वारा खोजा गया था। उस समय टॉम्बो 24 साल के थे और उन्हें 'प्लूटो एक्स' (एक काल्पनिक ग्रह जिसकी भविष्यवाणी पर्सीवल लोवेल ने की थी) का पता लगाने का काम सौंपा गया था। 76 सालों तक, प्लूटो को हमारे सौर मंडल का नौवां ग्रह माना जाता था। हालांकि, 2006 में, अंतर्राष्ट्रीय खगोलीय संघ (आईएयू) ने ग्रहों की स्थिति के लिए नए नियम तय करने के बाद प्लूटो को 'बौना ग्रह' के रूप में फिर से वर्गीकृत किया। ऐसा मुख्य रूप से काइपर बेल्ट में इसी तरह के एक बड़े पिंड, एरिस, की खोज के कारण हुआ।","प्लूटो की खोज 18 फरवरी, 1930 को हुई थी। 'प्लूटो एक्स' के अस्तित्व की कल्पना शुरू में पर्सीवल लोवेल ने की थी।"
"विज्ञान कल्पना की एक अति-लघु कहानी लिखिए, ठीक 100 शब्दों की। कहानी एक भूले हुए चंद्र चौकी पर तैनात लाइब्रेरियन पर केंद्रित होनी चाहिए और उसमें 'निर्वात की चुप्पी' यह वाक्यांश शामिल होना चाहिए।",,"एलेरा ने सेक्टर गामा के होलोग्राफिक संग्रह से धूल झाड़ी। चंद्र बेस 'आर्गस' तकनीकी रूप से सक्रिय था, लेकिन वह उसकी अकेली निवासी थी—एक भूले हुए युग की आखिरी इतिहासकार। उसने दस्ताने वाले हाथ को एक टूटे हुए डेटा-क्रिस्टल पर फेरा, जिस पर लिखा था, ""पृथ्वी का मौसम पैटर्न: विनाश से पहले।"" उसकी एकमात्र साथी जीवन रक्षक प्रणाली की हल्की गूँज और गुंबद से छोटे उल्कापिंडों के टकराने की कभी-कभार होने वाली, बेचैन कर देने वाली धमक थी। बाहर, वह उजाड़ फैली हुई थी जिसे वह बहुत अच्छी तरह जानती थी। वह बारिश की आवाज़, या यहाँ तक कि यातायात के शोर के लिए तरसती थी, लेकिन इसके बजाय, उसे केवल अत्यधिक खालीपन मिला था। उसके सूट में एक ठंडक दौड़ गई। उसने मुख्य एयरलॉक देखने का पोर्ट खोला, तारों से भरे क्षितिज को देखती हुई, और अपने अकेलेपन की गहराई में उसने 'निर्वात की चुप्पी' सुनी, एक ऐसी आवाज़ जो किसी भी बोले गए शब्द से भारी थी। रिकॉर्ड्स तो इंतज़ार कर रहे थे, लेकिन अब उन्हें कौन पढ़ेगा?"
"पेनिसिलिन की खोज किसने की थी, और यह खोज किस साल हुई थी?","पेनिसिलिन की खोज स्कॉटिश डॉक्टर अलेक्जेंडर फ्लेमिंग ने 1928 में लंदन के सेंट मैरीज़ अस्पताल में काम करते हुए की थी। उन्होंने देखा कि फफूँदी (मोल्ड) से दूषित होने के कारण, जिसका नाम *पेनिसिलियम नोटेटम* था, वह एक पेट्री डिश में *स्टेफाइलोकोकस* बैक्टीरिया के कल्चर को बढ़ने से रोक रही थी। हालांकि, फ्लोरी और चेन ने 1940 के दशक की शुरुआत में इसे एक इस्तेमाल करने लायक दवा के रूप में विकसित किया, जिससे दूसरे विश्व युद्ध के दौरान इसका बड़े पैमाने पर उत्पादन शुरू हुआ। फ्लेमिंग ने अपनी खोज को मूल रूप से 1929 में ब्रिटिश जर्नल ऑफ एक्सपेरिमेंटल पैथोलॉजी में प्रकाशित किया था, लेकिन इसका चिकित्सकीय महत्व अगले दशक तक पूरी तरह से पहचाना नहीं गया था।",पेनिसिलिन की खोज स्कॉटिश डॉक्टर अलेक्जेंडर फ्लेमिंग ने 1928 में की थी। उन्होंने यह अवलोकन लंदन के सेंट मैरीज़ अस्पताल में तब किया जब उन्होंने देखा कि *पेनिसिलियम नोटेटम* नामक फफूँदी (मोल्ड) *स्टेफाइलोकोकस* बैक्टीरिया को बढ़ने से रोक रही थी।
"नीचे दिए गए काल्पनिक पात्रों को उनके मुख्य स्रोत माध्यम के आधार पर समूह बनाओ: शेरलोक होम्स, हैरी पॉटर, वाल्टर वाइट, स्कारलेट ओ'हारा, डेनेरीस टारगैरियन, कैप्टन कर्क, मिकी माउस।",,"किताब: शेरलोक होम्स, हैरी पॉटर, स्कारलेट ओ'हारा
टीवी श्रंखला: वाल्टर वाइट, डेनेरीस टारगैरियन, कैप्टन कर्क
कार्टून/फ़िल्म: मिकी माउस"
सौर मंडल में ज्ञात सबसे बड़ा चाँद कौन सा है?,,"सौर मंडल का सबसे बड़ा चाँद गेनीमेड है, जो बृहस्पति के चारों ओर चक्कर लगाता है। यह असल में ग्रह बुध और बौने ग्रह प्लूटो से भी व्यास में बड़ा है, और यह अकेला ऐसा चाँद है जिसके बारे में ज्ञात है कि इसका अपना चुंबकीय क्षेत्र है।"
दिए गए परिच्छेद में बताए गए एआई शोध की फंडिंग में शुरुआती गिरावट ('एआई विंटर') के मुख्य कारण और नतीजों की पहचान करें।,"शुरुआती एआई शोध 1950 के दशक में शुरू हुआ। 1956 में हुई डार्टमाउथ कार्यशाला को व्यापक रूप से एआई के क्षेत्र के जन्म के रूप में माना जाता है। इसमें जॉन मैकार्थी (जिन्होंने 'आर्टिफिशियल इंटेलिजेंस' शब्द गढ़ा), मार्विन मिंस्की, नथानिएल रोचेस्टर और क्लाउड शैनन शामिल थे। शुरुआती आशावाद बहुत अधिक था; मिंस्की ने 1967 में यह भविष्यवाणी करके प्रसिद्धि पाई कि 'एक पीढ़ी के भीतर... 'कृत्रिम बुद्धिमत्ता' बनाने की समस्या काफी हद तक हल हो जाएगी।' फंडिंग मुख्य रूप से अमेरिकी रक्षा विभाग, विशेष रूप से अर्पा (बाद में डार्पा) से आती थी। मुख्य कार्यक्रमों में प्राकृतिक भाषा संसाधन (लिस्प प्रोग्रामिंग) और सामान्य समस्या हल करने वाले (जीपीएस) पर शोध शामिल था। हालाँकि, 1970 के दशक के मध्य तक, मशीन अनुवाद जैसी जटिल प्रणालियों की विफलता और यूके में लाइटहिल रिपोर्ट ने शुरुआती दृष्टिकोणों की सीमाओं को उजागर कर दिया, जिससे पहला 'एआई विंटर' शुरू हुआ। इस अवधि में सरकारी फंडिंग में, खासकर सामान्य शोध के लिए, महत्वपूर्ण कटौती देखी गई। रोबोटिक्स, जो कि एक संबंधित क्षेत्र है, औद्योगिक उपयोगों द्वारा समर्थित होने के कारण मामूली रूप से बढ़ता रहा, बजाय शुद्ध रक्षा अनुसंधान के। 1980 के दशक में विशेषज्ञ प्रणालियों के उदय और व्यावसायिक सफलता के साथ रुचि फिर से जागी, जिससे निजी निवेश आकर्षित हुआ।","यह गिरावट मुख्य रूप से मशीन अनुवाद जैसी जटिल प्रणालियों की विफलता और यूके में लाइटहिल रिपोर्ट के कारण हुई, जिसने शुरुआती दृष्टिकोणों की सीमाओं को उजागर किया। इसका परिणाम पहला 'एआई विंटर' था, जिसकी पहचान सरकारी फंडिंग में, विशेष रूप से सामान्य शोध के लिए, महत्वपूर्ण कटौती से हुई।"
"लिखे गए पाठ के आधार पर, सामान्य कृत्रिम बुद्धिमत्ता (ए.जी.आई.) के विकास से जुड़ी 'तालमेल की समस्या' क्या है?","सही मायने में सामान्य कृत्रिम बुद्धिमत्ता (ए.जी.आई.) का विकास कई नैतिक चुनौतियाँ पैदा करता है। एक बड़ी चिंता 'तालमेल की समस्या' के इर्द-गिर्द घूमती है, जिसमें यह सुनिश्चित किया जाता है कि ए.जी.आई. के लक्ष्य इंसानी मूल्यों के साथ मेल खाते रहें। अगर किसी ए.जी.आई. सिस्टम की उपयोगिता इंसानी भलाई से थोड़ी सी भी भटक जाती है, तो इसके विनाशकारी नतीजे हो सकते हैं, भले ही उस सिस्टम को फायदेमंद बनाने के लिए ही डिज़ाइन किया गया हो। इस भटकाव को अक्सर साधारण बुरी नीयत से ज़्यादा खतरनाक माना जाता है, क्योंकि एक अत्यधिक बुद्धिमान, भटका हुआ सिस्टम इंसानी जीवन की परवाह किए बिना, कुशलता से किसी गैर-मानवीय लक्ष्य, जैसे संसाधनों का सबसे अच्छा इस्तेमाल करने, का पीछा कर सकता है।",तालमेल की समस्या' वह चुनौती है जिसमें यह सुनिश्चित किया जाता है कि ए.जी.आई. के लक्ष्य इंसानी मूल्यों के साथ मेल खाते रहें।
नेटफ्लिक्स के संस्थापक कौन थे और कंपनी कब स्थापित की गई थी?,"नेटफ्लिक्स इंक. एक अमेरिकी सदस्यता-आधारित, मांग पर वीडियो वाली ओटीटी स्ट्रीमिंग सेवा और निर्माण कंपनी है। इसकी स्थापना 29 अगस्त, 1997 को स्कॉट्स वैली, कैलिफ़ोर्निया में रीड हेस्टिंग्स और मार्क रैंडोल्फ द्वारा की गई थी। शुरुआत में, यह कंपनी यू.एस. डाक सेवा के माध्यम से निश्चित दर पर किराए के शुल्क वाली डाक द्वारा डीवीडी (DVD-by-mail) सेवा चलाती थी। स्ट्रीमिंग सेवाओं की शुरुआत 2007 में हुई, और 2010 तक, नेटफ्लिक्स ने अपनी मूल डीवीडी मॉडल से हटते हुए अगले दशक में अपनी सेवाओं का बहुत अधिक विस्तार कर लिया था।","नेटफ्लिक्स की स्थापना 29 अगस्त, 1997 को संस्थापक रीड हेस्टिंग्स और मार्क रैंडोल्फ द्वारा स्कॉट्स वैली, कैलिफ़ोर्निया में की गई थी।"
एक आम आधुनिक फ़ुल-स्टैक वेब ऐप्लिकेशन बनाने के लिए ज़रूरी बुनियादी घटकों (हिस्सों) का ख़ाका तैयार करें।,,"एक आधुनिक फ़ुल-स्टैक वेब ऐप्लिकेशन में आम तौर पर कई मुख्य, एक-दूसरे पर निर्भर घटक होते हैं जो सामग्री (content) दिखाने और उपयोगकर्ता के साथ बातचीत (interactions) संभालने के लिए मिलकर काम करते हैं:
1. फ़्रंटएंड (क्लाइंट की तरफ़): यह वह हिस्सा है जो उपयोगकर्ता को दिखाई देता है (यूज़र इंटरफ़ेस). यह सामग्री को दिखाने (render करने) और उपयोगकर्ता से इनपुट संभालने के लिए ज़िम्मेदार होता है. आम तकनीकों में जावास्क्रिप्ट फ़्रेमवर्क शामिल हैं, जैसे कि रिएक्ट, एंगुलर, या वियू।
2. बैकएंड (सर्वर की तरफ़): इस घटक में ऐप्लिकेशन का तर्क (logic) होता है, यह फ़्रंटएंड से आने वाले अनुरोधों को संभालता है, सुरक्षा का प्रबंधन करता है, और डेटाबेस से संपर्क करता है. तकनीकों में अक्सर नोड.जेएस (एक्स्प्रेस), पाइथन (जैंगो/फ़्लास्क), या रूबी (रेल्स) शामिल होते हैं।
3. डेटाबेस: इसका उपयोग ऐप्लिकेशन के डेटा (जैसे उपयोगकर्ता प्रोफ़ाइलें, सामग्री, आदि) को स्थायी रूप से संग्रहीत करने के लिए किया जाता है. उदाहरणों में एसक्यूएल डेटाबेस (पोस्टग्रेएसक्यूएल, मायएसक्यूएल) या नोएसक्यूएल डेटाबेस (मोंगोडीबी, कसांड्रा) शामिल हैं।
4. एपीआई (ऐप्लिकेशन प्रोग्रामिंग इंटरफ़ेस): यह संचार की एक परत (communication layer) के रूप में कार्य करता है, जो उन नियमों को निर्धारित करता है जिनके द्वारा फ़्रंटएंड और बैकएंड एक-दूसरे से बात कर पाते हैं. इसे अक्सर रेस्ट या ग्राफ़क्यूएल का उपयोग करके लागू किया जाता है।
5. डिप्लॉयमेंट/होस्टिंग का ढाँचा: यह वह वातावरण है जहाँ ऐप्लिकेशन चलाया जाता है और उपयोगकर्ता इस तक पहुँच पाते हैं (जैसे कि एडब्ल्यूएस, एज़्यूर, गूगल क्लाउड जैसे क्लाउड प्लेटफ़ॉर्म, या फ़्रंटएंड के लिए वर्सेल/नेटलिफ़ाई जैसी सेवाएँ)।"
समझाइए कि ब्लैक होल क्या है और यह कैसे बनता है।,,"ब्लैक होल (कृष्ण विवर) समय-अंतरिक्ष का एक ऐसा क्षेत्र है जो इतना मज़बूत गुरुत्वाकर्षण प्रभाव दिखाता है कि कुछ भी – यहाँ तक कि छोटे कण या प्रकाश जैसी विद्युत-चुंबकीय किरणें भी – इसके अंदर से बचकर बाहर नहीं निकल सकतीं। ब्लैक होल की इस 'सतह' को 'घटना क्षितिज' कहा जाता है; यह उस सीमा को निर्धारित करती है जिसके भीतर से किसी का भी बाहर निकलना असंभव होता है। ब्लैक होल मुख्य रूप से तब बनते हैं जब बहुत विशाल तारे (आमतौर पर सूरज के द्रव्यमान से 20 गुना या उससे ज़्यादा) अपना नाभिकीय ईंधन खत्म कर देते हैं और 'सुपरनोवा' नामक एक घटना में अपने ही गुरुत्वाकर्षण के भारी वज़न के नीचे ढह जाते हैं। यह सिकुड़न तारे के बचे हुए द्रव्यमान को एक अनंत रूप से घने बिंदु में दबा देती है, जिसे 'विलक्षणता' कहा जाता है।"
मज़बूत सीआई/सीडी (CI/CD) पाइपलाइन स्थापित करने के लिए ज़रूरी कदम क्या हैं?,,"एक मज़बूत निरंतर एकीकरण/निरंतर वितरण (सीआई/सीडी) पाइपलाइन स्थापित करने में कई अहम चरण शामिल होते हैं। शुरुआत में, एक भरोसेमंद स्रोत नियंत्रण प्लेटफ़ॉर्म (जैसे गिट) को मानकीकृत करें, और पुल अनुरोधों के माध्यम से सख्त शाखा नीतियों और अनिवार्य कोड की जाँच को लागू करें। इसके बाद, निरंतर एकीकरण पर ध्यान दें: कोड जमा होते ही तुरंत बनाने, जाँचने (यूनिट और एकीकरण), और स्थिर विश्लेषण की प्रक्रियाओं को जेनकिंस, गिटलैब सीआई, या गिटहब एक्शन्स जैसे उपकरणों का उपयोग करके स्वचालित करें। अंत में, निरंतर वितरण को लागू करें: अपने एप्लिकेशन को कंटेनर में डालें (डॉकर), विभिन्न वातावरणों (डेव, स्टेजिंग, प्रॉड) में निरंतरता (कंसिस्टेंसी) के लिए एक व्यवस्थापक (जैसे कुबेरनेटीज़) का उपयोग करें, और आर्गोसीडी या स्पिननेकर जैसे विशेष उपकरणों का उपयोग करके डिप्लॉयमेंट प्रक्रिया को स्वचालित करें, यह सुनिश्चित करते हुए कि निगरानी और स्वचालित रोलबैक क्षमताएँ भी शामिल हों।"
ब्लॉकचेन तकनीक के मुख्य हिस्से और उसके संभावित इस्तेमाल समझाओ।,,"ब्लॉकचेन तकनीक असल में एक बंटा हुआ, विकेन्द्रीकृत, और अपरिवर्तनीय खाता-बही है जो बहुत से कम्प्यूटरों पर लेन-देन को दर्ज करता है। इसके मुख्य हिस्सों में सुरक्षा और अपरिवर्तनीयता पक्की करने के लिए कूटलेखन हैशिंग शामिल है, और डेटा के नए ब्लॉकों को मंज़ूरी देने के लिए सहमति तंत्र होते हैं। यह ढाँचा किसी केंद्रीय अधिकार की ज़रूरत को ख़त्म करता है। बिटकॉइन जैसी क्रिप्टोकरेंसी में अपने प्राथमिक इस्तेमाल से परे, ब्लॉकचेन को सप्लाई चेन में पारदर्शिता, सुरक्षित डिजिटल पहचान के प्रबंधन, और स्मार्ट कॉन्ट्रैक्ट्स के ज़रिए जटिल वित्तीय समझौतों को आसान बनाने के लिए भी खोजा जा रहा है।"
नीचे दी गई शहरों की सूची को अक्षर के क्रम में लगाएँ और हर चीज़ को 1 से शुरू करके संख्या दें।,"लंदन, टोक्यो, न्यू यॉर्क, पैरिस, सिडनी, रोम","1. लंदन, 2. न्यू यॉर्क, 3. पैरिस, 4. रोम, 5. सिडनी, 6. टोक्यो"
"दी गई कर्मचारियों के नामों की सूची को उनके आख़िरी नाम (सरनेम) के हिसाब से वर्णमाला क्रम में लगाएँ, और आख़िरी नतीजे को इस रूप में दिखाएँ: आख़िरी नाम, पहला नाम।","जेन डो, माइकल चेन, सारा एंडरसन, टॉम मिलर","एंडरसन, सारा
चेन, माइकल
डो, जेन
मिलर, टॉम"
एक हैश मैप की अवधारणा और कंप्यूटर विज्ञान में इसके प्राथमिक कार्य की व्याख्या करें।,,"एक **हैश मैप**, जिसे अक्सर **हैश टेबल** भी कहा जाता है, एक अमूर्त डेटा ढाँचा (abstract data structure) है जो एक सहयोगी ऐरे (associative array) डेटा प्रकार को लागू करता है। यह एक ऐसा ढाँचा है जो कुंजियों (keys) को मानों (values) से जोड़ सकता है। इसे डेटा को 'कुंजी-मान' के जोड़ों में संग्रहीत करने के लिए डिज़ाइन किया गया है, जहाँ हर कुंजी खास (unique) होती है और इसका उपयोग इससे जुड़े मान को तेज़ी से प्राप्त करने के लिए किया जाता है।

एक हैश मैप का मुख्य कार्य डेटा डालने (insertion), हटाने (deletion), और ढूँढने (lookup) के कामों के लिए लगभग स्थिर समय जटिलता (आमतौर पर O(1)) प्राप्त करना है। यह तेज़ी एक **हैश फ़ंक्शन** के उपयोग से हासिल की जाती है, जो इनपुट कुंजी को एक खास सूचकांक (index), या 'बकेट' (जगह), में बदल देता है जो अंतर्निहित ऐरे ढाँचे के अंदर होता है। यह सीधा मानचित्रण (mapping) एक के बाद एक कई चीज़ों को ढूँढने की ज़रूरत को खत्म कर देता है।

**कार्यप्रणाली (तरीका):**
1. **हैशिंग (Hashing):** जब डेटा डाला जाता है, तो कुंजी को एक हैश फ़ंक्शन में भेजा जाता है, जो एक पूर्णांक सूचकांक (integer index) आउटपुट करता है। यह सूचकांक तय करता है कि मान (value) ऐरे में कहाँ संग्रहीत होगा।
2. **संग्रह (Storage):** मान को गणना किए गए सूचकांक पर रखा जाता है।
3. **पाना (Retrieval):** डेटा पाते समय, सटीक सूचकांक स्थान जानने के लिए कुंजी को फिर से हैश किया जाता है, जिससे मान तक तुरंत पहुँच मिल जाती है।

**टकराव समाधान (Collision Resolution):**
हैश फ़ंक्शन एकदम सही नहीं होते, और यह संभव है कि दो अलग-अलग कुंजियाँ एक ही सूचकांक उत्पन्न करें; इसे **टकराव (Collision)** कहा जाता है। हैश मैप का प्रदर्शन इस बात पर बहुत निर्भर करता है कि इन टकरावों को कितनी कुशलता से संभाला जाता है। सामान्य तरीकों में शामिल हैं:
*   **चेनिंग (Chaining):** ऐरे में हर बकेट (जगह) में उन सभी कुंजी-मान जोड़ों की एक लिंक्ड लिस्ट या छोटा ऐरे होता है जो उस सूचकांक पर हैश हुए हैं।
*   **ओपन एड्रेसिंग (जाँच/Probing):** यदि कोई सूचकांक पहले से ही भरा हुआ है, तो एल्गोरिदम व्यवस्थित रूप से अगले खाली स्थान की तलाश करता है (उदाहरण के लिए, लीनियर प्रोबिंग या क्वाड्रैटिक प्रोबिंग)।"
डोमेन नेम सिस्टम (डीएनएस) का मुख्य काम क्या है?,"डोमेन नेम सिस्टम (डीएनएस) इंटरनेट की फ़ोन बुक है। लोग इंटरनेट पर जानकारी डोमेन नामों के ज़रिए पाते हैं, जैसे कि उदाहरण.कॉम। मगर, वेब ब्राउज़र इंटरनेट प्रोटोकॉल (आईपी) पतों के ज़रिए काम करते हैं। डीएनएस डोमेन नामों को आईपी पतों में बदलता है ताकि ब्राउज़र इंटरनेट के संसाधन लोड कर सकें। बदलने का यह तरीक़ा आधुनिक इंटरनेट चलाने के लिए बहुत ज़रूरी है और इससे पतों को बड़े पैमाने पर इस्तेमाल करना मुमकिन होता है। डीएनएस क्वेरी कई तरह की होती हैं, जिनमें रिकर्सिव और इटरेटिव क्वेरी शामिल हैं, जो यह तय करती हैं कि नेम सर्वर किसी अनुरोध को हल करने के लिए कैसे काम करते हैं।","डोमेन नेम सिस्टम (डीएनएस) का मुख्य काम ऐसे डोमेन नामों (जैसे उदाहरण.कॉम) को, जिन्हें इंसान पढ़ सकते हैं, इंटरनेट प्रोटोकॉल (आईपी) पतों में बदलना है, जिससे वेब ब्राउज़र इंटरनेट के संसाधन ढूंढ सकें और लोड कर सकें।"
क्या सूरज को मुख्य अनुक्रम तारा गिना जाता है?,,हाँ
सूरज से उनकी दूरी के हिसाब से भीतरी पथरीले ग्रहों के नाम बताओ।,,"भीतरी पथरीले ग्रह हैं: बुध, शुक्र, पृथ्वी और मंगल।"
बताएँ कि बेसबॉल में 'डिफेंसिव शिफ़्ट' क्या होता है और इसे सीमित करने के लिए लागू किए गए नए नियम परिवर्तनों का विवरण दें।,,"डिफेंसिव शिफ़्ट क्षेत्ररक्षण (फ़ील्डिंग) करने वाली टीमों द्वारा इस्तेमाल की जाने वाली एक रणनीति है, जिसमें कई इनफ़ील्डर—कभी-कभी तीन या चारों—अपनी पारंपरिक स्थिति छोड़कर मैदान के एक तरफ, आमतौर पर दाहिनी तरफ, चले जाते हैं। ऐसा उस बल्लेबाज़ को रोकने के लिए किया जाता है जो गेंद को उस दिशा में ज़ोर से 'पुल' (खींचकर मारना) करने के लिए जाना जाता है। 2023 सीज़न की शुरुआत से, एमएलबी (मेजर लीग बेसबॉल) ने शिफ़्ट को सीमित करने के लिए नए नियम लागू किए। मुख्य परिवर्तनों में यह अनिवार्य किया गया है कि दो इनफ़ील्डर पूरी तरह से सेकंड बेस के बाईं ओर तैनात होने चाहिए और दो पूरी तरह से दाईं ओर तैनात होने चाहिए। इसके अलावा, जब पिचर गेंद फेंकने की प्रक्रिया शुरू करता है, तो सभी चारों इनफ़ील्डरों के दोनों पैर मिट्टी वाले इनफ़ील्ड पर होने चाहिए। यह उन्हें कम गहराई वाले आउटफ़ील्डरों की तरह खेलने से रोकता है।"
साझा संपत्ति की त्रासदी' को परिभाषित करें और समझाएँ।,,"साझा संपत्ति की त्रासदी एक आर्थिक सिद्धांत है जो साझा-संसाधन प्रणाली में एक ऐसी स्थिति का वर्णन करता है, जहाँ व्यक्तिगत उपयोगकर्ता अपने निजी स्वार्थ के अनुसार स्वतंत्र रूप से काम करते हुए, अपने सामूहिक कार्यों के ज़रिए उस संसाधन को खत्म या खराब करके सभी उपयोगकर्ताओं के सामूहिक भले के विपरीत व्यवहार करते हैं। इस शब्द को पर्यावरण वैज्ञानिक गैरेट हार्डिन ने 1968 में लोकप्रिय बनाया था। यह 'त्रासदी' इसलिए पैदा होती है क्योंकि हर तर्कसंगत उपयोगकर्ता संसाधन का अधिक उपयोग करके लाभ कमाता है (कम समय का निजी फायदा), जबकि संसाधन के खराब होने की लागतें (लंबे समय का सार्वजनिक नुकसान) सभी लोग समान रूप से उठाते हैं। प्रमुख उदाहरणों में ज़्यादा मछली पकड़ना, प्रदूषण, या सार्वजनिक पार्क संसाधनों का अत्यधिक उपयोग शामिल है।"
खुद चलने वाली गाड़ियों को सुरक्षित रूप से चलने और रास्ता ढूँढने के लिए कौन-कौन सी ज़रूरी तकनीकें चाहिए?,,"खुद चलने वाली गाड़ियों का काम कई मुख्य तकनीकों के जटिल तालमेल पर निर्भर करता है। इनमें शामिल हैं: आस-पास के माहौल का बहुत सटीक 3D नक्शा बनाने के लिए लाइडार (LiDAR), गति और दूरी मापने के लिए राडार सेंसर, और पैदल चलने वालों, ट्रैफिक लाइटों और सड़क के संकेतों जैसी चीज़ों को पहचानने के लिए हाई-डेफिनिशन (HD) कैमरों से चलने वाला कंप्यूटर विज़न। मशीन लर्निंग के एल्गोरिदम (algorithms) ड्राइविंग के फैसले लेने के लिए सेंसर डेटा की इस भारी मात्रा को तुरंत प्रोसेस करते हैं, जबकि बहुत सटीक जीपीएस (GPS) और पहले से मैप किए गए HD नक्शे ज़रूरी रास्ते की जानकारी (नेविगेशन) देते हैं।"
एजाइल सॉफ़्टवेयर बनाने के मुख्य सिद्धांतों को एक छोटे पैराग्राफ़ में संक्षेप में बताएं।,,"एजाइल प्रोजेक्ट मैनेजमेंट (परियोजना प्रबंधन) का एक दोहराया जाने वाला (इटरटिव) तरीक़ा है, जिसका उपयोग मुख्य रूप से सॉफ़्टवेयर विकास में होता है। यह टीमों को सॉफ़्टवेयर बनाने की अनिश्चितता का जवाब देने में मदद करता है। इसके मुख्य सिद्धांत लचीलेपन, मिलकर काम करने वाले संवाद (बातचीत), और बदलाव के लिए तुरंत ढल जाने पर आधारित हैं। यह विस्तृत दस्तावेज़ीकरण (documentation) की तुलना में काम कर रहे सॉफ़्टवेयर को प्राथमिकता देता है, स्प्रिंट (sprints) कहे जाने वाले छोटे विकास चक्रों पर निर्भर करता है, और यह सुनिश्चित करने के लिए लगातार प्रतिक्रिया (फ़ीडबैक) माँगता है कि अंतिम उत्पाद उपयोगकर्ताओं की बदलती ज़रूरतों को पूरा करे।"
"बेतार तकनीक बनाने वालों ने इसका नाम ""ब्लूटूथ"" क्यों चुना?","ब्लूटूथ एक कम दूरी की बेतार तकनीक का मानक है, जिसका इस्तेमाल कम दूरियों पर स्थिर और चलने वाले उपकरणों के बीच जानकारी के आदान-प्रदान के लिए किया जाता है। इसे डॉ. जाप हार्ट्सन ने 1994 में एरिक्सन के लिए काम करते हुए ईजाद किया था। इस तकनीक का नाम 10वीं सदी के स्कैंडिनेवियाई राजा, हैराल्ड ""ब्लूटूथ"" गोर्मसन से आया है, जो आपस में लड़ रही डेनिश क़बीलों को एकजुट करने के लिए जाने जाते थे। यह नाम 1997 में इंटेल के जिम कार्डाच ने सुझाया था, जो उस समय *द लॉन्ग शिप्स* नामक उपन्यास पढ़ रहे थे। इरादा यह था कि ब्लूटूथ तकनीक संचार प्रोटोकॉल को एकजुट करेगी, ठीक वैसे ही जैसे राजा ने डेनमार्क और नॉर्वे के क़बीलों को एकजुट किया था। ब्लूटूथ का लोगो दो नॉर्डिक रून्स: हेगल्ल (ᚼ) और बेरकानन (ᛒ) को मिलाकर बना एक 'बाइंड रून' है, जो हैराल्ड ब्लूटूथ के शुरुआती अक्षर हैं।","यह नाम इसलिए चुना गया क्योंकि यह 10वीं सदी के स्कैंडिनेवियाई राजा, हैराल्ड ""ब्लूटूथ"" गोर्मसन से प्रेरित था। जिस तरह राजा हैराल्ड ने आपस में लड़ रहे डेनिश क़बीलों को एकजुट किया था, उसी तरह इस तकनीक का इरादा भी अलग-अलग उपकरणों के बीच संचार प्रोटोकॉल को एकजुट करना था।"
"दिए गए पाठ के अनुसार, जेन ऑस्टिन ने कितने मुख्य उपन्यास पूरे किए?","जेन ऑस्टिन (16 दिसंबर 1775 – 18 जुलाई 1817) एक अंग्रेज़ी उपन्यासकार थीं, जिनकी ज़मीनदार वर्ग पर आधारित प्रेम कथा (रोमांटिक फ़िक्शन) की रचनाओं ने उन्हें अंग्रेज़ी साहित्य में सबसे ज़्यादा पढ़ी जाने वाली लेखिकाओं में से एक का स्थान दिलाया। उन्होंने छह मुख्य उपन्यास पूरे किए: *सेंस एंड सेंसिबिलिटी*, *प्राइड एंड प्रेजुडिस*, *मैन्सफील्ड पार्क*, *एम्मा*, *नॉर्थऐंगर ऐबी*, और *परसुएशन*।",जेन ऑस्टिन ने छह मुख्य उपन्यास पूरे किए।
"दी गई सूची के आधार पर, किन आविष्कारकों ने अपनी बताई गई खोज या आविष्कार 1880 से पहले किया था?","प्रसिद्ध आविष्कारक और वैज्ञानिक और उनकी सबसे प्रसिद्ध खोज या आविष्कार का अंदाज़न वर्ष:

थॉमस एडिसन: गरमागरम बल्ब (1879)
अलेक्जेंडर ग्राहम बेल: टेलीफोन का पेटेंट (1876)
निकोल टेस्ला: टेस्ला कॉइल का पेटेंट (1891)
मैरी क्यूरी: रेडियम का अलगाव (1910)",थॉमस एडिसन और अलेक्जेंडर ग्राहम बेल
पाठ के अनुसार एक सफल चीते के पीछा करने की सामान्य अवधि क्या है?,"चीता (एसिनोनिक्स जुबेटस) अफ्रीका और मध्य ईरान का मूल निवासी एक बड़ा जानवर है। यह सबसे तेज़ ज़मीनी जानवर है, जो थोड़े समय के लिए 80 से 128 किलोमीटर प्रति घंटे (km/h) की गति से दौड़ने में सक्षम है। हालांकि, औसत सफल पीछा छोटा होता है, जो आमतौर पर लगभग 20 सेकंड तक चलता है और केवल 170 मीटर की दूरी तय करता है। उनकी तेज़ दौड़ने की क्षमता लचीली रीढ़ की हड्डी, पकड़ प्रदान करने वाले ऐसे पंजे जो पीछे नहीं खींचते, और एक विशेष श्वसन प्रणाली के अनोखे मेल से आती है।",लगभग 20 सेकंड
वॉलग्रीन्स ने थेरानोस के खिलाफ मुकदमा कब दायर किया और उन्होंने मूल रूप से हर्जाने के तौर पर कितनी राशि की मांग की थी?,"2012 में, सेफवे ने 800 जगहों को क्लीनिकों के साथ बदलने (नया बनाने) के लिए 350 मिलियन डॉलर का निवेश किया जो स्टोर के अंदर रक्त परीक्षण की सुविधा देंगे। सेफवे के मुख्य दफ्तर में एक ट्रायल क्लीनिक से कई समय सीमाएं चूक जाने और संदिग्ध परिणाम आने के बाद, यह सौदा 2015 में खत्म कर दिया गया। 2013 में, थेरानोस ने 40 से अधिक जगहों पर स्टोर के अंदर रक्त परीक्षण की सुविधा देने के लिए वॉलग्रीन्स के साथ साझेदारी की। हालाँकि, थेरानोस के रक्त परीक्षण कथित तौर पर ग्लैक्सोस्मिथक्लाइन और फाइजर के लिए दवा परीक्षण के मरीजों पर इस्तेमाल किए गए थे, लेकिन दोनों कंपनियों ने बताया कि अक्टूबर 2015 में थेरानोस के साथ उनकी कोई सक्रिय परियोजना नहीं चल रही थी। जून 2016 में, वॉलग्रीन्स ने थेरानोस के साथ अपनी साझेदारी समाप्त कर दी। नवंबर 2016 में, उसने अनुबंध तोड़ने (समझौते का उल्लंघन) के लिए डेलावेयर की संघीय अदालत में थेरानोस के खिलाफ मुकदमा दायर किया। जून 2017 में, थेरानोस ने निवेशकों को बताया कि यह मुकदमा, जिसमें मूल रूप से 140 मिलियन डॉलर हर्जाने की मांग की गई थी, 30 मिलियन डॉलर से भी कम में तय हो गया था।

मार्च 2015 में, क्लीवलैंड क्लिनिक ने अपनी तकनीक का परीक्षण करने और लैब परीक्षणों की लागत कम करने के लिए थेरानोस के साथ साझेदारी की घोषणा की। जुलाई 2015 में, थेरानोस पेंसिल्वेनिया की बीमा कंपनियाँ अमेरीहेल्थ कैरिटस और कैपिटल ब्लू क्रॉस के लिए लैब-कार्य प्रदाता बन गया।","वॉलग्रीन्स ने नवंबर 2016 में अनुबंध तोड़ने के लिए थेरानोस के खिलाफ मुकदमा दायर किया था, जिसमें मूल रूप से 140 मिलियन डॉलर हर्जाने की मांग की गई थी।"
गुटेनबर्ग का सबसे मशहूर छापा हुआ काम क्या है?,"छपाई की मशीन ने बातचीत और जानकारी फैलाने के तरीके में बड़ा बदलाव (क्रांति) ला दिया। इसे जोहानिस गुटेनबर्ग ने 15वीं सदी के बीच में (लगभग 1440 के आस-पास) बनाया था। उनके इस आविष्कार में कई पुरानी तकनीकें शामिल थीं, जिनमें स्क्रू प्रेस और मेटल टाइप ढलाई शामिल हैं, जिससे बड़ी संख्या में लेख छापने के लिए एक बहुत ही असरदार सिस्टम बन गया। गुटेनबर्ग से पहले, किताबों को मुंशी हाथ से लिखते थे, जिससे वे बहुत महंगी और कम मिलती थीं। गुटेनबर्ग का सबसे मशहूर काम गुटेनबर्ग बाइबिल है, जो 1455 में पूरी हुई थी, और इसे यूरोप में चल टाइप (मूवेबल टाइप) का इस्तेमाल करके छापी गई पहली बड़ी किताबों में से एक माना जाता है।","गुटेनबर्ग का सबसे मशहूर काम गुटेनबर्ग बाइबिल है, जो 1455 में पूरी हुई थी, और इसे यूरोप में चल टाइप का इस्तेमाल करके छापी गई पहली बड़ी किताबों में से एक माना जाता है।"
साहित्य में विडंबना के तीन सबसे आम प्रकार क्या हैं?,,"साहित्य में विडंबना के तीन सबसे आम प्रकार ये हैं: १. शाब्दिक विडंबना (जो कहा जाता है, उसका उलटा मतलब होना।) २. परिस्थितिजन्य विडंबना (परिणाम अपेक्षा के बिल्कुल उलटा होना।) ३. नाटकीय विडंबना (दर्शक वह चीज़ जानते हैं जो किरदार नहीं जानता।)"
"पाठ में बताए गए सॉफ़्टवेयर विकास जीवन चक्र (एस.डी.एल.सी.) के छह मुख्य चरणों को पहचानें और उनकी सूची बनाएँ, यह सुनिश्चित करते हुए कि वे सही क्रम में प्रस्तुत किए गए हैं।","सॉफ़्टवेयर विकास जीवन चक्र (एस.डी.एल.सी.) एक ऐसी प्रक्रिया है जिसका उपयोग सॉफ़्टवेयर उद्योग अच्छी गुणवत्ता वाले सॉफ़्टवेयर को डिज़ाइन करने, विकसित करने और जाँचने के लिए करता है। इसमें छह मुख्य चरण होते हैं। पहला है **योजना**, जिसमें ज़रूरतों को तय करना और प्रोजेक्ट की सीमा निर्धारित करना शामिल है। अगला है **विश्लेषण**, जहाँ प्रोजेक्ट की व्यवहार्यता का आकलन किया जाता है और व्यावसायिक ज़रूरतों को ठीक किया जाता है। तीसरा चरण है **डिज़ाइन**, जिसका ध्यान बनावट और सिस्टम की ख़ासियतों पर होता है। चौथा चरण है **लागू करना** (या कोड लिखना), जहाँ डेवलपर असली कोड लिखते हैं। इसके बाद **जाँच** और गुणवत्ता आश्वासन (क्यू.ए.) आता है। अंत में, अंतिम चरण है **तैनाती** और रखरखाव, जो यह सुनिश्चित करता है कि सॉफ़्टवेयर जारी किया जाता है और उसे समर्थन मिलता है।","सॉफ़्टवेयर विकास जीवन चक्र (एस.डी.एल.सी.) के छह मुख्य चरण हैं:
1. योजना
2. विश्लेषण
3. डिज़ाइन
4. लागू करना (या कोड लिखना)
5. जाँच
6. तैनाती और रखरखाव"
"दिए गए लेख के अनुसार, 2010 और 2023 के अंत के बीच वैश्विक सौर ऊर्जा उत्पादन क्षमता में हुई बढ़ोतरी का विस्तार से ब्यौरा दें, और 2023 में पवन ऊर्जा की कुल क्षमता बताएं।","पिछले दशक में दुनिया भर में सौर ऊर्जा उत्पादन में ज़बरदस्त उछाल आया है। 2010 में, दुनिया भर की क्षमता लगभग 40 गीगावाट (जीडब्ल्यू) थी। 2015 तक, यह आंकड़ा 230 जीडब्ल्यू तक बढ़ गया था, जो लगभग छह गुना बढ़ोतरी दर्शाता है। 2023 के अंत के ताज़ा आँकड़े बताते हैं कि वैश्विक सौर क्षमता 1400 जीडब्ल्यू को पार कर गई है। पवन ऊर्जा में भी काफ़ी बढ़ोतरी हुई, जो 2010 में 180 जीडब्ल्यू से बढ़कर 2023 तक 850 जीडब्ल्यू हो गई। जलविद्युत, हालांकि पुरानी और स्थापित है, लेकिन यह एक बड़ा योगदान देने वाली बनी हुई है, जो इसी अवधि के दौरान लगभग 1300 जीडब्ल्यू पर स्थिर रही है, और सौर तथा पवन ऊर्जा की तुलना में इसमें नई स्थापना कम हुई है।",वैश्विक सौर ऊर्जा उत्पादन 2010 में लगभग 40 गीगावाट (जीडब्ल्यू) से बढ़कर 2023 के अंत तक 1400 जीडब्ल्यू से ज़्यादा हो गया। 2023 में पवन ऊर्जा की कुल क्षमता 850 जीडब्ल्यू थी।
"यूरोपीय अंतरिक्ष एजेंसी को आधिकारिक तौर पर कब स्थापित किया गया था, और इसका मुख्यालय कहाँ स्थित है?","यूरोपीय अंतरिक्ष एजेंसी (ईएसए) 22 सदस्य राष्ट्रों का एक अंतर-सरकारी संगठन है जो अंतरिक्ष की खोज के लिए समर्पित है। इसकी स्थापना 1975 में हुई थी, और इसका मुख्यालय पेरिस, फ़्रांस में है। इस एजेंसी से पहले यूरोपीय अंतरिक्ष अनुसंधान संगठन (ईसरो), जिसकी स्थापना 1964 में हुई थी, और यूरोपीय लॉन्चर विकास संगठन (एल्डो) मौजूद थे। ईएसए का दायित्व यूरोपीय देशों के बीच अंतरिक्ष अनुसंधान, तकनीक और उपयोगों में सहयोग को पूरी तरह से शांतिपूर्ण उद्देश्यों के लिए उपलब्ध कराना और बढ़ावा देना है।","ईएसए की स्थापना 1975 में हुई थी, और इसका मुख्यालय पेरिस, फ़्रांस में स्थित है।"
फ़ंक्शनल प्रोग्रामिंग और ऑब्जेक्ट-ओरिएंटेड प्रोग्रामिंग के विचारों में मुख्य अंतर समझाएँ।,,"फ़ंक्शनल प्रोग्रामिंग (एफ़पी) गणना को गणित के फ़ंक्शनों का मूल्यांकन मानती है और स्थिति (state) को बदलने या बदलने लायक़ डेटा (mutable data) के इस्तेमाल से बचती है। यह अपरिवर्तनीयता (immutability) और उच्च-क्रम फ़ंक्शनों पर ख़ास ज़ोर देती है। इसके विपरीत, ऑब्जेक्ट-ओरिएंटेड प्रोग्रामिंग (ओओपी) डेटा और तरीक़ों को 'ऑब्जेक्ट्स' में एक साथ बाँधती है और एनकैप्सुलेशन, विरासत और बहुरूपता जैसे विचारों पर ज़ोर देती है। ओओपी बहुत हद तक बदलने वाली स्थिति (mutable state) के हेरफेर (manipulation) पर निर्भर करती है।"
चीन की महान दीवार का मुख्य काम और फैलाव (या लम्बाई) कितना है?,"चीन की महान दीवार किलेबंदी की एक श्रंखला है जो आमतौर पर चीन की ऐतिहासिक उत्तरी सीमाओं के पार पूरब से पश्चिम की दिशा में बनाई गई थी। इसे मूल रूप से तीसरी शताब्दी ईसा पूर्व में सम्राट किन शी हुआंग द्वारा घुमंतू समूहों, मुख्य रूप से शियोंगनु, के हमलों को रोकने के लिए बनाया गया था। इसके सबसे प्रसिद्ध हिस्से मिंग राजवंश (1368–1644) के दौरान बनाए गए थे। हालांकि अनुमान अलग-अलग हैं, लेकिन दीवार की पूरी प्रणाली, जिसमें इसकी सभी शाखाएं और प्राकृतिक बचाव की रुकावटें शामिल हैं, आमतौर पर लगभग 21,196 किलोमीटर (13,171 मील) लंबी बताई जाती है। पूरे इतिहास में इसका मुख्य उद्देश्य सैन्य सुरक्षा और सीमा नियंत्रण था।","यह महान दीवार किलेबंदी की एक श्रंखला है जो चीन की उत्तरी सीमाओं के किनारे लगभग 21,196 किलोमीटर तक फैली हुई है, जिसे मुख्य रूप से सैन्य सुरक्षा और सीमा नियंत्रण के लिए बनाया गया था।"
"नीचे दी गई दुनिया की मुख्य नदियों को उस महाद्वीप के हिसाब से बाँटिए जिससे होकर वे मुख्य रूप से बहती हैं: नील, अमेज़न, यांग्त्ज़ी, मिसिसिपी, डेन्यूब, वोल्गा, मरे-डार्लिंग, कांगो।",,"नील - अफ़्रीका, अमेज़न - दक्षिण अमरीका, यांग्त्ज़ी - एशिया, मिसिसिपी - उत्तरी अमरीका, डेन्यूब - यूरोप, वोल्गा - यूरोप, मरे-डार्लिंग - ओशिनिया, कांगो - अफ़्रीका"
"आर्थर की दंतकथा के दिए गए सारांश के आधार पर, कौन सी चीज़—पवित्र ग्रेल की तलाश या शासक वर्ग के अंदर नैतिक ज़िम्मेदारी में आई कमी—कैमलॉट के पतन की मुख्य वजह बनी?","राजा आर्थर की दंतकथा एक मध्यकालीन ब्रिटिश नेता पर केंद्रित है, जिसे अक्सर गोल मेज़ के शूरवीरों (नाइट्स) की मदद से कैमलॉट पर शासन करने वाले एक नेक शासक के रूप में दर्शाया जाता है। आर्थर की कहानी आमतौर पर इस बात से शुरू होती है कि वह एक निहाई या पत्थर से एक्सकैलिबर नामक तलवार (या संस्करण के आधार पर, पत्थर में फँसी तलवार) को निकालता है, जिससे शासन करने का उसका ईश्वरीय अधिकार साबित होता है। वह शूरवीरता और पवित्र ग्रेल की तलाश पर आधारित शांति और समृद्धि का दौर स्थापित करता है। मुख्य पात्रों में उसका जादूगर सलाहकार मर्लिन, उसकी पत्नी महारानी गुइनवेर और उसका सबसे वफादार लेकिन उलझा हुआ शूरवीर, सर लैंसलॉट शामिल हैं। राज्य की एकता आखिरकार लैंसलॉट और गुइनवेर के बीच के नाजायज़ रिश्ते से टूट जाती है, जिससे गृह युद्ध शुरू हो जाता है। यह अंदरूनी कलह, उसके नाजायज़ बेटे/भतीजे मॉर्ड्रेड की साज़िशों के साथ मिलकर, कैमलैन की दुखद लड़ाई का कारण बनती है, जहाँ आर्थर जानलेवा रूप से घायल हो जाता है और बाद में उसे एवलॉन द्वीप पर ले जाया जाता है।","हालाँकि पवित्र ग्रेल की खोज ने कई शूरवीरों को आध्यात्मिक, अकेले करने वाली यात्राओं पर भेजकर गोल मेज़ को ज़रूर टुकड़ों में बाँट दिया था, लेकिन कैमलॉट के ढहने का मुख्य कारण शासक वर्ग के भीतर नैतिक ज़िम्मेदारी की विफलता थी, विशेष रूप से सर लैंसलॉट और महारानी गुइनवेर के बीच का विवाहेतर संबंध, और राजा आर्थर का परिणामस्वरूप अपने निजी रिश्तों और कानून के प्रति अपने फर्ज़ के बीच तालमेल न बिठा पाना। दिए गए इनपुट में कहा गया है कि राज्य की एकता ""आखिरकार नाजायज़ रिश्ते से टूट गई,"" जो सीधे तौर पर इस नैतिक उल्लंघन को बाद में हुए गृह युद्ध और अंदरूनी कलह से जोड़ता है।

कैमलॉट की स्थापना शूरवीरता, वफादारी और न्याय के आदर्शों पर की गई थी, जिसे गोल मेज़ द्वारा ही दर्शाया गया था। आर्थर के सबसे करीबी दोस्त और पत्नी द्वारा किए गए धोखे ने अदालत के बुनियादी नियम को मौलिक रूप से तोड़ दिया। इस अंदरूनी कमजोरी ने मॉर्ड्रेड को आर्थर के अधिकार को चुनौती देने का ज़रूरी मौका दिया, जिससे सीधे तौर पर कैमलैन की जानलेवा लड़ाई हुई। ग्रेल की खोज ने सैन्य शक्ति को बिखेर दिया, लेकिन नैतिक विफलता ने राज्य की राजनीतिक और नैतिक स्थिरता को नष्ट कर दिया, जिससे इसका हिंसक और निश्चित अंत सुनिश्चित हो गया।"
भूकंपों का मुख्य कारण क्या है?,,"ज़्यादातर भूकंपों का मुख्य कारण अचानक ऊर्जा (ताक़त) का बाहर निकलना है, जब दो ज़मीन की प्लेटें किसी दरार वाली रेखा के सहारे एक-दूसरे से फिसल जाती हैं।"
कांच को तरल माना जाता है या ठोस?,,"वैज्ञानिक रूप से, कांच को एक अनाकार ठोस माना जाता है। इसे अक्सर गलती से 'अतिशीतलित तरल' (सुपरकूल्ड लिक्विड) कहा जाता है क्योंकि इसमें सच्चे ठोस पदार्थों की लंबी दूरी तक व्यवस्थित क्रिस्टल संरचना की कमी होती है और इसकी बनावट एक तरल पदार्थ जैसी होती है, लेकिन सामान्य परिस्थितियों में यह एक ठोस की तरह व्यवहार करता है। यह गलत धारणा कि कांच 'बहता है' (जो अक्सर पुरानी खिड़कियों के शीशों के निचले हिस्से को मोटा देखकर बताई जाती है), इसका कारण आमतौर पर तरल जैसे बहाव को नहीं माना जाता, बल्कि ऐतिहासिक निर्माण विधियों, जैसे कि क्राउन या सिलिंडर प्रक्रियाओं, को माना जाता है, जिन्होंने स्वाभाविक रूप से असमान मोटाई के शीशे बनाए थे।"
आधुनिक भौतिकी में सबसे ज़रूरी सिद्धांत कौन सा है?,,"आधुनिक भौतिकी में किसी एक 'सबसे ज़रूरी' सिद्धांत को पहचानना मुश्किल है, क्योंकि यह क्षेत्र दो मौलिक रूप से (बुनियादी तौर पर) अलग, फिर भी अविश्वसनीय रूप से सटीक, ढाँचों द्वारा संचालित है। ये दोनों सिद्धांत बहुत अलग पैमानों (दायरे) को नियंत्रित करते हैं और इन्हें अभी तक सफलतापूर्वक एक साथ नहीं जोड़ा जा सका है।

'सबसे ज़रूरी' के मुख्य दावेदार ये हैं:

1. **सामान्य सापेक्षता (जीआर):** अल्बर्ट आइंस्टीन द्वारा विकसित, यह सिद्धांत गुरुत्वाकर्षण का वर्णन समय-स्थान (स्पेसटाइम) के घुमाव के रूप में करता है जो द्रव्यमान और ऊर्जा के कारण होता है। यह ब्रह्मांड की बड़ी संरचना, ब्रह्मांड विज्ञान, ब्लैक होल और ग्रहों की कक्षाओं को समझने के लिए आवश्यक है। इसने स्थान और समय की हमारी समझ में क्रांति ला दी।

2. **क्वांटम यांत्रिकी (क्यूएम):** यह सिद्धांत परमाणु और उप-परमाणु स्तर पर पदार्थ और ऊर्जा के व्यवहार का वर्णन करता है। इसने तरंग-कण द्वैतता, ऊर्जा का प्रमात्रीकरण, और अनिश्चितता का सिद्धांत जैसी अवधारणाएँ पेश कीं। क्यूएम सभी आधुनिक तकनीक की नींव है, जिसमें लेजर, ट्रांजिस्टर और परमाणु ऊर्जा शामिल हैं।

जहाँ जीआर बहुत बड़े पैमाने को समझाता है, और क्यूएम बहुत छोटे पैमाने को, वहीं **कण भौतिकी का मानक मॉडल** को कभी-कभी सबसे व्यापक बताया जाता है, क्योंकि यह सफलतापूर्वक क्वांटम क्षेत्र सिद्धांत को शामिल करता है और विद्युत चुम्बकीय, प्रबल (मज़बूत), और कमजोर परमाणु बलों का वर्णन करता है। हालाँकि, मानक मॉडल अधूरा रहता है क्योंकि इसमें गुरुत्वाकर्षण (सामान्य सापेक्षता) शामिल नहीं है। जीआर और क्यूएम दोनों ही भौतिकी के अपरिहार्य आधारस्तंभ हैं, और उनका मेल न खाना (असंगति) इस क्षेत्र की सबसे बड़ी अनसुलझी समस्या बनी हुई है।"
"पता लगाएँ कि क्या नीचे दिए गए सभी जानवर स्तनधारी हैं: साँप, मेंढक, व्हेल, प्लैटिपस।",,"नहीं, वह सूची गलत है। व्हेल और प्लैटिपस स्तनधारी हैं, लेकिन साँप एक सरीसृप है और मेंढक एक उभयचर है।"
रोज़ाना सॉफ़्टवेयर अपडेट लागू करने के तीन मुख्य फ़ायदे बताइए।,,"1. सुरक्षा में बढ़ोतरी: अपडेट में अक्सर ज़रूरी सुधार (पैच) होते हैं जो मैलवेयर और हैकर्स द्वारा इस्तेमाल की जाने वाली कमज़ोरियों को ठीक करते हैं, जिससे आपका डेटा सुरक्षित रहता है।
2. रफ़्तार और स्थिरता: वे मौजूद ख़राबियों (बग्स) को ठीक करते हैं, सिस्टम के साधनों का बेहतर इस्तेमाल करते हैं, और अचानक बंद (क्रैश) होने को कम करते हैं, जिससे इस्तेमाल करने का अनुभव बहुत आसान हो जाता है।
3. नई सुविधाएँ और तालमेल: अपडेट से नई कार्यक्षमताएँ मिलती हैं, इस्तेमाल के तरीक़े (यूज़र इंटरफ़ेस) में सुधार आता है, और ये नए ऑपरेटिंग सिस्टम या हार्डवेयर के साथ ज़रूरी तालमेल बनाए रखते हैं।

इसलिए, नियमित अपडेट बनाए रखना सुरक्षा, कार्यक्षमता और भविष्य के लिए तैयारी के लिहाज़ से बहुत ज़रूरी है।"
एफिल टॉवर का डिज़ाइन बनाने वाले मुख्य वास्तुकार कौन थे?,,गुस्ताव एफिल
"दिए गए अपोलो 13 से संबंधित पाठ के आधार पर, मिशन की विफलता का मुख्य कारण पहचानें और तीनों चालक दल (क्रू) के सदस्यों की भूमिकाएँ बताएँ।","अपोलो 13 अमेरिकी अपोलो अंतरिक्ष कार्यक्रम का सातवाँ मानव-चालित मिशन था और चाँद पर उतरने के लिए निर्धारित तीसरा मिशन था। इस यान को 11 अप्रैल, 1970 को कैनेडी स्पेस सेंटर से लॉन्च किया गया था। चालक दल में कमांडर जेम्स ए. लवेल, कमांड मॉड्यूल पायलट जॉन एल. स्विगर्ट, और लूनर मॉड्यूल पायलट फ्रेड डब्ल्यू. हैस शामिल थे। मिशन शुरू होने के दो दिन बाद, 13 अप्रैल को, सर्विस मॉड्यूल में एक ऑक्सीजन टैंक फट गया, जिससे अंतरिक्ष यान बुरी तरह क्षतिग्रस्त हो गया। मिशन तुरंत चंद्रमा पर उतरने के प्रयास से बदलकर चालक दल के जीवित बचने की जद्दोजहद में बदल गया, जिसने मिशन कंट्रोल को बिजली और ज़रूरी इस्तेमाल की चीज़ों को बचाने के लिए आपातकालीन प्रक्रियाओं को लागू करने के लिए प्रेरित किया। अंतरिक्ष यात्रियों को लूनर मॉड्यूल (एक्वेरियस) में जाना पड़ा, और इसे वापसी की यात्रा के लिए जीवन रक्षक बेड़े के रूप में इस्तेमाल करना पड़ा। भारी तकनीकी चुनौतियों के बावजूद, चालक दल 17 अप्रैल, 1970 को सफलतापूर्वक पृथ्वी पर लौट आया, और प्रशांत महासागर में सुरक्षित रूप से उतर गया।","मिशन की विफलता का मुख्य कारण सर्विस मॉड्यूल में एक ऑक्सीजन टैंक का फटना था। तीनों चालक दल के सदस्य और उनकी भूमिकाएँ इस प्रकार थीं: कमांडर जेम्स ए. लवेल, कमांड मॉड्यूल पायलट जॉन एल. स्विगर्ट, और लूनर मॉड्यूल पायलट फ्रेड डब्ल्यू. हैस।"
पश्चिमी रोमन साम्राज्य के पतन में योगदान देने वाले चार मुख्य लंबे समय तक चलने वाले कारकों को पहचानें और संक्षेप में समझाएँ।,,"1. **आर्थिक अस्थिरता:** सिक्कों के मूल्य में कमी से भारी महँगाई (मुद्रास्फीति) फैली, व्यापार पंगु हो गया, और भारी कराधान (टैक्स) ने निचले वर्गों को अनुपातहीन रूप से प्रभावित किया। 2. **अत्यधिक फैलाव और सैन्य दबाव:** विशाल सीमाओं को बनाए रखने के लिए एक असहनीय सैन्य बजट की आवश्यकता थी और अक्सर बेवफा संघबद्ध (फेडरेटेड) बर्बर सैनिकों पर निर्भरता बढ़ती गई। 3. **राजनीतिक विखंडन और अस्थिरता:** लगातार सत्ता संघर्ष, सम्राटों का तेज़ी से बदलाव, और रोम तथा कॉन्स्टेंटिनोपल के बीच प्रभावी प्रशासनिक बँटवारे ने केंद्र सरकार के अधिकार और एकजुटता को कमज़ोर कर दिया। 4. **आक्रमण और प्रवासन (माइग्रेशन):** हूणों जैसे समूहों के दबाव ने जर्मनिक कबीलों (जैसे विसिगोथ और वैंडल) को रोमन क्षेत्र में धकेल दिया, जिसके परिणामस्वरूप अंततः प्रमुख प्रांत खो गए और पश्चिम में शाही संरचना नष्ट हो गई।"
"नीचे दिए गए प्रमुख राजधानी शहरों (लंदन, बीजिंग, ब्यूनस आयर्स, कैनबरा, नैरोबी, वॉशिंगटन डी.सी.) को इन महाद्वीपों में से किसी एक में बाँटें: उत्तरी अमेरिका, दक्षिणी अमेरिका, यूरोप, अफ़्रीका, एशिया, या ओशिनिया।",,"लंदन: यूरोप
बीजिंग: एशिया
ब्यूनस आयर्स: दक्षिणी अमेरिका
कैनबरा: ओशिनिया
नैरोबी: अफ़्रीका
वॉशिंगटन डी.सी.: उत्तरी अमेरिका"
"सैटर्न V रॉकेट के तीनों चरणों का वर्णन करें, जिनमें हर चरण का पदनाम (नाम), मुख्य इंजन का प्रकार और उसका काम शामिल हो। साथ ही, उस हिस्से (कम्पोनेंट) की पहचान करें जिसने प्रक्षेपण यान को मार्गदर्शन और नियंत्रण प्रदान किया था।","सैटर्न V एक बहुत भारी बोझ उठाने वाला प्रक्षेपण यान था जिसे नासा ने 1967 से 1973 के बीच इस्तेमाल किया था। यह तीन चरणों वाला तरल ईंधन रॉकेट था, जिसे अपोलो कमांड/सर्विस मॉड्यूल (सी.एस.एम.) और लूनर मॉड्यूल (एल.एम.) को पहले कक्षा में और फिर चंद्रमा की ओर भेजने के लिए बनाया गया था। पहला चरण, जिसे एस-आई.सी. नाम दिया गया था, पाँच विशाल F-1 इंजनों से चलता था और समुद्र तल पर 7.5 मिलियन पाउंड का जोर पैदा करता था। इसका मुख्य काम पूरे यान को लगभग 42 मील (68 किमी) की ऊँचाई तक उठाना था। दूसरा चरण, एस-आई.आई., हाइड्रोजन ईंधन से चलने वाले पाँच J-2 इंजनों का उपयोग करता था, जो 1.1 मिलियन पाउंड का जोर प्रदान करते थे। एस-आई.आई. लगभग छह मिनट तक जला, और पूरे ढांचे को एक ऊँची अंडाकार पार्किंग कक्षा में धकेल दिया। अंत में, तीसरा चरण, एस-आई.वी.बी., एक अकेला J-2 इंजन इस्तेमाल करता था। इस चरण में दो महत्वपूर्ण जलने (फायरिंग) का काम होता था: पहला पार्किंग कक्षा में स्थापित करने के लिए, और दूसरा 'ट्रांस-लूनर इंजेक्शन' (टी.एल.आई.) यानी अपोलो अंतरिक्ष यान को चंद्रमा की ओर भेजने के लिए। एस-आई.वी.बी. में अक्सर उपकरण इकाई (आई.यू.) भी रखी जाती थी, जो रॉकेट का 'दिमाग' थी, और मार्गदर्शन तथा नियंत्रण प्रदान करती थी।","सैटर्न V रॉकेट के तीन चरण निम्नलिखित हैं:

1. एस-आई.सी. (पहला चरण): पाँच F-1 इंजनों से चलता था। कार्य: पूरे यान को लगभग 42 मील (68 किमी) की ऊँचाई तक उठाता था।
2. एस-आई.आई. (दूसरा चरण): पाँच J-2 इंजनों से चलता था। कार्य: पूरे ढांचे को एक ऊँची अंडाकार पार्किंग कक्षा में धकेलता था।
3. एस-आई.वी.बी. (तीसरा चरण): एक अकेले J-2 इंजन से चलता था। कार्य: पार्किंग कक्षा में स्थापित करने और उसके बाद 'ट्रांस-लूनर इंजेक्शन' (टी.एल.आई.) का काम करता था (यानी चंद्रमा की ओर भेजता था)।

प्रक्षेपण यान को मार्गदर्शन और नियंत्रण प्रदान करने वाला हिस्सा उपकरण इकाई (आई.यू.) था।"
"कृपया नीचे दिए गए सामानों को दो श्रेणियों में वर्गीकृत करें: फल और सब्ज़ियाँ: गाजर, सेब, केला, ब्रोकली, टमाटर, पालक।",,"फल: सेब, केला, टमाटर। सब्ज़ियाँ: गाजर, ब्रोकली, पालक।"
"विषय के बारे में मुख्य पेशेवर और पुरस्कार संबंधी तथ्यों को निकालें और डेटा को 'तथ्य', 'साल', और 'श्रेणी' कुंजियों का उपयोग करके, जेड-एस-ओ-एन (JSON) वस्तुओं की सूची के रूप में व्यवस्थित करें।","मारी क्यूरी, जिनका जन्म 1867 में मारिया स्कोलोडोव्स्का के रूप में हुआ था, पोलैंड की थीं और बाद में उन्होंने फ्रांस की नागरिकता ली। वह एक भौतिक विज्ञानी और रसायनज्ञ थीं जिन्होंने रेडियोधर्मिता पर अग्रणी शोध किया। वह नोबेल पुरस्कार जीतने वाली पहली महिला थीं, नोबेल पुरस्कार दो बार जीतने वाली पहली व्यक्ति और इकलौती महिला थीं, और दो अलग-अलग वैज्ञानिक क्षेत्रों (भौतिकी 1903 में, रसायन विज्ञान 1911 में) में नोबेल पुरस्कार जीतने वाली एकमात्र व्यक्ति थीं। वह पेरिस विश्वविद्यालय में पहली महिला प्रोफ़ेसर भी थीं। उनकी मृत्यु 1934 में हुई।","[
  {
    ""Fact"": ""नोबेल पुरस्कार जीतने वाली पहली महिला"",
    ""Year"": ""1903"",
    ""Category"": ""पुरस्कार इतिहास""
  },
  {
    ""Fact"": ""दो अलग-अलग वैज्ञानिक क्षेत्रों में नोबेल पुरस्कार जीतने वाली एकमात्र व्यक्ति"",
    ""Year"": ""1903 और 1911"",
    ""Category"": ""पुरस्कार कीर्तिमान""
  },
  {
    ""Fact"": ""पेरिस विश्वविद्यालय में पहली महिला प्रोफ़ेसर"",
    ""Year"": ""लागू नहीं (ऐतिहासिक)"",
    ""Category"": ""करियर की महत्वपूर्ण उपलब्धि""
  }
]"
रोज़ेटा पत्थर क्या है और यह क्यों ज़रूरी है?,,"रोज़ेटा पत्थर ग्रैनोडायोराइट की एक शिला (स्तम्भ) है जिस पर राजा टॉलेमी पंचम की ओर से 196 ईसा पूर्व में मेम्फिस में जारी किया गया एक फरमान लिखा हुआ है। यह लेख तीन रूपों में लिखा गया है: मिस्र के चित्रलिपि (हाइरोग्लिफ़्स), डेमोतिक लिपि, और प्राचीन यूनानी भाषा। इसे 1799 में फ्रांसीसी सैनिकों ने खोजा था। इसका सबसे बड़ा महत्व इस बात में है कि, ज्ञात यूनानी लेख की तुलना अज्ञात चित्रलिपि लेख से करके, विद्वान आखिरकार 1822 में मिस्र की चित्रलिपि को पढ़ पाए, जिससे मिस्र के सदियों पुराने इतिहास और भाषा को समझने का रास्ता खुल गया।"
फ़्रांसीसी क्रांति क्या थी?,"फ़्रांसीसी क्रांति फ़्रांस में दूरगामी सामाजिक और राजनीतिक उथल-पुथल का एक दौर था जो 1789 से 1799 तक चला। इसने आधुनिक इतिहास की दिशा को मूल रूप से बदल दिया, जिससे पूर्ण राजशाही में वैश्विक गिरावट शुरू हुई, और उनकी जगह गणतंत्रों और उदार लोकतंत्रों ने ले ली।","फ़्रांसीसी क्रांति फ़्रांस में दूरगामी सामाजिक और राजनीतिक उथल-पुथल का एक दौर था जो 1789 से 1799 तक चला। इसने आधुनिक इतिहास की दिशा को मूल रूप से बदल दिया, जिससे पूर्ण राजशाही में वैश्विक गिरावट शुरू हुई, और उनकी जगह गणतंत्रों और उदार लोकतंत्रों ने ले ली।

क्रांति की मुख्य वजहें गहरी सामाजिक असमानता, आर्थिक संकट और प्रबोधन (ज्ञानोदय) का वैचारिक प्रभाव थीं। किंग लुई 16वें के नेतृत्व वाली राजशाही पिछली जंगों (जैसे अमेरिकी क्रांति युद्ध) से आए भारी कर्ज़ और अत्यधिक ख़र्चे से जूझ रही थी, जबकि आम जनता (तीसरा वर्ग) पर करों का सबसे ज़्यादा बोझ था।

इसकी शुरुआत मई 1789 में एस्टेट्स-जनरल के आह्वान और उसके बाद राष्ट्रीय सभा के गठन से हुई। मुख्य शुरुआती घटनाओं में 14 जुलाई, 1789 को बास्तील पर धावा शामिल है, जो शाही निरंकुशता के अंत का प्रतीक बना, और अगस्त 1789 में मनुष्य और नागरिक के अधिकारों की घोषणा को अपनाया जाना भी शामिल है।

संवैधानिक राजशाही के रूप में एक छोटे से दौर के बाद, क्रांति उग्र हो गई, जिसके कारण 1793 में किंग लुई 16वें को फाँसी दी गई और पहले फ़्रांसीसी गणतंत्र की स्थापना हुई। इसके बाद आतंक का राज (1793–1794) आया, जिस दौरान मैक्सिमिलियन रोबेस्पियर और जन सुरक्षा समिति ने क्रांति के कथित दुश्मनों में हज़ारों लोगों को फाँसी दे दी।

यह क्रांति आख़िरकार नेपोलियन बोनापार्ट के उदय और 1799 में फ़्रांसीसी कौंसुलेट की स्थापना के साथ समाप्त हुई, लेकिन इसके 'स्वतंत्रता, समानता, बंधुत्व' के आदर्शों ने पश्चिमी राजनीतिक विचार पर गहरा असर डाला, जिसने पूरे महाद्वीप और दुनिया में धर्मनिरपेक्षता, राष्ट्रवाद और गणतंत्रवाद को बढ़ावा दिया।"
हमारे सौर मंडल के आठ ग्रहों को सूरज से बढ़ती दूरी के क्रम में सूचीबद्ध करें।,,"1. बुध
2. शुक्र
3. पृथ्वी
4. मंगल
5. बृहस्पति
6. शनि
7. अरुण
8. वरुण"
शेक्सपीयर के मुख्य पात्रों हैमलेट और मैकबेथ के इरादों की तुलना करें और अंतर बताएँ।,,"**हैमलेट (डेनमार्क का राजकुमार):**
*   **मुख्य इरादा:** अपने पिता की हत्या का बदला लेना, जो कर्तव्य की भावना और नैतिक गुस्से से प्रेरित था।
*   **स्वभाव:** प्रतिक्रियाशील; बाहरी अन्याय और नैतिक व्यवस्था को बहाल करने की इच्छा से प्रेरित।
*   **मुख्य संघर्ष:** अंदरूनी संघर्ष, दार्शनिक अनिश्चितता और काम में देरी।

**मैकबेथ (ग्लैमिस और कॉडर का जागीरदार):**
*   **मुख्य इरादा:** अनियंत्रित महत्वाकांक्षा और सत्ता की लालसा, जिस पर अलौकिक भविष्यवाणियों और उसकी पत्नी का गहरा प्रभाव था।
*   **स्वभाव:** सक्रिय; स्वार्थ और सिंहासन पर कब्ज़ा करने की इच्छा से प्रेरित।
*   **मुख्य संघर्ष:** बाहरी खूनी कार्रवाइयाँ, जिसके बाद शक (पैरानोइया) और नैतिक पतन हुआ।

**अंतर:** हैमलेट न्याय और अतीत को ठीक करने की इच्छा से प्रेरित है; मैकबेथ लालच और भविष्य की पदवी हासिल करने की इच्छा से प्रेरित है।"
लॉन्ग मार्च क्या था?,,"लॉन्ग मार्च (चीनी में: चांगचेंग) चीन की कम्युनिस्ट पार्टी (सी.पी.सी.) की मुख्य लड़ाकू शक्ति, चीनी लाल सेना द्वारा कुओमिन्तांग (के.एम.टी.) सेना के पीछा करने से बचने के लिए की गई एक बहुत बड़ी सैन्य वापसी थी। यह अक्टूबर 1934 से अक्टूबर 1935 तक चली थी, और इसने माओ ज़ेदोंग की स्थिति को सी.पी.सी. के निर्विवाद नेता के रूप में मज़बूत कर दिया।"
"गीज़ा के महान पिरामिड को छोड़कर, पाठ में बताए गए प्राचीन दुनिया के शेष छह अजूबों की सूची बनाएँ।","प्राचीन दुनिया के सात अजूबे शास्त्रीय पुरातनता के अद्भुत निर्माणों की एक सूची है। इसे विभिन्न प्राचीन यूनानी लेखकों द्वारा संकलित किया गया था, जिनमें सिडॉन के एंटीपेटर और बीजान्टियम के फ़ाइलो सबसे अधिक उल्लेखनीय हैं। इस सूची में केवल भूमध्यसागरीय क्षेत्र के आस-पास पाए जाने वाले स्मारक शामिल हैं। मूल अजूबों में से केवल एक ही आज काफी हद तक बरकरार है: गीज़ा का महान पिरामिड। अन्य छह अजूबे थे: बेबीलोन के झूलते बाग़, ओलिंपिया में ज़ीउस की मूर्ति, एफ़िसस में आर्तेमिस का मंदिर, हैलिकारनासस का मक़बरा, रोड्स का कोलोसस, और अलेक्जेंड्रिया का प्रकाशस्तंभ। अन्य सूचियों में कभी-कभी बेबीलोन की दीवारें या एक्बटाना में साइरस का महल भी शामिल थे, लेकिन प्रामाणिक सूची उन्हें बाहर करती है।","बेबीलोन के झूलते बाग़, ओलिंपिया में ज़ीउस की मूर्ति, एफ़िसस में आर्तेमिस का मंदिर, हैलिकारनासस का मक़बरा, रोड्स का कोलोसस, और अलेक्जेंड्रिया का प्रकाशस्तंभ।"
पाँच बुनियादी फ़्रांसीसी मूल सॉस पहचानें।,,"पाँच बुनियादी फ़्रांसीसी मूल सॉस हैं: बेशामेल, वेलोते, एस्पान्योल, हॉलैंडेज़, और तोमात।"
"केपलर-186 सिस्टम के लिए, ग्रहों और उनके घूमने की अवधि (पृथ्वी के दिनों में) की सूची दें। आउटपुट को दो कॉलम वाली एक तालिका के रूप में तैयार करें: 'ग्रह का नाम' और 'चक्कर लगाने का समय (दिनों में)'।","केपलर-186 सिस्टम में पाँच ज्ञात ग्रह हैं। केपलर-186बी, सी, और डी ज्वारीय रूप से बंधे हुए हैं और क्रमशः 3.8, 7.3, और 13.3 पृथ्वी दिनों में एम-बौने तारे का चक्कर लगाते हैं। केपलर-186ई की अवधि 25.6 दिन है। सबसे बाहरी ज्ञात ग्रह, केपलर-186एफ, रहने लायक क्षेत्र में मंगल से थोड़ा कम 130 दिनों की कक्षीय अवधि के साथ चक्कर लगाता है। इसे सूरज से उतना ही विकिरण मिलता है, जितना पृथ्वी को मिलता है उसका लगभग एक-तिहाई।","| ग्रह का नाम | चक्कर लगाने का समय (दिनों में) |
|---|---|
| केपलर-186बी | 3.8 |
| केपलर-186सी | 7.3 |
| केपलर-186डी | 13.3 |
| केपलर-186ई | 25.6 |
| केपलर-186एफ | 130 |"
दिए गए पाठ के आधार पर उपलब्धता सहज-बुद्धि को समझाएँ।,"इस क्षेत्र में एक लोकप्रिय और प्रतिनिधित्व करने वाला विषय दिमागी पक्षपात, या बिना तर्क की सोच है। मनोवैज्ञानिकों (और अर्थशास्त्रियों) ने पक्षपातों की एक बड़ी सूची को वर्गीकृत किया है और उसका वर्णन किया है जो इंसानी सोच में बार-बार दोहराए जाते हैं। उदाहरण के लिए, उपलब्धता सहज-बुद्धि उस चीज़ के महत्व को ज़्यादा आँकने का झुकाव है जो आसानी से दिमाग में आ जाती है।",उपलब्धता सहज-बुद्धि उस चीज़ के महत्व को ज़्यादा आँकने का झुकाव है जो आसानी से दिमाग में आ जाती है।
प्रोग्रामिंग में कंपाइलिंग की ग़लती और चलते समय की ग़लती के बीच फ़र्क़ समझाएँ।,,"कंपाइलिंग की ग़लती (या बनावट की ग़लती) प्रोग्राम के चलने से पहले होती है। यह अक्सर इसलिए होता है क्योंकि कोड प्रोग्रामिंग भाषा के व्याकरण के नियम तोड़ता है (जैसे: सेमीकोलन छूट जाना या किसी ख़ास शब्द/कीवर्ड की स्पेलिंग ग़लत लिख देना)। जबकि चलते समय की ग़लती (या अपवाद) तब होती है जब प्रोग्राम चल रहा होता है। यह अक्सर लॉजिक में गड़बड़ी या अनचाही स्थितियों के कारण होता है, जैसे किसी संख्या को शून्य से भाग देने की कोशिश करना या किसी ऐरे (सूची) की हद से बाहर की जगह को इस्तेमाल करना।"
वॉटरफॉल मॉडल के सामान्य चरणों की सूची बनाएं।,"वॉटरफॉल मॉडल एक क्रमिक (क्रमबद्ध) डिज़ाइन प्रक्रिया है, जो मूल रूप से विनिर्माण (चीज़ें बनाने) और निर्माण उद्योगों से आई है, जहाँ प्रगति चरणों के माध्यम से लगातार नीचे की ओर बहती है (जैसे झरना)। सॉफ्टवेयर इंजीनियरिंग में, इन चरणों में आम तौर पर शामिल हैं: ज़रूरतों को इकट्ठा करना और उनका विश्लेषण, सिस्टम और सॉफ्टवेयर का डिज़ाइन, लागू करना (कोडिंग/प्रोग्रामिंग), जाँच करना (सत्यापन), लागू करना (उपयोग के लिए तैयार करना), और लगातार चलने वाला रखरखाव। इस पारंपरिक तरीके की एक मुख्य विशेषता यह है कि अगले चरण पर जाने से पहले एक चरण का पूरी तरह से खत्म होना ज़रूरी है, जो एक स्पष्ट ढाँचा तो प्रदान करता है, लेकिन देर से होने वाले बदलावों के लिए लचीलापन नहीं रखता है।","ज़रूरतों को इकट्ठा करना और उनका विश्लेषण, सिस्टम और सॉफ्टवेयर का डिज़ाइन, लागू करना (कोडिंग/प्रोग्रामिंग), जाँच करना (सत्यापन), लागू करना (उपयोग के लिए तैयार करना), और लगातार चलने वाला रखरखाव।"
कंपनी के सिस्टमों का इस्तेमाल करने के लिए अब दो-कारक प्रमाणीकरण (2एफए) का उपयोग अनिवार्य क्यों है?,,"दो-कारक प्रमाणीकरण अनिवार्य है क्योंकि यह आधुनिक साइबर खतरों के खिलाफ बचाव की एक महत्वपूर्ण परत प्रदान करता है, जिससे अनधिकृत पहुँच का खतरा काफी कम हो जाता है। अकेले सामान्य पासवर्ड फ़िशिंग हमलों, पहचान संबंधी जानकारी की चोरी, या बड़े पैमाने पर डेटा लीक के माध्यम से आसानी से खतरे में पड़ सकते हैं। 2एफए यह सुनिश्चित करता है कि भले ही कोई हमलावर आपका पासवर्ड सफलतापूर्वक चुरा ले, फिर भी उन्हें लॉग इन करने के लिए आपके दूसरे कारक की आवश्यकता होगी—जो आमतौर पर आपके मोबाइल डिवाइस पर भेजा गया एक समय-सीमित कोड, एक भौतिक चाबी, या एक बायोमेट्रिक जाँच होती है। यह तरीका कंपनी के गोपनीय डेटा की सुरक्षा, उद्योग सुरक्षा नियमों (जैसे एसओसी 2 या जीडीपीआर) के पालन को बनाए रखने और सुरक्षा संबंधी घटनाओं के कारण होने वाले गंभीर वित्तीय और नाम खराब होने वाले नुकसान को कम करने के लिए आवश्यक है।"
"पनामा नहर ने जिस रास्ते की जगह ली, उसकी तुलना में सफ़र का कौन सा ज़रूरी फ़ायदा दिया?","पनामा नहर पनामा में एक 82 किमी (51 मील) का बनावटी जलमार्ग है जो अटलांटिक महासागर को प्रशांत महासागर से जोड़ता है। यह नहर पनामा की ज़मीन की संकरी पट्टी से होकर गुज़रती है और समुद्री व्यापार के लिए एक रास्ता है। यह अब तक के सबसे बड़े और सबसे मुश्किल इंजीनियरिंग प्रोजेक्टों में से एक है। इसका दोनों महासागरों के बीच जहाज़रानी पर बहुत बड़ा असर पड़ा, जिसने दक्षिण अमेरिका के सबसे दक्षिणी सिरे, केप हॉर्न, के चारों ओर के लंबे और खतरनाक रास्ते की जगह ले ली। केप हॉर्न के रास्ते के बजाय नहर का उपयोग करने पर एक जहाज़ लगभग 8,000 मील बचाता है। इसका निर्माण 1881 में फ़्रांस ने शुरू किया था, लेकिन इंजीनियरिंग की समस्याओं और मज़दूरों की ज़्यादा मौत दर के कारण यह विफल रहा। संयुक्त राज्य अमेरिका ने 1904 में इस परियोजना को अपने हाथ में लिया और 15 अगस्त 1914 को नहर को खोला।","इस नहर ने केप हॉर्न के चारों ओर के लंबे और खतरनाक रास्ते की जगह ले ली, जिससे अटलांटिक और प्रशांत महासागरों के बीच सफ़र करते समय एक जहाज़ लगभग 8,000 मील बचा पाता है।"
किराए पर अपार्टमेंट लेने के फ़ायदे और नुकसान की तुलना घर खरीदने (मालिक बनने) से करें।,,"किराया लेने से आपको बहुत लचक (आसानी से बदलने की सुविधा) मिलती है और शुरुआत में आर्थिक बोझ कम होता है, क्योंकि आपको बड़े अग्रिम भुगतान और सौदा पूरा करने के खर्चों से बचना होता है। इसके अलावा, मकान के रखरखाव और मरम्मत की ज़िम्मेदारी मकान मालिक की होती है, जिससे आपकी ज़िम्मेदारियाँ आसान हो जाती हैं। हालांकि, किराए पर रहने का मतलब है कि आप कोई पूंजी (ईक्विटी) नहीं बनाते; मासिक भुगतान केवल खर्च होते हैं, और आपको बदलाव करने पर पाबंदियों तथा किराए में अचानक बढ़ोतरी का सामना करना पड़ सकता है। इसके विपरीत, घर का मालिक बनने से आप समय के साथ पूंजी और संपत्ति बना सकते हैं, आपको संभावित कर लाभ मिलते हैं (जैसे कि होम लोन के ब्याज पर कटौती), और आपको अपनी जगह को अपनी मर्ज़ी से बदलने की पूरी आज़ादी मिलती है। नुकसान में शामिल हैं: शुरू में बड़ा निवेश, सभी रखरखाव खर्चों का बोझ (नियमित और आपातकालीन दोनों), और कहीं और आसानी से जाने की स्वतंत्रता (आसानी से जगह बदल पाने की सुविधा) में कमी।"
"निम्नलिखित ऐतिहासिक हस्तियों को उनके मुख्य योगदान के क्षेत्र के हिसाब से बाँटें: विज्ञान, कला, या राजनीति।","लियोनार्डो दा विंची, अल्बर्ट आइंस्टीन, विंस्टन चर्चिल, मैरी क्यूरी, पाब्लो पिकासो, अब्राहम लिंकन","लियोनार्डो दा विंची: कला। वह पुनर्जागरण काल के एक खास बहु-प्रतिभाशाली व्यक्ति थे, जो अपनी चित्रकला और मूर्तिकला (जैसे, मोनालिसा) के लिए सबसे ज़्यादा मशहूर हैं।
अल्बर्ट आइंस्टीन: विज्ञान। वह एक सैद्धांतिक भौतिक विज्ञानी थे जिन्होंने सापेक्षता का सिद्धांत विकसित किया।
विंस्टन चर्चिल: राजनीति। उन्होंने दूसरे विश्व युद्ध के दौरान यूनाइटेड किंगडम के प्रधान मंत्री के रूप में कार्य किया।
मैरी क्यूरी: विज्ञान। वह एक अग्रणी भौतिक विज्ञानी और रसायनज्ञ थीं, जो रेडियोधर्मिता पर अपने शोध के लिए मशहूर हैं।
पाब्लो पिकासो: कला। वह एक स्पेनिश चित्रकार और मूर्तिकार थे, जिन्हें 'क्यूबिज्म आंदोलन' के सह-संस्थापक के रूप में जाना जाता है।
अब्राहम लिंकन: राजनीति। उन्होंने संयुक्त राज्य अमेरिका के 16वें राष्ट्रपति के रूप में कार्य किया।"
दुनिया की सबसे ऊँची इमारत कौन सी है और यह कब पूरी हुई थी?,,"दुनिया की सबसे ऊँची इमारत बुर्ज ख़लीफ़ा है, जो संयुक्त अरब अमीरात के दुबई में स्थित है। इसकी ऊँचाई 828 मीटर (2,717 फ़ीट) है। इसका निर्माण 2004 में शुरू हुआ था, और यह इमारत जनवरी 2010 में आधिकारिक तौर पर पूरी हुई और खोल दी गई थी। यह अब तक की सबसे ऊँची संरचना और सबसे ऊँची इमारत दोनों का विश्व रिकॉर्ड रखती है।"
"मुख्य तथ्यों को नीचे दिए गए पाठ से निकालें और उन्हें आविष्कारक, अंदाज़न तारीख, मुख्य काम और प्रभाव वाली बुलेट (नुक्ता) सूची के रूप में व्यवस्थित करें।","छपाई मशीन का आविष्कार जो योहानिस गुटेनबर्ग ने लगभग 1440 के आस-पास किया था, उसे अक्सर आधुनिक काल की सबसे महत्वपूर्ण घटना माना जाता है। गुटेनबर्ग, जो एक जर्मन सुनार थे, उन्होंने एक ऐसी व्यवस्था विकसित की जिसने किताबों के उत्पादन और वितरण में क्रांति ला दी। उनका मुख्य काम, गुटेनबर्ग बाइबिल, माइंज़, जर्मनी में लगभग 1455 में छापी गई थी। इस तकनीक ने किताबों की लागत को नाटकीय रूप से कम कर दिया और पूरे यूरोप में साक्षरता में भारी वृद्धि हुई।","*   आविष्कारक: योहानिस गुटेनबर्ग (जर्मन सुनार)
*   अंदाज़न तारीख: लगभग 1440
*   मुख्य काम: गुटेनबर्ग बाइबिल (लगभग 1455 में छापी गई)
*   प्रभाव: किताबों की लागत को नाटकीय रूप से कम किया और पूरे यूरोप में साक्षरता में भारी वृद्धि हुई।"
ब्लॉकचेन की परिभाषा बताएं और इसके मुख्य हिस्सों को समझाएं।,,"ब्लॉकचेन एक विकेन्द्रीकृत (जिसका कोई केंद्र नहीं है), वितरित (बटा हुआ), और अक्सर सार्वजनिक डिजिटल बहीखाता होता है। इसमें 'ब्लॉक' कहे जाने वाले रिकॉर्ड होते हैं, जिनका उपयोग कई कंप्यूटर्स पर लेनदेन (ट्रांज़ैक्शन) रिकॉर्ड करने के लिए किया जाता है, ताकि किसी भी शामिल ब्लॉक को बाद वाले सभी ब्लॉक्स को बदले बिना पीछे जाकर बदला न जा सके। इसके मुख्य हिस्सों में शामिल हैं: वितरित बहीखाता (जो साझा डेटाबेस है), ब्लॉक्स (जो क्रिप्टोग्राफ़िक हैश के माध्यम से जुड़े हुए डेटा समूह हैं), हैशिंग (जो हर ब्लॉक के लिए एक अनोखी डिजिटल उंगली की छाप है), और सहमति की व्यवस्था (वह नियम जिनका उपयोग नए लेनदेन को जांचने और मान्य करने के लिए किया जाता है, जैसे काम का सबूत या हिस्सेदारी का सबूत)।"
"दिए गए पाठ की जाँच करें और 'क्वांटम उलझाव संचार' की प्रक्रिया को, जैसा कि स्रोत ने बताया है, सरल, कदम-दर-कदम तरीके से समझाएँ।","डॉ. आरिस थॉर्न ने भौतिकी संगोष्ठी में बोलते हुए, तेज़ी से जानकारी भेजने की कठिनाइयों और क्षमताओं के बारे में बताया। उन्होंने समझाया, 'आम धारणा के विपरीत, क्वांटम उलझाव तुरंत संचार नहीं है। इसमें दो जुड़े हुए कण शामिल होते हैं, जो अक्सर फ़ोटॉन होते हैं, और दूरी की परवाह किए बिना वे एक ही क्वांटम अवस्था साझा करते हैं। जब कण 'ए' के घुमाव (या ध्रुवीकरण) को मापा जाता है, तो कण 'बी' की अवस्था तुरंत पता चल जाती है। हालांकि, यह माप केवल अवस्था की पुष्टि करता है; यह कोई संदेश नहीं भेजता। 'संचार' प्राप्त करने के लिए, माप की तुलना वाली कुंजी (की) भेजने हेतु एक दूसरा पारंपरिक ज़रिया (जैसे रेडियो तरंग) इस्तेमाल किया जाना चाहिए। यह कुंजी पुष्टि करती है कि कण 'ए' की अवस्था का क्या मतलब था (उदाहरण के लिए, 'घुमाव ऊपर' का मतलब '1' है, 'घुमाव नीचे' का मतलब '0' है)। इसलिए, कदम ये हैं: 1. कणों को उलझाएँ। 2. उन्हें अलग करें। 3. कण 'ए' को मापें। 4. अवस्था 'बी' तुरंत मेल खाती है। 5. माप की व्याख्या कुंजी (की) भेजने के लिए पारंपरिक ज़रिया इस्तेमाल करें।'","क्वांटम उलझाव संचार की प्रक्रिया में कई अलग-अलग कदम शामिल हैं, जिसमें निष्कर्षों की व्याख्या करने के लिए एक दूसरे पारंपरिक ज़रीये की ज़रूरत होती है:
1. कणों (जो अक्सर फ़ोटॉन होते हैं) को उलझाएँ ताकि वे एक ही क्वांटम अवस्था साझा करें।
2. अपने क्वांटम संबंध को बनाए रखते हुए कणों को अलग करें।
3. पहले कण (कण 'ए') की अवस्था (जैसे घुमाव या ध्रुवीकरण) को मापें।
4. संबंध के कारण दूसरे कण (कण 'बी') की अवस्था तुरंत प्रमाणित हो जाती है।
5. माप के नतीजे का मतलब समझाने वाली व्याख्या कुंजी (की) भेजने के लिए एक दूसरा, पारंपरिक ज़रिया (जैसे रेडियो तरंग) इस्तेमाल किया जाना चाहिए।"
नीचे दिए गए भौगोलिक स्थानों को 'C' (महाद्वीप) और 'N' (देश) कोड का उपयोग करके वर्गीकृत करें। जवाब में वर्गीकरण को दिए गए क्रम में कॉमा से अलग करके लिखें।,"एशिया, ब्राज़ील, अंटार्कटिका, मिस्र, ऑस्ट्रेलिया","C, N, C, N, N"
"पता करें कि इनमें से कौन सी मशहूर इमारतें अभी भी खड़ी हैं और कौन सी गिरा दी गई थीं: असली पेन स्टेशन (न्यूयॉर्क सिटी), एम्पायर स्टेट बिल्डिंग (न्यूयॉर्क सिटी)।",,असली पेन स्टेशन गिरा दिया गया था (1963); एम्पायर स्टेट बिल्डिंग अभी भी खड़ी है।
पुनर्जागरण काल की परिभाषा बताएं।,,"पुनर्जागरण (रेनेसाँ) मध्य युग के बाद यूरोपीय सांस्कृतिक, कलात्मक, राजनीतिक और आर्थिक 'पुनर्जन्म' का एक बहुत ही उत्साही दौर था। यह आम तौर पर 14वीं से 16वीं शताब्दी तक फैला हुआ था, जिसकी विशेषता प्राचीन दर्शन और ज्ञान में नए सिरे से रुचि लेना था।"
एक चालू (कामकाजी) क्यूबरनेटीज़ क्लस्टर किन मुख्य हिस्सों से मिलकर बनता है?,,"एक चालू (कामकाजी) क्यूबरनेटीज़ क्लस्टर मूल रूप से दो मुख्य प्रकार के संसाधनों से मिलकर बनता है: कंट्रोल प्लेन (या मास्टर) और वर्कर नोड्स (काम करने वाली इकाइयाँ)।

**1. कंट्रोल प्लेन के हिस्से (मास्टर)**
कंट्रोल प्लेन क्लस्टर की स्थिति, समय-निर्धारण (शेड्यूलिंग), और कुल मिलाकर सेहत को संभालता है। इसके मुख्य हिस्से ये हैं:
*   **क्यूब-एपीआईसर्वर:** यह कंट्रोल प्लेन का सामने वाला हिस्सा है। यह क्यूबरनेटीज़ एपीआई को दिखाता है और रेस्ट (REST) प्रक्रियाओं को संभालने, जाँच करने और ऑब्जेक्ट्स (जैसे पॉड्स, सर्विसेज़, आदि) के लिए डेटा सेट करने का ज़िम्मा लेता है।
*   **एटसीडी:** यह एक मज़बूत और हमेशा उपलब्ध रहने वाला कुंजी-मूल्य भंडार (की-वैल्यू स्टोर) है जो क्यूबरनेटीज़ के सभी क्लस्टर डेटा के लिए मुख्य भंडार (बैकिंग स्टोर) के रूप में काम करता है।
*   **क्यूब-शेड्यूलर:** यह नए बने पॉड्स को देखता है जिन्हें कोई नोड तय नहीं किया गया है, और संसाधनों की ज़रूरत, सीमाओं और दूसरे कारकों के आधार पर उनके चलने के लिए एक नोड चुनता है।
*   **क्यूब-कंट्रोलर-मैनेजर:** यह कंट्रोलर चक्रों (उदाहरण के लिए, नोड कंट्रोलर, रेप्लिकेशन कंट्रोलर) को चलाता है जो क्लस्टर की स्थिति को नियंत्रित करते हैं, यह पक्का करते हुए कि मौजूदा स्थिति चाही गई स्थिति (desired state) से मेल खाती हो।

**2. वर्कर नोड के हिस्से**
वर्कर नोड्स कंटेनर में डाले गए ऐप्लिकेशन चलाते हैं। इनमें ये ज़रूरी हिस्से होते हैं:
*   **क्यूबलेट:** यह एक एजेंट है जो क्लस्टर में हर नोड पर चलता है। यह सुनिश्चित करता है कि कंटेनर एक पॉड में चल रहे हैं।
*   **क्यूब-प्रॉक्सी:** यह एक नेटवर्क प्रॉक्सी है जो हर नोड पर चलता है और नोड्स पर नेटवर्क के नियम बनाए रखता है। ये नियम क्लस्टर के बाहर या अंदर से आपके पॉड्स तक संपर्क (कम्युनिकेशन) की अनुमति देते हैं।
*   **कंटेनर रनटाइम:** वह सॉफ़्टवेयर जो कंटेनरों को चलाने के लिए ज़िम्मेदार होता है (उदाहरण के लिए, डॉकर, कंटेनरडी, सीआरआई-ओ)।"
"सौर मंडल के पाँच सबसे बड़े प्राकृतिक उपग्रहों (चाँद) के नाम बताओ, जो सबसे बड़े से शुरू हों।",,"गैनीमीड (बृहस्पति), टाइटन (शनि), कैलिस्टो (बृहस्पति), आयो (बृहस्पति), पृथ्वी का चाँद (लूना)"
"दुनिया के महासागरों में सबसे गहरा स्थान कहाँ है, और उसकी गहराई कितनी है?",,"सबसे गहरा ज्ञात बिंदु चैलेंजर डीप है, जो पश्चिमी प्रशांत महासागर में मारियाना ट्रेंच के अंदर स्थित है। इसकी सबसे गहरी नाप समुद्र तल से लगभग 10,935 मीटर (35,876 फीट) नीचे है। इस अत्यधिक गहराई का मतलब है कि यहाँ का दबाव समुद्र तल के सामान्य वायुमंडलीय दबाव से 1,000 गुना से भी अधिक है। यह अनोखे कीमोसिंथेटिक जीवन रूपों को सहारा देता है जो सूरज की रोशनी पर निर्भर नहीं करते हैं।"
किस अहम रोक की वजह से मैरी स्क्लोडोव्स्का को गुप्त तैरते विश्वविद्यालय में पढ़ना पड़ा?,"मैरी स्क्लोडोव्स्का का जन्म 1867 में वॉरसॉ (जो उस समय रूसी साम्राज्य का हिस्सा था) में हुआ था। उन्होंने वॉरसॉ के गुप्त तैरते हुए विश्वविद्यालय में पढ़ाई की क्योंकि उस समय महिलाओं को उच्च शिक्षा से रोक दिया गया था। वह 1891 में सोरबोन जाने के लिए पेरिस चली गईं, जहाँ उन्होंने भौतिकी और गणितीय विज्ञान में डिग्री प्राप्त की। 1895 में, उन्होंने फ्रांसीसी भौतिक विज्ञानी पियरे क्यूरी से शादी की। उनके पति के साथ उनका काम विकिरण पर केंद्रित था और इससे दो नए तत्वों की खोज हुई: पोलोनियम (जिसका नाम उनके गृह देश पोलैंड के नाम पर रखा गया) और रेडियम। 1903 में, क्यूरी दंपति ने हेनरी बेकरेल के साथ भौतिकी का नोबेल पुरस्कार साझा किया, जिससे मैरी नोबेल पुरस्कार जीतने वाली पहली महिला बन गईं। 1906 में पियरे की मृत्यु के बाद, उन्होंने अपना काम जारी रखा और शुद्ध रेडियम को अलग करने के लिए उन्हें 1911 में रसायन विज्ञान का नोबेल पुरस्कार मिला।",उस समय महिलाओं को उच्च शिक्षा से रोक दिया गया था।
"सात पारंपरिक महाद्वीपों को आकार के क्रम में, सबसे बड़े से सबसे छोटे तक, एक संख्या वाली सूची में लिखें।",,"1. एशिया
2. अफ्रीका
3. उत्तरी अमेरिका
4. दक्षिणी अमेरिका
5. अंटार्कटिका
6. यूरोप
7. ऑस्ट्रेलिया"
कचरा संग्रहण क्या है?,,"यह एक प्रकार का स्वचालित स्मृति प्रबंधन है, जिसका उद्देश्य उन वस्तुओं द्वारा इस्तेमाल की गई स्मृति को खाली करना है जिनका अब कोई उपयोग नहीं है या जो चल रहे प्रोग्राम की पहुँच से बाहर हो गई हैं।"
ओबी-वैन केनोबी जिस संगठन से जुड़े थे उसका नाम क्या है?,,जेडी संगठन
इंसान के अपेंडिक्स का मुख्य काम क्या है?,,"इतिहास में, इंसान के अपेंडिक्स को एक बेकार अंग माना जाता था जिसका कोई ज़रूरी काम नहीं था। हालांकि, मौजूदा शोध से पता चलता है कि यह प्रतिरक्षा प्रणाली में भूमिका निभा सकता है, ख़ास तौर पर यह फ़ायदेमंद पेट के जीवाणुओं (फ़्लोरा) के लिए एक सुरक्षित ठिकाने के रूप में काम करता है। जब बीमारी या रोग पाचन तंत्र को साफ़ कर देता है, तो अपेंडिक्स इन जमा हुए जीवाणुओं को छोड़ देता है, जिससे आंतों को जल्दी से फिर से आबाद करने और सामान्य काम को बहाल करने में मदद मिलती है।"
"इनमें से कौन सा अंक बाकियों के साथ मेल नहीं खाता: 12, 45, 27, 33, 56, 18?",,"इस समूह का असली नियम भाग हो जाने (विभाज्यता) से जुड़ा है। अंक 12, 45, 27, 33, और 18, ये सब 3 से भाग हो जाते हैं। 3 से भाग होने का नियम कहता है कि अगर किसी अंक के अंकों का जोड़ 3 से भाग हो जाता है, तो वह अंक खुद भी 3 से भाग हो जाएगा। 56 के लिए, अंकों का जोड़ 5+6=11 है, जो 3 से भाग नहीं होता है। इसलिए, 56 वह अंक है जो बाकियों के साथ मेल नहीं खाता।"
टीसी पी और यूडीपी प्रोटोकॉल के मुख्य अंतरों को आम लोगों के लिए सौ (100) शब्दों से कम में संक्षेप में बताएं।,,"टीसी पी (ट्रांसमिशन कंट्रोल प्रोटोकॉल) भरोसेमंद और संपर्क-आधारित होता है। यह गारंटी देता है कि सारा डेटा सही और क्रम से पहुँचे, जैसे कोई रजिस्टर्ड चिट्ठी भेजते हैं। यह धीमा होता है, लेकिन इसका उपयोग इंटरनेट ब्राउज़िंग और ईमेल के लिए किया जाता है। यूडीपी (यूज़र डेटाग्राम प्रोटोकॉल) तेज़ और संपर्क-रहित होता है। यह बिना पुष्टि (कन्फर्मेशन) के डेटा भेजता है, जिस में डेटा खो सकता है, जैसे एक पोस्टकार्ड। यह गेम खेलने, वीडियो स्ट्रीमिंग और डीएन एस पता लगाने के लिए बेहतर है।"
सोशल मीडिया प्लेटफ़ॉर्म मायस्पेस की गिरावट और आख़िरकार उसके चलन से बाहर हो जाने के क्या कारण थे?,,"मुख्य कारणों में फ़ेसबुक से ज़बरदस्त प्रतिस्पर्धा शामिल थी, जिसने एक साफ़ इंटरफ़ेस (इस्तेमाल करने की बनावट) और ज़्यादा मज़बूत पहचान की पुष्टि की सुविधा दी। मायस्पेस को नए बदलाव लाने में देरी हुई, बड़ी मात्रा में यूज़र द्वारा बनाए गए खास कोड को संभालने में मुश्किलें आईं, और बहुत ज़्यादा स्पैम तथा अव्यवस्थित डिज़ाइन के कारण उसकी बदनामी हुई, जिसके चलते यूज़र्स के लिए उसे चलाना मुश्किल हो गया था।"
पाइथन में लिस्ट और ट्यूपल के बीच का फ़र्क समझाएँ।,,"पाइथन में, लिस्ट और ट्यूपल दोनों का इस्तेमाल डेटा (जानकारी) को जमा करने के लिए किया जाता है। मुख्य फ़र्क बदलने की क्षमता (परिवर्तनशीलता) का होता है। लिस्ट्स बदलने योग्य होती हैं, इसका मतलब है कि बनने के बाद उनके तत्वों (हिस्सों) को बदला, जोड़ा या हटाया जा सकता है (इन्हें चौकोर कोष्ठक, जैसे कि [१, २], का उपयोग करके परिभाषित किया जाता है)। ट्यूपल्स न बदलने योग्य होते हैं, मतलब यह है कि एक बार बन जाने के बाद इन्हें बदला नहीं जा सकता (इन्हें गोल कोष्ठक, जैसे कि (१, २), का उपयोग करके परिभाषित किया जाता है)। जो डेटा बदलना नहीं चाहिए, उसके लिए ट्यूपल्स आम तौर पर तेज़ और ज़्यादा सुरक्षित होते हैं।"
हानि रहित और हानि युक्त डेटा सिकोड़ने के तरीक़ों में मुख्य अंतर समझाएँ।,,"फ़ाइलों को संग्रह करने और भेजने के लिए उनका आकार छोटा करने हेतु सिकोड़ने के तरीक़े बहुत अहम होते हैं। इन दो मुख्य प्रकारों के बीच मुख्य अंतर यह है कि डेटा को छोटा करने के दौरान उसके साथ कैसा बर्ताव किया जाता है और क्या मूल जानकारी को पूरी तरह से वापस पाया जा सकता है।

हानि रहित सिकुड़न (Lossless compression), जैसा कि नाम से ही स्पष्ट है, सिकुड़े हुए डेटा से मूल डेटा को पूरी तरह से वापस बनाने की अनुमति देती है। यह किसी भी ज़रूरी जानकारी को निकाले बिना, सांख्यिकीय अनावश्यकता—जैसे कि दोहराए जाने वाले पैटर्न या कमज़ोर कोडन—को पहचानकर और हटाकर काम करती है। हानि रहित सिकुड़न का उपयोग करने वाले फ़ॉर्मेट के उदाहरणों में ज़िप (ZIP) फ़ाइलें, पीएनजी (PNG) तस्वीरें, और फ्लैक (FLAC) ऑडियो शामिल हैं। यह तरीक़ा डेटा की अखंडता वाले अनुप्रयोगों के लिए ज़रूरी है, जैसे कि लिखित दस्तावेज़, प्रोग्राम चलाने वाली फ़ाइलें, या वित्तीय रिकॉर्ड, जहाँ डेटा का ज़रा सा भी नुकसान अस्वीकार्य होता है।

इसके विपरीत, हानि युक्त सिकुड़न (Lossy compression), कुछ डेटा को स्थायी रूप से ख़ारिज करके (हटाकर) बहुत ज़्यादा सिकोड़ने का अनुपात प्राप्त करती है, जिसे अनावश्यक माना जाता है या जो इंसानी आँख या कान को महसूस नहीं होता। यह आमतौर पर मनोवैज्ञानिक-श्रवण (ऑडियो के लिए) या मनोवैज्ञानिक-दृष्टि (तस्वीर के लिए) की समझ का मॉडल बनाकर बुद्धिमानी से उन आवृत्तियों या रंग की सीमाओं से विवरण हटाकर किया जाता है जिनके प्रति इंसान कम संवेदनशील होते हैं। हालाँकि इससे फ़ाइल का आकार काफ़ी छोटा हो जाता है, पर मूल डेटा पूरी तरह से वापस नहीं मिल पाता। हानि युक्त सिकुड़न का उपयोग व्यापक रूप से स्ट्रीमिंग मीडिया के लिए किया जाता है, जैसे जेपीईजी (JPEG) तस्वीरें, एमपी३ (MP3) ऑडियो, और एमपीईजी (MPEG) वीडियो, जहाँ बड़े पैमाने पर फ़ाइल का आकार घटाने के लिए गुणवत्ता में थोड़ी कमी स्वीकार्य मानी जाती है।"
चांदी का रासायनिक चिन्ह क्या है?,,एजी
"बड़ी तकनीकी कंपनियाँ अक्सर स्वादिष्ट खाने की कैंटीन, जिम और कपड़े धोने जैसी बहुत ज़्यादा मुफ़्त सुविधाएँ क्यों देती हैं?",,"बड़ी तकनीकी कंपनियों द्वारा बहुत ज़्यादा, अक्सर शानदार, सुविधाएँ (जैसे मुफ़्त खाना, काम की जगह पर स्वास्थ्य सेवा, और जिम) देने का चलन सिर्फ़ कर्मचारियों का मन रखने या उनकी भलाई से कहीं ज़्यादा, कई रणनीतिक व्यापारिक उद्देश्यों को पूरा करता है। सबसे पहले, यह ‘काबिल लोगों की लड़ाई’ (टैलेंट वॉर) में एक ज़रूरी हथियार है। यह एक शक्तिशाली गैर-वेतन लाभ के रूप में काम करता है जो बेहतरीन इंजीनियरों और डेवलपर्स को भर्ती करने और रोके रखने में मदद करता है। दूसरा, ये फ़ायदे (सुविधाएँ) उत्पादकता और कार्यक्षमता को अधिकतम करने के लिए बनाए गए हैं। कर्मचारियों को काम की जगह पर ही उनकी ज़रूरत की हर चीज़ मुहैया कराकर, कंपनियाँ उन्हें चालाकी से काम पर ज़्यादा समय बिताने के लिए प्रेरित करती हैं और बाहरी कामों (जैसे दोपहर के खाने के लिए बाहर जाना या छोटे-मोटे काम करना) से होने वाली रुकावटों को कम करती हैं। इसका मतलब यह भी है कि कर्मचारी ज़्यादा देर तक काम के लिए आसानी से उपलब्ध रहते हैं। आख़िर में, कैंपस जैसा माहौल मिलकर काम करने (सहयोग) को बढ़ावा देता है। कर्मचारियों का एक साथ खाना खाना या साझा सुविधाओं का उपयोग करना अनौपचारिक मुलाकातों, अचानक नए विचारों के पैदा होने को प्रेरित करता है, और काम की जगह पर टीम के बंधन को मज़बूत करता है।"
टीसीपी के तीन-तरफ़ा मेल/समझौते की प्रक्रिया का वर्णन करें।,"टीसीपी (ट्रांसमिशन कंट्रोल प्रोटोकॉल) तीन-तरफ़ा मेल एक बुनियादी तरीका है जिसका उपयोग दो उपकरणों, आमतौर पर एक क्लाइंट और एक सर्वर, के बीच एक भरोसेमंद, पूरी तरह से दो-तरफ़ा जोड़ (कनेक्शन) स्थापित करने के लिए किया जाता है। यह प्रक्रिया क्रम संख्याओं का तालमेल बिठाने और यह सुनिश्चित करने के लिए ज़रूरी है कि एप्लिकेशन डेटा का आदान-प्रदान शुरू होने से पहले दोनों पक्ष डेटा भेजने और पाने के लिए तैयार हैं।

1. तालमेल (एसवायएन): शुरू करने वाला होस्ट (क्लाइंट) मंज़िल वाले होस्ट (सर्वर) को एक एसवायएन टुकड़ा भेजता है। इस टुकड़े में क्लाइंट की शुरुआती क्रम संख्या (आईएसएन) शामिल होती है। इस बिंदु पर, क्लाइंट 'बंद स्थिति' (CLOSED state) से 'एसवायएन भेजा गया स्थिति' (SYN-SENT state) में बदल जाता है।

2. तालमेल-स्वीकृति (एसवायएन-एसीके): एसवायएन प्राप्त होने पर, सर्वर एसवायएन-एसीके टुकड़े के साथ जवाब देता है। इस टुकड़े के दो उद्देश्य होते हैं: यह क्लाइंट के जोड़ अनुरोध को स्वीकार करता है (एसीके = क्लाइंट की आईएसएन + 1) और सर्वर की अपनी शुरुआती क्रम संख्या (आईएसएन) प्रदान करके अपना खुद का जोड़ प्रयास शुरू करता है। सर्वर 'एसवायएन मिला स्थिति' (SYN-RECEIVED state) में बदल जाता है।

3. स्वीकृति (एसीके): आखिर में, क्लाइंट एसवायएन-एसीके प्राप्त करता है और सर्वर को वापस एक एसीके टुकड़ा भेजता है। यह एसीके सर्वर की तालमेल संख्या की प्राप्ति की पुष्टि करता है (एसीके = सर्वर की आईएसएन + 1)। एक बार जब यह तीसरा टुकड़ा सर्वर द्वारा प्राप्त हो जाता है, तो दोनों होस्ट 'स्थापित स्थिति' (ESTABLISHED state) में बदल जाते हैं, और डेटा भेजना शुरू हो सकता है।","टीसीपी तीन-तरफ़ा मेल क्लाइंट और सर्वर के बीच एक भरोसेमंद जोड़ स्थापित करने के लिए एक महत्वपूर्ण प्रक्रिया है। यह तीन चरणों में होता है:
1. **एसवायएन**: क्लाइंट सर्वर को तालमेल अनुरोध (एसवायएन) भेजता है।
2. **एसवायएन-एसीके**: सर्वर अनुरोध को स्वीकार करता है (एसीके) और अपनी खुद की तालमेल संख्या (एसवायएन) भेजता है।
3. **एसीके**: क्लाइंट सर्वर को अंतिम स्वीकृति (एसीके) भेजता है, जिससे पुष्टि होती है कि जोड़ स्थापित हो गया है और डेटा भेजने के लिए तैयार है।"
"निम्नलिखित शब्दों को संज्ञा, क्रिया, या विशेषण में वर्गीकृत करें: खुशी, तैरना, लंबा, कुर्सी, खाना, हरा।",,"खुशी: संज्ञा
तैरना: क्रिया
लंबा: विशेषण
कुर्सी: संज्ञा
खाना: क्रिया
हरा: विशेषण"
आइफ़िल टावर कब बना और क्यों?,,"आइफ़िल टावर का निर्माण 1887 से 1889 के बीच हुआ था। इसे 1889 में हुए विश्व मेले (एक्सपोज़िशन यूनिवर्सले) के प्रवेश द्वार की कमान के तौर पर बनाया गया था, जो फ़्रांसीसी क्रांति की 100वीं वर्षगाँठ को चिह्नित करता था।"
"एक आसान पायथन फ़ंक्शन (function) दें जो यह जाँच सके कि कोई 'स्ट्रिंग' 'पैलिंड्रोम' है या नहीं, 'केस' (बड़े-छोटे अक्षर) और खाली जगह को नज़रअंदाज़ करते हुए।",,"python
def is_palindrome(s):
    # स्ट्रिंग को साफ़ करें: केवल अक्षर और अंक वाले वर्णों को रखें और छोटे अक्षरों में बदल दें।
    cleaned_s = """".join(char.lower() for char in s if char.isalnum())
    
    # जाँच करें कि साफ़ की गई स्ट्रिंग अपने उल्टे रूप के बराबर है या नहीं।
    return cleaned_s == cleaned_s[::-1]

# उपयोग का उदाहरण:
# print(is_palindrome(""Racecar""))  # True
# print(is_palindrome(""Madam, I'm Adam"")) # True
# print(is_palindrome(""hello world"")) # False
"
मशहूर अमेरिकी उपन्यास मोबी डिक के लेखक का नाम बताएं।,,हरमन मेलविल
इटली के पाँच मशहूर पकवानों के नाम बताओ।,,"पिज़्ज़ा नेपोलेटाना, लज़ान्या, रिसोटो, तिरमिसु, स्पैगेटी आला कार्बोनारा।"
एफिल टावर की लगभग ऊँचाई कितनी है?,"एफिल टावर फ्रांस के पेरिस शहर में शाँ द मार्स पर स्थित लोहे की जालीदार मीनार है। इसे 1889 के विश्व मेले के प्रवेश द्वार के रूप में 1887 से 1889 तक बनाया गया था। इसका नाम इंजीनियर गुस्ताव एफिल के नाम पर रखा गया है, जिनकी कंपनी ने इस टावर का डिज़ाइन और निर्माण किया था। यह 330 मीटर (1,083 फ़ुट) ऊँचा है, जो कि लगभग 81-मंज़िला इमारत की ऊँचाई के बराबर है।","330 मीटर (1,083 फ़ुट)"
"इन चीज़ों के आविष्कारक की पहचान करें: टेलीफ़ोन, पोलियो का टीका।",,"टेलीफ़ोन का आविष्कार अलेक्जेंडर ग्राहम बेल ने किया था, पोलियो के टीके का आविष्कार जोनास साल्क ने किया था।"
"नीचे दिए गए खगोलीय पिंडों को ग्रह, उपग्रह, या बौने ग्रहों में वर्गीकृत करें: पृथ्वी, मंगल, प्लूटो, यूरोपा, सेरेस, और टाइटन।",,"ग्रह: पृथ्वी, मंगल। उपग्रह: यूरोपा और टाइटन। बौने ग्रह: प्लूटो और सेरेस।"
"नीचे दिए गए हर देश की राजधानी बताओ: फ़्रांस, जापान, ऑस्ट्रेलिया, ब्राज़ील, कनाडा, और मिस्र।",,"फ़्रांस: पेरिस
जापान: टोक्यो
ऑस्ट्रेलिया: कैनबरा
ऑस्ट्रेलिया: ब्रासीलिया
कनाडा: ओटावा
मिस्र: काहिरा"
"सभी उचित भौगोलिक नामों (प्रांतों, शहरों, या प्राकृतिक जगहों) को पहचानें और उन्हें उनके आधुनिक अंदाजित देश या क्षेत्र के आधार पर एक सूची में व्यवस्थित करें।","रोम शहर में शुरू हुआ रोमन साम्राज्य, आखिरकार भूमध्यसागरीय दुनिया पर हावी हो गया। इसका क्षेत्र उत्तर-पश्चिम में ब्रिटानिया (आधुनिक इंग्लैंड और वेल्स) के किनारों से, गॉल (फ़्रांस) से गुज़रते हुए और हिस्पानिया (स्पेन और पुर्तगाल) तक फैला हुआ था। पूरब में, साम्राज्य ने यूनान, अनातोलिया (तुर्की), और मिस्र की उपजाऊ ज़मीनों को नियंत्रित किया, जो सिकंदरिया (एलेग्ज़ेंड्रिया) के आसपास केंद्रित थीं। बड़ी बुनियादी ढाँचा परियोजनाएँ उत्तरी अफ़्रीका में भी बनाई गई थीं, खासकर मॉरीटानिया और नुमिडिया (अल्जीरिया/ट्यूनीशिया) जैसे प्रांतों में। मुख्य सैन्य सीमा अक्सर डैन्यूब और राइन नदियों के किनारे थी, जो जर्मनिया की सीमा से सटी हुई थी, जिसे बड़े पैमाने पर जीता नहीं गया था।","इटली:
- रोम

ब्रिटेन:
- ब्रिटानिया (इंग्लैंड और वेल्स)

फ़्रांस:
- गॉल

स्पेन और पुर्तगाल:
- हिस्पानिया

यूनान और तुर्की:
- यूनान
- अनातोलिया

उत्तरी अफ़्रीका (मिस्र, अल्जीरिया, ट्यूनीशिया):
- मिस्र
- सिकंदरिया
- मॉरीटानिया
- नुमिडिया

मध्य यूरोपीय सीमा:
- डैन्यूब नदी
- राइन नदी
- जर्मनिया"
"वर्ल्ड वाइड वेब का आविष्कार करने का श्रेय किसे दिया जाता है, और जब उन्होंने यह किया तब वह कहाँ काम कर रहे थे?","वर्ल्ड वाइड वेब (डब्ल्यूडब्ल्यूडब्ल्यू) एक ऐसा सूचना तंत्र है जहाँ दस्तावेज़ों और अन्य वेब संसाधनों की पहचान यूनिफ़ॉर्म रिसोर्स लोकेटर (यूआरएल) द्वारा की जाती है, जिन्हें हाइपरलिंक द्वारा आपस में जोड़ा जा सकता है, और जो इंटरनेट पर उपलब्ध हैं। इसका आविष्कार अंग्रेज़ कंप्यूटर वैज्ञानिक टिम बर्नर्स-ली ने 1989 में सर्न (CERN) में काम करते हुए किया था। वेब को मूल रूप से दुनिया भर के विश्वविद्यालयों और संस्थानों में वैज्ञानिकों के बीच स्वचालित जानकारी साझा करने की ज़रूरत को पूरा करने के लिए बनाया और विकसित किया गया था।",वेब का आविष्कार अंग्रेज़ कंप्यूटर वैज्ञानिक टिम बर्नर्स-ली ने तब किया जब वह सर्न (CERN) में काम कर रहे थे।
"पता लगाएँ कि नीचे दिए गए यौगिकों में मुख्य रूप से आयनिक बंधन है या सहसंयोजक बंधन, और हर तरह के बंधन की विशेषताओं को संक्षेप में समझाएँ।","NaCl, CO2, H2O, MgCl2, CH4, LiF","यौगिकों का वर्गीकरण इस प्रकार है:

**आयनिक बंधन:** NaCl, MgCl2, LiF
आयनिक बंधन आम तौर पर एक धातु और एक अधातु के बीच होता है। इसमें एक परमाणु (धातु) से दूसरे परमाणु (अधातु) तक वैलेंस इलेक्ट्रॉनों का पूरा स्थानांतरण शामिल होता है, जिसके परिणामस्वरूप स्थिरवैद्युत आकर्षण द्वारा एक साथ बंधे हुए आवेशित आयन बनते हैं।

**सहसंयोजक बंधन:** CO2, H2O, CH4
सहसंयोजक बंधन आमतौर पर दो अधातुओं के बीच होता है। इसमें परमाणुओं के बीच वैलेंस इलेक्ट्रॉनों का साझा करना शामिल होता है, जिसके परिणामस्वरूप स्थिर अणु बनते हैं।"
सामग्री वितरण नेटवर्क (सी.डी.एन.) का मुख्य काम क्या है?,,"सामग्री वितरण नेटवर्क (सी.डी.एन.) सर्वरों का एक ऐसा समूह होता है जो अलग-अलग भौगोलिक क्षेत्रों में फैला होता है और इंटरनेट की सामग्री को तेज़ी से पहुँचाने के लिए मिलकर काम करता है। इसका मुख्य काम यह है कि यह अंतिम उपयोगकर्ताओं के नज़दीक स्थित 'नज़दीकी सर्वरों' में स्थिर सामग्री (जैसे कि तस्वीरें, वीडियो, और डिज़ाइन संबंधी फाइलें) को कैश (अस्थाई रूप से स्टोर) करके देरी (विलंब) और लोड होने के समय को कम करता है। यह उस भौतिक दूरी को कम कर देता है जो डेटा को तय करनी पड़ती है, जिससे वेबसाइट की कार्यक्षमता और विश्वसनीयता बेहतर होती है।"
"यहाँ सूचीबद्ध सभी अधातुओं की पहचान करें: लोहा, ऑक्सीजन, सोना, नियॉन, ताँबा।",,"ऑक्सीजन और नियॉन इस सूची में अधातु हैं। लोहा, सोना और ताँबा को धातु के रूप में वर्गीकृत किया गया है।"
आज रात के खाने में क्या बनाने की योजना है?,,मुझे लगता है कि मैं आख़िरकार वो मुश्किल लज़ान्या व्यंजन बनाने की कोशिश करूँगा। बेकमेल सॉस के लिए मुझे शुभकामनाएँ देना!
एक बड़ी सीएसवी फ़ाइल को पायथन एनवायरनमेंट में पढ़ने का सबसे तेज़ तरीका क्या है?,,"जबकि पायथन का मानक सीएसवी मॉड्यूल या पांडास का रीड_सीएसवी() आम इस्तेमाल होते हैं, बड़ी फ़ाइलों के लिए, सबसे तेज़ तरीका आमतौर पर पांडास डॉट रीड_सीएसवी() फ़ंक्शन का इस्तेमाल करना है, और इसके पैरामीटर को बेहतर बनाना है। पक्का करें कि आप डीटाइप (अगर मुमकिन हो) बताएं और डिफ़ॉल्ट पायथन इंजन के मुकाबले स्पीड बढ़ाने के लिए इंजन='सी' पैरामीटर का इस्तेमाल करें। अगर फ़ाइल सचमुच बहुत विशाल है (कई जीबी की), तो डास्क या पाईस्पार्क इस्तेमाल करने पर सोचें।"
"इन निम्नलिखित राजधानियों को उनके महाद्वीपों के अनुसार श्रेणियों में बाँटिए: उत्तरी अमरीका या यूरोप: ओटावा, पैरिस, मेक्सिको सिटी, बर्लिन, रोम, वॉशिंगटन डी.सी., लिस्बन, किंग्स्टन, लंदन, वियना",,"उत्तरी अमरीका के शहर: ओटावा, मेक्सिको सिटी, वॉशिंगटन डी.सी., किंग्स्टन
यूरोप के शहर: पैरिस, बर्लिन, रोम, लिस्बन, लंदन, वियना"
"दिए गए रासायनिक तत्वों को कमरे के तापमान पर उनकी सामान्य अवस्था (ठोस, द्रव, या गैस) में वर्गीकृत करें।","ऑक्सीजन, लोहा, पारा, ब्रोमीन, नाइट्रोजन, सोना, क्लोरीन, सोडियम, हीलियम।","ठोस: लोहा, सोना, सोडियम
द्रव: पारा, ब्रोमीन
गैस: ऑक्सीजन, नाइट्रोजन, क्लोरीन, हीलियम"
क्या यह सच है कि चीन की महान दीवार अंतरिक्ष से दिखने वाली इकलौती इंसान द्वारा बनाई गई इमारत है?,,"नहीं, यह एक बहुत फैली हुई और लंबे समय से चली आ रही ग़लतफ़हमी (भ्रम) है। यह दावा अक्सर चाँद से दिखाई देने का मतलब रखता है, जो कि पूरी तरह से ग़लत है। चाँद से, बिना किसी चीज़ को बड़ा करके देखे, यहाँ तक कि महाद्वीपों को भी पहचानना मुश्किल है। और महान दीवार बहुत पतली है और ज़मीन के कुदरती रंगों से मेल खाती है, इसलिए इसे नंगी आँखों से देखना नामुमकिन है। अंतर्राष्ट्रीय अंतरिक्ष स्टेशन (इंटरनेशनल स्पेस स्टेशन) जहाँ मौजूद है, उस पृथ्वी की निचली कक्षा से अंतरिक्ष यात्री बताते हैं कि दीवार को ढूँढना मुश्किल होता है अगर ठीक से पता न हो कि कहाँ देखना है, लेकिन इंसान द्वारा बनाई गई कई अन्य बड़ी चीज़ें — जैसे कि मुख्य सड़कें, हवाई अड्डे की रनवे, बाँध, और रात में बड़े शहरों की रोशनी — कहीं ज़्यादा आसानी से दिखाई देती हैं।"
"स्वेज़ नहर के मुख्य इंजीनियर कौन थे, और यह नहर आधिकारिक तौर पर कब खुली?",भूमध्य सागर को लाल सागर से जोड़ने वाली स्वेज़ नहर को आधिकारिक तौर पर नवंबर 1869 में खोला गया था। इसे मुख्य रूप से फ्रांसीसी नागरिक फ़र्डिनेंड डी लेसेप्स ने बनाया था। इस नहर ने अफ्रीका के चारों ओर से यात्रा करने की ज़रूरत को ख़त्म करके यूरोप और एशिया के बीच यात्रा का समय काफ़ी कम कर दिया था। यह लगभग 193 किलोमीटर लंबी है।,"मुख्य इंजीनियर फ़र्डिनेंड डी लेसेप्स थे, और यह आधिकारिक तौर पर नवंबर 1869 में खुली।"
ग्रीनहाउस प्रभाव के सिद्धांत और वैश्विक जलवायु परिवर्तन को लाने में इसकी मुख्य भूमिका समझाइए।,,"ग्रीनहाउस प्रभाव एक प्राकृतिक भौतिक प्रक्रिया है जो धरती की सतह और वातावरण को गर्म करती है। यह तब होता है जब वातावरण में कुछ गैसें, जिन्हें ग्रीनहाउस गैसें (जीएचजी) कहा जाता है, उस ऊर्जा को रोक लेती हैं जो धरती से अंतरिक्ष की ओर निकल रही होती है। यह प्रक्रिया तब शुरू होती है जब सौर ऊर्जा धरती के वातावरण तक पहुँचती है; इस ऊर्जा का अधिकतर भाग सतह द्वारा सोख लिया जाता है, जिससे सतह गर्म हो जाती है। यह गर्म सतह फिर लंबी तरंगों वाली अवरक्त विकिरण (गर्मी) के रूप में ऊर्जा वापस अंतरिक्ष की ओर भेजती है। सीधे अंतरिक्ष में जाने के बजाय, कार्बन डाइऑक्साइड (सीओ2), मीथेन (सीएच4), नाइट्रस ऑक्साइड (एन2ओ), और जल वाष्प जैसी जीएचजी इस अवरक्त ऊर्जा को सोख लेती हैं और फिर इसे सभी दिशाओं में फिर से उत्सर्जित करती हैं, जिसमें धरती की सतह की ओर वापस फेंकना भी शामिल है। यह फिर से गर्मी छोड़ना प्रभावी रूप से एक गर्म कंबल की तरह काम करता है, जो गर्मी को रोककर ग्रह पर जीवन के लिए उपयुक्त तापमान सीमा बनाए रखता है।

मौजूदा जलवायु परिवर्तन में ग्रीनहाउस प्रभाव की भूमिका *बढ़े हुए* ग्रीनहाउस प्रभाव के सिद्धांत पर केंद्रित है। हालाँकि यह प्राकृतिक प्रक्रिया जीवन के लिए ज़रूरी है, लेकिन मानवीय गतिविधियों—मुख्य रूप से जीवाश्म ईंधन जलाने, औद्योगिक प्रक्रियाओं, और वनों की कटाई जैसे भूमि उपयोग में बदलाव—ने पिछले 200 सालों में वातावरण में जीएचजी की मात्रा को बहुत बढ़ा दिया है। यह बढ़ी हुई सांद्रता अधिक गर्मी को रोके रखती है, जिससे प्राकृतिक गर्मी की प्रक्रिया और बढ़ जाती है और औसत वैश्विक तापमान में एक अप्राकृतिक वृद्धि होती है, जिसे वैश्विक तापमान वृद्धि (ग्लोबल वार्मिंग) कहा जाता है, जो जलवायु परिवर्तन का मूल कारण है।"
"डार्क मैटर का सीधे पता लगाना क्यों मुश्किल है, और वैज्ञानिक इसके अस्तित्व का अंदाज़ा/पता कैसे लगाते हैं?","डार्क मैटर पदार्थ का एक अनुमानित रूप है, जिसके बारे में माना जाता है कि यह ब्रह्मांड के लगभग 85% पदार्थ और इसकी कुल ऊर्जा घनत्व के लगभग एक चौथाई हिस्से के लिए जिम्मेदार है। इसे 'डार्क' (अंधेरा) इसलिए कहा जाता है क्योंकि यह विद्युत चुम्बकीय क्षेत्र के साथ संपर्क नहीं करता है, जिसका मतलब है कि यह विद्युत चुम्बकीय विकिरण को न तो सोखता है, न ही प्रतिबिंबित करता है, और न ही उत्सर्जित करता है। इसलिए, यह दूरबीनों के लिए पूरी तरह से अदृश्य है। चूंकि यह विद्युत चुम्बकीय रूप से संपर्क नहीं करता है, इसलिए इसे सीधे पहचानना बेहद चुनौतीपूर्ण है। इसके अस्तित्व का अनुमान दृश्य पदार्थ पर इसके गुरुत्वाकर्षण प्रभावों से लगाया जाता है, जैसे कि आकाशगंगाओं के घूमने की गति (जो अकेले दृश्य पदार्थ से समझाई जाने वाली गति से बहुत तेज हैं) और जिस तरह विशाल ब्रह्मांडीय संरचनाओं के चारों ओर प्रकाश मुड़ता है (गुरुत्वाकर्षण लेंसिंग)।","डार्क मैटर का सीधे पता लगाना बहुत मुश्किल है क्योंकि यह विद्युत चुम्बकीय क्षेत्र के साथ संपर्क नहीं करता है। इसका मतलब है कि यह न तो प्रकाश या किसी अन्य विकिरण को सोखता है, न ही वापस उछालता है (परावर्तित करता है), और न ही उत्सर्जित करता है, जिससे यह सामान्य दूरबीनों के लिए अदृश्य हो जाता है। वैज्ञानिक इसकी उपस्थिति का अंदाज़ा केवल दृश्य पदार्थ पर पड़ने वाले इसके शक्तिशाली गुरुत्वाकर्षण प्रभावों के माध्यम से लगाते हैं, विशेष रूप से आकाशगंगाओं की देखी गई घूमने की गति और बड़ी ब्रह्मांडीय संरचनाओं के चारों ओर गुरुत्वाकर्षण लेंसिंग जैसी घटना का उपयोग करके।"
"एक नए डेटा विश्लेषण स्टार्टअप के लिए अमेज़न वेब सर्विसेज़ (एडब्ल्यूएस) और माइक्रोसॉफ्ट अज़ूर की तुलना करें। तुलना को तीन मुख्य क्षेत्रों पर केंद्रित करें: मूल्य निर्धारण मॉडल में अंतर, सर्वर-रहित कंप्यूटिंग की पेशकश, और प्रबंधित मशीन लर्निंग प्लैटफ़ॉर्म की परिपक्वता। अंत में, एक उचित सिफारिश के साथ निष्कर्ष निकालें कि स्टार्टअप को किस क्लाउड प्रदाता को प्राथमिकता देनी चाहिए।",,"**डेटा विश्लेषण स्टार्टअप के लिए एडब्ल्यूएस बनाम अज़ूर की तुलना:**

1.  **मूल्य निर्धारण मॉडल में अंतर:** एडब्ल्यूएस आमतौर पर एक बहुत ही बारीकी से निर्धारित, 'जितना इस्तेमाल करो उतना भुगतान करो' मॉडल का उपयोग करता है, जिसमें विभिन्न बचत योजनाएं (आरक्षित इंस्टेन्सेज़, बचत योजनाएँ) शामिल होती हैं जो बड़ी छूट देती हैं लेकिन इसके लिए प्रतिबद्धता ज़रूरी होती है। अज़ूर भी समान है लेकिन यह उन स्टार्टअप्स के लिए अक्सर बेहतर तालमेल देता है जिन्होंने पहले से ही माइक्रोसॉफ्ट लाइसेंस में निवेश किया हुआ है (अज़ूर हाइब्रिड लाभ के माध्यम से)। अज़ूर अपने एंटरप्राइज़ समझौता (ईए) संरचना को भी बहुत बढ़ावा देता है, जो बड़े अनुबंधों के लिए बिलिंग को सरल बना सकता है, हालाँकि एक स्टार्टअप शुरू में इसके लिए योग्य नहीं हो सकता है। एडब्ल्यूएस अक्सर अत्यधिक विशिष्ट, छोटे पैमाने के उपयोग के लिए अधिक तत्काल, लागत प्रभावी विकल्प प्रदान करता है।

2.  **सर्वर-रहित कंप्यूटिंग की पेशकश:** एडब्ल्यूएस लैम्डा बाज़ार का अग्रणी है, जो लगभग सभी एडब्ल्यूएस सेवाओं, एक विशाल पारिस्थितिकी तंत्र, और कई रनटाइम्स के लिए समर्थन में गहरा एकीकरण प्रदान करता है। यह इवेंट-संचालित डेटा प्रोसेसिंग पाइपलाइनों के लिए आदर्श है। अज़ूर फंक्शन्स भी अत्यधिक सक्षम है, खासकर .NET/C# का अधिक उपयोग करने वाली टीमों के लिए, जो विज़ुअल स्टूडियो के साथ उत्कृष्ट विकास एकीकरण प्रदान करता है। हालाँकि दोनों ही परिपक्व हैं, एडब्ल्यूएस लैम्डा आम तौर पर जटिल, उच्च-थ्रूपुट विश्लेषण कार्यों के लिए अधिक लचीलापन और व्यापक तृतीय-पक्ष समर्थन आधार प्रदान करता है।

3.  **प्रबंधित मशीन लर्निंग प्लैटफ़ॉर्म की परिपक्वता:** एडब्ल्यूएस सेजमेकर यकीनन सबसे व्यापक और परिपक्व एंड-टू-एंड एमएल प्लैटफ़ॉर्म है, जो नोटबुक वातावरण, अंतर्निहित एल्गोरिदम, मज़बूत होस्टिंग एंडपॉइंट्स, और डेटा लेबलिंग उपकरण प्रदान करता है। अज़ूर मशीन लर्निंग (अज़ूर एमएल) स्टूडियो मजबूत है, जो एमएलऑप्स (मशीन लर्निंग ऑपरेशंस) और एंटरप्राइज़-ग्रेड शासन पर ज़ोर देता है, जो अक्सर विनियमित उद्योगों या डेवऑप्स एकीकरण को प्राथमिकता देने वाली टीमों के लिए बेहतर अनुकूल होता है। तेजी से अत्याधुनिक विश्लेषण मॉडल विकसित करने पर पूरी तरह से ध्यान केंद्रित करने वाले स्टार्टअप के लिए, सेजमेकर अक्सर सीखने में कठिन लेकिन तेजी से तैनाती क्षमता प्रदान करता है।

**सिफारिश:**
स्टार्टअप को **अमेज़न वेब सर्विसेज़ (एडब्ल्यूएस)** को प्राथमिकता देनी चाहिए। जबकि अज़ूर मजबूत एंटरप्राइज़ एकीकरण प्रदान करता है, एडब्ल्यूएस वर्तमान में उन विशिष्ट क्षेत्रों में परिपक्वता का लाभ रखता है जो डेटा विश्लेषण स्टार्टअप के लिए महत्वपूर्ण हैं: ईटीएल/प्रोसेसिंग के लिए लैम्डा की बहुमुखी प्रतिभा और पैमाने, और मॉडल विकास और उत्पादन के लिए सेजमेकर की व्यापक सुविधाएँ।"
नीचे दी गई प्रोग्रामिंग भाषाओं को उनके मुख्य चलाने के तरीके (कंपाइल किए गए या इंटरप्रेट किए गए) के आधार पर श्रेणीबद्ध करें। उन्हें सही शीर्षक के नीचे लिखें।,"सी++, पाइथन, जावा, जावास्क्रिप्ट, रस्ट, रूबी, सी शार्प, पीएचपी","कंपाइल की गई भाषाएँ:
- सी++
- जावा
- रस्ट
- सी शार्प

इंटरप्रेट की गई भाषाएँ:
- पाइथन
- जावास्क्रिप्ट
- रूबी
- पीएचपी"
क्लाउड कंप्यूटिंग सेवाएँ के तीन मुख्य प्रकार क्या हैं?,,"सेवा के रूप में बुनियादी ढाँचा (आई-ए-ए-एस), सेवा के रूप में मंच (पी-ए-ए-एस), और सेवा के रूप में सॉफ़्टवेयर (एस-ए-ए-एस)।"
"दी गई जानकारी के आधार पर, किस ग्रह का व्यास सबसे बड़ा है?","ग्रह संबंधी जानकारी का सारांश:
बुध: व्यास 4,880 किलोमीटर, परिक्रमा 88 दिन।
शुक्र: व्यास 12,104 किलोमीटर, परिक्रमा 225 दिन।
पृथ्वी: व्यास 12,742 किलोमीटर, परिक्रमा 365 दिन।
मंगल: व्यास 6,779 किलोमीटर, परिक्रमा 687 दिन।
बृहस्पति: व्यास 142,984 किलोमीटर, परिक्रमा 12 साल।
शनि: व्यास 120,536 किलोमीटर, परिक्रमा 29 साल।
अरुण: व्यास 51,118 किलोमीटर, परिक्रमा 84 साल।
वरुण: व्यास 49,528 किलोमीटर, परिक्रमा 165 साल।","बृहस्पति का व्यास 142,984 किलोमीटर है, जो सबसे बड़ा है।"
"ऐतिहासिक विवादों के बावजूद, टेलीफ़ोन का आविष्कार करने के लिए आम तौर पर किसे जाना जाता है?","अलेक्जेंडर ग्राहम बेल को अक्सर टेलीफ़ोन का आविष्कार करने का श्रेय दिया जाता है। हालाँकि, कई ऐतिहासिक विवरण बताते हैं कि मानव आवाज़ को बिजली के ज़रिए भेजने वाला पहला व्यावहारिक उपकरण एलीशा ग्रे द्वारा बनाया और प्रदर्शित किया गया था। ग्रे के पेटेंट की पूर्व सूचनाएँ 14 फरवरी, 1876 को बेल के पेटेंट आवेदन के बस कुछ घंटों बाद जमा की गईं थीं, जिसने अमेरिकी इतिहास की सबसे प्रसिद्ध कानूनी लड़ाइयों में से एक को जन्म दिया। बेल ने आखिरकार पेटेंट सुरक्षित कर लिया, लेकिन पहले आविष्कार करने की असल बात अभी भी विवादित है।",अलेक्जेंडर ग्राहम बेल
"ए.पी.आई. क्या है और यह कैसे काम करता है, समझाएँ।",,"ए.पी.आई. (एप्लीकेशन प्रोग्रामिंग इंटरफ़ेस) कुछ तय किए गए नियमों का एक समूह होता है जो अलग-अलग सॉफ्टवेयर के हिस्सों को आपस में बातचीत करने/जुड़ने की अनुमति देता है। यह एक बिचौलिए की तरह काम करता है, जो उन तरीकों और डेटा के प्रारूपों (फॉर्मेट्स) को तय करता है, जिनका इस्तेमाल एप्लीकेशन जानकारी माँगने और उसका आदान-प्रदान करने के लिए कर सकते हैं। इसका इस्तेमाल अक्सर किसी सर्वर से खास सुविधाओं या डेटा तक पहुँचने के लिए किया जाता है।"
ख़राब कार बैटरी को जम्पर केबल (तारों) का उपयोग करके जंप-स्टार्ट करने का सही और सबसे सुरक्षित तरीका क्या है?,,"सबसे पहले, सुनिश्चित करें कि दोनों गाड़ियाँ बंद हैं, 'पार्क' या 'न्यूट्रल' गियर में हैं, और एक-दूसरे को छू नहीं रही हैं। पुष्टि करें कि दोनों बैटरियों का वोल्टेज समान है (आमतौर पर 12 वोल्ट)। 

**तार जोड़ने का क्रम:**
1. **लाल तार, ख़राब बैटरी के धनात्मक से:** एक लाल (धनात्मक, +) क्लैंप को ख़राब बैटरी के धनात्मक टर्मिनल से जोड़ें।
2. **लाल तार, चालू बैटरी के धनात्मक से:** दूसरे लाल (धनात्मक, +) क्लैंप को चालू (काम कर रही) बैटरी के धनात्मक टर्मिनल से जोड़ें।
3. **काला तार, चालू बैटरी के ऋणात्मक से:** एक काले (ऋणात्मक, -) क्लैंप को चालू (काम कर रही) बैटरी के ऋणात्मक टर्मिनल से जोड़ें।
4. **काला तार, ज़मीन (ग्राउंड) से:** बचे हुए काले (ऋणात्मक, -) क्लैंप को *ख़राब* गाड़ी पर किसी बड़ी, बिना पेंट वाली धातु की सतह (जैसे कि इंजन बोल्ट या चेसिस फ्रेम) से जोड़ें। इसे बैटरी और ईंधन लाइनों से दूर रखें। यह ग्राउंडिंग (अर्थिंग) कदम बैटरी की संभावित विस्फोटक गैसों के पास चिंगारी लगने से बचाता है।

**चालू करने का तरीका:**
5. **चालू गाड़ी स्टार्ट करें:** अच्छी बैटरी वाली गाड़ी को स्टार्ट करें और चार्ज ट्रांसफर करने के लिए उसे 3 से 5 मिनट तक चलने दें।
6. **ख़राब गाड़ी स्टार्ट करें:** ख़राब गाड़ी को स्टार्ट करने का प्रयास करें। यदि वह स्टार्ट हो जाती है, तो केबल (तारों) को अलग करने से पहले दोनों गाड़ियों को कई मिनट तक चलने दें।

**तार अलग करने का क्रम (उल्टा क्रम):**
7. तारों को जोड़ने के बिल्कुल उल्टे क्रम में अलग करें:
    क. काले क्लैंप को ज़मीन से जुड़े धातु की सतह से (ख़राब गाड़ी)।
    ख. काले क्लैंप को ऋणात्मक टर्मिनल से (चालू गाड़ी)।
    ग. लाल क्लैंप को धनात्मक टर्मिनल से (चालू गाड़ी)।
    घ. लाल क्लैंप को धनात्मक टर्मिनल से (ख़राब गाड़ी)।"
"इस पाठ के आधार पर, 79 ईस्वी के विस्फोट से नष्ट हुए दो रोमन शहरों के नाम बताएँ, उस व्यक्ति की पहचान करें जिसने पहली बार इस तबाही को दर्ज किया, और यह बताएँ कि उसका रिश्तेदार कहाँ मारा गया।","माउंट विसुवियस का विनाशकारी विस्फोट 79 ईस्वी में हुआ जिसने रोमन शहर पोम्पेई और हर्कुलेनियम को नष्ट कर दिया। आम तौर पर यह माना जाता है कि यह विस्फोट 24 अगस्त को दोपहर के आसपास शुरू हुआ, जिसने दो दिनों तक आस-पास के क्षेत्र को राख और झाँवाँ पत्थर से ढक दिया था। हालांकि, हालिया पुरातात्विक प्रमाण बताते हैं कि विस्फोट शायद बाद में, संभवतः अक्टूबर या नवंबर में हुआ था। इस तबाही को सबसे पहले प्लिनी द यंगर (छोटा प्लिनी) ने दर्ज किया था, जिसने दूर से इस घटना को देखा था और जिसके चाचा, प्लिनी द एल्डर (बड़ा प्लिनी), नेपल्स की खाड़ी के पास बचाव अभियान चलाने की कोशिश करते समय मारे गए थे।","इस विस्फोट ने पोम्पेई और हर्कुलेनियम शहरों को नष्ट कर दिया। इसे प्लिनी द यंगर ने दर्ज किया था, जिसके चाचा, प्लिनी द एल्डर, नेपल्स की खाड़ी के पास मारे गए थे।"
"पाठ के अनुसार, परसेवरेन्स रोवर मंगल ग्रह पर कब उतरा?","नासा का परसेवरेन्स रोवर 18 फरवरी, 2021 को जेज़ेरो क्रेटर में मंगल ग्रह पर उतरा। इसका मुख्य मकसद पुराने जीवाणु जीवन के सबूत ढूँढना और आखिर में धरती पर वापस लाने के लिए पत्थर और मिट्टी के नमूने इकट्ठा करना है। इस रोवर के साथ इनजेन्युटी नाम का एक हेलीकॉप्टर भी है, जिसने अप्रैल 2021 में किसी दूसरे ग्रह पर पहली बार शक्ति से उड़ान भरकर दिखाया।","परसेवरेन्स रोवर 18 फरवरी, 2021 को मंगल ग्रह पर उतरा।"
"दी गई इबारत का इस्तेमाल करके, वह तारीख पहचानें जिस दिन अपोलो 11 का दल सफलतापूर्वक धरती पर वापस आया।","अपोलो 11 वह अमेरिकी अंतरिक्ष उड़ान थी जिसने पहली बार इंसानों को चांद पर उतारा। कमांडर नील आर्मस्ट्रांग और लूनर मॉड्यूल पायलट बज़ एल्ड्रिन ने 20 जुलाई, 1969 को 20:17 यूटीसी पर अपोलो लूनर मॉड्यूल ईगल को उतारा। आर्मस्ट्रांग छह घंटे और 39 मिनट बाद, 21 जुलाई को 02:56 यूटीसी पर, चांद की सतह पर कदम रखने वाले पहले व्यक्ति बने; एल्ड्रिन 19 मिनट बाद उनसे जुड़े। उन्होंने अंतरिक्ष यान के बाहर लगभग सवा दो घंटे बिताए। मिशन के तीसरे सदस्य, माइकल कॉलिन्स ने, जब वे सतह पर थे, तब अकेले चांद की कक्षा में कमांड मॉड्यूल कोलंबिया का संचालन किया। अपोलो 11 को 16 जुलाई, 1969 को कैनेडी अंतरिक्ष केंद्र में लॉन्च कॉम्प्लेक्स 39ए से एक सैटर्न V रॉकेट द्वारा लॉन्च किया गया था। दल 24 जुलाई, 1969 को प्रशांत महासागर में सुरक्षित रूप से जल-उतरण (स्प्लैश डाउन) करते हुए धरती पर वापस आया।","अपोलो 11 का दल 24 जुलाई, 1969 को धरती पर वापस आया।"
"वीपीएन (आभासी निजी नेटवर्क) क्या है और कोई इसका उपयोग क्यों कर सकता है, समझाइए।",,"एक वीपीएन, या आभासी निजी नेटवर्क, सार्वजनिक नेटवर्क पर, ख़ासकर इंटरनेट पर, एक सुरक्षित और गोपनीय (कोडित) कनेक्शन बनाता है। लोग इनका इस्तेमाल मुख्य रूप से अपने डेटा की गोपनीयता सुनिश्चित करने, अपनी भौगोलिक जगह छुपाने और आंतरिक नेटवर्क तक दूर से सुरक्षित रूप से पहुँचने के लिए करते हैं।"
"परियोजना के कामों की इस सूची को एक व्यवस्थित जेसन (जेएसओएन) सारणी में बदलें। हर चीज़ में 'टास्कआईडी' (TaskID), 'नाम' (Name), और 'स्टेटस' (Status) ये कुंजियाँ/नाम होने चाहिए।",प्रोजेक्ट अल्फ़ा के काम: टीएसके-001: डेटाबेस शुरू करना (स्थिति: पूरा)। टीएसके-002: यूआई (UI) का खाका (वायरफ्रेम) बनाना (स्थिति: जारी है)। टीएसके-003: एपीआई दस्तावेज़ीकरण लिखना (स्थिति: लंबित)। टीएसके-004: मार्केटिंग की रणनीति को अंतिम रूप देना (स्थिति: रोक दिया गया)।,"
[
  {
    ""TaskID"": ""TSK-001"",
    ""Name"": ""डेटाबेस शुरू करना"",
    ""Status"": ""पूरा""
  },
  {
    ""TaskID"": ""TSK-002"",
    ""Name"": ""यूआई खाका बनाना"",
    ""Status"": ""जारी है""
  },
  {
    ""TaskID"": ""TSK-003"",
    ""Name"": ""एपीआई दस्तावेज़ीकरण लिखना"",
    ""Status"": ""लंबित""
  },
  {
    ""TaskID"": ""TSK-004"",
    ""Name"": ""मार्केटिंग रणनीति को अंतिम रूप देना"",
    ""Status"": ""रोक दिया गया""
  }
]
"
मुझे एक छोटे गमले वाले बगीचे में किस तरह का टमाटर का पौधा उगाना चाहिए?,,"छोटे गमलों के लिए टमाटर चुनते समय, मुख्य बातें पौधे का बढ़ने का तरीका और गमले का आकार हैं। 'डिटर्मिनेट' या 'झाड़ी' (बुश) किस्मों पर ध्यान दें, क्योंकि ये एक संभालने लायक़ ऊँचाई पर बढ़ना बंद कर देते हैं (आमतौर पर 3–4 फ़ीट) और उन्हें ज़्यादा सहारे (ट्रेलीसिंग) की ज़रूरत नहीं होती। 'इन्डिटर्मिनेट' या 'बेल' (वाइनिंग) किस्मों से बचें, जो लगातार बढ़ती रहती हैं। बौनी किस्में, जिन्हें अक्सर 'पैटियो' या 'माइक्रो-ड्वार्फ' टमाटर के रूप में बेचा जाता है, सबसे अच्छी होती हैं। चेरी टमाटर के प्रकार, जैसे 'टाइनी टिम' या 'हस्की रेड,' आमतौर पर कम मिट्टी में भी अच्छी तरह पनपते हैं और अधिक पैदावार देते हैं।"
स्पेसएक्स फ़ाल्कन 9 जैसे दोबारा इस्तेमाल हो सकने वाले कक्षीय रॉकेट के लॉन्च में शामिल प्रमुख चरणों का वर्णन करें।,,"फ़ाल्कन 9 जैसे दो हिस्सों वाले, दोबारा इस्तेमाल हो सकने वाले रॉकेट की उड़ान प्रक्रिया में कई ज़रूरी और क्रमिक चरण शामिल होते हैं, जिनमें पेलोड (सामान) का ऊपर जाना और बूस्टर (निचले हिस्से) की वापसी दोनों ही शामिल हैं।

**1. पूर्व-उड़ान और ऊपर उठना (T-शून्य):**
   *   T-शून्य (पकड़ छोड़ने) से ठीक पहले नौ मर्लिन इंजनों को प्रज्वलित किया जाता है। एक बार जब जोर (धक्का) स्थिर होने की पुष्टि हो जाती है, तो यान को लॉन्च क्लैंप से छोड़ दिया जाता है और यह सीधा ऊपर उठना शुरू कर देता है।

**2. पहले हिस्से की चढ़ाई और मुख्य इंजन बंद होना (MECO):**
   *   यह बूस्टर रॉकेट को वातावरण के सबसे घने हिस्से से गुज़ारता है। गति-पथ (ट्रैजेक्टरी) आगे की ओर झुकता है, जिससे गति बढ़ती है। उड़ान के लगभग 2 मिनट 30 सेकंड के बाद, बूस्टर अपने लगभग सारे ईंधन का उपयोग करके मुख्य इंजनों को बंद कर देता है (मुख्य इंजन कटऑफ - MECO)।

**3. हिस्सों का अलग होना और दूसरे हिस्से का चालू होना (SECO-1):**
   *   हवा के दबाव से चलने वाले धकेलने वाले उपकरण पहले चरण के बूस्टर को अंतर-चरण (दोनों चरणों को जोड़ने वाले अडैप्टर) से अलग करते हैं। दूसरा चरण, जो एक निर्वात (वैक्यूम) के लिए अनुकूलित मर्लिन इंजन से चलता है, कक्षीय गति की ओर पेलोड को धकेलना जारी रखने के लिए चालू होता है।

**4. पहले हिस्से की वापसी की प्रक्रिया (वापसी बर्न और प्रवेश):**
   *   **वापसी बर्न (Boostback Burn):** पहला हिस्सा ठंडी गैस थ्रस्टर (धक्का देने वाले उपकरण) का उपयोग करके 180 डिग्री पलट जाता है और अपनी गति को उलटने के लिए अपने तीन इंजनों को फिर से चालू करता है, इसे वापस लॉन्च स्थल या मानवरहित जहाज़ की ओर भेजता है।
   *   **प्रवेश बर्न (Entry Burn):** जैसे ही यह हिस्सा ऊपरी वातावरण में फिर से प्रवेश करता है, बूस्टर को धीमा करने और घनी हवा का सामना करने से पहले गर्म होने को कम करने के लिए एक छोटा बर्न (आमतौर पर तीन इंजनों का) किया जाता है।

**5. दूसरे हिस्से द्वारा कक्षा में स्थापित करना:**
   *   दूसरा हिस्सा अपना बर्न जारी रखता है, जिससे पेलोड (उदाहरण के लिए, उपग्रहों) को एक शुरुआती अस्थायी कक्षा (SECO-1) में स्थापित किया जाता है। यह पेलोड तैनात करने से पहले कक्षा को समायोजित करने के लिए मिनटों या घंटों बाद एक बाद का बर्न (SECO-2) भी कर सकता है।

**6. लैंडिंग बर्न और उतरना:**
   *   वापस लौट रहा पहला हिस्सा अपने लैंडिंग पैर खोलता है और एक अकेले केंद्रीय इंजन का उपयोग करके अंतिम, उच्च-सटीकता वाला लैंडिंग बर्न करता है। इंजन बूस्टर की गति को शून्य पर लाने के लिए गहराई से धीमा होता है, ठीक उसी क्षण जब वह निर्धारित लैंडिंग क्षेत्र पर उतरता है।"
"ब्लॉकचेन तकनीक क्या है, यह एक नए आदमी को आसान भाषा में समझाना।",,"ब्लॉकचेन को एक डिजिटल सार्वजनिक बहीखाता (लेजर) समझिए, जो एक स्प्रेडशीट जैसा होता है। यह बहीखाता दुनिया भर में फैले हुए कंप्यूटर सिस्टमों के एक बहुत बड़े नेटवर्क पर डुप्लीकेट होकर बँटा (वितरित) हुआ है। सबसे ज़रूरी बात यह है कि इस बहीखाते को कोई एक व्यक्ति या संस्था नियंत्रित नहीं करती और न ही उस पर उसका स्वामित्व होता है। 

यह इस तरह काम करता है:

### 1. ब्लॉक (टुकड़े)
'ब्लॉक' असल में डिजिटल जानकारी का एक पैकेज होता है। हर ब्लॉक में तीन मुख्य चीज़ें होती हैं:
*   **लेन-देन का डेटा (जानकारी):** लेन-देन की पूरी जानकारी (किसने किया, क्या किया, कब किया, कितनी राशि का किया)।
*   **एक नॉनस (Nonce):** एक बेतरतीब (रैंडम) संख्या जिसका उपयोग हैश बनाने के लिए किया जाता है।
*   **एक क्रिप्टोग्राफ़िक हैश:** यह एक ख़ास, निश्चित लंबाई वाला कोड होता है जो ब्लॉक और उसके अंदर की जानकारी की पहचान करता है। इसे ब्लॉक की डिजिटल उंगली की छाप (फ़िंगरप्रिंट) समझिए। यदि ब्लॉक के अंदर की जानकारी थोड़ी सी भी बदलती है, तो हैश पूरी तरह से बदल जाता है।

### 2. चेन (श्रृंखला)
एक बार जब कोई ब्लॉक पूरा हो जाता है, तो वह पहले से जोड़े गए ब्लॉक से जुड़ जाता है, जिससे एक 'चेन' (श्रृंखला) बन जाती है। यह जुड़ाव इसलिए होता है क्योंकि नए ब्लॉक में *पिछले* ब्लॉक का क्रिप्टोग्राफ़िक हैश मौजूद होता है। यह डेटा का एक सुरक्षित, कालक्रमानुसार (समय के हिसाब से) क्रम बनाता है।

### 3. विकेन्द्रीकरण (बँटाव)
एक केंद्रीय सर्वर (जैसे बैंक का डेटाबेस) पर स्टोर होने के बजाय, यह पूरी चेन 'नोड्स' (गाँठों) के नाम से जाने जाने वाले हजारों कंप्यूटरों में कॉपी होकर बँटी (वितरित) रहती है। किसी नए ब्लॉक को स्वीकार किए जाने और चेन में जोड़े जाने के लिए, ज़्यादातर नोड्स को यह जाँच कर सहमत होना पड़ता है कि लेन-देन सही है। यह सहमति प्रक्रिया (कन्सेंसस) सिस्टम को पारदर्शी और असफलता या छेड़छाड़ के प्रति बेहद मज़बूत बनाती है, क्योंकि इसमें कमज़ोरी का कोई एक बिंदु नहीं होता।

### 4. अपरिवर्तनीयता (सुरक्षा)
ब्लॉकचेन की सुरक्षा उसकी बनावट से आती है। चूँकि हर नया ब्लॉक अपने से पिछले ब्लॉक के हैश का उल्लेख करता है, इसलिए किसी पुराने लेन-देन के साथ छेड़छाड़ करने के लिए उस ब्लॉक के हैश को *और* चेन के हर बाद वाले ब्लॉक के हैश को दोबारा गणना करना ज़रूरी होगा—और यह सब विकेंद्रीकृत नेटवर्क के ज़्यादातर हिस्सों में एक साथ करना होगा। इस स्तर के गणना कार्य (कम्प्यूटेशनल एफ़र्ट) के कारण पिछले रिकॉर्ड को बदलना लगभग असंभव हो जाता है।"
न्यू यॉर्क शहर का असल में नाम न्यू एम्सटर्डम क्यों रखा गया था?,,"न्यू यॉर्क शहर को असल में 1625 में 'डच वेस्ट इंडिया कंपनी' द्वारा एक बस्ती के रूप में स्थापित किया गया था और इसका नाम न्यू एम्सटर्डम (नीव-एम्सटर्डम) रखा गया था। यह नाम नीदरलैंड्स के सबसे बड़े शहर और राजधानी एम्सटर्डम के सम्मान में रखा गया था, क्योंकि यह बस्ती डच उपनिवेश 'न्यू नीदरलैंड' की राजधानी का काम करती थी। 1664 में, दूसरे आंग्ल-डच युद्ध के दौरान अंग्रेज़ों ने इस इलाके पर कब्ज़ा कर लिया और उन्होंने यॉर्क के ड्यूक (जो बाद में इंग्लैंड के किंग जेम्स द्वितीय बने) के सम्मान में शहर और आस-पास के क्षेत्र का नाम बदलकर 'न्यू यॉर्क' रख दिया।"
"मधुमक्खियों और अन्य परागणकर्ताओं की दुनिया की खाद्य सुरक्षा बनाए रखने में क्या अहम भूमिका है, यह समझाएँ। यह भी पक्का करें कि आपकी बात में एकल-फसल की खेती (मोनोकल्चर) के मुद्दे और आर्थिक प्रभाव भी शामिल हों।",,"परागणकर्ता, खासकर शहद की मक्खियाँ और स्थानीय मधुमक्खियाँ, दुनिया के 75% से ज़्यादा फूल वाले पौधों और वैश्विक खाद्य फसलों के लगभग एक तिहाई हिस्से के प्रजनन के लिए बहुत ज़रूरी हैं। उनकी गतिविधि के बिना, फलों, सब्ज़ियों, मेवों और ज़रूरी बीज वाली फसलों की पैदावार गिर जाएगी। इससे खाद्य सुरक्षा को गंभीर खतरा होगा और पोषण संबंधी विविधता में बाधा उत्पन्न होगी। औद्योगिक खेती के तरीके, विशेष रूप से बड़े पैमाने पर एकल-फसल की खेती (मोनोकल्चर), प्राकृतिक चारागाह और जैव विविधता को कम करके समस्या को और बढ़ाते हैं। इससे मुख्य फसलें बाहर से ट्रक में लाए गए नियंत्रित छत्तों पर बहुत ज़्यादा निर्भर हो जाती हैं। आर्थिक रूप से, यह बेहद ज़रूरी जैविक श्रम वैश्विक कृषि क्षेत्र में सालाना अरबों डॉलर का योगदान देता है, जो खाद्य उत्पादन में उनकी अपूरणीय स्थिति को दर्शाता है।"
वह रोमी शूरवीर कौन था जिसने जादूगरनी सिरसी द्वारा दिए गए ऊन के गोले का इस्तेमाल करके माइनोटॉर को मारा था?,,"वह शूरवीर थीसियस था, जो एथेंस का एक यूनानी पौराणिक संस्थापक-शूरवीर था। उसने भूलभुलैया को पार किया और माइनोटॉर को मार डाला। बाहर निकलने का रास्ता खोजने के लिए, उसने धागे के गोले (यानी सूत्र) का उपयोग किया, जो उसे राजा मिनोस की बेटी एरिआद्ने ने दिया था।"
"नीचे दिए गए जीवों को या तो स्तनधारी या सरीसृप के रूप में वर्गीकृत करें: प्लैटिपस, इगुआना।",,"प्लैटिपस एक स्तनधारी है, और इगुआना एक सरीसृप है।"
हॉगवर्ट्स जादू-टोना और जादूगरी स्कूल के चार मुख्य घरों की सूची बनाइए।,,"- ग्रिफ़िंडोर
- हफ़लपफ़
- रेवेनक्ला
- स्लीदरिन"
एक साधारण सेडान गाड़ी का पंचर टायर सुरक्षित रूप से बदलने के लिए ज़रूरी कदम बताएं।,,"1. समतल ज़मीन पर गाड़ी खड़ी करें और हाथ वाला ब्रेक लगा दें। 2. खतरा बत्तियाँ जलाएँ और अगर मौजूद हों तो चमकने वाले त्रिकोणीय निशान लगा दें। 3. एक्स्ट्रा टायर (स्टेपनी), जैक और पहिये के नट खोलने वाला पाना ढूँढें। 4. पहिये के नटों को थोड़ा ढीला करें (उन्हें अभी पूरी तरह से न निकालें)। 5. जैक को गाड़ी के ढाँचे के नीचे रखें और गाड़ी को तब तक ऊपर उठाएँ जब तक कि पंचर टायर ज़मीन से ऊपर न आ जाए। 6. पहिये के नटों को पूरी तरह से निकाल दें और पंचर टायर उतार लें। 7. एक्स्ट्रा टायर लगाएँ और नटों को हाथ से कस दें। 8. गाड़ी को नीचे करें। 9. पहिये के नटों को तारे के आकार में पूरी तरह कस दें। 10. अपना सारा सामान वापस रखें और तुरंत एक्स्ट्रा टायर की हवा (प्रेशर) जाँच लें।"
इस अवधारणा की एक संक्षिप्त परिभाषा दें।,क्वांटम उलझाव,"यह एक ऐसी भौतिक घटना है जहाँ दो या दो से अधिक कण इस तरह से जुड़ जाते हैं कि यदि एक कण के गुण को मापा जाता है, तो दूसरे कणों के गुणों पर तुरंत असर पड़ता है, भले ही उनके बीच कितनी भी दूरी हो।"
पेनिसिलिन की शुरुआती खोज का श्रेय किसे दिया जाता है और किस साल में?,"पेनिसिलिन, जिसे अक्सर पी.सी.एन. कहा जाता है, एंटीबायोटिक दवाओं का एक समूह है जो असल में पेनिसिलियम फफूंदी से निकाला जाता था, खासकर पी. क्राइसोजेनम और पी. नोटैटम से। पेनिसिलिन की खोज का श्रेय 1928 में स्कॉटिश चिकित्सक-वैज्ञानिक अलेक्जेंडर फ्लेमिंग को दिया जाता है, जो लंदन के सेंट मैरी अस्पताल में काम कर रहे थे। बाद में, 1940 के दशक की शुरुआत में, हॉवर्ड फ्लोरे और अर्न्स्ट चेन द्वारा इसका बड़े पैमाने पर उत्पादन और सफल नैदानिक परीक्षण किए गए।",पेनिसिलिन की खोज का श्रेय 1928 में स्कॉटिश चिकित्सक-वैज्ञानिक अलेक्जेंडर फ्लेमिंग को दिया जाता है।
कृष्ण विवर और वर्महोल के बीच का मुख्य अंतर समझाओ।,,"एक कृष्ण विवर अंतरिक्ष-समय का ऐसा क्षेत्र है जिसका गुरुत्वाकर्षण प्रभाव इतना शक्तिशाली होता है कि कुछ भी—कण और रोशनी जैसी विद्युत चुम्बकीय किरणें भी नहीं—उसके अंदर से बचकर बाहर नहीं निकल सकतीं। इसके विपरीत, एक वर्महोल अंतरिक्ष-समय में दूर-दराज के बिंदुओं को जोड़ने वाला एक काल्पनिक ढांचा है, जो ब्रह्मांड में एक सीधे रास्ते के तौर पर काम करता है।"
खजाने की रखवाली के लिए जाने जाने वाले पाँच प्रसिद्ध पौराणिक जीवों की एक क्रमबद्ध सूची तैयार करें।,,"१. ड्रैगन
२. ग्रिफिन
३. स्फिंक्स
४. फ़ाफ़निर
५. कॉकट्रीस"
ब्लैक होल की अवधारणा समझाएँ।,,"एक ब्लैक होल दिक्काल (अंतरिक्ष-समय) का ऐसा क्षेत्र होता है जहाँ गुरुत्वाकर्षण (खिंचाव) इतना प्रबल होता है कि रोशनी या अन्य विद्युतचुम्बकीय तरंगों सहित कोई भी चीज़ उससे बचकर बाहर नहीं निकल सकती। यह तब बनता है जब एक बहुत बड़ा तारा अपने जीवन चक्र के अंत में अपने ही गुरुत्वाकर्षण के कारण ढह जाता है। उस क्षेत्र की सीमा, जिससे बाहर निकलना नामुमकिन है, उसे घटना क्षितिज कहा जाता है। हालाँकि घटना क्षितिज इसे पार करने वाली किसी भी वस्तु की किस्मत और परिस्थितियों पर गहरा असर डालता है, लेकिन इसकी स्थानीय रूप से पता लगाने योग्य कोई विशेषता नहीं होती है। ब्लैक होल के केंद्र में एक गुरुत्वाकर्षण विलक्षणता (सिंगुलैरिटी) मौजूद होती है, जो एक ऐसा बिंदु है जहाँ घनत्व अनंत होता है।"
कोशिका सिद्धांत के मुख्य सिद्धांतों का संक्षेप में वर्णन करें।,"कोशिका सिद्धांत आधुनिक जीव विज्ञान के मूलभूत स्तंभों में से एक है। इसका श्रेय मुख्य रूप से 19वीं शताब्दी के मध्य में मैथियास श्लाइडेन और थियोडोर श्वान के काम को दिया जाता है, जिसमें बाद में रुडोल्फ विरचोव ने भी कुछ जोड़ा। शुरुआती सिद्धांत ने दो मुख्य नियम स्थापित किए: पहला, कि सभी जीवित जीव एक या एक से अधिक कोशिकाओं से मिलकर बने होते हैं, और दूसरा, कि कोशिका जीवन की बुनियादी संरचनात्मक और संगठनात्मक इकाई है। विरचोव ने बाद में एक तीसरा, महत्वपूर्ण नियम जोड़ा: कि सभी कोशिकाएँ पहले से मौजूद कोशिकाओं से उत्पन्न होती हैं (ओमनिस सेलुला ए सेलुला)। इस तीसरे बिंदु ने स्वतः उत्पत्ति की अवधारणा को सीधे तौर पर ख़ारिज कर दिया। इसके अलावा, कोशिका सिद्धांत में यह विचार भी शामिल है कि आनुवंशिक जानकारी विभाजन के दौरान एक कोशिका से दूसरी कोशिका में जाती है, और ऊर्जा का प्रवाह (चयापचय और जैव रसायन) कोशिकाओं के भीतर होता है।",कोशिका सिद्धांत के तीन सार्वभौमिक रूप से स्वीकृत नियम हैं: 1) सभी जीवित जीव एक या एक से अधिक कोशिकाओं से मिलकर बने होते हैं; 2) कोशिका जीवों में संरचना और संगठन की मूल इकाई है; और 3) सभी कोशिकाएँ पहले से मौजूद कोशिकाओं से उत्पन्न होती हैं। यह सिद्धांत यह भी मानता है कि कोशिकाओं में विभाजन के दौरान पारित होने वाली आनुवंशिक जानकारी होती है और वे चयापचय गतिविधियों का स्थल होती हैं।
"पाठ के अनुसार, हिप्पोकैंपस का मुख्य काम क्या है?","इंसानी दिमाग (मस्तिष्क) एक बहुत ही पेचीदा अंग है। सेरेब्रम, जो दिमाग का सबसे बड़ा हिस्सा है, सोच और काम जैसे उच्च-स्तरीय कार्यों के लिए ज़िम्मेदार होता है। टेम्पोरल लोब के अंदर गहराई में हिप्पोकैंपस स्थित है, जो इंसानों और अन्य रीढ़ वाले जानवरों के दिमाग का एक प्रमुख हिस्सा है। इसकी मुख्य भूमिका अनुभव की गई घटनाओं से जुड़ी नई यादें बनाने (एपिसोडिक मेमोरी), साथ ही साथ जगह की पहचान (स्थानिक नेविगेशन) करना है। हिप्पोकैंपस को नुकसान पहुँचने से नई लंबी अवधि की यादें बनाने की क्षमता बुरी तरह प्रभावित हो सकती है। सेरेब्रम के नीचे स्थित सेरिबैलम, शरीर की मुद्रा (पोज़िशन), संतुलन, तालमेल और बातचीत जैसी स्वैच्छिक हरकतों को नियंत्रित करता है, जिसके परिणामस्वरूप मांसपेशियों की गतिविधि चिकनी और संतुलित होती है।","हिप्पोकैंपस की मुख्य भूमिका अनुभव की गई घटनाओं से जुड़ी नई यादें बनाने (एपिसोडिक मेमोरी), साथ ही साथ जगह की पहचान (स्थानिक नेविगेशन) करना है।"
एक बड़े सोशल मीडिया मंच पर स्वचालित सामग्री निगरानी के लिए जेनेरेटिव ए.आई. (खासकर बड़े भाषा मॉडल) को तैनात करने से जुड़े मुख्य नैतिक ख़तरों का विश्लेषण करें। तीन अलग बचाव रणनीतियाँ सुझाएं जो कार्यक्षमता और उपयोगकर्ता के अधिकारों में संतुलन बनाएँ।,,"स्वचालित सामग्री निगरानी के लिए बड़े भाषा मॉडल (एल.एल.एम.) को तैनात करने से कई महत्वपूर्ण नैतिक ख़तरे उत्पन्न होते हैं, जो मुख्य रूप से निष्पक्षता, पारदर्शिता और अभिव्यक्ति की स्वतंत्रता पर केंद्रित हैं।

**नैतिक ख़तरे:**

1.  **पक्षपात का बढ़ना और असमान प्रभाव:** बड़े भाषा मॉडल विशाल डेटासेट पर प्रशिक्षित होते हैं जो अक्सर सामाजिक पक्षपात (जाति, लिंग, राजनीतिक) को दर्शाते हैं। यदि निगरानी मॉडल इन पक्षपातों को सीख लेता है, तो यह हाशिए पर रहने वाले समूहों की सामग्री या बोलने के तरीके को असंगत रूप से निशाना बना सकता है, जिससे सामग्री को अनुचित रूप से हटा दिया जाता है या 'शैडो बैनिंग' हो जाती है, जो व्यवस्थित भेदभाव को मजबूत करता है।
2.  **स्पष्टीकरण और पारदर्शिता की कमी:** ए.आई. के फ़ैसले अक्सर 'ब्लैक बॉक्स' होते हैं। जब सामग्री हटा दी जाती है, तो उपयोगकर्ताओं को नीति उल्लंघन के सामान्य कारण के अलावा शायद ही कभी कोई स्पष्ट, विशिष्ट और आसानी से समझ आने वाला कारण दिया जाता है। पारदर्शिता की यह कमी उपयोगकर्ता के विश्वास को कम करती है और अपील की प्रक्रिया को मुश्किल बनाती है, जिससे बुनियादी कानूनी प्रक्रिया की अपेक्षाओं का उल्लंघन होता है।
3.  **अत्यधिक निगरानी और चुप्पी का असर:** अत्यधिक संवेदनशील या आक्रामक बड़े भाषा मॉडल संदर्भ, व्यंग्य, या सूक्ष्म राजनीतिक टिप्पणी को समझने में संघर्ष कर सकते हैं। आक्रामक स्वचालन से सामान्य या वैध बातों को भी हटाया जा सकता है, जिससे 'चुप्पी का असर' पैदा होता है, जहाँ उपयोगकर्ता मनमानी सज़ा के डर से ख़ुद को सेंसर करना शुरू कर देते हैं, जिससे अभिव्यक्ति की स्वतंत्रता और सार्वजनिक चर्चा सीमित हो जाती है।

**बचाव की रणनीतियाँ:**

1.  **गंभीर कार्रवाइयों के लिए 'इंसान की अनिवार्य भागीदारी' (ह्यूमन-इन-द-लूप):** स्थायी खाता प्रतिबंध, सामग्री पर गंभीर रोक, या उच्च-प्रोफ़ाइल/पत्रकारिता सामग्री को हटाने वाले सभी स्वचालित निगरानी फ़ैसलों को लागू करने से पहले अनिवार्य रूप से मानव समीक्षा (एक ह्यूमन-इन-द-लूप प्रणाली) की आवश्यकता होनी चाहिए। यह रणनीति कम जोखिम वाले, स्पष्ट उल्लंघनों के लिए कार्यक्षमता बनाए रखती है, जबकि अस्पष्ट या महत्वपूर्ण मामलों में उपयोगकर्ता के अधिकारों की रक्षा करती है।
2.  **असमान प्रभाव के लिए विरोधी परीक्षण और ऑडिटिंग:** मंचों को नियमित, तीसरे पक्ष के नैतिक ऑडिट और विरोधी परीक्षण के लिए प्रतिबद्ध होना चाहिए जो विशेष रूप से जनसांख्यिकीय प्रभाव पर केंद्रित हों। इसमें एल्गोरिथम पक्षपात को उजागर करने के लिए डिज़ाइन किए गए परीक्षण डेटासेट बनाना शामिल है (जैसे: विभिन्न कल्पित पहचानों या भाषाओं द्वारा बनाए गए समान सामग्री को जमा करना) और यह सुनिश्चित करने के लिए मॉडल के भार को समायोजित करना कि निगरानी सभी उपयोगकर्ता समूहों पर लगातार लागू हो।
3.  **बेहतर पारदर्शिता और त्वरित अपील प्रोटोकॉल:** मंच को सामान्य उल्लंघन सूचनाओं से हटकर विशिष्ट, मानकीकृत तर्क कोडों की ओर बढ़ना चाहिए जो स्पष्ट रूप से दर्शाएँ कि नीति के किस हिस्से का उल्लंघन किया गया था और बड़े भाषा मॉडल ने सामग्री को *क्यों* फ़्लैग किया। इसके अलावा, ए.आई. द्वारा नियंत्रित सामग्री के लिए एक त्वरित, पारदर्शी और बाध्यकारी आंतरिक अपील प्रक्रिया (जो 48 घंटों के भीतर मानव समीक्षा के परिणाम की गारंटी देती है) को लागू करने से उपयोगकर्ता का भरोसा और कार्रवाई करने की क्षमता वापस मिलती है।"
बेकिंग सोडा को बेकिंग के अलावा घर के कामों में और कैसे इस्तेमाल कर सकते हैं?,,"बेकिंग सोडा को बदबू हटाने के लिए (जैसे फ्रिज या जूतों में), सिंक धोने के लिए हल्के रगड़ने वाले क्लीनर की तरह, सिरके के साथ मिलाकर नाली साफ करने के लिए, और कपड़े धोने में मददगार के तौर पर इस्तेमाल किया जा सकता है।"
पनामा नहर से जहाज़ों का औपचारिक गुज़रना कब शुरू हुआ?,"पनामा नहर का निर्माण अब तक किए गए सबसे मुश्किल तकनीकी कामों में से एक था। फ़्रांस द्वारा शुरू के प्रयास बीमारी और पैसों की दिक्कतों के कारण विफल हो गए। संयुक्त राज्य अमेरिका ने 1904 में यह परियोजना अपने हाथ में ले ली। हालाँकि, एस एस एनकॉन ने 15 अगस्त, 1914 को अटलांटिक और प्रशांत महासागरों को जोड़ते हुए आधिकारिक आवाजाही की, लेकिन उस तारीख से पहले छोटे जहाज़ों ने जलमार्ग के कुछ हिस्सों का उपयोग किया था। नहर का औपचारिक उद्घाटन यूरोप में पहले विश्व युद्ध की शुरुआत के लगभग ठीक साथ हुआ।","पनामा नहर से आधिकारिक आवाजाही 15 अगस्त, 1914 को एस एस एनकॉन द्वारा हुई।"
यूवी-सी प्रकाश से सफाई करने वाले उपकरणों के पीछे की तकनीक समझाएँ और बताएँ कि वे वायरस और बैक्टीरिया के खिलाफ कितने असरदार हैं।,,"यूवी-सी प्रकाश, पराबैंगनी प्रकाश की एक खास सीमा (100–280 नैनोमीटर) है जो कीटाणुनाशक होती है। यह सूक्ष्मजीवों की कोशिका की दीवार या वायरस के बाहरी खोल में घुसकर काम करता है। एक बार अंदर जाने पर, यूवी-सी विकिरण को डीएनए या आरएनए द्वारा सोख लिया जाता है, जिससे न्यूक्लिक एसिड के आधार (जैसे थाइमिन) असामान्य रूप से आपस में बंध जाते हैं और डाइमर बन जाते हैं। यह डाइमेराइजेशन जीव की आनुवंशिक सामग्री को अपनी नकल बनाने से रोकता है, जिससे सूक्ष्मजीव प्रभावी ढंग से निष्क्रिय हो जाता है और उसे संक्रमण फैलाने से रोकता है। यूवी-सी से सफाई कई तरह के रोगाणुओं, जिनमें बैक्टीरिया, फफूंदी, और वायरस (जैसे सार्स-सीओवी-2) शामिल हैं, के खिलाफ बहुत असरदार है। बशर्ते रोगाणुओं को पर्याप्त खुराक (तेज़ रोशनी x समय) मिले और प्रकाश धूल या छाया से रुका न हो।"
"नीचे दिए गए तीसरी तिमाही 2024 की कॉफी बाज़ार रिपोर्ट के डेटा का विश्लेषण करें। उपभोक्ता रुझानों के दो मुख्य बदलावों—ठंडे पेय को पसंद करना और टिकाऊपन की मांग—का संक्षेप में वर्णन करें, और यह पहचानें कि कौन सा मुख्य जनसांख्यिकी समूह किस बदलाव को बढ़ावा दे रहा है।","बाज़ार का ब्यौरा तीसरी तिमाही 2024: पारंपरिक गरम कॉफी की खपत में साल-दर-साल 4% की कमी आई है। 

कोल्ड ब्रू / आरटीडी खंड: बिक्री की मात्रा में 18% की वृद्धि हुई। 65% जेन ज़ी उपभोक्ता पारंपरिक बर्फीली कॉफी की तुलना में आरटीडी कोल्ड ब्रू को ज़्यादा पसंद करते हैं। इसका मुख्य कारण सुविधा और स्वाद की निरंतरता है।

टिकाऊपन का डेटा: 78% मिलेनियल्स और जेन एक्स उपभोक्ता प्रमाणित ईमानदार व्यापार या रेनफ़ॉरेस्ट अलायंस बीन्स के लिए 15%+ ज़्यादा भुगतान करने को तैयार हैं। 55% खरीद के फ़ैसले पैकेजिंग पर नैतिक प्राप्ति (सोर्सिंग) के दावों से प्रभावित होते हैं। मुख्य चिंताएँ: कचरा कम करना और किसानों का मुआवज़ा।","तीसरी तिमाही 2024 का डेटा कॉफी की खपत में दो महत्वपूर्ण बदलाव दिखाता है। पहला, ठंडे पेय की तरफ़ एक स्पष्ट झुकाव है, जो कोल्ड ब्रू / आरटीडी खंड में 18% की वृद्धि से चिह्नित होता है। इस पसंद को मुख्य रूप से जेन ज़ी चला रहे हैं, जो सुविधा और लगातार स्वाद को महत्व देते हैं। दूसरा, टिकाऊ उत्पाद प्राप्ति (सोर्सिंग) की मांग तेज़ी से बढ़ रही है। तीन-चौथाई से अधिक (78%) मिलेनियल्स और जेन एक्स प्रमाणित नैतिक बीन्स के लिए अतिरिक्त कीमत (15%+) देने को तैयार हैं। नैतिक दावे, जो कचरा कम करने और किसानों के मुआवज़े पर ध्यान केंद्रित करते हैं, अब इन जनसांख्यिकी समूहों में आधे से अधिक खरीद के फ़ैसलों को प्रभावित करते हैं।"
नेपच्यून के सबसे बड़े चाँद ट्राइटन की खोज का श्रेय आम तौर पर किसे दिया जाता है?,"नेपच्यून के सबसे बड़े चाँद ट्राइटन की खोज का श्रेय आम तौर पर विलियम लैसल को दिया जाता है। उन्होंने 10 अक्टूबर, 1846 को इस उपग्रह को देखा था। यह नेपच्यून की स्वयं की खोज के ठीक 17 दिन बाद हुआ, जिसे अर्बेन ले वेरियर और जोहान गाले ने खोजा था। लैसल एक अंग्रेज़ खगोलशास्त्री थे जिन्होंने अपनी खुद की वेधशालाएँ और दूरबीन उपकरण बनाए थे। उन्होंने स्वतंत्र रूप से कई अन्य छोटे चाँद/उपग्रहों की भी खोज की, जिनमें यूरेनस के चारों ओर एरियल और अम्ब्रियाल शामिल हैं।",विलियम लैसल।
"अभियान के नेता का नाम, शुरू होने की तारीख, और जितने मील समुद्र तट का नक़्शा बनाया गया, वह संख्या निकालें। जानकारी को इस स्वरूप में पेश करें: ""{नेता का नाम} के नेतृत्व में, यह अभियान {तारीख} को शुरू हुआ और {दूरी} मील का नक़्शा बनाया गया।""","कप्तान ऐलेनॉर वैंस के नेतृत्व में यह अभियान 5 जून, 1845 को प्लाईमाउथ से रवाना हुआ। उनका लक्ष्य दक्षिणी अंटार्कटिक वृत्त के उन अनजान पानी का नक़्शा बनाना था। समुद्र में 18 महीने बिताने के बाद, दल आख़िरकार वापस लौट आया, जिसने सफलतापूर्वक 320 मील समुद्र तट का नक़्शा बनाया था, लेकिन इस पूरे सफ़र के दौरान उन्होंने बीमारी से सिर्फ़ दो दल के सदस्य खोए थे।","कप्तान ऐलेनॉर वैंस के नेतृत्व में, यह अभियान 5 जून, 1845 को शुरू हुआ और 320 मील का नक़्शा बनाया।"
ऑस्ट्रेलिया की राजधानी क्या है?,,ऑस्ट्रेलिया की राजधानी कैनबरा है।
परदे (स्क्रीन) और मॉनिटर में इस्तेमाल होने वाले तीन मुख्य योगात्मक (जोड़ने वाले) प्रकाश रंगों की सूची बनाओ।,,"तीन मुख्य योगात्मक रंग हैं: लाल, हरा और नीला (आरजीबी)।"
"गद्यांश में बताए गए दो तरह के सॉनेट (चौदह पंक्तियों की कविता) की बनावट और तुकबंदी योजना की तुलना कीजिए और उनका अंतर समझाइए। 'शेक्सपीयरन सॉनेट' और 'पेट्रार्कन सॉनेट' की विशेषताओं को दो अलग, साफ़ शीर्षक वाली बुलेट लिस्ट में दिखाइए।","सॉनेट चौदह पंक्तियों की कविताएँ होती हैं। शेक्सपीयरन (या अंग्रेज़ी) सॉनेट की बनावट तीन क्वाट्रेन (चार पंक्तियों के समूह) और अंत में एक समापन दोहे (couplet) में होती है, जो ABAB CDCD EFEF GG की तुकबंदी योजना का पालन करता है। यह अक्सर विपरीत छवियों या तर्कों की एक श्रृंखला के ज़रिए अपने विषय को विकसित करता है। इसके विपरीत, पेट्रार्कन (या इतालवी) सॉनेट में एक ऑक्टेव (आठ पंक्तियाँ) और एक सेस्टेट (छह पंक्तियाँ) का उपयोग होता है। ऑक्टेव के लिए इसकी सामान्य तुकबंदी योजना ABBAABBA है, और सेस्टेट CDECDE या CDCDCD का उपयोग करता है। यह बनावट आमतौर पर ऑक्टेव में एक समस्या या तर्क और सेस्टेट में उसका समाधान या टिप्पणी पेश करती है।","शेक्सपीयरन सॉनेट
- बनावट: तीन क्वाट्रेन और एक समापन दोहा
- तुकबंदी योजना: ABAB CDCD EFEF GG

पेट्रार्कन सॉनेट
- बनावट: ऑक्टेव (आठ पंक्तियाँ) और एक सेस्टेट (छह पंक्तियाँ)
- ऑक्टेव की तुकबंदी योजना: ABBAABBA
- सेस्टेट की तुकबंदी योजना: CDECDE या CDCDCD"
मज़बूत ऑनलाइन पासवर्ड बनाए रखने के लिए तीन ज़रूरी सबसे अच्छे तरीके बताएँ।,,"1. जटिलता और लंबाई: पासवर्ड लंबा होना चाहिए (कम से कम 12 से 16 अक्षर या उससे ज़्यादा रखें) और इसमें बड़े और छोटे अक्षर, संख्याएँ और निशानों (symbols) का मिश्रण होना चाहिए। 2. अद्वितीयता: एक ही पासवर्ड को कई खातों (accounts) के लिए दोबारा कभी इस्तेमाल न करें। हर सेवा के लिए अलग पहचान बनाने और सुरक्षित रखने के लिए एक भरोसेमंद पासवर्ड मैनेजर का उपयोग करें। 3. मल्टी-फैक्टर ऑथेंटिकेशन (एमएफए): हालाँकि तकनीकी रूप से यह खुद पासवर्ड नहीं है, एमएफए (या दो-कारक प्रमाणीकरण/two-factor authentication) चालू करना, अनधिकृत पहुँच (unauthorized access) के खिलाफ सबसे ज़रूरी सुरक्षा कवच है, भले ही आपका पासवर्ड लीक हो जाए।"
उपन्यास *फ़्रैंकेन्स्टाइन* के लेखक कौन हैं और यह पहली बार कब प्रकाशित हुआ था?,,"*फ़्रैंकेन्स्टाइन; या, द मॉडर्न प्रोमेथियस* की लेखिका मैरी शेली हैं। यह पहली बार 1818 में लंदन में गुमनाम रूप से प्रकाशित हुई थी।"
एकदम शुरुआत से कोई नई प्रोग्रामिंग भाषा सीखने की सबसे असरदार रणनीतियाँ क्या हैं?,,"सबसे असरदार तरीक़े में सैद्धांतिक पढ़ाई और व्यावहारिक (अमली) इस्तेमाल का मेल शामिल होता है। शुरुआत में मुख्य सिंटैक्स और बुनियादी बातों (जैसे डेटा प्रकार, लूप, शर्तें) पर पकड़ बनायें। तुरंत छोटे, काम करने लायक़ प्रोजेक्ट्स बनाना शुरू करें—जैसे 'हैलो वर्ल्ड' ऐप, एक साधारण कैलकुलेटर, वग़ैरह। यह अमली तरीक़ा, सिर्फ़ पढ़ने से कहीं ज़्यादा तेज़ी से सीखने को पक्का करता है। इसके अलावा, ऑनलाइन समुदायों और स्टैक ओवरफ़्लो और गिटहब जैसे संसाधनों का फ़ायदा उठाएँ, और रफ़्तार बनाए रखने के लिए इंटरैक्टिव कोडिंग प्लेटफ़ॉर्म्स (जैसे कि लीडकोड या हैकररैंक) का इस्तेमाल करके रोज़ाना अभ्यास सत्र शामिल करने की कोशिश करें।"
बर्लिन की दीवार कौन से साल में गिरी थी?,,1989
घर पर काला और सफ़ेद 35 मिलीमीटर फिल्म नेगेटिव विकसित (डेवलप) करने की प्रक्रिया क्या है?,,"घर पर काला और सफ़ेद फिल्म डेवलप करना एक सीधा, अँधेरे कमरे के बिना किया जाने वाला काम है, जिसमें तापमान और समय को ध्यान से नियंत्रित करना ज़रूरी है। सुनिश्चित करें कि आप रसायनों के साथ एक हवादार जगह पर काम करें।

### आवश्यक उपकरण और रसायन:
*   डेवलपिंग टैंक (जैसे कि पैटर्सन) और रील
*   चेंजिंग बैग (या सही अँधेरा कमरा)
*   थर्मामीटर (जो 1 डिग्री फ़ारेनहाइट/सेल्सियस तक सटीक हो)
*   नापने वाले सिलेंडर/ग्रेजुएट
*   टाइमर
*   डेवलपर (जैसे कि कोडैक डी-76, इलफ़ोर्ड आई डी-11)
*   स्टॉप बाथ (या सादा पानी)
*   फिक्सर
*   गीलापन रोकने वाला एजेंट (जैसे कि फोटो-फ्लो)

### चरण 1: फिल्म लोड करना (पूरी तरह अँधेरा)
चेंजिंग बैग या अँधेरे कमरे के अंदर काम करते हुए, फिल्म कैसेट खोलें और फिल्म को सावधानी से डेवलपिंग रील पर लपेटें। लोड की गई रील को डेवलपिंग टैंक के अंदर रखें और ढक्कन कसकर बंद कर दें, यह सुनिश्चित करते हुए कि इसमें रौशनी न जाए। एक बार सील हो जाने के बाद, आप बत्तियाँ चालू कर सकते हैं।

### चरण 2: रसायनों को तैयार करना
आपके द्वारा उपयोग किए जा रहे विशिष्ट फिल्म/डेवलपर संयोजन के लिए डेवलप करने का समय (T) निर्धारित करने के लिए निर्माता के निर्देशों की जाँच करें। मानक डेवलपिंग तापमान 68°फ़ारेनहाइट (20°सेल्सियस) है। सभी रसायनों (डेवलपर, स्टॉप, फिक्स) को इसी तापमान पर मिलाएँ। ध्यान दें: यदि आप 68°फ़ारेनहाइट तापमान बनाए नहीं रख सकते हैं, तो आपको तापमान क्षतिपूर्ति चार्ट के अनुसार डेवलपिंग समय (T) को समायोजित (एडजस्ट) करना होगा।

### चरण 3: डेवलप करना
1.  **डेवलपर डालना:** विकसित करने के लिए कैलकुलेट की गई मात्रा को तुरंत टैंक में डालें। डालते ही तुरंत टाइमर शुरू कर दें।
2.  **हिलाना (एजिटेशन):** पहले 30 सेकंड तक टैंक को लगातार हिलाएँ (हवा के बुलबुले हटाने के लिए उल्टा करें, घुमाएँ और थपथपाएँ)। शेष समय (T) के लिए, हर 60 सेकंड में 10 सेकंड के लिए हिलाएँ (टैंक को धीरे से 4-5 बार उल्टा करें)।
3.  **बाहर निकालना:** जब टाइमर खत्म हो जाए, तो डेवलपर को तेज़ी से टैंक से बाहर निकाल दें।

### चरण 4: प्रक्रिया को रोकना
1.  **स्टॉप बाथ डालना:** तुरंत स्टॉप बाथ घोल को टैंक में डालें।
2.  **हिलाना (एजिटेशन):** 30 सेकंड तक लगातार हिलाएँ।
3.  **बाहर निकालना:** स्टॉप बाथ बाहर निकाल दें। (वैकल्पिक रूप से, आप 60 सेकंड के लिए सादे पानी का उपयोग कर सकते हैं)।

### चरण 5: फिक्स करना
1.  **फिक्सर डालना:** फिक्सर को टैंक में डालें।
2.  **हिलाना (एजिटेशन):** 5 से 8 मिनट तक फिक्स करें, हर मिनट 10 सेकंड के लिए हिलाएँ। सही फिक्सिंग तब होती है जब फिल्म का साफ़ सिरा पूरी तरह से पारभासी (ट्रांसलूसेंट) हो जाता है।
3.  **बाहर निकालना:** फिक्सर को वापस उसके भंडारण कंटेनर में डालें (फिक्सर को दोबारा इस्तेमाल किया जा सकता है)।

### चरण 6: धोना और सुखाना
1.  **धुलाई:** ढक्कन हटा दें और फिल्म को बहते पानी (आदर्श रूप से 68°फ़ारेनहाइट) का उपयोग करके 10-15 मिनट तक धोएँ। सर्वोत्तम परिणामों के लिए 'भरने और खाली करने' की विधि का उपयोग करें (टैंक को बार-बार पानी से भरना और पानी को फेंकना), या नली (होस) अटैचमेंट का उपयोग करें।
2.  **गीलापन रोकने वाला एजेंट:** टैंक को पानी से भरें और गीलापन रोकने वाले एजेंट (फोटो-फ्लो) की 1-2 बूंदें डालें। 30 सेकंड तक धीरे से हिलाएँ। यह पानी के धब्बों को रोकता है।
3.  **सुखाना:** फिल्म को रील से खोलें और एक विशेष स्क्वीजी (रबर वाइपर) का उपयोग करके या फिल्म के किनारे पर उंगलियाँ फेरकर अतिरिक्त पानी सावधानी से हटा दें। फिल्म को धूल रहित वातावरण (जैसे, एक शॉवर स्टॉल) में लंबवत (सीधा) लटकाएँ, और नीचे के हिस्से को कपड़े की क्लिप या वज़न से सुरक्षित करें। नेगेटिव को काटने और स्लीव करने से पहले 2-4 घंटे सूखने दें।"
जो रोगन एक पॉडकास्टर के तौर पर इतने कामयाब क्यों हैं?,,"जो रोगन की कामयाबी कई चीज़ों के मेल से आती है, जिसमें मनोरंजन (स्टैंड-अप और टेलीविज़न) में उनका लंबा इतिहास, कई तरह के विषयों में उनकी सच्ची दिलचस्पी, और उनका सहज, लंबे समय तक चलने वाला इंटरव्यू का तरीका शामिल है, जिससे गहरी बातचीत होती है। इसके अलावा, यूट्यूब और बाद में स्पॉटिफाई जैसे आज़ाद प्लेटफॉर्म को जल्दी अपनाने से उन्हें पारंपरिक मीडिया के रखवालों को नज़रअंदाज़ करने में मदद मिली। इससे दुनिया भर में एक बहुत बड़ी, समर्पित दर्शक संख्या बनी जो अलग-अलग और कभी-कभी विवादास्पद विचारों को स्वीकार करती है।"
"नीचे दिए गए देवताओं को यूनानी या रोमन देवकथा से संबंधित होने के आधार पर वर्गीकृत करें: ज़ीउस, जुपिटर, एथेना, मिनर्वा, एरीस, मार्स, पोसाइडन, नेप्च्यून",,"ज़ीउस: यूनानी
जुपिटर: रोमन
एथेना: यूनानी
मिनर्वा: रोमन
एरीस: यूनानी
मार्स: रोमन
पोसाइडन: यूनानी
नेप्च्यून: रोमन"
सिन्क्रोनस (Synchronous) और असिन्क्रोनस (Asynchronous) कामों के बीच मुख्य अंतर को कतार में इंतज़ार करने की मिसाल से समझाएँ। व्याख्या 50 शब्दों से कम रखें।,,"सिन्क्रोनस का मतलब है कॉफ़ी काउंटर पर खड़े रहना जब तक आपकी एक लाटे (Latte) तैयार न हो जाए, कोई और काम किए बिना। असिन्क्रोनस का मतलब है कई ऑर्डर देना, एक बज़र लेना, और इंतज़ार करते हुए एक मेज़ साफ़ करना, जब तक बज़र तैयारी का संकेत न दे दे।"
"जब हम तारों को देखते हैं, तो वे टिमटिमाते हुए क्यों दिखाई देते हैं?",,"तारे लगातार रौशनी छोड़ते हैं, इसलिए वे असल में टिमटिमाते नहीं हैं। यह टिमटिमाने का असर पृथ्वी के वातावरण की वजह से होता है। जब दूर के तारे की रौशनी आपकी आँख की तरफ़ आती है, तो उसे हवा की परतों से गुज़रना पड़ता है जो लगातार हिलती रहती हैं और जिनमें बदलाव आता रहता है (हलचल)। इस हलचल के कारण, रौशनी की किरणें अलग-अलग तरह से थोड़ी मुड़ जाती हैं। यही वजह है कि तारा तेज़ी से अपनी जगह और चमक बदलता हुआ दिखता है।"
"निम्नलिखित खगोलीय पिंडों को तीन श्रेणियों में से एक में वर्गीकृत कीजिए (तारा, ग्रह, या उपग्रह): बृहस्पति, सूरज, युरोपा, मंगल, सीरियस, गैनीमीड।",,"बृहस्पति: ग्रह
सूरज: तारा
युरोपा: उपग्रह
मंगल: ग्रह
सीरियस: तारा
गैनीमीड: उपग्रह"
"निम्नलिखित प्रक्रियाओं को ऊष्माशोषी या ऊष्माक्षेपी में वर्गीकृत करें: दहन, बर्फ़ का पिघलना, प्रकाश संश्लेषण, पानी का जमना, कोशिकीय श्वसन।",,"ऊष्माशोषी प्रक्रियाएँ वे हैं जो आस-पास के माहौल से गरमी या ऊर्जा सोखती हैं। ऊष्माक्षेपी प्रक्रियाएँ गरमी या ऊर्जा छोड़ती हैं। इस प्रकार, बर्फ़ का पिघलना और प्रकाश संश्लेषण ऊष्माशोषी हैं। दहन, कोशिकीय श्वसन, और पानी का जमना (जो गुप्त गरमी छोड़ता है) सभी ऊष्माक्षेपी हैं।"
"नीचे दिए गए पक्षियों के नामों की सूची लें और इस जानकारी को एक जेसन (JSON) ऐरे (सारणी) के रूप में बदलें, जिसमें हर आइटम (ऑब्जेक्ट) में 'वैज्ञानिक नाम' और 'आम नाम' की 'चाबियाँ' (कुंजियाँ) हों।","पेलेकैनस ऑक्सीडेंटेलिस (ब्राउन पेलिकन), सूला नेबौक्सी (ब्लू-फुटेड बूबी), फ्रेगाटा मैग्निफिसेंस (मैग्निफिसेंट फ्रिगेटबर्ड), फेथॉन लेप्टूरस (व्हाइट-टेल्ड ट्रॉपिकबर्ड), पफिनस पफिनस (मैनक्स शियरवॉटर)।","[
  {
    ""वैज्ञानिक नाम"": ""पेलेकैनस ऑक्सीडेंटेलिस"",
    ""आम नाम"": ""ब्राउन पेलिकन""
  },
  {
    ""वैज्ञानिक नाम"": ""सूला नेबौक्सी"",
    ""आम नाम"": ""ब्लू-फुटेड बूबी""
  },
  {
    ""वैज्ञानिक नाम"": ""फ्रेगाटा मैग्निफिसेंस"",
    ""आम नाम"": ""मैग्निफिसेंट फ्रिगेटबर्ड""
  },
  {
    ""वैज्ञानिक नाम"": ""फेथॉन लेप्टूरस"",
    ""आम नाम"": ""व्हाइट-टेल्ड ट्रॉपिकबर्ड""
  },
  {
    ""वैज्ञानिक नाम"": ""पफिनस पफिनस"",
    ""आम नाम"": ""मैनक्स शियरवॉटर""
  }
]"
इंसान को रोंगटे क्यों आते हैं? इसका जैविक कारण क्या है?,,"रोंगटे एक ऐसी प्रक्रिया का नतीजा हैं जिसे 'पाइलोइरेक्शन' कहा जाता है। हर बाल की जड़ में 'अरेक्टर पिली' नाम की छोटी मांसपेशियां होती हैं। जब ये मांसपेशियां सिकुड़ती हैं, तो बाल सीधे खड़े हो जाते हैं। हालांकि यह प्रतिक्रिया आधुनिक इंसानों के लिए ज़्यादा काम की नहीं है (क्योंकि उनके शरीर पर बाल कम होते हैं), लेकिन विकास के दौरान हमारे पूर्वजों के लिए इसका एक खास उद्देश्य था। जब ठंड लगती थी, तो ये खड़े हुए बाल हवा की एक परत को फँसा लेते थे, जिससे शरीर में गर्मी बनी रहती थी (यह गर्मी को बनाए रखने का काम करता था)। जब वे तनाव में होते थे या उन्हें खतरा महसूस होता था, तो ये खड़े बाल जानवर को और बड़ा दिखाते थे। यह उनकी आक्रामकता या हमले की धमकी को दर्शाता था।"