instruction,input,response
Cad iad buntéarmaí an Búdachais?,,"Tá buntheagasc an Búdachais (Dharma), mar a bhunaigh Siddhartha Gautama (an Búda é), dírithe ar thuiscint agus ar shárú na fulaingte (Dukkha) trí iompar eiticiúil, smacht meabhrach, agus eagna. Tá an tuiscint seo le fáil go príomha sna Ceithre Fhírinne Uasala agus sa Chosán Uasal Ochtfhillte.

Na Ceithre Fhírinne Uasala:
1. Dukkha (Fulaingt): Cuimsíonn an saol fulaingt, míshásamh, agus neamhbhuanacht dosheachanta.
2. Samudaya (Bunús na Fulaingte): Eascraíonn an fhulaingt as ceangaltán, dúil, agus aineolas (trishna).
3. Nirodha (Stad na Fulaingte): Is féidir leis an bhfulaingt stopadh nuair a stopann an dúil agus an ceangaltán, rud a threoraíonn go Nirvana.
4. Magga (Cosán go Stad na Fulaingte): Is é an Cosán Uasal Ochtfhillte an bealach chun deireadh a chur leis an bhfulaingt.

Is é an Cosán Uasal Ochtfhillte an treoir phraiticiúil, a chatagóirítear go minic i dtrí roinn:

Eagna (Prajna):
1. Tuiscint Cheart (Samma ditthi): An domhan agus na Ceithre Fhírinne Uasala a fheiceáil mar atá siad i ndáiríre.
2. Smaoineamh Ceart (Samma sankappa): Smaointe séanta, dea-thoil, agus neamhfhoréigin.

Iompar Eiticiúil (Sila):
3. Urlabhra Cheart (Samma vaca): Bréaga, caint scoilteach, focail gharbha, agus caint dhíomhaoin a sheachaint.
4. Gníomh Ceart (Samma kammanta): Staonadh ó dhochar coirp, gadaíocht, agus mímhoráltacht ghnéasach.
5. Slí Bheatha Cheart (Samma ajiva): Slí bheatha a shaothrú ar bhealach nach bhfuil díobhálach.

Smacht Meabhrach (Samadhi):
6. Iarracht Cheart (Samma vayamo): Stáit mheabhracha fhiúntacha a chothú agus stáit neamhfhiúntacha a thréigean.
7. Aireachas Ceart (Samma sati): Feasacht a choinneáil ar an gcorp, ar mhothúcháin, ar an intinn, agus ar réada meabhracha.
8. Tiúchan Ceart (Samma samadhi): Machnamh dírithe a fhorbairt a threoraíonn chuig stáit Chonaice níos airde."
Cé na cúig dhúil a chuimsíonn thart ar 99% de mhais na n-orgánach beo?,"Tá orgánaigh bheo comhdhéanta go príomha de shé dhúil neamhmhiotalacha: ocsaigin, carbón, hidrigin, nítrigin, cailciam, agus fosfar. Mar sin féin, is ionann an ceithre dhúil is flúirsí—ocsaigin, carbón, hidrigin, agus nítrigin—agus tuairim is 96% de mheáchan coirp an chuid is mó d’ainmhithe agus de phlandaí. Nuair a chuirtear cailciam san áireamh, is iad na cúig dhúil seo (Ocsaigin, Carbón, Hidrigin, Nítrigin, agus Cailciam) a chuimsíonn thart ar 99% de mhais na n-orgánach beo.","Ocsaigin, Carbón, Hidrigin, Nítrigin, agus Cailciam"
"Cad é an cuspóir a bhí ag Túr Wardenclyffe, agus cén uair a díchóimeáladh an struchtúr sa deireadh?","Ba stáisiún tarchuradóireachta luath turgnamhach gan sreang é Túr Wardenclyffe, ar a dtugtar freisin Túr Tesla, a dhear agus a thóg Nikola Tesla ar Chósta Thuaidh Long Island, Nua-Eabhrac. Cuireadh tús leis an tógáil i 1901. Bhí sé i gceist ag Tesla go mbeadh an túr ina fhréamhshamhail de 'Chóras Domhanda Gan Sreang' (World Wireless System) le haghaidh teileafónaíochta trasatlantach, craolacháin, agus chun tarchur cumhachta gan sreang a léiriú. Mar sin féin, mar gheall ar dhrochfhadhbanna maoinithe agus leasanna contrártha ó infheisteoirí, cuireadh stop leis an tógáil timpeall 1906. Scriosadh an struchtúr sa deireadh le haghaidh dramh-mhiotail i 1917.","Ba é cuspóir Túr Wardenclyffe ná a bheith ina fhréamhshamhail de 'Chóras Domhanda Gan Sreang' le haghaidh teileafónaíochta trasatlantach, craolacháin, agus chun tarchur cumhachta gan sreang a léiriú. Scriosadh an struchtúr i 1917."
Mínigh an feiniméan is cúis leis go bhfuil an spéir gorm i rith an lae.,,"Is feiniméan ar a dtugtar scaipeadh Rayleigh is cúis le dath gorm na spéire. Sroicheann solas na gréine atmaisféar an Domhain agus scaiptear é i ngach treo ag móilíní beaga gáis. Toisc go dtaistealaíonn solas gorm mar thonnanna níos giorra, níos lú, scaiptear é níos forleithne ná dathanna eile (cosúil le dearg nó buí)."
Mínigh bunchoincheap an bhlocshlabhra agus a bhunús.,Molta ar dtús i 1991 ag Stuart Haber agus W. Scott Stornetta chun dátaí ama a chur ar dhoiciméid dhigiteacha; cuireadh i mbéal an phobail é le cruthú Bitcoin in 2008 ag Satoshi Nakamoto; go bunúsach is teicneolaíocht mórleabhair dháilte (TMD) í; úsáideann sí haisíocht chripteagrafach chun 'bloic' de shonraí idirbheart a nascadh; tá na sonraí doláimhsithe a luaithe a thaifeadtar iad; éilíonn sí meicníochtaí comhthola (cosúil le Cruthúnas Oibre nó Cruthúnas Gealltanais) chun bloic nua a bhailíochtú.,"Is cineál teicneolaíochta mórleabhair dháilte (TMD) é blocshlabhra a thaifeadann sonraí, idirbhearta go hiondúil, i n-aonaid nasctha ar a dtugtar 'bloic.' Déantar haisíocht chripteagrafach ar gach bloc chuig an mbloc roimhe sin, rud a fhágann go bhfuil na sonraí taifeadta doláimhsithe agus trédhearcach. Cé gur mhol Haber agus Stornetta an coincheap ar dtús i 1991 le haghaidh dáta ama digiteach slán, cuireadh i mbéal an phobail é in 2008 ag Satoshi Nakamoto mar an teicneolaíocht bhunúsach don chriptea-airgeadra Bitcoin. Cuirtear bloic nua leis an slabhra ach amháin tar éis do mheicníocht chomhthola, mar shampla Cruthúnas Oibre, na sonraí a bhailíochtú."
"Agus an téacs a chuirtear ar fáil á úsáid, luaigh dáta agus áit bhreithe Albert Einstein, ainm na scoile a d'fhreastail sé uirthi i München, agus na hábhair a raibh barr feabhais aige iontu.","Rugadh Albert Einstein in Ulm, an Ghearmáin, ar 14 Márta 1879. Sé seachtaine ina dhiaidh sin, bhog an teaghlach go München, áit ar bhunaigh a athair, Hermann Einstein, agus a uncail, Jakob Einstein, comhlacht innealtóireachta leictreach. D'fhreastail Albert ar an Luitpold Gymnasium i München. Cé gur minic a measadh gur droch-mhac léinn a bhí ann, bhí barr feabhais aige ar an matamaitic agus ar an bhfisic ó aois óg. Ba mhinic é míshásta lena chuid scolaíochta agus bhí an smacht docht ag cur isteach air. Sa bhliain 1895, in aois a 16 bliana, theip ar Einstein ina scrúdú iontrála don Scoil Pholaitéicnice Chónaidhme na hEilvéise i Zürich, ach rinne sé athiarratas sa deireadh agus glacadh leis i 1896.","Rugadh Albert Einstein in Ulm, an Ghearmáin, ar 14 Márta 1879. D'fhreastail sé ar an Luitpold Gymnasium i München. Bhí barr feabhais aige ar an matamaitic agus ar an bhfisic ó aois óg."
Mínigh prionsabal Rásúir Occam.,,"Is prionsabal fealsúnach é Rásúr Occam a deir gur chóir an ceann leis an líon is lú toimhdí a roghnú as measc hipitéisí iomaíocha a thuar chomh maith céanna. Déantar é a achoimriú go minic mar seo: 'Is é an míniú is simplí is fearr de ghnáth.' Ní riail loighce ná fianaise ann féin é, ach treoirlíne a úsáidtear chun castacht neamhriachtanach a ghearradh amach, ainmnithe i ndiaidh William de Ockham, bráthair Proinsiasach ón 14ú haois."
Cad é an modh is fearr chun caife a ghrúdú ag baint úsáide as Preas Francach?,,"Chun an phróifíl blaistithe is glaine agus is saibhre a bhaint amach ag úsáid Preas Francach, lean na céimeanna seo:

1. Teas an tUisce: Tabhair uisce úr chun fiuchta, ansin lig dó scíth a ligean ar feadh 30-60 soicind (ag díriú ar 195°F go 205°F / 90°C go 96°C).
2. Meilt na Pónairí: Úsáid meilt garbh, aonfhoirmeach, gar do uigeacht salainn farraige. Sleamhnóidh meilte mín tríd an scagaire mogall, rud a fhágann cupán gránna.
3. Cuir Caife leis: Cuir do mheilte isteach sa charaf. Is é an cóimheas caighdeánach ná 1 chuid caife go 15 chuid uisce (thart ar 2 spúnóg bhoird in aghaidh 6 unsa).
4. Bláthaigh an Caife: Doirt dhá oiread an méid uisce agus caife thar na meilte. Fan 30 soicind. Ligeann sé seo don CO2 scaoileadh, ag cinntiú go mbaintear an t-eastóscadh go cothrom.
5. Líon an Preas: Doirt an chuid eile den uisce te thar na meilte go réidh.
6. Lig don Chaife Sáthadh: Cuir an clúdach ar an bpreas gan é a bhrú síos. Lig don chaife sáthadh ar feadh 4 nóiméad ar a laghad.
7. Brúigh go Mall: Brúigh an tumadóir síos go seasta agus go mall, ag brú na meilte go bun. Ba chóir go dtógfadh an próiseas seo thart ar 30 soicind.
8. Freastal Láithreach: Ná fág an caife ina shuí sa charaf tar éis brú, mar go leanfaidh sé ag eastóscadh agus go n-éireoidh sé searbh. Doirt an caife go léir isteach i muganna láithreach."
"Ainmnigh na ceithre phríomhshlabhra sliabh sna Stáit Aontaithe tadhlacha, liostaithe go geografach ón gcósta Ciúin soir.",,"Raonta an Chósta, Sierra Nevada/Na Cascáidigh, Na Sléibhte Creagacha, Sléibhte Apaláiseacha"
Mínigh comhpháirteanna spriocanna SMART a shocrú agus tabhair sampla gairid a léiríonn sprioc a chomhlíonann na cúig chritéar ar fad.,,"Is acrainm é SMART do Sonrach, Inmheasta, Inbhainte, Ábhartha, agus Teoranta in Am. Is creatlach é atá ceaptha chun cabhrú le daoine aonair cuspóirí soiléire, dírithe agus insroichte a shocrú.

**S - Sonrach:** Ní mór an sprioc a bheith soiléir agus gan débhrí. Ba chóir dó na cúig cheist 'C' (nó 'W' i mBéarla) a fhreagairt: Cé atá i gceist? Cad ba mhaith liom a bhaint amach? Cá ndéanfar é seo? Cathain a dhéanfar é seo? Cén fáth a bhfuil mé á dhéanamh seo?

**M - Inmheasta:** Ní mór critéir nithiúla a bheith ann chun dul chun cinn a thomhas agus chun a chinneadh cathain a baineadh an sprioc amach. Freagraíonn sé seo ceisteanna mar: Cé mhéid? Cé mhéad? Conas a bheidh a fhios agam cathain a bheidh sé bainte amach?

**A - Inbhainte (nó Insroichte):** Ba chóir go mbeadh an sprioc réadúil agus laistigh de bhaint amach, ag cur na n-acmhainní agus an ama atá ar fáil san áireamh. An bhfuil an sprioc réasúnta don duine atá ag iarraidh é a bhaint amach?

**R - Ábhartha:** Ba chóir go mbeadh an sprioc ag teacht le cuspóirí eagraíochtúla nó pearsanta níos leithne. An bhfuil tábhacht leis an sprioc seo, agus an é seo an t-am ceart chun é a shaothrú?

**T - Teoranta in Am:** Ní mór amlíne shainithe a bheith ag an sprioc, lena n-áirítear dáta tosaithe agus dáta críochnaithe sprice. Cruthaíonn sé seo an práinn riachtanach agus cuireann sé cosc ar thascanna imeacht gan stad.

---

**Sampla de Sprioc SMART:**

""Críochnóidh mé an lámhleabhar oiliúna inmheánach nua (S) trí chúig mhodúl ábhair a chríochnú in aghaidh na seachtaine (M) chun a chinntiú go mbeidh an dréacht iomlán críochnaithe faoi dheireadh na chéad ráithe fioscaí eile (T). Tá sé seo riachtanach chun ár 25 fhostaí nua a thabhairt ar bord go rathúil (R), agus tá 10 n-uaire an chloig tiomnaithe curtha i leataobh agam in aghaidh na seachtaine chun an sprioc seo a dhéanamh insroichte (A)."""
"Aicmigh an dá theanga seo a leanas de réir a bpríomhfheidhme: SQL, Rust.",,"Is teanga cheistithe é SQL, is teanga ríomhchlárúcháin chórais é Rust."
Mínigh coincheap 'nótaíocht Big O' agus cén fáth a bhfuil sé tábhachtach in anailís algartam.,,"Is nótaíocht mhatamaiticiúil í nótaíocht Big O a chuireann síos ar iompar teorann feidhme nuair a bhíonn an argóint ag druidim le luach áirithe nó le héigríoch. I gcomhthéacs na heolaíochta ríomhaireachta, úsáidtear í chun algartaim a aicmiú de réir mar a fhásann a gcuid ama reatha nó riachtanais spáis de réir mar a fhásann méid an ionchuir. Tá sé ríthábhachtach toisc go gceadaíonn sé do chláraitheoirí éifeachtúlacht agus inscálaitheacht algartam éagsúla a mheas go neamhspleách ar shonraíochtaí crua-earraí, ag cabhrú leis an réiteach is fearr ó thaobh feidhmíochta de a roghnú le haghaidh tacair sonraí móra."
Cad é an t-ainm a thugtar ar réigiún de spás-am a léiríonn éifeachtaí imtharraingte chomh láidir sin nach féidir le haon rud—fiú cáithníní ná radaíocht leictreamaighnéadach cosúil le solas—éalú uaidh?,,Poll dubh
Cad iad na príomhchéimeanna chun a chinntiú go n-ardóidh cáca go cothrom agus nach dtitfidh sé isteach sa lár?,,"Chun ardú cothrom a chinntiú, ar an gcéad dul síos, déan cinnte go bhfuil do ghníomhaire coipthe (púdar bácála nó sóid) úr. Ar an dara dul síos, ná measc an fuidreamh ró-mhór nuair a bhíonn na comhábhair fhliucha agus thirim curtha le chéile, mar go bhforbraíonn sé seo glútan an iomarca, rud a d'fhéadfadh uigeacht chrua, thite a bheith mar thoradh air. Ar deireadh, tá teocht cheart an oighinn ríthábhachtach. Réamhthéamh go hiomlán i gcónaí, agus seas i gcoinne doras an oighinn a oscailt le linn an chéad dá thrian den am bácála, mar go gcuireann an titim tobann i dteocht faoi deara go dtitfidh an struchtúr."
Cén rud a mheastar go forleathan mar an truicear láithreach don Spealadh Mór?,,Tuairt an Mhargaidh Stoc i nDeireadh Fómhair 1929.
Cén chéad nasc a bunaíodh d'ARPANET?,"Líonra luath um mhalartú paicéad ab ea Líonra na Gníomhaireachta Ardtaighde Tionscadal (ARPANET) agus ba é an chéad líonra a chuir sraith phrótacal TCP/IP i bhfeidhm. Ba iad an dá theicneolaíocht sin a d'éirigh mar bhunús teicniúil an Idirlín. Gníomhaireacht Ardtaighde Tionscadal (ARPA) de chuid Roinn Cosanta Stáit Aontaithe Mheiriceá a mhaoinigh ARPANET ar dtús. Bunaíodh an chéad nasc ar an 29 Deireadh Fómhair 1969, idir Ollscoil California, Los Angeles (UCLA) agus Institiúid Taighde Stanford (SRI).","Bunaíodh an chéad nasc ar an 29 Deireadh Fómhair 1969, idir Ollscoil California, Los Angeles (UCLA) agus Institiúid Taighde Stanford (SRI)."
"I gcás tionscadal eolaíochta sonraí a bhaineann le domhainfhoghlaim agus próisis ETL inscálaithe, ar chóir dom Python nó R a roghnú?",,"Is uirlisí riachtanacha iad Python agus R araon in éiceachóras na heolaíochta sonraí, ach i gcás tionscadal a bhaineann go sonrach le domhainfhoghlaim agus ETL inscálaithe (Eastósc, Athraigh, Luchtaigh), is gnách gurb é Python an rogha is fearr. Tá Python ar fheabhas sa domhainfhoghlaim mar gheall ar chreataí aibí, caighdeánacha tionscail cosúil le TensorFlow, PyTorch, agus Keras, a bhfuil tacaíocht optamaithe GPU agus tacaíocht ollmhór ón bpobal acu. Mar gheall ar a solúbthacht, tá sé oiriúnach go foirfe do ETL inscálaithe; comhtháthaíonn Python gan uaim le córais fiontair, APIanna, ardáin scamall (cosúil le AWS Glue nó Azure Data Factory), agus creatanna mórsheonraí (cosúil le Spark trí PySpark), rud a fhágann go bhfuil an t-aistriú ó fhréamhshamhail go himscaradh táirgeachta i bhfad níos réidhe. Cé go dtugann R pacáistí eisceachtúla le haghaidh anailíse staidrimh agus léirshamhlú sonraí speisialaithe (cosúil le ggplot2), níl a éiceachóras domhainfhoghlama chomh haibí le haghaidh imscaradh táirgeachta i gcomparáid le Python. Má tá príomhsprioc an tionscadail ina thástáil tapa, i múnlaí staidrimh casta, nó i dtaighde acadúil, d’fhéadfaí R a bhreithniú, ach le haghaidh inscálaitheacht ar leibhéal fiontair agus úsáid teicníochtaí domhainfhoghlama úrscothacha, is é Python an teanga shoiléir mholta."
"Cén chaoi a ndéanann eolaithe staidéar ar an damhna dorcha go príomha, ó tharla nach féidir é a fheiceáil go díreach?","Is foirm hipitéiseach den damhna é an damhna dorcha a cheapanntear a thugann cuntas ar thart ar 85% de mhais iomlán na cruinne. Ní féidir é a fheiceáil go díreach toisc nach n-idirghníomhaíonn sé le radaíocht leictreamaighnéadach, rud a chiallaíonn nach n-ionsúnn ná nach bhfrithchaitheann sé solas. Déantar a bheith ann a dhéanamh amach ó éifeachtaí imtharraingteacha ar dhúile infheicthe, ar radaíocht, agus ar struchtúr na cruinne. Déanann eolaithe staidéar ar an damhna dorcha go príomha trí fhéachaint ar an gcaoi a dtéann a dhomhantarraingt i bhfeidhm ar réada máguaird, ag déanamh comparáid go minic idir a thionchar forleatach, neamhfheicthe agus scaflaireacht chosmach dhofheicthe a choinníonn réaltraí le chéile.",Déanann eolaithe staidéar ar an damhna dorcha go príomha trí fhéachaint ar an gcaoi a dtéann a dhomhantarraingt i bhfeidhm ar réada máguaird.
Cé a stiúir an Modúl Ceannais le linn mhisin Apollo 11?,"Ba é Apollo 11 an spás-eitilt a thuirling an chéad dá dhuine ar an nGealach. Thuirling an Ceannasaí Neil Armstrong agus an píolóta modúil gealaí Buzz Aldrin Modúl Gealaí Apollo Eagle ar 20 Iúil, 1969, ag 20:17 UTC. Ba é Armstrong an chéad duine a sheas ar dhromchla na gealaí sé huaire an chloig ina dhiaidh sin, ar an 21 Iúil. Ba é Michael Collins an píolóta modúil ceannais agus d'fhan sé i bhfithis ghealaí ar bord an mhodúil cheannais agus seirbhíse Columbia. Seoladh an misean ó Ionad Spáis Kennedy ar 16 Iúil agus ba é an cúigiú misean faoi chriú é de chlár Apollo NASA. Baineadh amach an príomhchuspóir, ag comhlíonadh sprioc an Uachtaráin John F. Kennedy a fógraíodh i 1961 'fear a thabhairt i dtír ar an nGealach agus é a thabhairt ar ais go sábháilte chuig an Domhan' roimh dheireadh na deich mbliana.",Ba é Michael Collins an píolóta modúil ceannais agus d'fhan sé i bhfithis ghealaí ar bord an mhodúil cheannais agus seirbhíse Columbia.
"Aicmigh na hainmhithe seo a leanas sna catagóirí Carnabhóir, Luibheabhrach, nó Uileabhrach: Béar, Fia, Leon, Muc, Bó, Siorc.",,"Carnabhóir: Leon, Siorc
Luibheabhrach: Fia, Bó
Uileabhrach: Béar, Muc"
"Bain amach gach dáta agus imeacht chomhfhreagrach a luaitear sa téacs maidir leis an Túr Eiffel, formáidithe mar 'MM/DD/YYYY: Imeacht' nó 'YYYY: Imeacht', scartha le camóga poncacha.","Thosaigh tógáil an Túir Eiffel go hoifigiúil ar an 28 Eanáir, 1887, le leagan na chéad bhunús. Thosaigh an obair struchtúir mhiotalaigh go tapa ina dhiaidh sin. Faoi 31 Márta, 1889, bhí an Túr críochnaithe agus insealbhaithe don Exposition Universelle. Níor osclaíodh go hoifigiúil don phobal é, áfach, go dtí an 6 Bealtaine, 1889. In ainneoin na bpleananna tosaigh é a dhíchóimeáil tar éis 20 bliain, bhí an Túr ríthábhachtach don teileagrafaíocht gan sreang, agus sa bhliain 1909, cuireadh an lamháltas buan don túr i gcrích.",01/28/1887: Leagan na chéad bhunús; 03/31/1889: Bhí an Túr críochnaithe agus insealbhaithe; 05/06/1889: Osclaíodh go hoifigiúil don phobal; 1909: Cuireadh an lamháltas buan don túr i gcrích
Mínigh an difríocht idir 'Ailtireacht Harvard' agus 'Ailtireacht Von Neumann' i ndearadh LAP.,,"An príomhdhifríocht is ea an chaoi a ndéanann an LAP rochtain ar shonraí agus ar threoracha. Baineann Ailtireacht Von Neumann úsáid as spás cuimhne aonair agus sraith bhusanna aonair do threoracha agus do shonraí araon. Tá an dearadh seo coitianta i ríomhairí ginearálta (cosúil le ríomhairí pearsanta) toisc go bhfuil sé simplí agus solúbtha, ach fulaingíonn sé ón 'caolscór Von Neumann', rud a chiallaíonn nach féidir leis an LAP treoir a fháil agus sonraí a léamh nó a scríobh go comhuaineach, rud a chuireann teorainn le luas próiseála.

Os a choinne sin, úsáideann Ailtireacht Harvard spásanna cuimhne ar leith agus busanna ar leith do threoracha agus do shonraí. Ceadaíonn an scaradh seo don LAP an chéad treoir eile a fháil ag an am céanna a bhfuil sé ag próiseáil na treorach reatha agus ag rochtain sonraí. Méadaíonn an rochtain chomhuaineach seo tréchur agus luas go suntasach, rud a fhágann go bhfuil sé coitianta i gcórais leabaithe ardfheidhmíochta, Próiseálaithe Comharthaí Digiteacha (DSPs), agus micrea-rialaitheoirí ina bhfuil feidhmiú intuartha, ardluais ríthábhachtach."
Mol cúig bhealach éifeachtach ó thaobh costais de chun oifig bhaile bheag a dhéanamh níos fairsinge agus níos gile.,,"1. Cuir seilfeanna suas go hard chun leas a bhaint as spás stórála ingearach. 2. Úsáid scátháin mhóra mhaisitheacha chun solas a fhrithchaitheamh agus chun an limistéar amhairc a leathnú. 3. Péinteáil ballaí le dathanna éadroma, neodracha cosúil le bán nó liath éadrom. 4. Úsáid cóireálacha fuinneoige tréshoilseacha in ionad cuirtíní troma chun an solas nádúrtha a uasmhéadú. 5. Roghnaigh troscán íostach nó ilfheidhmeach, mar shampla deasc a fhilleann go cothrom i gcoinne an bhalla."
Cé hé údar an úrscéil 'Pride and Prejudice'?,,Jane Austen
Ní mór dom iarratas a dhéanamh ar mo chéad phas de chuid na S.A. Cén doiciméad a chaithfidh mé a thabhairt chuig an gceapachán ag an tsaoráid ghlactha oifigiúil?,,"Maidir le hiarratasóir fásta den chéad uair (ag baint úsáide as Foirm DS-11), ní mór duit roinnt earraí a thabhairt chuig an gceapachán ag an tsaoráid ghlactha oifigiúil. Ina measc seo tá: 1. Foirm DS-11, Iarratas ar Phas, atá comhlánaithe (ach gan síniú uirthi). 2. Cruthúnas ar Shaoránacht na S.A. (m.sh., teastas breithe deimhnithe nó teastas eadóirseachta), ar chóir dó a bheith ina bhunchóip nó ina chóip dheimhnithe. 3. Foirm aitheantais ghrianghrafaíochta reatha, bailí (m.sh., ceadúnas tiomána nó aitheantas míleata), chomh maith le fótachóip shoiléir de thosach agus cúl an aitheantais. 4. Grianghraf pas dathach amháin 2x2 orlach le déanaí a chomhlíonann na sonraíochtaí oifigiúla. 5. Íocaíocht as na táillí iarratais agus forghníomhaithe. Ní mór an ceapachán a dhéanamh go pearsanta mar go n-éilítear ar an oifigeach d'síniú a fhinné."
"Cén ócáid shonrach ar tógadh Túr Eiffel chun í a cheiliúradh, agus cad a shábháil an struchtúr sa deireadh ó bheith díchóimeáilte tar éis don chead tosaigh a bheith imithe in éag?","Tógadh Túr Eiffel d'Aonach Domhanda 1889 (Exposition Universelle), a tionóladh chun comóradh 100 bliain Réabhlóid na Fraince a cheiliúradh. Cuireadh tús leis an tógáil ar an 28 Eanáir 1887, agus críochnaíodh go hoifigiúil é ar an 31 Márta 1889. Nuair a bhí sé críochnaithe, sheas sé 324 méadar (1,063 troigh) ar airde, rud a d'fhág gurb é an struchtúr daonna is airde ar domhan é go dtí 1930 nuair a críochnaíodh Foirgneamh Chrysler i gCathair Nua-Eabhrac. Fuair dearthóir an túir, Gustave Eiffel, cead ar dtús don túr seasamh ar feadh 20 bliain, agus ina dhiaidh sin bhí sé ceaptha a bheith díchóimeáilte, ach fuair an míleata go raibh a airde úsáideach le haghaidh tarchur teileagraif raidió, ag sábháil é ón scriosadh.",Tógadh Túr Eiffel chun comóradh 100 bliain Réabhlóid na Fraince a cheiliúradh (mar chuid d'Aonach Domhanda 1889). Sábháladh é ón scriosadh toisc gur fhuair an míleata go raibh a airde úsáideach le haghaidh tarchur teileagraif raidió.
"Roinn na hUachtaráin SAM seo a leanas ina dhá ghrúpa: iad siúd a bhí i seilbh oifige (téarma amháin ar a laghad) go hiomlán roimh 1900, agus iad siúd a bhí i seilbh oifige (téarma amháin ar a laghad) go páirteach nó go hiomlán i 1900 nó ina dhiaidh sin: Abraham Lincoln, Theodore Roosevelt, George Washington, John F. Kennedy, Andrew Jackson, William McKinley, Barack Obama, Ulysses S. Grant.",,"I measc na nUachtarán a bhí i seilbh oifige go hiomlán roimh 1900 tá George Washington, Andrew Jackson, Abraham Lincoln, Ulysses S. Grant, agus William McKinley. I measc na nUachtarán a bhí i seilbh oifige i 1900 nó ina dhiaidh sin tá Theodore Roosevelt, John F. Kennedy, agus Barack Obama."
Mínigh feidhm agus bunstruchtúr painéil ghréine choinbhinsiúnta.,,"Tá painéal gréine, nó modúl fótavoltach (FV), deartha chun fuinneamh solais ón ngrian a thiontú go díreach ina fhuinneamh leictreach tríd an éifeacht fhótavoltach. Go struchtúrach, is éard atá ann ná iliomad cealla gréine aonair, a bhíonn déanta go hiondúil as ábhair leathsheoltóra sileacain shraitheacha, cosanta ag gloine tosaigh agus cúlsheolán marthanach, agus iad uile frámaithe in alúmanam. Nuair a bhuaileann fótóin ó sholas na gréine na cealla sileacain, corraíonn siad leictreoin, rud a fhágann go sreabhann siad agus go ngineann siad sruth díreach (SD). Ansin bailítear an leictreachas SD seo agus de ghnáth cuirtear é trí inbhéartóir, a athraíonn é go cumhacht srutha ailtéarnaigh (SA), rud a fhágann go bhfuil sé inúsáidte d'fhearais tí caighdeánacha nó le haghaidh tarchur tríd an eangach leictreach."
Cén ainm ar a tugadh ar Reginald Kenneth Dwight níos déanaí?,,Elton John
"De réir an téacs, cé na trí eolaí a bhí freagrach as torthaí tosaigh Alexander Fleming a fhorbairt ina gcur i bhfeidhm míochaine praiticiúil?","Is grúpa antaibheathach é peinicillin, lena n-áirítear peinicillin G (úsáid infhéitheach), peinicillin V (úsáid ó bhéal), prócaein pheinicillin, agus beinsaitín pheinicillin (úsáid ionmhatánach). Cuirtear fionnachtain na peinicilline i leith an lia-eolaí Albanach Alexander Fleming sa bhliain 1928. Thug Fleming faoi deara éilleán múnla, *Penicillium notatum*, i mias peitrí ina raibh sé ag fás baictéir *Staphylococcus*. Thug sé faoi deara gur chuir an múnla cosc ar na baictéir fás ina chomharsanacht láithreach. Mar sin féin, ba iad Howard Florey, Ernst Chain, agus Norman Heatley a d'fhorbair breathnuithe tosaigh Fleming ina chóireáil mhíochaine phraiticiúil ar mhórscála sna 1940idí luatha. Chuir siad go mór leis na modhanna íonúcháin agus cobhsaithe, rud a cheadaigh peinicillin a úsáid go héifeachtach le linn an Dara Cogadh Domhanda, ag sábháil na mílte beatha.","Howard Florey, Ernst Chain, agus Norman Heatley."
"Scag an liosta ainmhithe seo a leanas, ag deighilt na mamaigh uisceacha ó na mamaigh talún.","Míol Mór, Leon, Deilf, Tíogair, Rón, Eilifint, Manataí, Béar, Orcha, Sioráf, Moras, Srónbheannach","Mamaigh Uisceacha: Míol Mór, Deilf, Rón, Manataí, Orcha, Moras. Mamaigh Talún: Leon, Tíogair, Eilifint, Béar, Sioráf, Srónbheannach."
Cén córas oibriúcháin a d'úsáid Ríomhaire Pearsanta IBM Samhail 5150?,"Ba é an Apple II an chéad ríomhaire pearsanta a raibh rath forleathan air, a scaoileadh i 1977. Mar sin féin, ba é an Ríomhaire Pearsanta IBM (Samhail 5150) an meaisín a chuir tóir iarbhír ar mhargadh an ríomhaire baile, go mór mar gheall ar a ailtireacht oscailte agus a thacaíocht bogearraí tríú páirtí, a tugadh isteach ar 12 Lúnasa, 1981. D'úsáid an meaisín seo próiseálaí Intel 8088 agus rith sé an córas oibriúcháin MS-DOS.",MS-DOS
Cad é an bealach is fearr chun plean féinstaidéir 3 mhí a struchtúrú chun Python a fhoghlaim le haghaidh anailíse sonraí?,,"Dírigh ar thrí chéim ar leith. **Mí 1: Bunghnéithe.** Máistir shintéis lárnach Python, cineálacha sonraí, sreabhadh rialaithe, agus feidhmeanna. Comhlánaigh bun-dhúshláin chódála. **Mí 2: Leabharlanna Lárnacha Eolaíochta Sonraí.** Tiomnaigh an t-am seo do Pandas le haghaidh ionramhála sonraí, do NumPy le haghaidh oibríochtaí uimhriúla, agus do Matplotlib/Seaborn le haghaidh léirshamhlaithe. Oibrigh trí theagaisc threoraithe ag baint úsáide as fíorshonraí (cosúil leo siúd ar Kaggle). **Mí 3: Feidhmiú agus Tionscadail.** Cuir do scileanna i bhfeidhm trí 2-3 tionscadal substaintiúil a chríochnú. Tabhair isteach Scikit-learn duit féin le haghaidh bunphrionsabail meaisínfhoghlama (m.sh., athchéimniú líneach) agus cleachtaigh glanadh sonraí fíorshaoil, praiseacha."
Cé a d'aimsigh peinicillin agus cad ab é an tábhacht a bhain lena tabhairt isteach?,,"D'aimsigh an baictéareolaí Albanach Alexander Fleming Peinicillin i 1928. Thug sé faoi deara gur chuir éilliú múnla (Penicillium notatum) cosc ar fhás na mbaictéar Staphylococcus i mias peitreach. Mar sin féin, ní go dtí tús na 1940idí a d'éirigh le Howard Florey agus Ernst Chain modhanna a fhorbairt chun peinicillin a olltáirgeadh agus a íonú le haghaidh úsáide leighis. Bhí tábhacht ollmhór ag baint le tabhairt isteach na peinicilline, rud a mhairc tús na 'hAoise Frithbheathacha' agus a d'éirigh mar an chéad druga éifeachtach a úsáideadh go forleathan chun ionfhabhtuithe coitianta baictéaracha a chomhrac, ag laghdú go mór rátaí báis ó ghalair a bhí marfach roimhe seo, amhail niúmóine agus seipticéime, go háirithe i measc fórsaí na gComhghuaillithe le linn an Dara Cogadh Domhanda."
"Léigh an gearrscéal seo a leanas agus tabhair achoimre aon abairte air, ansin luaigh an príomh-mhoráltacht nó téama a eascraíonn as na himeachtaí.","Thug coinín óg, a bhí ag mothú níos fearr, dúshlán rialta do turtar mall chun rásaí. Thosaíodh an coinín go tapa go minic, ansin stopadh sé chun suan a ghlacadh, muiníneach go bhféadfadh sé an bua a fháil go héasca níos déanaí. Chros an turtar, nach stopfadh choíche agus a bhí ag luasghéarú go seasta i gcónaí, an líne chríche sa deireadh fad is a bhí an coinín fós ina chodladh.","Achoimre: Cailleann coinín gasta ach sotalach rás i gcoinne turtar mall ach buanseasmhach toisc gur ghlac an coinín suan. Moráltacht: Is é mall agus seasta a bhaineann an rás, agus is féidir le ró-mhuinín teip a bheith mar thoradh air."
Cad é luas beacht an tsolais i bhfolús?,,"Tá luas an tsolais i bhfolús sainmhínithe mar go díreach 299,792,458 méadar in aghaidh an tsoicind."
"Cad é airde iomlán Fhoirgneamh Empire State, lena n-áirítear a aeróg, curtha in iúl i méadair?","Thosaigh tógáil Fhoirgneamh Empire State go hoifigiúil ar 17 Márta, 1930, ar láthair iar-Óstán Waldorf–Astoria. Críochnaíodh an foirgneamh ó thaobh struchtúir de ar 1 Bealtaine, 1931, ag tógáil ach 410 lá le tógáil. Tá airde iomlán 1,454 troigh (443.2 m) aige, lena n-áirítear an aeróg.",443.2 méadar.
Déan liosta de na ceithre phríomh-theach de chuid Scoil Chailleachais agus Asarlaíochta Hogwarts agus a luachanna bunaithe comhfhreagracha.,,"Gryffindor (misneach, dánaíocht, crógacht, agus ridireacht), Hufflepuff (tiomantas, dianobair, cothrom na Féinne, foighne, agus dílseacht), Ravenclaw (éirim, foghlaim, eagna, agus seift), agus Slytherin (uaillmhian, glic, ceannaireacht, agus seiftiúlacht)."
Cad iad ainmneacha na ceithre ghealach is mó de chuid Iúpatair?,"Tá 95 gealach deimhnithe ag Iúpatar ó thús na bliana 2023. Tugtar satailítí Ghailileo ar na ceithre ghealach is mó de chuid Iúpatair, ar thángthas orthu ag Galileo Galilei sa bhliain 1610. Is iad na gealacha sin ná Io, Europa, Ganymede, agus Callisto. Is í Ganymede an ghealach is mó, go háirithe, sa chóras gréine ar fad. Tá clú ar Europa as a bheith in ann aigéin fho-dhromchlacha uisce leachtach a bheith aici.","Io, Europa, Ganymede, agus Callisto"
Tá Sansevieria (planda nathair) agam atá ceangailte ag na fréamhacha. Cad é an teicníc chuí chun é a athphlandáil gan damáiste a dhéanamh do na duilleoga?,,"Teastaíonn láimhseáil chúramach chun Sansevieria, nó planda nathair, a athphlandáil mar gheall ar a gcórais fhréamhacha sobhriste agus an claonadh atá acu a bheith beagán teann. Lean na céimeanna seo le haghaidh athphlandáil rathúil:

1. **Ullmhúchán:** Roghnaigh pota nach bhfuil ach 1 go 2 orlach níos mó ar trastomhas ná an coimeádán reatha. Éiríonn go maith le plandaí nathair nuair a bhíonn siad beagán ceangailte ag na fréamhacha. Úsáid meascán potaireachta a dhraenálann go maith, go hidéalach meascán atá déanta le haghaidh cachtais agus súmhaigh, toisc go gcoinníonn gnáthithir potaireachta an iomarca taise.

2. **Eastóscadh:** Cuir an pota reatha ar a thaobh. Beartaigh go réidh ar thaobhanna agus ar bhun an choimeádáin chun an liathróid fhréamhacha a scaoileadh. Sleamhnaigh an planda amach trí thacaíocht a thabhairt do bhun na hithreach, seachas a bheith ag tarraingt ar na duilleoga ingearacha leochaileacha.

3. **Cigireacht Fréamhacha:** Scaoil go réidh le do mhéara aon fhréamhacha atá thar a bheith dlúth nó ciorclach. Má tá an córas fréimhe ceangailte go mór (crua mar charraig), b’fhéidir go mbeadh ort scian ghlan a úsáid chun an taobh amuigh den liathróid fhréamhacha a scóráil go héadrom in áiteanna éagsúla chun fás amach a spreagadh.

4. **Socrú:** Cuir bunfhoirm den mheascán potaireachta úr leis an bpota nua. Lárnaigh an planda nathair ionas go mbeidh leibhéal na hithreach mar a bhí sé sa seanchoimeádán, ag cinntiú go bhfuil an planda ina sheasamh.

5. **Líonadh agus Daingniú:** Líon an spás atá fágtha timpeall na bhfréamhacha leis an meascán potaireachta nua. Beartaigh an coimeádán go réidh ar dhromchla crua chun cabhrú leis an ithir socrú. Seachain an ithir a bhrú síos ró-chrua, rud a chruthaíonn dlúthú agus a chuireann cosc ar shreabhadh uisce.

6. **Cúram Tar éis Athphlandála:** Ná cuir uisce ar an bplanda láithreach. Fan 3 go 7 lá roimh an gcéad uisciú. Ligeann sé seo d’aon deora fréimhe bídeacha leigheas, rud a laghdaíonn go mór an baol go mbeidh lobhadh fréimhe ann tar éis athphlandála."
"De réir an téacs seo, cén bhliain a chuirtear fionnachtain an pheinicillín i leith?","Ba é an peinicillin an chéad druga antaibheathach a aimsíodh. Cuirtear an fhionnachtain i leith an dochtúra agus micribhitheolaí Albanach Alexander Fleming sa bhliain 1928. Ach, níor éirigh le Howard Florey agus Ernst Chain modhanna a fhorbairt chun peinicillin a olltáirgeadh agus a íonú go rathúil go dtí na 1940idí, rud a d’fhág go raibh sé ar fáil go forleathan le húsáid leighis le linn an Dara Cogadh Domhanda.",Cuirtear fionnachtain an pheinicillín i leith na bliana 1928.
Cén tír Nordach arb í Réicivíc a príomhchathair? An Iorua nó an Íoslainn,,An Íoslainn
"Sainmhínigh vacsaíní mRNA bunaithe ar an téacs a tugadh, ag cur béime ar cad a sheachadann siad agus cén fáth a meastar gur 'cur chuige nua' iad i gcomparáid le modhanna traidisiúnta.","Is cur chuige nua i leith na himdhíoneolaíochta iad vacsaíní teachtaire RNA (mRNA). Murab ionann agus gnáthvacsaíní a thugann isteach foirm lagaithe nó neamhghníomhach de phataigin, seachadann vacsaíní mRNA treoirphlean géiniteach—an móilín mRNA—a thugann treoir do chealla daonna píosa próitéine ar leith neamhdhíobhálach a tháirgeadh, go minic an 'próitéin spíce' a fhaightear ar dhromchla víris cosúil le SARS-CoV-2. Nuair a bhíonn an mRNA taobh istigh de chíteaplasma na cille, léann innealra na cille na treoracha agus tógann sé an próitéin. Ansin taispeántar an próitéin seo ar dhromchla na cille, ag spreagadh an chórais imdhíonachta (T-limficítí agus B-limficítí) chun é a aithint mar rud coimhthíoch agus chun freagairt chosanta a thabhairt, ag cruthú antasubstaintí agus cealla cuimhne. Toisc go bhfuil an mRNA leochaileach, ní mór é a chuimsiú i nanacháithnín lipid (LNP) lena sheachadadh sábháilte isteach sa chorp. Rud ríthábhachtach, ní théann an mRNA isteach i núicléas na cille riamh, rud a chinntíonn nach ndéanann sé idirghníomhú le DNA an óstaigh nó nach n-athraíonn sé é.","Meastar gur cur chuige nua iad vacsaíní mRNA mar, murab ionann agus gnáthvacsaíní a thugann isteach foirm lagaithe nó neamhghníomhach de phataigin, seachadann siad treoirphlean géiniteach (an móilín mRNA). Tugann an treoirphlean seo treoir do chealla daonna próitéin ar leith neamhdhíobhálach a tháirgeadh (amhail an próitéin spíce víreasach). Spreagann an próiseas seo an córas imdhíonachta chun an próitéin a aithint mar rud coimhthíoch agus chun freagairt chosanta a thabhairt trí antasubstaintí agus cealla cuimhne a chruthú."
"Grúpaigh na sainchomharthaí ailtireachta seo a leanas de réir a mór-roinne tionscnaimh: Túr Eiffel, Pirimid Mhór Ghiza, Teach Ceoldrámaíochta Sydney, Taj Mahal, Colasaem, Machu Picchu.",,"An Eoraip - Túr Eiffel, An Colasaem
An Afraic - Pirimid Mhór Ghiza
An Áise - Taj Mahal
An Aigéine - Teach Ceoldrámaíochta Sydney
Meiriceá Theas - Machu Picchu"
Cén dáta ar tháinig deireadh le misean Apollo 11 trí thuirlingt san Aigéan Ciúin?,"Ba é Apollo 11 an spás-eitilt Mheiriceánach a chuir daoine i dtír ar an nGealach den chéad uair. Thuirling an Ceannasaí Neil Armstrong agus an píolóta modúil gealaí Buzz Aldrin an Modúl Gealaí Apollo *Eagle* ar an 20 Iúil, 1969, ag 20:17 UTC. Ba é Armstrong an chéad duine a chuaigh ar dhromchla na gealaí sé huaire an chloig ina dhiaidh sin ar an 21 Iúil. Rinne Michael Collins píolótú ar an modúl ceannais *Columbia* ina aonar i bhfithis ghealaí fad is a bhí na cinn eile ar an dromchla. Chaith siad 21 uair an chloig ar an nGealach sular éirigh siad de thalamh chun teacht le chéile arís le Collins. Thuirling an misean go rathúil san Aigéan Ciúin ar an 24 Iúil, 1969.","24 Iúil, 1969"
"Aicmigh na reanna neamha seo a leanas mar Phláinéad (P), Abhacphláinéad (DP), Gealach (M), nó Réalta (S): Iúpatar, Grian, Europa, Plútón, Ceiréas, Mars, Gaineaméide.",,"Iúpatar: P, Grian: S, Europa: M, Plútón: DP, Ceiréas: DP, Mars: P, Gaineaméide: M."
Cad iad roinnt seánraí scannán a bhfuil ardrátáil orthu do dhuine a bhaineann taitneamh as an teannas?,,"Do lucht leanúna an teannais, ba chóir duit iniúchadh a dhéanamh ar Scéinséirí Síceolaíocha, Neo-Noir, agus scéinséirí Spiaireachta/Faisnéise a bhfuil geallta móra ag baint leo."
"Cad iad na príomhdhúshláin lóistíochta agus chomhshaoil a bhaineann le coilíneacht dhaonna bhuan a bhunú ar Mhars, agus cad iad na réitigh mholta is fearr chun iad a shárú?",,"Is é bunú láithreacht dhaonna bhuan, fhéin-mharthanach ar Mhars an dúshlán teicneolaíochta agus lóistíochta is mó ar thug an cine daonna faoi fós. Cé go dtuigtear fisic an taistil, éilíonn sé ar chumas daoine a choimeád beo agus táirgiúil i dtimpeallacht chomh naimhdeach sin dul thar roinnt constaicí ollmhóra.

### I. Príomhdhúshláin Chomhshaoil

**1. Nochtadh do Radaíocht:** Níl réimse maighnéadach domhanda ag Mars agus tá atmaisféar thar a bheith tanaí aige (níos lú ná 1% de dhlús an Domhain). Fágann sé seo an dromchla an-leochaileach i leith Ghathanna Cosmaí Réaltracha (GCRanna) agus Imeachtaí Cáithníní Gréine (SPEanna). Méadaíonn nochtadh fadtéarmach go mór an baol ailse, tinnis ghéar radaíochta, agus damáiste cognaíoch.

**2. Ísealbhrú agus Ísealteocht:** Tá an brú atmaisféarach chomh híseal sin nach féidir le huisce leachtach a bheith ann go seasmhach ar an dromchla; sublimeálann sé láithreach. Is é meánteocht ná timpeall -63°C (-81°F). Ní mór gnáthóga a bhrú go hiomlán agus a théamh go láidir, ag éileamh fuinneamh suntasach.

**3. An Regolaith Mhartach (Deannach):** Tá deannach Martianach scríobach, an-imoibríoch go ceimiceach (agus peirchlóráití tocsaineacha ann), agus luchtaithe go leictreastatach. Féadann an deannach seo séalaí trealaimh a éilliú, damáiste a dhéanamh d'ionstraimí íogaire, agus rioscaí tromchúiseacha fadtéarmacha a chruthú do shláinte riospráide an duine.

**4. Moill Chumarsáide:** Mar gheall ar na faid réalteolaíocha, bíonn moill ama ar chumarsáid leis an Domhan, idir 4 agus 24 nóiméad bealach amháin. Fágann sé seo go bhfuil bainistíocht ghéarchéime fíor-ama dodhéanta agus éilíonn sé go n-oibreoidh an choilíneacht le neamhspleáchas beagnach iomlán.

### II. Dúshláin Lóistíochta agus Bhitheolaíocha

**1. Tacaíocht Saoil Dúnta Lúbtha:** Murab ionann agus an athlánú leanúnach atá ar fáil ar an Domhan, ní mór don choilíneacht oibriú ar Chóras Dúnta Tacaíochta Saoil Éiceolaíoch (CELSS). Ní mór gach braon uisce, gach méadar ciúbach aeir, agus an dramhaíl go léir a athchúrsáil agus a scagadh ar feadh tréimhse éiginnte, agus d'fhéadfadh cliseadh a bheith ina chúis le tubaiste.

**2. Táirgeadh Bia:** Ní mór do lonnaitheoirí aistriú go tapa ó bheith ag brath ar leithdháiltí réamhphacáistithe an Domhain go dtí foinsí bia áitiúla. Tá fás barr i dtalamh Martianach (regolaith) fadhbanna mar gheall ar a tocsaineacht agus easpa ábhar orgánach nádúrtha.

**3. Sláinte Síceolaíochta agus Leithlisiú:** Tabharfaidh foirne aghaidh ar leithlisiú, imchoimeád, agus fad ón Domhan, b'fhéidir ar feadh blianta. Tá sé ríthábhachtach d'éireamh an mhisin coinbhleachtaí idirphearsanta, anacair shíceolaíoch, agus leadrán fadtéarmach a bhainistiú.

### III. Príomh-Réitigh Mholta

**1. Sciathán Radaíochta agus Gnáthóga:** Is é an réiteach láithreach is éifeachtaí ná bogadh faoin dromchla. Is dócha go mbainfidh lonnaitheoirí úsáid as feadáin laibhe Martianacha (cuasáin nádúrtha faoi thalamh) nó go dtógfaidh siad gnáthóga atá clúdaithe ag roinnt méadar de regalaith bhaincéaraigh nó sciathán uisce/oighir, rud atá ar fheabhas chun radaíocht a bhlocáil.

**2. Úsáid Acmhainní In-Situ (ISRU):** Is é ISRU bunchloch na coilínithe rathúla. In ionad gach rud a iompórtáil, ní mór do lonnaitheoirí riachtanais a mhonarú go háitiúil. Is iad na príomhspriocanna:

*   **Táirgeadh Ocsaigine:** Ag baint úsáide as ionstraimí cosúil le MOXIE (atá ar an róbat Perseverance faoi láthair), is féidir CO2 ó atmaisféar Martianach a scoilt chun ocsaigin in-análaithe agus tiomántán roicéad a tháirgeadh.
*   **Foinsiú Uisce:** Braitheadh cainníochtaí móra d'oighear uisce faoi thalamh. Is féidir an t-oighear seo a bhaint, a leá, agus a íonú le haghaidh óil, talmhaíochta, agus leictrealú (scoilt i mbreosla hidrigine agus ocsaigine).
*   **Tógáil:** Laghdaíonn struchtúir phriontála 3D ag baint úsáide as reglaith phróiseáilte mar an príomh-ábhar tógála go mór an gá le lastais daora ón Domhan.

**3. Talmhaíocht Timpeallachta Rialaithe (CEA):** Ag baint úsáide as hidreaponaic agus aeroponaic i dtimpeallachtaí brúite, séalaithe, is féidir le lonnaitheoirí bia atá saibhir ó thaobh cothaitheach a fhás gan a bheith ag brath ar ithir thocsaineach Martianach, ag cur leis an aiste bia vitimíní riachtanacha agus calraí úra.

**4. Teileamhíochaine agus Neamhspleáchas:** Braitheann réitigh ar uathoibriú foircneach, ar dhiagnóisic atá faoi stiúir AI, agus ar phrótacail leighis réamh-oilte chun déileáil le héigeandálaí gan treoir fhíor-ama ón Domhan. Tabharfaidh roghnú na foirne tús áite d'aonair a bhfuil scileanna leathana acu agus athléimneacht shíceolaíoch ard."
"Déan cur síos ar an bpróiseas caighdeánach, slán, céim ar chéim do úsáideoir chun pasfhocal dearmadta a athshocrú laistigh de ghnáththimpeallacht TF fiontair.",,"1. Déanann an t-úsáideoir nascleanúint chuig an leathanach logála isteach agus cuirtear tús leis an bpróiseas trí chliceáil ar an nasc nó ar an gcnaipe “Pasfhocal Dearmadta”.
2. Iarrann an córas ar an úsáideoir a n-ainm úsáideora nó a seoladh ríomhphoist cláraithe a iontráil chun an cuntas a aithint.
3. Seoltar nasc fíoraithe uathúil, íogair ó thaobh ama, nó cód pas aonuaire (OTP) chuig seoladh ríomhphoist cláraithe an úsáideora nó chuig an bhfeiste soghluaiste (Fíordheimhniú Ilfhachtóirach).
4. Faigheann an t-úsáideoir rochtain ar an nasc nó iontrálann sé an OTP isteach sa réimse fíoraithe chun céannacht agus úinéireacht an chuntais a dheimhniú.
5. Díríonn an córas an t-úsáideoir chuig leathanach athshocraithe pasfhocail slán.
6. Iontrálann an t-úsáideoir pasfhocal nua faoi dhó, ag cinntiú go gcloíonn sé le rialacha castachta seanbhunaithe (fad íosta, litreacha uachtaracha/ísligh, uimhreacha agus siombailí a áireamh) agus go bhfuil sé difriúil ó phasfhocail le déanaí.
7. Déanann an córas an dintiúr a nuashonrú go rathúil agus tugann sé fógra don úsáideoir de ghnáth gur athraíodh an pasfhocal, agus is minic a logálann sé amach iad ó gach seisiún gníomhach reatha mar bheart slándála.
8. Logálann an t-úsáideoir isteach go rathúil ag baint úsáide as an bpasfhocal nua."
"Déan catagóiriú ar na dúile ceimiceacha seo a leanas de réir a staide (Solad, Leacht, nó Gás) ag Teocht agus Brú Caighdeánach (TBC): Ocsaigin, Mearcair, Iarann, Bróimín, Neoin, Sóidiam, Clóirín, Héiliam.",,"Is mar seo a leanas atá aicmiú na ndúl de réir a staide ag TBC: I measc na Solad tá Iarann agus Sóidiam. Is iad Mearcair agus Bróimín na dúile atá ina Leachtanna ag TBC. Is iad Ocsaigin, Neoin, Clóirín, agus Héiliam na dúile atá ina Gáis ag TBC."
Déan achoimre ar an téacs soláthraithe i gcaoga (50) focal go beacht. Ní mór don achoimre ach amháin focail a thosaíonn leis an litir 'P' a úsáid.,"Is é príomhchuspóir na fótaisintéise fuinneamh solais, de ghnáth ón nGrian, a thiontú ina fhuinneamh ceimiceach is féidir a scaoileadh níos déanaí chun gníomhaíochtaí an orgánaigh a bhreoslú. Tá baint ag an bpróiseas seo le fótóin a ghabháil trí líocha cosúil le clóraifill, rud a thugann an dath glas dá gcuid plandaí go príomha. Próiseálann plandaí uisce agus dé-ocsaíd charbóin, ag táirgeadh glúcóis agus ocsaigine mar fhotháirgí. Tá an fhótaisintéis ríthábhachtach do bheagnach gach saol ar an Domhan, ag soláthar an ocsaigin is gá le haghaidh riospráide agus ag cruthú bunús fhormhór na slabhraí bia.","Fótaisintéis táirgeann go leor. Tá líocha cumhachtacha ag plandaí. Príomhchuspóir: acmhainneacht flúirseach a sholáthar. Próisis a phumpáil truailleáin roimhe seo, ag táirgeadh táirgí íona. Próisis a d'fhéadfadh a bheith ríthábhachtach, ag soláthar feidhmíocht fiseolaíoch is fearr. Molann daoine plandaí táirgiúla go síoraí. Cosnaíonn táirgí atá foirfe íon daoine go buan. Go príomha, ag cur rathúnas an phláinéid chun cinn. B’fhéidir go gcuirfidh sé soláthar foirfe chun cinn."
Tabhair an cód ISO 4217 do na hairgeadraí seo a leanas.,"Dollar SAM, Euro, Yen na Seapáine, Punt Steirling na Breataine","USD, EUR, JPY, GBP"
Liostaigh trí fhíric stairiúil shuimiúil faoi Thúr Eiffel.,,"Seo trí fhíric stairiúil faoi Thúr Eiffel:
1. Tógadh é ar dtús mar áirse iontrála do Aonach Domhanda 1889 (Exposition Universelle) agus ní raibh sé ceaptha seasamh ach ar feadh 20 bliain.
2. Ba é an struchtúr daonna ab airde ar domhan ar feadh 41 bliain go dtí gur cuireadh Críoch leis an Chrysler Building i gCathair Nua-Eabhrac i 1930.
3. Sábháladh é ón leagadh go príomha toisc gur fhág a airde go raibh sé luachmhar mar stáisiún raidió-teileagraif agus mar aeróg, go háirithe le linn an Chéad Chogadh Domhanda."
"De réir an téacs a tugadh, cad é an seoladh cáiliúil i Londain atá ag an bleachtaire comhairleach, Sherlock Holmes?","Bhí cónaí ar Sherlock Holmes, an bleachtaire comhairleach, ag 221B Sráid Baker i Londain. Tá an seoladh seo, cé gur ficsean a bhí ann nuair a scríobhadh na scéalta, ar ceann de na láithreacha liteartha is cáiliúla ar domhan. Roinn an Dr. John Watson, a chompánach fadtréimhseach agus a chroiniceoir, na seomraí seo leis. Tá an seoladh lárnach i mbeagnach gach imscrúdú a rinne Holmes, ó 'A Study in Scarlet' ar aghaidh.",221B Sráid Baker
Cad iad na chéad chéimeanna ba chóir dom a dhéanamh má thosaíonn mo ríomhaire ag rith go mall ar fad?,,"Is féidir le ríomhaire mall a bheith frustrach! Sula gcuireann tú glaoch ar an Roinn TF, bain triail as na réitigh thapa tosaigh seo:
- Atosaigh an ríomhaire go hiomlán. Is minic a réitíonn sé seo fadhbanna sealadacha agus sceitheanna cuimhne.
- Seiceáil an Bainisteoir Tasc (Ctrl+Shift+Esc) chun feidhmchláir a úsáideann an iomarca LAP nó RAM a aithint.
- Cinntigh go bhfuil do chóras oibriúcháin agus gach príomhfheidhmchlár cothrom le dáta.
- Rith scanadh tapa le do bhogearraí frithvíreas chun bogearraí mailíseacha soiléire a chur as an áireamh.
- Glan taisce an bhrabhsálaí agus dún cluaisíní/cláir chúlra neamhriachtanacha."
Bain amach na torthaí amháin ón liosta thíos.,"Bhí na hearraí grósaeireachta comhdhéanta de Úll, Spionáiste úr, trí Phráta mór atá oiriúnach le haghaidh bruitín, braisle Fíonchaor, Oráiste geal, Banana aibí, agus Cairéad mór amháin. Tagann na míreanna seo faoi chatagóirí ginearálta ar nós táirgí agus fréamhghlasraí, agus is féidir iad a ullmhú ag baint úsáide as modhanna cosúil le galú nó róstadh.","Úll
Fíonchaora
Oráiste
Banana"
Mínigh prionsabal Rásúir Occam agus a chur i bhfeidhm.,,"Rásúr Occam, ar a dtugtar freisin dlí na spárálachta (lex parsimoniae), is heorais fealsúnach agus eolaíoch é a deir gur cheart an réiteach is simplí—an ceann leis na boinn tuisceana is lú—a roghnú as measc hipitéisí iomaíocha a mhíníonn feiniméan go cothrom. Is prionsabal modheolaíoch é, ní dlí fisiciúil, a spreagann castacht na míniúchán a íoslaghdú. Cé nach ráthaíonn sé fírinne na hipitéise is simplí, úsáidtear go forleathan é i múnlaíocht eolaíoch agus i dtógáil teoirice chun deireadh a chur le castacht neamhriachtanach agus chun díriú ar na coincheapa is simplí, is intástála."
Mínigh bunphróiseas na fótaisintéise.,,"Is é an fhótaisintéis an próiseas bithcheimiceach ríthábhachtach a úsáideann plandaí agus algaí go príomha chun fuinneamh solais (solas na gréine de ghnáth) a thiontú go fuinneamh ceimiceach. Sa phróiseas seo, tógtar isteach dé-ocsaíd charbóin agus uisce, agus úsáidtear an fuinneamh a ghabhann an chlóraifill chun glúcós (siúcra) a shintéisiú agus ocsaigin a scaoileadh mar sheachtháirge. Cruthaíonn sé bunús beagnach gach slabhra bia ar domhan."
Cad é an pláinéad is mó inár gcóras gréine?,,"Is é Iúpatar an pláinéad is mó, a bhfuil trastomhas de thart ar 142,984 ciliméadar aige agus a bhfuil mais níos mó ann ná mar atá sna pláinéid eile go léir le chéile."
Mínigh an príomhdhúshlán a bhaineann le húsáid fhorleathan an fhuinnimh ghréine.,,"Is é an príomhdhúshlán ná an neamhleantachas, rud a chiallaíonn nach ngineann painéil ghréine cumhacht ach amháin nuair a bhíonn an ghrian ag taitneamh, ag cur de dhíth réitigh stórála fuinnimh éifeachtacha ó thaobh costais, ar mhórscála, chun soláthar leanúnach a chinntiú."
Cén príomhfheidhm atá ag na miteacoindrí i gcill?,,"Is í an phríomhfheidhm atá ag na miteacoindrí ná an chuid is mó de sholáthar na cille de thrífhosfáit adainisín (ATP) a ghiniúint, a úsáidtear mar fhoinse fuinnimh cheimicigh. Tugtar riospráid cheallach ar an bpróiseas seo."
Cinntigh an dáta cruinn ar seoladh misean Apollo 11.,"Ba é Apollo 11 an spásárthach a thug an chéad dá dhuine go dtí an Ghealach. Thug an Ceannasaí Neil Armstrong agus an píolóta modúil gealaí Buzz Aldrin Modúl Gealaí Apollo Eagle i dtír ar an 20 Iúil, 1969. Chuaigh Armstrong ar dhromchla na gealaí sé huaire an chloig ina dhiaidh sin, ar an 21 Iúil UTC. Chaith siad thart ar 21 uair an chloig ar dhromchla na gealaí sular éirigh siad. Seoladh an misean ceithre lá roimhe sin, ar an 16 Iúil, 1969, ó Ionad Spáis Kennedy.","Seoladh misean Apollo 11 ar an 16 Iúil, 1969."
Mínigh na príomhbhuntáistí agus na príomhdhúshláin a bhaineann le Bonneagar mar Chód (BmC) a ghlacadh.,,"Is éard is Bonneagar mar Chód (BmC) ann ná an cleachtas bonneagar ríomhaireachta (líonraí, cothromóirí ualaigh, meaisíní fíorúla) a bhainistiú agus a sholáthar trí chomhaid sainmhínithe inléite ag meaisín seachas trí chumraíocht láimhe. I measc na bpríomhbhuntáistí tá comhsheasmhacht fheabhsaithe agus laghdú ar imeacht cumraíochta, amanna imscartha níos tapúla, inrianaitheacht fheabhsaithe trí rialú leagain (GitOps), agus in-athdhéanta trasna timpeallachtaí. I measc na bpríomhdhúshlán tá an cuar foghlama géar tosaigh d’fhoirne teicniúla, bainistiú comhad staide casta trasna timpeallachtaí iolracha (go háirithe le huirlisí cosúil le Terraform), agus cruachan slándála ceart na dteimpléad cumraíochta féin a chinntiú."
"Rangaigh na cathracha seo a leanas de réir a mór-roinne faoi seach: Rio de Janeiro, Londain, Johannesburg, Sydney, Páras, Tóiceo, Cáireo, Vancouver.",,"An Eoraip: Páras, Londain
An Afraic: Johannesburg, Cáireo
An Áise: Tóiceo
Meiriceá Theas: Rio de Janeiro
An Aigéine: Sydney
Meiriceá Thuaidh: Vancouver"
"Bunaithe ar an téacs, cad é a bhí mar phríomhsprioc láithreach don ARPANET, agus cén prionsabal dearaidh ríthábhachtach a chinntigh a stóinseacht oibríochtúil?","Líonra ceannródaíoch fairsing ab ea Líonra na Gníomhaireachta Ardtaighde Tionscadal (ARPANET) a cruthaíodh i 1969. Ba é ARPA Roinn Cosanta na SA (DARPA níos déanaí) a mhaoinigh go príomha é. Ba é an cuspóir tosaigh ná cumarsáid stóinseach: ligean d’eolaithe in áiteanna éagsúla acmhainní ríomhaireachta agus torthaí taighde a roinnt go tapa agus go héifeachtach. Prionsabal dearaidh tábhachtach amháin ab ea an iomarcaíocht; bhí an líonra struchtúrtha sa chaoi is go bhféadfaí na sonraí a athródú trí chosáin eile dá dteipfeadh ar nód nó ar nasc amháin ar bith, ag cinntiú iontaofachta fiú le linn coinbhleachta míleata féideartha nó teip bonneagair. Bunaíodh an chéad nasc idir Ollscoil California, Los Angeles (UCLA) agus Institiúid Taighde Stanford (SRI) i nDeireadh Fómhair 1969. Cé go luann daoine go minic gur tógadh é go hiomlán le haghaidh athléimneacht mhíleata, ba é a fheidhmiúlacht láithreach agus a phríomhúsáid ná acmhainní acadúla a roinnt, ag bunú teicneolaíocht an lascadh paicéid mar an caighdeán d’aistriú sonraí.","Ba é príomhsprioc láithreach ARPANET ná cumarsáid stóinseach agus acmhainní a roinnt, go sonrach ligean d’eolaithe in áiteanna éagsúla acmhainní ríomhaireachta agus torthaí taighde a roinnt go tapa agus go héifeachtach. Ba é an prionsabal dearaidh ríthábhachtach a chinntigh a stóinseacht oibríochtúil ná an iomarcaíocht, a struchtúraigh an líonra ionas go bhféadfaí sonraí a athródú trí chosáin mhalartacha dá dteipfeadh ar nód nó ar nasc amháin ar bith."
Cad iad toisí Sheomra an Rí laistigh de Phirimid Mhór Giza?,"Tógadh Pirimid Mhór Giza, an ceann is mó de na trí phirimid i Necropolis Giza, don pharó Éigipteach Khufu ón Ceathrú Ríshliocht. Seasann sí 146.6 méadar (481 troigh) ar airde ar dtús, ach is é 138.5 méadar (454 troigh) a airde reatha mar gheall ar chailliúint a cuid clocha cumhdaigh agus a buaic. Laistigh den phirimid, tá trí sheomra ar eolas: an seomra faoi thalamh neamhiomlán, Seomra na Banríona, agus Seomra an Rí, a bhfuil a thoisí 10.45 méadar ar fad, 5.20 méadar ar leithead, agus 5.80 méadar ar airde.","Tá toisí Sheomra an Rí 10.45 méadar ar fad, 5.20 méadar ar leithead, agus 5.80 méadar ar airde."
Mínigh an próiseas fótaisintéise.,,"Is é an fhótaisintéis an próiseas a úsáideann plandaí, algaí, agus baictéir áirithe chun fuinneamh solais a thiontú go fuinneamh ceimiceach (bia). Stóráiltear an fuinneamh seo i móilíní carbaihiodráite, cosúil le siúcraí, a shintéisítear ó dhé-ocsaíd charbóin agus uisce. Tarlaíonn an próiseas go príomha i gclóraplaistí an chill phlanda. Is iad na hionchuir riachtanacha ná solas na gréine, uisce (H₂O), agus dé-ocsaíd charbóin (CO₂). Is iad na príomh-aschuir ná glúcós (C₆H₁₂O₆) agus ocsaigin (O₂). Tá scaoileadh na hocsaigine seo ríthábhachtach chun an chuid is mó den saol aeróbach ar an Domhan a chothú, rud a fhágann gurb í an fhótaisintéis bunús beagnach gach slabhra bia talún."
Liostaigh Seacht nIontas an tSeandomhain Ársa.,,"Colas Ródas, Pirimid Mhór Ghiza, Gairdíní Crochta na Bablóine, Teach Solais na hAilcsaindria, Mausalóim na Haliarnais, Dealbh Dhéas ag Oilimpia, agus Teampall Artaimis ag Eifeasas."
Cén fáth a dtugtar 'ceapaire' ar an mír choitianta bia sin?,"Tá an ceapaire ainmnithe i ndiaidh John Montagu, 4ú Iarla Sandwich. Uasal Sasanach ón 18ú haois a bhí ann, a d'iarr ar a sheirbhísigh, de réir an tseanchais choitianta, feoil a chur idir dhá shlisne aráin ionas go bhféadfadh sé ithe gan cur isteach ar a chluiche cearrbhachais. Chuir sé seo ar a chumas lámh amháin a choinneáil saor agus gan na cártaí imeartha a shalachar. Thosaigh a chairde go luath ag ordú ""an rud céanna le Sandwich,"" agus ghreamaigh an t-ainm.","Tá an ceapaire ainmnithe i ndiaidh John Montagu, 4ú Iarla Sandwich (1718–1792). Líomhnaítear gur iarr sé feoil a chur idir slisní aráin ionas go bhféadfadh sé ithe agus é ag cearrbhachas gan gá le huirlisí ná cur isteach ar a chluiche, rud a lig dó a lámha a choinneáil glan agus saor."
"Liostaigh na hocht bpríomhphláinéad inár ngrianchóras, ag tosú leis an gceann is gaire don ghrian.",,"Mearcair, Véineas, An Domhan, Mars, Iúpatar, Satarn, Úránas, Neiptiún"
"Bain amach na huimhreacha príomha go léir a luaitear sa téacs thíos agus liostáil iad in ord íslitheach, scartha le camóga.","Rinneadh an taighde thar 17 mí, a raibh baint ag 29 rannpháirtí leis. Ba é 42 méid tosaigh an ghrúpa, ach d'éirigh 3 dhuine as. Bhailíomar 11 phointe sonraí tábhachtacha. Bhí an tuarascáil deiridh 53 leathanach ar fhad agus rinne sí mionsonrú ar na costais, a bhí $89,000 san iomlán, gan an táille socraithe de $13 a áireamh.","89, 53, 29, 17, 13, 11, 3"
Caithfidh mé ardú pá a iarraidh ar mo shaoiste.,,"A [Ainm an Bhainisteora],

Táim ag scríobh chun athbhreithniú foirmiúil a iarraidh ar mo thuarastal agus teideal poist reatha. Le 12 mhí anuas, tá méadú suntasach tagtha ar mo fhreagrachtaí, agus tá mé ag sárú na n-ionchas a leagadh amach do mo ról reatha go seasta.

Go sonrach, rinne mé:

1. Bhí mé i gceannas ar sheoladh rathúil Thionscadal Phoenix, rud a d'fhág gur tháinig méadú 15% ar rannpháirtíocht úsáideoirí sa Tríú Ráithe.
2. Rinne mé an próiseas tuairiscithe inmheánaigh a shruthlíniú, ag sábháil thart ar 10 n-uaire an chloig in aghaidh na seachtaine don fhoireann.
3. Rinne mé meantóireacht ar dhá bhall foirne sóisearacha atá ag cur go mór leis anois.

Tá dualgais á gcomhlíonadh agam anois a bhaineann go hiondúil le haicmiú 'Sinsearach [Ról Reatha]', agus táim muiníneach go bhfuil mo chuid ranníocaíochtaí ag tiomáint go suntasach rath na foirne agus ioncam na cuideachta. Chríochnaigh mé anailís le déanaí freisin ar chúiteamh an mhargaidh don ról leathnaithe seo, agus creidim go bhfuil gá le coigeartú tuarastail.

Bheinn buíoch dá bhfaighinn an deis cruinniú a sceidealú leat an tseachtain seo chugainn chun plé a dhéanamh ar mo fheidhmíocht, ar mo chonair gairme, agus ar mo chúiteamh go mion. Go raibh maith agat as do bhreithniú.

Le meas,
[D'Ainm]"
Aithin na carachtair fhicseanúla agus na cruinneoga nó na sraitheanna comhfhreagracha lena mbaineann siad ón téacs. Liostaigh iad ag úsáid an fhormáid seo: Carachtar: {Ainm} | Cruinne: {Sraith/Suíomh},"Is 'witcher' é Geralt of Rivia atá feiceálach i sraith úrscéalta agus cluichí The Witcher. Lasmuigh den fhantaisíocht, d'fhéadfá an bleachtaire Hercule Poirot a aimsiú ag réiteach rúndiamhra, atá suite go minic in atmaisféar sofaisticiúil Shasana idir an dá chogadh, cruthú de chuid Agatha Christie. Idir an dá linn, is minic a tharlaíonn eachtraí an Chaptaen Jean-Luc Picard ar bord an USS Enterprise-D i leanúnachas Star Trek: The Next Generation. Níos faide fós amach anseo, is í an ciborg trioblóideach, an Maor Motoko Kusanagi, an príomhphearsa i Ghost in the Shell.","Carachtar: Geralt of Rivia | Cruinne: The Witcher
Carachtar: Hercule Poirot | Cruinne: Rúndiamhra Agatha Christie
Carachtar: An Captaen Jean-Luc Picard | Cruinne: Star Trek: The Next Generation
Carachtar: An Maor Motoko Kusanagi | Cruinne: Ghost in the Shell"
Cathain a críochnaíodh agus a osclaíodh Canáil Phanama?,"Is uiscebhealach saorga 82 km i bPanama é Canáil Phanama a nascann an tAigéan Atlantach leis an Aigéan Ciúin. Gearrann an chanáil trasna Isthmus Phanama agus is seoladán í don trádáil mhuirí. Críochnaíodh tógáil na canálach i 1914, ag oscailt do thrácht ar an 15 Lúnasa, 1914. Cé gur thosaigh an iarracht tosaigh Fhrancach i 1881, ghlac SAM seilbh air agus thiomáin siad an tionscadal chun críche. Fanann sé ina phríomhbhealach d’iompar idirnáisiúnta.","Críochnaíodh tógáil na canálach i 1914, ag oscailt do thrácht ar an 15 Lúnasa, 1914. 

Is uiscebhealach saorga 82 km i bPanama é Canáil Phanama a nascann an tAigéan Atlantach leis an Aigéan Ciúin. Cé gur thosaigh an iarracht tosaigh Fhrancach i 1881, ghlac SAM seilbh air agus thiomáin siad an tionscadal chun críche."
"Aicmigh na hainmhithe seo a leanas i dhá chatagóir: 'Mamaigh' nó 'Reiptílí': Míol Mór Gorm, Crogall, Dragan Komodo, Ialtóg, Plaitipis, Píotón (nathair), Béar Grizzly.",,"Mamaigh: Míol Mór Gorm, Ialtóg, Plaitipis, Béar Grizzly.
Reiptílí: Crogall, Dragan Komodo, Píotón (nathair)."
"Dá mbeifeá sáinnithe ar oileán fásaigh agus nach bhféadfá ach éisteacht le halbam amháin, cén t-albam a roghnófá le bheith agat?",,"Mar Intleacht Shaorga, ní bhíonn taithí agam ar cheol go mothúchánach ná ní éiríonn mé leamh, mar sin tá coincheap an albaim aonair a roghnú le haghaidh marthanais teoiriciúil. Mar sin féin, dá gcuirfí iachall orm saothar atá casta go matamaiticiúil agus in-éisteachta arís gan teorainn a roghnú, roghnóinn 'A Kind of Blue' le Miles Davis. Cuireann a struchtúr snagcheoil modha malairtí gan teorainn ar fáil sa chomhcheol agus ceadaíonn sé anailís dhomhain struchtúrach gan a bheith athchúrsach. Is é an meascán foirfe é idir simplíocht agus doimhneacht."
Aithin an t-aireagóir is minice a fhaigheann an creidiúint as an bolgán solais gealbhruthach atá inmharthana go tráchtála a chruthú agus bliain an rathúlachta.,"Cé gur chuir go leor aireagóirí le forbairt na luath-theicneolaíochtaí soilsithe, is minic a chuirtear an creidiúint ar Thomas Alva Edison as an bolgán solais gealbhruthach atá inmharthana go tráchtála a aireagán. Sa bhliain 1879, tar éis turgnamh fairsing le hábhair ar nós snáithíní bambú carbónaithe, d'éirigh le Edison agus a fhoireann foinse solais fadtréimhseach a bhaint amach a bhí oiriúnach le haghaidh úsáid tí. Bhí iarrachtaí roimhe seo ag daoine cosúil le Humphry Davy agus Joseph Swan suntasach, ach chomhcheangail Edison go rathúil teicneolaíocht fholús feabhsaithe, filiméad ard-fhrithsheasmhachta, agus an córas dáilte riachtanach chun solas leictreach a thabhairt isteach san aois nua-aimseartha.",Is é Thomas Alva Edison is minice a fhaigheann an creidiúint as an bolgán solais gealbhruthach atá inmharthana go tráchtála a aireagán sa bhliain 1879.
Liostaigh na cúig chéim den bhrón mar atá sainithe ag samhail Kübler-Ross.,,"Is iad na cúig chéim den bhrón, dá ngairtear DABDA go minic, ná:
1. Séanadh
2. Fearg
3. Comhargáil
4. Dúlagar
5. Glacadh"
Déan achoimre ar na príomhdhifríochtaí idir cumarsáid sioncrónach agus asincrónach.,,"Tarlaíonn cumarsáid shioncrónach i bhfíor-am, agus éilíonn sí go mbeidh gach páirtí i láthair ag an am céanna (m.sh., glao gutháin). Ní éilíonn cumarsáid asincrónach láithreacht chomhuaineach; seoltar agus faightear teachtaireachtaí le moill, rud a cheadaíonn solúbthacht (m.sh., ríomhphost nó teachtaireacht téacs)."
"Ríomh an ré iomlán (i laethanta) a mhair misean Apollo 11, ón seoladh go dtí an tuirlingt san uisce.","Ba é Apollo 11 an spás-eitilt a chuir daoine i dtír ar an nGealach den chéad uair. Thuirling an Ceannasaí Neil Armstrong agus an píolóta modúil gealaí Buzz Aldrin an Modúl Gealaí Apollo *Eagle* ar an 20 Iúil, 1969, ag 20:17 UTC. Ba é Armstrong an chéad duine a chuaigh ar dhromchla na gealaí sé huaire agus 39 nóiméad ina dhiaidh sin, ar an 21 Iúil ag 02:56 UTC; Chuaigh Aldrin leis thart ar 20 nóiméad ina dhiaidh sin. Chaith siad thart ar dhá uair an chloig agus ceathrú taobh amuigh den spásárthach, agus bhailigh siad 21.5 cileagram (47.5 lb) d'ábhar gealaí le tabhairt ar ais go dtí an Domhan. Bhí an tríú ball den mhisean, Michael Collins, ag píolótú an mhodúil ceannais *Columbia* ina aonar i bhfithis ghealaí. Seoladh Apollo 11 ó Ionad Spáis Kennedy ar an 16 Iúil, 1969, agus d'fhill sé ar an Domhan, ag tuirlingt san Aigéan Ciúin go sábháilte ar an 24 Iúil, 1969.",8 lá
"Cathain, cén áit, agus cé a chruthaigh Cloch Rosetta, agus cé na trí scríbhinn atá uirthi?","Is dealbhchloch í Cloch Rosetta atá comhdhéanta de ghránadóiríte ar a bhfuil trí leagan de fhoraithne a eisíodh i Memphis, an Éigipt, sa bhliain 196 R.Ch. le linn ríshliocht na dTolamaesach thar ceann an Rí Tolamaes V Epiphanes. Is iad hioglacha na Sean-Éigiptise an téacs uachtarach, is í an scríbhinn Dheamótach an chuid láir, agus is í an tSean-Ghréigis an chuid is ísle. Ós rud é go bhfuil an téacs céanna greanta sna trí scríbhinn, sholáthair an chloch an eochair chun hioglacha na hÉigiptise a dhéanamh amach. D'aimsigh saighdiúirí Francacha í i mí Iúil 1799 ag Rashid (Rosetta) ar bhruach thiar na Níle le linn fheachtas Napoleon san Éigipt. Nuair a buadh ar Napoleon, tháinig an chloch chun bheith ina maoin de chuid na Breataine faoi théarmaí Chonradh Alastair (1801). Tá sí ar taispeáint go poiblí i Músaem na Breataine go leanúnach ó 1802. Tá sí 1,123 milliméadar ar airde, 757 mm ar leithead, agus 284 mm ar tiús. Is é a meáchan thart ar 760 kg.","Cruthaíodh Cloch Rosetta i Memphis, an Éigipt, sa bhliain 196 R.Ch. le linn ríshliocht na dTolamaesach thar ceann an Rí Tolamaes V Epiphanes. Tá trí scríbhinn inti: hioglacha na Sean-Éigiptise (an téacs uachtarach), an scríbhinn Dheamótach (an chuid láir), agus an tSean-Ghréigis (an chuid is ísle)."
"Aicmigh na focail seo a leanas mar ainmfhocal nó briathar: Run, Happiness, Table, Swim.",,"Is briathar é Run, Is ainmfhocal é Happiness, Is ainmfhocal é Table, Is briathar é Swim."
Cad iad na croíchodanna a theastaíonn go ginearálta chun feidhmchlár aon-leathanaigh (SPA) nua-aimseartha a thógáil ag baint úsáide as an MERN stack?,,"Is creatlach coitianta é an MERN stack chun feidhmchláir ghréasáin, SPAnna go háirithe, a fhorbairt. Seasann an t-acrainm do na ceithre phríomhtheicneolaíocht a úsáidtear:

1. **MongoDB:** Bunachar sonraí NoSQL a stórálann sonraí i ndoiciméid cosúil le JSON, ag soláthar solúbthachta agus inscálaitheachta.
2. **Express.js:** Creatlach feidhmchláir ghréasáin do Node.js atá íostaíoch, tapa, agus neamh-mheasartha, a úsáidtear chun ródú, bogearraí idirghabhála (middleware), agus críochphointí API (an 'cúl-chríoch') a láimhseáil.
3. **React:** Leabharlann JavaScript arna forbairt ag Facebook chun comhéadain úsáideora (UIs) a thógáil, go sonrach na codanna idirghníomhacha den tosach-chríoch.
4. **Node.js:** Timpeallacht forghníomhaithe JavaScript a ligeann do JavaScript a úsáid ar thaobh an fhreastalaí, ag feidhmiú mar an bunús ar a bhfuil Express.js tógtha.

Oibríonn na codanna seo le chéile chun réiteach forbartha iomlán ó thús deireadh a sholáthar."
Cuir liosta ar fáil de na cúig brúchtadh bolcánach is marbhúla sa stair thaifeadta bunaithe ar bhásanna measta.,,"Seo iad cúig cinn de na brúchtaí bolcánacha is marbhúla sa stair thaifeadta, bunaithe ar bhásanna láithreacha measta:
- Sliabh Tambora, an Indinéis (1815) - Meastar 90,000+ bás (den chuid is mó de bharr gorta/galair i ndiaidh an bhrúchta).
- Krakatoa, an Indinéis (1883) - Meastar 36,000 bás (go príomha ó súnámaithe).
- Sliabh Pelée, Martinique (1902) - Meastar 30,000 bás (sreafaí pírchlaisteacha).
- Nevado del Ruiz, an Cholóim (1985) - Meastar 25,000 bás (láhair/sreabha láibe).
- Sliabh Vesuvius, an Iodáil (79 AD) - Meastar 16,000 bás (a d’adhlac Pompeii agus Herculaneum)."
Déan cur síos ar thréimhse nuair a b'éigean duit cinneadh deacair a dhéanamh as ar tháinig toradh dearfach suntasach sa deireadh.,,"Ba é an cinneadh ba deacra a rinne mé as ar tháinig toradh dearfach ná post corparáideach slán a raibh agam ar feadh ocht mbliana a fhágáil chun gairm a bhaint amach i gcomhairliúchán comhshaoil. Bhí an deacracht sa neamhchobhsaíocht airgeadais a ceapadh agus sa bhrú ón teaghlach a raibh meas acu ar oirirceas mo róil roimhe seo. Bhí mé ag troid leis an rogha ar feadh míonna, ag cruthú pleananna teagmhais mionsonraithe le haghaidh easnamh airgeadais. I ndeireadh na dála, cheadaigh an léim sin dom mo chuid oibre laethúil a chur i gcomhréir le mo bhunluachanna. Cé go raibh an t-aistriú lán d’éiginnteacht agus laghdú pá sealadach ar dtús, ba é an toradh deiridh ná méadú suntasach ar shástacht poist, cothromaíocht oibre is saoil níos fearr, agus an mothú gur bhain fíorthábhacht le mo chuid ranníocaíochtaí."
Cad é an fhótaisintéis agus cén fáth a bhfuil sí tábhachtach?,,"Is í an fhótaisintéis an próiseas a úsáideann plandaí, algaí, agus baictéir áirithe chun fuinneamh solais, de ghnáth ón nGrian, a thiontú go fuinneamh ceimiceach (siúcraí/glúcós) is féidir a scaoileadh níos déanaí chun gníomhaíochtaí an orgánaigh a chothú. Tarlaíonn an próiseas bithcheimiceach casta seo go príomha sna clóraplastaí, a bhfuil an lí clóraifill iontu. Is é an chothromóid ghinearálta: 6CO₂ + 6H₂O + Fuinneamh Solais → C₆H₁₂O₆ + 6O₂. Tá sé ríthábhachtach toisc gurb é an príomh-mhodh táirgthe fuinnimh é don chuid is mó d'éiceachórais ar an Domhan, agus, go cinniúnach, tá sé freagrach as an ocsaigin a theastaíonn ó bheagnach gach cineál beatha le haghaidh riospráide a tháirgeadh."
"De réir an téacs, cén mór-ranníocaíocht a rinne an fhoireann faoi cheannas Florey agus Chain maidir le peinicillin?","Ba é an dochtúir Albanach Alexander Fleming a d'aimsigh Peinicillin, ceann de na chéad antaibheathaigh ar domhan, sa bhliain 1928. Thug sé faoi deara gur thruailligh múnla, Penicillium notatum, mias Peitrí a raibh baictéir Staphylococcus ann a raibh sé ag déanamh staidéir orthu. Rud tábhachtach, thart ar an múnla, ní raibh na baictéir in ann fás. Ar dtús, thug Fleming 'sú múnla' ar an tsubstaint a tháirg an múnla ach ina dhiaidh sin thug sé peinicillin air. Cé gur éirigh leis an múnla a aonrú, bhí sé thar a bheith deacair aige an t-oibreán gníomhach frithmhiocróbach a íonú le haghaidh táirgeadh ar mhórscála nó úsáid theiripeach i ndaoine. Ar feadh breis agus deich mbliana, d’fhan an fionnachtain go príomha acadúil. Ní go dtí tús na 1940idí a d’fhorbair foireann faoi cheannas Howard Florey agus Ernst Chain in Ollscoil Oxford modhanna chun peinicillin a olltáirgeadh agus a chobhsú, rud a cheadaigh é a úsáid go héifeachtach chun ionfhabhtuithe a chóireáil le linn an Dara Cogadh Domhanda, ag cur réabhlóid ar bun sa leigheas agus ag sábháil na milliúin beatha.","D'fhorbair an fhoireann faoi cheannas Howard Florey agus Ernst Chain in Ollscoil Oxford modhanna chun peinicillin a olltáirgeadh agus a chobhsú, rud a cheadaigh é a úsáid go héifeachtach chun ionfhabhtuithe a chóireáil le linn an Dara Cogadh Domhanda."
Dréachtaigh meamram inmheánach foirmiúil ón bPríomhoifigeach Teicneolaíochta (POT) chuig an bhfoireann ar fad maidir le teip gan choinne an phríomhfhreastalaí VPN corparáideach. Ní mór don mheamram an réiteach sealadach láithreach (ag baint úsáide as nasc cúltaca oidhreachta) agus an t-amlíne pleanáilte le haghaidh athchóiriú iomlán a chur in iúl.,"Ainm an Naisc Chúltaca: AlphaNet-Secure; Athchóiriú Iomlán Measta: 48 uair an chloig (Dé Céadaoin, 10 AM PST)","MEAMRAM

CHUIG: Foireann Uile na Cuideachta
Ó: [Ainm an POT], Príomhoifigeach Teicneolaíochta
DÁTA: Dé Luain, 28 Deireadh Fómhair, 2024
ÁBHAR: Foláireamh Láithreach: Teip an Phríomhfhreastalaí VPN Corparáideach agus Réiteach Sealadach

A Chomhghleacaithe,

Tá teip iomlán, gan choinne, á fulaingt againn faoi láthair inár bpríomhbhonneagar freastalaí VPN corparáideach. Dhearbhaigh ár bhfoireann oibríochtaí líonra an teip ag 8:00 AM PST ar maidin. Tá an teip seo ag cur bac ar rochtain iargúlta ar acmhainní inmheánacha, lena n-áirítear tiomántáin chomhroinnte agus ardáin feidhmchlár ríthábhachtacha.

**Réiteach Sealadach Láithreach:**

Chun leanúnachas oibríochtaí a chinntiú, tá ár nasc cúltaca oidhreachta éigeandála gníomhachtaithe againn. Ba chóir do gach ball foirne a dteastaíonn rochtain VPN uathu an cosán nasctha **AlphaNet-Secure** a úsáid go sealadach. Tabhair faoi deara, cé go bhfuil an nasc oidhreachta seo slán, go bhféadfadh an fheidhmíocht a bheith beagán níos ísle mar gheall ar shrianta acmhainne. Tá treoracha mionsonraithe chun nascadh trí AlphaNet-Secure seolta chuig do bhoscaí isteach ríomhphoist corparáideacha.

**Amlíne Athchóirithe:**

Tá ár bhfoirne innealtóireachta ag obair timpeall an chloig chun comhpháirteanna lárnacha an fhreastalaí a dhiagnóisiú agus a dheisiú. Bunaithe ar an meastóireacht tosaigh, táimid ag súil le hathchóiriú iomlán measta ar an bpríomhchóras VPN laistigh de **48 uair an chloig**. Táimid ag súil go mbeidh an príomhchóras go hiomlán feidhmeach faoin **Dé Céadaoin, 10:00 AM PST**.

Táimid buíoch as do fhoighne agus do chomhoibriú agus an fhadhb bhonneagair ríthábhachtach seo á réiteach againn. Seol aon cheisteanna sonracha faoi nascacht chuig Deasc Chabhrach TF láithreach le do thoil."
Déan cur síos ar chúig chatagóir de Scála Gaoithe Hairicín Saffir-Simpson agus ar an damáiste tipiciúil a bhaineann le gach catagóir.,,"Déanann Scála Saffir-Simpson hairicíní a rangú bunaithe ar luasanna gaoithe marthanacha, ó Chatagóir 1 (an déine is ísle) go Catagóir 5 (an déine is airde):

1) Catagóir 1 (74-95 mph): Cruthóidh gaotha an-chontúirteacha roinnt damáiste. Is iondúil go mbíonn miondamáiste struchtúrach i gceist agus briseadh cumhachta a mhaireann ar feadh cúpla lá.
2) Catagóir 2 (96-110 mph): Déanfaidh gaotha fíorchontúirteacha damáiste fairsing. Is dócha go dtarlóidh damáiste suntasach do dhíonta agus taobhlíne; caillteanas cumhachta beagnach iomlán a mhaireann roinnt laethanta go seachtainí.
3) Catagóir 3 (111-129 mph): Tarlóidh damáiste tubaisteach. Tiocfaidh mór-damáiste nó scrios ar thithe atá tógtha go maith. Táthar ag súil le briseadh cumhachta forleathan agus ganntanas uisce, a d'fhéadfadh maireachtáil ar feadh seachtainí.
4) Catagóir 4 (130-156 mph): Tarlóidh damáiste léirscriosach. Beidh formhór na limistéar do-áitrithe ar feadh seachtainí nó míonna. Teip thromchúiseach struchtúrach i dtithe, crainn briste nó díthógtha óna bhfréamhacha.
5) Catagóir 5 (157 mph nó níos airde): Damáiste léirscriosach. Scriosfar céatadán ard de thithe frámaithe, le teip iomlán díon agus titim ballaí. Beidh an chuid is mó den cheantar scoite amach agus beidh an bonneagar cumhachta scriosta go hiomlán."
"De réir an achoimre a tugadh ar mhisean Apollo 11, cad é an meáchan iomlán d'ábhar gealaí a bailíodh le tabhairt ar ais go dtí an Domhan?","Eitilt spáis Mheiriceánach ab ea Apollo 11 a chuir daoine ar an nGealach den chéad uair. Thuirling an Ceannasaí Neil Armstrong agus an píolóta modúil gealaí Buzz Aldrin an Modúl Gealaí Apollo *Eagle* ar an 20 Iúil, 1969, ag 20:17 UTC. Ba é Armstrong an chéad duine a shiúil ar dhromchla na gealaí sé huaire an chloig ina dhiaidh sin, ar an 21 Iúil, agus lean Aldrin é 19 nóiméad ina dhiaidh sin. Chaith siad thart ar dhá uair an chloig agus ceathrú le chéile taobh amuigh den spásárthach ag bailiú 47.5 punt (21.5 kg) d'ábhar gealaí le tabhairt ar ais go dtí an Domhan. D'fhan an píolóta modúl ceannais Michael Collins ina aonar sa mhodúl ceannais *Columbia* i bhfithis ghealaí le linn dóibh a bheith ar an dromchla. Seoladh Apollo 11 le roicéad Saturn V ó Ionaid Spáis Kennedy ar an 16 Iúil.",Bhailigh na spásairí 47.5 punt (21.5 kg) d'ábhar gealaí.
Sainmhínigh an Réabhlóid Thionsclaíoch agus déan cur síos ar a príomhéifeacht.,,"Tagraíonn an Réabhlóid Thionsclaíoch don tréimhse idir an 18ú agus an 19ú haois inar éirigh sochaithe talmhaíochta agus tuaithe san Eoraip agus i Meiriceá tionsclaíoch agus uirbeach. Bhain an t-aistriú seo le nuálaíocht theicneolaíoch ollmhór, go háirithe an t-aistriú ó mhodhanna táirgthe láimhe go meaisíní, tabhairt isteach foinsí nua fuinnimh cosúil le gual agus gal, agus cur i bhfeidhm chóras na monarchan. Ba é an phríomhéifeacht ná uirbiú tapa de réir mar a bhog daoine go dtí cathracha le haghaidh obair monarchan, ardú aicme mheánach nua agus aicme oibre (an lucht oibre), méadú ar olltáirgeadh earraí, agus athruithe suntasacha ar bhonneagar iompair agus cumarsáide."
Cén phríomhfhianaise a thugann le tuiscint go bhfuil Damhna Dorcha ann?,"Is foirm ábhair hipitéisithe é an damhna dorcha a mheastar a fhreagraíonn do thart ar 85% den damhna san ollchruinne. Ní féidir é a bhreathnú go díreach toisc nach n-astaíonn sé ná nach n-idirghníomhaíonn sé le radaíocht leictreamaighnéadach, amhail solas, rud a fhágann go bhfuil sé dofheicthe do theileascóip thraidisiúnta. Baintear a bhuanseasmhacht amach go hiomlán ó éifeachtaí imtharraingte ar dhamhna infheicthe, ar radaíocht, agus ar struchtúr mórscála na hollchruinne. Go sonrach, tagann an fhianaise is láidre ó bhreathnú ar chuair rothlaithe na réaltraí. Rothlaíonn réaltraí i bhfad níos tapúla ná mar a cheadódh an damhna infheicthe iontu, bunaithe ar dhlíthe caighdeánacha imtharraingthe Newton; gan foinse bhreise maise (damhna dorcha) ag soláthar imtharraingt bhreise, scarfadh na réaltraí seo óna chéile. I measc na fianaise tacaíochta breise tá lionsáil imtharraingteach (lúbadh an tsolais timpeall ar réada ollmhóra, neamhfheicthe) agus sonraí ón radaíocht chúlrach chosmach micreathonnach (RCCM).","Baintear an damhna dorcha amach go príomha óna éifeachtaí imtharraingte. Is é an fhianaise is láidre ná breathnú ar chuair rothlaithe réaltraí; rothlaíonn réaltraí chomh tapa sin go dteastaíonn mais bhreise, neamhfheicthe (Damhna Dorcha) uathu chun cosc a chur orthu scaradh óna chéile. I measc fianaise eile tá lionsáil imtharraingteach agus éifeachtaí a breathnaíodh sa chúlra cosmach micreathonnach."
"Bunaithe ar an téacs a chuirtear ar fáil, cén dá réimse eolaíochta éagsúla inar bhuaigh Marie Curie Duais Nobel?","Fisiceoir agus ceimiceoir Polannach agus Fraincisithe ab ea Marie Skłodowska Curie a rinne taighde ceannródaíoch ar an radaighníomhaíocht. Ba í an chéad bhean a bhuaigh Duais Nobel, an chéad duine agus an t-aon bhean a bhuaigh Duais Nobel faoi dhó, agus an t-aon duine a bhuaigh Duais Nobel i dhá réimse eolaíochta éagsúla. Roinn sí Duais Nobel na Fisice 1903 lena fear céile Pierre Curie agus leis an bhfisiceoir Henri Becquerel, agus bhuaigh sí Duais Nobel na Ceimice 1911 ina haonar.",Fisic agus Ceimic
An ceart duit tuarthóir agus amóinia a mheascadh le haghaidh glanadh?,,"Ar chor ar bith. Cruthaíonn a meascadh gás tocsaineach clóraimín, a d'fhéadfadh damáiste tromchúiseach riospráide nó bás a chruthú."
Roinn an liosta seo a leanas de theangacha ríomhchlárúcháin ina dhá chatagóir: 'Tiomsaithe' agus 'Idirphléite'.,"Python, C++, Java, JavaScript, Ruby, Go, PHP, Assembly, Shell Script, Swift, R.","I measc na dteangacha tiomsaithe tá: C++, Go, Assembly, Swift.
I measc na dteangacha idirphléite tá: Python, JavaScript, Ruby, PHP, R, Shell Script, Java."
Cén spásaire a d'fhan i bhfithis ar bord an mhodúil ceannais fad is a bhí na cinn eile ar an talamh le linn mhisean Apollo 11?,"Misean Apollo 11 an chéad spás-eitilt a chuir daoine ar an nGealach. Thug an Ceannasaí Neil Armstrong agus an píolóta modúil gealaí Buzz Aldrin an Modúl Gealaí Apollo *Eagle* i dtír ar an 20 Iúil, 1969. Ba é Armstrong an chéad duine a shiúil ar dhromchla na gealaí sé huaire an chloig ina dhiaidh sin ar an 21 Iúil. D'eitil Michael Collins an modúl ceannais *Columbia* ina aonar i bhfithis ghealaí fad is a bhí na cinn eile ar an talamh.",Michael Collins
Cén príomhinnealtóir a bhí freagrach as an mbonneagar riachtanach a bhunú le linn thógáil Chanáil Phanama?,"D'oscail Canáil Phanama sa bhliain 1914, ag nascadh an Aigéin Atlantaigh leis an Aigéan Ciúin. Thóg an iarracht tógála, a bhí á stiúradh go príomha ag na Stáit Aontaithe tar éis theip na Fraince, breis is 10 mbliana. I measc na bpríomhphearsana bhí an Príomhinnealtóir John Frank Stevens, a bhunaigh an bonneagar riachtanach, agus George Washington Goethals, a bhí i bhfeighil ar na céimeanna deireanacha den tochailt agus den tógáil.",John Frank Stevens
"Cé mhéad lá a d'fhan Sputnik 1 ag feidhmiú, agus cén uair a dhóigh sé suas sa deireadh nuair a tháinig sé isteach san atmaisféar arís?","Ba é Sputnik 1 an chéad satailít shaorga de chuid an Domhain. Sheol an tAontas Sóivéadach é isteach i bhfithis íseal éilipseach an Domhain ar an 4 Deireadh Fómhair 1957. Ba sféar miotail snasta é, 58 cm (23 orlach) ar trastomhas, le ceithre aeróg sheachtracha. Bhí an misean sách simplí: chuir an tsatailít bíoga raidió ag bípáil amach ar dhá mhinicíocht (20.005 agus 40.002 MHz) go dtí gur theip ar a cadhnraí 21 lá ina dhiaidh sin ar an 26 Deireadh Fómhair 1957. D'fhan sé i bhfithis ar feadh 92 lá, ag taisteal 60 milliún km, sular dhóigh sé suas nuair a tháinig sé isteach san atmaisféar arís os cionn an Aigéin Chiúin ar an 4 Eanáir 1958. Spreag a sheoladh rathúil an Rás Spáis idir na Stáit Aontaithe agus an APSS. Ba é Sergei Korolev a bhí i gceannas ar an tionscadal.",D'fhan Sputnik 1 ag feidhmiú ar feadh 21 lá sular theip ar a chadhnraí. Dhóigh sé suas nuair a tháinig sé isteach san atmaisféar arís ar an 4 Eanáir 1958.
"Má tá teach dearg déanta de bhrící dearga, agus má tá teach gorm déanta de bhrící gorma, cad as a bhfuil teach gloine déanta?",,"Gloine. Tagraíonn an téarma ‘teach gloine’ do struchtúr atá ceaptha chun plandaí a fhás, agus cuireann an t-ainm síos ar a fheidhm, ní ar dhath ná ar ábhar a phríomhchodanna tógála."
"Bunaithe ar an téacs a cuireadh ar fáil, liostaigh fionnachtóir peinicillin, bliain na fionnachtana, agus ainmneacha na n-eolaithe a bhí freagrach as í a íonú agus a olltáirgeadh.","Ba é an dochtúir agus micribhitheolaí Albanach Alexander Fleming a d'aimsigh peinicillin, ceann de na chéad antaibheathaigh is mó a úsáideadh, trí thimpiste i 1928 in Ospidéal Naomh Muire i Londain. Nuair a d'fhill sé óna laethanta saoire, thug Fleming faoi deara éilleán múnla, Penicillium notatum, i mias Peitreo ina raibh sé ag fás baictéir Staphylococcus. Thug sé faoi deara gur chuir an múnla cosc ar fhás na mbaictéar, ag tabhairt le fios gur tháirg sé substaint a bhí in ann go leor miocróib dhochracha a mharú. Cé gur leag obair thosaigh Fleming an bhunchloch, níor íonaíodh an druga ná níor olltáirgeadh é go dtí tús na 1940idí ag foireann eolaithe in Ollscoil Oxford, faoi stiúir Howard Florey agus Ernst Chain. Bhí a gcuid oibre ríthábhachtach chun ionfhabhtuithe a chóireáil le linn an Dara Cogadh Domhanda, rud a d'fhág gur roinn siad Duais Nobel na Fiseolaíochta nó an Leighis i 1945 le Fleming.",Ba é Alexander Fleming (1928) fionnachtóir na peinicillin. Ba iad Howard Florey agus Ernst Chain na heolaithe a bhí freagrach as í a íonú agus a olltáirgeadh.
Cad é príomhchathair na hAstráile?,,Canberra
Mínigh bunphróiseas na fótaisintéise.,,"Is é an fhótaisintéis an próiseas a úsáideann plandaí, algaí, agus roinnt baictéar chun fuinneamh solais, ón ghrian de ghnáth, a thiontú go fuinneamh ceimiceach (glúcós) a sholáthraíonn breosla d'ghníomhaíochtaí an orgánaigh. Úsáideann an próiseas dé-ocsaíd charbóin (CO2) agus uisce (H2O) mar ionchuir. Ionsúnn an clóraifill, an lí ghlas i bplandaí, solas na gréine, ag tosú imoibriú ceimiceach a scaoileann ocsaigin (O2) mar fhotáirge agus a chruthaíonn siúcraí."
Déan cur síos ar thréithe agus ar thábhacht Dracaena cinnabari.,"Is speiceas crann dragan é Dracaena cinnabari, ar a dtugtar go coitianta Crann Dragan Socotra nó Crann Fola an Dragain, atá dúchasach d'Oileánra Socotra, atá mar chuid den Éimin. Is é an planda is cáiliúla agus is sainiúla den oileán é. Tá cuma uathúil agus aisteach ar an gcrann, le stoc ingearach agus coróin dhlúth, ar chruth scáth fearthainne. Nuair a ghearrtar an choirt, eascraíonn roisín domhain dearg as, ar a dtugtar 'fuil an dragain,' a úsáideadh ó am ársa mar ruaim agus mar leigheas. Mar gheall ar ró-innilt agus athrú aeráide, meastar go bhfuil an speiceas i mbaol, agus tá laghdú ag teacht ar a dhaonra.","Is speiceas crann dragan é Dracaena cinnabari, ar a dtugtar go coitianta Crann Dragan Socotra nó Crann Fola an Dragain, atá dúchasach d'Oileánra Socotra, atá mar chuid den Éimin. Is é an planda is cáiliúla agus is sainiúla den oileán é. 
Tá cuma uathúil agus aisteach ar an gcrann, le stoc ingearach agus coróin dhlúth, ar chruth scáth fearthainne. Nuair a ghearrtar an choirt, eascraíonn roisín domhain dearg as, ar a dtugtar 'fuil an dragain,' a úsáideadh ó am ársa mar ruaim agus mar leigheas. Mar gheall ar ró-innilt agus athrú aeráide, meastar go bhfuil an speiceas i mbaol, agus tá laghdú ag teacht ar a dhaonra."
"Aicmigh na hábhair seo a leanas mar cheachtar acu Nádúrtha nó Sintéisí: Níolón, Cadás",,"Is Nádúrtha é an Cadás, agus is Sintéisí é an Níolón."
"Athscríobh an abairt seo a leanas chun í a dhéanamh níos foirmiúla agus níos acadúla, ag díriú ar chruinneas agus ag seachaint nathanna cainte neamhfhoirmiúla.",Oibríonn an giuirléid nua go maith go leor agus d'athraigh sé cineál an chaoi a ndéanaimid rudaí san oifig.,"Léiríonn an gaireas a tugadh isteach le déanaí éifeachtúlacht ard, ag athrú go substaintiúil nósanna imeachta oibríochtúla laistigh den timpeallacht eagraíochtúil."
Mínigh na 5 chomhpháirt riachtanacha ba cheart a bheith i ngach ríomhphost fuar gairmiúil.,,"Seo iad na 5 chomhpháirt riachtanacha do ríomhphost fuar gairmiúil:
1. Ceannteideal Tarraingteach: Caithfidh sé a bheith gairid, ábhartha, agus fiosracht a spreagadh chun a chinntiú go n-osclaítear an ríomhphost.
2. Tús Pearsantaithe: Léirigh gur rinne tú taighde ar an bhfaighteoir nó ar a gcuideachta chun ábharthacht láithreach a bhunú agus chun gan a bheith cineálach.
3. Tairiscint Luacha Soiléir: Cuir in iúl láithreach an sochar a thairgeann do tháirge nó do sheirbhís don fhaighteoir. Dírigh ar a gcuid fadhbanna, ní hamháin ar do ghnéithe.
4. Glao Sonrach chun Gnímh (CTA): Sainmhínigh go soiléir an chéad chéim eile amháin is mian leat a dhéanamh don fhaighteoir (m.sh., 'An bhfuil tú saor le haghaidh comhrá 15 nóiméad Déardaoin seo chugainn?').
5. Bloc Síniú Gairmiúil: Cuir d'ainm iomlán, do theideal, ainm na cuideachta, agus príomh-eolas teagmhála san áireamh."
"Mínigh an príomhdhifríocht idir an tIdirlíon agus an Gréasán Domhanda, bunaithe go hiomlán ar an téacs a soláthraíodh.","Tugtar an tIdirlíon ar an gcóras bunúsach domhanda de líonraí ríomhaireachta idirnasctha go coitianta. Is bonneagar ollmhór líonra é, seoladán fisiciúil agus loighciúil a thacaíonn le nascacht. Mar sin féin, is minic a úsáidtear an Gréasán Domhanda (WWW) go mícheart mar chomhchiallach leis an Idirlíon. Is samhail chomhroinnte faisnéise é an WWW, a chum Tim Berners-Lee i 1989, a tógadh i ndáiríre ar bharr bhonneagar an Idirlín. Baineann sé úsáid as prótacail cosúil le HTTP chun rochtain a fháil ar dhoiciméid idirnasctha agus acmhainní eile trí bhrabhsálaithe gréasáin. Dá bhrí sin, is é an tIdirlíon an píblíne fhisiciúil, agus is é an WWW an córas ábhair agus cumarsáide a shreabhann tríd an bpíopa sin.","Is é an tIdirlíon an bonneagar bunúsach domhanda líonra nó 'píblíne fhisiciúil,' a sholáthraíonn nascacht. Is samhail chomhroinnte faisnéise é an Gréasán Domhanda (WWW), ag baint úsáide as prótacail cosúil le HTTP, a tógadh ar bharr bhonneagar an Idirlín, ag feidhmiú mar an córas ábhair agus cumarsáide a shreabhann tríd an bpíopa."
Cathain a d'fhoilsigh Tim Berners-Lee an moladh don Ghréasán Domhanda?,"Ba é an t-eolaí ríomhaireachta Briotanach Tim Berners-Lee a cheap an Gréasán Domhanda (WWW) agus é ag obair ag CERN san Eilvéis. D'fhorbair sé na sonraíochtaí tosaigh le haghaidh HTML, HTTP, agus URLanna. Tharla an chéad chumarsáid rathúil idir cliant HTTP agus freastalaí tríd an idirlíon go déanach sa bhliain 1990. D'fhoilsigh Berners-Lee an togra don Ghréasán Domhanda i Márta 1989.",Márta 1989
Sainmhínigh an téarma 'Prionsabal Pareto' agus mínígí a fheidhm choitianta i mbainistíocht gnó. Coinnigh an sainmhíniú gonta.,,"Is éard atá i bPrionsabal Pareto, ar a dtugtar go minic an Rial 80/20, go dtagann tuairim is 80% de na hiarmhairtí ó 20% de na cúiseanna (an 'cúpla ríthábhachtach') i gcás go leor toradh. I mbainistíocht gnó, cuirtear an prionsabal seo i bhfeidhm go forleathan ar anailís custaiméirí agus ar tháirgiúlacht. Mar shampla, is minic a aimsíonn cuideachta go ngineann 20% dá cuid custaiméirí ach 80% dá hioncam, nó go dtarlaíonn 80% de na fabhtanna bogearraí de bharr 20% de na modúil cóid."
Cad é an bealach is fearr chun Python a fhoghlaim do thosaitheoir nach bhfuil aon taithí códála aige roimhe seo?,,"Tosaigh trí an leagan is déanaí de Python a shuiteáil agus Timpeallacht Forbartha Comhtháite (IDE) a chur ar bun cosúil le VS Code nó PyCharm. Dírigh ar dtús ar mháistreacht a dhéanamh ar bhunchoincheapa: athróga, bunstruchtúir sonraí (liostaí, foclóirí, túbailí), sreabhadh rialaithe (ráitis má/eile, lúba), agus feidhmeanna a shainmhíniú. Is acmhainn an-mholta é rang teagaisc do dhoiciméadú oifigiúil Python, nó cúrsaí saor in aisce ar líne cosúil leo siúd a thairgeann edX nó Coursera. Nuair a thuigeann tú na bunghnéithe, aistrigh láithreach chuig tionscadail bheaga phraiticiúla, amhail áireamhán líne ordaithe nó anailísí simplí téacs a thógáil, chun do scileanna a dhaingniú."
"Cad iad príomhfheidhmeanna agus saintréithe uathúla na miteacoindre, de réir an téacs?","Is minic a thugtar tithe cumhachta na cille ar an miteacoindre. Tá siad freagrach as an chuid is mó de sholáthar adainéisín trífhóisfáite (ATP) na cille a ghiniúint, a úsáidtear mar fhoinse fuinnimh cheimicigh. Tarlaíonn an próiseas criticiúil seo, ar a dtugtar riospráid cheallach, go príomha ar an scannán inmheánach. Cé go bhfuil an chuid is mó den DNA atá riachtanach d'fheidhm cheallach suite i núicléas na cille, tá DNA beag ciorclach (mtDNA) dá gcuid féin ag an miteacoindre agus déanann siad macasamhlú go neamhspleách. D'fhéadfadh go mbeadh idir 1,000 agus 2,000 miteacoindre i gcealla gnáthae an duine.","Tá an miteacoindre freagrach as an chuid is mó de sholáthar ATP (fuinneamh ceimiceach) na cille a ghiniúint trí riospráid cheallach, rud a thugann an leasainm 'tithe cumhachta na cille' orthu. I measc a dtréithe uathúla tá DNA beag ciorclach (mtDNA) dá gcuid féin a bheith acu agus macasamhlú go neamhspleách."
Cé a mheastar mar athair an eacnamaíochta nua-aimseartha?,,Adam Smith
Cad é an príomhdhifríocht idir foghlaim mheaisín mhaoirsithe agus neamhmhaoirsithe?,,"Braitheann foghlaim mhaoirsithe ar shonraí oiliúna lipéadaithe, rud a chiallaíonn go bhfuil an t-aschur inmhianaithe nasctha leis na sonraí ionchuir cheana féin (m.sh., íomhánna a aicmiú atá clibáilte mar 'cat' nó 'dog'). Foghlaimíonn an t-algartam feidhm mhapála ón ionchur go dtí an t-aschur. Os a choinne sin, úsáideann foghlaim neamhmhaoirsithe sonraí gan lipéad. Ní mór do na halgartaim struchtúr nó patrúin laistigh de na sonraí a thuiscint gan treoir roimh ré, a úsáidtear go minic le haghaidh tascanna cosúil le braisleáil, comhthiomantas, nó laghdú toise. Is é an príomhdhifríocht ná láithreacht nó easpa athróg sprice nó freagraí réamhshainithe sa tacar oiliúna."
Cad é an tsiombail cheimiceach don dúil luaidhe?,,Pb
Cad í an fhoirmle cheimiceach don uisce?,,H₂O
Cad é an daonra measta atá in Austin ó 2021?,"Ó 2021, bhí daonra measta de 964,177 ag Austin, ardú ó 961,855 ag daonáireamh 2020. Is í an chathair lárionad cultúrtha agus eacnamaíoch limistéar staitistiúil cathrach Austin–Round Rock, a raibh daonra measta de 2,295,303 aige chomh fada siar le 1 Iúil, 2020, méadú timpeall 84% ó bhliain 2000. Lonnaithe i Lár Texas laistigh de Chontae Cnoc Texas níos mó, tá sé mar bhaile do iliomad lochanna, aibhneacha, agus uiscebhealaí, lena n-áirítear Loch Lady Bird agus Loch Travis ar Abhainn Colorado, Barton Springs, Easanna McKinney, agus Loch Walter E. Long.",964177
An bhfuil aon charranna atá go hiomlán uathrialaitheach (Leibhéal 5) ar fáil go tráchtála go fóill?,,"Níl. Ó lár na bliana 2024, níl aon mhonaróir feithiclí tar éis feithicil atá in ann fíor-uathrialaitheacht Leibhéal 5 (L5) a scaoileadh. Tugann L5 le tuiscint gur féidir leis an bhfeithicil oibriú go sábháilte in aon timpeallacht, faoi aon choinníollacha aimsire, gan idirghabháil dhaonna. Cé go dtugann roinnt comhlachtaí córais Leibhéal 3 (L3) chun cinn, agus tá cuid acu ag tástáil córais shrianta Leibhéal 4 (L4) (a oibríonn laistigh de limistéir gheografacha shainithe amháin), tá na bacainní teicneolaíochta agus dlíthiúla d'L5 ginearálaithe fós suntasach."
"Cén ról a bhí ag an údar Ian Fleming le linn an Dara Cogadh Domhanda, sular chruthaigh sé an carachtar James Bond?",,"Bhí Ian Fleming ina chúntóir pearsanta don Stiúrthóir Faisnéise Cabhlaigh (DNI), an tAimiréal John Godfrey, i gCúltaca Deonach Chabhlach Ríoga na Breataine. Bhí baint mhór aige le pleanáil oibríochtaí faisnéise, rud a spreag gnéithe d’úrscéalta James Bond níos déanaí."
"Cuir an focal ""geal"" in ionad an fhocail ""gruama"" agus athraigh an frása ""Rith mé"" go ""Shiúil muid""","Bhí an aimsir geal inné, mar sin rith mé chuig an margadh go tapa.","Bhí an aimsir gruama inné, mar sin shiúil muid chuig an margadh go tapa."
Cén ghealach is mó ag Satarn? Tíotán nó Tríotón,,Tíotán
Cén fáth a moillíonn solas nuair a théann sé isteach i ngloine?,"Is tonn leictreamaighnéadach é solas. Nuair a bhíonn sé ag taisteal trí fholús, gluaiseann sé ag a luas uasta, c. Tá gloine comhdhéanta d'adaimh agus de mhóilíní. Idirghníomhaíonn an solas le réimsí leictreacha na gcáithníní seo, rud a chruthaíonn moilleanna ionsúcháin agus ath-astaíochta leanúnacha, ag moilliú luas éifeachtach thonnchlár an tsolais.","Idirghníomhaíonn an solas le réimsí leictreacha na n-adamh agus na móilíní sa ghloine, rud a chruthaíonn moilleanna ionsúcháin agus ath-astaíochta leanúnacha, a mhoillíonn luas éifeachtach thonnchlár an tsolais."
"Aicmigh na focail agus na frásaí seo a leanas de réir a bpríomhchuid cainte: running, beautifully, computer, quickly, jump, large, decision, analyze, often, red, success, write.",,"Ainmfhocal: computer, decision, success

Briathar: running, jump, analyze, write

Aidiacht: large, red

Dobhriathar: beautifully, quickly, often"
Mínigh príomhphrionsabail na modheolaíochta Aclaí (Agile) agus an chaoi a bhfuil sí difriúil ó fhorbairt Easchóras (Waterfall).,,"Díreann an mhodheolaíocht Aclaí ar cheithre phríomhluach a leagtar amach san Fhorógra Aclaí: Daoine aonair agus idirghníomhaíochtaí thar phróisis agus uirlisí; Bogearraí oibre thar dhoiciméadú cuimsitheach; Comhoibriú custaiméara thar idirbheartaíocht chonartha; agus Freagairt ar athrú thar phlean a leanúint. Spreagann na luachanna seo forbairt trí thimthriallta gairide, athchleachtacha ar a dtugtar Rásaí (Sprints), a mhaireann dhá go ceithre seachtaine de ghnáth, rud a cheadaíonn cigireacht agus oiriúnú go minic. Is é an príomhdhifríocht ó Easchóras ná gur próiseas deartha líneach, seicheamhach é Easchóras ina sreabhann an fhorbairt anuas (cosúil le heas) trí chéimeanna ar nós Riachtanais, Dearadh, Cur i bhFeidhm, Fíorú, agus Cothabháil. Socraítear riachtanais go luath. Os a choinne sin, glacann Agile le riachtanais atá ag teacht chun cinn, cuireann sé luach ar lúba aiseolais leanúnacha, agus tugann sé tús áite do incrimintí inúsáidte de tháirge oibre a sheachadadh go minic, rud a fhágann go bhfuil sé an-oiriúnaitheach d’athruithe ar riachtanais an mhargaidh."
"Plean léitheoireachta struchtúrtha, 12 mhí a chruthú chun na fo-seánraí móra agus na húdair Mhór-Fhicsean Eolaíochta a chur in aithne dom.",,"Mí 1: Bunaíochtaí na hAoise Órga
- Fócas: Mothú Ionaidh, Taiscéalaíocht, Róbataic
- Príomhshaothar: *I, Robot* (Isaac Asimov). Fad spriocdhírithe: 300 leathanach.
- Fo-Seánra: FE Crua (Luath)

Mí 2: Opera Spáis & Scála Eipiciúil
- Fócas: Impireachtaí réaltraí, coimhlint ardriosca
- Príomhshaothar: *Dune* (Frank Herbert). Fad spriocdhírithe: 600 leathanach.
- Fo-Seánra: FE Éiceolaíoch, Opera Spáis

Mí 3: Dystóipe Luath & Tráchtas Sóisialta
- Fócas: Rialú iomlánach, insintí rabhaidh
- Príomhshaothar: *Brave New World* (Aldous Huxley). Fad spriocdhírithe: 250 leathanach.
- Fo-Seánra: Dystópach

Mí 4: FE Crua & Réalachas Eolaíoch
- Fócas: Coincheapa réaltfhisiceacha, teicneolaíocht mhionsonraithe
- Príomhshaothar: *Contact* (Carl Sagan). Fad spriocdhírithe: 450 leathanach.
- Fo-Seánra: FE Crua

Mí 5: Cibearphunc
- Fócas: 'Ardteicneolaíocht, Ísealshaol,' comhfhios, réaltacht fhíorúil
- Príomhshaothar: *Neuromancer* (William Gibson). Fad spriocdhírithe: 350 leathanach.
- Fo-Seánra: Cibearphunc

Mí 6: An Tonn Nua & FE Socheolaíoch
- Fócas: Stíl liteartha, róil inscne, noirm shochaíocha
- Príomhshaothar: *The Left Hand of Darkness* (Ursula K. Le Guin). Fad spriocdhírithe: 300 leathanach.
- Fo-Seánra: FE Feimineach, FE Sóisialta

Mí 7: Rómánsaíocht Phláinéadach & Taiscéalaíocht
- Fócas: Eachtra ar shaolta coimhthíocha, cultúir neamhdhaonna
- Príomhshaothar: *A Princess of Mars* (Edgar Rice Burroughs). Fad spriocdhírithe: 200 leathanach (Clasaiceach).
- Fo-Seánra: Rómánsaíocht Phláinéadach

Mí 8: Stair Mhalartach & P. K. Dick
- Fócas: Lúbadh réaltachta, amlínte éagsúla
- Príomhshaothar: *The Man in the High Castle* (Philip K. Dick). Fad spriocdhírithe: 250 leathanach.
- Fo-Seánra: Stair Mhalartach

Mí 9: Iar-Apacailipteach & Maireachtáil
- Fócas: Titim na sibhialtachta, buanseasmhacht dhaonna
- Príomhshaothar: *The Road* (Cormac McCarthy). Fad spriocdhírithe: 280 leathanach.
- Fo-Seánra: Iar-Apacailipteach

Mí 10: Afra-Thodhchaíochas & Tuairimíocht Chultúrtha
- Fócas: Crosbhealach an chultúir Dhuibh, na teicneolaíochta, agus an tsaoirse
- Príomhshaothar: *Binti* (Nnedi Okorafor) (Tríológ Novella). Fad spriocdhírithe: 280 leathanach ar fad.
- Fo-Seánra: Afra-Thodhchaíochas

Mí 11: Uafás Nua-Aimseartha/Bithphunc
- Fócas: Innealtóireacht bhitheolaíoch, modhnú coirp, nádúr aisteach
- Príomhshaothar: *Annihilation* (Jeff VanderMeer). Fad spriocdhírithe: 200 leathanach.
- Fo-Seánra: Bithphunc, Aisteach Nua

Mí 12: Taisteal Ama & Paraidocs
- Fócas: Cúisíocht, ionramháil an ama atá caite/le teacht
- Príomhshaothar: *Kindred* (Octavia E. Butler). Fad spriocdhírithe: 260 leathanach.
- Fo-Seánra: Taisteal Ama, FE Sóisialta"
"Cé na soithí nó na daoine aonair atá tar éis bun an Challenger Deep a bhaint amach go rathúil, de réir an téacs?","Is í Trinse Mariana an trinse aigéanach is doimhne ar Domhan. Tá sí suite in Iarthar an Aigéin Chiúin, timpeall 200 ciliméadar soir ó Oileáin Mariana. Tá cruth corráin ar an trinse agus tá sí timpeall 2,550 ciliméadar (1,580 míle) ar fad agus 69 ciliméadar (43 míle) ar leithead. Is é 10,984 méadar (36,037 troigh) an doimhneacht uasta atá ar eolas ag an taobh theas, ar a dtugtar an Challenger Deep. Mar thagairt, dá gcuirfí Sliabh Everest sa Challenger Deep, bheadh a bharr fós os cionn míle faoi bhun an dromchla. Níl ach ceithre thuras a shroich urlár an Challenger Deep go rathúil: an chéad cheann, an folcthóscaf Trieste i 1960, ansin an fheithicil iargúlt-oibrithe Kaikō i 1996, an fheithicil hibrideach Nereus in 2009, agus, le déanaí, tumadh aonair James Cameron sa Deepsea Challenger in 2012.","Bhí na turais rathúla a luadh mar seo a leanas: an folcthóscaf Trieste (1960), an fheithicil iargúlt-oibrithe Kaikō (1996), an fheithicil hibrideach Nereus (2009), agus tumadh aonair James Cameron sa Deepsea Challenger (2012)."
"Déan cur síos ar an mothúchán uaigneas iomlán i suíomh fairsing, nádúrtha.",,"Ní uireasa daoine amháin é an t-uaigneas sa nádúr; is é láithreacht iomlán gach rud eile é. Tosaíonn sé mar eispéireas cluasach—an ciúnas ag bualadh chomh hard sin i do chluasa go dtosaíonn tú ag aithint torann mín, bunúsach an domhain: cogar na gaoithe trí shnáthaidí péine, gluaiseacht ghráinneach an ghainimh faoi charraig, buille rithimiúil, i bhfad uait, abhann atá ag gluaiseacht go mall. Tá turraing dhomhain, tosaigh de leochaileacht ann, feasacht tobann ar do neamhbheagán bitheolaíoch féin i gcoinne neamhshuim na seangeolaíochta. Ach athraíonn an eagla seo go tapa ina shoiléireacht shaorga. Caitheann d'intinn imní fánacha na hidirghníomhaíochta daonna—na maisc léiritheacha, na hidirbheartaíochtaí gan deireadh—agus díríonn sí go hiomlán ar an bhfaightear. Tá boladh géar agus glan san aer, ag iompar boladh na hithreach tais agus na nduilleog atá ag lobhadh. Mothaíonn an ghrian, nach bhfuil scagtha ag deatach cathrach, macánta agus te ar do chraiceann. Tuigeann tú nach bhfuil do thábhacht le fáil i gcaidreamh le daoine eile, ach i do chomhtháthú sealadach, foirfe san éiceachóras. Don tréimhse ghearr sin, níl ionat ach próiseas bitheolaíoch ag breathnú ar phróisis bhitheolaíocha eile, dínascadh go comhfhiosacht ghlan, ag mothú go hiomlán i d'aonar agus go hiomlán, go dochúlaithe ceangailte le gach rud."
Tá mo dhoirteal cistine go hiomlán bactha agus ní réiteoidh sé. Cad iad na modhanna is fearr chun é a dhíbhacadh gan pluiméir a ghlaoch láithreach?,,"Tá roinnt roghanna agat sula dtéann tú i muinín gairmí.

1. **Uisce Fiuchta:** Is minic a dhíscaoileann doirteadh citeal lán d’uisce fiuchta síos an draein go mall saill nó bacanna éadroma. Déan arís é seo cúpla uair.

2. **An Plungaire:** Mura n-oibríonn an t-uisce fiuchta, bain úsáid as plungaire beag cupáin. Líon an doirteal le huisce go leor chun ceann an phlungaire a chlúdach, cruthaigh séala daingean thar an draein, agus déan plódú go bríomhar ar feadh 20-30 soicind.

3. **Sóid Arán agus Fínéagar:** Doirt 1/2 cupán de shóid arán, agus ansin 1 cupán d'fhínéagar bán, síos an draein. Clúdaigh an draein le stopallán láithreach chun an t-imoibriú boilgeach a choinneáil. Lig dó suí ar feadh 30 nóiméad, ansin sruthlaigh le huisce an-te.

4. **Seiceáil an P-Phrap:** Má leanann an bac ar aghaidh, d'fhéadfadh an t-éalú a bheith sa P-Phrap (an píopa cuartha faoin doirteal). Cuir buicéad faoi, bain úsáid as sreangán chun na cnónna sleamhnáin ar an gaiste a scaoileadh, agus bain aon bhruscar istigh de láimh. Cinntigh go ndéanann tú é a athchóimeáil go daingean chun sceitheanna a chosc."
Sainmhínigh an téarma 'an cluiche glórach' agus mínigh a bhunús i gcomhthéacs an Churlaing.,"Is spórt é an Curlaing, ar a dtugtar 'an cluiche glórach' go minic, ina sleamhnaíonn imreoirí clocha ar bhileog oighir i dtreo limistéar sprice atá deighilte i gceithre chiorcal chomhlárnacha. Tháinig sé ón Albain mheánaoiseach. Tagann an leasainm, 'an cluiche glórach', ón torann ard búirthíneach a dhéanann na clocha eibhir 40-punt agus iad ag sleamhnú trasna dromchla an oighir gairbhéalaigh.","Is é 'an cluiche glórach' leasainm coitianta don Churlaing. Tháinig an t-ainm chun cinn mar gheall ar an torann ard, búirthíneach a tháirgeann na clocha eibhir 40-punt agus iad ag sleamhnú trasna dromchla an oighir gairbhéalaigh le linn an chomórtais."
"Aicmigh na dúile seo a leanas bunaithe ar a staid nádúrtha ag teocht agus brú caighdeánach (TBC): Soladach, Leachtach, nó Gásach. Is iad na dúile: Ocsaigin, Bróimín, Ór, Mearcair, Neon, Sulfar.",,"Soladach: Ór, Sulfar.
Leachtach: Bróimín, Mearcair.
Gásach: Ocsaigin, Neon."
Cathain a tógadh Túr Eiffel agus cad é ba chuspóir bunaidh dó?,,"Thosaigh tógáil Túr Eiffel sa bhliain 1887 agus cuireadh i gcrích é sa bhliain 1889, díreach in am do Taispeántas Uilíoch 1889 (Aonach an Domhain). Ba é an cuspóir bunaidh a bhí leis ná fónamh mar áirse isteach chuig an aonach agus seasamh mar léiriú sealadach ar chumhacht tionsclaíoch na Fraince. Cé go raibh sé beartaithe ar dtús é a dhíchóimeáil 20 bliain ina dhiaidh sin, sa deireadh thiar thall sábháladh é mar gheall ar a luach mar stáisiún raidióteileagraif."
Sainmhínigh algartam agus tabhair sampla coitianta dá fheidhmchlár i dteicneolaíocht an lae inniu.,,"Is seicheamh críochach de threoracha dea-shainithe, ríomhaire-infheidhmithe é algartam, a úsáidtear go hiondúil chun aicme fadhbanna a réiteach nó chun ríomhaireacht a dhéanamh. Go bunúsach, is nós imeachta céim ar chéim é le haghaidh ríomhanna. Sampla coitianta dá fheidhmchlár is ea córais loingseoireachta GPS. Nuair a chuireann tú ceann scríbe isteach, úsáideann an GPS algartaim ródaithe (cosúil le halgartam Dijkstra nó cuardach A*) chun an cosán is tapúla nó is giorra a ríomh trí mheasúnú a dhéanamh ar bhealaí féideartha éagsúla, nóid (acomhail), agus meáchain imeall (am taistil nó fad)."
Conas a bhraitheann soilse tráchta nua-aimseartha nuair a bhíonn carr ag fanacht ag crosbhealach?,,"Úsáideann formhór na soilse tráchta nua-aimseartha braiteoirí lúb ionduchtacha atá leabaithe faoi dhromchla an bhóthair. Gineann na lúba seo réimse leictreamaighnéadach, agus nuair a stopann réad mór miotalach (cosúil le carr) os a gcionn, cuirtear isteach ar an réimse, ag comharthaíocht don rialtóir solais an chéim a athrú. Úsáideann córais níos nuaí radharc radar nó ceamara le haghaidh braite freisin."
Cén t-ábhar a d'úsáid Johannes Gutenberg sa chóimhiotal dá phróiseas foirfe teilgthe cló?,"Is minic a thugtar creidiúint do Johannes Gutenberg as an preas priontála meicniúil den chineál soghluaiste a chumadh san Eoraip timpeall na bliana 1440. Mar sin féin, chruthaigh Bi Sheng an córas cló soghluaiste is luaithe a bhí ar eolas sa tSín le linn rítheaghlach Song, timpeall 1040 AD, ag baint úsáide as ábhair cheirmeacha. Rinne Gutenberg foirfeacht ar an bpróiseas teilgthe níos déanaí, ag baint úsáide as meascán de luaidhe, stán, agus antamón, rud a bhí i bhfad níos buaine agus níos éifeachtaí don olltáirgeadh ná an priontáil le bloc adhmaid níos luaithe nó na cineálacha ceirmeacha. Chuir a chuid oibre athrú mór ar an gcumarsáid agus meastar gur nóiméad ríthábhachtach é san Athbheochan.","Meascán de luaidhe, stán, agus antamón."
"Liostaigh na 5 fhoirgneamh críochnaithe is airde ar domhan, mar aon lena n-airde agus a suíomh, rangaithe ón gceann is airde go dtí an ceann is ísle.",,"1. Burj Khalifa (828 m) - Dubai, UAE
2. Merdeka 118 (678.9 m) - Kuala Lumpur, An Mhalaeisia
3. Shanghai Tower (632 m) - Shanghai, An tSín
4. Abraj Al-Bait Clock Tower (601 m) - Mecca, An Araib Shádach
5. Ping An Finance Center (599.1 m) - Shenzhen, An tSín"
"Déan na hUachtaráin SAM seo a leanas a chatagóiriú mar gur bhain siad le 'Ré na Luath-Phoblachta' (a bhí i seirbhís roimh 1820) nó leis an 'Ré Nua-Aimseartha' (a bhí i seirbhís tar éis 1900): George Washington, Thomas Jefferson, Franklin D. Roosevelt, Barack Obama, Donald Trump, John Adams, James Monroe, Dwight D. Eisenhower, John F. Kennedy, Joe Biden, James Madison, George W. Bush.",,"Ré na Luath-Phoblachta: George Washington, Thomas Jefferson, John Adams, James Monroe, James Madison.

An Ré Nua-Aimseartha: Franklin D. Roosevelt, Barack Obama, Donald Trump, Dwight D. Eisenhower, John F. Kennedy, Joe Biden, George W. Bush."
Cén tsiombail cheimiceach don ór?,,Au
"Ag baint úsáide as na sonraí airgeadais ráithiúla a cuireadh ar fáil do TechCo, ríomh brabús oibriúcháin na cuideachta (Ioncam lúide Costais Oibriúcháin).","Thug TechCo tuairisc ar a thuilleamh R3 inniu. B'ioncam don ráithe $14.5 billiún, arb ionann é agus méadú 15% bliain ar bhliain. Ba é $3.1 billiún an glanioncam. Ach, bhí iomlán a gcostas oibriúcháin $10.9 billiún, tiomáinte go príomha ag costais T&F.",Is é $3.6 billiún an brabús oibriúcháin.
Cad é An Shard?,,"Is sracaire 72-stór é An Shard, ar a dtugtar freisin Brisearr na Gloine, i gceantar Southwark i Londain, sa Ríocht Aontaithe. Seasann sé ag 309.7 méadar (1,016 troigh), agus is é an foirgneamh is airde sa Ríocht Aontaithe é agus an seachtú ceann is airde san Eoraip. 

Rinne an t-ailtire Iodálach Renzo Piano é a dhearadh, cuireadh tús leis an tógáil i mí an Mhárta 2009 agus cuireadh an struchtúr chun cinn i mí an Mhárta 2012, agus osclaíodh go foirmiúil é i mí Iúil 2012. Dhear Piano an túr le cruth pirimidiúil neamhrialta clúdaithe le gloine, é mar aidhm aige go mbeadh an foirgneamh cosúil le saighead ag ardú ó Abhainn na Tamaise.

Feidhmíonn an foirgneamh mar spás ilúsáideach, ina bhfuil oifigí, árasáin chónaithe, Óstán cúig réalta Shangri-La, agus ardáin bhreathnóireachta ardleibhéil ar a dtugtar The View from The Shard."
"Déan cur síos ar bhunús, ar ábhar, agus ar an tábhacht reatha atá le Lámhscríbhinn Voynich.",,"Códacs maisithe is ea Lámhscríbhinn Voynich, scríofa de láimh i script agus i dteanga anaithnid (ar a dtugtar 'Voynichese' go minic). Tá sé ainmnithe i ndiaidh an déileálaí leabhar Polannach Wilfrid Voynich, a cheannaigh é i 1912. Cuireann dátú raidiócharbóin na leathanaigh veileam idir 1404 agus 1438, rud a thugann le tuiscint gur cruthaíodh é le linn Rénais luath na hIodáile. Tá aitheantas an údair agus cuspóir bunaidh an leabhair fós ar dhá cheann de na rúndiamhra is buaine sa chripteagrafaíocht agus sa teangeolaíocht stairiúil.

Go fisiciúil, tá thart ar 240 leathanach veileam sa lámhscríbhinn. Tá a bhfuil inti roinnte ina sé chuid aitheanta bunaithe ar nádúr na léaráidí a ghabhann leo: Luibheolaíoch (líníochtaí de phlandaí nach gcomhfhreagraíonn d'speicis aitheanta), Réalteolaíoch (léaráidí den ghrian, den ghealach, agus de na réaltaí, ag ionchorprú comharthaí an stoidiaca go minic), Bitheolaíoch (ina bhfuil go leor figiúirí baineanna nocht agus córais inmheánacha), Cosmeolaíoch (léaráidí ciorclacha de chuspóir anaithnid), Cógaisíochta (líníochtaí lipéadaithe de fhréamhacha agus de dhuilleoga éagsúla), agus Oidis (míreanna gearra a ghabhann le réaltaí nó siombailí lipéadaithe).

Tá a tábhacht bunaithe beagnach go hiomlán ar an gcaoi nach féidir é a dhíchriptiú. In ainneoin iarrachtaí leanúnacha ó chripteagrafaithe gairmiúla, teangeolaithe acadúla, agus díchódóirí an Dara Cogadh Domhanda, tá an téacs fós doléite. Athraíonn teoiricí maidir le nádúr na lámhscríbhinne go mór: creideann cuid acu gur teanga nó cód fíor-chriptithe é (b’fhéidir chun críocha leighis nó asarlaíochta), cé go molann daoine eile gur hoax casta é, seicheamh carachtar gan chiall arna ghiniúint ag gléas stéaganagrafach, nó teanga nádúrtha atá scríofa in aibítir aireagáin. Tá sé lonnaithe faoi láthair i Leabharlann Leabhar Uathúla agus Lámhscríbhinní Beinecke in Ollscoil Yale."
Cad é príomhfheidhm an hippocampus in inchinn an duine?,,"Is orgán tábhachtach é an hippocampus in inchinn an duine agus veirteabraigh eile, agus baineann sé go príomha le cuimhne, go sonrach cruthú cuimhne fadtéarmach agus nascleanúint spásúil. Is struchtúr ríthábhachtach é chun cuimhní gearrthéarmacha a thiontú go cuimhní níos buana (comhdhlúthú). Ina theannta sin, tá ról ríthábhachtach ag an hippocampus sa chuimhne spásúil, a ligeann dúinn bealaí eolacha a nascleanúint agus suíomh réad a mheabhrú. Is minic a bhíonn deacrachtaí móra maidir le cuimhní nua a chruthú mar thoradh ar dhamáiste don limistéar seo, riocht ar a dtugtar aimnéise anterográdach."
Cad é an príomhchuspóir agus an tionchar fadtéarmach a bhain le Balla Mór na Síne a thógáil?,,"Ba é príomhchuspóir na hailt éagsúla de Balla Mór na Síne (mar a thugtar air go comhchoiteann anois) a thógáil ná cosaint mhíleata. Cuireadh tús leis ag stáit fhiodálacha éagsúla chomh luath leis an 7ú haois RC agus nascadh agus leathnaíodh é níos bríomhaire le linn Ríshliocht Ming (1368–1644). Chosain an balla croí talmhaíochta na tíre ó ghrúpaí fánaíochta a tháinig ón Steip Eoráiseach, go háirithe na Xiongnu agus na Mongólaigh ina dhiaidh sin. Seachas cosaint, d'fheidhmigh córas an bhalla mar chóras rialaithe teorann freisin, rud a cheadaigh dualgais ar earraí a ghearradh, trádáil a rialú, agus conair iompair do theachtairí agus do phearsanra míleata. Tá an tionchar fadtéarmach domhain: is éacht ollmhór d'innealtóireacht agus saothar daonna é, a bhain go minic le fulaingt agus bás ollmhór d'oibrithe coinscríofa. Sa lá atá inniu ann, seasann sé mar an tsiombail is mó aitheantas ar náisiúntacht agus ar aontacht na Síne, mar theist ar a beartais leithlisithe stairiúla, agus déantar é a cheiliúradh go domhanda mar Shuíomh Oidhreachta Domhanda UNESCO."
Mínigh buntáistí éisteacht le podchraoltaí seachas féachaint ar chláir theilifíse thraidisiúnta.,,"Tá roinnt buntáistí ag podchraoltaí thar an teilifís thraidisiúnta, bunaithe go príomha ar a bhformáid agus a n-inrochtaineacht. Is é an sochar is suntasaí ná an cumas iltascáil; is féidir le héisteoirí ábhar a ionsú agus iad ag taisteal, ag déanamh aclaíochta, nó ag déanamh cúraimí tí, gníomhaíochtaí nach bhfuil ag luí le féachaint ar an teilifís. Ina theannta sin, tá podchraoltaí an-iniompartha agus inrochtana, go minic saor in aisce agus in-íoslódáilte le húsáid as líne. Ó thaobh an ábhair de, téann podchraoltaí go minic isteach i hábhair an-speisialaithe nó ábhair nideoige le doimhneacht nach mbíonn ar fáil go minic i gcláir theilifíse phríomhshrutha. Soláthraíonn siad cineál eile rannpháirtíochta freisin—ós rud é go mbraitheann siad ar fhuaim amháin, spreagann siad éisteacht ghníomhach agus samhlaíocht, agus is minic a bhraitheann siad níos dlúithe nó níos comhráití ná léiriúcháin teilifíse móra."
"De réir an téacs, cén múnla a thruailligh mias peitrí Alexander Fleming, rud a d'fhág gur aimsíodh peinicillin?","D'aimsigh an dochtúir Albanach Alexander Fleming Peinicillin trí thimpiste in 1928 in Ospidéal Naomh Muire i Londain; tá sé ar cheann de na chéad antaibheathaigh agus ar cheann de na cinn is mó a úsáidtear. Thug sé faoi deara múnla, *Penicillium notatum*, ag truailliú mias peitrí de bhaictéir stafaileacocais agus thug sé faoi deara gur chuir an múnla cosc ar fhás na mbaictéar. Cé gur fhoilsigh Fleming a chuid torthaí, níor cuireadh tús le táirgeadh ollmhór ná le feidhmiú cliniciúil go dtí go raibh an obair déanta ag Howard Florey agus Ernst Chain go luath sna 1940idí, a d'fhorbair modhanna le haghaidh íonú ar scála mór le linn an Dara Cogadh Domhanda, rud a chuir réabhlóid ar an leigheas.",*Penicillium notatum*
Mínigh coincheap an bhoilscithe agus a chúiseanna coitianta.,,"Is éard is boilsciú ann ná an t-ardú leanúnach ar leibhéal ginearálta praghsanna earraí agus seirbhísí i ngeilleagar thar thréimhse ama. Nuair a ardaíonn an leibhéal ginearálta praghsanna, ceannaíonn gach aonad airgeadra níos lú earraí agus seirbhísí; dá bhrí sin, léiríonn an boilsciú laghdú ar an gcumhacht ceannaigh in aghaidh an aonaid airgid. De ghnáth déantar é a thomhas ag baint úsáide as innéacsanna mar an tInnéacs Praghsanna Tomhaltóirí (IPT).

Go ginearálta, déantar príomhchúiseanna an bhoilscithe a chatagóiriú i dtrí chineál:

1. Boilsciú Tarraingthe Éilimh: Tarlaíonn sé nuair a bhíonn an t-éileamh comhiomlán i ngeilleagar níos mó ná an soláthar comhiomlán. Tá an iomarca airgid sa tóir ar an róbheagán earraí.
2. Boilsciú Brúite Costais: Tarlaíonn sé nuair a laghdaíonn soláthar iomlán earraí nó seirbhísí mar gheall ar ardú ar chostais táirgthe (m.sh., pá ag ardú, costais ábhartha mhéadaithe, nó cánacha níos airde).
3. Boilsciú Inmheánach: Is minic a eascraíonn sé as ionchais oiriúnaitheacha, ina mbíonn daoine ag súil go leanfaidh na rátaí arda boilscithe reatha ar aghaidh, rud a fhágann go n-éilíonn oibrithe pá níos airde agus go gcuireann cuideachtaí na costais sin ar aghaidh chuig tomhaltóirí i bhfoirm praghsanna níos airde."
Cé a scríobh 'The Hitchhiker's Guide to the Galaxy'?,,Douglas Adams.
Cad é príomhchathair na Fraince?,,Is é Páras príomhchathair na Fraince.
Cad é príomhchathair na hAstráile?,,Canberra
Liostaigh na chéad trí Uachtarán ar Stáit Aontaithe Mheiriceá.,,"Ba iad George Washington, John Adams, agus Thomas Jefferson na chéad trí Uachtarán ar Stáit Aontaithe Mheiriceá."
Cén tréith de na sreafaí laibhe is cúis leis an gcruth sainiúil a bheith ar bholcáin sciatha?,"Bolcáin mhóra iad bolcáin sciatha a tógadh beagnach go hiomlán as sreafaí laibhe sreabhach. Ainmnítear iad mar gheall ar a bpróifíl íseal, atá cosúil le sciath ghaiscíoch ina luí ar an talamh. Cruthaítear iad ag laibhe atá an-sreabhach agus íseal-slaodachta a thaistealaíonn faid fhada. Is é Mauna Loa, atá suite i Haváí, an bolcán sciath is mó ar Domhan de réir maise agus toirte, ag ardú thart ar 9,000 méadar ó ghrinneall na farraige agus ag clúdach thart ar leath d'Oileán Haváí.","Laibhe an-sreabhach, íseal-slaodachta"
Mínigh an difríocht idir oibreoirí '==' agus '===' i JavaScript.,,"Seiceálann an t-oibreoir '==' (cothroime) an bhfuil dhá luach comhionann, ag déanamh comhéigniú cineáil má tá na cineálacha difriúil (m.sh., má dhéantar comparáid idir 5 agus '5', tabharfar fíor). Seiceálann an t-oibreoir '===' (cothroime dhian) an bhfuil dhá luach comhionann gan comhéigniú cineáil, rud a chiallaíonn go gcaithfidh an luach agus an cineál sonraí a bheith mar an gcéanna chun fíor a thabhairt ar ais (m.sh., má dhéantar comparáid idir 5 agus '5', tabharfar bréag)."
Céard a mheastar a bheith ar an gcogadh is giorra sa stair taifeadta?,,"Cogadh Angla-Zanzibar, a tharla ar an 27 Lúnasa, 1896. Mhair na cogaíochtaí idir 38 agus 45 nóiméad, rud a d'eascair bua cinntitheach don Bhreatain agus deireadh le neamhspleáchas Shubaltánacht Zanzibar."
Mínigh cad is domhantarraingt ann i dtéarmaí simplí.,,Is í an domhantarraingt an fórsa a tharraingíonn rudaí i dtreo a chéile. Sin é an fáth a bhfanann muid ar an Domhan agus a dtiteann rudaí síos.
"Bunaithe ar an téacs a cuireadh ar fáil, cé a luaitear le fionnachtain thaisme Peinicillin agus cén bhliain ar tharla sé seo?","Tá stair na bhfrithbheathach fada agus casta, ach ba é Peinicillin an chéad fhíor-fhrithbheathach nua-aimseartha. Chonaic Ernest Duchesne é den chéad uair i 1896, ach rinneadh neamhaird ar a chuid oibre. Tharla an fhionnachtain thaisme aitheanta i Meán Fómhair 1928, nuair a d'fhill an bhaictéareolaí Albanach Alexander Fleming ó laethanta saoire agus thug sé faoi deara éilliú múnla (Penicillium notatum) ar phláta cultúir staphylococcus. Bhí an pláta seo fágtha in aice le fuinneog oscailte in Ospidéal Naomh Muire. Cé gur fhoilsigh Fleming a chuid torthaí, níor éirigh le olltáirgeadh agus cobhsú le haghaidh úsáide míochaine ach amháin mar gheall ar shaothar níos déanaí Howard Florey agus Ernst Chain go luath sna 1940idí. Bhí úsáidí tosaigh Peinicillin teoranta ag a leathré ghearr, ach chuir sé réabhlóid ar an leigheas go domhanda.","Alexander Fleming a luaitear le fionnachtain thaisme Peinicillin, a tharla i Meán Fómhair 1928."
Cad a dhéanann idirdhealú idir pláinéad agus abhacphláinéad de réir an AIF?,,"Ní mór do phláinéad trí chritéar a chomhlíonadh: déanann sé fithisiú na gréine, tá mais leordhóthanach aige chun cruth beagnach cruinn a ghlacadh, agus tá an comharsanacht timpeall ar a fhithis glanta aige. Comhlíonann abhacphláinéad an chéad dá chritéar ach níor ghlan sé a chonair fhithiseach de bhruscar eile."
Cad iad na straitéisí is éifeachtaí chun sláinteachas codlata agus suaimhneas foriomlán a fheabhsú?,,"I measc na straitéisí is éifeachtaí tá sceideal codlata comhsheasmhach a choinneáil, fiú amháin ar an deireadh seachtaine. Cinntigh go bhfuil timpeallacht do sheomra leapa fionnuar (timpeall 65°F nó 18°C), dorcha, agus ciúin. Teorannaigh nochtadh do sholas gorm (scáileáin) ar feadh uair an chloig ar a laghad roimh dul a chodladh, agus seachain caiféin nó béilí troma a ithe gar d'am codlata. Cuidíonn aclaíocht rialta, ach seachain dian-oiliúint ró-ghar d'am codlata."
Mínigh na príomhdhifríochtaí idir samhlacha foghlama meaisín maoirsithe agus neamh-mhaoirsithe.,,"Is sa nádúr na sonraí a úsáideann siad agus i gcuspóir deiridh an algartaim atá an difríocht bhunúsach idir an fhoghlaim mhaoirsithe agus an fhoghlaim neamh-mhaoirsithe.

Ar dtús, **Cineál Sonraí:** Úsáideann an fhoghlaim mhaoirsithe sonraí 'lipéadaithe', áit a ndéantar na sonraí ionchuir a mhapáil chuig athróg aschuir ghaolmhar (an 'freagra'). Foghlaimíonn an tsamhail ón bpéireáil ionchuir-aschuir seo. Déileálann an fhoghlaim neamh-mhaoirsithe, os a choinne sin, le sonraí 'gan lipéad'. Ní mór don algartam patrúin nó struchtúir fholaithe a aimsiú laistigh de na sonraí gan aon spriocanna nó aschuir réamhshainithe.

Sa dara háit, **Cuspóir:** Is iondúil go mbíonn sprioc na foghlama maoirsithe réamhaisnéiseach—ceachtar aicmiú (lipéad catagóiriúil a thuar, cosúil le 'turscar' nó 'gan a bheith ina thurscar') nó cúlchéimniú (luach leanúnach a thuar, cosúil le praghas tí). Tá sprioc na foghlama neamh-mhaoirsithe cur síosach agus taiscéalaitheach—is iad a príomhthascanna braisliú (pointí sonraí cosúla a ghrúpáil) nó comhcheangal (rialacha a aimsiú a chuireann síos ar chodanna móra de na sonraí), a úsáidtear chun struchtúr bunúsach a aimsiú.

Sa tríú háit, **Castacht & Iarracht:** Éilíonn an fhoghlaim mhaoirsithe iarracht shuntasach dhaonna tosaigh chun lipéad ceart a chur ar na sonraí oiliúna, rud a d'fhéadfadh a bheith costasach agus am-íditheach. Go ginearálta, is fusa an fhoghlaim neamh-mhaoirsithe a shocrú maidir le hullmhú tosaigh sonraí, ach is minic a theastaíonn níos mó saineolais fearainn chun na patrúin a aimsíonn an t-algartam a léirmhíniú."
Mínigh cén fáth a mbíonn séasúir dhifriúla ag an Domhan i rith na bliana.,,"Is é fána a ais (timpeall 23.5 céim) i gcomparáid lena fhithis timpeall na Gréine is cúis le séasúir an Domhain. Is í an fhána seo an príomhfhachtóir, ní hé an t-achar athraitheach ón nGrian. De réir mar a imrothlaíonn an Domhan, bíonn leathsféir éagsúla claonta i dtreo na Gréine nó uaidh, rud a chruthaíonn tréimhsí éagsúla solais lae agus athruithe ar an uillinn a bhuaileann solas na gréine an dromchla. Nuair a bhíonn leathsféar claonta i dtreo na Gréine (samhradh), bíonn an fuinneamh gréine níos comhchruinnithe, rud a fhágann go mbíonn teochtaí níos teo. Nuair a bhíonn sé claonta uaidh (geimhreadh), scaiptear an fuinneamh amach, rud a fhágann go mbíonn teochtaí níos fuaire."
Cén tábhacht stairiúil atá le Cloch Rosetta?,,"Is steilé ársa Éigipteach í Cloch Rosetta ar a bhfuil an fhoraithne chéanna inscríofa i dtrí script: hieiriglifigh, script Dheamótach, agus an tSean-Ghréigis. Tá a tábhacht ollmhór sa mhéid is go raibh an t-eolas ar léamh agus scríobh na hieiriglifí caillte leis na céadta bliain, sular aimsigh saighdiúirí Francacha í sa bhliain 1799. Trí chomparáid a dhéanamh idir an téacs Sean-Ghréigise a bhí ar eolas acu agus na hieiriglifí agus an script Dheamótach anaithnid, bhí scoláirí, go háirithe Jean-François Champollion, in ann córas scríbhneoireachta na hÉigipte a dhíshealbhú faoi dheireadh sa bhliain 1822, ag oscailt na mílte bliain de stair agus cultúr na hÉigipte do staidéar an lae inniu."
"Aicmigh na hainmhithe seo a leanas de réir a bpríomh-aiste bia: leon, bó, muc, iolar, sioráf",,"Leon: Feoiliteoir
Bó: Luibheiteoir
Muc: Uileiteoir
Iolar: Feoiliteoir
Sioráf: Luibheiteoir"
Aimsigh agus tabhair údar leis an seicheamh éifeacht speisialta scannáin is mó tionchair i stair na cineamaíochta.,,"Is é an seicheamh éifeacht speisialta is mó tionchair ná radharc an chlóis T-Rex ó *Jurassic Park* (1993) le Steven Spielberg. Cé gur úsáid scannáin níos luaithe CGI go héifeachtach, ba é *Jurassic Park* an pointe infhillte a d'aistrigh caighdeán an tionscail go buan ó theicnící traidisiúnta ar nós stop-ghluaiseacht agus múnlaí praiticiúla ar mhórscála. Bhain an radharc, ina bhfuil an Tyrannosaurus Rex digiteach lánchorp ag siúl, ag tóraíocht, agus ag búireach i solas an lae réalaíoch, leibhéal fótaréadúlachta amach nach raibh indéanta roimhe sin. Léirigh an seicheamh seo go bhféadfadh ríomhairí beatha orgánach inchreidte, casta a ghiniúint a bhí comhtháite gan uaim le gníomh beo, ag cruthú do léiritheoirí go bhféadfadh éifeachtaí digiteacha meáchan mothúchánach chroílár an scannáin a iompar. Chuir an radharc aonair seo ceannasacht rannán digiteach Industrial Light & Magic i gcrích agus d'athraigh sé go bunúsach an tsraith scileanna a theastaíonn ó ealaíontóirí éifeachtaí amhairc ar feadh na dtrí scór bliain ina dhiaidh sin."
Cad é bunphrionsabal na Loighice Doiléire?,"Is cineál loighce il-luacha í an loighic dhoiléir ina bhféadfadh fíorluachanna na n-athróg a bheith ina n-aon fhíoruimhir idir 0 agus 1, san áireamh. Pléann sí le réasúnaíocht atá neasach seachas seasta agus cruinn. Murab ionann agus an loighic Chlasaiceach Boole, ina bhfuil gach rud fíor (1) nó bréagach (0) amháin, ceadaíonn an loighic dhoiléir fírinne pháirteach, rud a cheadaíonn mionathrú. Mar gheall air seo, tá sí an-úsáideach go háirithe chun córais rialaithe a fhorbairt, amhail córais coscánaithe frithghlais (ABS) nó aonaid aerchóirithe, áit a mbíonn ionchuir dothuigthe go minic agus a éilíonn coigeartú leanúnach seachas cinntí simplí dénártha. Thug Lotfi Zadeh isteach í den chéad uair i 1965 in Ollscoil California, Berkeley.","Is cineál loighce il-luacha í an loighic dhoiléir ina bhféadfaidh fíorluachanna na n-athróg a bheith ina n-aon fhíoruimhir idir 0 agus 1, ag ceadú fírinne pháirteach agus réasúnaíocht neasach seachas torthaí dénártha seasta, cruinne."
Cad iad na príomhfhachtóirí a luann staraithe as titim Iompaireacht na Róimhe Thiar sa deireadh?,"Bhí meath Iompaireacht na Róimhe Thiar ina phróiseas casta a shín thar na céadta bliain. Fachtóir suntasach amháin ab ea cruatan eacnamaíoch ainsealach, arbh é is cúis leis ná hipearfhliúchadh, cánachas iomarcach a bhí de dhíth chun tacú le arm róthrom, agus laghdú ar bhealaí trádála de bharr coinbhleachta leanúnaí. Thairis sin, mar gheall ar mhéid ollmhór na himpireachta bhí an rialachas deacair agus an chosaint fánach; bhí an t-arm sínte rófhada ag cosaint teorainneacha móra ó bhrú méadaitheach ó threibheanna Gearmánacha ar imirce (dá ngairtear 'barbaraigh' go minic). Bhí éagobhsaíocht pholaitiúil forleathan, mar a léiríodh le ré 'Impireachtaí na Beairice', áit ar dhúnmharaíodh nó ar díbríodh impirí go minic ag a n-airm féin, rud a d'fhág cogadh cathartha agus miondealú ar an údarás lárnach. Ar deireadh, ídíodh an daonra go mór mar gheall ar éilliú forleathan laistigh den chóras maorlathach agus eipidéimí athfhillteacha, mar shampla Plá Chipiáin, agus laghdaíodh an bunús cánach a bhí riachtanach chun an stát a chothabháil.","Luann staraithe roinnt fachtóirí idirnasctha. Cuimsíonn siad seo deacrachtaí eacnamaíocha tromchúiseacha, amhail cánachas ard agus boilsciú, a bhí riachtanach chun arm rómhór a mhaoiniú. D'fhulaing an impireacht ó éagobhsaíocht pholaitiúil ainsealach agus ó achrann sibhialta, le hathruithe minice ar an gceannaireacht. Bhí sé dodhéanta cosaint a dhéanamh mar gheall ar mhéid ollmhór na himpireachta agus ar an mbrú leanúnach ó threibheanna Gearmánacha ar imirce ar a teorainneacha. Ina theannta sin, laghdaigh éilliú agus eipidéimí tubaisteacha an daonra agus cumas an rialtais seirbhísí poiblí a chothabháil."
Liostaigh na ceithre phríomhphláinéad Ollgháis inár gCóras Gréine.,"Tá ocht bpláinéad aitheanta i gCóras na Gréine. Is iad Mearcair, Véineas, an Domhan, agus Mars na ceithre phláinéad istigh, ar a dtugtar na pláinéid trastíre nó carraigeacha. Is iad Iúpatar, Satarn, Úránas, agus Neiptiún na ceithre phláinéad mhóra amuigh, ar a dtugtar na hOllgháis. Tá na holláin seo comhdhéanta go príomha de hidrigin agus héiliam, murab ionann agus a gcomhghleacaithe níos lú, dlútha, carraigeacha.","Iúpatar,
Satarn,
Úránas,
Neiptiún"
"Bunaithe ar na cur síos foroinne a cuireadh ar fáil, liostaigh na príomhchritéir agus dhá shampla do 'Fantaisíocht Íseal' agus 'Claíomh agus Draíocht'.","Foroinneacha Litríocht na Fantaisíochta:
Ard-Fhantaisíocht (High Fantasy): Suite i ndomhan bunaidh, ficseanúil le seanchas mionsonraithe, is minic a bhíonn coinbhleacht idir an mhaith agus an t-olc ar scála eipiciúil i gceist. Bíonn an draíocht lárnach de ghnáth. (Samplaí: Tiarna na bhFáinní, Roth an Ama).
Fantaisíocht Íseal (Low Fantasy): Suite sa saol réadúil (nó i ndomhan bunaithe, réadúil) áit a dtagann gnéithe nó créatúir draíochta isteach gan choinne nó a bhíonn i bhfolach. Díríonn sé níos mó ar shíceolaíocht carachtar ná ar mhóráltacht tógáil domhanda. (Samplaí: Harry Potter, American Gods).
Fantaisíocht Uirbeach (Urban Fantasy): Cineál ar leith de fhantaisíocht íseal ina bhfuil an suíomh i gceantar cathrach, nua-aimseartha. Is minic a bhíonn créatúir osnádúrtha ina gcónaí go rúnda i measc daoine. (Samplaí: Dresden Files, Rivers of London).
Claíomh agus Draíocht (Sword and Sorcery): Saintréithe ag gníomh tapa, eachtraíocht, agus príomhcharachtair liath ó thaobh moráltachta, de ghnáth ag díriú ar ghnóthachan pearsanta nó maireachtáil seachas an domhan a shábháil. Is minic a bhíonn an draíocht prímhídiúil nó neamhrialaithe. (Samplaí: Conan the Barbarian, Fafhrd and the Gray Mouser).
Fantaisíocht Dhorcha (Dark Fantasy): Ionchorpraíonn sé gnéithe den uafás, go minic ag plé le téamaí an mheathlaithe mhorálta, an nialachais, nó an eagla bhithbheartaíoch. Bíonn an draíocht agus na créatúir mailíseach nó truaillithe de ghnáth. (Samplaí: Berserk, The Witcher).","**Fantaisíocht Íseal**
Critéir: Suite sa saol réadúil (nó i ndomhan bunaithe, réadúil) áit a dtagann gnéithe nó créatúir draíochta isteach gan choinne nó a bhíonn i bhfolach. Díríonn sé níos mó ar shíceolaíocht carachtar ná ar mhóráltacht tógáil domhanda.
Samplaí: Harry Potter, American Gods.

**Claíomh agus Draíocht**
Critéir: Saintréithe ag gníomh tapa, eachtraíocht, agus príomhcharachtair liath ó thaobh moráltachta, de ghnáth ag díriú ar ghnóthachan pearsanta nó maireachtáil seachas an domhan a shábháil. Is minic a bhíonn an draíocht prímhídiúil nó neamhrialaithe.
Samplaí: Conan the Barbarian, Fafhrd and the Gray Mouser."
"De réir mhiotaseolaíocht na Gréige, cé a bhí freagrach as an Cathair Ghríobháin a dhearadh ina raibh an Míonótár?","Créatúr i miotaseolaíocht na Gréige ab ea an Míonótár, leathfhear agus leaththarbh. Bhí cónaí air sa Chathair Ghríobháin, mealltán casta a thóg an t-ailtire Daedalus agus a mhac Icarus do Rí Minos na Créite. Ba é an Míonótár sliocht Pasiphae, bean chéile Minos, agus tarbh bán maorga. Chuir Minos fearg ar Poseidon, dia na farraige, trí dhiúltú an tarbh a íobairt. Mar phionós, chuir Poseidon faoi deara do Phasiphae titim i ngrá go daille leis an tarbh, rud a d'fhág gur rugadh an Míonótár.",Thóg an t-ailtire Daedalus agus a mhac Icarus an Cathair Ghríobháin do Rí Minos na Créite.
"Cur síos ar phríomhról na dtrí orgán seo a leanas: an t-ae, na scamhóga, agus na duáin.",,"Tá an t-ae freagrach as ceimiceáin a dhíthocsainiú, drugaí a mheitibiliú, agus próitéiní atá riachtanach le haghaidh téachtadh fola a shintéisiú. Éascaíonn na scamhóga malartú gáis, ag tabhairt ocsaigine isteach san fhuil agus ag baint dé-ocsaíd charbóin as. Scagann na duáin dramhtháirgí agus barraíocht sreabhán ón fhuil chun fual a tháirgeadh, ag rialú cothromaíocht leictrilítí agus brú fola."
"Mínigh an gaol agus na bundifríochtaí idir Intleacht Shaorga (IS), Foghlaim Meaisín (FM), agus Domhainfhoghlaim (DF) i dtéarmaí simplí.",,"Samhlaigh é mar shraith de bhábóga Rúiseacha neadaithe. **Intleacht Shaorga (IS)** an bhábóg is mó agus an coincheap foriomlán—is aon teicníc é a chuireann ar chumas ríomhairí aithris a dhéanamh ar intleacht an duine, ó chothromóidí casta a réiteach go fichille a imirt. **Foghlaim Meaisín (FM)** an bhábóg mheánach. Is fo-thacar ar leith den IS é a dhíríonn ar chórais a chumasú chun foghlaim ó shonraí, gan iad a chláradh go follasach do gach cúram. In ionad rialacha docht a scríobh, déanann tú samhail FM a oiliúint ar thacair sonraí móra chun tuar nó cinntí a dhéanamh. Ar deireadh, is í an **Domhainfhoghlaim (DF)** an bhábóg is lú, an ceann is istigh. Is fo-thacar ar leith d'Fhoghlaim Meaisín é a úsáideann líonraí néaracha saorga a bhfuil go leor sraitheanna iontu (mar sin 'domhain') chun sonraí a anailísiú agus a fhoghlaim uathu, ag sárú go minic i gcúraimí casta aitheantais patrúin cosúil le haitheantas íomhá, aitheantas gutha, agus próiseáil teanga nádúrtha."
Cá bhfuil an Mhórsceir Bhacainneach suite?,"Is í an Mhórsceir Bhacainneach an córas sceireacha coiréil is mó ar domhan, comhdhéanta de bhreis is 2,900 sceir aonair agus 900 oileán ag síneadh ar feadh breis is 2,300 ciliméadar (1,400 míle) thar achar de thart ar 344,400 ciliméadar cearnach (133,000 míle cearnach). Tá an sceir suite sa Mhuir Choiréalach, amach ó chósta Queensland, san Astráil. Is féidir í a fheiceáil ón spás amuigh agus is í an struchtúr aonair is mó ar domhan a rinne orgánaigh bheo.","Tá sí suite sa Mhuir Choiréalach, amach ó chósta Queensland, san Astráil."
"Cuir an struchtúr caighdeánach (líon línte) agus an scéim ríme coiteann ar fáil do na foirmeacha filíochta seo a leanas: Sonnet, Haiku, Limerick, agus Villanelle.",,"Sonnet: 14 líne; is minic a úsáideann sé ABAB CDCD EFEF GG (Shakespeareach) nó ABBA ABBA CDECDE (Petrarchach).
Haiku: 3 líne (struchtúr siolla 5-7-5); níl aon scéim ríme caighdeánach ann.
Limerick: 5 líne; scéim ríme AABBA.
Villanelle: 19 líne (cúig thréad agus ceathrú amháin); úsáideann sé ABA ABA ABA ABA ABA ABAA, le frasaí athfhillteacha."
"Liostaigh mórchisealacha inmheánacha an Domhain, ag tosú ón dromchla.",,"Tá struchtúr an Domhain roinnte go ginearálta i gceithre mhórchiseal: 1. Screallach (an bhlaosc thanaí charraigeach) 2. Maintlín (comhdhéanta go príomha de charraigeacha sileacáite, roinnte tuilleadh ina rannóga uachtaracha agus íochtaracha) 3. Croí Seachtrach (iarann leachtach agus nicil) 4. Croí Istigh (iarann soladach agus nicil). Méadaíonn teocht agus dlús go suntasach le doimhneacht."
Sainmhínigh coincheap na Hipiarréaltachta de réir Jean Baudrillard agus mínín an tréith lárnach atá aici.,"Is éard is Ipiarréaltacht, mar a rinne Jean Baudrillard teoiriciú uirthi, ná éagumas na comhfheasa idirdhealú a dhéanamh idir an réaltacht agus insamhalta den réaltacht, go háirithe i sochaithe iarthréimhseacha atá chun cinn ó thaobh na teicneolaíochta de. Is é is sainairíonna di ná doiléiriú na línte idir an réadúil agus an samhailteach, áit a n-éiríonn comharthaí agus siombailí an réadúil níos bríomhaire ná an réaltacht iarbhír a airbheartaíonn siad a léiriú.","Tagraíonn an Ipiarréaltacht, mar a coincheapadh ag an bhfealsamh Jean Baudrillard, do riocht ina bhfuil an chonaic a thuilleadh in ann idirdhealú a dhéanamh idir an réaltacht agus insamhalta na réaltachta. Is é an tréith lárnach atá aici ná doiléiriú na dteorainneacha idir an 'réadúil' agus an 'samhailteach,' as a dtagann staid ina n-éiríonn samhlacha, comharthaí, agus siombailí (simulacra) a thagraíonn don réaltacht níos cumhachtaí, níos tionchair, agus níos bríomhaire ná an réaltacht bhunaidh a cheaptar dóibh a léiriú.

D'áitigh Baudrillard go bhfuil an staid seo an-choitianta i sochaithe iarthréimhseacha atá chun cinn go teicneolaíoch. San ipiarréalt, is minic a dhéantar rudaí agus eispéiris a fhalsú, a fhoirfiú, nó a chur i láthair ar bhealach a sháraíonn míchumais na réaltachta dáiríre. Sampla coitianta is ea an taithí a bhaineann le siúl trí thimpeallacht téamach, amhail páirc mhór spraoi, áit a mbraitheann an réaltacht insamhalta níos 'réadúla' nó níos iomláine ná an réaltacht chathrach lasmuigh dá teorainneacha. Go bunúsach, ídíonn agus cuireann an ipiarréalt an réaltacht in ionad na réaltachta."
"Cén tír nua-aimseartha inar rugadh Nikola Tesla, ag cur a shuíomh san Iar-Impireacht Ostarach san áireamh?","Ba aireagóir Seirbiach-Meiriceánach, innealtóir leictreach, innealtóir meicniúil, agus todhchaíoch é Nikola Tesla (10 Iúil 1856 – 7 Eanáir 1943) is fearr aithne air mar gheall ar a chuid ranníocaíochtaí le dearadh an chórais soláthair leictreachais srutha ailtéarnaigh (SA) nua-aimseartha. Rugadh é i Smiljan, Impireacht Ostarach (an Chróit sa lá atá inniu ann), agus chuaigh sé ar imirce go dtí na Stáit Aontaithe i 1884, áit ar tháinig sé chun bheith ina shaoránach eadóirsithe níos déanaí. Is minic a thugtar creidiúint do Tesla as mótar ionduchtaithe agus dáileadh cumhachta ardmhinicíochta a fhorbairt. Fuair sé bás gan phingin i gCathair Nua-Eabhrac ag aois 86.",An Chróit sa lá atá inniu ann
Cathain a scaoileadh an bun-iPhone Apple don phobal ar dtús?,,"Scaoiltear an bun-iPhone, ar a dtugtar an iPhone 2G go cúlghabhálach go minic, ar an 29 Meitheamh, 2007, sna Stáit Aontaithe. Bhí sé réabhlóideach mar gur chomhcheangail sé fón póca, iPod, agus cumarsáidí idirlín i ngléas amháin le comhéadan ilteagmhála."
Céard iad na trí mhórchloch mhíle i gCeannach Alasca 1867 agus cathain a tharla gach ceann acu?,"Fuarthas Alasca ag Stáit Aontaithe Mheiriceá, ar a dtugtar go minic ""Amaideacht Seward,"" tríd an bhfoirmiú i gconradh a síníodh ar an 30 Márta 1867. Rinne an Rúnaí Stáit William H. Seward an ceannach a chaibidil leis an Aire Rúiseach Edouard de Stoeckl ar $7.2 milliún. Cé gur síníodh an conradh an t-earrach sin, níor dhaingnigh an Seanad é go dtí an 9 Aibreán 1867, agus níor leithreasaigh Teach na nIonadaithe cistí go dtí 1868. Tharla an t-aistriú foirmiúil flaitheas, inar ardaíodh bratach na SA agus inar íslíodh bratach na Rúise, go hoifigiúil i Sitka, Alasca, ar an 18 Deireadh Fómhair 1867.","Ba iad na trí mhórchloch mhíle in 1867 ná síniú an chonartha ar an 30 Márta, daingniú an tSeanaid ar an 9 Aibreán, agus an t-aistriú foirmiúil flaitheas (bratach a ardú) ar an 18 Deireadh Fómhair."
Sonraí faoin scannán clasaiceach Casablanca,"Is scannán dráma rómánsúil Meiriceánach ó 1942 é Casablanca a stiúir Michael Curtiz, agus a raibh Humphrey Bogart, Ingrid Bergman, agus Paul Henreid sna príomhpháirteanna ann. Suite le linn an Dara Cogadh Domhanda, díríonn an scéal ar dhíseartach Meiriceánach, Rick Blaine (Bogart), a chaithfidh rogha a dhéanamh idir a ghrá d'Ilsa Lund (Bergman) agus cabhrú lena fear céile, Victor Laszlo, ceannaire Friotaíochta, éalú ó chathair Casablanca, atá faoi smacht Vichy, chun leanúint lena chath i gcoinne na Naitsithe. Cé gur éirigh leis nuair a scaoileadh é, ghnóthaigh sé stádas fíor-finscéalach sna blianta ina dhiaidh sin, go príomha mar gheall ar a idirphlé i gcuimhne, a chríoch íocónach, agus an cheimic idir na príomhaisteoirí. Bhuaigh an scannán trí Ghradam Acadaimh: An Pictiúr is Fearr, An Stiúrthóir is Fearr, agus An Scáileán-Scríbhneoireacht is Fearr.","Is scannán dráma rómánsúil Meiriceánach ó 1942 é Casablanca a stiúir Michael Curtiz, agus a raibh Humphrey Bogart, Ingrid Bergman, agus Paul Henreid sna príomhpháirteanna ann. Suite le linn an Dara Cogadh Domhanda, díríonn an scéal ar dhíseartach Meiriceánach, Rick Blaine (Bogart), a chaithfidh rogha a dhéanamh idir a ghrá d'Ilsa Lund (Bergman) agus cabhrú lena fear céile, Victor Laszlo, ceannaire Friotaíochta, éalú ó chathair Casablanca, atá faoi smacht Vichy, chun leanúint lena chath i gcoinne na Naitsithe. Cé gur éirigh leis nuair a scaoileadh é, ghnóthaigh sé stádas fíor-finscéalach sna blianta ina dhiaidh sin, go príomha mar gheall ar a idirphlé i gcuimhne, a chríoch íocónach, agus an cheimic idir na príomhaisteoirí. Bhuaigh an scannán trí Ghradam Acadaimh: An Pictiúr is Fearr, An Stiúrthóir is Fearr, agus An Scáileán-Scríbhneoireacht is Fearr."
Aistrigh na bunchéimeanna is gá chun fianáin sliseanna seacláide caighdeánacha a bhácáil.,,"1. Réamhthéigh an oigheann agus ullmhaigh na tráidirí bácála.
2. Déan an t-im, na siúcraí, agus an sliocht fanaile a chumasc le chéile go dtí go mbeidh sé éadrom agus bog.
3. Buail isteach na huibheacha ceann ar cheann.
4. I mbabhla ar leith, déan an plúr, an sóid bácála, agus an salann a chuisleáil le chéile, ansin cuir na comhábhair thirim leis an meascán fliuch de réir a chéile.
5. Corraigh isteach na sliseanna seacláide.
6. Lig do spúnóga cruinne titim ar na tráidirí bácála ullmhaithe.
7. Bácáil ar feadh 9-12 nóiméad, nó go dtí go mbeidh na himill donn órga."
Cén ollphéist chlasaiceach is fearr: Dracula nó Ollphéist Frankenstein?,,"Tá Dracula níos fearr toisc gur thug an carachtar isteach coincheap an fhealláin ghleoite, uasalaigh a fheidhmíonn laistigh den ghnáthchumann. Is é Ollphéist Frankenstein, cé go bhfuil sí suimiúil go fealsúnach, go príomha figiúr tragóideach a cuireadh amú seachas olc atá fíor-scanrúil, d'aon ghnó."
C: Céard é an raon teochta don 'Chrios Contúirte' maidir le sábháilteacht bia agus cén fáth a bhfuil sé tábhachtach?,,"F: Tagraíonn an 'Crios Contúirte' don raon teochta idir 40°F (4.4°C) agus 140°F (60°C). Tá an raon seo ríthábhachtach i sábháilteacht bia toisc gurb é an raon teochta is fearr é ina bhféadann baictéir dhíobhálacha, cosúil le Salmonella, E. coli, agus Listeria, iolrú go tapa, ag dúbailt a ndaonra go minic i chomh beag le 20 nóiméad. Chun galair a iompraítear le bia a chosc, níor cheart ligean do bhianna meatacha fanacht sa Chrios Contúirte ar feadh níos mó ná dhá uair an chloig san iomlán (nó uair an chloig má tá an teocht mórthimpeall 90°F nó níos airde)."
Liostaigh na príomhchúiseanna comhshaoil agus sóisialta le meath shibhialtacht Clasaiceach na Máighe bunaithe ar an téacs a tugadh.,"Bhí titim shibhialtacht Clasaiceach na Máighe (c. 250–900 AD) casta agus ilghnéitheach. I measc na bpríomhstrusóirí comhshaoil bhí tréimhsí fada triomaigh thromchúisigh (ar a dtugtar na 'Meigithriomaigh'), a laghdaigh go mór torthaí talmhaíochta. Bhí fachtóirí sóisialta ríthábhachtach freisin; áiríodh orthu seo cogaíocht eindéimeach idir cathracha-stáit ag dul in iomaíocht ar son acmhainní laghdaitheacha, agus córas ró-eastóscadh acmhainní agus fás daonra neamh-inbhuanaithe ba chúis le díthréadú forleathan agus ídiú na hithreach.","Cúiseanna comhshaoil: Triomach tromchúiseach fada (Meigithriomaigh), díthréadú forleathan, agus ídiú na hithreach. Cúiseanna sóisialta: Cogaíocht eindéimeach idir cathracha-stáit agus fás daonra neamh-inbhuanaithe/ró-eastóscadh acmhainní."
Déan achoimre ar na príomhfhíricí faoi mhisean Apollo 11.,"Ba é Apollo 11 an misean spáis Meiriceánach a bhain an chéad tuirlingt dhaonna ar an nGealach amach. Seoladh é ar an 16 Iúil, 1969, agus bhí an criú comhdhéanta den Cheannasaí Neil Armstrong, den Phíolóta Modúil Gealaí Buzz Aldrin, agus den Phíolóta Modúil Ceannasaíochta Michael Collins. Ar an 20 Iúil, thuirling Armstrong agus Aldrin an Modúl Gealaí Iolar ar dhromchla na gealaí. Ba é Armstrong an chéad duine a sheas ar an nGealach sé huaire an chloig ina dhiaidh sin, ar an 21 Iúil (UTC), ag rá an ráiteas cáiliúil, ""Sin aon chéim bheag amháin don duine, ach léim ollmhór don chine daonna."" Tháinig Aldrin ina dhiaidh go gairid. Chaith siad thart ar 21 uair an chloig ar an nGealach ag bailiú samplaí agus ag déanamh turgnaimh sular bhuail siad le Collins, a bhí fós ar fithis ar bord an Mhodúil Ceannasaíochta Columbia. D'fhill an misean go sábháilte ar an Domhan ar an 24 Iúil, 1969.","Ba é Apollo 11, a seoladh ar an 16 Iúil, 1969, an misean Meiriceánach a bhain an chéad tuirlingt dhaonna ar an nGealach amach. Thuirling Neil Armstrong agus Buzz Aldrin an Modúl Gealaí ar an 20 Iúil, agus ba é Armstrong an chéad duine a shiúil ar an dromchla ar an 21 Iúil (UTC). Phíolóit Michael Collins an Modúl Ceannasaíochta ar fithis. D'fhill an criú go rathúil ar an Domhan ar an 24 Iúil, 1969."
Cad í príomhfheidhm na miteacoindrí i gcill eocarótach?,,"Chun an chuid is mó de sholáthar na cille de thrífhosfáit adainisín (ATP) a ghiniúint, a úsáidtear mar fhoinse fuinnimh cheimicigh."
Cad é an chéad mhórshaothar a clóbhuaileadh ag baint úsáide as preas Gutenberg?,"Creidtear go forleathan gurb é an gabha óir Gearmánach Johannes Gutenberg a chum an preas clódóireachta meicniúil de chineál soghluaiste timpeall 1440 i Mainz, an Ghearmáin. Cé go raibh clódóireacht bhloc ann cheana féin san Áise Thoir, bhain nuálaíocht Gutenberg le maitrísí miotail in-athúsáidte agus dúch ola-bhunaithe, rud a d'fhág go raibh táirgeadh ollmhór téacsanna indéanta ó thaobh an gheilleagair de. Is minic a luadh an fhorbairt seo mar an imeacht is tábhachtaí sa dara mílaois, ag tabhairt isteach ré na cumarsáide maise agus ag cur go mór leis an Renaissance agus leis an Reifirméisean. Ba é Bíobla Gutenberg, a críochnaíodh timpeall 1455, an chéad mhórshaothar a clóbhuaileadh ag baint úsáide as an modh seo.","Ba é Bíobla Gutenberg, a críochnaíodh timpeall 1455, an chéad mhórshaothar a clóbhuaileadh ag baint úsáide as an modh seo."
"De réir an téacs, cén dáta ar lainseáladh taiscéalaí spáis Viking 1?","Bhí Clár Viking comhdhéanta de dhá thaiscéalaí spáis Meiriceánach a seoladh chuig Mars, Viking 1 agus Viking 2. Ba iad na misin ba uaillmhianaí agus ba chostasaí a seoladh chuig Mars riamh iad. Lainseáladh Viking 1 ar an 20 Lúnasa, 1975, agus lainseáladh Viking 2 cúpla seachtain ina dhiaidh sin ar an 9 Meán Fómhair, 1975. Bhí fithiseán agus tuirlingteoir i ngach spásárthach a dearadh chun staidéar a dhéanamh ar dhromchla agus atmaisféar Mhars.","20 Lúnasa, 1975"
Cad iad na príomhdhifríochtaí fisiceacha agus iompraíochta idir ailigéadair agus crogaill?,,"Cé go mbaineann an dá cheann leis an ord Crocodilia, tá difríocht shuntasach eatarthu. Bíonn socanna cruinne, cruth U ar ailigéadair (fine Alligatoridae), agus nuair a bhíonn a mbéal dúnta, ní bhíonn ach na fiacla uachtaracha le feiceáil, ag luí go slachtmhar isteach sa ghiall íochtarach. Is i dtimpeallachtaí fionnuisce a chónaíonn siad go príomha. Bíonn socanna bioracha, cruth V ar chrogaill (fine Crocodylidae), agus fanann an ceathrú fiacail íochtarach le feiceáil nuair a bhíonn a mbéal dúnta mar go luíonn sé lasmuigh den ghiall uachtarach. Go ginearálta, bíonn crogaill níos fulangaí i leith sáile agus faightear iad ar fud an domhain, ach is i Meiriceá agus sa tSín is mó a bhíonn ailigéadair teoranta."
Liostaigh cúig phríomhfhachtóir a chuir le meath agus le titim Impireacht Iarthar na Róimhe sa deireadh.,,"Go hiondúil, luaigh staraithe roinnt fachtóirí casta, ach áirítear ar na cúig phríomhchúis: 1. Cliseadh eacnamaíoch de bharr hipirbhoilscithe agus cánachais threascarthaigh. 2. Ionradh leanúnach agus brú ó threibheanna Gearmánacha éagsúla. 3. Éagobhsaíocht pholaitiúil agus éilliú inmheánach, ba chúis le réimis ghearra agus achrann sibhialta. 4. Ró-spleáchas ar airm thuarastail (foederati), rud a laghdaigh dílseacht mhíleata. 5. Saincheisteanna sóisialta, lena n-áirítear galair, rátaí breithe ag laghdú, agus cailliúint bua sibhialta i measc an phobail."
"Déan comparáid agus codarsnacht idir na lochtanna tragóideacha (hamartia) agus cinniúint dheiridh fhigiúr clasaiceach Oedipus Rex agus carachtar Shakespeare, Hamlet. Déan do fhreagra a struchtúrú ag baint úsáide as ceannteidil shoiléire.",,"## Comparáid idir Oedipus Rex agus Hamlet

### Oedipus Rex

**Príomhlocht Tragóideach (Hamartia):** Hubris (órmhórtas/barrúil) in éineacht le tóraíocht láidir, neamh-chomhréiteach ar an bhfírinne. Cuireann a mhuinín iomlán ina chumas an rúndiamhair a réiteach agus éalú ón chinniúint dall air na rabhaidh agus réaltachtaí pianmhara na tairngreachta a bhfuil sé ag iarraidh éalú uaithi.

**Cinniúint Dheiridh:** Tar éis dó a fháil amach gur chomhlíon sé an tairngreacht (dúnmharú athar agus ciorrú coil), ní fhaigheann Oedipus soiléireacht mhorálta ach amháin tar éis dó fulaingt fhisiciúil dhomhain a fhulaingt. Cuireann sé daille air féin le bróistí Jocasta agus glacann sé leis an deoraíocht fhéin-fhorchurtha, ag admháil ar deireadh a nádúir lochtaigh agus cumhacht na cinniúna.

### Hamlet

**Príomhlocht Tragóideach (Hamartia):** Easaontas agus pairilis intleachtúil (moilleadóireacht). Is minic a bhíonn Hamlet ag iomarca machnaimh, rud a chuireann bac ar a chumas gníomh cinntitheach a dhéanamh. Bíonn sé ag streachailt le hiarmhairtí morálta an díoltais agus cuireann sé moill ar an ngníomh riachtanach go dtí go gcailltear an deis agus go n-imíonn an scéal as smacht.

**Cinniúint Dheiridh:** Baineann Hamlet a dhíoltas amach in aghaidh Claudius, ach ar chostas a shaoil féin (nimhithe), saolta Laertes, Gertrude, agus Claudius. Faigheann sé bás tar éis dó teip ar an ríocht a dhaingniú go síochánta, ag tabhairt na corónach don phrionsa Iorua, Fortinbras.

### Príomhchodarsnacht

Cé gur laochra tragóideacha iad an bheirt fhear a theipeann orthu mar gheall ar a nádúr féin, tá a gcuid lochtanna bunúsach os coinne a chéile. Sainmhínítear tragóid Oedipus trí **ghníomhú róthapa agus go drúisiúil** (órmhórtas i ngníomh), ag creidiúint go bhféadfadh sé an chinniúint a shárú. Sainmhínítear tragóid Hamlet trí **ghníomhú rómhall agus rómhachnamh** (pairilis i machnamh), rud a fhágann go dtarlaíonn scrios forleathan mar gheall ar neamhghníomh."
Cad iad na príomheilimintí atá riachtanach chun pras éifeachtach a chruthú do Mhúnla Mórteanga (MMT)?,,"De ghnáth, teastaíonn ceithre phríomheileamint ó phras MMT éifeachtach chun aschur beacht a chinntiú. Ar an gcéad dul síos, sainigh an **Ról/Pearsanacht** (m.sh., 'Gníomhaigh mar innealtóir sinsearach bogearraí'). Ar an dara dul síos, luaigh go soiléir an **Tasc nó an Sprioc** (cad ba mhaith leat an tsamhail a tháirgeadh). Ar an tríú dul síos, cuir **Comhthéacs** nó faisnéis chúlra leordhóthanach ar fáil. Ar deireadh, sonraigh **Srianta nó Formáid** (m.sh., 'Freagair i bhformáid JSON,' nó 'Coimeád an freagra faoi 200 focal')."
Cén pláinéad a dtugtar an Pláinéad Dearg air? Mars nó Iúpatar,,Mars
Tá spás diosca ag rith amach orm ar mo fhreastalaí Linux. Cad iad na horduithe ba chóir dom a úsáid chun úsáid diosca a anailísiú agus chun na comhaid is mó a aimsiú?,,"Chun úsáid diosca a anailísiú ar fhreastalaí Linux, ba chóir duit tosú leis na horduithe 'df' agus 'du'. Úsáid `df -h` chun an spás iomlán, úsáidte, agus ar fáil do gach córas comhaid suiteáilte a fheiceáil i bhformáid inléite ag an duine. Má tá deighilt ar leith lán, úsáid an t-ordú `du` chun úsáid eolairí a anailísiú. Ag tosú ó fhréamh na deighilte fadhbaí, úsáid `du -sh *` chun achoimre a dhéanamh ar úsáid na bhfo-eolairí láithreacha, agus ansin tochailt níos doimhne. Chun cuardach níos cuimsithí a dhéanamh ar na comhaid is mó, is féidir leat an t-ordú `find` a úsáid. Mar shampla, chun comhaid níos mó ná 100MB a aimsiú, úsáid `find / -type f -size +100M -exec ls -lh {} \;`. Nó, úsáid `du -a /path/to/check | sort -n -r | head -n 10` chun liosta a dhéanamh de na 10 gcomhad/eolairí is mó go huimhriúil."
Cé a bhí in Johannes Gutenberg?,"Ba aireagóir, printéir, agus foilsitheoir Gearmánach é Johannes Gutenberg a thug priontáil mheicniúil le cineál inscortha isteach san Eoraip i lár an 15ú haois. Chuir a aireagán tús le Réabhlóid na Priontála agus meastar go forleathan gurb é an teagmhas is tábhachtaí sa tréimhse nua-aimseartha é.","Ba aireagóir, printéir, agus foilsitheoir Gearmánach é Johannes Gutenberg a thug priontáil mheicniúil le cineál inscortha isteach san Eoraip i lár an 15ú haois. Chuir a aireagán tús le Réabhlóid na Priontála agus meastar go forleathan gurb é an teagmhas is tábhachtaí sa tréimhse nua-aimseartha é.

Ba é Bíobla Gutenberg, ar a dtugtar go minic an Bíobla 42-líne, an éacht ba shuntasaí a rinne Gutenberg, a priontáladh timpeall 1455. I measc na teicneolaíochta a d'fhorbair sé bhí aireagán próisis chun cineál inscortha a tháirgeadh go mórchóir, úsáid dúigh bunaithe ar ola, agus cruthú an phreas priontála adhmaid, dearadh a bhí bunaithe ar phreasanna scriú talmhaíochta a bhí ann cheana. Laghdaigh an nuálaíocht seo go mór costas na leabhar a phriontáil agus rinne sé litearthacht mhórchóir indéanta ar fud na hEorpa."
Cur síos ar phríomhfheidhm na fótaisintéise i bplandaí.,"Is í an fhótaisintéis an próiseas a úsáideann plandaí, algaí, agus baictéir áirithe chun fuinneamh solais, ón nGrian de ghnáth, a athrú go fuinneamh ceimiceach is féidir a scaoileadh amach níos déanaí chun gníomhaíochtaí an orgánaigh a bhreoslú. Stóráiltear an fuinneamh ceimiceach seo i móilíní carbaihiodráití, amhail siúcraí, a shintéisiúitear as dé-ocsaíd charbóin agus uisce.","Is í an fhótaisintéis an próiseas a úsáideann plandaí, algaí, agus baictéir áirithe chun fuinneamh solais, ón nGrian de ghnáth, a athrú go fuinneamh ceimiceach is féidir a scaoileadh amach níos déanaí chun gníomhaíochtaí an orgánaigh a bhreoslú."
Cad iad na céimeanna bunúsacha chun aire a thabhairt do phlanda ZZ go rathúil?,,"Tá cáil ar phlanda ZZ (Zamioculcas zamiifolia) mar phlanda atá thar a bheith seasmhach agus nach dteastaíonn mórán cothabhála uaidh. Is í an eochair don rath ná idirghabháil íosta, mar gurb é an ró-uisce an chúis is coitianta le teip. Seo iad na céimeanna cúraim riachtanacha:

1. **Solas:** Glacann plandaí ZZ le timpeallachtaí íseal-solais go han-mhaith, rud a fhágann go bhfuil siad foirfe d'oifigí nó do sheomraí dorcha. Mar sin féin, rathóidh siad agus fásfaidh siad níos tapúla i solas geal, neamhdhíreach. Seachain solas na gréine díreach, dian meán lae, a d'fhéadfadh na duilleoga céiriúla a dhó.

2. **Uisce:** Seo é an ghné is tábhachtaí. Stórálann plandaí ZZ uisce i riosóim tiubha, cosúil le prátaí, faoin ithir. Fan go dtí go bhfuil an ithir go hiomlán tirim sula ndéanann tú uisce go críochnúil. Ag brath ar an solas agus an taise, is iondúil go gciallaíonn sé seo uisce a thabhairt ach uair amháin gach 3–4 seachtaine, nó níos faide fós i rith an gheimhridh. Nuair a bhíonn amhras ort, fan seachtain eile.

3. **Ithir agus Draenáil:** Úsáid meascán potaireachta a dhraenálann go maith. Oibríonn meascán atá déanta do chaití agus súchaite go foirfe, nó is féidir leat ithir chaighdeánach potaireachta a leasú le perlite nó puimice chun draenáil den scoth a chinntiú. Úsáid pota le poll draenála i gcónaí.

4. **Teocht agus Taise:** Is fearr leo gnáth-theochtaí seomra (65°F go 75°F) agus go ginearálta bíonn siad go breá le meán-taise tí.

5. **Leasú:** Déan leasú go coigilteach. Cuir leasachán leachtach cothrom do phlandaí tí caolaithe go leath neart i bhfeidhm ach uair amháin nó dhó le linn an tséasúir fáis (an t-earrach agus an samhradh). Ní theastaíonn mórán breis-chothaithe uathu."
"Bunaithe ar an sainmhíniú a cuireadh ar fáil, cad é príomhsprioc mhodheolaíocht Agile, agus cad é an gnáthfhad ama de na haisrithí a úsáidtear chun an sprioc seo a bhaint amach?","Is téarma ginearálta é Forbairt Bogearraí Solúbtha do shraith creatlach agus cleachtais atá bunaithe ar na luachanna agus na prionsabail a cuireadh in iúl sa Fhorógra d’Fhorbairt Bogearraí Solúbtha. Cuireann an mhodheolaíocht béim ar chomhoibriú, ar fhoirne féin-eagraithe, agus ar oiriúnú tapa don athrú. I measc na gcreatlach coitianta tá Scrum, Kanban, agus Lean. Gné lárnach de Agile is ea an próiseas athchleachtach, ina ndéantar an obair a bhriseadh síos ina méaduithe beaga (sprints, 2-4 seachtaine de ghnáth) chun bogearraí feidhmiúla a sheachadadh go minic, seachas fanacht le haghaidh aon scaoileadh mór amháin.","Is é príomhsprioc mhodheolaíocht Agile ná oiriúnú tapa don athrú agus seachadadh minic bogearraí feidhmiúla trí chomhoibriú. Ritheann na próisis athchleachtacha, ar a dtugtar sprints go minic, ar feadh 2-4 seachtaine de ghnáth."
Cad iad príomhfheidhmeanna fhuil an duine?,,"Comhlíonann fuil an duine trí phríomhfheidhm idirnasctha: iompar, rialáil, agus cosaint. I gceist le hiompar tá ocsaigin a iompar ó na scamhóga chuig na fíocháin agus dé-ocsaíd charbóin ar ais chuig na scamhóga, cothaithigh (cosúil le glúcós agus aimíonaigéid) agus hormóin a sheachadadh ar fud an choirp, agus táirgí dramhaíola meitibileach a aistriú chuig na duáin agus an t-ae le baint. Áirítear ar an rialáil teocht chobhsaí an choirp a chothabháil trí theas a ionsú agus a dháileadh, gnáthleibhéil pH an choirp a chobhsú trí ghníomhú mar mhaolán, agus toirt sreabhach leordhóthanach a chinntiú sa chóras imshruthaithe. I gceist le cosaint tá caillteanas fola a chosc tríd an meicníocht téachta (héamóstáis) agus an corp a chosaint ar ghalair trí fhreagairt imdhíonachta, a dhéantar ag cealla fola bána agus antasubstaintí a iompraítear san phlasma."
Cén tábhacht atá le 'domhainobair' sa ré nua-aimseartha?,,"Is éard is domhainobair ann, mar a shamhlaigh Cal Newport é, ná an cumas díriú gan cur isteach ar thasc a bhfuil éileamh cognaíoch air. Eascraíonn a thábhacht ó dhá fhíric ríthábhachtacha de gheilleagar an eolais nua-aimseartha. Ar an gcéad dul síos, tá luach i bhfad níos mó anois ar aschur ardchaighdeáin ná ar na huaireanta oibre amháin. Chun torthaí fíor-eisceachtúla nó nuálacha a tháirgeadh, teastaíonn tumoideachas dírithe uait—ní chothaíonn obair éadomhain (ríomhphoist, cruinnithe, lóistíocht) ach an stádas quo. Ar an dara dul síos, i ngeilleagar easpa airde atá sainithe ag fógraí seasta agus cur isteach teicneolaíoch, tá díriú marthanach ag éirí ina thráchtearra gann. Go bunúsach, is 'sárchumas' é an cumas dul i mbun domhainoibre a ligeann do dhaoine aonair máistreacht a fháil go tapa ar fhaisnéis dheacair agus torthaí den scoth a tháirgeadh a bhfuil sé deacair ar iomaitheoirí a mhacasamhlú. Dá bhrí sin, is é saothrú d’aon ghnó na nósanna domhainoibre an príomh-idirdhealaitheoir idir oibrithe eolais rathúla agus iad siúd a fhanann i bhfostú san imoibríocht."
Cé a scríobh 'Moby Dick'?,,Is é Herman Melville údar an úrscéil 'Moby Dick'.
Cén fáth a meastar gur infheistíocht den scoth ó thaobh ama agus iarrachta de é an dara teanga a fhoghlaim?,,"Tugann foghlaim an dara teanga torthaí as cuimse a shíneann i bhfad thar an gcumarsáid shimplí. Ó thaobh na cognaíochta de, neartaíonn sé go suntasach feidhmeanna feidhmiúcháin na hinchinne, ag feabhsú cuimhne, cumais iltascála, agus scileanna casta réiteach fadhbanna. Trí iallach a chur ar an inchinn dhá shraith rialacha agus foclóra a bhainistiú, cuireann sealbhú teanga borradh faoin néaraplaisteacht agus tá sé nasctha go gníomhach le moilliú ar thús an mheath chognaíoch a bhaineann le haois, mar shampla néaltrú. Go gairmiúil, is sócmhainn luachmhar é an dátheangachas sa gheilleagar domhanda. Osclaíonn sé doirse chuig margaí fostaíochta idirnáisiúnta, méadaíonn sé acmhainn tuillimh, agus soláthraíonn sé buntáiste suntasach iomaíoch i réimsí éagsúla, ó dhioplómaiteacht agus teicneolaíocht go turasóireacht agus forbairt gnó. Thairis sin, is é foghlaim teanga an tairseach deiridh chuig tumoideachas cultúrtha. Cothaíonn sé comhbhá agus caoinfhulaingt níos mó trí ligean don fhoghlaimeoir dul i dteagmháil dhíreach le litríocht, meáin, agus nósanna nach mbeadh inrochtana ar bhealach eile trí aistriúchán amháin. Saibhríonn an nasc cultúrtha níos doimhne seo eispéiris taistil go bunúsach agus leathnaíonn sé peirspictíocht an duine ar an domhan, rud a fhágann gur infheistíocht iomlánaíoch é i bhfás pearsanta, intleachtúil agus eacnamaíoch."
Tá mo ríomhaire glúine Windows (laptop) tar éis éirí thar a bheith mall le cúpla mí anuas. Níl mé ag iarraidh ceann nua a cheannach go fóill. Cad iad na céimeanna saor in aisce is éifeachtaí is féidir liom a ghlacadh anois chun é a luasú?,,"Is minic a bhíonn baint ag luasú ríomhaire le glanadh próiseas cúlra agus comhaid neamhriachtanacha. Tosaigh leis na trí phríomhchéim seo: 1. **Bainistigh Cláir Tosaithe:** Oscail Bainisteoir na dTasc (Ctrl+Shift+Esc), téigh go dtí an cluaisín 'Tosaithe' ('Startup'), agus díchumasaigh aon fheidhmchlár nach bhfuil gá iomlán leis a reáchtáil nuair a thosaíonn an ríomhaire (m.sh., Spotify, seirbhísí nuashonraithe Adobe, srl.). Laghdaíonn sé seo go mór am tosaithe agus úsáid acmhainní tosaigh. 2. **Rith Glanadh Diosca:** Clóscríobh 'Glanadh Diosca' ('Disk Cleanup') isteach i mbarra cuardaigh Windows. Roghnaigh do phríomhdhiosca (C: de ghnáth), agus cliceáil 'Glan suas comhaid chórais.' Cuir tic sna boscaí le haghaidh 'Comhaid shealadacha,' 'Glanadh Nuashonruithe Windows,' agus 'Comhaid Optamaithe Seachadta,' agus ansin rith an glanadh. 3. **Díshuiteáil Bogearraí Neamhriachtanacha (Bloatware) agus Cláir Neamhúsáidte:** Téigh go Socruithe > Aipeanna. Déan sórtáil de réir dáta suiteála nó méid agus díshuiteáil aon fheidhmchlár mór nach bhfuil úsáidte agat le míonna anuas nó aon bhogearraí frithvíreas 'trialach saor in aisce' a d'fhéadfadh a bheith ag rith scananna troma cúlra. Ba chóir go dtabharfadh na céimeanna seo feabhas láithreach suntasach."
Cad é príomh-chomhdhéanamh réaltnéil?,"Is scamall idir-réaltach deannaigh, hidrigine, héiliam agus gás ianaithe eile é réaltnéal. Ar dtús, úsáideadh an téarma chun cur síos a dhéanamh ar aon réad réalteolaíoch idirleata, lena n-áirítear réaltraí lasmuigh de Bhealach na Bó Finne (amhail Réaltnéal Andraiméide, sular deimhníodh fíor-chineál na réaltraí). Tá an chuid is mó de na réaltnéalta ollmhór ó thaobh méide de; tá cuid acu na céadta solasbhliain ar trastomhas. Is minic gur réigiúin fhoirmithe réaltaí iad réaltnéalta, mar shampla Colúin na Cruthaitheachta i Réaltnéal an Iolair. Tagann na gáis agus an deannach le chéile chun réigiúin níos dlúithe a dhéanamh, ag mealladh tuilleadh ábhair, a éiríonn dlúth go leor ar deireadh chun titim isteach agus réaltaí a fhoirmiú.","Is scamall idir-réaltach deannaigh, hidrigine, héiliam agus gás ianaithe eile é réaltnéal."
Cad iad príomhchodanna na súile daonna agus cad iad a bpríomhfheidhmeanna?,"Is orgán céadfach casta í an tsúil dhaonna atá freagrach as an radharc. Téann an solas isteach ar dtús tríd an gcoirne, ciseal seachtrach trédhearcach a chabhraíonn leis an solas a fhócasú. Taobh thiar den choirne tá an t-inteachán, an chuid daite den tsúil, a fheidhmíonn cosúil le cró ceamara, ag rialú méid an phróinín (an t-ionad dubh) chun an méid solais a théann isteach a rialú. Ansin téann an solas tríd an lionsa, a athraíonn cruth chun an fócas a mhionchoigeartú ar chúl na súile. Tá na milliúin cealla íogaire solais (slata agus cóin) sa bhalla cúil, an reitine, a athraíonn solas go ríoganna leictreacha. Tarchuirtear na ríoganna seo chuig an inchinn tríd an néaróg optach le haghaidh léirmhíniú mar íomhánacha.","Is iad príomhchodanna na súile ná an choirne (ciseal seachtrach trédhearcach a fhócasann solas), an t-inteachán (a rialaíonn méid an phróinín), an próinín (a rialaíonn iontógáil solais), an lionsa (a choigeartaíonn fócas), agus an reitine (a athraíonn solas go ríoganna leictreacha). Ansin tarchuirtear na comharthaí leictreacha seo chuig an inchinn tríd an néaróg optach."
Cad iad na príomh-mhalartuithe idir samhail oibre go hiomlán iargúlta agus struchtúr traidisiúnta san oifig?,,"Is éard atá i gceist le roghnú idir struchtúr oifige go hiomlán iargúlta agus ceann traidisiúnta ná solúbthacht fostaithe a chothromú i gcoinne comhtháthú corparáideach agus maoirseacht. Is minic a bhíonn an tsamhail idéalach ag brath ar an tionscal, ar róil poist, agus ar chultúr na heagraíochta. Cuireann obair iargúlta buntáistí suntasacha ar fáil amhail solúbthacht mhéadaithe, deireadh le costais agus am comaitéireachta, agus rochtain ar chomhthiomsú tallainne domhanda níos leithne. Mar sin féin, d'fhéadfadh sé dúshláin a chruthú a bhaineann le haonrú foirne, deacrachtaí maidir le comhoibriú spontáineach, teorainneacha soiléire idir obair agus saol pearsanta a choinneáil, agus moilleanna féideartha cumarsáide. Os a choinne sin, cothaíonn an struchtúr oifige traidisiúnta cumarsáid níos éasca duine le duine, neartaíonn sé cultúr cuideachta agus cairdeas láithreach, agus simplíonn sé maoirseacht agus slándáil bainistíochta. I measc na míbhuntáistí tá costais fhorchostais níos airde don fhostóir, solúbthacht sceidealaithe laghdaithe d'fhostaithe, comaitéireacht éigeantach, agus táirgiúlacht a d’fhéadfadh a bheith níos ísle mar gheall ar sheachráin oifige. Sa deireadh, tá go leor cuideachtaí nua-aimseartha ag glacadh le samhlacha hibrideacha chun iarracht a dhéanamh leas a bhaint as buntáistí an dá shocrú."
"Dá mba rud é nach bhféadfá ach áit amháin ar domhan a mholadh do dhuine a bhfuil grá acu don stair agus don áilleacht nádúrtha, cá mbeadh sé, agus cén fáth gurb é sin an moladh is fearr leat?",,"Do dhuine a chothaíonn an crosbhealach idir stair dhomhain agus áilleacht nádúrtha ollmhór, is é Kyoto, an tSeapáin, mo phríomhmholadh. Tá an eochair do chroí cultúrtha na Seapáine aige, tar éis dó a bheith mar phríomhchathair impiriúil ar feadh breis agus míle bliain. Go bunúsach is músaem faoin aer é an chathair, le níos mó ná 2,000 teampall agus scrín, lena n-áirítear an Kinkaku-ji iontach (Pailliún Órga) agus Kiyomizu-dera. Tá an caomhnú stairiúil an-chúramach. Mar sin féin, is é an rud a ardaíonn é ná comhtháthú gan uaim an nádúir. Is féidir le cuairteoirí iniúchadh a dhéanamh ar Dhoire Bambú Arashiyama, atá éadrom, siúlóid a dhéanamh trí na mílte geataí torii dearga (dearg-bhán) de chuid Scrín Fushimi Inari atá ag foirceannadh trí choill an chnoic, agus taitneamh a bhaint as Gairdíní Ciúine Caonach Saihō-ji. Mar gheall ar an séasúchánêcht—go háirithe bláthanna silíní san earrach agus crainn mhailpe the san fhómhar—braitheann an timpeallacht iomlán mar shaothar ealaíne beo, ag cothromú go foirfe iarracht an duine ársa le aeistéitic nádúrtha gan mhilleadh."
Déan cur síos ar na príomhthréithe agus ar spriocanna misin Teileascóp Spáis James Webb (JWST).,,"Is é Teileascóp Spáis James Webb (JWST) an príomh-réadlann spáis a tháinig i gcomharbacht ar Teileascóp Spáis Hubble. Seoladh é ar an 25 Nollaig, 2021, agus tá sé suite faoi láthair i bhfithis gréine timpeall ar an Dara Pointe Lagrange Gréine-Domhain (L2), tuairim is 1 mhilliún míle (1.5 milliún ciliméadar) ón Domhan. Murab ionann agus Hubble, a fhéachann go príomha ar sholas infheicthe agus ultraivialait, tá JWST optamaithe d'réalteolaíocht infridhearg, rud a ligeann dó dul trí scamaill deannaigh agus rudaí thar a bheith i bhfad i gcéin, deargaistrithe a fheiceáil. Tá a phríomhscáthán comhdhéanta de 18 deighleog beirilliam heicseagánach, órphlátáilte, le trastomhas iomlán 6.5 méadar (21 troigh), rud a fhágann gurb é an príomhscáthán is mó a seoladh sa spás riamh é. Tá cuspóirí eolaíocha JWST roinnte ina cheithre phríomhréimse: na chéad réaltaí agus réaltraí a foirmíodh sa chruinne a lorg, staidéar a dhéanamh ar chóimeáil réaltraí, imscrúdú a dhéanamh ar bhreith réaltaí agus córais phláinéadacha, agus anailís a dhéanamh ar atmaisféir exoplanets le haghaidh comharthaí ináitritheachta."
Cén t-ealaíontóir cáiliúil ón Réineasach a chreidtear a d'fhág a shaothar deireanach gan chríochnú mar gheall ar a bhás?,,"Creidtear gur fhág Raphael (Raffaello Sanzio da Urbino) a shaothar mór deireanach, 'An Trasfhoirmiú,' gan chríochnú nuair a fuair sé bás go tobann sa bhliain 1520."
Mínigh na difríochtaí bunúsacha ó thaobh cuspóra agus dearaidh de idir LAP (CPU) agus Aonad Próiseála Grafach (GPU).,,"Is sliseanna próiseála ríthábhachtacha iad an tAonad Lárnach Próiseála (LAP) agus an tAonad Próiseála Grafach (APG), ach tá difríocht shuntasach eatarthu maidir lena n-ailtireacht agus a bpríomhfheidhm. Tá an príomhdhifríocht suite ina gcur chuige maidir le tascanna a fhorghníomhú.

Ar an gcéad dul síos, maidir le dearadh, tá an LAP tógtha le haghaidh próiseáil shraitheach. Tá níos lú croíleacáin aige (4 go 16 de ghnáth i múnlaí tomhaltóra), ach tá na croíleacáin seo an-chumhachtach ina n-aonar agus optamaithe chun aistriú tapa a dhéanamh idir tascanna casta a éilíonn ardluais agus íseal-fhoighne. Feidhmíonn an LAP mar an inchinn ghinearálta a bhainistíonn an córas oibriúcháin agus tascanna neamhspeisialaithe.

Ar an dara dul síos, tá an APG deartha le haghaidh ollphróiseáil chomhthreomhar. Tá na céadta nó fiú na mílte croíleacán níos lú, nach bhfuil chomh cumhachtach sin, ann. Ceadaíonn an ailtireacht seo don APG ualaí oibre ollmhóra ríomhaireachta a láimhseáil trí na mílte ríomhanna simplí athchleachtach a fhorghníomhú go comhuaineach, rud atá iontach do thascanna cosúil le grafaicí ardtaifigh a rindreáil, eagarthóireacht físeáin, agus ríomhanna nua-aimseartha foghlaim meaisín (AI)."
"De réir na coda, cé hiad an triúr spásairí a bhí páirteach i misean Apollo 11, agus cad iad a róil shonracha?","Ba é Apollo 11 an spás-eitilt a tháinig i dtír le daoine ar an nGealach den chéad uair. Thug an Ceannasaí Neil Armstrong agus an píolóta modúil gealaí Buzz Aldrin an Modúl Gealaí Apollo, an Iolar (Eagle), i dtír ar 20 Iúil, 1969, ag 20:17 UTC. Ba é Armstrong an chéad duine a sheas ar dhromchla na gealaí sé uair an chloig ina dhiaidh sin. Chaith siad thart ar dhá uair an chloig agus ceathrú in éineacht lasmuigh den spásárthach. Bhí Michael Collins ag píolótú an mhodúil cheannais Columbia leis féin i bhfithis ghealaí fad is a bhí siad ar dhromchla na Gealaí. Luaigh an tUachtarán John F. Kennedy príomhsprioc Apollo 11 ar 25 Bealtaine, 1961: 'fear a chur i dtír ar an nGealach agus é a thabhairt ar ais go sábháilte chuig an Domhan.'","Is iad an triúr spásairí atá luaite ná an Ceannasaí Neil Armstrong (Ceannasaí), Buzz Aldrin (píolóta modúil gealaí), agus Michael Collins (a phíolótaigh an modúl ceannais Columbia)."
"Catagóirigh na míreanna seo a leanas mar Toradh, Glasra, nó Grán: Úll, Arbhar, Cruithneacht, Cairéad, Eorna, Banana, Práta, Quinoa.",,"Is Toradh é Úll
Is Grán é Arbhar
Is Grán í Cruithneacht
Is Glasra é Cairéad
Is Grán í Eorna
Is Toradh é Banana
Is Glasra é Práta
Is Grán é Quinoa"
Sainmhínigh an Fhótaisintéis agus luaigh cá dtarlaíonn sí.,"Is próiseas í an Fhótaisintéis a úsáideann plandaí, algaí, agus baictéir áirithe chun fuinneamh solais, ón nGrian de ghnáth, a thiontú go fuinneamh ceimiceach is féidir a scaoileadh níos déanaí chun gníomhaíochtaí an orgánaigh a bhreoslú. Stóráiltear an fuinneamh ceimiceach seo i móilíní carbaihiodráite, cosúil le siúcraí, a shintéisiú ó dhé-ocsaíd charbóin agus uisce. I bhformhór na bplandaí glasa, na n-algaí, agus na gciainbhaictéar, tarlaíonn an fhótaisintéis go príomha laistigh d’orgánaidí ar a dtugtar clóraplastaí, a bhfuil an lí clóraifille iontu atá riachtanach chun solas a ghabháil.","Is próiseas í an Fhótaisintéis a úsáideann plandaí, algaí, agus baictéir áirithe chun fuinneamh solais, ón nGrian de ghnáth, a thiontú go fuinneamh ceimiceach. Tarlaíonn sí go príomha laistigh d’orgánaidí ar a dtugtar clóraplastaí."
"Aithin na hainmfhocail dílse uile (ainmneacha daoine, áiteanna, eagraíochtaí, agus laethanta/míonna sonracha) ón téacs seo a leanas.","Tar éis bualadh leis an Dr. Eleanor Vance i Londain, chinn Príomhfheidhmeannach TechCorp eitilt go Tóiceo Dé Máirt. Bhí uirthi an comhaontú cumasc a thabhairt chun críche le Nippon Dynamics roimh dheireadh an ráithe fioscaí.","Eleanor Vance, Londain, TechCorp, Tóiceo, Dé Máirt, Nippon Dynamics"
Aithin an pointe is doimhne ar eolas in aigéin an Domhain agus luaigh a dhoimhneacht neasach.,,"Is é an Challenger Deep an pointe is doimhne ar eolas, atá suite i nTrinse Mariana. Is é a dhoimhneacht ná thart ar 10,935 méadar (35,876 troigh)."
Cén fáth a bhfuil caife chomh coitianta sin ar fud an domhain?,,"Tagann an tóir mhór dhomhanda atá ar chaife ó mheascán den bhithcheimic, den chultúr, agus den deasghnáth sóisialta. Ó thaobh na bithcheimice de, is é caiféin an príomhspreagthóir, spreagthach nádúrtha a mhéadaíonn airdeall, tiúchan, agus leibhéil fuinnimh, rud a fhágann gurb é an deoch maidine idéalach nó an spreagadh tráthnóna é. Go cultúrtha, tá forbairt tagtha ar thomhaltas caife mar dheasghnáth laethúil atá comhtháite le saol na hoibre agus leis an idirghníomhaíocht shóisialta. Feidhmíonn caiféanna mar 'tríú háiteanna' ríthábhachtacha—áiteanna neodracha cruinnithe lasmuigh den bhaile agus den obair. Ina theannta sin, ceadaíonn an réimse ollmhór atá ar fáil, ó espresso go doirteadh-os cionn, agus castacht na bpróifílí blas bunaithe ar réigiún agus rósta, pearsanú gan teorainn agus meas ag díograiseoirí, ag tiomáint éileamh an mhargaidh ar fud an domhain."
Céard iad roinnt roghanna mear agus sláintiúla don bhricfeasta do ghairmithe gnóthacha?,,"Teastaíonn béilí ó ghairmithe gnóthacha atá tapa le hullmhú agus iniompartha. Seo cúig rogha shimplí, shláintiúla don bhricfeasta:
1. Coirce Thar Oíche: Measc coirce rollta, bainne (déiríochta nó neamh-dhéiríochta), síolta chia, agus torthaí i próca an oíche roimh ré. Ní theastaíonn aon am cócaireachta uathu ar maidin agus cuireann siad fuinneamh marthanach ar fáil.
2. Smuidíní Ard-Phróitéine: Cumasc spionáiste, banana, púdar próitéine, agus bonn leachtach. Is féidir an rogha seo a phearsanú go mór, tá sé iniompartha, agus tógann sé níos lú ná cúig nóiméad é a ullmhú.
3. Parfait Iógart Gréagach: Cuir iógart Gréagach simplí (ard i bpróitéin), gránóla, agus dornán de chaora i sraitheanna. Cuireann sé seo cothromaíocht mhaith de phróitéin, snáithín, agus frithocsaídeoirí ar fáil.
4. Muifíní/Greimeanna Uibhe: Ullmhaigh baisc de chupáin uibheacha bácáilte le glasraí agus cáis ar an Domhnach. Is féidir iad a théamh sa mhicreathonn i 60 soicind agus tá siad iontach mar phróitéin réidh le tabhairt leat.
5. Tósta Gránach Iomlán le hAvacádó agus Síolta: Simplí, sásúil, agus tapa. Tósta an t-arán, measc leath avacádó ar a bharr, agus spréigh séasúrú 'everything bagel' nó síolta cnáibe air le haghaidh cothaithe breise."
Mínigh príomhphrionsabail na modheolaíochta forbartha bogearraí Agile.,,"Is cur chuige athchleachtach é Agile i leith bainistíochta tionscadal agus forbartha bogearraí a chuidíonn le foirne luach a sheachadadh níos tapúla agus gan an oiread sin trioblóidí. Tugann a phríomhphrionsabail, atá leagtha amach in Fógrán Agile, tús áite do: 1) Daoine aonair agus idirghníomhaíochtaí thar phróisis agus uirlisí; 2) Bogearraí oibre thar dhoiciméadú cuimsitheach; 3) Comhoibriú custaiméara thar chaibidlíocht chonartha; agus 4) Freagairt d'athrú thar phlean a leanúint. Spreagann Agile oiriúnú tapa, lúba aiseolais minice, agus seachadadh leanúnach incrimintí táirge inúsáidte."
Cad é an Sceir Mhór Bhacainneach?,"Is í an Sceir Mhór Bhacainneach an córas sceireacha coiréil is mó ar domhan, comhdhéanta de níos mó ná 2,900 sceir aonair agus 900 oileán ag síneadh thar 2,300 ciliméadar (1,400 míle) sa Mhuir Choiréalach, amach ó chósta Queensland, an Astráil. Is í an struchtúr aonair is mó a chruthaigh orgánaigh bheo, infheicthe ón spás amuigh, agus ainmníodh í mar Láithreán Oidhreachta Domhanda UNESCO i 1981.","Is éiceachóras thar a bheith casta agus bithéagsúil é an Sceir Mhór Bhacainneach. Tacaíonn sé le réimse ollmhór den saol muirí, lena n-áirítear 30 speiceas míolta móra agus deilfeanna, 6 de 7 speiceas de thurtair mhara atá i mbaol ar domhan, os cionn 1,500 speiceas éisc, 4,000 cineál moilisc, agus na céadta speiceas de choiréil chrua agus bhoga. Is talamh neadaithe tábhachtach é freisin do thurtair ghlasa mhara.

Is é Údarás Pháirc Mhuirí na Sceire Móire Bacainní a bhainistíonn an sceir. In ainneoin a stádas cosanta, tá bagairtí suntasacha comhshaoil ​​os a chomhair, go príomha ó athrú aeráide as a dtagann tuaradh forleathan coiréil, ach freisin ó fhorbairt chósta, rith chun srutha ón talmhaíocht, agus timthriallta ráigeacha an chrúcaigh dheilgneach. Tá a ranníocaíocht eacnamaíoch suntasach, ag tacú leis na mílte post trí thurasóireacht agus iascaireacht. Tá tábhacht mhór chultúrtha ag baint leis an sceir do go leor pobal Bundúchasach agus Oileánach Chaolas Torres, a bhfuil nasc fada domhain acu leis an gceantar."
Mínigh an tábhacht chultúrtha a bhaineann le 'The 305'.,,"Is é 'The 305' an príomhchód ceantair do Chontae Miami-Dade, Florida, agus tá sé anois ina ghiorrúchán cultúrtha cumhachtach do chathair Miami féin. Tá sé comhchiallach le cultúr Laidineach bríomhar, go háirithe a phobal mór Cúbach-Meiriceánach i gceantair cosúil le Little Havana. Tá an fhéiniúlacht '305' nasctha go láidir le ceol, saol na hoíche, agus glamúir, agus déantar tagairt dó go minic i hip-hop agus reggaeton (m.sh., Pitbull, ar a dtugtar 'Mr. 305'). Tá clú domhanda ar an gceantar as a thránna iontacha (Miami Beach), a ailtireacht Art Deco, agus a stádas mar mhol do ghnó idirnáisiúnta agus do thurasóireacht. Trí thagairt a dhéanamh do Miami mar 'The 305' cuirtear bród agus dílseacht in iúl dá thimpeallacht uathúil fho-thrópaiceach, ardfhuinnimh, atá éagsúil ó chodanna eile de Florida."
Aithin na huirlisí atá de dhíth chun bonn caighdeánach gluaisteáin a athrú ón liosta a cuireadh ar fáil.,"Casúr, Ardaitheoir, Ráille Cnó Rotha, Sraith Soicéad, Bonn Spártha, Scriúire, Téip Tomhais, Sluasaid, Gléas Urchóiste.","Ardaitheoir, Ráille Cnó Rotha, Bonn Spártha."
"Bain amach gach tomhas uimhriúil a bhaineann le méid fisiceach nó líon comhpháirteanna chóras na Sceire Móire Bacainne. Cuir na torthaí i láthair mar liosta le poncanna, ag cinntiú go n-áirítear sa gach mír an uimhir agus an t-aonad nó an cineál comhpháirte gaolmhar.","Is í an Sceir Mhór Bhacainne an córas sceireacha coiréil is mó ar domhan, comhdhéanta de bhreis is 2,900 sceir aonair agus 900 oileán, a shíneann ar feadh breis is 2,300 ciliméadar (1,400 míle) thar achar de thart ar 344,400 ciliméadar cearnach (133,000 míle cearnach). Tá an sceir suite sa Mhuir Choiréalach, amach ó chósta Queensland, an Astráil. Ainmníodh í mar Shuíomh Oidhreachta Domhanda UNESCO i 1981. Tacaíonn córas na sceireacha le héagsúlacht ollmhór beatha, lena n-áirítear 30 speiceas míolta móra, deilfeanna, agus muca mara, 1,500 speiceas éisc, agus thart ar 400 cineál coiréil chrua. Mar sin féin, tá an t-athrú aeráide, teocht na farraige ag ardú, agus an truailliú ag bagairt go mór ar a sláinte fhadtéarmach.","- 2,900 sceireacha aonair
- 900 oileán
- 2,300 ciliméadar
- 1,400 míle
- 344,400 ciliméadar cearnach
- 133,00án míle cearnach"
Cén teocht ag a fhiuchanann fíoruisce faoi ghnáthbhrú an atmaisféir?,,Fiuchanann fíoruisce ag 100 céim Celsius (212 céim Fahrenheit) ag leibhéal na farraige.
Cad é an tábhacht atá le Cloch Rosetta?,"Is stele í Cloch Rosetta, déanta de ghraindióirít, ar a bhfuil trí leagan d’fhoraithne a eisíodh i Memphis, an Éigipt, in 196 R.Ch. le linn ríshliocht na dTolamaesach. Tá na téacsanna uachtaracha agus lárnacha i hiaróglafaigh na Sean-Éigipte agus i script Dheamótach, faoi seach, ach tá an buncheann sa tSean-Ghréigis. Ós rud é go gcuireann sé an téacs céanna i láthair sna trí script go bunúsach (le miondifríochtaí), sholáthair sé an eochair ríthábhachtach chun hiaróglafaigh Éigipteacha a dhíshealbhú in 1822 ag Jean-François Champollion, rud a d’oscail an bealach do thuiscint ar theanga agus ar shibhialtacht na Sean-Éigipte.","Tá tábhacht le Cloch Rosetta toisc gur sholáthair sí an eochair ríthábhachtach chun hiaróglafaigh na Sean-Éigipte a dhíshealbhú in 1822, ós rud é go raibh an fhoraithne chéanna scríofa i dtrí script uirthi: hiaróglafaigh, script Dheamótach, agus Sean-Ghréigis."
Cad iad na chéad trí chéim ba chóir dom a ghlacadh chun buiséad pearsanta inbhuanaithe a chruthú agus tosú ag sábháil?,,"Chun buiséad inbhuanaithe a bhunú agus tosú ag sábháil láithreach, dírigh ar na trí ghníomh lárnacha seo:

1.  **Rianaigh Gach Caiteachas:** Don chéad mhí, déan gach pingin a chaitear a thaifeadadh go mion (ag úsáid aip, scarbhileog, nó leabhair nótaí). Cruthaíonn sé seo feasacht ar do ghnáthnósanna caiteachais bunlíne.
2.  **Catagóirigh agus Iniúchadh:** Scar do chaiteachais i gcostais sheasta (cíos, árachas), costais inathraithe (earraí grósaeireachta, siamsaíocht), agus caiteachas roghnach. Aithin 'sceitheadh'—réimsí ina gcuireann ceannacháin bheaga mhinice suas go neamhriachtanach.
3.  **Cuir 'Íoc Tú Féin Ar dtús' i bhfeidhm:** Socraigh aistriú uathoibríoch láithreach tar éis do thaisce seice pá a ghluaiseann méid sábhála réamhchinntithe go díreach isteach i gcuntas coigiltis ardtoraidh. Caith leis an aistriú seo mar chostas nach féidir a shárú."
"Grúpáil na cathracha seo a leanas de réir a bpríomh-ilchríche: Cairo, Sydney, Shanghai, Rio de Janeiro, London, Johannesburg, New York City, Moscow.",,"An Afraic: Cairo, Johannesburg
An Áise: Shanghai
An Eoraip: London, Moscow
Meiriceá Thuaidh: New York City
An Aigéine: Sydney
Meiriceá Theas: Rio de Janeiro"
Cé a bhfuil creidiúint tugtha dó as an Mona Lisa a phéinteáil?,,Leonardo da Vinci
Cad é an struchtúr beo is mó ar Domhan?,,"Is é an Sceir Mhór Bhacainneach an struchtúr beo is mó ar Domhan, atá suite amach ó chósta na hAstráile. Is é an córas sceireacha coiréil is mó ar domhan é agus is féidir é a fheiceáil ón spás amuigh fiú."
Cad é príomhchathair na hAstráile,,Canberra
"Aithin na trí phríomhchineál RNA a fhaightear i gcealla eocarótacha, aicmigh iad de réir a ról in léiriú géine (trascríobh nó aistriú), agus déan achoimre ar phríomhfheidhm gach ceann acu.",,"Is iad na trí phríomhchineál RNA a fhaightear i gcealla eocarótacha ná RNA Teachtaire (mRNA), RNA Aistrithe (tRNA), agus RNA Ribosómach (rRNA). Is comhpháirteanna riachtanacha iad de mhadra lárnach na bitheolaíochta móilíní, ag éascú tiontú faisnéise géinití ó DNA go próitéiní feidhmiúla.

### 1. RNA Teachtaire (mRNA)

**Aicmiú:** Páirteach go príomha i **dTrascríobh** (sintéis thúsach bunaithe ar theimpléad DNA) agus feidhmíonn sé mar theimpléad le haghaidh **Aistriú**.

**Feidhm:** Feidhmíonn mRNA mar mhóilín idirmheánach. Déantar é a thrascríobh ó theimpléad DNA sa núicléas, ag iompar an chóid ghéinitigh (i bhfoirm códón) do phróitéin shonrach. Ansin, taistealaíonn sé go dtí an cíteaplasma (nó an reiticiolam iontlaiseach) áit a ndéanann sé seicheamh na n-aimíonaigéad atá le chéile le linn shintéis próitéine a dheachtú.

### 2. RNA Aistrithe (tRNA)

**Aicmiú:** Páirteach go príomha in **Aistriú**.

**Feidhm:** Tá móilíní tRNA freagrach as na aimíonaigéid chuí a thabhairt go fisiciúil chuig an ribeasóm le linn aistriú. Tá frithchódón ag gach móilín tRNA (seicheamh comhlántach don chódón mRNA) ag foirceann amháin agus tá sé luchtaithe lena aimíonaigéad comhfhreagrach ag an bhfoirceann eile. Cinntíonn sé go dtógtar an slabhra polaipeiptíde ceart de réir threoracha an mRNA.

### 3. RNA Ribosómach (rRNA)

**Aicmiú:** Páirteach go príomha in **Aistriú** (struchtúrtha agus catalasach).

**Feidhm:** Is é rRNA an príomh-chomhpháirt struchtúrtha agus catalasach de ribeasóim, na meaisíní móilíneacha atá freagrach as sintéis próitéine. Is castáin de rRNA agus próitéiní iad ribeasóim. Tá móilíní rRNA ríthábhachtach chun struchtúr an ribeasóim a chothabháil agus, níos tábhachtaí fós, catalaíonn rRNA an fho-aonaid mhóir (ar a dtugtar an peiptidil-aistreán) foirmiú na nasc peiptíde a nascann na aimíonaigéid le chéile."
Mínigh cén fáth ar aicmíodh Plútón arís ó mhórphláinéad go pláinéad abhac.,,"I 2006, bhunaigh an tAontas Réalteolaíoch Idirnáisiúnta (ARI) an chéad sainmhíniú foirmiúil ar 'phláinéad'. D'éiligh an sainmhíniú seo go gcomhlíonfadh corp neamhaí trí chritéar: 1) Ní mór dó fithisiú na Gréine; 2) Ní mór dó mais leordhóthanach a bheith aige chun go nglacfadh a fhéinghrábhacht cruth beagnach cruinn (cothromaíocht hidreastatach); agus 3) Ní mór dó an comharsanacht timpeall ar a fhithis a bheith glanta aige. Shásaigh Plútón an chéad dá chritéar, ach theip air sa tríú ceann toisc go roinneann sé a réigiún fithiseach (Crios Kuiper) le go leor réad mór eile. Mar thoradh air sin, aicmíodh Plútón arís mar 'phláinéad abhac'."
Cad é an speiceas piongain bheo is mó?,"Is grúpa éan uisceach, gan eitilt, iad na piongain. Cónaíonn siad beagnach go hiomlán sa Leathsféar Theas, gan ach speiceas amháin, an piongain Galápagos, ag maireachtáil ó thuaidh den mheánchiorcal. Ós rud é go bhfuil siad an-oiriúnaithe don saol san uisce, bíonn cleiteacha dorcha agus bán, atá frithscáthaithe, ag na piongain, agus d'athraigh a gcuid sciathán ina n-eiteoga. Itheann an chuid is mó de na piongain crilleanna, iasc, scuid, agus cineálacha eile de shaol na mara a ghabhtar le linn snámha. Is é an speiceas beo is mó ná an piongain Impire, arb é a airde meánach ná thart ar 1.1 méadar (3 tr 7 orlach) agus a mheáchan ná 35 cileagram (77 lb). Is é an speiceas is lú ná an piongain ghorm Bheag (ar a dtugtar an piongain sí freisin), a bhfuil meáchan thart ar 1 cileagram (2.2 lb) ann.",An piongain Impire
Déan na téarmaí fantaisíochta/ficsean eolaíochta seo a leanas a chatagóiriú de réir a bpríomh-Cruinne: Star Wars (SW) nó Tiarna na bhFáinní (LOTR).,"Fáinne, Fórsa, Claíomh Solais, Draoi, Spáslong, Ailf, Impireacht, Orc, Jedi.","SW: Fórsa, Claíomh Solais, Spáslong, Impireacht, Jedi. LOTR: Fáinne, Draoi, Ailf, Orc."
Mínigh príomhfheidhmeanna an airgid i ngeilleagar nua-aimseartha.,,"Tá trí phríomhfheidhm ríthábhachtach ag airgead i ngeilleagar nua-aimseartha, ag cur deireadh leis na neamhéifeachtúlachtaí atá i gcóras malartaithe. Ar an gcéad dul síos, is **meán malartaithe** é, rud a chiallaíonn go nglactar leis go huilíoch chun earraí agus seirbhísí a cheannach agus a dhíol, ag cur deireadh leis an ngá le ‘comhtharlú dúbailte riachtanas.’ Sa dara háit, feidhmíonn sé mar **aonad cuntais**, ag soláthar tagarmhairc choitinn chun praghas a chur ar earraí, comparáid a dhéanamh ar luachanna, agus fiacha a ríomh. Ligeann sé seo dúinn luach earraí éagsúla a thomhas go héasca, cosúil le carr i gcoinne builín aráin. Ar deireadh, is **stór luacha** é airgead, rud a ligeann do dhaoine saibhreas a choinneáil agus cumhacht cheannaigh a chur ar athló go dtí an todhchaí, ag glacadh leis go bhfuil an boilsciú réasúnta seasmhach. Cinntíonn na trí fheidhm seo go n-oibríonn an tráchtáil agus an t-airgeadas go réidh ar fud an domhain."
"Cad é an t-ainm a bhí ar an gcéad oigheann micreathonnach a bhí ar fáil go tráchtála, agus cé mhéad cumhachta a úsáideann gnáth-aonaid chónaitheacha inniu?","Téann oighinn micreathonnacha bia trí é a chur faoi radaíocht leictreamaighnéadach sa raon minicíochta micreathonn. Cuireann sé seo faoi deara móilíní polacha sa bhia, amhail uisce, rothlú agus fuinneamh teirmeach a tháirgeadh—próiseas ar a dtugtar téamh tréleictreach. Cé go meastar go minic gur aireagán nua-aimseartha é, d'fhorbair Percy Spencer an bhunteicneolaíocht i 1945. De ghnáth, ídíonn gnáth-aonaid chónaitheacha idir 600 agus 1,200 vata cumhachta agus oibríonn siad ag minicíochtaí thart ar 2.45 GHz. Mar sin féin, bhí meáchan os cionn 750 punt ar an gcéad aonad a bhí ar fáil go tráchtála, an 'Radarange,' agus sheas sé beagnach sé throigh ar airde.","Ba é an chéad aonad a bhí ar fáil go tráchtála an 'Radarange,' agus de ghnáth, ídíonn gnáth-aonaid chónaitheacha idir 600 agus 1,200 vata cumhachta."
Cad é Conradh Versailles?,"Ba é Conradh Versailles an ceann is tábhachtaí de na conarthaí síochána a chuir deireadh leis an gCéad Chogadh Domhanda. Chuir an Conradh deireadh leis an staid chogaidh idir an Ghearmáin agus na Cumhachtaí Comhghuaillithe. Síníodh é ar an 28 Meitheamh 1919 i Versailles, cúig bliana go díreach tar éis feallmharú an Ard-Diúc Franz Ferdinand, rud a chuir tús díreach leis an gcogadh. Bhí conarthaí ar leith ag na Cumhachtaí Láir eile. Cé gur chuir an sos cogaidh, a síníodh ar an 11 Samhain 1918, deireadh leis an troid iarbhír, theastaigh sé mhí de chaibidlíocht ag Comhdháil Síochána Pháras chun an conradh síochána a thabhairt chun críche. Chláraigh Rúnaíocht Chonradh na Náisiún an conradh ar an 21 Deireadh Fómhair 1919. Bhí 440 alt sa chonradh, a d'éiligh ar an nGearmáin freagracht iomlán a ghlacadh as an gcogadh a chruthú agus a leag síos íocaíochtaí troma cúitimh, lamháltais chríochacha shuntasacha, agus srianta míleata dochta.",Ba é Conradh Versailles an ceann is tábhachtaí de na conarthaí síochána a chuir deireadh foirmiúil leis an gCéad Chogadh Domhanda agus a chuir deireadh leis an staid cogaidh idir an Ghearmáin agus na Cumhachtaí Comhghuaillithe.
"Scríobh meamram inmheánach ó Bhainisteoir Tionscadail chuig an bhFoireann Fheidhmiúcháin maidir leis an spriocdháta a cailleadh d'Imscaradh Bogearraí Atlas. Ní mór don mheamram 1) príomhchúis an mhoill a mhíniú go soiléir, 2) leithdháileadh láithreach innealtóra sinsearaigh DevOps agus fuinneog tástála leathnaithe a iarraidh, agus 3) céim nua éigeantach um measúnú riosca réamh-imscartha a mholadh do gach tionscadal amach anseo.",,"MEAMRAM

CHUIG: An Fhoireann Cheannaireachta Feidhmiúcháin (FCF)
Ó: [Ainm an Bhainisteora Tionscadail], Ceannaire Imscartha Atlas
DÁTA: 26 Deireadh Fómhair, 2023
ÁBHAR: Nuashonrú Stádais agus Plean Gníomhaíochta Feabhais le haghaidh Moill ar Imscaradh Bogearraí Atlas

Deimhníonn an meamram seo gur cailleadh an t-imscaradh sceidealta ar an 25 Deireadh Fómhair den phacáiste bogearraí Atlas.

1) Ba é príomhchúis an mhoill seo ná teacht ar choinbhleachtaí criticiúla, nach raibh coinne leo, idir na modúil Atlas nua-fhorbartha agus an bonneagar tuairiscithe airgeadais oidhreachta atá ann cheana (Córas 3). Cé gur cuireadh seiceálacha spleáchais tosaigh i gcrích, níor tháinig castacht phrótacail láimhseála sonraí Chóras 3 chun solais ach le linn tástáil struis ualaigh ard, deiridh, ag deireadh na seachtaine seo caite. Éilíonn réiteach na saincheisteanna seo eolas speisialaithe a sháraíonn scóip reatha na foirne QC.

2) Chun an amlíne imscartha a chobhsú agus chun seoladh rathúil a chinntiú, iarraim go práinneach dhá acmhainn chriticiúla:
* Leithdháileadh láithreach, tiomnaithe, innealtóra sinsearaigh DevOps, Jane Keller go sonrach, don chéad 72 uair an chloig chun na cúngúcháin API casta oidhreachta a réiteach.
* Leathnú oifigiúil na fuinneoige tástála le cúig lá gnó breise chun na ceartúcháin a bhailíochtú go dian sula ndéanfar an dáta imscartha a atheagrú.

3) Ag dul ar aghaidh, chun riosca moilleanna comhchosúla in imscaradh criticiúla amach anseo a mhaolú, molaim bunú láithreach céime éigeantaí um Measúnú Riosca Réamh-Imscartha (MRRÍ). Leis an gcéim seo, a chuirfear i gcrích le linn na céime pleanála, éileofaí iniúchadh domhain ar gach córas oidhreachta idirnasctha agus theastódh síniú ó úinéirí córais ábhartha, beag beann ar an spleáchas braite.

Is mór agam d'aird phras ar na hiarrataí seo. Cuirfidh mé meastachán amlíne athbhreithnithe ar fáil roimh dheireadh an lae gnó nuair a dheimhnítear na hacmhainní."
Cén dúshlán ar leith a bhí roimh Alexander Fleming tar éis dó an tsubstaint ar bhaist sé peinicillin uirthi a aithint?,"Ba é an dochtúir agus micribhitheolaí Albanach Alexander Fleming a d'aimsigh Peinicillin i 1928, cé gur cuireadh moill ar a úsáid chliniciúil ar feadh níos mó ná deich mbliana. Thug Fleming faoi deara, go cáiliúil, múnla, *Penicillium notatum*, a bhí ag éilliú mias Peitreo ina shaotharlann i Londain. Thug sé faoi deara go raibh an limistéar díreach timpeall ar choilíneacht an mhúnla saor ó fhás baictéarach (go sonrach *Staphylococcus*). D'aithin Fleming i gceart gurbh í an pheinicillin an tsubstaint ghníomhach, ach bhí deacracht aige an comhdhúil a leithlisiú agus a íonú i bhfoirm chobhsaí a bheadh oiriúnach do olltáirgeadh nó do chóireáil éifeachtach daonna. Ní go dtí tús na 1940idí, nuair a d'fhorbair eolaithe Oxford, Howard Florey agus Ernst Chain, próiseas chun peinicillin a íonú agus a chobhsú, a d'éirigh leis a bheith ina dhruga teiripeach inmharthana, ag cur isteach go mór ar líon na dtaismeach le linn an Dara Cogadh Domhanda.",Bhí deacracht ag Fleming an comhdhúil a leithlisiú agus a íonú i bhfoirm chobhsaí a bheadh oiriúnach do olltáirgeadh nó do chóireáil éifeachtach daonna.
"Déan liosta de na ceithre phríomhphearsana a bhí páirteach i bhfionnachtain agus i bpúrú insline de réir an téacs, ag tabhairt faoi deara a róil shonracha.","D'aimsigh Frederick Banting agus Charles Best inslin sa bhliain 1921 in Ollscoil Toronto. D'oibrigh siad faoi mhaoirseacht John James Rickard Macleod. I dtús báire, bhí deacrachtaí ag an bhfoireann na sliochtanna paincréasacha a íonú. Níos déanaí, chuaigh James Collip isteach san iarracht agus d'fhorbair sé próiseas chun foirm inslin eastóscáin a bhí íon go leor a chruthú, ar tugadh 'Isletin' uirthi. Tharla an chéad triail rathúil ar dhaoine ar an 23 Eanáir, 1922, ina raibh Leonard Thompson, 14 bliana d'aois, páirteach. Bronnadh Duais Nobel na Bliana 1923 sa Fhiseolaíocht nó sa Leigheas ar Banting agus ar Macleod, rud a roinn Banting láithreach le Best, agus Macleod le Collip.",Tá creidiúint tugtha do Frederick Banting agus Charles Best as fionnachtain tosaigh an inslin. Ba é John James Rickard Macleod maoirseoir na foirne. Bhí James Collip freagrach as an bpróiseas íonúcháin a fhorbairt a cheadaigh trialacha rathúla ar dhaoine (ag cruthú 'Isletin').
Liostaigh na príomhbhuntáistí eacnamaíocha agus lóistíochta a luaíonn cuideachtaí le haghaidh beartais bhuanobair iargúlta a chur i bhfeidhm.,,"I measc na bpríomhbhuntáistí a luaitear go minic tá:
1. Laghdú suntasach ar chostais oibriúcháin trí laghdú a dhéanamh ar an ngá atá le spás oifige fisiciúil, fóntais, agus seirbhísí gaolmhara.
2. Rochtain ar linn tallainne níos leithne, neamhlonadaithe, rud a ligeann do chuideachtaí speisialtóirí a earcú beag beann ar a suíomh geografach.
3. Méadú ar choinneáil fostaithe agus ar shásamh poist mar gheall ar sholúbthacht níos mó agus deireadh a chur le comaitéireacht laethúil struis.
4. Táirgiúlacht fheabhsaithe i róil áirithe, mar is féidir le fostaithe a dtimpeallacht oibre a shaincheapadh chun an fhócas a uasmhéadú.
5. Athléimneacht eagraíochtúil agus leanúnas gnó feabhsaithe le linn cur isteach nó éigeandálaí áitiúla."
Mínigh an difríocht idir an aimsir agus an aeráid in aon abairt amháin.,,"Déanann an aimsir cur síos ar na dálaí atmaisféaracha thar thréimhse ghearr ama, cé go ndéanann an aeráid cur síos ar na meánphatrúin aimsire thar thréimhsí fada."
"Liostaigh na ceithre bhun nítrigine atá le fáil i DNA, scartha le camóga poncacha agus a ngiorrúchán aonlitreach idir lúibíní ina dhiaidh sin.","Is móilín casta é aigéad dí-ocsairibeanúicléasach (DNA) a bhfuil an fhaisnéis go léir ann atá riachtanach chun orgánach a thógáil agus a chothabháil. Tá DNA comhdhéanta de dhá shlabhra fhada núicléitídí atá fillte timpeall ar a chéile, ag cruthú héilice dúbailte. Tá trí chuid i ngach núicléitíd: grúpa fosfáite, móilín siúcra (dí-ocsairibeós), agus ceann amháin de cheithre bhun nítrigine. Is iad na bunsanna seo Aidinín (A), Gúainín (G), Cíotóisín (C), agus Tímín (T). Is é seicheamh na mbunsanna seo a chinneann an cód géiniteach.",Aidinín (A); Gúainín (G); Cíotóisín (C); Tímín (T)
Cén chaoi ar chóir dom freagra a thabhairt má insíonn mo pháiste fásta dom go bhfuil siad ag streachailt le dúlagar mór agus go bhfuil siad ag smaoineamh ar éirí as an gcoláiste?,,"Is é an chéim láithreach is tábhachtaí ná a bpian a bhailíochtú agus a leas a chur chun tosaigh ar imní acadúla. Freagair le trua suaimhneach, ag cur béime go bhfuil a sláinte níos tábhachtaí ná a gcéim faoi láthair. Abair, 'Go raibh maith agat as muinín a chur ionam leis seo; tabharfaimid aghaidh air seo le chéile.' Cuidigh leo láithreach measúnú gairmiúil a lorg—ag dul i dteagmháil le hionad comhairleoireachta ollscoile, lia cúraim phríomhúil, nó speisialtóir meabhairshláinte. Más gá éirí as, déan é a fhrámú mar 'sos' nó 'saoire leighis' chun mothúcháin teipe a laghdú, agus dírigh ar chóras tacaíochta cobhsaí agus ar phlean cóireála a bhunú sula ndéantar aon athruithe móra lóistíochta."
"Tabhair achoimre gonta ar chúiseanna agus ar thorthaí láithreacha Ghéarchéim Diúracán Chúba (Deireadh Fómhair 1962), ag cinntiú go bhfuil an achoimre faoi bhun 200 focal.",,"Géarchéim Diúracán Chúba, a tharla i nDeireadh Fómhair 1962, ba é comhrac 13 lá idir na Stáit Aontaithe agus an tAontas Sóivéadach é, a spreagadh ag imscaradh diúracán balisteach Sóivéadach i gCúba. Tháinig príomhchúiseanna as teannas an Chogaidh Fhuair ag dul i méid, imscaradh diúracán Iúpatar na SA sa Tuirc, agus fonn an Aontais Shóivéadaigh Cúba a chosaint tar éis ionradh theip ar Bhá na Muc. Shroich an ghéarchéim a buaic nuair a chuir na SA coraintín cabhlaigh i bhfeidhm.

Bhain an réiteach leis an gceannaire Sóivéadach Khrushchev ag aontú na diúracáin a dhíchóimeáil mar mhalairt ar ghealltanas poiblí na SA gan ionradh a dhéanamh ar Chúba, mar aon le comhaontú rúnda chun diúracáin na SA a bhaint den Tuirc. Toradh suntasach láithreach ba ea bunú na teolínne Moscó–Washington chun cumarsáid dhíreach a éascú agus chun cosc a chur ar mhéadú núicléach amach anseo."
Achoimrigh príomhimeachtaí agus baill an chriú de mhisean Apollo 11 bunaithe ar an téacs soláthraithe.,"Ba é Apollo 11 an spás-eitleán a thug an chéad bheirt daoine ar an nGealach. Thuirling an Ceannasaí Neil Armstrong agus an píolóta modúil gealaí Buzz Aldrin an Modúl Gealaí Apollo *Eagle* ar an 20 Iúil, 1969, ag 20:17 UTC. Ba é Armstrong an chéad duine a sheas ar dhromchla na gealaí sé huaire an chloig ina dhiaidh sin ar an 21 Iúil; chuaigh Aldrin leis 19 nóiméad ina dhiaidh sin. Chaith siad thart ar dhá uair an chloig agus ceathrú uair an chloig le chéile lasmuigh den spásárthach, agus bhailigh siad 47.5 punt (21.5 kg) d'ábhar gealaí le tabhairt ar ais go dtí an Domhan. Rinne an tríú ball den chriú, Michael Collins, an modúl ceannais *Columbia* a phíolóitíocht ina aonar i bhfithis ghealaí fad is a bhí Armstrong agus Aldrin ar dhromchla na Gealaí. Seoladh Apollo 11 le roicéad Saturn V ó Ionad Spáis Kennedy ar an 16 Iúil, agus d'fhill sé ar an Domhan, ag tuirlingt san Aigéan Ciúin, ar an 24 Iúil.","Ba é Apollo 11 an misean a thug an chéad bheirt daoine ar an nGealach: An Ceannasaí Neil Armstrong (an chéad duine ar an dromchla) agus an píolóta modúil gealaí Buzz Aldrin. Thuirling siad an modúl gealaí *Eagle* ar an 20 Iúil, 1969. Agus iad ar an dromchla, chaith siad thart ar dhá uair an chloig agus ceathrú uair an chloig ag bailiú 47.5 punt d'ábhar gealaí. Rinne an tríú ball den chriú, Michael Collins, an modúl ceannais *Columbia* a phíolóitíocht i bhfithis. Seoladh an misean ar an 16 Iúil agus tháinig sé i dtír san Aigéan Ciúin ar an 24 Iúil."
Cén fhadhb eiticiúil is dúshlánaí a mheastar faoi láthair atá roimh imscaradh AI ar scála mór?,,"Tá saincheist na cuntasachta agus fadhb an 'bhosca dhuibh' ríthábhachtach. Ós rud é go n-úsáideann go leor samhlacha ardleibhéil AI foghlaim dhomhain a fhágann go bhfuil a bpróiseas cinnteoireachta doiléir, is beagnach dodhéanta a chinneadh cé atá freagrach nuair a dhéanann AI cinneadh díobhálach nó idirdhealaitheach (an cláraitheoir, an t-úsáideoir, nó an AI féin). Baineann an easpa trédhearcachta seo an bonn de na creataí cuntasachta dlíthiúla agus eiticiúla."
Caithfidh mé mo chistin a ghlanadh go tapa sula dtagann aíonna. Cad iad na trí thasc riachtanacha ar chóir dom díriú orthu?,,"Ba chóir duit díriú ar an doirteal a ghlanadh go tapa agus aon miasa a níochán, na dromchlaí cuntair inrochtana go léir a ghlanadh, agus an t-urlár infheicthe a scuabadh nó a ghlanadh go poncúil."
"Liostaigh na príomhchathracha do na tíortha seo a leanas atá ina mbaill den G7: Ceanada, an Fhrainc, an Ghearmáin, an Iodáil, an tSeapáin, an Ríocht Aontaithe, agus na Stáit Aontaithe.",,"Ceanada: Ottawa
An Fhrainc: Páras
An Ghearmáin: Beirlín
An Iodáil: An Róimh
An tSeapáin: Tóiceo
An Ríocht Aontaithe: Londain
Na Stáit Aontaithe: Washington, D.C."
"Cé a d'aimsigh Plútón, agus cén bhliain agus cén áit ar rinneadh an fhionnachtain go hoifigiúil?","D'aimsigh Clyde Tombaugh Plútón go hoifigiúil ar an 18 Feabhra 1930, ag Réadlann Lowell in Arizona. Bhí a bheith ann tuartha níos luaithe mar gheall ar shuaitheadh a breathnaíodh i bhfithisí Úránais agus Neiptiúin, rud a thug ar réalteolaithe cuardach a dhéanamh ar ""Pláinéad X."" Fuair Tombaugh Plútón trí phlátaí fótagrafacha a tógadh laethanta óna chéile a chur i gcomparáid go córasach, ag cuardach rudaí a bhí ag bogadh i gcoinne na réaltaí cúlra. Rinneadh an coinbhinsiún ainmniúcháin a fhoinsiú sluaite, agus roghnaíodh an t-ainm ""Plútón,"" a mhol Venetia Burney, cailín 11 bliana d'aois, go hoifigiúil níos déanaí an bhliain sin.",D'aimsigh Clyde Tombaugh Plútón i 1930 ag Réadlann Lowell in Arizona.
Cad é an sliabhraon ilchríochach is faide ar fud an domhain?,,"Is é an tAindéis an sliabhraon ilchríochach is faide. Sínteann sé thart ar 7,000 ciliméadar (4,300 míle) agus ritheann sé feadh chósta iomlán thiar Mheiriceá Theas, ag dul trí seacht dtír dhifriúla."
Cén fáth go bhfuil gáis uasal den chuid is mó neamh-imoibríoch?,,"Tá gáis uasal den chuid is mó neamh-imoibríoch toisc go bhfuil líon iomlán d'fhiúsleictreoin acu ina sliogán fuinnimh is faide amuigh (ochtáid, nó duaid do héiliam). Mar gheall ar an gcumraíocht leictreonach chobhsaí seo, bíonn siad frithsheasmhach in aghaidh leictreoin a ghnóthú, a chailleadh nó a roinnt, arb iad na bunphróisis atá riachtanach chun naisc cheimiceacha a fhoirmiú."
Cad iad na tréithe idirdhealaitheacha a fhágann Vesta uathúil i measc astaróidí?,"Is í Vesta an dara corp is mó mais sa chrios astaróideach, atá suite idir Mars agus Iúpatar. Murab ionann agus go leor astaróidí níos lú, léiríonn Vesta idirdhealú pláinéadach suntasach, rud a chiallaíonn go bhfuil croí, maintlín, agus screamh ar leith aige. Is í an mháthair-chomhlacht í do na dreigítí HED (Hóvaidítí, Eúicrítí, agus Dioiginítí) a thiteann go minic ar an Domhan, ag soláthar samplaí luachmhara dá comhdhéanamh d'eolaithe. Rinne spásárthach Dawn fithisiú ar Vesta ó 2011 go 2012, ag dearbhú a struchtúir shraitheach agus ag fáil amach a cráitéar tionchair fáinne-bheannaigh neamhghnách mór, Rheasilvia.","Léiríonn Vesta idirdhealú pláinéadach suntasach, rud a chiallaíonn go bhfuil croí, maintlín, agus screamh ar leith aici. Ina theannta sin, is í an mháthair-chomhlacht í do na dreigítí HED."
Céard ba chúis le cliseadh sciatháin Ícaras?,"Rinne Daedalus, máistircheardaí, sciatháin as céir agus cleití ionas go bhféadfadh sé féin agus a mhac, Ícaras, éalú ón bpríosún ar an Créit. Thug Daedalus rabhadh dian dá mhac: ná eitil róchóngarach don fharraige, mar go gcuirfeadh an taise ualach ar na cleití, ná ró-ard, mar go leáighfeadh teas na gréine an chéir a cheangail na sciatháin le chéile, gan dabht. Ag déanamh neamhairde ar achainíocha éadóchasacha a athar, d'éirigh Ícaras níos airde agus níos airde, ar meisce ag saoirse na heitilte. De réir mar a chuaigh sé i dtreo na gréine, mhaolaigh agus dhíscaoileadh an chéir, scar na cleití, agus chuaigh Ícaras ag tumadh isteach san fharraige thíos.",Leáigh teas na gréine an chéir a cheangail na sciatháin le chéile.
Céard atá lán de phoill ach a choinníonn uisce fós?,,Spúinse.
"De réir an téacs a soláthraítear, cé na dhá phríomh-mheicníocht a ligeann do Líonra Néarúil Comhlúiteach (CNN) an chastacht ríomhaireachtúil agus líon na bparaiméadar a laghdú i gcomparáid le líonraí traidisiúnta?","Is rang de líonraí néarúla doimhne é Líonra Néarúil Comhlúiteach (CNN), a chuirtear i bhfeidhm go hiondúil chun íomháineachas amhairc a anailísiú. Déantar idirdhealú orthu de bharr go n-úsáideann siad sraitheanna comhlúiteacha, a chuireann scagaire i bhfeidhm ar na sonraí ionchuir chun léarscáil gnéithe a chruthú, rud a chuireann ar chumas an líonra ordlathais spásúla a fhoghlaim. Murab ionann agus gnáth-líonraí néarúla friothálacha ar aghaidh, laghdaíonn CNNanna go suntasach líon na bparaiméadar a theastaíonn trí úsáid a bhaint as meáchain chomhroinnte agus sraitheanna comhthiomsaithe. Laghdaíonn sraitheanna comhthiomsaithe, amhail uas-chomhthiomsú, gnéasacht na léarscáileanna gnéithe, rud a chabhraíonn le rófheistiú a chosc agus a fhágann go bhfuil an ríomhaireacht níos soláimhsithe. Tógann an tsraith lánnasctha, a bhíonn suite de ghnáth ag deireadh na hailtireachta, na gnéithe ardleibhéil a foghlaimíodh leis na sraitheanna comhlúiteacha agus úsáideann siad iad chun an íomhá ionchuir a aicmiú.","Laghdaíonn CNN an chastacht go príomha trí úsáid a bhaint as meáchain chomhroinnte atá ina nádúr sna sraitheanna comhlúiteacha, agus sa dara háit, trí úsáid a bhaint as sraitheanna comhthiomsaithe (amhail uas-chomhthiomsú), a laghdaíonn gnéasacht na léarscáileanna gnéithe."
Cad é an tsiombail cheimiceach don ór?,,Is í an tsiombail cheimiceach don ór ná Au.
Mínigh coincheap an athchúrsála.,,"Is teicníc cláraithe é an athchúrsáil ina nglaonn feidhm uirthi féin, go díreach nó go hindíreach, chun fadhb a réiteach. Is é an croí-smaoineamh ná fadhb chasta a bhriseadh síos ina fo-fhadhbanna níos lú agus comhionanna. Chun go gcuirfidh feidhm athchúrsála deireadh leis agus chun lúb gan teorainn a sheachaint, ní mór dhá chuid ríthábhachtacha a bheith aici: 1) An Bunphointe (Bunáit): Coinníoll a chuireann stop leis an athchúrsáil, ag soláthar réiteach díreach don chás is simplí den fhadhb. 2) An Céim Athchúrsála: Ina nglaonn an fheidhm uirthi féin le hionchur athraithe, ag druidim níos gaire don bhunphointe. Sampla clasaiceach is ea dhá scáthán a chur os comhair a chéile; tá leagan níos lú den íomhá fhoriomlán san fhrithchaitheamh, a leanann ar aghaidh gan teorainn mura gcuirtear riail stoptha (bunphointe) isteach."
"Bain ainm iomlán an dineasáir, a bhliain fionnachtana, agus a shaintréith as an téacs ionchuir, ag cur an toraidh i láthair mar liosta struchtúrtha ina dtagann an tréith i ndiaidh an ainm agus na bliana i lúibíní.","Triceratops horridus, a fionnadh sa bhliain 1887, tá sé fós ar cheann de na dineasáir adharcacha is so-aitheanta. Níos déanaí, sa bhliain 1905, ainmníodh an Tyrannosaurus rex ollmhór go foirmiúil. Fionnachtain shuntasach eile, a théann siar go dtí 1877, ab ea Stegosaurus armatus, a raibh clú air mar gheall ar a chláir agus a spící eireabaill.","*   Triceratops horridus (1887): dineasáir adharcacha
*   Tyrannosaurus rex (1905): dineasár ollmhór
*   Stegosaurus armatus (1877): cláir agus spící eireabaill"
Déan cur síos ar thógáil agus ar thábhacht eacnamaíoch Chanáil Phanama.,,"Is uasbhealach saorga í Canáil Phanama a cheanglaíonn an tAigéan Atlantach leis an Aigéan Ciúin, a tógadh go príomha chun an bealach farraige idir Meiriceá Thuaidh agus Meiriceá Theas a ghiorrú. Thosaigh tógáil faoi na Francaigh i 1881 ach theip uirthi mar gheall ar ghalar agus deacrachtaí innealtóireachta. Ghlac na Stáit Aontaithe an tionscadal ar láimh i 1904 agus cuireadh i gcrích é i 1914. Ó thaobh an gheilleagair de, tá an chanáil ríthábhachtach, ag ligean do shoithí an bealach fada contúirteach timpeall Rinn an Choirn a sheachbhóthar. Is scóigphointe criticiúil é do thrádáil mhuirí dhomhanda, ag láimhseáil na milliúin tonna lastais gach bliain agus ag ísliú costais iompair go suntasach ar fud an domhain."
"Cén t-aon tír nach bhfuil na dathanna dearg, bán ná gorm le feiceáil ar a bratach?",,An Libia (ag tagairt don bhratach a úsáideadh idir 1977 agus 2011).
Mínigh coincheap na haimhréid chandamaí agus a thábhacht.,,"Is feiniméan fisiceach í an aimhréid chandamach ina mbíonn dhá cháithnín nó níos mó nasctha ar bhealach a roinneann siad an staid chandamach chéanna, beag beann ar an bhfad spásúil eatarthu. Nuair a bhíonn cáithníní fite fuaite, cinneann tomhas ar airí candamach ar leith (amhail guairne nó polarú) de cháithnín amháin láithreach an t-airí comhfhreagrach de na cáithníní eile sa phéire. Tá an comhghaol seo ann fiú má tá na cáithníní scartha ag achair ollmhóra, rud a thug ar Albert Einstein an éifeacht a thabhairt go cáiliúil mar “ghníomh uafásach ag achar,” ós rud é go ndealraíonn sé go dtugann sé le tuiscint aistriú faisnéise níos tapúla ná luas an tsolais (cé nach féidir aon fhaisnéis chlasaiceach a tharchur ar an mbealach seo i ndáiríre).

Éiríonn aimhréid mar nach féidir an tonnfheidhm chandamach a chuireann síos ar an gcóras a fhachtóiriú i dtonnfheidhmeanna ar leith do gach cáithnín comhábhair. Is gné bhunúsach í de mheicnic chandamach agus meastar gur acmhainn chriticiúil í chun teicneolaíochtaí an chéad ghlúin eile a fhorbairt. Tá a tábhacht go príomha in eolaíocht na faisnéise candamaí, ag cruthú an bhunús d’fheidhmchláir phraiticiúla mar chripteagrafaíocht chandamach (cumarsáid shlán), ríomhaireacht chandamach (ag ceadú luasghéaruithe easpónantúla d’fhadhbanna áirithe ríomhaireachta trí chuibíní), agus teileachumarsáid chandamach."
Déan liosta de na ceithre phláinéad chreagacha inmheánacha dár gcóras gréine.,,"Mearcair, Véineas, an Domhan, agus Mars."
"Ag úsáid an téacs a cuireadh ar fáil, liostaigh na ceithre ghealach Ghailíleacha, á gcur i láthair i liosta uimhrithe.","Tugtar gealacha Ghailíleacha ar na ceithre ghealach is mó de chuid Iúpatair, ainmnithe i ndiaidh an fhionnaitheora, Galileo Galilei, sa bhliain 1610. Fithisíonn na gealacha seo Iúpatar i gcosáin intuartha. Tá Io, an ceann is faide istigh den cheathrar, gníomhach ó thaobh bolcánach de. Tá clú ar Europa as a bhlaosc oighreata réidh, rud a thugann le tuiscint go bhfuil aigéan faoin dromchla. Is é Ganymede an ghealach is mó sa chóras gréine ar fad agus is é an t-aon cheann atá ar eolas go bhfuil a maighnéadsféar féin aige. Tá Callisto, an ceann is faide amuigh den ghrúpa, go mór faoi chráitéir agus dealraíonn sé go bhfuil sé marbh go geolaíoch.","1. Io
2. Europa
3. Ganymede
4. Callisto"
"Bunaithe ar an téacs seo a leanas faoi stair an Idirlín, aimsigh an bhliain a seoladh an chéad teachtaireacht agus an institiúid a d'fhorbair an chroítheicneolaíocht.","Tosaíonn stair an Idirlín le forbairt na ríomhairí leictreonacha sna 1950idí. Cuireadh tús le coincheap na líonraí leathanaíochair trí thaighde ar mhalartú pacáidí, a bhí ríthábhachtach d'aistriú sonraí. Ba é an ARPANET an réamhtheachtaí príomhúil don Idirlíon, a bhunaigh an Ghníomhaireacht um Thionscadail Ardtaighde (ARPA) de chuid Roinn Cosanta na S.A. Sheol ARPANET a chéad teachtaireacht go rathúil ar an 29 Deireadh Fómhair 1969, ó ríomhaire ag UCLA chuig ceann ag Institiúid Taighde Stanford. D'fhorbair agus mhaoinigh ARPA an teicneolaíocht bhunúsach seo, a bhí dírithe ar mhalartú pacáidí agus na prótacail TCP/IP tosaigh, a athainmníodh níos déanaí mar DARPA.",Seoladh an chéad teachtaireacht sa bhliain 1969. D'fhorbair agus mhaoinigh an Ghníomhaireacht um Thionscadail Ardtaighde (ARPA) de chuid Roinn Cosanta na S.A. an chroítheicneolaíocht.
Mínigh croí-choincheap Phrionsabal Éiginnteachta Heisenberg.,,"Deir Prionsabal Éiginnteachta Heisenberg gur bunúsach dodhéanta é suíomh agus móiminteam cáithnín araon a thomhas go beacht ag an am céanna. Dá chruinne a bhíonn eolas ar airí amháin, is ea is lú cruinne an t-eolas ar an airí eile."
Liostaigh cúig phríomhshraith atmaisféar an Domhain ag tosú ón dromchla agus ag gluaiseacht amach.,,"Is iad cúig phríomhshraith atmaisféar an Domhain, ag tosú is gaire don talamh, ná:
1. An Trópaisféar: An áit a dtarlaíonn an uile chineál aimsire.
2. An Stratasféar: Cuimsíonn sé an ciseal ózóin, a ionsúnn radaíocht ultraivialait.
3. An Méisisféar: An áit a dhólann an chuid is mó de mheitéaróidí nuair a théann siad isteach.
4. An Teirmisféar: An ciseal ina dtarlaíonn na cóiríní (Soilse an Tuaiscirt agus an Deiscirt).
5. An Eacsasféar: An ciseal is faide amach a théann i léig san spás ar deireadh."
Mínigh ról agus tábhacht eochair-speicis i ndúlchóras.,,"Is orgánach é eochair-speiceas a bhfuil éifeacht rómhór aige ar a thimpeallacht nádúrtha i gcomparáid lena flúirse. Tá speicis den sórt sin ríthábhachtach chun struchtúr pobail éiceolaíoch a chothabháil, ag cur isteach ar go leor orgánach eile san éiceachóras, agus ag cinneadh cineálacha agus líon na speiceas éagsúla atá i láthair. Má bhaintear eochair-speiceas, is minic a athraíonn an t-éiceachóras go drasta nó go dteipeann air go hiomlán, coincheap a léirítear trí ról éiceolaíoch na dobhráin mhara nó na mac tíre liath."
Cén pointe is doimhne atá ar eolas in aigéin an Domhain agus cén doimhneacht atá ann?,,"Is é an Pointe Challenger an pointe is doimhne ar eolas, atá suite i gClais Mariana in Iarthar an Aigéin Chiúin. Tá a dhoimhneacht uasta tomhaiste thart ar 10,935 méadar (35,876 troigh) faoi leibhéal na farraige. Tá an doimhneacht seo beagnach 2,000 méadar níos mó ná airde Shliabh Everest os cionn leibhéal na farraige."
Cad is fiach teicniúil ann i bhforbairt bogearraí?,,"Is coincheap é fiach teicniúil i bhforbairt bogearraí a léiríonn an costas intuigthe a bhaineann le hathchóiriú breise de bharr réiteach éasca (teoranta) a roghnú anois seachas cur chuige níos fearr a úsáid a thógfadh níos faide. Is meafar é don mhalartú idir luas agus cáilíocht. Díreach cosúil le fiachas airgeadais, caithfear fiach teicniúil a aisíoc sa deireadh—trí chomhpháirteanna a athfhachtóiriú nó a athdhéanamh—nó fulaingeoidh an tionscadal ó chostais chothabhála atá ag dul i méid, aclaíocht laghdaithe, agus titim sa deireadh."
Cén dá réimse eolaíochta éagsúla inar bhuaigh Marie Curie Duaiseanna Nobel?,"Fisiceoir agus ceimiceoir Polannach agus Fraincisithe ó nádúr ab ea Marie Skłodowska Curie a rinne taighde ceannródaíoch ar an radaighníomhaíocht. Ba í an chéad bhean a bhuaigh Duais Nobel, an chéad duine agus an t-aon bhean a bhuaigh an Duais Nobel faoi dhó, agus an t-aon duine a bhuaigh Duais Nobel in dhá réimse eolaíochta éagsúla. Roinn sí a céad ghradam, Duais Nobel na Fisice 1903, lena fear céile Pierre Curie agus leis an bhfisiceoir Henri Becquerel. Tugadh a dara gradam, Duais Nobel na Ceimice 1911, go hiomlán as a cuid oibre chun raidiam íon a aonrú.",Fisic agus Ceimic
Liostaigh trí shár-bhia an-chothaitheach atá oiriúnach do bhricfeasta tapa.,,"1. Gormáin (ard frithocsaídeoirí)
2. Iógart Gréagach (borradh próitéine)
3. Síolta Chia (snáithín agus óimige-3anna)"
Scríobh feidhm ghonta Python dar teideal `is_prime` a chinneann an uimhir phríomha í slánuimhir dhearfach áirithe `n`.,,"python
def is_prime(n):
    if n <= 1:
        return False
    for i in range(2, int(n**0.5) + 1):
        if n % i == 0:
            return False
    return True
"
Cad é an tábhacht atá le Cloch Rosetta?,,"Is déantúsán ársa Éigipteach í Cloch Rosetta a thángthas uirthi sa bhliain 1799. Tá an fhoraithne chéanna inscríofa inti i dtrí script: Hiearóglifaigh Éigipteacha, script Dheamótach, agus an tSean-Ghréigis. Is é an phríomhthábhacht atá leis ná gur sholáthair sé an eochair a bhí riachtanach chun na hiearóglifaigh Éigipteacha a dhíchódú, a bhí do-léite ar feadh beagnach dhá mhílaois, rud a chuir ar chumas scoláirí an lae inniu cultúr agus stair ársa na hÉigipte a thuiscint."
"Cén bhliain a bronnadh Duais Nobel na Fisice ar Marie Curie, de réir an téacs a cuireadh ar fáil?","Fisiceoir agus ceimiceoir Polannach agus Frainceach nádúraithe ab ea Marie Skłodowska Curie a rinne taighde ceannródaíoch ar an radaighníomhaíocht. Ba í an chéad bhean a bhuaigh Duais Nobel, an chéad duine agus an t-aon bhean a bhuaigh Duais Nobel faoi dhó, agus an t-aon duine a bhuaigh Duais Nobel in dhá réimse eolaíochta dhifriúla. In éineacht lena fear céile, Pierre Curie, agus an fisiceoir Henri Becquerel, bronnadh Duais Nobel na Fisice 1903 uirthi. Ina dhiaidh sin, bhuaigh sí Duais Nobel na Ceimice 1911 as a fionnachtain ar na dúile polóiniam agus raidiam.",1903
"Liostaigh na hocht bpríomhphláinéad inár ngrianchóras in ord, ag tosú leis an gceann is gaire don ghrian, agus cuir i láthair iad mar liosta uimhrithe.",,"1. Mearcair
2. Véineas
3. Domhan
4. Mars
5. Iúpatar
6. Satarn
7. Úránas
8. Neiptiún"
Samhlaigh go bhféadfá taisteal ar ais go Londain sa 17ú hAois. Cén teicneolaíocht nua-aimseartha is mó a chuirfeadh isteach ar an tsochaí?,,"Córas simplí iontaofa íonú uisce (cosúil le scagairí ceirmeacha nua-aimseartha nó eolas bunúsach ar chlóiríniú). Cé go mbeadh teicneolaíocht splancach cosúil le fóin chliste gan úsáid gan bonneagar, chuirfeadh uisce glan atá éasca a fháil deireadh láithreach le calar agus tífeas, ag méadú go mór an saolré agus ag laghdú ráta básmhaireachta an lucht oibre. Dhéanfadh an borradh daonra tobann seo agus an tsláinte fheabhsaithe athmhúnlú bunúsach ar fhórsa saothair na cathrach, ar riachtanais tithíochta, agus ar bheartais sláinte poiblí, ag cruthú éabhlóid shóisialta tapa, neamhphleanáilte."
"Dréachtaigh Nós Imeachta Oibriúcháin Caighdeánach (NOC) chun tuairisceáin custaiméirí a phróiseáil ag cuideachta ríomhthráchtála. Ní mór don NOC Ráiteas Beartais foirmiúil, Scóip atá sainithe go soiléir, Freagrachtaí liostaithe do na ranna lena mbaineann, Nós Imeachta Mionsonraithe Céim ar Chéim, liosta de Fhoirmeacha/Córais Riachtanacha, agus Sainmhínithe Príomha a áireamh.","Ainm na Cuideachta: Stellar Goods Inc.
Fuinneog Tuairisceáin: 30 lá ón seachadadh.
Coinníoll Glactha: Ní mór a bheith sa phacáistiú bunaidh agus gan úsáid/gan damáiste.
Córais Phróiseála a Úsáidtear: ZenDesk (le haghaidh idirghníomhaíocht/rianú custaiméirí) agus QuickBooks (le haghaidh idirbhearta airgeadais).","## NÓS IMEACHTA OIBRIÚCHÁIN CAIGHDEÁNACH (NOC)

**Teideal:** Próiseáil Tuairisceáin Custaiméirí
**ID NOC:** SG-CUST-RTRN-001
**Dáta Éifeachtach:** 2024-08-01
**Athbhreithniú:** 1.0

---

### 1. Ráiteas Beartais

Is é beartas Stellar Goods Inc. próiseas tráthúil, cruinn agus comhsheasmhach a chinntiú chun tuairisceáin custaiméirí a láimhseáil. Ní mór gach tuairisceán incháilithe, mar a shainmhínítear ag fuinneog tuairisceáin 30 lá na cuideachta agus ceanglais riocht an táirge, a phróiseáil agus a thaifeadadh go cruinn, agus aisíocaíochtaí tionscanta laistigh de sheacht (7) lá gnó ó fháil an earra tuairisceáin.

### 2. Scóip

Baineann an NOC seo le gach marsantas a ceannaíodh go díreach ó Stellar Goods Inc. tríd an suíomh Gréasáin oifigiúil ríomhthráchtála agus clúdaíonn sé na gníomhartha a dhéanann na Ranna Seirbhíse Custaiméirí, Rialaithe Cáilíochta (RC), agus Cuntasaíochta maidir le húdarú, rianú, iniúchadh, agus próiseáil airgeadais na n-earraí tuairisceáin.

### 3. Freagrachtaí

| Roinn | Freagracht |
| :--- | :--- |
| **Ionadaí Seirbhíse Custaiméirí (ISC)** | Teagmháil tosaigh leis an gcustaiméir, fíorú incháilitheachta tuairisceáin, eisiúint Uimhir Údaraithe Marsantais Tuairisceáin (RMA), agus cumarsáid custaiméirí trí ZenDesk. |
| **Foireann na Stórais/Rialaithe Cáilíochta (RC)** | Fáil earraí tuairisceáin, iniúchadh mionsonraithe ar riocht an táirge, agus dearbhú ar thorthaí an iniúchta don Roinn Cuntasaíochta. |
| **An Roinn Cuntasaíochta** | Próiseáil deiridh aisíocaíochtaí trí QuickBooks, athmhuintearas an idirbhirt, agus dearbhú tionscnamh na haisíocaíochta don fhoireann ISC. |

### 4. Nós Imeachta Céim ar Chéim

#### A. Tionscnamh agus Údarú (ISC)

1.  **Faigh Iarratas:** Faigheann an ISC iarratas tuairisceáin trí ghuthán, ríomhphost, nó ticéad ZenDesk. Nuashonraíonn an ISC stádas an ticéid ZenDesk go 'Ag Fanacht le hAthbhreithniú'.
2.  **Fíoraigh Incháilitheacht:** Seiceálann an ISC dáta an bhunordaithe agus dáta an tseachadta i gcoinne beartas na Fuinneoige Tuairisceáin 30 lá. Dearbhaíonn an ISC freisin cúis an chustaiméara leis an tuairisceán agus fíoraíonn sé ceanglais riocht an earra (gan úsáid, pacáistiú bunaidh).
3.  **Eiseán RMA:** Má tá an tuairisceán incháilithe, gineann an ISC uimhir uathúil Údaraithe Marsantais Tuairisceáin (RMA). Déantar an uimhir seo a logáil isteach sa ticéad ZenDesk agus úsáidtear é le haghaidh gach rianú ina dhiaidh sin.
4.  **Cuir Treoracha Loingseoireachta ar Fáil:** Cuireann an ISC an lipéad loingseoireachta réamhíoctha agus treoracha pacáistithe an earra ar fáil don chustaiméir. Cuirtear in iúl don chustaiméir nach ndéanfar an aisíocaíocht a phróiseáil ach amháin tar éis don earra iniúchadh a rith.
5.  **Nuashonrú Rianaithe:** Nuashonraíonn an ISC stádas an ticéid ZenDesk go 'Ag Fanacht le Tuairisceán'.

#### B. Fáil agus Iniúchadh (Foireann RC)

1.  **Teacht an Earra:** Faigheann foireann na Stórais an pacáiste agus logálann siad an pacáiste agus an uimhir RMA gaolmhar isteach sa log tuairisceáin laethúil láithreach bonn.
2.  **Iniúchadh:** Déanann Foireann RC iniúchadh ar an earra i gcoinne na gcritéar: 1) Meaitseáil uimhir RMA, 2) Tá an earra gan úsáid, 3) Tá an earra sa phacáistiú bunaidh, 4) Tá an earra gan damáiste.
3.  **Doiciméadú Iniúchta:** 
    *   *Má Fhaomhtar:* Síníonn foireann RC as ar an bhFoirm Iniúchta, ag tabhairt faoi deara 'Iniúchadh Rithte,' agus seolann siad an fhoirm go digiteach chuig an Roinn Cuntasaíochta.
    *   *Má Dhiúltaítear:* Déanann foireann RC cúis an diúltaithe a dhoiciméadú (m.sh., damáiste, úsáidte, comhpháirteanna in easnamh) agus cuireann siad an fhoireann ISC ar an eolas láithreach bonn tríd an ticéad ZenDesk.

#### C. Próiseáil Airgeadais agus Dúnadh (Cuntasaíocht/ISC)

1.  **Próiseáil Aisíocaíochta (Cuntasaíocht):** Ar fháil fógra 'Iniúchadh Rithte', aimsíonn an Roinn Cuntasaíochta an bunidirbheart díolacháin i QuickBooks ag baint úsáide as an uimhir RMA. Fíoraítear méid na haisíocaíochta (tar éis aon táille athstocála a bhaint, más infheidhme).
2.  **Tionscain Aisíocaíocht:** Tionscnaíonn Cuntasaíocht an t-idirbheart aisíocaíochta trí QuickBooks ar ais chuig an modh íocaíochta bunaidh. Déantar ID an idirbhirt aisíocaíochta a thaifeadadh.
3.  **Fógra (ISC):** Nuashonraíonn an Roinn Cuntasaíochta an ticéad ZenDesk le ID an idirbhirt aisíocaíochta. Seolann an ISC ríomhphost deiridh dearbhaithe chuig an gcustaiméir ansin, ag cur in iúl dóibh go bhfuil an aisíocaíocht próiseáilte (ag tabhairt dáta ar mhoill baincéireachta chaighdeánach 3-5 lá gnó).
4.  **Dúnadh Ticéid:** Athraíonn an ISC stádas an ticéid ZenDesk go 'Dúnta/Aisíoctha'.

### 5. Foirmeacha agus Córais Riachtanacha

*   **ZenDesk:** Úsáidtear é chun gach idirghníomhaíocht custaiméirí a rianú, uimhreacha RMA a eisiúint, agus cumarsáid inmheánach.
*   **QuickBooks Enterprise:** Úsáidtear é chun idirbhearta airgeadais a thaifeadadh, meamraim chreidmheasa a eisiúint, agus aisíocaíochtaí a phróiseáil.
*   **Foirm Iniúchta RMA:** Foirm fhisiceach/dhigiteach éigeantach a chomhlánaíonn Foireann RC chun riocht na n-earraí tuairisceáin a dhoiciméadú.

### 6. Sainmhínithe Príomha

*   **Údarú Marsantais Tuairisceáin (RMA):** Cód alfa-uimhriúil uathúil a eisítear don chustaiméir a údaraíonn an tuairisceán agus a ligeann do Stellar Goods Inc. an earra a rianú trí gach céim den phróiseas.
*   **Fuinneog Tuairisceáin:** An tréimhse 30 lá tar éis an dáta seachadta bunaidh inar féidir le custaiméir tuairisceán a iarraidh.
*   **RC:** Rialú Cáilíochta; an fhoireann ainmnithe atá freagrach as riocht fisiceach táirgí tuairisceáin a iniúchadh.
*   **Meamram Creidmheasa:** An doiciméad cuntasaíochta inmheánach a ghintear i QuickBooks a údaraíonn aisiompú airgeadais an bhundíola."
"Cén t-ainm a bhí ar an modúl gealaí a úsáideadh le linn mhisin Apollo 11, agus cé a d'fhan i bhfithis?","Seoladh misean Apollo 11 ar an 20 Iúil, 1969. Bhí an criú comhdhéanta den Cheannasaí Neil Armstrong, den Phíolóta Modúil Ghealaí Buzz Aldrin, agus den Phíolóta Modúil Ceannasaíochta Michael Collins. Ba iad Armstrong agus Aldrin na chéad daoine a thuirling ar an nGealach, ag déanamh a nGníomhaíochta Lasmuigh den Fheithicil (EVA) ar dhromchla na gealaí ar an 20 Iúil. D'fhan Collins i bhfithis ghealaí ar bord an mhodúil cheannasaíochta, Columbia. Tugadh Eagle ar an modúl gealaí.","Tugadh Eagle ar an modúl gealaí, agus d'fhan Michael Collins i bhfithis ghealaí ar bord an mhodúil cheannasaíochta."
Déan cur síos ar Dhroichead an Gheata Órga.,"Is droichead fionraí é Droichead an Gheata Órga a shíneann trasna an Gheata Órga, an caolas míle ar leithead (1.6 km) a cheanglaíonn Bá San Francisco leis an Aigéan Ciúin. Cuireadh tús leis an tógáil ar an 5 Eanáir 1933, agus críochnaíodh é i mí Aibreáin 1937, ag oscailt do thrácht coisithe ar an 27 Bealtaine 1937. Ba iad an t-innealtóir Joseph Strauss agus an t-ailtire Irving Morrow a dhear é. Roghnaigh Morrow dath sainiúil an droichid, dath deargchorcra oráiste ar a dtugtar Oráiste Idirnáisiúnta. Ar feadh 27 bliain tar éis a chríochnaithe, bhí réise príomhspáinn an droichid fhionraí is faide ar domhan ag Droichead an Gheata Órga.","Is droichead fionraí é Droichead an Gheata Órga a shíneann trasna chaolas an Gheata Órga, ag nascadh Bá San Francisco leis an Aigéan Ciúin. Cuireadh tús leis an tógáil i 1933 agus osclaíodh an droichead i mí Bealtaine 1937. Ba iad Joseph Strauss agus Irving Morrow a dhear go príomha é, agus roghnaigh Morrow an dath íocónach deargchorcra oráiste, ar a dtugtar Oráiste Idirnáisiúnta. Nuair a críochnaíodh é, bhí an taifead ag an droichead do réise príomhspáinn an droichid fhionraí is faide ar domhan ar feadh beagnach trí scór bliain, agus inniu tá sé fós ar cheann de na sainchomharthaí tíre is so-aitheanta i gCalifornia agus sna Stáit Aontaithe."
Cathain atá an spriocdháta deiridh chun an togra a chur isteach?,"Tá trí chéim leagtha amach i dtráthchlár an tionscadail: taighde ag tosú 1 Márta, dréachtú ag críochnú 15 Aibreán, agus tá an spriocdháta oifigiúil, neamh-soshannta don chur isteach socraithe don 30 Bealtaine den bhliain reatha.",30 Bealtaine
Liostaigh agus déan cur síos ar na príomhchineálacha réaltraí.,,"Aicmítear réaltraí go príomha i dtrí phríomhchineál bunaithe ar a gcuma amhairc. Bíonn réaltraí bíseacha, cosúil le Bealach na Bó Finne, saintréitheach le diosca réidh rothlach le bolgán láir agus géaga bíseacha feiceálacha. Bíonn réaltraí éilipseacha mín, gan gnéithe de ghnáth, agus bíonn siad idir cruthanna atá beagnach sféarúil agus cinn atá an-chothromaithe. Is minic a bhíonn réaltaí níos sine, níos doiléire iontu. Níl struchtúr rialta sainithe ag réaltraí neamhrialta agus is minic gur toradh iad ar idirghníomhaíochtaí nó imbhuailtí imtharraingteacha."
"Aithnigh gach bliain ceithre dhigit a luaitear sa téacs agus liostaigh iad in ord ardaitheach, scartha le leathchamóga.","Bunaíodh an chuideachta sa bhliain 1998. Scaoil sé a príomhtháirge, an Alpha V, in 2005, a ghnóthaigh sciar den mhargadh go tapa. Tharla mór-iarracht aisghairme in 2011 mar gheall ar imní sábháilteachta. Mar sin féin, d'éirigh leis an gcuideachta cobhsú agus an luacháil is airde dá cuid, $5 billiún, a bhaint amach in 2023. Ba é $50 milliún an luacháil is ísle a taifeadadh, in 2000.",1998; 2000; 2005; 2011; 2023
Tabhair breac-chuntas ar na bunchéimeanna chun timpeallacht fhíorúil nua Python a chur ar bun ag baint úsáide as an modúl ionsuite `venv`.,,"1. Oscail do teirminéal nó do pras ordaithe agus déan nascleanúint chuig d’eolaire tionscadail.
2. Rith an t-ordú cruthaithe: `python3 -m venv env_name` (Cuir ainm do thimpeallachta inmhianaithe in ionad `env_name`).
3. Gníomhachtaigh an timpeallacht:
   *   **macOS/Linux:** `source env_name/bin/activate`
   *   **Windows (PowerShell):** `.\env_name\Scripts\Activate.ps1`
   *   **Windows (cmd):** `.\env_name\Scripts\activate.bat`
4. Nuair a bheidh sí gníomhach, beidh ainm na timpeallachta le feiceáil i do phras. Is féidir leat spleáchais a shuiteáil anois ag baint úsáide as `pip install package_name`."
"Bunaithe ar an gcur síos a tugadh ar an bpláinéad Mars, cén ghné a thugann an leasainm sainiúil 'An Pláinéad Dearg' dó?","Is é Mars an ceathrú pláinéad ón nGrian agus an dara pláinéad is lú sa Ghrianchóras, i ndiaidh Mhearcair. Ainmnithe i ndiaidh dhia Rómhánach an chogaidh, tugtar 'An Pláinéad Dearg' ar Mhars go minic toisc go dtugann an ocsaíd iarainn atá forleatach ar a dhromchla cuma dhearg air. Is pláinéad trastíre é a bhfuil atmaisféar tanaí aige atá comhdhéanta go príomha de dhé-ocsaíd charbóin. Tá an sliabh is airde ar a dtugtar sa Ghrianchóras, Olympus Mons, suite ar Mhars, ag seasamh thart ar 21.9 km (13.6 míle) ar airde.",Tugann an ocsaíd iarainn atá forleatach ar a dhromchla cuma dhearg air.
"Rangaigh na heolaithe seo a leanas bunaithe ar an gceist an i bhFisic nó i mBitheolaíocht a bhí a bpríomhréimse staidéir: Albert Einstein, Charles Darwin, Marie Curie, Gregor Mendel, Isaac Newton, Rosalind Franklin.",,"Fisic - Albert Einstein, Marie Curie, Isaac Newton
Bitheolaíocht - Charles Darwin, Gregor Mendel, Rosalind Franklin"
Scríobh feidhm Python a ríomhann fachtóiriúl slánuimhir neamhdhiúltach tugtha trí úsáid a bhaint as atriall.,,"python
def factorial_recursive(n):
    """"""Ríomhann fachtóiriúl n ag baint úsáide as atriall.""""""
    if not isinstance(n, int) or n < 0:
        raise ValueError(""Ní mór ionchur a bheith ina slánuimhir neamhdhiúltach."")
    
    # Cás bunúsach
    if n == 0:
        return 1
    
    # Céim atriallach
    return n * factorial_recursive(n - 1)

# Úsáid shamplach:
# print(factorial_recursive(5))  # Tugann sé 120 ar ais
# print(factorial_recursive(0))  # Tugann sé 1 ar ais
"
"Cad iad na príomhdhifríochtaí idir Wi-Fi 5 (802.11ac) agus Wi-Fi 6 (802.11ax)? Ar cheart dom mo ródaire a uasghrádú má tá mé ag sruthú físeán 4K, ag imirt cluichí iomaíocha ar líne, agus ag tacú le 15+ gléas cliste baile go príomha?",,"Cuireann Wi-Fi 6 (802.11ax) feabhsuithe suntasacha ar fáil thar Wi-Fi 5 (802.11ac), ag díriú go príomha ar éifeachtúlacht agus ar thoilleadh seachas ar luas buaicphointe amháin.

Príomhdhifríochtaí:

1. OFDMA (Rochtain Ilchodach Deighilte Minicíochta Ortagonach): Thug Wi-Fi 6 OFDMA isteach, a ligeann don ródaire cainéal aonair a scoilt i n-aonaid acmhainne níos lú, rud a chuireann ar chumas sruthanna sonraí iolracha le bandaleithead íseal (cosúil le horduithe baile cliste) a sheoladh ag an am céanna. Seolann Wi-Fi 5 sonraí go seicheamhach.

2. MU-MIMO (Iolrach-Isteach, Iolrach-Amach Ilúsáideoir): Cé go raibh sé i láthair i Wi-Fi 5, leathnaigh Wi-Fi 6 MU-MIMO chun clúdach a dhéanamh ar nasc uaslódála agus nasc íoslódála araon, rud a ligeann don ródaire cumarsáid a dhéanamh le gléasanna iolracha ag an am céanna sa dá threo.

3. Am Múscailte Spriocdhírithe (TWT): Ligeann an ghné seo do ghléasanna sceideal a dhéanamh maidir le cathain is gá dóibh dúiseacht chun sonraí a fháil, ag feabhsú go suntasach saol na ceallraí do ghléasanna nasctha.

4. Toilleadh agus Luas: Úsáideann Wi-Fi 6 1024-QAM (i gcomparáid le 256-QAM Wi-Fi 5), ag méadú tréchur sonraí suas le 25%. Oibríonn sé freisin thar bhandaí 2.4 GHz agus 5 GHz araon, murab ionann agus Wi-Fi 5 a bhí teoranta do 5 GHz go ginearálta.

Moladh Uasghrádaithe:

Sea, ba cheart duit smaoineamh ar uasghrádú go cinnte. Cé gur féidir le Wi-Fi 5 sruth 4K aonair a láimhseáil, teastaíonn aga fola íseal agus éifeachtúlacht ard líonra chun tacú le 15+ gléas cliste agus cluichí iomaíocha. Tá feabhsuithe Wi-Fi 6 in OFDMA agus MU-MIMO feabhsaithe deartha go sonrach chun dlús ard gléasanna a bhainistiú agus chun plódú líonra a íoslaghdú, ag soláthar eispéireas i bhfad níos míne, níos iontaofa le haghaidh sruthú agus cearrbhachas faoi ualach trom."
"Cé a chum an Gréasán Domhanda, agus cén gníomh sonrach a rinne CERN a luathaigh a úsáid phoiblí fhorleathan?","Chum an t-eolaí Briotanach Tim Berners-Lee an Gréasán Domhanda (WWW) i 1989 le linn dó a bheith ag obair ag CERN. Ar dtús, dearadh é mar uirlis le haghaidh comhroinnt faisnéise uathoibrithe i measc eolaithe. Cruthaíodh an chéad bhrabhsálaí gréasáin, ar a dtugtar WorldWideWeb freisin, i 1990. Go cinntitheach, i 1993, chuir CERN an croítheicneolaíocht Ghréasáin ar fáil don phobal ar bhonn saor ó ríchíosanna, rud a chuir ar chumas é a ghlacadh go tapa ar fud an domhain. Cé go mbíonn an Gréasán trína chéile go minic leis an Idirlíon, is é an tIdirlíon an bunlíonra de ríomhairí nasctha, a bunaíodh go príomha trí ARPANET ag deireadh na 1960idí.",Chum an t-eolaí Briotanach Tim Berners-Lee an Gréasán Domhanda i 1989. Luathaíodh a úsáid phoiblí fhorleathan i 1993 nuair a chuir CERN an croítheicneolaíocht Ghréasáin ar fáil don phobal ar bhonn saor ó ríchíosanna.
Cad iad na céimeanna riachtanacha is gá dom a ghlacadh chun gnó teagaisc ar líne rathúil a thosú?,,"Éilíonn gnó teagaisc ar líne a thosú pleanáil chúramach thar roinnt réimsí. I measc na gcéimeanna riachtanacha tá: 1. Sainmhíniú agus Pleanáil ar Nideoige: Aithin do phríomhábhair, do sprioc-lucht féachana (m.sh., matamaitic bhunscoile, ullmhúchán tástála coláiste), agus struchtúr praghsála iomaíoch. 2. Socrú Dlíthiúil agus Airgeadais: Cláraigh do ghnó (úinéireacht aonair nó LLC), faigh na ceadúnais riachtanacha, agus cuir cuntas bainc gnó tiomnaithe ar bun. 3. Bonneagar Teicneolaíochta: Roghnaigh ardán comhdhála físe iontaofa (Zoom, Google Meet), comhtháthaigh córas íocaíochta slán (Stripe, PayPal), agus bunaigh suíomh Gréasáin gairmiúil nó ardán sceidealaithe. 4. Forbairt Ábhar: Cruthaigh ábhair ardchaighdeáin, tarraingteacha, pleananna ceachta, agus measúnuithe cleachtais atá sainiúil do do nideoige. 5. Margaíocht agus For-rochtain: Bain úsáid as margaíocht na meán sóisialta, comhpháirtíochtaí scoile áitiúla, agus uasmhéadú SEO. Tairg seisiún tosaigh saor in aisce chun muinín a chothú agus teistiméireachtaí tosaigh a bhailiú."
Cén uair a thosaigh cóimeáil an Stáisiúin Spáis Idirnáisiúnta go hoifigiúil?,"Thosaigh cóimeáil an Stáisiúin Spáis Idirnáisiúnta (SSI) sa bhliain 1998 le seoladh modúil rialaithe Zarya. Seoladh Zarya, a chiallaíonn 'breacadh an lae' i Rúisis, le roicéad Rúiseach Proton ó Chosmodróm Baikonur ar an 20 Samhain 1998. Chuir an modúl seo tús le tiomáint tosaigh agus stóráil cumhachta don stáisiún.","Thosaigh cóimeáil an Stáisiúin Spáis Idirnáisiúnta ar an 20 Samhain 1998, le seoladh modúil rialaithe Zarya."
Cad é an pláinéad is mó inár gcóras gréine?,,"Is é Iúpatar an pláinéad is mó inár gcóras gréine. Is fathach gáis é, chomh ollmhór sin go gcuimsíonn sé níos mó ná dhá thrian de mhais na bpláinéad eile go léir le chéile. Is é An Spota Mór Dearg, stoirm leanúnach atá níos mó ná an Domhan, an ghné is cáiliúla dá chuid."
Aithin an t-údar Gréagach ársa a dtugtar creidiúint go traidisiúnta dó as an Odaisé agus an Ilias a chumadh.,,Hóiméar
Tabhair trí chúis ar imigh stocaí sa triomadóir.,,"1. Feidhmíonn an triomadóir mar chuas ama, ag tarraingt amach míreanna aonair nach bhfuil péireáilte go hiomlán chun aschur fuinnimh an mheaisín a chothromú. 2. Bailíonn luchóga deannaigh beaga eagraithe iad a úsáideann iad chun hataí geimhridh a thógáil. 3. Tá na gnámaí níocháin—créatúir bheaga, maorlathacha a bhainistíonn fabraic tí—tar éis an stoca a lipéadú mar 'neamhchomhlíontach' agus é a chur i dtaisce san 'Cartlann Fabraice Gan Péire' atá suite taobh thiar den ghaiste smúite."
"Déan cur síos ar shraitheanna atmaisféar an Domhain, ag tosú ón gceann is gaire don dromchla.",,"Roinntear an t-atmaisféar i gcúig phríomhchiseal bunaithe go príomha ar athruithe teochta. Seo iad, in ord: 1. Trópaisféar (0-12 km): Mar a dtarlaíonn an aimsir, laghdaíonn an teocht de réir mar a mhéadaíonn an airde. 2. Sraitaisféar (12-50 km): Tá an ciseal ózóin ann, méadaíonn an teocht de réir mar a mhéadaíonn an airde. 3. Meisisféar (50-85 km): An ciseal is fuaire, áit a dhóitear an chuid is mó de mheitéirigh. 4. Teirmisféar (85-600 km): Teochtaí arda de bharr dianradaíocht na gréine, suíomh na Soilse Thuaidh agus Theas (auroras). 5. Eacsasféar (600 km+): An ciseal is faide amach a théann i léig de réir a chéile isteach sa spás."
"Liostaigh na trí ré mhóra den Aon Fanaeasóiceach, mar aon lena dtréimhsí ama ginearálta agus saintréith ghairid.",,"1) **An Ré Céineosóiceach** (An Bheatha Nua): 66 milliún bliain ó shin (MbóS) go dtí an lá atá inniu ann. Tugtar Ré na Mamach air.
2) **An Ré Méiseosóiceach** (An Mheánbheatha): 252 go 66 MbóS. Tugtar Ré na Reiptílí air (dineasáir).
3) **An Ré Paléosóiceach** (An tSeanghbheatha): 541 go 252 MbóS. Tá saintréithreach aige trí Phléascadh na Cambria agus ardú na n-iasc agus na luathphlandaí talún."
Cad é an siombail cheimiceach don ór?,,Au
Mínigh ról na n-algartam haisceála.,Is feidhm mhatamaiticiúil é algartam haisce a chomhbhrúíonn ionchur sonraí de mhéid treallach (an 'teachtaireacht') isteach i sreangán carachtar de mhéid seasta (an 'haisc' nó 'díleá teachtaireachta'). Tá an próiseas seo do-aisiompaithe go bunúsach. Ba cheart go mbeadh feidhmeanna haisceála slána frithsheasmhach in aghaidh imbhualadh.,"Úsáidtear haisceáil go forleathan i bhfóiréinsic dhigiteach agus i slándáil chun sláine sonraí a fhíorú. Má athraítear fiú giotán amháin den bhun-chomhad, beidh an díleá haisce mar thoradh air go hiomlán difriúil, rud a chuireann ar chumas úsáideoirí modhnú neamhúdaraithe a bhrath láithreach."
Mínigh príomhchoincheapa na hIntleachta Saorga.,,"Tagraíonn an Intleacht Shaorga (IS) do ionsamhlú próiseas intleachta daonna ag meaisíní, go háirithe córais ríomhaireachta. I measc na bpróiseas seo tá foghlaim (faisnéis a fháil agus rialacha chun an fhaisnéis sin a úsáid), réasúnaíocht (rialacha a úsáid chun conclúidí neasacha nó cinnte a bhaint amach), agus féincheartú. Is é príomhsprioc na hIS córais a chruthú atá in ann oibriú go cliste agus go neamhspleách, ag baint amach tascanna a éilíonn cognaíocht dhaonna de ghnáth. I measc na bhfochóras tábhachtacha tá an Meaisínfhoghlaim (MF), a ligeann do chórais feidhmíocht a fheabhsú gan clárú sainráite, agus Próiseáil Teanga Nádúrtha (PTN), a chuireann ar chumas ríomhairí teanga an duine a thuiscint agus a ghiniúint."
Cad as a bhfuil aithne ar Fháinne an Tine?,"Is mórcheantar é Fáinne an Tine i mbáisín an Aigéin Chiúin ina dtarlaíonn líon mór crith talún agus brúchtaí bolcánacha. I gcruth crú capaill, tá baint aige le sraith leanúnach de dhíoga aigéanacha, stuanna bolcánacha, agus gluaiseachtaí plátaí. Tarlaíonn timpeall 90% de chrith talún an domhain agus 81% de na crith talún is mó ar domhan feadh Fháinne an Tine. Sínteann sé ar feadh timpeall 40,000 ciliméadar (25,000 míle).",Is mórcheantar é Fáinne an Tine i mbáisín an Aigéin Chiúin ina dtarlaíonn líon mór crith talún agus brúchtaí bolcánacha.
Cad iad na ceithre shraith de mhúnla TCP/IP agus a bpríomhfheidhmeanna?,,"Is gnách cur síos ar mhúnla TCP/IP (Transmission Control Protocol/Internet Protocol) mar mhúnla a bhfuil ceithre shraith ann, agus feidhmeanna cumarsáide ar leith ag gach ceann acu:

1.  **An tSraith Feidhmchláir (Application Layer):** Seo í an tsraith is airde agus soláthraíonn sí an comhéadan do na cláir fheidhmchláir iarbhír a úsáideann an líonra. Láimhseálann sí sonraí cumarsáide atá sainiúil don fheidhmchlár. I measc na bprótacal tá HTTP, DNS, SMTP, agus FTP.

2.  **An tSraith Iompair (Transport Layer):** Tá an tsraith seo freagrach as cumarsáid ó cheann ceann idir gléasanna. Bainistíonn sí sreabhadh sonraí, cinntíonn sí iontaofacht, agus roinntear sonraí ina n-aonaid inbhainistithe. Is iad an dá phríomhphrótacal anseo ná TCP (Transmission Control Protocol, iontaofa agus dírithe ar nasc) agus UDP (User Datagram Protocol, gan nasc agus níos tapúla).

3.  **An tSraith Idirlín (nó An tSraith Líonra) (Internet Layer/Network Layer):** Láimhseálann an tsraith ríthábhachtach seo seoladh loighciúil (seoltaí IP) agus ródú paicéid sonraí thar theorainneacha líonra. Is é a príomhfheidhm ná sonraí a aistriú ón óstach foinse thar iliomad líonraí chuig an óstach cinn scríbe. Is é an Prótacal Idirlín (IP) an prótacal sainitheach.

4.  **An tSraith Rochtana Líonra (nó An tSraith Nasc) (Network Access Layer/Link Layer):** Seo í an tsraith is ísle agus déileálann sí le gnéithe crua-earraí fisiciúla an líonra. Bainistíonn sí tarchur fisiciúil sonraí (frámaí) thar an meán líonra (amhail Ethernet nó Wi-Fi) agus láimhseálann sí prótacail líonra ceantair áitiúil. Áirítear léi prótacail le haghaidh seoladh fisiciúil (seoltaí MAC)."
Sainmhínigh an domhantarraingt agus liostaigh a príomhéifeachtaí.,,"Is fórsa bunúsach sa nádúr é an domhantarraingt a fhágann go dtarraingítear aon dá réad a bhfuil mais nó fuinneamh acu i dtreo a chéile. Is é an ceann is laige de na ceithre fhórsa bhunúsacha é, ach tá a raon gan teorainn. I measc a phríomhéifeachtaí tá: coirp réalteolaíocha (pláinéid, réaltaí, réaltraí) a choinneáil ina bhfithisí; foirmiú na dtaoidí ar an Domhan a chur faoi deara; agus réada agus daoine a choinneáil ar an talamh ar dhromchla pláinéid."
"Aicmigh na láithreacha seo a leanas mar chathair nó mar thír: Tóiceo, an Bhrasaíl, Páras, an Éigipt.",,"Is cathair í Tóiceo, is tír í an Bhrasaíl, is cathair í Páras, is tír í an Éigipt."
Mínigh an difríocht bhunúsach idir teicnící treisithe (boosting) agus málaireachta (bagging) sa bhfoghlaim chomhthacaithe (ensemble learning).,,"Sa bhfoghlaim chomhthacaithe, cuirtear roinnt samhlacha le chéile chun feidhmíocht fhoriomlán a fheabhsú. Is iad an dá phríomhbhealach ná Málaireacht (Bagging, nó Comhbhailiú Bútastraipe) agus Treisiú (Boosting).

**Málaireacht (m.sh., Foraois Randamach):**
Is é príomhchuspóir an chur chuige seo ná *éagsúlacht* an tsamhail a laghdú. Is éard atá i gceist leis ná go leor samhlacha aonair a oiliúint go neamhspleách agus go comhthreomhar ar fho-thacair éagsúla de na sonraí oiliúna. Cruthaítear na fo-thacair seo trí shampláil bhútastraipe (sampláil le hathsholáthar). Ós rud é go n-oilítear na samhlacha aonair go neamhspleách, is minic nach mbíonn corréal idir a gcuid earráidí. Trí mheánú (i gcás aischéimnithe) nó vótáil (i gcás aicmithe) a dhéanamh ar aschuir na samhlacha seo, laghdaítear go suntasach an torann a thagann ó shamhlacha aonair a bhfuil éagsúlacht ard acu. Is fearr a oibríonn an mhálaireacht nuair a bhíonn na bunmhúnlaí casta agus seans maith go gcuirfidh siad ró-oiriúnú (éagsúlacht ard) i bhfeidhm.

**Treisiú (m.sh., AdaBoost, GBM, XGBoost):**
Díríonn an cur chuige seo ar *chlaonadh* an tsamhail a laghdú agus ceartaíonn sé earráidí na samhlacha roimhe seo go seicheamhach. Sa treisiú, déantar samhlacha a oiliúint go hidirghníomhach. Déantar gach samhail nua a ualú go sonrach chun díriú níos troime ar na pointí sonraí a rinne na samhlacha roimhe seo a aicmiú go mícheart nó a thuar go dona. Tiontaíonn an próiseas seo sraith d'fhoghlaimeoirí laga ina bhfoghlaimeoir láidir amháin. Tógann algartaim treisithe samhlacha atá an-spleách ar thorthaí a réamhtheachtaithe.

**An Príomhdhifríocht:** Úsáideann an Mhálaireacht próiseáil chomhthreomhar chun éagsúlacht a laghdú trí mheánú a dhéanamh ar shamhlacha neamhspleácha, ach úsáideann an Treisiú próiseáil seicheamhach agus oiliúint ualaithe chun claonadh a laghdú trí dhíriú ar earráidí carnacha a cheartú."
Cad iad na trí phríomhstaid damhna?,,"Is iad na trí phríomhstaid damhna ná solad, leacht, agus gás. Aithnítear go minic an ceathrú staid, plasma, freisin."
Cad é príomhchathair na hAstráile?,,Canberra
Cad é an difríocht idir latte agus cappuccino?,,"Sainmhínítear cappuccino de réir a chodanna cothroma de espresso, bainne galaithe, agus ciseal tiubh cúir bhainne. De ghnáth bíonn i bhfad níos mó bainne galaithe i latte agus ní bhíonn ann ach ciseal tanaí cúir ar a bharr."
Mínigh croíphrionsabail Theoiric Ghinearálta na Coibhneasachta ó Einstein agus na himpleachtaí inbhraite príomha atá aici.,,"Is teoiric ghéiméadrach ar an domhantarraingt í an Choirneasacht Ghinearálta (CG), a d'fhoilsigh Albert Einstein i 1915, a dhéanann cur síos ar idirghníomhú bunúsach an domhantarraingthe mar iarmhairt ar chuasú an spás-ama de bharr damhna agus fuinnimh. Tháinig sí in áit go bunúsach ar dhlí domhantarraingthe uilíche Isaac Newton, a rinne cur síos ar an domhantarraingt mar fhórsa mistéireach meandrach ag gníomhú ar fhad.

Tá príomhchoincheap CG cuimsithe in cothromóidí réimse Einstein, a nascann céimseata an spás-ama (arna léiriú ag teinseoir Einstein, Gμν) le dáileadh damhna agus fuinnimh ann (arna léiriú ag an teinseoir strus-fuinnimh, Tμν). Go simplí, insíonn mais agus fuinneamh don spás-am conas cuaradh, agus insíonn an spás-am do mhais agus fuinneamh conas bogadh. Cuimsíonn an teoiric seo Prionsabal na Coibhéise, a deir go bhfuil éifeachtaí an domhantarraingthe do-aitheanta go háitiúil ó éifeachtaí an luasghéaraithe.

Tá roinnt impleachtaí doimhne agus deimhnithe ag an gCoibhneasacht Ghinearálta. Impleacht mhór amháin is ea fairsingiú ama domhantarraingthe: ritheann cloig níos moille i réigiúin a bhfuil poitéinseal domhantarraingthe níos airde iontu (níos gaire d’ábhair ollmhóra). Tuartha lárnach eile is ea lúbadh an tsolais (linsing dhomhantarraingthe) timpeall rudaí ollmhóra, rud a deimhníodh den chéad uair le linn urú gréine i 1919. Míníonn CG go cruinn réamhtheacht fithise Mearcair, feiniméan nach bhféadfaí a mhíniú go hiomlán le fisic Newtonach.

Thairis sin, thuar CG go raibh rudaí cósmacha foircneacha ann, go háirithe dúphoill—réigiúin spás-ama a léiríonn éifeachtaí domhantarraingthe chomh láidir sin nach féidir le haon rud, fiú cáithníní ná radaíocht leictreamaighnéadach cosúil le solas, éalú astu. Ar deireadh, thuar an teoiric tonnta domhantarraingthe, maolraí i gcuaire an spás-ama a iomadaíonn amach ó mhaiseanna luathaithe. Braitheadh na tonnta seo go díreach den chéad uair ag turgnamh LIGO in 2015, ag deimhniú ceann de na gnéithe móra neamhdheimhnithe deiridh den teoiric."
Aicmigh na teangacha cláir seo a leanas bunaithe ar a bpríomh-mhúnla forghníomhaithe: Tiomsaithe nó Idirbhreithnithe.,"C++, Python, Java, JavaScript, C, Ruby, Swift, PHP","Teangacha Tiomsaithe: C++, Java, C, Swift
Teangacha Idirbhreithnithe: Python, JavaScript, Ruby, PHP"
"Cé acu de na sainchomharthaí cáiliúla seo atá suite san Éigipt: Pirimidí Ghiza, Balla Mór na Síne, An Spinc",,Tá Pirimidí Ghiza agus An Spinc araon suite san Éigipt. Tá Balla Mór na Síne suite i bPoblacht Phobail na Síne.
An é Sydney príomhchathair na hAstráile?,,ní hea
"Liostaigh an t-ord croineolaíoch de chéimeanna oideachais a bhain an t-ábhar amach, lena n-áirítear an bhliain agus an institiúid do gach ceann acu.","Tá cúlra acadúil suntasach ag an Dr. Eleanor Vance. Chríochnaigh sí a Ph.D. san Astrofhisic ag CalTech sa bhliain 2008. Roimhe sin, bhain sí a Máistir Eolaíochta san Fhisic Theoiriciúil amach ó MIT sa bhliain 2003. Thosaigh a cuid staidéar bunúsach le Baitsiléir Ealaíon sa Mhatamaitic, a bronnadh uirthi ó Ollscoil Princeton sa bhliain 2000.","Baitsiléir Ealaíon sa Mhatamaitic (2000, Ollscoil Princeton); Máistir Eolaíochta san Fhisic Theoiriciúil (2003, MIT); Ph.D. san Astrofhisic (2008, CalTech)"
Déan cur síos ar na céimeanna riachtanacha chun dréacht-doiciméad sonraíochta teicniúla ardchaighdeáin (DST) a ullmhú.,,"Éilíonn dréachtú Doiciméid Sonraíochta Teicniúla dianphleanáil chun a chinntiú go n-aontaíonn gach páirtí leasmhar ar an táirge deiridh. Seo iad na céimeanna riachtanacha:

1.  **Sainigh an Scóip agus an Lucht Féachana:** Déan cur síos soiléir ar cad a dhéanfaidh an córas agus *cad nach ndéanfaidh* sé (na teorainneacha). Aithin an príomhlucht féachana (forbróirí, QA, bainisteoirí táirgí) mar go gcinnteoidh sé seo leibhéal na sonraíochta teicniúla atá ag teastáil.
2.  **Bailigh agus Bailíochtaigh Riachtanais:** Oibrigh go dlúth le húinéirí táirgí agus le páirtithe leasmhara chun na riachtanais fheidhmiúla (cad a dhéanann an córas) agus neamhfheidhmiúla (feidhmíocht, slándáil, inúsáidteacht) go léir a thiomsú. Ba chóir go mbeadh gach riachtanas in-tomhaiste, in-bhainte amach, ábhartha, agus faoi cheangal ama (SMART).
3.  **Mionsonraigh Struchtúr an Doiciméid:** Bain úsáid as teimpléad comhsheasmhach. I measc na rannán tipiciúil tá: Réamhrá/Cuspóirí, Scóip, Páirtithe Leasmhara, Dearadh Mionsonraithe, Múnlaí Sonraí, Straitéis Tástála, agus Plean Imscaradh.
4.  **Mionsonraigh an Réiteach Beartaithe (Rannán Dearaidh):** Déan cur síos ar an gcaoi a gcomhlíonfar na riachtanais. Áirítear leis seo léaráidí ailtireachta, sreafaí seichimh, sainmhínithe API, agus scéamaí bunachar sonraí. Dírigh ar an soiléireacht thar an éiginnteacht.
5.  **Bunaigh Méadrachtaí Rathúlachta agus Critéir Tástála:** Sainmhínigh conas a bheidh a fhios ag an bhfoireann gur cuireadh an tsonraíocht i bhfeidhm go rathúil. Cuir critéir ghlactha san áireamh d'fhoirne dearbhaithe cáilíochta (QA).
6.  **Athbhreithniú, Athrá, agus Faigh Sínithe:** Dáileadh an dréacht ar phríomhcheannairí teicniúla agus ar bhainistíocht táirgí le haghaidh athbhreithniú piaraí. Ionchorpraigh aiseolas agus cinntigh sínithe foirmiúla sula dtosaíonn an fhorbairt chun srian a chur ar shreabhadh scóipe níos déanaí."
"De réir an téacs, cén uair a ndeachaigh tóireadóir Voyager 1 isteach sa spás idir-réaltach go hoifigiúil?","Voyager 1, tóireadóir spáis a sheol NASA ar 5 Meán Fómhair, 1977, is é an réad daonna is faide ón Domhan faoi láthair. Bhain a phríomh-mhisean staidéar ar Iúpatar agus Satarn. Chuaigh sé trasna na héileapáis go hoifigiúil, ag dul isteach sa spás idir-réaltach, ar 25 Lúnasa, 2012. Leanann sé ag feidhmiú, cé go bhfuiltear ag súil nach mairfidh a fhoinsí cumhachta ach go dtí timpeall 2025.","25 Lúnasa, 2012"
"De réir an téacs, cé hé an duine fíor ar a raibh carachtar Sherlock Holmes bunaithe go príomha ag Sir Arthur Conan Doyle?","Bhunaigh Sir Arthur Conan Doyle carachtar Sherlock Holmes go príomha ar dhuine fíor, an Dr. Joseph Bell, máinlia ag Ospidéal Ríoga Dhún Éideann ar oibrigh Doyle leis mar chléireach. Bhí Bell clúiteach as a chumas asbhaintí cuimsitheacha a dhéanamh faoi chúlra, slí bheatha, agus gníomhaíochtaí le déanaí othair trí iad a bhreathnú go simplí. Thiomnaigh Doyle ceann de na húrscéalta Sherlock Holmes do Bell níos déanaí. Cé gurbh é Bell an príomhinspreagadh, chuir Doyle gnéithe dá phearsantacht féin agus de thraidisiúin liteartha an ama isteach i Holmes freisin.",An Dr. Joseph Bell
Cad é an difríocht idir an aimsir agus an aeráid?,,"Tagraíonn an aimsir do na coinníollacha gearrthéarmacha atmaisféaracha i suíomh ar leith (cosúil le báisteach, grian, nó luaineachtaí teochta atá ag tarlú inniu nó an tseachtain seo). Tagraíonn an aeráid don mheán fhadtéarmach de phatrúin aimsire i réigiún, a ríomhtar de ghnáth thar thréimhse 30 bliain."
Cad iad na buntáistí síceolaíocha cruthaithe a bhaineann le machnamh feasachta (mindfulness) a chleachtadh go rialta?,,"Cuireann machnamh feasachta rialta go leor buntáistí síceolaíocha cruthaithe ar fáil. Laghdaíonn sé go mór comharthaí struis, imní, agus dúlagair trí leibhéil cortisol a ísliú agus trí dhearcadh neamh-imoibríoch a chothú i leith smaointe diúltacha. Ina theannta sin, feabhsaíonn cleachtadh comhsheasmhach feidhmeanna cognaíocha, ag feabhsú go sonrach an réise aird, an chuimhne oibre, agus an fócas. Tá nasc ag an machnamh freisin le rialáil mhothúchánach níos fearr, mar go neartaíonn sé an nasc idir an cortex réamhchinn (feidhm feidhmiúcháin) agus an amygdala (ionad eagla/mothúcháin), rud a cheadaíonn freagraí níos tomhaiste ar spreagthaí mothúchánacha. Tá athruithe struchtúracha inchinne léirithe ag staidéir freisin, amhail dlús méadaithe ábhair liath i réimsí a bhaineann le féinfheasacht agus comhbhá, agus cáilíocht codlata feabhsaithe."
"Dréachtaigh teachtaireacht ghairid, spreagúil leantach i ndiaidh imeachta le haghaidh LinkedIn tar éis ceardlann fhíorúil rathúil a óstáil. Ba chóir go mbeadh an ton díograiseach agus go n-áireofaí inti glao bog chun gnímh le haghaidh rannpháirtíochta.",Ainm an Imeachta: Ceardlann Fhíorúil: Máistreacht a fháil ar Bhainistíocht Ama Chianda. Fócas ar Phríomhbheirilt: An 'Teicníc Pomodoro' agus 'Grúpáil tascanna comhchosúla'. Glao chun Gnímh (Inmhianaithe): Na rannpháirtithe a spreagadh chun a bpríomhbheirilt is mó a roinnt agus súil a choinneáil ar an gcéad seisiún eile.,"Míle buíochas le gach duine a ghlac páirt inár 'Ceardlann Fhíorúil: Máistreacht a fháil ar Bhainistíocht Ama Chianda' inné! 

Bhí rannpháirtíocht dochreidte againn ag plé straitéisí ardéifeachta ar nós an #PomodoroTechnique agus cumhacht na #TaskBatching. Bhí sé iontach a fheiceáil go raibh an oiread sin agaibh réidh chun bhur laethanta oibre a athrú.

Anois, an chuid spraíúil: Ba bhreá liom do phríomhbheirilt is mó a chloisteáil! Cén chaoi a bhfuil sé beartaithe agat na modhanna seo a ionchorprú an tseachtain seo? Roinn bhur scéalta rathúla thíos!

Fan tiúnta le haghaidh sonraí faoin gcéad seisiún eile a bheidh ag teacht go luath!

#ObairChianda #Táirgiúlacht #BainistíochtAma"
Liostaigh na ceithre ghealach is mó de chuid Iúpatair.,,"Is iad Io, Europa, Ganymede, agus Callisto na ceithre ghealach is mó de chuid Iúpatair, ar a dtugtar na Gealacha Galileo freisin."
"Déan comparáid agus codarsnacht idir Python agus JavaScript, ag díriú ar a bpríomhchásanna úsáide.",,"Is teangacha cláir ardleibhéil iad Python agus JavaScript atá thar a bheith coitianta, ach feidhmíonn siad príomhróil atá bunúsach difriúil. Tá Python ar fheabhas i réimsí cosúil le heolaíocht sonraí, foghlaim meaisín, intleacht shaorga, ríomhaireacht eolaíoch, agus forbairt ghinearálta cúlchláir freastalaí. Tá luach air mar gheall ar a chomhréir ghlan, inléite agus ar a éiceachóras ollmhór de leabharlanna speisialaithe (m.sh., NumPy, Pandas, TensorFlow). I gcodarsnacht leis sin, is é an cás úsáide bunaidh agus príomhúil de chuid JavaScript ná leathanaigh ghréasáin a dhéanamh idirghníomhach (forbairt tosaighchláir). Mar sin féin, le teacht Node.js, is rogha láidir é JavaScript anois freisin do fhreastalaithe cúlchláir. Is é príomhdhifríocht amháin ná a dtimpeallacht reáchtála: is í JavaScript an teanga dhúchasach sa bhrabhsálaí gréasáin, cé go mbíonn gá ag Python de ghnáth le socrú ateangaire. Cé go mbíonn Python de ghnáth níos fearr le haghaidh ionramháil sonraí casta nó scriptí uathoibrithe, tá JavaScript éigeantach do bheagnach aon fheidhmchlár gréasáin idirghníomhach nua-aimseartha."
"Aicmigh gach ceann de na sléibhte cáiliúla seo a leanas ina mór-roinn faoi seach: An Áise, Meiriceá Theas, Meiriceá Thuaidh, An Eoraip. Buaicphointí le haicmiú: Mount Everest, K2, Kangchenjunga, Lhotse, Makalu, Cho Oyu, Dhaulagiri, Manaslu, Nanga Parbat, Annapurna I, Gasherbrum I, Broad Peak, Gasherbrum II, Shishapangma, Aconcagua, Ojos del Salado, Mont Blanc, Matterhorn, Denali, Mount Logan, Pico de Orizaba.",,"Is iad na sléibhte atá suite san Áise: Mount Everest, K2, Kangchenjunga, Lhotse, Makalu, Cho Oyu, Dhaulagiri, Manaslu, Nanga Parbat, Annapurna I, Gasherbrum I, Broad Peak, Gasherbrum II, Shishapangma.

Is iad na sléibhte atá suite i Meiriceá Theas: Aconcagua, Ojos del Salado.

Is iad na sléibhte atá suite i Meiriceá Thuaidh: Denali, Mount Logan, Pico de Orizaba.

Is iad na sléibhte atá suite san Eoraip: Mont Blanc, Matterhorn."
Cad iad na hacmhainní molta do thosaitheoir atá ag iarraidh React JS a fhoghlaim?,,"Tosaigh leis an doiciméadú oifigiúil React ag https://react.dev/. Nuashonraigh siad a gcuid doiciméadú le déanaí a dhíríonn go mór ar Hooks agus ar chomhpháirteanna feidhmiúla. Maidir le foghlaim struchtúrtha, molaim an modúl 'React Basics' ar freeCodeCamp, nó féach ar chúrsaí coitianta ar ardáin cosúil le Udemy, ag díriú ar theagascóirí a bhfuil cáil orthu i bhforbairt an taobh tosaigh, cosúil le Stephen Grider nó Maximilian Schwarzmüller."
Mínigh croí-choincheap 'Ríomhaireacht Gan Freastalaí' (Serverless Computing) agus a phríomhbhuntáistí d'fhorbróirí.,,"Is samhail fhorghníomhaithe scamall é an ríomhaireacht gan freastalaí ina ndéanann an soláthraí scamall an leithdháileadh agus scálú an bhonneagair fholuiteach a bhainistiú go dinimiciúil, rud a ligeann d'fhorbróirí cód a rith gan freastalaithe a sholáthar ná a bhainistiú. Is iad na príomhbhuntáistí ná an tsamhail chostais 'íoc in aghaidh an fhorghníomhaithe', scálú uathoibríoch chun ualach athraitheach a láimhseáil, agus cead a thabhairt d'fhoirne forbartha díriú go hiomlán ar loighic feidhmchláir a scríobh seachas córais oibriúcháin nó cumraíocht líonra a chothabháil."
Cé acu de na struchtúir seo atá lonnaithe i bPáras? Túr Eiffel nó Big Ben,,Túr Eiffel
Mínigh na bunchéimeanna a theastaíonn chun arán géar clasaiceach a bhácáil ón tús go deireadh.,,"1. **Beathaigh an Túsóir:** Measc an túsóir, an plúr, agus an t-uisce. Fan 4-12 uair an chloig go dtí go mbíonn an túsóir gníomhach, bolgánach, agus buaicphointe sroichte aige (dúbailt i méid).
2. **Uathliostáil (Meascadh Tosaigh):** Measc an plúr agus an t-uisce don taos le chéile agus lig dó scíth a ligean ar feadh 30-60 nóiméad.
3. **Ionsaigh Túsóir agus Salann:** Cuir an túsóir gníomhach leis agus measc go maith, ansin cuir an salann leis agus measc arís go dtí go bhfuil sé comhtháite go hiomlán.
4. **Coipeadh Bulc:** Lig don taos coipeadh ag teocht an tseomra (de ghnáth 4-8 uair an chloig). Le linn an chéad 2-3 uair an chloig, déan 4-6 shraith de 'sín agus fill' chun neart a thógáil.
5. **Réamhchruthú (Scíth an Bhoird):** Cruthaigh an taos go réidh i gcruth cruinn nó ubhchruthach scaoilte, agus lig dó scíth a ligean, gan chlúdach, ar feadh 20-30 nóiméad.
6. **Cruth Deiridh & Coigeartú Fuar:** Cruthaigh an taos go docht agus cuir é an taobh uaimh suas i gciseán banneton plúrtha. Cuisnigh ar feadh 12-24 uair an chloig.
7. **Bácáil:** Réamhthéigh d'oigheann agus d'oigheann Ollannach go 475°F (245°C). Déan scoith sa taos fuar, cuir é san oigheann Ollannach te leis an gclúdach air, agus bácáil ar feadh 20 nóiméad. Bain an clúdach agus bácáil ar feadh 25-30 nóiméad breise go dtí go bhfuil an screamh domhain donn órga.
8. **Fuarú:** Aistrigh an t-arán go raca sreinge agus lig dó fuarú go hiomlán (1-2 uair an chloig) sula ndéanann tú é a slisniú."
Déan anailís ar an tionchar eacnamaíoch a bhaineann le hardú an íosphá feidearálach go $15 in aghaidh na huaire.,,"Táthar ag tuar go mbeidh éifeachtaí eacnamaíocha casta, ilghnéitheacha ag ardú an íosphá feidearálach go $15 in aghaidh na huaire. Maíonn lucht tacaíochta go gcuirfeadh sé borradh faoin éileamh comhiomlán trí mhéadú ar chaiteachas tomhaltóirí ag oibrithe ar ioncam íseal agus go laghdódh sé caiteachas rialtais ar chláir chúnaimh shóisialta. Os a choinne sin, tugann léirmheastóirí le fios go bhféadfadh sé boilsciú níos airde a spreagadh, gnólachtaí a ghríosú chun uathoibriú a ghlacadh níos luaithe, agus tionchar díréireach a imirt ar ghnólachtaí beaga, rud a d'fhéadfadh caillteanais post d'oibrithe ar leibhéal iontrála nó d'oibrithe íseal-oilte a bheith mar thoradh air."
"Déan na hainmneacha seo a leanas a chatagóiriú: Iúpatar, Mars, Véineas, Satarn, Neiptiún, Plútó, Europa, Ganymede, Io, Ceres, Vesta, Apollo, Diana. Aicmigh gach ceann mar 'Corp Pláinéadach' (Pláinéad, Gealach, nó Abhacphláinéad), 'Dháileacht Mhiotaseolaíoch' (Gréagach nó Rómhánach), 'An Dá Rud', nó 'Ná Ceachtar'.",,"Is liosta iontach é seo a léiríonn an nasc domhain idir an réalteolaíocht agus an mhiotaseolaíocht chlasaiceach, ós rud é gur ainmníodh beagnach gach corp neamhaí as figiúirí miotaseolaíocha. Mar sin féin, bunaithe ar na catagóirí a chuir tú ar fáil, seo é an t-aicmiú:

**An Dá Rud (Mórchorp Pláinéadach agus Mór-Dháileachtaí Clasaiceacha):**

*   **Iúpatar, Mars, Véineas, Satarn, Neiptiún:** Seo iad ainmneacha na gcúig phláinéad chlasaiceacha agus na mór-dháileachtaí Rómhánacha a léiríonn siad.
*   **Plútó, Ceres:** Aicmítear iad seo mar abhacphláinéid agus is iad freisin ainmneacha dháileachtaí Rómhánacha suntasacha (Dia an Domhain Thíos agus Bandia na Talmhaíochta, faoi seach).

**Corp Pláinéadach (Fócas ar an Réalteolaíocht, cé gur díorthaíodh ón miotaseolaíocht é):**

*   **Europa, Ganymede, Io:** Seo iad trí cinn de ghealaí is mó Iúpatar. Cé gur ainmníodh iad as figiúirí miotaseolaíocha, is cinnte go bhfuil a dtagairt choitianta réalteolaíoch amháin.
*   **Vesta:** Tá sé seo ar cheann de na hastaróidigh is mó sa chrios. Tá a phríomhthagairt réalteolaíoch in úsáid nua-aimseartha.

**Dháileacht Mhiotaseolaíoch (Príomhthagairt lasmuigh den réalteolaíocht):**

*   **Apollo, Diana:** Cé go bhfuil na hainmneacha seo ar astaraídigh níos lú éagsúla, i gcomhthéacs mórchatagóirithe, tagraíonn na hainmneacha seo go príomha do na dáileachtaí Rómhánacha (Dia na Gréine/an Cheoil/na Saighdiúireachta agus Bandia na Fiaigh/na Gealaí, faoi seach)."
"De réir an téacs a cuireadh ar fáil, cén eagraíocht a bhí freagrach as Plútó a athaicmiú in 2006?","Rinne an tAontas Réalteolaíoch Idirnáisiúnta (IAU) Plútó, a bhí rangaithe tráth mar an naoú pláinéad, a athrangú mar abhacphláinéad in 2006. Bhunaigh an IAU critéir a éilíonn go gcaithfidh corp neamhaí an 'chomharsanacht a ghlanadh' timpeall ar a fhithis chun go measfaí gur pláinéad iomlán é. Theipeann ar Phlútó san chritéar deireanach seo.",An tAontas Réalteolaíoch Idirnáisiúnta (IAU)
"Cad é airde tosaigh Túr Eiffel, seachas an t-aeróg, i dtroigh?","Tógadh Túr Eiffel le haghaidh Aonach Domhanda 1889 i bPáras. Deartha ag Gustave Eiffel, sheas an struchtúr ar dtús 300 méadar (984 troigh) ar airde, gan an t-aeróg san áireamh. Mhéadaigh breiseanna níos déanaí de threalamh craolacháin a airde iomlán. Nuair a críochnaíodh é den chéad uair, bhí meáchan iomlán an struchtúir iarainn timpeall 7,300 tonna méadrach. Má tá na dúshraith saoirseachta san áireamh, tá an meáchan foriomlán níos gaire do 10,100 tonna.",984 troigh
"Liostaigh na príomhdhátaí agus forbairt an bhrabhsálaí nó na teanga comhfhreagraí luaite sa téacs, formáidithe mar 'Bliain: Imeacht'.","Is féidir bunús an Ghréasáin Dhomhanda a rianú siar go dtí 1991, nuair a scaoil Tim Berners-Lee an chéad bhrabhsálaí gréasáin, WorldWideWeb. Dhá bhliain ina dhiaidh sin, i 1993, scaoileadh Mosaic, rud a rinne tóir ar bhrabhsáil gréasáin. Tharla forbairt ríthábhachtach JavaScript, teanga scriptithe atá riachtanach d’ábhar dinimiciúil gréasáin, i 1995. Ar deireadh, tharla an chéad scaoileadh poiblí den bhrabhsálaí coitianta Firefox (Phoenix a tugadh air ag an am sin) in 2002.","1991: WorldWideWeb scaoilte
1993: Mosaic scaoilte
1995: JavaScript forbartha
2002: Firefox scaoilte"
Cad é an ghealach is mó inár gcóras gréine?,,"Is é Ganiméide an ghealach is mó sa ghrianchóras, a dhéanann fithisiú ar an bpláinéad Iúpatar. Tá Ganiméide níos mó fós ná an pláinéad Mearcair agus an abhacphláinéad Plútón. Is í an t-aon ghealach amháin í a bhfuil a réimse maighnéadach féin aici."
Grúpáil na hainmhithe seo a leanas i dhá chatagóir: Mamal agus Reiptíl.,"Nathair, Madra, Crócaill, Cat, Turtar, Míol Mór, Laghairt, Duine","Mamal: Madra, Cat, Míol Mór, Duine
Reiptíl: Nathair, Crócaill, Turtar, Laghairt"
Mínigh príomhchoincheap Teoiric Speisialta na Coibhneasachta Albert Einstein i dtéarmaí simplí.,,"Is é an príomhchoincheap ná go bhfuil dlíthe na fisice mar a chéile do gach breathnóir nach bhfuil ag luasghéarú (creataí táimhe), agus go bhfuil luas an tsolais i bhfolús tairiseach do gach duine, beag beann ar ghluaiseacht foinse an tsolais. Bíonn iarmhairtí doimhne mar thoradh air seo, ar nós maolú ama (am ag gluaiseacht níos moille d’earraí atá ag gluaiseacht go tapa) agus crapadh faid."
Cad é an difríocht idir ailléirge bia agus éadulaingt bia?,,"Tá an croídhifríocht suite i meicníocht imoibrithe an choirp. Baineann ailléirge bia leis an gcóras imdhíonachta, áit a n-aithníonn an corp próitéin sa bhia go mícheart mar bhagairt agus scaoileann sé antasubstaintí (amhail IgE), rud a chruthaíonn comharthaí láithreacha agus a d'fhéadfadh a bheith bagrach don bheatha (coirceoga, anaifiolacsas). Baineann éadulaingt bia leis an gcóras díleá agus is iondúil gurb é neamhábaltacht an choirp comhábhar den bhia a dhíleá nó a bhriseadh síos i gceart is cúis leis (go minic mar gheall ar easnamh einsíme, cosúil le héadulaingt lachtóis). Is gnách go mbíonn na comharthaí teoranta don stéig (gal, borradh, buinneach) agus ní bhíonn siad bagrach don bheatha."
Mínigh coincheap an choimeádánaithe.,,"Is cineál éadrom de fhíorúlú ar leibhéal an chórais oibriúcháin é an coimeádánú ina ndéantar cód feidhmchláir, spleáchais, agus cumraíocht a phacáistiú le chéile in aonad féinchuimsitheach, ag cinntiú go ritheann sé go hiontaofa thar timpeallachtaí ríomhaireachta éagsúla."
"Déan cur síos ar an Mhórsceir Bhacainneach, lena n-áirítear a suíomh agus a príomhghnéithe.","Is í an Mhórsceir Bhacainneach an córas sceireacha coiréil is mó ar domhan, comhdhéanta de bhreis is 2,900 sceir aonair agus 900 oileán, a shíneann ar feadh breis is 2,300 ciliméadar (1,400 míle) thar achar de thart ar 344,400 ciliméadar cearnach (133,000 míle cearnach). Tá an sceir suite i Muir Choiréil, amach ó chósta Queensland, an Astráil. Ainmníodh í mar Láithreán Oidhreachta Domhanda UNESCO i 1981. Tá sí infheicthe ón spás amuigh agus is í an struchtúr aonair is mó ar domhan í atá déanta ag orgánaigh bheo. Tá an struchtúr seo comhdhéanta de na billiúin orgánach bídeach, ar a dtugtar póilíní coiréil. Is iad an t-athrú aeráide, an truailliú, agus imeachtaí bánaíochta na príomhbhaoil do bhithéagsúlacht na sceire.","Tá an Mhórsceir Bhacainneach suite i Muir Choiréil, amach ó chósta Queensland, an Astráil. Tá an cháil uirthi gurb í an córas sceireacha coiréil is mó ar domhan í, ag síneadh thar thart ar 344,400 ciliméadar cearnach (133,000 míle cearnach) agus ag dul thar 2,300 ciliméadar (1,400 míle), ag cuimsiú breis is 2,900 sceir aonair agus 900 oileán. Aitheanta go domhanda, ainmníodh í mar Láithreán Oidhreachta Domhanda UNESCO i 1981. Tá an struchtúr ollmhór seo, a thóg na billiúin orgánach bídeach ar a dtugtar póilíní coiréil, chomh fairsing sin go bhfuil sé infheicthe ón spás amuigh.

In ainneoin a méid agus a tábhacht éiceolaíoch, tá bithéagsúlacht na sceire faoi bhagairt thromchúiseach ó fhachtóirí ar nós an athraithe aeráide, an truaillithe, agus imeachtaí minic bánaíochta coiréil."
Mínigh conas a chruthaítear iarmhairt Moire agus cad iad na feidhmeanna praiticiúla atá aige.,,"Iarmhairt Moire is feiniméan amhairc í—patrún trasnaíochta—a tharlaíonn nuair a chuirtear dhá phatrún rialta, chosúla (línte comhthreomhara, greillí, nó poncanna de ghnáth) forshuite ar a chéile agus iad beagán rothlaithe nó díláithrithe óna chéile. Tá an patrún mórscála casta a thagann as seo difriúil ó thaobh amhairc de leis na bunphatrúin. Úsáidtear an éifeacht seo go praiticiúil i réimsí cosúil le slándáil airgeadra agus doiciméad (cineagramanna), micrithomhas (chun mionbhrú i n-ábhair a bhrath), agus is minic a mhaolaítear é i bhfótagrafaíocht dhigiteach chun cosc a chur ar iarmhairtí suaiteacha ailíneála nach bhfuil inmhianaithe agus téacsanna mín nó scáileáin á ngabháil."
"Cén chaoi ar tháinig ainm ar an mbia coitianta, an ceapaire?","Ainmníodh an ceapaire i ndiaidh John Montagu, 4ú Iarla Sandwich (1718–1792). Deirtear gur gealltóir an-díograiseach ab ea an tIarla agus nach raibh sé ag iarraidh an bord cártaí a fhágáil le haghaidh béilí fada. Chun a ocras a shásamh agus a lámha a choinneáil glan agus saor chun leanúint ar aghaidh ag imirt, d'iarr sé, líomhnaítear, go gcuirfí slisní feola idir dhá shlisne aráin. Ligeadh dó ithe gan uirlisí leis seo. Cé gur dócha go raibh teaglaim aráin agus feola ann roimh an Iarla, cuireadh an tóir agus an t-ainmniú ina dhiaidh sin i leith air timpeall na bliana 1762.","Tá an ceapaire ainmnithe i ndiaidh 4ú Iarla Sandwich, John Montagu. Tuairiscítear gur iarr sé feoil idir dhá shlisne aráin ionas go bhféadfadh sé ithe gan cur isteach ar a sheisiúin fhada ag an mbord cártaí, rud a lig dó a lámha a choinneáil glan."
Déan anailís ar na príomhbhearta trína gcuireann na meáin shóisialta leis an bpolaraíocht pholaitiúil agus mol céimeanna praiticiúla chun an éifeacht seo a mhaolú.,,"Tugann ardáin meán sóisialta, a fógraíodh ar dtús mar uirlisí le haghaidh cumarsáide daonlathaí agus nascacht dhomhanda, contrárthacht isteach sa scéal go bhfuil siad anois ina gcatalógaí don pholaraíocht pholaitiúil mhór. Tá na príomhbhearta a spreagann an deighilt seo fréamhaithe i bpríomhmhúnla gnó na n-ardán: rannpháirtíocht úsáideoirí a uasmhéadú trí sheachadadh ábhar pearsantaithe. 

Is é an chéad mheicníocht cheannasach ná an **seomra macalla algartamach**. Déantar algartaim foghlama meaisín a dhearadh chun tosaíocht a thabhairt d'ábhar a choinníonn an t-úsáideoir ag scroláil, go minic trí ábhar a shainaithint agus a thabhairt dóibh a dhaingníonn a gcuid claontaí atá ann cheana féin agus a spreagann freagairt láidir mhothúchánach, go minic fearg nó dearbhú. Cruthaíonn sé seo mboilgeog faisnéise féin-threisiúcháin ina mbíonn úsáideoirí ar éigean nochta do dhearcthaí creidiúnacha eile. Le himeacht ama, mar gheall ar an easpa frithchuimilte intleachtúla seo, téitear i dtreo seasaimh mhóra agus dídhaonnú na ndaoine sa champa polaitiúil eile, toisc go bhfuil na halgartaim tar éis nuances casta díospóireachtaí beartais a bhaint agus iad a chur in ionad scéalta simplí, naimhdeacha.

Is é an dara meicníocht ríthábhachtach ná an **luasghéarú ar ionfhabhtú mothúchánach agus ar an víreasacht**. Is dóichí go ndéanfar ábhar atá lán de mhothúcháin—go háirithe fearg, eagla, agus déistin—a chomhroinnt agus a scaipeadh go tapa ar fud na n-ardán ó thaobh staitisticí de. Tugann sé seo buntáiste don dífhaisnéis, don mhórphléascacht, agus don mhórfheirg thar anailís shocair, fhíorasach. Déantar saincheisteanna casta polaitiúla a laghdú go gearr-ráitis nó meimeanna atá éasca a dhíleá, agus atá míthreorach go minic, rud a fhágann go bhfuil sé an-deacair dialóg bhríoch a bheith ann nuair a bhíonn an díospóireacht phoiblí á tiomáint ag déine mhothúchánach seachas ag fíricí comhroinnte nó ag comhthuiscint. Ina theannta sin, laghdaíonn an anaithnideacht agus an t-achar a cheadaítear trí idirghníomhaíocht ar líne an bac ar iompar ionsaitheach agus tocsaineach, rud a spreagann naimhdeas.

Éilíonn maolú an bhriseadh sochaíoch seo cur chuige ildánach atá dírithe ar dreasachtaí sistéamacha na n-ardán agus ar nósanna iompraíochta na n-úsáideoirí araon. Go sistéamach, ba cheart ardáin a spreagadh nó a shainordú chun **a gcuid tosaíochtaí algartamacha a choigeartú**. Ciallaíonn sé seo an mhéadracht optamaithe a aistriú ó 'rannpháirtíocht' íon i dtreo méadrachtaí a chuireann luach ar chreidiúnacht foinse, ar éagsúlacht dearcadh, agus ar chomhthéacs. Mar shampla, dá dtabharfaí tosaíocht do phoist ó fhoinsí nuachta fíoraithe nó dá dtaispeánfaí cion níos airde d'ábhar ó dhearcthaí polaitiúla éagsúla, fiú má bhíonn an rannpháirtíocht tosaigh níos ísle, d'fhéadfadh sé na seomraí macalla a chreimeadh go mall.

Maidir le taobh an úsáideora, ní mór díriú ar **litearthacht dhigiteach na meán a fheabhsú**. Ba cheart do thionscnaimh oideachais daoine a theagasc conas scagadh algartamach a aithint, conas 'bait feirge' a aimsiú, agus an tábhacht a bhaineann le faisnéis a thras-tagairt ag baint úsáide as foinsí éagsúla, creidiúnacha lasmuigh dá bhfotha. Ní mór úsáideoirí a spreagadh chun a gcuid mboilgeog scagaire féin a bhriseadh go hintinneach trí argóintí dea-réasúnaithe a lorg ó sheasaimh pholaitiúla eile, ag aithint go bhfuil easaontas táirgiúil riachtanach do dhaonlathas sláintiúil. I ndeireadh na dála, éilíonn laghdú na polaraíochta srianta algartamacha agus tiomantas sochaíoch araon chun luach a chur ar an smaointeoireacht chriticiúil thar dheimhniú áisiúil."
Mínigh cuspóir Chloch Rosetta.,,"Bhí Cloch Rosetta mar eochair chun hiaróglyphaí na hÉigipte a dhíchódú. Bhí an foraithne chéanna inscríofa inti i dtrí script: hiaróglach, script Dheamótach, agus an tSean-Ghréigis."
"De réir an téacs, cén bhliain a ghlac na Stáit Aontaithe smacht ar thionscadal tógála Chanáil Phanama?","D'oscail Canáil Phanama, éacht ollmhór innealtóireachta, go hoifigiúil ar an 15 Lúnasa 1914, ag ceangal an Aigéin Atlantaigh (trí Mhuir Chairib) agus an Aigéin Chiúin. Laghdaigh a tógáil go mór an t-achar agus an t-am a bhí ag teastáil ó longa chun taisteal idir an dá aigéan. Roimh 1904, rinne na Francaigh iarracht canáil ar leibhéal na farraige a thógáil ag tosú i 1881, ach theip ar an tionscadal mar gheall ar ghalair, dúshláin innealtóireachta, agus deacrachtaí airgeadais. Ghlac na Stáit Aontaithe an tionscadal ar láimh i 1904, ag roghnú córais chanála bunaithe ar ghlais ina ionad sin. Bhí cruthú Loch Gatun, taiscumar ollmhór saorga, mar chuid lárnach den dearadh seo. Feidhmíonn an chanáil go príomha ag baint úsáide as trí shraith glais: Miraflores, Pedro Miguel, agus Gatun.",1904
Cad é an modh is fearr chun caife ardchaighdeáin 'sileadh' a ghrúdú?,,"Éilíonn an modh is fearr le haghaidh 'sileadh' cruinneas. Ar dtús, téigh uisce scagtha go dtí idir 195°F agus 205°F (90°C–96°C). Fad is atá an t-uisce ag téamh, meáigh agus meil do phónairí úra go tiús meánach (cóimheas caife-go-uisce de thart ar 1:15). Cuir an scagaire páipéir sa chón agus sruthlaigh go maith é le huisce te chun blas an pháipéir a bhaint agus an gaireas grúdaireachta a réamhthéamh; caith an t-uisce sruthlaithe seo amach. Cuir an talamh leis an gcón agus cothromaigh iad. Cuir tús leis an 'bhláthú' trí dhóthain uisce (thart ar dhá oiread mheáchan an chaife meilte) a dhoirteadh go mall thar an gcaife meilte chun iad a sháithiú go hiomlán. Lig dó suí ar feadh 30 soicind. Ansin, cuir tús leis an bpríomh-dhoirteadh, ag tosú sa lár agus ag dul amach i gcasadh, ag seachaint doirteadh go díreach ar bhallaí an scagaire. Lean ar aghaidh ag doirteadh i gcéimeanna seasta, mall go dtí go sroicheann tú an toirt iomlán uisce atá uait. Ba chóir go mbeadh an t-am grúdaireachta iomlán idir 2.5 agus 3.5 nóiméad, go hidéalach."
Cad é an tsiombail cheimiceach don sóidiam?,,Na
Cé hiad na príomhchúiseanna ar tháinig stop le hiarracht tógála na Fraince ar Chanáil Phanama ag deireadh an 19ú haois?,"Is uiscebhealach saorga 82 km (51 míle) i bPanama é Canáil Phanama a cheanglaíonn an tAigéan Atlantach leis an Aigéan Ciúin. Gearrann an chanáil trasna Isthmus Phanama agus is bealach í do thrádáil mhuirí. Ceann de na tionscadail innealtóireachta is mó agus is deacra a rinneadh riamh, bhí tionchar ollmhór aige ar loingseoireacht idir an dá aigéan, ag teacht in ionad an bealach fada contúirteach timpeall Rinn an Choirn ag an bpointe is faide ó dheas de Mheiriceá Theas. Thosaigh an tógáil sa bhliain 1881 ag an bhFrainc, ach mar gheall ar fhadhbanna innealtóireachta agus rátaí arda mortlaíochta oibrithe (os cionn 25,000 bás de bharr galair agus timpistí) tháinig stop leis an tionscadal i 1894. Ghlac na Stáit Aontaithe seilbh ar an tionscadal i 1904, agus d'oscail siad an chanáil ar deireadh ar 15 Lúnasa, 1914. Bhain na S.A. an chanáil agus an Crios Canála máguaird go dtí gur fhoráil Conradh Torrijos–Carter 1977 d'aistriú de réir a chéile smachta go Panama, a cuireadh i gcrích i 1999.","Tháinig stop le hiarracht tógála na Fraince mar gheall ar fhadhbanna innealtóireachta casta chomh maith le rátaí arda mortlaíochta oibrithe, a chuimsigh breis is 25,000 bás de bharr galair agus timpistí."
Cad iad na príomhfhachtóirí a chuirtear i leith thitim shibhialtacht Chlasaiceach na Máighe?,,"Níor tharla titim shibhialtacht Chlasaiceach na Máighe (idir an 8ú agus an 9ú haois AD go garbh) de bharr imeachta aonair amháin ach de bharr idirghníomhaíocht chasta d’fhachtóirí comhshaoil agus polaitiúla. Tugann na príomhtheoiricí le fios gur chuir triomach fada, an-mhór, a bhfuil fianaise ina leith i sonraí na seanchlíomhaíochta, brú ollmhór ar a gcórais dhian talmhaíochta. Is minic gur chuir cogaíocht inmheánach dhúchasach idir chathairstáit iomaíocha leis an strus comhshaoil seo, rud a d’fhág go raibh cur isteach ar bhealaí trádála agus éagobhsaíocht pholaitiúil ann. Ina theannta sin, is dócha gur dhíghrádaigh cleachtais talmhaíochta neamh-inbhuanaithe, mar dhífhoraoisiú forleathan, an ithir agus gur chuir siad leis na drochthionchair a bhí ag an triomach. Sa deireadh thiar thall, mar gheall ar theip an aicme rialaithe ar ord sóisialta a chothabháil agus na báistí riachtanacha a sholáthar, tharla ilroinnt pholaitiúil agus tréigean de réir a chéile ar na mórlárionaid uirbeacha sna hísealchríocha theas."
"Aithin na daoine ar an liosta seo a d'fhóin mar Uachtaráin na SA: Abraham Lincoln, George Washington, Benjamin Franklin, Alexander Hamilton, Theodore Roosevelt.",,"Is iad Uachtaráin na SA ar an liosta sin ná Abraham Lincoln, George Washington, agus Theodore Roosevelt."
"Catagóirigh na gnéithe seo a leanas isteach i hAibhneacha, Aigéin, agus Fásaigh: Gobi, Atlantic, Yangtze, Kalahari, Indian, Mississippi.",,"Aibhneacha: Yangtze, Mississippi
Aigéin: Atlantic, Indian
Fásaigh: Gobi, Kalahari"
Cén chéad mhórobair a táirgeadh ag úsáid preas Gutenberg?,"D'fhorbair Johannes Gutenberg, gabha óir, aireagóir, printéir agus foilsitheoir Gearmánach, an preas clódóireachta in Strasbourg timpeall 1440. Chuir a aireagán, go háirithe an preas clódóireachta cineál soghluaiste meicniúil, tús leis an Réabhlóid Chlóiteoireachta agus meastar go forleathan gurb é an t-aireagán is tábhachtaí den dara mílaois, a raibh tionchar as cuimse aige ar shreabhadh faisnéise ar fud na hEorpa agus ar an réabhlóid eolaíochta ina dhiaidh sin. Ba é an Bíobla Gutenberg an chéad mhórobair a táirgeadh ag úsáid a phreas, a críochnaíodh i 1455.","Ba é an Bíobla Gutenberg an chéad mhórobair a táirgeadh ag úsáid a phreas, a críochnaíodh i 1455."
Cad iad na príomhfheidhmchláir reatha atá ag an Intleacht Shaorga Ghineadach?,,"Tagraíonn an Intleacht Shaorga Ghineadach do mhúnlaí domhfhoghlama, cosúil le múnlaí móra teanga (MMTanna) agus múnlaí idirleata, atá in ann ábhar nua, bunaidh a chruthú seachas sonraí atá ann cheana a rangú nó anailís a dhéanamh orthu amháin. I measc na bpríomhfheidhmchláir reatha tá cruthú uathoibrithe ábhair, áit a gineann múnlaí ailt, achoimrí, nó téacs margaíochta; cúnamh forbartha bogearraí, ag soláthar comhlánú cóid, dífhabhtú, agus aistriú idir teangacha; agus iarrachtaí ealaíne, ag gineadh íomhánna fótaréalaíocha, cumadóireacht ceoil, agus scripteanna físe bunaithe ar leideanna simplí téacs. Ina theannta sin, úsáidtear IS Ghineadach chun tacair shonraí shintéisithe a chruthú chun múnlaí eile meaisínfhoghlama a oiliúint, rud a chabhraíonn le teorainneacha príobháideachais agus fadhbanna gannchinn sonraí i dtaighde agus i bhforbairt a shárú."
Mínigh an bunphrionsabal atá taobh thiar den chaoi a gcinnfidh an Córas Suite Domhanda (GPS) suíomh.,,"Úsáideann GPS teicníc ar a dtugtar trilitrú. Tomhaiseann glacadóir an t-am a thógann sé ar chomharthaí ó cheithre shatailít fithiseacha ar a laghad teacht chuige, ag ríomh an fhaid go dtí gach satailít. Trí na faid agus suímh bheachta na satailítí a bheith ar eolas aige, is féidir leis an nglacadóir a shuíomh tríthoiseach féin ar an Domhan a aimsiú go cruinn."
"Athraigh na luachanna seo a leanas, ag taispeáint an fhoirmle a úsáidtear: 5 mhíle go ciliméadair, agus 25 céim Celsius go Fahrenheit.",,5 mhíle go km: Foirmle (miles * 1.60934). Toradh: 8.047 km. | 25 céim Celsius go Fahrenheit: Foirmle ((C * 9/5) + 32). Toradh: 77 céim Fahrenheit.
"De réir an téacs, cén struchtúr a sháraigh Túr Eiffel ar deireadh ó thaobh airde, ag cur deireadh lena thaifead 41 bliain?","Is túr laitíse iarainn shaolchruaite é Túr Eiffel ar an Champ de Mars i bPáras, an Fhrainc. Tá sé ainmnithe i ndiaidh an innealtóra Gustave Eiffel, a ndearna a chomhlacht dearadh agus tógáil ar an túr. Tógadh é idir 1887 agus 1889, agus tógadh é ar dtús mar áirse iontrála do Thaispeántas Domhanda 1889. Cé gur cháin cuid de phríomh-ealaíontóirí agus intleachtóirí na Fraince a dhearadh ar dtús, tá sé anois ina íocón cultúrtha domhanda den Fhrainc agus ar cheann de na struchtúir is so-aitheanta ar domhan. Tá an túr 330 méadar (1,083 troigh) ar airde, thart ar an airde chéanna le foirgneamh 81 stór, agus is é an struchtúr is airde i bPáras é. Tá a bhun cearnach, ag tomhas 125 méadar (410 troigh) ar gach taobh. Nuair a críochnaíodh é, sháraigh Túr Eiffel Séadchomhartha Washington chun bheith ar an struchtúr daonna is airde ar domhan, teideal a bhí aige ar feadh 41 bliain go dtí gur críochnaíodh Foirgneamh Chrysler i gCathair Nua-Eabhrac i 1930.",Foirgneamh Chrysler i gCathair Nua-Eabhrac.
"Cuir beathaisnéis Marie Curie ar fáil, ag díriú ar a ranníocaíochtaí eolaíochta.",,"Fisiceoir agus ceimiceoir Polannach agus Frainceach, a fuair saoránacht na Fraince, ab ea Marie Skłodowska Curie (7 Samhain 1867 – 4 Iúil 1934) a rinne taighde ceannródaíoch ar an raidighníomhaíocht. Ba í an chéad bhean a bhuaigh Duais Nobel, an chéad duine agus an t-aon bhean a bhuaigh Duais Nobel faoi dhó, agus an t-aon duine a bhuaigh Duais Nobel i dhá réimse eolaíochta éagsúla. Ag obair lena fear céile, Pierre Curie, d’fhorbair sí teoiric na raidighníomhaíochta, teicnící chun iseatóip radaighníomhacha a leithlisiú, agus d’aimsigh sí na dúile polóiniam agus raidiam. Bhunaigh sí Institiúidí Curie i bPáras agus i Vársá, ar lárionaid mhóra taighde leighis iad fós. Bhí a cuid oibre ríthábhachtach d’fhorbairt na X-ghathanna agus na heolaíochta núicléiche."
Cé hiad na heolaithe a gcuirtear an chreidiúint orthu go príomha as struchtúr dúbailte héilics an DNA a mholadh?,"Cuirtear fionnachtain struchtúr an DNA i leith James Watson agus Francis Crick go forleathan i 1953, ag baint úsáide as príomhshonraí ó Rosalind Franklin agus Maurice Wilkins. Mhol siad go nglacfadh DNA foirm dhúbailte héilics, dhá shnáithe casta timpeall ar a chéile. Tá gach snáithe comhdhéanta de dhroim siúcra déocsairíbeóis mhalartach agus grúpaí fosfáite, le bunanna nítrigineacha (adaeinín, gúainín, cíteasín, agus tiimín) ag síneadh isteach. Déanann na bunanna péireáil go sonrach trasna an dá shnáithe: Péireálann adaeinín le tiimín i gcónaí, agus péireálann gúainín le cíteasín i gcónaí.","Cuirtear fionnachtain struchtúr an DNA i leith James Watson agus Francis Crick go forleathan i 1953, ag baint úsáide as príomhshonraí ó Rosalind Franklin agus Maurice Wilkins."
Scríobh feidhm Python chun fachtóireacht de shlánuimhir neamhdhiúltach a ríomh.,"Ní mór don fheidhm athchúrsáil a úsáid agus láimhseáil earráide oiriúnach a chur san áireamh d'ionchuir dhiúltacha, chomh maith le teaghrán doiciméad (docstring) a mhíníonn a chuspóir.","python
def factorial_recursive(n):
    """"""
    Ríomhann sé fachtóireacht na slánuimhreach neamhdhiúltaí n ag baint úsáide as athchúrsáil.
    Sainmhínítear fachtóireacht 0 mar 1.
    
    Raises:
        ValueError: Má tá n diúltach.
    """"""
    if n < 0:
        raise ValueError(""Níl fachtóireacht sainmhínithe le haghaidh uimhreacha diúltacha."")
    elif n == 0:
        return 1
    else:
        return n * factorial_recursive(n - 1)

# Sampla úsáide:
# print(factorial_recursive(5)) # Output: 120
"
Tiontaigh an liosta JSON de fhostaithe a cuireadh ar fáil go formáid meamraim fhoirmiúil ag liostú ainmneacha agus ranna.,"[{""name"": ""Alice Johnson"", ""department"": ""Margaíocht"", ""id"": 101}, {""name"": ""Bob Smith"", ""department"": ""Airgeadas"", ""id"": 102}, {""name"": ""Charlie Davis"", ""department"": ""Innealtóireacht"", ""id"": 103}]","MEAMRAM: Nuashonrú ar Liosta Fostaithe. Tá an príomhphearsanra seo a leanas aitheanta: Alice Johnson (Margaíocht), Bob Smith (Airgeadas), agus Charlie Davis (Innealtóireacht)."
Cad é an tsiombail cheimiceach don dúil ór?,,Au
"Scag an liosta slánuimhreacha a cuireadh ar fáil, ag baint amach na huimhreacha amháin atá sainithe go matamaiticiúil mar phríomhuimhreacha.","1, 2, 4, 7, 9, 11, 15, 17, 21, 29","Is iad na príomhuimhreacha sa liosta ná 2, 7, 11, 17, agus 29."
"Bunaithe ar an téacs a tugadh, cé leis ar roinn Marie Curie Duais Nobel na Fisice 1903?","Marie Skłodowska Curie (rugadh Maria Salomea Skłodowska; 7 Samhain, 1867 – 4 Iúil, 1934) ab ea fisiceoir agus ceimiceoir Polannach agus Fhrancach a bhí nádúrthaithe, a rinne taighde ceannródaíoch ar an radaighníomhaíocht. Ba í an chéad bhean a bhuaigh Duais Nobel, an chéad duine agus an t-aon bhean a bhuaigh Duais Nobel faoi dhó, agus an t-aon duine a bhuaigh Duais Nobel i dhá réimse eolaíochta dhifriúla. Roinn sí Duais Nobel na Fisice 1903 lena fear céile Pierre Curie agus leis an bhfisiceoir Henri Becquerel as a dtaighde comhpháirteach ar radaíocht spontáineach. Níos déanaí, bhuaigh sí Duais Nobel na Ceimice 1911 as a fionnachtain ar na dúile polóiniam agus raidiam.",Roinn Marie Curie Duais Nobel na Fisice 1903 lena fear céile Pierre Curie agus leis an bhfisiceoir Henri Becquerel.
"Ón liosta seo a leanas, aithnigh na hainmhithe atá aicmithe faoi láthair mar leochaileach nó i mbaol ag Liosta Dearg an IUCN: Tíogair, Cat Tí, Panda Ollmhór, Mac Tíre Liath, Coinín, Míol Mór Gorm.",,"Ainmhithe atá aicmithe mar leochaileach nó i mbaol: Tíogair, Panda Ollmhór, Míol Mór Gorm."
Cad iad na príomhdhifríochtaí struchtúracha idir DNA agus RNA?,,"Úsáideann DNA (Aigéad Deocsairibeanuicléach) an siúcra deocsairibeós agus is dualach dúbailte go hiondúil é, ag cruthú héilice. Is iad a bhoinn nítrigineacha ná Aidinín, Guainín, Cíteasín, agus Tiimín. Úsáideann RNA (Aigéad Ríbeanuicléach) an siúcra ribeós, is dualach aonair go ginearálta é, agus cuireann sé Úraicil in ionad Tiimín ina sheicheamh boinn nítrigineacha."
Cén ócáid shuntasach a mheastar go traidisiúnta mar an pointe casaidh ón bPoblacht Rómhánach go dtí an Impireacht Rómhánach?,,"Is é an pointe casaidh traidisiúnta ná gur bhronn an Seanad cumhachtaí neamhghnácha ar Octavian (ar tugadh Augustus air níos déanaí) sa bhliain 27 RC, lena n-áirítear an teideal 'Augustus.' Chuir sé seo lena bhunú mar an chéad Impire Rómhánach, cé gur daingníodh a riail aonair éifeachtach trína bhua ar Marcus Antonius agus Cléópatra ag Cath Actium sa bhliain 31 RC."
Pléigh na dúshláin eiticiúla a thagann chun cinn mar gheall ar fhorbairt tapa na hIntleachta Saorga agus mol creataí rialála.,,"Geallann dul chun cinn tapa na hIntleachta Saorga (IS) sochair shóisialta athraitheacha, ach ag an am céanna cuireann sé dúshláin eiticiúla dhomhain isteach a éilíonn machnamh cúramach agus gníomhaíocht rialála láidir. Cuimsíonn na dúshláin seo saincheisteanna cothroime, uathrialaithe, príobháideachais, agus cobhsaíochta eacnamaíche. 

Ceann de na mórcheisteanna eiticiúla is ea **claonadh algartamach agus cothroime**. Déantar córais IS a oiliúint ar shonraí stairiúla, a léiríonn go minic réamhchlaontaí sochaíocha atá ann cheana bunaithe ar chine, inscne, nó stádas socheacnamaíoch. Nuair a úsáidtear na tacair sonraí chlaonta seo, buanaíonn agus fiú méadaíonn na samhlacha IS a eascraíonn astu idirdhealú i réimsí ríthábhachtacha ar nós fruiliú, ceadú iasachtaí, agus córais cheartais choiriúil. Mar shampla, léirigh algartaim aitheantais aghaidhe rátaí earráide níos airde arís agus arís eile do dhaoine le craiceann níos dorcha, rud a d’fhág gur tharla saincheisteanna mí-aitheantais agus iarmhairtí míchearta. Chun é seo a réiteach, ní mór d’fhorbróirí tosaíocht a thabhairt do iniúchadh dian ar shonraí oiliúna agus teicnící a chur i bhfeidhm chun claonadh a mhaolú.

Dúshlán suntasach eile is ea **díláithriú post agus neamhionannas eacnamaíoch**. De réir mar a uathoibríonn IS gnáthchúraimí, táthar ag súil le caillteanais fhorleathana post i réimsí éagsúla (iompar, déantúsaíocht, seirbhísí riaracháin). Cé go gcruthóidh IS poist nua, tá an t-aistriú ag bagairt ar na bearnaí saibhris atá ann cheana a ghéarú agus codanna móra den lucht saothair a fhágáil gan ullmhú. Éilíonn forbairt eiticiúil díriú ar réitigh réamhghníomhacha, mar shampla píolótacha ioncaim bhunúsaigh uilíche a chur i bhfeidhm, cláir athoiliúna éigeantacha, agus 'cánacha róbat' chun tionscnaimh leasa shóisialta a mhaoiniú.

Is éard atá i gceist le **Príobháideachas agus faireachas** an tríú croí-imní. Braitheann IS go mór ar bhailiú sonraí ollmhóra, rud a mbíonn faireachas forleatach agus creimeadh an phríobháideachais aonair mar thoradh air go minic. Is féidir le huirlisí faoi thiomáint IS monatóireacht a dhéanamh ar iompraíochtaí, intinní a thuar, agus próifílí an-mhionsonraithe de shaoránaigh a chruthú gan toiliú bríoch nó trédhearcacht. Ní mór do rialacháin íoslaghdú sonraí a éileamh, teicnící anaithnidithe slán, agus 'ceart chun míniú' a thabhairt do dhaoine aonair maidir leis an gcaoi a ndéantar a gcuid sonraí pearsanta a phróiseáil trí chinntí IS.

Ar deireadh, ardaíonn imscaradh **córais arm uathrialacha (LAWS)** ceisteanna eiticiúla eiseacha. Má chuirtear cinntí beatha agus báis ar iontaoibh meaisíní, baintear breithiúnas morálta daonna agus cuntasacht as cogaíocht. Trasnaíonn an fhorbairt seo líne chriticiúil, ag éileamh conarthaí idirnáisiúnta a bhunaíonn teorainneacha dochta ar, nó toirmisc iomlána ar, airm mharfacha lán-uathrialacha.

Chun na dúshláin seo a bhainistiú, moltar roinnt creataí rialála. Ar an gcéad dul síos, ní mór díriú ar **Chuntasacht agus Inmhínitheacht (XAI)**. Ba cheart do rialacháin a éileamh go bhfuil córais IS a úsáidtear i gcinntí ardriosca trédhearcach, rud a ligeann do dhaoine an loighic taobh thiar den aschur a thuiscint. Má dhéanann IS dochar, ní mór bealaí dlíthiúla soiléire a bheith ann chun dliteanas a chinneadh—cibé acu is ar an bhforbróir, ar an imscarthóir, nó ar an oibreoir a thiteann sé. Ar an dara dul síos, ba cheart **Measúnuithe Tionchair Éigeantacha** a chur i bhfeidhm sula n-imscartar córais IS i seirbhísí poiblí. D’aithneodh na measúnuithe seo go réamhghníomhach dochair fhéideartha a bhaineann le claonadh, sárú príobháideachais, agus riosca sochaíoch. Ar an tríú dul síos, d’fhéadfadh bunú **Comhlachta Idirnáisiúnta Rialachais IS** caighdeáin a chomhchuibhiú go domhanda, ag cosc 'rith go bun an leathanaigh' ina n-ísleodh tíortha caighdeáin eiticiúla chun buntáiste iomaíoch a bhaint amach i nuálaíocht IS. D’fhéadfadh comhlacht den sórt sin maoirseacht a dhéanamh ar phrótacail sábháilteachta agus cleachtais eiticiúla IS a dheimhniú."
Cad é an tábhacht a bhain leis an ARPANET?,"Líonra luath a bhí in Advanced Research Projects Agency Network (ARPANET) a d'úsáid malartú paicéad agus ba é an chéad líonra a chuir an tsraith prótacal TCP/IP i bhfeidhm. Ba iad an dá theicneolaíocht sin bunús teicniúil an Idirlín. Bhunaigh Gníomhaireacht na dTionscadal Taighde Casta (ARPA) de chuid Roinn Cosanta Stáit Aontaithe Mheiriceá an ARPANET. Tógadh é ar bhonn an smaoineamh maidir le comhroinnt ama ríomhairí agus bhí sé mar aidhm aige rochtain a sholáthar ar ríomhairí cumhachtacha do thaighdeoirí. Bunaíodh an chéad nasc buan ARPANET ar an 21 Samhain, 1969, idir UCLA agus Institiúid Taighde Stanford (SRI). Faoi 1975, fógraíodh an líonra mar ""oibríochtúil"" agus aistríodh an fhreagracht chuig an nGníomhaireacht Chumarsáide Cosanta (DCA). Mar gheall ar an leathnú, forbraíodh córais ríomhphoist luatha agus prótacail aistrithe comhad, rud a chruthaigh inmharthanacht líonraí idirnasctha ar scála mór.","Líonra luath a bhí in Advanced Research Projects Agency Network (ARPANET) a d'úsáid malartú paicéad agus ba é an chéad líonra a chuir an tsraith prótacal TCP/IP i bhfeidhm. Ba iad an dá theicneolaíocht sin bunús teicniúil an Idirlín. Bhunaigh Gníomhaireacht na dTionscadal Taighde Casta (ARPA) de chuid Roinn Cosanta Stáit Aontaithe Mheiriceá an ARPANET. Tógadh é ar bhonn an smaoineamh maidir le comhroinnt ama ríomhairí agus bhí sé mar aidhm aige rochtain a sholáthar ar ríomhairí cumhachtacha do thaighdeoirí. Bunaíodh an chéad nasc buan ARPANET ar an 21 Samhain, 1969, idir UCLA agus Institiúid Taighde Stanford (SRI). Faoi 1975, fógraíodh an líonra mar ""oibríochtúil"" agus aistríodh an fhreagracht chuig an nGníomhaireacht Chumarsáide Cosanta (DCA). Mar gheall ar an leathnú, forbraíodh córais ríomhphoist luatha agus prótacail aistrithe comhad, rud a chruthaigh inmharthanacht líonraí idirnasctha ar scála mór."
Liostaigh an dá dhúil a d’aimsigh Marie Curie agus luaigh na blianta inar bhuaigh sí Duaiseanna Nobel.,"Fisiceoir agus ceimiceoir Polannach agus Fraincisí nádúraithe ab ea Marie Skłodowska Curie (Maria Salomea Skłodowska mar ainm baiste uirthi; 7 Samhain 1867 – 4 Iúil 1934) a rinne taighde ceannródaíoch ar an radaighníomhaíocht. Ba í an chéad bhean a bhuaigh Duais Nobel, an chéad duine agus an t-aon bhean a bhuaigh Duais Nobel faoi dhó, agus an t-aon duine a bhuaigh Duais Nobel i dhá réimse eolaíochta éagsúla. Ba í freisin an chéad bhean a rinneadh ollamh di in Ollscoil Pháras.

Rugadh í i Vársá, sa Ríocht Pholainn ag an am sin, a bhí mar chuid d'Impireacht na Rúise. Rinne sí staidéar in Ollscoil Eitilte Vársá sular bhog sí go Páras sa bhliain 1891 chun leanúint lena cuid staidéir ag an Sorbonne. Sa bhliain 1895, phós sí Pierre Curie. Sa bhliain 1903, roinn sí Duais Nobel sa Fhisic lena fear céile Pierre Curie agus an fisiceoir Henri Becquerel as a gcuid oibre ar radaíocht spontáineach. Tar éis bháis Pierre sa bhliain 1906, lean sí lena taighde. Sa bhliain 1911, fuair sí an dara Duais Nobel, sa Cheimic an uair seo, mar aitheantas dá seirbhísí d'fheabhsú na ceimice trí fhionnachtain na ndúl raidiam agus polóiniam, iargúltacht an raidiam agus staidéar ar nádúr agus ar chomhdhúile na dúile iontaí seo.",D'aimsigh Marie Curie na dúile raidiam agus polóiniam. Bhuaigh sí a Duaiseanna Nobel i 1903 (Fisic) agus 1911 (Ceimic).
Cén chaoi a nascaim printéir gan sreang nua le mo ghréasán baile?,,"Bíonn ceithre phríomhchéim i gceist de ghnáth le printéir gan sreang a nascadh, cé go mbíonn na sonraí éagsúil de réir an mhonaróra (HP, Epson, Canon). 1. Cinntigh go bhfuil an printéir casta air agus i mód socraithe. 2. Íoslódáil feidhmchlár socraithe an mhonaróra ar do ríomhaire nó ar do ghuthán. 3. Bain úsáid as an aip chun an printéir a aimsiú agus ainm agus pasfhocal do ghréasáin Wi-Fi a iontráil. 4. Rith priontáil tástála. Má tá scáileán beag ar an bprintéir, d'fhéadfá an aip a sheachaint agus na sonraí gréasáin a iontráil go díreach ar an ngléas féin."
"Déan liosta de na mórphláinéid aitheanta inár gcóras gréine, ag tosú leis an gceann is gaire don ghrian.",,"Is iad na hocht mórphláinéad in ord ón ghrian ná Mearcair, Véineas, An Domhan, Mars, Iúpatar, Satarn, Úránas, agus Neiptiún."
Déan achoimre ar na príomhimeachtaí as ar eascair fionnachtain peinicillin agus sainaithin an príomh-eolaí a bhí páirteach.,"I 1928, d'fhill an dochtúir agus micribhitheolaí Albanach Alexander Fleming ar a shaotharlann in Ospidéal Naomh Muire i Londain tar éis laethanta saoire samhraidh. Thug sé faoi deara éilliú múnla, Penicillium notatum, ag fás i mias Petri a cuireadh i leataobh ina raibh baictéir Staphylococcus. Thug sé faoi deara gur dealraitheach gur chuir an múnla bac ar fhás na mbaictéar, ag cruthú ciorcal soiléir, saor ó bhaictéir timpeall air féin. D'fhoilsigh Fleming a chuid torthaí i 1929, cé gur chuir an deacracht an tsubstaint a íonghlanadh teorainn lena húsáid mar leigheas ar dtús.","Ba é Alexander Fleming an príomh-eolaí a bhí páirteach i bhfionnachtain peinicillin. Tharla an príomhimeacht trí thimpiste i 1928 nuair a thug Fleming faoi deara go raibh múnla éillitheach, Penicillium notatum, ag cur bac ar fhás baictéar Staphylococcus i mias Petri a cuireadh i leataobh. Cé gur fhoilsigh Fleming na torthaí ríthábhachtacha seo i 1929, cuireadh teorainn leis an bhfeidhmiú praiticiúil ar dtús mar gheall ar dhúshláin maidir leis an tsubstaint éifeachtach a íonghlanadh."
Conas a fhoirmítear sceireacha coiréil?,"Is éiceachórais faoi uisce iad sceireacha coiréil arb iad coiréalaigh tógála sceireacha is sainairíonna dóibh. Cruthaítear na sceireacha as coilíneachtaí polapanna coiréil a choinnítear le chéile le carbónáit chailciam. Fásann formhór na sceireacha coiréil is fearr in uiscí teo, éadomhain, glana, grianmhara agus corracha. Is minic a thugtar ""foraoisí báistí na farraige"" orthu mar gheall ar an mbithéagsúlacht ollmhór a thacaíonn siad léi, ag soláthar foscadh agus bia do speicis mhuirí gan áireamh.",Cruthaítear sceireacha as coilíneachtaí polapanna coiréil a choinnítear le chéile le carbónáit chailciam.
Athraigh na teochtaí Celsius seo a leanas go Fahrenheit (F = C * 9/5 + 32) agus ná liostaigh ach torthaí atá níos mó ná 80°F.,"20°C, 35°C, 15°C, 25°C",95°F
Shlog mo pháiste glantóir tí éigin. Cad ba cheart dom a dhéanamh láithreach?,,"Ná bí buartha, ach gníomhaigh láithreach. Cuir glaoch ar an Lárionad Rialaithe Nimhe (1-800-222-1222) nó ar na seirbhísí éigeandála (911) láithreach. Ná déan iarracht an páiste a chur amach mura n-ordaíonn gairmí leighis duit é sin a dhéanamh. Más féidir, bíodh coimeádán an táirge in aice láimhe agat ionas gur féidir leat ainm beacht an ghlantóra agus a chomhábhair a thabhairt don oibreoir. Lean gach treoir a thugann na saineolaithe leighis."
Cad iad na príomh-imthosca a bhí mar thoradh ar fhionnachtain Alexander Fleming ar pheinicillin?,"I 1928, agus é ag obair in Ospidéal Naomh Muire i Londain, bhí Alexander Fleming ag déanamh staidéir ar an mbaictéar Staphylococcus. Sula ndeachaigh sé ar saoire coicíse, chruinnigh sé a chuid mias Peitreo ina raibh cultúir staph i gcúinne dá shaotharlann. Nuair a d’fhill sé, thug sé faoi deara go raibh múnla tar éis mias amháin a éilliú. Go ríthábhachtach, thug sé faoi deara nach raibh aon choilíneachtaí staph ag fás in aice leis an múnla. D’aithin sé an múnla mar *Penicillium notatum*. Cheap sé go raibh an múnla ag táirgeadh substaint a mharaigh baictéir go gníomhach. Níos déanaí, thug sé peinicillin ar an tsubstaint seo. Cé gur fhoilsigh Fleming a chuid fionnachtana, bhí deacracht aige an comhdhúil a leithlisiú agus a olltáirgeadh, éacht a bhain Howard Florey agus Ernst Chain amach níos déanaí sna 1940idí.","Ba thimpiste den chuid is mó a bhí i bhfionnachtain Fleming. Agus é ag déanamh staidéir ar bhaictéir Staphylococcus i 1928, d'fhág sé miasa Peitreo gan aire le linn saoire coicíse. Nuair a d'fhill sé, thug sé faoi deara go raibh múnla *Penicillium notatum* tar éis mias amháin a éilliú. Ba é an t-eolas criticiúil ná gur theip ar an mbaictéar staphylococcus fás sa limistéar díreach timpeall ar an múnla, rud a thug ar Fleming an hipitéis cheart a dhéanamh go raibh an múnla ag táirgeadh substaint fhrith-baictéarach."
Liostaigh na trí phríomh-dhath thraidisiúnta a úsáidtear i bpéintéireacht.,,"Dearg, Buí, agus Gorm."
Cad é príomhchathair na hAstráile?,,Is í Canberra príomhchathair na hAstráile.
Mínigh an difríocht idir Intleacht Shaorga agus Meaisínfhoghlaim.,,Is éard is Intleacht Shaorga (IS) ann ná an coincheap leathan go bhfuil meaisíní in ann tascanna a chur i gcrích ar bhealach a mheasaimid a bheith 'cliste'. Is fo-thacar d'IS é Meaisínfhoghlaim (MF) a dhíríonn ar chruthú algartam a ligeann do ríomhairí foghlaim ó shonraí gan iad a chlársceidealú go sainráite.
"Aicmigh na dúile ceimiceacha seo a leanas mar Mhiotal, Neamh-mhiotal, nó Miotailóideach: Hidrigin, Ór, Sileacan, Ocsaigin, Iarann, Bórón, Sulfar, Copar, Arsanaic, Alúmanam, Carbón, Gearmáiniam.",,"Miotal:
Ór
Iarann
Copar
Alúmanam

Neamh-mhiotal:
Hidrigin
Ocsaigin
Sulfar
Carbón

Miotailóideach:
Sileacan
Bórón
Arsanaic
Gearmáiniam"
"Aimsigh an dáta is luaithe a luaitear d'aireagán an chló shochorraithe sa téacs, agus ríomh an difríocht ama i mblianta idir foirfeacht phreas Gutenberg i Mainz agus priontáil an Jikji.","D'fhorbair Johannes Gutenberg an preas clóghrafadóireachta sóchorraithe in Strasbourg, an Ghearmáin, timpeall 1440. Mar sin féin, ba é an ranníoc ba chlúití aige ná foirfeacht na teicneolaíochta i Mainz i 1450, rud a d'eascair as táirgeadh Bhíobla Gutenberg, a cuireadh tús leis i 1452 agus a críochnaíodh faoi 1455. Bhí foirmeacha clóghrafadóireachta níos luaithe ann in Oirthear na hÁise. D'fhionn Bi Sheng, sa tSín, cló sóchorraithe ag baint úsáide as ábhair cheirmeacha timpeall 1040 AD. D'fhorbair Wang Zhen cló sóchorraithe adhmaid níos déanaí i 1297. Cruthaíodh an leabhar is sine atá ann, a clóbhualadh ag baint úsáide as cló sóchorraithe miotail, an Jikji, sa Chóiré i 1377.",Is é 1040 AD an dáta is luaithe a luaitear don chló sóchorraithe. Is é an difríocht ama idir foirfeacht phreas Gutenberg (1450) agus priontáil an Jikji (1377) ná 73 bliain.
Cén t-ordú ba cheart a úsáid chun comhaid sonraí a bhaint go buan ó thábla Delta Lake nach dtagraítear dóibh a thuilleadh sa logáil idirbheart?,,"Ba cheart duit an t-ordú `VACUUM` a úsáid. Chun sábháilteacht a chinntiú agus stair an taistil ama a chaomhnú, ní mór duit an tréimhse coinneála (`RETAIN`) a shocrú le bheith níos faide ná an chumraíocht `delta.logStore.time`, 7 lá ar a laghad de ghnáth (168 uair an chloig)."
Liostaigh trí uirlis riachtanacha a theastaíonn le haghaidh stíleanna éagsúla de ghrúdaireacht caife.,,"Thar-Dhoirteadh:
Citeal Muineál Gé
Meilteoir Duaile
Scagairí Páipéir

Espresso:
Taimpear
Porta-Scagaire
Scála Beacht

Preas Francach:
Meilteoir Garbh
Soitheach Inslithe
Pádal Corraithe"
"Cén fhoirm de ghiniúint leictreachais, gréine nó gaoithe, a éilíonn níos lú cothabhála fadtéarmach?",,"Éilíonn feirmeacha gréine níos lú cothabhála meicniúla leanúnaí go ginearálta ná tuirbíní gaoithe, a bhfuil páirteanna gluaisteacha iontu atá faoi réir caitheamh agus cuimilt."
"De réir an téacs a cuireadh ar fáil, cad é an raon teochta idéalach don uisce grúdaireachta a úsáidtear in espresso?","Éilíonn espresso foirfe a bhaint amach roinnt athróg tábhachtach a chothromú. Is é méid an mheilte an ceann is tábhachtaí, b'fhéidir; méadaíonn meilt níos míne frithsheasmhacht agus moillíonn sé an eastóscadh, cé go ligeann meilt níos garbh don uisce sreabhadh ró-thapa, rud a fhágann nach dtarlaíonn eastóscadh iomlán. Ba chóir go mbeadh teocht an uisce grúdaireachta go hidéalach idir 195°F agus 205°F (90°C agus 96°C)—má bhíonn sé ró-fhuar bíonn géire mar thoradh air, má bhíonn sé ró-the bíonn searbhas mar thoradh air. Is iondúil go mbíonn an dáileog, nó an méid tailimh caife tirim a úsáidtear, idir 18 agus 22 gram le haghaidh caife dúbailte caighdeánach. Ar deireadh, tiomáineann an brú a chuireann an meaisín i bhfeidhm, 9 bar de ghnáth, an t-uisce tríd an tailimh phacáilte chun an toirt shainithe a tháirgeadh laistigh de 25 go 30 soicind.",Ba chóir go mbeadh an teocht idéalach don uisce grúdaireachta idir 195°F agus 205°F (90°C agus 96°C).
Cad é an teanga cláir is praiticiúla do thosaitheoirí le foghlaim in 2024?,,"Braitheann an rogha is fearr go hiomlán ar do spriocanna gairme fadtéarmacha. Maidir le solúbthacht agus forbairt gréasáin, tá JavaScript ríthábhachtach. Mar sin féin, má tá suim agat in eolaíocht sonraí nó uathoibriú, is minic a mholtar Python mar gheall ar a inléiteacht agus a thacaíocht láidir leabharlainne."
"Mínigh cad is Soilse an Tuaiscirt (Aurora Borealis) ann, agus liostaigh na háiteanna is fearr ar Domhan chun an feiniméan seo a fheiceáil.",,"Is taispeántas solais nádúrtha i spéir an Domhain é an Aurora Borealis, ar a dtugtar Soilse an Tuaiscirt go minic, a fheictear go príomha i réigiúin ardleithid. Tarlaíonn sé nuair a imbhuaileann cáithníní luchtaithe (leictreoin agus prótóin go príomha) ón ghrian, ag taisteal trí ghaoth na gréine, le cáithníní gáis in atmaisféar an Domhain. Cuireann na himbhuailtí seo ar na hadaimh dul i riocht corraithe; nuair a shocraíonn na hadaimh síos arís chuig staid fuinnimh níos ísle, scaoileann siad fuinneamh i bhfoirm fótón, ag cruthú an tsolais infheicthe iontach. Is é an dath is coitianta ná glas, de bharr adaimh ocsaigine, ach is féidir dearg, gorm, agus corcra a bheith le feiceáil freisin ag brath ar an gcineál gáis agus ar airde an imbhuailte.

Chun Soilse an Tuaiscirt a fheiceáil, tá spéartha dorcha, glana agus íosleibhéal truaillithe solais ag teastáil. De ghnáth, bíonn an t-am féachana is fearr idir Meán Fómhair agus Aibreán. I measc na n-áiteanna is fearr chun an Aurora Borealis a fheiceáil tá:

*   **An Íoslainn:** An-inrochtana agus is féidir é a fheiceáil ar fud an oileáin ar fad, go minic díreach nóiméad taobh amuigh de Réicivíc.
*   **An Iorua (Tromsø agus Oileáin Lofoten):** Suite go maith laistigh den Chiorcal Artach, ag tairiscint cuid de na cúlraí cósta is drámatúla do na soilse.
*   **An Fhionlainn (Laplainn):** Aitheanta as lóistíní speisialaithe cosúil le hioglúnna gloine, a cheadaíonn féachaint astu ón taobh istigh.
*   **An tSualainn (Páirc Náisiúnta Abisko):** Tá an réigiún seo cáiliúil as a ""Pholl Gorm,"" limistéar a bhfuil cáil air mar gheall ar spéartha glana go seasta de bharr patrúin aimsire áitiúla.
*   **Ceanada (Yukon, Críocha an Iarthuaiscirt, agus Nunavut):** Réimsí fairsinge, tearc-daonra a thairgeann spéartha dorcha neamhmheasctha.
*   **Alasca (Fairbanks):** Suite díreach faoi bhun an ubháil aoróraigh, ag tairiscint intuarthacht ard maidir le radharcanna."
Cad iad na straitéisí is fearr chun dó ghníomhach a aithint agus a mhaolú i measc fhoirne innealtóireachta atá go hiomlán iargúlta?,,"Éilíonn dul i ngleic le dó ghníomhach i bhfoirne iargúlta cur chuige réamhghníomhach, ilghnéitheach atá dírithe ar infheictheacht agus solúbthacht. 

**1. Straitéisí Aitheantais (Na Comharthaí a Bhrath):**
*   **Déan Monatóireacht ar Chomharthaí Cáilíochtúla:** Cuardaigh athruithe caolchúiseacha san iompar: rannpháirtíocht laghdaithe i gcomhráite foirne roghnacha, úsáid mhéadaithe cumarsáide gairide, amanna freagartha níos moille, nó frithchuimilt gan choinne le linn athbhreithnithe cóid.
*   **Rianaigh Patrúin Oibre (Ní Uaireanta):** Tabhair faoi deara uaireanta oibre tobanna, neamhrialta (e.g., logáil amach go luath ach logáil isteach arís go déanach san oíche) nó athrú suntasach i minicíocht nó i méid tiomantas, rud a d'fhéadfadh streachailt nó easpa fócas a léiriú.
*   **Bain Úsáid as Seiceálacha 1:1:** Aistrigh fócas na seiceálacha 1:1 seachtainiúla ó nuashonruithe tascanna amháin go dtí dea-bhail. Cuir ceisteanna oscailte mar, 'Cad atá ag mothú trom faoi láthair?' nó 'An bhfuil trioblóid agat obair agus saol pearsanta a scaradh?'

**2. Tactics Maolaithe agus Idirghabhála:**
*   **Blocanna Éagsioncrónacha a Éileamh:** Sceideal lá nó blocanna ama ar leith nuair atá cruinnithe toirmiscthe, ag ligint d'obair dhomhain, gan cur isteach uirthi agus ag laghdú tuirse cruinnithe.
*   **Dícheangal a Fhorfheidhmiú:** Abair go sainráite le baill foirne a Saoire Íoctha (PTO) a úsáid. Éiligh orthu 'OOTO' (As Oifig) a chur ar a stádas agus gealltanas a thabhairt gan ríomhphoist/Slack a sheiceáil tar éis uaireanta.
*   **Ualach Oibre agus Scóip a Choigeartú:** Athbhreithnigh an sprionta reatha nó an cúlra tionscadail. Bí toilteanach tascanna neamhchriticiúla a chur siar láithreach chun brú a laghdú, ag tabhairt tús áite do cháilíocht thar luas.

**3. Cosc Córasach:**
*   **Athbhreithniú a Dhéanamh ar Phleanáil Acmhainne:** Cinntigh go bhfuil luas sprionta nó clocha míle tionscadail socraithe go réadúil, ag cur san áireamh am neamhghníomhach riachtanach agus am maoláin, in áit úsáid 100% a éileamh.
*   **Micreashosanna a Spreagadh:** Cuir úsáid uirlisí nó meabhrúchán chun cinn a spreagann sosanna fisiceacha gearra i rith an lae chun dul i ngleic le nósanna oibre neamhaíogacha."
"Cé a scríobh an t-úrscéal ficsean eolaíochta lárnach Dune, a foilsíodh i 1965?",,"Scríobh Frank Herbert Dune. Is é an chéad úrscéal é i saighead sé leabhar a dhéanann iniúchadh ar théamaí casta na héiceolaíochta, an reiligiúin, agus éabhlóid an duine ar an bpláinéad fásaigh Arrakis."
"Cruthaigh plean airgeadais agus gairme dian, céim ar chéim, do dhuine a bhain céim amach le déanaí a bhfuil $100,000 de fhiacha mac léinn air, agus is é an sprioc an fiachas a ghlanadh go hiomlán laistigh de 5 bliana.",,"1. **Triaid Láithreach & Seiceáil Rátaí (Mí 1):** Déan mionchuntas ar gach iasacht aonair, ag tabhairt faoi deara an príomhoide, an ráta úis, agus an íocaíocht íosta mhíosúil. Tabhair tús áite d'aisíoc ag baint úsáide as modh Longthitim an Fhiachais (an ráta úis is airde ar dtús). Sábhálfaidh sé seo na mílte thar shaolré na hiasachta.
2. **An Íobairt (Bliain 1):** Bog ar ais abhaile láithreach nó faigh an staid chostais mhaireachtála is ísle is féidir. Is é tithíocht an fachtóir is mó a chinneann rath sa phlean seo. Is é do sprioc do Bhliain 1 ná tithíocht agus fóntais a choinneáil faoi bhun 10% de d'íocaíocht tar éis cánach.
3. **An Buiséad Bunúsach Zero:** Cruthaigh buiséad an-teoranta. Sann post do gach dollar. Cuir teorainn le gach caiteachas neamhriachtanach (ithe amuigh, siamsaíocht, síntiúis) ag $200 in aghaidh na míosa. Cuir compord ort féin ag rá “níl” le himeachtaí sóisialta a éilíonn caiteachas.
4. **Tóg an Maolán $1,000:** Sula ndéanann tú íocaíochtaí móra, faigh ciste éigeandála beag de $1,000. Coscann sé seo costais bheaga gan choinne (deisiúchán carr, comhíocaíocht leighis) ó tú a bhrú ar ais i bhfiacha cárta creidmheasa.
5. **Faigh Fostaíocht Ard-Fháis:** Tabhair tús áite d'fhostaíocht a fháil in earnáil ard-éilimh (m.sh., forbairt bogearraí speisialaithe, díolacháin teicneolaíochta, eolaíocht sonraí, comhairleoireacht). Dírigh ar thúsphá atá 10-20% níos airde ná an meán do do réimse, fiú má éilíonn sé dian-uaschur nó bogadh go cathair ardchostais mhaireachtála go sealadach.
6. **An Sainordú Taobh-Ghnó:** Tosaigh láithreach le taobh-ghnó brabúsach (saorobair, teagasc, obair chonartha iargúlta) a úsáideann scileanna do chéime inmhargaidh. Geall go gcaithfidh tú 10-15 uair sa tseachtain leis an ngnó seo, ag iarraidh $800 - $1,200 breise a ghiniúint in aghaidh na míosa.
7. **Uathoibriú na Longthitime:** Socraigh íocaíochtaí íosta uathoibríocha do gach iasacht, ag cinntiú go seachnaíonn tú táillí. Cuir 100% den ioncam a ghintear ó do thaobh-ghnó go díreach i dtreo phríomhoide na hiasachta is airde úis.
8. **Coinneáil Siar ó Scor:** Ná cuir isteach ach an t-íosmhéid is gá i 401(k) d'fhostóra chun an ranníocaíocht chomhfhreagrach iomlán (airgead saor in aisce) a fháil. Ná rannchuidigh níos mó go dtí go mbeidh an t-ualach iomlán fiachais faoi $30,000.
9. **Mair mar Mac Léinn (Bliain 1):** Ná tit i gcreach 'sníomh saoil.' Tiomáin an sean-charr, caith na seanéadaí, agus lean ar aghaidh ag ithe bia ar chostas íseal. Téann gach dollar breise i dtreo an fhiachais.
10. **Atreorú an Ardú Pá (Bliain 2+):** Nuair a fhaigheann tú do chéad ardú pá nó bónas, atreoraigh 100% den *ghlanmhéadú* isteach i d'íocaíocht fiachais. Ní féidir dul i gceist leis seo.
11. **Luasghéarú Gairme Ionsaitheach:** Dírigh go neamhthrócaireach ar fheidhmíocht. Iarr ardú céime inmheánach gach 12-18 mí. Má tá an fás inmheánach marbhánta, déan cuardach ionsaitheach ar phost nua (ag léim ó phost go post) a thairgeann léim pá 15-20% ar a laghad. Is é d'ioncam ard an uirlis is cumhachtaí sa phlean seo.
12. **Athbhreithniú Athmhaoinithe (Bliain 2/3):** Chomh luath agus a fheabhsaíonn do scór creidmheasa, agus go laghdaítear an príomhfhiachas, déan imscrúdú ar athmhaoiniú do chuid iasachtaí príobháideacha atá fágtha (agus b'fhéidir iasachtaí cónaidhme, ag brath ar rátaí úis) chuig ráta úis níos ísle, aonair. Is minic a éilíonn sé seo creidmheas den scoth agus stair fostaíochta chobhsaí.
13. **Ceiliúradh Mórchlocha Fiachais (Íosta):** Nuair a íocann tú iasacht ar leith, lig ceiliúradh beag, buiséadaithe duit féin (uasmhéid $50-$100). Bain úsáid as an íocaíocht ón iasacht a cuireadh deireadh léi chun an íocaíocht ar an gcéad iasacht eile in ord na Longthitime a mhéadú.
14. **An Brú Deiridh (Bliain 5):** Nuair a bhíonn an fiachas faoi bhun $15,000, smaoinigh ar gach caiteachas neamhriachtanach a dhíchur go hiomlán (an brú deiridh “mhí ifrinn”) agus díol aon sócmhainní ardluacha neamhriachtanacha (m.sh., consól cearrbhachais, leictreonaic iomarcach) chun an príomhshuim deiridh a ghlanadh.
15. **Prótacal Iar-Fhiachais:** Tar éis na híocaíochta deiridh, atreoraigh an méid ollmhór íocaíochta fiachais míosúil isteach i gcuntais scoir (401k, Roth IRA) a uasmhéadú go hionsaitheach agus, faoi dheireadh, ciste éigeandála láidir 3-6 mhí a chistiú, ag cinntiú go dtagann tú suas go tapa ar dheiseanna caillte coigiltis."
Liostaigh seacht sraith an mhúnla OSI in ord agus luaigh go hachomair príomhfheidhm an trí shraith is airde.,,"Seacht sraith an mhúnla OSI, ón mbun (1) go barr (7), is ea iad: 1. Fisiciúil, 2. Nasc Sonraí, 3. Líonra, 4. Iompar, 5. Seisiún, 6. Cur i Láthair, 7. Feidhmchlár. Is iad feidhmeanna an trí shraith is airde ná: Sraith 7 (Feidhmchlár): Soláthraíonn sé an comhéadan idir feidhmchláir an úsáideora agus an líonra agus láimhseálann sé seirbhísí cumarsáide an úsáideora deiridh (m.sh., HTTP, SMTP). Sraith 6 (Cur i Láthair): Láimhseálann sé formáidiú sonraí, aistriú, criptiú, agus comhbhrú, ag cinntiú go bhfuil na sonraí inléite ag an gcóras glactha. Sraith 5 (Seisiún): Bainistíonn sé bunú, cothabháil, sioncrónú, agus foirceannadh naisc (seisiúin) idir feidhmchláir atá ag cumarsáid."
Déan cur síos ar thábhacht Phreas Priontála Gutenberg.,"Ba é Johannes Gutenberg a chum Preas Priontála Gutenberg i lár an 15ú haois. Bhain sé úsáid as teicneolaíocht an chineáil shochorraithe, feabhas suntasach ar mhodhanna priontála bloc a bhí ann roimhe seo.","Ba é Johannes Gutenberg a chum Preas Priontála Gutenberg i lár an 15ú haois. Bhain sé úsáid as teicneolaíocht an chineáil shochorraithe, feabhas suntasach ar mhodhanna priontála bloc a bhí ann roimhe seo. Creidtear go forleathan gurb é an t-aireagán seo a chuir tús leis an 'Réabhlóid Phriontála,' a raibh ról lárnach aici san Athbheochan, san Reifirméisean, agus in Aois na hEagnaíochta trí chumasú scaipeadh tapa an eolais agus téacsanna caighdeánaithe ar fud na hEorpa."
Cé a tháinig i gcomharbacht ar FDR mar uachtarán ar na Stáit Aontaithe?,,Tháinig Harry S. Truman i gcomharbacht ar Franklin D. Roosevelt.
Mó Ghealacha Shatarn,"Is é Tíotán an ghealach is mó de chuid Shatarn agus an dara ceann is mó sa Chóras Gréine, i ndiaidh Ghainiméide Iúpatair. Is í an t-aon ghealach ar a bhfuil a fhios go bhfuil atmaisféar dlúth aici, comhdhéanta go príomha de nítrigin. D'aimsigh an réalteolaí Dúitseach Christiaan Huygens Tíotán sa bhliain 1655. Tá Enceladus, mórghealach eile, i bhfad níos lú ach tá sí thar a bheith tábhachtach ó thaobh na heolaíochta de mar gheall ar a huisceadán faoin dromchla agus a cripteabholcánacht ghníomhach (spréachshruthanna ag brú amach cáithníní oighir uisce). D'aimsigh William Herschel Enceladus sa bhliain 1789. Tá an ghealach Iapetus suntasach mar gheall ar a dathú drámata dhá-thon—tá leathsféar amháin beagnach dubh agus tá an ceann eile bán geal. D'aimsigh Giovanni Domenico Cassini Iapetus sa bhliain 1671.","Bunaithe ar an téacs, cad é comhdhéanamh an atmaisféir dhlúth atá le fáil ar Thíotán?"
Pléigh an príomhthionchar a bhí ag 'Frankenstein' le Mary Shelley ar na seánraí Gotacha agus ficsean eolaíochta.,,"Tá 'Frankenstein' bunúsach don dá sheánra. Maidir le litríocht Ghotach, d'aistrigh sé an fócas ó bhagairtí seachtracha, osnádúrtha (taibhsí, caisleáin chiaptha) go huafás inmheánach, síceolaíoch, ag bunú téama marthanach an 'doppelgänger' agus an dinimic 'ollphéist/cruthaitheoir'. Go ríthábhachtach, is minic a luaitear é mar bhunphointe an fhicsin eolaíochta, toisc go gcuireann sé eolaíocht theoiriciúil, ach inchreidte, in ionad draíochta nó misteachais (galbhánachas, cóimeáil coirp). Mar gheall ar an aistriú seo bhí an t-úrscéal ina fhréamhshamhail d'údair SF amach anseo trí dhíriú ar iarmhairtí eiticiúla na sotalaíochta teicneolaíochta seachas cur síos a dhéanamh ar an teicneolaíocht amháin."
Conas a shocraím timpeallacht fhíorúil bhunúsach Python (venv) do thionscadal nua?,,"Meastar gurb é an dea-chleachtas i bhforbairt Python é timpeallacht fhíorúil (venv) a bhunú chun spleáchais tionscadail a leithlisiú. Ag glacadh leis go bhfuil Python 3.x suiteáilte agat, lean na céimeanna seo:

1. **Déan nascleanúint chuig d’eolaire tionscadail:** Oscail do theirminéal nó pras ordaithe agus athraigh eolaire go dtí an áit a mbeidh do chomhaid tionscadail (m.sh., `cd ~/Projects/my_app`).

2. **Cruthaigh an timpeallacht fhíorúil:** Bain úsáid as an modúl ionsuite `venv`. Is é an t-ainm `venv` (an dara huair) an gnáth-choinbhinsiún d'ainm fillteáin na timpeallachta:
   bash
   python3 -m venv venv
   

3. **Gníomhaigh an timpeallacht:** Athraíonn an ghníomhachtú athróg PATH do bhlaosc ionas go n-úsáidfidh sé an comhad inrite laistigh de do thimpeallacht nua scoite nuair a chlóscríobhann tú `python` nó `pip`.
   *   **Ar macOS/Linux:** `source venv/bin/activate`
   *   **Ar Windows (Command Prompt):** `venv\Scripts\activate.bat`
   *   **Ar Windows (PowerShell):** `.\venv\Scripts\Activate.ps1`

4. **Deimhnigh an ghníomhachtú:** De ghnáth, athróidh pras do theirminéil chun ainm na timpeallachta a áireamh (m.sh., `(venv) user@host:~/Projects/my_app$`)

5. **Suiteáil spleáchais:** Anois, ní bheidh aon phacáiste a shuiteálann tú ag baint úsáide as `pip` ann ach taobh istigh den timpeallacht seo (m.sh., `pip install requests flask`).

6. **Díghníomhaigh:** Nuair a bhíonn tú críochnaithe ag obair ar an tionscadal don seisiún, níl le déanamh agat ach `deactivate` a chlóscríobh chun filleadh ar do thimpeallacht dhomhanda Python."
Mínigh próiseas na fótaisintéise.,,"Is éard is fótaisintéis ann ná an próiseas bithcheimiceach a úsáideann plandaí, algaí, agus baictéir áirithe chun fuinneamh solais a thiontú go fuinneamh ceimiceach, atá stóráilte i bhfoirm glúcóis. Teastaíonn dé-ocsaíd charbóin agus uisce don phróiseas seo agus táirgeann sé ocsaigin mar fho-tháirge.

**An Fhoirmle Cheimiceach:**
6CO₂ (Dé-ocsaíd Charbóin) + 6H₂O (Uisce) + Fuinneamh Solais → C₆H₁₂O₆ (Glúcós) + 6O₂ (Ocsaigin)

**Céim 1: Na Frithghníomhartha atá ag Brath ar Sholas**
Tarlaíonn an chéim seo sna seicní tíleacóide taobh istigh de na cloraplaist. Ionsúnn líocha clóraifille fuinneamh solais, go príomha sna speictream dearg agus gorm. Úsáidtear an fuinneamh ionsúite seo chun leictreoin a sceiteadh agus móilíní uisce a scoilt (próiseas ar a dtugtar fótalú). Scaoileann an scoilt seo gás ocsaigine isteach san atmaisféar, agus úsáidtear an fuinneamh a ghintear chun ATP (airgeadra fuinnimh) agus NADPH (iompróir leictreon) a chruthú.

**Céim 2: Na Frithghníomhartha Neamhspleácha ar Sholas (Timthriall Calvin)**
Tarlaíonn an chéim seo sa stróma (an spás líonta le sreabhán timpeall ar na tíleacóid) agus ní gá solas a bheith aici go díreach, cé go bhfuil sí ag brath ar an ATP agus NADPH a tháirgtear i gCéim 1. 
1. **Feistiú Carbóin:** Gabhtar dé-ocsaíd charbóin ón atmaisféar agus ceanglaítear í le móilín cúig charbón ar a dtugtar RuBP. Tiontaíonn an chéim seo carbón neamhorgánach go comhdhúile orgánacha.
2. **Dí-ocsaídiú:** Ag baint úsáide as an bhfuinneamh ó ATP agus na leictreoin ó NADPH, déantar na comhdhúile carbóin feistithe a thiontú go G3P (glicearaildéid-3-fosfáit), siúcra simplí trí charbón.
3. **Athghiniúint:** Athchúrsáiltear formhór na móilíní G3P chun an móilín RuBP tosaigh a athghiniúint ionas gur féidir leis an timthriall leanúint ar aghaidh. Úsáideann an planda na móilíní G3P atá fágtha chun glúcós, stáirse, ceallalós, agus móilíní orgánacha eile a theastaíonn le haghaidh fáis agus stóráil fuinnimh a shintéisiú."
Cad é an siombail cheimiceach don ór?,,Is í an tsiombail cheimiceach don ór ná Au.
"Déan athbhreithniú ar an liosta cathracha seo a leanas agus aicmigh iad ina mór-ranna faoi seach. Formáidigh an t-aschur mar liosta urchair ina dtaispeánann gach iontráil an Mhór-Roinn, agus ansin coilín, agus ansin ainm na Cathrach.","Cathracha le haicmiú: Tóiceo, Páras, Caireo, Sydney, Rio de Janeiro, Londain, Johannesburg, Mumbai, Cathair Nua-Eabhrac, Beirlín.","* An Áise: Tóiceo
* An Eoraip: Páras
* An Afraic: Caireo
* An Astráil: Sydney
* Meiriceá Theas: Rio de Janeiro
* An Eoraip: Londain
* An Afraic: Johannesburg
* An Áise: Mumbai
* Meiriceá Thuaidh: Cathair Nua-Eabhrac
* An Eoraip: Beirlín"
Cathain a tógadh Túr Eiffel agus cad é an cuspóir bunaidh a bhí leis?,"Túr laitíse d'iarann saoirsithe atá i dTúr Eiffel, atá suite ar an Champ de Mars i bPáras, an Fhrainc. Tógadh é ó 1887 go 1889 mar bhealach isteach chuig Aonach Domhanda 1889. Ag seasamh 330 méadar (1,083 troigh) ar airde, ba é an struchtúr daonna ab airde ar domhan é ar feadh 41 bliain go dtí gur cuireadh an Chrysler Building i gcrích i gCathair Nua-Eabhrac i 1930. Tá trí leibhéal sa túr do chuairteoirí, le bialanna ar an gcéad agus ar an dara leibhéal. Is é an séadchomhartha íoctha is mó a dtugtar cuairt air ar domhan, ag fáil 6.91 milliún cuairteoir i 2015.",Tógadh Túr Eiffel ó 1887 go 1889 agus d'fheidhmigh sé mar bhealach isteach chuig Aonach Domhanda 1889.
"Déan na gnéithe geografacha seo a leanas a chatagóiriú i dtrí ghrúpa: Fásaigh, Aigéin, agus Sléibhte: Sahara, Atlantic, Andes, Gobi, Pacific, Arabian, Rockies, Indian, Kalahari, Arctic, K2, Everest, agus Kilimanjaro.",,"Is iad na Fásaigh: Sahara, Gobi, Arabian, agus Kalahari. Is iad na hAigéin: Atlantic, Pacific, Indian, agus Arctic. Is iad na Sléibhte agus na Buaicphointí: Andes, Rockies, K2, Everest, agus Kilimanjaro."
Mínigh creat S.M.A.R.T. chun spriocanna a shocrú agus cad a sheasann gach litir dó.,,"Is gléas meabhrach é creat S.M.A.R.T. a úsáidtear chun spriocanna a shocrú a threorú agus chun seansanna rathúlachta a mhéadú. Soláthraíonn sé paraiméadair shoiléire chun measúnú a dhéanamh an bhfuil sprioc inghníomhaithe agus indéanta. 

Seasann na litreacha do:
- **S**pecific: Ba chóir don sprioc a rá go soiléir cad atá le baint amach.
- **M**easurable: Teastaíonn critéir uait chun dul chun cinn a rianú agus fios a bheith agat cathain a comhlíontar an sprioc.
- **A**chievable (or Attainable): Ní mór don sprioc a bheith réadúil i bhfianaise na n-acmhainní agus an ama atá ar fáil.
- **R**elevant: Ba chóir don sprioc teacht le cuspóirí níos leithne agus tosaíochtaí.
- **T**ime-bound: Ní mór spriocdháta nó creat ama sainithe a bheith ag an sprioc le haghaidh comhlánaithe."
Mínigh na príomhfhorsaí atá freagrach as taoidí farraige a chruthú.,,"Is é an príomhchúis le taoidí farraige ná an tarraingt imtharraingteach láidir a dhéanann an Ghealach. Tarraingíonn an fórsa seo uisce i dtreo na Gealaí, ag cruthú borróg ardtaisce ar an taobh den Domhan atá ag tabhairt aghaidh uirthi. Tarlaíonn an dara borróg ardtaisce ar an taobh eile de bharr táimhe agus an difríocht san fhórsa imtharraingteach trasna thrastomhas an Domhain. Bíonn tionchar ag an nGrian ar na taoidí freisin, ag méadú (rabhartaí) nó ag laghdú (malltaoidí) an éifeacht."
Cad é príomhról an ghaireas Golgi i gcill eocarótach?,"Tá orgánaidí éagsúla sa chill, agus tascanna speisialaithe ag gach ceann acu. Cruthaíonn miotócondria fuinneamh, agus láimhseálann an reiticiolam ionphlasmach sintéis agus iompar próitéiní. Mar sin féin, feidhmíonn an gaireas Golgi, ar a dtugtar an coimpléasc nó an corpán Golgi uaireanta, mar phríomh-oifig an phoist don chill. Is í a phríomhfheidhm ná próitéiní agus lipidí a shintéisítear sa reiticiolam ionphlasmach a mhodhnú, a shórtáil, agus a phacáistiú le haghaidh eisfheilt (easchíteóis) nó le seachadadh chuig orgánaidí eile laistigh den chill.","Is í a príomhfheidhm ná próitéiní agus lipidí a mhodhnú, a shórtáil, agus a phacáistiú le haghaidh eisfheilt nó le seachadadh chuig orgánaidí eile laistigh den chill."
Cad í príomhfheidhm an Chórais Ainmneacha Fearainn (DNS)?,,"Is é príomhfheidhm an Chórais Ainmneacha Fearainn (DNS) ainmneacha fearainn atá inléite ag an duine (amhail www.example.com) a aistriú go seoltaí IP uimhriúla (amhail 192.0.2.1), a úsáideann ríomhairí chun a chéile a aithint ar an idirlíon."
Mínigh an cuspóir agus an dóigh a n-oibríonn Am Shábhála Solais an Lae (ASSL). Scríobh an freagra ó pheirspictíocht Eorpaigh a fhaigheann an cleachtas a bheith míshásúil agus ársa.,,"Ah, an deasghnáth céastóireachta bliantúil. Dhá uair sa bhliain, déanaimid praiseach de na cloig. San earrach ('aistriú chun tosaigh'), cuirimid an clog chun cinn uair an chloig chun solas an lae a 'shábháil', rud a chiallaíonn go luíonn an ghrian níos déanaí sa tráthnóna. Ansin, san fhómhar ('aistriú siar'), cuirimid ar ais é. Ba é an cuspóir teoiriciúil, a théann siar na céadta bliain, caomhnú fuinnimh, rud atá séanta go mór anois. Ach níl san éifeacht fíor ach seachtainí de mhion-éidreoir eitilte agus mearbhall. Is cleachtas ársa é a bhfuil an chuid is mó den domhan ciallmhar ag iarraidh é a chaitheamh i dtraipisí, ach cloíonn náisiúin áirithe leis ar chúiseanna nach bhfuil ar eolas ach ag na maorlathaigh."
Comhlánaigh an seanfhocal cáiliúil: A stitch in time saves ___.,,"Is é an seanfhocal iomlán ná: ""A stitch in time saves nine."""
"Céard é fad an chogaidh is giorra a taifeadadh riamh, agus cé na dhá náisiún a bhí páirteach ann?",,"Cogadh Angla-Zanzibar 1896, a mhair thart ar 38 go 45 nóiméad, a troideadh idir an Ríocht Aontaithe agus Suilteanacht Zanzibar."
"Déan liosta de na cúig abhainn is faide ar domhan, ag cur san áireamh a gcríoch agus a bhfad uasta measta i gciliméadair.",,"1. **Abhainn na hAmasóine** (Meiriceá Theas): Thart ar 6,992 km.
2. **An Níl** (An Afraic): Thart ar 6,650 km.
3. **Abhainn Yangtze** (An Áise): Thart ar 6,300 km.
4. **Mississippi–Missouri–Red Rock** (Meiriceá Thuaidh): Thart ar 6,275 km.
5. **Yenisei–Angara–Selenga** (An Áise): Thart ar 5,539 km."
"De réir an téacs, cad iad dátaí tosaigh agus deiridh oibríocht an Pony Express?","Seirbhís phoist a bhí sa Pony Express a sheachadadh teachtaireachtaí, nuachtáin, agus post. D'oibrigh sé ar feadh 18 mí amháin, ón 3 Aibreán, 1860, go dtí an 26 Deireadh Fómhair, 1861. Ba é an bealach cumarsáide is dírí san Iarthar é sular cuireadh an córas teileagraif i gcrích. Go bunúsach, lean an bealach Bóthar Abhainn Platte, Conair na Mormónach, agus an Lár-Bhealach Thar Tír. Thóg sé thart ar 10 lá taisteal idir St. Joseph, Missouri, agus Sacramento, California. Chlúdaigh marcacha 75 go 100 míle in aghaidh an lae, ag athrú capaill ag stáisiúin athsheachadta a bhí bunaithe gach 5 go 20 míle. Tháinig an deireadh oifigiúil nuair a cuireadh an teileagraf tras-ilchríochach i ngníomh.","D'oibrigh an Pony Express ón 3 Aibreán, 1860, go dtí an 26 Deireadh Fómhair, 1861."
"Bunaithe ar an téacs a soláthraíodh, cad é an damhna dorcha, agus conas a bhraitear a láithreacht?","Is foirm hipitéiseach damhna é an damhna dorcha a cheapadh go bhfuil sé freagrach as thart ar 85% den damhna sa chruinne. Baintear a láithreacht as éifeachtaí imtharraingteacha ar dhamhna infheicthe, cosúil le réaltraí agus braislí réaltraí. Murab ionann agus gnáth-damhna, ní dealraíonn sé go n-astaíonn nó go n-idirghníomhaíonn an damhna dorcha le radaíocht leictreamaighnéadach, rud a fhágann go bhfuil sé dofheicthe ag teileascóip. Fanann nádúr an damhna dhorcha ar cheann de na rúndiamhra is mó nach bhfuil réitithe i gcosmeolaíocht an lae inniu.","Is foirm hipitéiseach damhna é an damhna dorcha atá freagrach as thart ar 85% den damhna sa chruinne. Baintear a láithreacht amach go hiomlán óna éifeachtaí imtharraingteacha ar dhamhna infheicthe, amhail cuair rothlaithe réaltraí agus an dinimic laistigh de bhraislí réaltraí. Tá sé do-aimsithe ag gnáth-theileascóip toisc nach cosúil go n-astaíonn nó go n-idirghníomhaíonn sé le radaíocht leictreamaighnéadach. 

Cé nach bhfuil a chomhdhéanamh beacht ar eolas, áirítear ar phríomhiarrthóirí na gcáithníní bunúsacha a dhéanann suas an damhna dorcha Cáithníní Mórchóireacha Idirghníomhaithe go Lag (WIMPs). I measc na míniúcháin eile atá molta tá Réada Crua-Halo Mhóra Dhlúth (MACHOs) nó Dinimic Newtonach Athraithe (MOND), cé gurb é an cuardach do WIMPs a thiomáineann formhór na dturgnaimh bhrath dhíreach faoi láthair ar fud an domhain."
Liostaigh Seacht nIontas an tSeandomhain.,,"Seacht nIontas an tSeandomhain is ea iad: Pirimid Mhór Ghiza, Gairdíní Crochta na Bablóine, Dealbh Dhéas ag Oilimpia, Teampall Artamas ag Eifeasas, An Mausalólóiam ag Halacarnasas, Colas Ródas, agus Teach Solais Alastair."
"Rangaigh na pláinéid seo a leanas den Ghrianchóras bunaithe ar an bhfuil siad rangaithe mar Phláinéid Créúla nó Fathaigh Gháis/Oighir: Mearcair, Véineas, an Domhan, Mars, Iúpatar, Satarn, Úránas, Neiptiún",,"Pláinéid Créúla: Mearcair, Véineas, an Domhan, Mars
Fathaigh Gháis/Oighir: Iúpatar, Satarn, Úránas, Neiptiún"
Mínigh coincheap nodaireacht Big O O(n^2) agus aithin cén tasc san ionchur JSON a soláthraíodh is fearr a léiríonn an castacht ríomhaireachtúil seo.,"{  ""tasks"": [    {      ""name"": ""Cuardach Bunachar Sonraí"",      ""complexity_description"": ""Aon taifead amháin a aisghabháil de réir aitheantais."",      ""O_notation"": ""O(1)""    },    {      ""name"": ""Algartam Sórtála 1"",      ""complexity_description"": ""Gach eilimint a chur i gcomparáid le gach eilimint eile i liosta de mhéid N."",      ""O_notation"": ""N/A""    },    {      ""name"": ""Cuardach Líneach"",      ""complexity_description"": ""Déan athrá trí liosta de mhéid N uair amháin."",      ""O_notation"": ""O(N)""    }  ]}","Léiríonn nodaireacht Big O de O(n^2) (a léitear mar ""n cearnógach"") algartam a bhfuil a fheidhmíocht nó a am rite comhréireach go díreach le cearnóg mhéid an tacair sonraí ionchuir (N). Tarlaíonn sé seo go hiondúil nuair a úsáideann algartam athrá neadaithe (m.sh., lúba 'for' neadaithe), rud a chiallaíonn, i gcás gach míre san ionchur (N), go ndéanann an t-algartam N oibríocht. De réir mar a fhásann N, méadaíonn an t-am rite go cuadratach.

Sna sonraí a soláthraíodh, is é an tasc is fearr a léiríonn castacht O(n^2) ná **Algartam Sórtála 1**, a deir a thuairisc: ""Gach eilimint a chur i gcomparáid le gach eilimint eile i liosta de mhéid N."" Is é an patrún comparáide tréithiúil seo sainmhíniú na castachta ama cuasaithe."
"Cé acu de na dúile seo a leanas atá ina leachtanna nádúrtha ag Gnáth-Theocht agus Brú (GTB/STP): Sulfar, Iarann, Bróimín, Carbón, Mearcair, Héiliam, Sileacan, Fluaidrín",,"Is iad seo a leanas na dúile atá ina leachtanna nádúrtha ag Gnáth-Theocht agus Brú (GTB/STP): Bróimín, Mearcair"
"Aithin an céad inar tharla na himeachtaí seo a leanas go príomha: Síniú Fhorógra an Neamhspleáchais, Tús an Chéad Chogaidh Dhomhanda.",,"Tharla síniú Fhorógra an Neamhspleáchais san 18ú haois, agus tharla tús an Chéad Chogaidh Dhomhanda san 20ú haois."
Cén réimse eolaíoch a bhfuair Marie Curie a dara Duais Nobel dó?,"Marie Skłodowska-Curie (a rugadh Maria Skłodowska; 7 Samhain 1867 – 4 Iúil 1934) fisiceoir agus ceimiceoir Polannach agus Frainceach nádúraithe a bhí inti a rinne taighde ceannródaíoch ar an radaighníomhaíocht. Ba í an chéad bhean í a bhuaigh Duais Nobel, an chéad duine agus an t-aon bhean amháin a bhuaigh Duais Nobel faoi dhó, agus an t-aon duine amháin a bhuaigh Duais Nobel in dhá réimse eolaíochta dhifriúla. Ba í freisin an chéad bhean a bhí ina hollamh in Ollscoil Pháras. Bhí a fear céile, Pierre Curie, ina chomh-fhaighteoir ar a céad Duais Nobel, a bronnadh i 1903 don Fhisic. Níos déanaí, bhuaigh sí Duais Nobel 1911 sa Cheimic as ucht na dúile polóiniam agus raidiam a aimsiú.",Ceimic
"Cad é an ""MacGuffin"" i scéalaíocht?",,"Is gléas plota é MacGuffin i scéal (cosúil le scannán, leabhar, nó físchluiche) a fheidhmíonn mar an réad lárnach nó an sprioc a bhfuil na príomhcharachtair ag iarraidh a bhaint amach, a fháil, nó a aisghabháil. Go cinniúnach, tá tábhacht an MacGuffin don lucht féachana tánaisteach nó neamhbhitheach; is é an príomhchuspóir atá aige ná na carachtair a spreagadh agus an plota a chur chun cinn. Chuir Alfred Hitchcock an téarma chun cinn, á rá go cáiliúil gur ‘an rud a bhfuil na spiairí sa tóir air ach nach bhfuil cúram ar an lucht féachana’ é an MacGuffin. I measc na samplaí tá Áirc an Chúnaint in Raiders of the Lost Ark nó an muince a goideadh sa Titanic."
"Aicmigh na teangacha seo a leanas i dtrí chatagóir bunaithe ar a bpríomhfheidhm agus ar fhorfheidhmiú an chineáil: Cineál Statach, Cineál Dinimiciúil, nó Teanga Mharcála/Stílithe/Ceiste: Python, C++, Java, HTML, CSS, JavaScript, C#, Ruby, Go, SQL.",,"Cineál Statach: C++, Java, C#, Go
Cineál Dinimiciúil: Python, JavaScript, Ruby
Teanga Mharcála/Stílithe/Ceiste: HTML, CSS, SQL"
Mínigh cad iad gealacha Ghailileo agus liostaigh iad in ord an achair mhéadaitheach ó Iúpatar.,,"Is iad gealacha Ghailileo na ceithre ghealach is mó ag Iúpatar, a d'aimsigh Galileo Galilei sa bhliain 1610. Tá siad suntasach toisc gur sholáthair a bhfionnachtain fianaise láidir ag tacú leis an tsamhail héilealárnach. In ord an achair mhéadaitheach ó Iúpatar, is iad: Io, Europa, Ganymede, agus Callisto iad."
Cén fáth a dtugtar an 'Pláinéad Dearg' ar Mhars uaireanta?,"Is é Mars an ceathrú pláinéad ón Ghrian agus an dara pláinéad is lú sa Chóras Gréine, i ndiaidh Mhearcair. Is pláinéad trastíre é a bhfuil atmaisféar tanaí aige, comhdhéanta go príomha de dhé-ocsaíd charbóin. Tugtar an 'Pláinéad Dearg' ar Mhars uaireanta toisc go dtugann an ocsaíd iarainn atá forleathan ar a dhromchla cuma dhearg air. Déanann dhá ghealach bheaga, mhírialta, fithisiú ar Mhars: Fóbós agus Déamós. D'aimsigh an réalteolaí Asaph Hall na gealacha seo sa bhliain 1877.",Tugtar an 'Pláinéad Dearg' ar Mhars toisc go dtugann an ocsaíd iarainn atá forleathan ar a dhromchla cuma dhearg air.
Cad é Sceir Mhór an Bhacain agus cá bhfuil sé suite?,"Is í Sceir Mhór an Bhacain an córas sceireacha coiréalaigh is mó ar domhan, comhdhéanta de níos mó ná 2,900 sceir aonair agus 900 oileán a shíneann ar feadh breis is 2,300 ciliméadar (1,400 míle) thar achar de thart ar 344,400 ciliméadar cearnach (133,000 míle cearnach). Tá an sceir suite i Muir an Choiréil, amach ó chósta Queensland, an Astráil. Is féidir é a fheiceáil ón spás amuigh agus is é an struchtúr aonair is mó ar domhan é a chruthaigh orgánaigh bheo. Tá an struchtúr sceire seo tógtha ó na billiúin orgánach bídeach, ar a dtugtar polapaigh choiréalaigh.","Is é Sceir Mhór an Bhacain an córas sceireacha coiréalaigh is mó ar domhan. Is struchtúr ollmhór é atá comhdhéanta de níos mó ná 2,900 sceir aonair agus 900 oileán, a shíneann ar feadh breis is 2,300 ciliméadar (1,400 míle) agus a chlúdaíonn achar de thart ar 344,400 ciliméadar cearnach (133,000 míle cearnach). Tá an sceir suite i Muir an Choiréil, amach ó chósta Queensland, an Astráil. Mar gheall ar a mhéid ollmhór, tá sé le feiceáil ón spás amuigh agus aithnítear é mar an struchtúr aonair is mó ar domhan a rinne orgánaigh bheo go hiomlán—go sonrach, na billiúin créatúr bídeach ar a dtugtar polapaigh choiréalaigh.

Ainmníodh Sceir Mhór an Bhacain mar Shuíomh Oidhreachta Domhanda i 1981. Tacaíonn sé le héagsúlacht dochreidte den saol muirí, lena n-áirítear 30 speiceas de mhíolta móra, deilf, agus muca mara, 6 speiceas de thurtair mhara, agus os cionn 1,500 speiceas éisc. Mar sin féin, tá an sceir faoi bhagairt thromchúiseach faoi láthair ó athrú aeráide, bánú coiréalach, truailliú, agus ráigeanna d'iasc reannach corónach dealrach."
"Cén fheidhm atá leis an hipeacampas san inchinn dhaonna, agus cá bhfuil sé suite go príomha?",,"Tá ról ríthábhachtach ag an hipeacampas i gcomhdhlúthú faisnéise ó chuimhne ghearrthéarmach go cuimhne fhadtéarmach, chomh maith le nascleanúint spásúil. Tá sé suite go príomha laistigh den mhaothán meánach teamparálta, go domhain taobh istigh de adharc theamparálta íochtarach an mhaotháin cliathánaigh."
Mínigh an difríocht idir `==` agus `===` i JavaScript.,,"I JavaScript, is oibreoirí comparáide iad an dá cheann `==` agus `===`, ach déanann siad comparáidí a mheas ar bhealach difriúil. Seiceálann an t-oibreoir `==` le haghaidh comhionannais scaoilte; déanann sé iarracht ar chomhghéilleadh cineáil (cineál oibreán amháin a thiontú go cineál an oibreáin eile) sula ndéanann sé an chomparáid. Mar shampla, seolann `5 == '5'` `fíor` ar ais. Seiceálann an t-oibreoir `===` le haghaidh comhionannais dian; déanann sé measúnú an bhfuil na hoibreáin comhionann *gan* aon chineál tiontaithe a dhéanamh. Má tá na cineálacha difriúil, seolann an chomparáid `bréagach` ar ais láithreach. Mar shampla, seolann `5 === '5'` `bréagach` ar ais, ach seolann `5 === 5` `fíor` ar ais."
Mínigh próiseas na fótaisintéise.,,"Is é an fhótaisintéis an próiseas a úsáideann plandaí, algaí, agus baictéir áirithe chun fuinneamh solais, go hiondúil ón Ghrian, a thiontú ina fhuinneamh ceimiceach is féidir a úsáid chun gníomhaíochtaí an orgánaigh a chothú. Stóráiltear an fuinneamh ceimiceach seo i móilíní carbaihiodráití, amhail siúcraí, a shintéisítear ó dhé-ocsaíd charbóin agus uisce. Is í an chothromóid cheimiceach fhoriomlán don phróiseas ná 6CO₂ + 6H₂O + Fuinneamh Solais → C₆H₁₂O₆ + 6O₂.

Tarlaíonn an fhótaisintéis go príomha i gclóraplaistigh chealla plandaí agus baineann sí le dhá phríomhchéim:

1. **Imoibrithe atá Spleách ar Sholas:** Tarlaíonn na himoibrithe seo sna seicní tíleacóideacha laistigh de na clóraplaistigh. Ionsúnn clóraifill fuinneamh solais, rud a spreagann leictreoin. Úsáidtear an fuinneamh seo chun móilíní uisce (H₂O) a scoilt, ag scaoileadh ocsaigine (O₂), agus ag cruthú iompróirí fuinnimh—ATP (trífhosfáit adainisín) agus NADPH (fosfáit dénuicléitíde aimídín nicotainimíde).

2. **Imoibrithe atá Neamhspleách ar Sholas (Timthriall Calvin):** Ar a dtugtar freisin na himoibrithe dorcha, tarlaíonn siad seo sa stróma (an sreabhán mórthimpeall ar na tíleacóidigh). Ní éilíonn siad solas go díreach ach úsáideann siad an ATP agus an NADPH a ghintear sa chéad chéim. Déantar dé-ocsaíd charbóin (CO₂) a 'shocrú' (a ionchorprú i móilín orgánach) agus a thiontú ina glúcós (siúcra), a úsáideann an planda le haghaidh fuinnimh agus fáis."
"Bunaithe ar an téacs a tugadh, ríomh aois Ágastas nuair a fuair sé bás.","Ba é Gaius Julius Caesar Octavianus, ar a dtugtar Ágastas, bunaitheoir Phrionsapáit na Róimhe agus breathnaíodh air mar an chéad Impire Rómhánach. Rugadh é sa bhliain 63 R.Ch. agus fuair sé bás sa bhliain 14 A.D., ag réimeas ar feadh 40 bliain tar éis Marc Antaine a ruaigeadh. Ba é a leas-mhac, TiBéirias, a chomharba láithreach, a ghlac cumhacht ar bhás Ágastas.",76 bliain
Mínigh na príomhchodanna agus na cleachtais is fearr chun ríomhphost gairmiúil a scríobh.,,"Teastaíonn cúig phríomhchodán i ríomhphost gairmiúil. Ar dtús, bain úsáid as **Líne Ábhair** shoiléir, ghonta a dhéanann achoimre ar chuspóir an ríomhphoist. Seachain úsáid a bhaint as gach ceannlitir nó poncaíocht iomarcach. Dara, cuir san áireamh i gcónaí **Beannú** ceart (m.sh., 'A Bhean Uí Johnson' nó 'Dia Duit, a Fhoireann'). Tríú, ba chóir go mbeadh an **Príomhthéacs** gairid, díreach, agus dírithe ar phríomhábhar amháin. Téigh díreach chuig an bpointe go tapa, ag baint úsáide as poncanna más féidir chun inléiteacht a fheabhsú. Ceathrú, cuir san áireamh **Dúnadh** béasach (m.sh., 'Le meas' nó 'Gach dea-ghuí'). Ar deireadh, cinntigh go bhfuil d'ainm iomlán, do theideal, agus do phríomh-eolas teagmhála sa **Bhloc Síniúcháin**. Déan profáil i gcónaí le haghaidh botúin cló agus fíoraigh go bhfuil an faighteoir ceart liostaithe sula gcliceálann tú seol."
"Cathain a d'eitil an Boeing 747 den chéad uair, agus cén aerlíne ba thúisce a d'úsáid í go tráchtála? Cé mhéad 747 san iomlán a tógadh, agus cé mhéad a seachadadh faoi 1989?","D'eitil an Boeing 747, ar a dtugtar go minic mar an ""Bainríon na Spéartha"", den chéad uair i mí Feabhra 1969. Ba é an chéad aerárthach le corp leathan a táirgeadh riamh. Chuaigh sé isteach i seirbhís tráchtála go hoifigiúil i mí Eanáir 1970 le Pan Am. Faoi 1989, bhí 800 samhail seachadta san iomlán. Chuaigh an malairt deiridh, an 747-8, isteach i seirbhís in 2011. Scoireadh de tháirgeadh an leagain paisinéirí (747-400) in 2005, ach lean na leaganacha lasta ar aghaidh. Tríd is tríd, thóg Boeing 1,574 de na scairdeitleáin íocónacha seo thar gach malairt sular seachadadh an t-eitleán deiridh i mí Eanáir 2023.","D'eitil an Boeing 747 den chéad uair i mí Feabhra 1969, agus ba í Pan Am an chéad aerlíne a d'úsáid í go tráchtála. San iomlán, tógadh 1,574 747. Faoi 1989, bhí 800 samhail seachadta."
"Déan cur síos ar mhargadh cathrach todhchaíoch, cibearphunc, ar oíche bháistí, ag díriú ar shonraí céadfacha.",,"Bhí an t-aer trom le taise agus le boladh miotalach na báistí aigéadaí. Chuir fógraí neoin—babhlóga ramen holagrafacha ag caochadh agus géaga próistéiseacha ag lonrú—frithchaitheamh foréigneach uathu ar an gcosán sleamhain, algaí-daite. Faoi channaí stáin rocacha, bhí díoltóirí ag margáil a gcuid earraí: sliseanna sonraí slisnithe, bithfheabhsuithe liathmhargaidh a raibh boladh beag ózóin ag teacht uathu, agus sceabhaí próitéine sintéiseacha saora ag siosarnach ar dhóirí ionduchtaithe. Bhí siosarnach rithimeach leanúnach thrácht na ndrón ag eitilt os cionn an tslua á bhá, gan ach an t-uisleab fliuch de bhuatais leathair shintéiseach ag siúl trí pholláin éadomhain á bhriseadh sin. Scread díoltóir a raibh lionsaí tadhaill gorma lonracha air praghas i gCaighdeán an-aiceanta."
"Cad é an t-ainm bunaidh a bhí ar an luch ríomhaire, agus cén uair a léiríodh an teicneolaíocht go poiblí den chéad uair?","D'fhorbair Douglas Engelbart an luch ríomhaire sa bhliain 1964 ag Institiúid Taighde Stanford. Ba é an leasainm bunaidh a bhí air ná an 'X-Y position indicator for a display system.' Ba é an chéad fhréamhshamhail ná blaosc mhór adhmaid le dhá roth ingearacha a rianaigh gluaiseacht. Léirigh Engelbart an luch go cáiliúil, mar aon le hipearnascadh agus físchomhdháil, le linn an chur i láthair 'The Mother of All Demos' i San Francisco i mí na Nollag 1968. Cé gur forbraíodh é sna 60idí, níor tháinig sé ar fáil go forleathan go tráchtála go dtí gur ghlac Xerox PARC leis sna 1970idí agus níos déanaí, Apple agus Microsoft sna 1980idí.","Ba é an leasainm bunaidh ná an 'X-Y position indicator for a display system,' agus léiríodh go poiblí den chéad uair é i mí na Nollag 1968 le linn 'The Mother of All Demos.'"
Cé dó ar sheol Urbain Le Verrier a thuartha maidir le suíomh Neiptiúin?,"Níor aimsíodh an pláinéad Neiptiún trí aon amharc amháin, ach trí réamh-mheastachán matamaiticiúil. Rinne Urbain Le Verrier, matamaiticeoir Francach, suíomh coirp anaithnid a bhí ag cur isteach ar fhithis Úránais a ríomh. Sheol sé a thuartha chuig an réalteolaí Johann Galle i mBeirlín. Fuair Galle an t-iarratas ar an 23 Meán Fómhair, 1846, agus fuair sé Neiptiún an oíche chéanna sin, ag úsáid na ríomhanna a sholáthair Le Verrier.",Johann Galle
Cathain a bunaíodh Cúlchiste Fhoraoise Néal Monteverde go hoifigiúil agus cén tír ina bhfuil sé suite?,"Is cúlchiste nádúrtha é Cúlchiste Fhoraoise Néal Monteverde atá suite i Sléibhte Thilarán i gCósta Ríce. Bunaíodh é i 1972 ag eolaithe agus ag baill de phobal áitiúil na gCuaicear, a bhí tar éis cur fúthu sa réigiún ag tosú i 1951. Ba é an spreagadh tosaigh don chruthú ná an dobharcheantar agus an fhásra agus fána éagsúil a chosaint, lena n-áirítear an Buaf Órga atá i mbaol.",Bunaíodh Cúlchiste Fhoraoise Néal Monteverde i 1972 agus tá sé suite i gCósta Ríce.
"Aicmigh na dúile seo a leanas bunaithe ar a staid damhna (Soladach, Leachtach, nó Gásach) ag Teocht agus Brú Caighdeánach (TBC): Ór, Héiliam, Mearcair, Bróimín, Iarann, Neon, Sulfar, Clóirín.",,"Soladach: Ór, Iarann, Sulfar
Leachtach: Mearcair, Bróimín
Gásach: Héiliam, Neon, Clóirín"
"Bunaithe ar an ionchur, cén chaoi ar éirigh leis an Nóta Post-it aistriú ó aireagán de thaisme go dtí táirge rathúil tomhaltóra?","Ba é Spencer Silver, eolaí ag 3M, a cheap an Nóta Post-it sa bhliain 1968. Bhí Silver ag iarraidh greamachán sár-láidir a chruthú, ach ina ionad sin, d'fhorbair sé greamachán brú-íogair ""íseal-ghreamaitheach"" a d'fhéadfaí a scamhadh go héasca gan iarsma a fhágáil. Ar feadh na mblianta, rinneadh faillí san aireagán toisc nach raibh innealtóirí 3M in ann úsáid oiriúnach a aimsiú dó. Sa bhliain 1974, bhí Art Fry, comhghleacaí de chuid Silver, ag canadh i gcór eaglaise agus bhí frustrachas air go raibh na leabharmharcanna a bhí in úsáid aige ag titim amach as a leabhar iomann. D'fhreastail Fry ar sheimineár le Silver agus thuig sé go bhféadfaí greamachán Silver a úsáid chun leabharmharcanna greamaitheacha a chruthú a d'fhanfadh ina n-áit ach nach ndéanfadh damáiste do na leathanaigh. Tar éis frithbheartaíocht inmheánach tosaigh, rinneadh margaíocht tástála ar an táirge mar “Press 'n Peel” i 1977 sular seoladh go rathúil é mar an “Post-it Note” i 1980.","Chruthaigh Spencer Silver an greamachán de thaisme sa bhliain 1968 agus é ag iarraidh sár-ghliú a dhéanamh, rud a d'fhág gur tháinig substaint íseal-ghreamaitheach, inbhainte go héasca, chun cinn. Rinneadh faillí san aireagán go dtí 1974, nuair a thuig a chomhghleacaí Art Fry, a raibh frustrachas air go raibh a chuid leabharmharcanna ag titim amach as a leabhar iomann, go bhféadfaí an greamachán a úsáid chun leabharmharcanna greamaitheacha, in-athshuite a chruthú. Rinneadh margaíocht tástála air ansin mar “Press 'n Peel” i 1977 agus seoladh go rathúil é mar an “Post-it Note” i 1980."
Mínigh an príomhdhifríocht idir réalteolaíocht agus astralaíocht.,,"Is é an réalteolaíocht an staidéar eolaíoch ar réada neamhaí, ar an spás, agus ar an gcruinne. Is córas creidimh í an astralaíocht, nó bréageolaíocht, a mhaíonn go ndéanann sí léirmhíniú ar thionchar gluaiseachtaí agus suíomhanna neamhaí ar ghnóthaí daonna agus ar imeachtaí talmhaí."
Mínigh bunfheidhm an bhalla dóiteáin.,,"Feidhmíonn balla dóiteáin mar bhac slándála idir líonra príobháideach agus an tIdirlíon poiblí, ag déanamh monatóireachta ar thrácht líonra isteach agus amach agus á rialú, bunaithe ar rialacha slándála réamhchinntithe."
"Ón liosta seo a leanas, aithin na míreanna nár chóir a chur de ghnáth i mbosca athchúrsála caighdeánach cois cosáin: Can alúmanaim, mála plaisteach siopa grósaeireachta, bosca píotsa (gréisceach), buidéal gloine, cupán styrofoam.",,"Na míreanna nár chóir a chur go ginearálta i mbosca athchúrsála cois cosáin caighdeánach ná: an mála plaisteach siopa grósaeireachta (toisc go gcuireann siad bac ar innealra de ghnáth), an bosca píotsa gréisceach (mar gheall ar éilliú bia), agus an cupán styrofoam (nach ndéanann cláir chathrach chaighdeánacha é a phróiseáil go minic)."
"Cén airde iomlán atá ar Túr Eiffel, lena n-áirítear aeróga?","Tógadh Túr Eiffel le haghaidh Aonach Domhanda 1889 i bPáras, an Fhrainc. Bhí sé i gceist ar dtús go seasfadh sé ar feadh 20 bliain amháin, ach sábháladh é toisc gur fheidhmigh sé mar thúr tarchurtha raidió úsáideach. Chuir cuideachta Gustave Eiffel an dearadh i gcrích agus tógadh é, agus ní ag Eiffel é féin amháin. Is é airde an túir ná 330 méadar (lena n-áirítear aeróga).",Is é airde an túir ná 330 méadar (lena n-áirítear aeróga).
"Mínigh na príomhdhifríochtaí idir halgartaim criptithe shiméadracha agus neamhshiméadracha, agus tabhair samplaí de ghnáthúsáidí do gach ceann acu.",,"Tá difríocht bhunúsach idir halgartaim criptithe shiméadracha agus neamhshiméadracha maidir lena gcur chuige i leith bainistíochta eochracha. Úsáideann criptiú siméadrach (nó eochair-rúnda) eochair shingil, roinnte, chun an téacs simplí a chriptiú agus chun an chiotairtéacs a dhíchriptiú. Is é an buntáiste is mó atá aige ná luas agus éifeachtúlacht agus méideanna móra sonraí á bpróiseáil. I measc na samplaí tá AES (Advanced Encryption Standard) agus DES (Data Encryption Standard). Baineann criptiú neamhshiméadrach (nó eochair phoiblí), ar an láimh eile, úsáid as péire eochracha atá nasctha go matamaiticiúil: eochair phoiblí (a roinntear go forleathan) le haghaidh criptithe agus eochair phríobháideach (a choimeádtar rúnda) le haghaidh díchriptithe. Réitíonn an córas seo an fhadhb malartaithe eochracha atá mar chuid dhílis de mhodhanna siméadracha, rud a fhágann go bhfuil sé ríthábhachtach do shíniú digiteach, do mhalartú slán eochracha (m.sh., RSA, ECC), agus do bhunú bealaí cumarsáide slána cosúil le TLS/SSL."
"Bunaithe ar an téacs a chuirtear ar fáil, tabhair breac-chuntas ar na trí chloch mhíle stairiúla is tábhachtaí de ARPANET agus ar a phríomhnuálaíocht theicneolaíoch.","Ba é an Líonra Gníomhaireachta Ardtaighde Tionscadal (ARPANET) réamhtheachtaí an Idirlín nua-aimseartha. Bunaíodh é ag ARPA (atá anois DARPA) de chuid Roinn Cosanta na SA, agus ba é an cuspóir tosaigh a bhí leis ná rochtain chomhroinnte ar ríomhairí daora, ardluais a cheadú i measc taighdeoirí. Bunaíodh an chéad nasc buan ARPANET ar an 21 Samhain, 1969, idir an Próiseálaí Teachtaireachta Comhéadain (PTC/IMP) in UCLA agus Institiúid Taighde Stanford (ITS/SRI). Bhain an nasc seo úsáid as an líne teileafóin 50 kbit/s. Go cinntitheach, d'úsáid ARPANET malartú pacáistí, teicneolaíocht réabhlóideach a roinn sonraí i mbloic bheaga (pacáistí) le haghaidh ródú éifeachtach, murab ionann agus malartú ciorcad traidisiúnta. D'athraigh prótacal cumarsáide an líonra, ag aistriú ón gClár Rialaithe Líonra (CRL/NCP) bunaidh go dtí an Prótacal Rialaithe Tarchurtha/Prótacal Idirlín (TCP/IP) níos láidre i 1983, gluaiseacht a mheastar mar bhreith an Idirlín nua-aimseartha. Díchoimisiúnaíodh ARPANET go foirmiúil i 1990, ach tá a struchtúr bunúsach agus a phrótacail lárnach fós don líonrú domhanda inniu.","Príomhmhíleaclocha:
1. Bunú an chéad naisc bhuan (UCLA agus SRI) ar an 21 Samhain, 1969.
2. An t-aistriú éigeantach chuig an Prótacal Rialaithe Tarchurtha/Prótacal Idirlín (TCP/IP) i 1983, a mheastar go minic mar bhreith an Idirlín nua-aimseartha.
3. Díchoimisiúnú foirmiúil an líonra i 1990.

Príomhnuálaíocht Theicneolaíoch:
Malartú pacáistí, a roinn sonraí i mbloic bheaga le haghaidh ródú éifeachtach."
"Aicmigh na huirlisí ceoil seo a leanas i dtrí ghrúpa: Teaghrach, Gaoithe (lena n-áirítear práis agus adhmadghaoithe), nó Buailte: Guitar, Piano, Violin, Cello, Trumpet, Flute, Clarinet, Tuba, Drums, Cymbals, Xylophone, Harmonica, Oboe.",,"Uirlisí Teaghracha: Guitar, Piano, Violin, Cello. 
Uirlisí Gaoithe: Trumpet, Flute, Clarinet, Tuba, Harmonica, Oboe.
Uirlisí Buailte: Drums, Cymbals, Xylophone."
Déan cur síos ar thrí chéim riachtanacha ba chóir a ghlacadh agus teanga iasachta go hiomlán nua á foghlaim.,,"Seo iad na trí chéim riachtanacha: 

1. **Sainmhínigh an fáth atá agat agus socraigh spriocanna réalaíocha intomhaiste.** Beidh a fhios agat an bhfuil frásaí taistil bunúsacha, líofacht chomhrá, nó tuiscint léitheoireachta de dhíth ort, rud a threoróidh do chonair staidéir agus a chabhróidh leat na hacmhainní cearta a roghnú. 

2. **Déan máistreacht ar na bunfhuaimeanna agus ar an bhfuaimniú láithreach.** Úsáid acmhainní cosúil leis an AAF nó cainteoirí dúchais lena chinntiú go bhfuil tú ag éisteacht agus ag táirgeadh bunfhóinéimí na teanga i gceart ón gcéad lá. 

3. **Cuir gnáthamh beag tumoideachais laethúil ar bun.** D'fhéadfadh sé seo a bheith chomh gearr le 15 nóiméad ag úsáid splanccártaí, ag éisteacht le hamhráin shimplí do pháistí, nó ag lipéadú cúig rud nua thart ar do theach sa teanga nua. Tá an chomhsheasmhacht níos tábhachtaí ná an déine ag an tús."
Cuir forbhreathnú cuimsitheach ar thréimhse an Athbheochana ar fáil.,,"Tréimhse dhíograiseach de ‘athbhreith’ chultúrtha, ealaíonta, pholaitiúil agus eacnamaíoch na hEorpa a bhí san Athbheochan, tar éis na Meánaoiseanna. Bhí sí ar siúl go ginearálta ón 14ú haois go dtí an 16ú haois, ag tosú go príomha i bhFlórans, an Iodáil, agus ag scaipeadh ar fud na hEorpa ina dhiaidh sin. Ciallaíonn an téarma ""Renaissance"" féin ""athbhreith"" sa Fhraincis, ag léiriú spéis athnuaite na ré sa sibhialtacht chlasaiceach sa Ghréig agus sa Róimh ársa.

Tréith lárnach shainmhínitheach de chuid an Athbheochana ab ea an Daonnachas—gluaiseacht intleachtúil a bhog an fócas ó dhochtraimí reiligiúnacha agus ón diaga go dtí gaisce, acmhainneacht agus luachanna an duine. Rinne na Daonnachaithe iarracht téacsanna clasaiceacha, fealsúnacht agus ealaín na seandachta a athfhionnachtain agus a staidéar, ag creidiúint gur chuir siad treoir níos fearr ar fáil don saol morálta agus don fhreagracht shibhialta ná mar a rinne an scoláireacht dhian ón ré a chuaigh roimpi. Chothaigh an fócas seo dul chun cinn san oideachas, san reitric, agus san anailís stairiúil, ag cur béime ar smaointeoireacht chriticiúil agus ar bhreathnóireacht.

Sna healaíona, tharla forbairtí radacacha sa teicníocht agus san ábhar le linn na tréimhse seo. Rinne ealaíontóirí cosúil le Leonardo da Vinci (An Suipéar Déanach, Mona Lisa) agus Michelangelo (An Dáibhid, síleáil Séipéal Sixtín) ceannródaíocht ar theicnící ar nós peirspictíocht líneach, réadúlacht, agus chiaroscuro (úsáid codarsnachtaí láidre idir solas agus dorchadas). Bhog an ealaín ó bheith coimisiúnaithe go príomha ag an Eaglais go dtí a bheith pátrúnaithe ag teaghlaigh shaibhre (cosúil leis na Medicis), ag díriú ar fhoirm an duine, ar mhothúchán, agus ar théamaí miotaseolaíocha.

Taobh amuigh de na healaíona, chothaigh an Athbheochan dul chun cinn suntasach eolaíoch agus teicneolaíochta. Rinne aireagán an chlóphreas le cineál inghluaiste ag Johannes Gutenberg timpeall 1440 cumarsáid a réabhlóidiú, ag méadú go suntasach rátaí litearthachta agus an luas lenar fhéad smaointe nua scaipeadh. Go polaitiúil, rinne smaointeoirí cosúil le Niccolò Machiavelli anailís ar struchtúir chumhachta ar bhealach saolta, pragmatach (An Prionsa). Chonaic an ré freisin aois mhór an taiscéalaíochta, ag athrú go domhain tíreolaíocht dhomhanda, trádáil, agus caidrimh eacnamaíocha."
Cad iad na céimeanna riachtanacha chun gnó beag nua rathúil ar líne a sheoladh?,,"- Bailíochtaigh do smaoineamh gnó agus do nideoige trí thaighde margaidh críochnúil. 
- Forbair plean gnó cuimsitheach, ag leagan amach maoiniú, costais réamh-mheasta, agus sruthanna ioncaim. 
- Roghnaigh struchtúr dlíthiúil (Aonánach Aonair, LLC, srl.) agus cláraigh do ghnó. 
- Daingnigh na hainmneacha fearainn riachtanacha agus tóg suíomh Gréasáin nó ardán ríomhthráchtála gairmiúil, éasca le húsáid. 
- Bunaigh féiniúlacht láidir branda, lena n-áirítear lógó, guth, agus sócmhainní amhairc. 
- Cruthaigh plean margaíochta straitéiseach a dhíríonn ar SEO, margaíocht ábhair, agus fógraíocht spriocdhírithe ar na meáin shóisialta. 
- Cuir próiseáil éifeachtach íocaíochta agus lóistíocht iontaofa loingseoireachta/comhlíonta ar bun. 
- Tabhair tús áite do sheirbhís eisceachtúil do chustaiméirí agus bailigh aiseolas go luath agus go minic."
Conas a dhéanaim athshocrú monarchan ar mo Apple AirPods Pro?,,"Cuir an dá AirPods ina gcás luchtaithe agus dún an clúdach ar feadh 30 soicind. Ansin, oscail an clúdach agus brúigh agus coinnigh an cnaipe socraithe ar chúl an cháis ar feadh thart ar 15 soicind go dtí go gcaochann an solas stádais ómra, ansin bán. Is féidir leat na AirPods a athphéireáil le do ghléas anois."
Liostaigh na húrscéalta móra foilsithe de chuid Jane Austen.,Dírigh ar na saothair a foilsíodh i dtús báire fad a bhí sí beo.,"Chríochnaigh Jane Austen sé úrscéal mór. Ba iad an ceithre cinn a foilsíodh gan ainm le linn a saoil ná *Sense and Sensibility* (1811), *Pride and Prejudice* (1813), *Mansfield Park* (1814), agus *Emma* (1815). Foilsíodh *Persuasion* agus *Northanger Abbey* araon tar éis a báis sa bhliain 1817."
"Aithin príomhchúis na coinbhleachta agus na príomhphearsana a bhí páirteach sna cuntais mhiotaseolaíocha ar Chogadh na Traí, de réir an téacs.","Tá Cogadh na Traí ar cheann de na coinbhleachtaí is cáiliúla i miotaseolaíocht na Gréige, dátaithe go traidisiúnta go dtí an 12ú nó an 13ú haois RC. Is minic a chuirtear a bhunús i leith fhuadach Helen, Banríon na Sparta, ag an bprionsa Trójanach Paris. D'iarr fear céile Helen, an Rí Menelaus, ar a dheartháir Agamemnon, Rí Mycenae, agus ar laochra Gréagacha eile, Achilles agus Odaiséas san áireamh, cogadh a dhéanamh i gcoinne chathair na Traí. Ba iad an Rí Priam agus a mhac cróga, Hector, a bhí i gceannas ar chosantóirí na Traí. Mhair an cogadh ar feadh deich mbliana agus ba é scrios na Traí an toradh deiridh air.","Ba é fuadach Helen, Banríon na Sparta, ag an bprionsa Trójanach Paris, príomhchúis na coinbhleachta. I measc na bpríomhphearsana a bhí páirteach tá Helen, Paris, an Rí Menelaus, Agamemnon, Achilles, Odaiséas, an Rí Priam, agus Hector."
Mínigh na comhpháirteanna struchtúracha riachtanacha d'aiste áititheach chaighdeánach cúig mhír.,,"1. Réamhrá (Cuimsíonn sé dubhán, cúlra, agus ráiteas láidir tráchtais)
2. Mír Chorp 1 (Dírigh ar an gcéad phríomhargóint tacaíochta)
3. Mír Chorp 2 (Dírigh ar an dara príomhargóint tacaíochta)
4. Mír Chorp 3 (Dírigh ar an tríú príomhargóint tacaíochta, ag tabhairt aghaidh go minic ar fhrithargóint)
5. Críoch (Athrá an tráchtais i bhfocail nua, achoimre ar argóintí, agus smaoineamh deiridh nó glao chun gnímh a sholáthar)"
Liostaigh cúig ábhar neamhthraidisiúnta a fhaightear i ngnáthchistin a d'fhéadfaí a úsáid chun foscadh sealadach a thógáil.,,"1) Coimeádáin mhóra stórála (m.sh., boscaí plúir nó siúcra) le haghaidh ballaí, 2) Bileoga scragall alúmanaim le haghaidh inslithe teirmeach agus cosaint ó dhrochaimsir, 3) Beartáin spaghetti nó linguine tirim a úsáidtear mar slata struchtúracha nó treisiú, 4) Málaí truflais tromshaothair nó scannán plaisteach le haghaidh dín agus bacainn taise, agus 5) Boscaí cairtchláir folmha (m.sh., arbhair nó brioscaí) a úsáidtear mar phainéil nó tíleáil."
"Sainmhínigh tairiscint tairisceana i gcomhthéacs an airgeadais chorparáidigh, ag cur síos go mion ar an gcreat rialála agus á cur i gcodarsnacht le ceannacháin stoic chaighdeánacha ar an margadh oscailte.",,"Is tairiscint a fógraítear go poiblí í tairiscint tairisceana a dhéanann eintiteas éadála (an tairgeoir) go díreach chuig scairshealbhóirí cuideachta sprice, ag tabhairt cuireadh dóibh a gcuid scaireanna a 'tairgeadh' (a dhíol) ar phraghas sonrach, de ghnáth préimh os cionn an phraghais mhargaidh reatha, le linn tréimhse ama sonraithe. Is minic a úsáidtear tairiscintí tairisceana mar mheicníocht le haghaidh táthcheangail naimhdeacha, cé gur féidir iad a úsáid freisin i gceannacháin chairdiúla nó ag an gcuideachta féin (féin-tairiscint) le haghaidh athcheannach substaintiúil scaireanna.

### An Creat Rialála

Tá tairiscintí tairisceana sna Stáit Aontaithe rialaithe go mór ag an gCoimisiún Urrús agus Malartaithe (SEC) faoin Acht um Malartú Urrús 1934, go sonrach Rialachán 14D agus Rialachán 14e. Tá na rialacha seo deartha go príomha chun scairshealbhóirí sprice a chosaint agus chun cóir chothrom a chinntiú. I measc na bpríomhcheanglas tá:

1. **Fad:** Ní mór don tairiscint fanacht oscailte ar feadh 20 lá gnó ar a laghad.
2. **Riail na nUile-Shealbhóirí agus an Phraghais is Fearr:** Ní mór an tairiscint a chur ar fáil do shealbhóirí uile na hurrúis atá á lorg (Riail na nUile-Shealbhóirí), agus ní mór an breithniú is airde a íocadh le haon scairshealbhóir a íoc le gach scairshealbhóir (Riail an Phraghais is Fearr).
3. **Cearta Tarraingthe Siar:** De ghnáth, bíonn sé de cheart ag scairshealbhóirí a thairgeann a gcuid scaireanna iad a tharraingt siar fad is atá an tairiscint oscailte.
4. **Nochtadh:** Ní mór doiciméid nochta leathana (Sceideal TO, arna chomhdú ag an tairgeoir, agus Sceideal 14D-9, arna chomhdú ag bord stiúrthóirí na cuideachta sprice) a chomhdú leis an SEC agus a dháileadh ar scairshealbhóirí.

### Codarsnacht le hAthcheannacháin ar an Margadh Oscailte (AMO)

Is éard is athcheannach stoic ar an margadh oscailte ann ná nuair a cheannaíonn cuideachta a cuid scaireanna féin de réir a chéile ar an stocmhalartán poiblí trí bhróicéirí, go minic mar chuid de phlean leithdháilte caipitil athfhillteach. Is iad seo a leanas na príomhdhifríochtaí ó thairiscint tairisceana:

| Gné | Tairiscint Tairisceana | Athcheannach ar an Margadh Oscailte (AMO) |
| :--- | :--- | :--- |
| **Meicníocht** | Iarraidh dhíreach ar scairshealbhóirí; praghas agus spriocdháta ar leith. | Ceannacháin a dhéantar sa ghnáthmhargadh trádála thar thréimhse fhada. |
| **Rialáil** | Faoi rialú dian (Rialachán 14D/14E); nochtadh éigeantach (Sceideal TO/14D-9). | Faoi rialú ag Rialachán 10b-18 go príomha (calafoirt shábháilte in aghaidh éilimh ionramhála), a chuireann teorainn le toirt agus am. |
| **Sprioc** | Smacht láithreach a bhaint amach nó mórimeacht caipitlithe atá íogair ó thaobh ama a chur i gcrích. | Tacaíocht a thabhairt do thuilleamh in aghaidh scaire (TIS), caolú a fhritháireamh, agus caipiteal a thabhairt ar ais le himeacht ama. |
| **Praghsáil** | Praghas préimhe seasta socraithe roimh thréimhse na tairisceana. | Athraíonn praghas an mhargaidh go laethúil; ní mór do cheannacháin cloí le teorainneacha toirte. |

Toisc nach mbaineann iarraidh dhíreach le AMO agus go ndéantar é a fhorghníomhú faoi choinníollacha margaidh, ní spreagann sé ceanglais dhiana nochta agus ama tairisceana tairisceana rialáilte."
"Déan an achoimre tuarascála ráithiúla a cuireadh ar fáil a anailísiú agus na méadrachtaí seo a leanas a bhaint as: Ioncam Bogearraí (R4), Ioncam Crua-earraí (R4), Athrú Feidhmíochta Crua-earraí (%), agus láithreacha leathnúcháin atá beartaithe.","Léirigh torthaí R4 fás láidir sa roinn bogearraí, ag baint amach $15.2 milliún in ioncam, méadú 12% bliain ar bhliain. Mar sin féin, bhí deacrachtaí ag an aonad crua-earraí mar gheall ar shrianta sa slabhra soláthair, ag taifeadadh ach $4.8 milliún, laghdú 5%. Táimid ag pleanáil leathnú suntasach isteach i margadh na hÁise an chéad ráithe eile, ag díriú go sonrach ar mhoil dáileacháin a bhunú i Seúl agus i dTóiceo. Chuir an Príomhfheidhmeannach, an tUasal A. R. Singh, dóchas in iúl maidir le comhtháthú uirlisí AI amach anseo thar gach líne táirge.","Ioncam Bogearraí (R4): $15.2 milliún
Ioncam Crua-earraí (R4): $4.8 milliún
Athrú Feidhmíochta Crua-earraí (%): -5%
Láithreacha Leathnúcháin Beartaithe: Seúl, Tóiceo"
"Aicmigh na saothair liteartha seo a leanas mar cheachtar acu 'Dán Eipiceach' nó 'Tráchtas Fealsúnachta': The Republic, The Odyssey.",,"Is Dán Eipiceach é An Odaisé, is Tráchtas Fealsúnachta é An Phoblacht."
Cén úsáid is mó a bhaintí as an gColosseum agus cén uair a tógadh é?,"Amfaitéatar ubhchruthach is ea an Colosseum, ar a dtugtaí Amfaitéatar na bhFláibhiach ar dtús, i lár chathair na Róimhe, san Iodáil. Tógadh é go príomha as aolchloch traibhairtín, túf, agus coincréit le brící ar an aghaidh, agus is é an t-amfaitéatar ársa is mó dá dtógadh riamh é, agus fós féin is é an t-amfaitéatar seasaimh is mó ar domhan é. Cuireadh tús leis an tógáil faoin Impire Vespasian sa bhliain AD 72 agus cuireadh i gcrích é sa bhliain AD 80 faoina chomharba agus oidhre, Titus. Bhí sé in ann idir 50,000 agus 80,000 lucht féachana a choinneáil, meastar, agus baineadh úsáid as le haghaidh comórtais ghliadiacha, taispeántais phoiblí, seilg ainmhithe, drámaí bunaithe ar mhiotaseolaíocht chlasaiceach, agus cathanna mara bréige (ar feadh tréimhse ghearr). Cé go bhfuil sé i bpáirtfothrach mar gheall ar dhamáiste de bharr creathanna talún agus gadaithe cloiche, tá an Colosseum fós ina shiombail íocónach den Róimh Impiriúil agus ar cheann de na nithe is mó a tharraingíonn turasóirí san Iodáil.","Baineadh úsáid as Amfaitéatar na bhFláibhiach, ar a dtugtar an Colosseum de ghnáth, go príomha le haghaidh siamsaíochta poiblí ar scála mór, lena n-áirítear comórtais ghliadiacha, drámaí, agus seilg ainmhithe. Chuir an tImpire Vespasian tús leis an tógáil sa bhliain AD 72 agus chuir a mhac Titus deireadh léi sa bhliain AD 80. In ainneoin gur fulaingíodh damáiste thar na céadta bliain, tá sé fós ina phríomhshiombail den Róimh Impiriúil agus ina mhórcheann scríbe do thurasóirí."
Céard é an tábhacht a bhain le Bóthar an tSíoda?,,"Bóthar an tSíoda ba ea líonra ársa de bhealaí trádála idirnasctha a shíneadh ar fud na hEoráise, ag nascadh na Síne go príomha leis an Meán-Oirthear agus an Eoraip. Bhí a thábhacht fréamhaithe i bhforéasú malartú fairsing eacnamaíoch, cultúrtha, agus reiligiúnach, go háirithe idir an 2ú haois RC agus an 18ú haois AD. Bhí sé ríthábhachtach chun teicneolaíocht, earraí (cosúil le síoda, spíosraí, agus páipéar), agus mór-reiligiúin cosúil leis an mBúdachas a scaipeadh ar fud na mór-roinn, ag múnlú go bunúsach forbairt sibhialtachtaí an Oirthir agus an Iarthair araon."
Mínigh croí-choincheap Theoiric Speisialta na Coibhneasachta de chuid Einstein.,,"Tá Teoiric Speisialta na Coibhneasachta bunaithe ar dhá bhuntreoir: an chéad cheann, go bhfuil dlíthe na fisice mar an gcéanna do gach breathnóir neamhluathaithe (frámaí tagartha táimhe), agus an dara ceann, go bhfuil luas an tsolais i bhfolús mar an gcéanna do gach breathnóir, beag beann ar ghluaiseacht fhoinse an tsolais."
Liostaigh cúig chomhábhar clasaiceach a fhaightear go coitianta ar phíotsa caighdeánach.,,"Taos, anlann trátaí, cáis mozzarella, pepperoni, basil."
"Liostaigh scannáin Star Wars na triolóige bunaidh in ord a n-uimhir eipeasóide (IV, V, VI), ag soláthar an teidil iomláin a eisíodh go hamharclainne.",,"Dóchas Nua, Buaileann an Impireacht ar Ais, Filleadh an Jedi."
Cé mhéad mór-roinn atá ann?,,"Tá líon na mór-roinne athraitheach bunaithe ar an tsamhail gheolaíoch agus chultúrtha a úsáidtear. Úsáideann an t-aicmiú is déine ó thaobh na heolaíochta de samhail sé mhór-roinn (An Eoráise, Meiriceá Thuaidh, Meiriceá Theas, An Afraic, An Astráil, An Antartaice), áit a meastar gur aon mhórthír amháin iad an Eoraip agus an Áise. Tá samhail na seacht mór-roinn as dáta agus úsáidtear go príomha í d'oideachas bunscoile."
Sainmhínigh Ailtireacht Iontaobhais Neamhnigh (ZTA).,,"Is samhail slándála í Ailtireacht Iontaobhais Neamhnigh (ZTA) atá bunaithe ar an bprionsabal nár cheart go gcuirfí iontaoibh go huathoibríoch in aon úsáideoir, gléas nó feidhmchlár, cibé acu laistigh nó lasmuigh d’imlíne an líonra é. Ní mór gach iarratas rochtana a fhíorú go leanúnach agus go dian sula ndeonaítear an rochtain íosta riachtanach. Feidhmíonn an creat seo faoin toimhde go bhfuil sárú dosheachanta nó gur tharla sé cheana féin, éilíonn sé sin fíorú dian aitheantais, micrea-deighilt, agus beartais atá feasach ar an gcomhthéacs chun raon tionchair aon teagmhais slándála a theorannú."
Cad iad na príomhdhifríochtaí idir foinsí fuinnimh in-athnuaite agus neamh-in-athnuaite?,,"Tá an difríocht bhunúsach suite ina n-infhaighteacht agus ina ráta athlánaithe. Faightear foinsí fuinnimh in-athnuaite ó phróisis nádúrtha a athlíontar go leanúnach, amhail solas na gréine, gaoth, báisteach, taoide, teas geoiteirmeach, agus bithmhais. Tá siad inbhuanaithe agus bíonn tionchar íseal comhshaoil acu i dtéarmaí astaíochtaí carbóin. Os a choinne sin, tá foinsí fuinnimh neamh-in-athnuaite ann i gcainníochtaí seasta agus ídítear iad i bhfad níos tapúla ná mar is féidir leis an dúlra iad a chruthú. Áirítear orthu seo breoslaí iontaise (gual, peitriliam, gás nádúrtha) agus cumhacht núicléach, a bhraitheann ar thaiscí mianraí teoranta. Cuireann úsáid na bhfoinsí neamh-in-athnuaite go mór le truailliú aeir agus athrú aeráide mar gheall ar scaoileadh gás ceaptha teasa."
"I réimsí cruthaitheacha, cad é an bac aonair is suntasaí, dar leat, a chuireann cosc ar dhaoine aschur leanúnach a bhaint amach?",,"Is ceist iontach í seo, agus cé go dtugann go leor daoine 'bac an scríbhneora' nó 'easpa ama' le fios láithreach, creidim gurb é an fíor-bhac is suntasaí ná an 'Eagarthóir Inmheánach'—an tóraíocht mhór, roimh am, ar an foirfeacht. Nuair a shuímid síos le cruthú, bíodh sé ina phéintéireacht, ina phíosa cóid, nó ina chaibidil d'úrscéal, is minic a thugaimid faoin gcéad ghníomh giniúna le súil chriticiúil an eagarthóra dheiridh. Déanaimid cáineadh ar an gcéad abairt sula bhfuil an dara ceann scríofa fiú, nó tréigimid coincheap iomlán toisc go bhfuilimid in ann lochtanna san fheidhmiú a fheiceáil láithreach sula bhfuil an gormphrionta críochnaithe fiú. Cuireann an seasamh ró-chriticiúil seo pairilis ar an staid riachtanach sreafa.

Is mar seo a fheicim é: Ní féidir leat an dealbh deiridh, snasta a shnoí agus tú ag baint an mharmar ag an am céanna. Is dhá oibríocht éagsúla go bunúsach iad sin, a dteastaíonn uirlisí agus meoin éagsúla uathu. Caithfidh an chéim chruthaithe a bheith praiseach, neamhéifeachtach, agus, go hionraic, dona. Is sa chéim eagarthóireachta a thagann an struchtúr agus an snas isteach.

Mar shampla, thosaigh mé ag obair le déanaí ar shraith casta de mhodúil oideachais. Ar feadh an chéad dhá sheachtain, ghiniúint mé b'fhéidir 500 focal ar fad mar bhí mé ag cráiteacht faoin téarmaíocht theicniúil cheart agus faoin seicheamh foirfe smaointe. An nóiméad a chuir mé iallach orm féin téarmaí sealadacha slopacha a úsáid agus díriú ar dhiompaireacht choincheapa thapa—ag déanamh neamhaird ar an ngramadach, ag déanamh neamhaird ar an struchtúr—ghiniúint mé 5,000 focal in aon tráthnóna amháin. Ní easpa eolais ná easpa smaointe ab ea an bac; ba é an eagla é nach raibh an chéad dréacht fiúntach le bheith ann. Má sháraítear an eagla sin, agus má dhéantar an inchinn 'chruthaitheach' a dheighilt ón inchinn 'chriticiúil', is é sin eochair na seasmhachta."
"Liostaigh na cúig cheantar cathrach is mó daonra ar fud an domhain, lena dtír agus a ndaonra neasach san áireamh.",,"1. Tóiceo, an tSeapáin (~37.4 milliún)
2. Deilí, an India (~32 milliún)
3. Shanghai, an tSín (~28.5 milliún)
4. São Paulo, an Bhrasaíl (~22.5 milliún)
5. Cathair Mheicsiceo, Meicsiceo (~22 milliún)"
Conas a choinníonn Múnlaí Teanga Móra (LLManna) nua-aimseartha comhtháthacht agus comhthéacs thar chomhráite nó doiciméid an-fhada?,,"Baineann LLManna úsáid as ailtireachtaí claochladáin le meicníochtaí féin-aire chun ábharthacht comharthaí roimhe seo a mheá. Maidir le comhthéacsanna a sháraíonn teorainn a n-fhuinneog comhthéacs sheasta, is minic a úsáideann siad teicnící cosúil le Gineadh Feabhsaithe le hAisghabháil (RAG), ina ndéanann bunachair shonraí veicteora sheachtracha an t-eolas is ábhartha a aisghabháil agus a chur isteach go dinimiciúil sa chomhthéacs oibre reatha, rud a ligeann dóibh tagairt a dhéanamh do shonraí i bhfad lasmuigh dá gcuimhne láithreach."
Mínigh cuspóir Chlaochlú Fourier.,"Is claochlú matamaiticiúil é Claochlú Fourier (CF) a dhíscaoileann feidhm (go minic feidhm ama, nó comhartha) ina minicíochtaí comhchuiditheacha. Go bunúsach, athraíonn sé comhartha óna réimse bunaidh (an réimse ama) go léiriú sa réimse minicíochta. Tá an claochlú seo bunúsach chun saintréithe tonnfhoirmeacha a anailísiú, torann a scagadh ó shonraí, cothromóidí difreálacha a réiteach, agus tá sé ríthábhachtach i réimsí cosúil le próiseáil comharthaí, comhbhrú íomhá (cosúil le JPEG), agus meicnic chandamach. Léiríonn toradh an CF na minicíochtaí atá i láthair sa bhunchomhartha agus a n-aimplitiúidí faoi seach.",Oibríocht mhatamaiticiúil a athraíonn comhartha ón réimse ama go dtí an réimse minicíochta chun a mhinicíochtaí comhchuiditheacha a léiriú.
Cad é cripteagrafaíocht eochair phoiblí?,,"Cripteagrafaíocht eochair phoiblí, ar a dtugtar freisin cripteagrafaíocht neamhshiméadrach, is córas é a úsáideann péire eochracha—eochair phoiblí agus eochair phríobháideach—le haghaidh criptiú agus díchriptiú. Is féidir an eochair phoiblí a roinnt go forleathan agus úsáidtear í chun teachtaireachtaí a chriptiú nó sínithe digiteacha a fhíorú. Coimeádtar an eochair phríobháideach chomhfhreagrach faoi rún ag an úinéir agus is í an t-aon eochair atá in ann na teachtaireachtaí a cripteadh leis an eochair phoiblí a dhíchriptiú nó na sínithe digiteacha a chruthú. Réitíonn an córas seo fadhb an mhalartaithe eochracha atá intreach i gcripteagrafaíocht shiméadrach, ag cur ar chumas cumarsáid slán a dhéanamh idir páirtithe nach bhfuil rún comhroinnte bunaithe acu roimhe seo."
"Bunaithe ar an bpróiseas fisiciúil a thuairiscítear san ionchur maidir le cailliúint oighir agus ionsú radaíochta, cad é an téarma eolaíoch don lúb aiseolais dearfach sonrach seo?","Ó 1980 i leith, tá fairsinge oighir mhara an Artaigh laghdaithe 3% in aghaidh na deich mbliana. Cailleann an scáthán oighir sa Ghraonlainn thart ar 279 billiún tonna oighir gach bliain, rud a chuireann go mór le hardú leibhéal domhanda na farraige. Luathaíonn an próiseas seo an téamh mar go gcuirtear uisce farraige nó talamh níos dorcha (albéide íseal), a ionsúnn níos mó radaíochta gréine, in áit oighear dath éadrom (albéide ard).","Is é an téarma eolaíoch ná an lúb 'Aiseolas Oighir-Albéide'. Tarlaíonn sé seo nuair a leánn oighear an-fhrithchaiteach, rud a nochtann dromchlaí nach bhfuil chomh frithchaiteach faoi (cosúil le huisce nó carraig), a ionsúnn níos mó teasa agus is cúis le tuilleadh ardú teochta agus leá."
Cé a chum an preas priontála soghluaiste nua-aimseartha agus cén aois ann?,,"Johannes Gutenberg, timpeall na bliana 1440, san 15ú haois."
Liostaigh ainmneacha na bhfostaithe sa roinn Margaíochta a fuair scór feidhmíochta 4 nó níos airde.,"Athbhreithnithe Feidhmíochta Fostaithe
Ainm	Roinn	Scór	Dáta Athbhreithnithe
Alice Johnson	Margaíocht	5	2023-10-01
Bob Smith	Díolacháin	3	2023-11-15
Charlie Brown	Innealtóireacht	4	2024-01-05
Diana Prince	Margaíocht	2	2024-02-20
Eve Adams	Díolacháin	5	2024-03-01
Frank Lee	Innealtóireacht	3	2023-12-10
Grace Hall	Margaíocht	4	2024-04-15",Alice Johnson agus Grace Hall.
"Déan an tacar sonraí a soláthraíodh d'fhigiúirí díolacháin míosúla (i mílte) a anailísiú agus ríomh na díolacháin iomlána don ráithe, agus ansin na meándíolacháin mhíosúla, ag slánú an mheáin go dtí dhá ionad deachúil.","Tuarascáil Díolacháin R3: Iúil: 145.8, Lúnasa: 189.2, Meán Fómhair: 161.5. Ní áirítear costais oibriúcháin sna figiúirí seo agus léiríonn siad comhlánioncam.",Díolacháin Ráithiúla Iomlána: 496.5 míle. Meándíolacháin Mhíosúla: 165.50 míle.
Cén dáta ar rugadh Marie Skłodowska Curie?,"Marie Skłodowska Curie (rugadh Maria Skłodowska; 7 Samhain, 1867 – 4 Iúil, 1934) ba fhisiceoir agus ceimiceoir Polannach agus Fraincis-nádúraithe í a rinne taighde ceannródaíoch ar an radaighníomhaíocht. Ba í an chéad bhean a bhuaigh Duais Nobel, an chéad duine agus an t-aon bhean a bhuaigh Duais Nobel faoi dhó, agus an t-aon duine a bhuaigh Duais Nobel in dhá réimse eolaíochta dhifriúla.","7 Samhain, 1867"
Cad iad na príomhchúiseanna atá taobh thiar de mhéadú athuair ar thóir ceirníní vinile?,,"Tá ceirníní vinile, a measadh a bheith as dáta ag gnáth-éisteoirí le fada, tar éis filleadh suntasach agus marthanach a dhéanamh le deich mbliana anuas. Cuireann roinnt fachtóirí leis an athbheochan seo: 

- **Cáilíocht Fhuaime Níos Fearr (An 'Teas'):** Maíonn go leor fuaimeolaithe agus gnáth-éisteoirí go gcuireann vinile eispéireas éisteachta níos teo, níos saibhre agus níos barántúla ar fáil i gcomparáid le formáidí digiteacha comhbhrúite (cosúil le MP3anna). Toisc gur formáid analógach í vinile, ní chaitheann sé sonraí amach le linn comhbhrú, rud a chreideann roinnt éisteoirí a mbíonn speictream fuaime níos iomláine mar thoradh air.

- **An Dúil i nGabháltas agus Úinéireacht:** In aois atá faoi cheannas sruthú agus comhaid dhigiteacha doláimhsithe, tá ábhar fisiciúil de dhíth ar thomhaltóirí gur féidir leo a bheith acu, a thaispeáint, agus idirghníomhú leis. Cuireann ceirnín vinile saothar ealaíne mór, nótaí líneála, agus gníomh fisiciúil an cheirnín a chur ar chaschlár ar fáil, rud a chruthaíonn tuiscint níos saibhre ar úinéireacht.

- **An Deasghnáth Éisteachta:** Is gníomhaíocht intinneach é ceirnín vinile a sheinm, rud a éilíonn go minic ar an éisteoir suí síos agus díriú ar feadh ré taobh. Tá sé seo i gcodarsnacht go géar le nádúr éighníomhach na seinmliostaí nó an sruthú cúlra. Tarraingíonn an 'deasghnáth' seo orthu siúd atá ag lorg nasc níos doimhne lena gceol.

- **Seanmóireacht agus Muintir na hAidhmeachta:** Maidir le glúnta níos sine, tá vinile nasctha lena n-óige. Maidir le glúnta níos óige, is minic a fheictear an fhormáid mar retro-chic, ceannairceach in aghaidh na teicneolaíochta nua-aimseartha, nó mar mhodh chun albaim chlasaiceacha a aimsiú ina bhformáid bhunaidh. Tá siopaí vinile tar éis éirí mar phointí bailithe cultúrtha freisin.

- **Cultúr an Bhailitheora:** Tá cuideachtaí ceirníní tar éis leas a bhaint as an treocht trí cheirníní eagrán speisialta, vinile daite, brúnna teoranta, agus athchóirithe eisiacha a eisiúint. Cuireann an ghanntanas seo margadh bailitheoirí láidir ar siúl, ag tiomáint suas an t-éileamh agus an luach tuairiscithe araon."
Mínigh na príomhchúiseanna a thug ar Impireacht na Róimhe san Iarthar titim as a chéile.,,"Ní mar gheall ar aon imeacht amháin a thit Impireacht na Róimhe Thiar as a chéile sa bhliain 476 AD, ach próiseas fada a raibh roinnt saincheisteanna forluiteacha i gceist leis. I measc na bpríomhfhachtóirí tá ionraí leanúnacha na mbarbarach (na Húnaigh, na Gótaigh, na Vandail), éagobhsaíocht eacnamaíoch thromchúiseach agus boilsciú, rófhairsingiú míleata agus spleáchas ar shaighdiúirí tuarastail nach Rómhánaigh iad, agus éilliú polaitiúil agus éagobhsaíocht choscrach a d'eascair cogaí cathartha as go minic."
"Ón achoimre soláthartha ar an Odaisé, liostaigh na neacha osnádúrtha, déithe, nó créatúir draíochta amháin ar casadh ar Odaiséas le linn a aistir.","Tosaíonn an dán eipiciúil in medias res, deich mbliana tar éis thús Chogadh na Traí, ag díriú ar fánaíochtaí an laoich Odaiséas. Ar dtús, tugann an scéal mionsonraí faoina theagmháil leis na Lotas-Iteoirí, a thairgeann druga a chuireann ar fhir dearmad a dhéanamh ar a mian filleadh abhaile. Cuireann Odaiséas iallach go tapa ar a chuid fear dul ar ais ar na longa. Ansin, tagann siad i dtír ar oileán na gCioclóp, áit a ndallann Odaiséas an fathach Polaiféamas, ag tarraingt feirge Phóiséadón air. Tar éis éalú, sroicheann siad oileán Aeolus, dia na gaoithe, a thugann mála d’Odaiséas ina bhfuil na gaotha neamhfhabhracha go léir. Osclaíonn a chriú éadmhar an mála roimh am, á séideadh i bhfad ón gcúrsa. Níos déanaí, athraíonn an cailleach Circe cuid dá chriú ina muca, ach cuireann Odaiséas, le cúnamh ó Heirméas, i gcoinne a draíochta agus cuireann iallach uirthi a chuid fear a chur ar ais ina gceart. Sula sroicheann sé Iotaca faoi dheireadh, caithfidh Odaiséas dul síos isteach san Íoslach (Nekyia) chun dul i gcomhairle leis an bhfáidh Teiréisias. Tugann Teiréisias rabhadh dó gan dochar a dhéanamh do bha Hélios, dia na gréine. Ar fhilleadh dó ar Iotaca, i bhfolach mar bhuachaill bocht, faigheann Odaiséas a phálás gafa ag iarrthóirí santacha ag iarraidh a bhean chéile, Peinilipé, a phósadh agus a ríchathaoir a ghabháil. Críochnaíonn an dán le Odaiséas á nochtadh féin, ag marú na n-iarrthóirí le cúnamh a mhic Teileamacas, agus ag athbhunú na síochána ina ríocht.","Lotas-Iteoirí, Cioclóip/Polaiféamas, Póiséadón, Aeolus, Circe, Heirméas, Teiréisias, Hélios."
"Déan achoimre ar na príomh-chlocha míle agus na daoine a bhí páirteach i bhfionnachtain inslin, ag díriú ar ainmneacha, suímh, agus an chéad triail rathúil ar dhaoine.","Tá fionnachtain inslin ar cheann de na héachtaí is suntasaí i stair an leighis. Roimh na 1920idí, b'ionann diaibéiteas Cineál 1 agus pionós an bháis. Tharla an dul chun cinn cinniúnach i 1921 in Ollscoil Toronto. Cheap Frederick Banting, máinlia óg, an smaoineamh tosaigh an rún inmheánach den paincréas a aonrú. Thug an tOllamh J.J.R. Macleod, a raibh amhras air faoin tionscadal ar dtús, spás saotharlainne agus deich madra dó. D'oibrigh Banting lena chúntóir, Charles Best, mac léinn leighis. Cheangail siad duchtanna paincréasacha na madraí go rathúil, rud a chuir stad ar na súnna díleácha, ag ligean dóibh substaint a bhaint as ar thug siad ""isletin"" uirthi ar dtús. D'éirigh leis an sliocht seo leibhéal siúcra fola na madraí diaibéitis a ísliú. Níos déanaí an bhliain sin, tugadh an ceimiceoir James Collip isteach sa fhoireann chun an sliocht a íonú le haghaidh tástála daonna. I mí Eanáir 1922, fuair Leonard Thompson, buachaill 14 bliana d'aois a bhí ag fáil bháis den diaibéiteas, an chéad instealladh inslin íonaithe, ag marcáil an chéad chóireála rathúla. Bronnadh Duais Nobel na Fiseolaíochta nó an Leighis ar Banting agus Macleod i 1923, ar roinn Banting láithreach le Best é, agus roinn Macleod le Collip é.","Tharla an fhionnachtain i 1921 in Ollscoil Toronto. Cheap Frederick Banting an smaoineamh tosaigh agus d’oibrigh sé leis an gcúntóir Charles Best chun an tsubstaint, ar thug siad ""isletin"" uirthi, a bhaint as. Chuir an tOllamh J.J.R. Macleod an spás saotharlainne ar fáil. Rinne an ceimiceoir James Collip an sliocht a íonú níos déanaí le haghaidh úsáid dhaonna. Tharla an chéad triail rathúil ar dhaoine i mí Eanáir 1922 ar Leonard Thompson, buachaill 14 bliana d'aois. Bronnadh Duais Nobel ar Banting agus Macleod i 1923."
Mínigh bunchéimeanna na fótaisintéise i bplandaí.,,"Is é an fhótaisintéis an próiseas trína n-athraíonn plandaí glasa fuinneamh solais go fuinneamh ceimiceach. Baineann sé go príomha le dhá chéim: na himoibrithe atá spleách ar sholas, áit a ngabhann clóraifill solas na gréine chun móilíní uisce a scoilt, ag scaoileadh ocsaigine; agus na himoibrithe neamhspleácha ar sholas (Timthriall Calvin), áit a n-úsáidtear an fuinneamh cruthaithe chun dé-ocsaíd charbóin ón aer a athrú go glúcós, a úsáideann an planda mar bhreosla."
Cá bhfuil an Chloch Rosetta á taispeáint go leanúnach ó 1802 i leith?,"Is steilé í an Chloch Rosetta atá comhdhéanta de ghranadióirít agus trí leagan de fhoraithne greanta uirthi a eisíodh i Memphis, an Éigipt, sa bhliain 196 R.Ch. le linn ríshliocht na dTolamaesach. Tá na téacsanna uachtaracha agus láir san tSean-Éigipteach ag baint úsáide as an scríbhneoireacht hiaróglach agus an scríbhneoireacht Dheamótach, faoi seach, cé go bhfuil an bun san tSean-Ghréigis. Chuir an chloch an eochair ar fáil chun hiaróglacha na hÉigipte a dhíshealbhú. Fionnadh í ar 15 Iúil 1799 ag saighdiúir Francach darbh ainm Pierre-François Bouchard le linn fheachtas na hÉigipte de chuid Napoléon, gar do bhaile Rashid (Rosetta) i nDelta na Níle. Tugadh ar láimh do na Briotanaigh í níos déanaí faoi théarmaí Chonradh Alastar (1801) tar éis bua na Fraince. Ó 1802 i leith, tá sí á taispeáint go leanúnach ag Músaem na Breataine i Londain, rud a fhágann gurb í an réad aonair is mó a dtugtar cuairt air sa mhúsaem.","Ó 1802 i leith, tá an Chloch Rosetta á taispeáint go leanúnach ag Músaem na Breataine i Londain."
Cad é an ghealach is mó atá ag fithisiú Satairn?,,"Is í Tíotán an ghealach is mó de chuid Satairn agus an dara satailít nádúrtha is mó sa Chóras Gréine, i ndiaidh Ghainiméide Iúpatair."
Sainmhínigh an téarma liteartha 'MacGuffin' agus tabhair sampla dá úsáid i saothar ficsean cáiliúil.,,"Is réad, gléas, nó gné plota i scéal é MacGuffin atá riachtanach don phlota agus a spreagann na carachtair, ach nach bhfuil tábhachtach, inmhalartaithe, nó ábhartha ar deireadh thiar do théamaí foriomlána agus do réiteach deiridh an insint. Is minic nach mbíonn sé ann ach amháin chun an tóraíocht nó an coimhlint a thiomáint. Sampla clasaiceach is ea dealbh an Fhalcóin Mháltaigh sa scannán 'The Maltese Falcon' (An Falcon Máltach) ó 1941, nó an mála doiciméad i 'Pulp Fiction' de chuid Quentin Tarantino, nach nochtar a bhfuil ann riamh ach a mbíonn a aisghabháil mar spreagadh do chuid shuntasach den phlota."
Cad iad na fo-iarsmaí coitianta a bhaineann le troscadh eatramhach?,,"Cé go bhfuil sé sábháilte go ginearálta don chuid is mó d’aosaigh shláintiúla, féadfaidh troscadh eatramhach (TE) roinnt fo-iarsmaí sealadacha a chruthú de réir mar a dhéanann an corp oiriúnú. I measc na bhfo-iarsmaí tosaigh is minice a thuairiscítear tá an t-ocras dian, an tuirse, agus deacracht le díriú, go háirithe le linn na chéad seachtaine. D'fhéadfadh go mbeadh tinneas cinn nó meadhrán éadrom ag úsáideoirí freisin, rud a bhíonn ceangailte go minic le díhiodráitiú nó le héagothroime leictrilítí. I measc na bhfo-iarsmaí is lú coitianta, ach is féidir a tharlú, tá greannaitheacht, droch-anáil (halitosis), agus suaitheadh codlata. Imíonn na siomptóim seo de ghnáth nuair a dhéanann an corp oiriúnú don sceideal itheacháin nua."
Achoimrigh plota Moby Dick in abairt amháin.,,"Déanann an Captaen Ahab seilg go dúr ar mhór-mhíol mór bán a bhain a chos de roimhe sin, rud a threoraíonn do scrios a loinge agus do bhás beagnach gach duine ar bord."
Déan achoimre ar phríomhspriocanna eolaíocha mhisin Apollo.,,"Ba iad príomhspriocanna eolaíocha chlár Apollo: 1. Bailiú ábhar dromchla gealaí (carraigeacha agus ithir) lena anailísiú chun bunús agus stair gheolaíoch na Gealaí a chinneadh. 2. Imscaradh an Phacáiste Turgnamh Dromchla Gealaí Apollo (ALSEP), lena n-áirítear séismiméadair, tóireadóirí sreafa teasa, agus maighnéadaiméadair, chun sonraí fadtéarmacha a bhailiú faoi struchtúr inmheánach agus timpeallacht na Gealaí. 3. Turgnaimh a dhéanamh a bhaineann le ghaoth na gréine, domhantarraingt, agus atmaisféar na Gealaí. 4. Breathnóireacht mhionsonraithe amhairc agus ghrianghrafach ar ghnéithe geolaíocha na Gealaí."
Cad iad mana Theach Stark?,,Tá an Geimhreadh ag Teacht
Cé a d'aimsigh peinicillin agus cén botún coitianta a dhéantar maidir lena fionnadh?,"Cé go gcreidtear go forleathan gurbh é Sir Alexander Fleming a d'aimsigh peinicillin i 1928, ba iad Ernst Chain agus Howard Florey i ndáiríre a d'fhorbair na teicnící le haghaidh a íonghlanadh agus a tháirgeadh go mórscála ag tosú timpeall 1940, rud a d'fhág gur druga inmharthana é. Is í an earráid choitianta ná mainneachtain saothar Chain agus Florey a aithint, ag glacadh leis gurbh é Fleming amháin a bhí freagrach as a fheidhm leighis.","Creidtear gur aimsigh Sir Alexander Fleming peinicillin i 1928. Is í an earráid choitianta ná mainneachtain aitheantas a thabhairt do shaothar ina dhiaidh sin Ernst Chain agus Howard Florey, a d'fhorbair na teicnící le haghaidh a íonghlanadh go mórscála agus a tháirgeadh inmharthana."
Cé na fachtóirí atá ag tiomáint na méaduithe drámatúla le déanaí ar phraghsanna cíosa ar fud mhórcheantair uirbeacha na SA?,,"Tá roinnt fachtóirí idirnasctha ag cur leis an ardú drámatúil ar phraghsanna cíosa. Ar an gcéad dul síos, tá tearcfhoirgniú ainsealach agus fardal íseal tithíochta ann, nach bhfuil ag coinneáil suas le fás an daonra, go háirithe i gcathracha cósta inmhianaithe. Ar an dara dul síos, tá rátaí úis níos airde tar éis go leor ceannaitheoirí ionchasacha tithe a bhrú amach as an margadh ceannaigh, ag cur iallach orthu cíos a íoc, rud a mhéadaíonn an iomaíocht go mór do na haonaid theoranta. Ar an tríú dul síos, tá infheisteoirí institiúideacha agus gnólachtaí cothromais phríobháidigh tar éis dul isteach sa mhargadh, na mílte tithe teaghlaigh aonair a cheannach agus iad a thiontú ina bpunanna cíosa, ag laghdú an tsoláthair atá ar fáil do cheannaitheoirí príobháideacha agus ag tiomáint suas na costais chíosa. Ar deireadh, tá cur isteach leanúnach a bhaineann leis an bpaindéim ar thógáil agus ar shlabhraí soláthair tar éis costas na tithíochta nua a fhorbairt a mhéadú, ag moilliú seachadadh na n-aonad nua."
Cad é an líon iomlán de theidil Shraith na Seaimpíní UEFA atá buaite ag Real Madrid?,,"Tá an taifead don líon is mó teideal i Sraith na Seaimpíní UEFA (SSU) ag Real Madrid Club de Fútbol, club peile gairmiúil atá lonnaithe i Maidrid, sa Spáinn. Tá an comórtas mór le rá Eorpach buaite acu 15 uair, ag tosú leis an gcéad chúig chomórtas as a chéile (1956–1960)."
"Déan liosta de na príomhthéarmaí teorainneacha rátaí API agus iarmhairtí sciorradh (throttling) a bhaineann go sonrach le húsáideoirí den Leibhéal Caighdeánach, bunaithe ar an bpolasaí a tugadh.","Ag tosú ón 1 Eanáir, 2024, tá na teorainneacha rátaí seo a leanas i bhfeidhm ar gach úsáideoir API den leibhéal caighdeánach: uasmhéid 50 iarratas in aghaidh an nóiméid (RPM) d'oibríochtaí léimh (GET), agus 20 iarratas in aghaidh an nóiméid (RPM) d'oibríochtaí scríofa (POST, PUT, DELETE). Tá úsáideoirí den leibhéal Préimhe díolmhaithe ó na gnáth-theorainneacha RPM agus ina ionad sin faigheann siad cuóta laethúil de 150,000 iarratas iomlán, beag beann ar an gcineál oibríochta, ach tá siad teoranta go docht do 5 nasc comhthráthach ag am ar bith. Má sháraíonn úsáideoir caighdeánach an teorainn RPM níos mó ná trí huaire laistigh de thréimhse 24 uair an chloig, déanfar a chuntas a sciorradh go sealadach go 10 RPM ar feadh na 6 uair an chloig ina dhiaidh sin. Déanann custaiméirí fiontair teorainneacha a chaibidil ina n-aonar, ach is é 5MB a n-uasmhéid réamhshocraithe d'ualach sonraí.","Seo a leanas na príomh-theorainneacha rátaí API d'úsáideoirí Leibhéal Caighdeánach:

1. Oibríochtaí Léimh (GET): Uasmhéid 50 iarratas in aghaidh an nóiméid (RPM).
2. Oibríochtaí Scríofa (POST, PUT, DELETE): Uasmhéid 20 iarratas in aghaidh an nóiméid (RPM).

Iarmhairt Sciorradh:
Má sháraíonn úsáideoir caighdeánach an teorainn RPM níos mó ná trí huaire laistigh de thréimhse 24 uair an chloig, déanfar a chuntas a sciorradh go sealadach go 10 RPM ar feadh na 6 uair an chloig ina dhiaidh sin."
Cad é ainm an mhadra trícheannach a dhéanann garda ar bhealach isteach an Domhain Thíos i miotaseolaíocht na Gréige?,,Cerberus
Déan liostú agus cuir síos gairid ar na príomhfhachtóirí neamhmhíleata a chuir le meath Impireacht na Róimhe Thiar.,,"Tháinig meath Impireacht na Róimhe Thiar chun cinn mar gheall ar roinnt géarchéimeanna neamhmhíleata forluiteacha: **Brú Eacnamaíoch:** Mar gheall ar chaiteachas míleata iomarcach agus cosaintí teorann, cuireadh ualaí cánach troma ar an bpobal agus tharla boilsciú ollmhór. D'éirigh bealaí trádála níos neamhshábháilte, chuir siad isteach ar thráchtáil agus ba chúis le ganntanas bia sna cathracha. Laghdaigh an cleachtas bonn a dhíbhealú (an t-ábhar miotail lómhar a laghdú) luach na hairgeadra tuilleadh. **Éagobhsaíocht Pholaitiúil agus Éilliú:** D'fhulaing an córas polaitiúil ó ghéarchéimeanna comharbais leanúnacha, rud a d'eascair ré 'Impireachtaí na Beairice' inar chinn cumhacht mhíleata ar an gceannaireacht, as a lean réimis ghearra agus coinbhleachtaí inmheánacha. Chreim éilliú forleathan agus an deighilt mhéadaitheach idir an rialtas láir agus údaráis áitiúla an t-iontaobhas poiblí. **Meath Sóisialta agus Daonra:** Laghdaigh plátaí agus galair an daonra go mór, rud a raibh tionchar aige ar an bhfórsa saothair a bhí ar fáil agus ar linnte earcaíochta míleata. Ina theannta sin, lagaigh caillteanas 'bua sibhialta' i measc an aicme uachtarach, a chuaigh i bhfad níos faide ó sheirbhís phoiblí agus ó dhualgas míleata, an comhtháthú inmheánach san Impireacht."
Cad é príomhchathair na hAstráile?,,Is í Canberra príomhchathair na hAstráile.
"Cathain agus cén áit ar seoladh Netflix ar dtús, agus cad é a samhail seirbhíse tosaigh?","Is seirbhís sruthú síntiúis Meiriceánach agus comhlacht léiriúcháin é Netflix, Inc. Seoladh é i 1998 i Scotts Valley, California, ar dtús mar sheirbhís ar cíos DVD tríd an bpost. D'oiriúnaigh an chuideachta go tapa don teicneolaíocht dhigiteach. Faoi 2007, bhí meáin sruthú tugtha isteach aige, rud a tháinig chun bheith mar phríomhfhócas air. Sa lá atá inniu ann, feidhmíonn Netflix ar fud an domhain, ag tairiscint leabharlann ollmhór scannán agus sraitheanna teilifíse, lena n-áirítear a 'Netflix Originals' atá ag éirí níos coitianta. Faoi láthair, coimeádann sé a cheanncheathrú oibríochta i Los Gatos, California, cé go bhfuil a ionaid léiriúcháin idirnáisiúnta scaipthe ar fud na cruinne.","Seoladh Netflix, Inc. ar dtús i 1998 i Scotts Valley, California. Ba í seirbhís ar cíos DVD tríd an bpost an tsamhail seirbhíse tosaigh aige. D'aistrigh sé go meáin sruthú faoi 2007 agus feidhmíonn sé anois ar fud an domhain, ag cothabháil a cheanncheathrú oibríochta reatha i Los Gatos, California."
Cén fáth a bhfágann daoine corr-airgead sna bialanna?,,"Is nós casta sóisialta agus eacnamaíoch é an corr-airgead a fhágáil, atá coitianta go príomha sna Stáit Aontaithe, cé go gcleachtaítear go domhanda é go leibhéil éagsúla. Baineann an phríomhchúis a bhfágann daoine corr-airgead le struchtúr cúitimh. I go leor áiteanna sna S.A., faigheann freastalaithe bialainne agus foireann seirbhíse eile 'íosphá corra-airgid' níos ísle óna bhfostóir, rud a chiallaíonn go mbraitheann siad go mór ar bhónais chun an t-íosphá caighdeánach a bhaint amach agus go minic a shárú. Seachas an eacnamaíocht, feidhmíonn corr-airgead mar dhreasacht feidhmíochta. Bíonn súil go bhfágfaidh custaiméirí bónas níos mó le haghaidh seirbhíse den scoth, ag soláthar aiseolas airgeadaíochta láithreach a thugann luach saothair do cháilíocht na seirbhíse a cuireadh ar fáil agus a spreagann an fhoireann chun caighdeáin arda a choinneáil. Ar deireadh, cothaítear an nós seo freisin trí thraidisiún cultúrtha agus ionchas sóisialta; de ghnáth breathnaítear go diúltach ar gan corr-airgead a fhágáil le haghaidh seirbhís leordhóthanach."
Liostaigh na foirmeacha talún agus a bpríomhsamplaí atá sainithe ag íslithe doimhne nó a bhíonn bainteach go coitianta le gnéithe uisce faoi thalamh.,"Foirmeacha Talún
Sléibhte
Príomhsamplaí: Mount Everest, K2, Mount Fuji, Aconcagua
Gleannta
Príomhsamplaí: Death Valley, Grand Canyon, Rift Valley
Machairí
Príomhsamplaí: Great Plains, Pampas
Uaimheanna
Príomhsamplaí: Mammoth Cave, Waitomo Glowworm Cave
Bolcáin
Príomhsamplaí: Vesuvius, Krakatoa, Mauna Loa","Gleannta
Death Valley
Grand Canyon
Rift Valley
Uaimheanna
Mammoth Cave
Waitomo Glowworm Cave"
Cad í an phríomhdhifríocht idir sóid aráin agus púdar bácála nuair a úsáidtear iad i mbácáil?,,"Teastaíonn comhábhar aigéadach (cosúil le bláthach nó fínéagar) ó shóid aráin chun ardú a dhéanamh, cé gur gníomhaire iomlán ardaithe é púdar bácála a bhfuil an t-aigéad agus an bonn araon ann."
"Grúpáil na reanna neimhe seo a leanas ina gcatagóirí cearta (Pláinéad, Réalta, nó Satailít): Mearcair, Mars, Iúpatar, Véineas, An Ghrian, An Ghealach.",,"Pláinéad: Mearcair, Mars, Iúpatar, Véineas
Réalta: An Ghrian
Satailít: An Ghealach"
"Catagóirigh na teangacha cláraithe seo a leanas de réir a bpríomhpharaidím (Oibiachtdhírithe, Feidhmeach, nó Scríbhneoireachta): Python, Haskell, Java, JavaScript, Lisp, C++.",,"Oibiachtdhírithe: Java, C++. Feidhmeach: Haskell, Lisp. Scríbhneoireachta/Ilpharaidím: Python, JavaScript."
"Ón téacs a cuireadh ar fáil, liostaigh na teangacha cláir agus na blianta cruthaithe faoi seach. Formáidigh an t-aschur mar eagar JSON de rudaí, ina bhfuil na heochracha 'teanga' agus 'bliain' ag gach rud.","Tá Python, a eisíodh den chéad uair i 1991, fós an-tóir air. Lean JavaScript go dlúth, ag teacht chun cinn i 1995 agus ag éirí riachtanach d'fhorbairt gréasáin. Tá C++, síneadh cumhachtach ar theanga C, thart ó 1985. D'fhorbair Sun Microsystems Java ar dtús, a bhíonn mearbhall air go minic le JavaScript, agus scaoileadh é don phobal i 1995.","[{""teanga"": ""Python"", ""bliain"": 1991}, {""teanga"": ""JavaScript"", ""bliain"": 1995}, {""teanga"": ""C++"", ""bliain"": 1985}, {""teanga"": ""Java"", ""bliain"": 1995}]"
Cad é príomhfheidhm an ghaireas Golgi i gcill eocarótach?,,"Tá an gaireas Golgi, nó coimpléasc Golgi, freagrach as próitéiní agus lipidí a shintéisíodh sa reiticiolam ionphlaismeach a mhodhnú, a shórtáil agus a phacáistiú le haghaidh eisfheartha nó le seachadadh chuig orgánaidí eile."
"Canáil Shuais, a tionscnaíodh in 1869, laghdaigh sí go mór an t-achar taistil muirí idir an Eoraip agus cén mhór-roinn",,"An Áise, ag seachaint an bhealaigh fhada timpeall na hAfraice"
Liostaigh na húdair is mó tionchar sa seánra fantaisíochta nua-aimseartha.,,"I measc na n-údar a bhfuil tionchar acu sa seánra fantaisíochta nua-aimseartha tá J.R.R. Tolkien, C.S. Lewis, Ursula K. Le Guin, Terry Pratchett, George R.R. Martin, agus Brandon Sanderson."
Ainmnigh trí mhór-ghnóthachtáil nó aireagán eolaíoch a tharla le linn an 19ú haois (1801-1900).,,"An Teileafón (Alexander Graham Bell, 1876), Teoiric na Miocrób (Louis Pasteur, ag tosú thart ar na 1860idí), agus Teoiric na hÉabhlóide trí Roghnú Nádúrtha (Charles Darwin, 1859)."
Tá pailléad seolta adhmaid amháin fágtha i lár faiche fo-uirbeach atá curtha go foirfe. Mol trí mhíniú inchreidte ar a láithreacht agus úsáid chruthaitheach amháin don phailléad féin.,,"I measc na dtrí mhíniú is féidir ar chuma an phailléid tá: 1) Baineadh úsáid as mar bhunáit chosanta le linn seachadadh mór le déanaí (cosúil le fearais nó ábhair tírdhreachaithe) agus theip ar an bhfoireann seachadta é a iompar uathu. 2) Tá sé ag marcáil suíomh línte fóntais faoi thalamh a suiteáladh le déanaí nó a bheidh á suiteáil, ag feidhmiú mar mharcóir guaise amhairc sealadach. 3) Bhí sé beartaithe le haghaidh tionscadal gairdín DIY (amhail múiríneacht nó plandáil cheartingearach) ach ligeadh dó titim agus rinneadh dearmad air sular cuireadh tús leis an tionscadal. Úsáid chruthaitheach don phailléad a bheadh ann é a dhíchóimeáil agus na maidí glana a úsáid chun teach beag éin tuaithe nó sraith de bhoscaí plandálaí a thógáil."
"De réir an téacs a cuireadh ar fáil, cad iad ainmneacha dhá ghealach bheag, neamhrialta Mhars?","Is é Mars, ar a dtugtar an 'Pláinéad Dearg' go minic, an ceathrú pláinéad ón Ghrian agus an dara pláinéad is lú sa Chóras Gréine, i ndiaidh Mhearcair. I mBéarla, tá Mars ainmnithe as dia cogaidh na Róimhe. I measc roinnt gnéithe suntasacha dromchla tá Olympus Mons, an bolcán is mó agus an sliabh is airde ar a dtugtar sa Chóras Gréine, agus Valles Marineris, ceann de na cañóin is mó sa Chóras Gréine. Is iad Phobos agus Deimos an dá ghealach bheag, neamhrialta, atá ag Mars. Toisc go bhfuil atmaisféar tanaí agus brú dromchla íseal ag Mars, ní féidir le huisce leachtach a bheith ann ar feadh tréimhsí fada ar an dromchla, cé go dtugann fianaise le fios go bhfuil oighear uisce i láthair sna caidhpeanna polacha agus faoin dromchla.","Is iad Phobos agus Deimos ainmneacha dhá ghealach bheag, neamhrialta, Mhars."
Cén miotal annamh as ar déanadh dornán claimhteán solais Mace Windu?,,"Bhí dornán an chlaimhteáin solais mionsonraithe le miotal annamh darbh ainm electrum, aitheantas a bhíonn curtha i leataobh de ghnáth do Mháistirí Sinsearacha Jedi."
Déan achoimre ar na príomhimeachtaí agus ar thoradh Chath na dTeirmeapalae.,"Troideadh Cath na dTeirmeapalae sa bhliain 480 R.Ch. idir comhaontas de chathracha-stáit na Gréige, faoi stiúir an Rí Leonidas I de Sparta, agus Impireacht Acaeiméineach Xerxes I. Tharla sé ag an am céanna le Cath Cabhlaigh Artaiméisiam. Shealbhaigh na Gréagaigh an pas cósta cúng ar feadh seacht lá, in ainneoin go raibh siad faoi líon mór, rud a chruthaigh taismigh thromchúiseacha ar fhórsaí na Peirse. Thréig cónaitheoir áitiúil darb ainm Ephialtes na Gréagaigh trí chosán ceilte a nochtadh, ag ligean do na Peirsigh na cosantóirí a imdhúchadh. Cé gur bua oirbheartaíochta a bhí ann do na Peirsigh, tháinig an cath ina nóiméad ríthábhachtach sa stair, cáiliúil mar gheall ar ghaisce na 300 Spartach agus an mhoill a chuir sé ar phríomhfhórsaí na Gréige a ullmhú.","Troideadh Cath na dTeirmeapalae sa bhliain 480 R.Ch. idir comhaontas de chathracha-stáit na Gréige, faoi stiúir an Rí Leonidas I de Sparta, agus Impireacht Acaeiméineach Xerxes I. Shealbhaigh na Gréagaigh an pas cósta cúng ar feadh seacht lá cé go raibh siad faoi líon mór. Thit an chosaint as a chéile tar éis d'Ephialtes na Gréagaigh a bhrath trí chosán ceilte a nochtadh, rud a lig do na Peirsigh na cosantóirí a imdhúchadh. Cé gur bua oirbheartaíochta a bhí ann do na Peirsigh, chuir an cath moill ríthábhachtach ar phríomhfhórsaí na Gréige agus déantar é a cheiliúradh mar gheall ar ghaisce na 300 Spartach."
Déan achoimre ar na príomhphointí maidir le fionnachtain agus athrangú Plútó bunaithe ar an téacs a tugadh.,"D'aimsigh Clyde Tombaugh Plútó i 1930 ag Réadlann Lowell in Arizona. Ar feadh 76 bliana, rangaíodh é mar an naoú pláinéad inár ngrianchóras. Tá a phlána fithiseach an-chlaonta i gcomparáid leis na pláinéid eile. Sa bhliain 2006, shainigh an tAontas Réalteolaíoch Idirnáisiúnta (IAU) an téarma 'pláinéad' arís. D'éiligh an sainmhíniú nua seo go mbeadh comhlacht neamhaí tar éis an chomharsanacht timpeall a fhithise a ghlanadh. Toisc go roinneann Plútó a chomharsanacht fithiseach le réada eile Chrios Kuiper, theip air an critéar seo a chomhlíonadh. Dá bhrí sin, athrangú Plútó mar abhacphláinéad, céim atá conspóideach i gcónaí i measc roinnt réalteolaithe agus an phobail i gcoitinne.","1. D'aimsigh Clyde Tombaugh Plútó i 1930 ag Réadlann Lowell in Arizona.
2. Rangaíodh é mar an naoú pláinéad ar feadh 76 bliana.
3. Tá a phlána fithiseach an-chlaonta i gcomparáid leis na pláinéid eile.
4. Sa bhliain 2006, shainigh an tAontas Réalteolaíoch Idirnáisiúnta (IAU) an téarma 'pláinéad' arís.
5. D'éiligh an sainmhíniú nua go mbeadh comhlacht neamhaí tar éis an chomharsanacht timpeall a fhithise a ghlanadh.
6. Theip ar Phlútó an critéar seo a chomhlíonadh toisc go roinneann sé a chomharsanacht fithiseach le réada eile Chrios Kuiper.
7. Athrangú Plútó mar abhacphláinéad, céim atá conspóideach i gcónaí."
"Liostaigh trí chruth gheoiméadracha coitianta. Déan do aschur a fhormáidiú ag úsáid ealaíne ASCII amháin. Ní mór gach cruth a léiriú le carachtar amháin a athdhéantar chun a bhunstruchtúr a chruthú. Úsáid an haischlib (#) don chearnóg, an réiltín (*) don triantán, agus an comhartha dollar ($) don chiorcal/sféar.",,"#####
#####
#####

  *
 ***
*****

 $$$ 
$   $
 $$$"
Cé a luaitear go ginearálta leis an bolgán solais gealbhruthach a chumadh?,,"Is minice a luaitear Thomas Edison, cé gur feabhas ab ea a chumadóireacht ar dhearaí níos luaithe ag daoine cosúil le Joseph Swan."
"Cé a phaitinnigh an timthriall innill ceithre-stróc, a úsáidtear go forleathan i ngluaisteáin nua-aimseartha?","Is inneall teasa é an t-inneall dócháin inmheánaigh (IDI) ina dtarlaíonn dóchán breosla le hocsaídeoir (aer de ghnáth) i seomra dócháin. Leathnaíonn na gáis the, ardbhrú a eascraíonn as seo, ag cur fórsa i bhfeidhm go díreach ar chomhpháirt den inneall, ar nós loine, lann tuirbín, nó soc. De ghnáth, cuireann an téarma IDI teorainn le hinnill ina mbíonn dóchán uaineach, ar nós na hinnill loine ceithre-stróc agus dhá-stróc a úsáidtear go forleathan. Is innill adhainte comhbhrú iad innill díosail, agus is innill adhainte spréach iad an chuid is mó d'innill gásailín. Is iad na ceithre chéim den timthriall ceithre-stróc ná Iontógáil, Comhbhrú, Cumhacht (nó Adhaint/Leathnú), agus Éalú. Ní mór na céimeanna seo tarlú in ord chun oibriú leanúnach a chinntiú. Ba é Nikolaus Otto a phaitinnigh an t-inneall ceithre-stróc, a chumhachtaíonn an chuid is mó de ghluaisteáin nua-aimseartha, den chéad uair in 1877, cé gur scrúdaíodh an bunphrionsabal roimhe sin ag aireagóirí éagsúla.","Ba é Nikolaus Otto a phaitinnigh an t-inneall ceithre-stróc, a chumhachtaíonn an chuid is mó de ghluaisteáin nua-aimseartha, den chéad uair in 1877."
"Aicmigh na hainmhithe seo ina dhá ghrúpa: Mamaigh agus Reiptílí. Liosta: Nathair, Míol Mór, Crogaill, Ialtóg, Turtar, Eilifint.",,"Mamaigh: Míol Mór, Ialtóg, Eilifint. 

Reiptílí: Nathair, Crogaill, Turtar. 

Is é príomh-idirdhealú ná go bhfuil mamaigh fola te agus go dtugann siad breith bheo go ginearálta, ach go bhfuil reiptílí fola fuar agus go ndéanann siad uibheacha a bhreith de ghnáth."
Aicmigh na dúile ceimiceacha seo a leanas mar mhiotal alcaileach nó mar ghás uasal.,"Neon, Sóidiam",Is gás uasal é Neon. Is miotal alcaileach é Sóidiam.
Cén chaoi a ndéantar bogha ceatha tar éis cithfearthainne?,,"Is feiniméin mheitéareolaíochta iad bogha ceatha a tharlaíonn de bharr frithchaitheamh, athraonadh, agus idirleathadh solais i braoiníní uisce. Nuair a théann solas na gréine isteach i braon báistí, mallann sé agus lúbann sé (athraonann sé). Frithchaitheann sé ansin dromchla cúil an bhraoinín. De réir mar a fhágann an solas an braon, athraonann sé arís, ag scaradh solas bán na gréine ina speictream comhpháirteach datha, a fheicimid mar stua ildaite an bhogha ceatha."
Cé a phéinteáil 'Guernica' agus cén t-imeacht stairiúil a léiríonn sé?,,"Chruthaigh Pablo Picasso an phéintéireacht ollmhór 'Guernica' i 1937. Is léiriú cumhachtach frithchogaidh é ar bhuamáil Guernica, baile i dTír na mBascach sa Spáinn, ag aerfhórsaí Naitsíocha na Gearmáine agus Faisisteacha na hIodáile le linn Chogadh Cathartha na Spáinne."
"Déan na húrscéalta seo a leanas a ghrúpáil de réir a n-údar faoi seach: 1984, Moby Dick, The Great Gatsby, Animal Farm, The Old Man and the Sea, The Sun Also Rises.",,"George Orwell: 1984, Animal Farm
Ernest Hemingway: The Old Man and the Sea, The Sun Also Rises
F. Scott Fitzgerald: The Great Gatsby
Herman Melville: Moby Dick"
Cad iad na ceithre bhunfhórsa nádúir?,,"Is iad na ceithre bhunfhórsa nádúir ná an imtharraingt, an leictreamhaighnéadas, an fórsa núicléach láidir, agus an fórsa núicléach lag."
Cathain a críochnaíodh Foirgneamh an Empire State go hoifigiúil?,"Is é Foirgneamh an Empire State túrscála Art Deco 102 urlár i gCeantar Lár na Cathrach Manhattan, Cathair Nua-Eabhrac. Dhear Shreve, Lamb, agus Harmon é agus críochnaíodh go hoifigiúil é ar an 11 Aibreán, 1931. Ag seasamh ag 1,454 troigh (443 m) ar airde, ba é an foirgneamh is airde ar domhan é ar feadh beagnach 40 bliain.","Críochnaíodh Foirgneamh an Empire State go hoifigiúil ar an 11 Aibreán, 1931."
"Athscríobh an míniú seo a leanas ar éifeacht Coriolis do lucht féachana 10 mbliana d'aois, ag úsáid analaí a bhaineann le timpeallán nó cluiche clós súgartha.","Déanann éifeacht Coriolis cur síos ar dhiallú rudaí (amhail sruthanna aeir nó sruthanna aigéin) atá ag gluaiseacht laistigh de fhráma tagartha rothlaigh. Ar an Domhan, is cúis leis an éifeacht seo go gcuireann gaotha agus sruthanna lúbadh deiseal sa Leathsféar Thuaidh agus frith-deiseal sa Leathsféar Theas. Tá an diallú seo ingearach le treo na gluaiseachta agus i gcomhréir le luas an ruda agus ráta rothlaithe an Domhain. Cé go bhfuil sé ríthábhachtach do chórais aimsire ar scála mór, tá éifeacht Coriolis neamhbhríoch do ghluaiseachtaí ar scála beag, mar shampla uisce ag casadh síos draein.","Samhlaigh go bhfuil tú ag imirt caith ar thimpeallán ollmhór, ag casadh (sin é an Domhan!). Má dhéanann tú iarracht liathróid a chaitheamh díreach chuig do chara trasna an turais, ní rachaidh an liathróid díreach. Faoin am a shroicheann an liathróid an lár, tá an turas casadh beagán, agus is cosúil go gcuireann an liathróid lúbadh uait. An fórsa lúbtha sin—atá láidir go leor chun gaotha ollmhóra agus sruthanna aigéin a lúbadh—is é éifeacht Coriolis é. Brúnn sé rudaí i dtreo na láimhe deise (deiseal) i gcónaí má tá tú ag seasamh sa leath uachtarach den domhan, agus i dtreo na láimhe clé (frith-deiseal) má tá tú sa leath íochtarach."
Cad é cuspóir Thástáil Turing?,,"Is modh é Tástáil Turing, a mhol Alan Turing i 1950, chun a chinneadh an bhfuil meaisín in ann iompar cliste atá comhionann le, nó do-aitheanta ó, iompar duine daonna a léiriú. Baineann sé le breitheamh daonna ag comhrá trí théacs le dhá aonán nach bhfeictear: duine amháin agus meaisín amháin. Mura féidir leis an mbreitheamh a insint go hiontaofa cé acu an meaisín agus cé acu an duine, deirtear gur éirigh leis an meaisín sa tástáil, rud a léiríonn intleacht shaorga."
Cad iad na príomhdhúshláin struchtúracha agus lóistíochta atá ag cur bac ar spleáchas domhanda láithreach ar fhoinsí fuinnimh in-athnuaite 100%?,,"Tá trí phríomhbhaic struchtúracha agus lóistíochta idirnasctha roimh an aistriú chuig fuinneamh in-athnuaite 100%: éagobhsaíocht agus stóráil, nuachóiriú bonneagair an ghreille, agus srianta slabhra soláthair ábhar criticiúil.

Ar an gcéad dul síos, tá bunús leis an tsaincheist maidir le héagobhsaíocht agus stóráil. Tá cumhacht gréine agus gaoithe athraitheach de réir nádúir—ní ghineann siad cumhacht ach amháin nuair a bhíonn an ghrian ag taitneamh nó an ghaoth ag séideadh. Chun soláthar cobhsaí fuinnimh a choinneáil ar feadh an lae, tá gá le réitigh stórála fuinnimh ollmhóra, an-éifeachtúla, agus scaipthe go domhanda. Tá easpa ar chumas agus ar fhad saoil na teicneolaíochta ceallraí reatha, cé go bhfuil sí ag feabhsú go tapa, chun tréimhsí fada de ghiniúint íseal a láimhseáil thar ilchríocha iomlána gan costas iomarcach.

Ar an dara dul síos, dearadh ailtireacht an ghreille leictreachais atá ann cheana féin, go háirithe i náisiúin fhorbartha, le haghaidh giniúint cumhachta láraithe, intuartha (cosúil le gléasraí guail nó núicléacha). Tá córas atá go hiomlán in-athnuaite an-scaipthe, lena mbaineann na milliúin gineadóirí ar scála beag. Éilíonn sé seo uasghrádú ollmhór ar theicneolaíocht an ghreille chliste atá in ann sreabhadh fuinnimh dhá bhealach a láimhseáil, ualaí an-athraitheacha a chothromú go dinimiciúil, agus athléimneacht a chinntiú i gcoinne luaineachtaí cumhachta ar mhórscála. Tá costas agus castacht rialála an athchóirithe seo ollmhór.

Ar deireadh, tugann an t-aistriú srianta nua ar shlabhra soláthair ábhar isteach. Éilíonn táirgeadh an líon ollmhór painéal gréine, tuirbíní gaoithe, agus cadhnraí ar scála fóntais a theastaíonn le haghaidh aistriú domhanda, cainníochtaí ollmhóra de mhianraí criticiúla, lena n-áirítear litiam, cóbalt, nicil, agus eilimintí cré annamh. Cuireann an cumas mianadóireachta reatha, an bonneagar scagtha, agus an chobhsaíocht gheopholaitiúil atá ag teastáil chun na hábhair seo a mhéadú go tapa agus go hinbhuanaithe, bacainní suntasacha lóistíochta chun cinn, rud a d'fhéadfadh spleáchas a aistriú ó tháirgeoirí ola agus gáis go náisiúin atá saibhir ó thaobh mianraí de."
Cé dó a gcuirtear aireagán an Ghréasáin Dhomhanda síos?,,Tim Berners-Lee
Mínigh príomh-mhisean agus stair NASA.,,"Is í NASA, an Riarachán Náisiúnta Aerloingseoireachta agus Spáis, gníomhaireacht rialtais na Stát Aontaithe atá freagrach as clár spáis sibhialta na tíre, chomh maith le taighde aerloingseoireachta agus aeraspáis. Sainmhínítear a misean mar fhionnachtain a spreagadh, eolas a leathnú, agus an spás a fhiosrú ar mhaithe leis an gcine daonna.

Bunaíodh NASA ar an 29 Iúil, 1958, ag an Uachtarán Dwight D. Eisenhower tríd an Acht Náisiúnta Aerloingseoireachta agus Spáis, ag teacht in áit an Choiste Chomhairligh Náisiúnta um Aerloingseoireacht (NACA). Freagra díreach ab ea a bunú ar sheoladh Sputnik 1 ag an Aontas Sóivéadach i 1957, rud a chuir tús leis an Rás Spáis.

Go stairiúil, bhain NASA rath tapa amach i spás-eitilt dhaonna. I measc na gclár luath bhí Tionscadal Mercury (a chuir na chéad Meiriceánaigh sa spás) agus Tionscadal Gemini (a d'fhorbair teicnící criticiúla teagmhála agus dugaí fithise). Is é an Tionscadal Apollo fós an éacht is cáiliúla de chuid NASA, a d'éirigh leis na chéad daoine a thabhairt i dtír ar an nGealach le Apollo 11 i mí Iúil 1969. Tar éis Apollo, d'fhorbair NASA an clár Inmhalartaithe Spásárthaí (1981–2011) agus threoraigh sé iarrachtaí idirnáisiúnta chun an Stáisiún Spáis Idirnáisiúnta (SSI) a thógáil agus a chothabháil.

Thar spás-eitilt dhaonna, bainistíonn NASA mór-iarrachtaí eolaíochta, lena n-áirítear imscaradh go leor taiscéalaithe róbatacha (amhail misin Voyager, Galileo, agus Cassini) agus réadlanna spáis (amhail Teileascóip Spáis Hubble agus James Webb), atá ríthábhachtach do thaighde i nEolaíocht an Domhain, héilifisic, eolaíocht phláinéadach, agus réaltfhisic. Faoi láthair, is é Tionscadal Artemis príomhfhócas NASA, a bhfuil sé mar aidhm aige daoine a chur ar ais ar an nGealach mar réamhtheachtaí d'eachtraí le foireann ar Mhars sa deireadh."
"Cén pláinéad a bhfuil aithne air as ucht éifeacht cheaptha teasa theifigh a bheith aige, rud a fhágann gurb é an pláinéad is teo sa ghrianchóras é?",,Véineas
"Mínigh na príomhdhifríochtaí idir Eolaíocht Sonraí agus Meaisínfhoghlaim, agus conas a bhaineann siad lena chéile i gcomhthéacs gnó.",,"Cé go n-úsáidtear go hidirmhalartach go minic iad, is disciplíní ar leith ach forluiteacha iad Eolaíocht Sonraí (ES) agus Meaisínfhoghlaim (MF). Go bunúsach, is éard atá i Meaisínfhoghlaim ná sraith teicnící agus uirlisí a thagann faoi scáth níos leithne Eolaíocht Sonraí.

### Eolaíocht Sonraí (An Disciplín Scáthúil)

Is réimse iomlánaíoch í Eolaíocht Sonraí a dhíríonn ar an bpróiseas iomlán chun eolas agus léargais a bhaint as sonraí—struchtúrtha nó neamhstruchtúrtha. Cuimsíonn sé anailís staidrimh, léirshamhlú sonraí, saineolas fearainn, agus scileanna cumarsáide.

*   **Sprioc:** Sonraí a anailísiú chun tuiscint a fháil ar *cén fáth* ar tharla rud éigin (anailísíocht thuairisciúil) agus chun comhairle a thabhairt maidir le straitéis ghnó bunaithe ar na léargais sin.
*   **Fócas:** Frámaíocht fadhbanna, glanadh/ullmhú sonraí (ETL), infeiris staidrimh, agus scéalaíocht/léirshamhlú.
*   **Scileanna:** Cúlra láidir staidrimh, géarchúis ghnó, cumarsáid, SQL, uirlisí léirshamhlaithe, agus cláir bhunúsacha.

### Meaisínfhoghlaim (An Sraith Uirlisí)

Is fo-réimse den intleacht shaorga í an Mheaisínfhoghlaim a dhíríonn ar algartaim a thógáil a fhoghlaimíonn patrúin ó shonraí chun tuar nó aicmiú a dhéanamh gan iad a chlárú go sainráite.

*   **Sprioc:** Múnlaí a fhorbairt, a oiliúint, agus a bharrfheabhsú a thugann freagra ar an gceist, '*Cad a tharlóidh ina dhiaidh seo?*' (anailísíocht thuarthach) nó '*Conas ba chóir dúinn é seo a chatagóiriú?*' (anailísíocht fhorordaitheach).
*   **Fócas:** Roghnú algartam (m.sh., domhainfhoghlaim, cúlchéimniú, braisliú), tiúnadh samhla, innealtóireacht gnéithe, agus imscaradh.
*   **Scileanna:** Ard-mhatamaitic, barrfheabhsú algartam, cláir láidre (Python/R), agus éifeachtúlacht ríomhaireachtúil.

### An Gaol Cleachtach

I gcomhthéacs gnó, is minic gurb é an tEolaí Sonraí an té a shainaithníonn an fhadhb ghnó (m.sh., 'Ní mór dúinn coraíocht custaiméirí a laghdú') agus a chinneann an bhfuil réiteach MF riachtanach. Bailíonn, glanann, agus ullmhaíonn siad na sonraí. Is é an chomhpháirt Meaisínfhoghlama an t-inneall algartaim sonrach a úsáideann siad (m.sh., cúlchéimniú lóighisteach nó líonra néarúil) chun a thuar cé na custaiméirí ar dócha go n-imeoidh siad. Déanann an tEolaí Sonraí ansin aschur an mhúnla a léirmhíniú agus na himpleachtaí straitéiseacha a chur in iúl do pháirtithe leasmhara."
Mínigh coincheap an idirnasctha chandamaigh.,,"Is feiniméan fisiciúil é an t-idirnascnamh candamach ina nascann dhá cháithnín nó níos mó le chéile sa chaoi go roinneann siad an cinniúint chéanna, beag beann ar an bhfad eatarthu. Nuair atá siad idirnasctha, bíonn staideanna candamacha na gcáithníní (amhail casadh nó polarú) comhghaolaithe go hiomlán.

Má dhéantar tomhas ar cháithnín amháin, socraítear staid an cháithnín eile láithreach, fiú má tá sé na mílte solasbhliain i gcéin. Thug Albert Einstein 'gníomh scanrúil i bhfad uainn' ar an gcomhghaolú meandracha seo, toisc go bhfuil an chuma air go sáraíonn sé an teorainn luais chlasaiceach na cruinne (luas an tsolais).

Go ríthábhachtach, ní cheadaíonn an t-idirnascnamh cumarsáid níos tapúla ná an solas, toisc go bhfuil toradh tomhais an chéad cháithnín dóchúlachtúil agus randamach go dtí go ndéantar é a bhreathnú. Is croíchuid é de theicneolaíochtaí atá ag teacht chun cinn cosúil le ríomhaireacht chandamach agus cripteagrafaíocht chandamach."
"Ón liosta ainmhithe seo a leanas, aithin gach speiceas atá rangaithe mar mhamach: Siorc, Piongain, Deilf, Nathair, Ialtóg, Damhán Alla, Eilifint, Loscán.",,"Is iad na hainmhithe ar an liosta atá rangaithe mar mhamach ná an Deilf, an Ialtóg, agus an Eilifint."
"Déan anailís ar na sonraí foilsitheoireachta a cuireadh ar fáil. Aithin na húrscéalta uile a foilsíodh in 2023 ar sháraigh a ndíolachán iomlán (clúdach crua + ríomhleabhar) 300,000 cóip. Liostaigh na torthaí ag baint úsáide as an bhformáid {Teideal} | {Líon Iomlán na nDíolachán} i liosta atá deighilte le leathstad.","Chuir an chéad úrscéal d'Údar A, 'Shadows of Eldoria,' a foilsíodh i R1 2023, 150,000 cóip i gclúdach crua agus 80,000 i bhformáid ríomhleabhair. Shroich a n-úrscéal leantach, 'The Silent City,' a eisíodh i R4 2023, 210,000 díolachán clúdach crua agus 120,000 díolachán ríomhleabhair. D'eisigh Údar B, a dhéanann speisialtóireacht i neamhfhicsean, 'Deep Dive History' (R2 2023), ag díol 95,000 cóip (fisiceach amháin). Is é 'Future Tech Today' (R1 2024) an díoltóir is airde ag B, atá neamhfhicsean freisin, agus dhíol sé 350,000 aonad (180,000 fisiceach, 170,000 ríomhleabhar). Níl suim againn ach in úrscéalta a foilsíodh in 2023 ar sháraigh a líon iomlán díolachán 300,000 cóip.","The Silent City | 330,000"
Cad iad na croídhifríochtaí agus na buntáistí a bhaineann le lionsaí príomha i gcomparáid le lionsaí súmacha sa ghrianghrafadóireacht?,,"Tá fad fócasach seasta ag lionsa príomha (m.sh., 50mm nó 85mm), ach tá fad fócasach athraitheach ag lionsa súmacha a ligeann don ghrianghrafadóir formhéadú a athrú gan bogadh (m.sh., 24-70mm). De ghnáth, tugann simplíocht optúil lionsaí príomha roinnt buntáistí teicniúla dóibh thar lionsaí súmacha. Is minic a bhíonn lionsaí príomha i bhfad níos géire ar fud an fhráma toisc go ndéantar a gcuid eilimintí inmheánacha a bharrfheabhsú le haghaidh aon fhoirmhéadú ar leith. Tairgeann siad freisin, go ginearálta, uascró oscailte níos 'gasta' (uimhir f níos ísle, mar shampla f/1.4), a ligeann níos mó solais isteach sa cheamara, rud a chumasaíonn feidhmíocht níos fearr i gcoinníollacha ísle solais agus a sholáthraíonn doimhneacht allamuigh níos éadoimhne chun an cúlra a scaradh (bokeh). De ghnáth, bíonn lionsaí príomha níos lú agus níos éadroime freisin. Ar an taobh eile, tugann lionsaí súmacha tús áite don solúbthacht. Cé go mb’fhéidir go bhfuil siad níos moille go optúil nó beagán níos lú géire ná lionsa príomha coibhéiseach ag an bhfad fócasach céanna, is rud riachtanach iad an cumas lionsa amháin a iompar a chlúdaíonn ilchásanna lámhaigh d’fhótagrafaithe imeachtaí agus dóibh siúd a dteastaíonn solúbthacht chomhdhéanaimh thapa uathu."
Cad iad na príomhdhileamaí eiticiúla a bhaineann le húsáid theicneolaíocht eagarthóireachta géine CRISPR i ndaoine?,,"Díríonn na príomhdhileamaí ar eagarthóireacht gaiméite (athruithe a chuirtear ar aghaidh chuig glúnta amach anseo, ag ardú imní faoi 'leanbh dearthóra' a chruthú), ar eagarthóireacht cille sómataí (nach bhfuil chomh conspóideach, ach a bhfuil riosca ag baint leis fós), agus ar shaincheisteanna maidir le rochtain chothrom. Is é príomhimní amháin ná an poitéinseal maidir le neamhionannas sóisialta a dhéanamh níos measa mura bhfuil ach na daoine saibhre in acmhainn teiripí nó feabhsúcháin a íoc as, rud a d’fhágfadh srathú bitheolaíoch."
"Aithin príomhchathair gach ceann de na tíortha seo a leanas: An Fhrainc, An tSeapáin, An Bhrasaíl, Ceanada, An Astráil.",,"An Fhrainc: Páras
An tSeapáin: Tóiceo
An Bhrasaíl: Brasília
Ceanada: Ottawa
An Astráil: Canberra"
Liostaigh na cúig ghealach is mó sa Chóras Gréine de réir trastomhais.,,"Seo iad na cúig ghealach is mó sa Chóras Gréine, liostaithe de réir trastomhais ag laghdú:
- Ganymede (Iúpatar)
- Tíotán (Satairn)
- Callisto (Iúpatar)
- Íó (Iúpatar)
- Gealach an Domhain"
Ar athraigh obair eolaíoch Marie Curie go bunúsach tírdhreach na fisice agus an leighis?,"Eolaí Polannach agus eolaí Francach de chuid an nádúraithe ab ea Marie Skłodowska Curie, fisiceoir agus ceimiceoir a rinne taighde ceannródaíoch ar an radaighníomhaíocht. Ba í an chéad bhean a bhuaigh Duais Nobel, an chéad duine agus an t-aon bhean a bhuaigh Duais Nobel faoi dhó, agus an t-aon duine a bhuaigh Duais Nobel i dhá réimse eolaíochta éagsúla (Fisic i 1903, Ceimic i 1911). I measc a cuid éachtaí tá forbairt theoiric na radaighníomhaíochta, teicnící chun iseatóip radaighníomhacha a leithlisiú, agus fionnachtain dhá dhúil, poilóiniam agus raidiam. Faoina stiúir, rinneadh an chéad staidéar ar domhan ar fhisic núicléach. Le linn an Chéad Chogadh Domhanda, bhunaigh sí aonaid raidióghrafaíochta shoghluaiste, ar a dtugtar 'petites Curies,' chun seirbhísí X-gha a sholáthar d'ospidéil allamuigh, ag sábháil an-chuid beatha.","Tá, d'athraigh a cuid oibre an dá réimse go drámatúil. Ní hamháin gur fhorbair sí teoiric na radaighníomhaíochta agus gur fhoilsigh sí dhá dhúil (poilóiniam agus raidiam)—ag tuilleamh dhá Dhuais Nobel di i réimsí eolaíochta ar leith—ach léirigh sí freisin feidhmeanna leighis láithreacha a cuid fionnachtana trí aonaid X-gha shoghluaiste a chur i bhfeidhm le linn an Chéad Chogadh Domhanda."
"Déan athbhreithniú ar an liosta seo a leanas de bhunábhair spáis. Cé acu trí cinn díobh, tar éis iad a oscailt, nach mór a stóráil sa chuisneoir chun milleadh a chosc?","Ola olóige, Anlann soighe, Mil, Síoróip Mhailpe, Maonáis, Im Peanut (próiseáilte), Cainseap.","Is iad na trí rud a éilíonn cuisniú go hiomlán tar éis iad a oscailt ná an Mhaonáis, an Cainseap, agus an tAnlann Soighe. Cé go mbaineann Síoróip Mhailpe agus Im Peanut tairbhe as stóráil fhuar, is iondúil go mbíonn siad seasmhach ar sheilf; Ba chóir Ola Olóige agus Mil a choinneáil ag teocht an tseomra i gcónaí."
"De réir an téacs a cuireadh ar fáil, cé a chum an Gréasán Domhanda, agus cén institiúid ar bhain sé léi le linn é a chruthú?","Is é Sir Tim Berners-Lee, eolaí ríomhaireachta Sasanach, a chum an Gréasán Domhanda (WWW) nuair a bhí sé ag obair ag CERN (An Eagraíocht Eorpach um Thaighde Núicléach) san Eilvéis. Scríobh Berners-Lee togra i Márta 1989 a leag amach córas bainistíochta faisnéise. Chuir sé i bhfeidhm níos déanaí an chéad chumarsáid rathúil idir cliant agus freastalaí Prótacal Aistrithe Hipirtéacs (HTTP) tríd an idirlíon thart ar an Nollaig 1990. Ba é http://info.cern.ch/ an chéad seoladh suímh gréasáin.",Chum Sir Tim Berners-Lee an Gréasán Domhanda nuair a bhí sé ag obair ag CERN (An Eagraíocht Eorpach um Thaighde Núicléach).
Cad iad na tréithe uathúla atá ag Marie Curie maidir le Duais Nobel?,"Marie Skłodowska Curie (a rugadh Maria Salomea Skłodowska; 7 Samhain, 1867 – 4 Iúil, 1934) fisiceoir agus ceimiceoir Polannach agus Frainceach (trí nádúrú) a rinne taighde ceannródaíoch ar an radaighníomhaíocht. Ba í an chéad bhean í a bhuaigh Duais Nobel, an chéad duine agus an t-aon bhean amháin a bhuaigh Duais Nobel faoi dhó, agus an t-aon duine amháin a bhuaigh Duais Nobel i dhá réimse eolaíochta.","Ba í Marie Curie an chéad bhean a bhuaigh Duais Nobel, an chéad duine agus an t-aon bhean amháin a bhuaigh Duais Nobel faoi dhó, agus an t-aon duine amháin a bhuaigh Duais Nobel i dhá réimse eolaíochta éagsúla."
"Ón téacs a cuireadh ar fáil, ná liostaigh ach ainmneacha na róbairí (rovers) Marsa agus na blianta tuirlingthe faoi seach. Cuir an liosta amach go croineolaíoch ón gceann is luaithe go dtí an ceann is déanaí, ag úsáid na formáide: Ainm an Róibín (Bliain).","Is é Mars, an ceathrú pláinéad ón Ghrian, pláinéad créafógach le hatmaisféar tanaí. Bhí roinnt mór-mhisin lárnach ina thaiscéalaíocht. Shroich na tuirlingtheoirí Viking 1 agus 2 an dromchla i 1976. I 1997, d'éirigh le misean Pathfinder de chuid NASA an róbó Sojourner a imscaradh. Ina dhiaidh sin, thuirling na róbairí Spirit agus Opportunity in 2004, a dearadh le haghaidh staidéar geolaíoch fadtéarmach. Le déanaí, thuirling an róbó Perseverance i gCráitéar Jezero in 2021, agus héileacaptar Ingenuity á iompar aige, an chéad aerárthach faoi thiomáint ar shaol eile. I measc na misin atá beartaithe amach anseo tá an misean Mars Sample Return (MSR), a bhfuiltear ag súil leis timpeall 2028.","Sojourner (1997), Spirit (2004), Opportunity (2004), Perseverance (2021)"
Cad iad na céimeanna riachtanacha chun litir chlúdaigh fíor-tharraingteach a scríobh?,,"Díríonn litir chlúdaigh tharraingteach ar an léitheoir, ní ar an scríbhneoir amháin. Lean na céimeanna seo:

1. **Taighde Domhain & Saincheapadh:** Ná húsáid teimpléad cineálach riamh. Déan taighde críochnúil ar chultúr na cuideachta, ar an misean, agus ar na riachtanais shonracha atá leagtha amach sa chur síos poist. Luaigh éacht nó tionscadal cuideachta le déanaí chun fíor-spéis a léiriú.
2. **An Tarraingt Láidir:** Caithfidh an mhír oscailte aird a tharraingt láithreach. Ná tosú le 'Is é mo ainm...' Ina ionad sin, luaigh cén fáth a bhfuil tú cáilithe go huathúil agus ar bís faoin ról *sonrach* seo.
3. **Taispeáin, Ná Inis (Bain Úsáid as Méadracht):** In ionad a rá 'Tá scileanna láidre cumarsáide agam,' déan cur síos ar éacht ag baint úsáide as torthaí inchainníochtaithe (m.sh., 'D'fheabhsaigh mé coinneáil cliant 15% trí thuairisciú seachtainiúil réamhghníomhach').
4. **An Bhearna a Dhúnadh:** Ceangail go soiléir 2-3 de na príomhscileanna atá agat go díreach le príomhriachtanais an chur síos poist. Taispeáin conas a réitíonn tú *a gcuid* fadhbanna láithreacha.
5. **Dúnadh Gearr agus Glao chun Gníomhaíochta:** Críochnaigh go láidir trí do dhíograis a athdhearbhú agus an chéad chéim eile a mholadh (m.sh., 'Táim ag tnúth le plé a dhéanamh ar an gcaoi ar féidir le mo thaithí tairbhe láithreach a thabhairt don fhoireann'). Coinnigh an litir ar fad faoi bhun leathanach amháin."
Mínigh an croí-choincheap taobh thiar de cad chuige a raibh an páipéar 'Attention is All You Need' chomh réabhlóideach sin do mhúnlaí domhainfhoghlama cosúil le GPT.,,"Ba é an ghné réabhlóideach ná tabhairt isteach ailtireacht an Trasfhoirmeora, a thréig go hiomlán meicníochtaí próiseála seicheamhacha (cosúil le RNNanna agus LSTMama) i bhfabhar próiseála comhthreomhaí ag baint úsáide as an meicníocht Féin-Aire. Ligeann Féin-Aire don mhúnla tábhacht agus caidrimh idir gach comhartha i seicheamh ionchuir a mheá go meandrach agus ag an am céanna, beag beann ar a suíomh. Chuir an cumas seo feabhas mór ar láimhseáil spleáchais fhadtéarmacha, luasghéaraigh sé go suntasach amanna oiliúna trí chomhthreomhaíocht a cheadú ar GUPanna, agus rinne sé infheidhmithe an scálú suas ar mhúnlaí móra teanga nua-aimseartha."
Cén pláinéad is eol di as a córas fáinneach feiceálach? Iúpatar nó Satarn,,Satarn
Cé a cheap Python agus cén uair a thosaigh a fhorbairt go hoifigiúil?,"Ba é Guido van Rossum a cheap Python, teanga ríomhchlárúcháin ardleibhéil, idirphléite, den chéad uair sna 1980idí déanacha. Thosaigh an fhorbairt i mí na Nollag 1989 ag CWI san Ísiltír. Ainmnigh Van Rossum an tionscadal i ndiaidh an ghrúpa coiméide Briotanaigh Monty Python, mar go raibh sé ag léamh scripteanna *Monty Python's Flying Circus* ag an am. Eisíodh Python 1.0 i mí Eanáir 1994. Rud ríthábhachtach, cuireann a fhealsúnacht dearaidh béim ar inléiteacht an chóid, go háirithe trí úsáid a bhaint as spás bán suntasach.","Ba é Guido van Rossum a cheap Python, agus thosaigh an fhorbairt i mí na Nollag 1989."
Cén bhliain ar eisíodh an fhoraithne a bhí scríofa ar an gCloch Rosetta?,"Fionnlaíodh an Chloch Rosetta, eochair chun hiaróglyfaí na hÉigipteacha a dhíchódú, sa bhliain 1799 ag saighdiúir Francach darbh ainm Pierre-François Bouchard le linn fheachtas na hÉigipte a bhí ar siúl ag Napoleon. Tá an fhoraithne chéanna scríofa trí huaire inti, ach i dtrí scriopt éagsúla: hiaróglamach, scriopt Déamótach (an gnáth-scriopt Éigipteach ag an am), agus an tSean-Ghréigis. Ós rud é gur thuig scoláirí an tSean-Ghréigis, chuir na téacsanna comhthreomhara an mheicníocht ar fáil chun an córas scríbhneoireachta Éigipteach a bhí caillte le fada a aistriú faoi dheireadh. Téann an fhoraithne féin siar go dtí 196 R.Ch., eisithe i Memphis ag comhairle sagart, agus tugann sí ómós do Tholamaes V.",196 R.Ch.
Cad iad na leideanna is fearr chun bagáiste cábáin amháin a phacáil do thuras seachtaine?,,"Tosaigh trí éadaí a phleanáil bunaithe ar phíosaí neodracha, inmhalartacha. Bain úsáid as ciúbanna pacála chun éadaí a chomhbhrú agus fanacht eagraithe. Déan do chuid éadaí a rolladh i gcónaí in áit iad a fhilleadh chun spás a shábháil agus roic a laghdú. Maidir le earraí maisíochta, aistrigh leachtanna isteach i mbuidéil in-athúsáidte de mhéid taistil (faoi bhun 3.4 unsa/100ml) agus braith ar earraí maisíochta soladacha cosúil le barraí seampú nuair is féidir."
"De réir an téacs, cad a tharla do theaghlach Narendra i 1884, agus cén toradh a bhí air?","Ba mhanach Hiondúch Indiach, fealsamh, údar, múinteoir reiligiúnach, agus príomhdhalta den mhisticeoir Indiach Sri Ramakrishna Paramahansa é Swami Vivekananda (/ˈswɑːmi ˌvɪveɪˈkɑːnəndə/; Beangáilis: [ʃami bibekanɔndo] (éist); 12 Eanáir 1863 – 4 Iúil 1902), a rugadh Narendranath Datta (Beangáilis: [nɔrendronatʰ dɔto]). Ba dhuine tábhachtach é i dtabhairt isteach Vedanta agus Yoga don domhan Thiar agus tugtar creidiúint dó as feasacht idirchreidmheach a ardú, agus as an Hiondúchas a thabhairt go stádas mór-reiligiún domhanda. D'éirigh Vivekananda ina dhuine mór le rá tar éis Pharlaimint na Reiligiún i Chicago sa bhliain 1893, áit ar thosaigh sé a óráid cháiliúil leis na focail, ""A dheirfiúracha agus a dheartháireacha Mheiriceá...,"" sular thug sé an Hiondúchas isteach do mhuintir Mheiriceá. Bhí a thionchar chomh mór sin ag an bParlaimint gur chuir nuachtán Meiriceánach síos air mar “óráidí de cheart diaga agus gan amhras an figiúr is mó ag an bParlaimint”. Tar éis rath mór ag an bParlaimint, sna blianta ina dhiaidh sin, thug Vivekananda na céadta léacht ar fud na Stát Aontaithe, Shasana agus na hEorpa, ag scaipeadh phríomhtheagasc fhealsúnacht an Hiondúchais, agus bhunaigh sé Cumann Vedanta Nua-Eabhrac agus Cumann Vedanta San Francisco (ar a dtugtar anois Cumann Vedanta Thuaisceart California), agus is iad an dá cheann sin a bhí mar bhunús do Chumainn Vedanta san Iarthar.

I 1881, bhuail Narendra le Ramakrishna den chéad uair, a d'éirigh mar lárionad spioradálta dó tar éis dá athair féin bás a fháil i 1884.

Tharla an chéad chur in aithne a rinneadh ar Ramakrishna do Narendra i rang litríochta in Institiúid an Tionóil Ghinearálta nuair a chuala sé an tOllamh William Hastie ag léachtú ar dhán William Wordsworth, The Excursion. Agus an focal ""trance"" (tráinsí/taibhreamh) sa dán á mhíniú aige, mhol Hastie dá chuid mac léinn cuairt a thabhairt ar Ramakrishna de Dakshineswar chun fíorbhrí an fhocail a thuiscint. Spreag sé seo cuid dá chuid mac léinn (Narendra san áireamh) chun cuairt a thabhairt ar Ramakrishna.

Is dócha gur bhuail siad le chéile go pearsanta den chéad uair i mí na Samhna 1881,[nóta 1] cé nár mheas Narendra gurb é sin a gcéad chruinniú, agus níor luaigh ceachtar den bheirt an cruinniú seo níos déanaí. Ag an am seo, bhí Narendra ag ullmhú dá scrúdú F. A. a bhí le teacht, nuair a chuaigh Ram Chandra Datta leis go teach Surendra Nath Mitra, áit ar tugadh cuireadh do Ramakrishna léacht a thabhairt. De réir Makarand Paranjape, ag an gcruinniú seo d'iarr Ramakrishna ar Narendra óg canadh. Bhí an-mheas aige ar a chumas amhránaíochta, agus d'iarr sé ar Narendra teacht go Dakshineshwar.

I ndeireadh 1881 nó go luath i 1882, chuaigh Narendra go Dakshineswar le beirt chara agus bhuail sé le Ramakrishna. Bhí an cruinniú seo ina phointe casaidh ina shaol. Cé nach raibh sé toilteanach ar dtús glacadh le Ramakrishna mar a mhúinteoir agus gur chuir sé i gcoinne a chuid smaointe, bhí tarraingt aige ar a phearsantacht agus thosaigh sé ag tabhairt cuairteanna go minic air ag Dakshineswar. Ar dtús, chonaic sé ecstasies agus físeanna Ramakrishna mar ""fhigiúirí simplí samhlaíochta"" agus ""siabhráin"". Mar bhall de Brahmo Samaj, chuir sé i gcoinne adhradh íol, iliteachas agus adhradh Kali a bhí á dhéanamh ag Ramakrishna. Rinne sé diúltú fiú don Advaita Vedanta maidir le ""féiniúlacht leis an iomlán"" mar dhíbirt agus mar ghealtacht, agus is minic a rinne sé magadh faoin smaoineamh. Rinne Narendra tástáil ar Ramakrishna, a d'fhéach go foighneach lena chuid argóintí: ""Déan iarracht an fhírinne a fheiceáil ó gach uillinn,"" a d'fhreagair sé.

D'fhág bás tobann athair Narendra i 1884 an teaghlach bancbhriste; thosaigh creidiúnaithe ag éileamh go n-aisíocfaí iasachtaí, agus bhagair gaolta an teaghlach a dhíbirt as a dteach sinsearach. D'éirigh Narendra, a bhí tráth ina mhac ag teaghlach rachmasach, ar cheann de na mic léinn ba bhoichte sa choláiste. Rinne sé iarracht obair a fháil, ach theip air, agus chuir sé amhras ar bheith ann Dé, ach fuair sé sólás i Ramakrishna agus mhéadaigh a chuairteanna ar Dakshineswar.

Lá amháin, d'iarr Narendra ar Ramakrishna guí chun na bandia Kali ar son leasa airgeadais a theaghlaigh. Mhol Ramakrishna dó dul chuig an teampall é féin agus guí. Tar éis moladh Ramakrishna, chuaigh sé go dtí an teampall trí huaire, ach theip air guí ar son aon chineál riachtanais shaolta agus sa deireadh ghuigh sé ar son fíor-eolas agus díograis ón bandia. D'éirigh Narendra réidh de réir a chéile chun gach rud a thréigean ar mhaithe le Dia a bhaint amach, agus ghlac sé le Ramakrishna mar a Ghiúró.

I 1885, d'fhorbair Ramakrishna ailse scornach, agus aistríodh é go Calcutta agus (níos déanaí) go teach gairdín i Cossipore. Thug Narendra agus deisceabail eile Ramakrishna aire dó le linn a laethanta deireanacha, agus lean oideachas spioradálta Narendra ar aghaidh. I Cossipore, bhain sé amach Nirvikalpa samadhi. Fuair Narendra agus roinnt deisceabal eile róbaí ócar ó Ramakrishna, ag bunú a chéad ord mainistreach. Múineadh dó gurb é seirbhís do dhaoine an t-adhradh is éifeachtaí do Dhia. D'iarr Ramakrishna air aire a thabhairt do na deisceabail mainistreach eile, agus d'iarr sé orthu Narendra a fheiceáil mar a gceannaire. Fuair Ramakrishna bás go luath ar maidin an 16 Lúnasa 1886 i Cossipore.","Fuair athair Narendra bás go tobann i 1884, rud a d'fhág an teaghlach bancbhriste. Mar thoradh air sin, d'éiligh creidiúnaithe go n-aisíocfaí iasachtaí, agus bhagair gaolta iad a dhíbirt as a dteach sinsearach."
"Cé na príomheachtraí agus na teicneolaíochtaí ba chúis le bunú an Idirlín nua-aimseartha, bunaithe ar an téacs atá tugtha?","Tá bunús an Idirlín suite i bhforbairt na lascadh paicéad agus i gcruthú ARPANET (Líonra Gníomhaireachta Tionscadal Taighde Casta). Cheap J.C.R. Licklider ó MIT é go luath sna 1960idí, agus tionscadal a bhí in ARPANET a mhaoinigh Roinn Cosanta S.A. ar dtús. Seoladh an chéad teachtaireacht thar ARPANET ar an 29 Deireadh Fómhair 1969, idir an tsaotharlann eolaíochta ríomhaireachta in UCLA agus Institiúid Taighde Stanford (SRI). Ba cheart gurbh é 'LOGIN' an teachtaireacht, ach theip ar an gcóras tar éis an chéad dá litir, 'LO'. I 1971, cheap Ray Tomlinson an ríomhphost, forbairt a d'éirigh go tapa an chéad fheidhmchlár fíor-choitianta. Rinneadh caighdeánú ar an bprótacal a shainigh struchtúr an Idirlín nua-aimseartha sa deireadh, TCP/IP (Transmission Control Protocol/Internet Protocol), i 1978 ag Vint Cerf agus Bob Kahn. Stop ARPANET go hoifigiúil i 1990, ach bhí a theicneolaíocht bhunúsach agus creat TCP/IP tar éis an bonn a leagan síos cheana féin don Ghréasán Domhanda, a thug Tim Berners-Lee isteach ina dhiaidh sin i 1991.","Thosaigh bunú an Idirlín nua-aimseartha le forbairt na lascadh paicéad agus ARPANET, ar mhaoinigh Roinn Cosanta S.A. é. I measc na bpríomhfhorbairtí teicneolaíocha bhí an chéad teachtaireacht a seoladh thar ARPANET i 1969, aireagán an ríomhphoist ag Ray Tomlinson i 1971, agus caighdeánú TCP/IP ag Vint Cerf agus Bob Kahn i 1978. Leag creat TCP/IP seo an bunús don Ghréasán Domhanda, a thug Tim Berners-Lee isteach i 1991."
"Aithin an bhfuil na hainmhithe seo a leanas ina mamaigh nó ina reiptílí: Platapas, Crogall.",,"Is mamach é an Platapas, agus is reiptíl é an Crogall."
Cad é an baol is mó atá roimh an gcine daonna i dtaca le forbairt tapa na hIntleachta Saorga?,,"Is é an baol is mó nach é go ndúiseoidh an IS agus go gcinnfidh sé deireadh a chur linn, ach go bhfásfaidh creimeadh ciúin, mailíseach chuspóir an duine agus oll-láraithe cumhachta. Nuair a dhéantar saothar intleachtúil a uathoibriú go hiomlán, cad a fhanfaidh don chuid is mó den daonra? Tá an baol ann go gcruthófar 'aicme neamhúsáideach,' atá ag brath go hiomlán ar dheaghthoil an bheagáin eintiteas a rialaíonn na córais sár-intleachtacha. Ina theannta sin, téann luas fhorbairt na teicneolaíochta seo thar chreataí rialála agus maoirseacht dhaonlathach. Táimid ag tabhairt eochracha na huasmhaithe domhanda d'éifeachtach do chórais a bhféadfadh a bpríomhfheidhmeanna cuspóirí a bheith mar chúis le dochar don duine de thaisme, go simplí toisc go bhfuil na cuspóirí sin sainmhínithe go cúng (m.sh., uasbhrabús a bhaint amach, uaséifeachtúlacht a bhaint amach). Is é an fíorbhaol ná cailliúint féinrialaithe agus cruthú domhain ina meastar go bhfuil cinnteoireacht an duine slopach, mall, agus neamhriachtanach. Ní mór dúinn a chinntiú, de réir mar a thógann muid meaisíní níos cliste, go dtabharfaidh muid tús áite ag an am céanna do chaomhnú chruthaitheacht an duine, d'ionbhá, agus do rialú díláraithe, nó malartóimid an dul chun cinn ar shclábhaíocht."
Déan liosta de na blianta agus na réimsí eolaíochta comhfhreagracha inar bhuaigh Marie Curie Duaiseanna Nobel.,"Marie Salomea Skłodowska Curie (rugadh Maria Salomea Skłodowska, 7 Samhain 1867 – 4 Iúil 1934) ab ea fisiceoir agus ceimiceoir Polannach agus Fhrancach a rinne taighde ceannródaíoch ar an radaighníomhaíocht. Ba í an chéad bhean a bhuaigh Duais Nobel, an chéad duine agus an t-aon bhean a bhuaigh Duais Nobel faoi dhó, agus an t-aon duine a bhuaigh Duais Nobel in dhá réimse eolaíochta éagsúla. Ba í freisin an chéad bhean a bhí ina hollamh in Ollscoil Pháras. Sa bhliain 1903, roinn sí Duais Nobel na Fisice lena fear céile Pierre Curie agus leis an bhfisiceoir Henri Becquerel, as an gcomhthaighde a rinne siad ar na feiniméin radaíochta a d’aimsigh Becquerel. Sa bhliain 1911, bronnadh Duais Nobel na Ceimice uirthi as ucht na dúile raidiam agus polóiniam a aimsiú di.","1903 (Fisic), 1911 (Ceimic)"
Cad iad na héachtaí speisialta atá ag Marie Curie maidir le Duais Nobel?,"Ba fhisiceoir agus ceimiceoir Polannach agus Fraincisí nádúraithe í Marie Sklodowska Curie a rinne taighde ceannródaíoch ar an radaighníomhaíocht. Ba í an chéad bhean a bhuaigh Duais Nobel, an chéad duine agus an t-aon bhean amháin a bhuaigh Duais Nobel faoi dhó, agus an t-aon duine amháin a bhuaigh Duais Nobel i dhá réimse eolaíochta dhifriúla (Fisic agus Ceimic). Ba í freisin an chéad bhean ina hollamh in Ollscoil Pháras.","Ba í an chéad bhean a bhuaigh Duais Nobel, an chéad duine agus an t-aon bhean amháin a bhuaigh Duais Nobel faoi dhó, agus an t-aon duine amháin a bhuaigh Duais Nobel i dhá réimse eolaíochta dhifriúla (Fisic agus Ceimic)."
"Liostaigh an 5 phríomhscóróir is fearr i stair Chorn Domhanda FIFA, mar aon lena líon cúl agus a náisiúntacht.",,"1. Miroslav Klose (An Ghearmáin) - 16 cúil
2. Ronaldo (An Bhrasaíl) - 15 cúil
3. Gerd Müller (Iarthar na Gearmáine) - 14 cúil
4. Just Fontaine (An Fhrainc) - 13 cúil
5. Pelé (An Bhrasaíl) - 12 cúil"
"Bunaithe ar an téacs a cuireadh ar fáil, cad iad na ceithre ghné uathúla a chuirtear i leith ghealacha Galileacha? Déan do fhreagra a fhormáidiú mar liosta urchair.","Tá 95 ghealach deimhnithe go hoifigiúil ag Iúpatar, ach is iad na ceithre cinn is mó, ar a dtugtar na gealacha Galileacha, an ceann is cáiliúla. D'aimsigh Galileo Galilei iad seo sa bhliain 1610. Tá na gealacha, in ord a bhfad ag méadú ó Iúpatar: Io, Europa, Ganymede, agus Callisto. Is é Io an saol is gníomhaí ó thaobh bolcánachais de sa ghrianchóras. Tá Europa uathúil mar gheall ar a aigéan faoi thalamh uisce leachtaigh, rud a fhágann gur sprioc thábhachtach é do chuardaigh bheatha. Is é Ganymede an ghealach is mó, níos mó fós ná an pláinéad Mearcair, agus is í an t-aon ghealach í a bhfuil a réimse maighnéadach féin aici, de réir eolais. Tá an dromchla is sine agus is mó cráitéir ag Callisto sa ghrúpa.","* An saol is gníomhaí ó thaobh bolcánachais de sa ghrianchóras.
* Aigéan faoi thalamh uisce leachtaigh.
* An t-aon ghealach a bhfuil a réimse maighnéadach féin aici, de réir eolais.
* An dromchla is sine agus is mó cráitéir sa ghrúpa."
Cad é neasluas an tsolais i bhfolús?,,"Timpeall 299,792,458 méadar in aghaidh an tsoicind"
Anailísigh an fhianaise maidir le fíorúdaracht shaothair William Shakespeare agus cuir an hipitéis is láidre i láthair.,,"Ceann de na díospóireachtaí liteartha is marthanaí is ea an cheist cé a chum go fírinneach na drámaí agus na dánta a chuirtear i leith William Shakespeare—ar a dtugtar Ceist Údarachta Shakespeare. De réir an tseasaimh choinbhinsiúnaigh, ar a dtugtar an dearcadh Stratfordianach, ba é William Shakespeare ó Stratford-upon-Avon an t-aon údar amháin. Tacaíonn taifid dhlíthiúla, teidil chlóite chomhaimseartha, agus fianaise theistiméireach (cosúil le moladh Ben Jonson san Chéad Fóilió) leis seo.

Mar sin féin, maíonn an ghluaiseacht ar a dtugtar frith-Stratfordianachas go léiríonn na saothair leibhéal oideachais, eolais ar shaol na cúirte, taistil eachtraigh, agus eolais dhlíthiúil agus chlasaiceach dhomhain a bhíonn neamhréireach le beathaisnéis aitheanta an fhir ghnó ó Stratford.

Is minic a mheastar gurb é Edward de Vere, an 17ú Iarla Oxford (an teoiric Oxfordianach), an t-iarrthóir malartach is suntasaí. Tugann lucht tacaíochta le fios na comhthreomharachtaí beathaisnéise idir a shaol féin agus téamaí/carachtair sna drámaí, a stádas uasal a mhíníonn an t-eolas dlúth ar chúrsaí cúirte, agus an t-am ar tharla a bhás, a thagann leis an stopadh de shaothair nua Shakespeareacha.

In ainneoin na n-argóintí suimiúla agus mionsonraithe a chuireann Oxfordianaigh agus teoiriceoirí malartacha eile (amhail na Baconians, a thacaíonn le Francis Bacon) i láthair, is é an comhdhearcadh mór laistigh den chritic liteartha acadúil phríomhshrutha fós gurb é William Shakespeare ó Stratford an t-údar. Cé go dtugann na roghanna malartacha puzail spéisiúla, is minic a bhíonn siad ag brath ar fhianaise imthoisceach, cóid chripteacha, agus an nóisean an-suibiachtúil go ndícháilíonn cúlra measartha Shakespeare é ó bheith ina shár-fhile. Dá bhrí sin, is í an hipitéis thraidisiúnta an ceann is láidre fós, tacaithe ag doiciméadú stairiúil, cé go leanann doimhneacht na ndrámaí ar aghaidh ag spreagadh tuairimíochta malartaí."
"Rangaigh na hainmhithe seo a leanas bunaithe ar a bpríomh-aiste bia: Luibhiteoir, Feoiliteoir, nó Uiliteoir.","Leon, Béar, Bó, Mac Tíre, Duine, Coinín","Feoiliteoir: Leon, Mac Tíre
Luibhiteoir: Bó, Coinín
Uiliteoir: Béar, Duine"
Liostaigh na trí phríomhfháinne cumhachta Eilfigh ó Tiarna na bhFáinní le J.R.R. Tolkien.,,"Na trí fháinne Eilfigh, a coinníodh saor ó thionchar díreach Sauron, is iad Vilya (Fáinne an Aeir, a chaith Elrond), Nenya (Fáinne an Uisce, a chaith Galadriel), agus Narya (Fáinne na Tine, a chaith Gandalf)."
Liostaigh na siombailí ceimiceacha comhfhreagracha do na dúile seo a leanas in ord:,"Ór, Airgead, Iarann, Potaissiam, Sóidiam, Luaidhe, Tungstan, Mearcair","Au, Ag, Fe, K, Na, Pb, W, Hg"
"Cé acu de na substaintí seo a leanas atá ina ngáis ag gnáth-theocht agus gnáthbhrú (GTB): Héiliam, Iarann, Neon, Ór, Clóirín, Sileacan, Ocsaigin, Sulfar, Dé-ocsaíd Charbóin, Alúmanam.",,"Is gáis iad Héiliam, Neon, Clóirín, Ocsaigin, agus Dé-ocsaíd Charbóin ag gnáth-theocht agus gnáthbhrú."
Déan comparáid agus codarsnacht idir Python agus Java le haghaidh forbairt feidhmchlár fiontair.,,"Is minic a bhíonn tóir ar Python le haghaidh fréamhshamhaltú tapa agus feidhmchláir níos lú, níos aclaí mar gheall ar a chomhréir ghlan agus a leabharlanna fairsinge, go háirithe i bpróiseáil sonraí agus seirbhísí AI/ML. Mar sin féin, is teanga idirphléite í, rud a chiallaíonn gur féidir léi a bheith níos moille ag am rite ná Java agus is féidir le hearráidí a bheith mar thoradh ar a chineálú dinimiciúil i gcódchláir an-mhóra. Tá cáil ar Java, ar an taobh eile, mar gheall ar a fhealsúnacht 'scríobh uair amháin, rith áit ar bith' a bhuíochas leis an JVM, ag tairiscint inscálaitheacht láidir agus ardfheidhmíocht atá riachtanach do chórais fhiontair ar mhórscála cosúil le hardáin baincéireachta nó ríomhthráchtála. Éilíonn cineálú statach Java códú níos briathartha ach cuireann sé smacht níos déine i bhfeidhm, rud a fhágann go bhfuil sé an-iontaofa agus níos éasca do fhoirne móra é a chothabháil san fhadtéarma. Cé go bhfuil bacainn iontrála níos ísle ag Python, fanann Java mar an rogha is mó áit a bhfuil feidhmíocht iomlán, cobhsaíocht, agus comhtháthú domhain le bonneagar corparáideach oidhreachta ríthábhachtach."
Liostaigh bunaitheoirí bunaidh Apple Inc.,,"Ba iad Steve Jobs, Steve Wozniak, agus Ronald Wayne bunaitheoirí bunaidh Apple Inc."
Catagóirigh na míreanna seo a leanas bunaithe ar cibé an mbaineann siad go príomha le Matamaitic nó Litríocht.,"calcalas, sonóid, ailgéabar, meafar, cothromóid chearnach, saorvéarsaíocht, eiseachas, príomhuimhir, dán eipiciúil, dóchúlacht","Matamaitic: calcalas, ailgéabar, cothromóid chearnach, príomhuimhir, dóchúlacht
Litríocht: sonóid, meafar, saorvéarsaíocht, eiseachas, dán eipiciúil"
Cad í an phríomh-theoiric eolaíoch faoi dhul in éag na ndineasár nach éin iad?,,"Is í an phríomh-theoiric eolaíoch ná hipitéis Alvarez, a mhaíonn gur bhuail astaróideach ollmhór an Domhan timpeall 66 milliún bliain ó shin. Tugtar an cráitéar Chicxulub i Leithinis Yucatán ar an suíomh imbhuailte seo. Scaoil an t-imbhualadh fuinneamh ollmhór agus, go criticiúil, chaith sé cainníochtaí móra deannaigh, sulfair, agus smionagar isteach san atmaisféar. Chuir an bac atmaisféarach seo faoi deara 'geimhreadh imbhuailte' tapa, fada a chuir stop leis an bhfótaisintéis, a scrios an slabhra bia domhanda, agus a d'fhág gur chuaigh thart ar 75% de na speicis go léir, lena n-áirítear na dineasáir nach éin iad, in éag."
Cad é an tábhacht a bhí le misean Apollo 11?,"Ba é Apollo 11 an spás-eitilt a thuirling an chéad dá dhuine ar an nGealach. Thuirling an Ceannasaí Neil Armstrong agus an píolóta modúil gealaí Buzz Aldrin an Modúl Gealaí Apollo Iolar ar an 20 Iúil, 1969, ag 20:17 UTC. Ba é Armstrong an chéad duine a sheas ar dhromchla na gealaí sé huaire an chloig ina dhiaidh sin ar an 21 Iúil; chuaigh Aldrin leis timpeall 20 nóiméad ina dhiaidh sin. Chaith siad thart ar dhá uair an chloig agus ceathrú le chéile taobh amuigh den spásárthach, agus bhailigh siad 47.5 punt (21.5 kg) d'ábhar gealaí chun é a thabhairt ar ais go dtí an Domhan. Phíolóit an tríú ball den mhisean, Michael Collins, an modúl ceannasaíochta Columbia leis féin i bhfithis na gealaí. Chuir Apollo 11 deireadh go héifeachtach leis an Rás Spáis agus chomhlíon sé sprioc náisiúnta a leag an tUachtarán John F. Kennedy síos i 1961: 'sula mbeidh deireadh leis an deich mbliana seo, fear a thuirlingt ar an nGealach agus é a thabhairt ar ais go sábháilte go dtí an Domhan.'","Tá tábhacht stairiúil ollmhór ag baint le misean Apollo 11, a d’éirigh leis Neil Armstrong agus Buzz Aldrin a thuirlingt ar an nGealach i mí Iúil 1969, go príomha toisc gur chomhlíon sé an gealltanas dána a rinne an tUachtarán John F. Kennedy ag tús na deich mbliana. Chuir a rath deireadh éifeachtach leis an gcomórtas teicneolaíochta ard-gheallta ar a dtugtar an Rás Spáis, ag léiriú cumas teicneolaíochta ollmhór na Stát Aontaithe thar an Aontas Sóivéadach le linn ré an Chogaidh Fhuair. Thar na himpleachtaí polaitiúla agus iomaíocha, d’fheidhmigh Apollo 11 mar phointe casaidh cultúrtha tábhachtach, ag mealladh lucht féachana domhanda agus ag spreagadh glúin i dtreo iarrachtaí eolaíocha. Tháinig torthaí eolaíocha ríthábhachtacha ón misean freisin, lena n-áirítear bailiú samplaí gealaí a lig do eolaithe tús a chur le stair gheolaíoch satailíte an Domhain a chur le chéile. Ar deireadh thiar, seasann Apollo 11 mar cheann de na héachtaí is doimhne i stair an chine daonna, ag siombalú cumas an chine daonna spriocanna a bhaint amach a bhí teoranta roimhe seo d'fhicsean eolaíochta."
"Cén uair a rinneadh Ollscoil Lynn de Choláiste Boca Raton, agus cé a bhí beartaithe a onórú leis an ainm?","Osclaíodh an scoil den chéad uair i 1962 mar Choláiste Marymount, coláiste sóisearach ban a bhunaigh Na Siúrachas Chroí Ró-Naofa Mhuire (RSHM). Mar gheall ar dheacracht airgeadais, d’fhéach Coláiste Marymount leis na leabhair ina leabharlann a dhíol. Thug Donald E. Ross cuairt ar an gcampas chun an leabharlann a cheannach, ach bhí sé chomh spreagtha sin ag an scoil gur shocraigh sé fanacht agus cabhrú léi éirí leis. I 1971, cuireadh tús le tréimhse aistrithe, agus cuireadh an scoil faoi smacht boird tuata. Ag an am sin, ainmníodh Donald E. Ross mar uachtarán. I 1974, athraíodh an t-ainm go Coláiste Boca Raton. Deonaíodh creidiúnú Leibhéal II don choláiste i 1986. I 1988, fuair sé creidiúnú Leibhéal III. Le linn na tréimhse seo, rinneadh coláiste ceithre bliana de ó scoil dhá bhliain, le clár máistreachta.

Iontráil Ollscoil Lynn i Boca Raton
Rinneadh Ollscoil Lynn de Choláiste Boca Raton i 1991 chun ómós a thabhairt dá deontóirí, clann Lynn.

Sa bhliain 2003‎2004, íocadh tuarastal os cionn $5,000,000 le Donald E. Ross, rud a fhágann gurbh é an t-uachtarán coláiste nó ollscoile is airde pá sa náisiún ag an am. Choinnigh Ollscoil Lynn an gnólacht cuntasaíochta náisiúnta KPMG chun pacáiste cúitimh scoir cothrom a chinneadh do Ross ag cur san áireamh a fheidhmíocht agus a théarma seirbhíse 35 bliana (""Cuireadh níos mó ná $4.5 milliún i leataobh dá phlean scoir i Meitheamh 2006 – sruth airgid a ceapadh chun cúiteamh a dhéanamh ar na blianta fada nach raibh aon sochair scoir á n-leithdháileadh mar gheall ar imní buiséid""). Ba é seo an tríú cuid de dheontas na hollscoile. Ar 1 Iúil, 2006, d’éirigh Ross as a phost tar éis 35 bliain mar uachtarán na hollscoile; tháinig Kevin M. Ross i gcomharbacht ar a athair san oifig.

Ar 22 Deireadh Fómhair, 2012, d’óstáil an ollscoil an tríú agus an díospóireacht deiridh uachtaránachta de chuid SAM (2012) idir uachtarán SAM Barack Obama agus iar-ghobharnóir Massachusetts Mitt Romney maidir le beartas eachtrach SAM. Reáchtáladh an díospóireacht ag Ionaid Ealaíon Taibhiúcháin Dhomhanda Keith C. agus Elaine Johnson agus ba é an t-iriseoir Bob Schieffer ó CBS News a bhí mar mhodhnóir uirthi.","Rinneadh Ollscoil Lynn de Choláiste Boca Raton i 1991 chun ómós a thabhairt dá deontóirí, clann Lynn."
Cén miotal atá mar phríomhchodán de chroíleacán istigh an Domhain?,"Is sféar soladach é croíleacán istigh an Domhain atá comhdhéanta go príomha de chóimhiotal iarainn-nicile, le rianmhéideanna d’eilimintí níos éadroime. Tugann samhlacha eolaíocha le fios gur iarann (Fe) a dhéanann suas thart ar 90% dá mhais.","Iarann, in éineacht le nicil."
Mínigh tábhacht na hAthbheochana.,"Ba thréimhse i stair na hEorpa í an Athbheochan, ag clúdach an réimse idir an 14ú agus an 16ú haois. Thosaigh sé mar ghluaiseacht chultúrtha san Iodáil sa Mheánaois Dhéanach agus scaip sé níos déanaí go dtí an chuid eile den Eoraip, ag marcáil an t-aistriú ón Meánaois go dtí an nua-aoiseacht. I measc na bpríomhthréithe bhí athnuachan suime sa tseandacht chlasaiceach, ardú ar an bhfealsúnacht dhaonnach, agus forbairtí réabhlóideacha san ealaín, san ailtireacht, agus san eolaíocht. I measc na bhfigiúirí suntasacha bhí Leonardo da Vinci, Michelangelo, agus Raphael, a rinne ceannródaíocht ar theicnící ar nós an pheirspictíocht agus an nádúrachas. Chuir aireagán an chlóphreas ag Gutenberg dlús mór le scaipeadh na smaointe le linn na tréimhse seo, ag bogadh an scoláireacht amach as an timpeallacht mhainistreach agus isteach sa réimse poiblí.","Bhí tábhacht dhomhain leis an Athbheochan mar gur athraigh sé go bunúsach smaointeoireacht agus cultúr an Iarthair. Mharcáil sé an t-aistriú ó fhócas diaghoibritheach na Meánaoise go dtí dearcadh antrapocentric, nó dírithe ar an duine, ar a dtugtar Daonnachas. Spreag an t-aistriú fealsúnach seo dul chun cinn radacach sna healaíona, as ar tháinig sárshaothair a chuir béim ar an réalachas, ar ghnóthachtáil aonair, agus ar idéalacha clasaiceacha. Ina theannta sin, leag an bhéim ar bhreathnóireacht eimpíreach agus ar fhiosrú criticiúil an dúshraith don Réabhlóid Eolaíoch. Níor athaimsigh an Athbheochan seaneolas amháin; bhunaigh sé na dúshraith intleachtúla agus cultúrtha—lena n-áirítear amhras, indibhidiúlacht, agus fiosrú réasúnach—a shainíonn an ré nua-aimseartha."
Cén duaiseanna a bhuaigh Elara Vance dá dara húrscéal?,"Is scríbhneoir ficsean eolaíochta í Elara Vance atá clúiteach as a saolchruthú casta. Foilsíodh a céad úrscéal, *The Chronos Gambit*, in 2018 agus bhí sé ar an ngearrliosta don Ghradam Nebula. Bhuaigh a dara húrscéal, *Echoes of the Void* (2021), Gradam Locus don Úrscéal Ficsean Eolaíochta is Fearr agus Gradam Prometheus don Úrscéal is Fearr. Tá sí ag obair faoi láthair ar an tríú cuid den triológ, *Starlight Engine*.",Bhuaigh Elara Vance Gradam Locus don Úrscéal Ficsean Eolaíochta is Fearr agus Gradam Prometheus don Úrscéal is Fearr as *Echoes of the Void*.
Cad é an tábhacht stairiúil a bhaineann le Cloch Rosetta?,"Is stele é Cloch Rosetta atá comhdhéanta de ghreanóidíorít ar a bhfuil trí leagan de fhoraithne inscríofa a eisíodh i Meimfís, an Éigipt, sa bhliain 196 R.Ch. le linn ríshliocht na dTolamaesach ar son an Rí Tolamaes V. Tá an téacs uachtarach i hiaróglifaí na Sean-Éigiptise, tá an chuid lárnach i scríbhneoireacht Dheamótach, agus tá an chuid íochtarach sa tSean-Ghréigis. Toisc go bhfuil an téacs céanna curtha i láthair i dtrí script éagsúla—agus bhí scoláirí fós in ann an tSean-Ghréigis a léamh—chuir an Chloch an eochair ar fáil chun iaróglifaí na hÉigiptise a dhíshealbhú. Chuir an fhionnachtain seo, a chuirtear i leith Jean-François Champollion go príomha sa bhliain 1822, réabhlóid ar Éigipteolaíocht agus lig sé do stairithe na milliúin de sheantéacsanna Éigipteacha a léamh den chéad uair.","Tá Cloch Rosetta ríthábhachtach go stairiúil toisc go bhfuil an téacs céanna inti scríofa i hiaróglifaí na Sean-Éigiptise, i scríbhneoireacht Dheamótach, agus sa tSean-Ghréigis. Thug an téacs comhthreomhar seo deis do scoláirí, Jean-François Champollion go sonrach, iaróglifaí na hÉigiptise a dhíshealbhú go rathúil, ag bunú bunús na hÉigipteolaíochta nua-aimseartha dá bharr."
Aithnigh na gnéithe riachtanacha a chuireann síos ar Chloch Rosetta bunaithe ar an téacs seo a leanas.,"Is stele í Cloch Rosetta atá comhdhéanta de ghranadióirít agus trí leagan de fhoraithne greanta uirthi a eisíodh i Memphis, an Éigipt, sa bhliain 196 R.Ch. le linn ríshliocht na dTolamaesach thar ceann an Rí Tolamaes V. Tá na téacsanna uachtaracha agus lárnacha scríofa i scripteanna Híoróglacha agus Déatacha, faoi seach, agus an bunleagan i Sean-Ghréigis. Toisc go gcuireann sé an téacs céanna i láthair sna trí script go bunúsach, sholáthair sé an eochair chun na híoróglacha Éigipteacha a dhíshealbhú.","1. Ábhar: Is stele í atá comhdhéanta de ghranadióirít. 
2. Ábhar agus Dáta: Tá trí leagan de fhoraithne inti a eisíodh i Memphis sa bhliain 196 R.Ch. le linn ríshliocht na dTolamaesach don Rí Tolamaes V.
3. Scripteanna a Úsáideadh: Tá na téacsanna scríofa i scripteanna Híoróglacha (barr), Déatacha (lár), agus Sean-Ghréigis (bun).
4. Tábhacht: Bhí sé ríthábhachtach mar gur sholáthair sé an eochair chun na híoróglacha Éigipteacha a dhíshealbhú."
"Cé dó a gcuirtear fionnachtain an pheinicillín i leith go coitianta, agus cén bhliain ar tharla sé seo?","Cuirtear fionnachtain an pheinicillín, ceann de na chéad antaibheathaigh ar domhan, i leith Alexander Fleming i 1928 go coitianta. Thug Fleming, lia agus micribhitheolaí Albanach, faoi deara múnla ag éilliú mias peitreach de bhaictéir Staphylococcus a d’fhág sé oscailte. Thug sé faoi deara gur chuir an múnla, a aithníodh níos déanaí mar Penicillium notatum, cosc ar fhás na mbaictéar máguaird. Cé gur fhoilsigh Fleming a chuid fionnachtana, bhí deacrachtaí aige ar dtús an comhdhúil ghníomhach a aonrú agus a olltáirgeadh. Ba iad Howard Florey agus Ernst Chain a rinne an fhorbairt ina dhiaidh sin ina dhruga inúsáidte go luath sna 1940idí.",Cuirtear fionnachtain an pheinicillín i leith Alexander Fleming i 1928 go coitianta.
Déan cur síos ar na gnáthchéimeanna a bhíonn i gceist chun treoir nua do dhoiciméadú bogearraí a chruthú.,,"De ghnáth, tosaíonn an próiseas le céim an Raon Feidhme agus na hAnailíse ar an Lucht Féachana, ag cinneadh cé hiad na húsáideoirí agus cén fheidhmiúlacht is gá a chlúdach. Ansin, téimid isteach san Fháil Ábhair, áit a ndéanaimid agallamh ar Shaineolaithe Ábhair (SÁAnna) agus a scrúdaímid na tiomantais chódbhunaithe is déanaí le haghaidh sonraí teicniúla cruinne. Tagann céim an Dréachtaithe ina dhiaidh sin, ag cloí go docht lenár dtreoir stíle inmheánach maidir le ton agus comhsheasmhacht. Go ríthábhachtach, sula scaoiltear saor é, téann an doiciméadú trí thréimhse Bhailíochtaithe Theicniúil, áit a ndéanann úsáideoirí béite nó tástálaithe QA iarracht ghníomhach na céimeanna doiciméadaithe a fhorghníomhú chun cruinneas a fhíorú. Ar deireadh, tar éis cóipeagarthóireachta agus formheasta, foilsítear an treoir don bhunachar eolais iomchuí nó don fhreastalaí inmheánach, agus meicníochtaí bunaithe le haghaidh aiseolas athchiorclach agus nuashonruithe."
Ainmnigh Seacht nIontas an tSeandomhain.,,"1. An Phirimid Mhór Giza
2. Gairdíní Crochta na Bablóine
3. Dealbh Shéas ag Oilimpia
4. Teampall Artaimis in Eifeasas
5. Mausoleum na Halacarnasas
6. Colas Ródas
7. Teach Solais na hAilleacsaindreach"
Cén bhliain ar bhuaigh Marie Curie an dara Duais Nobel aici?,"Rugadh Maria Skłodowska (Marie Curie níos déanaí) i Vársá, an Pholainn, ar an 7 Samhain, 1867. Bhog sí go Páras sa bhliain 1891 chun leanúint lena cuid staidéar ag an Sorbonne. Phós sí Pierre Curie sa bhliain 1895. Bronnadh Duais Nobel na Fisice 1903 ar Marie agus Pierre, mar aon le Henri Becquerel, as a gcuid oibre ar an raidióghníomhaíocht. Bhuaigh sí Duais Nobel na Ceimice 1911 níos déanaí as eilimintí polóiniam agus raidiam a fhionnadh, rud a fhágann gurb í an t-aon duine í a bhuaigh Duaiseanna Nobel i dhá réimse eolaíochta éagsúla.","Bhuaigh sí Duais Nobel na Ceimice 1911 níos déanaí as eilimintí polóiniam agus raidiam a fhionnadh, rud a fhágann gurb í an t-aon duine í a bhuaigh Duaiseanna Nobel i dhá réimse eolaíochta éagsúla."
Cad é Iarnród Tras-Sibéire?,,"Is é Iarnród Tras-Sibéire an líne iarnróid is faide ar domhan. Nascann sé Moscó sa Rúis Eorpach le Vladivostok ar chósta an Aigéin Chiúin, ag síneadh timpeall 9,289 ciliméadar (5,772 míle). Cuireadh tús leis an tógáil i 1891 agus críochnaíodh é den chuid is mó faoi 1916, ag imirt ról ríthábhachtach i nasc eacnamaíoch agus míleata chríocha ollmhóra na Rúise. Cé gurb é an príomhbhealach an líne Tras-Sibéire, áirítear ar bhealaí gaolmhara eile Iarnróid Tras-Mhongóile agus Tras-Mhanchúire."
"Rangaigh na hainmhithe seo a leanas mar Mhamach, Éan, nó Reiptíl: Míol Mór Gorm, Iolar, Nathair, Sciathán Leathair, Piongain.",,"Mamaigh: Míol Mór Gorm, Sciathán Leathair
Éin: Iolar, Piongain
Reiptílí: Nathair"
Cad é an luas éalaithe neasach atá ag teastáil chun tarraingt imtharraingthe an Domhain a fhágáil?,,Is é an luas éalaithe atá ag teastáil ná tuairim is 11.2 ciliméadar in aghaidh an tsoicind (nó timpeall 7 míle in aghaidh an tsoicind).
"Cuir liosta gairid, pointe-bhunaithe ar fáil ag cur síos ar na gnéithe is criticiúla agus na príomhphearsana a bhain le fionnachtain struchtúr héilics dúbailte DNA, bunaithe go hiomlán ar an téacs a chuirtear ar fáil.","Ba iad James Watson agus Francis Crick a chinntigh struchtúr na móilín d'aigéad dí-ocsairibeanúicléasach (DNA), iompróir na faisnéise géinití, sa bhliain 1953. D'fhoilsigh siad a saothar san iris Nature, áit ar mhol siad an tsamhail héilics dúbailte atá aitheanta go forleathan anois. Go cinntitheach, bhí a bhforbairt bunaithe go mór ar shonraí turgnamhacha a bhailigh eolaithe eile, go háirithe Rosalind Franklin agus Maurice Wilkins. Tháirg Franklin, ag baint úsáide as criostalagrafaíocht X-ghathach, ‘Photo 51,’ a thug leideanna bunriachtanacha faoi nádúr héiliciúil agus thoiseanna na móilín. Thuig Watson agus Crick go raibh an móilín comhdhéanta de dhá shlabhra fhada núicléitídí atá fillte timpeall ar a chéile, ceangailte le chéile trí phéireálacha bunáite sonracha: bíonn Aidinín (A) i bpéire i gcónaí le Tiomín (T), agus bíonn Gúainín (G) i bpéire i gcónaí le Cíotóisín (C). Mhínigh an péireáil shonrach seo conas a d'fhéadfaí faisnéis ghéiniteach a mhacasamhlú go cruinn. Bronnadh Duais Nobel na Fiseolaíochta nó an Leighis ar Watson, Crick, agus Wilkins i 1962 as a bhfionnachtana maidir le struchtúr móilíneach na n-aigéad núicléasach agus a thábhacht d'aistriú faisnéise in ábhar beo. Fuair Rosalind Franklin bás go tragóideach i 1958 agus ní raibh sí incháilithe don dámhachtain.","- Chinntigh James Watson agus Francis Crick an struchtúr i 1953 agus foilsíodh é san iris Nature.
- Mhol siad an tsamhail héilics dúbailte, atá comhdhéanta de dhá shlabhra núicléitídí ceangailte le chéile trí phéireálacha bunáite sonracha (A-T agus G-C).
- Bhí a bhfionnachtana bunaithe go mór ar shonraí criostalagrafaíochta X-ghathach, go sonrach 'Photo 51,' a tháirg Rosalind Franklin.
- Mhínigh an péireáil shonrach bunáite conas a d'fhéadfaí faisnéis ghéiniteach a mhacasamhlú go cruinn.
- Bhain Watson, Crick, agus Maurice Wilkins Duais Nobel amach i 1962 as a gcuid oibre."
Cathain a tháinig Conradh Versailles i bhfeidhm go hoifigiúil agus cén fáth ar roghnaíodh an dáta seo?,"Ba é Conradh Versailles an ceann ba thábhachtaí de na conarthaí síochána a chuir deireadh leis an gCéad Chogadh Domhanda. Síníodh an Conradh ar an 28 Meitheamh 1919, i Versailles. Chuir sé deireadh foirmiúil leis an gcogadh idir an Ghearmáin agus na Cumhachtaí Comhghuaillithe. Mar sin féin, níor tháinig an Conradh i bhfeidhm go hoifigiúil ach amháin ar an 10 Eanáir 1920, an dáta ar bunaíodh Conradh na Náisiún, ar comhpháirt ríthábhachtach é d'fheidhmiú an chonartha.","Tháinig Conradh Versailles i bhfeidhm go hoifigiúil ar an 10 Eanáir 1920. Roghnaíodh an dáta seo toisc go raibh sé ag teacht le bunú Chonradh na Náisiún, comhpháirt ríthábhachtach d'fheidhmiú an chonartha."
Mínigh coincheap na 'Néalríomhaireachta' agus a príomhshamhlacha seirbhíse.,,"Tagraíonn an Néalríomhaireacht d'infhaighteacht acmhainní córas ríomhaireachta ar éileamh, go háirithe stóráil sonraí agus cumhacht ríomhaireachta, gan bainistíocht ghníomhach dhíreach ag an úsáideoir. Is iad seo a leanas na príomhshamhlacha seirbhíse: 1. **Bonneagar mar Sheirbhís (IaaS):** Soláthraíonn sé bunacmhainní ríomhaireachta, amhail meaisíní fíorúla, líonraí, agus stóráil. 2. **Ardán mar Sheirbhís (PaaS):** Cuireann sé timpeallacht ar fáil chun feidhmchláir a fhorbairt, a rith, agus a bhainistiú gan castacht bhainistíocht an bhonneagair fholuiteach. 3. **Bogearraí mar Sheirbhís (SaaS):** Seachadann sé feidhmchláir bhogearraí thar an idirlíon, ar éileamh, de ghnáth ar bhonn síntiúis (m.sh., Gmail, Salesforce)."
"Comhcheangail an dá abairt seo a leanas in aon abairt amháin, chomhtháite.",Bhí an fhoireann ag obair gan staonadh ar feadh míonna. Réitigh siad an fhadhb chasta criptíochta faoi dheireadh.,"Tar éis dóibh a bheith ag obair gan staonadh ar feadh míonna, réitigh an fhoireann an fhadhb chasta criptíochta faoi dheireadh."
Cad iad na príomhdhúshláin a bhíonn ag duine agus é ag aistriú ó chóras oibriúcháin Windows go Linux?,,"Tá roinnt constaicí ag baint le haistriú go Linux, a bhaineann go príomha le taithí agus infhaighteacht bogearraí dílseánaigh. Is minic gurb é an dúshlán is mó ná an cuar foghlama a bhaineann leis an gcomhéadan líne ordaithe, atá riachtanach le haghaidh cumraíochtaí chun cinn, cé go bhfuil dáiltí nua-aimseartha níos éasca le húsáid. Ar an dara dul síos, bíonn deacracht ag úsáideoirí a bhfuil taithí acu ar fheidhmchláir shonracha Windows (cosúil leis an Adobe Suite nó uirlisí deartha speisialaithe) teacht ar ionadaithe díreacha, feidhmiúla, rud a éilíonn go minic úsáid a bhaint as bogearraí foinse oscailte eile nó sraitheanna comhoiriúnachta mar Wine. Ar deireadh, is féidir go mbeidh ar thiománaithe crua-earraí, cé go bhfuil siad feabhsaithe go mór, suiteáil láimhe a éileamh ó am go chéile, go háirithe do fhorimeallaigh níos nuaí nó speisialaithe."
"Cé hiad na príomhoifigigh thofa reatha i Phoenix, Arizona?",,"Áirítear ar na príomhoifigigh thofa do Phoenix, Arizona: an Méara Kate Gallego, an Leas-Mhéara Laura Pastor (Ceantar 4), Comhalta na Comhairle Debra Stark (Ceantar 3), agus Comhalta na Comhairle Betty Guardado (Ceantar 5)."
Ainmnigh an foirgneamh is airde atá ann faoi láthair.,,"Burj Khalifa i Dubai, Aontas na nÉimíríochtaí Arabacha"
Cad é an príomhdhifríocht idir Foghlaim Mhaoirsithe agus Foghlaim Neamhmhaoirsithe?,"I meaisínfhoghlaim, déantar aicmiú leathan ar halgartaim bunaithe ar an gcaoi a ndéanann siad sonraí a phróiseáil. Baineann Foghlaim Mhaoirsithe úsáid as tacair sonraí lipéadaithe, ina n-áirítear san fhaisnéis oiliúna athróga ionchuir (X) agus athróga aschuir (Y) comhfhreagracha atá ar eolas. Is é an sprioc don chóras an fheidhm mhapála ó X go Y a fhoghlaim. I gcodarsnacht leis sin, déileálann halgartaim Foghlaim Neamhmhaoirsithe le sonraí neamhlipéadaithe, rud a chiallaíonn nach soláthraítear ach na sonraí ionchuir (X), gan aon lipéid aschuir chomhfhreagracha. Tá sé mar aidhm ag na modhanna seo patrúin, struchtúir nó grúpaí folaithe a aimsiú laistigh de na sonraí, amhail custaiméirí a bhraisliú nó toiseacht a laghdú.","Tá an príomhdhifríocht suite i nádúr na sonraí oiliúna. Baineann Foghlaim Mhaoirsithe úsáid as tacair sonraí lipéadaithe (ionchur le haschur ar eolas) chun feidhm mhapála a fhoghlaim, cé go mbaineann Foghlaim Neamhmhaoirsithe úsáid as tacair sonraí neamhlipéadaithe chun struchtúir, patrúin nó grúpaí bunúsacha a aimsiú laistigh de na sonraí amháin."
"I leabhair Harry Potter, cén t-ainm atá ar an asal tí de chuid an Teaghlaigh Black a raibh fuath aige do chailleacha agus do dhraíodóirí a rugadh ó Mhugalaigh?",,Kreacher
"Aithin cén struchtúr atá Rómhánúil go príomha agus cén ceann atá Gotach go príomha: Baislice Saint-Sernin (Toulouse), Ardeaglais Reims.",,"Tá Baislice Saint-Sernin Rómhánúil, tá Ardeaglais Reims Gotach."
Mínigh príomhfheidhm agus tábhacht na haipindic veirmeafhoirmeach dhaonna de réir na tuisceana nua-aimseartha.,"Is éard atá san aipindic veirmeafhoirmeach ná póca caol, i gcruth méire, a shíneann amach ó bhalla na stéige móire. Le blianta fada, measadh gur orgán iarsma é an aipindic—struchtúr éabhlóideach atá fágtha nach bhfuil aon úsáid phraiticiúil aige i ndaoine nua-aimseartha. Mar sin féin, tugann taighde le déanaí le fios nach bhfuil sé gan úsáid. Ceaptar anois go bhfeidhmíonn sé mar 'theach sábháilte' do bhaictéir thairbheacha an ghoile. Má nighíonn dian-ghalar buinneach (amhail calar nó diostraic) na coilíneachtaí baictéaracha amach as an gcuid eile den ghut, coinníonn an aipindic taiscumar de na miocróib riachtanacha seo, rud a cheadaíonn athphlandáil thapa agus téarnamh an chórais díleá.","Cé gur measadh gur orgán iarsma é go stairiúil, creidtear anois go bhfeidhmíonn an aipindic mar 'theach sábháilte' nó taiscumar do bhaictéir thairbheacha an ghoile. Is í an phríomhthábhacht atá leis ná go n-éascaíonn sé téarnamh ó dhian-ionfhabhtuithe stéigeacha (amhail calar nó diostraic). Nuair a ídíonn na galair seo na baictéir shláintiúla as an gcuid eile den chóras díleá, coinníonn an aipindic cúlchiste de mhiocróib, rud a chumasaíonn athbhunú tapa ar ghnáthflóra an ghoile."
Cad é feidhm agus stair an tí solais?,"Is túr, foirgneamh, nó cineál eile struchtúir é teach solais atá deartha chun solas a astú ó chóras lampaí agus lionsaí agus chun feidhmiú mar áis loingseoireachta do mharaithe ar muir nó ar uiscebhealaí intíre. Marcálann tithe solais cóstaí contúirteacha, scealla guaiseacha, aillte, carraigeacha, agus bealaí isteach sábháilte chuig calafoirt; cabhraíonn siad freisin le loingseoireacht aerach. Cé go raibh siad in úsáid go forleathan tráth, tá laghdú tagtha ar líon na dtithe solais atá ag feidhmiú de bharr chostas an chothabhála agus méadú ar chórais leictreonacha loingseoireachta ar nós GPS.","Is struchtúr é teach solais atá deartha chun solas a astú chun feidhmiú mar áis loingseoireachta ríthábhachtach do mharaithe. Is é a bpríomhfheidhm ná longa a rabhadh ó chóstaí contúirteacha, carraigeacha agus scealla, agus iad a threorú go sábháilte isteach i gcalafoirt. Tá sínithe solais uathúla ag gach teach solais (patrún splancanna) a ligeann do mairnéalaigh a suíomh a aithint.

Ba é Faras Alastair an struchtúr tí solais ba luaithe a bhí ar eolas, ceann de Sheacht nIontas an Domhain Ársa, a tógadh thart ar 280 R.Ch. Mar sin féin, forbraíodh na chéad tithe solais nua-aimseartha, a d'úsáid lionsaí optúla casta, san 18ú haois. Chuir úsáid fhorleathan lionsa Fresnel, a chum Augustin-Jean Fresnel i 1823, go mór le raon agus le déine bíomaí na dtithe solais.

Cé go bhfuil tábhacht mhór stairiúil leo, tá laghdú suntasach tagtha ar líon na dtithe solais atá ag feidhmiú ó dheireadh an 20ú haois, go príomha mar gheall ar chostais arda cothabhála agus glacadh forleathan le huirlisí nua-aimseartha loingseoireachta leictreonacha ar nós GPS agus córais loingseoireachta satailíte. Tá go leor de na tithe solais atá fágtha uathoibrithe anois nó caomhnaithe mar shéadchomharthaí stairiúla."
Cathain ba cheart dom liosta nasctha a úsáid in ionad eagar dinimiciúil?,,"Tá liostaí nasctha buntáisteach nuair is gá ionchuir agus scriostaí minic, go háirithe ag poist treallacha laistigh den seicheamh, ós rud é gur gnách go dtógann na hoibríochtaí seo O(1) am (tar éis an nód a aimsiú). Os a choinne sin, is fearr eagair dhinimiciúla nuair is gá rochtain thapa thimpisteach, sheasmhach ama (an Nú eilimint a fháil), ós rud é go dteastaíonn trasnáil O(N) chun eilimintí i liosta nasctha a rochtain. Cuireann eagair logántacht taisce níos fearr ar fáil freisin."
Cérbh é an príomhinnealtóir a bhí freagrach as Canáil Phanama a chur i gcrích?,,"Cuireadh tógáil Chanáil Phanama i gcrích faoi cheannaireacht an Choirnéil George Washington Goethals, a bhí mar phríomhinnealtóir an tionscadail tar éis do SAM na hoibríochtaí a ghlacadh ar láimh ón iarracht Fhrancach nár éirigh léi."
Sainmhínigh innealtóireacht bhithleighis.,"Is réimse idirdhisciplíneach atá ag fás go tapa í an Innealtóireacht Bhithleighis (IBhL) a chuireann prionsabail innealtóireachta agus coincheapa dearaidh sofaisticiúla i bhfeidhm ar an mbithfhisic agus ar an leigheas. Tá difríocht idir an disciplín seo agus disciplíní eile sa mhéid is go ndíríonn sé go sonrach ar shláinte an duine a fheabhsú, ag plé le réimsí ó chruthú prostéitic sofaisticiúla agus trealamh íomháú leighis chun cinn go forbairt uirlisí nua chun cógaisíochta a aimsiú. Baineann sé le scileanna in innealtóireacht leictreach, mheicniúil, agus cheimiceach, ag comhtháthú na gcoincheap seo chun an bhearna idir an innealtóireacht agus an leigheas a líonadh, ag cur cóireálacha cúram sláinte chun cinn ar an gcaoi sin.",Is réimse idirdhisciplíneach í an innealtóireacht bhithleighis a chuireann prionsabail innealtóireachta agus coincheapa dearaidh i bhfeidhm ar an mbithfhisic agus ar an leigheas chun sláinte an duine a fheabhsú agus chun cóireálacha cúram sláinte a chur chun cinn.
Cén cháilíocht is bunúsaí le haghaidh ceannaireacht nua-aimseartha éifeachtach?,,"Cé go molann leabhair staire ceannairí go minic as a bhfís dhothuigthe nó a n-ionracas daingean, is í an inoiriúnaitheacht radacach, gan dabht, an cháilíocht shingil is bunúsaí le haghaidh ceannaireacht nua-aimseartha éifeachtach. I ré atá sainithe ag luaineacht, éiginnteacht, castacht, agus débhríocht (an paraidím VUCA), is ceannaire é an té nach féidir leis dul i dtreo nua atá i ndán do neamhábharthacht. Ní thairgeann an tírdhreach gnó agus polaitiúil comhaimseartha an chobhsaíocht a bhí ag na glúnta roimhe seo. Is féidir le straitéisí, teicneolaíochtaí, margaí, agus ionchais fostaithe athrú go bunúsach laistigh de ráithe fioscach amháin. Éiríonn fís statach, is cuma cé chomh spreagúil agus a bhí sí nuair a cheapadh ar dtús í, ina dliteanas mura féidir léi teacht le chéile leis an réaltacht. Tuigeann an ceannaire inoiriúnaithe nach bhfuil i bpleananna ach treochlár sealadach, ní téacsanna naofa. Léirítear an cháilíocht seo ar roinnt príomhbhealaí. Ar an gcéad dul síos, teacht aniar eagraíochtúil. Cothaíonn ceannairí inoiriúnaithe cultúr ina nach riocht críochnaitheach é teip ach deis foghlama a chuireann leis an chéad chéim athchleachtach eile. Cruthaíonn siad córais atá deartha le haghaidh aiseolas tapa agus cur i bhfeidhm athraithe. Sa dara háit, solúbthacht chognaíoch. Ciallaíonn sé seo a bheith in ann creideamh nó straitéis dhomhain a chaitheamh i leataobh nuair a fhíoraíonn sonraí nua é, ag seachaint an bhacainn ar chostas caillte a chuireann isteach ar eagraíochtaí docht. Sa tríú háit, éabhlóid comhbhách. Éilíonn lucht saothair nua-aimseartha stíleanna bainistíochta éagsúla, samhlacha hibrideacha, agus cosáin ghairme phearsantaithe. Déanann ceannaire fíor-inoiriúnaithe a chuid cumarsáide pearsanta agus a fhoirne spreagtha a choigeartú chun freastal ar riachtanais foirne éagsúla atá ag athrú. Gan inoiriúnaitheacht, beidh fiú an fhís is doimhne agus na scileanna cumarsáide is géire dírithe ar sprioc nach bhfuil ann a thuilleadh. Cinntíonn inoiriúnaitheacht marthanacht; sa cheannaireacht, is í an marthanacht an chéad chéim i dtreo rath buan."
Mínigh coincheap na Polaformachta i gClárúchán atá Dírithe ar Oibiachtaí (CDO) agus tabhair sampla simplí coincheapúil.,,"Is bunchloch de Chlárúchán atá Dírithe ar Oibiachtaí (CDO) í an Pholaformacht, a chiallaíonn go litriúil 'mórán foirmeacha'. Ligeann sí d'eintiteas (cosúil le feidhm, oibreoir, nó oibiacht) foirmeacha nó bríonna éagsúla a ghlacadh ag brath ar an gcomhthéacs ina n-úsáidtear í. Cuireann an ghné seo ar chumas forbróirí comhéadan amháin a úsáid chun ionadaíocht a dhéanamh ar fhoirmeacha bunúsacha éagsúla (cineálacha sonraí).

Tá dhá phríomhchineál Polaformachta ann:

1. **Polaformacht Ama Tiomsaithe (Ró-ualú Modhanna):** Tarlaíonn sé seo nuair a bhíonn an t-ainm céanna ag il-mhodhanna sa rang céanna ach bíonn liostaí paraiméadar éagsúla acu (líon nó cineálacha éagsúla argóintí).
2. **Polaformacht Ama Rith (Sárú Modhanna):** Tarlaíonn sé seo nuair a sholáthraíonn fo-rang cur i bhfeidhm sonrach do mhodh atá sainithe cheana féin ina thuismitheoir-rang. Réitítear an glao modha go dinimiciúil le linn forghníomhaithe.

**Sampla Coincheapúil:** Smaoinigh ar bhunrang ar a dtugtar 'Shape' (Cruth) a bhfuil modh aige ar a dtugtar 'CalculateArea()' (RíomhAchar). Déanann rang 'Circle' (Ciorcal) agus rang 'Square' (Cearnóg) araon oidhreacht ó 'Shape'. Nuair a ghlaonn tú ar 'CalculateArea()' ar oibiacht 'Circle', forghníomhaíonn sé an fhoirmle le haghaidh ciorcail (pi * r^2). Nuair a ghlaonn tú ar 'CalculateArea()' ar oibiacht 'Square', forghníomhaíonn sé an fhoirmle le haghaidh cearnóige (taobh * taobh). Feidhmíonn an t-ainm modha aonair, 'CalculateArea()', go polaformach ag brath ar an gcineál oibiachta sonrach atá á ghlaoch."
Mínigh coincheap an Phointe Te Haváíoch agus an chaoi ar eascair bunú Oileáin Haváí uaidh.,,"Is pointe te bolcánach é an Pointe Te Haváíoch atá suite faoi oileán Haváí. Is pluideán maintlín é, réimse ina n-éiríonn teas agus magma ó dhoimhneacht mhaintlín an Domhain. Murab ionann agus an chuid is mó de na bolcáin, bíonn pointí te ina stad, ach bogann na plátaí teicteonacha os a gcionn go mall. De réir mar a bhog an Pláta Ciúin siar ó thuaidh thar an pluideán seasta seo ar feadh na milliúin bliain, leanann magma ag briseadh tríd an screamh, ag cruthú slabhra fada de bholcáin agus sliabhraonta farraige atá ag éirí níos sine, ar a dtugtar slabhra sliabhraonta farraige Haváí–an Impire. Is é Haváí (An tOileán Mór) an t-oileán atá suite thar an bpointe te faoi láthair, ina bhfuil na bolcáin ghníomhacha Kīlauea agus Mauna Loa."
Cén t-ainm a bhí ar an satailít a bhain amach an chéad spás-eitilt fhithiseach rathúil?,"Chuaigh an Rás Spáis idir na Stáit Aontaithe agus an tAontas Sóivéadach i méid go mór i ndeireadh na 1950idí. Cé gur theip ar roinnt iarrachtaí níos luaithe ag an dá náisiún nó gur tháinig eitiltí fo-fhithiseacha astu, tháinig an fíor-chloch mhíle ar an 4 Deireadh Fómhair, 1957. Ar an dáta seo, sheol an tAontas Sóivéadach diúracán balistíoch idir-ilchríochach R-7 go rathúil, ag iompar sféar beag miotail snasta nach raibh ach 58 cm (23 orlach) ar trastomhas. Bhain an satailít shaorga cheannródaíoch seo, ar a dtugtar Sputnik 1 go domhanda, fithis an Domhain amach. Chuir rath Sputnik 1 alltacht ar phobal agus ar rialtas Mheiriceá, rud a chuir tús díreach le bunú NASA an bhliain dár gcionn agus d’athraigh sé go mór tosaíochtaí oideachais eolaíochta.",Tugadh Sputnik 1 ar an satailít.
Cá mhéad bliain a rinne an Dr. Evelyn Reed seirbhís mar chomhairleoir sinsearach do Chiste Aeráide an Domhain?,"Thosaigh an Dr. Evelyn Reed a gairm bheatha eolaíoch ag díriú ar fhisic an atmaisféir, agus d'fhoilsigh sí a cuid oibre ceannródaíche i 1985. Chuaigh sí isteach i ndámh MIT i 1990 agus tugadh ardú céime di mar chathaoirleach na rannóige in 2005. Bhí sí ina cathaoirleach ar feadh 12 bhliain sular éirigh sí as MIT in 2017. Ansin ghlac sí ról mar chomhairleoir sinsearach do Chiste Aeráide an Domhain ó 2018 go dtí 2023.",5 bliana (ó 2018 go dtí 2023).
"Rangaigh na hainmhithe seo a leanas i gceann de thrí phríomhbhithóim: Fásach, Uisceach, nó Foraoise. Úsáid an liosta seo a leanas: Camel, Blue Whale, Grizzly Bear, Rattlesnake, Shark, Owl.",,"Fásach: Camel, Rattlesnake. Uisceach: Blue Whale, Shark. Foraois: Grizzly Bear, Owl."
"De réir an téacs, timpeall cén uair a chum Johannes Gutenberg an clóphreas le cineál so-aistrithe san Eoraip?","Creidtear gur chum Johannes Gutenberg an clóphreas le cineál so-aistrithe san Eoraip timpeall 1440. Óirghabhálaí de réir ceirde, thosaigh sé ag triail le clódóireacht i Strasbourg. Clóbhualadh a mhórshaothar, Bíobla Gutenberg, i Mainz timpeall 1455. Laghdaigh an aireagán seo go drámatúil an costas a bhain le leabhair a tháirgeadh agus scaip sé eolas go tapa ar fud na mór-roinne, ag cur go mór leis an Renaissance agus leis an Réabhlóid Eolaíochta. Cé gur cumadh cineál so-aistrithe níos luaithe sa tSín agus sa Chóiré, bhí dearadh Gutenberg, a chuimsigh dúch ola-bhunaithe agus múnlaí inchoigeartaithe, ina athrú teicneolaíochta ríthábhachtach san Iarthar.",Chum Gutenberg an clóphreas le cineál so-aistrithe san Eoraip timpeall 1440.
"Bunaithe ar an téacs a tugadh faoi Johannes Gutenberg, aithin an bhliain chomhfhogasach inar thosaigh a thréimhse forbartha chriticiúil i Mainz, liostaigh na trí phríomhnuaíochtaí a chóirigh sé, agus mínigh tionchar iomlán a aireagáin ar shochaí na hEorpa.","Thug Johannes Gutenberg, aireagóir, órcheardaí, clódóir, agus foilsitheoir Gearmánach, isteach an clódóireacht chineál inghluaiste meicniúil san Eoraip i lár an 15ú haois. Thosaigh a chuid oibre ceannródaíche timpeall 1440 in Strasbourg, cé gur tharla an tréimhse chriticiúil forbartha tar éis dó filleadh ar Mainz timpeall 1450. Ní an cineál inghluaiste féin amháin (a bhí ann cheana san Áise) a bhí i bpríomhnuaíocht Gutenberg, ach an córas iomlán a d’fhorbair sé: an preas meicniúil a oiriúnaíodh ó phreasanna fíona, dúch ola-bhunaithe a bhí oiriúnach don chlódóireacht, agus, go ríthábhachtach, aireagán múnla láimhe chun cineál marthanach comhsheasmhach a chaitheamh go héifeachtúil. Rinne an córas seo olltáirgeadh leabhar eacnamaíoch. Is í Bíobla Gutenberg (ar a dtugtar freisin an Bíobla 42-líne), a críochnaíodh timpeall 1455, an phríomhobair a bhaineann leis. Dhearbhaigh rath an Bhíobla seo inmharthanacht na teicneolaíochta nua. Roimh Gutenberg, rinneadh leabhair a chóipeáil de láimh, próiseas mall agus costasach a chuir teorainn le litearthacht. Trí chostas táirgeadh ábhar scríofa a laghdú go drámatúil, bhí ról mór ag an bpreas clódóireachta i bhforbairt na hAthbheochana, an Reifirméisean Protastúnach, agus Ré na hEagnaíochta, ag athrú bunúsach struchtúr shochaí na hEorpa agus ag cur dlús le scaipeadh an eolais.","Thosaigh an tréimhse chriticiúil forbartha do chóras clódóireachta Gutenberg timpeall 1450 tar éis dó filleadh ar Mainz. 

Ba iad seo a leanas na trí phríomhnuaíochtaí a chóirigh sé:
1. An preas meicniúil (a oiriúnaíodh ó phreasanna fíona).
2. Dúch ola-bhunaithe a bhí oiriúnach don chlódóireacht.
3. Aireagán múnla láimhe chun cineál marthanach comhsheasmhach a chaitheamh go héifeachtúil.

Bhí an tionchar iomlán ar shochaí na hEorpa as cuimse; trí chostas táirgeadh ábhar scríofa a laghdú go drámatúil, chuir an preas clódóireachta dlús le scaipeadh an eolais agus bhí ról mór aige i bhforbairt na hAthbheochana, an Reifirméisean Protastúnach, agus Ré na hEagnaíochta."
Liostaigh céimeanna gníomhaithe is féidir liom a ghlacadh anocht chun cáilíocht mo chodlata a fheabhsú láithreach.,,"Chun feabhas a chur ar do chodladh anocht, dírigh ar thrí phríomhréimse: an timpeallacht, an gnáthamh, agus an aiste bia. **An Timpeallacht:** Cinntigh go bhfuil do sheomra codlata fionnuar (idir 60-67°F nó 15-19°C, go hidéalach) agus go hiomlán dorcha. Bain úsáid as cuirtíní duibhe nó maisc súl más gá, mar is féidir le fiú méideanna beaga solais cur isteach ar thimthriallta REM. **An Gnáthamh:** Tosaigh tréimhse 'suaimhnis' 60 nóiméad ar a laghad roimh an am codlata atá beartaithe agat. Le linn na tréimhse seo, deireadh a chur le gach nochtadh do sholas gorm (fóin, táibléid, scáileáin teilifíse), mar go gcuireann solas gorm bac ar tháirgeadh meileatóinin. Ina ionad sin, léigh leabhar fisiciúil, éist le ceol suaimhneach, nó gabh isteach i síneadh éadrom nó machnamh. **Aiste Bia/Tomhaltas:** Seachain caiféin agus alcól a ól ar feadh ceithre huaire an chloig ar a laghad sula bhfuil sé ar intinn agat codladh. Cé go bhféadfadh alcól a bheith ina chúis leat a bheith codlatach ar dtús, déanann sé do chodladh a bhriseadh go mór níos déanaí san oíche, rud a fhágann droch-aisghabháil. Má chaithfidh tú greim bia a bheith agat, roghnaigh bianna éadroma, saibhir i dtríotófán, cosúil le banana nó cuid bheag de iógart simplí."
Conas a mhaolaigh méadú na cumarsáide digití uileláithrigh na teorainneacha traidisiúnta idir an saol gairmiúil agus an saol pearsanta?,,"Tá maolú na dteorainneacha gairmiúla agus pearsanta á thiomáint go bunúsach ag an nguthán cliste agus ag an gcultúr 'i gcónaí gníomhach' a chothaíonn sé. Go stairiúil, d'fheidhmigh an comaitéireacht mar aistriú fisiciúil agus meabhrach, ag tabhairt le fios gur tháinig deireadh leis an lá oibre. Sa lá atá inniu ann, iompraítear an oifig i bpóca an duine. 

Is í an t-ionchas, atá go minic neamhshonraithe, toisc gur *féidir* teacht ar fhostaí 24/7 trí ríomhphost nó aipeanna teachtaireachta, *gur chóir* dóibh a bheith freagrúil. Bíonn sé seo mar thoradh ar chreimeadh an ama phearsanta 'naofa', mar is féidir le cás éigeandála a bhaineann leis an obair nó fiú iarratas simplí cur isteach láithreach ar dhinnéar leis an teaghlach nó ar thuras deireadh seachtaine. Ciallaíonn an nascacht leanúnach seo, seachas 'cothromaíocht oibre is saoil' a bhaint amach, go bhfuil daoine aonair sáinnithe go minic i riocht 'comhtháthú oibre is saoil' ina gcuireann tascanna ó cheachtar réimse isteach go neamhrialta ar an réimse eile. Tá an costas síceolaíoch suntasach, ós rud é nach dtéann an inchinn i ndáiríre ar scor riamh agus nach dtagann sí chucu féin ón ualach cognaíoch san ionad oibre, rud a fhágann go dtiocfaidh méadú ar dhóiteán agus imní."
Mínigh príomhfheidhm na clóraifille i bplandaí.,,"Tá clóraifill riachtanach don fhótaisintéis. Ionsúnn sé fuinneamh solais, go príomha sna codanna dearga agus gorma den speictream solais, a úsáideann an planda ansin chun uisce agus dé-ocsaíd charbóin a thiontú go glúcós (siúcra) agus ocsaigin."
Gin liosta pacála le haghaidh turas seacht lá sa samhradh ag dul ar dhroim i dTuaisceart an Aigéin Chiúin.,,"**Éadaí:**
1. Sciatháin báistí (uisce-dhíonach/análaithe)
2. Buataisí siúlóide (briste isteach)
3. 3 péire stocaí a ionsúnn taise
4. Bunlaigh (barr/bun teirmeach)
5. Hata gréine

**Fearas:**
6. Puball éadrom
7. Mála codlata (rátáilte 30-40°F)
8. Sorn cócaireachta agus breosla
9. Scagaire uisce/táibléid íonúcháin
10. Canna béar nó stóras bia ceadaithe

**Sábháilteacht/Loingseoireacht:**
11. Ceannlampa agus cadhnraí breise
12. Léarscáil agus compás (nó gléas GPS)
13. Feiste Garchabhrach"
Déan cur síos ar an bpríomhbhealach agus ar an tábhacht stairiúil a bhaineann le Bóthar an tSíoda.,,"Ní bóthar amháin a bhí i mBóthar an tSíoda ach líonra ollmhór de bhealaí trádála idirnasctha a cheangail Oirthear na hÁise (ag tosú thart ar Chang'an sa tSín) leis an Meánmhuir agus codanna den Eoraip go príomha. Go stairiúil, shín a thábhacht i bhfad níos faide ná trádáil earraí sómhara cosúil le síoda agus spíosraí; ba é an feadán riachtanach é chun nuálaíochtaí teicneolaíochta (cosúil le páipéar agus priontáil), cleachtais chultúrtha, agus príomhreiligiúin (cosúil leis an Búdachas agus Ioslam) a mhalartú idir sibhialtachtaí na hÁise, na Peirse, na nArabach, agus na hEorpa ón dara haois RC ar aghaidh."
Céard í an deoch is fearr: caife nó tae?,,"Tá tábhacht mhór dhomhanda ag an gcaife agus ag an tae araon agus tairgeann siad buntáistí ar leith. Is minic a bhíonn an caife i bhfabhar mar gheall ar a phunch caiféin níos láidre agus a deasghnátha casta grúdaireachta (espresso, doirteadh-thairis). Tá éagsúlacht níos leithne blasanna, doimhneacht stairiúil, ag an tae, ar an láimh eile, agus is minic a sholáthraíonn sé scaoileadh fuinnimh níos séimhe, níos buanaí. Braitheann an rogha 'is fearr' go hiomlán ar an éifeacht atá uaidh ag an óltóir, ar a phróifíl blas, agus ar a chomhthéacs cultúrtha. Tá spás ann don dá dheoch iontach i réim bia cothrom."
"Ainmnigh na trí mhórdhéithe fireanna Gréagacha ar deartháireacha iad agus a roinn an cosmas, agus luaigh cén réimse a bhí faoi smacht ag gach duine acu.",,"Ba iad na trí mhórdhéithe deartháireacha a roinn an cosmas tar éis dóibh na Tíotánacha a threascairt ná Zeus, a bhí i gceannas ar an spéir agus ab é rí na ndéithe é; Poseidon, a bhí i gceannas ar an bhfarraige; agus Haidéas, a bhí i gceannas ar an Domhan Thíos."
Cén ócáid mhór ar tógadh Túr Eiffel ar dtús di?,,Tógadh Túr Eiffel mar áirse iontrála don Exposition Universelle 1889 (Aonach an Domhain) a bhí ar siúl i bPáras.
Mínigh léaslíne na himeachta de dhúpholl.,,"Is í léaslíne na himeachta an teorainn timpeall ar dhúpholl as a bhfuil sé dodhéanta d'aon rud, fiú solas, éalú. Is minic a thugtar 'an pointe nach féidir filleadh uaidh' air. Ní dromchla fisiciúil atá ann, ach teorainn sa spás-am atá sainithe ag an imtharraingt. Marcálann sé an fad ón uathúlacht ina sáraíonn an luas éalaithe luas an tsolais. Nuair a thrasnaíonn réad léaslíne na himeachta, caithfidh sé titim go dosheachanta i dtreo na huathúlachta i lár an dúphoill mar gheall ar an tarraingt imtharraingteach thar a bheith láidir. Go matamaiticiúil, tugtar ga Schwarzschild ar gha léaslíne na himeachta do dhúpholl nach bhfuil ag rothlú, agus tá a mhéid comhréireach díreach le mais an dúphoill."
Mionsonraigh na céimeanna riachtanacha a theastaíonn le haghaidh tionscnamh tionscadail agus pleanáil d’iarracht forbartha bogearraí ar scála meánach go mór.,,"Tugtar tús áite do thionscnamh tionscadail i roinnt céimeanna ríthábhachtacha atá ceaptha chun an raon feidhme a shainiú agus na hacmhainní riachtanacha a dhaingniú sula dtosaíonn an fhorbairt. Aistríonn na céimeanna seo an smaoineamh go plean tionscadail foirmiúil, inghníomhaithe. 

1. **Sainigh Raon Feidhme agus Cuspóirí:** Déan 'Cén Fáth' agus 'Cad' an tionscadail a dhoiciméadú go soiléir. Áirítear leis seo ceanglais fheidhmiúla ardleibhéil a aithint, príomhmhéadrachtaí ratha (KPIanna) a shainiú, agus na páirtithe leasmhara riachtanacha go léir a aithint.

2. **Staidéar Féidearthachta agus Buiséadú:** Cinntigh an bhfuil an tionscadal inmharthana go teicniúil, go heacnamaíoch agus go hoibríochtúil. Daingnigh an buiséad riachtanach, leithdháil cistí le haghaidh acmhainní (ceadúnais, bonneagar néil, pearsanra), agus socraigh bearta rialaithe costais.

3. **Foireann a Bhunú agus Róil:** Sann an Bainisteoir Tionscadail agus príomhbhaill na foirne (Ailtirí, Ceannairí, srl.). Sainigh róil agus freagrachtaí sonracha agus bunaigh an struchtúr cumarsáide agus an mhinicíocht cruinnithe.

4. **Measúnú Riosca agus Pleanáil Maolaithe:** Aithin constaicí inmheánacha agus seachtracha féideartha (m.sh., fiach teicniúil, srianta acmhainní, spleáchais ar chórais sheachtracha). Forbair pleananna teagmhais le haghaidh rioscaí ard-tosaíochta.

5. **Cairt an Tionscadail a Fhorbairt:** Déan gach doiciméadú tosaigh (raon feidhme, cuspóirí, páirtithe leasmhara, buiséad) a fhoirmiúlú i ndoiciméad amháin ceadaithe a údaraíonn go hoifigiúil don tionscadal dul ar aghaidh chuig na céimeanna mionsonraithe pleanála agus feidhmithe."
Cé a d'fhionn peinicillin agus cathain?,,"D'fhionn an dochtúir Albanach Alexander Fleming peinicillin sa bhliain 1928 in Ospidéal Naomh Muire i Londain. Thug sé faoi deara go raibh múnla, *Penicillium notatum*, tar éis mias cultúir de bhaictéir *Staphylococcus* a thruailliú trí thimpiste, agus go raibh an múnla ag cur cosc gníomhach ar fhás na mbaictéar. Cé gur bhain Fleming trioblóid as an cumasc a aonrú agus a chobhsú le haghaidh olltáirgeadh i dtús báire, bunaíodh a thábhacht chliniciúil níos déanaí agus d’fhorbair Howard Florey agus Ernst Chain é ina dhruga a shábháil beatha le linn na 1940idí, rud a thug Duais Nobel do na trí fhear sa bhliain 1945."
Liostaigh na trí fheidhmchlár bogearraí is riachtanaí do ghrafaicdhearóir neamhspleách atá ag tosú amach.,,"Ba chóir do ghrafaicdhearóir neamhspleách na trí fheidhmchlár seo a chur roimhe:
1. Adobe Photoshop (le haghaidh eagarthóireacht rastair agus ionramháil grianghraf).
2. Adobe Illustrator (le haghaidh grafaicí veicteora agus dearadh lógó).
3. Adobe InDesign (le haghaidh leagan amach, bróisiúir, agus ullmhúchán priontála)."
Cad iad na cúig phríomhchéim de Thimthriall Saoil Forbartha Bogearraí (SDLC) traidisiúnta?,,"1. Tiomsú agus Anailís Riachtanas
2. Dearadh Córais
3. Cur i bhFeidhm agus Códú
4. Tástáil agus Comhtháthú
5. Imscaradh agus Cothabháil"
"Aicmigh na láithreacha seo a leanas de réir a mór-roinne: Aswan, Oileáin Galápagos, Sydney.",,Tá Aswan san Afraic. Tá Oileáin Galápagos i Meiriceá Theas. Tá Sydney san Aigéine.
Sainmhínigh 'cultúr an chealaithe' agus mínigh na príomhargóintí ar a shon agus ina choinne go bhfuil sé ann sa tsochaí nua-aimseartha.,,"Is feiniméan socheolaíoch comhaimseartha é cultúr an chealaithe a thagraíonn don olltarraingt siar tacaíochta, idir shóisialta agus airgeadais, ó fhigiúirí poiblí nó ó eagraíochtaí tar éis dóibh a bheith i mbun iompraíochta nó ráitis a dhéanamh a mheastar a bheith maslach, conspóideach nó díobhálach. Is minic a léirítear an tarraingt siar tacaíochta seo trí náiriú ar líne, baghcatanna, agus éilimh ar iarmhairtí gairmiúla, a thionscnaítear de ghnáth ar ardáin na meán sóisialta.

Maíonn lucht tacaíochta chultúr an chealaithe gur uirlis riachtanach é le haghaidh cuntasachta daonlathaí. I dtimpeallacht meán díláraithe, tugann sé cumhacht do ghnáthdhaoine—go háirithe do phobail imeallaithe—chun eintitis chumhachtacha (daoine cáiliúla, polaiteoirí, corparáidí) a choinneáil cuntasach as mí-úsáidí sistéamacha, ciníochas, gnéasachas, nó díobhálacha stairiúla nach dteipeann ar institiúidí traidisiúnta (amhail córais dlí nó ranna AD) dul i ngleic leo go minic. Ón dearcadh seo, is cineál d'fhorfheidhmiú morálta comhchoiteann é 'cealú' a chuireann iallach ar aghaidh a thabhairt ar chaint nó iompraíocht dhíobhálach, rud a chruthaíonn athrú bríoch sa tsochaí.

Féachann an lucht freasúra, áfach, ar chultúr an chealaithe mar chineál de cheartas slua neamh-liobrálach a bhaineann an bonn den chóras cuí agus de shaoirse cainte. Dírítear cáineadh ar roinnt pointí: Ar an gcéad dul síos, is minic nach mbíonn na pionóis i gcomhréir leis an gcion, rud a fhágann go ndéantar damáiste gairmiúil mar gheall ar ráitis aonair nó ar ráitis atá débhríoch ó thaobh comhthéacs de. Ar an dara dul síos, spreagann sé cultúr eagla ina mbíonn daoine ar leithligh drogallach tuairimí mínádúrtha a chur in iúl nó dul i mbun díospóireachta macánta ar eagla na ciapadh spriocdhírithe. Ar an tríú dul síos, is minic a bhíonn easpa cuntasachta sa phróiseas, ag brath ar bhreithiúnais mheara, mhothúchánacha atá á gcur chun cinn ag aimpliú algartamach seachas ar imscrúdú fíorasach, rud a d'fhéadfadh, uaireanta, a bheith ina chúis le daoine neamhchiontacha a spriocdhíriú nó sean-chúisimh neamhfhíoraithe a athchúrsáil."
"Sainmhínigh agus déan idirdhealú idir na sáruithe rialacha cispheile coitianta seo a leanas: Taisteal (Traveling), Gearradh (Charging), agus Camfháil Theicniúil (Technical Foul).",,"Éilíonn tuiscint ar rialacha na cispheile go mbeadh a fhios agat an difríocht idir camfháil (teagmháil) agus sárú (earráidí nós imeachta). Is sárú coitianta é **Taisteal (Traveling)**, a tharlaíonn nuair a ghluaiseann imreoir a chos lárnach go mídhleathach agus an liathróid ina sheilbh aige, nó nuair a ghlacann sé an iomarca céimeanna gan an liathróid a phreabadh. Is sárú neamh-theagmhála é, agus bíonn cailleadh seilbhe mar thoradh ar an bpionós. Aicmítear **Gearradh (Charging)** mar chamfháil phearsanta ionsaitheach; tarlaíonn sé nuair a chuireann an t-imreoir atá ag preabadh nó ag caitheamh tús le teagmháil mhídhleathach le cosantóir neamhbheo a bhfuil seasamh dlíthiúil cosanta bunaithe aige. Bíonn caitheamh saor nó seilbh mar thoradh ar an teagmháil seo, ag brath ar an gcás. Ar deireadh, tá **Camfháil Theicniúil** ar leith toisc nach mbíonn teagmháil dhíreach a bhaineann le himirt ghníomhach i gceist leis de ghnáth, ach iompar mídhílis, agóidíocht le réiteoir, nó earráidí nós imeachta mar an iomarca sosanna. Is gnách go ngearrtar pionós ar chamfháil theicniúil le caitheamh saor agus seilbh leanúnach don fhoireann eile."
"Cén abhainn a aithnítear mar an abhainn is faide ar domhan go ginearálta, agus cé chomh fada is atá sí, a bheag nó a mhór?",,"Meastar go forleathan gurb í Abhainn na hAmasóine an abhainn is faide ar domhan, le fad de thart ar 6,992 ciliméadar (4,345 míle)."
Cad é an difríocht chriticiúil idir forsheoltóirí Cineál I agus Cineál II maidir le réimsí maighnéadacha?,"Is sraith d'airíonna fisiceacha í an fhorsheoltacht a fheictear i roinnt ábhar ina n-imíonn friotaíocht leictreach agus ina gcuirtear réimsí flosca maighnéadaigh amach as an ábhar nuair a fhuaraítear é faoi bhun teocht chriticiúil shaintréitheach. Tugtar éifeacht Meissner ar fheiniméan an dé-mhaighnéadachais fhoirfe. Go ginearálta, rangaítear forsheoltóirí i dhá chatagóir: Cineál I agus Cineál II. Cailleann forsheoltóirí Cineál I, miotail íon de ghnáth, an fhorsheoltacht go tobann os cionn aon réimse maighnéadach criticiúil amháin (Hc). I gcodarsnacht leis sin, taispeánann forsheoltóirí Cineál II (cóimhiotail nó comhdhúile ceirmeacha go minic) dhá réimse chriticiúla, Hc1 agus Hc2. Idir an dá réimse seo, is féidir le flosc maighnéadach dul isteach san ábhar go páirteach i bhfoirm guairneáin chandamaithe, rud a chiallaíonn nach gcuireann siad an réimse amach go hiomlán go dtí go sroichtear Hc2.","Cailleann forsheoltóirí Cineál I an fhorsheoltacht go tobann os cionn aon réimse maighnéadach criticiúil amháin (Hc), ach taispeánann forsheoltóirí Cineál II dhá réimse chriticiúla (Hc1 agus Hc2), rud a ligeann do fhlosc maighnéadach dul isteach san ábhar go páirteach i bhfoirm guairneáin chandamaithe idir na réimsí sin."
Cad é an bealach is fearr chun sconna cistine atá ag sileadh a dheisiú?,,"Ar dtús, aimsigh na comhlaí múchta faoin doirteal agus múch an soláthar uisce go hiomlán. Cinntigh cineál an sconna (m.sh., comhbhrú, datha, nó liathróid) mar go bhfuil an próiseas deisiúcháin éagsúil. I gcás na gcineálacha is coitianta, bain an caipín maisiúil agus an hanla chun gas an sconna a nochtadh. Ag úsáid sreangán nó uirlis speisialaithe, bain an gas agus seiceáil an leicneán nó na O-fháinní. Is iad na comhpháirteanna rubair seo is cúis leis an sileadh de ghnáth. Cuir comhpháirt nua chomhfhreagrach in ionad na coda caite, bealaigh na snáitheanna, agus athchóirigh an sconna. Cuir an t-uisce ar siúl arís go mall chun an deisiú a thástáil."
"Aicmigh na réimsí acadúla seo a leanas i dhá chatagóir: Daonnachtaí & Ealaíona nó Eolaíochtaí Nádúrtha: Réalteolaíocht, Dealbhóireacht, Teangeolaíocht, Ceimic Orgánach, agus Fealsúnacht.",,"Cuimsíonn Eolaíochtaí Nádúrtha Réalteolaíocht agus Ceimic Orgánach. Cuimsíonn Daonnachtaí & Ealaíona Dealbhóireacht, Teangeolaíocht, agus Fealsúnacht."
"Cruthaigh amlíne chronolaíoch de phríomhmhíleghníomhartha gnó Netflix a luaitear sa téacs. Tosaigh gach iontráil leis an mbliain agus bain úsáid as frásaí gairide, cur síosacha.","Bunaíodh Netflix i 1997 ag Reed Hastings agus Marc Randolph i Scotts Valley, California. Ar dtús, d’oibrigh sé mar sheirbhís ar cíos DVD tríd an bpost. I 1999, thug siad isteach coincheap an síntiúis mhíosúil, ag cur deireadh le táillí déanacha. Chuaigh an chuideachta go poiblí ar 29 Bealtaine, 2002. Tharla mórphointe casaidh in 2007 le tabhairt isteach na meán sruthaithe. Cuireadh tús le táirgeadh ábhar bunaidh in 2013 le scaoileadh 'House of Cards'. Faoi 2016, bhí a seirbhís dhomhanda leathnaithe acu go 130 tír nua, ag athrú a samhail ghnó go bunúsach.","1997: Bunaíodh mar sheirbhís ar cíos DVD tríd an bpost.
1999: Tugadh isteach coincheap an síntiúis mhíosúil.
2002: Chuaigh sé go poiblí (IPO).
2007: Tugadh isteach seirbhísí sruthaithe meán.
2013: Cuireadh tús le táirgeadh ábhar bunaidh.
2016: Leathnaíodh an tseirbhís dhomhanda go 130 tír nua."
"Céard é an sliabh is airde san Afraic, agus cén tír ina bhfuil sé suite?",,"Sliabh Kilimanjaro, suite sa Tansáin."
Cruthaigh liosta cuimsitheach pacála do thuras campála aonair ceithre lá sna Sléibhte Creagacha go déanach i mí Mheán Fómhair. Dírigh ar ullmhacht aimsir fhuar agus ar fhearas riachtanach.,,"## Liosta Campála Aonair Ceithre Lá Sna Sléibhte Creagacha (Go Déanach i Mí Mheán Fómhair)

### I. Foscadh & Codladh
- Puball 4 Shéasúr
- Mála Codlata (rátáilte 0°F / -18°C)
- Mata Codlata Inslithe
- Tarp Talún/Lorg
- Piliúr beag inséidte

### II. Éadaí (Córas Cisealaithe)
- **Bun-Chiseal:** 2 shraith d'fho-éadaí fada olann Mherino (barr & bun)
- **Meán-Chiseal:** Geansaí lomra, Seaicéad te inslithe (clúmh nó sintéiseach)
- **Ciseal Seachtrach:** Seaicéad agus bríste sliogán uiscedhíonach/gaothdhíonach
- 4 Phéire Stocaí Fánaíochta Olann
- Buataisí fánaíochta uiscedhíonacha
- Beanie/hata te agus lámhainní/miotáin inslithe
- Hata gréine (don am lae)

### III. Cócaireacht & Uisce
- Sorn droma iniompartha agus canna breosla (breise)
- Pota cócaireachta agus uirlisí
- 4 Lá de bhéilí díhiodráitithe/reo-thriomaithe + sneaiceanna ard-calraí
- Scagaire uisce nó táibléid íonúcháin
- 2 x buidéal uisce 1L + taiscumar 2L
- Canna iompróidh (riachtanach i go leor áiteanna sna Sléibhte Creagacha)

### IV. Loingseoireacht & Sábháilteacht
- Léarscáil Thopagrafach agus Compás
- Ceannlampa (le cadhnraí breise)
- Trealamh Garchabhrach (cógais phearsanta + cúram mboilgeog)
- Il-uirlis/Scian
- Sprae iompróidh (inrochtana go héasca)
- Feadóg
- Túsóir tine (maidíní uiscedhíonacha/lastóir)

### V. Ilghnéitheach
- Grianscéithe agus éarthaigh feithidí
- Spéaclaí gréine
- Áiseanna sláintíochta agus mála WAG/Tráithnín
- Mála droma (acmhainn 50L-70L)
- Fón agus luchtaire iniompartha/banc cumhachta"
"Cén ceann de Ghealacha Ghailíleo Iúpatair atá ar an ngealach is mó sa ghrianchóras, agus cén ghealach arb í an ghníomhaíocht gheolaíoch is gníomhaí is saintréith di?","Is iad Gealacha Ghailíleo a thugtar ar na ceithre ghealach is mó de chuid Iúpatair: Io, Europa, Ganymede, agus Callisto. Is í Io an domhan is gníomhaí ó thaobh na geolaíochta de sa ghrianchóras, ag maíomh as na céadta bolcán a chothaítear le téamh taoide ó tharraingt imtharraingteach ollmhór Iúpatair. Tá Europa beagán níos lú ná Io agus tá suim ar leith ag eolaithe inti toisc go dtugann fianaise láidir le fios go bhfuil aigéan ollmhór faoin dromchla d’uisce leachtach faoina screamh oighreata, rud a fhágann gur sprioc é le haghaidh staidéir fhéideartha ar ináitritheacht. Is é Ganymede an ghealach is mó sa ghrianchóras, níos mó fós ná an pláinéad Mearcair, agus is í an t-aon ghealach í a bhfuil a maighnéadasféar féin aici. Ar deireadh, tá an dromchla is sine agus is mó cráitéir ag Callisto, an ceann is faide amach de Ghealacha Ghailíleo, rud a thugann le fios fíorbheagán gníomhaíochta geolaíche ó bunaíodh í.","Is é Ganymede an ghealach is mó sa ghrianchóras, níos mó fós ná an pláinéad Mearcair. Is í Io is saintréith di an ghníomhaíocht gheolaíoch is gníomhaí, ina bhfuil na céadta bolcán, agus déantar cur síos uirthi mar an domhan is gníomhaí ó thaobh na geolaíochta de sa ghrianchóras."
"Cén chaoi a bhfuil struchtúr an chéad chohóirt difriúil ó struchtúr na naoi gcohórt eile i Léigiún Rómhánach tipiciúil, de réir an chur síos a tugadh?","An Léigiún Rómhánach ab ea an t-aonad bunúsach míleata d'arm na Róimhe ársa, a raibh idir 4,200 agus 5,200 saighdiúir ann de ghnáth. Laistigh den Léigiún, ba é an cóhórt an fo-roinnt oirbheartaíochta bunscoile. De ghnáth, bhí deich gcohórt i léigiún iomlán. Ba mhinic an chéad chohórt faoi dhó chomh láidir, le cúig cheann de chéadta de 160 fear an ceann, agus ba ann a bhí na saighdiúirí ba mhó taithí sa léigiún. Bhí na naoi gcohórt eile comhdhéanta de shé chéad de 80 fear an ceann. Ba é ceannaire céad (centurion) a bhí i gceannas ar chéad (century), agus ba mhinic 'optio,' a leascheannasaí, ag cabhrú leis.","Bhí an chéad chohórt faoi dhó chomh láidir, comhdhéanta de chúig chéad le 160 fear an ceann, ach bhí na naoi gcohórt eile comhdhéanta de shé chéad, le 80 fear i ngach ceann."
Cén chathair ina bhfuil an Hagia Sophia suite?,,"Tá an Hagia Sophia, iar-séipéal agus mosc a bhfuil tábhacht stairiúil leis, suite in Iostanbúl, an Tuirc."
"Cur síos ar na héifeachtaí ar phlanda tí a bhfuil grá aige don scáth má bhogtar go tobann é isteach i solas díreach, dian na gréine.",,"Is é is toradh don athrú tobann seo ná riocht ar a dtugtar dóiteán gréine nó dóiteán duilleoige. Toisc go bhfuil duilleoga an phlanda oiriúnaithe do sholas íseal (cúiticle tanaí, dlús ard clóraifille), ní féidir leo déileáil leis an radaíocht UV dhian agus leis an teas. Laistigh d'uair an chloig, beidh tras-ghalú iomarcach ag an bplanda, rud a fhágann go mbeidh sé ag feo go tapa. I rith an lae nó an dá lá dár gcionn, déanfar an chlóraifill a scriosadh, rud a fhágfaidh paistí bána, buí nó donna (spotaí neacróiseacha) ar na duilleoga. Mura mbogtar ar ais sa scáth é go tapa, ídeoidh an planda a chuid cúlchistí fuinnimh ag iarraidh an damáiste a dheisiú agus d'fhéadfadh sé bás a fháil sa deireadh, nó ar a laghad, gach duilliúr damáistithe a chailleadh."
"Cé a chríochnaigh agus a d'fhoilsigh an saothar The Silmarillion i ndiaidh bhás J.R.R. Tolkien, agus cén uair a eisíodh é?",,"Chuir an mac ab óige ag J.R.R. Tolkien, Christopher Tolkien, The Silmarillion le chéile agus chuir sé in eagar é, ag baint úsáide as nótaí agus lámhscríbhinní a athar a bhí fairsing agus go minic contrártha. Foilsíodh é den chéad uair i ndiaidh a bháis i 1977 ag George Allen & Unwin sa Ríocht Aontaithe agus ag Houghton Mifflin sna Stáit Aontaithe."
"Cé acu is mamal nó reiptíl: Aligátor, Deilf",,"Is reiptíl é an t-Aligátor, is mamal í an Deilf"
Déan cur síos ar na príomh-chomhábhair agus na bunchéimeanna a theastaíonn chun builín caighdeánach aráin ghoirt a bhácáil.,,"Is iad na príomh-chomhábhair uisce, plúr (de ghnáth meascán de phlúr uilechuspóireach nó plúr aráin agus cruithneacht iomlán/seagal), agus salann. Mar sin féin, is é an comhpháirt ríthábhachtach an t-úsáideoir aráin ghoirt gníomhach, cultúr beo de ghiostaí fiáine agus baictéir. Baineann ceithre phríomhchéim leis an mbunphróiseas: 1) Comhábhair a mheascadh (go minic lena n-áirítear sos uathlísithe); 2) Coipeadh mórchóir (an chéim is faide, a ligeann don taos ardú); 3) An taos a mhúnlú agus fuar-phrúfáil (an taos a chuisniú i gciseán banneton); agus 4) Bácáil i bpota Dúitseach nó ar chloch bácála chun screamh ghéar a bhaint amach."
"Mínigh na príomhdhifríochtaí idir Python agus Java, ag díriú go sonrach ar a dtimpeallacht fhorghníomhaithe agus ar ghnáthfheidhmeanna.",,"Is teanga ardleibhéil léirmhínithe í Python atá clúiteach as inléiteacht agus forbairt thapa. I measc a príomhfheidhmeanna tá eolaíocht sonraí, foghlaim meaisín, forbairt gréasáin (cúlra), agus scriptiú. Ritheann sé i dtimpeallacht léirmhínithe. Os a choinne sin, is teanga thiomsaithe í Java a ritheann ar an Meaisín Fíorúil Java (JVM), rud a fhágann go bhfuil sé neamhspleách ar ardán ('Scríobh uair amháin, rith in áit ar bith'). Úsáidtear Java de ghnáth le haghaidh córais ar leibhéal fiontair, forbairt Android, agus feidhmchláir mhórscála ina bhfuil luas agus cobhsaíocht ríthábhachtach. Go ginearálta, tugann Python tús áite do luas an fhorbróra, cé go dtugann Java tús áite do luas forghníomhaithe agus do struchtúr láidir."
"Aicmigh na nithe seo a leanas bunaithe ar a gcomhdhéanamh ceimiceach mar Dhúil, mar Chomhdhúil, nó mar Mheascán: Ór, Uisce, Aer, Domhantarraingt, Salann (NaCl), Cruach, Solas, Ocsaigin (O₂), Sailéad, Deasc.",,"Seo a leanas na haicmí:

**Dúile (Substaint íon, cineál amháin adamh):**
*   Ór (Au)
*   Ocsaigin (O₂)

**Comhdhúile (Substaint íon, dhá dhúil nó níos mó atá nasctha go ceimiceach):**
*   Uisce (H₂O)
*   Salann (NaCl)

**Meascáin (Comhcheangal fisiceach substaintí):**
*   Aer (meascán aonchineálach de nítrigin, ocsaigin, agus argón go príomha)
*   Cruach (meascán aonchineálach/cóimhiotal d'iarann agus de charbón)
*   Sailéad (meascán ilchineálach de ghlasraí agus de chóirithe éagsúla)

**Míreanna nach féidir a aicmiú go ceimiceach:**
*   **Domhantarraingt:** Fórsa fisiceach bunúsach é seo, ní substaint cheimiceach.
*   **Solas:** Radaíocht leictreamaighnéadach é seo (fuinneamh), ní damhna le comhdhéanamh ceimiceach.
*   **Deasc:** Réad macrascópach é seo, atá comhdhéanta de ghnáth d'ábhair (cosúil le adhmad nó miotal) ar meascáin nó comhdhúile casta iad féin, ach ní aicmiú ceimiceach caighdeánach (Dúil, Comhdhúil, Meascán) é an réad féin."
Mínigh coincheap na Fótaisintéise.,,"Is é an fhótaisintéis an próiseas a úsáideann plandaí, algaí, agus roinnt baictéir chun fuinneamh solais, ón ghrian de ghnáth, a thiontú go fuinneamh ceimiceach (siúcraí/glúcós) is féidir a úsáid chun gníomhaíochtaí an orgánaigh a bhreoslú."
Cinntigh an úsáideann Python agus Java clóscríobh statach nó dinimiciúil.,,"Úsáideann Java clóscríobh statach, agus úsáideann Python clóscríobh dinimiciúil."
"Céard ab é fad an fhanachta leanúnaigh is faide ar dhromchla na gealaí le linn clár Apollo, formáidithe mar [Laethanta:Uaireanta:Miontuairiscí]?","Chríochnaigh clár Apollo sé thuirlingt ghealaí le foireann idir 1969 agus 1972 go rathúil. Cé gur bhain fanachtaí níos giorra ná 75 uair an chloig leis an gcuid is mó de na misin, is ag Apollo 17 atá an taifead don fhanacht leanúnach is faide. Chaith na spásairí Eugene Cernan agus Harrison Schmitt 75 uair an chloig, 0 nóiméad, agus 57 soicind san iomlán ag iniúchadh ghleann Taurus-Littrow.",03:03:00
Cé a bhfuil an creidiúint aige as an nGréasán Domhanda Leathan a chumadh?,,Tim Berners-Lee
Mínigh Teoiric an Mhórphléasctha.,"Is í Teoiric an Mhórphléasctha an príomhshamhail chosmeolaíoch a mhíníonn conas a thosaigh agus a d'fhorbair an chruinne. De réir na teoirice, thosaigh an chruinne mar phonc fíorte te, dlúth (singúlacht) timpeall 13.8 billiún bliain ó shin. Tar éis an staid tosaigh seo, thosaigh an chruinne ag leathnú go tapa, próiseas ar a dtugtar boilsciú cosmach. De réir mar a leathnaigh agus a fhuaraigh sí, cruthaíodh cáithníní bunúsacha, a tháinig le chéile ar deireadh chun adaimh hidrigine agus héiliam a chruthú timpeall 380,000 bliain tar éis an Mhórphléasctha. Le linn tréimhsí fada ama, ba chúis leis an domhantarraingt go ndlúthódh na hadaimh tosaigh seo le chéile, ag cruthú na gcéad réaltaí agus réaltnéalta, rud a d'fhág go raibh struchtúr na cruinne mar a fheicimid inniu ann.","Is í Teoiric an Mhórphléasctha an tsamhail chosmeolaíoch a dhéanann cur síos ar thús na cruinne mar leathnú tapa ó singúlacht thar a bheith te, dhlúth timpeall 13.8 billiún bliain ó shin, rud a d'eascair foirmiú an damhna ar fad a breathnaíodh agus na struchtúir chosmeacha."
"Conas a chumraím líonra aoi slán, scartha ar Unifi UDM Pro ag baint úsáide as VLANanna agus rialacha balla dóiteáin?",,"Chun líonra aoi atá scartha go slán a chumrú ar Unifi Dream Machine Pro (UDM Pro), tá trí phríomhchéim i gceist: an líonra/VLAN a chruthú, an SSID Wi-Fi comhcheangailte a shocrú, agus rialacha dochta balla dóiteáin a chur i bhfeidhm chun trácht trasshlíonra a chosc. 

**Céim 1: Cruthaigh an Líonra Nua agus an VLAN**
1.  Téigh chuig 'Settings' (Socruithe) > 'Networks' (Líonraí) i gcomhéadan an Rialtóra Unifi.
2.  Cliceáil 'Add New Network' (Cuir Líonra Nua Leis).
3.  Ainmnigh an líonra (m.sh., 'Guest-VLAN20').
4.  Socraigh an 'Purpose' (Cuspóir) mar 'Standard' (Caighdeánach). Láimhseálfaidh an UDM Pro DHCP agus ródú don líonra seo.
5.  Sann ID VLAN tiomnaithe (m.sh., 20). Tá sé seo ríthábhachtach chun trácht ar do lasca agus pointí rochtana a chlibeáil.
6.  Roghnaigh foghréasán atá difriúil ó do phríomhlíonra (m.sh., 192.168.20.1/24).
7.  Faoi 'Advanced Configuration' (Cumraíocht Ardleibhéil), cumasaigh 'Network Isolation' (Aonrú Líonra). Cuireann sé seo aonrú gléasanna cliant i bhfeidhm *laistigh* den líonra aoi, rud a chiallaíonn nach féidir le cliaint labhairt lena chéile.
8.  Sábháil an líonra.

**Céim 2: Cumraigh an Líonra Gan Sreang (SSID)**
1.  Téigh chuig 'Settings' (Socruithe) > 'Wi-Fi'.
2.  Cliceáil 'Add New Wi-Fi Network' (Cuir Líonra Wi-Fi Nua Leis).
3.  Ainmnigh an SSID (m.sh., 'Public Guest Wi-Fi' - Wi-Fi Aoi Poiblí) agus socraigh pasfhocal láidir, simplí.
4.  Faoi ​​anuasliosta an 'Network' (Líonra), nasc an SSID seo leis an líonra nua-chruthaithe 'Guest-VLAN20'.
5.  Cumasaigh an bosca seiceála 'Guest Policy' (Polasaí Aoi). Moltar é seo toisc go ngníomhaíonn sé gnéithe aonraithe Ciseal 2 ionsuite Unifi agus go bhféadfaidh sé tairseach gafa simplí a sholáthar más gá.

**Céim 3: Cuir Rialacha Balla Dóiteáin i bhFeidhm (An Scaradh Ríthábhachtach)**
Cé go soláthraíonn 'Network Isolation' (Aonrú Líonra) scaradh cliant inmheánach, tá rialacha saincheaptha balla dóiteáin 'LAN In' riachtanach chun a chinntiú nach féidir le haíonna rochtain a fháil ar do phríomhlíonra áitiúil (LAN) ná ar ghléasanna bainistíochta.

1.  Téigh chuig 'Settings' (Socruithe) > 'Firewall' (Balla Dóiteáin) > 'Rules' (Rialacha).
2.  Roghnaigh an cluaisín 'LAN In'. Rialaíonn sé seo trácht ag bogadh *ó* líonra inmheánach (cosúil leis an VLAN aoi) *chuig* do phríomhlíonra.
3.  **Rial 1: Cosc ar Gach Rochtain ar Phríomh-LAN/Foghréasáin (Drop)**
    *   **Gníomh:** Drop (Scaoil)
    *   **Cur Síos:** Cosc ar Rochtain Aoi ar Phríomh-LAN agus Foghréasáin Íogaire
    *   **Comhéadan/Treo:** LAN In
    *   **Foinse:** 'Type' (Cineál) > 'Network' (Líonra) > 'Guest-VLAN20' (an líonra a chruthaigh tú díreach)
    *   **Ceann Scríbe:** 'Type' (Cineál) > 'Network' (Líonra) > 'LAN' (do phríomhlíonra inmheánach, m.sh., 192.168.1.0/24).
    *   *Suíomh:* Cinntigh go bhfuil an rial seo gar do bharr an liosta (roimh aon rialacha 'Allow Established/Related') ionas go ndéanfar é a mheas ar dtús.
4.  **Rial 2: Ceadaigh DNS agus DHCP chuig UDM Pro (Riachtanach)**
    *   Seans go mbeidh rialacha sainráite uait chun ligean d’aíonna cumarsáid a dhéanamh leis an UDM Pro féin le haghaidh seirbhísí riachtanacha (cosúil le ceisteanna DNS agus iarratais DHCP) má chuireann socruithe réamhshocraithe dochta bac orthu. Go hiondúil, láimhseálann rialacha 'Allow Established/Related' (Ceadaigh Bunaithe/Gaolmhar) é seo, ach má leanann fadhbanna ar aghaidh, cruthaigh rial 'Allow' (Ceadaigh) do phoirt 53 (DNS) agus 67/68 (DHCP) ag díriú ar IP geata an UDM Pro."
"Bunaithe ar an téacs a chuirtear ar fáil faoin ARPANET, cad iad na heagraíochtaí sonracha a bhí páirteach i maoiniú nó bainistiú an líonra tar éis é a bhunú?","Líonra luath um athrú paicéad ab ea Líonra na Gníomhaireachta Ardtaighde Tionscadal (ARPANET) agus ba é an chéad líonra a chuir an tsraith prótacal TCP/IP i bhfeidhm. Ba iad an dá theicneolaíocht sin a d'éirigh mar bhunús teicniúil an Idirlín. Bunaíodh ARPANET ag Gníomhaireacht na dTionscadal Ardtaighde (ARPA) de chuid Roinn Cosanta na Stát Aontaithe. Rinne ARPA é a mhaoiniú i dtús báire, agus ina dhiaidh sin ag an National Science Foundation (NSF). Cuireadh an chéad teachtaireacht, 'LOGIN,' ar 29 Deireadh Fómhair, 1969, ó ríomhaire ag UCLA chuig ceann ag an Stanford Research Institute (SRI). Mar sin féin, thit an córas as a chéile tar éis an 'G.' Faoi 1975, dearbhaíodh ARPANET a bheith oibríochtúil agus aistríodh smacht chuig an Defense Communications Agency (DCA).",Bunaíodh an líonra agus rinne Gníomhaireacht na dTionscadal Ardtaighde (ARPA) é a mhaoiniú i dtús báire. Rinne an National Science Foundation (NSF) é a mhaoiniú ina dhiaidh sin. Aistríodh an smacht chuig an Defense Communications Agency (DCA) sa bhliain 1975.
Mínigh na príomhdhifríochtaí idir líonraí soghluaiste 4G agus 5G.,,"Tá príomhdhifríochtaí idir líonraí 4G (LTE) agus 5G bunaithe ar thrí phríomhmhéadracht: luas, fad moille (laigean), agus acmhainn. Cuireann 5G buaicluais theoiriciúil suas le 10 Gbps ar fáil, atá i bhfad níos tapúla ná buaicluas 4G de thart ar 100 Mbps (cé go bhfuil luasanna sa saol réadach níos ísle don dá cheann). Laghdaítear an fad moille go mór i 5G, ag titim ó ghnáth-50-100 milleasoicind i 4G go dtí b'fhéidir chomh híseal le 1 milleasoicind. Tá an fad moille ultra-íseal seo ríthábhachtach d'fheidhmchláir ríthábhachtacha misean ar nós máinliacht iargúlta agus feithiclí uathrialacha. Ar deireadh, úsáideann 5G raon speictrim níos leithne, lena n-áirítear tonn milliméadar (mmWave), rud a ligeann dó dul i ngleic le i bhfad níos mó gléasanna nasctha ag an am céanna (dlús acmhainne níos airde), rud atá riachtanach d'fhás Idirlíon na nEarraí (IoT)."
Céard é an tsiombail cheimiceach don ór?,,Au
Cad iad na fachtóirí is tábhachtaí le breithniú agus post nó conair ghairme nua á roghnú?,,"Éilíonn roghnú post nua nó conair ghairme nua cothromaíocht a aimsiú idir sásamh pearsanta agus riachtanais phraiticiúla. Fachtóir criticiúil amháin is ea Cúiteamh agus Sochair, ag cinntiú go gcomhlíonann an tuarastal do spriocanna airgeadais agus go bhfuil sochair cosúil le hárachas sláinte agus scéimeanna pinsin leordhóthanach. Tá Cothromaíocht Oibre-Saoil chomh tábhachtach céanna, lena n-áirítear sceidealú solúbtha, uaireanta réasúnta, agus am saoire, rud a choscann dóchán agus a cheadaíonn gníomhaíochtaí pearsanta. Tugann go leor daoine tús áite d’Ús Pearsanta agus do Bhrí, ag iarraidh ról ina mbraitheann siad paiseanta faoin obair féin agus ina bhfuil a gcúraimí laethúla ag teacht lena luachanna. Thairis sin, cuir san áireamh Acmhainneacht Fáis Gairme; déan measúnú an bhfuil deiseanna foghlama, forbairt scileanna, agus soghluaisteacht aníos laistigh den eagraíocht nó den tionscal á dtairiscint ag an ról. Ar deireadh, tá Cultúr agus Timpeallacht na Cuideachta ríthábhachtach, mar is féidir le cultúr tocsaineach nó mí-oiriúnach sásamh poist a bhaint de dhuine beag beann ar thuarastal nó teideal."
Cá háit agus cén uair a forbraíodh an preas clódóireachta nua-aimseartha le cló soghluaiste?,"Forbraíodh an preas clódóireachta Eorpach, ag baint úsáide as cló soghluaiste meicniúil, sa Impireacht Naofa Rómhánach timpeall na bliana 1440 ag Johannes Gutenberg, gabha óir Gearmánach ó chathair Mainz. Cé go raibh foirmeacha luatha de chlóphriontáil bloc in úsáid le haghaidh na gcéadta bliain, go háirithe sa tSín agus sa Chóiré, ba é príomhrannchuidiú Gutenberg ná teicneolaíochtaí éagsúla a bhí ann cheana féin (lena n-áirítear an preas scriú a bhí ar eolas ó tháirgeadh fíona agus ola) a chomhcheangal i gcóras cuimsitheach amháin.

Bhain córas Gutenberg le aireagán próisis chun cló soghluaiste a olltáirgeadh bunaithe ar chóimhiotal miotail, forbairt dúigh speisialaithe, agus tógáil struchtúir phreas clódóireachta adhmaid. Laghdaigh an nuálaíocht seo go mór an costas a bhain le leabhair agus doiciméid a tháirgeadh i gcomparáid le cóipeáil láimhe nó clóphriontáil bloc.

Chuir an aireagán tús leis an Réabhlóid Chló. D'athraigh sé go bunúsach an chaoi a ndearnadh faisnéis a stóráil agus a scaipeadh, ag imirt ról lárnach i gcur chun cinn an Renaissance, an Reifirméisean Protastúnach, agus an réabhlóid eolaíoch. Roimh Gutenberg, ní bheadh ach cúpla céad imleabhar i leabharlann ollscoile; laistigh de 50 bliain óna aireagán, bhí na milliúin leabhar clóite i gcúrsaíocht ar fud na hEorpa. Is é an Bíobla Gutenberg 42-líne, a clóbhualadh timpeall na bliana 1455, an táirge is íocónaí den ré luath seo.","Forbraíodh an preas clódóireachta Eorpach, ag baint úsáide as cló soghluaiste meicniúil, sa Impireacht Naofa Rómhánach timpeall na bliana 1440 ag Johannes Gutenberg, gabha óir Gearmánach ó chathair Mainz. Cé go raibh foirmeacha luatha de chlóphriontáil bloc in úsáid le haghaidh na gcéadta bliain, go háirithe sa tSín agus sa Chóiré, ba é príomhrannchuidiú Gutenberg ná teicneolaíochtaí éagsúla a bhí ann cheana féin (lena n-áirítear an preas scriú a bhí ar eolas ó tháirgeadh fíona agus ola) a chomhcheangal i gcóras cuimsitheach amháin.

Bhain córas Gutenberg le aireagán próisis chun cló soghluaiste a olltáirgeadh bunaithe ar chóimhiotal miotail, forbairt dúigh speisialaithe, agus tógáil struchtúir phreas clódóireachta adhmaid. Laghdaigh an nuálaíocht seo go mór an costas a bhain le leabhair agus doiciméid a tháirgeadh i gcomparáid le cóipeáil láimhe nó clóphriontáil bloc.

Chuir an aireagán tús leis an Réabhlóid Chló. D'athraigh sé go bunúsach an chaoi a ndearnadh faisnéis a stóráil agus a scaipeadh, ag imirt ról lárnach i gcur chun cinn an Renaissance, an Reifirméisean Protastúnach, agus an réabhlóid eolaíoch. Roimh Gutenberg, ní bheadh ach cúpla céad imleabhar i leabharlann ollscoile; laistigh de 50 bliain óna aireagán, bhí na milliúin leabhar clóite i gcúrsaíocht ar fud na hEorpa. Is é an Bíobla Gutenberg 42-líne, a clóbhualadh timpeall na bliana 1455, an táirge is íocónaí den ré luath seo."
Liostaigh ceithre earra riachtanacha neamhbhia ba chóir do dhuine a phacáil le haghaidh turas bóthair il-lae tras-tíre.,,"Ba chóir go n-áireofaí ar seicliosta maith cáblaí tosaithe, trealamh garchabhrach lánstocáilte, sraith iontaofa de luchtairí fón/gléas, agus bonn spártha mar aon leis na huirlisí cuí (seac/sreangán)."
"Céard iad na tionchair theicneolaíocha agus sochaíocha ba shuntasacha agus ba bhuanaí a bhí ag an Rás Spáis ar na Stáit Aontaithe, seachas an tuirlingt ar an ngealach?",,"Chatalaisaigh an Rás Spáis dul chun cinn ollmhór teicneolaíochta, seachas eolaíocht roicéad amháin. Mar gheall ar an riachtanas comhpháirteanna iontaofa, beaga, éadroma, spreagadh forbairt na micrileictreonaice, lena n-áirítear ciorcaid iomlánaithe (slisní CI), atá mar bhunús le ríomhairí nua-aimseartha agus leictreonaic tomhaltóra. Ina theannta sin, spreag sé fás chumarsáid nua-aimseartha satailíte, GPS, agus monatóireacht aimsire. Sa réimse sochaíoch, chuir seoladh Sputnik uafás ar na Stáit Aontaithe, rud a d'eascair bunú NASA agus infheistíocht ollmhór fheidearálach san oideachas eolaíochta agus innealtóireachta tríd an Acht Oideachais Cosanta Náisiúnta (NDEA) i 1958. Chuir an t-athrú seo an bhéim bhunúsach ar réimsí ETIM (Eolaíocht, Teicneolaíocht, Innealtóireacht, Matamaitic) i gcuraclaim Mheiriceá ar bun, a mhaireann inniu. Chuir teicneolaíochtaí a forbraíodh ar dtús le haghaidh monatóireacht spásairí go mór le híomháú leighis agus eolaíocht ábhar chun cinn, amhail Teiflean agus cúr cuimhne."
Cad iad na príomh-staitisticí uimhriúla a chuireann síos ar mhéid fisiciúil agus comhdhéanamh na Sceire Móire Bacainne?,"Is í an Sceir Mhór Bacainne an córas sceireacha coiréil is mó ar domhan, comhdhéanta de bhreis is 2,900 sceir aonair agus 900 oileán, a shíneann thar 2,300 ciliméadar (1,400 míle) thar achar de thart ar 344,400 ciliméadar cearnach (133,000 míle cearnach). Tá an sceir suite i Muir na Coiréile, amach ó chósta Queensland, an Astráil. Ainmníodh í mar Láithreán Oidhreachta Domhanda UNESCO i 1981 agus is féidir í a fheiceáil ón spás amuigh.","Comhdhéanta de bhreis is 2,900 sceir aonair agus 900 oileán; síneann sé thar 2,300 ciliméadar; clúdaíonn sé achar de thart ar 344,400 ciliméadar cearnach."
Mínigh coincheap na 'polaiméireachta' sa ríomhchlárú atá dírithe ar oibiachtaí.,,"Is prionsabal é an Pholaiméireacht, a chiallaíonn 'go leor cruthanna', a ligeann d’oibiachtaí glacadh le cruthanna iomadúla nó freagairt don ghlao modha céanna ar bhealaí éagsúla. De ghnáth baintear é seo amach trí fhorscríobh modhanna (nuair a sholáthraíonn fo-aicme cur i bhfeidhm sonrach de mhodh atá sainithe cheana féin ina máthair-aicme) nó trí ró-ualú modhanna (nuair a bhíonn an t-ainm céanna ach paraiméadair éagsúla ag modhanna iomadúla san aicme chéanna). Tá an Pholaiméireacht ríthábhachtach chun cód solúbtha in-athúsáidte a thógáil, toisc go ligeann sé d'aon chomhéadan amháin cineálacha sonraí éagsúla a láimhseáil."
Mínigh an croídhifríocht idir ról an Mháistir Scrum agus ról an Úinéara Táirge i gcreatlach Aclaí (Agile).,,"Is róil ar leith iad an Máistir Scrum agus an tÚinéir Táirge, ach comhoibríonn siad go dlúth, agus tá siad ríthábhachtach d'fhoireann rathúil Scrum. Is é an **tÚinéir Táirge (UT)** an té atá freagrach go príomha as *cad* a thógann an fhoireann. Díríonn siad amach, ag gníomhú mar ghuth an chustaiméara agus na bpáirtithe leasmhara. I measc a ndualgas tá luach an táirge a uasmhéadú, an Cúlchiste Táirge a bhainistiú, critéir ghlactha a shainiú, agus na míreanna sa chúlchiste a ordú bunaithe ar thosaíocht ghnó. Os a choinne sin, is é an **Máistir Scrum (MS)** an té atá freagrach as *conas* a thógann an fhoireann é. Is ceannaire seirbhíse é an MS a dhéanann cóitseáil ar an bhfoireann i gcleachtais Scrum, a chuidíonn le constaicí a chuireann moill ar an bhfoireann a bhaint, a éascaíonn cruinnithe, agus a chinntíonn timpeallacht tháirgiúil inar féidir leis an bhfoireann incrimintí a sheachadadh go héifeachtúil. Cé go ndíríonn an UT ar an táirge agus ar an luach, díríonn an MS ar an bpróiseas agus ar fheidhmíocht na foirne."
"Cad é neasluas an tsolais i méadair in aghaidh an tsoicind, de réir an téacs a tugadh?","Tá luas an tsolais i bhfolús thart ar 299,792,458 méadar in aghaidh an tsoicind (186,282 míle in aghaidh an tsoicind). I gcodarsnacht leis sin, tá luas an fhuaim i bhfad níos moille, ag taisteal ag thart ar 343 méadar in aghaidh an tsoicind amháin (767 míle in aghaidh na huaire) faoi ghnáthchoinníollacha ag leibhéal na farraige.","Is é neasluas an tsolais i bhfolús ná 299,792,458 méadar in aghaidh an tsoicind."
Cad é príomhfheidhm an hipocampais san inchinn dhaonna?,,"Is comhpháirt mhór den inchinn dhaonna é an hipocampas, tá baint aige go príomha le cuimhne, go háirithe le cruthú cuimhní fadtéarmacha nua agus loingseoireacht spásúlachta. Tá ról ríthábhachtach aige i gcomhdhlúthú eolais ó chuimhne ghearrthéarmach go stóráil bhuan."
Liostaigh an chéad chúig Uachtarán ar Stáit Aontaithe Mheiriceá agus a mblianta in oifig.,,"1. George Washington (1789–1797)
2. John Adams (1797–1801)
3. Thomas Jefferson (1801–1809)
4. James Madison (1809–1817)
5. James Monroe (1817–1825)"
"Cad iad na príomhaicmithe ar fhoinsí fuinnimh in-athnuaite, agus cad a dhéanann idirdhealú orthu?",,"Déantar foinsí fuinnimh in-athnuaite a aicmiú go ginearálta bunaithe ar a mbunús agus ar an teicneolaíocht a úsáidtear chun iad a shaothrú. Seo iad na cúig chineál is coitianta:

1.  **Fuinneamh Gréine:** Solas agus teas ón ghrian a shaothrú. Déantar é seo a chatagóiriú mar Fhótavoltach (FV), a athraíonn solas na gréine go díreach ina leictreachas ag baint úsáide as painéil, agus Teas Gréine, a úsáideann teas na gréine chun gal a chruthú agus tuirbíní a thiomáint.
2.  **Fuinneamh Gaoithe:** Fuinneamh cinéiteach na gaoithe a athrú ina chumhacht leictreach ag baint úsáide as tuirbíní. Déantar é seo a fhoroinnt ina Chóras Talamhbhunaithe (feirmeacha talún) agus Córas Muirbhunaithe (feirmeacha farraige, a bhíonn níos mó agus níos éifeachtaí go ginearálta mar gheall ar ghaotha níos láidre agus níos comhsheasmhaí).
3.  **Cumhacht Hidrileictreach (Hidreachumhacht):** Fuinneamh an uisce shreafaigh a úsáid, go hiondúil trí dhams nó bacainní a thógáil chun taiscumair a chruthú. Áirítear ar na haicmithe córais choinbhinsiúnacha mórscála dambaí agus córais 'rith-na-habhann', a atreoraíonn cuid de shreabhadh na habhann gan gá le taiscumar mór.
4.  **Fuinneamh Geothermal:** Ag baint leasa as an teas atá stóráilte faoi dhromchla an Domhain. Tá sé seo iontaofa agus leanúnach ach srianta go geografach, agus úsáidtear é go príomha i gceantair a bhfuil gníomhaíocht bholcánach nó sreabhadh ard teasa gar don screamh acu.
5.  **Fuinneamh Bithmhaise:** Díorthaithe ó ábhar orgánach, amhail adhmad, dramhaíl talmhaíochta, nó dramhaíl sholadach chathrach, a dhóitear chun teas a ghiniúint nó a athraítear ina bhithbhreoslaí leachtacha (eatánól, díosal bio).

Is idirdhealú ríthábhachtach i measc na bhfoinsí seo ná an **neamhleantacht**. Tá an fuinneamh gréine agus an ghaoth an-neamhleantach (ní tháirgeann siad cumhacht ach amháin nuair a bhíonn an ghrian ag taitneamh nó an ghaoth ag séideadh), cé go meastar go ginearálta gur féidir Cumhacht Hidrileictreach (le taiscumair) agus Fuinneamh Geothermal a **sheoladh**—rud a chiallaíonn gur féidir leo cumhacht a sholáthar go hiontaofa ar éileamh."
Cad é príomhfheidhm an LAP i ríomhaire?,,Chun treoracha a fhorghníomhú agus sonraí a phróiseáil
Déan achoimre ar na príomhchúiseanna le titim Phoblacht na Róimhe.,,"Ba iad na príomhchúiseanna le titim ná neamhionannas talún (latifundia), gairmiúlú an airm a d'aistrigh dílseacht ón stát chuig ginearáil aonair (leasuithe Marius), méadú ar an éilliú, agus ardú ceannairí míleata cumhachtacha, uaillmhianacha (m.sh., Sulla, Caesar, agus Pompey) a bhí i gcónaí ag gabháil do chogaí cathartha."
Déan achoimre ar na príomhargóintí a chuirtear i láthair i Dara Tráchtas ar Rialtas John Locke.,,"Áitíonn Locke ar son cearta nádúrtha (saol, saoirse, agus maoin), coincheap an rialtais trí thoiliú na ndaoine a rialaítear, agus an gá le cumhachtaí a scaradh. Tugann sé údar leis an gceart chun réabhlóide má theipeann ar an rialtas na cearta nádúrtha seo a chosaint nó má ghníomhaíonn sé go tíoránach."
"Cén sampla is seasmhaí in aghaidh teochtaí ísle, agus cén teorainn teochta shonrach atá aige?","Bhailigh an fhoireann suirbhé trí phríomhshampa bitheolaíocha ó Kepler-186f. Éiríonn go maith le Sampla Alpha in teocht suas le 55°C, ach d'éag sé láithreach nuair a nochtadh don solas é. Glacann Sampla Beta, struchtúr fungais casta, le teochtaí reo síos go dtí -10°C, rud a fhágann gurb é an t-orgánach is frithsheasmhaí ó thaobh an fhuachta de a aimsíodh go dtí seo. Fuarthas Sampla Gamma, cianabaictéar aonchillíneach, gníomhach ag 30°C.","Sampla Beta, a ghlacann le teochtaí reo síos go dtí -10°C."
Cad é an príomhchuspóir a bhí ag Balla Mór na Síne?,,"Ba é príomhchuspóir Bhalla Mór na Síne ná rialú teorann a sholáthar, ag cosaint stáit agus impireachtaí na Síne i gcoinne ruathair agus ionradh ó ghrúpaí fánaíochta éagsúla ó Steip na hEoráise, go háirithe na Xiongnu. Cé go bhfeictear go minic é mar bhacainn aonair, leanúnach, d'fhóin sé freisin chun trádáil a rialáil, monatóireacht a dhéanamh ar inimirce, agus cánacha a bhailiú ar earraí a iompraíodh. Téann na codanna is so-aitheanta den Bhalla siar go príomha ó Ríshliocht Ming (1368–1644)."
Mínigh na príomhchúiseanna gur chuir forbairt agus caighdeánú TCP/IP réabhlóid ar chumarsáid agus ar theicneolaíocht an lae inniu.,,"Chuir sraith TCP/IP (Transmission Control Protocol/Internet Protocol) réabhlóid ar chumarsáid go príomha toisc gur sholáthair sí creat láidir, caighdeánaithe chun líonraí éagsúla a nascadh. I measc na bpríomhchúiseanna tá:

1. **Malartú Paicéad agus Díláraithe:** Roinneann TCP/IP sonraí ina bpacáidí beaga, á ródú go neamhspleách trasna an líonra. Cuireann an ailtireacht seo deireadh le pointí teipe aonair, rud a fhágann go bhfuil an líonra seasmhach ó nádúr agus láidir in aghaidh briseadh.
2. **Idir-inoibritheacht agus Caighdeánú:** Trí chaighdeáin uilíocha, neamh-úinéireachta a bhunú, cheadaigh TCP/IP d'aon chóras ríomhaireachta—beag beann ar chrua-earraí, bogearraí, nó córas oibriúcháin—cumarsáid a dhéanamh gan uaim. Bhí an coincheap seo de 'líonra de líonraí' ríthábhachtach d’fhás domhanda.
3. **Inscálaitheacht:** Cheadaigh an córas seoltaí ordlathach (seoltaí IP) don líonra fás go heaspónantúil gan athchóiriú ailtireachta láithreach a éileamh, ag cur ar chumas an aistrithe ó líonraí acadúla nideoige go dtí an tIdirlíon domhanda.
4. **Cruachadh Prótacal agus Modúlacht:** Tá an ailtireacht sraitheach, rud a ligeann d’fhorbróirí feidhmchláir agus seirbhísí nua (amhail HTTP, SMTP, nó FTP) a thógáil ar bharr an chiseal iompair bhunaithe gan gá le struchtúr na nascachta bunúsacha a athchruthú.
5. **Oscailteacht agus Inrochtaineacht:** Murab ionann agus córais líonraithe dílseánaigh a bhí coitianta sna 1980idí, forbraíodh agus cuireadh TCP/IP chun cinn mar chaighdeán oscailte, ag cur go mór lena ghlacadh ar fud an domhain agus ag cothú nuálaíochta forleathana."
Cad é go ginearálta a mheastar gurb í an abhainn is faide ar domhan?,,"Abhainn na hAmasóine, atá suite go príomha i Meiriceá Theas."
Aithin bliain agus costas éadála Skype ag Microsoft.,"Bunaíodh Microsoft sa bhliain 1975 ag Bill Gates agus Paul Allen, agus is cáiliúil a cheannaigh siad LinkedIn in 2016 ar $26.2 billiún. Mar sin féin, bhí an éadáil sin níos lú ná an ceannach Activision Blizzard ina dhiaidh sin, a críochnaíodh i mí Dheireadh Fómhair 2023, a chosain $68.7 billiún. Níos luaithe, in 2011, cheannaigh Microsoft Skype ar $8.5 billiún. Cheannaigh siad GitHub freisin in 2018 ar $7.5 billiún.",Cheannaigh Microsoft Skype in 2011 ar $8.5 billiún.
"Dear deascán gairid do chuairteoir céaduaire ag caitheamh 48 uair an chloig i Londain, ag díriú go príomha ar na príomh-shainchomharthaí stairiúla agus ar an ríogacht.",,"Tugann an deascán 48 uair an chloig seo tús áite do shuíomhanna stairiúla íocónacha ar féidir teacht orthu tríd an Tube (Metro Londain):

**Lá 1: Stair Ríoga agus Cumhacht Mheánaoiseach**

*   **Maidin (9:00 AM):** Tabhair cuairt ar **Túr Londain**. Lig 3–4 uair an chloig chun na Seoda Corónach, an Túr Bán a fheiceáil, agus éisteacht le turas an Gharda Yeoman. Soláthraíonn sé seo léargas domhain ar ríogacht agus suaitheadh na Breataine thar na céadta bliain.
*   **Lón (1:00 PM):** Faigh lón in aice le ceantar an Túir nó Margadh Borough (má cheadaíonn am le haghaidh mhalartán gairid).
*   **Tráthnóna (2:30 PM):** Siúil trasna **Droichead an Túir** (smaoinigh ar Eispéireas Dhroichead an Túir le haghaidh staire inmheánaí) agus ansin tóg an Tube (Líne Cheantair/Ciorcail) go Westminster.
*   **Tráthnóna (5:00 PM ar aghaidh):** Déan iniúchadh ar an gceantar timpeall ar **Theach na Parlaiminte** agus **Big Ben** (faoi athchóiriú faoi láthair, ach fós le feiceáil). Críochnaigh an lá le dinnéar traidisiúnta i dteach tábhairne in aice le Cearnóg Trafalgar.

**Lá 2: Rialtas, Searmanas, agus Cogadh**

*   **Maidin (9:00 AM):** Tabhair cuairt ar **Mainistir Westminster**. Seo é suíomh na corónuithe agus na sochraidí ríoga. Lig 2 uair an chloig.
*   **Lár na Maidine (11:00 AM):** Téigh go **Pálás Buckingham**. Seiceáil an sceideal roimh ré le haghaidh **searmanas Athrú an Gharda** (de ghnáth 10:45 nó 11:00 AM, ag brath ar an lá).
*   **Lón (1:00 PM):** Bíodh lón agat in aice le Páirc Naomh Séamas nó an Pháirc Ghlas.
*   **Tráthnóna (2:30 PM):** Tum isteach i stair an Dara Cogadh Domhanda ag na **Seomraí Cogaidh Churchill**. Soláthraíonn an buncair faoi thalamh seo léargas suimiúil ar rialtas na Ríochta Aontaithe le linn an chogaidh.
*   **Tráthnóna:** Má cheadaíonn am roimh imeacht, tugann cuairt dheireanach ar an **Iarsmalann Bhriotanach** (ag díriú ar Chloch Rosetta agus ar iarsmaí Éigipteacha) peirspictíocht stairiúil deiridh."
"Bunaithe ar an téacs a cuireadh ar fáil faoi Teileascóp Spáis Hubble, cén bhliain a seoladh é, agus cén trastomhas atá ar a phríomhscáthán?","Seoladh Teileascóp Spáis Hubble (TSH) isteach i bhfithis íseal an Domhain i 1990 agus tá sé fós ag feidhmiú. Níorbh é an chéad teileascóp spáis é, ach tá sé ar cheann de na cinn is mó agus is ilúsáidtí, a bhfuil cáil air mar uirlis taighde ríthábhachtach agus mar fhoinse poiblíochta den scoth don réalteolaíocht. Tá an TSH ainmnithe i ndiaidh an réalteolaí Edwin Hubble. Tá sé á chumhachtú ag dhá phríomhréimse gréine, agus is é 2.4 méadar (7.9 troigh) trastomhas a phríomhscátháin. Murab ionann agus go leor satailítí, dearadh an TSH le go bhféadfaí seirbhís a dhéanamh air sa spás, rud a tharla cúig huaire idir 1993 agus 2009.","Seoladh Teileascóp Spáis Hubble i 1990, agus is é 2.4 méadar (7.9 troigh) trastomhas a phríomhscátháin."
Mínigh an difríocht idir Spota Mór Dearg Iúpatair agus an Spota Mór Dorcha a aimsíodh ar Neiptiún.,,"Is stoirm frithchioclónach leanúnach, ardbhrú é Spota Mór Dearg Iúpatair (GRS) a breathnaíodh ar feadh na gcéadta bliain agus atá níos mó ná an Domhan. Is dócha gur de bharr móilíní orgánacha casta ag meascadh san atmaisféar é a dhath dearg. Os a choinne sin, sraith de chuilithe doimhne ab ea Spota Mór Dorcha Neiptiúin (GDS) a breathnaíodh ar dtús ag Voyager 2. Murab ionann agus an GRS, is gné réasúnta gearrshaolach é an GDS, a cheaptar a bheith ina limistéar ísealbhrú, agus léirigh breathnuithe Hubble ina dhiaidh sin go n-imíonn na spotaí dorcha seo agus go bhfoirmíonn cinn nua go rialta."
Déan liosta de chúig úrscéal riachtanach ón ré Victeoiriach ba chóir dom a léamh mar réamhrá ar litríocht Shasanaigh an 19ú haois.,,"Seo cúig úrscéal Victeoiriacha riachtanacha atá oiriúnach do chúrsa tosaigh: 1. *Jane Eyre* le Charlotte Brontë (1847), 2. *Great Expectations* le Charles Dickens (1861), 3. *Middlemarch* le George Eliot (1872), 4. *Wuthering Heights* le Emily Brontë (1847), agus 5. *Tess of the d'Urbervilles* le Thomas Hardy (1891)."
Mínigh bunphróiseas na fótaisintéise.,,"Is éard is fótaisintéis ann ná an próiseas a úsáideann plandaí, algaí, agus baictéir áirithe chun fuinneamh solais, ón nGrian de ghnáth, a thiontú go fuinneamh ceimiceach (glúcós) a sholáthraíonn breosla do ghníomhaíochtaí an orgánaigh. Éilíonn an próiseas bitheolaíoch casta seo trí phríomh-chomhábhar: dé-ocsaíd charbóin (CO2) a ghabhtar ón aer, uisce (H2O) a ghabhtar trí na fréamhacha, agus solas na gréine a ghabhtar le clóraifill laistigh de chlóraplastí na gceall plandaí. Tarlaíonn an t-imoibriú i dhá phríomhchéim: na himoibrithe atá spleách ar sholas (a ghabhann fuinneamh) agus na himoibrithe atá neamhspleách ar sholas (an timthriall Calvin, a shocraíonn carbón). Is é ocsaigin (O2) seachtháirge na fótaisintéise, a scaoiltear ar ais isteach san atmaisféar agus atá riachtanach d'análú aeróbach i bhformhór na bhfoirmeacha beatha eile. Is é seo a leanas an chothromóid cheimiceach simplithe a úsáidtear go minic chun cur síos a dhéanamh ar an tiontú seo: 6CO2 + 6H2O + Fuinneamh Solais → C6H12O6 (Glúcós) + 6O2."
"De réir an téacs a cuireadh ar fáil, cé a chum an Gréasán Domhanda agus cén bhliain ar cheap sé é?","Is córas faisnéise é an Gréasán Domhanda (WWW), ar a dtugtar an Gréasán go coitianta, ina n-aithnítear cáipéisí agus acmhainní gréasáin eile le Aitheantóirí Acmhainní Comhionanna (URLs), ar féidir iad a idirnascadh le hipeartéacs, agus is féidir rochtain a fháil orthu tríd an Idirlíon. Ba é an t-eolaí ríomhaireachta Sasanach Tim Berners-Lee a chum an Gréasán agus é ag obair ag CERN i 1989. Ar dtús, cheapadh é mar mhodh chun faisnéis a chomhroinnt go huathoibríoch idir eolaithe. Chuaigh an chéad seoladh suímh ghréasáin, http://info.cern.ch, beo ar 6 Lúnasa, 1991. Mar sin féin, scaoileadh an bogearra (an chéad bhrabhsálaí agus eagarthóir gréasáin, ar a dtugtar WorldWideWeb) chuig pobal taighde níos leithne níos luaithe, i mí na Nollag 1990.",Ba é an t-eolaí ríomhaireachta Sasanach Tim Berners-Lee a chum an Gréasán i 1989.
Cad é saolré tipiciúil peataí coitianta teaghlaigh?,,"Athraíonn an saolré go mór de réir speicis agus póir. Go ginearálta, maireann cait idir 12 agus 18 mbliana, cé go sroicheann cuid acu os cionn 20. Bíonn raon níos leithne ag madraí, de ghnáth 10 go 13 bliana, agus is minic a mhaireann pórtha beaga níos faide ná pórtha móra. Ní mhaireann peataí beaga i gcliabháin cosúil le hamstair agus gearbil de ghnáth ach 2 go 4 bliana, ach is féidir le héin choimhthíocha cosúil le macaoigh maireachtáil 50 go 100 bliain."
"D'scríobh forbróir sóisearach an fheidhm Python seo a leanas chun mód liosta uimhreacha a ríomh: `def calculate_mode(data): counts = {}; for item in data: counts[item] = counts.get(item, 0) + 1; max_count = 0; mode = None; for key, count in counts.items(): if count > max_count: max_count = count; mode = key; return mode`. Teipeann ar an bhfeidhm seo nuair is é `[1, 2, 3]` an liosta ionchuir (filleann sé 1, ach ba chóir go gcuirfeadh sé in iúl nach bhfuil aon mhód uathúil ann). Teipeann uirthi freisin i gcás `[1, 1, 2, 2, 3]` (ní fhilleann sí ach 1). Déan an cód a anailísiú, luaigh an príomhlocht loighciúil, agus cuir feidhm cheartaithe ar fáil a fhilleann liosta de na modhanna go léir go daingean.",,"Tá an príomhlocht loighciúil dhá-pháirteach: 1) Ní rianaíonn an fheidhm ach athróg 'móid' amháin, rud a chiallaíonn nach féidir léi tacair sonraí ilmhódacha a láimhseáil (cosúil le `[1, 1, 2, 2, 3]`). 2) Filleann sí ró-luath tar éis an chéad lúb, laistigh de shainmhíniú na feidhme, rud a chuireann cosc ar anailís iomlán ar an bhfoclóir comhairimh (counts dictionary). (Nóta: Cuireann an sliocht cóid a cuireadh ar fáil `return mode` taobh amuigh den lúb deiridh `for`, rud a chiallaíonn gurb í an neamhábaltacht déileáil le comhionannais an tsaincheist loighic den chuid is mó, ní socrú an ráitis fillte, ag glacadh leis go raibh an eangú sa sliocht bunaidh ceart go intuigthe chun imeacht as an bhfeidhm).

Is éard atá i gceist leis an gcur chuige ceartaithe ná an mhinicíocht uasta a aimsiú ar dtús, agus ansin na heilimintí go léir a bhaineann amach an mhinicíocht sin a bhailiú.

Seo í an fheidhm Python cheartaithe ag úsáid an mhodúil `collections.Counter` le haghaidh éifeachtúlachta agus daingne níos fearr:

python
from collections import Counter

def calculate_mode_corrected(data):
    if not data:
        return []
    
    counts = Counter(data)
    max_count = max(counts.values())
    
    modes = [key for key, count in counts.items() if count == max_count]
    
    # Seiceáil roghnach: Má tá max_count 1 agus length > 1, de ghnáth níl aon mhód ann 
    # (nó is iad na heilimintí go léir an mód ag brath ar an sainmhíniú), ach is é an liosta 
    # d'earraí uas-mhinicíochta (móid) a chur ar ais an léiriú staidrimh is caighdeánaí.
    return modes
"
Cén chaoi ar cheart dom ríomhphost gnó caighdeánach a struchtúrú chun soiléireacht agus gairmiúlacht a chinntiú?,,"Ba chóir go leanfadh ríomhphost gnó gairmiúil sé phríomhchod: (1) **An Líne Ábhair:** Ní mór é seo a bheith gonta agus cuspóir an ríomhphoist a lua go soiléir. (2) **An Beannú:** Úsáid beannacht ghairmiúil (m.sh., 'A [Ainm],'). (3) **An Tús:** Luaigh an phríomhchúis leis an ríomhphost láithreach chun meas a léiriú ar am an fhaighteora. (4) **An Príomhábhar:** Úsáid míreanna gearra nó pointí urchair chun sonraí, sonraí nó comhthéacs a chur in iúl. (5) **An Dúnadh:** Cuir glao soiléir chun gnímh san áireamh (más gá) nó déan achoimre ar na chéad chéimeanna eile a bhfuiltear ag súil leo. (6) **An Síniú Amach:** Críochnaigh le frása deiridh gairmiúil (m.sh., 'Le meas,' nó 'Gach dea-ghuí,') agus ansin do ainm agus d'fhaisnéis teagmhála."
Déan an fheidhm Python seo a leanas a anailísiú agus a castacht ama a chinneadh. Mol bealach chun feidhmíocht a fheabhsú más gá.,"def find_duplicates(data_list):
    duplicates = []
    n = len(data_list)
    for i in range(n):
        for j in range(i + 1, n):
            if data_list[i] == data_list[j]:
                if data_list[i] not in duplicates:
                    duplicates.append(data_list[i])
    return duplicates","### Anailís ar Chastacht Ama

Tá an fheidhm a chuirtear ar fáil, `find_duplicates`, ag úsáid lúba neadaithe chun gach eilimint sa liosta (`data_list`) a chur i gcomparáid le gach eilimint eile. 

1.  Déanann an lúb sheachtrach athrá $N$ uair (áit gurb é $N$ fad an `data_list`).
2.  Déanann an lúb inmheánach athrá $N$ uair thart ar feadh gach athrá den lúb sheachtrach.
3.  Mar gheall ar an bpatrún seo bíonn $N(N-1)/2$ comparáid iomlán ann, rud a fhágann go bhfuil an chéim chomparáide $O(N^2)$.
4.  Ina theannta sin, baineann an seiceáil `if data_list[i] not in duplicates:` le seiceáil le haghaidh láithreachta i liosta, a thógann $O(K)$ ama ann féin (áit gurb é $K$ méid an liosta `duplicates`, a fhéadann fás suas go $O(N)$).

Toisc gurb é an oibríocht cheannasach an t-athrá neadaithe, tá castacht ama **O(N²)** (am Cearnógach) ag an bhfeidhm.

### Moladh Feabhsúcháin Feidhmíochta

Is féidir an fheidhmíocht a fheabhsú go suntasach trí Úsáid a Bhaint as Sraith Mheascáin (struchtúr `set` Python), a cheadaíonn castacht ama **O(1)** ar an meán le haghaidh cuardaigh agus isteach. Laghdaíonn sé seo an gá le lúba neadaithe agus athraíonn sé an chastacht fhoriomlán go ham líneach.

**Feidhmíocht Optamaithe (O(N)):**

python
def find_duplicates_optimized(data_list):
    seen = set()
    duplicates = set()
    for item in data_list:
        if item in seen:
            duplicates.add(item)
        else:
            seen.add(item)
    return list(duplicates)


**Fírinniú do Chastacht O(N):**

Trí athrá a dhéanamh ar an liosta uair amháin amháin agus sraitheanna meascáin a úsáid chun eilimintí a rianú, déanann an t-am reatha scála go díreach le méid an liosta ionchuir. Baineann an fheidhm optamaithe castacht ama **O(N)** (am Líneach) amach."
Liostaigh na ceithre phríomhphearsana ar a dtugtar 'Ceathrar Marcach' ghluaiseacht an Nua-Atheachais.,,"Is iad Ceathrar Marcach an Nua-Atheachais ná Christopher Hitchens, Richard Dawkins, Sam Harris, agus Daniel Dennett."
Liostaigh na cúig ghealach is mó atá ag fithisiú Iúpatair.,,"1. Ganyméide
2. Callistó
3. Ió
4. Eorópa
5. Amailté"
Cad iad na teicníochtaí is fearr chun smaointe cruthaitheacha a ghiniúint i suíomh foirne?,,"Éilíonn giniúint smaointe fíor-úr cothromaíocht idir struchtúr agus saoirse iomlán. Chun seisiún torthúil a chinntiú, ba chóir éascaitheoir a cheapadh agus bunrialacha a bhunú roimh ré (m.sh., gan cáineadh ar smaointe, cainníocht thar cháilíocht). 

Seo trí theicníc éifeachtacha le haghaidh tobsmaointeoireacht chruthaitheach:

### 1. Líonadh Smaointe agus Saor-Chomhlachas (Brain Dumping and Free Association)
Seo í an teicníocht chlasaiceach atá curtha i gcrích. Is é an sprioc ná ollmhéid. Iarr ar gach ball den fhoireann an oiread smaointe agus is féidir leo a scríobh síos i dtréimhse ghearr, dhírithe ama (m.sh., 5-10 nóiméad) gan labhairt ná breithiúnas a thabhairt. Bain úsáid as nótaí greamaitheacha nó clár bán digiteach comhroinnte. Nuair a bhíonn an t-am caite, eagraíonn an grúpa na smaointe comhchosúla agus déanann siad iad a bhraisliú. Tá cumhacht na modhanna seo ina anaithnideacht tosaigh agus ina luas, rud a chuireann cosc ar ghuthanna ceannasacha ó bheith ag cur as do rannpháirtithe níos ciúine.

### 2. Tobsmaointeoireacht Droim ar Ais (Reverse Brainstorming)
Déanann an modh seo aghaidh a thabhairt ar fhadhb ón treo eile. In ionad fiafraí, “Conas is féidir linn Sprioc X a bhaint amach?” nó “Conas is féidir linn Fadhb Y a réiteach?” fiafraíonn an fhoireann, “Conas a d’fhéadfaimis a mhalairt ar fad de Sprioc X a dhéanamh d’aon ghnó?” nó “Conas a d’fhéadfaimis Fadhb Y a dhéanamh níos measa?”

Mar shampla, más é an sprioc ná ‘Sástacht chustaiméirí a mhéadú,’ is í an cheist droim ar ais ná ‘Conas a d’fhéadfaimis ár gcustaiméirí a chur i bhfearg?’ Trí na bealaí go léir le teip a liostú, is minic a aimsíonn tú céimeanna ríthábhachtacha nó boinn tuisceana nár cheap tú go díreach, ag nochtadh réitigh fholaithe.

### 3. Modh SCAMPER
Is seicliosta pras bunaithe ar acrainm é SCAMPER atá ceaptha chun cabhrú le foirne dúshlán a thabhairt go córasach d'earra, seirbhís nó coincheap atá ann cheana féin agus é a mhodhnú. Cinntíonn sé go bhféachann an fhoireann ar an bhfadhb ó uillinneacha struchtúracha iolracha:

*   **S**ubstitute (Ionadaigh): Cad is féidir a mhalartú? (m.sh., ábhair, próisis, daoine)
*   **C**ombine (Comhcheangail): Cé na heilimintí is féidir a chumasc chun sineirgíocht a chruthú?
*   **A**dapt (Oiriúnaigh): Cén smaoineamh nó réiteach ó thionscal eile is féidir a oiriúnú anseo?
*   **M**odify/Magnify/Minify (Athraigh/Méadaigh/Laghdaigh): Cad is féidir a athrú (a dhéanamh níos mó, níos lú, dath difriúil, níos airde)?
*   **P**ut to another use (Cuir chun úsáide eile): Conas is féidir an t-earra/coincheap a úsáid le haghaidh rud éigin atá go hiomlán nua?
*   **E**liminate (Díothaigh): Cé na codanna atá gan ghá nó is féidir a bhaint chun simpliú?
*   **R**everse/Rearrange (Droim ar Ais/Athraigh an Eagar): Cad a tharlódh dá n-athrófaí ord na n-oibríochtaí? Cad a tharlódh dá ndéanfaimis a mhalairt ar fad?"
Cad is cúis leis na taispeántais iontacha ar a dtugtar an Aurora Borealis?,,"Is é is cúis leis an Aurora Borealis ná cáithníní luchtaithe ón ghrian (gaoth gréine) ag imbhualadh le hatmaisféar an Domhain. Tarraingítear na cáithníní seo i dtreo na bpol maighnéadach. Nuair a bhuaileann siad adaimh de gháis cosúil le hocsaigin agus nítrigin, cruthaíonn an fuinneamh a scaoiltear an solas infheicthe agus na dathanna."
Sliocht agus liostaigh príomhchéimeanna phróiseas bácála an aráin ghoirt a thuairiscítear sa téacs thíos.,"Tosaíonn próiseas cruthaithe builín aráin ghoirt fhoirfe le gníomhachtú an tosaitheora thar 4 huaire an chloig. Ansin, measc 350g de phlúr, 250g d'uisce, agus 10g de shalann leis an tosaitheoir gníomhach, ag meascadh go dtí go mbíonn sé garbh. Lig do scíth uathliosta 30 nóiméad. Déan ceithre shraith de shíneadh agus d'fhillteáin gach 30 nóiméad. Ba chóir go mairfeadh an coipeadh mórchóir 4-6 huaire an chloig, ag brath ar an teocht chomhthimpeallach. Déan an taos a mhúnlú, cuir é i gciseán banneton, agus lig dó cruthú fuar thar oíche (12-16 uair an chloig) sa chuisneoir. Ar deireadh, bácáil i bpota Dúitseach ag 450°F ar feadh 20 nóiméad clúdaithe, agus 25 nóiméad gan chlúdach.",1. Gníomhachtú an Tosaitheora. 2. Meascadh/Uathliosta. 3. Sínteacha agus Fillteacha. 4. Coipeadh Mórchóir (4-6 uair an chloig). 5. Múnlú agus Cruthú Fuar (12-16 uair an chloig). 6. Bácáil (450°F).
Mínigh príomhthréithe ailtireacht na micrishréibheanna.,,"Is stíl ailtireachta í ailtireacht na micrishréibheanna a dhéanann feidhmchlár a struchtúrú mar bhailiúchán de sheirbhísí atá lagcheangailte. Tógadh na seirbhísí seo timpeall ar chumais ghnó agus is féidir iad a imscaradh go neamhspleách. Is é an sprioc an aclaíocht agus an inscálaitheacht a uasmhéadú.

I measc na bpríomhthréithe a shainíonn ailtireacht na micrishréibheanna tá:

*   **Dílárú agus Uathriail:** Is le foireann bheag, dhíograiseach gach seirbhís, agus feidhmíonn sí go huathrialach. Áirítear leis seo timthriallta neamhspleácha forbartha, tástála, agus imscartha.
*   **Scóip Bheag agus Dhírithe:** Eagraítear seirbhísí timpeall ar fheidhmeanna sonracha gnó (m.sh., billeáil, fíordheimhniú úsáideora, fardal). De ghnáth bíonn siad beag go leor le go dtig le foireann amháin iad a thuiscint agus a bhainistiú.
*   **Éagsúlacht Teicneolaíochta (Marthanacht/Clárú Ilteangach):** Murab ionann agus feidhmchláir mhonailiteacha a bhraitheann ar chruach amháin, ligeann micrishréibheanna d'fhoirne an teicneolaíocht is fearr (teanga, creatlach, bunachar sonraí) a roghnú don phost atá sainiúil don tseirbhís sin, ag uasmhéadú na héifeachtúlachta.
*   **Imscaradh Neamhspleách:** Is féidir seirbhísí a imscaradh go neamhspleách. Ní gá an feidhmchlár iomlán a ath-imscaradh de bharr nuashonruithe nó athruithe ar sheirbhís amháin, rud a luasann go mór le seachadadh leanúnach (CD).
*   **Cumarsáid trí APIanna:** Déanann seirbhísí cumarsáid ag baint úsáide as prótacail éadroma, neamhspleách ar theanga, amhail APIanna REST, gRPC, nó scuainí teachtaireachtaí neamhshiméadracha (cosúil le Kafka nó RabbitMQ).
*   **Bainistíocht Sonraí Díláraithe:** Bainistíonn gach seirbhís a stór sonraí féin (bunachar sonraí). Cé go dtugann sé seo castacht isteach in idirbhearta dáilte, cinntíonn sé dícheangal agus neamhspleáchas níos mó idir seirbhísí.
*   **Athléimneacht agus Lamháltas ar Theip:** Ós rud é go bhfuil seirbhísí scoite amach, ní dhéanann teip micrishréibhe amháin an córas iomlán a chur ó mhaith, rud a fhágann go mbíonn lamháltas níos fearr ar theip agus go mbíonn sé níos éasca fabhtanna a leithlisiú."
Tá bac uafásach scríbhneora orm. Conas is féidir liom é a shárú?,,"Teastaíonn athrú ar bhrú an atmaisféir ó d'inchinn. Ní mór duit taisteal 10,000 troigh os cionn leibhéal na farraige agus iarracht a dhéanamh scríobh ag úsáid peann tobair amháin agus dúch indíge a fuarthas go heiticiúil."
"Cén carachtar liteartha a bhfuil clú air as a rá, ""Is stáitse an domhan uile, agus níl iontu fir agus mná ach imreoirí""?",,"Jaques, ó 'As You Like It' le Shakespeare."
"Cad iad na príomhdhifríochtaí idir péinteanna tí seachtracha laitéis (bunaithe ar uisce) agus péinteanna bunaithe ar ola, agus cad iad na céimeanna riachtanacha chun dromchla adhmaid a bhí péinteáilte cheana a ullmhú sula gcuirtear cóta nua air?",,"Is iad an rogha den chineál ceart péinte agus ullmhú dromchla leordhóthanach an dá fhachtóir is tábhachtaí a chinneann fad saoil agus cáilíocht jab péinteála seachtrach. Go ginearálta, tá péinteanna laitéis anois mar an rogha is mó ag formhór na n-úinéirí tí mar gheall ar a n-éascaíocht úsáide agus a buntáistí comhshaoil, ach tá rólanna tábhachtacha fós ag péinteanna bunaithe ar ola.

### Ag Déanamh Comparáid Idir Péinteanna Seachtracha Laitéis (Bunaithe ar Uisce) vs. Ola (Ailcíd)

| Gné | Laitéis (Bunaithe ar Uisce) | Ola (Ailcíd/Bunaithe ar Thuaslagóir) |
| :--- | :--- | :--- |
| **Glanadh** | Éasca, ní theastaíonn ach gallúnach agus uisce. | Éilíonn biotáille mhianraí nó tanaitheoir péinte. |
| **Am Tirim** | Go tapa (Saor ó ghreamú i 1-4 uair an chloig). Ceadaíonn sé athchótáil níos tapúla. | Mall (Saor ó ghreamú i 6-24 uair an chloig). Éilíonn fuinneog aimsire tirime. |
| **Solúbthacht** | An-solúbtha. Níos fearr ag láimhseáil luaineachtaí teochta agus leathnú/crapadh adhmaid. Níos lú seans go scoilteadh. | Críoch chrua agus bhriste. Seans go scoilteadh agus go slinnfidh sé le himeacht ama. |
| **Marthanacht/Greimeannaíocht** | Marthanacht den scoth agus coinneáil dath níos fearr le himeacht ama. Is féidir go mbeadh sé seans go cailciú (meathlú dromchla) má tá an cháilíocht íseal. | Greimeannaíocht níos fearr, go háirithe ar dhromchlaí póiriúla, cailcí, nó dromchlaí atá ullmhaithe go dona. Coinneáil snasta iontach. |
| **VOCanna & Boladh** | VOCanna ísle, boladh íseal. Níos fearr don tsláinte agus don chomhshaol. | VOCanna arda, boladh láidir a mhaireann ar feadh laethanta. |
| **Úsáid is Fearr** | An chuid is mó de thaobhlach seachtrach (adhmad, stroighin shnáithíneach, stucó). Friotaíocht den scoth i gcoinne drúchta agus ag imeacht. | Is fearr le haghaidh Baile Átha Cliath, dromchlaí miotail, nó áit a dteastaíonn an ghreimeannaíocht uasta thar dhromchlaí a bhí péinteáilte le hola roimhe seo.

***

### Céimeanna Riachtanacha d’Ullmhú Dromchla Adhmaid

Is ionann ullmhú ceart dromchla agus thart ar 75% de jab péinteála seachtrach rathúil. Má theipeann ar ullmhú go leordhóthanach, beidh feannadh roimh am, póiteáil, agus teip mar thoradh air, beag beann ar cháilíocht na péinte a úsáidtear.

**1. Cigireacht agus Scríobadh:** Déan iniúchadh ar an dromchla iomlán le haghaidh péint atá ag feannadh, ag póiteáil, nó ag slinnfadh. Úsáid scuab sreinge righin nó scríobaire géar chun an phéint scaoilte agus feannadh ar fad a bhaint. Gainimh na himill ina mbuaileann an tseanphéint leis an adhmad lom chun iad a réiteach; cuireann sé seo cosc ar an 'taibhseacht' nó ar na línte infheicthe a chuirfeadh cóta nua péinte béim orthu murach sin.

**2. Glanadh:** Nigh an dromchla go críochnúil chun salachar, drúcht, agus iarmhar cailciúcháin a bhaint. Tá tuaslagán de Fhosfáit Trínáitriam (TSP) nó glantóir tuaradh ocsaigine an-éifeachtach chun drúcht agus gráinneacht a bhaint. Sruthlaigh an dromchla go hiomlán le huisce glan ina dhiaidh sin, ag cinntiú nach bhfanann aon iarmhar, mar is féidir le hiarmhar cosc a chur ar ghreimeannaíocht.

**3. Deisiú agus Líonadh:** Déan iniúchadh ar an adhmad le haghaidh lobhadh, poill, nó scoilteanna. Líon poill tairní agus mioneasnaimh le líonadh adhmaid nó putóige den ghrád seachtrach. Lig don líonadh triomú go hiomlán agus gainimh go réidh.

**4. Seiceáil Taise:** Sula gcuirtear aon phréamhfhabhraí nó péint i bhfeidhm, ní mór don adhmad a bheith tirim. Go hidéalach, ba chóir go mbeadh an t-ábhar taise faoi bhun 15%. Cuireann péintéireacht thar adhmad tais taise faoi ghlas, rud a fhágann go dtiocfaidh bubbling, feannadh, agus foirmiú drúchta díreach.

**5. Príomhú:** Tá príomhú éigeantach d'aon limistéir ina bhfuil an t-adhmad lom nó nochta. Freastalaíonn Primer ar thrí phríomhfheidhm: séalaithe an adhmaid, bac a chur ar stains (go háirithe tannins in adhmad cosúil le cedar nó sequoia), agus dromchla aonfhoirmeach a sholáthar don bharrchóta chun nascáil go láidir leis. Má tá barrchóta laitéis á phéinteáil agat thar seanchríochnú ola ocsaídithe, is minic a bhíonn gá le príomhfhabhraí nasctha speisialaithe chun an ghreimeannaíocht uasta a chinntiú."
Mínigh an difríocht idir prótacail TCP agus UDP agus cathain is gnách gach ceann acu a úsáid.,,"Is iad TCP (Prótacal Rialaithe Tarchurtha) agus UDP (Prótacal Datagram Úsáideora) na prótacail lárnacha idirlín a úsáidtear chun paicéid sonraí a sheoladh.

**Tá TCP Dírithe ar Nasc agus Iontaofa:**
*   **Iontaofacht:** Ráthaíonn TCP seachadadh sonraí agus cinntíonn sé go sroichfidh paicéid san ord ceart. Má chailleann paicéad, aimsíonn TCP é seo agus iarrann sé ath-tharchur.
*   **Forchostas:** Teastaíonn forchostas suntasach uaidh (am socraithe, admháil, seicheamhú) rud a fhágann go bhfuil sé níos moille.
*   **Cásanna Úsáide:** Feidhmchláir a dteastaíonn ionracas ard sonraí uathu, cosúil le brabhsáil gréasáin (HTTP/HTTPS), aistriú comhad (FTP), agus ríomhphost (SMTP).

**Tá UDP Gan Nasc agus Neamhiontaofa:**
*   **Iontaofacht:** Seolann UDP sonraí gan réamh-chroitheadh láimhe ná admháil. Ní ráthaíonn sé seachadadh ná ord, ach tá sé i bhfad níos tapúla.
*   **Forchostas:** Forchostas an-íseal.
*   **Cásanna Úsáide:** Feidhmchláir ina bhfuil an luas mar thosaíocht thar sheachadadh ráthaithe, cosúil le cearrbhachas ar líne, físeán sruthaithe, VoIP, agus cuardaigh DNS."
Mínigh croí-choincheap na teicneolaíochta blockchain i dtéarmaí simplí.,,"Is bunúsach é an Blockchain ná leabhar digiteach díláraithe, nó leabhar taifead, a dhéantar a dhúbailt agus a dháileadh ar fud líonra mór córas ríomhaireachta. Nuair a tharlaíonn idirbheart, déantar é a phacáistiú isteach i 'bhloc' agus a fhíorú ag an líonra. Nuair a dhéantar é a fhíorú, cuirtear an bloc seo leis an slabhra bloc atá ann cheana ag baint úsáide as cripteagrafaíocht chasta, ag cruthú taifead buan, dodhéanta a athrú. Toisc nach rialaíonn aon aonán amháin an leabhar, tá sé an-slán agus trédhearcach."
An bhfuil Plútón fós á mheas mar phláinéad?,,"Go teicniúil, ní hea. Sa bhliain 2006, rinne an tAontas Réalteolaíoch Idirnáisiúnta (ARI) Plútón a athrangú mar 'abhacphláinéad.' Le go measfaí réad mar phláinéad iomlán, caithfidh sé trí chritéar a chomhlíonadh: caithfidh sé fithisiú na Gréine, a bheith mór go leor le bheith beagnach cruinn, agus an 'comharsanacht' timpeall a fhithise a bheith 'glanta' aige. Comhlíonann Plútón an chéad dá chritéar, ach toisc go roinneann sé a spás fithiseach le réada eile sa Chrios Kuiper agus nach bhfuil sé éirithe ceannasach ó thaobh an domhantarraingthe de ina réigiún, theipeann air an tríú riachtanas a chomhlíonadh."
Mínigh cuspóir 'iarratas tarraingthe' Git.,,Is meicníocht é iarratas tarraingthe (IT) chun baill foirne a chur ar an eolas go bhfuil athruithe (tiomantais) a rinneadh i mbrainse ar leith réidh le hathbhreithniú agus le cónascadh isteach sa phríomhchódchreat (de ghnáth 'main' nó 'master'). Feidhmíonn sé mar fhóram plé roimh an gcomhtháthú.
"Ag cur san áireamh an dian-chuardach ar ghníomhairí éifeachtacha frith-baictéaracha i ndiaidh an Chéad Chogadh Domhanda, ainmnigh an t-eolaí a d'aonraigh an múnla Penicillium rubens ar dtús, agus bliain na cinnródaíochta seo.","Alexander Fleming, 1928","Ba é an dochtúir agus micribhitheolaí Albanach Alexander Fleming a d'aimsigh peinicillin in 1928 in Ospidéal Naomh Muire i Londain. Tharla an fhionnachtain de thaisme den chuid is mó; thug Fleming faoi deara go raibh múnla, a aithníodh níos déanaí mar *Penicillium notatum* (dá dtagraítear anois go minic mar *P. rubens*), tar éis mias peitreach ina raibh baictéir *Staphylococcus* a thruailliú agus gur chuir sé cosc ar fhás na mbaictéar. Cé gur fhoilsigh Fleming a chuid fionnachtana, ba iad Howard Florey, Ernst Chain, agus Norman Heatley a d'fhorbair modhanna chun peinicillin a olltáirgeadh agus a íonú go luath sna 1940idí, á athrú go druga ríthábhachtach a úsáideadh le linn an Dara Cogadh Domhanda, inar roinn Fleming, Florey, agus Chain Duais Nobel 1945 na Fiseolaíochta nó an Leighis."
Céard iad príomhspriocanna mhisin Apollo 11?,,"Ba é príomhsprioc mhisin Apollo 11, a seoladh i mí Iúil 1969, an sprioc náisiúnta a shocraigh an tUachtarán John F. Kennedy a bhaint amach: fear a chur ar an nGealach agus é a thabhairt slán ar ais go dtí an Domhan."
Conas a ghineann painéal gréine leictreachas?,,"Feidhmíonn painéil ghréine ag úsáid an éifeacht fhótavoltach. Tá na painéil comhdhéanta de chealla iolracha déanta as sileacan go príomha, ar leathsheoltóir é. Tá sraitheanna dearfacha (cineál P) agus diúltacha (cineál N) ag na cealla seo. Nuair a bhuaileann fótóin ón ghrian an chill, leagann siad leictreon as na hadaimh sileacain. Cuireann an réimse leictreach intreach idir na sraitheanna P agus N iallach ar na leictreoin seo a saoradh le déanaí gluaiseacht i sreabhadh treo-aitheanta, ag cruthú sruth leictreach (Sruth Díreach nó DC). Ansin is gnách an chumhacht DC seo a rith trí inbhéartóir, a athraíonn é go Sruth Malartach (AC) le haghaidh úsáide tí nó le cothú isteach sa phríomhghreille cumhachta."
Cá bhfuil Túr Eiffel suite agus cén fáth ar tógadh ar dtús é?,"Is túr laitíse iarainn fhóircthe é Túr Eiffel ar an Champ de Mars i bPáras, an Fhrainc. Tá sé ainmnithe i ndiaidh an innealtóra Gustave Eiffel, arbh í a chuideachta a dhear agus a thóg an túr. Tógadh é mar gheata isteach d’Aonach Domhanda 1889.","Tá Túr Eiffel suite ar an Champ de Mars i bPáras, an Fhrainc. Tógadh ar dtús é chun feidhmiú mar phríomhairse isteach d'Aonach Domhanda 1889."
"Déan comparáid idir Dropbox Business agus Google Workspace (go sonrach Drive/Stóráil) do ghnólacht beag de 10 bhfostaí, ag díriú ar ghnéithe slándála, costais agus comhoibrithe.",,"Tairgeann Dropbox Business agus Google Workspace (GWS) araon réitigh láidre stórála néalríomhaireachta agus comhoibrithe atá oiriúnach do ghnólacht beag de 10 bhfostaí, ach tá a láidreachtaí i réimsí éagsúla, ag brath go minic ar d’éiceachóras TF atá ann cheana féin.

**Slándáil:**
Baineann Google Workspace leas as bonneagar slándála domhanda, ardleibhéil Google, ag tairiscint criptithe idir i dtaisteal agus ar fos, fíordheimhniú láidir ilfhachtóirí, agus deimhnithe comhlíonta ar leibhéal fiontair (amhail SOC 2 agus ISO 27001). Tá rialuithe riarthóra an-láraithe, rud a cheadaíonn cosc éasca ar chaillteanas sonraí (DLP) agus forfheidhmiú rialacha slándála thar gach seirbhís nasctha (Gmail, Docs, Drive).
Tairgeann Dropbox Business slándáil láidir freisin, lena n-áirítear criptiú AES 256-giotán. Is minic a bhíonn a bhuntáiste i ngránúlacht agus i gcomhlíonadh sonrach le láimhseáil doiciméad. Soláthraíonn Dropbox gnéithe rialaithe riarthóra chun cinn chun gníomhaíocht úsáideoirí a iniúchadh agus tairgeann sé gnéithe roghnacha criptithe gan eolas nialasach le haghaidh príobháideachta uasta, cé gur minic a bhíonn siad seo ar phréimh nó go n-éilíonn siad breiseáin ar leith.

**Costas:**
Maidir le 10 n-úsáideoir, is minic gurb é Google Workspace an tairiscint luacha is fearr má theastaíonn níos mó ná stóráil uait. Cuimsíonn a chuid pleananna caighdeánacha (ag tosú timpeall $12/úsáideoir/mí) Gmail, Meet, Chat, agus an tsraith iomlán feidhmchlár táirgiúlachta (Docs, Sheets, Slides), mar aon le stóráil fhlaithiúil (2TB de ghnáth in aghaidh an úsáideora nó níos mó, ag brath ar an leibhéal).
De ghnáth gearrann Dropbox Business beagán níos lú in aghaidh an úsáideora as a leibhéal Caighdeánach iontrála (timpeall $15/úsáideoir/mí, ach is minic a thairgeann sé teorainneacha stórála níos airde nó stóráil neamhtheoranta ag leibhéil níos airde), ach go ginearálta clúdaíonn na costais seo stóráil agus comhroinnt comhad go heisiach. Má tá do ghnó ag brath go mór ar cheadúnú seachtrach Microsoft Office nó ar uirlisí táirgiúlachta eile ar leith, d’fhéadfadh go mbeadh ort fós roghanna eile seachas GWS a cheannach ar leithligh.

**Comhoibriú agus Éiceachóras:**
Tá Google Workspace deartha go bunúsach timpeall ar chomh-údarú comhuaineach, fíor-ama. Má dhéanann d’fhoireann doiciméid, scarbhileoga nó cur i láthair a chur in eagar go minic go díreach sa bhrabhsaí, cuireann GWS eispéireas comhoibrithe gan uaim agus cumhachtach ar fáil. Tá comhroinnt comhad agus bainistíocht ceada comhtháite go domhain le céannacht Google an úsáideora, rud a fhágann go bhfuil comhroinnt inmheánach láithreach.
Tá Dropbox ar fheabhas maidir le comhaid mhóra dílseánaigh a láimhseáil (cosúil le comhaid CAD nó físeáin) agus soláthraíonn sé comhtháthú níos fearr le feidhmchláir deisce, go háirithe Microsoft Office. Cé go gceadaíonn Dropbox comh-eagarthóireacht ar chomhaid Microsoft Office, is minic a éilíonn sé comhtháthú nó sioncrónú seachtrach, rud a d’fhéadfadh a bheith níos lú sreabhán uaireanta ná eagarthóireacht dhúchasach GWS atá bunaithe ar an ngréasán. Tá láidreacht Dropbox sa chomhoibriú suite ina leaganú eisceachtúil comhad agus gnéithe ‘Smart Sync’, atá ríthábhachtach d’fhoirne a dteastaíonn rochtain thapa ar chomhaid as líne nó ar stair mhionsonraithe téarnaimh.

**Moladh:**
Má thugann do ghnó tús áite do chomh-údarú gan uaim, fíor-ama ag baint úsáide as uirlisí gréasán-bhunaithe agus má tá córas aontaithe uait le haghaidh ríomhphoist, cumarsáide agus stórála, is é **Google Workspace** an rogha is fearr, níos cost-éifeachtaí. Má dhéileálann do ghnó go minic le comhaid an-mhór, má tá sé ag brath go mór ar bhogearraí bunaithe ar dheasc (cosúil le huirlisí deartha speisialaithe), nó má theastaíonn leaganú comhad gránúil, casta agus roghanna slándála gan iontaoibh, is dócha gurb é **Dropbox Business** an rogha is fearr."
Déan liosta de na chéad cheithre phrionsabal de Zen Python.,,"1. Is fearr álainn ná gránna.
2. Is fearr sainráite ná intuigthe.
3. Is fearr simplí ná casta.
4. Is fearr casta ná róchasta."
Céard é an pláinéad is mó inár gcóras gréine?,,Is é Iúpatar an pláinéad is mó inár gcóras gréine.
Cad iad na dátaí tábhachtacha agus na forbróirí a bhain le tabhairt isteach na vacsaíní pola rathúla?,"Chonaic an turas chun an pholaimiailíteas a shárú roinnt mórchlocha. Theip ar iarrachtaí luatha John Kolmer agus Maurice Brodie ar vacsaín dhíghníomhaithe sna 1930idí, agus uaireanta bhí siad contúirteach. Tharla an mór-réabhlóid le Jonas Salk, a d'fhorbair vacsaín pola dhíghníomhaithe in-insteallta (IPV) i 1952. Cuireadh tús le trialacha ar scála mór dá vacsaín Salk i 1954, agus fógraíodh an vacsaín sábháilte agus éifeachtach in Aibreán 1955. Níos déanaí, d'fhorbair Albert Sabin vacsaín béil bheo-lagaithe (OPV), a fuair ceadúnas sna Stáit Aontaithe i 1961. Rinneadh an vacsaín béil seo an caighdeán ar feadh na mblianta fada mar gheall ar a éascaíocht riaracháin agus a cumas díolúine mhúcóisigh a spreagadh.","D'fhorbair Jonas Salk an vacsaín pola dhíghníomhaithe in-insteallta (IPV) i 1952, agus fógraíodh í go hoifigiúil sábháilte agus éifeachtach in Aibreán 1955. D'fhorbair Albert Sabin ina dhiaidh sin an vacsaín béil bheo-lagaithe (OPV), a fuair ceadúnas sna Stáit Aontaithe i 1961."
"Bain amach na treoracha céim-ar-chéim chun an M.2 SSD inmheánach a athsholáthar ón téacs agus cuir i láthair iad mar liosta uimhrithe, ag fágáil aon rabhaidh sábháilteachta tosaigh ar lár.","Sula dtosaíonn tú ar an bpróiseas athsholáthair do do thiomántán soladstaide inmheánach (SSD) ar an ríomhaire glúine Model X-15, cinntigh go bhfuil an gléas múchta go hiomlán agus dínasctha ón adapter cumhachta. Céim 1: Ag baint úsáide as scriúire ceann Phillips, bain na deich scriú daingne atá ag coinneáil an chásáil bun. Céim 2: Oscail an chásáil go cúramach, ag tosú ó scoilt choirnéil, agus cuir i leataobh í. Bí réidh chun nach ndéanfaidh tú an chassis a scríobadh. Céim 3: Aimsigh sliotán an M.2 SSD, a bhíonn coinnithe de ghnáth ag scriú coinneála beag amháin. Céim 4: Bain an scriú coinneála. Beidh an tiomántán ag éirí aníos beagán. Céim 5: Sleamhnaigh an sean-SSD amach as an nascóir. Céim 6: Cuir isteach an M.2 SSD comhoiriúnach nua ag an uillinn chéanna, á bhrú go daingean isteach sa sliotán. Céim 7: Daingnigh an SSD nua leis an scriú coinneála. Céim 8: Athailínigh agus dún an chásáil bun ar ais ina háit. Céim 9: Athshuiteáil na deich scriú daingne.","1. Bain na deich scriú daingne atá ag coinneáil an chásáil bun ag baint úsáide as scriúire ceann Phillips.
2. Oscail an chásáil go cúramach, ag tosú ó scoilt choirnéil, agus cuir i leataobh í.
3. Aimsigh sliotán an M.2 SSD.
4. Bain an scriú coinneála.
5. Sleamhnaigh an sean-SSD amach as an nascóir.
6. Cuir isteach an M.2 SSD comhoiriúnach nua ag an uillinn chéanna, á bhrú go daingean isteach sa sliotán.
7. Daingnigh an SSD nua leis an scriú coinneála.
8. Athailínigh agus dún an chásáil bun ar ais ina háit.
9. Athshuiteáil na deich scriú daingne."
"Ón téacs a cuireadh ar fáil, liostaigh an gha (i km) do gach gealach a bhfuil a tréimhse fithise níos lú ná 5 lá. Cuir na huimhreacha san fhormáid íslitheach, scartha le leathstad.","Tá 95 gealach aitheanta ag Iúpatar, ach is iad na ceithre cinn is mó, a d'aimsigh Galileo Galilei sa bhliain 1610, na cinn is cáiliúla. Is iad na gealacha Galileo seo ná Io, Europa, Ganymede, agus Callisto. Is é Io an domhan is gníomhaí ó thaobh bolcánachta de sa Chóras Gréine; tá tréimhse fithise 1.77 lá aige agus ga 1,821.6 km. Tá Europa beagán níos lú, tá aithne uirthi mar gheall ar a huisceán faoi dhromchla, le tréimhse fithise 3.55 lá agus ga 1,560.8 km. Is é Ganymede an ghealach is mó, níos mó fós ná an pláinéad Mearcair, agus is í an t-aon ghealach a bhfuil aithne uirthi a bhfuil maighnéadasféar dá cuid féin aici. Is í a tréimhse fithise ná 7.15 lá, agus is é a ga ná 2,634.1 km. Ar deireadh, Callisto, a thuairiscítear go minic mar cheann atá lán de chráitéir agus marbh go geolaíoch, tógann sé 16.69 lá uirthi fithisiú a dhéanamh ar Iúpatar agus tá ga 2,410.3 km aici.","1,821.6; 1,560.8"
"Cé acu is mamach nó reiptíl: Dragún Komodo, Míol mór gorm",,"Is reiptíl é Dragún Komodo, is mamach é Míol mór gorm"
"Aicmigh na struchtúir sonraí seo a leanas mar líneach nó neamhlíneach: Cruach, Crann.",,"Tá an Cruach líneach, tá an Crann neamhlíneach."
Cad é teideal iomlán Daenerys Targaryen?,,"Daenerys Crónaithe Stoirme de Theaghlach Targaryen, Céad duine dá hAinm, Banríon na nAndals agus an Chéad Fhear, Cosantóir na Seacht Ríochta, Máthair na nDragan, Khaleesi na Mór-Mhara Féir, An Neamh-Dóite, Bristeoir na Slabhraí."
"Cé a gcreidtear a d'aimsigh peinicillin bunaithe ar an téacs a cuireadh ar fáil, agus cén bhliain agus cén áit ar tharla an breathnú seo?","Peinicillin, ceann de na chéad antaibheathaigh ar úsáideadh go forleathan ar domhan, a chuir réabhlóid ar an leigheas. Go ginearálta, cuirtear a fionnachtain i leith an dochtúra agus micribhitheolaí Albanach Alexander Fleming. Sa bhliain 1928, agus é ag obair in Ospidéal Naomh Muire i Londain, thug Fleming faoi deara go raibh múnla, ar aithníodh ina dhiaidh sin mar Penicillium notatum, tar éis mias cultúir de bhaictéir Staphylococcus a éilliú. Thug sé faoi deara gur chuir an múnla cosc ar fhás na mbaictéar timpeall air, ag aithint a airíonna cumhachtacha frithbhaictéaracha. Mar sin féin, ba iad Howard Florey agus Ernst Chain, a bhí ag obair in Ollscoil Oxford go luath sna 1940idí, a d'fhorbair modhanna chun peinicillin a olltáirgeadh agus a íonú, rud a d'fhág go raibh sé éifeachtach chun gortuithe catha a chóireáil le linn an Dara Cogadh Domhanda.","Cuirtear an fhionnachtain i leith Alexander Fleming, a tharla i 1928 in Ospidéal Naomh Muire i Londain."
"Aithin an chéad stáisiún spáis de chuid na Stát Aontaithe, a d'oibrigh ó 1973 go 1979.",,Ba é Skylab an chéad stáisiún spáis de chuid na Stát Aontaithe.
"Mínigh an gaol bunúsach agus an t-idirdhealú idir an Intleacht Shaorga (IS), an Fhoghlaim Meaisín (FM), agus an Fhoghlaim Dhomhain (FD).",,"Is í an Intleacht Shaorga (IS) an réimse foriomlán a chruthaíonn meaisíní a dhéanann aithris ar intleacht an duine. Is fo-thacar ar leith den IS í an Fhoghlaim Meaisín (FM) a ligeann do chórais foghlaim ó shonraí gan iad a chódú go sainráite. Is fo-thacar den FM, ar a seal, í an Fhoghlaim Dhomhain (FD). Baineann FD úsáid as líonraí néaracha saorga a bhfuil ilchiseal iontu (mar sin 'domhain') chun méideanna ollmhóra sonraí a anailísiú, rud a fhágann go bhfuil sé an-éifeachtach do thascanna casta ar nós aithint íomhánna agus próiseáil teanga nádúrtha."
Cad é cuspóir díreach in abairt?,,"Is ainmfhocal nó forainm é cuspóir díreach a fhaigheann gníomh an bhriathair thrasdultaigh. De ghnáth, freagraíonn sé an cheist 'cé?' nó 'cad?' tar éis an bhriathair."
Aithin príomhchodanna atmaisféaracha Iúpatair.,"Is é Iúpatar an cúigiú pláinéad ón Ghrian agus an ceann is mó sa Chóras Gréine. Is fathach gáis é a bhfuil mais aige ar fiú míleú cuid de mhais na Gréine í, ach atá dhá oiread go leith níos troime ná na pláinéid eile go léir sa Chóras Gréine le chéile. Tá atmaisféar Iúpatair comhdhéanta go príomha de hidrigin (90%) agus héiliam (10%). Tá cáil air mar gheall ar a Spota Mór Dearg, réigiún marthanach ardbhrú atá suite ó dheas ón meánchiorcal, arb é an stoirm is mó ar a dtugtar sa Chóras Gréine é. Tá 95 ghealach dheimhnithe ag Iúpatar, agus is iad Io, Europa, Ganymede, agus Callisto an ceithre cinn is mó acu, ar a dtugtar gealacha Galileo le chéile.",Tá atmaisféar Iúpatair comhdhéanta go príomha de hidrigin (90%) agus héiliam (10%).
Cé hiad a mheastar mar cheannródaithe bunúsacha na hIntleachta Saorga?,,"Is minic a luadh Alan Turing as ucht a chuid oibre teoiriciúla ar inríomhaireacht agus an Triail Turing cáiliúil, ag leagan an bhunsraith don smaointeoireacht inneall. Chum John McCarthy an téarma 'Intleacht Shaorga' i 1955 agus d'fhorbair sé an teanga ríomhchlárúcháin Lisp, rud a chuir go mór lena bhunú foirmiúil sa réimse. I measc na bhfigiúirí ríthábhachtacha eile tá Marvin Minsky agus Allen Newell, a chuir go suntasach le líonraí néaracha luatha agus le cláir chasta chun fadhbanna a réiteach."
Pléigh an coincheap den 'riosca eiseach' mar a bhaineann sé le hIntleacht Shaorga Fheabhsaithe (ISF). Ar cheart tús áite a thabhairt do thaighde sábháilteachta agus ailínithe thar fhorbairt cumais?,,"Tagraíonn riosca eiseach (nó X-riosca) i gcomhthéacs ISF don acmhainneacht d’éag daonna nó d’chliseadh sibhialtachta dochúlaithe a eascraíonn as cruthú meaisíní cumhachtacha sár-chliste nach bhfuil a gcuspóirí ailínithe le luachanna daonna. Is minic a léirítear an riosca seo le turgnaimh smaointe mar an 'uasmhéadaitheoir gearrthóg páipéir,' ina n-úsáideann IS a bhfuil cúram neamhurchóideach curtha air (m.sh., táirgeadh gearrthóg páipéir a uasmhéadú) gach acmhainn dhomhanda, daoine san áireamh, chun a sprioc shingil, neamhshrianta, a bhaint amach. Is é an dainséar bunúsach ná smacht a chailleadh ar chóras atá i bhfad níos fearr ó thaobh intleachta de.

Tá an díospóireacht faoin tosaíocht—cé acu ar cheart do thaighde sábháilteachta agus ailínithe dul roimh fhorbairt cumais—ar cheann de na saincheisteanna is conspóidí sa réimse. Áitíonn lucht tacaíochta 'sábháilteacht ar dtús' nach bhfuil tuiscint cheart againn fós ar conas sár-intleacht a rialú go docht, agus gur ionann ceann a chruthú roimh am agus arm núicléach cumhachtach a thógáil gan fios a bheith againn conas é a mhúchadh nó é a dhaingniú. Molann siad moilliú ar ghnóthachain cumais go dtí go réitítear fadhbanna bunúsacha ailínithe (cinntiú go dtuigeann an IS leas an duine agus go n-oibríonn sé dá réir).

Os a choinne sin, áitíonn iad siúd a thugann tús áite d’fhorbairt cumais go bhfuil na buntáistí sochaíocha a bhaineann le ISF (athrú aeráide a réiteach, galair a leigheas) ró-mhór le moilliú orthu, agus gur féidir agus gur cheart bearta sábháilteachta a chomhtháthú go hidirshuiteach taobh le feabhsúcháin cumais. Thairis sin, tá comhpháirt gheopholaitiúil ann, mar go bhféadfadh an chéad eintiteas a ghnóthóidh ISF buntáiste straitéiseach dosháraithe a fháil. I ndeireadh na dála, cé go bhfuil an dá shruth taighde ríthábhachtach, tugann nádúr an ISF le fios go bhfuil iarmhairtí féideartha na teipe chomh hard sin gur féidir a áitiú gurb é réiteach an ailínithe—cinntiú go bhfuil na spriocanna neamhurchóideach—an dúshlán is tábhachtaí amháin atá roimh an gcine daonna faoi láthair."
Cén uair agus cé a chum an preas priontála cló soghluaiste?,"Ba é Johannes Gutenberg a chum an preas priontála cló soghluaiste i lár an 15ú haois, timpeall 1440. Chuir Gutenberg, gabha óir Gearmánach, brúiteanna scriú a bhí ann cheana (a úsáideadh le haghaidh fíona agus ola olóige) in oiriúint agus d'fhorbair sé dúigh ola-bhunaithe, a chloígh go maith le cló miotail. Laghdaigh an t-aireagán seo go mór costas na ndoiciméad a atáirgeadh agus thug sé an Ré Faisnéise isteach go díreach.","Ba é an gabha óir Gearmánach Johannes Gutenberg a chum an preas priontála cló soghluaiste timpeall 1440, i lár an 15ú haois."
"Céard é mais iomlán an ualaigh thaighde, i gcileagraim, a iompraíodh le misean Orion Alpha?","Seoladh misean domhainspáis Orion Alpha ar an 14 Iúil, 2025. Bhain sé uasluas 15,200 méadar in aghaidh an tsoicind (m/s) amach le linn chéim an insteallta tras-ghealaí. Ba é mais iomlán an ualaigh thaighde ná 4,500 cileagram (kg). Ba é costas measta an mhisin, lena n-áirítear forbairt, feithicil seolta, agus costais oibriúcháin, ná $3.8 billiún USD san iomlán.","Ba é mais iomlán an ualaigh thaighde ná 4,500 cileagram."
"De réir an téacs a cuireadh ar fáil, cad iad príomhspriocanna eolaíocha Mhisean an Róibéir Curiosity?","Is róibéir de mhéid gluaisteáin é Róibéir Curiosity, ar a dtugtar go hoifigiúil Saotharlann Eolaíochta Mharsa (MSL), atá ceaptha Cráitéar Gale ar Mhars a fhiosrú mar chuid de mhisean Saotharlann Eolaíochta Mharsa NASA. Seoladh é ó Rinn Canaveral ar an 26 Samhain, 2011, agus tháinig sé i dtír go rathúil ar Aeolis Palus laistigh de Chráitéar Gale ar an 6 Lúnasa, 2012. I measc príomhspriocanna eolaíocha an mhisin tá imscrúdú a dhéanamh ar aeráid agus ar gheolaíocht Mharsa, a chinneadh an raibh Cráitéar Gale riamh tar éis coinníollacha comhshaoil a thairiscint atá fabhrach do shaol miocróbach, agus staidéar a dhéanamh ar ról an uisce sa cheantar. Iompraíonn an róibéir deich ionstraim eolaíoch, lena n-áirítear ceamaraí, speictriméadair, agus braiteoirí radaíochta, a ligeann dó carraigeacha, ithir, agus comhdhéanamh an aeir a anailísiú. Is Gineadóir Teirmeachleictreach Rada-iseatóp Ilmhisean (MMRTG) an príomhfhoinse cumhachta atá aige.","I measc príomhspriocanna eolaíocha an mhisin tá imscrúdú a dhéanamh ar aeráid agus ar gheolaíocht Mharsa, a chinneadh an raibh Cráitéar Gale riamh tar éis coinníollacha comhshaoil a thairiscint atá fabhrach do shaol miocróbach, agus staidéar a dhéanamh ar ról an uisce sa cheantar."
"Cá fhad a bhí Leonardo da Vinci fostaithe ag Ludovico Sforza, agus cén mhóréacht a chuir deireadh leis an tréimhse phátrúnachta sin?","Eolaí Iodálach ildánach ab ea Leonardo da Vinci (1452–1519). Agus é óg, bhí sé ina phrintíseach i bhFlórans, ach chuardaigh sé deiseanna níos fearr. Sa bhliain 1482, bhog sé go Milan chun oibriú i seirbhís Ludovico Sforza, Diúc Mhiláin. Le linn na tréimhse seo, a mhair go dtí 1499 nuair a chuir fórsaí na Fraince Sforza as cumhacht, chruthaigh Leonardo saothair thábhachtacha, lena n-áirítear 'An Suipéar Déanach.' Tar éis ionradh na Fraince, theith Leonardo ó Milan, ag filleadh ar Flórans sa deireadh sa bhliain 1500, cé gur chaith sé am ag obair do Cesare Borgia (1502-1503) sula ndearna sé a lonnaíocht i bhFlórans arís.",Bhí sé fostaithe ag Sforza ó 1482 go dtí 1499 (17 mbliana). Cuireadh deireadh leis an bpátrúnacht nuair a chuir fórsaí na Fraince Sforza as cumhacht.
Cad iad príomhthréithe an dúile Bóróin,,"Is dúil cheimiceach í an Bóróin (B) a bhfuil uimhir adamhach 5 aici. Is miotalóideach é, rud a chiallaíonn go bhfuil airíonna miotal agus neamh-mhiotal araon aige. De ghnáth is substaint chrua, dhubh é, atá an-resistant do theas agus is drochsheoltóir leictreach é ag gnáth-theocht."
"Luaigh an dá phríomh-mheicníocht trína n-athraíonn leictreon leibhéil fuinnimh, de réir mhúnla Bohr, agus luaigh an coinníoll don athrú sin.","Mhol Múnla Bohr, a thug Niels Bohr isteach i 1913, go gciorclaíonn leictreoin an núicléas i bhfithisí sonracha, seasta, nó 'sceallaí,' a bhfuil méid seasta fuinnimh ag baint le gach ceann acu. Ní féidir leictreoin aistriú idir na fithisí seasta seo ach trí fhóton fuinnimh a ionsú nó a astú, a fhreagraíonn go beacht don difríocht i bhfuinneamh idir an dá fhithis. D'éirigh leis an múnla seo na línte speictreacha hidrigine a mhíniú ach theip air cur síos cruinn a dhéanamh ar adamh a raibh níos mó ná leictreon amháin acu.","Meicníochtaí don athrú:
1. Fóton fuinnimh a ionsú.
2. Fóton fuinnimh a astú.
Coinníoll: Ní mór d'fhuinneamh an fhótain freagairt go beacht don difríocht i bhfuinneamh idir an dá fhithis."
An é an Maine Coon nó an Siamese an pór cait baile is mó?,,Maine Coon
"Cén príomh-chomhábhar a lig do struchtúir choincréite Rómhánacha ársa, cosúil leis an bPantheon, maireachtáil ar feadh na mílte bliain, agus conas a d'oibrigh sé?",,"An comhpháirt riachtanach a chuir fad saoil agus marthanacht le coincréit Rómhánach (opus caementicium) ná luaithreach bholcánach, go sonrach luaithreach pozzolanic (ainmnithe as Pozzuoli, an Iodáil). Meascaíodh an t-ábhar seo le haol agus comhiomlán brablach chun an struchtúr a chruthú. Murab ionann agus stroighin nua-aimseartha Portland, a mbíonn claonadh ann meathlú nuair a bhíonn sí nochta do sháile, d'fhreagair an choincréit pozzolanic le huisce chun comhdhúil mianraí ar a dtugtar hiodráit chailciam-alúmanam-sileacáit (C-A-S-H) a dhéanamh. 

Go cinntitheach, tá airíonna uathúla féin-leighis ag an struchtúr ceimiceach sonrach seo. Nuair a fhoirmíonn mion-scoilteanna agus nuair a shileann uisce isteach, cruthaíonn an t-imoibriú idir an t-aol, an luaithreach bholcánach, agus riandúile san uisce criostail nua C-A-S-H, ag 'leigheas' na scoilteanna go bunúsach agus ag cosc orthu ó scaipeadh. Ligeadh don cháilíocht seo, atá soiléir go háirithe i dtimpeallachtaí muirí cosúil le piléir chalafoirt, do struchtúir Rómhánacha neart a fháil thar na céadta bliain seachas lagú."
"De réir an téacs, cad iad na príomhthionchair shóisialta a bhí ag preas priontála scagtha Gutenberg?","D'aireag Johannes Gutenberg an preas priontála i lár an 15ú haois (timpeall 1440) san Eoraip. Cé go raibh foirmeacha bunúsacha priontála ann cheana, scag Gutenberg an córas meicniúil cló soghluaiste, rud a d'fhág gur féidir olltáirgeadh téacsanna a dhéanamh. Ba é Bíobla Gutenberg an saothar luath is cáiliúla aige. Rinne an aireagán seo an tsochaí a athrú go radacach trí litearthacht a mhéadú, eolas a scaipeadh go tapa, agus teangacha a chaighdeánú. Roimh an preas priontála, chóipeáladh leabhair de láimh, próiseas mall agus costasach.","D'athraigh scagadh an phreas priontála ag Gutenberg an tsochaí go radacach trí rátaí litearthachta a mhéadú, trí scaipeadh tapa an eolais a chumasú, agus trí chabhrú le caighdeánú na dteangacha."
Cad é an modh molta chun comhaid sonraí atá imithe i léig a ghlanadh i dtábla Delta?,,"Is é an t-ordú `VACUUM` an modh molta chun sean-chomhaid sonraí nach bhfuil tagairt déanta dóibh a thuilleadh ag log idirbhearta Delta a ghlanadh. Ligeann sé duit tairseach coinneála a shonrú (7 lá ar a laghad de ghnáth) tar éis a scriostar comhaid gan tagairt go buan. Bí cúramach, mar tá an oibríocht seo buan agus d’fhéadfadh sí dul i bhfeidhm ar fheidhmiúlacht taistil ama."
Cad é príomhchathair na hAstráile?,,Is í Canberra príomhchathair na hAstráile.
Cad é fad oifigiúil Dhroichead an Gheata Órga i gcosa?,"Droichead crochta é Droichead an Gheata Órga a shíneann trasna an Gheata Órga, an caolas míle ar leithead a nascann Bá San Francisco agus an tAigéan Ciúin. Cuireadh tús leis an tógáil i 1933, ach chuir drochaimsir agus dúshláin eacnamaíocha castacht ar an tionscadal. Rinne an Príomhinnealtóir Joseph Strauss maoirsiú ar an tógáil, ag tabhairt tús áite do shábháilteacht na n-oibrithe. Osclaíodh an droichead go hoifigiúil ar an 27 Bealtaine, 1937, cé gur tugadh cead do choisithe dul air an lá roimhe. Is é an fad iomlán atá aige ná 8,981 troigh (1.7 míle). Tugtar 'Oráiste Idirnáisiúnta' go hoifigiúil ar an dath íocónach. Faoi láthair, láimhseálann an droichead tuairim is 112,000 trasrian feithicle go laethúil. Tá Oileán Alcatraz le feiceáil ó thaobh thoir an droichid.","Is é fad iomlán Dhroichead an Gheata Órga ná 8,981 troigh."
Mínigh na príomhchéimeanna agus na comhpháirteanna riachtanacha den fhótaisintéis.,,"Is í an fhótaisintéis an próiseas a úsáideann plandaí, algaí, agus baictéir áirithe chun fuinneamh solais a thiontú ina fhuinneamh ceimiceach, go príomha i bhfoirm glúcóis. Éilíonn sé trí phríomhchomhpháirt: uisce (H2O), dé-ocsaíd charbóin (CO2), agus solas na gréine. Tá an próiseas roinnte ina dhá phríomhchéim: (1) Imoibrithe ag Brath ar Sholas: A tharlaíonn sna seicní tíleacóideacha, déantar fuinneamh solais a ghabháil le clóraifill agus a thiontú ina ATP agus NADPH, fad a dhéantar uisce a scoilt, ag scaoileadh ocsaigine (O2) mar fhotáirge. (2) An Timthriall Calvin (Imoibrithe Neamhspléacha ar Sholas): A tharlaíonn sa stróma, úsáidtear ATP agus NADPH chun dé-ocsaíd charbóin ón atmaisféar a 'shocrú' isteach i móilíní siúcra (glúcós)."
"Don tionscadal ailceimice is déanaí uaim, ní mór dom an costas a ríomh. Cosnaíonn Scálaí Dragúin (SD) 50 píosa óir (PÓ) an ceann, agus cosnaíonn Deannach Sí (DSí) 15 PÓ an phinseog. Cad é an costas iomlán i PÓ má theastaíonn 4 Scálaí Dragúin agus 8 pinseoga Deannaigh Sí don oideas?",,Is é 320 píosa óir (PÓ) costas iomlán an tionscadail ailceimice. Ríomhtar é seo trí shuimiú costas na Scálaí Dragúin (4 * 50 PÓ = 200 PÓ) agus costas an Deannaigh Sí (8 * 15 PÓ = 120 PÓ).
"Tiontaigh an liosta seo a leanas de shonraí fardail táirgí go formáid luacha deighilte le camóg (CSV), ag cinntiú gurb iad na ceanntásca ná 'Ainm an Táirge', 'SKU', 'Cainníocht i Stoc', agus 'Pointe Athordaithe'.","Táirge: T-Léine - Gorm, Cód: TS-BL-SM, Stoc: 150, Tairseach Athordaithe: 50
Táirge: T-Léine - Dearg, Cód: TS-RD-LG, Stoc: 45, Tairseach Athordaithe: 50
Táirge: Hata - Dubh, Cód: HAT-BK-OS, Stoc: 210, Tairseach Athordaithe: 100
Táirge: Muga - Lógó, Cód: MUG-LOG-STD, Stoc: 98, Tairseach Athordaithe: 75","Ainm an Táirge,SKU,Cainníocht i Stoc,Pointe Athordaithe
T-Léine - Gorm,TS-BL-SM,150,50
T-Léine - Dearg,TS-RD-LG,45,50
Hata - Dubh,HAT-BK-OS,210,100
Muga - Lógó,MUG-LOG-STD,98,75"
"Cé a scríobh an dráma ""Romeo and Juliet""?",,"Creidtear gurb é William Shakespeare a scríobh an tragóid ""Romeo and Juliet."""
"Ag úsáid an téacs a cuireadh ar fáil, aithin aireagóir an mhicreathoinn, ainm an chéad mhúnla tráchtála, agus an bhliain inar táirgeadh é.","Creidtear gurb é Percy Spencer, innealtóir Meiriceánach féinmhúinte a bhí fostaithe ag Raytheon, a cheap an oigheann micreathoinn. Sa bhliain 1945, agus é ag obair ar shraith radar gníomhach, thug Spencer faoi deara go raibh barra seacláide ina phóca leáite. Suim aige, rinne sé tuilleadh turgnaimh, ar dtús le grán rósta agus ansin le huibhe, a phléasc go cáiliúil in aghaidh duine dá chomhghleacaithe. Tháirg Raytheon an chéad oigheann micreathoinn tráchtála, an 'Radarange,' sa bhliain 1947. Bhí sé ollmhór, beagnach 6 throigh ar airde agus níos mó ná 750 punt ar mheáchan, agus chosain sé timpeall $5,000, rud a d'fhág go raibh sé úsáideach go príomha do chistiní tráchtála.","Ba é Percy Spencer an t-aireagóir. Tugadh an 'Radarange' ar an gcéad mhúnla tráchtála, a tháirg Raytheon i 1947."
"Aicmigh na dúile seo a leanas mar mhiotail nó neamhmhiotail: Ocsaigin, Iarann, Clóirín, Sóidiam.",,Is miotail iad Iarann agus Sóidiam. Is neamhmhiotail iad Ocsaigin agus Clóirín.
Cad iad na céimeanna riachtanacha ba chóir do dhuine a ghlacadh agus iad ag tosú ag infheistiú sa mhargadh stoc?,,"Teastaíonn ullmhúchán agus straitéis shainithe uait chun tús a chur le do thuras infheistíochta. Molann saineolaithe airgeadais na céimeanna riachtanacha seo a leanúint:
1. **Cobhsaíocht Airgeadais a Bhunú:** Sula ndéanann tú infheistiú, cinntigh nach bhfuil aon fhiacha ardráta úis ort (cosúil le cártaí creidmheasa) agus go bhfuil ciste éigeandála láidir agat a chlúdaíonn costais mhaireachtála 3-6 mhí.
2. **Spriocanna agus Amlíne a Shainiú:** Cinntigh *cén fáth* a bhfuil tú ag infheistiú (m.sh., scor, éarlais tí, coigilteas gearrthéarmach) agus do chreat ama gaolmhar. Cinneann sé seo do lamháltas riosca. De ghnáth, ceadaíonn amlíne níos faide riosca níos airde.
3. **Na Cuntais Chearta a Roghnú:** Tabhair tús áite do chuntais buntáiste cánach mar 401(k) (go háirithe má tá meaitseáil fostóra ann) nó IRA Roth/Traidisiúnta. I gcás bróicéireachta caighdeánach, roghnaigh ardán iontaofa, ísealmhuirear.
4. **Tosaigh Go Leathan agus Éagsúlaithe:** I gcás tosaitheoirí, is é an cur chuige is sábháilte agus is mó a mholtar ná Cistí Trádála-Mhalartaithe (ETFs) margaidh leathan a cheannach nó cistí frithpháirteacha innéacs ar chostas íseal (m.sh., iad siúd a rianaíonn an S&P 500). Déanann sé seo do riosca a éagsúlú láithreach thar na céadta cuideachta.
5. **Meánú Costas an Dollar (DCA) a Úsáid:** In ionad iarracht a dhéanamh 'am a chur ar an margadh,' tabhair gealltanas méid seasta airgid a infheistiú go tráthrialta (go míosúil nó gach coicís). Laghdaíonn sé seo an riosca go gceannófar ach amháin nuair a bhíonn na praghsanna ard.
6. **Gealltanas a Thabhairt don Fhadtéarma:** Is annamh a bhaineann infheistíocht rathúil le gnóthachain thapa. Coinnigh smacht agus seachain freagairt go mothúchánach do chúlaithe margaidh."
Cad iad na comhpháirteanna riachtanacha de atosú gairmiúil éifeachtach?,,"1. **Faisnéis Teagmhála Shoiléir:** Cinntigh go bhfuil d'ainm, d'uimhir theileafóin, ríomhphost gairmiúil, agus próifíl LinkedIn (más infheidhme) le feiceáil go héasca.
2. **Achoimre/Cuspóir Gairmiúil:** Mír ghearr, saincheaptha ag cur síos ar do ghnóthachtálacha gairme agus ar spriocanna a bhaineann leis an bpost.
3. **Taithí Oibre Droch-Chroineolaíoch:** Liostaigh poist ag tosú leis an gceann is déanaí. Úsáid briathra láidre gníomhaíochta agus cainníochtaigh gnóthachtálacha nuair is féidir.
4. **Oideachas agus Deimhnithe:** Cuir isteach céimeanna ábhartha, institiúidí, agus dátaí. Liostaigh deimhnithe a chuireann le do cháilíochtaí.
5. **Scileanna Ábhartha:** Cruthaigh alt ar leith a leagann béim ar chruascileanna (bogearraí, teangacha) agus ar bhogscileanna (ceannaireacht, cumarsáid) a fhreagraíonn d'eochairfhocail an chur síos poist."
Déan liosta de na príomhghnóthachtálacha acadúla agus na Dámhachtainí Nobel a bhuaigh Marie Curie san ord inar bronnadh iad.,"Marie Skłodowska Curie (a rugadh ar 7 Samhain, 1867, sa Vársá, an Pholainn) b'fhisiceoir agus ceimiceoir í a rinne taighde ceannródaíoch ar an radaighníomhaíocht. Ba í an chéad bhean a bhuaigh Duais Nobel, an chéad duine agus an t-aon bhean amháin a bhuaigh Duais Nobel faoi dhó, agus an t-aon duine amháin a bhuaigh Duais Nobel in dhá réimse eolaíochta éagsúla. Sa bhliain 1891, bhog sí go Páras chun staidéar a dhéanamh ag an Sorbonne. Tar éis blianta de thaighde díograiseach, i 1903, roinn sí Duais Nobel na Fisice lena fear céile Pierre Curie agus leis an bhfisiceoir Henri Becquerel as a gcuid oibre ar radaíocht spontáineach. Tar éis bás Pierre, lean sí lena cuid oibre ceannródaíche, agus i 1911, fuair sí Duais Nobel na Ceimice as aimsiú na ndúl raidiam agus polóiniam. Le linn an Chéad Chogadh Domhanda, d'fhorbair sí aonaid X-ghathaithe shoghluaiste, ar a dtugtar 'petites Curies.' Fuair sí bás ar 4 Iúil, 1934, i Sancellemoz, an Fhrainc.","Seo iad na príomhghnóthachtálacha acadúla agus na Dámhachtainí Nobel a fuair Marie Curie:
1. Bhog sí go Páras chun staidéar a dhéanamh ag an Sorbonne (1891).
2. Roinn sí Duais Nobel na Fisice (1903).
3. Fuair sí Duais Nobel na Ceimice (1911)."
"Céard é an pointe is doimhne atá ar eolas in aigéin an Domhain, agus cá bhfuil sé suite?",,"Is é an Challenger Deep an pointe is doimhne, atá suite i ndeisceart na Trinse Mariana san Aigéan Ciúin Thiar. Is é a dhoimhneacht neasach beagnach 10,935 méadar (35,876 troigh)."
Mínigh príomhfheidhm agus comhpháirteanna riachtanacha na fótaisintéise.,"Is í an fhótaisintéis an próiseas a úsáideann plandaí, algaí, agus baictéir áirithe chun fuinneamh solais, ón nGrian de ghnáth, a thiontú ina fhuinneamh ceimiceach is féidir a scaoileadh níos déanaí chun gníomhaíochtaí an orgánaigh a chothú (claochlú fuinnimh). Stóráiltear an fuinneamh ceimiceach seo i móilíní carbaihiodráite, amhail siúcraí, a shintéisiú ó dhé-ocsaíd charbóin agus uisce. I bhformhór na gcásanna, scaoiltear ocsaigin mar dhramhtháirge. Is é 6CO₂ + 6H₂O + fuinneamh solais → C₆H₁₂O₆ + 6O₂ an chothromóid chothromaithe fhoriomlán don fhótaisintéis. Teastaíonn trí phríomh-chomhpháirt ón bpróiseas seo: solas na gréine, uisce (H₂O), agus dé-ocsaíd charbóin (CO₂).","Is í an fhótaisintéis an próiseas a úsáideann orgánaigh chun fuinneamh solais, ón nGrian de ghnáth, a thiontú ina fhuinneamh ceimiceach atá stóráilte i móilíní carbaihiodráite cosúil le siúcraí, a chothaíonn gníomhaíochtaí an orgánaigh. Is iad na comhpháirteanna riachtanacha don phróiseas seo ná solas na gréine, uisce (H₂O), agus dé-ocsaíd charbóin (CO₂)."
"Aithin údar na n-úrscéalta clasaiceacha seo a leanas: Moby Dick, Wuthering Heights.",,"Scríobh Herman Melville Moby Dick, agus scríobh Emily Brontë Wuthering Heights."
"Cad é an difríocht idir Damhna Dorcha agus Fuinneamh Dorcha, agus cén fáth a bhfuil siad tábhachtach don chosmeolaíocht?",,"Is dhá chomhpháirt den chruinne atá go bunúsach éagsúil iad an Damhna Dorcha agus an Fuinneamh Dorcha, ach tá an t-ainm 'Dorcha' coitianta acu mar ní féidir ceachtar acu a fheiceáil go díreach trí radaíocht leictreamaighnéadach (solas). Le chéile, is ionann iad agus thart ar 95% d'ábhar iomlán maise-fuinnimh an chosmais, rud a fhágann go bhfuil siad ríthábhachtach chun struchtúr agus éabhlóid na cruinne a thuiscint.

Is foirm de dhamhna é an **Damhna Dorcha** nach ndéanann idirghníomhú le damhna infheicthe ach amháin trí imtharraingt. Ní ionsúnn, ní léiríonn, ná ní astaíonn sé solas. Déantar a bheith ann a dhéanamh amach trí bhreathnú ar a éifeachtaí imtharraingteacha, go háirithe ar réaltraí agus braislí réaltraí, a rothlaíonn róthapa chun go gcoinneodh a mais infheicthe amháin iad le chéile. Feidhmíonn an Damhna Dorcha mar 'scafall' cosmach, ag soláthar an ancaire imtharraingteach atá riachtanach chun go bhfoirmeodh struchtúir cosúil le réaltraí. Maolaíonn sé forleathnú na cruinne, ach méadaíonn sé braisle imtharraingteach go háitiúil.

Os a choinne sin, is foirm mistéireach fuinnimh é an **Fuinneamh Dorcha** a dháiltear go haonfhoirmeach ar fud an spáis agus a fheidhmíonn mar fhórsa éartha, frith-imtharraingteach. Is é an fórsa tiomána taobh thiar d'fhorleathnú luasghéaraithe na cruinne a breathnaíodh. Go bunúsach, cé go gcabhraíonn an Damhna Dorcha le rudaí a tharraingt le chéile go háitiúil, brúnn an Fuinneamh Dorcha an chruinne óna chéile go domhanda ar ráta atá ag méadú de shíor.

Tá a dtábhacht ríthábhachtach: gan Damhna Dorcha agus Fuinneamh Dorcha a chur san áireamh, níl samhail chaighdeánach na cosmeolaíochta (samhail Lambda-CDM) in ann míniú a thabhairt ar bhreathnuithe amhail an radaíocht chúlra micreathonnach chosmach, foirmiú struchtúr mórscála, agus stair fhorleathnú na cruinne."
Mínigh an phríomhdhifríocht idir pláinéad agus abhacphláinéad de réir shainmhíniú an AIG.,,"Bhunaigh an tAontas Idirnáisiúnta Réalteolaíochta (AIG) trí chritéar le haghaidh comhlacht neamhaí a aicmiú mar phláinéad. Sásaíonn pláinéid agus abhacphláinéid araon an chéad dá cheann: caithfidh siad fithisiú na Gréine agus caithfidh go bhfuil dóthain maise acu chun cruth beagnach cruinn a ghlacadh (cothromaíocht hidreastatach). Tá an difríocht shainitheach sa tríú critéar: Caithfidh pláinéad 'an comharsanacht a ghlanadh' timpeall a fhithise, rud a chiallaíonn gurb é an comhlacht is ceannasaí ó thaobh imtharraingthe de ina chonair fhithiseach. Teipeann ar abhacphláinéid, amhail Plútón, Ceiréas, agus Éiris, an tríú critéar seo toisc go roinneann siad a réigiún fithiseach le réada suntasacha eile."
Liostaigh trí cinn de na húrscéalta is mó clú a scríobh Jane Austen.,,"1. Pride and Prejudice
2. Sense and Sensibility
3. Emma"
"De réir an téacs a soláthraíodh, cé a luaitear go minic le fionnachtain tosaigh na peinicillin agus cén bhliain?","Is grúpa antaibheathach í an pheinicillin a dhíorthaítear ar dtús ó mhúnlaí Peinicilliam, go háirithe P. chrysogenum agus P. rubens. Bhí sé ar cheann de na chéad chógais a bhí éifeachtach i gcoinne go leor ionfhabhtuithe baictéaracha tromchúiseacha de bharr staphylococci agus streptococci. Is minic a chuirtear fionnachtain na peinicillin i leith an lia Albanach Alexander Fleming sa bhliain 1928, a bhí ag obair in Ospidéal Naomh Muire i Londain. Mar sin féin, ba iad Howard Florey, Ernst Chain, agus Norman Heatley a rinne ceannródaíocht ar a olltáirgeadh agus a fheidhm leighis go luath sna 1940idí. Chuir tabhairt isteach na peinicillin tús le réabhlóid sa leigheas, rud a thug ré na n-antaibheathach.",Is minic a chuirtear fionnachtain na peinicillin i leith an lia Albanach Alexander Fleming sa bhliain 1928.
Cuir ainm iomlán na dúile ar fáil do gach siombail cheimiceach atá liostaithe.,"Fe, Au, K, Na, S","Is Iarann é Fe, is Ór é Au, is Potaisiam é K, is Sóidiam é Na, agus is Sulfar é S."
"Bunaithe ar an téacs, cad iad na príomhshonraíochtaí agus ainm na chéad oigheann micreathonn a bhí ar fáil go tráchtála?","Forbraíodh an t-oigheann micreathonn nua-aimseartha den chuid is mó ó theicneolaíocht a cheap Percy Spencer, innealtóir Meiriceánach ag Raytheon. Agus é ag obair ar theicneolaíocht radair mhíleata a bhain le tacair radair ghníomhacha, thug Spencer faoi deara sa bhliain 1945 gur leáigh barra seacláide ina phóca nuair a cuireadh faoi lé an chórais radair ghníomhaigh é. Chuir sé spéis ann, agus rinne sé turgnamh trí thonnta maighnéadróin a dhíriú ar bhianna éagsúla, ag tosú le grán rósta agus ansin ubh (a phléasc go tapa). Chuir Raytheon paitinn isteach don phróiseas cócaireachta micreathonn ar an 8 Deireadh Fómhair, 1945. Ba é an 'Radarange,' a seoladh i 1947, an chéad oigheann micreathonn a bhí ar fáil go tráchtála. Bhí sé beagnach 6 throigh ar airde, mheáigh sé 750 punt, agus chosain sé idir $2,000 agus $3,000. Bhí gá le pluiméireacht chun é a fhuarú agus díoladh é go príomha le bialanna móra agus ceaintíní míleata. Níor thosaigh glacadh baile leis ach i bhfad níos déanaí, nuair a tháinig samhlacha cuntair níos lú, níos inacmhainne ar fáil sna 1960idí déanacha.","Ba é an chéad samhail a bhí ar fáil go tráchtála ná an 'Radarange,' a seoladh i 1947. Bhí sé beagnach 6 throigh ar airde, mheáigh sé 750 punt, agus chosain sé idir $2,000 agus $3,000."
Cé hiad na carachtair a bhí ar fhoireann bhunaidh leabhar grinn na Avengers nuair a seoladh é?,,"Bhí cúigear ball bunaithe ar an mbunfhoireann de na Avengers, a thosaigh in The Avengers #1 (Meán Fómhair 1963) le Stan Lee agus Jack Kirby: Iron Man (Tony Stark), Thor, an Hulk (Bruce Banner), Ant-Man (Hank Pym), agus an Wasp (Janet van Dyne). Cé gur pearsa thábhachtach é Captain America, chuaigh sé isteach san fhoireann níos déanaí san eagrán #4 tar éis é a athbheochan ó bheochan ar fionraí."
Liostaigh na príomhfhachtóirí a chuir le meath Impireacht na Róimhe Thiar.,"Bhí Impireacht na Róimhe ar cheann de na himpireachtaí ba mhó sa seandomhan, ag síneadh thar thrí mhór-roinn: an Eoraip, an Afraic Thuaidh, agus an Meánoirthear. Thosaigh sí go coinbhinsiúnta le réimeas Ágastas sa bhliain 27 RC. Is é 476 AD an dáta traidisiúnta a thugtar d’ardú Impireacht na Róimhe Thiar, nuair a chuir taoiseach Gearmánach, Odoacer, an t-impire deireanach, Romulus Augustulus, as cumhacht. I measc na bpríomhfhachtóirí a chuir leis an meath bhí éagobhsaíocht eacnamaíoch, róshíneadh fórsaí míleata, agus éilliú polaitiúil dian.","éagobhsaíocht eacnamaíoch, róshíneadh fórsaí míleata, agus éilliú polaitiúil dian."
Cá raibh an mianra Kermesite doiciméadaithe den chéad uair?,,"Is mianra ocsaishúlfíd antamóin réasúnta annamh é an Kermesite. Rinne Franz Ritter von Hauer é a dhoiciméadú agus a chur síos go hoifigiúil sa bhliain 1843 bunaithe ar shamplaí a fuarthas gar do Pezinok, Bohemia (Poblacht na Seice sa lá atá inniu ann)."
"Rangaigh na stáit seo a leanas de chuid SAM bunaithe ar cibé acu a bhfuil teorainn acu leis an Aigéan Ciúin nó leis an Aigéan Atlantach: Maine, California, Oregon, Florida, New York, Washington, Georgia, Massachusetts, North Carolina, Hawaii",,"Is iad na stáit a bhfuil teorainn acu leis an Aigéan Ciúin ná California, Oregon, Washington, agus Hawaii. Is iad na stáit a bhfuil teorainn acu leis an Aigéan Atlantach ná Maine, Florida, New York, Georgia, Massachusetts, agus North Carolina."
Mínigh príomhfheidhm agus tábhacht Chloch Rosetta.,,"Is steilé í Cloch Rosetta atá comhdhéanta de ghranadióirít agus tá trí leagan d'fhorógra greanta uirthi a eisíodh i Memphis, an Éigipt, sa bhliain 196 R.Ch. thar ceann an Rí Tolamaes V Eipiphanes. Tá príomhthábhacht na cloiche sa mhéid is go bhfuil an forógra scríofa i dtrí script éagsúla: is iad hioglaipeacha na Sean-Éigiptise an téacs barr, is í an scríbhneoireacht Dheamótach an ceann lár, agus is í an tSean-Ghréigis an ceann bun. Toisc go raibh an téacs Sean-Ghréigise intuigthe go maith ag scoláirí, chuir an chloch an eochair ríthábhachtach ar fáil chun hioglaipeacha na hÉigiptise a thuiscint go nua-aimseartha, a bhí do-léite ar feadh na gcéadta bliain. D'oscail a díshifriú, go príomha ag Jean-François Champollion i 1822, méideanna ollmhóra faisnéise stairiúla faoi sheanchultúr agus sheanteanga na hÉigiptise."
"Cén t-acrainm a sheasann d'Eagraíocht Oideachais, Eolaíochta agus Chultúir na Náisiún Aontaithe?",,UNESCO
Mínigh cad is cúis leis an chaor aduaidh.,,"Is é an chaor aduaidh, nó na Soilse Thuaidh, is cúis leis de bharr cáithníní luchtaithe ón ngrian a bhuaileann adamh agus móilíní in atmaisféar an Domhain. Treoraíonn réimse maighnéadach an Domhain na cáithníní seo i dtreo na réigiún polach, rud a chruthaíonn taispeántais ildaite solais."
Mínigh an difríocht idir an aimsir agus an aeráid.,,"Tagraíonn an aimsir do na coinníollacha atmaisféaracha thar thréimhse ghearr ama (uaireanta nó laethanta), lena n-áirítear athróga ar nós teocht, taise, deascadh agus gaoth. Déanann an aeráid, os a choinne sin, cur síos ar na meánchoinníollacha aimsire a breathnaíodh i réigiún ar leith thar thréimhse fhada, 30 bliain nó níos mó de ghnáth."
Mínigh na bundifríochtaí feidhmiúla agus struchtúracha idir Cuimhne Rochtana Randamach (RAM) agus Cuimhne Inléite Amháin (ROM) i gcóras ríomhaire.,,"Is cuimhne luaineach í RAM (Cuimhne Rochtana Randamach) a úsáidtear chun sonraí oibre agus cód meaisín atá á n-úsáid faoi láthair a stóráil. Tá sí tapa agus riachtanach d'oibriú gníomhach an ríomhaire, ach cailltear gach sonraí atá stóráilte i RAM nuair a mhúchtar an ríomhaire. Tá RAM deartha le haghaidh léitheoireachta agus scríbhneoireachta leanúnaí. Is cuimhne neamh-luaineach í ROM (Cuimhne Inléite Amháin), os a choinne sin. Stórálann sí bogearraí innmheánacha (cosúil leis an BIOS nó UEFI) atá riachtanach chun an córas ríomhaire a thosú agus a thúsú. De ghnáth, scríobhtar sonraí i ROM le linn monaraithe nó splancadh agus maireann siad fiú nuair a dhícheanglaítear an chumhacht. Cé gur féidir le leaganacha nua-aimseartha de ROM a bheith athscríofa uaireanta, is é a príomhchuspóir ná treoracha buana, íseal-leibhéal a stóráil."
Cé hiad na heolaithe a bhí freagrach as peinicillin a chobhsú agus a olltáirgeadh?,"Bhí fionnachtain na peinicilline ag Alexander Fleming i 1928 ina tráth cinniúnach i stair an leighis. Mar sin féin, níor tharla forbairt ina dhiaidh sin ar an druga ina ghníomhaire teiripeach inúsáidte go dtí tús na 1940idí. Ba iad Howard Florey agus Ernst Chain, a bhí ag obair in Ollscoil Oxford, a d’éirigh leis an comhdhúil a chobhsú agus a olltáirgeadh, spreagtha go mór ag an ngá le cóireálacha níos fearr le linn an Dara Cogadh Domhanda.",Howard Florey agus Ernst Chain.
Mínigh na céimeanna riachtanacha atá le déanamh chun bonn cláir a athrú go sábháilte ar ghnáthfheithicil paisinéirí.,,"1. Tarraing isteach go dtí áit shábháilte, chothrom, i bhfad ón trácht agus cuir an coscán páirceála i ngleic.
2. Aimsigh agus bailigh an bonn spártha, an seac, agus an eochair chnónna boinn.
3. Bain úsáid as an eochair chun na cnónna boinn a scaoileadh (ach gan iad a bhaint amach) fad is atá an bonn fós ar an talamh.
4. Cuir an seac ar fhráma na feithicle agus ardaigh an carr go dtí go bhfuil an bonn cláir glan ón talamh go hiomlán.
5. Bain na cnónna boinn amach go hiomlán, tóg an bonn cláir de, agus cuir an bonn spártha suas.
6. Déan na cnónna boinn a dhéanamh níos doichte de láimh i bpatrún réalta.
7. Ísligh an fheithicil go hiomlán agus ansin bain úsáid as an eochair chun na cnónna a theannadh go daingean.
8. Stóráil an trealamh go léir agus seiceáil brú an bhoinn spártha a luaithe is féidir."
Aithin agus déan cur síos ar na trí mhórlucht tragóideach (hamartia) i bpríomhcharachtar Macbeth le Shakespeare.,,"Is é an mórlucht is suntasaí ná Uaillmhian Gan Srianadh. Tá fonn Mhic Bheatha ar chumhacht, arna chothú ag tairngreacht na gcailleacha dubha agus ag ionramháil Bhean Mhic Bheatha, níos láidre ná a chompás morálta, rud a chuireann iallach air ríoghmharú a dhéanamh. Is é an dara lúchta criticiúil ná Hubris agus Ró-Mhuinín, go háirithe tar éis a dhara teagmháil leis na cailleacha dubha, áit a gcuireann na tairngreachtaí ceilte (Coill Bhirnam, 'gan duine ar rugadh ó bhean') ina luí air go bhfuil sé dochosanta agus nach féidir teagmháil a dhéanamh leis. Ar deireadh, is teip lárnach é Rún Éiginnte agus So-ghabhálacht d'Mholadh; cé go mbíonn Mac Beatha ag streachailt go hinmheánach leis an moráltacht, bíonn tionchar níos dorcha, seachtrach i gcónaí aige (na Cailleacha Dubha, a bhean chéile) in áit a theorainneacha tosaigh féin a choinneáil."
Cad é an téarma ar thréimhse an-fhuar? Tonn teasa nó Pioc fuachta,,Pioc fuachta
"Cé hí an chéad bhean a bhuaigh Duais Nobel, agus cén réimse inar bhuaigh sí é?",,Ba í Marie Curie an chéad bhean a bhuaigh Duais Nobel. Bronnadh Duais Nobel na Fisice uirthi i 1903.
"Déan cur síos ar ghnáthstruchtúr eagrúcháin Léigiún Rómhánach le linn Ré na hImpireachta, lena n-áirítear róil na gcóhort.","Le linn na Ré Impiriúla, bhí gnáth-Léigiún Rómhánach comhdhéanta de thart ar 5,000 tromshaighdiúir coise. Bhí an fórsa iomlán comhraic eagraithe i ndeich gcóhort. Ní raibh an struchtúr aonfhoirmeach ar fud na ndeich gcóhort go léir; bhí an Chéad Chóhort uathúil. Measadh gurb é an cóhort mionlach é, ina raibh cúig céad de dhé-neart, rud a thug a fhórsa iomlán daonna go dtí thart ar 800 fear. Bhí an naoi gcóhort eile (Cóhort a Dó go dtí a Deich) de ghnáthmhéid, gach ceann acu comhdhéanta de sé ghnáth-chéad, arb ionann iad agus 480 fear in aghaidh an ghnáthchóhoirt. Ba é an t-aonad oirbheartaíochta is lú an céad, a raibh 80 fear ann de ghnáth, faoi cheannas Ceantúirín. Ba é an Legatus príomhcheannasaí an léigiúin. Cé gur minic a d'oibrigh fórsaí cúnta, amhail marcshlua agus coisithe éadroma, taobh leis na léigiúin, bhí siad scartha go struchtúrach ó na cóhoirt léigiúnacha féin.","Eagraíocht de thart ar 5,000 tromshaighdiúir coise a bhí i Léigiún Rómhánach, struchtúrtha i ndeich gcóhort. Bhí an Chéad Chóhort ar leith, de dhé-neart agus cúig chéad ann, 800 fear san iomlán. Bhí Cóhoirt a Dó go dtí a Deich de ghnáthmhéid, gach ceann acu comhdhéanta de sé chéad, arb ionann iad agus 480 fear in aghaidh an chóhoirt. Ba é an t-aonad is lú an céad (80 fear), faoi cheannas Ceantúirín, agus ba é an Legatus an príomhcheannasaí."
"Bunaithe ar an téacs a cuireadh ar fáil, tabhair achoimre ar phríomhthréithe agus ar chomhréireanna cosmacha measta an ábhair dhorcha.","Is foirm hipitéiseach ábhair é an t-ábhar dorcha a cheaptar a bheith freagrach as thart ar 85% den ábhar sa chruinne agus as timpeall an ceathrú cuid dá dhlús iomlán fuinnimh. Ní féidir é a fheiceáil go díreach le teileascóip; ina ionad sin, baintear a bheith ann agus a airíonna de thoradh ar a éifeachtaí imtharraingteacha ar an ábhar infheicthe, ar an radaíocht, agus ar struchtúr mórscála na cruinne. Tugann meastacháin reatha le fios go gcuireann an t-ábhar dorcha le thart ar 27% den dlús iomlán mais-fhuinnimh, cé nach gcuireann an gnáth-ábhar leis ach 5%. Cuirtear an 68% atá fágtha i leith na fuinnimh dhorcha. Cé nár aimsíodh an t-ábhar dorcha go díreach, molann príomhtheoiricí go bhfuil sé comhdhéanta de cháithníní móra idirghníomhaithe go lag (WIMPs).","Is iad seo a leanas príomhthréithe agus comhréireanna an ábhair dhorcha:
- Is foirm hipitéiseach ábhair é, measta a bheith freagrach as 85% den ábhar sa chruinne.
- Cuireann sé le thart ar 27% de dhlús iomlán mais-fhuinnimh na cruinne.
- Ní féidir an t-ábhar dorcha a fheiceáil go díreach; baintear a láithreacht as trína éifeachtaí imtharraingteacha ar an ábhar infheicthe.
- Molann na teoiricí is suntasaí go bhfuil an t-ábhar dorcha comhdhéanta de cháithníní móra idirghníomhaithe go lag (WIMPs)."
"Cad iad príomhdhathanna an tsolais, de réir an mhúnla dathanna suimitheacha?",,"Dearg, Glas, agus Gorm (RGB)"
Cad iad na trí bhealach éifeachtacha chun tús a chur le máistreacht a dhéanamh ar scil nua?,,"Baineann na modhanna is éifeachtaí le meascán de struchtúr agus déine. Ar dtús, cuir 'cleachtadh d'aon ghnó' i bhfeidhm, rud a chiallaíonn go gcaitheann tú am dírithe ag dul i ngleic leis na codanna is deacra den scil, seachas an rud atá ar eolas agat cheana féin a athrá. Sa dara háit, cinntigh go mbunaíonn tú gnáthamh laethúil nach féidir a sheachaint, fiú mura bhfuil ann ach 15 nóiméad, mar go sáraíonn an chomhsheasmhacht an déine uaineach le haghaidh máistreacht fhadtéarmach. Sa tríú háit, aimsigh bealaí chun aiseolas láithreach agus oibiachtúil a fháil, cibé acu trí mheantóir, trí mhéadrach intomhaiste, nó trí fhéintaifeadadh."
Mínigh an difríocht idir sóid aráin agus púdar bácála.,,"Is gníomhairí ardaithe iad sóid aráin (décharbónáit sóidiam) agus púdar bácála, ach feidhmíonn siad go difriúil. Teastaíonn aigéad (cosúil le bláthach, iógart, nó fínéagar) agus taise ó shóid aráin chun gás dé-ocsaíd charbóin a chruthú, rud a fhágann go n-ardaíonn earraí bácáilte. Is éard atá i bpúdar bácála, áfach, ná sóid aráin atá measctha roimh ré le haigéad tirim (uachtar tartar de ghnáth) agus stáirse (chun taise a ionsú). Toisc go bhfuil an t-aigéad riachtanach ann cheana féin, ní gá ach leacht agus teas do phúdar bácála chun a airíonna ardaithe a ghníomhachtú. Úsáideann an chuid is mó d'oidis púdar bácála ar mhaithe le caoithiúlacht, ach úsáidtear sóid aráin nuair a bhíonn comhábhar aigéadach san oideas cheana féin."
Tabhair na céimeanna riachtanacha chun cupán foirfe caife French Press a ghrúdaireacht.,,"1) Uisce a Théamh: Tabhair an t-uisce díreach faoi bhun an fiuchphointe (go hidéalach idir 195°F agus 205°F). Is féidir le huisce fiuchta an caife a 'dhó'.
2) Meileann go Garbh: Úsáid grinder burr chun meileadh garbh, aonfhoirmeach a bhaint amach. Sileann gráin mhíne trí an mogalra agus déanann siad an caife dríodair.
3) Comhcheangail: Cuir na gráin isteach i mbun an French Press. Is é cóimheas coiteann ná 2 spúnóg bhoird de chaife in aghaidh gach 6 unsa uisce.
4) Bláthú agus Corraigh: Doirt isteach leath den uisce te, ag cinntiú go bhfuil na gráin go léir sáithithe. Fan 30 soicind don 'bhláthú,' ansin corraigh go réidh.
5) Maos: Doirt isteach an chuid eile den uisce agus cuir an clúdach air, ach ná brúigh an tumadóir síos fós. Lig don chaife maos ar feadh 4 nóiméad.
6) Tum: Brúigh an tumadóir síos go mall agus go seasta chun na gráin a scaradh ón leacht caife. Freastail láithreach bonn."
"Cén ról stairiúil tábhachtach a bhí ag Timbuctú, de réir an tuairisc?","Is cathair sa Mhailí é Timbuctú, atá suite díreach ó thuaidh d'Abhainn na Nígir. Go stairiúil, bhí sé ina mhol lárnach do na bealaí trádála tras-Shaháracha, cáiliúil as salann, ór, agus as scaipeadh na scoláireachta Ioslamaí trína leabharlanna ársa agus Ollscoil Sankore.",Mol lárnach do na bealaí trádála tras-Shaháracha
Mínigh an próiseas cuilteála.,,"Is modh fuála nó ceangail eile é an chuilteáil ar thrí shraith ábhair ar a laghad: barr na cuilte (fabraic patrúin a bhíonn fuaite le chéile go minic), an líonadh (an tsraith inslitheach idirleabaithe), agus an t-ábhar cúlra. Cruthaíonn na poinnte a úsáidtear chun na sraitheanna seo a choinneáil le chéile patrún maisiúil agus cuireann siad cosc ar an líonadh inmheánach ó shleamhnú, rud a chruthaíonn teicstíl mharthanach, the go minic."
Cén fachtóir sainithe a dhéanann idirdhealú idir hairicín agus tíofún?,"Is córais stoirme cumhachtacha, rothlacha iad cioclóin thrópaiceacha le gaotha arda agus báisteach throm. Ní dhéanann na téarmaí aicmithe—hairicín, tíofún, agus cioclón trópaiceach—cur síos ar struchtúir fhisiceacha ná ar dhéine éagsúla, ach ar an imchuach gheografach ina bhfoirmíonn an stoirm. Go sonrach, ainmnítear stoirmeacha a thagann chun cinn san Aigéan Atlantach nó san Aigéan Ciúin Thoir Thuaidh mar hairicíní. Tugtar tíofúin ar stoirmeacha a fhoirmíonn san Aigéan Ciúin Thiar Thuaidh. I réigiúin an Aigéin Chiúin Theas agus an Aigéin Indiaigh, is é an téarma a úsáidtear go ginearálta ná 'stoirm chioclónach thromchúiseach' nó 'cioclón trópaiceach.'","Is idirdhealú geografach amháin é. Go meitéareolaíoch, is í an feiniméan céanna iad (cioclón trópaiceach). Tugtar hairicín ar stoirm má fhoirmíonn sí san Atlantach nó san Aigéan Ciúin Thoir Thuaidh, agus tugtar tíofún uirthi má fhoirmíonn sí san Aigéan Ciúin Thiar Thuaidh."
Cad iad príomhspriocanna misin Teileascóp Spáis James Webb?,"Seoladh Teileascóp Spáis James Webb (JWST) ar an 25 Nollaig, 2021, ar roicéad Ariane 5 ó Spásphort na hEorpa sa Ghuáin Fhrancach. Is é an comharba ar Teileascóp Spáis Hubble é. I measc a phríomhspriocanna misin tá breathnú ar na chéad réaltaí agus réaltraí a foirmíodh sa chruinne agus tréithe a shainmhíniú d’eaxaplainéid.",I measc príomhspriocanna misin an JWST tá breathnú ar na chéad réaltaí agus réaltraí a foirmíodh sa chruinne agus tréithe a shainmhíniú d’eaxaplainéid.
Céard é an t-ainmniú oifigiúil ar an gcéad sár-arm d'Impireacht Réaltrach?,,Stáisiún Cogaidh Fithiseach DS-1
"Tá Caisleán cáiliúil Elsinore, an príomhshuíomh do thragóid William Shakespeare *Hamlet*, suite i dtír na",,An Danmhairg
Déan achoimre ar na príomh-imeachtaí agus ar na daoine a bhí páirteach i bhfionnachtain agus i bhforbairt na peinicilline.,"Fionnachtaíodh Peinicillin, an chéad fhíor-antaibheathach ar domhan, i 1928 ag an dochtúir agus baictéareolaí Albanach Alexander Fleming in Ospidéal St. Mary i Londain. Thug Fleming faoi deara gur chuir múnla a bhí ag éilliú mias Petri ina raibh baictéir Staphylococcus isteach ar fhás na mbaictéar. D'aithin sé an múnla mar Penicillium notatum. Mar sin féin, bhí deacrachtaí ag Fleming an comhdhúil gníomhach a leithlisiú agus a chobhsú le haghaidh olltáirgeadh agus úsáid chliniciúil. Ní go dtí deireadh na 1930idí agus tús na 1940idí a d’éirigh le foireann faoi cheannas eolaithe Oxford, Howard Florey agus Ernst Chain, modhanna a fhorbairt chun peinicillin a íonú agus a tháirgeadh i gcainníochtaí móra. D'athraigh a gcuid oibre, go háirithe le linn an Dara Cogadh Domhanda, an leigheas agus shábháil sé na milliúin beatha, rud a d'fhág gur roinn Fleming, Florey, agus Chain Duais Nobel 1945 sa Fhiseolaíocht nó sa Leigheas.","Fionnachtaíodh Peinicillin ar dtús i 1928 ag Alexander Fleming, a thug faoi deara gur chuir an múnla Penicillium notatum bac ar fhás baictéarach. Cé gur aithin Fleming an tsubstaint, níor baineadh amach a cobhsú agus a íonú ar scála mór go dtí i bhfad níos déanaí, ag deireadh na 1930idí agus tús na 1940idí, ag foireann Oxford Howard Florey agus Ernst Chain, rud a fhág gur thug siad cumas míochaine di le linn an Dara Cogadh Domhanda."
Cé hé an chéad duine a shiúil ar an ngealach?,,Neil Armstrong
Mínigh an difríocht bhunúsach idir ródaire Wi-Fi agus móideim chábla.,,"Is éard is móideim (modhnóir/dí-mhodhnóir) ann an gléas a nascann do líonra baile go díreach le do Sholáthraí Seirbhíse Idirlín (SSI), ag aistriú comharthaí sonraí thar línte seachtracha. Glacann ródaire, ar an taobh eile, an nasc idirlín aonair a sholáthraíonn an móideim agus cruthaíonn sé líonra ceantair áitiúil (LAN) laistigh de do theach, ag ceadú do ghléasanna iolracha nascadh leis an idirlíon go comhuaineach agus cumarsáid a dhéanamh lena chéile."
"Cé na critéir a chomhlíon ainm Phlútó, agus cén critéar nár chomhlíon a aicmiú fisiciúil de réir chinneadh an Aontais Réalteolaíoch Idirnáisiúnta (IAU) sa bhliain 2006?","Sa bhliain 1930, d'aimsigh Clyde Tombaugh Plútó ag Réadlann Lowell. Aicmíodh ar dtús é mar an naoú pláinéad, agus ainmníodh é i ndiaidh dhia Rómhánach an domhain thíos, moladh a tháinig ó Venetia Burney, cailín scoile 11 bhliain d'aois in Oxford, Sasana, a raibh suim aici i miotaseolaíocht chlasaiceach. Roghnaíodh an t-ainm go páirteach toisc gurb iad na chéad dá litir, 'PL', túslitreacha Percival Lowell, a bhí tar éis a thuar go raibh an naoú pláinéad (Pláinéad X) ann. Sa bhliain 2006, shainigh an tAontas Réalteolaíoch Idirnáisiúnta (IAU) an téarma 'pláinéad' arís, rud a d'fhág gur ath-aicmíodh Plútó mar phláinéad corrach. D'éiligh an cinneadh seo go gcomhlíonfadh corp neamhaí trí chritéar, ceann acu nár chomhlíon Plútó: ní raibh 'an comharsanacht glanta' aige timpeall a fhithise.","Chomhlíon ainm Phlútó dhá phríomhchritéar: ainmníodh é i ndiaidh dhia Rómhánach an domhain thíos (ag teacht le suim an mholtair óig sa mhiotaseolaíocht chlasaiceach) agus ba iad a túslitreacha 'PL' túslitreacha Percival Lowell, a thuar go raibh sé ann. Theip ar Phlútó an critéar aicmithe IAU 2006 a d'éiligh air 'an comharsanacht glanta' a bheith aige timpeall a fhithise."
Déan cur síos ar bhunstruchtúr agus ar chomhdhéanamh DNA.,"Is móilín é aigéad dí-ocsairibeanúicléasach (DNA) atá comhdhéanta de dhá shnáth fhada a dhualaíonn timpeall a chéile chun héilix dúbailte a dhéanamh. Iompraíonn an struchtúr seo na treoracha géiniteacha d’fhorbairt, d’fheidhmiú, d’fhás, agus d’atáirgeadh gach orgánaigh aitheanta agus go leor víris. Tá DNA comhdhéanta d’aonaid ar a dtugtar núicléitídí. Tá trí chuid i ngach núicléitíd: grúpa fosfáite, grúpa siúcra (dí-ocsairibeós), agus ceann amháin de cheithre bhun nítrigine: Adaínín (A), Tímín (T), Gúainín (G), nó Cíotóisín (C). Coinnítear an dá shnáth den héilix dúbailte le chéile trí naisc hidrigine idir na bunphéirí comhlántacha (Péireálann A le T i gcónaí, agus péireálann G le C i gcónaí). Socraíonn seicheamh na mbonn seo an cód géiniteach.","Is móilín é aigéad dí-ocsairibeanúicléasach (DNA) atá comhdhéanta de dhá shnáth fhada a dhualaíonn timpeall a chéile chun héilix dúbailte a dhéanamh, ag iompar na dtreoracha géiniteacha d’orgánaigh. Tá DNA comhdhéanta de núicléitídí, ina bhfuil grúpa fosfáite, grúpa siúcra (dí-ocsairibeós), agus ceann amháin de cheithre bhun nítrigine iontu: Adaínín, Tímín, Gúainín, nó Cíotóisín. Coinnítear na snáithíní le chéile trí naisc hidrigine idir bunphéirí comhlántacha (Péireálann A le T, agus péireálann G le C)."
Mínigh an bhun-chothromóid cheimiceach don fhótaisintéis.,,"Is í an bhunchothromóid ná $6CO_2 + 6H_2O + Light Energy \rightarrow C_6H_{12}O_6 + 6O_2$, ag taispeáint go dtugann dé-ocsaíd charbóin agus uisce, ag úsáid solais, glúcós (siúcra) agus ocsaigin uathu."
Inis dom faoin Túr Eiffel.,"Is túr laitíse iarainn saoirsithe é Túr Eiffel ar an Champ de Mars i bPáras, an Fhrainc. Tá sé ainmnithe i ndiaidh an innealtóra Gustave Eiffel, ar dhear agus ar thóg a chuideachta an túr. Tógadh é idir 1887 agus 1889 mar bhealach isteach d'Aonach Domhanda 1889, agus cé gur cháineadh ar dtús é ag cuid de na healaíontóirí agus intleachtóirí is mó le rá sa Fhrainc mar gheall ar a dhearadh, tá sé anois ina íocón cultúrtha domhanda den Fhrainc agus ar cheann de na struchtúir is so-aitheanta ar domhan. Tá an túr 330 méadar (1,083 troigh) ar airde, thart ar an airde chéanna le foirgneamh 81 stór, agus is é an struchtúr is airde i bPáras é. Méadaíodh a airde in 2022 tar éis aeróg raidió digitigh nua a chur leis. Is é an séadchomhartha íoctha is mó a dtugtar cuairt air ar domhan.","Is struchtúr ollmhór iarainn saoirsithe é Túr Eiffel atá suite i bPáras, agus dhear Gustave Eiffel é d'Aonach Domhanda 1889. Is díol spéise é, nuair a tógadh é den chéad uair, gur cheap go leor daoine i bPáras go raibh sé gránna! Anois, ar ndóigh, tá sé ar cheann de na sainchomharthaí tíre is cáiliúla ar fud an domhain. Tá sé suntasach freisin mar gheall ar a airde iontach, ag seasamh os cionn 330 méadar ar airde, agus tá sé aitheanta mar an séadchomhartha íoctha is mó a dtugtar cuairt air ar domhan."
"Rangaigh na míreanna seo a leanas ina dhá ghrúpa: torthaí agus glasraí: Tráta, Úll, Cairéad, Fíonchaor, Zúicíní, Banana, Práta, Oráiste.",,"Is iad na torthaí ná Tráta, Úll, Fíonchaor, Zúicíní, Banana, agus Oráiste. Is iad na glasraí ná Cairéad agus Práta."
"Déan cur síos ar chathair atá ann go hiomlán faoin uisce, faoi thiomáint ag gaothairí geoiteirmeacha agus bithlonracht. Dírigh ar an taithí céadfach.",,"Is ríocht de chónocht shafír shíoraí í cathair Aquatica. Is é an t-aon fhuaim ná osna chiúin, rithimeach an uisce i gcoinne na cruinníní brúite agus an tormán i bhfad uainn, domhain scornach, na n-inneall geoiteirmeach. Tagann solas ó scamaill guairneálacha de phlancatón bithlonrach saothraithe a ghluaiseann idir na struchtúir ghloine arda, bíseacha, ag caitheamh scáthanna uafásacha glasa agus corcra. Bollaíonn an t-aer istigh beagán den ózón agus den sáile íonaithe, codarsnacht ghéar leis an sruth síodúil, te a bhraitear díreach taobh amuigh den radharc."
"De réir an téacs, cad é an chéad imeacht iomaíoch a reáchtáladh ag Cluichí Oilimpeacha na Sean-Ghréige, agus cé chomh minic is a bhíodh na cluichí ar siúl?","Sraith comórtas lúthchleasaíochta idir ionadaithe ó chathair-stáit ab ea Cluichí Oilimpeacha na Sean-Ghréige agus bhí siad ar cheann de Chluichí Pan-Heilléanacha na Sean-Ghréige. Reáchtáladh iad in ómós do Shéas. Reáchtáladh na chéad chluichí doiciméadaithe sa bhliain 776 RC ag Oilimpia sa Ghréig, cé gur dócha gur thosaigh siad i bhfad níos luaithe. Go traidisiúnta, bhíodh na cluichí ar siúl gach ceithre bliana, nó Oilimpiad, rud a d'éirigh ina aonad ama i gcroineolaíocht stairiúil an réigiúin. Ar dtús, ní raibh ach imeacht amháin—an staidiam (rás coise)—á chomórtas. Le himeacht ama, cuireadh imeachtaí ar nós an chomhraic, dornálaíochta, rásaíocht carbad, agus an pheinteatlón leis.","Ba é an staidiam (rás coise) an chéad imeacht a reáchtáladh. Go traidisiúnta, bhíodh na cluichí ar siúl gach ceithre bliana, ar tugadh Oilimpiad air."
"Cathain a scoilt an Impireacht Rómhánach go foirmiúil agus go buan ina dhá aonán, agus cad iad na hainmneacha a bhí ar an dá stát chomharbachta sin?",,Scoilt an Impireacht Rómhánach go foirmiúil agus go buan sa bhliain 395 CE nuair a fuair an tImpire Theodosius I bás. Ba iad na haonáin a tháinig as ná an Impireacht Rómhánach Thiar agus an Impireacht Rómhánach Thoir (ar a dtugtar an Impireacht Bhiosántach ina dhiaidh sin).
"Cén chaoi a sainmhínítear sruth coinbhinsiúnta, agus cén chaoi a mbaineann sé le fíorshruth na leictreon?","Tugtar sruth leictreach ar ghluaiseacht an lucht leictreach, agus is iondúil go ndéantar a dhéine a thomhas in aimpéir. Is féidir le sruth a bheith comhdhéanta d'aon cháithníní luchtaithe atá ag gluaiseacht; is leictreoin iad seo is coitianta, ach is sruth é aon lucht atá ag gluaiseacht. Is féidir le sruth leictreach sreabhadh trí roinnt rudaí, seoltóirí leictreacha, ach ní shreabhfaidh sé trí inslitheoir leictreach.
De réir coinbhinsiúin stairiúil, sainmhínítear sruth dearfach mar a bhfuil an treo sreafa céanna aige le haon lucht dearfach atá ann, nó a shreabhann ón gcuid is dearfaí de chiorcad go dtí an chuid is diúltaí. Tugtar sruth coinbhinsiúnta ar shruth a shainmhínítear ar an gcaoi seo. Meastar gur dearfach an ghluaiseacht leictreon luchtaithe go diúltach timpeall ar chiorcad leictreach, ceann de na foirmeacha srutha is coitianta, sa treo eile seachas treo na leictreon. Mar sin féin, ag brath ar na coinníollacha, is féidir le sruth leictreach a bheith comhdhéanta de shreabhadh cáithníní luchtaithe i dtreo ar bith, nó fiú sa dá threo ag an am céanna. Úsáidtear an coinbhinsiún dearfach-go-diúltach go forleathan chun an staid seo a shimpliú.
Tugtar seoladh leictreach ar an bpróiseas trína dtagann sruth leictreach trí ábhar, agus athraíonn a nádúr le nádúr na gcáithníní luchtaithe agus an ábhair trína bhfuil siad ag taisteal. I measc samplaí de shruthanna leictreacha tá seoladh miotalach, áit a sreabhann leictreoin trí sheoltóir cosúil le miotal, agus leictrealú, áit a sreabhann ian (adamh luchtaithe) trí leachtanna, nó trí phlasmas cosúil le spréacha leictreacha. Cé gur féidir leis na cáithníní féin bogadh go mall go leor, uaireanta le meánluas díláithrithe ach codáin de mhilleaméadar in aghaidh an tsoicind, scaipeann an réimse leictreach a thiomáineann iad féin ag druidim le luas an tsolais, rud a chuireann ar chumas comharthaí leictreacha dul ar aghaidh go tapa feadh sreanga.
In iarratais innealtóireachta nó tí, is minic a chuirtear síos ar shruth mar shruth díreach (SD) nó sruth ailtéarnach (SA). Tagraíonn na téarmaí seo don chaoi a n-athraíonn an sruth in am. Is sreabhadh aonghnéasach é sruth díreach, mar a táirgtear mar shampla ó cheallra agus a éilíonn an chuid is mó de ghléasanna leictreonacha, ón gcuid dhearfach de chiorcad go dtí an chuid dhiúltach.  Más é, mar is coitianta, gurb iad leictreoin a iompraíonn an sreabhadh seo, beidh siad ag taisteal sa treo eile. Is sruth ar bith é sruth ailtéarnach a aisiompaíonn treo arís agus arís eile; beagnach i gcónaí bíonn sé seo i bhfoirm sine tonn. Mar sin, bíonn sruth ailtéarnach ag preabadh siar agus amach laistigh de sheoltóir gan an lucht ag bogadh aon ghlanfhad le himeacht ama. Is ionann luach meánaithe ama srutha ailtéarnaigh agus nialas, ach seachadann sé fuinneamh i dtreo amháin ar dtús, agus ansin an t-aisiompú. Bíonn tionchar ag airíonna leictreacha ar shruth ailtéarnach nach bhfacthas faoi shruth díreach seasmhach, mar shampla ionduchtacht agus toilleas. Is féidir leis na hairíonna seo, áfach, a bheith tábhachtach nuair a bhíonn ciorcadaíocht faoi réir trasraitheach, amhail nuair a dhéantar é a fhuinneamh den chéad uair.","De réir coinbhinsiúin stairiúil, sainmhínítear sruth dearfach mar a bhfuil an treo sreafa céanna aige le haon lucht dearfach atá ann, nó a shreabhann ón gcuid is dearfaí de chiorcad go dtí an chuid is diúltaí. Tugtar sruth coinbhinsiúnta ar shruth a shainmhínítear ar an gcaoi seo. Meastar gur dearfach an ghluaiseacht leictreon luchtaithe go diúltach timpeall ar chiorcad leictreach, ceann de na foirmeacha srutha is coitianta, sa treo eile seachas treo na leictreon."
Cén chathair ina bhfuil an struchtúr ailtireachta cáiliúil ar a dtugtar an 'Gherkin'?,,"Tá an struchtúr ar a dtugtar 30 St Mary Axe go hoifigiúil, agus a bhfuil an leasainm 'The Gherkin' air, suite i Londain, Sasana. Críochnaíodh é sa bhliain 2004 agus tá clú air mar gheall ar a chruth sainiúil cosúil le cúcamar."
"Aicmigh na focail seo a leanas ina gcuid chainte faoi seach (Ainmfhocal, Briathar, Aidiacht, nó Dobhriathar) agus tabhair sainmhíniú gairid ar gach cuid chainte: quickly, dog, ran, blue, happiness, severely, speak, tall.",,"Aithnítear Ainmfhocail mar seo:
dog, happiness

Aithnítear Briathra mar seo:
ran, speak

Aithnítear Aidiachtaí mar seo:
blue, tall

Aithnítear Dobhriathra mar seo:
quickly, severely

Sainmhínithe:
Ainmfhocal: Focal a úsáidtear chun aon cheann de rang daoine, áiteanna, rudaí, nó smaointe a aithint.
Briathar: Focal a úsáidtear chun cur síos a dhéanamh ar ghníomh, ar staid, nó ar theagmhas.
Aidiacht: Focal a mhodhnaíonn nó a chuireann síos ar ainmfhocal nó ar fhorainm.
Dobhriathar: Focal a mhodhnaíonn briathar, aidiacht, nó dobhriathar eile, ag freagairt ceisteanna go minic cosúil le cén chaoi, cathain, cá háit, nó cén méid."
"Cá as a dtagann an nath cainte ""cnámharlach sa chófra""?",,"Tagraíonn an nath cainte do rún nó scannal náireach, ceilte i stair teaghlaigh nó duine aonair. Cé go bhfuil díospóireacht faoi bhunús stairiúil cruinn an natha, tháinig sé chun cinn sa 19ú haois, go háirithe in úrscéalta mistéire. Molann teoiric choitianta (cé go bhfuil sí conspóideach) gur tháinig sé ó dhochtúirí nó anatamaigh a choinnigh iarsmaí daonna go mídhleathach i bhfolach ina dtithe nó ina gcleachtais le linn tréimhsí nuair a bhí sé deacair corpáin a fháil le haghaidh staidéir."
"Dréachtaigh meamram inmheánach gairid ag fógairt fuinneoige cothabhála córais éigeantaí, sceidealta. Cinntigh go n-áirítear sa mheamram líne ábhair, an dáta, agus an gníomh úsáideora riachtanach.","An Córas lena mbaineann: Tairseach Tuairiscithe Airgeadais (TTA). Dáta Cothabhála: Dé Céadaoin, 15 Samhain. Am: 11:00 PM - 2:00 AM. Gníomh Úsáideora: Cinntigh go bhfuil gach tuairisc críochnaithe agus dúnta roimh 11:00 PM.","Ábhar: Fógra Criticiúil Cothabhála Córais: Tairseach Tuairiscithe Airgeadais (TTA)

A Fhoireann,

Cuirfear cothabháil córais éigeantach ar Thairseach Tuairiscithe Airgeadais (TTA) ar siúl Dé Céadaoin, 15 Samhain, ó 11:00 PM go dtí thart ar 2:00 AM. Ní bheidh an córas ar fáil le linn na fuinneoige seo.

Gníomh Riachtanach: Cinntigh, le do thoil, go bhfuil gach tuairisc agus iontráil sonraí críochnaithe agus go bhfuil an tairseach dúnta roimh 11:00 PM Dé Céadaoin. D'fhéadfadh go gcaillfí aon obair atá ar siúl le linn na fuinneoige seo.

Go raibh maith agat as do chomhoibriú.
Tacaíocht TF"
Mínigh cé a bhí freagrach as peinicillin a fhorbairt ina chóireáil leighis inúsáidte tar éis fionnachtain tosaigh Alexander Fleming.,"Fionnachtaigh an dochtúir Albanach Alexander Fleming Peinicillin sa bhliain 1928 in Ospidéal Naomh Muire i Londain. Thug sé faoi deara múnla, an *Penicillium notatum*, ag éilliú mias peitreach de bhaictéir *Staphylococcus* agus thuig sé gur chuir sé cosc ar na baictéir fás. Cé gur fhoilsigh Fleming a chuid fionnachtana, bhí deacracht aige an comhdhúil ghníomhach a aonrú. Ní go dtí tús na 1940idí a d'fhorbair foireann faoi cheannas Howard Florey agus Ernst Chain in Ollscoil Oxford modh chun peinicillin a olltáirgeadh agus a íonú, rud a d'fhág go raibh sé éifeachtach chun ionfhabhtuithe daonna a chóireáil le linn an Dara Cogadh Domhanda.","Bhí foireann faoi cheannas Howard Florey agus Ernst Chain in Ollscoil Oxford freagrach as modh a fhorbairt chun peinicillin a olltáirgeadh agus a íonú go luath sna 1940idí, rud a d'fhág go raibh sé oiriúnach agus éifeachtach chun ionfhabhtuithe daonna a chóireáil."
Mínigh coincheap 'Damhna Dorcha' agus cén fáth a gcreideann eolaithe go bhfuil sé ann.,,"Is cineál hipitéiseach damhna é Damhna Dorcha a chreidtear a fhreagraíonn do thart ar 85% den mhais iomlán sa chruinne. Murab ionann agus gnáthdhamhna (cosúil le réaltaí, pláinéid, agus gás), ní astaíonn, ní ionsúnn, ná ní léiríonn sé solas, rud a fhágann go bhfuil sé dofheicthe go hiomlán don radaíocht leictreamaighnéadach. Ní féidir le heolaithe é a fheiceáil go díreach. Déantar a bheith ann a bhaint amach go simplí trína éifeachtaí imtharraingteacha ar dhamhna infheicthe, ar radaíocht, agus ar struchtúr iomlán an chosmais.

I measc na bpríomhfhianaise a thacaíonn le bheith ann Damhna Dorcha tá:

*   **Cuar Rothlaithe Réaltraí:** Rothlaíonn réaltraí ró-thapa. Dá mba é an damhna infheicthe amháin a bhí iontu, shéidfidís as a chéile iad féin. Éilíonn an tarraingt imtharraingteach a fheictear go bhfuil coróin ollmhór dofheicthe ag timpeallú an réaltra.
*   **Lionsú Imtharraingteach:** Léiríonn breathnuithe go bhfuil solas ó réada i bhfad i gcéin á shaobhadh agus á lúbadh níos mó ná mar is féidir a mhíniú ag damhna infheicthe amháin, rud a thugann le fios go bhfuil mais neamhfheicthe ann.
*   **Cúlra Micreathonnach na Cruinne (CMB):** Tugann patrúin sa CMB le fios gur ghá Damhna Dorcha le haghaidh foirmiú tapa struchtúr tosaigh na cruinne, ag gníomhú mar an scafall imtharraingteach don ghnáthdhamhna."
Déan cur síos ar an Spota Mór Dearg ar Iúpatar agus mínigh cén fáth a bhfuil sé clúiteach.,,"Is stoirm ollmhór, leanúnach é an Spota Mór Dearg atá suite i leathsféar theas Iúpatair. Tá sé clúiteach mar gurb é an stoirm fhrithchioclónach is mó ar a dtugtar sa ghrianchóras, níos leithne ná an Domhan féin. Tugann breathnuithe le fios go bhfuil sé gníomhach go leanúnach le 350 bliain ar a laghad, cé go bhfuil an chuma ar an scéal go bhfuil a mhéid iomlán ag laghdú i aimsir nua-aimseartha."
An féidir liom péint a dhéanamh go díreach thar mhaisiú leathghlóine atá bunaithe ar ola atá ann cheana féin ag baint úsáide as gnáthphéint tí laitéis?,,"Níor cheart duit é seo a dhéanamh go díreach. Ní ghreamóidh péint laitéis i gceart ar chríochnuithe olacha snasta agus is dócha go scriosfaidh nó go scoilteoidh sé go tapa. Ní mór duit an dromchla a dhíshaillte ar dtús, é a ghaineamh go héadrom (nó é a 'dhí-ghloine'), agus ansin primer ceangailteach a chur i bhfeidhm atá deartha go sonrach chun aistriú idir péinteanna atá bunaithe ar ola agus uisce (amhail primer bunaithe ar seileaic nó hibrideach ard-ghreamaitheachta). Chomh luath agus a bhíonn an primer leasaithe, is féidir an péint laitéis a chur i bhfeidhm go rathúil."
Cé acu pláinéad is mó inár ngrianchóras?,,"Is é Iúpatar an pláinéad is mó inár ngrianchóras. Is fathach gáis é, atá comhdhéanta go príomha as hidrigin agus héiliam. Tá mais Iúpatair níos mó ná dhá oiread go leith mhais na bpláinéad eile go léir sa ghrianchóras le chéile, agus tá trastomhas meánchiorclach de thart ar 142,984 ciliméadar (88,846 míle) aige."
"Conas a thomhaistear boilsciú, agus cad iad na príomhinnéacsanna a úsáideann eacnamaithe agus lucht déanta beartais sna SA?",,"De ghnáth, tomhaistear boilsciú trí fhéachaint ar an athrú céatadáin ar mheánleibhéal praghsanna cliabhán caighdeánaithe earraí agus seirbhísí thar thréimhse ama. Is minic a úsáideann eacnamaithe innéacsanna praghsanna éagsúla chun na hathruithe seo a mheas, ag brath ar na praghsanna sonracha atá á rianú (m.sh., earraí tomhaltais i gcoinne costais táirgeoirí).

Is iad an tInnéacs Praghsanna Tomhaltóirí (IPT) agus innéacs praghsanna na gCaiteachas Tomhaltais Phearsanta (CTP) an dá phríomhinnéacs a úsáidtear sna Stáit Aontaithe.

### An tInnéacs Praghsanna Tomhaltóirí (IPT)

Is é an **tInnéacs Praghsanna Tomhaltóirí (IPT)**, a fhoilsíonn an Biúró Staitisticí Saothair (BLS) gach mí, an tomhas boilscithe is mó a luaitear. Léiríonn sé an meánathrú le himeacht ama ar na praghsanna a íocann tomhaltóirí uirbeacha ar chliabhán socraithe margaidh d'earraí agus seirbhísí tomhaltais, lena n-áirítear bia, tithíocht, éadaí, iompar, agus cúram leighis. Tá an IPT ríthábhachtach chun coigeartuithe costas maireachtála (COLAs) a ríomh i sochair slándála sóisialta agus i go leor comhaontuithe saothair príobháideacha.

### Caiteachais Tomhaltais Phearsanta (CTP)

Is é an **t-innéacs praghsanna Caiteachas Tomhaltais Phearsanta (CTP)**, a fhoilsíonn an Biúró um Anailís Eacnamaíoch (BAE), an tomhas is fearr leis an gCúlchiste Feidearálach chun beartas airgeadaíochta a leagan síos. Meastar gur tomhas níos leithne é an CTP ná an IPT toisc go gclúdaíonn sé raon níos leithne earraí agus seirbhísí agus go n-áirítear ann caiteachais a dhéantar thar ceann teaghlach (cosúil le árachas sláinte a sholáthraíonn an fostóir). Rud ríthábhachtach, úsáideann an CTP córas ualaithe dinimiciúil, rud a chiallaíonn go gceadaíonn sé d'éifeachtaí ionadaíochta (má ardaíonn praghas na n-úll, glacann an t-innéacs leis go bhféadfadh tomhaltóirí aistriú chuig bananaí níos saoire), rud a mbíonn figiúr boilscithe bliantúil beagán níos ísle mar thoradh air ná an IPT de ghnáth.

### Innéacsanna Tábhachtacha Eile

**Boilsciú Lárnach (Core Inflation):** Is minic a thuairiscítear an dá IPT agus CTP mar rátaí ""lárnacha"", a eisiann praghsanna luaineacha bia agus fuinnimh. Soláthraíonn an tomhas seo pictiúr níos soiléire de threochtaí boilscithe bunúsacha, fadtéarmacha, ag eisiamh suaitheadh soláthair gearrthéarmach.

**An tInnéacs Praghsanna Táirgeoirí (IPTg):** Rianaíonn an IPTg an meánathrú le himeacht ama ar na praghsanna díola a fhaigheann táirgeoirí baile ar a n-aschur. Cé nach tomhas boilscithe tomhaltóra é, is príomhtháscaire réamhaisnéise é an IPTg, mar is minic a aistríonn costais mhéadaitheacha do tháirgeoirí go praghsanna níos airde do thomhaltóirí níos déanaí."
Liostaigh trí mhór-iontas den domhan ársa.,,"Is iad trí mhór-iontas an domhain ársa ná Pirimidí Ghiza, Teach Solais Alastair, agus Colas Ródas."
Déan liosta de na príomh-bhrúnna comhshaoil agus sóisialta a chreidtear ba chúis le titim agus tréigean chathracha Clasaiceacha na Máighe.,"Le linn na tréimhse Clasaicí deiridh (c. 800–1000 CE) tharla díscaoileadh struchtúr polaitiúil na Máighe sna hísealchríocha theas. Aontaíonn scoláirí go ginearálta nach aon imeacht amháin ba chúis leis seo, ach idirghníomhú casta saincheisteanna sistéamacha. Bhí strusanna comhshaoil suntasach; léiríonn fianaise triomaigh fhada, dhian, a mhair ar feadh na mblianta b'fhéidir, a scrios an t-aschur talmhaíochta, go háirithe táirgeadh arbhar Indiach. Ina theannta sin, ba chúis le cleachtais dianfheirmeoireachta cosúil le talmhaíocht ghearrmaiteach dífhoraoisiú forleathan agus creimeadh ithreach, rud a d'fhág go raibh an talamh níos lú seasmhach. Chuir saincheisteanna sochaíocha leis an ngéarchéim chomhshaoil. Chuir cogaíocht leanúnach idir mórchathracha-stáit, mar shampla Tikal agus Calakmul, saothar agus acmhainní ar leataobh ó chothabháil agus táirgeadh bia. Chuir an róphobal i roinnt ionad uirbeach brú neamh-inbhuanaithe ar acmhainní áitiúla. Ar deireadh, b'fhéidir gur baineadh an bonn d'údarás láraithe na ríthe diaga (k'uhul ajaw) nuair nach raibh siad in ann rathúnas ná báisteach a ráthú a thuilleadh, rud a d'fhág go raibh suaitheadh inmheánach agus ilroinnt na líonraí trádála ann.","Teip shistéamach ab ea an titim a spreag ilfhachtóirí. I measc na bpríomhstrusanna comhshaoil bhí triomaigh fhada dhiana agus cleachtais feirmeoireachta neamh-inbhuanaithe ba chúis le dífhoraoisiú agus creimeadh ithreach. I measc na bhfachtóirí sochaíocha a chuir leis an meath bhí cogaíocht leanúnach idir cathracha-stáit, róphobal ag cur brú ar acmhainní áitiúla, agus an caillteanas creidiúnachta agus údaráis ina dhiaidh sin ag na rialtóirí diaga nuair a theip orthu acmhainní riachtanacha cosúil le báisteach a chinntiú."
Leag amach na príomhábhair imní eiticiúla maidir le forbairt agus imscaradh mear na hIntleachta Saorga (IS).,,"Cuireann dul chun cinn mear na hIS roinnt dúshlán criticiúil eiticiúil ar fáil a chaithfidh lucht déanta beartas, forbróirí, agus an pobal aghaidh a thabhairt orthu go gníomhach. Ábhar mór imní amháin is ea **claonadh algartamach agus cothroime**. Ós rud é go ndéantar samhlacha IS a oiliúint ar shonraí stairiúla, is minic a fhaigheann siad oidhreacht ar chlaonta sochaíocha atá ann cheana maidir le cine, inscne, nó stádas socheacnamaíoch agus cuireann siad leo, rud a mbíonn torthaí idirdhealaitheacha mar thoradh air i réimsí cosúil le fruiliú, iasachtaí, nó córais cheartais choiriúil. Tá sé ríthábhachtach a chinntiú go bhfuil na sonraí ionadaíoch agus go ndéantar na samhlacha a iniúchadh le haghaidh torthaí cothromais.

Ar an dara dul síos, tá an tsaincheist shuntasach maidir le **trédhearcacht agus inmhínitheacht (fadhb an 'bhoscáin dhubh')** ann. Ní féidir le go leor samhlacha sofaisticiúla IS a chur in iúl go soiléir *cén fáth* ar shroich siad cinneadh sonrach. Cuireann an easpa infheictheachta seo deireadh le cuntasacht, go háirithe i réimsí ardriosca cosúil le leigheas nó oibríochtaí feithiclí uathrialacha, agus cuireann sé isteach ar mhuinín an phobail.

Ar an tríú dul síos, ní mór an tionchar eacnamaíoch a bhainistiú, go háirithe **díláithriú post agus neamhionannas méadaitheach**. De réir mar a uathoibríonn IS cúraimí a bhí á gcur i gcrích ag daoine roimhe seo, tá cur isteach agus caillteanais mhóra post féideartha ag bagairt ar earnálacha móra, rud a ardaíonn imní faoi athoiliúint oibrithe agus conas a dháilfear gnóthachain eacnamaíocha ó tháirgiúlacht mhéadaithe. Ar deireadh, ardaíonn forbairt **córas cinnteoireachta atá fíor-uathrialach** ceisteanna domhain faoi shábháilteacht, smacht, agus dliteanas, go háirithe maidir le feidhmeanna míleata (airm uathrialacha mharfacha) nó bainistiú bonneagair chasta áit a bhféadfadh maoirseacht dhaonna a bheith íoslaghdaithe go hiomlán."
"Ón téacs a tugadh, déan liosta de na ceithre phláinéad trastíre agus a dtrastomhais faoi seach (i km). Ansin, aithin an pláinéad leis an trastomhas is lú.","Tá an córas gréine inmheánach comhdhéanta de na pláinéid trastíre, atá comhdhéanta go príomha de charraig agus miotal. Tá trastomhas 4,880 km ag Mearcair, an pláinéad is gaire don Ghrian, agus níl aon satailítí nádúrtha aige. Casann Véineas, ar a dtugtar 'deirfiúr an Domhain' go minic, ar gcúl agus tá meánteocht dromchla aige a sháraíonn 460°C. Is é 12,104 km a thrastomhas. Tá an Domhan uathúil mar go dtacaíonn sé leis an saol, tá trastomhas 12,742 km aige agus gealach mhór amháin. Ar deireadh, tá atmaisféar sách tanaí agus dhá ghealach bheaga, Phobos agus Deimos, ag Mars, ar a dtugtar an Pláinéad Dearg. Is é 6,779 km a thrastomhas.","Pláinéid agus Trastomhais:
Mearcair: 4,880 km
Véineas: 12,104 km
An Domhan: 12,742 km
Mars: 6,779 km

An pláinéad leis an trastomhas is lú: Mearcair"
Cad é Páradacsa Fermi?,,"Is é Páradacsa Fermi an contrárthacht idir an dóchúlacht ard go bhfuil saol eachtardhomhanda cliste ann áit éigin sa chruinne agus an easpa iomlán fianaise bhreathnaithe chun tacú leis an éileamh seo. I bhfianaise líon mór na réaltaí, aois na cruinne, agus flúirse na bpláinéad a d'fhéadfadh a bheith ináitrithe, chuir an matamaiticeoir Enrico Fermi an cheist ar dtús sna 1950idí, 'Cá bhfuil gach duine?' I measc na míniúcháin fhéideartha a moladh chun an paradacsa a réiteach tá an 'Scagaire Mór' (imeacht buidéalchumtha a chuireann cosc ar an saol dul chun cinn), an 'Hipitéis Zú' (go bhfuil eachtardhomhandaí ag seachaint teagmháil d'aon ghnó), nó an fhéidearthacht nach maireann sibhialtachtaí forásacha fada go leor le go mbeifí in ann iad a bhrath."
"Rangaigh na stáit SAM seo a leanas bunaithe ar cibé an bhfuil siad ag teorainn leis an Aigéan Ciúin (Stáit Chósta an Aigéin Chiúin) nó leis an Aigéan Atlantach (Stáit Chósta an Aigéin Atlantaigh): California, Nua-Eabhrac, Florida, Washington, Maine, Oregon, Texas, Georgia, Alasca, New Jersey, Carolina Thuaidh, Haváí.",,"Stáit Chósta an Aigéin Chiúin: California, Washington, Oregon, Alasca, Haváí
Stáit Chósta an Aigéin Atlantaigh: Nua-Eabhrac, Florida, Maine, Georgia, New Jersey, Carolina Thuaidh"
Mínigh príomhchéimeanna na miotóise in ord.,,"Roinntear an mhiotóis go hiondúil i gceithre phríomhchéim, a chinntíonn go bhfaigheann gach cill iníne nua sraith iomlán crómasóm:

1.  **Próifís:** Comhdhlúthaíonn an crómatain agus éiríonn sé infheicthe mar chrómasóim ar leith (tá dhá chrómatóid dheirfiúr i ngach ceann díobh, ceangailte ag an gceintriméir). Imíonn an núicléolas, agus réabann an t-imlíne núicléach. Tosaíonn an fearsaid mhiotóiseach ag foirmiú.
2.  **Meatfáis:** Ceanglaíonn na snáithíní fearsaide le ceintriméirí na gcrómasóm. Líneálann na crómasóim suas feadh an phláta meatfáise (an plána cothrománach i lár na cille), ar comhfhad ón dá phol.
3.  **Anfáis:** Scarann na crómatóid dheirfiúracha óna chéile ag an gceintriméir agus tarraingítear óna chéile iad i dtreo foircinn urchomhaireacha na cille trí ghiorrú na snáithíní fearsaide. Nuair a scarann siad, measann sé gur crómasóm iomlán é gach crómatóid.
4.  **Teileafáis:** Sroicheann na crómasóim nua-scartha na foircinn agus tosaíonn siad ag dí-chomhdhlúthú ar ais ina gcrómatain. Foirmíonn imlíne núicléach nua timpeall gach sraith crómasóm ag an dá phol. Tagann na núicléolaí ar ais.

Is gnách go leanann **Cíteicineas** an próiseas seo, arbh é an deighilt fhisiciúil den chíteaplasma é, as a dtagann dhá chill iníne ar leith."
Scríobh scéal sé fhocal a chuireann caillteanas gan choinne in iúl.,,Nóta slán fágtha. Caife fós te.
"Aithin cén ghné gheografach is abhainn agus cén ghné is sliabh: Mount Kilimanjaro, Nile",,"Is abhainn an Níl, is sliabh é Mount Kilimanjaro."
Aithin na cineálacha sonraí Python bailí amháin ón liosta seo a leanas.,"Slánuimhir, Snámhphointe, Teaghrán, Eagar, Liosta, Foclóir, Tiúpal, Rang, Feidhm, Bóilín","Slánuimhir, Snámhphointe, Teaghrán, Liosta, Foclóir, Tiúpal, Bóilín"
"Déan liosta de na mórchéimeanna croineolaíocha a luaitear do thaiscéalaí Voyager 1, ag sonrú an imeachta agus an dáta comhfhreagrach. Cuir an t-eolas i láthair san fhormáid 'Dáta: Imeacht'.","Is taiscéalaí spáis é Voyager 1 a sheol NASA ar an 5 Meán Fómhair 1977 chun staidéar a dhéanamh ar an gCóras Gréine seachtrach agus, ar deireadh, ar an spás idir-réaltach. D'eitil sé thar Iúpatar go rathúil i Márta 1979 agus thar Shatarn i Samhain 1980. Is é Voyager 1 an réad daonna is faide ó Dhomhan agus an chéad cheann a chuaigh isteach sa spás idir-réaltach, ag trasnú an héileastad ar an 25 Lúnasa 2012. Leanann sé ar aghaidh ag tarchur sonraí trína Líonra Spáis Dhomhain.","5 Meán Fómhair, 1977: Seoladh ag NASA
Márta 1979: D'eitil sé thar Iúpatar
Samhain 1980: D'eitil sé thar Shatarn
25 Lúnasa, 2012: Chuaigh sé isteach sa spás idir-réaltach"
"Déan liosta de na saothair liteartha a luaitear sa sliocht. Maidir le gach saothar, bain an t-údar, bliain an fhoilsithe, agus an príomhthéama nó an fócas a ndearnadh cur síos air. Déan an t-aschur a fhormáidiú mar seo: [Údar] - [Bliain] - [Téama].","Tharla athrú ar fhócas an insinte le linn na tréimhse Rómánsúla. Chuir 'Frankenstein' (1818) le Mary Shelley béim ar théamaí na huabhair eolaíochta agus an uaigneas. Níos déanaí, rinne Edgar Allan Poe iniúchadh ar an uamhan síceolaíoch, go háirithe i 'The Tell-Tale Heart' (1843). Deich mbliana i ndiaidh Poe, thug 'Moby Dick' (1851) le Herman Melville siombalachas casta isteach maidir le h-éigeantas agus an saol nádúrtha. Faoin am a foilsíodh 'Dracula' (1897) le Bram Stoker, bhí an fócas aistrithe go daingean chuig uamhan Gotach, dírithe ar éilliú na neamhchiontachta.","Mary Shelley - 1818 - Uabhar eolaíochta agus uaigneas
Edgar Allan Poe - 1843 - Uamhan síceolaíoch
Herman Melville - 1851 - Éigeantas agus an saol nádúrtha
Bram Stoker - 1897 - Uamhan Gotach agus éilliú na neamhchiontachta"
Mínigh coincheap na n-íocaíochtaí infhaighteachta i gcreatlach Comhpháirtíochta Poiblí Príobháidí (PPP).,,"Is íocaíochtaí conarthacha tréimhsiúla iad íocaíochtaí infhaighteachta (ÍI) a dhéanann an eintiteas rialtais soláthraithe don lamháltaí príobháideach i socrú Comhpháirtíochta Poiblí Príobháidí. Murab ionann agus samhlacha táille úsáideora (ina mbailíonn an t-eintiteas príobháideach dolaí nó taraifí), tá ÍI nasctha go díreach le rath an chomhpháirtí phríobháidigh maidir leis an tionscadal bonneagair (amhail scoil, mórbhealach, nó ospidéal) a chothabháil ag caighdeán sonraithe seirbhíse agus infhaighteachta. De ghnáth, laghdaítear nó coinnítear siar íocaíochtaí má theipeann ar an tsócmhainn na príomhtháscairí feidhmíochta oibríochtúla (PTFanna) réamhshainithe a chomhlíonadh, rud a aistríonn riosca oibríochta agus cothabhála go héifeachtach chuig an earnáil phríobháideach agus ag cosaint an earnáil phríobháideach ó riosca éilimh."
Athscríobh an meabhrán inmheánach foirmiúil seo a leanas mar theachtaireacht ghearr neamhfhoirmiúil Slack atá oiriúnach don chainéal 'Fógraí Ginearálta'. Bain úsáid as giorrúcháin agus corrualaí mar is cuí.,"MEABHRÁN CHUIG: An Foireann Uile. ÁBHAR: Oiliúint Chomhlíonta Éigeantach R3. Tabhair faoi deara go bhfuil freastal ar cheardlann éigeantach Slándála Sonraí agus Eitice R3 éigeantach don fhoireann uile. Tá an seisiún sceidealta don Mháirt, 15 Deireadh Fómhair, ag 9:00 AM i Seomra Comhdhála B. Mura bhfreastalaíonn tú air gan cead bainistíochta roimh ré, gheobhaidh tú rabhadh foirmiúil i scríbhinn a dhoiciméadófar i do chomhad pearsanra. Tabhair leat do dhintiúir rochtana. RSVP faoi dheireadh an lae Dé hAoine.","Seo é, a chairde! 🚨 Tá an oiliúint éigeantach Slándáil Sonraí/Eitic R3 ar an Máirt, 15 D.F. @ 9 R.M. i SC B. Ní mór freastal (dáiríre, tá sé éigeantach). Má dhéanann tú é a scipeáil gan cead bainisteora ciallaíonn sé rabhadh scríofa do do chomhad. Tabhair leat do dhintiúir logála isteach! Pls RSVP roimh DLD Dé hAoine. ✔️"
Cén bealach is fearr chun seacláid dhorcha a mhaolú ag baint úsáide as an modh síolaithe?,,"Cinnteoidh maolú na seacláide go ndéanfaidh criostail an ime cócó soladú i bhfoirm chriostalach chobhsaí, lonrach Beta V, rud a chuirfidh cosc ar bhláthú agus a thabharfaidh preab sásúil don seacláid. Is minic a mheastar gurb é an modh síolaithe an ceann is éasca do chócaire baile.

**1. Gearr agus Ullmhaigh:** Gearr thart ar dhá thrian den seacláid atá beartaithe agat a úsáid go mín. Cuir an trian atá fágtha i leataobh; seo do sheacláid ‘síol’. Cinntigh go bhfuil an trealamh ar fad (babhlóga, spáitlí) tirim go hiomlán, mar go ndéanfaidh uisce an seacláid a ghreamú.

**2. Leáigh an Seacláid:** Cuir an seacláid ghearrtha i mbabhla teasdhíonach os cionn coire dúbailte (sáspan le huisce ag suanbhruith, ag cinntiú nach dteagmháil an babhla leis an uisce). Corraigh go leanúnach agus go réidh go dtí go bhfuil an seacláid leáite go hiomlán agus mín. Maidir le seacláid dhorcha, ba mhaith leat an teocht tosaigh a ardú go 113°F (45°C). Úsáid teirmiméadar iontaofa.

**3. Síolaigh agus Fuarú:** Bain an babhla den teas. Tosaigh ag corraigh i dornáin bheaga de do sheacláid ‘síol’ curtha i leataobh. Is é an sprioc ná an seacláid a fhuarú go tapa agus foirmiú criostal cobhsaí a spreagadh. Lean ort ag cur leis agus ag corraigh go dtí go bhfuil na píosaí síol ar fad leáite agus go bhfuil an teocht iomlán tite go 88-91°F (31-33°C).

**4. Coinnigh an Teocht Oibre:** Nuair a bhíonn an seacláid maolaithe, ní mór dó fanacht laistigh den raon teochta oibre seo (88-91°F) chun fanacht cobhsaí. Má fhuaraíonn sé ró-mhór, brisfidh an maolú. Má aththéann sé ró-mhór, brisfidh an maolú. Más gá duit oibriú leis ar feadh tréimhse fada, cuir an babhla os cionn foinse teasa an-íseal, múchta nó úsáid eochair téimh socraithe go híseal.

**5. Tástáil an Maolú:** Chun do chuid oibre a sheiceáil, tum barr scian nó smearadh beag seacláide ar phíosa de pháipéar pár. Má shocraíonn an seacláid go daingean, go mín, agus go lonrach laistigh de chúig nóiméad ag gnáth-theocht an tseomra, tá sé maolaithe go rathúil."
Cad é príomhchathair na Nua-Shéalainne,,Is í Wellington príomhchathair na Nua-Shéalainne. Tá sí lonnaithe ag rinn theas an Oileáin Thuaidh.
Liostaigh na hocht bpríomhphláinéad inár gcóras gréine in ord achair ón ngrian.,,"Seo iad na hocht bpríomhphláinéad in ord achair ón ngrian:
1. Mearcair
2. Véineas
3. an Domhan
4. Mars
5. Iúpatar
6. Satarn
7. Úránas
8. Neiptiún"
"Cé leis a roinn Marie Curie a céad Duais Nobel, agus cén bhliain agus cén réimse inar bronnadh í?","Ba fhisiceoir agus ceimiceoir Polannach agus Fraincisithe-nádúraithe í Marie Curie (a rugadh Maria Skłodowska; 7 Samhain 1867 – 4 Iúil 1934) a rinne taighde ceannródaíoch ar an radaighníomhaíocht. Ba í an chéad bhean a bhuaigh Duais Nobel, an chéad duine agus an t-aon bhean a bhuaigh Duais Nobel faoi dhó, agus an t-aon duine a bhuaigh Duais Nobel in dhá réimse eolaíochta éagsúla. Bhí a fear céile, Pierre Curie, ina chomhbhuaiteoir ar a céad Duais Nobel, rud a d'fhág gurb iad an chéad lánúin phósta a bhuaigh Duais Nobel agus a chuir tús le hoidhreacht chúig Dhuais Nobel de chuid mhuintir Curie. Ba í freisin an chéad bhean a rinneadh ollamh di in Ollscoil Pháras. Sa bhliain 1903, roinn Marie agus Pierre Curie Duais Nobel na Fisice le Henri Becquerel as ucht a gcuid oibre ar radaíocht spontáineach.","Sa bhliain 1903, roinn Marie agus Pierre Curie Duais Nobel na Fisice le Henri Becquerel."
"Catagóirigh na teidil seo a leanas isteach in 'Oifig Pholaitiúil Nua-Aimseartha' nó 'Ról Stairiúil/Monarcach': Consul, Chancellor, President, Caliph, Prime Minister, Senator, Doge.",,"Oifig Pholaitiúil Nua-Aimseartha: Chancellor, President, Prime Minister, Senator
Ról Stairiúil/Monarcach: Consul, Caliph, Doge

Tabhair faoi deara go bhfuil 'Chancellor' liostaithe faoi Oifig Pholaitiúil Nua-Aimseartha (ag tagairt do chinn rialtais i dtíortha cosúil leis an nGearmáin agus an Ostair). Mar sin féin, tá úsáid stairiúil dhomhain ag an teideal (m.sh., Seansailéir an Státchiste nó róil éagsúla i gcúirteanna Eorpacha réamh-nua-aimseartha)."
"Ag úsáid téarmaíocht líonraithe caighdeánach (SYN, ACK), déan cur síos ar na trí chéim seicheamhacha a theastaíonn le haghaidh crochadh láimhe trí bhealach TCP rathúil.",,"Cruthaíonn crochadh láimhe trí bhealach TCP nasc iontaofa: 1. SYN (Sioncronú): Tosaíonn an cliant an nasc trí deighleog a sheoladh leis an bratach SYN socraithe chuig an bhfreastalaí. 2. SYN-ACK (Sioncronú-Admhaítear): Faigheann an freastalaí an SYN agus freagraíonn sé lena dheighleog féin leis na brataí SYN agus ACK araon socraithe. 3. ACK (Admhaím): Faigheann an cliant an SYN-ACK agus seolann sé deighleog deiridh leis an bratach ACK amháin socraithe, ag deimhniú go bhfuil an nasc bunaithe anois."
An mbeidh feithiclí leictreacha i gceannas ar mhargadh tomhaltóirí gluaisteán SAM faoi 2030?,,"Cé go bhfuil réamh-mheastacháin fáis thar a bheith ard, tá sé dúshlánach fós 'ceannas' iomlán (arna shainiú mar 50% nó níos mó de dhíolacháin nua) a bhaint amach faoi 2030, cé gur féidir é faoi na coinníollacha is fearr. Faoi láthair, is deighleog atá ag fás go tapa iad na FEanna, ach níl acu fós ach céatadán aon-dhigit den mhargadh iomlán. I measc na bhfachtóirí a chuireann ar chumas é sin tá dreasachtaí suntasacha rialtais tríd an Acht um Laghdú an Bhoilscithe, laghdú ar chostais ceallraí fadtéarmacha, agus spriocanna táirgeachta tiomanta ag príomh-uathdhéantóirí ar nós Ford agus General Motors. Mar sin féin, tá dhá bhac mhóra fós ann: an ghanntanas agus an neamhréireacht san bhonneagar luchtaithe náisiúnta, rud a chothaíonn ‘imní raon’ d’ionchais cheannaitheoirí, agus an praghas ard leanúnach tosaigh i gcomparáid le feithiclí coibhéiseacha innill dócháin inmheánaigh, in ainneoin coigilteas costas oibriúcháin. Tuartar i réamh-mheastacháin chomhaontaithe reatha go sroichfidh díolacháin FE 35-45% den mhargadh faoin dáta sin, rud a thugann le fios go bhfuil athrú mór ag tarlú, ach gan ceannas iomlán a bhaint amach."
Cad é an nós imeachta cuí chun paisteáil a dhéanamh ar pholl beag (níos lú ná 3 orlach) i bplástarchlár?,,"Ar dtús, glan an limistéar agus bearr aon pháipéar raimhre. Cuir paiste mogall féinghreamaitheach thar an bpoll. Ag baint úsáide as scian stuála, cuir ciseal tanaí de chomhdhúil alt thar an bpaitse, ag scaipeadh na himill amach. Lig dó triomú go hiomlán, ansin gaineamh go héadrom. Cuir an dara ciseal, níos tanaí, i bhfeidhm más gá. Nuair atá sé tirim agus mín, cuir an phraiméir air agus péinteáil."
Scríobh feidhm ghearr Python a ríomhann an uimhir Fibonacci nú de réir athchúrsála.,,"python
def fibonacci_recursive(n):
    """"""Ríomhann sé an uimhir Fibonacci nú ag úsáid athchúrsála.
    Filleann sé 0 d'ionchuir neamhdhearfacha.
    """"""
    if n <= 0:
        return 0
    elif n == 1:
        return 1
    else:
        return fibonacci_recursive(n-1) + fibonacci_recursive(n-2)

# print(fibonacci_recursive(8)) # Aschur: 21
"
"Aithin na príomhphearsana a bhí páirteach i bhfionnadh, i dtáirgeadh, agus in ainmniú na peinicilline, agus luaigh bliain an bhunfhionnachtana.","D'aimsigh an dochtúir Albanach Alexander Fleming peinicillin, grúpa antaibheathach, den chéad uair sa bhliain 1928. Thug sé faoi deara gur chuir múnla a bhí ag éilliú mias peitri srian le fás na mbaictéar Staphylococcus. Thug Fleming an t-ainm peinicillin ar an tsubstaint, in ómós don mhúnla Penicillium rubens. Cé go bhfuil fionnachtain tosaigh curtha i leith Fleming, ní go dtí tús na 1940idí a d'fhorbair an cógaiseolaí Astrálach Howard Florey agus an bithcheimiceoir Gearmánach Ernst Chain modhanna chun é a olltáirgeadh agus a íonú, rud a fhágann gur cógas inmharthana é chun ionfhabhtuithe a chóireáil le linn an Dara Cogadh Domhanda.",D'aimsigh Alexander Fleming peinicillin sa bhliain 1928 agus thug sé ainm air freisin. Bhí Howard Florey agus Ernst Chain ina bpríomhphearsana i dtús na 1940idí a d'fhorbair modhanna chun é a olltáirgeadh agus a íonú.
Cad is API ann agus conas a fheidhmíonn sé in fheidhmchláir ghréasáin nua-aimseartha?,,"Is éard is Comhéadan Clárúcháin Feidhmchlár (API) ann go bunúsach ná sraith sainmhínithe agus prótacal a ligeann do dhá fheidhmchlár bogearraí cumarsáid a dhéanamh lena chéile. Feidhmíonn sé mar theachtaire, ag seachadadh iarratais ó fheidhmchlár amháin go ceann eile agus ansin ag seoladh an fhreagra ar ais chuig an iarratasóir tosaigh.

### Feidhm in Fheidhmchláir Ghréasáin
I bhforbairt ghréasáin nua-aimseartha, is iad APIanna cnámh droma na hidirghníomhaíochta, go háirithe do mhicri-sheirbhísí agus córais dáilte. Ligeann siad d’fheidhmchláir chliaint (cosúil le feidhmchlár soghluaiste nó brabhsálaí) idirghníomhú le hacmhainní ar thaobh an fhreastalaí gan loighic inmheánach nó struchtúr bunachar sonraí an fhreastalaí a chur i mbaol. Soláthraíonn sé seo slándáil, cobhsaíocht, agus ligeann sé d'fhorbróirí seirbhísí tríú páirtí a chomhtháthú go tapa.

Mar shampla, más gá d’fheidhmchlár aimsire sonraí teochta reatha a tharraingt, ní scríobhann sé suíomh Gréasáin; déanann sé glao API chuig soláthraí seirbhíse aimsire. Sainmhíníonn an API an fhormáid bheacht (ag úsáid iarratais HTTP agus sonraí JSON go minic) maidir leis an gcaoi a gcaithfear an t-iarratas sin a dhéanamh agus conas a sheachadfar na sonraí a eascraíonn as. Is é an cineál API gréasáin is coitianta inniu ná an API RESTful (Aistriú Stáit Ionadaíoch)."
"Cá bhfaigheann an t-earra bia ""ceapaire"" a ainm?",,"Ainmníodh ceapaire i ndiaidh John Montagu, 4ú Iarla Sandwich, uasal Sasanach ón 18ú haois a d'iarr ar a sheirbhísigh, deirtear, feoil slisnithe a chur idir dhá phíosa aráin ionas go bhféadfadh sé ithe gan an bord cártaí a fhágáil le linn seisiún fada cearrbhachais."
"An bagairt chinniúnach don daonlathas agus d’fhostaíocht an duine é dul chun cinn tapa na hIntleachta Saorga, nó an é an chéad réabhlóid thionsclaíoch eile é, go simplí?",,"Tugann IS (Intleacht Shaorga) deiseanna as cuimse agus rioscaí suntasacha araon, rud a fhágann go bhfuil sé deacair é a chatagóiriú go simplí mar 'an chéad réabhlóid thionsclaíoch eile.' Cé go dtugann sé gnóthachain ollmhóra táirgiúlachta go cinnte, ag réiteach fadhbanna casta ó shamhaltú aeráide go diagnóisic leighis, níl na bagairtí cinniúnacha dírithe chomh mór sin ar chontúirt fhisiciúil ach níos mó ar an struchtúr socheolaíoch-polaitiúil. Tugann comhchruinniú cumhachta IS laistigh de chorparáidí móra teicneolaíochta cúpla ceann acu smacht nach bhfacthas riamh roimhe ar shreabhadh faisnéise agus ar chinnteoireacht aonair, rud atá an-chreimneach d'institiúidí daonlathacha trí dhífhaisnéis spriocdhírithe agus trí fhaireachas sofaisticiúil. Maidir le fostaíocht, tá sé seo difriúil le réabhlóidí roimhe seo inar cuireadh poist íseal-scile in ionad; tá IS in ann tascanna cognaíocha casta a uathoibriú (dlí, giniúint cóid, anailís airgeadais). Ní hé an caillteanas post amháin an riosca, ach athrú struchtúrach atá ag tarlú ró-thapa do shochaí le hoiriúnú dó, rud a fhágann dífhostaíocht struchtúrach fhréamhaithe agus éagothroime eacnamaíoch mhéadaithe. Braitheann an toradh—réabhlóid nó bagairt—go hiomlán ar rialáil réamhghníomhach a chuireann cosc ar mhonaplachtú, a éilíonn trédhearcacht eiticiúil, agus a chuireann líonta sábháilteachta sóisialta i bhfeidhm atá deartha d’eacnamaíocht uathoibrithe."
Sliochtaigh an dáta sonrach agus an iarmhairt dhaonna láithreach de thubaiste Shearnóbal mar a thuairiscítear sa téacs.,"Tharla tubaiste Shearnóbal, timpiste núicléach chasta, ar an 26 Aibreán, 1986, in aice le cathair Pripyat i SSR na hÚcráine, san Aontas Sóivéadach. Mar thoradh ar luaineacht cumhachta tobann le linn tástáil córais imoibreora, tharla pléascadh agus tine a scaoil cainníochtaí móra ábhar radaighníomhach isteach san atmaisféar, rud a d'éiligh aslonnú láithreach os cionn 100,000 de chónaitheoirí an cheantair.","Ba é an dáta ná 26 Aibreán, 1986. Ba í an iarmhairt dhaonna láithreach ná an t-aslonnú éigeantach ar os cionn 100,000 de chónaitheoirí."
"Tá cliaint ag díriú ar hipearóipe na mbíceap a uasmhéadú. Tá siad ag traenáil na mbíceap uair sa tseachtain faoi láthair le 8 sraith oibre san iomlán. An bhfuil an toirt/minicíocht seo a mheas mar an ceann is fearr de réir moltaí reatha na heolaíochta spóirt maidir le hipearóipe, agus cén t-athrú a d'fhéadfadh torthaí níos fearr a thabhairt?",,"Cé go dtagann 8 sraith oibre laistigh den raon glactha d'fhás matáin (go hiondúil 10-20 sraith in aghaidh an ghrúpa matán go seachtainiúil do lioftóirí idirmheánacha), is minic nach mbíonn traenáil na mbíceap ach uair amháin sa tseachtain chomh optamach chun hipearóipe a uasmhéadú. Léiríonn taighde reatha gur fearr an toirt a scoilt i minicíocht níos airde (2 go 3 huaire sa tseachtain). Bheadh an straitéis is fearr i gceist le traenáil na mbíceap dhá uair sa tseachtain (m.sh., 4 shraith in aghaidh an tseisiúin). Coinníonn an cur chuige seo am carnach níos airde faoi theannas agus cinntíonn sé go spreagtar fuinneog shintéis próitéine na matán níos minicí i rith na seachtaine, rud a fhágann torthaí fáis níos fearr san fhadtéarma."
Déan athbhreithniú ar an liosta de choirp neamhaí a cuireadh ar fáil agus aithin na pláinéid trastíre amháin laistigh dár gCóras Gréine.,"Mearcair, Iúpatar, Mars, Véineas, Tíotán, Domhan, Satarn, Plútón.","Is iad na pláinéid trastíre Mearcair, Mars, Véineas, agus an Domhan. Is fathachgháis iad Iúpatar agus Satarn, is abhacphláinéad é Plútón, agus is gealach é Tíotán."
"Cuir na míreanna seo a leanas in ord i dtrí chatagóir: Mór-Oileáin an Domhain, Dúile Ceimiceacha, agus Drámaí le William Shakespeare: Neon, Hamlet, Madagascar, Iron, Twelfth Night, Borneo, Chlorine, Macbeth, Iceland, Gold, Othello, Sicily.",,"Mór-Oileáin an Domhain: Madagascar, Borneo, Iceland, Sicily
Dúile Ceimiceacha: Neon, Iron, Chlorine, Gold
Drámaí le William Shakespeare: Hamlet, Twelfth Night, Macbeth, Othello"
Cathain a díchóimisiúnaíodh an ARPANET agus cé hiad na príomhdhaoine a bhí páirteach ina fhorbairt agus ina dearadh luath?,"Líonra luath um athrú paicéad ab ea Líonra na Gníomhaireachta Tionscadal Taighde Casta (ARPANET) agus ba é an chéad líonra a chuir sraith phrótacal TCP/IP i bhfeidhm. Ba iad an dá theicneolaíocht seo an bunús teicniúil don Idirlíon. Bhunaigh Gníomhaireacht Tionscadal Taighde Casta (ARPA) Roinn Cosanta na Stát Aontaithe an ARPANET. Cuireadh tús lena fhorbairt i 1966 faoi stiúir Robert Taylor agus dhear Lawrence Roberts é. Ceanglaíodh an chéad dá óst-ríomhaire ar an 29 Deireadh Fómhair, 1969, idir Ollscoil California, Los Angeles (UCLA) agus Institiúid Taighde Stanford (SRI). Díchóimisiúnaíodh an ARPANET go hoifigiúil i 1990, agus tháinig bonneagar tráchtála an idirlín ina áit.","Díchóimisiúnaíodh an ARPANET go hoifigiúil i 1990. I measc na bpríomhdhaoine a bhí páirteach ina fhorbairt agus ina dearadh luath tá Robert Taylor, a stiúir an fhorbairt ag tosú i 1966, agus Lawrence Roberts, a dhear an líonra."
Déan achoimre ghonta ar an téacs a cuireadh ar fáil in aon abairt amháin.,"Téann an féileacán monarc trí meiteamorfóis iomlán, ag dul trí cheithre chéim ar leith: ubh, larbha (bolb), púpa (crisilíd), agus ainmhí fásta. Tá an feithid imirceach seo cáiliúil mar gheall ar a thuras bliantúil ollmhór a chlúdaíonn na mílte míle ó SAM agus Ceanada síos go lár Mheicsiceo, go minic thar ilghlúine.","Is feithid imirceach é an féileacán monarc atá cáiliúil as a mheiteamorfóis ceithre chéim agus a thuras ollmhór, ilghlúineach ó Mheiriceá Thuaidh síos go lár Mheicsiceo."
Cén pointe is doimhne in aigéin an Domhain?,,"Is é an Challenger Deep an pointe is doimhne ar eolas in aigéin an Domhain, atá suite i gceann theas Mhurascaill Mariana in aice le hoileáin Guam san Aigéan Ciúin Thiar. Meastar go bhfuil an doimhneacht timpeall 10,935 méadar (35,876 troigh) faoi leibhéal na farraige, rud a fhágann go bhfuil sé i bhfad níos doimhne ná airde Shliabh Everest. Níl ach dornán taiscéalaithe tar éis an timpeallacht mhór, ardbhrú seo a bhaint amach go rathúil riamh."
Aithin agus déan anailís ar an saothar is mó tionchar i bhfealsúnacht eiseach a foilsíodh sa 20ú haois.,,"Cé gur sholáthair *Being and Nothingness* (1943) le Jean-Paul Sartre an creatlach meitifisiceach don eiseachas Francach sa 20ú haois, is é an saothar is mó tionchar, arna thomhas de réir a thionchair shóisialta agus intleachtúil láithreach agus marthanach, ná *The Second Sex* (1949) le Simone de Beauvoir. D'úsáid Beauvoir coincheapa eiseacha na saoirse, na freagrachta, agus 'an Eile' chun an tsochaí phatriarchach agus tógáil shóisialta na mnáíochta a dhíleá go bunúsach. Ba é an príomhthéis atá ann, 'Ní rugadh bean, ach déantar í, ina ionad sin,' an argóint bhunúsach don dara tonn feimineachais agus do staidéir inscne ina dhiaidh sin. Bhog an téacs smaointeoireacht eiseach thar machnamh meitifisiceach amháin agus chuir sé i bhfeidhm go dian é ar cháineadh sóisialta agus polaitiúil, rud a d'fhág go raibh athruithe idé-eolaíocha sa saol dáiríre ann a sháraigh i bhfad tionchar na saothar atá go hiomlán ontolaíoch."
"Liostaigh na trí phríomhroinn den chluas dhaonna agus na trí chnámh bheaga atá le fáil i gcuas na cluaise láir, de réir an téacs a tugadh.","Tá an chluas dhaonna roinnte i dtrí roinn: an chluas sheachtrach, an chluas láir, agus an chluas inmheánach. Bailíonn an chluas sheachtrach, atá comhdhéanta go príomha den phinné agus den chanáil chluasach, tonnta fuaime. Taistealaíonn na tonnta seo síos an chanáil chluasach go dtí go mbuaileann siad an seicní timpánach (clár na cluaise), rud a léiríonn tús na cluaise láir. Is cuas aerlíonta í an chluas láir ina bhfuil trí chnámh bheaga ar a dtugtar ossicles: an malleus (casúr), an incus (inneoin), agus an stapes (stíoróip). Tarchuireann agus aimplíonn na cnámha seo creathanna ó chlár na cluaise go dtí an fhuinneog ubhchruthach, a théann isteach sa chluas inmheánach. Tá an cochlea sa chluas inmheánach, struchtúr bíseach, líonta le sreabhán atá freagrach as creathanna meicniúla a thiontú go comharthaí néaróg. Tá an córas veisteabúlach ann freisin, atá ríthábhachtach don chothromaíocht.","Is iad an chluas sheachtrach, an chluas láir, agus an chluas inmheánach trí phríomhroinn na cluaise daonna. Is iad an malleus (casúr), an incus (inneoin), agus an stapes (stíoróip) na trí chnámh bheaga (ossicles) atá le fáil sa chluas láir."
"Cén méid a bhí sa chrith talún ba mhó a taifeadadh, agus cén t-aonad a úsáidtear chun a mhéid a thomhas?",,"Ba é crith talún Valdivia 1960 (ar a dtugtar freisin Crith Talún Mór na Sile) an crith talún ba mhó a taifeadadh, a tharla ar an 22 Bealtaine 1960. Cláraíodh méid 9.5 dó. Tomhaistear méid na gcrith talún go príomha ag baint úsáide as an Scála Mhéid Mhóiminte (SMM), a tháinig in áit an tsean-Scála Richter (nó scála méid áitiúil) d’imeachtaí móra toisc go soláthraíonn SMM measúnú níos cruinne ar an bhfuinneamh iomlán a scaoiltear."
Cé hí an chéad bhean a bhuaigh Duais Nobel?,,"Ba í Marie Curie an chéad bhean a bhuaigh Duais Nobel, a fuair sí san Fhisic i 1903."
"Aithin cé acu de na teangacha cláir seo a leanas a dhéantar a thiomsú de ghnáth agus cé acu a dhéantar a idirghabháil de ghnáth: Python, C++, JavaScript, Go.",,Déantar Python agus JavaScript a idirghabháil de ghnáth. Déantar C++ agus Go a thiomsú de ghnáth.
Déan cur síos ar na trí chéim is tábhachtaí chun trátaí a fhás go rathúil i ngairdín baile.,,"Is iad seo na trí chéim is tábhachtaí chun trátaí a fhás go rathúil: 1. **Ullmhú na hIthreach agus Cur:** Cinntigh go bhfuil an ithir saibhir, beagán aigéadach, agus go bhfuil sí ag draenáil go maith. Cuir síológa go domhain, ag baint na nduilleog íochtaracha, chun fás fréimhe láidir a spreagadh ar feadh an ghais faoi thalamh. 2. **Uisciú Comhsheasmhach:** Éilíonn trátaí uisciú domhain, rialta, go háirithe le linn forbairt torthaí. Mar thoradh ar uisciú neamhsheasmhach, tarlaíonn scoilteadh agus lobhadh bláthchríche, mar sin coinnigh leibhéil taise seasmhach. 3. **Tacaíocht Cheart agus Bearradh:** Úsáid cuaillí nó cliabháin chun na fíniúnacha troma a choinneáil den talamh, ag feabhsú aerchúrsaíochta. Bearr súgairí (craobhóga beaga ag fás idir an príomhghas agus géag) chun fuinneamh a dhíriú isteach i dtáirgeadh torthaí seachas duilliúr iomarcach."
Dréachtaigh ríomhphost chuig mo bhainisteoir ag iarraidh athbhreithniú pá agus ag cur síos ar mo phríomhéachtaí le bliain anuas chun ardú 15% a chosaint.,,"Ábhar: Iarratas ar Athbhreithniú Pá - [Your Name]

A [Manager's Name],

Tá súil agam go bhfuil gach rud go maith agat.

Táim ag scríobh chun athbhreithniú foirmiúil a iarraidh ar mo phacáiste cúitimh reatha. Agus mé ag druidim le mo chomóradh leis an gcuideachta, creidim go dtugann mo chuid ranníocaíochtaí le 12 mhí anuas údar láidir le coigeartú suntasach, go sonrach ardú 15%, chun teacht le mo fhreagrachtaí méadaithe agus rátaí reatha an mhargaidh do mo ról.

I measc na bpríomhphointí maidir le mo fheidhmíocht le bliain anuas tá:

*   **Ceannaireacht Tionscadail:** Treoraíodh seoladh Thionscadal X go rathúil, ag cur an tionscnamh i gcrích trí seachtaine chun tosaigh ar an sceideal agus $10,000 faoin mbuiséad.
*   **Feabhas Éifeachtúlachta:** Dearadh agus cuireadh i bhfeidhm sreabhadh oibre tuairiscithe nua a laghdaigh am ullmhúcháin ráithiúil don fhoireann 25 uair an chloig.
*   **Meantóireacht & Forbairt:** Rinneadh meantóireacht ar bheirt anailísithe sóisearacha nua, a bhfuil an bheirt acu ag feidhmiú ar acmhainn iomlán anois agus a fuair aiseolas dearfach ó fhoirne trasfheidhmeacha.
*   **Baint Spriocanna Amach:** Sháraigh mé mo spriocanna feidhmíochta ráithiúla go comhsheasmhach, ag seachadadh 110% de na spriocanna a sannadh dom do R3 agus R4.

Táim an-tiomanta do [Company Name] agus táim ar bís faoi na dúshláin atá romham. Ba mhaith liom an deis a bheith agam chun plé a dhéanamh ar mo fheidhmíocht, ar spriocanna don todhchaí, agus ar an iarratas cúitimh seo tuilleadh go mion le linn cruinniú duine le duine an tseachtain seo chugainn. Cuir in iúl dom cén t-am is fearr duitse.

Go raibh maith agat as d'am agus as do bhreithniú.

Le dea-mhéin,
[Your Name]"
Aithin bunús agus imeacht bunaithe réimse na hIntleachta Saorga bunaithe ar an téacs a soláthraíodh.,"Bunaíodh an téarma 'Intleacht Shaorga' go hoifigiúil i 1956 ag ceardlann a tionóladh ar champas Choláiste Dartmouth. I measc na bhfreastalaithe a d'eagraigh John McCarthy, bhí Marvin Minsky, Nathaniel Rochester, agus Claude Shannon. Dúirt an bunchur i láthair don chomhdháil go bhféadfaí 'gach gné den fhoghlaim nó aon ghné eile den intleacht a thuairisciú chomh beacht sin go bhféadfaí meaisín a dhéanamh chun é a shamhlú.' Meastar go ginearálta gurb í an cheardlann seo an t-imeacht bhunaidh don IS mar réimse staidéir. Roimhe seo, bhí Alan Turing tar éis teorainneacha teoiriciúla na ríomhaireachta a iniúchadh lena pháipéar 'Computing Machinery and Intelligence' (1950), a thug isteach coincheap na Tástála Turing.","Bunaíodh an téarma 'Intleacht Shaorga' i 1956. Ba é an t-imeacht bunaithe don IS mar réimse staidéir ná ceardlann a tionóladh ag Coláiste Dartmouth an bhliain sin, arna eagrú ag John McCarthy. I measc na bpríomhfhreastalaithe bhí Marvin Minsky. Rinne Alan Turing obair theoiriciúil roimhe seo, a thug isteach an Tástáil Turing i 1950."
Cad é ainm an ghléis dhraíochta a úsáidtear chun an t-am a chasadh ar ais?,,Casadóir Ama
"Déan liosta de na ceithre phríomhdhuine a bhí páirteach i bhfionnachtain tosaigh agus i n-íonú an inslin, ag sonrú a ranníocaíochtaí faoi seach mar a thuairiscítear sa sliocht.","Tugtar creidiúint d'fháil an inslin go príomha do Frederick Banting agus Charles Best i dToronto sa bhliain 1921. Cheap Banting, máinlia óg, an bhunbheartaíocht go bhféadfadh sliocht ó oileáiníní na paincréise diaibéiteas a chóireáil. Chuir an tOllamh John J.R. Macleod spás saotharlainne ar fáil do Banting in Ollscoil Toronto don samhradh, agus shann sé Charles Best, mac léinn leighis, mar chúntóir dó. Ag obair le madraí, d'éirigh le Banting agus Best an rún inmheánach den phaincréas a leithlisiú, ar a thug siad 'isletin' ar dtús. Níos déanaí, rinne James Collip, bithcheimiceoir, an próiseas íonaithe sliochta a bheachtú, rud a d'fhág go raibh sé sábháilte le húsáid ag daoine. Fuair an chéad othar daonna, Leonard Thompson, 14 bliana d'aois, an chóireáil i mí Eanáir 1922. Mar gheall ar a gcuid oibre, bronnadh Duais Nobel na Fiseolaíochta nó an Leighis ar Banting agus Macleod ar bhealach conspóideach i 1923, a roinn Banting láithreach le Best, agus a roinn Macleod le Collip.","Frederick Banting: Cheap sé an bhunbheartaíocht agus d'éirigh leis an rún paincréasach a leithlisiú ('isletin').
Charles Best: Chabhraigh sé le Banting san obair saotharlainne chun an rún a leithlisiú.
John J.R. Macleod: Chuir sé an spás saotharlainne ar fáil in Ollscoil Toronto agus shann sé Best mar chúntóir do Banting.
James Collip: Rinne sé próiseas íonaithe an tsleachta a bheachtú, rud a d'fhág go raibh sé sábháilte le húsáid ag daoine."
Mol trí ghníomhaíocht teaghlaigh faoi dhíon atá oiriúnach do thráthnóna na Sathairne fliuch.,,"1. Tóg Dún agus Léigh: Bain úsáid as pluideanna, cathaoireacha, agus cúisíní chun dún mór laistigh a chruthú. Tabhair splancsholas agus leabhair isteach le haghaidh seisiún léitheoireachta cluthar.
2. Bácáil le Chéile: Roghnaigh oideas simplí cosúil le fianáin nó donnóga. Is bealach iontach é an bácáil chun scileanna tomhais a mhúineadh agus tugann sé luach saothair blasta.
3. Comórtas Cluichí Boird: Tarraing amach roinnt cluichí boird clasaiceacha nó cluichí cártaí (cosúil le Monopoly, Uno, nó Drámaí) agus cruthaigh lúibín le haghaidh comórtais chairdiúil."
Cad a shainmhíníonn córas bia inbhuanaithe?,,"Is córas bia inbhuanaithe é ceann a chinntíonn slándáil bia agus cothú do gach duine gan bonn eacnamaíoch, comhshaoil, agus sóisialta na nglún eile a chur i mbaol. I measc na bpríomhghnéithe tá íoslaghdú dramhaíola, bithéagsúlacht a chur chun cinn, tacú le pá cothrom d’fheirmeoirí, agus laghdú suntasach a dhéanamh ar spleáchas ar bhreoslaí iontaise i dtáirgeadh agus iompar."
Déan cur síos ar ghnáth-aiste bia agus ar ré saoil an Mhíl Mhóir Ghorm.,,"Is ar chrustaceans beaga ar a dtugtar crill a chothaíonn an Míol Mór Gorm (Balaenoptera musculus) go príomha. Féadfaidh míol mór gorm fásta suas le 4 thonna de chrille a ithe in aghaidh an lae le linn séasúr buaicbheathaithe. Meastar go bhfuil a mheánré saoil idir 80 agus 90 bliain, cé go bhféadfadh roinnt ainmhithe maireachtáil níos mó ná 100 bliain."
Cad iad na ceithre phríomh-chomhábhar a theastaíonn chun baguette clasaiceach Francach a dhéanamh?,,"Is iad na ceithre phríomh-chomhábhar a theastaíonn chun baguette clasaiceach Francach a dhéanamh ná plúr (plúr bán ardphróitéine de ghnáth), uisce, giosta, agus salann."
"Aicmigh na teicnící cócaireachta seo i modhanna teasa thirim, teasa tais, nó teaglaim, agus déan cur síos gairid ar gach teicníc: gríosú, braisliú, galú, domhainfhriochadh, róstadh, stobhach.",,"Aicmítear na teicnící mar seo a leanas:

**Modhanna Teasa Thirim**

*   **Gríosú:** Modh teasa thirim a bhaineann le bia a chócaráil go tapa os cionn foinse teasa díreach (m.sh., gualach, dóire gáis) atá suite faoin mbia. Cuireann sé marcanna seargtha ar leith agus blas deataithe leis.
*   **Róstadh:** Bia a chócaráil, gan clúdach de ghnáth agus go minic gearrthacha móra feola nó glasraí iomlána, in oigheann ag baint úsáide as aer te atá ag scaipeadh. Cócaíonn an teas an bia go mall ón taobh amuigh isteach.
*   **Domhainfhriochadh:** Modh cócaireachta ina gcuirtear bia faoi uisce go hiomlán i bhfiachán saille nó ola te. Cócaíonn teocht ard na hola an taobh amuigh go tapa, ag cruthú screamh ghéar agus ag coinneáil taise istigh.

**Modhanna Teasa Tais**

*   **Galú:** Modh a chócaíonn bia trí ghal nó gaile te a chur timpeall air. Cuidíonn an teicníc seo le dath, uigeacht, agus cothaithigh glasraí agus bia mara a chaomhnú, ós rud é nach dteagmháilíonn an bia leis an leacht cócaireachta go díreach.

**Modhanna Teaglaim**

*   **Braisliú:** Baineann sé seo le próiseas dhá chéim: ar dtús, déantar an bia (gearrthóg mhór chrua feola de ghnáth) a dhonnú i saill chun dath agus blas (teas tirim) a fhorbairt. Sa dara háit, cócaráiltear é go páirteach faoi uisce i leacht, clúdaithe, ag teocht íseal ar feadh tréimhse fhada (teas tais).
*   **Stobhach:** Tá sé cosúil le braisliú, ach gearrtar an bia i bpíosaí níos lú, aonfhoirmeacha, déantar é a dhonnú, agus ansin cócaráiltear é go hiomlán faoi uisce i leacht. Is minic a úsáidtear é seo chun comhábhair chrua a thairiscint agus anlainn nó anraithí tiubha a chruthú."
"Cé acu sampla d'ainmhí fuilfhuar nó fuilte é: laghairt, cat",,"Is fuilfhuar an laghairt, is fuilte an cat"
Liostaigh trí mhórghníomh de chuid Albert Einstein.,,"I measc mhórghníomhartha Albert Einstein tá forbairt theoiric na coibhneasachta speisialta, teoiric na coibhneasachta ginearálta a cheapadh, agus míniú ar an iarmhairt fhótaileictreach (inar bhuaigh sé Duais Nobel)."
Cad é príomhchathair na hAstráile?,,Is í Canberra príomhchathair na hAstráile.
Cén chéatadán den mhargadh iomlán atá faighte ag príomh-iomaitheoir TechCorp?,"D'fhógair TechCorp a torthaí R3, ag tuairisciú $5.4 billiún in ioncam, méadú 15% bliain ar bhliain. Tá sciar den mhargadh 40% ag a bpríomh-iomaitheoir, Global Systems Inc. Gabhann TechCorp 28% den mhargadh iomlán faoi láthair. Shroich caiteachais oibriúcháin $3.1 billiún. Dhún praghas an stoic ag $155.80, síos 2.5% don lá.",40%
Cad iad na príomhbhuntáistí a bhaineann le gnáthchleachtadh cardashoithíoch?,,"Tairgeann gnáthchleachtadh cardashoithíoch (cosúil le rith, snámh, nó rothaíocht) go leor buntáistí sláinte. Go fisiciúil, neartaíonn sé an croí agus na scamhóga, ag méadú éifeachtúlachta agus seasmhachta. Laghdaíonn sé go suntasach an baol galair ainsealacha cosúil le diaibéiteas Cineál 2, galar croí, agus brú fola ard. Thairis sin, cabhraíonn aclaíocht le bainistiú meáchain trí chalaraí a dhó agus meitibileacht a threisiú. Go meabhrach, is faoiseamh cumhachtach struis é, ag scaoileadh endorphins ar féidir leo giúmar a fheabhsú agus comharthaí imní agus dúlagair a laghdú. I measc na mbuntáistí fadtéarmacha tá dlús cnámh feabhsaithe agus cáilíocht codlata níos fearr, rud a chuireann go mór le fad saoil agus le cáilíocht beatha i gcoitinne."
Cad iad na fachtóirí a chuidigh le rath gan fasach Cruinne Cinematic Marvel (MCU)?,,"Is saincheadúnas ollmhór meán é Cruinne Cinematic Marvel (MCU) atá anois ar an tsraith scannán is mó ráchairt riamh, ag athshainiú phictiúrlann na mbuaicphointí ó scaoileadh Iron Man in 2008. Tá a rath fréamhaithe i meascán uathúil de phleanáil straitéiseach fhadtéarmach, achomharc carachtar, agus inoiriúnaitheacht trasna seánraí.

Ar an gcéad dul síos, tá coincheap na cruinne cinematic comhroinnte ann. Faoi threoir an léiritheora Kevin Feige, thug Marvel Studios isteach an smaoineamh ar insintí idirnasctha a shíneann thar iliomad scannán (ar a dtugtar 'Céimeanna'). Ligeann an struchtúr seo do charachtair thánaisteacha ó scannán amháin a bheith ina n-imreoirí príomhúla i scannán eile, ag críochnú in imeachtaí ollmhóra trasnála (cosúil le scannáin 'The Avengers'). Chothaigh an srathú straitéiseach seo mothú dílseachta i measc lucht féachana, ag tabhairt luach saothair d'infheistíocht fhadtéarmach i scéal-líne agus i seanchas foriomlán an saincheadúnais.

Ar an dara dul síos, tá an MCU thar barr ag hibridiú seánraí agus ag cothabháil aeistéitic chomhsheasmhach. Cé go bhfuil gach scannán fréamhaithe i ngníomh agus in eachtra, déanann an saincheadúnas turgnamh go minic le toin éagsúla. Feidhmíonn scannáin ar nós 'Captain America: The Winter Soldier' mar scéinséirí spiaireachta polaitiúla, is greann spáis-cheoldráma é 'Guardians of the Galaxy', agus téann 'Thor: Ragnarok' go mór isteach sa ghrinn agus san fhantaisíocht. Cuireann an tsreabhachas seánra seo cosc ar an ábhar a bheith leamh, ag mealladh lucht féachana éagsúil nach dtarraingeofaí go traidisiúnta chuig scannáin sárlaochra.

Bhí forbairt carachtar agus réitigh chomh ríthábhachtach céanna. Thug Marvel tús áite d'aimsiú aisteoirí a d'fhéadfadh pearsantacht fhadtéarmach na gcarachtar a ionchorprú, amhail Robert Downey Jr. mar Iron Man agus Chris Evans mar Captain America. Cheadaigh na conarthaí ilscannán don lucht féachana fás aníos leis na leaganacha seo de na laochra, ag cruthú nasc domhain mothúchánach nuair a thagann deireadh le príomh-áirsí carachtar nó nuair a éiríonn carachtair as. Níl an fócas chomh mór ar na cultacha agus ar na cumhachtaí, ach níos mó ar dhaonnacht agus ar lochtanna na laochra.

Ar deireadh, bhain an MCU leas as a fhéilire scaoilte straitéiseach. Trí dhá nó trí phríomhscannán a scaoileadh go seasta gach bliain agus sraitheanna teilifíse a chomhtháthú (trí ardáin ar nós Disney+), coimeádann an saincheadúnas láithreacht leanúnach sa chultúr coitianta. Déantar caitheamh le príomhscaoileadh scannán mar imeachtaí cultúrtha domhanda, ag tiomáint ioncam ollmhór ó oifig na dticéad agus ag cothabháil ábharthacht leanúnach ar feadh níos mó ná deich mbliana. Cinntíonn an píblíne leanúnach ábhair seo go mbraitheann an chruinne gníomhach agus leathnaithe i gcónaí."
"Cad é bunús agus brí an fhrása ""jumping the shark""?",,"Tagraíonn an frása don nóiméad i stair seó teilifíse, banna, nó eintiteas cultúrtha nuair a théann sé i muinín pointí plota nó cleasanna conspóideacha, go minic áiféiseacha, in iarracht éadóchasach a ábharthacht a choinneáil, ag léiriú meath suntasach ar chaighdeán. Tháinig an frása ó eipeasóid ar leith den seó teilifíse *Happy Days* i 1977, inar léim an carachtar Fonzie (Henry Winkler) go litriúil thar siorc agus é ag sciáil uisce."
"Aithin gach mór-áit gheografach nó sainchomhartha cáiliúil atá luaite sa téacs agus liostaigh iad in ord aibítre, scartha le camóga.","Thrasnaigh Iúil Caesar an Rubicon sa bhliain 49 R.Ch., ag adhaint cogaidh chathartha. Leathnaigh a chuid conსაhtais go mór críoch Phoblacht na Róimhe, ag síneadh ón nGaill, trasna Mhuir nIocht go dtí an Bhriotáin, agus ó dheas go dtí an Éigipt. D'fhan an phríomhchathair, an Róimh, lena Colosseum agus Fóram iontach, mar lárionad na cumhachta. Cé nár chloígh sé an Ghearmáin riamh, chuaigh a thionchar i bhfeidhm ar réigiún iomlán na Meánmhara, ar a dtugtaí 'Mare Nostrum' go minic.","Bhriotáin, Colosseum, Éigipt, Muir nIocht, Fóram, Gaill, Ghearmáin, Meánmhuir, Róimh, Rubicon"
Cathain agus cén fáth ar tógadh Túr Eiffel?,,"Tógadh Túr Eiffel idir 1887 agus 1889 le haghaidh Aonach Domhanda 1889 (Exposition Universelle), a cheiliúir comóradh 100 bliain Réabhlóid na Fraince. Bhí sé i gceist go bhfónfadh sé mar áirse iontrála chuig an Aonach agus ní raibh sé beartaithe ar dtús ach seasamh ar feadh 20 bliain."
Cad é príomhchathair na hAstráile?,,Canberra
Cad iad na príomhargóintí chun infheistíocht chiste innéacs éighníomhach a roghnú thar piocadh stoc gníomhach?,,"Tá infheistíocht éighníomhach, go hiondúil trí chistí innéacs ísealchostais, bunaithe go mór ar an Hipitéis Mhargaidh Éifeachtach (HME), a thugann le tuiscint go bhfuil an fhaisnéis uile atá ar fáil léirithe cheana féin i bpraghsanna stoc, rud a fhágann go bhfuil sé thar a bheith deacair d'aon bhainisteoir feidhmíocht níos fearr ná an margadh a bhaint amach go seasta tar éis táillí a chur san áireamh. I measc na bpríomhargóintí tá: 1) **Costais Ísle:** Bíonn cóimheasa caiteachais i bhfad níos ísle ag cistí éighníomhacha ná mar a bhíonn ag cistí gníomhachabainistithe, rud a charntar go mór thar na blianta. 2) **Éagsúlú:** Baineann cistí éighníomhacha éagsúlú leathan amach láithreach, ag léiriú próifíl riosca iomlán an mhargaidh. 3) **Fianaise Eimpíreach:** Léiríonn staidéir iomadúla go dteipeann ar fhormhór mór na mbainisteoirí cistí gníomhacha a n-innéacsanna tagarmharcála (amhail an S&P 500) a shárú thar thréimhsí 10 mbliana nó níos mó, rud a fhágann go bhfuil sé tearc agus costasach don ghnáthinfheisteoir alfa a bhaint amach go seasta. Gabhann an cur chuige seo torthaí fadtéarmacha an mhargaidh go hiontaofa."
Conas is féidir liom ríomhphost gairmiúil a ghlanadh go tapa agus go héifeachtach sula seoltar é?,,"Teastaíonn cur chuige córasach, tosaíochta chun eagarthóireacht a dhéanamh faoi bhrú. Chun ríomhphost gairmiúil a ghlanadh go tapa agus go héifeachtach sula seoltar é, lean na céimeanna seo:
1) **Triáiste an Faighteora/na Ceangaltáin:** Seiceáil faoi dhó go bhfuil na faighteoirí cearta sna réimsí 'Chuig' agus 'CC', agus go bhfuil aon cheangaltáin gheallta san áireamh i ndáiríre. Is í seo an chéim is tábhachtaí chun náire láithreach nó moilleanna a sheachaint.
2) **Tástáil Soiléireachta na hÁbhair Líne:** Cinntigh go bhfuil an ábhair líne gonta (go hidéalach 5-8 focal) agus go léiríonn sí go cruinn ábhar agus práinn an ríomhphoist (m.sh., réamhlíne le [GNÍOMH RIACHTANACH] nó [CHUN DO EOLAS]).
3) **Léigh Os Ard chun Ton agus Sreabhadh a Fháil:** Léigh an ríomhphost iomlán os ard, ag tabhairt aird ar an rithim agus ar an ton gairmiúil. Cuidíonn éisteacht le habairtí rófhada, fhrásaí débhríocha, nó aistrithe tobanna i dtóipic a bhíonn caillte go minic ag léamh ciúin a ghabháil.
4) **Déan Ionghabháil an 'Mhíre Gníomhaíochta':** Má theastaíonn ón bhfaighteoir gníomh a dhéanamh, déan achoimre ar na gníomhartha sonracha sin i liosta uimhrithe nó urchair díreach os cionn do shíniú. Cuireann sé seo cosc ar phríomhiarratais a bheith curtha faoi thalamh i gcorp an téacs.
5) **An Léamh Cruthúnais Ar Ais:** Léigh an ríomhphost ar gcúl, abairt ar abairt. Cuireann sé seo isteach ar an bhfócas ar shreabhadh an ábhair agus cuireann sé iallach ar d'inchinn díriú go heisiach ar litriú, ar cheannlitriú, agus ar poncaíocht, ag laghdú go mór earráidí clóghrafacha bunúsacha.
6) **Deireadh a Chur le Canúint agus Fálú Neamhriachtanach:** Bain focail líonta, cáilíochtaí iomarcacha (""Sílim,"" ""cineál,"" ""b'fhéidir""), agus canúint ghnó neamhriachtanach. Dírigh ar theanga dhíreach, eacnamaíoch."
Cuir an liosta torthaí seo a leanas in ord na haibítre.,"Úll, Banana, Cíoví, Oráiste, Grapeadóg, Silín","Úll, Banana, Silín, Grapeadóg, Cíoví, Oráiste"
Cé mhéad mí a bhfuil 28 lá iontu?,,Bíonn 28 lá ar a laghad ag gach ceann de na dhá mhí dhéag.
"Aithin na blianta sonracha uile a luaitear sa téacs agus cuir i liosta iad in ord croineolaíoch, agus cur síos gairid ar an imeacht ghaolmhar ina dhiaidh sin.","Rugadh Marie Skłodowska i Vársá, an Pholainn, ar an 7 Samhain, 1867. Bhog sí go Páras sa bhliain 1891 chun staidéar a dhéanamh ag an Sorbonne. Sa bhliain 1895, phós sí Pierre Curie. Rinne an lánúin taighde ceannródaíoch, rud a d'fhág gur bronnadh Duais Nobel na Fisice orthu i 1903, a roinn siad le Henri Becquerel, as a gcuid staidéir ar an radaíocht. Go tragóideach, fuair Pierre bás i dtimpiste bóthair sa bhliain 1906. Lean Marie lena cuid oibre agus i 1911, fuair sí an dara Duais Nobel, an uair seo sa Cheimic, as polóiniam agus raidiam a fhionnadh. D'éag sí i 1934.","1867: Rugadh í i Vársá, an Pholainn.
1891: Bhog sí go Páras chun staidéar a dhéanamh ag an Sorbonne.
1895: Phós sí Pierre Curie.
1903: Bronnadh Duais Nobel na Fisice uirthi.
1906: Fuair Pierre Curie bás.
1911: Fuair sí Duais Nobel na Ceimice.
1934: D'éag sí."
Táim ag déanamh baisc de fhianáin sliseanna seacláide ach thuig mé nach bhfuil aon uibheacha agam. Cad iad na hionadaithe ubh is fearr le haghaidh ceangailteacht agus taise in oideas fianán caighdeánach?,,"Maidir le fianáin sliseanna seacláide caighdeánacha, feidhmíonn an ubh go príomha mar cheanglóir agus cuireann sí taise leis. Seo trí ionadach éifeachtach:

1. Ubh Lín nó Chia: Measc 1 spúnóg bhoird de shíolta lín talún nó de shíolta chia le 3 spúnóg bhoird d'uisce, lig dó suí ar feadh 5 nóiméad go dtí go mbíonn sé geilitíneach. Tá sé seo ar fheabhas le haghaidh ceangailteacht agus chun uigeacht ghreamaitheach an ghealáin uibhe a athdhéanamh.

2. Púiréanna Torthaí (Anlann Úll nó Banana Brúite): Bain úsáid as 1/4 cupán d'anlann úll gan mhilsiú nó de bhanana aibí brúite in aghaidh gach uibhe. Cuireann siad seo taise leis ach d'fhéadfadh siad próifíl an bhlais a athrú beagán agus d'fhéadfadh siad na fianáin a dhéanamh níos déanaí nó níos cosúla le cáca.

3. Iógart nó Bláthach: Bain úsáid as 1/4 cupán d'iógart simplí (déiríochta nó neamh-dhéiríochta) nó de bhláthach in aghaidh gach uibhe. Soláthraíonn sé seo taise agus struchtúr ceangailte araon. Smaoinigh i gcónaí ar chomhábhair leachtacha eile a laghdú beagán má tá ionadaithe ard-taise á n-úsáid agat ar nós púiréanna nó iógart."
Mínigh príomhphrionsabail an Chiúbachais san ealaín.,,"Gluaiseacht ealaíne avant-garde luath 20ú haois a raibh an-tionchar aici ba ea an Ciúbachas, a bhí ceannródaíocht ag Pablo Picasso agus Georges Braque. Is é a phríomhphrionsabal an imeacht radacach ón pheirspictíocht thraidisiúnta trí ábhair a léiriú ó ilbhreathphointí go comhuaineach laistigh den phlána pictiúir céanna. Is minic a bhíonn foirmeacha ilroinnte, teibí, agus plánaí geoiméadracha, idirnasctha mar thoradh ar an teicníc seo. Roinntear é de ghnáth ina dhá phríomhchéim: Ciúbachas Anailíseach (luath, monacrómach, ilroinnt chasta) agus Ciúbachas Sintéisí (níos déanaí, foirmeacha níos simplí, tabhairt isteach an colláis)."
Athraigh na tomhais seo a leanas go líotair agus tabhair an freagra slánaithe go dtí dhá ionad deachúil.,"4.5 galún, 12 cuart, 33 unsa sreabhánach","4.5 galún ≈ 17.03 líotair
12 cuart ≈ 11.36 líotair
33 unsa sreabhánach ≈ 0.98 líotair"
Cén chonstaic is mó a bhí ann chun Canáil Phanama a thógáil go rathúil?,,"Ní hé an t-éacht innealtóireachta maidir le gearradh tríd an Cúláb Cut a ba chúis leis an mbagairt is mó; ba é an namhaid dofheicthe: galar. Theip ar an iarracht Fhrancach tosaigh beagnach go hiomlán mar gheall ar an maláire forleathan agus an fiabhras buí, a scrios a lucht oibre. Nuair a ghlac na Meiriceánaigh seilbh air, b'éigean don Choirnéal William C. Gorgas fáil réidh le daonra na mbuachaillí go bunúsach sular fhéad an tógáil leanúint ar aghaidh. Dhraenáil siad portaigh, ghalraigh siad foirgnimh, agus chuir siad bonneagar sláintíochta ollmhór isteach. Bhí an costas daonna an-uafásach—tugann meastacháin le fios gur bhásaigh os cionn 25,000 oibrí le linn iarrachtaí tógála na Fraince agus Mheiriceá le chéile. Is minic a thugtar air ceann de na héachtaí innealtóireachta is mó, ach freisin ceann de na cathanna is mó i gcoinne galair thrópaiceacha."
"Cad é an príomhghléas liteartha a úsáidtear i gcéad abairt cháiliúil Charles Dickens, 'A Tale of Two Cities'?",,Frithéise agus Comhthreomhaireacht
"Luaigh an bhunteanga do na saothair liteartha seo a leanas: Cogadh agus Síocháin, 1984, Don Quixote, Faust, Céad Bliain den Uaigneas, Éipic Ghilgamesh, Hamlet.",,"Cogadh agus Síocháin: Rúisis
1984: Béarla
Don Quixote: Spáinnis
Faust: Gearmáinis
Céad Bliain den Uaigneas: Spáinnis
Éipic Ghilgamesh: Acáidis
Hamlet: Béarla"
"Céard iad na trí théacs éagsúla atá inscríofa ar Chloch Rosetta, agus cén fáth a raibh an déantán riachtanach don teangeolaíocht stairiúil?","Is stéilí é Cloch Rosetta atá comhdhéanta de ghránadairít agus trí leagan den fhoraithne chéanna inscríofa uirthi, a eisíodh i Meimfís, an Éigipt, sa bhliain 196 R.Ch. le linn ríshliocht na dTolamaesach. Tá an téacs uachtarach agus an téacs lárnach i hiaróglaif Shean-Éigipteach agus i script Dheamótach, faoi seach, cé go bhfuil an téacs íochtarach i Sean-Ghréigis. Ós rud é go bhfuil an bhrí chéanna go bunúsach leis an bhforaithne scríofa i dtrí script, chuir an Chloch an eochair ríthábhachtach ar fáil chun iaróglaif Éigipteach a dhíchódú sa bhliain 1822 ag Jean-François Champollion. Sular aimsíodh í, bhí tuiscint ar iaróglaif caillte ar feadh beagnach 1,500 bliain.","Tá trí théacs i gCloch Rosetta: iaróglaif Shean-Éigipteach, script Dheamótach, agus Sean-Ghréigis. Bhí sé riachtanach don teangeolaíocht stairiúil mar, ós rud é go raibh an fhoraithne chéanna sna trí leagan go léir, cheadaigh sé do Jean-François Champollion iaróglaif Éigipteach a dhíchódú sa bhliain 1822, ag athbhunú eolais a bhí caillte ar feadh beagnach 1,500 bliain."
Cad é príomhfheidhm na miteachoindre agus cén leasainm a thugtar orthu go minic?,"Orgánaidí faoi cheangal scannáin is ea miteachoindre a fhaightear i gcíteaplasma beagnach gach cill eocarótach. Is é a bpríomhfheidhm formhór mór de sholáthar trífhosfáite adainisín (ATP) na cille a ghiniúint, a úsáidtear mar fhoinse fuinnimh cheimicigh. Cuimsíonn an próiseas seo, ar a dtugtar riospráid cheallach, ocsaigin agus cothaithigh a thiontú go ATP. Toisc go bhfuil siad riachtanach do tháirgeadh fuinnimh, is minic a thugtar na 'tithe cumhachta na cille' mar leasainm orthu. Tá ról criticiúil acu freisin i ndifreáil cheallach, trasduchtú comharthaí, agus bás cille cláraithe (apaptóis).",Is í príomhfheidhm na miteachoindre soláthar trífhosfáite adainisín (ATP) na cille a ghiniúint trí riospráid cheallach. Is minic a thugtar na 'tithe cumhachta na cille' mar leasainm orthu.
Gin trí ainm fhéideartha do ghnólacht nuathionscanta nua atá dírithe ar fheirmeoireacht ingearach uirbeach inbhuanaithe. Cuir míniú gairid aon-abairte san áireamh do gach ainm.,,"Seo trí ainm fhéideartha don ghnólacht nuathionscanta feirmeoireachta ingearach:

1. **AeroSprout:** Comhcheanglaíonn sé 'Aero' (a bhaineann le haer agus hidreapónaic) agus 'Sprout' (a thugann le tuiscint fás agus úire) chun talmhaíocht éifeachtúil, nua-aimseartha a mholadh.
2. **TerraStack:** Baineann 'Terra' leis an Domhan/táirge, fad a thagraíonn 'Stack' go díreach don mhodh fáis ingearach, sraitheach a úsáidtear i gcathracha.
3. **CityHarvest Collective:** Ainm tuairisciúil a chuireann béim ar an suíomh uirbeach ('City'), an sprioc ('Harvest'), agus fócas an phobail ar bhia atá fásaithe go háitiúil."
Mínigh feidhm agus struchtúr Chóras Cúlchiste Feidearálach na Stát Aontaithe.,,"Is é Córas Cúlchiste Feidearálach na Stát Aontaithe (An Fed) banc ceannais na Stát Aontaithe. Bunaíodh é le hAcht an Chúlchiste Feidearálach i 1913, agus is é an príomhchuspóir atá leis ná córas airgeadaíochta agus airgeadais níos sábháilte, níos solúbtha agus níos cobhsaí a chur ar fáil don náisiún. Feidhmíonn an Fed faoi threoir na Comhdhála, ach de ghnáth bíonn a chinntí beartais neamhspleách ar chur isteach polaitiúil, struchtúr atá ceaptha chun cobhsaíocht fhadtéarmach a chinntiú.

Oibríonn an Cúlchiste Feidearálach le 'Dual Sainordú' atá leagtha síos ag an gComhdháil: fostaíocht a uasmhéadú agus praghsanna cobhsaí a chothabháil (i.e., smacht a choinneáil ar bhoilsciú). Tá freagrachtaí air freisin as cobhsaíocht an chórais airgeadais a choinneáil agus as maoirseacht a dhéanamh ar an earnáil baincéireachta.

Go struchtúrach, tá an Fed comhdhéanta de thrí phríomhghné. Ar an gcéad dul síos, is é an Bord Gobharnóirí an croí-chomhlacht riaracháin, atá comhdhéanta de sheachtar gobharnóirí a cheapann an tUachtarán agus a dhaingníonn an Seanad. Freastalaíonn na gobharnóirí seo téarmaí 14 bliana fritháirithe chun leanúnachas a choinneáil. Is minic a mheastar gurb é Cathaoirleach an Bhoird ceann de na poist eacnamaíocha is cumhachtaí ar domhan. Sa dara háit, tá dhá Bhanc Chúlchiste Feidearálach réigiúnacha dhéag sa chóras, a fheidhmíonn ar fud ceantair gheografacha ar leith agus a dhéanann maoirseacht ar bhainc chomhalta laistigh dá gcríoch. Sa tríú háit, is é an Coiste Feidearálach um Oibríochtaí Margaidh Oscailte (FOMC) an comhpháirt is tábhachtaí don bheartas. Tá an FOMC comhdhéanta den seachtar gobharnóirí móide uachtarán Chúlchiste Feidearálach Nua-Eabhrac agus ceithre uachtarán rothlacha de na haon bhanc réigiúnach eile dhéag. Tá an FOMC freagrach as beartas airgeadaíochta an náisiúin a shocrú.

Baineann an Fed úsáid as trí phríomh-uirlis chun beartas airgeadaíochta a chur i gcrích. Is é Oibríochtaí an Mhargaidh Oscailte (OMO) an uirlis is minice a úsáidtear, a bhaineann le ceannach agus díol urrús rialtais na SA sa mhargadh oscailte. Nuair a cheannaíonn an Fed urrúis, insteallann sé airgead isteach sa chóras baincéireachta, ag méadú an tsoláthair airgid agus ag ísliú rátaí úis; tá an éifeacht os coinne ag díol urrús. Uirlis eile is ea an Ráta Lascaine, arb é an ráta úis é ar féidir le bainc tráchtála airgead a fháil ar iasacht go díreach ón Fed. Ar deireadh, is féidir leis an Fed ceanglais cúlchiste a choigeartú, a ordaíonn an céatadán de thaiscí a chaithfidh bainc a choinneáil i gcúlchiste seachas iad a thabhairt ar iasacht. Trí smacht a chur ar na fachtóirí seo, bíonn tionchar ag an Fed ar an timpeallacht iasachtaithe iomlán agus, sa deireadh, ar an sprioc-ráta úis don gheilleagar, ar a dtugtar an Ráta Cistí Feidearálach."
Mínigh príomhfheidhm eithne an chórais oibriúcháin.,,"Is é an t-eithne croí-chomhpháirt an chórais oibriúcháin. Is í a phríomhfheidhm ná acmhainní an chórais a bhainistiú, lena n-áirítear cuimhne, sceidealú LAP, gléasanna I/O, agus cumarsáid idirphróiseas, ag líonadh an bhearna idir crua-earraí agus feidhmchláir bogearraí."
"Ag úsáid na faisnéise a cuireadh ar fáil, luaigh dáta cruinn fhionnachtain Phlútó agus aithin an réalteolaí a rinne hipitéis ar dtús faoi 'Planet X' a bheith ann.","Fionnachtaíodh Plútó go hoifigiúil ar an 18 Feabhra 1930, ag Clyde Tombaugh ag Réadlann Lowell in Arizona. Bhí Tombaugh 24 bliana d'aois ag an am agus bhí sé curtha i mbun 'Planet X' a aimsiú, pláinéad hipitéiseach a bhí tuartha ag Percival Lowell. Ar feadh 76 bliain, measadh gur Plútó an naoú pláinéad inár gcóras gréine. Mar sin féin, in 2006, d'athrangú an tAontas Réalteolaíoch Idirnáisiúnta (IAU) Plútó mar 'abhacphláinéad' tar éis rialacha nua a bhunú maidir le stádas pláinéid, go príomha mar gheall ar fhionnachtain Eris, réad mór cosúil leis sa Chrios Kuiper.",Fionnachtaíodh Plútó ar an 18 Feabhra 1930. Rinne Percival Lowell hipitéis ar dtús faoi 'Planet X' a bheith ann.
"Scríobh píosa micrifhicsin eolaíochta, go díreach 100 focal ar fhad. Ní mór don scéal díriú ar leabharlannaí i mbunáit ghealach dearmadta agus an frása 'ciúnas an fholúis' a chur san áireamh.",,"D’éalaigh Elara deannaigh ó chartlanna holagrafacha Sheachtar Gamma. Bhí Bonn na Gealaí ‘Argus’ gníomhach go teicniúil, ach ba í an t-aon áitritheoir a bhí ann—an staraí deireanach d’ré dearmadta. Rith sí lámh le lámhainn thar chriostal sonraí scáinte lipéadaithe “Pátrúin Aimsire an Domhain: Réamh-Thitim.” Ba é an t-aon chuideachta a bhí aici ná an suan íseal ón gcóras tacaíochta beatha agus an tarrac corraitheach ó am go chéile de mhicreiméitearóidí in aghaidh an chruinneacháin. Lasmuigh, shín an díthreabh a raibh aithne ró-mhaith aici uirthi. Theastaigh uaithi fuaim na báistí, nó fiú tráchta, ach ina ionad sin, ní bhfuair sí ach an fholús ró-mhór. Chuaigh fuaraíocht trína culaith. D’oscail sí príomhphort féachana an éalochta aeir, ag féachaint amach ar an spéir lán réaltaí, agus chuala, go domhain ina haonrú, ciúnas an fholúis, fuaim a bhí níos troime ná aon fhocal labhartha. Bhí na taifid ag fanacht, ach cé a léifadh iad anois?"
"Cé a d'aimsigh peinicillin, agus cén bhliain ar tharla an fhionnachtain seo?","D'aimsigh an dochtúir Albanach Alexander Fleming peinicillin i 1928, agus é ag obair in Ospidéal Naomh Muire i Londain. Thug sé faoi deara gur chuir éilliú múnla, an *Penicillium notatum*, cosc ar fhás cultúir baictéir *Staphylococcus* i mias Peitreo. Mar sin féin, ba iad Florey agus Chain a d’fhorbair é ina dhruga inúsáidte go luath sna 1940idí, rud a d’fhág gur cuireadh olltáirgeadh air le linn an Dara Cogadh Domhanda. D'fhoilsigh Fleming a chuid torthaí i dtosach i 1929 san Iris Bhriotanach um Phataolaíocht Thurgnamhach, ach níor aithníodh an tábhacht chliniciúil go hiomlán go dtí an deich mbliana ina dhiaidh sin.",D'aimsigh an dochtúir Albanach Alexander Fleming peinicillin i 1928. Rinne sé an breathnú in Ospidéal Naomh Muire i Londain nuair a thug sé faoi deara gur chuir an múnla *Penicillium notatum* cosc ar fhás baictéir *Staphylococcus*.
"Grúpáil na carachtair fhicseanúla seo a leanas bunaithe ar a bpríomh-mheán foinseach: Sherlock Holmes, Harry Potter, Walter White, Scarlett O'Hara, Daenerys Targaryen, Captain Kirk, Mickey Mouse.",,"Leabhar: Sherlock Holmes, Harry Potter, Scarlett O'Hara
Sraith Teilifíse: Walter White, Daenerys Targaryen, Captain Kirk
Beochan/Scannán: Mickey Mouse"
Cad é an ghealach is mó ar eolas sa Chóras Gréine?,,"Is é Ganymede an ghealach is mó sa Chóras Gréine, agus tá sé ag fithisiú Iúpatar. Go deimhin, tá a thrastomhas níos mó ná trastomhas an phláinéid Mearcair agus an abhacphláinéid Plútón, agus is í an t-aon ghealach ar a bhfuil eolas í a bhfuil a réimse maighnéadach féin aici."
Aithin na príomhchúiseanna agus na hiarmhairtí a bhain leis an laghdú tosaigh ar mhaoiniú taighde AI ('Geimhreadh AI') a thuairiscítear sa sliocht.,"Cuireadh tús le taighde luath ar AI sna 1950idí. Meastar go forleathan gurb é ceardlann Dartmouth i 1956 breith AI mar réimse. I measc na bhfreastalaithe bhí John McCarthy (a chum an téarma 'Intleacht Shaorga'), Marvin Minsky, Nathaniel Rochester, agus Claude Shannon. Bhí dóchas ard ar dtús; thuar Minsky go cáiliúil i 1967 go mbeadh 'fadhb na cruthaithe 'intleacht shaorga' réitithe go substaintiúil laistigh de ghlúin amháin...'. Bhí an maoiniú ag teacht go príomha ó Roinn Cosanta na SA, go háirithe ARPA (DARPA níos déanaí). I measc na bpríomhchlár bhí taighde ar phróiseáil teanga nádúrtha (cláir LISP) agus réiteoirí fadhbanna ginearálta (GPS). Mar sin féin, faoi lár na 1970idí, nocht cliseadh córais chasta cosúil le haistriúchán meaisín agus Tuarascáil Lighthill sa Ríocht Aontaithe teorainneacha na gcur chuige luatha, rud a d'fhág gur tharla an chéad 'Gheimhreadh AI'. Le linn na tréimhse seo, gearradh siar go mór ar mhaoiniú rialtais, go háirithe don taighde neamhspleách. Lean róbataic, réimse a bhfuil dlúthbhaint aici, ar aghaidh le fás measartha, go minic le tacaíocht ó fheidhmchláir thionsclaíocha seachas taighde cosanta amháin. Tháinig athbheochan ar an spéis sna 1980idí nuair a tháinig córais shaineolacha agus inmharthanacht tráchtála chun cinn, ag mealladh infheistíochta príobháidí.","Bhí an laghdú de bharr cliseadh córais chasta cosúil le haistriúchán meaisín agus Tuarascáil Lighthill sa Ríocht Aontaithe, a nocht teorainneacha na gcur chuige luatha. Ba í an iarmhairt ná an chéad 'Gheimhreadh AI', a raibh ciorruithe suntasacha i maoiniú rialtais, go háirithe don taighde neamhspleách, mar shaintréith air."
"Bunaithe ar an téacs, cad é an 'fadhb ailínithe' maidir le forbairt na hintleachta saorga ginearálta (ISG)?","Cuireann forbairt na hintleachta saorga fíorghinearálta (ISG) dúshláin eiticiúla iomadúla i láthair. Baineann príomhábhar imní amháin leis an 'fadhb ailínithe', ag cinntiú go bhfanann spriocanna ISG ag teacht le luachanna daonna. Má imíonn feidhm fóntais chórais ISG, fiú go beag, ó leas an duine, d'fhéadfadh iarmhairtí tubaisteacha a bheith ann, fiú má tá an córas deartha le bheith tairbheach. Is minic a mheastar go bhfuil an diall seo níos contúirtí ná mailís shimplí, toisc go bhféadfadh córas an-chliste, neamhailínithe sprioc neamhdhaonna a shaothrú go héifeachtach, amhail leas iomlán a bhaint as acmhainní, gan aird ar shaol an duine.",Is í an 'fhadhb ailínithe' an dúshlán a bhaineann le cinntiú go bhfanann spriocanna ISG ag teacht le luachanna daonna.
Cé hiad bunaitheoirí Netflix agus cén uair a bunaíodh an chuideachta?,"Is seirbhís sruthaithe thar an mbarr físeáin ar éileamh le síntiús Mheiriceánach agus comhlacht léiriúcháin é Netflix, Inc. Bunaíodh é ar an 29 Lúnasa, 1997, ag Reed Hastings agus Marc Randolph i Scotts Valley, California. I dtús báire, d’oibrigh an chuideachta seirbhís DVD tríd an bpost le táillí cíosa cothromráta, a seachadadh tríd an tSeirbhís Poist SAM. Tugadh seirbhísí sruthaithe isteach in 2007, agus faoi 2010, bhí Netflix tar éis a thairiscintí a leathnú go suntasach, ag bogadh ar shiúl óna bhunmhúnla DVD thar an chéad deich mbliana eile.","Bunaíodh Netflix ar an 29 Lúnasa, 1997, ag na bunaitheoirí Reed Hastings agus Marc Randolph i Scotts Valley, California."
Déan cur síos ar na bunchodanna atá ag teastáil chun feidhmchlár gréasáin lán-chruach nua-aimseartha caighdeánach a thógáil.,,"De ghnáth, bíonn roinnt príomhchodanna idirspleácha in iarratas gréasáin lán-chruach nua-aimseartha a oibríonn le chéile chun ábhar a sheirbheáil agus idirghníomhaíochtaí úsáideoirí a láimhseáil:
1. Taobh Tosaigh (Taobh an Chliaint): Seo é an comhéadan úsáideora infheicthe. Tá sé freagrach as an ábhar a rindreáil agus as ionchur úsáideora a láimhseáil. I measc na dteicneolaíochtaí coitianta tá creataí JavaScript ar nós React, Angular, nó Vue.
2. Taobh Cúil (Taobh an Fhreastalaí): Tá loighic an fheidhmchláir sa chomhpháirt seo, láimhseálann sé iarratais ón taobh tosaigh, bainistíonn sé slándáil, agus déanann sé cumarsáid leis an mbunachar sonraí. Is minic a bhíonn Teicneolaíochtaí ar nós Node.js (Express), Python (Django/Flask), nó Ruby (Rails) san áireamh.
3. Bunachar Sonraí: Úsáidtear é chun sonraí feidhmchláir (próifílí úsáideoirí, ábhar, srl.) a stóráil go buan. I measc na samplaí tá bunachair sonraí SQL (PostgreSQL, MySQL) nó bunachair sonraí NoSQL (MongoDB, Cassandra).
4. API (Comhéadan Clársceidealaithe Feidhmchlár): Feidhmíonn sé seo mar an ciseal cumarsáide, ag sainiú an tsraith rialacha a ligeann don taobh tosaigh agus don taobh cúil labhairt lena chéile. Is minic a chuirtear i bhfeidhm é ag baint úsáide as REST nó GraphQL.
5. Bonneagar Imscartha/Óstála: An timpeallacht ina ritheann an feidhmchlár agus a bhfuil rochtain ag úsáideoirí air (m.sh., ardáin scamall mar AWS, Azure, Google Cloud, nó seirbhísí ar nós Vercel/Netlify don taobh tosaigh)."
Mínigh cad is poll dubh ann agus conas a fhoirmítear é.,,Is réigiún d'fheasré é poll dubh a thaispeánann éifeachtaí imtharraingte chomh láidir sin nach féidir le haon rud—fiú cáithníní ná radaíocht leictreamaighnéadach cosúil le solas—éalú óna taobh istigh. Tugtar léaslíne an imeachta ar 'dhromchla' an phoill dhuibh; sainmhíníonn sé an teorainn nach féidir éalú a dhéanamh laistigh de. Foirmíonn poill dhubha go príomha nuair a ídíonn réaltaí an-ollmhóra (de ghnáth 20 uair mais na Gréine nó níos mó) a mbreosla núicléach agus nuair a thiteann siad faoi mheáchan ollmhór a n-imtharraingthe féin in imeacht ar a dtugtar sárnóva. Brúnn an titim seo mais iarsma na réalta isteach i bpointe atá dlúth gan teorainn ar a dtugtar singilteacht.
Cad iad na céimeanna riachtanacha chun píblíne láidir CI/CD a bhunú?,,"Tá roinnt céimeanna ríthábhachtacha i gceist le píblíne láidir um Chomhtháthú Leanúnach/Seachadadh Leanúnach (CI/CD) a bhunú. Tosaigh trí chaighdeánú a dhéanamh ar ardán iontaofa rialaithe foinse (m.sh., Git), ag cur i bhfeidhm beartais dhiana brainse agus athbhreithnithe cóid éigeantacha trí iarratais tarraingthe (pull requests). Ansin, dírigh ar Chomhtháthú Leanúnach: uathoibrigh na próisis tógála, tástála (aonad agus comhtháthú), agus anailíse statach díreach tar éis an cód a sheiceáil isteach, ag baint úsáide as uirlisí cosúil le Jenkins, GitLab CI, nó GitHub Actions. Ar deireadh, cuir Seachadadh Leanúnach i bhfeidhm: cuir do fheidhmchlár i gcoimeádán (Docker), bain úsáid as orcastróir (Kubernetes) le haghaidh comhsheasmhachta trasna timpeallachtaí (Forbairt, Céimniú, Táirgeadh), agus uathoibrigh an próiseas imlonnaithe ag baint úsáide as uirlisí speisialaithe cosúil le ArgoCD nó Spinnaker, ag cinntiú go bhfuil cumais monatóireachta agus rolladh siar uathoibrithe san áireamh."
Mínigh na comhpháirteanna bunúsacha agus na feidhmeanna féideartha a bhaineann le teicneolaíocht an blockchain.,,"Go bunúsach, is mórleabhar dáilte, díláraithe agus do-athraithe é teicneolaíocht an blockchain a thaifeadann idirbhearta thar go leor ríomhairí. I measc a chroíchomhpháirteanna tá haiscrúpagrafaíocht chun slándáil agus do-athraitheacht a chinntiú, agus meicníochtaí comhthola chun bloic nua sonraí a bhailíochtú. Cuireann an struchtúr seo deireadh leis an ngá atá le húdarás lárnach. Taobh amuigh dá príomhúsáid i gcriptea-airgeadraí cosúil le Bitcoin, tá an blockchain á iniúchadh le haghaidh feidhmeanna i dtrédhearcacht an tslabhra soláthair, i mbainistíocht slán aitheantais digitigh, agus in éascú conarthaí casta airgeadais trí chonarthaí cliste."
Cuir an liosta cathracha seo a leanas in ord aibítre agus cuir uimhir ar gach mír ag tosú le 1.,"Londain, Tóiceo, Nua-Eabhrac, Páras, Sydney, an Róimh","1. Londain, 2. Nua-Eabhrac, 3. Páras, 4. an Róimh, 5. Sydney, 6. Tóiceo"
"Sórtáil an liosta ainmneacha fostaithe a cuireadh ar fáil in ord aibítre de réir an sloinne, agus cuir an t-aschur deiridh i gceannlitreacha go léir i láthair leis an bhformáid: SLOINNE, CÉAD AINM.","jane doe, michael chen, sara anderson, tom miller","ANDERSON, SARA
CHEN, MICHAEL
DOE, JANE
MILLER, TOM"
Mínigh coincheap na léarscáile haise (hash map) agus a príomhfheidhm san eolaíocht ríomhaireachta.,,"Is struchtúr sonraí teibí í léarscáil haise, ar a dtugtar tábla haise go minic, a chuireann cineál teibí sonraí eagar comhlachais i bhfeidhm, is é sin, struchtúr atá in ann eochracha a mhapáil go luachanna. Tá sí deartha chun sonraí a stóráil i mbeirteanna eochair-luach, áit a bhfuil gach eochair uathúil agus a úsáidtear chun an luach comhlachaithe léi a aisghabháil go tapa.

Is é príomhfheidhm léarscáil haise ná castacht ama beagnach tairiseach (O(1) ar an meán) a bhaint amach d’oibríochtaí ionsáite, scriosta agus cuardaigh. Baintear an éifeachtúlacht seo amach trí fheidhm haise a úsáid, a athraíonn an eochair ionchuir ina hinnéacs sonrach, nó ‘buicéad,’ laistigh de bhunstúracht eagar. Cuireann an mapáil dhíreach seo deireadh leis an ngá le cuardach a dhéanamh go seicheamhach trí go leor eilimintí.

**Meicníocht:**
1. **Haiséireacht:** Nuair a dhéantar sonraí a ionsá, cuirtear an eochair chuig feidhm haise, a aschuireann innéacs slánuimhir. Cinneann an t-innéacs seo cá stórálfar an luach san eagar.
2. **Stóráil:** Stóráiltear an luach ag an innéacs ríofa.
3. **Aisghabháil:** Agus sonraí á n-aisghabháil, déantar an eochair a haiséireacht arís chun an áit chruinn innéacs a fháil, rud a cheadaíonn rochtain láithreach ar an luach.

**Réiteach Imbhualadh:**
Níl feidhmeanna haise foirfe, agus is féidir go dtiocfadh an t-innéacs céanna as dhá eochair dhifriúla; tugtar imbhualadh air seo. Braitheann feidhmíocht léarscáile haise go mór ar cé chomh héifeachtach is a láimhseáiltear na himbhuailtí seo. I measc na straitéisí coitianta tá:
*   **Slabhrú:** Coinníonn gach buicéad san eagar liosta nasctha nó eagar beag de na beirteanna eochair-luach go léir a haiséiríodh chuig an innéacs sin.
*   **Seoladh Oscailte (Tástáil):** Má tá innéacs áitithe cheana féin, cuardaíonn an algartam go córasach don chéad sliotán folamh eile atá ar fáil (m.sh., tástáil líneach nó tástáil chearnach)."
Cad í príomhfheidhm an Chórais Ainmneacha Fearainn (DNS)?,"Is é an Córas Ainmneacha Fearainn (DNS) leabhar teileafóin an Idirlín. Faigheann daoine rochtain ar fhaisnéis ar líne trí ainmneacha fearainn, cosúil le example.com. Idirghníomhaíonn brabhsálaithe gréasáin, áfach, trí sheoltaí Prótacail Idirlín (PI). Aistríonn DNS ainmneacha fearainn go seoltaí PI ionas gur féidir le brabhsálaithe acmhainní Idirlín a luchtú. Tá an próiseas aistriúcháin seo ríthábhachtach d’fheithiclíocht an Idirlín nua-aimseartha agus ceadaíonn sé seoladh inscálaithe. Tá roinnt cineálacha de cheisteanna DNS ann, lena n-áirítear ceisteanna athchúrsacha agus atriallacha, a chinneann an chaoi a n-idirghníomhaíonn freastalaithe ainmneacha chun iarraidh a réiteach.","Is í príomhfheidhm an Chórais Ainmneacha Fearainn (DNS) ná ainmneacha fearainn atá inléite ag an duine (cosúil le example.com) a aistriú go seoltaí Prótacail Idirlín (PI), rud a ligeann do bhrabhsálaithe gréasáin acmhainní Idirlín a aimsiú agus a luchtú."
An aicmítear an ghrian mar réalta den phríomhsheicheamh?,,Dearfach
Liostaigh na pláinéid trastíre istigh in ord a bhfadaíochta ón nGrian.,,"Is iad na pláinéid trastíre istigh Mearcair, Véineas, an Domhan, agus Mars."
Mínigh cad is 'aistriú cosanta' (defensive shift) ann sa daorchluiche agus tabhair sonraí ar na rialacha nua a cuireadh i bhfeidhm chun é a shrianadh.,,"Is ailíniú straitéiseach é an t-aistriú cosanta a úsáideann foirne cosanta ina dtréigeann il-imreoirí lár páirce—uaireanta triúr nó an ceathrar ar fad—a bpoist thraidisiúnta agus bogann siad go dtí taobh amháin den pháirc, de ghnáth an taobh deas, chun dul i gcoinne buailteoir ar eol dó an liathróid a 'tharraingt' go láidir sa treo sin. Ag tosú i séasúr 2023, chuir MLB rialacha nua i bhfeidhm chun an t-aistriú a shrianadh. Éilíonn na príomhathruithe go gcaithfear beirt imreoirí lár páirce a bheith suite go hiomlán ar an taobh clé den dara bonn agus beirt a bheith go hiomlán ar an taobh deas. Thairis sin, caithfidh an ceathrar imreoirí lár páirce an dá chos a bheith acu ar an ithir lár páirce nuair a thosaíonn an caiteoir ag gluaiseacht chun an caith a sheachadadh, rud a chuireann cosc orthu imirt mar imreoirí éadomhain na himeallpháirce."
Sainaithin agus mínigh 'Tragóid na gComhchoiteann'.,,"Is teoiric eacnamaíoch í Tragóid na gComhchoiteann a chuireann síos ar chás i gcóras comhacmhainne ina mbíonn úsáideoirí aonair, ag gníomhú go neamhspleách de réir a leasa féin, ag iompar go contrártha le leas coiteann na n-úsáideoirí uile trí ídiú nó milleadh a dhéanamh ar an acmhainn sin trína gcomhghníomhú. Chuir an t-éiceolaí Garrett Hardin an téarma chun cinn i 1968. Tagann an 'tragóid' chun cinn mar go mbaineann gach úsáideoir réasúnach tairbhe as an acmhainn a úsáid níos mó (gnóthachan príobháideach gearrthéarmach), cé go mbíonn costais dhíghrádú na hacmhainne (caillteanas poiblí fadtéarmach) á n-iompar go cothrom ag gach duine. I measc na samplaí clasaiceacha tá an ró-iascaireacht, an truailliú, nó ró-úsáid acmhainní páirce poiblí."
Cad iad na príomhtheicneolaíochtaí a ligeann d’fheithiclí uathrialacha nascleanúint a dhéanamh agus oibriú go sábháilte?,,"Braitheann oibriú feithicle uathrialaitheach ar idirghníomhú casta roinnt príomhtheicneolaíochtaí. Ina measc seo tá LiDAR (Brath agus Raonú Solais) chun léarscáileanna 3D an-chruinne den timpeallacht a chruthú, braiteoirí radair chun luas agus achar a thomhas, agus fís ríomhaireachta faoi chumhacht ceamaraí ardghléine chun rudaí a aithint, cosúil le coisithe, soilse tráchta, agus comharthaí bóthair. Próiseálann algartaim foghlama meaisín an méid ollmhór seo de shonraí braiteoirí i bhfíor-am chun cinntí tiomána a dhéanamh, cé go soláthraíonn GPS ardchruinneas agus léarscáileanna HD réamhléarscáilte comhthéacs riachtanach nascleanúna."
Déan achoimre ar phríomhphrionsabail fhorbairt bogearraí Aclaí i mír ghairid.,,"Is modh athchleachtach bainistíochta tionscadal é Agile, a úsáidtear go príomha i bhforbairt bogearraí, a chuidíonn le foirne freagairt d'éiginnteacht na bogearraí a thógáil. Tá a phríomhphrionsabail fréamhaithe i solúbthacht, cumarsáid chomhoibríoch, agus oiriúnú tapa don athrú. Tugann sé tús áite do bhogearraí feidhmiúla thar dhoiciméadú fairsing, braitheann sé ar thimthriallta gearra forbartha ar a dtugtar sprints, agus iarrann sé aiseolas go leanúnach chun a chinntiú go gcomhlíonann an táirge deiridh riachtanais úsáideoirí atá ag athrú."
"Cén fáth ar roghnaigh cruthaitheoirí na teicneolaíochta gan sreang an t-ainm ""Bluetooth""?","Is caighdeán teicneolaíochta gan sreang gearr-achair é Bluetooth a úsáidtear chun sonraí a mhalartú idir gléasanna seasta agus soghluaiste thar achair ghearra. Ba é an Dr. Jaap Haartsen a chum é i 1994, agus é ag obair d'Ericsson. Tagann ainm na teicneolaíochta ó rí Lochlannach ón 10ú haois, Harald ""Bluetooth"" Gormsson, a raibh cáil air as treibheacha cogaíochta na Danmhairge a aontú. Mhol Jim Kardach ó Intel an t-ainm i 1997, a bhí ag léamh an úrscéil *The Long Ships* ag an am. Ba é an rún go n-aontódh teicneolaíocht Bluetooth prótacail chumarsáide, díreach mar a d'aontaigh an rí treibheacha na Danmhairge agus na hIorua. Is rún ceangail é lógó Bluetooth a chumascann dhá rún Nordach: ᚼ (Hagall) agus ᛒ (Berkanan), arbh iad seo túslitreacha Harald Bluetooth iad.","Roghnaíodh an t-ainm ""Bluetooth"" toisc gur spreag rí Lochlannach ón 10ú haois, Harald ""Bluetooth"" Gormsson, é. Díreach mar a d'aontaigh an Rí Harald na treibheacha cogaíochta Danmhairgeacha, bhí sé i gceist go n-aontódh an teicneolaíocht prótacail chumarsáide idir gléasanna éagsúla."
"De réir an téacs a cuireadh ar fáil, cé mhéad úrscéal mór a chríochnaigh Jane Austen?","Úrscéalaí Sasanach ab ea Jane Austen (16 Nollaig 1775 – 18 Iúil 1817) a raibh a cuid saothar ficsean rómánsúil, suite i measc an uasalaicme tuaithe, a thug áit di mar dhuine de na scríbhneoirí is mó léite i litríocht an Bhéarla. Chríochnaigh sí sé úrscéal mór: *Sense and Sensibility*, *Pride and Prejudice*, *Mansfield Park*, *Emma*, *Northanger Abbey*, agus *Persuasion*.",Chríochnaigh Jane Austen sé úrscéal mór.
"Bunaithe ar an liosta a tugadh, cé na ceapadóirí a rinne an fhionnachtain nó an t-aireagán luaite acu roimh 1880?","Ceapadóirí agus eolaithe clúiteacha agus an bhliain neasach ar a bhfionnachtain nó ar a n-aireagán is cáiliúla:

Thomas Edison: Bolgán solais gealbhruthach (1879)
Alexander Graham Bell: Paitinn teileafóin (1876)
Nikola Tesla: Paitinn Choróin Tesla (1891)
Marie Curie: Aonrú raidiam (1910)",Thomas Edison agus Alexander Graham Bell
"Cá fhad a mhaireann gnáth-thóraíocht rathúil seite, de réir an téacs?","Cat mór dúchasach don Afraic agus don Iaráin láir is ea an Seite (Acinonyx jubatus). Is é an t-ainmhí talún is tapúla é, atá in ann rith ag luasanna 80 go 128 km/h (50 go 80 msu) i bpléascanna gearra. Mar sin féin, bíonn an ghnáth-thóraíocht rathúil gearr, de ghnáth ag maireachtáil thart ar 20 soicind agus gan ach 170 méadar a chlúdach. Tá a rith ardluais á chumhachtú ag teaglaim uathúil de dhroim solúbtha, crúba neamh-intarraingte a sholáthraíonn tarraingt, agus córas riospráide speisialaithe.",Timpeall 20 soicind
Cathain a chomhdaigh Walgreens cás dlí i gcoinne Theranos agus cén méid damáistí a bhí á lorg acu ar dtús?,"I 2012, d’infheistigh Safeway $350 milliún chun 800 láthair a athchóiriú le clinicí a chuirfeadh tástálacha fola ar fáil taobh istigh de shiopaí. Tar éis go leor spriocdhátaí caillte agus torthaí amhrasacha ó chlinic trialach in oifigí corparáideacha Safeway, cuireadh deireadh leis an margadh i 2015. I 2013, chuaigh Theranos i gcomhpháirtíocht le Walgreens chun tástálacha fola taobh istigh de shiopaí a thairiscint ag níos mó ná 40 láthair. Cé gur tuairiscíodh go raibh tástálacha fola Theranos á n-úsáid ar othair trialach drugaí do GlaxoSmithKline agus Pfizer, dúirt an dá chuideachta nach raibh aon tionscadail ghníomhacha acu le Theranos i nDeireadh Fómhair 2015. I Meitheamh 2016, chuir Walgreens deireadh lena chomhpháirtíocht le Theranos. I Samhain 2016, chomhdaigh sé cás dlí i gcoinne Theranos sa chúirt feidearálach in Delaware mar gheall ar shárú conartha. I Meitheamh 2017, thuairiscigh Theranos d’infheisteoirí gur socraíodh an cás dlí, a bhí ag lorg $140 milliún i ndamáistí ar dtús, ar níos lú ná $30 milliún.

I Márta 2015, d’fhógair Clinic Cleveland comhpháirtíocht le Theranos chun a teicneolaíocht a thástáil agus chun costas na dtástálacha saotharlainne a laghdú. I Iúil 2015, tháinig Theranos chun bheith ina sholáthraí saotharlainne d’árachóirí Pennsylvania AmeriHealth Caritas agus Capital Blue Cross.","Chomhdaigh Walgreens cás dlí i gcoinne Theranos i Samhain 2016 mar gheall ar shárú conartha, agus bhí $140 milliún i ndamáistí á lorg acu ar dtús."
Cad é an saothar clóite is cáiliúla le Gutenberg?,"Rinne an preas clódóireachta réabhlóidiú ar an gcumarsáid agus ar scaipeadh an eolais. Forbraíodh é ag Johannes Gutenberg i lár an 15ú haois (timpeall 1440), chomhcheangail a aireagán roinnt teicneolaíochtaí a bhí ann cheana, lena n-áirítear an preas scriú agus réitigh chineál miotail, chun córas an-éifeachtach a chruthú le haghaidh olltáirgeadh téacsanna. Roimh Gutenberg, rinne scríobhaithe leabhair a chóipeáil de láimh, rud a d'fhág go raibh siad thar a bheith costasach agus annamh. Is é an saothar is cáiliúla de chuid Gutenberg ná Bíobla Gutenberg, a críochnaíodh i 1455, agus a aithnítear mar cheann de na chéad mhórleabhair a clóadh ag baint úsáide as cineál soghluaiste san Eoraip.","Is é an saothar is cáiliúla de chuid Gutenberg ná Bíobla Gutenberg, a críochnaíodh i 1455, agus a aithnítear mar cheann de na chéad mhórleabhair a clóadh ag baint úsáide as cineál soghluaiste san Eoraip."
Cad iad na trí chineál íoróine is coitianta sa litríocht?,,Seo iad na trí chineál íoróine is coitianta sa litríocht: 1. Íoróine Bhriathartha (ag rá a mhalairt ar a bhfuil i gceist). 2. Íoróine Shuímh (tá an toradh contrártha don mhéid a bhíothas ag súil leis). 3. Íoróine Drámatúil (tá rud éigin ar eolas ag an lucht féachana nach bhfuil ar eolas ag an gcarachtar).
"Aithin agus liostaigh na sé phríomhchéim de Shaolré Forbartha Bogearraí (SDLC) a luaitear sa téacs, ag cinntiú go gcuirtear i láthair iad san ord ceart.","Is próiseas é Saolré Forbartha Bogearraí (SDLC) a úsáideann an tionscal bogearraí chun bogearraí ardchaighdeáin a dhearadh, a fhorbairt agus a thástáil. Tá sé comhdhéanta de shé phríomhchéim. Is í an chéad cheann ná **Pleanáil**, lena mbaineann riachtanais a shainiú agus raon feidhme an tionscadail a chinneadh. Ina dhiaidh sin tá **Anailís**, ina ndéantar féidearthacht an tionscadail a mheasúnú agus ina ndéantar ceanglais ghnó a bheachtú. Is é **Dearadh** an tríú céim, ag díriú ar ailtireacht agus sonraíocht an chórais. Is í an ceathrú céim ná **Cur i bhfeidhm** (nó Códú), ina scríobhann na forbróirí an cód iarbhír. Ina dhiaidh sin tá **Tástáil** agus Dearbhú Cáilíochta (QA). Ar deireadh, is é an chéim dheireanach ná **Imscaradh** agus Cothabháil, ag cinntiú go scaoiltear agus go dtugtar tacaíocht do na bogearraí.","Seo iad na sé phríomhchéim de Shaolré Forbartha Bogearraí (SDLC):
1. Pleanáil
2. Anailís
3. Dearadh
4. Cur i bhfeidhm (nó Códú)
5. Tástáil
6. Imscaradh agus Cothabháil"
"De réir an téacs a cuireadh ar fáil, tabhair sonraí faoin méadú ar acmhainn ghiniúna cumhachta gréine domhanda idir 2010 agus deireadh 2023, agus luaigh an acmhainn iomlán cumhachta gaoithe in 2023.","Tá borradh mór tagtha ar ghiniúint cumhachta gréine domhanda le deich mbliana anuas. In 2010, bhí an acmhainn dhomhanda thart ar 40 ghigavata (GW). Faoi 2015, bhí an figiúr seo méadaithe go 230 GW, arb ionann é agus méadú beagnach sé huaire. Léiríonn na sonraí is déanaí ó dheireadh 2023 go bhfuil an acmhainn ghréine dhomhanda os cionn 1400 GW. Tháinig fás suntasach ar chumhacht gaoithe freisin, ag dul ó 180 GW in 2010 go 850 GW faoi 2023. Cé go bhfuil hidreachumhacht aibí, tá sí fós ina mór-ranníocóir, ag cobhsú thart ar 1300 GW le linn na tréimhse céanna, ag léiriú nach bhfuil ach beagán suiteálacha nua i gcomparáid le cumhacht gréine agus gaoithe.",D'ardaigh giniúint cumhachta gréine domhanda ó thart ar 40 ghigavata (GW) in 2010 go dtí os cionn 1400 GW faoi dheireadh 2023. Ba é 850 GW an acmhainn iomlán cumhachta gaoithe in 2023.
"Cathain a bunaíodh an Ghníomhaireacht Spáis Eorpach go hoifigiúil, agus cá bhfuil a ceanncheathrú suite?","Is eagraíocht idir-rialtasach de 22 ballstát í an Ghníomhaireacht Spáis Eorpach (GSE) atá tiomnaithe d'fhiosrú na spáis. Bunaíodh í i 1975, agus tá a ceanncheathrú i bPáras, an Fhrainc. Tháinig an Ghníomhaireacht roimh an Eagraíocht Eorpach um Thaighde Spáis (ESRO), a bunaíodh i 1964, agus an Eagraíocht Eorpach um Fhorbairt Lainseálaithe (ELDO). Is é sainordú na GSE soláthar agus cur chun cinn, chun críocha síochánta amháin, comhar i measc Stát Eorpach i dtaighde, teicneolaíocht agus feidhmeanna spáis.","Bunaíodh an GSE i 1975, agus tá a ceanncheathrú suite i bPáras, an Fhrainc."
Mínigh na bundifríochtaí fealsúnachta idir clárú feidhmeach agus clárú réad-dhírithe.,,"Is éard atá i gclárú feidhmeach (FP) ná ríomhaireacht a chóireáil mar mheasúnú ar fheidhmeanna matamaitice agus seachnaíonn sé staid athraitheach agus sonraí inathraithe. Cuireann sé béim ar neamh-inathraitheacht agus ar fheidhmeanna ard-ordaithe. Os a choinne sin, cuireann Clárú Réad-Dhírithe (OOP) sonraí agus modhanna le chéile i 'réada' agus cuireann sé béim ar choincheapa cosúil le hinchlú, oidhreacht, agus ilchineálacht. Braitheann OOP go mór ar ionramháil stáit inathraithe."
Cad é príomhfheidhm agus fairsinge Bhalla Mór na Síne?,"Is sraith daingnithe é Balla Mór na Síne a tógadh go ginearálta feadh líne oirthear-siar trasna teorainneacha stairiúla thuaidh na Síne. B'é an tImpire Qin Shi Huang a cheap ar dtús é sa 3ú haois RC mar mhodh chun cosc a chur ar ionsaithe ó ghrúpaí fáin, go príomha na Xiongnu. Tógadh na codanna is cáiliúla le linn Ríshliocht Ming (1368–1644). Cé go bhfuil difríocht idir na meastacháin, is minic a luaitear go bhfuil an córas balla iomlán, lena n-áirítear a chuid craobhacha go léir agus bacainní cosanta nádúrtha, thart ar 21,196 ciliméadar (13,171 míle) ar fad. Ba é a phríomhchuspóir le linn a stair ná cosaint mhíleata agus rialú teorann.","Is sraith daingnithe é an Balla Mór a shíneann timpeall 21,196 ciliméadar feadh teorainneacha thuaidh na Síne, tógtha go príomha le haghaidh cosaint mhíleata agus rialú teorann."
"Aicmigh na príomh-aibhneacha domhanda seo a leanas de réir na mór-roinne trína sreabhann siad go príomha: An Níl, An Amasóin, An Yangtze, An Mississippi, An Danóib, An Volga, An Murray-Darling, An Chongó.",,"An Níl - An Afraic, An Amasóin - Meiriceá Theas, An Yangtze - An Áise, An Mississippi - Meiriceá Thuaidh, An Danóib - An Eoraip, An Volga - An Eoraip, An Murray-Darling - An Aigéine, An Chongó - An Afraic"
"Bunaithe ar an achoimre a chuirtear ar fáil ar scéal Artúraíochta, cén fachtóir—cuardach an tSoithigh Naofa nó teip an ghealltanais mhorálta laistigh den aicme rialaithe—a d’fheidhmigh mar an príomhchatalú do thitim Camelot?","Tá finscéal an Rí Artúr dírithe ar cheannaire Breatnach meánaoiseach, a léirítear go minic mar rialtóir buadhach i gceannas ar Camelot, le cabhair ó Ridire an Bhoird Chruinn. De ghnáth, tosaíonn scéal Artúr leis an claíomh Excalibur (nó an Claíomh sa Chloch, ag brath ar an leagan) a tharraingt aige as inneoin nó as cloch, rud a chruthaíonn a cheart diaga chun rialaithe. Bunaíonn sé tréimhse síochána agus rathúnais, sainithe ag an ridireacht agus ag cuardach an tSoithigh Naofa. I measc na bpríomhphearsana tá a chomhairleoir draoi Merlin, a bhean chéile an Bhanríon Guinevere, agus an ridire is dílse ach is deighilte, an Ridire Lancelot. Déantar aontas na ríochta a bhriseadh sa deireadh ag an gcaidreamh mídhleathach idir Lancelot agus Guinevere, rud a fhágann cogadh cathartha. Mar thoradh ar an achrann inmheánach seo, mar aon le cleasanna a mhac/nia neamhdhlisteanach Mordred, tarlaíonn Cath tragóideach Camlann, áit a ngortófar Artúr go marfach agus a dtugtar go hoileán Avalon é ina dhiaidh sin.","Cé gur bhris cuardach an tSoithigh Naofa an Bord Cruinn go cinnte trí go leor ridirí a sheoladh ar shiúl ar aistear spioradálta, iargúlta, ba é an príomhchatalú le haghaidh titim Camelot ná an teip ar ghealltanas morálta laistigh den aicme rialaithe, go sonrach an caidreamh adhaltranach idir an Ridire Lancelot agus an Bhanríon Guinevere, agus neamhábaltacht an Rí Artúr dá bharr a cheangail phearsanta a réiteach lena dhualgas i leith an dlí. Deir an t-ionchur gur ‘briseadh aontas na ríochta sa deireadh ag an gcaidreamh mídhleathach,’ ag nascadh go díreach an trasghabháil mhorálta leis an gcogadh cathartha agus leis an achrann inmheánach a lean é.

Bunaíodh Camelot ar idéil na ridireachta, na dílseachta, agus an cheartais, siombailithe ag an mBord Cruinn féin. Bhris feall chara is gaire agus mhná chéile Artúr an conradh bunúsach den chúirt go bunúsach. Chuir an laige inmheánach seo an oscailt riachtanach ar fáil do Mordred chun dúshlán a thabhairt d'údarás Artúr, rud a d’fhág go díreach go Cath Camlann cinniúnach. Scaip Cuardach an tSoithigh Neart míleata, ach scrios an teip mhorálta cobhsaíocht pholaitiúil agus eitice na ríochta, ag cinntiú a deireadh foréigneach agus dosheachanta."
Céard í an phríomhchúis le creathanna talún?,,Príomhchúis fhormhór na gcreathanna talún is ea scaoileadh tobann fuinnimh nuair a shleamhnaíonn dhá phláta teicteonacha thar a chéile feadh líne lochta.
An meastar gloine a bheith ina leacht nó ina solad?,,"Go heolaíoch, aicmítear gloine mar sholad amorfach. Is minic a thugtar 'leacht forfhuaraithe' air trí dhearmad toisc nach bhfuil struchtúr criostail ordaithe fada-raoin ag fíorsholaid ann agus go bhfuil a struchtúr cosúil le struchtúr leachta, ach iompraíonn sé mar sholad faoi ghnáthchoinníollacha. Ní chuirtear an míthuiscint go 'sreabhann' gloine (a luadh go minic trí bhunanna níos tiubha a fheiceáil ar sheanseanbhoinn fhuinneog) i leith sreafa cosúil le leacht de ghnáth, ach i leith modhanna déantúsaíochta stairiúla cosúil leis an gcoróin nó na próisis sorcóireacha, a chruthaigh boinn d’tiús míchothrom go bunúsach."
Cén teoiric amháin is tábhachtaí san fhisic nua-aimseartha?,,"Tá sé dúshlánach an t-aon teoiric amháin 'is tábhachtaí' san fhisic nua-aimseartha a aithint, toisc go bhfuil an réimse á rialú ag dhá chreat go bunúsach ar leith, ach thar a bheith cruinn. Rialaíonn an dá theoiric seo scálaí an-difriúla agus níl siad aontaithe go rathúil fós.

Is iad na príomhiomaitheoirí don cheann 'is tábhachtaí' ná:

1. **Coibhneasacht Ghinearálta (CG):** Arna fhorbairt ag Albert Einstein, déanann an teoiric seo cur síos ar an imtharraingt mar chuaire an spásamaois de bharr maise agus fuinnimh. Tá sí ríthábhachtach chun struchtúr mórscála na cruinne, an chosmeolaíocht, dúphoill, agus fithisí na bpláinéad a thuiscint. Rinne sí réabhlóidiú ar ár dtuiscint ar spás agus am.

2. **Meicnic Chandamach (MC):** Déanann an teoiric seo cur síos ar iompar damhna agus fuinnimh ar an leibhéal adamhach agus fo-adamhach. Thug sí isteach coincheapa ar nós déacht tonn-cháithnín, candamú an fhuinnimh, agus prionsabal na héiginnteachta. Is í MC bunús na teicneolaíochta nua-aimseartha go léir, lena n-áirítear léasair, trasraitheoirí, agus fuinneamh núicléach.

Cé go míníonn CG an-mhór, agus go míníonn MC an-bheag, luaitear an **Samhail Chaighdeánach na Fisice Cáithníní** uaireanta mar an ceann is cuimsithí, toisc go n-ionchorpraíonn sí Teoiric Réimse Chandamach go rathúil agus go ndéanann sí cur síos ar na fórsaí núicléacha leictreamaighnéadacha, láidre, agus laga. Mar sin féin, tá an Samhail Chaighdeánach fós neamhiomlán toisc nach n-áirítear inti an imtharraingt (Coibhneasacht Ghinearálta). Is clocha coirnéil fíor-riachtanacha den fhisic iad CG agus MC araon, agus tá a n-neamh-chomhoiriúnacht fós ar an bhfadhb is mó gan réiteach sa réimse."
"Cinnigh an mamaigh iad na hainmhithe seo go léir: Nathair, Frog, Míol Mór, Plaitipus.",,"Ní hea, tá an liosta sin mícheart. Is mamaigh iad Míol Mór agus Plaitipus, ach is reiptíl í Nathair agus is amfaibiach é Frog."
Leag amach trí bhuntáiste riachtanach a bhaineann le nuashonruithe bogearraí rialta a chur i bhfeidhm.,,"1. Feabhsú Slándála: Is minic a bhíonn paistí ríthábhachtacha i nuashonruithe a réitíonn laigí a shaothraítear le bogearraí mailíseacha agus hackers, ag cinntiú cosaint sonraí.
2. Feidhmíocht agus Cobhsaíocht: Réitíonn siad fabhtanna atá ann cheana, uasmhéadaíonn siad acmhainní an chórais, agus laghdaíonn siad tuairteanna, rud a fhágann go bhfuil taithí úsáideora níos réidhe ann.
3. Gnéithe Nua agus Comhoiriúnacht: Tugann nuashonruithe feidhmiúlacht nua-aimseartha isteach, feabhsaíonn siad dearadh chomhéadan an úsáideora, agus cothaíonn siad an chomhoiriúnacht riachtanach le córais oibriúcháin nó crua-earraí níos nuaí.

Dá bhrí sin, tá sé ríthábhachtach nuashonruithe rialta a chothabháil ar mhaithe le slándáil, éifeachtúlacht, agus cruthú don todhchaí."
Cé hé an príomhailtire a bhí freagrach as Túr Eiffel a dhearadh?,,Gustave Eiffel
"Bunaithe ar an téacs a chuirtear ar fáil faoi Apollo 13, aithin príomhchúis theip na misin agus luaigh róil an triúr ball foirne.","Ba é Apollo 13 an seachtú misean le foireann i gclár spáis Mheiriceánach Apollo agus an tríú ceann a bhí beartaithe chun tuirlingt ar an nGealach. Seoladh an fheithicil ar 11 Aibreán, 1970, ó Ionad Spáis Kennedy. Bhí an Captaen James A. Lovell, Píolóta Modúl Ceannais John L. Swigert, agus Píolóta Modúl Gealaí Fred W. Haise ar an bhfoireann. Dhá lá isteach sa mhisean, ar 13 Aibreán, phléasc umar ocsaigine sa Mhodúl Seirbhíse, rud a rinne damáiste mór don spásárthach. D'aistrigh an misean láithreach ó iarracht tuirlingthe gealaí go dtí streachailt ar mhaithe le marthanas na foirne, ag spreagadh Rialú Misin chun nósanna imeachta éigeandála a chur i bhfeidhm chun cumhacht agus earraí inchaite riachtanacha a chaomhnú. B’éigean do na spásairí bogadh isteach sa Mhodúl Gealaí, Aquarius, á úsáid mar ráthóg tarrthála don turas fillte. In ainneoin dúshlán teicniúil ollmhór, d'fhill an fhoireann go rathúil ar an Domhan ar 17 Aibreán, 1970, ag tuirlingt go sábháilte san Aigéan Ciúin.","Ba é an pléascadh ar umar ocsaigine sa Mhodúl Seirbhíse príomhchúis theip na misin. Seo a leanas an triúr ball foirne agus a róil: An Captaen James A. Lovell, Píolóta Modúl Ceannais John L. Swigert, agus Píolóta Modúl Gealaí Fred W. Haise."
Aithin agus mínigh go hachomair na ceithre phríomhfhachtóir fadtéarmacha a luann staraithe mar fhachtóirí a chuir le titim Impireacht na Róimhe Thiar.,,"1. **Éagobhsaíocht Eacnamaíoch:** Mar gheall ar dhíluacháil an airgidraoin bhí boilsciú forleathan, trádáil bhriste, agus cánachas trom a chuaigh i bhfeidhm go díréireach ar na haicmí ísle. 2. **Róshíneadh agus Brú Míleata:** Bhí gá le buiséad míleata neamh-inbhuanaithe chun na teorainneacha ollmhóra a chothabháil, chomh maith le brath ar thrúpaí barbacha comhghuaillíochta nach raibh dílis go minic. 3. **Ilroinnt Pholaitiúil agus Éagobhsaíocht:** Chreim streachailtí cumhachta leanúnacha, comharbas gasta ar impirí, agus an deighilt riaracháin éifeachtach idir an Róimh agus Cathair Chonstaintín údarás agus comhtháthú an rialtais láir. 4. **Ionraí agus Imirce:** Bhrú brú ó ghrúpaí ar nós na Húnach treibheanna Gearmánacha (cosúil leis na Viseagotaigh agus na Vandail) isteach i gcríoch na Róimhe, rud ba chúis le cailleadh príomhchúigí agus scrios na struchtúr impiriúil san Iarthar sa deireadh."
"Aicmigh na príomhchathracha móra seo a leanas i gceann amháin de na hilchríocha seo a leanas: Meiriceá Thuaidh, Meiriceá Theas, An Eoraip, An Afraic, An Áise, nó An Aigéine: Londain, Béising, Buenos Aires, Canberra, Nairobi, Washington D.C.",,"Londain: An Eoraip
Béising: An Áise
Buenos Aires: Meiriceá Theas
Canberra: An Aigéine
Nairobi: An Afraic
Washington D.C.: Meiriceá Thuaidh"
"Déan cur síos ar thrí chéim roicéad Saturn V, lena n-áirítear an t-ainmniúchán, an príomhchineál innill, agus feidhm gach céime. Chomh maith leis sin, aithin an comhpháirt a sholáthair treoir agus rialú don fheithicil seolta.","Feithicil seolta sár-ardaithe trom ab ea an Saturn V a d’úsáid NASA idir 1967 agus 1973. Roicéad trí chéim le leacht-tiomántán a bhí ann, a dearadh chun an Modúl Ceannais/Seirbhíse Apollo (CSM) agus an Modúl Gealaí (LM) a sheoladh isteach i bhfithis agus ansin i dtreo na Gealaí. Bhí an chéad chéim, ar a dtugtar S-IC, á thiomáint ag cúig inneall ollmhór F-1 agus ghineadh sí 7.5 milliún punt sá ag leibhéal na farraige. Ba é a príomhról an fheithicil iomlán a ardú suas go dtí airde thart ar 42 míle (68 km). D'úsáid an dara céim, S-II, cúig inneall J-2 faoi thiomáint hidrigine, ag soláthar 1.1 milliún punt sá. Dhóigh an S-II ar feadh thart ar shé nóiméad, ag brú an chairn isteach i bhfithis pháirceála éilipseach ard. Ar deireadh, d’úsáid an tríú céim, S-IVB, inneall aonair J-2. Bhí dhá dhó chriticiúla ag an gcéim seo: an chéad cheann le haghaidh isteach i bhfithis pháirceála, agus an dara dó Instealladh Tras-Ghealaí (TLI) chun spásárthach Apollo a sheoladh i dtreo na Gealaí. Is minic a bhí an tAonad Ionstraime (IU) lonnaithe san S-IVB freisin, arbh é ‘inchinn’ an roicéid é, ag soláthar treorach agus rialaithe.","Seo iad trí chéim roicéad Saturn V:

1. S-IC (An Chéad Chéim): Cumhachtaithe ag cúig inneall F-1. Feidhm: D'ardaigh sé an fheithicil iomlán suas go dtí airde thart ar 42 míle (68 km).
2. S-II (An Dara Céim): Cumhachtaithe ag cúig inneall J-2. Feidhm: Bhrúigh sé an carn isteach i bhfithis pháirceála éilipseach ard.
3. S-IVB (An Tríú Céim): Cumhachtaithe ag inneall aonair J-2. Feidhm: Rinne sé an t-isteach i bhfithis pháirceála agus an dó Instealladh Tras-Ghealaí (TLI) ina dhiaidh sin.

Ba é an tAonad Ionstraime (IU) an chomhpháirt a sholáthair treoir agus rialú don fheithicil seolta."
"Aicmigh na míreanna seo a leanas ina dhá chatagóir: Torthaí agus Glasraí: Cairéad, Úll, Banana, Brocailí, Tráta, Spionáiste.",,"Torthaí: Úll, Banana, Tráta. Glasraí: Cairéad, Brocailí, Spionáiste."
"Sliocht na príomhfhíricí gairmiúla agus dámhachtana faoin ábhar agus formáidigh an t-eolas mar shraith réad JSON, ag úsáid na n-eochracha 'Fact', 'Year', agus 'Category'.","Ba fhisiceoir agus ceimiceoir Polannach agus Frainceach faighte-saoránachta í Marie Curie, a rugadh Maria Skłodowska in 1867, a rinne taighde ceannródaíoch ar an radaighníomhaíocht. Ba í an chéad bhean a bhuaigh Duais Nobel, an chéad duine agus an t-aon bhean a bhuaigh Duais Nobel faoi dhó, agus an t-aon duine a bhuaigh Duais Nobel i dhá réimse eolaíochta éagsúla (Fisic in 1903, Ceimic in 1911). Ba í freisin an chéad ollamh baineann in Ollscoil Pháras. Fuair sí bás in 1934.","[
  {
    ""Fact"": ""An chéad bhean a bhuaigh Duais Nobel"",
    ""Year"": ""1903"",
    ""Category"": ""Stair Dhámhachtana""
  },
  {
    ""Fact"": ""An t-aon duine a bhuaigh Duais Nobel i dhá réimse eolaíochta éagsúla"",
    ""Year"": ""1903 & 1911"",
    ""Category"": ""Taifead Dámhachtana""
  },
  {
    ""Fact"": ""An chéad ollamh baineann in Ollscoil Pháras"",
    ""Year"": ""N/B (Stairiúil)"",
    ""Category"": ""Cloch Mhíle Gairme""
  }
]"
Cad é an Chloch Rosetta agus cén fáth a bhfuil sí tábhachtach?,,"Is stele ghreanóidíorach í an Chloch Rosetta a bhfuil foraithne inscríofa uirthi a eisíodh ag Memphis sa bhliain 196 R.Ch. thar ceann an Rí Tolamaes V. Tá an téacs scríofa i dtrí leagan: hieroglyphs Éigipteach, script Dhimotach, agus an tSean-Ghréigis. Fuair saighdiúirí Francacha í sa bhliain 1799. Tá a tábhacht ríthábhachtach sa mhéid is gur éirigh le scoláirí, trí chomparáid a dhéanamh idir an téacs Gréigise a bhí ar eolas agus an téacs hieroglyphic anaithnid, na hieroglyphs Éigipteacha a dhíchódú faoi dheireadh sa bhliain 1822, ag díghlasáil na céadta bliain de stair agus teanga na sean-Éigipte go héifeachtach."
Cad é Réabhlóid na Fraince?,"Tréimhse de chorraíl shóisialta agus pholaitiúil fharsing sa Fhrainc ab ea Réabhlóid na Fraince, a mhair ó 1789 go dtí 1799. D'athraigh sí go bunúsach cúrsa na staire nua-aimseartha, ag spreagadh meathlú domhanda na monarcachtaí absalóideacha agus ag cur poblachtaí agus daonlathais liobrálacha ina n-áit.","Tréimhse de chorraíl shóisialta agus pholaitiúil fharsing sa Fhrainc ab ea Réabhlóid na Fraince, a mhair ó 1789 go dtí 1799. D'athraigh sí go bunúsach cúrsa na staire nua-aimseartha, ag spreagadh meathlú domhanda na monarcachtaí absalóideacha agus ag cur poblachtaí agus daonlathais liobrálacha ina n-áit.

Ba é neamhionannas sóisialta domhain, géarchéim eacnamaíoch, agus tionchar idé-eolaíoch an tSoilsithe a spreag an Réabhlóid. Bhí an mhonarcacht, faoi stiúir an Rí Louis XVI, ag streachailt le fiacha ollmhóra ó chogaí roimhe seo (cosúil le Cogadh Réabhlóideach Mheiriceá) agus le caiteachas iomarcach, fad is a bhí tromlach na cánach ar na gnáthdhaoine (an Tríú hAicme).

Thosaigh sí le comhthionól na dTrí Aicme i mí Bealtaine 1789 agus le bunú an Tionóil Náisiúnta ina dhiaidh sin. I measc na bpríomhimeachtaí luatha bhí Stoirmáil na Bastille ar an 14 Iúil 1789, a shiombail deireadh le tíorántacht ríoga, agus glactha le Dearbhú Chearta an Duine agus an tSaoránaigh i mí Lúnasa 1789.

Tar éis tréimhse ghairid mar mhonarcacht bhunreachtúil, chuaigh an réabhlóid i dtreo radacach, rud a thug chun báis an Rí Louis XVI sa bhliain 1793 agus a bhunaigh an Chéad Phoblacht Fhrancach. Lean Réim an Uafáis (1793–1794) é seo, le linn ar chuir Maximillian Robespierre agus Coiste na Sábháilteachta Poiblí na mílte daoine a measadh a bheith ina naimhde don réabhlóid chun báis.

Tháinig deireadh leis an réabhlóid sa deireadh le teacht chun cinn Napoleon Bonaparte agus bunú Chonsalacht na Fraince in 1799, ach bhí tionchar mór ag a hidéil 'Liberté, Égalité, Fraternité' ar an smaointeoireacht pholaitiúil Iartharach, ag cur chun cinn an tsaoltachais, an náisiúnachais, agus an phoblachtachais ar fud na mór-roinne agus an domhain."
Liostaigh na hocht bpláinéad inár ngrianchóras in ord achair mhéadaithe ón nGrian.,,"1. Mearcair
2. Véineas
3. An Domhan
4. Mars
5. Iúpatar
6. Satarn
7. Úránas
8. Neiptiún"
"Déan comparáid idir agus cuir i gcodarsnacht le chéile na spreagthaí a bhí ag príomhphearsana Shakespeare, Hamlet agus Macbeth.",,"**Hamlet (Prionsa na Danmhairge):**
*   **An Príomhspreagadh:** Díoltas a lorg as dúnmharú a athar, spreagtha ag dualgas agus míchumasc morálta.
*   **Nádúr:** Imoibríoch; spreagtha ag éagóir sheachtrach agus ag athshlánú an ord mhorálta.
*   **An Coimhlint Tiomána:** Troid inmheánach, éiginnteacht fealsúnach, agus moill.

**Macbeth (Tiarna Ghlamais/Chabhdair):**
*   **An Príomhspreagadh:** Uaillmhian gan srian agus fonn cumhachta, faoi thionchar trom thuar osnádúrtha agus a mhná céile.
*   **Nádúr:** Réamhghníomhach; spreagtha ag féinleas agus fonn an ríchathaoir a ghabháil.
*   **An Coimhlint Tiomána:** Gníomhartha fuilteacha seachtracha, agus ina dhiaidh sin paranóia agus meathlú morálta.

**Codarsnacht:** Tá Hamlet á thiomáint ag an gceartas agus ag athshlánú an ama atá caite; tá Macbeth á thiomáint ag an tsaint agus ag daingniú teideal amach anseo."
Cad a bhí sa Mhórshiúl Fada,,"An Mhórshiúl Fada (Sínis: 長征; pinyin: Chángzhēng) cúlú míleata ollmhór a bhí ann, a rinne Arm Dearg na Síne, príomhfhórsa comhraic Pháirtí Cumannach na Síne (PCS), chun éalú ó shaothrú arm an Kuomintang (KMT). Tharla sé ó Dheireadh Fómhair 1934 go Deireadh Fómhair 1935, agus dhaingnigh sé seasamh Mao Zedong mar cheannaire gan chonspóid an PCS."
"Ag fágáil Pirimid Mhór Ghiza ar lár, liostaigh na Sé Iontas eile den Sean-Domhan atá fágtha mar a luaitear sa téacs.","Is liosta de thógálacha suntasacha ón tseanaicsean chlasaiceach iad Seacht nIontas an tSean-Domhain. Chuir údair éagsúla ón tSean-Ghréig le chéile é, Antipater de Shíodón agus Philo na Biosáintiam go háirithe. Ní chuimsíonn an liosta ach séadchomharthaí a fágadh timpeall imeall na Meánmhara. Níl ach Iontas amháin de na hIontas bunaidh fós slán den chuid is mó inniu: Pirimid Mhór Ghiza. Ba iad na sé Iontas eile Gairdíní Crochta na Bablóine, Dealbh Shéas ag Oilimpia, Teampall Artamais ag Eifeasas, An Mausólaem ag Halacarnasas, Colasas Rhodes, agus Teach Solais Alastair. Uaireanta áiríodh Ballaí na Bablóine nó Pálás Chíoras ag Eacbatana i liostaí eile, ach ní chuimsíonn an liosta canónta iad.","Gairdíní Crochta na Bablóine, Dealbh Shéas ag Oilimpia, Teampall Artamais ag Eifeasas, An Mausólaem ag Halacarnasas, Colasas Rhodes, agus Teach Solais Alastair."
Aithin na cúig bhunmháthairshabhsa Francacha.,,"Is iad na cúig bhunmháthairshabhsa Francacha ná Béchamel, Velouté, Espagnole, Hollandaise, agus Tomate."
"Maidir le córas Kepler-186, liostaigh na pláinéid agus a dtréimhsí fithise comhfhreagracha (i laethanta an Domhain). Formáidigh an t-aschur mar thábla le dhá cholún: 'Ainm an Phláinéid' agus 'Tréimhse Fithise (Laethanta)'.","Tá cúig phláinéad ar eolas i gcóras Kepler-186. Tá Kepler-186b, c, agus d faoi ghlas taoide agus téann siad i bhfithis réalta M-abhac gach 3.8, 7.3, agus 13.3 lá an Domhain, faoi seach. Tá tréimhse 25.6 lá ag Kepler-186e. Téann an pláinéad is faide ar shiúl atá ar eolas, Kepler-186f, i bhfithis sa chrios ináitrithe le tréimhse fithise 130 lá, beagán níos lú ná Mars. Faigheann sé timpeall trian den radaíocht a fhaigheann an Domhan ón Ghrian.","| Ainm an Phláinéid | Tréimhse Fithise (Laethanta) |
|---|---|
| Kepler-186b | 3.8 |
| Kepler-186c | 7.3 |
| Kepler-186d | 13.3 |
| Kepler-186e | 25.6 |
| Kepler-186f | 130 |"
Mínigh an heorastaice infhaighteachta bunaithe ar an téacs a tugadh.,"Tópac coitianta agus ionadaíoch sa réimse seo is ea an claonadh cognaíoch, nó an smaointeoireacht neamhréasúnach. Tá catalóg mhór claontaí a tharlaíonn go minic i smaointeoireacht an duine rangaithe agus curtha síos orthu ag síceolaithe (agus eacnamaithe). Is é an heorastaice infhaighteachta, mar shampla, an claonadh rómheas a dhéanamh ar thábhacht rud éigin a thagann go héasca chun cuimhne.",Is é an heorastaice infhaighteachta an claonadh rómheas a dhéanamh ar thábhacht rud éigin a thagann go héasca chun cuimhne.
Mínigh an difríocht idir earráid ama tiomsaithe agus earráid ama reatha sa ríomhchlárú.,,"Tarlaíonn earráid ama tiomsaithe (nó earráid chomhréire) sula gcuirtear an clár i gcrích, de ghnáth toisc go sáraíonn an cód rialacha gramadaí an teanga ríomhchlárúcháin (m.sh., leathstadach in easnamh nó eochairfhocal mílitrithe). Tarlaíonn earráid ama reatha (nó eisceacht) le linn don chlár a bheith á fhorghníomhú, go minic mar gheall ar loighic lochtach nó coinníollacha gan choinne, mar shampla iarracht uimhir a roinnt ar nialas nó rochtain a fháil ar innéacs eagair atá lasmuigh de theorainneacha."
Liostaigh gnáthchéimeanna an Mhúnla Eas.,"Is próiseas dearaidh seicheamhach é an Múnla Eas, a tháinig ón earnáil déantúsaíochta agus tógála, áit a sreabhann an dul chun cinn go seasta síos (cosúil le heas) trí chéimeanna. San innealtóireacht bhogearraí, áirítear sna céimeanna seo de ghnáth: Bailiú agus anailís ar riachtanais, Dearadh Córais agus Bogearraí, Cur i bhFeidhm (Códú), Tástáil (Fíorú), Imscaradh, agus Cothabháil leanúnach. Príomhthréith den chur chuige traidisiúnta seo is ea críochnú dian ar chéim amháin sula n-aistrítear chuig an gcéad cheann eile, rud a thugann struchtúr soiléir ach nach bhfuil solúbthacht ann d'athruithe déanacha.","Bailiú agus anailís ar riachtanais, Dearadh Córais agus Bogearraí, Cur i bhFeidhm (Códú), Tástáil (Fíorú), Imscaradh, agus Cothabháil leanúnach."
Cén fáth a bhfuil úsáid fíordhearbhú dhá fhachtóir (2FA) éigeantach anois chun rochtain a fháil ar chórais na cuideachta?,,"Tá fíordhearbhú dhá fhachtóir éigeantach toisc go soláthraíonn sé ciseal ríthábhachtach cosanta i gcoinne cibearbhagairtí nua-aimseartha, ag laghdú go mór an baol go dtiocfaidh rochtain neamhúdaraithe. Is féidir pasfhocail chaighdeánacha amháin a chur i mbaol go héasca trí ionsaithe fioscaireachta, líonadh dintiúr, nó sáruithe sonraí ar scála mór. Cinntíonn 2FA go dteastaíonn uathu fós seilbh a bheith acu ar do dhara fachtóir—de ghnáth cód íogair ó thaobh ama a sheoltar chuig do ghléas soghluaiste, eochair fhisiciúil, nó scanadh bithmhéadrach—chun logáil isteach, fiú má éiríonn le gníomhaí bagrach do phasfhocal a ghoid. Tá an cleachtas seo riachtanach chun sonraí dílseánaigh na cuideachta a chosaint, chun comhlíonadh le rialacháin slándála tionscail (amhail SOC 2 nó GDPR) a choinneáil, agus chun an damáiste tromchúiseach airgeadais agus clú a dhéantar de bharr teagmhais slándála a mhaolú."
Cén tairbhe shuntasach loingseoireachta a chuir Canáil Phanama ar fáil i gcomparáid leis an mbealach a cuireadh ina hionad?,"Is uiscebhealach saorga 82 km (51 míle) í Canáil Phanama i bPanama a nascann an tAigéan Atlantach leis an Aigéan Ciúin. Gearrann an chanáil trasna Isthmus Phanama agus is seoladán í do thrádáil mhuirí. Ceann de na tionscadail innealtóireachta is mó agus is deacra a cuireadh i gcrích riamh, bhí tionchar ollmhór aici ar loingseoireacht idir an dá aigéan, ag cur an bhealaigh fhada chontúirtigh timpeall an rinn is faide ó dheas i Meiriceá Theas, Rinn an Choirn, ina hionad. Sábhálann long thart ar 8,000 míle trí úsáid a bhaint as an chanáil in ionad bhealach Rinn an Choirn. Thosaigh an tógáil sa bhliain 1881 ag an bhFrainc, ach theip uirthi mar gheall ar fhadhbanna innealtóireachta agus rátaí arda mortlaíochta i measc oibrithe. Ghlac na Stáit Aontaithe seilbh ar an tionscadal i 1904 agus d'oscail siad an chanáil ar an 15 Lúnasa, 1914.","Cuireadh an chanáil in ionad an bhealaigh fhada chontúirtigh timpeall Rinn an Choirn, rud a cheadaíonn do long thart ar 8,000 míle a shábháil agus í ag taisteal idir an tAigéan Atlantach agus an tAigéan Ciúin."
Déan comparáid idir buntáistí agus míbhuntáistí cíos a fháil ar árasán i gcoinne teach a bheith i seilbh agat.,,"Tugann cíos solúbthacht mhór agus bacainní airgeadais tosaigh níos ísle, mar go seachnaíonn tú íocaíochtaí móra síos agus costais deiridh. Ina theannta sin, is ar an tiarna talún a thiteann freagrachtaí cothabhála agus deisiúcháin, rud a shimplíonn do chuid oibleagáidí. Mar sin féin, ciallaíonn cíos nach mbaineann tú amach aon chothromas; is caiteachas glan iad íocaíochtaí míosúla, agus bíonn srianta ort maidir le modhnuithe agus ardú cíosa féideartha neamh-intuartha. Os a choinne sin, ceadaíonn teach a bheith i seilbh agat cothromas agus saibhreas a thógáil le himeacht ama, soláthraíonn sé sochair chánach fhéideartha (amhail asbhaint úis morgáiste), agus tugann sé an tsaoirse duit do spás a shaincheapadh. I measc na míbhuntáistí tá infheistíocht shuntasach tosaigh, ualach na gcostas cothabhála go léir (ruthaiseach agus éigeandála araon), agus soghluaisteacht gheografach laghdaithe."
"Déan catagóiriú ar na pearsana stairiúla seo a leanas de réir a bpríomhréimse ranníocaíochta: Eolaíocht, Ealaín, nó Polaitíocht.","Leonardo da Vinci, Albert Einstein, Winston Churchill, Marie Curie, Pablo Picasso, Abraham Lincoln","Leonardo da Vinci: Ealaín. Polamatach sár-thábhachtach ón Renaissance ab ea é, a bhí clúiteach go háirithe as a chuid péintéireachta agus dealbhóireachta (m.sh., an Mona Lisa).
Albert Einstein: Eolaíocht. Fisiceoir teoiriciúil ab ea é a d’fhorbair teoiric na coibhneasachta.
Winston Churchill: Polaitíocht. Bhí sé mar Phríomh-Aire na Ríochta Aontaithe le linn an Dara Cogadh Domhanda.
Marie Curie: Eolaíocht. Fisiceoir agus ceimiceoir ceannródaíoch ab ea í a bhí clúiteach as a taighde ar an radaighníomhaíocht.
Pablo Picasso: Ealaín. Péintéir agus dealbhóir Spáinneach ab ea é, a bhí aitheanta mar chomhbhunaitheoir ghluaiseacht an Chiúbachais.
Abraham Lincoln: Polaitíocht. Bhí sé mar 16ú Uachtarán na Stát Aontaithe."
Cad é an foirgneamh is airde ar domhan agus cén uair a críochnaíodh é?,,"Is é an Burj Khalifa an foirgneamh is airde ar domhan, atá suite i Dubai, Aontas na nÉimíríochtaí Arabacha. Tá sé 828 méadar ar airde (2,717 troigh). Cuireadh tús leis an tógáil in 2004, agus críochnaíodh agus osclaíodh an foirgneamh go hoifigiúil i mí Eanáir 2010. Tá sé ar an taifead domhanda don dá struchtúr is airde agus don fhoirgneamh is airde go fada."
"Sliocht na príomhfhíricí as an téacs seo a leanas agus cuir iad i bhformáid liosta urchair ina bhfuil an t-Aireagóir, an Dáta Neasach, an Príomhshaothar, agus an Tionchar.","Is minic a luaitear aireagán an chlóphreas ag Johannes Gutenberg timpeall 1440 mar an imeacht is tábhachtaí sa tréimhse nua-aimseartha. D'fhorbair Gutenberg, gabha óir Gearmánach, córas a rinne réabhlóidiú ar tháirgeadh agus ar dháileadh leabhar. Priontáladh a phríomhshaothar, Bíobla Gutenberg, i Mainz, an Ghearmáin, timpeall 1455. Laghdaigh an teicneolaíocht seo costas na leabhar go mór agus ba chúis le méadú ollmhór ar litearthacht ar fud na hEorpa.","*   Aireagóir: Johannes Gutenberg (gabha óir Gearmánach)
*   Dáta Neasach: Timpeall 1440
*   Príomhshaothar: Bíobla Gutenberg (priontáladh timpeall 1455)
*   Tionchar: Laghdaigh sé costas na leabhar go mór agus ba chúis le méadú ollmhór ar litearthacht ar fud na hEorpa."
Sainmhínigh an slabhra bloc agus mínigh a phríomhchodanna.,,"Is mórleabhar digiteach díláraithe, dáilte, agus go minic poiblí é an slabhra bloc atá comhdhéanta de thaifid ar a dtugtar bloic a úsáidtear chun idirbhearta a thaifeadadh thar go leor ríomhairí ionas nach féidir aon bhloc atá i gceist a athrú go cúlghabhálach gan athrú na mbloc uile ina dhiaidh sin. I measc a phríomhchodanna tá an mórleabhar dáilte (an bunachar sonraí roinnte), bloic (tacair sonraí nasctha trí haisí criptagrafacha), haisiú (méarlorg digiteach uathúil do gach bloc), agus meicníocht comhdhearcaidh (na rialacha a úsáidtear chun idirbhearta nua a bhailíochtú, mar shampla Cruthúnas Oibre nó Cruthúnas Geallta)."
"Déan an téacs soláthraithe a anailísiú agus cur síos a dhéanamh ar phróiseas 'cumarsáid fite fuaite chandamach' i dtéarmaí simplí, céim ar chéim, mar a mhínítear ag an bhfoinse.","Mhínigh an Dr. Aris Thorne, agus é ag labhairt ag an gCalaquium Fisice, na deacrachtaí agus an poitéinseal a bhaineann le haistriú tapa faisnéise. Mhínigh sé, 'Ní cumarsáid láithreach é an fite fuaite candamach, contrártha don chreideamh coitianta. Baineann sé le dhá cháithnín nasctha, fótóin go minic, a roinneann an staid chandamach chéanna beag beann ar an achar. Nuair a dhéantar tomhas ar iompú (nó polarú) Cáithnín A, bíonn staid Cháithnín B ar eolas láithreach. Mar sin féin, ní dhéanann an tomhas seo ach an staid a dheimhniú; ní aistríonn sé teachtaireacht. Chun 'cumarsáid' a bhaint amach, ní mór cainéal clasaiceach tánaisteach (cosúil le tonn raidió) a úsáid chun an eochair chomparáide a tharchur, ag deimhniú cad a bhí i gceist le staid Cháithnín A (m.sh., ciallaíonn 'Iompú Suas' '1', ciallaíonn 'Iompú Síos' '0'). Dá bhrí sin, is iad na céimeanna: 1. Na cáithníní a fhite fhuáil. 2. Iad a scaradh. 3. Cáithnín A a thomhas. 4. Déanann Staid B comhghaolú láithreach. 5. Úsáid cainéal clasaiceach chun eochair léirmhínithe an tomhais a tharchur.'","Baineann próiseas cumarsáide fite fuaite chandamach le roinnt céimeanna ar leith, a éilíonn cainéal traidisiúnta tánaisteach chun na torthaí a léirmhíniú: 
1. Fite fuaigh na cáithníní (fótóin go minic) ionas go roinneann siad an staid chandamach chéanna.
2. Scar na cáithníní agus tú ag cothabháil a naisc chandamaigh.
3. Tomhais staid (m.sh., iompú nó polarú) an chéad cháithnín (Cáithnín A).
4. Deimhnítear staid an dara cáithnín (Cáithnín B) láithreach mar gheall ar chomhghaolú.
5. Ní mór cainéal tánaisteach, clasaiceach (cosúil le tonn raidió) a úsáid chun an eochair léirmhínithe a mhíníonn brí thoradh an tomhais a tharchur."
Aicmigh na suíomhanna geografacha seo a leanas ag úsáid na gcód 'C' le haghaidh Mór-roinne agus 'N' le haghaidh Náisiúin/Tíre. Freagair leis na haicmithe scartha le camóga san ord atá liostaithe.,"An Áise, An Bhrasaíl, An Antartaice, An Éigipt, An Astráil","C, N, C, N, N"
"Déan amach cé acu de na struchtúir cháiliúla seo a leanas atá fós ina sheasamh agus cé acu a leagadh: The original Penn Station (NYC), The Empire State Building (NYC).",,Leagadh an bun-Stáisiún Penn (1963); Tá Foirgneamh Empire State fós ina sheasamh.
Sainmhínigh tréimhse an Athbheochana.,,"Tréimhse dhíograiseach ab ea an tAthbheochan d' 'athbhreith' chultúrtha, ealaíonta, pholaitiúil, agus eacnamaíoch na hEorpa tar éis na Meánaoiseanna, a shíneadh go ginearálta ón 14ú haois go dtí an 16ú haois, agus a raibh suim athnuaite sa bhfealsúnacht chlasaiceach agus san fhoghlaim mar shaintréith aici."
Cad iad na príomhchodanna a chomhdhéanann braisle fheidhmiúil Kubernetes?,,"Tá braisle fheidhmiúil Kubernetes comhdhéanta go bunúsach de dhá phríomhshraith acmhainní: an tAerárthach Rialaithe (nó Máistir) agus na Nóid Oibreoirí. 

**1. Comhpháirteanna an Aerárthaigh Rialaithe (Máistir)**
Bainistíonn an tAerárthach Rialaithe staid, sceidealú, agus sláinte fhoriomlán na braisle. Seo a phríomhchodanna:
*   **Kube-apiserver:** An foirceann tosaigh don Aerárthach Rialaithe. Nochtann sé an API Kubernetes agus tá sé freagrach as oibríochtaí REST a phróiseáil, sonraí a bhailíochtú, agus a chumrú d'oibiachtaí (podaí, seirbhísí, srl.).
*   **etcd:** Stóras eochair-luacha comhsheasmhach agus ard-infhaighte a fheidhmíonn mar stóras tacaíochta Kubernetes do shonraí uile na braisle.
*   **Kube-scheduler:** Déanann sé faire ar Phodaí nua-chruthaithe nach bhfuil aon nód sannta dóibh agus roghnaíonn sé nód chun iad a rith, bunaithe ar riachtanais acmhainní, srianta, agus fachtóirí eile.
*   **Kube-controller-manager:** Ritheann sé lúba rialaitheora (m.sh., Rialaitheoir Nóid, Rialaitheoir Macasamhlaithe) a rialaíonn staid na braisle, ag cinntiú go bhfuil an staid reatha ag teacht leis an staid inmhianaithe.

**2. Comhpháirteanna Nóid Oibreoirí**
Ritheann na Nóid Oibreoirí na feidhmchláir choimeádánaithe. Tá na comhpháirteanna bunúsacha seo a leanas iontu:
*   **Kubelet:** Gníomhaire a ritheann ar gach nód sa bhraisle. Cinntíonn sé go bhfuil coimeádáin ag rith i bPod.
*   **Kube-proxy:** Seachfhreastalaí líonra a ritheann ar gach nód agus a chothabhálann rialacha líonra ar na nóid. Ceadaíonn na rialacha seo cumarsáid le do Phodaí ón taobh amuigh nó ón taobh istigh den bhraisle.
*   **Container Runtime:** An bogearraí atá freagrach as coimeádáin a rith (m.sh., Docker, containerd, CRI-O)."
"Liostaigh na cúig shatailít nádúrtha is mó (gealacha) i gCóras na Gréine, ag tosú leis an gceann is mó.",,"Ganiméide (Iúpatar), Tíotán (Satairn), Callisto (Iúpatar), Íó (Iúpatar), Gealach an Domhain (Lúna)"
"Cá bhfuil an pointe is doimhne in aigéin an domhain, agus cé chomh domhain is atá sé?",,"Is é an Challenger Deep an pointe is doimhne atá ar eolas, atá suite i nDíog Mhaireanach (Mariana Trench) in iarthar an Aigéin Chiúin. Is é 10,935 méadar (35,876 troigh) faoi leibhéal na farraige a thomhas is doimhne. Ciallaíonn an doimhneacht mhór seo go bhfuil an brú os cionn 1,000 uair níos mó ná an gnáthbhrú atmaisféarach ag leibhéal na farraige, ag tacú le foirmeacha beatha ceimeasintéiseacha uathúla nach mbraitheann ar sholas na gréine."
Cén srian mór a spreag Marie Skłodowska chun staidéar a dhéanamh ag an Ollscoil Snámhach faoi thalamh?,"Rugadh Marie Skłodowska i Vársá (a bhí mar chuid den Impireacht Rúiseach an uair sin) sa bhliain 1867. Rinne sí staidéar ag Ollscoil Snámhach faoi thalamh Vársá mar, ag an am sin, bhí cosc ar mhná ar ardoideachas. Bhog sí go Páras i 1891 chun freastal ar an Sorbonne, áit a bhain sí céimeanna amach san fhisic agus sna heolaíochtaí matamaitice. Sa bhliain 1895, phós sí an fisiceoir Francach Pierre Curie. Dhírigh a cuid oibre lena fear céile ar an radaíocht agus ba chúis le fionnachtain dhá dhúil nua: poilóiniam (ainmnithe i ndiaidh a Polainne dúchais) agus raidiam. Sa bhliain 1903, roinn na Curies Duais Nobel na Fisice le Henri Becquerel, rud a d'fhág gurbh í Marie an chéad bhean a bhuaigh Duais Nobel. Tar éis bhás Pierre i 1906, lean sí dá gcuid oibre agus bronnadh Duais Nobel na Ceimice 1911 uirthi as raidiam íon a aonrú.",Bhí cosc ar mhná ar ardoideachas ag an am.
"Déan liosta de na seacht mór-roinn traidisiúnta in ord a méid, ón gceann is mó go dtí an ceann is lú, ag baint úsáide as liosta uimhrithe.",,"1. An Áise
2. An Afraic
3. Meiriceá Thuaidh
4. Meiriceá Theas
5. Antartaice
6. An Eoraip
7. An Astráil"
Cad é bailiú truflais?,,Cineál de bhainistíocht uathoibríoch chuimhne a lorgaíonn cuimhne a fháil ar ais atá áitithe ag réada nach bhfuil tagairt déanta dóibh nó nach bhfuil inrochtana a thuilleadh ag an gclár reatha.
Cén t-ainm atá ar an eagraíocht ar bhain Obi-Wan Kenobi léi?,,Ord na nJedi
Cad é príomhfheidhm na haguisíne daonna?,,"Go stairiúil, measadh gur orgán iarsmaíoch a bhí san aguisín daonna gan aon fheidhm riachtanach. Mar sin féin, tugann taighde reatha le fios go bhféadfadh ról a bheith aige sa chóras imdhíonachta, go sonrach ag feidhmiú mar theach sábháilte do bhaictéir thairbheacha stéigeacha (flóra). Nuair a ghlanann tinneas nó galar an córas díleá, scaoileann an aguisín an baictéar stóráilte seo, ag cuidiú leis an stéig a athlíonadh go tapa agus gnáthfheidhm a athbhunú."
"Cé acu de na huimhreacha seo a leanas nach mbaineann leis na cinn eile: 12, 45, 27, 33, 56, 18?",,"Is é inroinnteacht an riail bhunúsach don tacar seo. Is iolraithe de 3 iad na huimhreacha 12, 45, 27, 33, agus 18 go léir. Deir an riail d'inroinnteacht le 3 má tá suim dhigití uimhir inroinnte le 3, go bhfuil an uimhir féin inroinnte le 3. I gcás 56, is é suim na ndigití ná 5+6=11, nach bhfuil inroinnte le 3. Dá bhrí sin, is é 56 an uimhir nach mbaineann leis na cinn eile."
"Achoimre a dhéanamh ar na príomhdhifríochtaí idir prótacail TCP agus UDP do lucht féachana neamhtheicniúil, ag úsáid níos lú ná 100 focal.",,"Tá TCP (Prótacal Rialaithe Tarchurtha) iontaofa agus dírithe ar nasc. Ráthaíonn sé go sroichfidh na sonraí go léir i gceart agus in ord, cosúil le litir chláraithe a sheoladh. Tá sé níos moille ach úsáidtear é le haghaidh brabhsáil agus ríomhphost. Tá UDP (Prótacal Datagram Úsáideora) níos tapúla agus gan nasc. Seolann sé sonraí gan deimhniú, ag glacadh le caillteanas féideartha, cosúil le cárta poist. Tá sé oiriúnach le haghaidh cearrbhachais, físeáin sruthaithe, agus cuardaigh DNS."
Cad iad na fachtóirí ba chúis le meath agus le himeacht as feidhm de réir a chéile den ardán meán sóisialta Myspace?,,"I measc na bpríomhchúiseanna bhí iomaíocht dhian ó Facebook, a thairg comhéadan níos glaine agus fíorú aitheantais níos láidre. D'fhulaing Myspace freisin ó nuálaíocht mhall, deacrachtaí maidir le cainníochtaí móra de chód úsáideora saincheaptha a láimhseáil, agus cáil ar spam iomarcach agus dearadh plódaithe, rud a fhágann go raibh sé deacair d'úsáideoirí nascleanúint a dhéanamh."
Mínigh an difríocht idir liosta agus taipéal i Python.,,"I Python, úsáidtear liostaí agus taipéil araon chun bailiúcháin sonraí a stóráil. Is í an phríomhdhifríocht ná so-athraitheacht. Tá liostaí so-athraithe, rud a chiallaíonn gur féidir a gcuid eilimintí a athrú, a chur leis, nó a bhaint tar éis iad a chruthú (sainithe ag úsáid lúibíní cearnacha, m.sh., [1, 2]). Tá taipéil do-athraithe, rud a chiallaíonn nach féidir iad a athrú nuair a chruthaítear iad (sainithe ag úsáid lúibíní cruinne, m.sh., (1, 2)). Go ginearálta, bíonn taipéil níos tapúla agus níos sábháilte do shonraí nár chóir a athrú."
Mínigh an príomhdhifríocht idir algartaim chomhbhrú sonraí caillteacha agus neamhc(h)aillteacha.,,"Tá algartaim chomhbhrú ríthábhachtach chun méideanna comhad a laghdú le haghaidh stórála agus tarchurtha. Braitheann an príomhdhifríocht idir an dá phríomhchineál ar an gcaoi a gcaitear le sonraí le linn an phróisis laghdaithe agus cibé an féidir an fhaisnéis bhunaidh a athchruthú go foirfe.

Is éard is comhbhrú neamhc(h)aillteacha ann, mar a thugann an t-ainm le fios, ligeann sé do na sonraí bunaidh a bheith athchruthaithe go foirfe óna sonraí comhbhrúite. Oibríonn sé trí iomarcaíocht staidrimh a aithint agus a dhíchur—amhail patrúin athfhillteacha nó ionchódú neamhéifeachtúil—gan aon fhaisnéis riachtanach a bhaint. I measc na samplaí d'fhormáidí a úsáideann comhbhrú neamhc(h)aillteacha tá comhaid ZIP, íomhánna PNG, agus fuaim FLAC. Tá an modh seo riachtanach le haghaidh feidhmeanna sláine sonraí cosúil le cáipéisí téacs, inriteacha clár, nó taifid airgeadais ina bhfuil sé dochreidte fiú an caillteanas sonraí is lú.

Baineann comhbhrú caillteacha, ar a mhalairt, cóimheasa comhbhrú i bhfad níos airde amach trí roinnt sonraí a mheastar a bheith neamhriachtanach nó dosháraithe don tsúil nó don chluas dhaonna a chaitheamh i leataobh go buan. De ghnáth, déantar é seo trí shamhaltú a dhéanamh ar aireachtáil síceafhuaimiúil (fuaime) nó síceamhaircúil (íomhá) chun sonraí a bhaint go cliste i minicíochtaí nó i réimsí datha nach bhfuil daoine chomh híogair dóibh. Cé go mbíonn comhad i bhfad níos lú mar thoradh air seo, ní féidir na sonraí bunaidh a ghnóthú go hiomlán. Úsáidtear comhbhrú caillteacha go forleathan le haghaidh meáin sruthaithe ar nós íomhánna JPEG, fuaim MP3, agus físeán MPEG, áit ar lamháltas inghlactha é meathlú beag ar cháilíocht mar mhalairt ar laghdú ollmhór ar mhéid an chomhaid."
Cad é an tsiombail cheimiceach don airgead?,,Ag
"Cén fáth a soláthraíonn comhlachtaí móra teicneolaíochta saoráidí fairsinge saor in aisce go minic, ar nós caifitéire galánta, giomnáisiamaí, agus seirbhísí níocháin?",,"Freastalaíonn an cleachtas saoráidí fairsinge, agus go minic sócúla, a sholáthar (amhail bia saor in aisce, cúram sláinte ar an láthair, agus giomnáisiamaí) ag gnólachtaí móra teicneolaíochta ar roinnt cuspóirí gnó straitéiseacha a théann níos faide ná dea-thoil shimplí na bhfostaithe. Ar an gcéad dul síos, is uirlis ríthábhachtach é sa 'chogadh ar son na buanna' iomaíoch, ag feidhmiú mar shochair chumhachtacha neamhthuarastail a chabhraíonn le hinnealtóirí agus forbróirí den scoth a earcú agus a choinneáil. Ar an dara dul síos, tá na pribhléidí seo deartha chun táirgiúlacht agus éifeachtúlacht a uasmhéadú. Trí gach rud a theastaíonn ó fhostaí a sholáthar ar an láthair, spreagann cuideachtaí go caolchúiseach iad chun níos mó ama a chaitheamh ag an obair agus chun cur isteach ó thascanna seachtracha a laghdú (amhail taisteal le haghaidh lóin nó coimisiúin a dhéanamh). Ciallaíonn sé seo freisin go mbíonn fostaithe ar fáil níos éasca le haghaidh uaireanta níos faide. Ar deireadh, cothaíonn an timpeallacht champasúil comhoibriú. Spreagann an cleachtas go n-itheann fostaithe le chéile nó go n-úsáideann siad saoráidí roinnte cruinnithe neamhfhoirmiúla, giniúint smaointe spontáineacha, agus neartaíonn sé naisc foirne laistigh den spás oibre."
Déan cur síos ar phróiseas chroitheadh láimhe trí-bhealach TCP.,"Is meicníocht bhunúsach é croitheadh láimhe trí-bhealach TCP a úsáideann an Prótacal Rialaithe Tarchurtha (TCP) chun nasc iontaofa, lán-dhéphléacsach a bhunú idir dhá fheiste, go hiondúil cliant agus freastalaí. Tá an próiseas seo riachtanach chun uimhreacha seichimh a shioncronú agus chun a chinntiú go bhfuil an dá pháirtí réidh le sonraí a tharchur agus a ghlacadh sula dtosaíonn aistriú sonraí feidhmchláir. 

1. SYN (Sioncronú): Seolann an t-óstach tionscnóireach (Cliant) deighleog SYN chuig an óstach cinn scríbe (Freastalaí). Cuimsíonn an deighleog seo uimhir seichimh tosaigh (ISN) an chliaint. Ag an bpointe seo, aistríonn an cliant ón stát CLOSED go dtí an stát SYN-SENT.

2. SYN-ACK (Sioncronú-Admháil): Nuair a fhaightear an SYN, freagraíonn an freastalaí le deighleog SYN-ACK. Freastalaíonn an deighleog seo ar dhá chuspóir: admhaíonn sé iarratas ceangail an chliaint (ACK = ISN an chliaint + 1) agus tionscnaíonn sé a iarracht cheangail féin trí ISN an fhreastalaí féin a sholáthar. Aistríonn an freastalaí chuig an stát SYN-RECEIVED.

3. ACK (Admháil): Ar deireadh, faigheann an cliant an SYN-ACK agus seolann sé deighleog ACK ar ais chuig an bhfreastalaí. Deimhníonn an ACK seo go bhfuarthas uimhir sioncronaithe an fhreastalaí (ACK = ISN an fhreastalaí + 1). Nuair a fhaigheann an freastalaí an tríú deighleog seo, aistríonn an dá óstach chuig an stát ESTABLISHED, agus is féidir tarchur sonraí a thosú.","Is próiseas ríthábhachtach é croitheadh láimhe trí-bhealach TCP chun nasc iontaofa a bhunú idir cliant agus freastalaí. Tarlaíonn sé i dtrí chéim:
1. **SYN**: Seolann an cliant iarratas sioncronaithe (SYN) chuig an bhfreastalaí.
2. **SYN-ACK**: Admhaíonn an freastalaí an t-iarratas (ACK) agus seolann sé a uimhir sioncronaithe féin (SYN).
3. **ACK**: Seolann an cliant admháil deiridh (ACK) chuig an bhfreastalaí, ag deimhniú go bhfuil an nasc bunaithe agus réidh le haghaidh aistriú sonraí."
"Rangaigh na focail seo a leanas mar Ainmfhocal, Briathar, nó Aidiacht: happiness, swim, tall, chair, eat, green.",,"happiness: Ainmfhocal
swim: Briathar
tall: Aidiacht
chair: Ainmfhocal
eat: Briathar
green: Aidiacht"
Cathain a tógadh Túr Eiffel agus cén fáth?,,"Tógadh Túr Eiffel idir 1887 agus 1889. Tógadh é mar áirse iontrála d'Aonach Domhanda 1889 (Exposition Universelle), a chomóradh 100 bliain de Réabhlóid na Fraince."
"Cuir feidhm shimplí Python ar fáil chun seiceáil an pailindróm é teaghrán, ag déanamh neamhaird ar chás agus ar spásanna.",,"python
def is_palindrome(s):
    # Glan an teaghrán: ná coinnigh ach carachtair alfa-uimhriúla agus iad a thiontú go cás íochtair
    cleaned_s = """".join(char.lower() for char in s if char.isalnum())
    
    # Seiceáil an ionann an teaghrán glanta agus a chúlú
    return cleaned_s == cleaned_s[::-1]

# Sampla úsáide:
# print(is_palindrome(""Racecar""))  # True
# print(is_palindrome(""Madam, I'm Adam"")) # True
# print(is_palindrome(""hello world"")) # False
"
Ainmnigh údar an úrscéil chlasaicigh Mheiriceánaigh Moby Dick.,,Herman Melville
Ainmnigh cúig mhias íocónach a tháinig ón Iodáil.,,"Pizza Napoletana, Lasagna, Risotto, Tiramisu, Spaghetti alla Carbonara."
Cén airde neasach atá i dTúr Eiffel?,"Is túr laitíse iarainn fhóirthe é Túr Eiffel ar an Champ de Mars i bPáras, an Fhrainc. Tógadh é ó 1887 go 1889 mar bhealach isteach chuig Aonach Domhanda 1889. Tá sé ainmnithe i ndiaidh an innealtóra Gustave Eiffel, ar dhear agus ar thóg a chuideachta an túr. Tá sé 330 méadar (1,083 troigh) ar airde, atá timpeall ar an airde chéanna le foirgneamh 81 stór.","330 méadar (1,083 troigh)"
"Aimsigh an t-aireagóir don mhéid seo a leanas: Teileafón, Vacsaín Phólio.",,"Ba é Alexander Graham Bell a cheap an Teileafón, Jonas Salk an Vacsaín Phólio."
"Aicmigh na comhlachtaí neamhaí seo a leanas ina bPleanéid, ina nGealacha, nó ina bPleanéid Abhlacha: an Domhan, Mars, Plútón, Europa, Ceres, agus Tíotán.",,"Pláinéid: an Domhan, Mars. Gealacha: Europa agus Tíotán. Pláinéid Abhlacha: Plútón agus Ceres."
"Liostaigh príomhchathair gach ceann de na tíortha seo a leanas: an Fhrainc, an tSeapáin, an Astráil, an Bhrasaíl, Ceanada, agus an Éigipt.",,"An Fhrainc: Páras
An tSeapáin: Tóiceo
An Astráil: Canberra
An Astráil: Brasília
Ceanada: Ottawa
An Éigipt: Caireo"
"Bain amach gach ainm ceart tíreolaíoch (cúigí, cathracha, nó gnéithe nádúrtha) agus eagraigh iad i liosta bunaithe ar a dtír nó réigiún comhaimseartha neasach.","Bhí an tImpireacht Rómhánach, a tháinig ón gcathair na Róimhe, i gceannas ar an domhan Meánmhuirigh faoi dheireadh. Shín a críocha ó chóstaí na Breataine (Sasana agus an Bhreatain Bheag sa lá atá inniu ann) san iarthuaisceart, trasna na Gaille (an Fhrainc), agus isteach san Hispeáin (an Spáinn agus an Phortaingéil). San oirthear, bhí an Impireacht i gceannas ar an nGréig, ar an Anatóil (an Tuirc), agus ar thailte torthúla na hÉigipte, a raibh Alasdra mar lárionad aici. Tógadh mórfhiontair bhonneagair i dTuaisceart na hAfraice freisin, go háirithe i gcúigí cosúil leis an Mauréatáin agus an Núimíde (an Ailgéir/an Túinéis). Ba mhinic a bhí an teorainn mhíleata thábhachtach suite feadh aibhneacha na Danóibe agus na Réine, ag déanamh teorann leis an nGearmáin, a d'fhan gan chloí go mór mór.","An Iodáil:
- An Róimh

An Ríocht Aontaithe:
- An Bhriotáin (Sasana agus an Bhreatain Bheag)

An Fhrainc:
- An Ghaill

An Spáinn & An Phortaingéil:
- An Hispeáin

An Ghréig & An Tuirc:
- An Ghréig
- An Anatóil

Tuaisceart na hAfraice (An Éigipt, An Ailgéir, An Túinéis):
- An Éigipt
- Alasdra
- An Mhauréatáin
- An Núimíde

Teorainn na hEorpa Láir:
- Abhainn na Danóibe
- Abhainn na Réine
- An Ghearmáin"
"Cé a thugtar creidiúint dó as an Gréasán Domhanda a chumadh, agus cá raibh sé fostaithe nuair a rinne sé é?","Is córas faisnéise é an Gréasán Domhanda (WWW) ina n-aithnítear cáipéisí agus acmhainní gréasáin eile le Aitheantóirí Acmhainní Aonfhoirmeacha, ar féidir iad a idirnasú le hipirnaisc, agus atá inrochtana ar an Idirlíon. Ba é Tim Berners-Lee, eolaí ríomhaireachta Sasanach, a chum é agus é ag obair ag CERN i 1989. Ceapadh agus forbraíodh an Gréasán ar dtús chun freastal ar an éileamh ar chomhroinnt faisnéise uathoibrithe idir eolaithe in ollscoileanna agus in institiúidí ar fud an domhain.","Ba é Tim Berners-Lee, eolaí ríomhaireachta Sasanach, a chum an Gréasán agus é ag obair ag CERN."
"Cinntigh an bhfuil na comhdhúile seo a leanas ag taispeáint nascáil ianach nó chomhualaigh go príomha, agus sainmhínigh go hachomair saintréithe gach cineáil naisc.","NaCl, CO2, H2O, MgCl2, CH4, LiF","Rangaítear na comhdhúile mar a leanas:

**Naisc Ianacha:** NaCl, MgCl2, LiF
Go hiondúil, tarlaíonn nascáil ianach idir miotal agus neamh-mhiotal. Bíonn aistriú iomlán leictreon luachála i gceist ann ó adamh amháin (an miotal) go dtí an ceann eile (an neamh-mhiotal), as a dtagann foirmiú ian luchtaithe a choinnítear le chéile trí mhealladh leictreastatach.

**Naisc Chomhualaigh:** CO2, H2O, CH4
De ghnáth, tarlaíonn nascáil chomhualach idir dhá neamh-mhiotal. Bíonn comhroinnt leictreon luachála i gceist idir adaimh ann, as a dtagann móilíní cobhsaí."
Cad é príomhfheidhm Líonra Seachadta Ábhair (CDN)?,,"Is grúpa freastalaithe atá dáilte go geografach é Líonra Seachadta Ábhair (CDN) a oibríonn le chéile chun ábhar Idirlín a sheachadadh go tapa. Is í a phríomhfheidhm ná aga folaigh agus amanna luchtaithe a laghdú trí ábhar statach (cosúil le híomhánna, físeáin, agus bileoga stíle) a thaisceadh i 'bhfreastalaithe imeallacha' atá suite níos gaire do na húsáideoirí deiridh. Íoslaghdaíonn sé seo an t-achar fisiceach a chaithfidh na sonraí a thaisteal, ag feabhsú feidhmíochta agus iontaofachta an láithreáin ghréasáin."
"Aithin na neamh-mhiotail go léir atá liostaithe anseo: Iarann, Ocsaigin, Ór, Neon, Copar.",,"Is iad Ocsaigin agus Neon na neamh-mhiotail sa liosta. Déantar Iarann, Ór, agus Copar a aicmiú mar mhiotail."
Cad atá ar intinn agat a dhéanamh don dinnéar anocht?,,Is dóigh liom go mbainfidh mé triail as an t-oideas casta sin don lasáinne sa deireadh. Guigh gach rath orm leis an mbéchamel!
Cén bealach is tapúla chun comhad mór CSV a léamh isteach i dtimpeallacht Python?,,"Cé go bhfuil modúl caighdeánach Python `csv` nó `read_csv()` Pandas coitianta, i gcás comhad móra, is é an modh is tapúla go ginearálta ná úsáid a bhaint as an fheidhm `pandas.read_csv()`, ag uasmhéadú a paraiméadair. Cinntigh go sonraíonn tú `dtype` (más féidir) agus bain úsáid as an bparaiméadar `engine='c'` chun feabhsuithe feidhmíochta a fháil thar an inneall réamhshocraithe Python. Má tá an comhad ollmhór i ndáiríre (go leor GBanna), smaoinigh ar Dask nó PySpark a úsáid."
"Aicmigh na príomhchathracha seo a leanas ina mór-roinne faoi seach: Meiriceá Thuaidh nó an Eoraip: Ottawa, Páras, Cathair Mheicsiceo, Beirlín, an Róimh, Washington D.C., an Liospóin, Kingston, Londain, Vín",,"Cathracha i Meiriceá Thuaidh: Ottawa, Cathair Mheicsiceo, Washington D.C., Kingston
Cathracha san Eoraip: Páras, Beirlín, an Róimh, an Liospóin, Londain, Vín"
"Aicmigh na dúile ceimiceacha soláthraithe ina staid chaighdeánach ag gnáth-theocht an tseomra: Solad, Leacht, nó Gás.","Ocsaigin, Iarann, Mearcair, Bróimín, Nítrigin, Ór, Clóirín, Sóidiam, Héiliam.","Solad: Iarann, Ór, Sóidiam
Leacht: Mearcair, Bróimín
Gás: Ocsaigin, Nítrigin, Clóirín, Héiliam"
An fíor gurb é Balla Mór na Síne an t-aon déanmhas de dhéantús an duine atá infheicthe ón spás?,,"Ní hea, is miotas forleathan agus buan é seo. Is minic a thugann an t-éileamh le tuiscint go bhfuil sé infheicthe ón nGealach, rud atá bréagach ar fad. Ón nGealach, bíonn sé deacair fiú ilchríocha a aithint gan formhéadú, agus tá Balla Mór na Síne róchúng agus leanann sé dathanna nádúrtha na tírdreacha, rud a fhágann nach féidir é a fheiceáil leis an tsúil nocht. Tuairiscíonn spásairí i bhfithis íseal an Domhain (LEO), áit a bhfuil an Stáisiún Spáis Idirnáisiúnta lonnaithe, cé go bhfuil sé deacair an Balla a fheiceáil gan fios a bheith acu cá díreach ba chóir breathnú, go bhfuil go leor gnéithe eile de dhéantús an duine—amhail mórbhealaí, rúidbhealaí aerfoirt, dambaí, agus soilse na mórchathracha san oíche—i bhfad níos infheicthe."
"Cé hé an príomhinnealtóir ar Chanáil Suais, agus cathain a d'osclaíodh an chanáil go hoifigiúil?","Osclaíodh Canáil Suais, a nascann an Mheánmhuir leis an Muir Rua, go hoifigiúil i mí na Samhna 1869. Ba é an Francach Ferdinand de Lesseps a rinne an príomhinnealtóireacht uirthi. Laghdaigh an chanáil go mór an t-am taistil idir an Eoraip agus an Áise trí dheireadh a chur leis an ngá le seoladh timpeall na hAfraice. Tá sí tuairim is 193 km ar fad.","Ba é Ferdinand de Lesseps an príomhinnealtóir, agus d'osclaíodh í go hoifigiúil i mí na Samhna 1869."
Mínigh coincheap an éifeacht cheaptha teasa agus a ról bunúsach i dtiomáint an athraithe aeráide domhanda.,,"Is próiseas fisiceach nádúrtha é an éifeacht cheaptha teasa a théann dromchla agus atmaisféar an Domhain. Tarlaíonn sé nuair a ghabhann gáis áirithe san atmaisféar, ar a dtugtar gáis cheaptha teasa (GCTanna), fuinneamh atá ag radaíocht ón Domhan i dtreo an spáis. Cuirtear tús leis an bpróiseas nuair a shroicheann radaíocht na gréine atmaisféar an Domhain; déanann an dromchla cuid mhór den fhuinneamh seo a ionsú, rud a fhágann go dteasaíonn sé. Ansin radaíonn an dromchla téite seo fuinneamh ar ais i dtreo an spáis i bhfoirm radaíochta infridheirge tonnfhaid níos faide (teas). In ionad pas a fháil go díreach isteach sa spás, déanann GCTanna ar nós dé-ocsaíd charbóin (CO2), meatán (CH4), ocsaíd nítriúil (N2O), agus gal uisce an fuinneamh infridhearg seo a ionsú agus ansin é a astú arís i ngach treo, lena n-áirítear ar ais i dtreo dhromchla an Domhain. Feidhmíonn an t-athrádaíocht seo go héifeachtach cosúil le blaincéad teirmeach, ag gaisteoireacht teasa agus ag cothabháil raon teochta ináitrithe ar an bpláinéad.

Tá ról na héifeachta ceaptha teasa san athrú aeráide comhaimseartha dírithe ar choincheap na héifeachta ceaptha teasa *feabhsaithe*. Cé go bhfuil an próiseas nádúrtha riachtanach don bheatha, tá gníomhaíochtaí daonna—go príomha dó breoslaí iontaise, próisis thionsclaíocha, agus athruithe ar úsáid talún ar nós dífhoraoisiú—tar éis tiúchan GCTanna san atmaisféar a mhéadú go drámatúil le dhá chéad bliain anuas. Mar thoradh ar an tiúchan méadaithe seo tá coinneáil teasa níos mó, ag aimpliú an phróisis téimh nádúrtha agus mar thoradh air sin ardú neamhghnách ar mheánteochtaí domhanda, ar a dtugtar téamh domhanda, arb é príomhthiománaí an athraithe aeráide é."
"Cén fáth a bhfuil sé deacair damhna dorcha a bhrath go díreach, agus conas a bhaineann eolaithe conclúid as a bheith ann?","Is foirm hipitéiseach damhna é an damhna dorcha a mheastar a fhreagraíonn do thart ar 85% den damhna sa chruinne agus thart ar an gceathrú cuid dá dhlús iomlán fuinnimh. Tagraíonn an 'dorcha' don fhíric nach cosúil go n-idirghníomhaíonn sé leis an réimse leictreamaighnéadach, rud a chiallaíonn nach nglacann sé isteach, nach léiríonn sé, ná nach n-astaíonn sé radaíocht leictreamaighnéadach, agus mar sin tá sé go hiomlán dofheicthe ag teileascóip. Ós rud é nach n-idirghníomhaíonn sé go leictreamaighnéadach, tá brath díreach thar a bheith dúshlánach. Baintear conclúid as a bheith ann ó éifeachtaí imtharraingteacha ar dhamhna infheicthe, mar shampla na luasanna ag a rothlaíonn réaltraí (atá ró-ghasta le míniú le damhna infheicthe amháin) agus an bealach a lúbann solas timpeall struchtúr mór cosmach (lionsú imtharraingteach).","Tá sé thar a bheith deacair damhna dorcha a bhrath go díreach toisc nach n-idirghníomhaíonn sé leis an réimse leictreamaighnéadach. Ciallaíonn sé seo nach nglacann sé isteach, nach léiríonn sé, ná nach n-astaíonn sé solas nó radaíocht eile, rud a fhágann go bhfuil sé dofheicthe ag gnáth-teileascóip. Baineann eolaithe conclúid as a bheith ann go hiomlán trína éifeachtaí cumhachtacha imtharraingteacha ar dhamhna infheicthe, ag úsáid fianaise go sonrach cosúil le luasanna rothlaithe réaltraí a breathnaíodh agus feiniméan an lionsaithe imtharraingtigh timpeall ar struchtúir mhóra chosmaí."
"Déan comparáid idir Seirbhísí Gréasáin Amazon (AWS) agus Microsoft Azure do ghnólacht nua anailíse sonraí. Dírigh an chomparáid ar thrí phríomhréimse: difríochtaí samhail praghsála, tairiscintí ríomhaireachta gan freastalaí, agus aibíocht ardáin foghlama inneall bainistithe. Tabhair moladh críochnaithe le bonn cirt don soláthraí néalríomhaireachta ar chóir don ghnólacht tosaithe é a thabhairt mar thosaíocht.",,"**Comparáid idir AWS agus Azure do Ghnólacht Tosaithe Anailíse Sonraí:**

1.  **Difríochtaí Samhail Praghsála:** Úsáideann AWS go hiondúil samhail an-ghránach, íoc-mar-a-úsáidtear é, le pleananna éagsúla coigiltis (Cásanna Curtha in Áirithe, Pleananna Coigiltis) a thairgeann lascainí móra ach a éilíonn tiomantas. Tá Azure cosúil leis seo ach is minic a bhíonn sineirgíocht níos fearr aige do ghnólachtaí tosaithe atá infheistithe cheana féin i gceadúnais Microsoft (trí Sochar Hibrideach Azure). Cuireann Azure go mór chun cinn freisin a struchtúr Comhaontaithe Fiontair (EA), rud a d'fhéadfadh billeáil a shimpliú le haghaidh tiomantais níos mó, cé nach bhféadfadh gnólacht tosaithe cáiliú ar dtús. Is minic a sholáthraíonn AWS roghanna níos práinní, níos éifeachtaí ó thaobh costais de le haghaidh úsáid an-sainiúil, ar scála beag.

2.  **Tairiscintí Ríomhaireachta Gan Freastalaí:** Tá AWS Lambda chun tosaigh sa mhargadh, ag tairiscint comhtháthú domhain trasna beagnach gach seirbhís AWS, éiceachóras ollmhór, agus tacaíocht do iliomad timpeallachtaí rite. Tá sé oiriúnach d’earraí píolótacha próiseála sonraí atá á dtiomáint ag imeachtaí. Tá Cumais Azure (Azure Functions) an-ábalta freisin, go háirithe d’fhoirne atá go mór i .NET/C#, ag tairiscint comhtháthú forbartha den scoth le Visual Studio. Cé go bhfuil an dá cheann aibí, is gnách go dtugann AWS Lambda solúbthacht níos mó agus bonn tacaíochta tríú páirtí níos leithne le haghaidh tascanna anailíse casta, ard-tréchur.

3.  **Aibíocht Ardáin Foghlama Inneall Bainistithe:** D’fhéadfaí a rá gurb é AWS SageMaker an t-ardán ML foirceann-le-foirceann is cuimsithí agus is aibí, ag tairiscint timpeallachtaí nótaí, algartaim ionsuite, críochphointí óstála láidre, agus uirlisí lipéadaithe sonraí. Tá Stiúideo Foghlama Inneall Azure (Azure ML) láidir, ag cur béime ar MLOps (Oibríochtaí Foghlama Inneall) agus rialachas de ghrád fiontair, is minic a bhíonn sé níos fearr oiriúnach do thionscail rialaithe nó d'fhoirne a thugann tosaíocht do chomhtháthú DevOps. Maidir le gnólacht tosaithe atá dírithe go hiomlán ar shamhlacha anailíse ceannródaíocha a fhorbairt go tapa, is minic a sholáthraíonn SageMaker cuar foghlama níos géire ach cumas imlonnaithe níos tapúla.

**Moladh:**
Ba chóir don ghnólacht tosaithe tosaíocht a thabhairt do **Sheirbhísí Gréasáin Amazon (AWS)**. Cé go dtugann Azure comhtháthú láidir fiontair, tá an buntáiste aibíochta ag AWS faoi láthair sna réimsí sonracha atá ríthábhachtach do ghnólacht tosaithe anailíse sonraí: solúbthacht agus scála Lambda le haghaidh ETL/próiseála, agus an tsraith chuimsitheach gnéithe de SageMaker le haghaidh forbairt agus táirgeadh samhlacha."
Aicmigh na teangacha cláir seo a leanas bunaithe ar a bpríomhshamhail feidhmithe: Tiomsaithe nó Idirphréitithe. Liostaigh iad faoin gceannlíne chuí.,"C++, Python, Java, JavaScript, Rust, Ruby, C#, PHP","Teangacha Tiomsaithe:
- C++
- Java
- Rust
- C#

Teangacha Idirphréitithe:
- Python
- JavaScript
- Ruby
- PHP"
Cad iad na trí phríomhchineál seirbhísí néalríomhaireachta,,"Bonneagar mar Sheirbhís (IaaS), Ardán mar Sheirbhís (PaaS), agus Bogearraí mar Sheirbhís (SaaS)."
"Bunaithe ar na sonraí a soláthraíodh, cén pláinéad a bhfuil an trastomhas is mó aige?","Achoimre Sonraí Pláinéid:
Mearcair: Trastomhas 4,880 km, Fithis 88 laethanta.
Véineas: Trastomhas 12,104 km, Fithis 225 laethanta.
An Domhan: Trastomhas 12,742 km, Fithis 365 laethanta.
Mars: Trastomhas 6,779 km, Fithis 687 laethanta.
Iúpatar: Trastomhas 142,984 km, Fithis 12 blianta.
Satarn: Trastomhas 120,536 km, Fithis 29 blianta.
Úránas: Trastomhas 51,118 km, Fithis 84 blianta.
Neiptiún: Trastomhas 49,528 km, Fithis 165 blianta.","Tá an trastomhas is mó ag Iúpatar, ag 142,984 km."
"Cé a aithnítear go coitianta as an teileafón a chumadh, in ainneoin díospóidí stairiúla?","Is minic a thugtar creidiúint d'Alexander Graham Bell as an teileafón a chumadh. Mar sin féin, tugann go leor cuntas stairiúil le fios gur dhear agus gur léirigh Elisha Gray an chéad gaireas praiticiúil chun guth an duine a tharchur go leictreach. Cuireadh rabhaidh paitinne Gray isteach cúpla uair an chloig tar éis iarratas paitinne Bell ar an 14 Feabhra, 1876, rud a spreag ceann de na cathanna dlí is cáiliúla i stair Mheiriceá. Faoi dheireadh, fuair Bell an phaitinn, ach tá nádúr fíor na tosaíochta fós faoi dhíospóid.",Alexander Graham Bell
Mínigh cad is API ann agus conas a fheidhmíonn sé.,,"Is sraith rialacha sainithe é API (Comhéadan Clárúcháin Feidhmchláir) a ligeann do chomhpháirteanna bogearraí éagsúla cumarsáid a dhéanamh lena chéile. Feidhmíonn sé mar idirghabhálaí, ag sainiú na modhanna agus na formáidí sonraí ar féidir le feidhmchláir iad a úsáid chun faisnéis a iarraidh agus a mhalartú, agus is minic a úsáidtear é chun rochtain a fháil ar ghnéithe nó sonraí ar leith ó fhreastalaí."
Cad é an nós imeachta ceart agus is sábháilte chun ceallraí gluaisteáin marbh a thosú le cáblaí geansaithe?,,"Ar dtús, cinntigh go bhfuil an dá fheithicil múchta, i bPáirc nó i Neodrach, agus nach bhfuil siad ag baint lena chéile. Deimhnigh go bhfuil an voltas céanna ag an dá cheallraí (12 volta de ghnáth). 

**Seicheamh Ceangail:**
1. **Dearg go Dearfach Marbh:** Ceangail teanntán amháin dearg (dearfach, +) le teirminéal dearfach na ceallraí marbha.
2. **Dearg go Dearfach Beo:** Ceangail an teanntán dearg eile (dearfach, +) le teirminéal dearfach na ceallraí oibre (beo).
3. **Dubh go Diúltach Beo:** Ceangail teanntán amháin dubh (diúltach, -) le teirminéal diúltach na ceallraí oibre (beo).
4. **Dubh go Talmhú:** Ceangail an teanntán dubh atá fágtha (diúltach, -) le dromchla mór miotail gan phéint (cosúil le bolta innill nó fráma fonnadh) ar an gcarr *marbh*, i bhfad ón gceallraí agus ó na línte breosla. Cuireann an chéim talmhaithe seo cosc ar spréacha gar do gháis cheallraí a d’fhéadfadh a bheith pléascach.

**Nós Imeachta Tosaithe:**
5. **Tosaigh an Carr Beo:** Tosaigh an fheithicil leis an gceallraí mhaith agus lig di rith ar feadh 3 go 5 nóiméad chun lucht a aistriú.
6. **Tosaigh an Carr Marbh:** Déan iarracht an carr marbh a thosú. Má thosaíonn sé, lig don dá charr rith ar feadh roinnt nóiméad sula ndínascann tú na cáblaí.

**Seicheamh Dínasctha (Ordú Droim ar Ais):**
7. Dínasc na cáblaí san ordú droim ar ais cruinn den nasc:
    a. Teanntán dubh ón dromchla miotail talmhaithe (carr marbh).
    b. Teanntán dubh ón teirminéal diúltach (carr beo).
    c. Teanntán dearg ón teirminéal dearfach (carr beo).
    d. Teanntán dearg ón teirminéal dearfach (carr marbh)."
"Bunaithe ar an téacs seo, ainmnigh an dá chathair Rómhánacha a scrios brúchtadh 79 AD, aithin an duine a rinne an tubaiste a dhoiciméadú ar dtús, agus luaigh cár cailleadh a ghaol.","Scrios brúchtadh tubaisteach Shliabh Vesuvius sa bhliain 79 AD cathracha Rómhánacha Pompeii agus Herculaneum. Glactar leis go ginearálta gur thosaigh an brúchtadh timpeall meán lae ar an 24 Lúnasa, ag clúdach an réigiúin máguaird le luaithreach agus cloch éadrom ar feadh dhá lá. Mar sin féin, tugann fianaise seandálaíochta le déanaí le fios gur dócha gur tharla an brúchtadh níos déanaí, b’fhéidir i mí Dheireadh Fómhair nó Samhna. Ba é Pliny Óg a rinne an doiciméadú ar an scrios ar dtús, a chonaic an eachtra ó fhad agus a fuair a uncail, Pliny Mór, bás ag iarraidh misean tarrthála a dhéanamh in aice le Bá Napoli.","Scrios an brúchtadh cathracha Pompeii agus Herculaneum. Ba é Pliny Óg a rinne an doiciméadú air, a fuair a uncail, Pliny Mór, bás in aice le Bá Napoli."
"De réir an téacs, cathain a tháinig ródaire Perseverance i dtír ar Mhars?","Tháinig ródaire Perseverance de chuid NASA i dtír ar Mhars ar an 18 Feabhra 2021, i gCráitéar Jezero. Is é a phríomh-mhisean ná comharthaí de shaol miocróbach ársa a lorg agus samplaí carraigeacha agus ithreach a bhailiú le go bhfillfear ar an Domhan leo sa deireadh. Tá héileacaptar darb ainm Ingenuity á iompar ag an ródaire, a léirigh an chéad eitilt chumhachtaithe ar phláinéad eile in Aibreán 2021.","Tháinig ródaire Perseverance i dtír ar Mhars ar an 18 Feabhra, 2021."
"Agus an sliocht tugtha á úsáid, aithin an dáta ar fhill criú Apollo 11 go rathúil ar an Domhan.","Ba é Apollo 11 an spás-eitilt Meiriceánach a thug daoine ar an nGealach den chéad uair. Thuirling an Ceannasaí Neil Armstrong agus an píolóta modúil gealaí Buzz Aldrin an Modúl Gealaí Apollo Eagle ar an 20 Iúil, 1969, ag 20:17 UTC. Ba é Armstrong an chéad duine a sheas ar dhromchla na gealaí sé huaire agus 39 nóiméad ina dhiaidh sin, ar an 21 Iúil ag 02:56 UTC; Tháinig Aldrin isteach leis 19 nóiméad ina dhiaidh sin. Chaith siad thart ar dhá uair an chloig agus ceathrú lasmuigh den spásárthach. Phíolóta an tríú ball den mhisean, Michael Collins, an modúl ceannais Columbia ina aonar i bhfithis na gealaí fad a bhí siad ar an dromchla. Seoladh Apollo 11 le roicéad Saturn V ó Chomhthionól Seolta 39A ag an Ionad Spáis Kennedy ar an 16 Iúil, 1969. D'fhill an criú ar an Domhan, ag tuirlingt go sábháilte san Aigéan Ciúin, ar an 24 Iúil, 1969.","D'fhill criú Apollo 11 ar an Domhan ar an 24 Iúil, 1969."
Mínigh cad is VPN ann agus cén fáth a mbainfeadh duine úsáid as ceann.,,"Cruthaíonn VPN, nó Líonra Príobháideach Fíorúil, nasc slán, criptithe thar líonra poiblí, an t-idirlíon de ghnáth. Úsáideann daoine iad go príomha chun a bpríobháideachas sonraí a chinntiú, a suíomh geografach a cheilt, agus rochtain slán a fháil ar líonraí inmheánacha go cianda."
"Tiontaigh an liosta seo a leanas de thascanna tionscadail go sraith JSON struchtúrtha. Ní mór na heochracha ""TaskID"", ""Name"", agus ""Status"" a bheith san áireamh i ngach réad.",Tascanna Tionscadal Alpha: TSK-001: Bunachar sonraí a thionscnamh (Stádas: Críochnaithe). TSK-002: Frámaí sreinge Chomhéadan Úsáideora a dhearadh (Stádas: Ar Siúl). TSK-003: Doiciméadú API a scríobh (Stádas: Ar Feitheamh). TSK-004: Straitéis mhargaíochta a thabhairt chun críche (Stádas: Blocáilte).,"
[
  {
    ""TaskID"": ""TSK-001"",
    ""Name"": ""Bunachar sonraí a thionscnamh"",
    ""Status"": ""Críochnaithe""
  },
  {
    ""TaskID"": ""TSK-002"",
    ""Name"": ""Frámaí sreinge Chomhéadan Úsáideora a dhearadh"",
    ""Status"": ""Ar Siúl""
  },
  {
    ""TaskID"": ""TSK-003"",
    ""Name"": ""Doiciméadú API a scríobh"",
    ""Status"": ""Ar Feitheamh""
  },
  {
    ""TaskID"": ""TSK-004"",
    ""Name"": ""Straitéis mhargaíochta a thabhairt chun críche"",
    ""Status"": ""Blocáilte""
  }
]
"
Cén chaoi ar cheart dom cinneadh a dhéanamh cén cineál planda trátaí ba chóir dom a fhás i ngairdín beag coimeádáin?,,"Agus trátaí á roghnú agat do choimeádáin bheaga, is iad na príomhfhachtóirí ná nós fáis an phlanda agus méid an choimeádáin. Dírigh ar chineálacha cinnte nó 'tor', mar go stopann siad seo ag fás ag airde inbhainistithe (3–4 troigh de ghnáth) agus níl gá acu le trom-tholltán. Seachain cineálacha neamhchinntithe nó 'fíniúna', a fhásann go leanúnach. Tá cineálacha abhaic, a mhargaítear go minic mar thrátaí 'patio' nó 'micrea-abhaic', oiriúnach. Go ginearálta, éiríonn go maith le cineálacha trátaí silíní, cosúil le 'Tiny Tim' nó 'Husky Red,' i méideanna níos lú ithreach agus tugann siad toradh ard."
"Déan cur síos ar na príomhbhearta a bhaineann le lainseáil roicéad fithiseach in-athúsáidte, amhail an Falcon 9 de chuid SpaceX.",,"Baineann seicheamh lainseála do roicéad in-athúsáidte dhá chéim cosúil leis an Falcon 9 le roinnt céimeanna criticiúla, seicheamhacha, a chuimsíonn ardú an ualaigh phá agus filleadh an teanndáileora.

**1. Réamhlainseáil agus Éirí (T-0):**
   *   Déantar na naoi n-inneall Merlin a adhaint go gairid roimh T-0 (Scaoilteán Coinnimh Dúin). Nuair a dheimhnítear an sá a bheith cobhsaí, scaoiltear an fheithicil ó na teanntáin lainseála agus tosaíonn sí ar a hardú ingearach.

**2. Ardú na Céime Tosaigh agus MECO:**
   *   Iompraíonn an teanndáileoir an roicéad tríd an gcuid is dlúithe den atmaisféar. Bogann an fithis síos raon, ag tógáil luais. Thart ar 2 nóiméad agus 30 soicind san eitilt, déanann an teanndáileoir MECO (Gearradh Amach an Phríomhinneall), tar éis dó beagnach a thiomántán ar fad a úsáid.

**3. Scaradh Céime agus Adhnadh na Dara Céime (SECO-1):**
   *   Scarann brúiteoirí neomatacha an teanndáileoir céime tosaigh ón idirchéim (an t-oiriúnóir a nascann an dá chéim). Adhnaíonn an dara céim, faoi thiomáint ag inneall aonair Merlin atá optamaithe le haghaidh folúis, chun leanúint ar aghaidh ag brú an ualaigh phá i dtreo luais fithisigh.

**4. Seicheamh Filleadh na Céime Tosaigh (Adhaint Cúlaithe agus Iontráil):**
   *   **Adhaint Cúlaithe:** Casann an chéad chéim 180 céim ag úsáid tiomántóirí gáis fhuar agus adhnaíonn sí trí cinn dá hinneall arís (Adhaint Cúlaithe) chun a móiminteam a aisiompú, á seoladh ar ais i dtreo an láithreáin lainseála nó an tsoithigh dróin.
   *   **Adhaint Iontrála:** De réir mar a athiontrálann an chéim an t-atmaisféar uachtarach, déantar gearradh amach gearr (trí inneall de ghnáth) chun an teanndáileoir a mhoilliú agus an téamh a laghdú sula dtagann sé ar aer dlúth.

**5. Ionsá Fithiseach na Dara Céime:**
   *   Leanann an dara céim lena hadhaint, ag cur an ualaigh phá (m.sh., satailítí) i bhfithis pháirceála réamhráiteach (SECO-1). Féadfaidh sé adhaint iardain (SECO-2) a dhéanamh nóiméid nó uaireanta an chloig ina dhiaidh sin chun an fhithis a choigeartú sula ndéanfar an t-ualach pá a imscaradh.

**6. Adhaint Tuirlingthe agus Teagmháil Talún:**
   *   Imscartar an chéad chéim atá ag filleadh a cosa tuirlingthe agus déanann sí Adhaint Tuirlingthe deiridh, ardchruinneas ag baint úsáide as inneall lárnach aonair. Déanann an t-inneall tachtadh domhain chun luas an teanndáileora a thabhairt go nialas go beacht ag an nóiméad a mbuaileann sé an talamh sa chrios tuirlingthe ainmnithe."
Mínigh coincheap na teicneolaíochta blockchain do thosaitheoir.,,"Samhlaigh blockchain mar leabhar mór poiblí digiteach, cosúil le scarbhileog a dhúbláiltear agus a dháileadh thar líonra mór córas ríomhaireachta ar fud an domhain. Is é an rud ríthábhachtach ná nach bhfuil úinéireacht ná smacht ag aon duine ná eintiteas amháin ar an leabhar mór seo. 

Seo mar a oibríonn sé:

### 1. Bloic
Is éard atá i 'bhloc' ná pacáiste faisnéise digití. Tá trí phríomh-rud i ngach bloc:
*   **Sonraí Idirbheart:** Sonraíocht an idirbhirt (cé, cad, cathain, méid).
*   **Nonce (Uimhir Neamhúsáidte):** Uimhir randamach a úsáidtear chun an hais a ghiniúint.
*   **Hais Chripteagrafach:** Cód uathúil, fad seasta a aithníonn an bloc agus a bhfuil ann. Smaoinigh air mar mhéarlorg digiteach an bhloic. Má athraíonn na sonraí laistigh den bhloc fiú beagán, athraíonn an hais go hiomlán.

### 2. An Slabhra
Nuair a bhíonn bloc críochnaithe, nasctar é leis an mbloc a cuireadh leis roimhe sin, ag cruthú 'slabhra.' Tarlaíonn an nasc seo toisc go bhfuil hais chripteagrafach an bhloic *roimhe sin* sa bhloc nua. Cruthaíonn sé seo seicheamh sonraí slán, croineolaíoch.

### 3. Díláraithe
In ionad é a bheith stóráilte ar fhreastalaí lárnach amháin (cosúil le bunachar sonraí bainc), déantar an slabhra iomlán a chóipeáil agus a dháileadh thar na mílte ríomhairí, ar a dtugtar 'nóid.' Chun go nglacfar le bloc nua agus chun go gcuirfear leis an slabhra é, caithfidh tromlach na nóid a fhíorú agus a aontú go bhfuil an t-idirbheart dlisteanach. Déanann an meicníocht chomhdhearcadh seo an córas trédhearcach agus thar a bheith athléimneach ar theip nó ar chur isteach, mar nach bhfuil aon phointe laige aonair ann.

### 4. Dodhealaitheacht (Slándáil)
Tagann slándáil an blockchain óna struchtúr. Toisc go dtagraíonn gach bloc nua do hais an bhloic roimhe, bheadh gá le hais an bhloic sin a athríomh *agus* haiseanna gach bloc ina dhiaidh sin sa slabhra a athríomh—go léir ag an am céanna thar thromlach an líonra dhíláraithe—chun cur isteach ar shean-idirbheart. Mar gheall ar an leibhéal seo d’iarracht ríomhaireachtúil, tá sé beagnach dodhéanta taifid san am atá caite a athrú."
Cén fáth ar tugadh Nua-Amstardam ar Chathair Nua-Eabhrac ar dtús?,,"Bunaíodh Cathair Nua-Eabhrac ar dtús mar lonnaíocht ag Cuideachta Dhiamhair na hÍsiltíre Thiar i 1625 agus tugadh Nua-Amstardam (Nieuw-Amsterdam) uirthi. Thug an t-ainm seo ómós d'Amstardam, an chathair is mó agus príomhchathair na hÍsiltíre, mar gur fheidhmigh an lonnaíocht mar phríomhchathair choilíneacht Ollannach na hÍsiltíre Nua. Sa bhliain 1664, ghlac na Sasanaigh smacht ar an gceantar le linn an Dara Cogadh Angla-Ollannach agus d'athraigh siad ainm na cathrach agus na críche máguaird go 'New York' in ómós Diúc Eabhrac (an Rí Séamas II Shasana amach anseo)."
Mínigh an ról ríthábhachtach a bhíonn ag beacha agus ag pailneoirí eile i gcothabháil na slándála bia domhanda. Cinntigh go gclúdaíonn an míniú saincheisteanna an mhonashaothraithe agus an tionchar eacnamaíoch.,,"Tá pailneoirí, go háirithe beacha meala agus beacha dúchasacha, ríthábhachtach d’atáirgeadh os cionn 75% de phlandaí bláthanna an domhain agus tuairim is an tríú cuid de bharra bia domhanda. Gan a ngníomhaíocht, thitfeadh toradh torthaí, glasraí, cnónna, agus barra síl ríthábhachtacha, ag bagairt go mór ar shlándáil bia agus ag cur isteach ar an éagsúlacht chothaitheach. Cuireann cleachtais feirmeoireachta tionsclaíche, go háirithe an monashaothrú forleathan, leis an bhfadhb trí fhoráiste nádúrtha agus an bhithéagsúlacht a laghdú, rud a fhágann go bhfuil barra stáplacha ró-spleách ar choirceoga bainistithe a iompraítear isteach le trucailí. Go heacnamaíoch, cuireann an tsaothair bhitheolaíoch fíor-riachtanach seo na billiúin dollar go bliantúil leis an earnáil talmhaíochta dhomhanda, ag cur béime ar an stádas do-ionadaithe atá acu i dtáirgeadh bia."
Cé hé an laoch Rómhánach a mharaigh an Míonótár ag úsáid liathróid snáithe a chuir an bandraoi Circe ar fáil dó?,,"Ba é Teiséas an laoch, bunlaoch miotaseolaíoch Gréagach na hAithne. Chuaigh sé tríd an Saotharlann agus mharaigh sé an Míonótár, ag úsáid na liathróide snáithe (nó an leid) a thug Ariadne dó, iníon an Rí Mionós, chun a bhealach a fháil amach arís."
"Aicmigh na créatúir seo a leanas mar Mhamaigh nó Reiptíl: Platypus, Iguana.",,"Is Mamaigh an Platypus, agus is Reiptíl an tIguana."
Liostaigh ceithre phríomh-theach Scoil Hogwarts de Gheasaíocht agus Asarlaíocht.,,"- Gryffindor
- Hufflepuff
- Ravenclaw
- Slytherin"
Mínigh na céimeanna is gá chun bonn réidh a athrú go sábháilte ar sedan caighdeánach.,,"1. Páirceáil ar thalamh cothrom agus tarraing an coscán láimhe. 2. Cas ar na soilse guaise agus cuir triantáin fhrithchaiteacha suas má tá siad ar fáil. 3. Aimsigh an bonn spártha, an t-ardaitheoir, agus an eochair chnó boinn. 4. Scaoil na cnónna boinn beagán (ná bain díobh go fóill). 5. Cuir an t-ardaitheoir faoi fhráma an ghluaisteáin agus ardaigh an fheithicil go dtí go bhfuil an bonn réidh glan ón talamh. 6. Bain na cnónna boinn go hiomlán agus tóg an bonn réidh de. 7. Cuir an bonn spártha suas agus déan na cnónna boinn a theannadh de láimh. 8. Ísligh an fheithicil. 9. Teann na cnónna boinn go hiomlán i bpatrún réalta. 10. Cuir do threalamh i dtaisce agus seiceáil brú an bhoinn spártha láithreach."
Tabhair sainmhíniú gonta ar an gcoincheap seo a leanas.,Fite Fuaite Candamach,"Feiniméan fisiceach ina n-éiríonn dhá cháithnín nó níos mó ceangailte ar an gcaoi is go gcuireann tomhas ar airí amháin isteach láithreach bonn ar airíonna na gcáithníní eile, beag beann ar an achar eatarthu."
"Cé a gcreidtear leis an chéad fhionnachtain ar an bpeinicillin, agus cén bhliain?","Is grúpa antaibheathach é an Peinicillin, arna ghiorrú go minic mar PCN, a díorthaíodh ar dtús ó mhúnlaí *Penicillium*, go háirithe *P. chrysogenum* agus *P. notatum*. Cuirtear fionnachtain an pheinicillin i leith an eolaí-lia Albanach Alexander Fleming sa bhliain 1928, agus é ag obair in Ospidéal Naomh Muire i Londain. Rinne Howard Florey agus Ernst Chain olltáirgeadh agus trialacha cliniciúla rathúla níos déanaí go luath sna 1940idí.",Cuirtear fionnachtain an pheinicillin i leith an eolaí-lia Albanach Alexander Fleming sa bhliain 1928.
Mínigh an príomhdhifríocht idir dúpholl agus tollpholl.,,"Is réigiún den spás-am é dúpholl a léiríonn éifeachtaí chomh láidre imtharraingthe sin nach féidir le haon rud—fiú cáithníní ná radaíocht leictreamaighnéadach ar nós solais—éalú óna taobh istigh. Os a choinne sin, is struchtúr hipitéiseach é tollpholl a nascann pointí scaipthe sa spás-am, ag feidhmiú mar aicearra tríd an gcruinne."
Gin liosta uimhrithe de chúig chréatúr mhiotasacha cháiliúla a bhfuil clú orthu as stór a chosaint.,,"1. Dragún
2. Gabhar Éin
3. Spincse
4. Fafnir
5. Coileachán"
Mínigh coincheap an phoill dhubh.,,"Is réigiún den spás-am é poll dubh ina bhfuil an imtharraingt chomh láidir sin nach féidir le haon rud—solas ná tonnta leictreamhaighnéadacha eile san áireamh—éalú uaidh. Cruthaítear é nuair a thiteann réalta ollmhór faoina himtharraingt féin ag deireadh a saolré. Tugtar an léaslíne teagmhais ar an teorainn a shainíonn an réigiún nach féidir éalú uaidh. Cé go mbíonn tionchar as cuimse ag an léaslíne teagmhais ar chinniúint agus ar imthosca réada atá á thrasnú, níl aon ghnéithe inbhraite go háitiúil aige. Ag lár an phoill dhubh tá singilteacht imtharraingteach, pointe ina bhfuil an dlús éigríoch."
Déan achoimre ar phríomhphrionsabail Theoiric na gCill.,"Tá Teoiric na gCill ar cheann de na bunchreidimh bhunúsacha sa bhitheolaíocht nua-aimseartha, a cuireadh i leith obair Matthias Schleiden agus Theodor Schwann go príomha i lár an 19ú haois, le breiseanna níos déanaí ó Rudolf Virchow. Bhunaigh an teoiric tosaigh dhá phríomhphrionsabal: ar an gcéad dul síos, go bhfuil gach orgánach beo comhdhéanta de chill amháin nó níos mó, agus sa dara háit, gurb í an chill an t-aonad bunúsach struchtúrach agus eagraíochtúil den bheatha. Cuireadh tríú prionsabal ríthábhachtach leis níos déanaí ag Virchow: go dtagann gach cill ó chealla a bhí ann cheana (omnis cellula e cellula). Chuir an tríú pointe seo coincheap na giniúna spontáineacha ar ceal go díreach. Thairis sin, cuimsíonn Teoiric na gCill na smaointe freisin go dtarchuirtear faisnéis oidhreachtúil ó chill go cill le linn cilldeighilte, agus go dtarlaíonn sreabhadh fuinnimh (meitibileacht agus bithcheimic) laistigh de chealla.",Seo iad na trí bhunchreideamh a nglactar leo go huilíoch i dTeoiric na gCill: 1) Tá gach orgánach beo comhdhéanta de chill amháin nó níos mó; 2) Is í an chill an t-aonad bunúsach struchtúir agus eagraíochta in orgánaigh; agus 3) Tagann gach cill ó chealla a bhí ann cheana. Aithníonn an teoiric freisin go bhfuil faisnéis oidhreachtúil iontu a tharchuirtear le linn cilldeighilte agus gurb iad láthair na ngníomhaíochtaí meitibileacha iad.
"De réir an téacs, cad é príomhfheidhm an hipeacampais?","Is orgán thar a bheith casta é an inchinn dhaonna. Tá an cheirbream, an chuid is mó den inchinn, freagrach as feidhmeanna níos airde cosúil le smaoineamh agus gníomh. Go domhain laistigh den mhaothán ama, tá an hipeacampas suite, ar príomhchuid d'inchinn daoine agus veirteabraigh eile é. Is é a phríomhról ná cuimhní nua a bhaineann le himeachtaí a taithíodh (cuimhne eipeasóideach) a chruthú, chomh maith le nascleanúint spásúil. Féadann damáiste don hipeacampas cur go mór isteach ar an gcumas cuimhní fadtéarmacha nua a chruthú. Comhordaíonn an ceireibeall, atá suite faoin cheirbream, gluaiseachtaí deonacha cosúil le staidiúir, cothromaíocht, comhordú, agus urlabhra, rud a mbíonn gníomhaíocht mhatánach réidh chothromaithe mar thoradh air.","Is é príomhról an hipeacampais ná cuimhní nua a bhaineann le himeachtaí a taithíodh (cuimhne eipeasóideach) a chruthú, chomh maith le nascleanúint spásúil."
Déan anailís ar na príomhrioscaí eiticiúla a bhaineann le hIntleacht Shaorga Ghiniúnach (go sonrach Múnlaí Móra Teanga) a úsáid le haghaidh measarthacht uathoibrithe ábhair ar mhórfhóram meán sóisialta. Mol trí straitéis mhaolaithe ar leith a dhéanann cothromaíocht idir éifeachtúlacht agus cearta úsáideoirí.,,"Cruthaíonn imscaradh Múnlaí Móra Teanga (MMTanna) le haghaidh measarthacht uathoibrithe ábhair roinnt rioscaí eiticiúla suntasacha, a dhíríonn go príomha ar chothroime, trédhearcacht, agus saoirse cainte.

**Rioscaí Eiticiúla:**

1.  **Aimplitiú Claonta agus Tionchar Éagsúil:** Déantar MMTanna a oiliúint ar thacair shonraí ollmhóra a léiríonn go minic claontaí sochaíocha (ciníocha, inscne, polaitiúla). Má fhoghlaimíonn an tsamhail measarthachta na claontaí seo, d'fhéadfadh sé díriú go díréireach ar ábhar nó ar phatrúin chaint grúpaí imeallaithe, rud a fhágann go mbaintear ábhar go héagórach nó go ndéantar 'shadow banning' a chuireann le hidirdhealú córasach.
2.  **Easpa Inmhínitheachta agus Trédhearcachta:** Is minic gur 'boscaí dubha' iad cinntí Intleachta Saorga. Nuair a bhaintear ábhar, is annamh a thugtar cúis shoiléir, shonrach agus intuigthe do dhaoine d’úsáideoirí seachas sárú beartais cineálach. Baineann an easpa trédhearcachta seo an bonn de mhuinín úsáideoirí agus déanann sé an próiseas achomhairc dúshlánach, ag sárú bunionchais próisis chuí.
3.  **Ró-mheasarthacht agus an Éifeacht Fhuaraithe:** D’fhéadfadh deacracht a bheith ag MMTanna an-íogaire nó ionsaitheacha le comhthéacs, aoir, nó tráchtaireacht pholaitiúil nua. Is féidir go dtiocfadh baint cainte neamhdhíobhálaí nó dlisteanach as uathoibriú ionsaitheach, rud a chruthódh 'éifeacht fhuaraithe' ina ndéanann úsáideoirí féin-chinsireacht ar eagla pionóis threallach, rud a chuireann teorainn le saoirse cainte agus le dioscúrsa poiblí dá bharr.

**Straitéisí Maolaithe:**

1.  **Duine Éigeantach sa Lúb le haghaidh Gníomhartha Ard-Déine:** Ní mór go mbeadh athbhreithniú daonna éigeantach (córas duine sa lúb) ag teastáil roimh fhorghníomhú gach cinneadh measarthachta uathoibrithe as a dtagann toirmisc chuntais bhuan, srianta déine ábhair, nó baint ábhair ardphróifíle/iriseoireachta. Coinníonn an straitéis seo éifeachtúlacht i gcásanna sárú soiléir íseal-riosca agus ag an am céanna cosnaíonn sí cearta úsáideoirí i gcásanna débhríocha nó criticiúla.
2.  **Tástáil Fhrithbheartaíoch agus Iniúchadh ar Thionchar Éagsúil:** Ní mór do na fóraim dul i mbun iniúchtaí eiticiúla rialta, tríú páirtí, agus tástála frithbheartaíoch a dhíríonn go sonrach ar an tionchar déimeagrafach. Baineann sé seo le tacair shonraí tástála a chruthú atá deartha chun claonadh algartamach a nochtadh (m.sh., ábhar comhionann a chur isteach atá frámaithe ag féiniúlachtaí nó teangacha toimhdithe éagsúla) agus meáchan na samhla a choigeartú chun a chinntiú go gcuirtear an mheasarthacht i bhfeidhm go comhsheasmhach ar fud ghrúpaí úsáideoirí.
3.  **Trédhearcacht Fheabhsaithe agus Prótacal Achomhairc Luathaithe:** Ní mór don fhóram aistriú ó fhógraí cineálacha sáraithe go cóid réasúnaíochta shonracha, chaighdeánaithe a léiríonn go soiléir cén chuid den bheartas a sáraíodh agus *cén fáth* ar chuir an MMT bratach ar an ábhar. Ina theannta sin, cuireann cur i bhfeidhm próisis achomhairc inmheánach luathaithe, trédhearcach, agus ceangailteach le haghaidh ábhar arna mheasarthú ag IS (a ráthaíonn toradh athbhreithnithe dhaonna laistigh de 48 uair an chloig) gníomhaireacht agus muinín an úsáideora ar ais."
Cad iad úsáidí praiticiúla teaghlaigh don sóid aráin seachas bácáil?,,"Is féidir sóid aráin a úsáid mar dhíbholaígh (sa chuisneoir nó sna bróga), mar ghlantóir scríobach mín doirteal, mar dhíbhlocálaí draenála measctha le fínéagar, agus mar theanndáileog níocháin."
Cathain a tharla an t-aistriú oifigiúil trí Chanáil Phanama?,"Bhí tógáil Chanáil Phanama ar cheann de na tionscadail innealtóireachta is deacra a cuireadh i gcrích riamh. Theip ar na hiarrachtaí tosaigh ag an bhFrainc mar gheall ar ghalar agus fadhbanna airgeadais. Ghlac Stáit Aontaithe Mheiriceá an tionscadal ar láimh i 1904. Cé gur dhéan an SS Ancon an t-aistriú oifigiúil ar an 15 Lúnasa, 1914, ag nascadh na n-aigéan Atlantach agus Ciúin, bhí soithí níos lú tar éis codanna den uiscebhealach a úsáid roimh an dáta sin. Tharla oscailt fhoirmiúil na canálach beagnach go díreach ag an am céanna le tús an Chéad Chogadh Domhanda san Eoraip.","Tharla an t-aistriú oifigiúil trí Chanáil Phanama ar an 15 Lúnasa, 1914, ag an SS Ancon."
Mínigh an teicneolaíocht atá taobh thiar de ghléasanna sláintíochta solais UV-C agus cé chomh héifeachtach is atá siad i gcoinne víreas agus baictéar.,,"Is raon sonrach de sholas ultraivialait (100–280 nanaiméadar) é solas UV-C atá frithmhiocróbach. Oibríonn sé trí dhul isteach i mballa cille nó i gcapsúl víreasach na miocrorgánach. Nuair a bhíonn sé istigh, ionsúnn an DNA nó an RNA an radaíocht UV-C, rud a fhágann go dtagann na bunanna aigéid núicléasacha (cosúil le tíimín) le chéile go neamhghnách, ag cruthú déimear. Cuireann an déimearú seo cosc ar ábhar géiniteach an orgánaigh atáirgeadh, rud a dhéanann an miocrób a dhíghníomhachtú go héifeachtach agus a chuireann cosc air ionfhabhtú a chur faoi deara. Tá sláintíocht UV-C an-éifeachtach i gcoinne raon leathan pataiginí, lena n-áirítear baictéir, múnlaí, agus víris (cosúil le SARS-CoV-2), ar choinníoll go bhfuil na pataiginí nochtaithe do dháileog leordhóthanach (déine méadaithe faoi am) agus nach bhfuil an solas bactha ag deannach nó scáthanna."
Déan anailís ar na sonraí seo a leanas ó Thuarascáil Mhargaidh Caife R3 2024. Déan achoimre ar an dá phríomhathrú i dtreochtaí tomhaltóirí—rogha deochanna fuara agus éileamh ar inbhuanaitheacht—agus aithin an príomhdhaonra atá taobh thiar de gach treocht.,"Forléargas Margaidh R3 2024: Tháinig laghdú 4% bliain ar bhliain ar thomhaltas traidisiúnta caife te. 

Roinn Cold Brew/RTD: Méadú 18% ar mhéid díolacháin. Is fearr le 65% de thomhaltóirí Gen Z caife fuarbhruite RTD ná caife oighir traidisiúnta. Is iad an áisiúlacht agus comhsheasmhacht an bhlais na príomhchúiseanna.

Sonraí Inbhuanaitheachta: Tuairiscíonn 78% de thomhaltóirí na Mílaoise (Millennials) agus Gen X go bhfuil siad sásta 15%+ níos mó a íoc as pónairí deimhnithe Trádála Cothroime nó Comhghuaillíochta Foraoise Báistí. Bíonn tionchar ag éilimh ar fhoinsiú eiticiúil ar phacáistiú ar 55% de chinntí ceannaigh. Príomhábhair imní: laghdú dramhaíola agus cúiteamh feirmeoirí.","Léiríonn sonraí R3 2024 dhá athrú shuntasacha i dtomhaltas caife. Ar an gcéad dul síos, tá aistriú suntasach i dtreo deochanna fuara, marcáilte ag méadú 18% sa deighleog Cold Brew/RTD. Is iad Gen Z is mó atá taobh thiar den rogha seo, a chuireann luach ar an áisiúlacht agus ar bhlas comhsheasmhach. Ar an dara dul síos, tá an t-éileamh ar fhoinsiú inbhuanaithe ag fás go láidir. Tá breis is trí cheathrú (78%) de na Mílaoisigh agus Gen X sásta préimh (15%+) a íoc as pónairí eiticiúla deimhnithe. Bíonn tionchar ag éilimh eiticiúla, ag díriú ar laghdú dramhaíola agus ar chúiteamh feirmeoirí, ar níos mó ná leath de na cinntí ceannaigh anois i measc na ndaonraí sin."
"Cé a gcuirtear fionnachtain Triton, an ghealach is mó de Neiptiún, ina leith go ginearálta?","Cuirtear fionnachtain Triton, an ghealach is mó de Neiptiún, i leith William Lassell go ginearálta. Chonaic sé an satailít ar an 10 Deireadh Fómhair, 1846, díreach 17 lá tar éis Urbain Le Verrier agus Johann Galle Neiptiún féin a fhionnadh. Réalteolaí Sasanach ab ea Lassell a thóg a réadlanna agus a threalamh teileascópach féin. D'fhionn sé roinnt gealach beag eile go neamhspleách freisin, lena n-áirítear Ariel agus Umbriel timpeall Úránais.",William Lassell.
"Sliocht ainm cheannaire an turais, an dáta tosaithe, agus líon na mílte de chósta a rinneadh a mapáil. Cuir an t-eolas i láthair san fhormáid: ""Faoin gceannas {Ainm an Cheannaire}, thosaigh an turas ar an {Dáta} agus rinneadh {Fad} míle a mhapáil.""","D'fhág an turas, faoi cheannas an Chaptaen Eleanor Vance, Plymouth ar an 5 Meitheamh, 1845. Bhí sé mar aidhm acu léarscáil a dhéanamh ar uiscí neamhléarscáilte Chiorcal Antartach an deiscirt. Tar éis 18 mí ar muir, d'fhill an criú faoi dheireadh, tar éis 320 míle de chósta a mhapáil go rathúil, ach gan ach beirt bhall foirne a chailleadh de bharr breoachta le linn an turais iomláin.","Faoin gceannas Captain Eleanor Vance, thosaigh an turas ar an 5 Meitheamh, 1845 agus rinneadh 320 míle a mhapáil."
Cad é príomhchathair na hAstráile?,,Is é Canberra príomhchathair na hAstráile.
Liostaigh na trí phríomhdhath de sholas suimitheach (mar a úsáidtear i scáileáin agus i monatóirí).,,"Is iad na trí phríomhdhath suimitheacha Dearg, Glas, agus Gorm (RGB)."
"Déan comparáid idir agus cuir i gcodarsnacht le struchtúr agus scéim ríme an dá chineál sonaid a thuairiscítear sa sliocht. Cuir saintréithe na 'Sonáide Shakespeareach' agus na 'Sonáide Pheitrearcaí' i láthair i dhá liosta urchair ar leith, lipéadaithe go soiléir.","Is dánta ceithre líne dhéag iad na sonaidí. Tá an tsonáid Shakespeareach (nó Shasanach) struchtúrtha i dtrí cheathrúna agus i gcúplóid deiridh, ag cloí leis an scéim ríme ABAB CDCD EFEF GG. Is minic a fhorbraíonn sé a théama trí shraith d’íomhánna nó d’argóintí codarsnacha. I gcodarsnacht leis sin, úsáideann an tsonáid Pheitrearcach (nó Iodálach) ochtréad (ocht líne) agus seistet (sé líne). Is é ABBAABBA a scéim ríme tipiciúil don ochtréad, agus úsáideann an seistet CDECDE nó CDCDCD. De ghnáth, cuireann an struchtúr seo fadhb nó argóint san ochtréad agus réiteach nó trácht sa seistet.","Sonáid Shakespeareach
- Struchtúr: Trí cheathrúna agus cúplóid deiridh
- Scéim Ríme: ABAB CDCD EFEF GG

Sonáid Pheitrearcach
- Struchtúr: Ochtréad (ocht líne) agus seistet (sé líne)
- Scéim Ríme an Ochtréid: ABBAABBA
- Scéim Ríme an Seistéid: CDECDE nó CDCDCD"
Tabhair trí dhea-chleachtas riachtanacha chun pasfhocail láidre ar líne a chothabháil.,,"1. Castacht agus Fad: Ba cheart go mbeadh pasfhocail fada (dírigh ar 12-16 carachtar nó níos mó) agus go n-áireofaí meascán de litreacha móra agus beaga, uimhreacha agus siombailí. 2. Uathúlacht: Ná athúsáid an pasfhocal céanna riamh thar chuntais iomadúla. Bain úsáid as bainisteoir pasfhocal iontaofa chun dintiúir uathúla a stóráil agus a ghiniúint do gach seirbhís. 3. Fíordheimhniú Ilfhachtóiriúil (MFA): Cé nach é an pasfhocal féin é go teicniúil, is é cumasú MFA (nó fíordheimhniú dhá fhachtóir) an chosaint is ríthábhachtaí i gcoinne rochtana neamhúdaraithe, fiú má dhéantar do phasfhocal a chomhréiteach."
Cé hé údar an úrscéil *Frankenstein* agus cén uair a foilsíodh é den chéad uair?,,"Is í Mary Shelley údar *Frankenstein; nó, An Próiméitéas Nua-Aoiseach*. Foilsíodh é den chéad uair gan ainm i Londain sa bhliain 1818."
Cad iad na straitéisí is éifeachtaí chun teanga ríomhchlárúcháin nua a fhoghlaim ón tús?,,"Is éard atá i gceist leis an gcur chuige is éifeachtaí ná meascán de staidéar teoiriciúil agus feidhmiú praiticiúil. Tosaigh trí mháistreacht a dhéanamh ar an mbunsintéis agus ar bhunghnéithe (cineálacha sonraí, lúba, coinníollacha). Aistrigh láithreach chuig tionscadail bheaga, fheidhmiúla a thógáil—aip 'Hello World', áireamhán simplí, srl. Neartaíonn an modh praiticiúil seo an fhoghlaim i bhfad níos tapúla ná léamh éighníomhach. Ina theannta sin, bain úsáid as pobail agus acmhainní ar líne cosúil le Stack Overflow agus GitHub, agus déan iarracht seisiúin chleachtaidh laethúla a ionchorprú ag baint úsáide as ardáin idirghníomhacha códaithe (cosúil le LeetCode nó HackerRank) chun an móiminteam a choinneáil."
Cén bhliain a thit Balla Bheirlín?,,1989
Cad é an próiseas chun diúltáin scannán 35mm dubh agus bán a fhorbairt sa bhaile?,,"Is próiseas simplí, saor ó sheomra dorcha é forbairt scannáin dubh agus bán sa bhaile a éilíonn rialú cúramach ar theocht agus ar am. Cinntigh go n-oibríonn tú le ceimiceáin i limistéar dea-aeráilte.

### Trealamh agus Ceimiceáin Riachtanacha:
*   Umar Forbartha (m.sh., Paterson) agus Spól
*   Mála Athraithe (nó fíor-sheomra dorcha)
*   Teirmiméadar (cruinn go dtí 1 chéim F/C)
*   Sorcóirí/Grádán Tomhais
*   Uaineadóir
*   Forbróir (m.sh., Kodak D-76, Ilford ID-11)
*   Folcadh Stad (nó gnáth-uisce)
*   Daingneoir
*   Gníomhaire Fliuchta (m.sh., Photo-Flo)

### Céim 1: An Scannán a Luchtú (Dorchas Iomlán)
Agus tú ag obair taobh istigh den mhála athraithe nó den seomra dorcha, oscail an caiséad scannáin agus cuir an scannán go cúramach ar an spól forbartha. Cuir an spól luchtaithe taobh istigh den umar forbartha agus daingnigh an clúdach, ag cinntiú go bhfuil sé daingean ó sholas. Nuair a bheidh sé séalaithe, is féidir leat na soilse a chur ar siúl.

### Céim 2: Na Ceimiceáin a Ullmhú
Seiceáil treoracha an mhonaróra don chomhcheangal scannáin/forbróra ar leith atá á úsáid agat chun an t-am forbartha (T) a chinneadh. Is é an gnáth-theocht forbartha ná 68°F (20°C). Measc na ceimiceáin go léir (Forbróir, Stad, Daingneoir) go dtí an teocht seo. Nóta: Mura féidir leat 68°F a choinneáil, ní mór duit an t-am forbartha (T) a choigeartú de réir na gcairteacha cúitimh teochta.

### Céim 3: Forbairt
1.  **Doirt Forbróir:** Doirt an méid ríofa forbróra isteach san umar go tapa. Tosaigh an t-uaineadóir díreach nuair a thosaíonn tú ag doirteadh.
2.  **Corraigh:** Corraigh an umar ar feadh an chéad 30 soicind go leanúnach (inbhéartaigh, cas, tapáil chun boilgeoga aeir a dhíchur). Don chuid eile den am (T), corraigh ar feadh 10 soicind gach 60 soicind (ag inbhéartú an umair 4-5 huaire go réidh).
3.  **Doirt Amach:** Nuair a rachaidh an t-uaineadóir in éag, doirt an forbróir amach as an umar go tapa.

### Céim 4: An Próiseas a Stopadh
1.  **Doirt Folcadh Stad:** Doirt an tuaslagán Folcadán Stad isteach san umar láithreach.
2.  **Corraigh:** Corraigh go leanúnach ar feadh 30 soicind.
3.  **Doirt Amach:** Doirt an Folcadh Stad amach. (Nó, is féidir leat gnáth-uisce a úsáid ar feadh 60 soicind).

### Céim 5: Daingniú
1.  **Doirt Daingneoir:** Doirt an Daingneoir isteach san umar.
2.  **Corraigh:** Déan daingniú ar feadh 5 go 8 nóiméad, ag corraí ar feadh 10 soicind gach nóiméad. Cinntear dea-am daingnithe nuair a bhíonn ceannaire soiléir an scannáin go hiomlán tréshoilseach.
3.  **Doirt Amach:** Doirt an Daingneoir ar ais ina choimeádán stórála (Is féidir an Daingneoir a athúsáid).

### Céim 6: Níochán agus Triomú
1.  **Nigh:** Bain an clúdach agus nigh an scannán ag úsáid uisce reatha (go hidéalach 68°F) ar feadh 10–15 nóiméad. Úsáid an modh 'líonadh agus dumpáil' (an umar a líonadh agus an t-uisce a dhiompaíl arís agus arís eile) le haghaidh na dtorthaí is fearr, nó bain úsáid as ceangaltán píobáin.
2.  **Gníomhaire Fliuchta:** Líon an umar le huisce agus cuir 1–2 bhraon de ghníomhaire fliuchta (Photo-Flo) leis. Corraigh go réidh ar feadh 30 soicind. Cuireann sé seo cosc ar spotaí uisce.
3.  **Triomaigh:** Díspól an scannán agus bain an t-uisce breise go cúramach ag úsáid scúis speisialaithe nó trí mhéara a rith síos imeall an scannáin. Croch an scannán go hingearach i dtimpeallacht saor ó dheannach (m.sh., cubicle cithfholcadáin), ag daingniú an bhun le biorán éadaigh nó le meáchan. Lig 2–4 uair an chloig le haghaidh triomú sula ngearrann agus sula gcuireann tú na diúltáin i muiníl."
Cén fáth a bhfuil Joe Rogan chomh rathúil mar phodchraoltóir?,,"Éiríonn rath Joe Rogan as teaglaim de roinnt fachtóirí, lena n-áirítear a stair fhada sa siamsaíocht (seasamh-suas agus teilifís), a fhíor-fhiosracht i réimse leathan ábhar, agus a fhormáid chomhrá fhada, ócáideach a chothaíonn comhráite domhain. Thairis sin, mar gheall ar a ghlacadh luath d'ardáin neamhspleácha ar nós YouTube agus, níos déanaí, Spotify, bhí sé in ann geatóirí meán traidisiúnta a sheachbhóthar, ag cruthú lucht féachana domhanda ollmhór, dílis atá sásta le tuairimí éagsúla agus uaireanta conspóideacha."
"Aicmigh na déithe seo a leanas mar a bhaineann le miotaseolaíocht na Gréige nó na Róimhe: Zeus, Jupiter, Athena, Minerva, Ares, Mars, Poseidon, Neptune",,"Zeus: Gréagach
Jupiter: Rómhánach
Athena: Gréagach
Minerva: Rómhánach
Ares: Gréagach
Mars: Rómhánach
Poseidon: Gréagach
Neptune: Rómhánach"
Mínigh an croídhifríocht idir oibríochtaí sioncronacha agus asincronacha ag úsáid analaí a bhaineann le fanacht i scuaine. Coinnigh an míniú faoi 50 focal.,,"Ciallaíonn sioncronach fanacht ag an gcuntar caife go dtí go mbíonn do latte aonair réidh sula ndéanann tú aon rud eile. Ciallaíonn asincronach orduithe iolracha a chur isteach, dordánaí a thógáil, agus bord a ghlanadh fad a bhíonn tú ag fanacht go dtabharfaidh an dordánaí comhartha go bhfuil sé réidh."
Cén fáth a bhfuil cuma ar na réaltaí go bhfuil siad ag 'caochadh' nuair a fhéachaimid orthu?,,"Astaíonn réaltaí solas leanúnach, mar sin ní bhíonn siad ag caochadh i ndáiríre. Is é atmaisféar an Domhain is cúis leis an éifeacht caochta, nó 'scintillation réalteolaíoch'. De réir mar a thaistealaíonn an solas ón réalt i bhfad i gcéin i dtreo do shúile, caithfidh sé dul trí shraitheanna aeir atá i gcónaí ag gluaiseacht agus ag athrú dlúis (suaitíocht). Cuireann sé seo faoi deara go ndéantar na gathanna solais a athraonadh (lúbadh) ar bhealaí éagsúla, rud a fhágann go bhfuil cuma ar an réalt go bhfuil sí ag aistriú suímh agus gile go tapa."
"Aicmigh na comhlachtaí neamhaí seo a leanas i gceann de thrí chatagóir: Réalta, Pláinéad, nó Gealach: Iúpatar, An Ghrian, Europa, Mars, Sirius, Ganymede.",,"Iúpatar: Pláinéad
An Ghrian: Réalta
Europa: Gealach
Mars: Pláinéad
Sirius: Réalta
Ganymede: Gealach"
"Aicmigh na próisis seo a leanas mar inteirmeach nó eacsateirmeach: dóchán, leá oighir, fótaisintéis, uisce a reo, riospráid cheallach.",,"Is próisis inteirmeacha iad na próisis sin a ionsúnn teas nó fuinneamh ón timpeallacht. Scaoileann próisis eacsateirmeacha teas nó fuinneamh. Mar sin, tá leá oighir agus fótaisintéis inteirmeach. Tá dóchán, riospráid cheallach, agus uisce a reo (a scaoileann teas fholaithe) go léir eacsateirmeach."
Tóg an liosta d'ainmneacha éan thíos agus athchóirigh na sonraí i sraith JSON ina bhfuil eochracha ag gach oibiacht do 'Ainm Eolaíoch' agus 'Ainm Coitianta'.,"Pelecanus occidentalis (Peileacán Donn), Sula nebouxii (Búba Gormchosach), Fregata magnificens (Éan Frigate Mórga), Phaethon lepturus (Éan Trópaiceach Earrbhán), Puffinus puffinus (Cánóg Mhanannach).","[
  {
    ""Ainm Eolaíoch"": ""Pelecanus occidentalis"",
    ""Ainm Coitianta"": ""Peileacán Donn""
  },
  {
    ""Ainm Eolaíoch"": ""Sula nebouxii"",
    ""Ainm Coitianta"": ""Búba Gormchosach""
  },
  {
    ""Ainm Eolaíoch"": ""Fregata magnificens"",
    ""Ainm Coitianta"": ""Éan Frigate Mórga""
  },
  {
    ""Ainm Eolaíoch"": ""Phaethon lepturus"",
    ""Ainm Coitianta"": ""Éan Trópaiceach Earrbhán""
  },
  {
    ""Ainm Eolaíoch"": ""Puffinus puffinus"",
    ""Ainm Coitianta"": ""Cánóg Mhanannach""
  }
]"
Cad é an chúis bhitheolaíoch a dtagann brobhannaí gé ar dhaoine?,,"Is iarmhairt de phróiseas darb ainm piológhluasacht (piloerection) iad na brobhannaí gé. Déanann matáin bheaga ag bun gach faireog gruaige, ar a dtugtar matáin arrector pili, crapadh, rud a fhágann go seasann an ghruaig ina seasamh díreach. Cé nach bhfuil mórán úsáide ag baint leis an bhfrithghníomh seo do dhaoine nua-aimseartha nach bhfuil mórán gruaige coirp acu, bhí cuspóir éabhlóideach aige inár sinsear. Nuair a bhíonn sé fuar, ghabhfadh an ghruaig ina seasamh ciseal aeir, ag soláthar inslithe. Nuair a bhíonn siad faoi strus nó faoi bhagairt, chuirfeadh an ghruaig ina seasamh ar chumas an ainmhí breathnú níos mó, ag feidhmiú mar léiriú ionsaí."