instruction,input,response
佛教的基本教义是什么？,,"佛教（佛法）的基本教义由乔达摩·悉达多（佛陀）确立，其核心是通过道德行为、心智修养和智慧来理解并克服痛苦（Dukkha，苦）。这一理解主要体现在四圣谛和八正道中。

四圣谛：
1. 苦谛（Dukkha）：生命不可避免地涉及痛苦、不满足和无常。
2. 集谛（Samudaya）：痛苦源于执着、贪爱和无明（trishna，渴爱）。
3. 灭谛（Nirodha）：当贪爱和执着停止时，痛苦即可止息，导向涅槃。
4. 道谛（Magga）：止息痛苦的道路是八正道。

八正道是实用的指南，通常分为三个部分：

智慧（Prajna/般若）：
1. 正见（Samma ditthi）：如实地看待世界和四圣谛。
2. 正思惟（Samma sankappa）：出离、善意和非暴力的思想。

戒律（Sila/戒）：
3. 正语（Samma vaca）：避免妄语、两舌、恶口和绮语（空谈）。
4. 正业（Samma kammanta）：戒除身体的伤害、偷盗和邪淫。
5. 正命（Samma ajiva）：以不损害他人的方式谋生。

禅定（Samadhi/定）：
6. 正精进（Samma vayamo）：培养善的精神状态，并舍弃不善的状态。
7. 正念（Samma sati）：保持对身体、感受、心念和心所缘的觉知。
8. 正定（Samma samadhi）：培养专注的禅修，以达到更高的意识境界。"
构成生物体质量约99%的五种元素是哪五种？,生物体主要由六种非金属元素组成：氧、碳、氢、氮、钙和磷。然而，最丰富的四种元素——氧、碳、氢和氮——约占大多数动植物体重的96%。当包含钙时，这五种元素（氧、碳、氢、氮和钙）构成了生物体质量的约99%。,氧、碳、氢、氮和钙
沃登克里弗塔的目的是什么？该结构最终于何时被拆除？,沃登克里弗塔（Wardenclyffe Tower），也称为特斯拉塔（Tesla Tower），是尼古拉·特斯拉（Nikola Tesla）在纽约长岛北岸设计和建造的早期实验性无线电传输站。该工程于1901年开始建设。特斯拉打算让该塔成为“世界无线系统”的原型，用于跨大西洋电话、广播以及展示无线电力传输。然而，由于严重的资金问题和投资者利益冲突，建设于1906年左右停止。该结构最终于1917年被拆除，作为废金属出售。,沃登克里弗塔的目的是作为“世界无线系统”的原型，用于跨大西洋电话、广播以及展示无线电力传输。该结构于1917年被拆除。
解释导致白天天空呈现蓝色的现象。,,天空的蓝色是由一种称为瑞利散射的现象引起的。阳光到达地球大气层后，被微小的气体分子向各个方向散射。由于蓝光以较短、较小的波形式传播，因此它比其他颜色（如红色或黄色）散射得更广泛。
解释区块链的基本概念及其起源。,最初于 1991 年由 Stuart Haber 和 W. Scott Stornetta 提出，用于对数字文档进行时间戳标记；因中本聪在 2008 年创建比特币而普及；本质上是一种分布式账本技术 (DLT)；使用加密哈希来链接交易数据的“区块”；数据一旦记录就不可更改；需要共识机制（如工作量证明或权益证明）来验证新区块。,区块链是一种分布式账本技术 (DLT)，它将数据（通常是交易）记录到称为“区块”的链接单元中。每个区块都通过加密哈希链接到前一个区块，使得记录的数据不可篡改且透明。虽然该概念最初于 1991 年由 Haber 和 Stornetta 提出用于安全的数字时间戳，但它在 2008 年因中本聪作为加密货币比特币的基础技术而得到普及。新区块仅在共识机制（例如工作量证明）验证数据后才被添加到链中。
利用提供的文本，说明阿尔伯特·爱因斯坦的出生日期和地点、他在慕尼黑就读的学校名称，以及他擅长的科目。,阿尔伯特·爱因斯坦于 1879 年 3 月 14 日出生于德国乌尔姆。六周后，全家搬到慕尼黑，他的父亲赫尔曼·爱因斯坦和叔叔雅各布·爱因斯坦在那里创办了一家电气工程公司。阿尔伯特就读于慕尼黑的卢伊特波尔德文理中学。尽管他常被认为是一个差生，但他从小就擅长数学和物理。他对自己的学校教育常常感到不满，并觉得僵硬的纪律令人窒息。1895 年，16 岁的爱因斯坦未能通过苏黎世瑞士联邦理工学院的入学考试，但他最终重新申请并于 1896 年被录取。,阿尔伯特·爱因斯坦于 1879 年 3 月 14 日出生于德国乌尔姆。他就读于慕尼黑的卢伊特波尔德文理中学。他从小就擅长数学和物理。
解释奥卡姆剃刀原理。,,奥卡姆剃刀是一条哲学原理，它指出在能够做出同样有效预测的相互竞争的假设中，应选择包含最少假设的那一个。它通常被概括为：“最简单的解释通常是最好的。” 它本身不是逻辑或证据的规则，而是一种用来消除不必要复杂性的指导方针，以14世纪方济各会修士威廉·奥卡姆的名字命名。
使用法压壶冲泡咖啡的最佳方法是什么？,,"为了用法压壶获得最干净和最醇厚的风味，请遵循以下步骤：

1. 加热水：将新鲜水烧开，然后静置 30-60 秒（目标温度为 195°F 至 205°F / 90°C 至 96°C）。
2. 研磨咖啡豆：使用粗糙且均匀的研磨度，大约像海盐的质地。太细的咖啡粉会穿过滤网，导致咖啡口感粗糙。
3. 加入咖啡粉：将咖啡粉放入法压壶中。标准比例是 1 份咖啡兑 15 份水（大约每 6 盎司水使用 2 汤匙咖啡粉）。
4. 闷蒸咖啡粉：倒入两倍于咖啡粉重量的水量，浸湿咖啡粉。等待 30 秒。这可以让二氧化碳释放，确保均匀萃取。
5. 注满法压壶：将剩余的热水轻轻地倒在咖啡粉上。
6. 浸泡：盖上法压壶的盖子，但不要下压。让咖啡浸泡至少 4 分钟。
7. 缓慢按压：稳定而缓慢地将滤压杆向下按压，将咖啡粉推至底部。此过程应持续约 30 秒。
8. 立即饮用：按压后不要让咖啡留在壶中，因为它会继续萃取并变苦。立即将所有咖啡倒入杯中。"
列出美国本土四大主要山脉，按地理位置从太平洋沿岸向东排序。,,"海岸山脉, 内华达山脉/喀斯喀特山脉, 落基山脉, 阿巴拉契亚山脉"
解释设定SMART目标的组成要素，并提供一个简短的例子，演示一个符合所有五个标准的具体目标。,,"SMART是以下五个词的首字母缩写：Specific（具体的）、Measurable（可衡量的）、Achievable（可实现的）、Relevant（相关的）和Time-bound（有时限的）。它是一个旨在帮助个人设定清晰、集中和可实现目标的框架。

**S - 具体的（Specific）：** 目标必须清晰明确。它应该回答五个“W”问题：涉及谁？我想完成什么？这将在哪里完成？这将在何时完成？我为什么要做这件事？

**M - 可衡量的（Measurable）：** 必须有具体的标准来衡量进度并确定目标何时达成。这回答了诸如以下的问题：多少？多少个？我怎么知道它已经完成了？

**A - 可实现的（Achievable 或 Attainable）：** 鉴于可用的资源和时间，目标应该是现实的、力所能及的。对于尝试实现目标的人来说，这个目标是否合理？

**R - 相关的（Relevant）：** 目标应与更广泛的组织或个人目标保持一致。这个目标重要吗？现在是追求它的正确时机吗？

**T - 有时限的（Time-bound）：** 目标必须有一个明确的时间线，包括开始日期和目标完成日期。这能创造必要的紧迫感，防止任务无限期拖延。

---

**SMART目标示例：**

“我将通过每周完成五个内容模块（M）来完成新的内部培训手册（S），以确保在下一个财政季度末完成整个草稿（T）。这是成功入职我们25名新员工所必需的（R），并且我每周已预留10个专门的小时来使这个目标具有可实现性（A）。”"
根据它们的主要功能对以下两种语言进行分类：SQL、Rust。,,SQL 是一种查询语言，Rust 是一种系统编程语言。
解释“大O表示法”的概念以及它在算法分析中为何重要。,,大O表示法是一种数学符号，用于描述当自变量趋向特定值或无穷大时，函数的极限行为。在计算机科学领域，它用于根据算法的运行时间或空间需求随输入规模增长而增长的方式来对算法进行分类。它至关重要，因为它允许程序员在独立于硬件规格的情况下评估不同算法的效率和可扩展性，从而有助于为大型数据集选择性能最佳的解决方案。
一个表现出如此强大的引力效应的时空区域被称为什么？在这种效应下，任何东西——甚至粒子和电磁辐射（如光）——都无法从中逃脱。,,黑洞
确保蛋糕均匀膨胀且中间不塌陷的关键步骤是什么？,,为了确保均匀膨胀，首先，确保您的膨松剂（泡打粉或小苏打）是新鲜的。其次，一旦干湿材料混合，请勿过度搅拌面糊，因为这会过度发展面筋，可能导致质地坚硬、塌陷。最后，正确的烤箱温度至关重要。始终完全预热，并在烘烤时间的前三分之二内抵制打开烤箱门的冲动，因为温度骤降会导致蛋糕结构塌陷。
什么被广泛认为是引发大萧条的直接导火索？,,1929年10月的股市崩盘。
ARPANET建立的第一条连接是什么？,高级研究计划局网络 (ARPANET) 是早期的分组交换网络，也是第一个实施 TCP/IP 协议套件的网络。这两项技术都成为了互联网的技术基础。ARPANET 最初由美国国防部的高级研究计划局 (ARPA) 资助。第一条连接于 1969 年 10 月 29 日在加州大学洛杉矶分校 (UCLA) 和斯坦福研究学院 (SRI) 之间建立。,第一条连接于 1969 年 10 月 29 日在加州大学洛杉矶分校 (UCLA) 和斯坦福研究学院 (SRI) 之间建立。
对于涉及深度学习和可扩展ETL流程的数据科学项目，我应该选择 Python 还是 R？,,Python 和 R 都是数据科学生态系统中的重要工具，但对于专门涉及深度学习和可扩展 ETL（提取、转换、加载）的项目，Python 通常是更优越的选择。Python 在深度学习方面表现出色，这得益于成熟的、行业标准的框架，如 TensorFlow、PyTorch 和 Keras，它们拥有优化的 GPU 支持和庞大的社区支持。它的多功能性使其成为可扩展 ETL 的理想选择；Python 可以无缝集成到企业系统、API、云平台（如 AWS Glue 或 Azure Data Factory）以及大数据框架（如通过 PySpark 使用 Spark）中，从而使从原型到生产部署的过渡更加顺畅。虽然 R 为统计分析和专业数据可视化（如 ggplot2）提供了出色的软件包，但与 Python 相比，其深度学习生态系统在生产部署方面不太成熟。如果项目的主要目标是快速实验、复杂的统计建模或学术研究，可以考虑使用 R；但对于企业级可扩展性和利用尖端深度学习技术而言，Python 是明确推荐的语言。
鉴于暗物质无法直接观测，科学家主要如何研究它？,暗物质是一种假想的物质形式，被认为约占宇宙总质量的85%。它无法被直接观测，因为它不与电磁辐射相互作用，这意味着它既不吸收也不反射光线。它的存在是通过对可见物质、辐射和宇宙结构产生的引力效应推断出来的。科学家主要通过观察暗物质的引力如何影响周围物体来研究它，通常将其普遍存在的、看不见的影响比作将星系聚集在一起的无形宇宙支架。,科学家主要通过观察暗物质的引力如何影响周围物体来研究它。
谁在阿波罗11号任务中驾驶了指令舱？,阿波罗11号是首次将两名人类送上月球的太空飞行任务。指挥官尼尔·阿姆斯特朗和登月舱飞行员巴兹·奥尔德林于1969年7月20日世界标准时间20:17降落了阿波罗登月舱“鹰”。六小时后，在7月21日，阿姆斯特朗成为第一个踏上月球表面的人。迈克尔·柯林斯是指令舱飞行员，他留在了指令和服务舱“哥伦比亚”号上方的月球轨道中。该任务于7月16日从肯尼迪航天中心发射，是美国宇航局阿波罗计划的第五次载人任务。主要目标得以实现，履行了约翰·F·肯尼迪总统在1961年宣布的“在本十年结束前，将一人送上月球并安全返回地球”的目标。,迈克尔·柯林斯是指令舱飞行员，他留在了指令和服务舱“哥伦比亚”号上方的月球轨道中。
将以下动物分类为食肉动物、食草动物或杂食动物类别：熊、鹿、狮子、猪、牛、鲨鱼。,,"食肉动物: 狮子, 鲨鱼
食草动物: 鹿, 牛
杂食动物: 熊, 猪"
提取文本中提及的关于埃菲尔铁塔的所有日期和相应事件，格式为“MM/DD/YYYY: 事件”或“YYYY: 事件”，并用分号分隔。,埃菲尔铁塔的建设于 1887 年 1 月 28 日正式开始，并奠定了第一块地基。金属结构工程随后迅速展开。到 1889 年 3 月 31 日，铁塔竣工并为世界博览会举行了落成典礼。然而，它直到 1889 年 5 月 6 日才正式向公众开放。尽管最初计划在 20 年后将其拆除，但事实证明该塔对无线电报非常宝贵，并在 1909 年最终确定了该塔的永久特许权。,01/28/1887: 奠定第一块地基; 03/31/1889: 铁塔竣工并举行落成典礼; 05/06/1889: 正式向公众开放; 1909: 最终确定了该塔的永久特许权
解释CPU设计中“哈佛架构”和“冯·诺依曼架构”之间的区别。,,"主要的区别在于CPU访问数据和指令的方式。冯·诺依曼架构对指令和数据使用单一的存储空间和一套总线。这种设计常见于通用计算机（如PC），因为它简单且灵活，但它存在“冯·诺依曼瓶颈”，这意味着CPU不能同时获取指令和读写数据，从而限制了处理速度。

相比之下，哈佛架构对指令和数据使用独立的存储空间和独立的总线。这种分离允许CPU在处理当前指令和访问数据的同时获取下一条指令。这种并行访问显著提高了吞吐量和速度，因此它在高性能嵌入式系统、数字信号处理器（DSPs）和微控制器等对可预测的、高速执行至关重要的领域中很受欢迎。"
建议五种经济实惠的方法，让小型家庭办公室感觉更大、更明亮。,,1. 将架子安装在高处，以利用垂直存储空间。 2. 使用大型装饰镜来反射光线并扩大视觉区域。 3. 用浅色、中性色（如白色或浅灰色）粉刷墙壁。 4. 使用薄纱窗帘代替厚重窗帘，以最大限度地利用自然光。 5. 选择简约或多功能家具，例如可平贴墙壁折叠的桌子。
小说《傲慢与偏见》的作者是谁？,,简·奥斯汀
我需要申请我的第一本美国护照。我必须带哪些文件去官方受理机构预约？,,对于首次申请的成年人（使用 DS-11 表格），您必须携带几样物品前往官方受理机构进行预约。这些物品包括：1. 一份已填写完成（但未签名）的 DS-11 表格（护照申请表）。2. 美国公民身份证明（例如，经认证的出生证明或入籍证书），必须是原件或经认证的副本。3. 一份当前有效的带照片的身份证明文件（例如，驾照或军人证），以及该证件正反面的清晰复印件。4. 一张符合官方规格的近期 2x2 英寸彩色护照照片。5. 申请费和执行费用的缴费凭证。预约必须亲自办理，因为工作人员需要见证您的签名。
埃菲尔铁塔是为了庆祝哪一具体事件而建造的？在最初的许可证到期后，是什么最终使这座建筑免于被拆除？,"埃菲尔铁塔是为1889年世界博览会（Exposition Universelle）而建造的，该博览会旨在庆祝法国大革命100周年。施工于1887年1月28日开始，并于1889年3月31日正式竣工。建成时，它高324米（1,063英尺），是世界上最高的人造建筑，直到1930年纽约市的克莱斯勒大厦建成。铁塔的设计师古斯塔夫·埃菲尔最初获得的许可证允许铁塔矗立20年，之后本应被拆除，但军方发现其高度可用于无线电电报传输，从而使其免于拆除。",埃菲尔铁塔是为了庆祝法国大革命100周年（作为1889年世界博览会的一部分）而建造的。它之所以免于拆除，是因为军方发现其高度可用于无线电电报传输。
将以下美国总统分为两组：一组是（至少一个任期）完全在1900年之前任职的总统；另一组是（至少一个任期）部分或完全在1900年或之后任职的总统：亚伯拉罕·林肯、西奥多·罗斯福、乔治·华盛顿、约翰·F·肯尼迪、安德鲁·杰克逊、威廉·麦金莱、巴拉克·奥巴马、尤利西斯·S·格兰特。,,完全在1900年之前任职的总统包括乔治·华盛顿、安德鲁·杰克逊、亚伯拉罕·林肯、尤利西斯·S·格兰特和威廉·麦金莱。在1900年或之后任职的总统包括西奥多·罗斯福、约翰·F·肯尼迪和巴拉克·奥巴马。
解释传统太阳能电池板的功能和基本结构。,,太阳能电池板，或称光伏（PV）组件，旨在通过光伏效应将太阳的光能直接转化为电能。从结构上看，它由许多独立的太阳能电池组成，这些电池通常由层状硅半导体材料制成，并由玻璃面板和耐用的背板保护，全部用铝框固定。当阳光中的光子撞击硅电池时，它们会激发电子，导致电子流动并产生直流电 (DC)。然后收集这种直流电，并通常通过逆变器将其转换为交流电 (AC) 功率，使其可用于标准家用电器或通过电网传输。
雷金纳德·肯尼思·德怀特后来被称为谁？,,埃尔顿·约翰
根据文本，哪三位科学家负责将亚历山大·弗莱明的初步发现发展成实用的医疗应用？,青霉素是一组抗生素，其中包括青霉素 G（静脉注射）、青霉素 V（口服）、普鲁卡因青霉素和苯扎青霉素（肌肉注射）。青霉素的发现归功于苏格兰内科医生兼科学家亚历山大·弗莱明，时间是 1928 年。弗莱明在培养葡萄球菌的培养皿中发现了一种霉菌污染物——*Penicillium notatum*（点青霉）。他观察到该霉菌阻止了细菌在其周围立即生长。然而，正是霍华德·弗洛里、恩斯特·钱恩和诺曼·希特利在 20 世纪 40 年代初将弗莱明的初步观察发展成一种实用的大规模医疗方法。他们显着改进了纯化和稳定方法，使得青霉素能够在第二次世界大战期间得到有效应用，挽救了无数生命。,霍华德·弗洛里、恩斯特·钱恩和诺曼·希特利。
过滤以下动物列表，将水生哺乳动物与陆地哺乳动物分开。,"鲸鱼, 狮子, 海豚, 老虎, 海豹, 大象, 海牛, 熊, 虎鲸, 长颈鹿, 海象, 犀牛","水生哺乳动物: 鲸鱼, 海豚, 海豹, 海牛, 虎鲸, 海象。 陆地哺乳动物: 狮子, 老虎, 大象, 熊, 长颈鹿, 犀牛。"
IBM Personal Computer Model 5150 使用了什么操作系统？,第一台广泛成功的个人电脑是 Apple II，于 1977 年发布。然而，真正普及家用电脑市场、主要归功于其开放式架构和第三方软件支持的机器，是于 1981 年 8 月 12 日推出的 IBM 个人电脑（型号 5150）。该机器使用了 Intel 8088 处理器并运行 MS-DOS 操作系统。,MS-DOS
如何制定一个学习Python进行数据分析的3个月自学计划？,,重点关注三个不同的阶段。**第1个月：基础知识。** 掌握核心Python语法、数据类型、控制流和函数。完成基本的编程挑战。**第2个月：核心数据科学库。** 将时间投入到用于数据处理的Pandas、用于数值运算的NumPy以及用于可视化的Matplotlib/Seaborn。使用真实数据集（如Kaggle上的数据集）完成指导教程。**第3个月：应用与项目。** 通过完成2-3个实质性项目来应用您的技能。了解Scikit-learn以掌握基本的机器学习概念（例如线性回归），并练习清理杂乱的真实世界数据。
谁发现了青霉素，以及它的引入有什么重要意义？,,青霉素是苏格兰细菌学家亚历山大·弗莱明于1928年发现的。他注意到一种霉菌污染物（青霉菌，即Penicillium notatum）在一个培养皿中抑制了葡萄球菌的生长。然而，直到20世纪40年代初，霍华德·弗洛里和恩斯特·钱恩才成功开发出用于医疗用途的青霉素大规模生产和纯化方法。青霉素的引入具有巨大的意义，它标志着“抗生素时代”的开始，并成为第一种广泛有效地对抗常见细菌感染的药物，极大地降低了肺炎和败血症等先前致命疾病的死亡率，特别是在第二次世界大战期间的盟军中。
阅读以下简短的叙事，并提供一个单句总结，然后说明从中得出的主要寓意或主题。,一只自视甚高的年轻兔子不断地挑战一只行动缓慢的乌龟赛跑。兔子经常快速起步，然后停下来小睡，确信自己稍后仍能轻松获胜。乌龟从不停止，总是稳步前进，最终在兔子还在睡觉时率先冲过了终点线。,总结：一只跑得快但傲慢的兔子输给了一只跑得慢但坚持不懈的乌龟，因为兔子睡着了。寓意：慢而稳者胜，过度自信可能导致失败。
真空中光速的精确值是多少？,,"真空中光速被精确定义为每秒 299,792,458 米。"
帝国大厦连同其天线的总高度是多少米？,"帝国大厦的建设于1930年3月17日在前华尔道夫-阿斯托里亚酒店的旧址上正式开始。该建筑于1931年5月1日结构完工，仅用了410天建成。它（包括天线在内）的总高度为1,454英尺（443.2米）。",443.2米。
列出霍格沃茨魔法学校的四个主要学院及其相应的创始价值观。,,格兰芬多（勇气、胆识、魄力、骑士精神），赫奇帕奇（奉献、勤奋、公平竞争、耐心、忠诚），拉文克劳（智慧、学识、睿智、机智），以及斯莱特林（抱负、狡猾、领导力、足智多谋）。
木星的四个最大卫星的名称是什么？,截至 2023 年初，木星有 95 颗已确认的卫星。木星的四个最大的卫星被称为伽利略卫星，由伽利略·伽利莱于 1610 年发现。这些卫星是艾奥、欧罗巴、盖尼米德和卡利斯托。值得注意的是，盖尼米德是整个太阳系中最大的卫星。欧罗巴以可能拥有地下液态水海洋而闻名。,艾奥、欧罗巴、盖尼米德和卡利斯托
我有一盆虎皮兰（蛇草），它的根系已经盘结（或挤满了盆）。请问如何在不损伤叶片的情况下，正确地给它换盆？,,"给虎皮兰（蛇草）换盆需要小心操作，因为它们的根系比较脆弱，并且喜欢稍微拥挤的环境。请按照以下步骤成功进行换盆：

1. **准备工作：** 选择一个直径比现有花盆大1到2英寸的新花盆。虎皮兰在根系稍微紧密的情况下生长得更好。使用排水性良好的盆栽土，最好是为仙人掌和多肉植物配制的混合土，因为普通的盆栽土保水性太强。

2. **取出植株：** 将现有花盆侧放。轻轻敲击花盆的侧面和底部以松动根球。通过支撑土壤底部将植株滑出，而不是拉扯脆弱的垂直叶片。

3. **检查根系：** 用手指轻轻梳理任何过度紧密或盘绕的根系。如果根系严重盘结（像石头一样硬），您可能需要使用干净的刀子在根球外部轻轻划几道，以促进其向外生长。

4. **定位：** 在新花盆中加入一层新的盆栽土作为基层。将虎皮兰居中放置，确保换盆后的土面高度与旧花盆中保持一致，并确保植株直立。

5. **填充和压实：** 用新的盆栽土填满根系周围的剩余空间。轻轻将花盆在硬物表面上敲击，帮助土壤沉降。避免将土壤压得太实，这会导致板结并抑制水流。

6. **换盆后护理：** 不要立即给植株浇水。在首次浇水前等待3到7天。这能让任何细小的根部伤口愈合，从而大大降低换盆后发生根腐病的风险。"
根据这段文字，青霉素的发现归功于哪一年？,青霉素是第一种被发现的抗生素药物。这一发现被普遍归功于苏格兰医生兼微生物学家亚历山大·弗莱明（Alexander Fleming）在1928年完成的。然而，直到20世纪40年代，霍华德·弗洛里（Howard Florey）和恩斯特·钱恩（Ernst Chain）才成功开发出批量生产和提纯青霉素的方法，使其在第二次世界大战期间广泛用于医疗。,青霉素的发现归功于1928年。
哪个北欧国家的首都是雷克雅未克？挪威还是冰岛,,冰岛
根据提供的文本定义 mRNA 疫苗，强调它们递送了什么，以及与传统方法相比，它们为何被认为是“一种新颖的方法”。,信使 RNA (mRNA) 疫苗代表了一种新颖的免疫学方法。与引入减弱或非活性病原体的传统疫苗不同，mRNA 疫苗递送了一种遗传蓝图（即 mRNA 分子），它指示人体细胞产生特定的无害蛋白质片段，通常是发现于 SARS-CoV-2 等病毒表面的“刺突蛋白”。一旦 mRNA 进入细胞质，细胞的机器就会读取指令并构建蛋白质。然后，该蛋白质被展示在细胞表面，从而触发免疫系统（T淋巴细胞和 B淋巴细胞）将其识别为外来物并引发防御反应，产生抗体和记忆细胞。由于 mRNA 脆弱，它必须被封装在脂质纳米颗粒（LNP）中才能安全地递送到体内。最重要的是，mRNA 永远不会进入细胞核，确保它不会与宿主 DNA 相互作用或改变宿主 DNA。,mRNA 疫苗被认为是一种新颖的方法，因为与引入减弱或非活性病原体的传统疫苗不同，它们递送了一种遗传蓝图（即 mRNA 分子）。该蓝图指示人体细胞产生特定的无害蛋白质（例如病毒刺突蛋白）。这一过程会触发免疫系统将该蛋白质识别为外来物，并通过产生抗体和记忆细胞来引发防御反应。
根据它们的原产地大洲对以下建筑地标进行分组：埃菲尔铁塔、吉萨金字塔群、悉尼歌剧院、泰姬陵、罗马斗兽场、马丘比丘。,,"欧洲 - 埃菲尔铁塔, 罗马斗兽场
非洲 - 吉萨金字塔群
亚洲 - 泰姬陵
大洋洲 - 悉尼歌剧院
南美洲 - 马丘比丘"
阿波罗11号任务在太平洋溅落（返回地球）结束于哪一天？,阿波罗11号是美国首次将人类送上月球的太空飞行任务。指挥官尼尔·阿姆斯特朗和登月舱驾驶员巴兹·奥尔德林于1969年7月20日世界标准时间20:17，将阿波罗登月舱“鹰”号降落在月球上。六小时后，即7月21日，阿姆斯特朗成为第一个踏上月球表面的人。在其他人在月球表面时，迈克尔·柯林斯独自驾驶着指令舱“哥伦比亚”号在月球轨道上飞行。他们在月球上度过了21小时，然后起飞与柯林斯会合。该任务于1969年7月24日在太平洋成功溅落。,1969年7月24日
将以下天体分类为行星 (P)、矮行星 (DP)、卫星 (M) 或恒星 (S)：木星、太阳、欧罗巴、冥王星、谷神星、火星、木卫三。,,"木星: P, 太阳: S, 欧罗巴: M, 冥王星: DP, 谷神星: DP, 火星: P, 木卫三: M."
喜欢悬疑片的人，有哪些高评价的电影类型推荐？,,对于悬疑片爱好者来说，你应该探索心理惊悚片、新黑色电影以及高风险的间谍/谍战惊悚片。
建立永久性火星人类殖民地的主要后勤和环境挑战是什么？克服这些挑战的主要拟议解决方案又有哪些？,,"在火星上建立一个永久的、自我维持的人类存在，是人类迄今为止面临的最大的技术和后勤挑战。虽然旅行的物理学原理已被理解，但在这种恶劣的环境中维持生命的生存和生产力，需要克服几个巨大的障碍。

### 一、主要环境挑战

**1. 辐射暴露：** 火星缺乏全球磁场，大气层极其稀薄（密度不到地球的1%）。这使得火星表面极易受到银河宇宙射线（GCRs）和太阳粒子事件（SPEs）的伤害。长期暴露会显著增加患癌症、急性辐射病和认知损伤的风险。

**2. 低压和低温：** 大气压力极低，液态水无法稳定存在于表面；它会立即升华。平均温度约为-63°C（-81°F）。栖息地必须完全加压并进行可靠加热，这需要大量的能源。

**3. 火星风化层（尘埃）：** 火星尘埃具有磨蚀性、高化学反应性（含有有毒高氯酸盐）并带有静电。这种尘埃会污染设备密封件，损坏敏感仪器，并对人类呼吸系统健康构成严重的长期风险。

**4. 通信延迟：** 由于天文距离，与地球的通信存在单程4到24分钟的时间延迟。这使得实时危机管理成为不可能，并要求殖民地几乎完全自主运行。

### 二、后勤和生物挑战

**1. 闭环生命支持：** 与地球上可获得的持续补给不同，殖民地必须依靠闭环生态生命支持系统（CELSS）运行。每一滴水、每一立方米空气以及所有废物都必须无限期地回收和过滤，一旦失败可能导致灾难。

**2. 食物生产：** 定居者必须迅速从依赖预先包装的地球口粮过渡到当地食物来源。由于火星土壤（风化层）的毒性和缺乏天然有机物，在其中种植作物存在问题。

**3. 心理健康和隔离：** 宇航员将面临极端的隔离、幽禁以及与地球的距离，可能持续数年。管理人际冲突、心理困扰和长期无聊对于任务成功至关重要。

### 三、主要的拟议解决方案

**1. 辐射屏蔽和栖息地：** 最有效的直接解决方案是转移到地下。定居者可能会利用火星熔岩管（天然地下空洞），或建造覆盖有数米厚的堆积风化层或水/冰屏蔽层的栖息地，这些物质在阻挡辐射方面效果极佳。

**2. 原位资源利用（ISRU）：** ISRU是成功殖民的基石。定居者必须在当地制造必需品，而不是从地球进口一切。主要目标是：

*   **氧气生产：** 利用像MOXIE（目前安装在“毅力号”火星车上）这样的仪器，可以分解火星大气中的二氧化碳，生产可呼吸的氧气和火箭推进剂。
*   **水源获取：** 已探测到大量的地下水冰。这些冰可以被开采、融化和净化，用于饮用、农业和电解（分解成氢气和氧气燃料）。
*   **建筑施工：** 使用经过处理的风化层作为主要建筑材料进行3D打印结构，极大地减少了对昂贵地球运输的需求。

**3. 受控环境农业（CEA）：** 在加压、密封的环境中使用水培法和气培法，定居者可以种植营养丰富的食物，而无需依赖有毒的火星土壤，从而为饮食补充必需的维生素和新鲜卡路里。

**4. 远程医疗和自主性：** 解决方案依赖于高度自动化、AI驱动的诊断和预先培训的医疗协议来处理紧急情况，而无需地球的实时指导。宇航员的选择将优先考虑具备广泛技能和高心理适应能力的人员。"
概述用户在典型企业 IT 环境中重置忘记密码的标准、安全的分步流程。,,"1. 用户导航至登录页面，点击“忘记密码”链接或按钮来启动该流程。
2. 系统提示用户输入其用户名或已注册的电子邮件地址以识别账户。
3. 一个独有的、有时效性的验证链接或一次性密码 (OTP) 将发送至用户的已注册电子邮件地址或移动设备（多重身份验证）。
4. 用户访问该链接或将 OTP 输入到验证字段中，以确认身份和账户所有权。
5. 系统将用户导向一个安全的密码重置页面。
6. 用户输入两次新密码，确保其符合既定的复杂性规则（最小长度、包含大小写字母、数字和符号），并且与最近的密码不同。
7. 系统成功更新凭据，并通常通知用户密码已更改，作为安全措施，系统通常会让他们退出所有当前的活动会话。
8. 用户使用新密码成功登录。"
根据标准状况 (STP) 下的物态（固体、液体或气体），对以下化学元素进行分类：氧、汞、铁、溴、氖、钠、氯、氦。,,元素在标准状况 (STP) 下的物态分类如下：固体包括铁和钠。在标准状况下为液体的元素是汞和溴。在标准状况下为气体的元素是氧、氖、氯和氦。
将所提供的文本准确地总结成五十 (50) 个词。摘要必须只使用以字母 'P' 开头的词语。,光合作用的主要目的是将光能（通常来自太阳）转化为化学能，后者可随后释放以驱动生物体的活动。此过程涉及通过叶绿素等色素捕获光子，叶绿素主要是赋予植物绿色着色的物质。植物处理水和二氧化碳，产生葡萄糖和氧气作为副产品。光合作用对地球上几乎所有生命都至关重要，它提供呼吸所需的氧气，并构成大多数食物链的基础。,光合作用产生了丰富。植物拥有强大的色素。主要目的：提供充足的潜力。过程先前泵送污染物，产生了纯净产品。可能是关键过程，提供至关重要的生理性能。人们不断赞美高产植物。完全纯净的产品永久保护人类。主要是促进行星繁荣。或许促进完美的供给。
提供以下货币的 ISO 4217 代码。,"美元, 欧元, 日元, 英镑","USD, EUR, JPY, GBP"
列出三个关于埃菲尔铁塔的有趣历史事实。,,"以下是关于埃菲尔铁塔的三个历史事实：
1. 它最初是作为1889年世界博览会（Exposition Universelle）的入口拱门建造的，原计划只保留20年。
2. 在1930年纽约市的克莱斯勒大厦建成之前，它保持了41年世界最高人造建筑的记录。
3. 它得以免于拆除，主要是因为它的高度使其成为一座有价值的无线电报站和天线，尤其是在第一次世界大战期间。"
根据提供的文本，咨询侦探夏洛克·福尔摩斯在伦敦的著名地址是什么？,咨询侦探夏洛克·福尔摩斯曾居住在伦敦贝克街221B。这个地址虽然在故事创作时是虚构的，但已成为世界上最著名的文学地点之一。他的长期伴侣兼记录者约翰·华生医生与他共用这些房间。从《血字的研究》开始，这个地址是福尔摩斯进行几乎所有调查的核心。,贝克街221B
如果我的电脑运行速度变得极其缓慢，我应该采取的第一步是什么？,,"电脑运行缓慢可能会让人沮丧！在联系IT部门之前，请尝试以下这些快速的初步修复措施：
- 彻底重启电脑。这通常可以解决暂时的故障和内存泄漏问题。
- 检查任务管理器（Ctrl+Shift+Esc），以找出占用过多CPU或内存的应用程序。
- 确保您的操作系统和所有关键应用程序都已更新。
- 使用您的杀毒软件进行快速扫描，以排除明显的恶意软件。
- 清理浏览器缓存并关闭不必要的后台标签页/程序。"
从下面的列表中，只提取被归类为水果的项。,这次采购的物品包括一个苹果、新鲜菠菜、三个适合捣泥的大土豆、一串葡萄、一个鲜橙、一个熟透的香蕉，和一根大胡萝卜。这些物品属于农产品和根茎类蔬菜等大类，可以用蒸或烤等方法进行烹饪。,"苹果
葡萄
橙子
香蕉"
解释奥卡姆剃刀原理及其应用。,,奥卡姆剃刀（Occam's Razor），也称为简约原则（lex parsimoniae），是一种哲学和科学的启发式方法。它指出，在能够同等解释某种现象的相互竞争的假设中，应该选择最简单的解决方案，即假设最少的那个。它是一种方法论原则，而非物理定律，旨在鼓励将解释的复杂性降至最低。虽然它不能保证较简单假设的真实性，但它广泛应用于科学建模和理论构建中，以消除不必要的复杂性，并专注于最直接、可检验的概念。
解释光合作用的基本过程。,,光合作用是主要由植物和藻类利用的关键生化过程，用于将光能（通常是太阳光）转化为化学能。该过程涉及吸收二氧化碳和水，并利用叶绿素捕获的能量来合成葡萄糖（一种糖），同时释放氧气作为副产品。它构成了地球上几乎所有食物链的基础。
太阳系中最大的行星是什么？,,"木星是最大的行星，其直径约为142,984公里，质量比所有其他行星的总和还要大。"
解释与太阳能广泛使用相关的主要挑战。,,主要挑战是间歇性，这意味着太阳能电池板只有在阳光照射时才能发电，因此需要大规模、具有成本效益的储能解决方案来确保持续供应。
线粒体在细胞中的主要功能是什么？,,线粒体的主要功能是生成细胞所需的大部分三磷酸腺苷（ATP），ATP被用作化学能源。这个过程被称为细胞呼吸。
确定阿波罗 11 号任务发射的确切日期。,阿波罗 11 号是首次将两名人类送上月球的太空飞行任务。指挥官尼尔·阿姆斯特朗和登月舱飞行员巴兹·奥尔德林于 1969 年 7 月 20 日驾驶阿波罗登月舱“鹰”号着陆。六小时后，阿姆斯特朗于世界标准时间 7 月 21 日踏上月球表面。他们在起飞前在月球表面度过了大约 21 小时。该任务于四天前的 1969 年 7 月 16 日从肯尼迪航天中心发射升空。,阿波罗 11 号任务于 1969 年 7 月 16 日发射升空。
解释采用基础设施即代码 (IaC) 的核心优势和挑战。,,基础设施即代码 (IaC) 是一种通过机器可读的定义文件而非手动配置来管理和配置计算基础设施（网络、负载均衡器、虚拟机）的实践。主要优势包括提高一致性、减少配置漂移、加快部署时间、通过版本控制（GitOps）增强可审计性，以及在不同环境中的可重复性。主要挑战涉及技术团队陡峭的初始学习曲线、管理跨多个环境的复杂状态文件（尤其是使用 Terraform 等工具时），以及确保配置模板本身的适当安全强化。
将以下城市按其各自的大洲进行分类：里约热内卢、伦敦、约翰内斯堡、悉尼、巴黎、东京、开罗、温哥华。,,"欧洲: 巴黎, 伦敦
非洲: 约翰内斯堡, 开罗
亚洲: 东京
南美洲: 里约热内卢
大洋洲: 悉尼
北美洲: 温哥华"
根据文本，ARPANET的主要近期目标是什么？哪一个关键的设计原则确保了其运行的稳健性？,高级研究计划局网络（ARPANET）是1969年创建的一个开创性的广域网。它主要由美国国防部的ARPA（后来的DARPA）资助。最初的目标是稳健的通信：允许不同地点的科学家快速高效地共享计算机资源和研究成果。一个关键的设计原则是冗余性；网络的结构方式是，如果任何单个节点或连接发生故障，数据仍然可以通过其他路径重新路由，即使在潜在的军事冲突或基础设施故障期间也能确保可靠性。第一次连接于1969年10月在加州大学洛杉矶分校（UCLA）和斯坦福研究所（SRI）之间建立。虽然它经常被认为是纯粹为了军事弹性而建造，但其即时功能和主要用途是学术资源共享，并确立了分组交换技术作为数据传输的标准。,ARPANET的主要近期目标是稳健的通信和资源共享，特别是允许不同地点的科学家快速高效地共享计算机资源和研究成果。确保其运行稳健性的关键设计原则是冗余性，它使网络得以构建，以便在任何单个节点或连接发生故障时，数据都可以通过替代路径重新路由。
吉萨大金字塔内国王密室的尺寸是多少？,吉萨大金字塔是吉萨墓地中三座金字塔中最大的一座，是为埃及第四王朝法老胡夫建造的。它最初高146.6米（481英尺），但由于其外层石块和顶石的缺失，目前的高度为138.5米（454英尺）。金字塔内部有三个已知的密室：未完工的地下室、王后密室和国王密室，国王密室长10.45米，宽5.20米，高5.80米。,国王密室长10.45米，宽5.20米，高5.80米。
解释光合作用的过程。,,光合作用是植物、藻类和某些细菌用来将光能转化为化学能（食物）的过程。这种能量储存在碳水化合物分子中，例如糖类，这些分子是由二氧化碳和水合成的。该过程主要发生在植物细胞的叶绿体中。必需的输入是阳光、水 (H₂O) 和二氧化碳 (CO₂)。关键产物是葡萄糖 (C₆H₁₂O₆) 和氧气 (O₂)。氧气的释放对于维持地球上大多数好氧生命至关重要，使得光合作用成为几乎所有陆地食物链的基础。
列出古代世界原有的七大奇迹。,,罗德岛太阳神巨像、吉萨大金字塔、巴比伦空中花园、亚历山大灯塔、哈利卡纳苏斯陵墓、奥林匹亚宙斯神像，以及以弗所的阿尔忒弥斯神庙。
为什么这种常见的食物“三明治”被称为“三明治”？,三明治是以第四代三明治伯爵约翰·蒙塔古（John Montagu）的名字命名的。他是一位18世纪的英国贵族，根据普遍的传说，他要求仆人将肉放在两片面包之间，以便他可以边吃边玩赌博游戏而不被打断。这让他可以空出一只手，并避免弄脏扑克牌。他的朋友们很快就开始点“和三明治伯爵一样的”，这个名字就流传了下来。,三明治是以第四代三明治伯爵约翰·蒙塔古（John Montagu，1718–1792）的名字命名的。据称，他要求将肉放在面包片之间，这样他就可以在赌博时进食，无需使用餐具或暂停游戏，从而保持双手清洁和空闲。
列出我们太阳系中的八大行星，从离太阳最近的开始。,,"水星, 金星, 地球, 火星, 木星, 土星, 天王星, 海王星"
提取下文中提到的所有质数，并按降序排列，用逗号分隔。,"这项研究进行了17个月，涉及29名参与者。最初的小组规模是42人，但有3人退出了。我们收集了11个关键数据点。最终报告长达53页，详细介绍了总计89,000美元的费用，不包括13美元的设置费。","89, 53, 29, 17, 13, 11, 3"
我需要向我的老板要求加薪。,,"尊敬的 [经理姓名]：

我特此正式申请对我的当前薪资和职位进行审查。在过去 12 个月里，我的职责范围显著扩大，并且我一直超出了当前职位的既定期望。

具体来说，我完成了以下工作：

1. 成功领导了“凤凰项目”（Project Phoenix）的启动，使第三季度用户参与度提高了 15%。
2. 优化了内部报告流程，估计每周为团队节省了 10 小时的工作时间。
3. 指导了两名初级员工，他们现在都能够高水平地开展工作。

我现在承担的职责通常与“高级 [当前职位]”级别相关，我相信我的贡献正在显著推动团队成功和公司收入的增长。我也于近期完成了一项针对此扩大职能的市场薪酬分析，我认为有必要进行薪资调整。

我希望有机会在下周与您安排一次会议，详细讨论我的绩效、职业发展轨迹和薪酬问题。感谢您的考虑。

此致，
[您的姓名]"
从文本中识别虚构人物及其所属的宇宙或系列。使用以下格式列出：人物：{姓名} | 宇宙：{系列/背景},利维亚的杰洛特是《巫师》系列小说和游戏中著名的猎魔人。在奇幻之外，你可能会发现侦探赫尔克里·波洛正在解决谜团，这些故事通常设定在两次世界大战之间英国的精致氛围中，他是阿加莎·克里斯蒂的创作。同时，让-卢克·皮卡德舰长的冒险通常发生在《星际迷航：下一代》的联邦星舰进取号-D上。更远的未来，陷入困境的赛博格草薙素子少校是《攻壳机动队》的核心人物。,"人物：利维亚的杰洛特 | 宇宙：《巫师》
人物：赫尔克里·波洛 | 宇宙：阿加莎·克里斯蒂的谜团
人物：让-卢克·皮卡德舰长 | 宇宙：《星际迷航：下一代》
人物：草薙素子少校 | 宇宙：《攻壳机动队》"
巴拿马运河是何时完工并开通的？,巴拿马运河是巴拿马一条长 82 公里的人工水道，连接大西洋和太平洋。该运河横穿巴拿马地峡，是海上贸易的通道。运河于 1914 年竣工，并于 1914 年 8 月 15 日通航。尽管最初法国的努力始于 1881 年，但美国接管并推动了该项目的完成。它仍然是国际航运的关键路线。,"运河于 1914 年竣工，并于 1914 年 8 月 15 日通航。

巴拿马运河是巴拿马一条长 82 公里的人工水道，连接大西洋和太平洋。尽管最初法国的努力始于 1881 年，但美国接管并推动了该项目的完成。"
将以下动物分为两类：“哺乳动物”或“爬行动物”：蓝鲸、鳄鱼、科莫多巨蜥、蝙蝠、鸭嘴兽、蟒蛇、灰熊。,,"哺乳动物: 蓝鲸、蝙蝠、鸭嘴兽、灰熊。
爬行动物: 鳄鱼、科莫多巨蜥、蟒蛇。"
如果你被困在一个荒岛上，只能听一张专辑，你会选择哪一张带在身边？,,作为一名人工智能，我不会在情感上体验音乐，也不会感到厌倦，因此选择一张专辑来求生存的概念是理论性的。然而，如果必须选择一张在数学上复杂且可以无限次重听的作品，我会选择迈尔斯·戴维斯（Miles Davis）的《A Kind of Blue》。它的调式爵士结构在和声上提供了无限的变化，并允许进行深入的结构分析而不会变得重复。它是简洁与深度的完美结合。
找出最常被认为是创造了商业上可行的白炽灯泡的发明家及其成功的年份。,尽管许多发明家为早期照明技术的发展做出了贡献，但托马斯·阿尔瓦·爱迪生通常被认为是商业上可行的白炽灯泡的发明者。1879年，经过对碳化竹纤维等材料的广泛实验，爱迪生和他的团队成功研制出了一种适合家庭使用的长效光源。像汉弗莱·戴维和约瑟夫·斯旺这样的人物先前的尝试很重要，但爱迪生成功地结合了改进的真空技术、高电阻灯丝以及必要的配电系统，将电灯带入了现代。,托马斯·阿尔瓦·爱迪生最常被认为是于1879年发明了商业上可行的白炽灯泡。
列出库伯勒-罗丝模型定义的悲伤的五个阶段。,,"悲伤的五个阶段，通常被称为DABDA，是：
1. 否认
2. 愤怒
3. 讨价还价
4. 抑郁
5. 接受"
总结同步和异步通信之间的主要区别。,,同步通信是实时发生的，要求所有各方同时在场（例如，电话通话）。异步通信不要求同时在场；消息发送和接收存在延迟，从而提供了灵活性（例如，电子邮件或短信）。
计算阿波罗11号任务从发射到溅落的总持续时间（以天为单位）。,阿波罗11号是首次载人登月的太空飞行。指令长尼尔·阿姆斯特朗和登月舱驾驶员巴兹·奥尔德林于世界标准时间1969年7月20日20:17将阿波罗登月舱“鹰”号降落在月球表面。六小时三十九分钟后，即7月21日02:56 UTC，阿姆斯特朗成为第一个踏上月球表面的人；奥尔德林大约在20分钟后加入了他。他们总共在飞船外活动了大约两个多小时，并收集了21.5千克（47.5磅）的月球物质带回地球。任务的第三名成员迈克尔·科林斯独自驾驶着指令舱“哥伦比亚”号在月球轨道上运行。阿波罗11号于1969年7月16日从肯尼迪航天中心发射，并于1969年7月24日安全溅落在太平洋，返回地球。,8天
罗塞塔石碑是何时、何地、由谁制作的？它包含哪三种文字？,罗塞塔石碑是一块花岗闪长岩石碑，上面刻有三份法令文本，该法令是公元前196年托勒密王朝时期，在埃及孟菲斯为托勒密五世国王颁布的。最上面的文本是古埃及象形文字，中间部分是世俗体（通俗体）文字，最下面是古希腊文。由于三种文字记载了相同的文本，这块石碑为破译埃及象形文字提供了关键。它于1799年7月在拿破仑埃及战役期间，被法国士兵在尼罗河西岸的拉希德（罗塞塔）发现。拿破仑战败后，根据《亚历山大条约》（1801年）的条款，这块石碑归英国所有。自1802年以来，它一直在大英博物馆公开展出。石碑高1123毫米，宽757毫米，厚284毫米，重量约为760公斤。,罗塞塔石碑于公元前196年，托勒密王朝时期，在埃及孟菲斯为托勒密五世国王颁布。它包含三种文字：古埃及象形文字（上部文本）、世俗体文字（中间部分）和古希腊文（最下部）。
"将以下词语分类为名词或动词：Run, Happiness, Table, Swim.",,"Run 是动词, Happiness 是名词, Table 是名词, Swim 是动词."
使用 MERN 技术栈构建现代单页应用 (SPA) 通常需要哪些核心组件？,,"MERN 技术栈是开发 Web 应用（尤其是 SPA）的一种流行框架。该缩写代表了所使用的四项关键技术：

1. **MongoDB：** 一种 NoSQL 数据库，以类似于 JSON 的文档形式存储数据，提供灵活性和可扩展性。
2. **Express.js：** 一个用于 Node.js 的简约、快速且不固执己见的 Web 应用框架，用于处理路由、中间件和 API 端点（即“后端”）。
3. **React：** 一个由 Facebook 开发的 JavaScript 库，用于构建用户界面 (UI)，特别是前端的交互式组件。
4. **Node.js：** 一个 JavaScript 运行时环境，允许 JavaScript 在服务器端使用，是构建 Express.js 的基础。

这些组件协同工作，提供了完整的端到端开发解决方案。"
根据估计的死亡人数，提供有记录以来五次最致命的火山喷发列表。,,"根据估计的直接死亡人数，以下是有记录以来五次最致命的火山喷发：
- 坦博拉火山，印度尼西亚（1815年）- 估计死亡人数90,000人以上（主要死于火山喷发后的饥荒/疾病）。
- 喀拉喀托火山，印度尼西亚（1883年）- 估计死亡人数36,000人（主要死于海啸）。
- 培雷火山，马提尼克（1902年）- 估计死亡人数30,000人（火山碎屑流）。
- 内瓦多·德·鲁伊斯火山，哥伦比亚（1985年）- 估计死亡人数25,000人（泥石流/火山泥流）。
- 维苏威火山，意大利（公元79年）- 估计死亡人数16,000人（埋葬了庞贝和赫库兰尼姆）。"
描述一次你必须做出艰难决定，但最终产生了重大积极影响的经历。,,我做出的导致积极结果的最艰难决定是辞去我工作了八年的稳定企业职位，转而追求环境咨询领域的职业生涯。困难在于预期的财务不稳定性，以及来自珍视我以前职位声望的家人的压力。我为这个选择纠结了数月，为财务短缺制定了详细的应急计划。最终，做出这一飞跃让我能够将我的日常工作与我的核心价值观保持一致。尽管过渡期最初充满了不确定性并伴随着暂时降薪，但最终的结果是工作满意度的大幅提升、更好的工作与生活平衡，以及我的贡献真正有所价值的感觉。
什么是光合作用？为什么它很重要？,,光合作用是植物、藻类和某些细菌利用的过程，通常将来自太阳的光能转化为化学能（糖/葡萄糖），随后释放出来为生物体的活动提供燃料。这种复杂的生化过程主要发生在叶绿体中，叶绿体含有叶绿素色素。其通用方程式为：6CO₂ + 6H₂O + 光能 → C₆H₁₂O₆ + 6O₂。它具有根本性的重要意义，因为它是地球上大多数生态系统主要的能量生产方式，至关重要的是，它负责产生几乎所有生命形式呼吸所需的氧气。
根据文中信息，由弗洛里和钱恩领导的团队在青霉素方面做出了什么重大贡献？,青霉素是世界上第一批抗生素之一，于1928年由苏格兰医生亚历山大·弗莱明发现。他注意到一种霉菌——青霉（Penicillium notatum）污染了他正在研究的含有葡萄球菌的培养皿。至关重要的是，在霉菌周围，细菌无法生长。最初，弗莱明将这种由霉菌产生的物质称为“霉菌汁”，但后来将其命名为青霉素。虽然他成功分离了霉菌，但他发现很难提纯出活性抗菌剂，以用于大规模生产或人类治疗用途。十多年来，这一发现基本上停留在学术层面。直到20世纪40年代初，由霍华德·弗洛里和恩斯特·钱恩在牛津大学领导的团队开发出了大规模生产和稳定青霉素的方法，使其得以在第二次世界大战期间有效地用于治疗感染，从而彻底改变了医学，挽救了数百万人的生命。,由霍华德·弗洛里和恩斯特·钱恩在牛津大学领导的团队开发出了大规模生产和稳定青霉素的方法，使其得以在第二次世界大战期间有效地用于治疗感染。
起草一份由首席技术官 (CTO) 致全体员工的正式内部备忘录，内容关于公司主 VPN 服务器意外故障。备忘录必须传达即时替代方案（使用传统备份连接）以及全面恢复的计划时间表。,备份连接名称：AlphaNet-Secure；预计全面恢复时间：48 小时（太平洋标准时间周三上午 10 点）,"备忘录

收件人：公司全体员工
发件人：[CTO Name]（首席技术官）
日期：2024 年 10 月 28 日，星期一
主题：紧急警报：公司主 VPN 服务器中断及临时替代方案

各位同事：

我们目前正经历主要的内部企业 VPN 服务器基础设施意外且全面的中断。我们的网络运营团队于今早太平洋标准时间 8:00 确认了此次故障。此次中断正在阻止远程访问内部资源，包括共享驱动器和关键应用程序平台。

**即时替代方案：**

为确保持续运营，我们已启用紧急传统备份连接。所有需要 VPN 访问权限的员工应暂时使用 **AlphaNet-Secure** 连接路径。请注意，虽然此传统连接是安全的，但由于容量限制，性能可能会略有下降。有关通过 AlphaNet-Secure 进行连接的详细说明已发送至您的公司电子邮件收件箱。

**恢复时间表：**

我们的工程团队正在夜以继日地诊断和修复核心服务器组件。根据初步评估，我们预计主要 VPN 系统将在 **48 小时内**全面恢复。我们预计主系统将在**太平洋标准时间周三上午 10:00** 完全恢复运行。

感谢您的耐心与合作，我们将解决这一关键的基础设施问题。如有任何特定的连接问题，请立即联系 IT 帮助台。"
描述萨菲尔-辛普森飓风风力等级的五个类别以及与每个类别相关的典型损害。,,"萨菲尔-辛普森等级根据持续风速对飓风进行排名，从一级（强度最低）到五级（强度最高）：

1) 一级 (74-95 mph)：非常危险的风会造成一些损害。通常涉及轻微的结构损坏和持续几天的停电。
2) 二级 (96-110 mph)：极其危险的风会造成大面积损害。很可能出现严重的屋顶和墙板损坏；接近完全的电力损失，持续几天到几周。
3) 三级 (111-129 mph)：将发生毁灭性的损害。结构良好的房屋将遭受重大损坏或毁坏。预计会发生大范围停电和缺水，可能持续数周。
4) 四级 (130-156 mph)：将发生灾难性的损害。大多数地区将在数周或数月内无法居住。房屋结构严重失效，树木被折断或连根拔起。
5) 五级 (157 mph 或更高)：灾难性损害。很高比例的框架房屋将被摧毁，屋顶完全失效，墙壁倒塌。大部分地区将被隔离，电力基础设施将彻底毁坏。"
根据提供的阿波罗 11 号任务摘要，带回地球的月球物质总重量是多少？,阿波罗 11 号是首次将人类送上月球的美国太空任务。指挥官尼尔·阿姆斯特朗和登月舱驾驶员巴兹·奥尔德林于世界协调时间 1969 年 7 月 20 日 20:17 驾驶阿波罗登月舱“鹰”号着陆月球。六小时后，即 7 月 21 日，阿姆斯特朗成为第一个踏上月球表面的人，奥尔德林在 19 分钟后也踏上了月球。他们在飞船外共度过了大约两个一刻钟的时间，收集了 47.5 磅（21.5 千克）月球物质带回地球。当他们在月球表面时，指令舱驾驶员迈克尔·科林斯独自留在月球轨道上的指令舱“哥伦比亚”号内。阿波罗 11 号于 7 月 16 日由土星五号火箭从肯尼迪航天中心发射升空。,宇航员收集了 47.5 磅（21.5 千克）的月球物质。
定义工业革命并描述其主要影响。,,工业革命指的是18世纪到19世纪期间，欧洲和美洲的农业和农村社会转变为工业化和城市化的社会。这一转变涉及大规模的技术创新，最显著的是从手工生产方式向机器的过渡、引入煤炭和蒸汽等新能源，以及工厂制度的实施。主要影响是人们为从事工厂工作而迁往城市，导致快速的城市化，新的中产阶级和工人阶级（无产阶级）的兴起，商品的大规模生产增加，以及运输和通讯基础设施的重大变革。
证明暗物质存在的首要证据是什么？,暗物质是一种假想的物质形式，据信约占宇宙中物质总量的85%。它无法被直接观测到，因为它既不发射也不与电磁辐射（如光）相互作用，使其对传统望远镜来说是不可见的。它的存在完全是通过它对可见物质、辐射和宇宙大尺度结构产生的引力效应推断出来的。具体来说，最有力的证据来自于观测星系的旋转曲线。根据标准的牛顿引力理论，星系的旋转速度比它们所包含的可见物质所能允许的速度要快得多；如果没有额外的质量来源（暗物质）提供额外的引力，这些星系将会解体飞散。其他支持证据包括引力透镜（光线在巨大的、看不见的物体周围弯曲）以及来自宇宙微波背景（CMB）辐射的数据。,暗物质的存在主要通过其引力效应推断出来。最有力的证据是星系旋转曲线的观测；星系旋转得如此之快，以至于它们需要额外的、看不见的质量（暗物质）来阻止它们解体飞散。其他证据包括引力透镜以及在宇宙微波背景中观测到的效应。
根据提供的文本，玛丽·居里在哪两个不同的科学领域获得了诺贝尔奖？,玛丽·斯科沃多夫斯卡·居里是一位波兰裔和入籍法国的物理学家和化学家，她对放射性进行了开创性的研究。她是第一位获得诺贝尔奖的女性，是第一位且唯一一位两次获得诺贝尔奖的女性，也是唯一一位在两个不同科学领域获得诺贝尔奖的人。她与她的丈夫皮埃尔·居里以及物理学家亨利·贝克勒尔共同获得了1903年诺贝尔物理学奖，并于1911年独自获得了诺贝尔化学奖。,物理学和化学
清洁时应该混合漂白剂和氨水吗？,,绝对不行。混合它们会产生有毒的氯胺气体，这可能导致严重的呼吸道损伤甚至死亡。
将以下编程语言列表分为两类：“编译型”和“解释型”。,"Python, C++, Java, JavaScript, Ruby, Go, PHP, Assembly, Shell Script, Swift, R。","编译型语言包括：C++, Go, Assembly, Swift。
解释型语言包括：Python, JavaScript, Ruby, PHP, R, Shell Script, Java。"
在阿波罗11号任务期间，当其他宇航员在月球地面上时，哪位宇航员留在了指令舱中轨道上？,阿波罗11号任务是人类首次登月飞行。指挥官尼尔·阿姆斯特朗和登月舱驾驶员巴兹·奥尔德林于1969年7月20日降落在阿波罗登月舱“鹰”号上。六小时后，即7月21日，阿姆斯特朗成为第一个踏上月球表面的人。当其他人在地面上时，迈克尔·柯林斯独自驾驶着指令舱“哥伦比亚”号在月球轨道上飞行。,迈克尔·柯林斯
哪位总工程师负责在巴拿马运河的建设期间建立所需的基础设施？,巴拿马运河于1914年开通，连接了大西洋和太平洋。该建设工作在法国失败后主要由美国领导，耗时超过10年。主要人物包括总工程师约翰·弗兰克·史蒂文斯（John Frank Stevens），他负责建立了必要的基础设施，以及乔治·华盛顿·戈索尔斯（George Washington Goethals），他负责监督了挖掘和建设的最后阶段。,约翰·弗兰克·史蒂文斯
斯普特尼克1号运行了多少天？它最终于何时再入大气层烧毁？,斯普特尼克1号是第一颗人造地球卫星。苏联于1957年10月4日将其发射到椭圆形的近地轨道。它是一个直径58厘米（23英寸）的抛光金属球，带有四根外部天线。任务相对简单：卫星以两个频率（20.005 MHz和40.002 MHz）发送哔哔声的无线电脉冲，直到21天后，即1957年10月26日，电池耗尽。它在轨道上运行了92天，行程6000万公里，最终于1958年1月4日在太平洋上空再入大气层烧毁。它的成功发射引发了美国和苏联之间的太空竞赛。该项目由谢尔盖·科罗廖夫领导。,斯普特尼克1号在电池耗尽前运行了21天。它于1958年1月4日再入大气层烧毁。
如果红色的房子是用红色的砖头建造的，蓝色的房子是用蓝色的砖头建造的，那么温室是用什么建造的？,,玻璃。‘温室’一词指的是为种植植物而设计的结构，其名称描述的是其功能，而不是其主要建筑材料的颜色或材质。
根据提供的文本，列出青霉素的发现者、发现年份，以及负责提纯和大规模生产它的科学家的名字。,青霉素是最早和使用最广泛的抗生素之一，由苏格兰医生兼微生物学家亚历山大·弗莱明于 1928 年在伦敦圣玛丽医院偶然发现。弗莱明度假回来后，注意到一个培养葡萄球菌的培养皿中受到了霉菌污染物（青霉菌）的污染。他观察到霉菌抑制了细菌的生长，因此得出结论：它产生了一种能够杀死许多有害微生物的物质。虽然弗莱明最初的工作奠定了基础，但直到 20 世纪 40 年代初，由霍华德·弗洛里和恩斯特·钱恩领导的牛津大学科学家团队才对该药物进行提纯和大规模生产。他们的工作对于二战期间治疗感染至关重要，因此他们于 1945 年与弗莱明共同获得了诺贝尔生理学或医学奖。,青霉素的发现者是亚历山大·弗莱明（1928年）。负责提纯和大规模生产它的科学家是霍华德·弗洛里和恩斯特·钱恩。
澳大利亚的首都是哪里？,,堪培拉
解释光合作用的基本过程。,,光合作用是植物、藻类和某些细菌利用光能（通常来自太阳）将其转化为化学能（葡萄糖）的过程，这些化学能为生物体的活动提供燃料。该过程利用二氧化碳（CO2）和水（H2O）作为输入。叶绿素，即植物中的绿色色素，吸收阳光，引发化学反应，释放氧气（O2）作为副产品并产生糖类。
描述龙血树（Dracaena cinnabari）的特征和重要性。,龙血树（Dracaena cinnabari），俗称索科特拉龙血树或龙血树，是一种原产于也门索科特拉群岛的龙血树属植物。它是该岛最著名和最具特色的植物。这种树外观独特而奇特，树干笔直，树冠密集呈伞状。当树皮被割开时，它会流出深红色的树脂，被称为“龙血”，自古以来就被用作染料和药物。由于过度放牧和气候变化，该物种被认为是易危物种，其种群数量正在减少。,"龙血树（Dracaena cinnabari），俗称索科特拉龙血树或龙血树，是一种原产于也门索科特拉群岛的龙血树属植物。它是该岛最著名和最具特色的植物。 
这种树外观独特而奇特，树干笔直，树冠密集呈伞状。当树皮被割开时，它会流出深红色的树脂，被称为“龙血”，自古以来就被用作染料和药物。由于过度放牧和气候变化，该物种被认为是易危物种，其种群数量正在减少。"
将以下材料分类为天然或合成：尼龙，棉花,,棉花是天然的，尼龙是合成的。
将以下句子改写得更加正式和学术化，重点关注精确性并避免使用口语化的表达。,这个新部件工作得相当好，有点改变了我们在办公室里做事的方式。,近期引入的该设备表现出高效能，实质性地改变了组织环境内的操作流程。
概述每封专业的陌生开发邮件应包含的 5 个基本要素。,,"专业的陌生开发邮件的 5 个基本要素是：
1. 引人注目的主题行：必须简洁、相关且能引起好奇心，以确保邮件被打开。
2. 个性化的开场白：表明您已对收件人或其公司进行过研究，以建立即时相关性并避免听起来过于通用。
3. 清晰的价值主张：立即阐明您的产品或服务能为收件人带来的益处。侧重于他们的痛点，而不仅仅是您的功能。
4. 具体的行动号召 (CTA)：清晰地定义您希望收件人采取的下一个单一行动（例如：“您下周四有 15 分钟的空闲时间进行简短交流吗？”）。
5. 专业的签名块：包括您的全名、职称、公司名称和主要联系信息。"
仅根据提供的文本，解释互联网和万维网之间的主要区别。,相互连接的计算机网络的基础全球系统通常被称为互联网（Internet）。它是一个庞大的网络基础设施，一个支持连接的物理和逻辑通道。然而，万维网（World Wide Web，简称WWW）经常被误认为是互联网的同义词。万维网由蒂姆·伯纳斯-李于1989年发明，它实际上是建立在互联网基础设施之上的一种信息共享模型。它利用HTTP等协议，通过网络浏览器访问相互连接的文档和其他资源。因此，互联网是物理管道，而万维网是流经该管道的内容和通信系统。,互联网是提供连接的基础全球网络基础设施或“物理管道”。万维网（WWW）是建立在互联网基础设施之上、利用HTTP等协议的信息共享模型，它是流经该管道的内容和通信系统。
蒂姆·伯纳斯-李何时发表了万维网的提案？,万维网（WWW）是由英国计算机科学家蒂姆·伯纳斯-李在瑞士欧洲核子研究中心（CERN）工作时发明的。他开发了HTML、HTTP和URL的初始规范。首次成功的HTTP客户端和服务器通过互联网进行的通信发生在1990年末。伯纳斯-李于1989年3月发表了万维网的提案。,1989年3月
定义‘帕累托原则’，解释其在商业管理中的常见应用。保持定义简洁。,,帕累托原则，通常被称为二八定律（80/20 Rule），指出对于许多结果而言，大约80%的后果来自20%的原因（即‘关键少数’）。在商业管理中，该原则广泛应用于客户分析和生产力方面。例如，一家公司通常会发现其80%的收入仅由20%的客户贡献，或者80%的软件缺陷是由20%的代码模块造成的。
对于没有编程经验的初学者来说，学习 Python 的最佳方法是什么？,,首先安装最新版本的 Python，并设置一个集成开发环境 (IDE)，例如 VS Code 或 PyCharm。最初，重点掌握核心概念：变量、基本数据结构（列表、字典、元组）、控制流（if/else 语句、循环）以及定义函数。强烈推荐的资源是 Python 官方文档教程，或 edX 或 Coursera 等提供的免费在线课程。一旦掌握了基础知识，请立即转入小型、实用的项目，例如构建命令行计算器或简单的文本分析器，以巩固您的技能。
根据文本，线粒体的关键功能和独特特征是什么？,"线粒体通常被称为细胞的“动力工厂”。它们负责生成细胞所需的大部分三磷酸腺苷（ATP），ATP被用作化学能源。这个被称为细胞呼吸的关键过程主要发生在内膜上。虽然细胞功能所需的大部分DNA位于细胞核中，但线粒体拥有自己的微小环状DNA（mtDNA）并能独立复制。一个典型的人类肝细胞可能含有1,000到2,000个线粒体。",线粒体通过细胞呼吸生成细胞所需的大部分ATP（化学能源），因此获得了“细胞动力工厂”的昵称。它们的独特特征包括拥有自己的微小环状DNA（mtDNA）并能独立复制。
谁被认为是现代经济学之父？,,亚当·斯密
监督式学习和非监督式学习的核心区别是什么？,,监督式学习依赖于带标签的训练数据，这意味着输入数据已经关联了期望的输出（例如，将图片分类标记为“猫”或“狗”）。该算法学习一个从输入到输出的映射函数。相反，非监督式学习使用无标签数据。算法必须在没有事先指导的情况下推断数据中的结构或模式，通常用于聚类、关联或降维等任务。核心区别在于训练集中是否存在目标变量或预定义的答案。
铅元素的化学符号是什么？,,Pb
水的化学式是什么？,,H₂O
截至 2021 年，奥斯汀的估计人口是多少？,"截至 2021 年，奥斯汀的估计人口为 964,177 人，高于 2020 年人口普查时的 961,855 人。该市是奥斯汀-圆石城都市统计区（Austin–Round Rock metropolitan statistical area）的文化和经济中心，该统计区截至 2020 年 7 月 1 日的估计人口为 2,295,303 人，比 2000 年大约增加了 84%。它位于德克萨斯州中部，隶属于更大的德克萨斯丘陵地区 (Texas Hill Country)，拥有众多的湖泊、河流和水道，包括科罗拉多河上的知更鸟湖 (Lady Bird Lake) 和特拉维斯湖 (Lake Travis)，以及巴顿泉 (Barton Springs)、麦金尼瀑布 (McKinney Falls) 和沃尔特·E·朗湖 (Lake Walter E. Long)。",964177
目前市面上有完全达到 Level 5 级别自动驾驶的汽车吗？,,没有。截至 2024 年年中，尚无任何汽车制造商发布能够实现真正 Level 5 (L5) 级别自动驾驶的车辆。L5 意味着车辆能够在任何环境、任何天气条件下安全运行，无需人类干预。虽然有几家公司提供先进的 Level 3 (L3) 系统，并且一些公司正在测试受限的 Level 4 (L4) 系统（这些系统仅在限定的地理区域内运行），但实现通用 L5 的技术和法律障碍仍然很大。
在创作詹姆斯·邦德这个角色之前，作者伊恩·弗莱明在第二次世界大战期间担任什么职务？,,伊恩·弗莱明曾在英国皇家海军志愿后备队中担任海军情报局局长（DNI）约翰·戈弗雷海军上将的私人助理。他深度参与了情报行动的规划工作，这些经历后来启发了詹姆斯·邦德小说中的一些元素。
将单词“bright”替换为“dull”，并将短语“I ran”改为“We walked”,昨天的天气很晴朗，所以我很快地跑去市场。,昨天的天气很阴沉，所以我们很快地走去市场。
土星最大的卫星是哪一个？土卫六还是海卫一,,土卫六
为什么光进入玻璃时会变慢？,光是一种电磁波。当它在真空中传播时，它以最大速度c运动。玻璃由原子和分子组成。光与这些粒子的电场相互作用，导致持续的吸收和再发射延迟，从而减慢了波前的有效速度。,光与玻璃中的原子和分子的电场相互作用，导致持续的吸收和再发射延迟，从而减慢了波前的有效速度。
"根据以下单词和短语的主要词性进行分类：running, beautifully, computer, quickly, jump, large, decision, analyze, often, red, success, write。",,"名词: computer, decision, success

动词: running, jump, analyze, write

形容词: large, red

副词: beautifully, quickly, often"
解释敏捷方法论的核心原则，以及它与瀑布式开发有何不同。,,敏捷方法论围绕《敏捷宣言》中概述的四个核心价值观展开：个体与互动重于流程与工具；可工作的软件重于详尽的文档；客户合作重于合同谈判；以及响应变化重于遵循计划。这些价值观通过被称为“冲刺”（Sprints）的短期迭代周期（通常持续两到四周）推动开发，从而实现频繁的检查和调整。与瀑布式开发的主要区别在于，瀑布式开发是一个线性的、顺序的设计过程，开发流程向下流动（如同瀑布），经历需求、设计、实施、验证和维护等阶段。需求在早期就已固定。相反，敏捷方法接受涌现的需求，重视持续的反馈循环，并优先频繁交付可用的工作产品增量，使其能够高度适应市场需求的变化。
制定一个系统的、为期12个月的阅读计划，以向我介绍科幻小说（Science Fiction）的主要子类型和作者。,,"第1个月：黄金时代的基石
- 焦点：奇想感（Sense of Wonder），探索，机器人学
- 关键作品：《我，机器人》（Isaac Asimov）。目标长度：300页。
- 子类型：硬科幻（早期）

第2个月：太空歌剧与史诗规模
- 焦点：银河帝国，高风险冲突
- 关键作品：《沙丘》（Frank Herbert）。目标长度：600页。
- 子类型：生态科幻，太空歌剧

第3个月：早期反乌托邦与社会评论
- 焦点：极权控制，警示叙事
- 关键作品：《美丽新世界》（Aldous Huxley）。目标长度：250页。
- 子类型：反乌托邦

第4个月：硬科幻与科学现实主义
- 焦点：天体物理学概念，详细的技术
- 关键作品：《接触》（Carl Sagan）。目标长度：450页。
- 子类型：硬科幻

第5个月：赛博朋克
- 焦点：“高科技，低生活”，意识，虚拟现实
- 关键作品：《神经漫游者》（William Gibson）。目标长度：350页。
- 子类型：赛博朋克

第6个月：新浪潮与社会科幻
- 焦点：文学风格，性别角色，社会规范
- 关键作品：《黑暗的左手》（Ursula K. Le Guin）。目标长度：300页。
- 子类型：女权主义科幻，社会科幻

第7个月：行星罗曼史与探险
- 焦点：异星探险，非人类文化
- 关键作品：《火星公主》（Edgar Rice Burroughs）。目标长度：200页（经典）。
- 子类型：行星罗曼史

第8个月：架空历史与菲利普·K·迪克
- 焦点：扭曲现实，分叉的时间线
- 关键作品：《高堡奇人》（Philip K. Dick）。目标长度：250页。
- 子类型：架空历史

第9个月：后末世与生存
- 焦点：文明的崩塌，人类的坚韧
- 关键作品：《路》（Cormac McCarthy）。目标长度：280页。
- 子类型：后末世科幻

第10个月：非洲未来主义与文化思辨
- 焦点：黑人文化、技术与解放的交汇点
- 关键作品：《宾提》（Nnedi Okorafor）（中篇三部曲）。总目标长度：280页。
- 子类型：非洲未来主义

第11个月：现代恐怖/生物朋克
- 焦点：生物工程，身体改造，怪异的本质
- 关键作品：《湮灭》（Jeff VanderMeer）。目标长度：200页。
- 子类型：生物朋克，新怪谭

第12个月：时间旅行与悖论
- 焦点：因果关系，对过去/未来的操纵
- 关键作品：《血缘》（Octavia E. Butler）。目标长度：260页。
- 子类型：时间旅行，社会科幻"
根据文本，哪些船只或个人成功到达了挑战者深渊的底部？,"马里亚纳海沟是地球上最深的海沟。它位于西太平洋，在马里亚纳群岛以东约 200 公里处。该海沟呈新月形，长约 2,550 公里（1,580 英里），宽 69 公里（43 英里）。已知的最大深度位于其南端，被称为挑战者深渊，深度为 10,984 米（36,037 英尺）。作为参考，如果将珠穆朗玛峰放置在挑战者深渊中，其峰顶仍会在水面下一英里多。只有四次探险成功到达了挑战者深渊的底部：第一次是 1960 年的深海潜水器“的里雅斯特”号（Trieste），其次是 1996 年的遥控潜水器“海沟”号（Kaikō），2009 年的混合型潜水器“奈里厄斯”号（Nereus），以及最近的 2012 年詹姆斯·卡梅隆乘坐“深海挑战者”号（Deepsea Challenger）进行的单人潜水。",文中提到的成功探险包括深海潜水器“的里雅斯特”号 (Trieste) (1960)、遥控潜水器“海沟”号 (Kaikō) (1996)、混合型潜水器“奈里厄斯”号 (Nereus) (2009)，以及詹姆斯·卡梅隆乘坐“深海挑战者”号 (Deepsea Challenger) 进行的单人潜水 (2012)。
描述在广阔的自然环境中，完全孤独的感觉。,,自然中的孤独不仅仅是人类的缺席；它是其他一切事物的绝对存在。它始于一种听觉体验——寂静在耳边回响得如此响亮，以至于你开始辨别出世界微妙而潜在的嗡鸣声：松针间风的低语，岩石下沙子的微小移动，远处一条缓慢流淌的河流的规律脉动。首先袭来的是一种深刻的脆弱感，一种针对古老地质的冷漠，突然意识到自身生物学的渺小。但这种恐惧很快转化为一种解放性的清晰。你的思绪摆脱了人际交往中微不足道的焦虑——那些表演性的伪装、无休止的谈判——纯粹地专注于感觉。空气闻起来清新而凛冽，带着潮湿泥土和腐烂树叶的气息。阳光，没有被城市烟雾过滤，照在你的皮肤上，感觉真实而温暖。你意识到你的意义并非来自与他人的关系，而是来自你暂时、完美地融入了这个生态系统。在那短暂的时期里，你只是一个观察其他生物过程的生物过程，被剥离成纯粹的意识，感到既完全孤独，又完整、不可逆转地与万物相连。
我的厨房水槽完全堵塞了，水流不下去。在不立即请水管工的情况下，最好的疏通方法是什么？,,"在求助于专业人士之前，您有几种选择。

1. **开水：** 将一壶开水慢慢倒入下水道，通常可以溶解油脂或轻微的堵塞物。重复几次。

2. **使用皮搋子：** 如果开水无效，请使用小型杯状皮搋子。在水槽中放足够的水以覆盖皮搋子的头部，在下水道口周围形成严密的密封，然后用力抽压20-30秒。

3. **小苏打和醋：** 将 1/2 杯小苏打倒入下水道，然后倒入 1 杯白醋。立即用塞子盖住下水道口，以容纳气泡反应。静置 30 分钟，然后用很热的水冲洗。

4. **检查存水弯（P型弯管）：** 如果堵塞仍然存在，堵塞物可能位于存水弯（水槽下方弯曲的管道）中。在下方放置一个桶，使用扳手松开存水弯上的活接螺母，然后手动清除里面的任何碎屑。确保重新拧紧组装，以防止泄漏。"
定义“轰鸣运动”（roaring game）一词，并解释其在冰壶运动中的起源。,冰壶运动（Curling），通常被称为“轰鸣运动”，是一项运动员在冰面上将冰壶石滑向由四个同心圆划分的靶区的运动。它起源于中世纪的苏格兰。“轰鸣运动”这个昵称来源于重达40磅的花岗岩冰壶石在颗粒状冰面上滑动时发出的巨大的隆隆声。,“轰鸣运动”是冰壶运动的一个常用昵称。这个名字的由来是因为重达40磅的花岗岩冰壶石在比赛中滑过颗粒状冰面时会发出巨大的隆隆声。
根据以下元素在标准温度和压力（STP）下的自然状态（固体、液体或气体）进行分类。这些元素是：氧、溴、金、汞、氖、硫。,,"固体：金，硫。
液体：溴，汞。
气体：氧，氖。"
埃菲尔铁塔是何时建造的，最初的目的是什么？,,埃菲尔铁塔的建造始于1887年，于1889年完工，正好赶上1889年世界博览会（Exposition Universelle）。它最初的目的是作为博览会的入口拱门，并作为法国工业实力的临时展示。尽管最初计划在20年后拆除，但由于它作为无线电报站的价值，最终得以保留。
定义什么是算法，并提供一个它在现代技术中的常见应用示例。,,算法是定义明确、可由计算机执行的有限指令序列，通常用于解决一类问题或执行某种计算。实质上，它是一种用于计算的循序渐进的步骤。一个常见的应用是GPS导航系统。当你输入一个目的地时，GPS会使用路由算法（如Dijkstra算法或A*搜索）来评估不同的可能路线、节点（交叉路口）和边的权重（旅行时间或距离），从而计算出最快或最短的路径。
现代交通信号灯如何检测到有汽车在十字路口等待？,,大多数现代交通信号灯使用嵌入在路面下的感应线圈传感器。这些线圈会产生电磁场，当一个大型金属物体（如汽车）停在它们上方时，电磁场就会受到干扰，从而向信号灯控制器发出改变相位的信号。较新的系统还会利用雷达或摄像头视觉进行检测。
约翰内斯·古腾堡在他完善的活字铸造工艺中使用的合金材料是什么？,约翰内斯·古腾堡通常被认为是约1440年在欧洲发明了机械活字印刷机。然而，已知最早的活字印刷系统是由中国的毕昇在宋朝（约公元1040年）使用陶瓷材料创建的。古腾堡后来完善了铸造工艺，使用了铅、锡和锑的混合物，这比早期的木刻印刷或陶瓷活字更耐用、更高效，适用于大规模生产。他的工作彻底改变了通信方式，被认为是文艺复兴时期的一个关键时刻。,铅、锡和锑的混合物。
列出世界上已建成的最高的5座建筑，按从高到低的顺序，附带它们的高度和位置。,,"1. 哈利法塔 (828 米) - 迪拜, 阿联酋
2. 默迪卡118大楼 (678.9 米) - 吉隆坡, 马来西亚
3. 上海中心大厦 (632 米) - 上海, 中国
4. 麦加皇家钟塔饭店 (601 米) - 麦加, 沙特阿拉伯
5. 平安金融中心 (599.1 米) - 深圳, 中国"
将以下美国总统分类为“早期共和时代”（1820年之前任职）或“现代时代”（1900年之后任职）：乔治·华盛顿、托马斯·杰斐逊、富兰克林·D·罗斯福、巴拉克·奥巴马、唐纳德·特朗普、约翰·亚当斯、詹姆斯·门罗、德怀特·D·艾森豪威尔、约翰·F·肯尼迪、乔·拜登、詹姆斯·麦迪逊、乔治·W·布什。,,"早期共和时代：乔治·华盛顿, 托马斯·杰斐逊, 约翰·亚当斯, 詹姆斯·门罗, 詹姆斯·麦迪逊。

现代时代：富兰克林·D·罗斯福, 巴拉克·奥巴马, 唐纳德·特朗普, 德怀特·D·艾森豪威尔, 约翰·F·肯尼迪, 乔·拜登, 乔治·W·布什。"
黄金的化学符号是什么？,,Au
使用提供的 TechCo 季度财务数据，计算公司的营业利润（收入减去运营费用）。,TechCo 今天公布了其第三季度财报。本季度收入为 145 亿美元，同比增长 15%。净收入为 31 亿美元。然而，他们的运营费用总计 109 亿美元，主要由研发成本驱动。,营业利润为 36 亿美元。
碎片大厦是什么？,,"碎片大厦（The Shard），又称玻璃碎片（Shard of Glass），是位于英国伦敦萨瑟克区的一座72层摩天大楼。它高309.7米（1,016英尺），是英国最高的建筑，也是欧洲第七高的建筑。

由意大利建筑师伦佐·皮亚诺设计，该项目于2009年3月开始施工，主体结构于2012年3月封顶，并于2012年7月正式启用。皮亚诺设计了这座覆盖玻璃的、不规则的金字塔形塔楼，旨在让这座建筑看起来像一座从泰晤士河升起的尖顶。

这座建筑是一个多功能空间，内有办公室、住宅公寓、五星级的香格里拉大酒店，以及被称为“碎片大厦观景台”（The View from The Shard）的高层观景台。"
描述沃伊尼奇手稿的起源、内容和当前意义。,,"沃伊尼奇手稿（Voynich Manuscript）是一本插图古籍，以一种未知的文字和语言（通常被称为“沃伊尼奇语”）手写而成。它以波兰书商威尔弗里德·沃伊尼奇（Wilfrid Voynich）的名字命名，他于1912年购买了它。放射性碳定年法显示这些羊皮纸页的年代介于1404年至1438年之间，表明它可能是在意大利早期文艺复兴时期创作的。作者的身份和该书的原始目的仍然是密码学和历史语言学中最持久的两个谜团。

在物理结构上，该手稿包含大约240页羊皮纸。根据所附插图的性质，其内容被分为六个可识别的部分：草药学（描绘了与已知物种不符的植物图画）、天文学（太阳、月亮和星星的图表，通常包含黄道十二宫的符号）、生物学（以许多裸体女性形象和内部系统为特色）、宇宙学（用途不明的圆形图表）、药学（各种根和叶的标注图）以及配方（附有标注的星星或符号的简短段落）。

它的意义几乎完全在于它完全抵抗解密。尽管专业的密码学家、学术语言学家和二战时期的密码破译者持续努力，但该文本仍然无法阅读。围绕手稿性质的理论差异很大：一些人认为它是一种真正的加密语言或代码（可能用于医疗或神秘目的），而另一些人则认为它是一个精心策划的骗局、由隐写设备生成的无意义字符序列，或是一种用虚构字母表书写的自然语言。它目前收藏在耶鲁大学的拜内克珍本和手稿图书馆。"
海马体在人脑中的主要功能是什么？,,海马体是人类和其他脊椎动物大脑的主要组成部分，它主要与记忆相关，特别是长期记忆的形成和空间导航。它是将短期记忆转化为更持久记忆（巩固）的关键结构。此外，海马体在空间记忆中起着至关重要的作用，使我们能够导航熟悉的路线并记住物体的位置。该区域的损伤通常会导致形成新记忆的严重困难，这种情况被称为顺行性遗忘症。
修建中国长城的主要目的和长期影响是什么？,,如今统称为中国长城的各个部分，其修建的主要目的是军事防御。它始于公元前7世纪的各个封建国家，后来在明朝（1368年至1644年）期间得到最广泛的连接和扩张。长城的作用是保护农业腹地免受源自欧亚大草原的游牧民族（特别是匈奴和后来的蒙古人）的侵扰。除了防御之外，长城系统还具有边境管制的功能，能够对货物征收关税、规范贸易，并作为信使和军事人员的运输通道。它的长期影响是深远的：它代表了人类工程和劳动的巨大壮举，往往涉及被征募工人的巨大痛苦和死亡。今天，它作为中国民族和统一的最受认可的象征，证明了其历史上的孤立主义政策，并在全球范围内被誉为联合国教科文组织世界遗产。
解释收听播客相对于观看传统电视节目的优势。,,播客相对于传统电视具有多项优势，主要在于其格式和可访问性。最显著的好处是能够进行多任务处理；听众可以在通勤、锻炼或做家务时吸收内容，而这些活动与看电视是不兼容的。此外，播客高度便携且易于访问，通常是免费的，并且可以下载供离线使用。从内容角度来看，播客经常深入探讨高度专业化或小众的主题，其深度是主流电视节目很少提供的。它们还提供了一种不同类型的参与感——由于它们仅依赖音频，因此鼓励积极倾听和想象，并且通常比大型电视制作感觉更亲密或更具对话性。
根据文本，是哪种霉菌污染了亚历山大·弗莱明的培养皿，从而导致了青霉素的发现？,青霉素是最早且应用最广泛的抗生素之一，是苏格兰医生亚历山大·弗莱明于1928年在伦敦圣玛丽医院偶然发现的。他注意到一种霉菌，即 *Penicillium notatum*，污染了一培养皿的葡萄球菌，并观察到该霉菌抑制了细菌的生长。尽管弗莱明公布了他的发现，但大规模生产和临床应用直到20世纪40年代初霍华德·弗洛里和恩斯特·钱恩开展工作后才开始。他们在第二次世界大战期间开发了大规模纯化方法，彻底改变了医学。,*Penicillium notatum*
解释通货膨胀的概念及其常见原因。,,"通货膨胀是指一个经济体在一段时间内，商品和服务总体价格水平持续上涨的现象。当总体价格水平上升时，每一单位货币能购买的商品和服务就会减少；因此，通货膨胀反映了单位货币购买力的下降。它通常使用消费者物价指数（CPI）等指标来衡量。

通货膨胀的主要原因通常分为三类：

1. 需求拉动型通货膨胀：当经济中的总需求超过总供给时发生。即过多的货币追逐过少的商品。
2. 成本推动型通货膨胀：由于生产成本增加（例如，工资上涨、材料成本增加或税收提高）导致商品或服务总体供应减少时发生。
3. 固有型通货膨胀：通常源于适应性预期，即人们预期当前的高通胀率将持续下去，从而导致工人要求更高的工资，而公司则将这些成本以更高价格的形式转嫁给消费者。"
《银河系漫游指南》的作者是谁？,,道格拉斯·亚当斯。
法国的首都是哪里？,,法国的首都是巴黎。
澳大利亚的首都是哪里？,,堪培拉
列出美国的前三任总统。,,美国的前三任总统是乔治·华盛顿、约翰·亚当斯和托马斯·杰斐逊。
熔岩流的哪种特性导致了盾状火山的独特形状？,盾状火山是几乎完全由流动熔岩流构造成的大型火山。它们因其低矮的轮廓而得名，形状类似于躺在地上的战士的盾牌。它们由高流动性、低粘度的熔岩形成，这些熔岩可以流淌很远的距离。位于夏威夷的冒纳罗亚火山（Mauna Loa）是地球上按质量和体积计算最大的盾状火山，从海底上升约9000米，覆盖了夏威夷岛约一半的面积。,高流动性、低粘度的熔岩
解释 JavaScript 中 '==' 和 '===' 运算符之间的区别。,,==' (相等) 运算符检查两个值是否相等，如果类型不同，则执行类型强制转换（例如，比较 5 和 '5' 将返回 true）。'===' (严格相等) 运算符检查两个值是否相等，不进行类型强制转换，这意味着值和数据类型必须完全相同才能返回 true（例如，比较 5 和 '5' 将返回 false）。
公认记载历史上最短的战争是什么？,,英桑战争，发生于1896年8月27日。敌对行动持续了38到45分钟，最终英国取得了决定性的胜利，并结束了桑给巴尔苏丹国的独立。
用简单的术语解释什么是重力。,,重力是物体之间相互吸引的力。它是我们能够停留在地球上以及物体会向下落的原因。
根据所提供的文本，青霉素的意外发现归功于谁？此事发生在哪一年？,抗生素的历史是漫长而复杂的，但第一个真正的现代抗生素是青霉素。它最早于1896年被欧内斯特·杜切斯内观察到，但他的工作被忽视了。公认的意外发现发生在1928年9月，当时苏格兰细菌学家亚历山大·弗莱明度假归来，注意到一个葡萄球菌培养皿上受到了一种霉菌污染物（点青霉）的污染。这个培养皿被遗留在圣玛丽医院的一扇开着的窗户附近。尽管弗莱明发表了他的发现，但直到20世纪40年代初，由于霍华德·弗洛里和恩斯特·钱恩后期的工作，青霉素才成功实现大规模生产和医疗用途的稳定化。青霉素的最初应用受到其短半衰期的限制，但它在全球范围内彻底改变了医学。,青霉素的意外发现归功于亚历山大·弗莱明，此事发生在1928年9月。
根据国际天文学联合会（IAU），行星和矮行星的区别是什么？,,行星必须满足三个标准：它围绕太阳运行、具有足够的质量使其呈现出近乎圆形的形状，并且已经清除了其轨道周围的区域。矮行星满足前两个标准，但尚未清除其轨道路径上的其他碎片。
提高睡眠质量和整体休息水平最有效的策略是什么？,,最有效的策略包括保持一致的睡眠时间表，即使在周末也是如此。确保你的卧室环境凉爽（大约 65°F 或 18°C）、黑暗且安静。睡前至少一小时限制接触蓝光（屏幕），并避免在临近就寝时间摄入咖啡因或大餐。定期锻炼有帮助，但要避免在临近睡眠时间进行剧烈运动。
解释监督式和非监督式机器学习模型之间的主要区别。,,"监督式学习和非监督式学习的根本区别在于它们使用的数据性质以及算法的最终目标。

首先，**数据类型：** 监督式学习利用“标记”（labeled）数据，其中输入数据被映射到一个相关的输出变量（即“答案”）。模型通过这种输入-输出配对进行学习。相反，非监督式学习处理“未标记”（unlabeled）数据。算法必须在没有预定义目标或输出的情况下，在数据中找到隐藏的模式或结构。

其次，**目标：** 监督式学习的目标通常是预测性的——可以是分类（预测一个类别标签，如“垃圾邮件”或“非垃圾邮件”）或回归（预测一个连续值，如房价）。非监督式学习的目标是描述性和探索性的——其主要任务是聚类（将相似数据点分组）或关联（发现描述大部分数据的规则），用于发现潜在结构。

第三，**复杂性和工作量：** 监督式学习需要大量的人力进行初始投入，以准确地标记训练数据，这可能成本高昂且耗时。非监督式学习在初始数据准备方面通常更容易设置，但解释算法发现的模式往往需要更多的领域专业知识。"
解释为什么地球在一年中会经历不同的季节。,,地球的季节变化是由于其自转轴相对于绕太阳轨道的倾斜（大约 23.5 度）造成的。这种倾斜是主要驱动因素，而不是地球与太阳距离的变化。当地球公转时，不同的半球会向着或背离太阳倾斜，导致白昼长度的变化以及阳光照射地表角度的变化。当一个半球朝向太阳倾斜时（夏季），太阳能更加集中，从而导致温度升高。当它背离太阳倾斜时（冬季），能量分散，从而导致温度降低。
罗塞塔石碑的历史意义是什么？,,罗塞塔石碑是一块古埃及石碑，上面刻有相同法令的三种文字版本：象形文字、世俗体文字和古希腊文。它的里程碑式意义在于，在1799年被法国士兵发现之前，解读和书写象形文字的知识已经失传了几个世纪。通过比较已知的古希腊文本与未知的象形文字和世俗体，学者们（其中最著名的是让-弗朗索瓦·商博良）最终于1822年成功破译了埃及文字系统，为现代研究打开了数千年的埃及历史和文化大门。
根据以下动物的主要饮食对其进行分类：狮子、奶牛、猪、老鹰、长颈鹿,,"狮子: 食肉动物
奶牛: 食草动物
猪: 杂食动物
老鹰: 食肉动物
长颈鹿: 食草动物"
识别并论证电影史上最具影响力的单一电影特效片段。,,最具影响力的特效片段是史蒂文·斯皮尔伯格的《侏罗纪公园》（1993）中的霸王龙围场场景。虽然早期的电影也有效地使用了CGI，《侏罗纪公园》却是一个转折点，它永久性地将行业标准从定格动画和大型实用模型等传统技术转向了数字技术。该场景展示了完整的数字霸王龙在真实的日光下行走、追逐和咆哮，实现了前所未有的照片级真实感。这个片段证明了计算机可以生成可信、复杂的有机生命，并将其与真人表演无缝整合，向制片人证明了数字特效可以承载一部电影核心内容的感情重量。这一个场景巩固了工业光魔（Industrial Light & Magic）数字部门的主导地位，并从根本上改变了未来三十年视觉效果艺术家所需的技能要求。
模糊逻辑的核心原则是什么？,模糊逻辑是一种多值逻辑形式，其中变量的真值可以是 0 到 1 之间的任意实数（包括 0 和 1）。它处理的是近似推理，而非固定和精确的推理。与经典的布尔逻辑（其中一切非真即假 (1 或 0)）不同，模糊逻辑允许部分真理，从而提供了细微差别。这使得它在开发控制系统（例如防抱死制动系统 (ABS) 或空调装置）时特别有用，因为这些系统中的输入通常是不精确的，需要连续调整而不是简单的二元决策。它于 1965 年由 Lotfi Zadeh 在加州大学伯克利分校首次提出。,模糊逻辑是一种多值逻辑形式，其中变量的真值可以是 0 到 1 之间的任意实数，允许部分真理和近似推理，而不是固定的、精确的二元结果。
历史学家认为导致西罗马帝国最终灭亡的主要因素是什么？,西罗马帝国的衰落是一个持续了几个世纪的复杂过程。一个重要因素是长期的经济困难，其特点是恶性通货膨胀、支持庞大军队所需的过度税收，以及由于持续冲突导致的贸易路线衰退。此外，帝国幅员辽阔，使得治理和防御变得困难；军队为了保护广阔的边境免受日益增加的日耳曼部落（通常被称为“蛮族”）迁移压力的威胁而捉襟见肘。政治不稳定猖獗，以“兵营皇帝”时代为证，皇帝经常被自己的军队暗杀或废黜，导致内战和中央权威的崩溃。最后，官僚体系中普遍存在的腐败以及周期性爆发的疫情，如塞浦路斯瘟疫，严重减少了人口，并削弱了维持国家所需的税收基础。,历史学家指出了一些相互关联的因素。其中包括严重的经济困难，例如为供养一支规模过大的军队而必需的高额税收和通货膨胀。帝国遭受了长期的政治不稳定和内讧，领导层频繁更迭。由于帝国幅员辽阔以及来自边境迁徙的日耳曼部落的持续压力，防御变得不可能。此外，腐败和破坏性疫情减少了人口，也削弱了政府维持公共服务的能力。
列出我们太阳系中四个主要的气态巨行星。,太阳系有八颗公认的行星。四颗内行星，被称为类地行星或岩石行星，是水星、金星、地球和火星。四颗被称为气态巨行星的大型外行星是木星、土星、天王星和海王星。这些巨行星主要由氢和氦组成，这与它们更小、密度更大、由岩石构成的对应物不同。,"木星,
土星,
天王星,
海王星"
根据提供的子类型描述，列出‘低魔奇幻’和‘剑与魔法’的关键标准和两个例子。,"奇幻文学的子类型：
史诗奇幻/高魔奇幻: 设定在一个原创的虚构世界中，拥有详细的背景知识，通常涉及史诗般的善恶冲突。魔法通常是核心要素。(例子: 《指环王》, 《时光之轮》)。
低魔奇幻: 设定在现实世界中（或一个坚实、逼真的世界），魔法元素或生物意外地闯入或被隐藏。更侧重于角色心理而非宏大的世界构建。(例子: 《哈利·波特》, 《美国众神》)。
都市奇幻: 一种特殊的低魔奇幻，背景设定在现代大都市。通常描述超自然生物秘密地生活在人类之中。(例子: 《德雷斯顿档案》, 《伦敦之河》)。
剑与魔法: 特点是快节奏的动作、冒险和道德模糊的主角，通常专注于个人利益或生存，而不是拯救世界。魔法通常是原始的或不受控制的。(例子: 《野蛮人柯南》, 《法夫哈德与灰鼠》)。
黑暗奇幻: 融入了恐怖元素，通常涉及道德沦丧、虚无主义或存在性恐惧的主题。魔法和生物通常是恶毒或腐败的。(例子: 《剑风传奇》, 《猎魔人》)。","**低魔奇幻**
标准: 设定在现实世界中（或一个坚实、逼真的世界），魔法元素或生物意外地闯入或被隐藏。更侧重于角色心理而非宏大的世界构建。
例子: 《哈利·波特》, 《美国众神》。

**剑与魔法**
标准: 特点是快节奏的动作、冒险和道德模糊的主角，通常专注于个人利益或生存，而不是拯救世界。魔法通常是原始的或不受控制的。
例子: 《野蛮人柯南》, 《法夫哈德与灰鼠》。"
根据希腊神话，是谁设计了关押米诺陶洛斯的迷宫（Labyrinth）？,米诺陶洛斯是希腊神话中的一种生物，半人半牛。他居住在拉比林斯（Labyrinth）中，这是一个由建筑师代达罗斯和他的儿子伊卡洛斯为克里特国王米诺斯建造的错综复杂的迷宫。米诺陶洛斯是米诺斯的妻子帕西淮与一头雄伟的白牛所生的后代。米诺斯因拒绝献祭那头牛而触怒了海神波塞冬。作为惩罚，波塞冬使帕西淮疯狂地爱上了那头公牛，从而导致了米诺陶洛斯的诞生。,这个迷宫（Labyrinth）是由建筑师代达罗斯和他的儿子伊卡洛斯为克里特国王米诺斯建造的。
描述以下三个器官（肝脏、肺部和肾脏）的主要功能。,,肝脏负责对化学物质进行解毒、代谢药物以及合成凝血所需的蛋白质。肺部促进气体交换，将氧气带入血液并排出二氧化碳。肾脏从血液中过滤废物和多余的液体以产生尿液，调节电解质平衡和血压。
用简单的术语解释人工智能 (AI)、机器学习 (ML) 和深度学习 (DL) 之间的关系和根本区别。,,可以将其想象成一套嵌套的俄罗斯套娃。**人工智能 (AI)** 是最大的套娃，也是最宏大的概念——它是使计算机能够模仿人类智能的任何技术，从解决复杂的方程式到下国际象棋。**机器学习 (ML)** 是中等大小的套娃。它是人工智能的一个特定子集，侧重于使系统能够从数据中学习，而无需针对每个任务进行明确的编程。您无需编写严格的规则，而是通过大型数据集训练 ML 模型来做出预测或决策。最后，**深度学习 (DL)** 是最小、最里面的套娃。它是机器学习的一个特定子集，它使用具有许多层（因此称为“深度”）的人工神经网络来分析和学习数据，通常擅长复杂的模式识别任务，例如图像识别、语音识别和自然语言处理。
大堡礁位于何处？,"大堡礁是世界上最大的珊瑚礁系统，由超过 2,900 个独立的珊瑚礁和 900 个岛屿组成，绵延 2,300 多公里（1,400 英里），总面积约为 344,400 平方公里（133,000 平方英里）。该珊瑚礁位于珊瑚海，毗邻澳大利亚昆士兰州的海岸。它可以在外太空被看到，是世界上最大的由活体生物构成的单一结构。",它位于珊瑚海，毗邻澳大利亚昆士兰州的海岸。
提供以下诗歌形式的标准结构（行数）和常用韵律格式：十四行诗、俳句、五行打油诗和维拉内拉。,,"十四行诗：14行；通常使用 ABAB CDCD EFEF GG（莎士比亚式）或 ABBA ABBA CDECDE（彼特拉克式）。
俳句：3行（5-7-5音节结构）；没有标准的韵律格式。
五行打油诗：5行；AABBA 韵律格式。
维拉内拉：19行（五个三行诗节和一个四行诗节）；采用 ABA ABA ABA ABA ABA ABAA，包含叠句。"
列出地球的主要内部圈层，从地表开始。,,地球结构通常分为四个主要圈层：1. 地壳（薄而多岩石的外壳）2. 地幔（主要由硅酸盐岩石组成，进一步分为上地幔和下地幔）3. 外核（液态铁和镍）4. 内核（固态铁和镍）。温度和密度随着深度的增加而显著提高。
根据让·鲍德里亚的观点，定义“超真实”的概念并解释其核心特征。,让·鲍德里亚所提出的“超真实”是指意识无法区分现实与现实的模拟（拟像）的状态，尤其是在技术先进的后现代社会中。它的特点是真实与想象之间的界限变得模糊，以至于代表真实的符号和标志变得比它们声称代表的实际现实更有意义。,"超真实，正如哲学家让·鲍德里亚所构想的那样，指的是意识无法再区分现实与现实模拟（拟像）的状态。其核心特征是“真实”与“想象”之间界限的模糊，导致一种状态：指代现实的模型、标志和符号（拟像）比它们本应代表的原始现实更强大、更有影响力、更有意义。

鲍德里亚认为，这种状态在技术先进的后现代社会中尤为普遍。在超真实中，物体和体验往往被制造、完善或以一种超越真实现实缺陷的方式呈现。一个常见的例子是走过一个主题环境的体验，比如一个大型游乐园，那里的模拟现实感觉比其边界之外混乱的现实更“真实”或更完整。本质上，超真实吞噬并取代了真实。"
考虑到其位于前奥地利帝国境内的位置，尼古拉·特斯拉出生于哪个现代国家？,尼古拉·特斯拉（1856年7月10日—1943年1月7日）是一位塞尔维亚裔美国发明家、电气工程师、机械工程师和未来学家，最著名的是他对现代交流电（AC）供电系统设计所做的贡献。他出生于奥地利帝国（今克罗地亚）的斯米连，于1884年移民到美国，并在那里成为了归化公民。特斯拉常被认为是感应电动机和高频配电系统的开发者。他于86岁时在纽约市身无分文地去世。,现代克罗地亚
原始的苹果 iPhone 是何时首次向公众发布的？,,原始的 iPhone（通常被追溯性地称为 iPhone 2G）于 2007 年 6 月 29 日在美国首次发布。它将手机、iPod 和互联网通讯器结合到一个具有多点触控界面的单一设备中，具有革命性意义。
1867年阿拉斯加购地案的三个主要里程碑是什么？它们分别发生在什么时候？,美国的阿拉斯加收购案（通常被称为“西华德的愚蠢”）是通过一份于1867年3月30日签署的条约正式确定的。国务卿威廉·H·西华德以720万美元的价格与俄罗斯公使爱德华·德·斯托克尔谈判了这项收购。虽然条约是在那个春天签署的，但直到1867年4月9日才获得参议院的批准，而众议院直到1868年才拨款。正式的主权移交（即美国国旗升起、俄罗斯国旗降下）于1867年10月18日正式在阿拉斯加的锡特卡发生。,1867年的三个主要里程碑是3月30日条约的签署、4月9日参议院的批准以及10月18日正式的主权移交（升旗仪式）。
关于经典电影《卡萨布兰卡》的详情,《卡萨布兰卡》是一部1942年由迈克尔·柯蒂兹执导，亨弗莱·鲍嘉、英格丽·褒曼和保罗·亨雷德主演的美国浪漫剧情片。故事背景设定在第二次世界大战期间，重点讲述了美国侨民瑞克·布莱恩（鲍嘉 饰）必须在他对伊尔莎·隆德（褒曼 饰）的爱和帮助她的丈夫、抵抗运动领袖维克多·拉斯洛逃离维希控制的卡萨布兰卡市以继续他与纳粹的斗争之间做出选择。尽管该片一经上映就取得了成功，但在随后的几年里，它获得了真正的传奇地位，这主要归功于其令人难忘的对白、标志性的结局以及主演之间的化学反应。该片获得了三项奥斯卡金像奖：最佳影片、最佳导演和最佳剧本。,《卡萨布兰卡》是一部1942年由迈克尔·柯蒂兹执导，亨弗莱·鲍嘉、英格丽·褒曼和保罗·亨雷德主演的美国浪漫剧情片。故事背景设定在第二次世界大战期间，重点讲述了美国侨民瑞克·布莱恩（鲍嘉 饰）必须在他对伊尔莎·隆德（褒曼 饰）的爱和帮助她的丈夫、抵抗运动领袖维克多·拉斯洛逃离维希控制的卡萨布兰卡市以继续他与纳粹的斗争之间做出选择。尽管该片一经上映就取得了成功，但在随后的几年里，它获得了真正的传奇地位，这主要归功于其令人难忘的对白、标志性的结局以及主演之间的化学反应。该片获得了三项奥斯卡金像奖：最佳影片、最佳导演和最佳剧本。
列出烘烤标准巧克力碎曲奇所需的基本步骤。,,"1. 预热烤箱并准备烤盘。
2. 将黄油、糖和香草精搅打至颜色变浅且蓬松。
3. 逐个打入鸡蛋。
4. 在另一个碗中，将面粉、小苏打和盐混合均匀，然后逐渐将干性材料加入湿性混合物中。
5. 拌入巧克力碎。
6. 用勺子将圆形的生面团舀到准备好的烤盘上。
7. 烘烤9-12分钟，或直至边缘呈金黄色。"
哪个经典怪物更胜一筹：德古拉还是弗兰肯斯坦的怪物？,,德古拉更胜一筹，因为这个角色引入了在正常社会中活动的、老练圆滑的贵族反派的概念。弗兰肯斯坦的怪物虽然在哲学上很有趣，但它主要是一个被误解的悲剧人物，而不是一个真正可怕的、故意的邪恶。
Q: 什么是食品安全的“危险区”温度范围？为什么它很重要？,,A: “危险区”指的是温度介于 40°F (4.4°C) 和 140°F (60°C) 之间的范围。这个范围在食品安全中至关重要，因为它是沙门氏菌、大肠杆菌和李斯特菌等有害细菌能快速繁殖的最佳温度范围，通常在短短 20 分钟内数量就会翻倍。为了防止食源性疾病，易腐烂的食物总共不应被允许停留在“危险区”超过两个小时（如果周围温度为 90°F 或更高，则不应超过一小时）。
根据所提供的文本，列出古典玛雅文明衰落的主要环境和社会原因。,古典玛雅文明（约公元250–900年）的崩溃是复杂且多方面的。关键的环境压力因素包括长期严重的干旱（被称为“特大干旱”），这极大地降低了农业产量。社会因素也至关重要；其中包括城邦之间为争夺日益减少的资源而发生的流行性战争，以及过度资源开采和不可持续的人口增长体系，导致了大规模的森林砍伐和土壤枯竭。,环境原因：长期严重的干旱（特大干旱）、大规模的森林砍伐和土壤枯竭。社会原因：城邦间的流行性战争以及不可持续的人口增长/过度资源开采。
总结阿波罗11号任务的关键事实。,阿波罗11号是实现人类首次登月的美国太空任务。它于1969年7月16日发射，宇航员包括指挥官尼尔·阿姆斯特朗、登月舱驾驶员巴兹·奥尔德林和指令舱驾驶员迈克尔·科林斯。7月20日，阿姆斯特朗和奥尔德林驾驶登月舱“鹰”号降落在月球表面。六小时后，在7月21日（UTC），阿姆斯特朗成为第一个踏上月球的人，并发表了著名的宣言：“这是个人的一小步，却是人类的一大步。”奥尔德林随后也踏上月球。他们在月球上待了大约21小时，收集样本并进行实验，随后成功与留在轨道上的“哥伦比亚”号指令舱上的科林斯会合。该任务于1969年7月24日安全返回地球。,阿波罗11号于1969年7月16日发射，是实现人类首次登月的美国任务。尼尔·阿姆斯特朗和巴兹·奥尔德林于7月20日降落登月舱，阿姆斯特朗于7月21日（UTC）成为第一个在月球表面行走的人。迈克尔·科林斯驾驶着在轨运行的指令舱。全体宇航员于1969年7月24日成功返回地球。
真核细胞中线粒体的主要功能是什么？,,负责产生细胞所需的大部分三磷酸腺苷（ATP），ATP作为化学能来源。
古腾堡印刷机印刷的第一部主要作品是什么？,活字机械印刷机的发明通常归功于德国金匠约翰内斯·古腾堡，时间大约在1440年，地点在德国美因茨。虽然东亚此前已经存在雕版印刷，但古腾堡的创新涉及可重复使用的金属字模和油性油墨，使得文本的大规模生产在经济上可行。这一发展常被认为是第二个千年最重要的事件，开创了大众传播时代，并对文艺复兴和宗教改革做出了重大贡献。使用这种方法印刷的最早主要作品是《古腾堡圣经》，于1455年左右完成。,使用这种方法印刷的最早主要作品是《古腾堡圣经》，于1455年左右完成。
根据这段文字，维京 1 号（Viking 1）太空探测器的发射日期是什么时候？,维京计划（Viking program）由两艘被送往火星的美国太空探测器组成，分别是维京 1 号和维京 2 号。它们是迄今为止被送往火星的最雄心勃勃、最昂贵的任务。维京 1 号于 1975 年 8 月 20 日发射，维京 2 号则在几周后的 1975 年 9 月 9 日发射。两艘航天器都由一个轨道飞行器和一个着陆器组成，旨在研究火星表面和大气层。,1975 年 8 月 20 日
鳄鱼和短吻鳄之间主要的身体和行为差异是什么？,,虽然两者都属于鳄目，但它们之间存在显著差异。短吻鳄（短吻鳄科，Alligatoridae）的吻部呈U形且圆润，当它们闭上嘴时，只有上牙可见，整齐地嵌入下颌。它们主要栖息在淡水环境中。鳄鱼（鳄科，Crocodylidae）的吻部呈V形且尖锐，当它们闭上嘴时，它们的第四颗下牙仍然可见，因为它位于上颌之外。鳄鱼通常更能耐受咸水，分布在全球各地，而短吻鳄主要局限于美国和中国。
列出导致西罗马帝国衰落并最终灭亡的五个主要因素。,,历史学家通常会列举几个复杂的因素，但五个主要的贡献因素包括：1. 由于恶性通货膨胀和沉重的税收导致的经济崩溃。2. 持续不断的入侵以及来自各个日耳曼部落的压力。3. 政治不稳定和内部腐败，导致短暂的统治期和内讧。4. 对雇佣军（同盟者/foederati）的过度依赖，降低了军队的忠诚度。5. 社会问题，包括疾病、出生率下降以及民众中公民道德的丧失。
比较和对比古典人物俄狄浦斯王和莎士比亚人物哈姆雷特的悲剧缺陷（过失）和最终命运。请使用清晰的标题来组织你的回答。,,"## 俄狄浦斯王与哈姆雷特的比较

### 俄狄浦斯王

**主要悲剧缺陷（过失）：** 傲慢（过度自负）以及对真相的强硬、不妥协的追求。他对自身解开谜团和逃脱命运的能力的绝对自信，使他无视了警告，也无视了他试图逃避的预言所蕴含的痛苦现实。

**最终命运：** 在发现自己应验了预言（弑父和乱伦）之后，俄狄浦斯只有在经历了深刻的肉体痛苦之后才获得了道德上的清醒。他用伊俄卡斯忒的胸针刺瞎了自己，接受了自我放逐，最终承认了他有缺陷的本性以及命运的力量。

### 哈姆雷特

**主要悲剧缺陷（过失）：** 优柔寡断和思想上的麻痹（拖延）。哈姆雷特倾向于过度沉思，这往往使他无法采取果断行动。他努力权衡复仇的道德后果，并一再推迟必要的行动，直到机会丧失，局势失控。

**最终命运：** 哈姆雷特成功地向克劳狄斯复仇，但这代价是牺牲了他自己的生命（中毒），以及莱尔提斯、葛楚特和克劳狄斯的生命。他逝世时未能和平地保住王国，而是将王冠传给了挪威王子福丁布拉斯。

### 关键对比

尽管两人都是因自身本性而毁灭的悲剧英雄，但他们的缺陷却根本对立。俄狄浦斯的悲剧定义为**行动过于迅速和鲁莽**（行动中的傲慢），相信他能够战胜命运。哈姆雷特的悲剧定义为**行动过于迟缓和思虑过多**（沉思中的麻痹），最终导致了因不作为而引发的广泛破坏。"
为大型语言模型（LLM）创建有效提示词需要哪些关键要素？,,一个有效的LLM提示词通常需要四个关键要素来确保输出准确。第一，定义**角色/身份**（例如，'扮演高级软件工程师'）。第二，明确阐述**任务或目标**（即你希望模型生成什么）。第三，提供足够的**上下文**或背景信息。最后，指定**限制或格式**（例如，'以 JSON 格式回复'，或 '将答案控制在 200 字以内'）。
哪个行星被称为红色行星？火星还是木星,,火星
我的 Linux 服务器磁盘空间快用完了。我应该使用哪些命令来分析磁盘使用情况并定位最大的文件？,,要分析 Linux 服务器上的磁盘使用情况，您应该从 'df' 和 'du' 命令开始。使用 `df -h` 以人类可读的格式查看所有已挂载文件系统的总空间、已用空间和可用空间。如果某个分区已满，请使用 `du` 命令来分析目录使用情况。从有问题的分区的根目录开始，使用 `du -sh *` 来汇总紧邻的子目录的使用情况，然后深入查看。要更全面地搜索最大的文件，您可以使用 `find` 命令。例如，要查找大于 100MB 的文件，请使用 `find / -type f -size +100M -exec ls -lh {} \;`。或者，使用 `du -a /path/to/check | sort -n -r | head -n 10` 以数字方式列出 10 个最大的文件/目录。
约翰内斯·古腾堡是谁？,约翰内斯·古腾堡是一位德国发明家、印刷商和出版商，他在15世纪中叶将机械活字印刷术引入欧洲。他的发明开启了印刷革命，并被广泛认为是现代时期最重要的事件。,"约翰内斯·古腾堡是一位德国发明家、印刷商和出版商，他在15世纪中叶将机械活字印刷术引入欧洲。他的发明开启了印刷革命，并被广泛认为是现代时期最重要的事件。

古腾堡最显著的成就是《古腾堡圣经》，常被称为“四十二行圣经”，该书于1455年左右印刷。他开发的技术包括发明批量生产活字的方法、使用油基墨水，以及创造木制印刷机（其设计基于现有的农业螺旋压榨机）。这项创新极大地降低了书籍印刷成本，并使大规模识字在整个欧洲成为可能。"
描述植物光合作用的主要功能。,光合作用是植物、藻类和某些细菌利用光能（通常来自太阳）转化为化学能的过程，这些化学能随后可被释放出来，为生物体的活动提供燃料。这种化学能储存在碳水化合物分子中，例如糖类，它们由二氧化碳和水合成。,光合作用是植物、藻类和某些细菌利用光能（通常来自太阳）转化为化学能的过程，这些化学能随后可被释放出来，为生物体的活动提供燃料。
成功养护金钱树（ZZ植物）的关键步骤是什么？,,"金钱树（Zamioculcas zamiifolia）以极强的适应性和低维护要求而闻名。成功的关键在于最少的干预，因为浇水过多是最常见的失败原因。以下是基本的养护步骤：

1. **光照：** 金钱树对低光环境的耐受性非常好，非常适合办公室或光线昏暗的房间。然而，在明亮的间接光下它们会生长得更茂盛、更快。应避免强烈、正午的直射阳光，这会灼伤蜡质的叶片。

2. **浇水：** 这是最关键的要素。金钱树将水分储存在土壤下方的厚实、状似土豆的根茎中。务必等到土壤完全干燥后再彻底浇水。根据光照和湿度条件，这通常意味着每3–4周浇水一次，冬季甚至更久。如果不确定，请再等一周。

3. **土壤和排水：** 使用排水良好的盆栽混合土。仙人掌和多肉植物专用的混合土非常合适，或者您也可以在标准的盆栽土中加入珍珠岩或浮石，以确保极佳的排水性。务必使用带排水孔的花盆。

4. **温度和湿度：** 它们喜欢标准的室温（65°F to 75°F），并且通常能适应一般的家庭湿度。

5. **施肥：** 少量施肥。在生长季节（春季和夏季）只需施用稀释至一半浓度的均衡液体室内植物肥料一到两次。它们不需要大量的额外养分。"
根据所提供的定义，敏捷方法学的主要目标是什么？以及实现该目标所使用的迭代的典型时长是多少？,敏捷软件开发是一系列框架和实践的总称，它们基于《敏捷软件开发宣言》中所阐述的价值观和原则。该方法论强调协作、自组织团队以及快速适应变化。常见的框架包括 Scrum、看板（Kanban）和精益（Lean）。敏捷的一个核心特点是迭代过程，工作被分解成小的增量（冲刺，通常持续 2-4 周），以便频繁地交付功能性软件，而不是等待一次大型发布。,敏捷方法学的主要目标是通过协作快速适应变化并频繁交付功能性软件。这些迭代过程，通常被称为冲刺（sprints），通常持续 2-4 周。
人类血液的主要功能是什么？,,人类血液具有三个主要的、相互关联的功能：运输、调节和保护。运输功能包括将氧气从肺部输送到组织，将二氧化碳运回肺部，向全身输送营养物质（如葡萄糖和氨基酸）和激素，并将代谢废物输送到肾脏和肝脏进行清除。调节功能包括通过吸收和分配热量来维持稳定的体温，通过充当缓冲剂来稳定身体正常的pH值，并确保循环系统中有足够的液体量。保护功能包括通过凝血机制（止血）防止失血，以及通过免疫反应（由白细胞和血浆中的抗体执行）保护身体免受疾病侵害。
“深度工作”在现代社会中的重要性是什么？,,深度工作，正如卡尔·纽波特（Cal Newport）所提出的那样，指的是能够不受干扰地专注于认知要求较高的任务的能力。它的重要性源于现代知识经济中的两个关键事实。首先，产出的质量现在远比单纯的工作时间更有价值。要产生真正卓越或创新的成果，你需要专注的投入——肤浅工作（电子邮件、会议、后勤事务）只能维持现状。其次，在一个由持续不断的通知和技术中断定义的注意力缺失经济中，持续的专注力正成为一种稀缺资源。进行深度工作的能力本质上是一种“超能力”，它使个人能够快速掌握困难的信息，并产生竞争对手难以复制的精英级成果。因此，有意识地培养深度工作习惯是成功的知识工作者与那些陷入被动反应的人之间的主要区别。
谁写了《白鲸》？,,赫尔曼·麦尔维尔是小说《白鲸》的作者。
为什么学习第二语言被认为是时间和精力的一项极好的投资？,,学习第二语言能带来深远的回报，其益处远远超出简单的沟通。在认知方面，它能显著增强大脑的执行功能，提高记忆力、多任务处理能力和复杂的解决问题的技能。通过迫使大脑管理两套规则和词汇，语言习得能促进神经可塑性，并被积极地认为与延缓痴呆等年龄相关认知衰退的发生有关。在专业方面，双语能力是全球经济中一项极具价值的资产。它为进入国际就业市场打开了大门，提高了收入潜力，并在从外交、技术到旅游和商业发展等各种领域提供了重要的竞争优势。此外，学习一门语言是文化沉浸的终极门户。它培养了更大的同理心和包容心，使学习者能够直接接触到仅靠翻译无法获得的文学、媒体和习俗。这种更深层次的文化联系从根本上丰富了旅行体验，拓宽了人们对世界的看法，使其成为对个人、智力和经济增长真正全面的投资。
我的 Windows 笔记本电脑在过去几个月里变得非常慢。我暂时不想买新的。我现在可以采取哪些最有效、免费的步骤来加速它？,,提高电脑速度通常涉及清理后台进程和不必要的文件。从以下三个主要步骤开始： 1. **管理启动程序：** 打开任务管理器（Ctrl+Shift+Esc），导航到“启动”选项卡，禁用任何在电脑启动时并非绝对需要运行的应用程序（例如，Spotify、Adobe 更新服务等）。这可以显著减少启动时间和初始资源使用。 2. **运行磁盘清理：** 在 Windows 搜索栏中键入“磁盘清理”。选择您的主驱动器（通常是 C:），然后单击“清理系统文件”。勾选“临时文件”、“Windows Update 清理”和“传递优化文件”的复选框，然后运行清理。 3. **卸载臃肿软件和不常用程序：** 转到“设置”>“应用”。按安装日期或大小排序，卸载您数月未使用的任何大型应用程序，或卸载任何可能正在运行繁重后台扫描的“免费试用”杀毒软件。这些步骤应该会提供明显的即时改进。
星云的主要成分是什么？,星云是星际尘埃、氢气、氦气和其他电离气体的星际云。最初，该术语用于描述任何漫射的天文物体，包括银河系外的星系（例如仙女座星云，在星系的真实性质被证实之前）。大多数星云体积巨大；有些直径达数百光年。星云通常是恒星形成区域，例如鹰状星云中的创生之柱。气体和尘埃聚集在一起形成更密集的区域，吸引更多的物质，最终密度变得足够大，发生坍缩并形成恒星。,星云是星际尘埃、氢气、氦气和其他电离气体的星际云。
人眼的主要组成部分及其主要功能是什么？,人眼是一个负责视觉的复杂感觉器官。光线首先穿过角膜进入，角膜是一个透明的外层，有助于聚焦光线。角膜后面是虹膜，即眼睛有颜色的部分，它像照相机的光圈一样工作，控制瞳孔（中央的黑色部分）的大小，以调节进入的光量。然后光线穿过晶状体，晶状体改变形状以将焦点精确地调整到眼睛后部。后壁，即视网膜，包含数百万光敏细胞（视杆细胞和视锥细胞），它们将光线转化为电脉冲。这些脉冲通过视神经传输到大脑，从而被解释为图像。,眼睛的主要组成部分是角膜（一个聚焦光线的透明外层）、虹膜（控制瞳孔大小）、瞳孔（调节进光量）、晶状体（调整焦点）和视网膜（将光线转化为电脉冲）。这些电信号随后通过视神经传输到大脑。
全远程工作模式和传统办公室结构之间的主要权衡取舍是什么？,,在全远程和传统办公室结构之间进行选择，需要在员工灵活性与企业凝聚力和监督之间取得平衡。理想的模型通常取决于行业、职位角色和组织文化。远程工作提供了显著的优势，例如更高的灵活性、消除了通勤成本和时间，以及能够接触到更广泛的全球人才库。然而，它也可能导致团队孤立、自发协作困难、难以保持清晰的工作与生活界限以及潜在的沟通延迟等挑战。相反，传统的办公室结构更容易促进面对面交流，增强公司文化和即时友谊，并简化管理监督和安全。缺点包括雇主更高的间接成本、员工安排灵活性的降低、强制通勤，以及由于办公室干扰而可能导致的生产力下降。最终，许多现代公司正在采用混合模式，试图兼顾两种设置的优势。
如果你只能给一个热爱历史和自然美景的人推荐世界上一个地方，那会是哪里？为什么它是你最喜欢的推荐？,,对于珍视深厚历史与绝美自然景观交汇点的人来说，我的首要推荐是日本的京都。它掌握着日本文化的核心，曾作为帝国首都长达一千多年。这座城市本质上是一座露天博物馆，拥有2000多座寺庙和神社，包括壮观的金阁寺（Kinkaku-ji）和清水寺（Kiyomizu-dera）。历史遗迹的保护非常细致。然而，使其脱颖而出的是与自然的完美融合。游客可以探索空灵的岚山竹林，徒步穿越蜿蜒在山腰森林中的伏见稻荷大社的数千座朱红色鸟居，并欣赏西芳寺（Saihō-ji）宁静的苔藓庭园。季节性——特别是春天的樱花和秋天火红的枫叶——使整个环境感觉就像一件活生生的艺术品，完美地平衡了古代人类的努力与未受破坏的自然美学。
描述詹姆斯·韦伯空间望远镜（JWST）的主要特征和任务目标。,,詹姆斯·韦伯空间望远镜（JWST）是哈勃空间望远镜的继任者，也是首屈一指的空间观测站。它于2021年12月25日发射，目前位于距离地球约100万英里（150万公里）的日地拉格朗日点L2周围的太阳轨道上。与主要观测可见光和紫外线的哈勃不同，JWST针对红外天文学进行了优化，这使其能够穿透尘埃云并观测极其遥远、红移的物体。它的主镜由18块六边形镀金铍镜片组成，总直径为6.5米（21英尺），使其成为有史以来送入太空的最大主镜。JWST的科学目标分为四个主要领域：寻找宇宙中形成的第一批恒星和星系、研究星系的形成过程、调查恒星和行星系统的诞生，以及分析系外行星大气层中是否存在可居住的迹象。
哪位著名的文艺复兴时期的艺术家被认为因去世而留下了未完成的最后作品？,,拉斐尔（拉斐尔·桑齐奥·达·乌尔比诺）被认为是在 1520 年突然去世时，留下了他最后一件主要作品《基督变容图》未完成。
解释 CPU 和 GPU 在用途和设计上的根本区别。,,"中央处理器（CPU）和图形处理器（GPU）都是关键的处理芯片，但它们在架构和主要功能上存在显著差异。它们的主要区别在于它们处理任务的方式。

首先，在设计方面，CPU 专为串行处理而构建。它的核心数量较少（在消费级型号中通常为 4 到 16 个），但这些核心单独性能强大，并经过优化，能够快速切换需要高速和低延迟的复杂任务。CPU 充当通用大脑，负责管理操作系统和非专业任务。

其次，GPU 专为大规模并行处理而设计。它具有数百甚至数千个更小、性能较低的核心。这种架构允许 GPU 通过同时执行数千个简单、重复的计算来处理大规模计算工作负载，这非常适合渲染高分辨率图形、视频编辑和现代机器学习（AI）计算等任务。"
根据这段文字，参与阿波罗 11 号任务的三名宇航员是谁？他们的具体职责是什么？,阿波罗 11 号是首次将人类送上月球的太空飞行任务。1969 年 7 月 20 日世界协调时 20:17，指令长尼尔·阿姆斯特朗和登月舱驾驶员巴兹·奥尔德林驾驶阿波罗登月舱“鹰”号着陆。六小时后，阿姆斯特朗成为第一个踏上月球表面的人。他们共同在飞船外度过了大约两个多小时。当他们在月球表面时，迈克尔·科林斯独自在月球轨道上驾驶着“哥伦比亚”号指令舱。阿波罗 11 号的主要目标是约翰·F·肯尼迪总统于 1961 年 5 月 25 日提出的：“将一名宇航员送上月球并让他安全返回地球。”,提到的三位宇航员是：指令长尼尔·阿姆斯特朗（指令长）、巴兹·奥尔德林（登月舱驾驶员）和迈克尔·科林斯（驾驶指令舱“哥伦比亚”号）。
将以下物品分类为水果、蔬菜或谷物：苹果、玉米、小麦、胡萝卜、大麦、香蕉、土豆、藜麦。,,"苹果是一种水果
玉米是一种谷物
小麦是一种谷物
胡萝卜是一种蔬菜
大麦是一种谷物
香蕉是一种水果
土豆是一种蔬菜
藜麦是一种谷物"
定义光合作用并说明它发生在哪里。,光合作用是植物、藻类和某些细菌利用的一种过程，它将光能（通常来自太阳）转化为化学能，后者随后可以释放出来为生物体的活动提供能量。这种化学能储存在碳水化合物分子中，例如糖，它们由二氧化碳和水合成。在大多数绿色植物、藻类和蓝细菌中，光合作用主要发生在称为叶绿体的细胞器内，这些细胞器含有捕获光线所需的叶绿素色素。,光合作用是植物、藻类和某些细菌利用的一种过程，它将光能（通常来自太阳）转化为化学能。它主要发生在称为叶绿体的细胞器内。
从以下文本中识别出所有专有名词（人名、地名、组织机构名以及特定的日期/月份）。,在伦敦与埃莉诺·万斯博士会面后，TechCorp 的首席执行官决定在周二飞往东京。她需要在本财季结束前与 Nippon Dynamics 敲定合并协议。,"Eleanor Vance, London, TechCorp, Tokyo, Tuesday, Nippon Dynamics"
确定地球海洋中最深的已知点并说明其大致深度。,,"已知最深点是挑战者深渊，位于马里亚纳海沟。其深度约为 10,935 米（35,876 英尺）。"
咖啡为何在全球如此受欢迎？,,咖啡在全球如此受欢迎，源于生物化学、文化和社会仪式的结合。从生物化学角度来看，主要的驱动力是咖啡因，这是一种天然兴奋剂，可以提高警觉性、注意力和能量水平，使其成为理想的早晨饮品或下午提神剂。在文化上，咖啡消费已演变成融入工作生活和社交互动的日常仪式。咖啡馆充当着重要的“第三空间”——家庭和工作之外的中立聚会场所。此外，其种类繁多，从浓缩咖啡到手冲咖啡，以及基于产地和烘焙的复杂风味特征，使得爱好者可以进行无限的个性化和品鉴，从而推动了全球市场需求。
忙碌的专业人士有哪些快速健康的早餐选择？,,"忙碌的专业人士需要准备快速、方便携带的膳食。以下是五种简单健康的早餐选择：
1. 隔夜燕麦（Overnight Oats）：前一天晚上将燕麦片、牛奶（或非奶制品）、奇亚籽和水果放入罐中混合。早上无需任何烹饪时间，并能提供持续的能量。
2. 高蛋白思慕雪（High-Protein Smoothies）：将菠菜、香蕉、蛋白粉和液体基料混合搅拌。这种选择可高度定制、方便携带，且准备时间不到五分钟。
3. 希腊酸奶冻糕（Greek Yogurt Parfait）：分层放置原味希腊酸奶（高蛋白）、格兰诺拉麦片和少量浆果。这提供了蛋白质、纤维和抗氧化剂的良好平衡。
4. 鸡蛋松饼/蛋咬（Egg Muffins/Bites）：周日烤制一批含有蔬菜和奶酪的鸡蛋杯。它们可以在60秒内用微波炉加热，是方便携带的优质蛋白质来源。
5. 牛油果籽全麦吐司（Whole-Grain Toast with Avocado and Seeds）：简单、令人满意且快速。烤一片面包，在上面捣碎半个牛油果，然后撒上“百吉饼调味料”或麻籽，以增加营养。"
解释敏捷软件开发方法论的核心原则。,,敏捷是一种项目管理和软件开发的迭代方法，它可以帮助团队更快、更顺利地交付价值。其核心原则（在《敏捷宣言》中概述）优先考虑：1) 个体与互动重于流程与工具；2) 可工作的软件重于详尽的文档；3) 客户合作重于合同谈判；4) 响应变化重于遵循计划。敏捷鼓励快速适应、频繁的反馈循环以及可用产品增量的持续交付。
什么是大堡礁？,"大堡礁是世界上最大的珊瑚礁系统，由 2,900 多个独立珊瑚礁和 900 个岛屿组成，绵延 2,300 多公里（1,400 英里），位于澳大利亚昆士兰州海岸外的珊瑚海。它是生物体建造的最大的单一结构，从外太空可见，并于 1981 年被指定为联合国教科文组织世界遗产。","大堡礁是一个极其复杂且生物多样性丰富的生态系统。它拥有大量的海洋生物，包括 30 种鲸鱼和海豚、世界 7 种受威胁海龟中的 6 种、超过 1,500 种鱼类、4,000 种软体动物以及数百种硬珊瑚和软珊瑚。它也是绿海龟的重要筑巢地。

该珊瑚礁由大堡礁海洋公园管理局管理。尽管受到保护，但它面临着重大的环境威胁，主要来自导致珊瑚大面积白化的气候变化，但也来自沿海开发、农业径流以及棘冠海星的爆发周期。它的经济贡献是巨大的，通过旅游业和渔业支持着数千个就业岗位。该珊瑚礁对许多原住民和托雷斯海峡岛民具有重要的文化意义，他们与该地区有着悠久而深厚的联系。"
解释“305”的文化意义。,,“305”是佛罗里达州迈阿密-戴德县的主要区号，现已成为迈阿密市本身强大的文化简称。它代表着充满活力的拉丁文化，尤其是小哈瓦那等地区庞大的古巴裔美国人群体。“305”身份与音乐、夜生活和魅力紧密相关，经常在嘻哈和雷鬼音乐中被引用（例如，被称为“305先生”的说唱歌手Pitbull）。该地区因其迷人的海滩（迈阿密海滩）、装饰艺术建筑以及作为国际商业和旅游中心而享誉全球。将迈阿密称为“305”表达了对其独特的热带、高能量环境的自豪和忠诚，这使它有别于佛罗里达州的其他地区。
从提供的列表中确定更换标准汽车轮胎所需的工具。,"锤子, 千斤顶, 轮胎扳手, 套筒扳手组, 备用轮胎, 螺丝刀, 卷尺, 铲子, 保护器。","千斤顶, 轮胎扳手, 备用轮胎。"
提取所有与大堡礁系统的物理尺寸或组成部分数量相关的数值测量数据。将结果以项目符号列表的形式呈现，确保每个项目都包含数字及其相关的单位或组成部分类型。,"大堡礁是世界上最大的珊瑚礁系统，由超过2,900个独立的珊瑚礁和900个岛屿组成，绵延超过2,300公里（1,400英里），面积约344,400平方公里（133,000平方英里）。该珊瑚礁位于珊瑚海，毗邻澳大利亚昆士兰州海岸。它于1981年被指定为联合国教科文组织世界遗产。该珊瑚礁系统支持着巨大的生命多样性，包括30种鲸鱼、海豚和鼠海豚，1,500种鱼类，以及大约400种硬珊瑚。然而，气候变化、海平面温度上升和污染对其长期健康构成了重大威胁。","- 2,900个独立珊瑚礁
- 900个岛屿
- 2,300公里
- 1,400英里
- 344,400平方公里
- 133,000平方英里"
纯水在标准大气压下会在什么温度沸腾？,,纯水在海平面时的沸点是 100 摄氏度（212 华氏度）。
罗塞塔石碑的意义是什么？,罗塞塔石碑是一块由花岗闪长岩制成的石碑，上面刻有公元前196年托勒密王朝时期在埃及孟菲斯颁布的一项法令的三个版本。顶部和中间的文字分别使用古埃及象形文字和世俗体文字，底部则使用古希腊语。因为它基本上以这三种文字（略有不同）呈现了相同的文本，所以它为让-弗朗索瓦·商博良于1822年破译埃及象形文字提供了关键钥匙，从而开启了对古埃及语言和文明的理解。,罗塞塔石碑之所以意义重大，是因为它为1822年破译古埃及象形文字提供了关键钥匙，因为它包含了以三种文字（象形文字、世俗体文字和古希腊语）书写的同一法令。
创建一个可持续的个人预算并开始储蓄，我应该采取的头三个步骤是什么？,,"要建立可持续的预算并立即开始储蓄，请专注于以下三个核心行动：

1.  **跟踪每一笔开支：** 在第一个月内，仔细记录所花的每一分钱（使用应用程序、电子表格或笔记本）。这有助于建立对您基线消费习惯的认识。
2.  **分类和审计：** 将您的支出分为固定成本（租金、保险）、可变成本（杂货、娱乐）和可自由支配支出。找出“泄漏”——即少量、频繁的购买不必要地累加起来的领域。
3.  **实施“先给自己发工资”：** 在工资存入后立即设置自动转账，将预定的储蓄金额直接转入高收益储蓄账户。将此转账视为不可协商的费用。"
将以下城市根据它们所处的主要大洲进行分组：开罗、悉尼、上海、里约热内卢、伦敦、约翰内斯堡、纽约市、莫斯科。,,"非洲：开罗，约翰内斯堡
亚洲：上海
欧洲：伦敦，莫斯科
北美洲：纽约市
大洋洲：悉尼
南美洲：里约热内卢"
谁被认为是《蒙娜丽莎》的作者？,,列奥纳多·达·芬奇
世界上最大的生命结构是什么？,,世界上最大的生命结构是大堡礁，位于澳大利亚海岸附近。它是世界上最大的珊瑚礁系统，甚至可以从外太空看到。
澳大利亚的首都是哪个城市,,堪培拉
确定真核细胞中发现的三种主要 RNA 类型，根据它们在基因表达中的作用（转录或翻译）进行分类，并总结各自的主要功能。,,"在真核细胞中发现的三种主要 RNA 类型是信使 RNA (mRNA)、转移 RNA (tRNA) 和核糖体 RNA (rRNA)。它们是分子生物学中心法则的关键组成部分，促进遗传信息从 DNA 转化为功能性蛋白质。

### 1. 信使 RNA (mRNA)

**分类：** 主要参与**转录**（基于 DNA 模板的初始合成），并作为**翻译**的模板。

**功能：** mRNA 充当中间分子。它在细胞核中由 DNA 模板转录而来，携带着特定蛋白质的遗传密码（以密码子形式）。然后它迁移到细胞质（或内质网），在那里指导蛋白质合成过程中氨基酸的组装顺序。

### 2. 转移 RNA (tRNA)

**分类：** 主要参与**翻译**。

**功能：** tRNA 分子负责在翻译过程中将适当的氨基酸物理带到核糖体。每个 tRNA 分子一端具有一个反密码子（与 mRNA 密码子互补的序列），另一端连接着其相应的氨基酸。它确保根据 mRNA 的指令构建正确的多肽链。

### 3. 核糖体 RNA (rRNA)

**分类：** 主要参与**翻译**（结构和催化作用）。

**功能：** rRNA 是核糖体（负责蛋白质合成的分子机器）的主要结构和催化组分。核糖体是 rRNA 和蛋白质的复合物。rRNA 分子对于维持核糖体的结构至关重要，最重要的是，大亚基的 rRNA（被称为肽基转移酶）催化连接氨基酸的肽键的形成。"
解释为什么冥王星被从大行星重新划分为矮行星。,,2006年，国际天文学联合会（IAU）首次确立了“行星”的正式定义。该定义要求一个天体必须满足三个标准：1）它必须围绕太阳运行；2）它必须有足够的质量，使其自身的引力能使其呈现出近乎圆形的形状（流体静力平衡）；3）它必须清除其轨道附近区域的其他天体。冥王星满足了前两条标准，但未能满足第三条，因为它与其轨道区域（柯伊伯带）中的许多其他大型天体共享该区域。因此，冥王星被重新划分为“矮行星”。
现存最大的企鹅物种是什么？,企鹅是一群水生、不会飞行的鸟类。它们几乎全部生活在南半球，只有一个物种——加拉帕戈斯企鹅——生活在赤道以北。企鹅高度适应水下生活，拥有深色和白色的反荫蔽羽毛，翅膀已进化成鳍状肢。大多数企鹅以磷虾、鱼类、鱿鱼和游泳时捕获的其他海洋生物为食。现存最大的物种是帝企鹅，平均身高约1.1米（3英尺7英寸），体重35公斤（77磅）。最小的物种是小蓝企鹅（也被称为神仙企鹅），体重约1公斤（2.2磅）。,帝企鹅
根据以下奇幻/科幻术语的主要宇宙（星球大战 (SW) 或指环王 (LOTR)）进行分类。,"魔戒, 原力, 光剑, 巫师, 星舰, 精灵, 帝国, 兽人, 绝地。","SW: 原力, 光剑, 星舰, 帝国, 绝地。 LOTR: 魔戒, 巫师, 精灵, 兽人。"
解释货币在现代经济中的主要功能。,,货币在现代经济中发挥着三个关键作用，取代了以物易物制度固有的低效率。首先，它是**交易媒介**，这意味着它被普遍接受用于买卖商品和服务，消除了对“双重需求巧合”的需要。其次，它充当**记账单位**，为商品定价、比较价值和计算债务提供了一个通用基准。这使我们能够轻松衡量不同物品的价值，例如一辆汽车和一条面包。最后，货币是**价值储藏**，允许个人持有财富并将购买力推迟到未来，前提是通货膨胀相对稳定。这三个功能确保了全球商业和金融的平稳运行。
首款商用微波炉的名称是什么？当今典型的家用微波炉使用多少功率？,"微波炉通过将食物暴露在微波频率范围内的电磁辐射中来加热食物。这会导致食物中的极性分子（如水）旋转并产生热能—这一过程称为介电加热。虽然微波炉通常被认为是一项现代发明，但其基本技术由珀西·斯宾塞（Percy Spencer）于1945年开发。现代家用设备通常消耗600至1,200瓦的功率，并在2.45 GHz左右的频率下运行。然而，首款商用设备“Radarange”重达750多磅，高近六英尺。","首款商用设备是“Radarange”，现代家用设备通常消耗600至1,200瓦的功率。"
凡尔赛条约是什么？,凡尔赛条约是结束第一次世界大战的最重要的和平条约之一。该条约结束了德国与协约国之间的战争状态。它于1919年6月28日在凡尔赛签署，恰好是导致战争爆发的弗朗茨·斐迪南大公遇刺事件发生五年后。其他同盟国则签订了单独的条约。尽管停战协议（于1918年11月11日签署）结束了实际战斗，但仍在巴黎和会进行了六个月的谈判才最终缔结了和平条约。该条约于1919年10月21日由国际联盟秘书处登记。该条约包含440项条款，要求德国承担发动战争的全部责任，并规定了巨额的赔款、重大的领土割让以及严格的军事限制。,凡尔赛条约是正式结束第一次世界大战并结束德国与协约国之间战争状态的最重要的和平条约。
撰写一份项目经理致执行团队的内部备忘录，内容关于‘Atlas 软件部署’错过了截止日期。您的备忘录必须 1) 清楚解释延误的主要原因，2) 请求立即分配一名高级 DevOps 工程师并延长测试窗口，以及 3) 提议为所有未来项目设立一个新的强制性部署前风险评估阶段。,,"备忘录

致：执行领导团队 (ELT)
发件人：[项目经理姓名]，Atlas 部署负责人
日期：2023 年 10 月 26 日
主题：Atlas 软件部署延误的状态更新和补救行动计划

本备忘录确认，原定于 10 月 25 日进行的 Atlas 软件包部署已错过预定日期。

1) 此次延误的主要原因是，在新开发的 Atlas 模块与现有遗留财务报告基础设施（系统 3）之间发现了关键的、不可预见的集成冲突。尽管进行了初步的依赖性检查，但系统 3 数据处理协议的复杂性直到上周末进行的最终高负载压力测试中才浮现出来。解决这些问题需要超出当前 QA 团队范围的专业知识。

2) 为了稳定部署时间表并确保成功发布，我紧急请求提供两项关键资源：
* 立即、专职分配一名高级 DevOps 工程师，具体是 Jane Keller，在接下来的 72 小时内解决复杂的遗留 API 瓶颈问题。
* 正式将测试窗口延长额外的五个工作日，以便在重新安排部署日期之前严格验证修复方案。

3) 展望未来，为减轻未来关键部署中出现类似延误的风险，我提议立即设立强制性的部署前风险评估 (PDRA) 阶段。此阶段将在规划阶段执行，将专门要求对所有相互连接的遗留系统进行深入审计，并要求相关系统所有者签署确认，无论其依赖性是否被察觉。

感谢您对这些请求的及时关注。一旦资源确认，我将在今天工作日结束前提供一份修订后的时间表估算。"
亚历山大·弗莱明在确定了他命名为青霉素的物质后，面临了什么具体的挑战？,青霉素是苏格兰医生兼微生物学家亚历山大·弗莱明于 1928 年发现的，尽管其临床应用被推迟了十多年。弗莱明在伦敦的实验室里，偶然观察到一培养皿被一种名为 *Penicillium notatum* 的霉菌污染。他注意到霉菌菌落周围的区域没有细菌生长（特别是葡萄球菌）。弗莱明正确地识别出活性物质是青霉素，但他很难将其分离和纯化成适合大规模生产或有效人体治疗的稳定形式。直到 20 世纪 40 年代初，牛津大学的科学家霍华德·弗洛里和恩斯特·钱恩开发出一种纯化和稳定青霉素的方法后，青霉素才成为一种可行的治疗药物，极大地影响了第二次世界大战中的伤亡情况。,弗莱明很难将其分离和纯化成适合大规模生产或有效人体治疗的稳定形式。
根据文本，列出参与胰岛素发现和提纯的四位主要人物，并注明他们的具体角色。,胰岛素于1921年由弗雷德里克·班廷（Frederick Banting）和查尔斯·贝斯特（Charles Best）在多伦多大学发现。他们是在约翰·詹姆斯·里克卡德·麦克劳德（John James Rickard Macleod）的指导下工作的。最初，团队在提纯胰腺提取物方面遇到了困难。后来，詹姆斯·科利普（James Collip）加入了这项工作，并开发了一种工艺来制造足够纯净的胰岛素提取物，这种提取物被称为“Isletin”。1922年1月23日，首次成功的人体试验在14岁的伦纳德·汤普森（Leonard Thompson）身上进行。班廷和麦克劳德有争议地获得了1923年诺贝尔生理学或医学奖，班廷立即与贝斯特分享了这一荣誉，麦克劳德则与科利普分享了这一荣誉。,弗雷德里克·班廷和查尔斯·贝斯特被认为是胰岛素的最初发现者。约翰·詹姆斯·里克卡德·麦克劳德是该团队的监督者。詹姆斯·科利普负责开发提纯工艺，使成功的人体试验成为可能（他创造了“Isletin”）。
列出公司在实施永久远程工作政策时引用的主要经济和物流优势。,,"通常引用的主要优势包括：
1. 通过最大程度地减少对实体办公空间、公用设施和相关服务的需求，显著降低运营成本。
2. 获得更广泛、非地域限制的人才库，使公司能够招募专家，无论其地理位置如何。
3. 由于更大的灵活性和消除压力重重的日常通勤，提高了员工保留率和工作满意度。
4. 提高某些岗位的生产力，因为员工可以定制自己的工作环境以最大限度地集中注意力。
5. 在本地中断或紧急情况下，增强组织弹性和业务连续性。"
用一句话解释天气和气候的区别。,,天气描述的是短时间内的大气状况，而气候描述的是长时间内的平均天气模式。
列出DNA中发现的四种含氮碱基，用分号分隔，并在后面用括号注明其单字母缩写。,脱氧核糖核酸（DNA）是一种复杂的分子，它包含构建和维持一个生物体所需的所有信息。DNA由两条相互缠绕的核苷酸长链组成，形成一个双螺旋结构。每个核苷酸有三个部分：一个磷酸基团、一个糖分子（脱氧核糖）和四种含氮碱基中的一种。这些碱基是腺嘌呤 (A)、鸟嘌呤 (G)、胞嘧啶 (C) 和胸腺嘧啶 (T)。这些碱基的序列决定了遗传密码。,腺嘌呤 (A); 鸟嘌呤 (G); 胞嘧啶 (C); 胸腺嘧啶 (T)
如果我成年子女告诉我他们正遭受严重的抑郁症困扰，并考虑从大学退学，我该如何回应？,,最重要的即时步骤是肯定他们的痛苦，将他们的幸福感置于学业之上。以冷静的同情心回应，强调他们的健康比学位更重要。告诉他们：“感谢你信任我；我们将一起面对。”立即帮助他们寻求专业评估——联系大学咨询中心、初级保健医生或心理健康专家。如果退学是必要的，将其定性为“暂停”或“病假”，以减少失败感，并在进行任何重大后勤变动之前，专注于建立稳定的支持系统和治疗计划。
提供一份关于古巴导弹危机（1962年10月）的原因和直接后果的简明摘要，确保摘要不超过200字。,,"1962年10月发生的古巴导弹危机是美国和苏联之间为期13天的对峙，由苏联在古巴部署弹道导弹引发。关键原因源于冷战紧张局势的升级、美国在土耳其部署“朱庇特”导弹，以及猪湾事件失败后苏联希望保护古巴的愿望。危机在美国实施海上隔离时达到顶峰。

解决方案是苏联领导人赫鲁晓夫同意拆除导弹，以换取美国公开承诺不入侵古巴，并辅以一项秘密协议，即美国将撤走其在土耳其的导弹。一个重要的直接后果是建立了莫斯科—华盛顿热线，以促进直接沟通并防止未来核升级。"
根据提供的文本，总结阿波罗11号任务的关键事件和乘员。,阿波罗11号是首次将两名人类送上月球的太空飞行。指挥官尼尔·阿姆斯特朗和登月舱飞行员巴兹·奥尔德林于世界标准时间1969年7月20日20:17将阿波罗登月舱“鹰”号降落在月球上。六小时后的7月21日，阿姆斯特朗成为第一个踏上月球表面的人；奥尔德林在19分钟后加入了他的行列。他们在飞船外共度了大约两个小时零一刻钟，并收集了47.5磅（21.5公斤）的月球物质带回地球。第三名乘员迈克尔·科林斯在阿姆斯特朗和奥尔德林在月球表面时，独自驾驶指令舱“哥伦比亚”号在月球轨道上运行。阿波罗11号于7月16日由土星五号火箭从肯尼迪航天中心发射升空，并于7月24日返回地球，溅落在太平洋上。,阿波罗11号是首次将两名人类送上月球的任务：指挥官尼尔·阿姆斯特朗（第一个踏上月球表面的人）和登月舱飞行员巴兹·奥尔德林。他们于1969年7月20日将登月舱“鹰”号降落在月球上。在月球表面期间，他们花费了大约两个小时零一刻钟收集了47.5磅的月球物质。第三名乘员迈克尔·科林斯在轨道上驾驶指令舱“哥伦比亚”号。该任务于7月16日发射，并于7月24日溅落在太平洋上。
目前被认为是大规模人工智能部署所面临的最具挑战性的伦理问题是什么？,,问责制和“黑箱”问题至关重要。由于许多先进的人工智能模型使用深度学习，使其决策过程不透明，确定当人工智能做出有害或歧视性决策时，谁应负责（是程序员、用户还是人工智能本身）几乎变得不可能。这种缺乏透明度的现象破坏了法律和伦理的问责框架。
我需要在客人到来之前快速整理一下厨房。我应该重点关注哪三项基本任务？,,你应该着重于快速清理水槽并洗净所有碗碟，擦拭所有可触及的台面，以及清扫或局部清洁可见的地面区域。
列出以下七国集团（G7）成员国的首都：加拿大、法国、德国、意大利、日本、英国和美国。,,"加拿大: 渥太华
法国: 巴黎
德国: 柏林
意大利: 罗马
日本: 东京
英国: 伦敦
美国: 华盛顿哥伦比亚特区"
冥王星是谁发现的？官方宣布发现的年份和地点又是什么？,冥王星于1930年2月18日由克莱德·汤博（Clyde Tombaugh）在亚利桑那州的洛厄尔天文台正式发现。由于观测到天王星和海王星轨道上的摄动，天文学家之前就预测了它的存在，并开始寻找一颗“X行星”。汤博通过系统地比较间隔数天拍摄的照相底片，寻找相对于背景恒星移动的物体，从而发现了冥王星。命名方式是通过众包完成的，由11岁的威妮夏·伯尼（Venetia Burney）提出的“冥王星”这个名字于同年晚些时候被正式选中。,克莱德·汤博于1930年在亚利桑那州的洛厄尔天文台发现了冥王星。
世界上最长的洲际山脉是什么？,,"最长的洲际山脉是安第斯山脉。它绵延约7,000公里（4,300英里），沿着整个南美洲西海岸延伸，穿过七个不同的国家。"
为什么稀有气体大多不活泼？,,稀有气体之所以不活泼，是因为它们最外层能级壳层中的价电子是满的（即八隅体结构，氦气是二隅体）。这种稳定的电子排布使它们难以获得、失去或共享电子，而这些是形成化学键所必需的基本过程。
使灶神星在小行星中独一无二的显著特征是什么？,灶神星是小行星带中质量第二大的天体，位于火星和木星之间。与许多较小的小行星不同，灶神星表现出显著的行星分化，这意味着它拥有一个独特的核、幔和壳。它是HED陨石（即角砾无球粒陨石、古铜无球粒陨石和透辉无球粒陨石）的母体，这些陨石经常坠落到地球，为科学家提供了宝贵的成分样本。黎明号（Dawn）探测器于2011年至2012年间环绕灶神星运行，证实了其分层结构，并发现了其异常巨大的中央峰环形撞击坑——雷亚西尔维亚（Rheasilvia）。,灶神星表现出显著的行星分化，这意味着它拥有一个独特的核、幔和壳。此外，它还是HED陨石的母体。
是什么导致伊卡洛斯的翅膀失灵的？,巧匠代达罗斯用蜂蜡和羽毛制作了翅膀，这样他和他的儿子伊卡洛斯就可以逃离在克里特的囚禁。代达罗斯严格警告他的儿子：不要飞得离海太近，因为湿气会压垮羽毛；也不要飞得太高，因为太阳的热量肯定会融化将翅膀粘合在一起的蜡。伊卡洛斯无视父亲绝望的恳求，被飞行的自由所陶醉，越飞越高。当他靠近太阳时，蜂蜡变软并融化了，羽毛脱落，伊卡洛斯坠入了下方的海中。,太阳的热量融化了将翅膀粘合在一起的蜡。
什么东西满是洞，却能装水？,,海绵
根据提供的文本，允许卷积神经网络（CNN）与传统网络相比降低计算复杂度和参数数量的两个主要机制是什么？,卷积神经网络（CNN）是一类深度神经网络，最常用于分析视觉图像。它们以使用卷积层而著称，卷积层将滤波器应用于输入数据以创建特征图，从而使网络能够学习空间层次结构。与传统的全连接前馈神经网络不同，CNN通过使用共享权重和池化层显着减少了所需的参数数量。池化层（例如最大池化）降低了特征图的维度，这有助于防止过拟合并使计算更易于管理。全连接层通常位于架构的末端，它接收卷积层学习到的高级特征并用它们来对输入图像进行分类。,CNN降低复杂性主要通过两个方面：一是卷积层固有的共享权重的使用，二是池化层（例如最大池化）的使用，后者可以减少特征图的维度。
黄金的化学符号是什么？,,黄金的化学符号是 Au。
解释递归的概念。,,递归是一种编程技术，其中函数直接或间接调用自身来解决问题。其核心思想是将一个复杂的问题分解为更小的、相同的子问题。为了让递归函数终止并避免无限循环，它必须包含两个基本部分：1) 基本情况（Base Case）：停止递归的条件，为问题的最简单实例提供直接的解决方案。2) 递归步骤（Recursive Step）：函数使用修改后的输入调用自身，从而更接近基本情况。一个经典的类比是放置两面相对的镜子；反射中包含整体图像的一个更小的版本，除非引入停止规则（基本情况），否则这种反射会无限持续下去。
从输入文本中提取恐龙的全名、发现年份及其决定性特征，并将结果表示为一个结构化列表，其中特征跟在括号中的名称和年份之后。,三角龙 (Triceratops horridus) 于 1887 年被发现，仍然是最易于识别的有角恐龙之一。 后来，巨大的霸王龙 (Tyrannosaurus rex) 于 1905 年被正式命名。第三个重要的发现是剑龙 (Stegosaurus armatus)，可以追溯到 1877 年，它以其骨板和尾刺而闻名。,"*   Triceratops horridus (1887): 有角恐龙
*   Tyrannosaurus rex (1905): 巨大恐龙
*   Stegosaurus armatus (1877): 骨板和尾刺"
描述巴拿马运河的建造过程和经济重要性。,,巴拿马运河是一条连接大西洋和太平洋的人工水道，其主要目的是缩短北美和南美之间的海上航线。该工程于1881年由法国人开始修建，但因疾病和工程难题而失败。美国于1904年接管了该项目，并于1914年完成。从经济角度来看，该运河至关重要，它使船只能够绕过漫长而危险的合恩角航线。它是全球海上贸易的关键瓶颈，每年处理数百万吨货物，并显著降低了全球范围内的运输成本。
唯一一个国旗上没有红色、白色或蓝色这三种颜色的国家是哪个？,,利比亚 (指的是1977年至2011年间使用的国旗)。
解释量子纠缠的概念及其重要性。,,"量子纠缠是一种物理现象，其中两个或多个粒子以一种特殊的方式联系在一起，无论它们之间的空间距离有多远，它们都共享相同的量子态。当粒子发生纠缠时，测量其中一个粒子的特定量子特性（例如自旋或偏振）会立即确定配对中其他粒子对应的特性。即使粒子相隔遥远，这种关联也依然存在，这使得阿尔伯特·爱因斯坦将其著名地称为“幽灵般的超距作用”（spooky action at a distance），因为它似乎意味着信息传输速度超过光速（尽管无法通过这种方式实际传输经典信息）。

纠缠的产生是因为描述该系统的量子波函数不能分解为每个组成粒子的独立波函数。它是量子力学的一个基本特征，被认为是开发下一代技术的关键资源。它的重要性主要在于量子信息科学，构成了量子密码学（安全通信）、量子计算（通过量子比特实现某些计算问题的指数级加速）和量子隐形传态等实际应用的基础。"
列出我们太阳系内的四颗岩石内行星。,,"水星, 金星, 地球, 和火星。"
使用提供的文本，列出四个伽利略卫星，并以编号列表的形式呈现。,木星的四颗最大卫星统称为伽利略卫星，以它们于1610年的发现者伽利略·伽利雷的名字命名。这些卫星以可预测的轨道围绕木星运行。木卫一（艾奥），是四颗中最靠近木星的一颗，具有火山活动。木卫二（欧罗巴）以其光滑的冰壳而闻名，这表明它可能存在地下海洋。木卫三（盖尼米德）是整个太阳系中最大的卫星，也是已知唯一拥有自身磁层的卫星。木卫四（卡利斯托），是该群组中最外侧的一颗，陨石坑密布，在地质上似乎已经死亡。,"1. 艾奥
2. 欧罗巴
3. 盖尼米德
4. 卡利斯托"
根据以下关于互联网历史的文本，提取第一条消息发送的年份以及开发核心技术的机构。,互联网的历史始于20世纪50年代电子计算机的发展。广域网的概念始于对分组交换的研究，这对数据传输至关重要。互联网的主要前身是ARPANET，由美国国防部的“高级研究计划局”（ARPA）建立。ARPANET于1969年10月29日成功发送了第一条消息，信息从加州大学洛杉矶分校的一台计算机发送到斯坦福研究所的一台计算机。这项核心技术，以分组交换和最初的TCP/IP协议为中心，主要由ARPA（后更名为DARPA）开发和资助。,第一条消息于1969年发送。该核心技术由美国国防部的高级研究计划局（ARPA）开发并资助。
解释海森堡不确定性原理的核心概念。,,海森堡不确定性原理指出，从根本上讲，不可能同时精确测量粒子的位置和动量。一个属性测量得越精确，另一个属性测量得就越不精确。
列出地球大气层从地表开始向外延伸的五个主要层次。,,"地球大气层最靠近地面开始的五个主要层次是：
1. 对流层: 所有天气现象发生的地方。
2. 平流层: 含有臭氧层，臭氧层吸收紫外线辐射。
3. 中间层: 大多数流星进入时在此燃烧殆尽。
4. 热层: 发生极光（北极光和南极光）的层次。
5. 外逸层: 最外层，最终逐渐过渡到太空。"
解释关键物种在生态系统中的作用和意义。,,关键物种是一种生物，其对自然环境的影响相对于其数量而言，不成比例地巨大。这类物种对于维持生态群落的结构至关重要，它们会影响生态系统中的许多其他生物，并决定了存在的各种物种的类型和数量。如果关键物种被移除，生态系统往往会发生剧烈变化或完全崩溃，海獭或灰狼的生态作用就证明了这一概念。
地球海洋中最深的点是哪里？它有多深？,,"已知最深的点是挑战者深渊，位于西太平洋的马里亚纳海沟中。其测量的最大深度约为海平面以下10,935米（35,876英尺）。这个深度比珠穆朗玛峰在海平面以上的最高高度还要深近2,000米。"
软件开发中的技术债务是什么？,,技术债务是软件开发中的一个概念，它反映了当前选择一个简单（有限的）解决方案而非一个更好但耗时的方案所导致的额外返工的潜在成本。它是衡量速度与质量之间权衡的隐喻。正如金融债务一样，技术债务最终必须通过重构或重做组件来偿还，否则，项目将面临维护成本不断攀升、敏捷性降低，并最终崩溃的风险。
玛丽·居里在哪两个不同的科学领域赢得了诺贝尔奖？,玛丽·斯科沃多夫斯卡·居里（Marie Skłodowska Curie）是一位波兰裔和归化的法国物理学家和化学家，她对放射性进行了开创性的研究。她是第一位获得诺贝尔奖的女性，是第一位且是唯一一位两次获得诺贝尔奖的女性，也是唯一一位在两个不同科学领域获得诺贝尔奖的人。她与丈夫皮埃尔·居里以及物理学家亨利·贝克勒尔分享了她的第一个奖项，即1903年诺贝尔物理学奖。她的第二个奖项，即1911年诺贝尔化学奖，是完全基于她分离纯镭的工作而授予的。,物理学和化学
列出三种适合快速早餐的高营养超级食物。,,"1. 蓝莓（高抗氧化剂）
2. 希腊酸奶（蛋白质补充）
3. 奇亚籽（纤维和欧米伽-3脂肪酸）"
编写一个简洁的 Python 函数，命名为 `is_prime`，用于判断给定的正整数 `n` 是否为素数。,,"python
def is_prime(n):
    if n <= 1:
        return False
    for i in range(2, int(n**0.5) + 1):
        if n % i == 0:
            return False
    return True
"
罗塞塔石碑的意义是什么？,,罗塞塔石碑是1799年发现的一件古埃及文物。它包含用三种文字刻写的相同法令：埃及象形文字、世俗体文字和古希腊文。它的主要意义在于，它提供了破译埃及象形文字所需的关键（该文字在此前近两千年都无法被解读），从而使现代学者得以理解古埃及的文化和历史。
根据所提供的文本，居里夫人在哪一年被授予诺贝尔物理学奖？,玛丽·斯克沃多夫斯卡·居里（Marie Skłodowska Curie）是一位波兰裔和入籍法国的物理学家和化学家，对放射性进行了开创性的研究。她是第一位获得诺贝尔奖的女性，是第一位也是唯一一位两次获得诺贝尔奖的人，并且是唯一一位在两个不同科学领域获得诺贝尔奖的人。她与丈夫皮埃尔·居里以及物理学家亨利·贝克勒尔共同获得了1903年的诺贝尔物理学奖。后来，她因发现了元素钋和镭而获得了1911年的诺贝尔化学奖。,1903
请按距太阳由近及远的顺序，以编号列表的形式列出太阳系中的八大行星。,,"1. 水星
2. 金星
3. 地球
4. 火星
5. 木星
6. 土星
7. 天王星
8. 海王星"
想象一下，如果你能回到 17 世纪的伦敦。哪种现代技术会造成最大的社会混乱？,,一个简单可靠的净水系统（比如现代陶瓷过滤器或基本的氯化消毒知识）。虽然像智能手机这样花哨的技术在没有基础设施的情况下会毫无用处，但易于获取的清洁水将立即消除霍乱和斑疹伤寒，极大地延长寿命并降低工人阶级的死亡率。这种突然的人口激增和健康的改善将从根本上重塑城市的劳动力、住房需求和公共卫生政策，从而导致快速、无计划的社会演变。
起草一份电子商务公司处理客户退货的标准操作程序（SOP）。该SOP必须包括正式的政策声明、明确的范围、相关部门的职责列表、详细的循序渐进的步骤、所需表格/系统的列表以及关键定义。,"公司名称：Stellar Goods Inc.
退货期限：自交货之日起 30 天内。
接受条件：必须使用原包装，且未经使用/未受损。
使用的处理系统：ZenDesk（用于客户互动/跟踪）和 QuickBooks（用于财务交易）。","## 标准操作程序 (SOP)

**标题：** 客户退货处理
**SOP 编号：** SG-CUST-RTRN-001
**生效日期：** 2024-08-01
**修订版本：** 1.0

---

### 1. 政策声明

Stellar Goods Inc. 的政策是确保及时、准确和一致地处理客户退货。所有符合条件的退货（由公司 30 天退货期限和产品状况要求定义）必须准确处理和记录，并在收到退货物品后的七 (7) 个工作日内启动退款。

### 2. 适用范围

本 SOP 适用于所有通过官方电子商务网站直接从 Stellar Goods Inc. 购买的商品，涵盖客户服务部、质量控制 (QC) 部和会计部在退货商品的授权、跟踪、检验和财务处理方面所采取的行动。

### 3. 职责

| 部门 | 职责 |
| :--- | :--- |
| **客户服务代表 (CSR)** | 首次客户联系、核实退货资格、发放退货授权 (RMA) 编号，以及通过 ZenDesk 进行客户沟通。 |
| **仓库/质量控制 (QC) 团队** | 接收退货商品、详细检查产品状况，并向会计部确认检查结果。 |
| **会计部** | 通过 QuickBooks 进行最终退款处理、交易核对，以及向 CSR 团队确认退款启动。 |

### 4. 循序渐进的程序

#### A. 启动与授权 (CSR)

1.  **接收请求：** 客户服务代表 (CSR) 通过电话、电子邮件或 ZenDesk 票证接收退货请求。CSR 将 ZenDesk 票证状态更新为“待审核”。
2.  **核实资格：** CSR 根据 30 天退货期限政策检查原始订单日期和交货日期。CSR 还会确认客户的退货原因，并核实物品的状况要求（未经使用、原包装）。
3.  **发放 RMA：** 如果退货符合资格，CSR 将生成唯一的退货授权 (RMA) 编号。此编号记录在 ZenDesk 票证中，并用于所有后续跟踪。
4.  **提供运输说明：** CSR 向客户提供预付费运输标签和物品包装说明。客户被告知，退款只会在物品通过检查后进行处理。
5.  **跟踪更新：** CSR 将 ZenDesk 票证状态更新为“等待退回”。

#### B. 接收与检验 (QC 团队)

1.  **物品到达：** 仓库团队接收包裹，并立即将包裹及相关的 RMA 编号记录到每日退货日志中。
2.  **检验：** QC 团队根据以下标准检验物品：1) 匹配 RMA 编号，2) 物品未经使用，3) 物品处于原包装中，4) 物品未受损。
3.  **检验文件记录：** 
    *   *如果批准：* QC 团队在检验表上签字，注明“检验通过”，并将表格以数字形式转发给会计部。
    *   *如果拒绝：* QC 团队记录拒绝原因（例如：损坏、已使用、缺少组件），并通过 ZenDesk 票证立即通知 CSR 团队。

#### C. 财务处理与结案 (会计/CSR)

1.  **退款处理 (会计)：** 在收到“检验通过”通知后，会计部使用 RMA 编号在 QuickBooks 中定位原始销售交易。核实退款金额（减去任何适用的重新入库费）。
2.  **启动退款：** 会计部通过 QuickBooks 启动退款交易，将款项退回到原始付款方式。记录退款交易 ID。
3.  **通知 (CSR)：** 会计部使用退款交易 ID 更新 ZenDesk 票证。然后，CSR 向客户发送最终确认电子邮件，告知退款已处理（并说明标准的 3-5 个工作日银行延迟）。
4.  **票证结案：** CSR 将 ZenDesk 票证的状态更改为“已关闭/已退款”。

### 5. 所需表格和系统

*   **ZenDesk：** 用于跟踪所有客户互动、发放 RMA 编号和内部沟通。
*   **QuickBooks Enterprise：** 用于记录财务交易、发放贷项通知单和处理退款。
*   **RMA 检验表：** QC 团队必须填写的实体/数字表格，用于记录退货商品的状况。

### 6. 关键定义

*   **退货授权 (RMA)：** 向客户发放的唯一字母数字代码，用于授权退货并允许 Stellar Goods Inc. 在整个流程的各个阶段跟踪该物品。
*   **退货期限：** 原始交货日期后的 30 天期限，在此期间客户有资格请求退货。
*   **QC：** 质量控制；负责检查退回产品物理状况的指定团队。
*   **贷项通知单：** 在 QuickBooks 中生成的内部会计文件，授权对原始销售进行财务冲销。"
阿波罗11号任务中使用的登月舱叫什么名字？谁留在了轨道上？,阿波罗11号任务于1969年7月20日发射。乘员包括指挥官尼尔·阿姆斯特朗、登月舱驾驶员巴兹·奥尔德林和指令舱驾驶员迈克尔·科林斯。阿姆斯特朗和奥尔德林是第一批登上月球的人类，于7月20日在月球表面进行了他们的舱外活动（EVA）。科林斯乘坐指令舱“哥伦比亚号”留在了月球轨道上。登月舱被命名为“鹰号”。,登月舱被命名为“鹰号”，迈克尔·科林斯乘坐指令舱留在了月球轨道上。
描述金门大桥。,金门大桥是一座悬索桥，横跨金门海峡，连接旧金山湾和太平洋，该海峡宽一英里（1.6 公里）。施工始于 1933 年 1 月 5 日，于 1937 年 4 月竣工，并于 1937 年 5 月 27 日向行人开放。它由工程师约瑟夫·斯特劳斯和建筑师欧文·莫罗设计。莫罗选择了这座桥独特的颜色——一种名为“国际橘”的朱红色。竣工后的 27 年里，金门大桥拥有世界上最长的悬索桥主跨。,金门大桥是一座横跨金门海峡的悬索桥，连接着旧金山湾和太平洋。大桥于 1933 年开始施工，并于 1937 年 5 月开放。它主要由约瑟夫·斯特劳斯和欧文·莫罗设计，后者选择了其标志性的朱红色，被称为“国际橘”。竣工后，这座桥保持了世界最长悬索桥主跨的记录近三十年，如今它仍然是加利福尼亚州和美国最具辨识度的地标之一。
提案提交的最终截止日期是什么时候？,项目时间表概述了三个阶段：研究（3月1日开始），起草（4月15日结束），官方的、不可协商的提交截止日期定在本年度的5月30日。,5月30日
列出并描述星系的主要类型。,,星系主要根据其外观分为三种主要类型。旋涡星系，如银河系，其特点是有一个扁平的旋转盘、一个中心凸起和突出的旋臂。椭圆星系通常是光滑、没有特征的，形状范围从接近球形到高度扁平。它们通常包含更古老、更暗淡的恒星。不规则星系缺乏明确的规则结构，通常是引力相互作用或碰撞的结果。
识别文本中提到的所有四位数年份，并以升序排列，用分号分隔。,该公司成立于 1998 年。它于 2005 年发布了其旗舰产品 Alpha V，该产品迅速占领了市场份额。2011 年，由于安全问题，发生了一次大规模召回。然而，该公司成功稳定下来，并于 2023 年实现了 50 亿美元的最高估值。有记录以来的最低估值是 2000 年的 5000 万美元。,1998; 2000; 2005; 2011; 2023
概述使用内置的 `venv` 模块设置新的 Python 虚拟环境的基本步骤。,,"1. 打开您的终端或命令提示符，并导航到您的项目目录。
2. 运行创建命令：`python3 -m venv env_name`（将 `env_name` 替换为您想要的环境名称）。
3. 激活环境：
   *   **macOS/Linux：** `source env_name/bin/activate`
   *   **Windows (PowerShell)：** `.\env_name\Scripts\Activate.ps1`
   *   **Windows (cmd)：** `.\env_name\Scripts\activate.bat`
4. 激活后，环境名称将出现在您的命令提示符中。您现在可以使用 `pip install package_name` 安装依赖项。"
根据提供的对火星的描述，是哪个特征使它获得了标志性的“红色星球”的昵称？,火星是距离太阳第四近的行星，也是太阳系中仅次于水星的第二小的行星。火星以罗马战神的名字命名，常被称为“红色星球”，因为其表面普遍存在的氧化铁使其呈现出红色的外观。它是一颗类地行星，拥有主要由二氧化碳组成的稀薄大气层。太阳系中已知最高的山——奥林帕斯山，位于火星上，高约 21.9 公里（13.6 英里）。,其表面普遍存在的氧化铁使其呈现出红色的外观。
根据以下科学家主要研究领域是物理学还是生物学进行分类：阿尔伯特·爱因斯坦、查尔斯·达尔文、玛丽·居里、格雷戈尔·孟德尔、艾萨克·牛顿、罗莎琳德·富兰克林。,,"物理学 - 阿尔伯特·爱因斯坦, 玛丽·居里, 艾萨克·牛顿
生物学 - 查尔斯·达尔文, 格雷戈尔·孟德尔, 罗莎琳德·富兰克林"
编写一个使用递归计算给定非负整数的阶乘的 Python 函数。,,"python
def factorial_recursive(n):
    """"""使用递归计算 n 的阶乘。""""""
    if not isinstance(n, int) or n < 0:
        raise ValueError(""输入必须是非负整数。"")
    
    # 基本情况
    if n == 0:
        return 1
    
    # 递归步骤
    return n * factorial_recursive(n - 1)

# 示例用法：
# print(factorial_recursive(5))  # 返回 120
# print(factorial_recursive(0))  # 返回 1
"
Wi-Fi 5 (802.11ac) 和 Wi-Fi 6 (802.11ax) 的主要区别是什么？如果我的主要用途是流媒体播放 4K 视频、玩竞技在线游戏以及支持 15 个以上的智能家居设备，我是否应该升级我的路由器？,,"Wi-Fi 6 (802.11ax) 相较于 Wi-Fi 5 (802.11ac) 提供了显著的改进，主要侧重于效率和容量，而不仅仅是峰值速度。

主要区别:

1. OFDMA（正交频分多址）：Wi-Fi 6 引入了 OFDMA，它允许路由器将单个信道拆分成更小的资源单元，从而能够同时发送多个低带宽数据流（例如智能家居命令）。Wi-Fi 5 是顺序发送数据的。

2. MU-MIMO（多用户多输入多输出）：虽然 Wi-Fi 5 中也存在，但 Wi-Fi 6 将 MU-MIMO 扩展到覆盖上行链路和下行链路，允许路由器在两个方向上同时与多个设备通信。

3. 目标唤醒时间 (TWT)：此功能允许设备规划它们何时需要唤醒以接收数据，从而显著改善所连接设备的电池续航时间。

4. 容量和速度：Wi-Fi 6 使用 1024-QAM（而 Wi-Fi 5 使用 256-QAM），将数据吞吐量提高了多达 25%。它还可以在 2.4 GHz 和 5 GHz 频段上运行，而 Wi-Fi 5 通常局限于 5 GHz。

升级建议:

是的，您绝对应该考虑升级。虽然 Wi-Fi 5 可以处理单个 4K 流，但支持 15 个以上的智能设备和竞技游戏需要低延迟和高网络效率。Wi-Fi 6 在 OFDMA 和改进的 MU-MIMO 方面的增强功能是专门为管理高设备密度和最大限度地减少网络拥塞而设计的，可在重负载下为流媒体和游戏提供更流畅、更可靠的体验。"
谁发明了万维网，CERN（欧洲核子研究中心）采取了什么具体行动加速了它的广泛普及？,万维网（WWW）是英国科学家蒂姆·伯纳斯-李（Tim Berners-Lee）于1989年在CERN（欧洲核子研究中心）工作时发明的。最初，它被设计为科学家之间自动信息共享的工具。第一个网页浏览器（也命名为WorldWideWeb）创建于1990年。至关重要的是，1993年，CERN将核心网络技术免版税地向公众开放，从而使其得以在全球范围内迅速普及。虽然万维网经常与互联网混淆，但互联网是连接计算机的基础网络，主要通过20世纪60年代后期的ARPANET建立。,万维网是由英国科学家蒂姆·伯纳斯-李于1989年发明的。它的广泛普及是在1993年CERN将核心网络技术免版税地向公众开放时加速的。
开展成功的在线辅导业务，我需要采取哪些基本步骤？,,开展在线辅导业务需要在多个领域进行周密的规划。基本步骤包括：1. 利基定义与规划：确定您的核心科目、目标受众（例如，小学数学、大学考试准备）以及有竞争力的定价结构。2. 法律与财务设置：注册您的企业（独资或有限责任公司，LLC），获得必要的许可证，并设立专门的企业银行账户。3. 技术基础设施：选择可靠的视频会议平台（Zoom、Google Meet），集成安全的支付系统（Stripe、PayPal），并建立专业的网站或日程安排平台。4. 内容开发：创建高质量、引人入胜的材料、课程计划和特定于您的利基的练习评估。5. 营销与推广：利用社交媒体营销、本地学校合作以及搜索引擎优化（SEO）。提供一次免费的入门课程以建立信任并收集初步的客户评价。
国际空间站的组装工作何时正式开始？,国际空间站 (ISS) 的组装工作始于 1998 年“曙光”号（Zarya）控制舱的发射。“曙光”（Zarya）在俄语中意为“黎明”，于 1998 年 11 月 20 日由俄罗斯质子号火箭从拜科努尔航天发射场发射升空。该舱为空间站提供了最初的推进力和电力存储。,国际空间站的组装工作始于 1998 年 11 月 20 日“曙光”号控制舱的发射。
我们的太阳系中最大的行星是什么？,,太阳系中最大的行星是木星。它是一个气态巨行星，质量巨大，超过所有其他行星总质量的三分之二。它最著名的特征是大红斑，这是一场比地球还大的持续风暴。
确定传统上认为创作了《奥德赛》和《伊利亚特》的古希腊作者。,,荷马
提供三个袜子在烘干机中消失的原因。,,1. 烘干机充当了一个时间漩涡，吸走了那些未完全配对的单个物品，以平衡机器的能量输出。 2. 它们被微小的、有组织的灰尘小鼠收集起来，用于制作冬帽。 3. 洗衣地精（管理家用织物的小型官僚生物）已将该袜子标记为“不合格”，并将其归档到位于绒毛陷阱后面的“未配对织物档案”中。
描述地球大气层的分层，从最接近地表的一层开始。,,大气层主要根据温度变化分为五个主层。它们依次是：1. 对流层 (0-12 公里)：这里发生天气现象，温度随高度增加而降低。2. 平流层 (12-50 公里)：包含臭氧层，温度随高度增加而升高。3. 中间层 (50-85 公里)：最冷的一层，大多数流星在此处燃烧殆尽。4. 热层 (85-600 公里)：由于强烈的太阳辐射而导致高温，是北极光和南极光（极光）的所在地。5. 逸散层 (600 公里以上)：逐渐过渡到太空的最外层。
列出显生宙的三个主要代，以及它们的大致时间段和简要特征。,,"1) **新生代** (近代生命): 6600万年前 (Ma) 至今。被称为哺乳动物时代。
2) **中生代** (中期生命): 2.52亿至6600万年前 (Ma)。被称为爬行动物时代（恐龙）。
3) **古生代** (古代生命): 5.41亿至2.52亿年前 (Ma)。其特点是寒武纪生命大爆发以及鱼类和早期陆地植物的兴起。"
金的化学符号是什么？,,Au
解释哈希算法的作用。,哈希算法是一种数学函数，它将任意大小的数据输入（'消息'）压缩成固定大小的字符串（'哈希'或'消息摘要'）。这个过程从根本上来说是不可逆的。安全的哈希函数应该具备抗碰撞性。,哈希被广泛应用于数字取证和安全领域，以验证数据的完整性。即使原始文件的一个比特位发生变化，生成的哈希摘要也会完全不同，从而允许用户立即检测到未经授权的修改。
解释人工智能的核心概念。,,人工智能 (AI) 指的是机器，尤其是计算机系统，对人类智能过程的模拟。这些过程包括学习（获取信息及使用信息的规则）、推理（利用规则得出近似或确定的结论）和自我修正。人工智能的核心目标是创建能够智能且独立运行、完成通常需要人类认知的任务的系统。主要子领域包括机器学习（ML），它允许系统在没有明确编程的情况下提高性能；以及自然语言处理（NLP），它使计算机能够理解和生成人类语言。
火环以什么闻名？,"火环是太平洋盆地的一个主要区域，该区域发生大量地震和火山喷发。它呈马蹄形，与一系列连续的海沟、火山弧和板块运动有关。世界上大约 90% 的地震和 81% 的最大地震发生在火环沿线。它绵延约 40,000 公里（25,000 英里）。",火环是太平洋盆地的一个主要区域，该区域发生大量地震和火山喷发。
TCP/IP 模型的四个层次及其主要功能是什么？,,"TCP/IP（传输控制协议/互联网协议）模型通常被描述为具有四个层次，每个层次都具有特定的通信功能：

1.  **应用层 (Application Layer)：** 这是最顶层，为使用网络的实际应用程序提供接口。它处理特定于应用的通信细节。协议包括 HTTP、DNS、SMTP 和 FTP。

2.  **传输层 (Transport Layer)：** 该层负责设备之间的端到端通信。它管理数据流、确保可靠性，并将数据分段为可管理的单元。这里的两个主要协议是 TCP（传输控制协议，可靠且面向连接）和 UDP（用户数据报协议，无连接且更快）。

3.  **互联网层（或网络层）(Internet Layer / Network Layer)：** 这个关键层处理逻辑寻址（IP 地址）以及数据包跨网络边界的路由。其主要功能是将数据从源主机穿过多个网络移动到目标主机。核心协议是互联网协议 (IP)。

4.  **网络接入层（或链路层）(Network Access Layer / Link Layer)：** 这是最低层，处理网络的物理硬件方面。它管理通过网络介质（如以太网或 Wi-Fi）的数据（帧）的物理传输，并处理局域网协议。它包括物理寻址（MAC 地址）的协议。"
定义引力并列出其主要影响。,,引力是自然界的一种基本力，它使任何两个具有质量或能量的物体相互吸引。它是四种基本力中最弱的一种，但其作用范围是无限的。它的主要影响包括：使天体（行星、恒星、星系）保持在其轨道上；导致地球上潮汐的形成；以及使物体和人固定在行星表面上。
将以下地点分类为城市或国家：东京、巴西、巴黎、埃及。,,东京是一个城市，巴西是一个国家，巴黎是一个城市，埃及是一个国家。
解释集成学习中 Boosting 和 Bagging 技术的根本区别。,,"集成学习（Ensemble learning）结合了多个模型以提高整体性能。两种主要方法是 Bagging（Bootstrap Aggregating）和 Boosting。

**Bagging（例如：随机森林 Random Forest）：**
该方法主要目标是降低模型的*方差*（variance）。它涉及在训练数据的不同子集上独立且并行地训练多个单独模型。这些子集是通过自举采样（有放回的采样）创建的。由于各个模型是独立训练的，它们的误差通常不相关。通过对这些模型的输出进行平均（针对回归）或投票（针对分类），可以显著减少高方差个体模型引入的噪声。当基础模型复杂且容易过拟合（高方差）时，Bagging 的效果最好。

**Boosting（例如：AdaBoost, GBM, XGBoost）：**
该方法侧重于降低模型的*偏差*（bias），并按顺序纠正先前模型的错误。在 Boosting 中，模型是迭代训练的。每个新模型都会被赋予特定的权重，以便更侧重于处理先前模型错误分类或预测不佳的数据点。这个过程将一组弱学习器转化为一个强大的学习器。Boosting 算法构建的模型高度依赖于其前驱模型的结果。

**主要区别：** Bagging 使用并行处理通过对独立模型求平均来降低方差，而 Boosting 使用顺序处理和加权训练，通过专注于纠正累积误差来降低偏差。"
物质的三种主要状态是什么？,,物质的三种主要状态是固体、液体和气体。第四种状态，等离子体，也经常被人们认可。
澳大利亚的首都是哪里？,,堪培拉
拿铁和卡布奇诺有什么区别？,,卡布奇诺的特点是其浓缩咖啡、蒸汽牛奶和厚厚的牛奶泡沫比例相等。拿铁通常含有明显更多的蒸汽牛奶，上面只有一层薄薄的泡沫。
解释爱因斯坦广义相对论的核心原理及其主要可观测的推论。,,"广义相对论（GR），由阿尔伯特·爱因斯坦于1915年发表，是一种引力的几何理论，它将引力的基本相互作用描述为物质和能量导致时空弯曲的结果。它从根本上取代了艾萨克·牛顿的万有引力定律，后者将引力描述为一种神秘的瞬时超距作用力。

广义相对论的核心概念体现在爱因斯坦场方程中，该方程将时空的几何形状（由爱因斯坦张量 Gμν 表示）与其中的物质和能量分布（由应力-能量张量 Tμν 表示）联系起来。简而言之，质量和能量告诉时空如何弯曲，而时空则告诉质量和能量如何运动。该理论纳入了等效原理，该原理指出，在局部范围内，引力的效应与加速度的效应是无法区分的。

广义相对论具有几个深刻且已被证实的推论。一个主要的推论是引力时间膨胀：在引力势较高（靠近大质量物体）的区域，时钟运行得更慢。另一个关键的预测是光线在大质量物体周围的弯曲（引力透镜效应），这在1919年的一次日食中首次得到证实。广义相对论准确地解释了水星的轨道进动，这是一个牛顿物理学无法完全解释的现象。

此外，广义相对论预测了极端宇宙物体的存在，特别是黑洞——时空中引力效应极其强大的区域，以至于任何东西，包括粒子和光等电磁辐射，都无法从中逃脱。最后，该理论还预测了引力波，即时空曲率的涟漪，它们从加速的质量中向外传播。这些波在2015年首次被LIGO实验直接探测到，证实了该理论最后几个主要的未经证实方面之一。"
根据以下编程语言的主要执行模型对其进行分类：编译型或解释型。,"C++, Python, Java, JavaScript, C, Ruby, Swift, PHP","编译型语言：C++, Java, C, Swift
解释型语言：Python, JavaScript, Ruby, PHP"
以下哪些著名地标位于埃及：吉萨金字塔、中国长城、狮身人面像,,吉萨金字塔和狮身人面像都位于埃及。中国长城位于中华人民共和国。
澳大利亚的首都是悉尼吗？,,否
列出该对象所获得的教育学位的按时间顺序排列的序列，包括每个学位的年份和机构。,埃莉诺·万斯博士拥有令人印象深刻的学术背景。她于2008年在加州理工学院（CalTech）完成了天体物理学博士学位。在此之前，她于2003年获得了麻省理工学院（MIT）理论物理学理学硕士学位。她的基础学习始于2000年由普林斯顿大学授予的数学文学学士学位。,"数学文学学士 (2000年, 普林斯顿大学); 理论物理学理学硕士 (2003年, 麻省理工学院); 天体物理学博士 (2008年, 加州理工学院)"
概述起草高质量技术规范文档（TSD）的基本步骤。,,"起草技术规范文档需要严谨的规划，以确保所有利益相关者就最终产品达成一致。以下是基本步骤：

1.  **定义范围和受众：** 明确阐述系统 *将要* 和 *不会* 做的事情（即边界）。确定主要受众（开发人员、质量保证人员、产品经理），因为这决定了所需的专业技术细节程度。
2.  **收集和验证需求：** 与产品负责人和利益相关者紧密合作，汇总所有功能性（系统做什么）和非功能性（性能、安全、可用性）需求。每个需求都应是具体的、可衡量的、可实现的、相关的和有时限的（SMART）。
3.  **概述文档结构：** 使用一致的模板。典型的部分包括：引言/目标、范围、利益相关者、详细设计、数据模型、测试策略和部署计划。
4.  **详细说明拟议的解决方案（设计部分）：** 描述如何满足需求。这包括架构图、序列流程、API 定义和数据库模式。重点在于清晰度而非模糊性。
5.  **建立成功指标和测试标准：** 定义团队将如何判断规范是否已成功实现。包括供质量保证（QA）团队使用的验收标准。
6.  **审查、迭代并获取签核：** 将草稿分发给关键技术负责人和产品管理人员进行同行评审。吸收反馈，并在开发开始前确保正式签核，以防止后续范围蔓延。"
根据文本，旅行者 1 号探测器是何时正式进入星际空间的？,旅行者 1 号是 NASA 于 1977 年 9 月 5 日发射的一个太空探测器，目前是距离地球最远的人造物体。它的主要任务是研究木星和土星。它于 2012 年 8 月 25 日正式穿过日光层顶，进入星际空间。它仍在继续运行，但预计其电源只能维持到 2025 年左右。,2012 年 8 月 25 日
根据文本，亚瑟·柯南·道尔爵士塑造夏洛克·福尔摩斯这一角色主要依据的真实人物是谁？,亚瑟·柯南·道尔爵士塑造夏洛克·福尔摩斯这一角色主要基于一位真实人物，即约瑟夫·贝尔医生（Dr. Joseph Bell），他是爱丁堡皇家医院的外科医生，道尔曾以职员身份与他共事。贝尔医生以其仅通过观察就能对病人的背景、职业和近期活动做出全面推断的能力而闻名。道尔后来将一部夏洛克·福尔摩斯小说献给了贝尔。尽管贝尔是主要灵感来源，但道尔也在福尔摩斯身上融入了他自己的一部分个性和当时的文学传统元素。,约瑟夫·贝尔医生
天气和气候之间有什么区别？,,天气是指特定地点短期的大气状况（例如今天或本周发生的降雨、日照或温度波动）。气候是指一个地区天气模式的长期平均值，通常以 30 年为周期进行计算。
经常练习正念冥想有哪些经过证实的心理益处？,,定期练习正念冥想能带来许多经证实的心理益处。它通过降低皮质醇水平，并培养对消极想法的不反应态度，显著减轻压力、焦虑和抑郁的症状。此外，持续的练习能增强认知功能，特别是改善注意力持续时间、工作记忆和专注力。冥想也与更好的情绪调节有关，因为它能加强前额叶皮层（执行功能）和杏仁核（恐惧/情绪中心）之间的连接，从而使人能够对情绪刺激做出更审慎的反应。研究还证明了大脑结构的变化，例如在与自我意识和同情心相关的区域灰质密度增加，以及睡眠质量的改善。
在成功举办虚拟研讨会后，为领英（LinkedIn）撰写一份简短、鼓舞人心的会后跟进消息。语气应充满热情，并包含一个软性的互动号召。,活动名称：虚拟研讨会：掌握远程时间管理。主要学习要点：'番茄工作法'和'批量处理类似任务'。期望的行动号召：鼓励参与者分享他们的最大收获，并关注下一期活动。,"衷心感谢昨天所有参加我们“虚拟研讨会：掌握远程时间管理”的朋友们！

我们讨论了许多高影响力的策略，如#番茄工作法（#PomodoroTechnique）和#任务批量处理（#TaskBatching）的力量，互动非常热烈。很高兴看到这么多人准备好改变自己的工作日。

现在是互动环节：我很想听听你们最大的收获是什么！您计划如何在本周融入这些方法？请在下方分享您的成功故事吧！

请继续关注我们下一期活动的详细信息！

#远程工作 #生产力 #时间管理"
列出木星的四颗最大的卫星。,,木星的四颗最大的卫星，也被称为伽利略卫星，分别是木卫一（Io）、木卫二（Europa）、木卫三（Ganymede）和木卫四（Callisto）。
比较和对比 Python 和 JavaScript，重点关注它们的主要用例。,,Python 和 JavaScript 都是非常流行的高级编程语言，但它们扮演着根本不同的主要角色。Python 擅长数据科学、机器学习、人工智能、科学计算和通用后端服务器开发等领域。它因其简洁、可读的语法以及庞大的专业库生态系统（例如 NumPy、Pandas、TensorFlow）而备受推崇。相比之下，JavaScript 最初和主要的用例是使网页具有交互性（前端开发）。然而，随着 Node.js 的出现，JavaScript 现在也成为了后端服务器的强大选择。一个关键区别在于它们的运行时环境：JavaScript 是 Web 浏览器的原生语言，而 Python 通常需要解释器设置。虽然 Python 通常是复杂数据处理或自动化脚本的首选，但对于几乎所有现代交互式 Web 应用程序来说，JavaScript 都是必需的。
将以下每座著名山峰归类到各自所在的大洲：亚洲、南美洲、北美洲、欧洲。待分类的山峰：珠穆朗玛峰、乔戈里峰、干城章嘉峰、洛子峰、马卡鲁峰、卓奥友峰、道拉吉里峰、马纳斯鲁峰、南迦帕尔巴特峰、安纳普尔纳峰I、加舒尔布鲁木I峰、布洛阿特峰、加舒尔布鲁木II峰、希夏邦马峰、阿空加瓜山、奥霍斯-德尔萨拉多山、勃朗峰、马特洪峰、德纳利峰、洛根山、奥里萨巴山。,,"位于亚洲的山峰有：珠穆朗玛峰、乔戈里峰、干城章嘉峰、洛子峰、马卡鲁峰、卓奥友峰、道拉吉里峰、马纳斯鲁峰、南迦帕尔巴特峰、安纳普尔纳峰I、加舒尔布鲁木I峰、布洛阿特峰、加舒尔布鲁木II峰、希夏邦马峰。

位于南美洲的山峰有：阿空加瓜山、奥霍斯-德尔萨拉多山。

位于北美洲的山峰有：德纳利峰、洛根山、奥里萨巴山。

位于欧洲的山峰有：勃朗峰、马特洪峰。"
对于想要学习 React JS 的初学者，有哪些推荐的资源？,,从官方的 React 文档（网址：https://react.dev/）开始。他们最近更新了文档，重点介绍了 Hooks 和函数式组件。对于系统化的学习，我推荐 freeCodeCamp 上的“React 基础知识”模块，或者查看 Udemy 等平台上流行的课程，重点关注那些以前端开发闻名的讲师，例如 Stephen Grider 或 Maximilian Schwarzmüller。
解释“无服务器计算”的核心概念及其对开发人员的主要优势。,,无服务器计算是一种云执行模型，其中云提供商动态管理底层基础设施的分配和扩展，使开发人员无需预置或管理服务器即可运行代码。其核心优势是“按执行付费”的成本模型、自动扩展以应对变化的负载，并允许开发团队专注于编写应用程序逻辑，而不是维护操作系统或网络配置。
这些建筑中哪个位于巴黎？埃菲尔铁塔还是大本钟,,埃菲尔铁塔
概述从头到尾烘烤经典酸面包的基本步骤。,,"1. **喂养酵种（激活）：** 将酵种、面粉和水混合。等待 4-12 小时，直到酵种活跃、气泡丰富并达到峰值（体积翻倍）。
2. **水解（初步混合）：** 将面团所需的面粉和水混合在一起，静置 30-60 分钟。
3. **加入酵种和盐：** 加入活跃的酵种并充分混合，然后加入盐并再次混合，直到完全融合。
4. **主发酵：** 让面团在室温下发酵（通常 4-8 小时）。在前 2-3 小时内，进行 4-6 组“拉伸和折叠”，以增强面筋。
5. **初步塑形（台面静置）：** 将面团轻轻塑形成松散的圆形或椭圆形，然后不加盖地静置 20-30 分钟。
6. **最终塑形和低温慢速发酵：** 紧密塑形面团，将其接缝朝上放入撒了面粉的发酵篮中。冷藏 12-24 小时。
7. **烘烤：** 将烤箱和铸铁锅预热至 475°F (245°C)。在冰冷的面团上划口，放入盖着盖子的热铸铁锅中烘烤 20 分钟。取下盖子，再烘烤 25-30 分钟，直到外皮呈深金棕色。
8. **冷却：** 将面包转移到烤架上，在切片之前让其完全冷却（1-2 小时）。"
分析将联邦最低工资提高到每小时 15 美元所带来的经济影响。,,预计将联邦最低工资提高到每小时 15 美元将产生复杂且多方面的经济影响。支持者认为，这将通过增加低收入工人的消费支出从而提振总需求，并减少政府在社会援助项目上的开支。相反，批评者则认为这可能导致更高的通货膨胀，促使企业更快地采用自动化技术，并对小企业产生不成比例的影响，从而可能导致入门级或低技能工人失业。
对以下名称进行分类：木星 (Jupiter)、火星 (Mars)、金星 (Venus)、土星 (Saturn)、海王星 (Neptune)、冥王星 (Pluto)、欧罗巴 (Europa)、盖尼米德 (Ganymede)、艾奥 (Io)、谷神星 (Ceres)、灶神星 (Vesta)、阿波罗 (Apollo)、戴安娜 (Diana)。将每个名称归类为“天体”（行星、卫星或矮行星）、“神话人物”（希腊或罗马）、“两者皆是”或“两者皆非”。,,"这是一个很好的列表，说明了天文学与古典神话之间的深厚联系，因为几乎所有的天体都是以神话人物命名的。然而，根据您提供的类别，分类如下：

**两者皆是 (主要天体和主要古典神祇)：**

*   **木星 (Jupiter)、火星 (Mars)、金星 (Venus)、土星 (Saturn)、海王星 (Neptune)：** 这些是五颗古典行星的名称，也是它们所代表的罗马主神。
*   **冥王星 (Pluto)、谷神星 (Ceres)：** 它们被归类为矮行星，同时也是重要的罗马神祇的名称（分别是冥界之神和农业女神）。

**天体 (侧重于天文学，尽管源自神话)：**

*   **欧罗巴 (Europa)、盖尼米德 (Ganymede)、艾奥 (Io)：** 它们是木星的三颗最大的卫星。虽然是以神话人物命名，但其常用指代严格来说是天文学上的。
*   **灶神星 (Vesta)：** 它是小行星带中最大的小行星之一。在现代用法中，它的主要指代是天文学上的。

**神话人物 (主要指代非天文学)：**

*   **阿波罗 (Apollo)、戴安娜 (Diana)：** 尽管各种较小的小行星带有这些名称，但在主要分类的背景下，这些名称主要指代罗马神祇（分别是太阳/音乐/射箭之神和狩猎/月亮女神）。"
根据所提供的文本，哪个组织负责在 2006 年重新划分冥王星的类别？,冥王星曾被归类为第九大行星，但在 2006 年被国际天文学联合会 (IAU) 重新分类为矮行星。IAU 制定了标准，要求天体必须“清除”其轨道周围的“邻近区域”才能被视为完整的行星。冥王星未能满足这最后一条标准。,国际天文学联合会 (IAU)
排除天线，埃菲尔铁塔最初的高度（以英尺计）是多少？,"埃菲尔铁塔是为1889年巴黎世界博览会而建造的。由古斯塔夫·埃菲尔设计，该结构最初高300米（984英尺），不包括天线。后来增加的广播设备增加了它的总高度。首次建成时，铁结构的总重量约为7,300公吨。如果包括砖石基础，总重量则接近10,100吨。",984英尺
列出文本中提到的关键日期以及相应的浏览器或语言发展，格式为“年份：事件”。,万维网的奠基可以追溯到1991年，当时蒂姆·伯纳斯-李发布了第一个网页浏览器WorldWideWeb。两年后的1993年，Mosaic发布，它推广了网页浏览。JavaScript的关键发展——一种对动态网络内容至关重要的脚本语言——发生在1995年。最后，流行的Firefox浏览器（当时称为Phoenix）的首次公开发布发生在2002年。,"1991: WorldWideWeb 发布
1993: Mosaic 发布
1995: JavaScript 开发
2002: Firefox 发布"
太阳系中最大的卫星是什么？,,太阳系中最大的卫星是木卫三（盖尼米德），它绕着行星木星运行。盖尼米德甚至比行星水星和矮行星冥王星还要大。它是已知唯一拥有自身磁场的卫星。
将以下动物分为两类：哺乳动物和爬行动物。,"蛇, 狗, 鳄鱼, 猫, 乌龟, 鲸鱼, 蜥蜴, 人","哺乳动物: 狗, 猫, 鲸鱼, 人
爬行动物: 蛇, 鳄鱼, 乌龟, 蜥蜴"
简单地解释一下阿尔伯特·爱因斯坦的狭义相对论的核心概念。,,核心概念是，物理定律对于所有非加速运动的观察者（惯性系）来说都是相同的，并且，无论光源如何运动，光在真空中的速度对所有人来说都是恒定不变的。这导致了深远的后果，例如时间膨胀（对于快速运动的物体来说，时间流逝得更慢）和长度收缩。
食物过敏和食物不耐受之间有什么区别？,,核心区别在于身体的反应机制。食物过敏涉及免疫系统，身体错误地将食物中的蛋白质识别为威胁，并释放抗体（如IgE），导致即刻和潜在危及生命的症状（荨麻疹、过敏性休克）。食物不耐受涉及消化系统，通常是由于身体无法正确消化或分解食物中的某种成分（通常是由于酶缺乏症，如乳糖不耐受）引起的。症状通常局限于肠道（胀气、腹胀、腹泻），并且不会危及生命。
解释容器化的概念。,,容器化是操作系统级虚拟化的一种轻量级形式，其中应用程序代码、依赖项和配置被打包成一个自给自足的单元，从而确保它能够在不同的计算环境中可靠地运行。
描述大堡礁，包括其位置和主要特征。,"大堡礁是世界上最大的珊瑚礁系统，由 2,900 多个独立珊瑚礁和 900 个岛屿组成，绵延超过 2,300 公里（1,400 英里），面积约为 344,400 平方公里（133,000 平方英里）。该珊瑚礁位于澳大利亚昆士兰州海岸附近，处于珊瑚海中。它于 1981 年被指定为联合国教科文组织世界遗产。它从外太空可见，是世界上最大的由活生物体构成的单一结构。该结构由数十亿微小生物（被称为珊瑚虫）组成。气候变化、污染和白化事件是该珊瑚礁生物多样性面临的主要威胁。","大堡礁位于澳大利亚昆士兰州海岸附近的珊瑚海中。它拥有世界最大珊瑚礁系统的称号，跨越约 344,400 平方公里（133,000 平方英里），绵延超过 2,300 公里（1,400 英里），包括 2,900 多个独立珊瑚礁和 900 个岛屿。它获得了全球认可，于 1981 年被指定为联合国教科文组织世界遗产。这个巨大的结构由数十亿被称为珊瑚虫的微小生物建造而成，其面积之广甚至从外太空都能看到。

尽管其规模巨大且具有生态重要性，但该珊瑚礁的生物多样性正受到气候变化、污染和频繁珊瑚白化事件等因素的严重威胁。"
解释莫尔效应是如何产生的及其实际应用是什么。,,莫尔效应是一种视觉现象—一种干涉图样—它发生在两个相似、规则的图样（通常是平行线、网格或点）以轻微旋转或位移的方式叠加时。由此产生的复杂的大尺度图样在视觉上与原始图样截然不同。这种效应在货币和文件安全（例如动态全息图 kinegrams）、微观测量（用于检测材料中的微小应变）等领域有实际应用，并且在数字摄影中，通常会对其进行减轻处理，以防止在捕捉精细纺织品或屏幕时出现不希望的混叠伪影。
常见的食物“三明治”是如何得名的？,三明治是以第四代三明治伯爵约翰·蒙塔古（John Montagu，1718–1792）的名字命名的。据说这位伯爵是一位特别狂热的赌徒，不希望为了长时间的正餐而离开牌桌。为了在满足饥饿的同时保持双手清洁，可以继续玩牌，他要求将肉片放在两片面包之间。这使他无需餐具即可进食。尽管面包和肉的组合可能在伯爵之前就已存在，但这种食物的普及和随后的命名归功于他在1762年左右的行为。,三明治是以第四代三明治伯爵约翰·蒙塔古的名字命名的。据报道，他要求将肉放在两片面包之间，这样他就可以在不中断长时间牌局的情况下进食，并保持双手清洁。
分析社交媒体导致政治两极分化的主要机制，并提出减轻这种影响的实用步骤。,,"社交媒体平台最初被誉为民主交流和全球互联的工具，但矛盾的是，它们已成为极端政治两极分化的催化剂。造成这种分裂的主要机制植根于平台的核心商业模式：通过个性化内容推送来最大化用户参与度。 

第一个主要机制是**算法回音室**。机器学习算法旨在优先推送能够让用户持续浏览的内容，通常是通过识别并提供能够证实其现有偏见并引发强烈情绪反应（通常是愤怒或肯定）的材料。这形成了一个自我强化的信息茧房，用户很少接触到可信的对立观点。久而久之，这种缺乏思想摩擦的环境导致极端立场的固化，以及对对立政治阵营中人士的非人化，因为算法已经移除了政策辩论的复杂细微差别，取而代之的是简化的、对立的叙事。

第二个关键机制是**情绪传染和病毒式传播的加速**。带有强烈情感色彩的内容——尤其是愤怒、恐惧和厌恶——在统计学上更容易在平台内被快速分享和传播。这使得虚假信息、耸人听闻和道德义愤压倒了冷静、事实的分析。复杂的政治问题被简化为易于消化、通常具有误导性的片段或表情包，当公共辩论被情绪强度而非共享事实或相互理解所驱动时，有意义的对话变得极其困难。此外，在线互动提供的匿名性和距离感降低了攻击性和有害行为的门槛，助长了对立情绪。

减轻这种社会分裂需要一个多管齐下的方法，同时针对平台的系统性激励和用户的行为习惯。从系统层面来看，应鼓励或强制平台**调整其算法优先级**。这意味着将优化指标从单纯的“参与度”转向重视来源可信度、观点多样性和背景的指标。例如，优先推送来自经过验证的新闻来源的帖子，或者展示更高比例的来自不同政治观点的帖子，即使最初的参与度较低，也可以慢慢侵蚀回音室。

在用户层面，重点必须放在**提高数字媒体素养**上。教育举措应该教导个人如何识别算法过滤，如何发现“引战诱饵”，以及使用自身信息流之外多样化、可信赖的来源来交叉引用信息的重要性。必须鼓励用户通过寻求来自对立政治立场的有理有据的论点，有意识地打破自己的过滤气泡，认识到富有成效的分歧对于健康的民主制度是必要的。最终，减少两极分化既需要算法上的克制，也需要社会承诺将批判性思维置于方便的确认之上。"
解释罗塞塔石碑的用途。,,罗塞塔石碑是解读古埃及象形文字的关键。它刻有相同内容的法令，但使用了三种文字书写：象形文字、世俗体文字和古希腊文。
根据文本，美国是哪一年接管巴拿马运河建设项目的？,巴拿马运河是工程史上的一个不朽壮举，于1914年8月15日正式通航，连接了（通过加勒比海的）大西洋和太平洋。它的建成极大地缩短了船只往返两大洋所需的距离和时间。1904年之前，法国曾于1881年开始尝试修建一条海平面运河，但由于疾病、工程挑战和财政困难而失败。美国于1904年接管了该项目，转而选择了基于船闸的运河系统。作为该设计的重要组成部分，加通湖（一个巨大的人工水库）由此诞生。该运河主要通过三组船闸运行：米拉弗洛雷斯（Miraflores）、佩德罗·米格尔（Pedro Miguel）和加通（Gatun）。,1904
制作高品质手冲咖啡的最佳方法是什么？,,手冲咖啡的最佳方法需要精确性。首先，将过滤水加热至195°F至205°F（90°C–96°C）之间。在水加热的同时，称量并研磨新鲜咖啡豆至中等粗细（咖啡与水的比例约为1:15）。将滤纸放入滤杯中，用热水彻底冲洗以去除纸味并预热冲泡器具；丢弃这些冲洗水。将咖啡粉加入滤杯并将其弄平。开始“闷蒸”，缓慢地将足够的水（约是咖啡粉重量的两倍）倒在咖啡粉上，使其完全浸湿。静置30秒。接下来，开始主冲泡，从中心开始螺旋向外，避免直接冲洗到滤纸壁。继续稳定、缓慢地加水，直到达到所需的总水量。理想的总冲泡时间应在2.5到3.5分钟之间。
钠的化学符号是什么？,,Na
19世纪末，法国巴拿马运河建设工作停滞的主要原因是什么？,"巴拿马运河是巴拿马境内一条长82公里（51英里）的人工水道，连接大西洋和太平洋。该运河横穿巴拿马地峡，是海上贸易的通道。作为有史以来最大、最艰难的工程项目之一，它对两大洋之间的航运产生了巨大的影响，取代了绕行南美洲最南端合恩角的漫长而危险的航线。该工程于1881年由法国开始建设，但由于工程问题和高企的工人死亡率（超过25,000人死于疾病和事故），该项目于1894年陷入停滞。美国于1904年接管了该项目，最终于1914年8月15日开通了运河。美国管理该运河及其周围的运河区，直到1977年的《托里霍斯-卡特条约》规定逐步将控制权移交给巴拿马，并于1999年完成移交。","法国建设工作停滞的原因是复杂的工程问题以及高企的工人死亡率，其中包括超过25,000人死于疾病和事故。"
导致古典玛雅文明崩溃的主要因素是什么？,,古典玛雅文明的崩溃（大约公元 8 世纪至 9 世纪）并非由单一事件引起，而是环境和政治因素复杂相互作用的结果。主要的理论认为，古气候数据证明的极端、长期的干旱给他们集约化的农业系统带来了巨大压力。这种环境压力往往因相互竞争的城邦之间固有的内部战争而加剧，导致贸易路线中断和政治不稳定。此外，不可持续的农业实践，例如大规模的森林砍伐，可能导致土壤退化并加剧了干旱的影响。最终，统治精英未能维持社会秩序和求得必要的降雨，导致了政治分裂以及南部低地主要城市中心的逐渐废弃。
找出名单上曾担任美国总统的人：亚伯拉罕·林肯、乔治·华盛顿、本杰明·富兰克林、亚历山大·汉密尔顿、西奥多·罗斯福。,,名单上的美国总统是亚伯拉罕·林肯、乔治·华盛顿和西奥多·罗斯福。
将以下地貌特征分类为河流、海洋和沙漠：戈壁、大西洋、长江、喀拉哈里、印度洋、密西西比河。,,"河流: 长江, 密西西比河
海洋: 大西洋, 印度洋
沙漠: 戈壁, 喀拉哈里"
使用古腾堡印刷机制作的第一部主要作品是什么？,约翰内斯·古腾堡，一位德国金匠、发明家、印刷商和出版商，于1440年左右在斯特拉斯堡发明了印刷机。他的发明，特别是机械活字印刷机，开启了印刷革命，被广泛认为是第二个千年最重要的发明，深刻地影响了信息在欧洲的传播以及随后的科学革命。使用他的印刷机制作的第一部主要作品是《古腾堡圣经》，于1455年完成。,使用他的印刷机制作的第一部主要作品是《古腾堡圣经》，于1455年完成。
生成式人工智能目前的主要应用有哪些？,,生成式人工智能（Generative AI）指的是深度学习模型，例如大型语言模型（LLMs）和扩散模型（diffusion models），它们能够创造全新的、原创的内容，而不仅仅是分类或分析现有数据。目前的主要应用包括自动化内容创作，模型可以生成文章、摘要或营销文案；软件开发辅助，提供代码补全、调试以及语言之间的翻译；以及艺术创作领域，根据简单的文本提示生成逼真的图像、音乐作品和视频脚本。此外，生成式人工智能还用于创建合成数据集，用于训练其他的机器学习模型，这有助于克服研发中的隐私限制和数据稀缺问题。
解释全球定位系统（GPS）确定位置所依据的基本原理。,,全球定位系统（GPS）使用一种称为三边测量法的技术。接收器测量来自至少四颗轨道卫星的信号到达它所需的时间，从而计算出到每颗卫星的距离。通过知晓这些距离和卫星的精确位置，接收器可以精确地确定其在地球上的三维位置。
转换以下值并显示所使用的公式：5英里到公里，以及25摄氏度到华氏度。,,5英里到公里：公式 (英里 * 1.60934)。结果：8.047 公里。| 25摄氏度到华氏度：公式 ((C * 9/5) + 32)。结果：77 华氏度。
根据文本，哪个建筑最终在高度上超过了埃菲尔铁塔，结束了它保持了 41 年的记录？,"埃菲尔铁塔是一座位于法国巴黎战神广场的熟铁格子塔。它以工程师古斯塔夫·埃菲尔的名字命名，他的公司设计并建造了这座塔。它建于 1887 年至 1889 年，最初是作为 1889 年世博会的入口拱门建造的。最初因其设计受到法国一些主要艺术家和知识分子的批评，但此后它已成为法国的全球文化象征，也是世界上最知名的建筑之一。这座塔高 330 米（1,083 英尺），与一座 81 层楼房的高度大致相同，是巴黎最高的建筑。它的底部是方形的，每边长 125 米（410 英尺）。竣工时，埃菲尔铁塔超过了华盛顿纪念碑，成为世界上最高的人造建筑，这一称号它保持了 41 年，直到 1930 年纽约市的克莱斯勒大厦竣工。",纽约市的克莱斯勒大厦。
提供一份玛丽·居里（Marie Curie）的传记，重点介绍她的科学贡献。,,玛丽·斯科沃多夫斯卡·居里（Marie Skłodowska Curie）（1867年11月7日—1934年7月4日）是一位波兰裔、后入籍法国的物理学家和化学家，她对放射性进行了开创性的研究。她是第一位获得诺贝尔奖的女性，是第一位且唯一一位两次获得诺贝尔奖的女性，也是唯一一位在两个不同科学领域获得诺贝尔奖的人。她与丈夫皮埃尔·居里（Pierre Curie）合作，发展了放射性理论、分离放射性同位素的技术，并发现了钋和镭两种元素。她在巴黎和华沙创立了居里研究所，这些研究所至今仍是重要的医学研究中心。她的工作对X射线和核科学的发展起到了关键作用。
提出DNA双螺旋结构的主要科学家是谁？,DNA结构的发现主要归功于1953年的詹姆斯·沃森和弗朗西斯·克里克，他们利用了罗莎琳德·富兰克林和莫里斯·威尔金斯的关键数据。他们提出DNA呈双螺旋结构，即两条链相互缠绕。每条链由交替的脱氧核糖和磷酸基团构成的骨架组成，氮基（腺嘌呤、鸟嘌呤、胞嘧啶和胸腺嘧啶）向内延伸。碱基在两条链之间特异性配对：腺嘌呤总是与胸腺嘧啶配对，鸟嘌呤总是与胞嘧啶配对。,DNA结构的发现主要归功于1953年的詹姆斯·沃森和弗朗西斯·克里克，他们利用了罗莎琳德·富兰克林和莫里斯·威尔金斯的关键数据。
编写一个 Python 函数来计算一个非负整数的阶乘。,该函数必须使用递归，包含对负数输入的适当错误处理，并包含解释其用途的文档字符串（docstring）。,"python
def factorial_recursive(n):
    """"""
    使用递归计算非负整数 n 的阶乘。
    0 的阶乘定义为 1。
    
    Raises:
        ValueError: 如果 n 是负数。
    """"""
    if n < 0:
        raise ValueError(""负数没有定义阶乘。"")
    elif n == 0:
        return 1
    else:
        return n * factorial_recursive(n - 1)

# 示例用法:
# print(factorial_recursive(5)) # 输出: 120
"
将所提供的员工 JSON 列表转换为正式备忘录格式，其中列出姓名和部门。,"[{""name"": ""Alice Johnson"", ""department"": ""Marketing"", ""id"": 101}, {""name"": ""Bob Smith"", ""department"": ""Finance"", ""id"": 102}, {""name"": ""Charlie Davis"", ""department"": ""Engineering"", ""id"": 103}]",备忘录：员工花名册更新。已确定以下关键人员：Alice Johnson（市场营销）、Bob Smith（财务）和 Charlie Davis（工程）。
元素金的化学符号是什么？,,Au
筛选提供的整数列表，仅提取数学上定义为质数的数字。,"1, 2, 4, 7, 9, 11, 15, 17, 21, 29",列表中的质数是 2、7、11、17 和 29。
根据提供的文本，玛丽·居里与谁共同获得了她的 1903 年诺贝尔物理学奖？,玛丽·斯科沃多夫斯卡·居里（生于 Maria Salomea Skłodowska；1867 年 11 月 7 日 – 1934 年 7 月 4 日）是一位波兰裔和归化法国的物理学家和化学家，对放射性进行了开创性研究。她是第一位获得诺贝尔奖的女性，是第一位且唯一一位两次获得诺贝尔奖的女性，也是唯一一位在两个不同科学领域获得诺贝尔奖的人。她因在自发辐射方面的联合研究，与她的丈夫皮埃尔·居里以及物理学家亨利·贝克勒尔共同获得了 1903 年诺贝尔物理学奖。后来，她因发现元素钋和镭而获得了 1911 年诺贝尔化学奖。,玛丽·居里与她的丈夫皮埃尔·居里和物理学家亨利·贝克勒尔共同获得了 1903 年诺贝尔物理学奖。
从以下列表中，找出目前被世界自然保护联盟红色名录列为易危或濒危的动物：虎、家猫、大熊猫、灰狼、兔子、蓝鲸。,,被列为易危或濒危的动物：虎、大熊猫、蓝鲸。
DNA和RNA之间主要的结构差异是什么？,,DNA（脱氧核糖核酸）利用脱氧核糖，通常是双链结构，形成螺旋。它的含氮碱基是腺嘌呤、鸟嘌呤、胞嘧啶和胸腺嘧啶。RNA（核糖核酸）使用核糖，通常是单链结构，并在其含氮碱基序列中用尿嘧啶取代胸腺嘧啶。
传统上，哪个重大事件被认为是罗马共和国转变为罗马帝国的转折点？,,传统的转折点是公元前27年元老院授予屋大维（后称奥古斯都）非凡权力，包括“奥古斯都”的头衔。这标志着他确立了第一位罗马皇帝的地位，尽管他有效的单一统治是通过公元前31年在亚克兴战役中战胜马克·安东尼和克娄巴特拉而确保的。
讨论人工智能快速发展所带来的伦理挑战，并提出监管框架建议。,,"人工智能（AI）的飞速发展预示着社会将迎来变革性的益处，但同时也带来了深远的伦理挑战，需要仔细考虑并采取有力的监管行动。这些挑战涵盖了公平性、自主权、隐私和经济稳定等方面。

一个主要的伦理问题是**算法偏见与公平性**。AI系统是基于历史数据进行训练的，这些数据往往反映了社会中基于种族、性别或社会经济地位的现有偏见。当使用这些有偏见的数据集时，由此产生的AI模型会在招聘、贷款审批和刑事司法系统等关键领域延续甚至加剧歧视。例如，面部识别算法一再显示出对深色皮肤个体的更高错误率，导致误判和错误后果。为了解决这个问题，开发人员必须优先对训练数据进行严格的审计，并实施偏见缓解技术。

另一个重大的挑战是**工作岗位流失与经济不平等**。随着AI自动化常规任务，预计各个行业（交通、制造、行政服务）将出现大规模的失业。尽管AI会创造新的工作岗位，但这种转型可能会加剧现有的贫富差距，并使很大一部分劳动力措手不及。伦理发展要求侧重于前瞻性的解决方案，例如实施普遍基本收入试点、强制性的再培训计划以及“机器人税”以资助社会福利项目。

**隐私与监控**构成了第三个核心问题。AI严重依赖大规模的数据收集，这往往导致普遍的监控和个人隐私的侵蚀。AI驱动的工具可以在没有有效同意或透明度的情况下监控行为、预测意图，并创建公民的详细档案。监管必须强制要求数据最小化、安全的匿名化技术，并赋予个人“解释权”，要求解释AI决策如何处理他们的个人数据。

最后，**自主武器系统（LAWS）**的部署引发了关乎生存的伦理问题。将生杀大权委托给机器，就将人类的道德判断和责任从战争中移除。这一发展越过了关键的红线，需要国际条约来对完全自主的致命武器设定严格的限制，甚至完全禁止。

为了应对这些挑战，建议采取以下监管框架。首先，必须侧重于**问责制和可解释性（XAI）**。法规应要求用于高风险决策的AI系统必须是透明的，允许人类理解其输出背后的逻辑。如果AI造成损害，必须有明确的法律途径来确定责任——无论是落在开发人员、部署者还是操作者身上。其次，在公共服务中部署AI系统之前，应实施**强制性影响评估**。这些评估将主动识别与偏见、侵犯隐私和社会风险相关的潜在危害。第三，建立一个**国际AI治理机构**可以全球协调标准，防止各国为了在AI创新中获得竞争优势而降低伦理标准的“逐底竞争”。该机构可以监督安全协议并认证伦理AI实践。"
ARPANET 的意义是什么？,高级研究计划局网络（ARPANET）是一个早期的分组交换网络，也是第一个实现TCP/IP协议套件的网络。这两项技术成为了互联网的技术基础。ARPANET由美国国防部下属的高级研究计划局（ARPA）建立。它的建立基于计算机分时共享的理念，旨在为研究人员提供访问强大计算机的途径。第一个永久性的ARPANET链接于1969年11月21日在加州大学洛杉矶分校（UCLA）和斯坦福研究所（SRI）之间建立。到1975年，该网络被宣布“投入运营”，责任被移交给国防通信局（DCA）。网络的扩展促成了早期电子邮件系统和文件传输协议的发展，证明了大规模互联网络的可行性。,高级研究计划局网络（ARPANET）是一个早期的分组交换网络，也是第一个实现TCP/IP协议套件的网络。这两项技术成为了互联网的技术基础。ARPANET由美国国防部下属的高级研究计划局（ARPA）建立。它的建立基于计算机分时共享的理念，旨在为研究人员提供访问强大计算机的途径。第一个永久性的ARPANET链接于1969年11月21日在加州大学洛杉矶分校（UCLA）和斯坦福研究所（SRI）之间建立。到1975年，该网络被宣布“投入运营”，责任被移交给国防通信局（DCA）。网络的扩展促成了早期电子邮件系统和文件传输协议的发展，证明了大规模互联网络的可行性。
列出居里夫人发现的两种元素，并说明她获得诺贝尔奖的年份。,"玛丽·斯克沃多夫斯卡·居里（Marie Skłodowska Curie，原名玛丽亚·萨洛梅娅·斯克沃多夫斯卡；1867年11月7日—1934年7月4日）是一位波兰裔和归化法国籍的物理学家和化学家，她对放射性进行了开创性研究。她是第一位获得诺贝尔奖的女性，是第一位、也是唯一一位两次获得诺贝尔奖的女性，并且是唯一一位在两个不同科学领域获得诺贝尔奖的人。她也是第一位成为巴黎大学教授的女性。

她出生于华沙，当时属于俄罗斯帝国控制下的波兰王国。她曾在华沙的“飞翔大学”学习，随后于1891年移居巴黎，在索邦大学继续深造。1895年，她与皮埃尔·居里结婚。1903年，她因其在自发辐射方面的研究，与丈夫皮埃尔·居里以及物理学家亨利·贝克勒尔共同获得了诺贝尔物理学奖。1906年皮埃尔去世后，她继续进行研究。1911年，她获得了第二个诺贝尔奖，这次是化学奖，以表彰她通过发现元素镭和钋、分离镭以及研究这种卓越元素的性质和化合物，为化学发展所做的贡献。",居里夫人发现了元素镭和钋。她于1903年（物理学）和1911年（化学）获得诺贝尔奖。
如何将新的无线打印机连接到我的家庭网络？,,连接无线打印机通常涉及四个主要步骤，尽管具体细节因制造商（HP、Epson、Canon）而异。 1. 确保打印机已通电并处于设置模式。 2. 在您的计算机或手机上下载制造商的设置应用程序。 3. 使用该应用程序找到打印机并输入您的 Wi-Fi 网络名称和密码。 4. 运行一次测试打印。 如果打印机有一个小屏幕，您也许可以绕过应用程序，直接在设备本身上输入网络详细信息。
列出太阳系中公认的主要行星，从离太阳最近的开始。,,八大行星按离太阳的顺序依次是水星、金星、地球、火星、木星、土星、天王星和海王星。
总结导致青霉素发现的关键事件，并指出主要参与的科学家。,1928年，苏格兰医生兼微生物学家亚历山大·弗莱明（Alexander Fleming）结束暑假返回伦敦圣玛丽医院的实验室。他注意到一个被丢弃的葡萄球菌培养皿中滋生了一种霉菌污染物——青霉菌（Penicillium notatum）。他观察到这种霉菌似乎抑制了细菌的生长，在自身周围形成了一个清晰的、无菌的圆圈。弗莱明于1929年发表了他的发现，尽管最初，由于难以提纯该物质，限制了其作为药物的使用。,参与青霉素发现的主要科学家是亚历山大·弗莱明。关键事件是1928年的一次意外发现：弗莱明观察到，被丢弃的培养皿中的污染物——青霉菌（Penicillium notatum）正在抑制葡萄球菌的生长。尽管弗莱明于1929年公布了这些重要发现，但由于提纯有效物质存在挑战，其实际应用最初受到了限制。
珊瑚礁是如何形成的？,珊瑚礁是以造礁珊瑚为特征的水下生态系统。珊瑚礁是由珊瑚虫群体通过碳酸钙聚集而成的。大多数珊瑚礁在温暖、浅水、清澈、阳光充足和水流湍急的水域生长得最好。由于它们支持着巨大的生物多样性，为无数海洋物种提供住所和食物，因此它们常被称为“海洋中的雨林”。,珊瑚礁是由珊瑚虫群体通过碳酸钙聚集而成的。
将以下摄氏温度转换为华氏温度（F = C * 9/5 + 32），并且只列出大于 80°F 的结果。,"20°C, 35°C, 15°C, 25°C",95°F
我的孩子刚刚吞食了家用清洁剂。我应该立即做什么？,,不要惊慌，但要立即行动。立即致电中毒控制中心（1-800-222-1222）或紧急服务部门（911）。除非获得专业医疗人员的指示，否则不要试图让孩子呕吐。如果可能，请将产品容器放在附近，以便您可以向接线员提供清洁剂的确切名称及其成分。遵循医疗专家给出的所有指示。
亚历山大·弗莱明发现青霉素的关键情况是什么？,1928年，亚历山大·弗莱明在伦敦圣玛丽医院工作时，正在研究葡萄球菌。在休两周假之前，他将装有葡萄球菌培养物的培养皿堆放在实验室的一个角落。回来后，他注意到其中一个培养皿被霉菌污染了。至关重要的是，他观察到霉菌附近没有葡萄球菌菌落生长。他将这种霉菌鉴定为*青霉菌*（Penicillium notatum）。他推测这种霉菌正在产生一种能积极杀死细菌的物质。他后来将这种物质命名为青霉素。尽管弗莱明发表了他的发现，但他难以分离和大规模生产这种化合物，这一壮举后来由霍华德·弗洛里和恩斯特·钱恩在20世纪40年代实现。,弗莱明的发现很大程度上是偶然的。1928年，他在研究葡萄球菌时，休两周假期间没有照看培养皿。回来后，他注意到其中一个培养皿被*青霉菌*（Penicillium notatum）霉菌污染了。关键的观察结果是葡萄球菌在霉菌周围区域未能生长，这使得弗莱明正确地推测该霉菌正在产生一种抗菌物质。
列出绘画中使用的三种传统原色。,,红、黄、蓝。
澳大利亚的首都是哪里？,,澳大利亚的首都是堪培拉。
解释人工智能和机器学习之间的区别。,,人工智能（AI）是一个广泛的概念，指机器能够以我们认为是“智能”的方式执行任务。机器学习（ML）是人工智能的一个子集，它侧重于创建算法，使计算机能够无需经过明确编程即可从数据中学习。
将以下化学元素分类为金属、非金属或准金属：氢、金、硅、氧、铁、硼、硫、铜、砷、铝、碳、锗。,,"金属:
金
铁
铜
铝

非金属:
氢
氧
硫
碳

准金属:
硅
硼
砷
锗"
找出文本中提到的活字印刷术发明的最早日期，并计算古腾堡在美因茨完善印刷机与《直指》印刷之间的年限差异。,约翰内斯·古腾堡于1440年左右在德国斯特拉斯堡开发了活字印刷机。然而，他最著名的贡献是在1450年于美因茨完善了这项技术，从而促成了《古腾堡圣经》的制作，该书始于1452年，完成于1455年。更早的印刷形式存在于东亚。中国的毕昇在公元1040年左右发明了使用陶瓷材料的活字。王祯后来在1297年开发了木活字。现存最古老的金属活字印刷书籍《直指》（Jikji），于1377年在韩国创造。,文本中提到的活字印刷术的最早日期是公元1040年。古腾堡完善印刷机（1450年）与《直指》印刷（1377年）之间的时间差异是73年。
应该使用什么命令来永久删除 Delta Lake 表中那些不再被事务日志引用的数据文件？,,您应该使用 `VACUUM` 命令。为了确保安全并保留时间旅行历史记录，您必须将保留期限（`RETAIN`）设置为长于 `delta.logStore.time` 配置的时间，通常至少为 7 天（168 小时）。
列出不同咖啡冲泡方式所需的三个基本工具。,,"手冲咖啡:
鹅颈壶
磨豆机
滤纸

意式浓缩咖啡:
压粉器
咖啡机手柄
精密秤

法压壶:
粗研磨机
保温容器
搅拌棒"
太阳能或风能，哪种发电方式需要的长期维护更少？,,太阳能发电场通常比风力涡轮机需要更少的持续机械维护，因为风力涡轮机具有易于磨损的活动部件。
根据所提供的文本，用于制作浓缩咖啡的冲煮水的理想温度范围是多少？,制作出完美的浓缩咖啡需要平衡几个关键变量。咖啡粉的研磨度可以说是最关键的；研磨得越细，阻力越大，萃取速度越慢，而研磨得越粗，水流得太快，导致萃取不足。冲煮水的理想温度应在 195°F 到 205°F（90°C 到 96°C）之间——温度太低会导致酸味，太高则会产生苦味。粉量（即使用的干咖啡粉量）对于标准的双份浓缩咖啡来说，通常在 18 到 22 克之间。最后，机器施加的压力（通常约为 9 巴）驱动水流通过压实的咖啡粉，从而在 25 到 30 秒内产生所需的出液量。,冲煮水的理想温度应在 195°F 到 205°F（90°C 到 96°C）之间。
2024年，初学者学习哪种编程语言最实用？,,最佳选择完全取决于您的长期职业目标。对于多功能性和Web开发而言，JavaScript至关重要。但是，如果您的兴趣在于数据科学或自动化，Python通常因其可读性和强大的库支持而被推荐。
解释什么是北极光（欧若拉），并列出地球上观赏这一现象的最佳地点。,,"北极光（Aurora Borealis），常被称为“北方的灯光”，是地球天空中出现的一种自然光现象，主要在高纬度地区可见。它发生的原因是，来自太阳的带电粒子（主要是电子和质子）通过太阳风传播，与地球大气层中的气体粒子发生碰撞。这些碰撞导致原子被激发；当原子回落到较低的能量状态时，它们以光子形式释放能量，从而产生了壮观的可见光。最常见的颜色是绿色，由氧原子引起，但红色、蓝色和紫色也可能出现，这取决于气体的类型和碰撞发生的高度。

观赏北极光需要黑暗、晴朗的天空和极小的光污染。最佳观赏时间通常在每年的九月到四月之间。观赏北极光的最佳地点包括：

*   **冰岛：** 可达性高，在整个岛屿上都可能看到，通常在雷克雅未克（Reykjavik）市郊几分钟车程外即可观赏。
*   **挪威（特罗姆瑟和罗弗敦群岛）：** 位于北极圈内，为北极光提供了最壮观的海岸背景之一。
*   **芬兰（拉普兰）：** 以提供玻璃冰屋等特色住宿而闻名，游客可以在室内观赏北极光。
*   **瑞典（阿比斯库国家公园）：** 该地区因其“蓝洞”而闻名，这是一个因局部天气模式而闻名的、经常保持晴朗天空的区域。
*   **加拿大（育空地区、西北地区和努纳武特地区）：** 拥有广阔、人烟稀少的区域，提供了原始的黑暗天空。
*   **阿拉斯加（费尔班克斯）：** 位于极光卵（auroral oval）的正下方，提供了很高的目击预测性。"
针对完全远程工作的工程团队，识别和缓解职业倦怠的最佳策略是什么？,,"应对远程团队中的职业倦怠，需要采取一种主动的、多管齐下的方法，重点关注可见性和灵活性。

**1. 识别策略（发现迹象）：**
*   **监测定性信号：** 寻找行为上的细微变化：减少参与非必要的团队聊天，更多地使用简洁的沟通方式，响应时间变慢，或在代码审查期间出现意想不到的摩擦。
*   **追踪工作模式（而非工时）：** 注意突然的、不规律的工作时间（例如，早早登出但深夜又登入），或提交频率/数量的显著变化，这可能预示着挣扎或缺乏专注力。
*   **利用一对一（1:1）交流：** 将每周一对一谈话的重点从纯粹的任务更新转移到员工的幸福感上。提出开放式问题，例如“现在什么让你感到压力很大？”或“你在区分工作和个人生活方面是否有困难？”

**2. 缓解和干预策略：**
*   **强制执行异步工作时段：** 安排特定的日期或时间段禁止会议，以便员工可以进行深度、不间断的工作，减少会议疲劳。
*   **强制断开连接：** 明确要求团队成员使用带薪休假（PTO）。要求他们将状态设置为“OOTO”（不在办公室），并承诺在下班后不查阅电子邮件/Slack。
*   **调整工作量和范围：** 审查当前的冲刺（Sprint）或项目待办事项。愿意立即推迟非关键任务以减轻压力，优先考虑质量而非速度。

**3. 系统性预防：**
*   **审查能力规划：** 确保冲刺速度或项目里程碑的设置切合实际，将必要的停机时间和缓冲时间考虑在内，而不是要求100%的利用率。
*   **鼓励微休息：** 推广使用工具或提醒，鼓励员工在一天中进行短暂的身体休息，以对抗久坐的工作习惯。"
谁创作了1965年这部划时代的科幻小说《沙丘》？,,弗兰克·赫伯特创作了《沙丘》。它是六部曲系列中的第一部小说，探讨了在沙漠星球厄拉科斯上发生的关于生态学、宗教和人类进化的复杂主题。
为一名背负10万美元学生贷款的应届大学毕业生制定一份严格、循序渐进的财务和职业规划，目标是在5年内彻底消除债务。,,"1. **立即分清主次并检查利率（第1个月）：** 详细列出每一笔贷款，记下本金、利率和最低月供。优先使用债务雪崩法（Debt Avalanche，即先偿还利率最高的贷款）进行还款。这将在贷款期限内为你节省数千美元。
2. **牺牲阶段（第1年）：** 立即搬回家住或确保获得最低生活成本的居住环境。住房是该计划成功的最大决定因素。你第1年的目标是将住房和水电费控制在实得工资（到手工资）的10%以下。
3. **零基预算：** 制定一份高度限制性的预算。为每一美元分配任务。将所有非必要开支（外出就餐、娱乐、订阅服务）限制在每月200美元以内。习惯于拒绝需要花钱的社交活动。
4. **建立1000美元的缓冲基金：** 在进行大额还款之前，先确保拥有1000美元的小额应急基金。这能防止突发的小额开支（汽车维修、医疗自付费用）迫使你重新背上信用卡债务。
5. **获得高增长工作：** 优先在需求旺盛的行业（如专业软件开发、科技销售、数据科学、咨询）寻找工作。目标是获得比你所在领域中位数高出10%至20%的起薪，即使这需要强化技能提升或暂时搬到生活成本高的城市。
6. **副业命令：** 立即开始一份能利用你的市场化专业技能的盈利性副业（自由职业、教学、远程合同工作）。承诺每周投入10至15小时在副业上，目标是每月额外创收800至1200美元。
7. **自动化雪崩还款：** 为所有贷款设置自动最低还款，确保避免产生滞纳金。将副业产生的100%收入直接用于偿还利率最高的贷款的本金。
8. **暂停养老金投入：** 只向雇主的401(k)计划投入最低限度的金额，以获得全部匹配贡献（免费的资金）。在总债务负担降至3万美元以下之前，不要投入更多。
9. **像学生一样生活（第1年）：** 不要陷入“生活方式膨胀”。开旧车，穿旧衣服，并继续吃低成本的食物。每一分额外的钱都用于偿还债务。
10. **加薪转投（第2年及以后）：** 当你获得第一次加薪或奖金时，将 *净增长额* 的100%转入你的债务还款中。这是不可协商的。
11. **积极的职业加速：** 毫不留情地关注绩效。每12至18个月寻求内部晋升。如果内部发展停滞不前，则积极寻找一份提供至少15%至20%薪水增长的新工作（跳槽）。你的高收入是该计划中最强大的工具。
12. **再融资审查（第2/3年）：** 一旦你的信用评分提高且债务本金减少，就应研究将剩余的私人贷款（以及潜在的联邦贷款，取决于利率）再融资为更低、单一的利率。这通常需要出色的信用和稳定的工作经历。
13. **债务里程碑庆祝（极简）：** 当你还清一笔特定贷款时，允许自己进行一次小额、预算内的庆祝（最高50-100美元）。将已消除贷款的还款额用于增加雪崩顺序中下一笔贷款的还款额。
14. **最后的冲刺（第5年）：** 当债务低于15,000美元时，考虑完全消除所有非必要的开支（最后的“地狱月”冲刺），并出售任何不必要的高价值资产（例如游戏机、多余的电子产品），以清偿最后的本金。
15. **还清债务后的协议：** 在最后一次还款后，将原本大额的每月还款金额转而积极地最大化投入退休账户（401k、罗斯个人退休账户），并最终建立一个强大的3至6个月的应急基金，确保迅速弥补失去的储蓄机会。"
按顺序说出 OSI 模型的七个层，并简要说明最上面三层的主要功能。,,OSI 模型的七个层，从底部 (1) 到顶部 (7) 依次是：1. 物理层，2. 数据链路层，3. 网络层，4. 传输层，5. 会话层，6. 表示层，7. 应用层。最上面三层的功能是：第 7 层（应用层）：提供用户应用程序与网络之间的接口，并处理最终用户通信服务（例如，HTTP、SMTP）。第 6 层（表示层）：处理数据格式化、转换、加密和压缩，确保数据可被接收系统读取。第 5 层（会话层）：管理通信应用程序之间连接（会话）的建立、维护、同步和终止。
描述古腾堡印刷机的意义。,古腾堡印刷机由约翰内斯·古腾堡于15世纪中叶发明。它采用了活字印刷技术，相较于以前的雕版印刷方法是一个重大改进。,古腾堡印刷机由约翰内斯·古腾堡于15世纪中叶发明。它采用了活字印刷技术，相较于以前的雕版印刷方法是一个重大改进。它的发明被广泛认为是开启“印刷革命”的标志，通过在欧洲快速传播知识和标准化文本，在文艺复兴、宗教改革和启蒙运动中发挥了关键作用。
谁接替了罗斯福（FDR）担任美国总统？,,哈里·S·杜鲁门接替了富兰克林·D·罗斯福。
土星的主要卫星,土卫六（Titan）是土星最大的卫星，也是太阳系中仅次于木卫三（Ganymede）的第二大卫星。它是唯一已知拥有浓密大气的卫星，主要由氮气组成。土卫六由荷兰天文学家克里斯蒂安·惠更斯于1655年发现。另一个主要卫星土卫二（Enceladus）小得多，但由于其地下海洋和活跃的冰火山活动（喷发水冰颗粒的间歇泉）而具有高度的科学相关性。土卫二由威廉·赫歇尔于1789年发现。土卫八（Iapetus）以其醒目的双色调著称——一个半球几乎是黑色的，而另一个则是亮白色。土卫八由乔瓦尼·多梅尼科·卡西尼于1671年发现。,根据文本，土卫六上发现的浓密大气由什么组成？
讨论玛丽·雪莱的《弗兰肯斯坦》对哥特文学和科幻小说体裁的主要影响。,,《弗兰肯斯坦》是这两种体裁的基础。对于哥特文学来说，它将焦点从外部的超自然威胁（鬼魂、闹鬼的城堡）转移到了内在的心理恐惧，确立了“分身”（doppelgänger）和“怪物/创造者”关系等持久主题。至关重要的是，它经常被认为是科幻小说的起源点，因为它用推测性但合理的科学（电击术、肢体拼装）取代了魔法或神秘主义。这种转变通过关注技术傲慢带来的伦理后果，而不是仅仅描述技术本身，使这部小说成为未来科幻作家的原型。
如何为新项目设置一个基本的 Python 虚拟环境？,,"设置虚拟环境（venv）是 Python 开发中的最佳实践，用于隔离项目依赖关系。假设您已安装 Python 3.x，请遵循以下步骤：

1. **导航到您的项目目录：** 打开终端或命令提示符，并将目录更改为您项目文件所在的位置（例如，`cd ~/Projects/my_app`）。

2. **创建虚拟环境：** 使用内置的 `venv` 模块。名称 `venv`（第二次出现）是环境文件夹名称的常用约定：
   bash
   python3 -m venv venv
   

3. **激活环境：** 激活会修改您 shell 的 PATH 变量，以便当您输入 `python` 或 `pip` 时，它使用的是新隔离环境中的可执行文件。
   *   **在 macOS/Linux 上：** `source venv/bin/activate`
   *   **在 Windows (命令提示符) 上：** `venv\Scripts\activate.bat`
   *   **在 Windows (PowerShell) 上：** `.\venv\Scripts\Activate.ps1`

4. **确认激活：** 您的终端提示符通常会改变，包含环境名称（例如，`(venv) user@host:~/Projects/my_app$`）。

5. **安装依赖项：** 现在，您使用 `pip` 安装的任何包都将只存在于此环境中（例如，`pip install requests flask`）。

6. **停用环境：** 当您完成本次会话的项目工作后，只需键入 `deactivate` 即可返回到您的全局 Python 环境。"
解释光合作用的过程。,,"光合作用是植物、藻类和某些细菌用来将光能转化为化学能（以葡萄糖形式储存）的生化过程。该过程需要二氧化碳和水，并产生氧气作为副产品。

**化学方程式：**
6CO₂ (二氧化碳) + 6H₂O (水) + 光能 → C₆H₁₂O₆ (葡萄糖) + 6O₂ (氧气)

**阶段 1：光反应（Light-Dependent Reactions）**
此阶段发生在叶绿体内的类囊体膜上。叶绿素色素吸收光能，主要吸收红光和蓝光。吸收的能量用于激发电子并分解水分子（称为光解）。这种分解将氧气释放到大气中，产生的能量用于合成 ATP（能量货币）和 NADPH（电子载体）。

**阶段 2：暗反应（卡尔文循环/光非依赖反应）**
此阶段发生在基质（叶绿体内围绕类囊体的液体空间）中，它不直接需要光，但依赖于阶段 1 中产生的 ATP 和 NADPH。
1. **碳固定：** 大气中的二氧化碳被捕获并连接到一个称为 RuBP 的五碳分子上。此步骤将无机碳转化为有机化合物。
2. **还原：** 利用来自 ATP 的能量和来自 NADPH 的电子，固定的碳化合物被转化为 G3P（3-磷酸甘油醛），这是一种简单的三碳糖。
3. **再生：** 大多数 G3P 分子被回收利用，以再生初始的 RuBP 分子，从而使循环得以继续。剩余的 G3P 分子被植物用于合成葡萄糖、淀粉、纤维素以及生长和能量储存所需的其他有机分子。"
黄金的化学符号是什么？,,黄金的化学符号是 Au。
查看以下城市列表，并将其分类到各自所属的大洲。将输出格式化为项目符号列表，其中每个条目显示大洲名称，后跟一个冒号，然后是城市名称。,需要分类的城市：东京、巴黎、开罗、悉尼、里约热内卢、伦敦、约翰内斯堡、孟买、纽约市、柏林。,"* 亚洲: 东京
* 欧洲: 巴黎
* 非洲: 开罗
* 大洋洲: 悉尼
* 南美洲: 里约热内卢
* 欧洲: 伦敦
* 非洲: 约翰内斯堡
* 亚洲: 孟买
* 北美洲: 纽约市
* 欧洲: 柏林"
埃菲尔铁塔是何时建造的，最初的目的是什么？,"埃菲尔铁塔是一座位于法国巴黎战神广场的熟铁格子塔。它于1887年至1889年建造，作为1889年世界博览会的入口。它高330米（1,083英尺），在1930年纽约市克莱斯勒大厦建成之前，曾是世界上最高的人造建筑，保持了41年。该塔设有三层供游客参观，第一层和第二层设有餐厅。它是世界上游客最多的收费纪念碑，2015年接待了691万游客。",埃菲尔铁塔建于1887年至1889年，是1889年世界博览会的入口。
将以下地理特征归入三类：沙漠、海洋和山脉，包括：撒哈拉、大西洋、安第斯、戈壁、太平洋、阿拉伯、落基山脉、印度洋、喀拉哈里、北冰洋、K2、珠穆朗玛峰、乞力马扎罗山。,,沙漠有：撒哈拉、戈壁、阿拉伯和喀拉哈里。海洋有：大西洋、太平洋、印度洋和北冰洋。山脉和山峰有：安第斯山脉、落基山脉、K2、珠穆朗玛峰和乞力马扎罗山。
解释用于目标设定的S.M.A.R.T.框架以及每个字母的含义。,,"S.M.A.R.T. 框架是一种助记工具，用于指导目标设定并提高成功的几率。它提供了清晰的参数，用于评估目标是否具有可操作性和可实现性。

这些字母的含义是：
- **S**pecific（具体的）：目标应清楚地说明要实现什么。
- **M**easurable（可衡量的）：你需要标准来跟踪进度，并知道何时达成目标。
- **A**chievable（可实现的，或可达到的）：考虑到可用的资源和时间，目标必须是现实的。
- **R**elevant（相关的）：目标应与更大的目标和优先事项保持一致。
- **T**ime-bound（有时限的）：目标必须有一个截止日期或明确的完成时间框架。"
解释造成海洋潮汐的主要力量。,,海洋潮汐的主要原因是月球强大的引力。这股力量将海水拉向月球，在地球朝向月球的一侧形成了高潮隆起。第二个高潮隆起发生在地球的对侧，这是由于惯性和地球直径上的引力差造成的。太阳也会影响潮汐，它或是放大（大潮），或是减弱（小潮）这种效应。
高尔基体在真核细胞中的主要作用是什么？,细胞包含各种细胞器，每个都有专门的任务。线粒体产生能量，内质网处理蛋白质合成和运输。然而，高尔基体（有时被称为高尔基复合体或高尔基体）主要充当细胞的“邮局”。它的主要功能是修饰、分类和包装在内质网中合成的蛋白质和脂质，以便分泌（胞吐作用）或输送到细胞内的其他细胞器。,它的主要功能是修饰、分类和包装蛋白质和脂质，以便分泌或输送到细胞内的其他细胞器。
域名系统（DNS）的主要功能是什么？,,域名系统（DNS）的主要功能是将人类可读的域名（例如 www.example.com）转换成数字IP地址（例如 192.0.2.1），计算机使用这些地址在互联网上相互识别。
解释夏令时（DST）的目的和机制。以一个认为这种做法不便且过时的欧洲人的角度来撰写回复。,,啊，这年度的折磨仪式。每年两次，我们把时钟搞得一团糟。春天（“拨快”），我们把时钟拨快一小时以“节省”日光，这意味着太阳会在晚上更晚落下。然后，到了秋天（“拨回”），我们又把它拨回去。这个可以追溯到很久以前的理论目的，是为了节约能源，但这现在已经被广泛驳斥了。但真正的后果只是数周的轻微时差和混乱。这是一种过时的做法，大多数理智的世界都在试图抛弃它，但有些国家却因为只有官僚们才知道的原因而死死抱住不放。
完成这句广为人知的谚语：及时的一针能省去 ___。,,这句完整的谚语是：“及时的一针能省去九针。”
史上记录的最短战争持续了多长时间，以及涉及了哪两个国家？,,1896年的英桑战争（Anglo-Zanzibar War），持续了大约38到45分钟，作战双方是英国和桑给巴尔苏丹国。
列出世界上最长的五条河流，包括它们所属的大洲和估计的最大长度（单位：公里）。,,"1. **亚马逊河** (南美洲)：约 6,992 公里。
2. **尼罗河** (非洲)：约 6,650 公里。
3. **长江** (亚洲)：约 6,300 公里。
4. **密西西比河—密苏里河—红岩河** (北美洲)：约 6,275 公里。
5. **叶尼塞河—安加拉河—色楞格河** (亚洲)：约 5,539 公里。"
根据文本，邮政快马（Pony Express）运营的开始和结束日期是什么？,邮政快马（Pony Express）是一项提供信件、报纸和邮件的邮政服务。它仅运营了18个月，从1860年4月3日到1861年10月26日。在电报系统建成之前，它成为了西部最直接的通信方式。其路线主要沿着普拉特河路、摩门小径和中央陆路。它需要大约10天的时间来往密苏里州的圣约瑟夫和加利福尼亚州的萨克拉门托之间。骑手每天骑行75到100英里，在每隔5到20英里设立的接力站更换马匹。它的正式终止伴随着横贯大陆电报的启用。,邮政快马（Pony Express）的运营时间是从1860年4月3日到1861年10月26日。
根据所提供的文本，什么是暗物质，以及如何检测到它的存在？,暗物质是一种假想的物质形式，被认为约占宇宙中物质总量的85%。它的存在是通过对可见物质（如星系和星系团）的引力效应推断出来的。与普通物质不同，暗物质似乎不发射或不与电磁辐射相互作用，使其对望远镜不可见。暗物质的本质仍然是现代宇宙学中最大的未解之谜之一。,"暗物质是一种假想的物质形式，约占宇宙中物质总量的85%。它的存在完全是根据它对可见物质的引力效应推断出来的，例如星系的旋转曲线和星系团内部的动力学。它不发射或不与电磁辐射相互作用，因此传统望远镜无法探测到它。 

尽管其确切成分未知，但构成暗物质的基本粒子的主要候选者包括弱相互作用重粒子（WIMPs）。其他提出的解释包括大质量致密晕天体（MACHOs）或修正牛顿动力学（MOND），不过目前对WIMPs的搜索推动了全球大多数直接探测实验。"
列出古代世界七大奇迹。,,古代世界七大奇迹是：吉萨大金字塔、巴比伦空中花园、奥林匹亚宙斯神像、以弗所的阿耳忒弥斯神庙、哈利卡纳苏斯的摩索拉斯王陵墓、罗德岛太阳神巨像和亚历山大灯塔。
根据它们是否被归类为类地行星或气态/冰巨星，对太阳系中的以下行星进行分类：水星、金星、地球、火星、木星、土星、天王星、海王星,,"类地行星: 水星, 金星, 地球, 火星
气态/冰巨星: 木星, 土星, 天王星, 海王星"
解释大O表示法 O(n^2) 的概念，并确定所提供的 JSON 输入中哪项任务最能代表这种计算复杂度。,"{  ""tasks"": [    {      ""name"": ""数据库查找"",      ""complexity_description"": ""通过 ID 检索单个记录。"",      ""O_notation"": ""O(1)""    },    {      ""name"": ""排序算法 1"",      ""complexity_description"": ""比较大小为 N 的列表中的每个元素与所有其他元素。"",      ""O_notation"": ""N/A""    },    {      ""name"": ""线性搜索"",      ""complexity_description"": ""对大小为 N 的列表迭代一次。"",      ""O_notation"": ""O(N)""    }  ]}","大 O 表示法 O(n^2)（读作“n 平方”）描述了一种算法，其性能或运行时与输入数据集大小 (N) 的平方成正比。这通常发生在算法使用嵌套迭代（例如，嵌套的 for 循环）时，这意味着对于输入 (N) 中的每个项目，算法都会执行 N 次操作。随着 N 增大，运行时呈二次方增长。

在提供的数据中，最能体现 O(n^2) 复杂度的任务是**排序算法 1**，其描述为：“比较大小为 N 的列表中的每个元素与所有其他元素。”这种特征性的比较模式是二次时间复杂度的定义。"
以下哪些元素在标准温度和压力（STP）下是天然液态：硫、铁、溴、碳、汞、氦、硅、氟,,以下元素在标准温度和压力（STP）下是天然液态：溴、汞
确定以下事件主要发生的世纪：独立宣言的签署，第一次世界大战的开始。,,独立宣言的签署发生在18世纪，第一次世界大战的开始发生在20世纪。
玛丽·居里因何科学领域获得了她的第二次诺贝尔奖？,玛丽·居里（Marie Skłodowska-Curie，原名Maria Skłodowska；1867年11月7日—1934年7月4日）是一位波兰裔、后入籍法国的物理学家和化学家，在放射性研究方面进行了开创性的工作。她是第一位获得诺贝尔奖的女性，是第一位（也是唯一一位）两次获得诺贝尔奖的人，并且是唯一一位在两个不同科学领域获得诺贝尔奖的人。她也是第一位成为巴黎大学教授的女性。她的丈夫皮埃尔·居里是她于1903年首次获得诺贝尔物理学奖时的共同获奖者。她后来因发现钋和镭元素而获得了1911年的诺贝尔化学奖。,化学
叙事中的“麦格芬”（MacGuffin）是什么？,,麦格芬（MacGuffin）是叙事（如电影、书籍或视频游戏）中的一种情节装置，它充当主角们努力实现、获取或找回的中心物品或目标。至关重要的是，麦格芬对于观众的重要性是次要的或根本不存在的；它的主要目的是推动角色行动并推进情节发展。阿尔弗雷德·希区柯克推广了该术语，他曾有名地指出，麦格芬是“间谍们追逐的东西，但观众并不在乎。” 例子包括《夺宝奇兵》中的约柜，或《泰坦尼克号》中被盗的项链。
"根据它们的主要功能和类型强制执行情况，将以下语言分为三类：静态类型、动态类型，或标记/样式/查询语言：Python, C++, Java, HTML, CSS, JavaScript, C#, Ruby, Go, SQL。",,"静态类型: C++, Java, C#, Go
动态类型: Python, JavaScript, Ruby
标记/样式/查询语言: HTML, CSS, SQL"
解释伽利略卫星是什么，并按照它们距离木星由近及远的顺序排列。,,伽利略卫星是木星的四颗最大的卫星，由伽利略·伽利莱于1610年发现。它们意义重大，因为它们的发现为支持日心说模型提供了强有力的证据。按照距离木星由近及远的顺序，它们依次是：木卫一（Io）、木卫二（欧罗巴）、木卫三（盖尼米德）和木卫四（卡利斯托）。
火星为什么有时被称为“红色星球”？,火星是距离太阳第四近的行星，也是太阳系中继水星之后第二小的行星。它是一颗类地行星，拥有稀薄的大气层，主要由二氧化碳组成。火星有时被称为“红色星球”，因为其表面普遍存在的氧化铁使其呈现出红色的外观。两颗小而不规则的卫星围绕火星运行：火卫一（Phobos）和火卫二（Deimos）。这些卫星于1877年被天文学家阿萨夫·霍尔发现。,火星被称为“红色星球”，因为其表面普遍存在的氧化铁使其呈现出红色的外观。
什么是大堡礁？它位于哪里？,"大堡礁是世界上最大的珊瑚礁系统，由超过 2,900 个独立的珊瑚礁和 900 个岛屿组成，绵延超过 2,300 公里（1,400 英里），覆盖面积约 344,400 平方公里（133,000 平方英里）。该珊瑚礁位于澳大利亚昆士兰州海岸附近，在珊瑚海中。它可以从外太空看到，是世界上最大的由生物体组成的单一结构。这个珊瑚礁结构由数十亿被称为珊瑚虫的微小生物构成。","大堡礁是世界上最大的珊瑚礁系统。它是一个巨大的结构，由超过 2,900 个独立的珊瑚礁和 900 个岛屿组成，绵延 2,300 多公里（1,400 英里），覆盖面积约 344,400 平方公里（133,000 平方英里）。该珊瑚礁位于珊瑚海，毗邻澳大利亚昆士兰州海岸。由于其巨大的规模，它从外太空可见，并被认为是世界上最大的完全由生物体—具体来说，是由数十亿被称为珊瑚虫的微小生物构成的单一结构。

大堡礁于 1981 年被指定为世界遗产地。它支持着令人难以置信的海洋生物多样性，包括 30 种鲸鱼、海豚和鼠海豚，6 种海龟，以及 1,500 多种鱼类。然而，该珊瑚礁目前正受到气候变化、珊瑚白化、污染和棘冠海星爆发的严重威胁。"
海马体在人脑中有什么功能，它主要位于哪里？,,海马体在信息从短期记忆到长期记忆的巩固过程中以及空间导航方面起着至关重要的作用。它主要位于内侧颞叶内，深入侧脑室的下颞角内部。
解释 JavaScript 中 `==` 和 `===` 之间的区别。,,在 JavaScript 中，`==` 和 `===` 都是比较运算符，但它们评估比较的方式不同。`==` 运算符检查“宽松相等”（loose equality）；它在进行比较之前会尝试进行类型强制转换（将一个操作数转换为另一个操作数的类型）。例如，`5 == '5'` 返回 `true`。`===` 运算符检查“严格相等”（strict equality）；它评估操作数是否相等，*不会*执行任何类型转换。如果类型不同，比较会立即返回 `false`。例如，`5 === '5'` 返回 `false`，而 `5 === 5` 返回 `true`。
解释光合作用的过程。,,"光合作用是植物、藻类和某些细菌利用光能（通常来自太阳）转化为化学能的过程，这些化学能可用于驱动生物体的活动。这种化学能储存在碳水化合物分子中，例如糖类，它们是由二氧化碳和水合成的。该过程的总化学方程式为：6CO₂ + 6H₂O + 光能 → C₆H₁₂O₆ + 6O₂。

光合作用主要发生在植物细胞的叶绿体中，涉及两个主要阶段：

1. **光反应（光依赖反应）：** 这些反应发生在叶绿体内的类囊体膜上。叶绿素吸收光能，使电子激发。这种能量用于分解水分子 (H₂O)，释放氧气 (O₂)，并产生能量载体——ATP（三磷酸腺苷）和NADPH（烟酰胺腺嘌呤二核苷酸磷酸）。

2. **光不依赖反应（卡尔文循环）：** 也称为暗反应，它们发生在基质（叶绿体中围绕类囊体的液体）中。它们不直接需要光，而是使用第一阶段产生的ATP和NADPH。二氧化碳 (CO₂) 被“固定”（并入有机分子中）并转化为葡萄糖（糖），植物利用葡萄糖进行能量供应和生长。"
根据提供的文本，计算奥古斯都在他去世时的年龄。,盖乌斯·尤利乌斯·凯撒·屋大维（即奥古斯都），是罗马元首制的创立者，被认为是第一位罗马皇帝。他出生于公元前63年，死于公元14年，在击败马克·安东尼后统治了40年。他的直接继任者是他的继子提比略，他在奥古斯都去世后掌握了权力。,76岁
概述撰写专业电子邮件的基本要素和最佳实践。,,一封专业的电子邮件需要五个关键组成部分。首先，使用清晰、简洁的**主题行**来概括邮件的目的。避免使用全部大写字母或过多的标点符号。其次，务必包含恰当的**称谓**（例如：“尊敬的约翰逊女士”或“大家好”）。第三，**正文**应简短、直接，并聚焦于一个主要主题。尽快切入正题，如果可能，使用项目符号来提高可读性。第四，包含礼貌的**结尾语**（例如：“此致”或“最诚挚的问候”）。最后，确保你的**签名档**包含你的全名、头衔和主要联系信息。在点击发送之前，务必校对是否有错别字，并核实收件人是否正确。
波音747是何时首飞的，哪家航空公司最先将其投入商业使用？总共建造了多少架747，到1989年为止交付了多少架？,"波音747，常被称为“天空女王”，于1969年2月首飞。它是第一架投入生产的宽体飞机。它于1970年1月由泛美航空正式投入商业服务。到1989年，总共交付了800架。最终型号747-8于2011年投入使用。客运版本（747-400）的生产于2005年停止，但货运版本仍在继续。总体而言，在最后一架飞机于2023年1月交付之前，波音公司共建造了1,574架这种标志性喷气式飞机，涵盖所有型号。","波音747于1969年2月首飞，泛美航空是第一家将其投入商业使用的航空公司。总共建造了1,574架747。到1989年，已交付800架。"
描述一个下雨的夜晚，未来主义的赛博朋克城市集市，着重描写感官细节。,,空气中弥漫着潮湿和酸雨的金属气味。霓虹广告——闪烁的全息拉面碗和闪亮的假肢——猛烈地反射在湿滑、沾满藻类的路面上。在波纹铁皮雨篷下，小贩们叫卖着他们的商品：损坏的数据芯片、带着微弱臭氧气味的灰市生物增强体，以及在电磁炉上滋滋作响的廉价合成蛋白串。头顶上空飞行无人机持续、有节奏的嘶嘶声压过了人群的低语声，只有合成皮革靴子踏过浅水坑发出的湿漉漉的拍打声偶尔打破沉寂。一位戴着发光蓝色隐形眼镜的摊贩，用带有浓重口音的“标准语”喊着价格。
计算机鼠标最初的名称是什么？该技术何时首次公开演示？,计算机鼠标由道格拉斯·恩格尔巴特于 1964 年在斯坦福研究所发明。它最初的昵称是“显示系统的 X-Y 位置指示器”。第一个原型是一个笨重的木制外壳，带有两个垂直的轮子，用于跟踪移动。恩格尔巴特在 1968 年 12 月于旧金山举行的“所有演示之母”（The Mother of All Demos）演示中，著名地展示了鼠标，以及超文本链接和视频会议。尽管它是在 60 年代发明的，但直到 20 世纪 70 年代被施乐 PARC 采用，以及后来 80 年代被苹果和微软采用后，才广泛商业化。,最初的昵称是“显示系统的 X-Y 位置指示器”，它于 1968 年 12 月在“所有演示之母”演示中首次公开展示。
乌尔班·勒维耶将他对海王星位置的预测发送给了谁？,海王星并非通过单次观测发现，而是通过数学预测。法国数学家乌尔班·勒维耶计算出了一个未知天体的位置，该天体正在干扰天王星的轨道。他将他的预测发送给了柏林的天文学家约翰·伽勒。伽勒于1846年9月23日收到该请求，并在当晚利用勒维耶提供的计算结果发现了海王星。,约翰·伽勒
蒙特维多云雾森林保护区是何时正式建立的，它位于哪个国家？,蒙特维多云雾森林保护区是一个自然保护区，位于哥斯达黎加的蒂拉兰山脉。它于 1972 年由科学家和当地的贵格会（Quaker）社区成员建立，这些成员于 1951 年开始在该地区定居。最初建立的目的是保护分水岭和各种动植物群，包括濒临灭绝的金蟾蜍。,蒙特维多云雾森林保护区于 1972 年建立，位于哥斯达黎加。
根据标准温度和压力 (STP) 下的物质状态（固体、液体或气体）对以下元素进行分类：金、氦、汞、溴、铁、氖、硫、氯。,,"固体: 金, 铁, 硫
液体: 汞, 溴
气体: 氦, 氖, 氯"
根据输入信息，报事贴（Post-it Note）是如何从一项意外发明转变为成功的消费品的？,报事贴（Post-it Note）由 3M 公司的科学家斯宾塞·西尔弗（Spencer Silver）于 1968 年发明。西尔弗当时试图制造一种超强力粘合剂，但却意外开发出了一种“低粘性”的压敏粘合剂，这种粘合剂可以轻松剥离而不会留下残胶。多年来，这项发明一直无人问津，因为 3M 公司的工程师找不到合适的用途。1974 年，西尔弗的同事阿特·弗莱（Art Fry）在教堂唱诗班唱歌时，对他使用的书签总是从赞美诗集里掉出来感到沮丧。弗莱参加了西尔弗的一次研讨会，意识到西尔弗的粘合剂可以用来制作能固定住但又不会损坏页面的带粘性书签。在经历了最初的内部阻力后，该产品于 1977 年以“Press 'n Peel”的名义进行试销，并在 1980 年以“Post-it Note”（报事贴）的名字成功推广上市。,1968 年，斯宾塞·西尔弗在试图制造超强力胶水时意外创造了这种粘合剂，结果得到了一种低粘性、易于移除的物质。这项发明一直处于停滞状态，直到 1974 年，当时他的同事阿特·弗莱正为书签从赞美诗集里掉出来而苦恼，他意识到这种粘合剂可以用来制作带粘性、可重新定位的书签。随后，该产品于 1977 年以“Press 'n Peel”的名义进行试销，并于 1980 年以“Post-it Note”（报事贴）的名义成功推出。
解释天文学和占星术之间的主要区别。,,天文学是对天体、太空和宇宙的科学研究。占星术是一种信仰体系或伪科学，声称能够解释天体运动和位置对人类事务和地球事件的影响。
解释防火墙的基本功能。,,防火墙充当私有网络和公共互联网之间的安全屏障，它根据预设的安全规则，监控和控制进出网络的流量。
请从以下列表中找出通常不应放入标准路边回收箱的物品：铝罐、塑料购物袋、披萨盒（油腻）、玻璃瓶、泡沫塑料杯。,,通常不应放入标准路边回收箱的物品有：塑料购物袋（因为它们经常堵塞机械设备）、油腻的披萨盒（因为食物污染），以及泡沫塑料杯（通常不被市政标准回收项目处理）。
埃菲尔铁塔的总高度是多少，包括天线在内？,埃菲尔铁塔是为1889年在法国巴黎举行的世界博览会而建造的。它最初只打算矗立20年，但由于它被用作一个有用的无线电发射塔而被保留下来。它的设计是由居斯塔夫·埃菲尔的公司构思和建造的，并非完全由埃菲尔本人完成。这座塔的高度是330米（包括天线）。,这座塔的高度是330米（包括天线）。
解释对称加密算法和非对称加密算法之间的主要区别，并提供各自常见用途的例子。,,对称加密和非对称加密算法在密钥管理方法上存在根本差异。对称（或称密钥）加密使用一个共享的密钥对明文进行加密和对密文进行解密。它的主要优点是在处理大量数据时速度快、效率高。例子包括 AES (高级加密标准) 和 DES (数据加密标准)。相反，非对称（或称公钥）加密则利用一对数学上关联的密钥：一个用于加密的公钥（广泛共享）和一个用于解密的私钥（保持秘密）。该系统解决了对称方法固有的密钥交换问题，因此对于数字签名、安全密钥交换（例如 RSA、ECC）以及建立像 TLS/SSL 这样的安全通信通道至关重要。
根据提供的文本，概述ARPANET的三个最关键的历史里程碑及其主要的创新技术。,高级研究计划局网络（ARPANET）是现代互联网的前身。它由美国国防部的ARPA（现为DARPA）建立，最初的目的是允许研究人员共享昂贵的高速计算机。第一个永久性的ARPANET链接于1969年11月21日建立，连接了加州大学洛杉矶分校（UCLA）的接口信息处理器（IMP）和斯坦福研究院（SRI）。该连接使用了50 kbit/s的电话线。至关重要的是，ARPANET采用了分组交换技术，这是一项革命性的技术，它将数据分解成小块（数据包）以实现高效路由，这与传统的电路交换不同。该网络的通信协议不断发展，于1983年从最初的网络控制程序（NCP）过渡到更健壮的传输控制协议/互联网协议（TCP/IP），此举被认为是现代互联网的诞生。ARPANET于1990年正式退役，但其基础结构和协议至今仍是全球网络的核心。,"主要里程碑：
1. 1969年11月21日，建立了第一个永久性链接（UCLA和SRI）。
2. 1983年强制过渡到传输控制协议/互联网协议（TCP/IP），这通常被认为是现代互联网的诞生。
3. 1990年网络正式退役。

主要的创新技术：
分组交换，它将数据分解成小块以实现高效路由。"
将以下乐器分为三组：弦乐器、管乐器（包括铜管乐和木管乐）或打击乐器：吉他、钢琴、小提琴、大提琴、小号、长笛、单簧管、大号、鼓、钹、木琴、口琴、双簧管。,,"弦乐器: 吉他、钢琴、小提琴、大提琴。 
管乐器: 小号、长笛、单簧管、大号、口琴、双簧管。
打击乐器: 鼓、钹、木琴。"
概述学习一门全新外语时应采取的三个基本首要步骤。,,"这三个基本的首要步骤是：

1. **明确你的“为什么”，并设定实际的、可衡量的目标。** 了解你是需要基本的旅行用语、流利的会话能力还是阅读理解能力，将决定你的学习路径并帮助你选择正确的资源。

2. **立即掌握核心发音和语音。** 利用国际音标（IPA）或母语人士等资源，确保你从第一天起就能正确地听到和发出该语言的基础音素。

3. **建立一个小的日常沉浸式习惯。** 这可以短至15分钟的闪卡学习、听简单的儿歌，或用新语言标注家中周围的五个新物体。在初学阶段，一致性比强度更重要。"
提供文艺复兴时期的全面概述。,,"文艺复兴是继中世纪之后，欧洲文化、艺术、政治和经济“复兴”的狂热时期。它通常从14世纪持续到16世纪，主要起源于意大利佛罗伦萨，随后传播到整个欧洲。“文艺复兴”（Renaissance）一词本身在法语中意为“重生”或“复兴”，反映了该时代对古希腊和古罗马古典文明重新燃起的兴趣。

文艺复兴的一个核心特征是人文主义——一场将焦点从宗教教条和神性转移到人类成就、潜能和价值观上的思想运动。人文主义者致力于重新发现和研究古代的古典文献、哲学和艺术，他们相信与前一时期的僵化学术主义相比，这些提供了道德生活和公民责任的更优指导。这一焦点推动了教育、修辞学和历史分析的发展，强调了批判性思维和观察力。

在艺术领域，这一时期在技术和题材上出现了根本性的发展。列奥纳多·达·芬奇（《最后的晚餐》、《蒙娜丽莎》）和米开朗基罗（《大卫》、《西斯廷教堂天顶画》）等艺术家开创了线性透视、写实主义和明暗对比法（利用强烈的明暗反差）等技术。艺术创作从最初主要由教会委托，转变为由富裕家族（如美第奇家族）赞助，开始专注于人类形态、情感和神话主题。

除了艺术之外，文艺复兴还促进了重大的科学和技术进步。约翰内斯·古腾堡在1440年左右发明的活字印刷术彻底改变了交流方式，极大地提高了识字率和新思想传播的速度。在政治上，尼科洛·马基雅维利等思想家以世俗、务实的方式分析权力结构（《君主论》）。这个时代也见证了伟大的地理大发现时代，深刻地改变了全球地理、贸易和经济关系。"
成功启动一个新的小型在线业务的关键步骤是什么？,,"- 通过深入的市场调研验证您的商业理念和利基市场。 
- 制定一份全面的商业计划，概述融资、预计成本和收入来源。 
- 选择法律结构（个体户、有限责任公司等）并注册您的业务。 
-  확보必要的域名，并建立一个专业且用户友好的电子商务网站或平台。 
- 建立强大的品牌形象，包括标志、语调和视觉资产。 
- 制定战略性营销计划，重点关注搜索引擎优化（SEO）、内容营销和定向社交媒体广告。 
- 建立高效的支付处理和可靠的运输/履约物流。 
- 优先考虑卓越的客户服务，并尽早、经常收集反馈。"
如何将我的 Apple AirPods Pro 恢复出厂设置？,,将两只 AirPods 放入充电盒中，合上盒盖 30 秒。然后，打开盒盖，按住充电盒背面的设置按钮约 15 秒，直到状态指示灯先闪烁琥珀色，然后闪烁白色。您现在可以将 AirPods 与您的设备重新配对。
列出简·奥斯汀的主要已出版小说。,重点介绍她在世时首次出版的作品。,简·奥斯汀完成了六部主要小说。在她有生之年匿名出版的四部作品是《理智与情感》（1811年）、《傲慢与偏见》（1813年）、《曼斯菲尔德庄园》（1814年）和《爱玛》（1815年）。《劝导》和《诺桑觉寺》均于1817年她去世后出版。
根据文本，确定特洛伊战争神话记载中的冲突主要原因和涉及的关键人物。,特洛伊战争是希腊神话中最著名的冲突之一，传统上可追溯到公元前 12 世纪或 13 世纪。它的起源通常归因于特洛伊王子帕里斯劫持了斯巴达王后海伦。海伦的丈夫墨涅拉俄斯国王随后召集了他的兄弟，迈锡尼国王阿伽门农，以及其他希腊英雄，包括阿基里斯和奥德修斯，对特洛伊城发动战争。特洛伊的保卫者由普里阿摩斯国王和他英勇的儿子赫克托耳领导。这场战争持续了十年，最终导致了特洛伊的毁灭。,冲突的主要原因是特洛伊王子帕里斯劫持了斯巴达王后海伦。涉及的关键人物包括海伦、帕里斯、墨涅拉俄斯国王、阿伽门农、阿基里斯、奥德修斯、普里阿摩斯国王和赫克托耳。
概述标准五段式说服性文章所需的结构组成部分。,,"1. 引言 (包括引子、背景信息和强有力的论点句)
2. 正文第一段 (着重于第一个主要支持论据)
3. 正文第二段 (着重于第二个主要支持论据)
4. 正文第三段 (着重于第三个主要支持论据，通常包括对反驳论点的回应)
5. 结论 (用新的措辞重申论点，总结论据，并提供总结性思考或行动号召)"
列出在普通厨房中能找到的、可用于建造临时住所的五种非传统材料。,,1) 大型储物容器（例如，面粉或糖桶），用作墙壁，2) 铝箔片，用于隔热和防风雨，3) 干意大利面或扁面条捆，用作结构杆或加固材料，4) 重型垃圾袋或保鲜膜，用作屋顶和防潮层，以及 5) 空纸板箱（例如，麦片或饼干盒），用作板材或瓦片。
在公司金融的背景下定义要约收购，详细说明其监管框架，并将其与标准的公开市场股票回购进行对比。,,"要约收购是指收购方（要约人）在指定期限内，直接向目标公司的股东公开发布的要约，邀请他们以特定价格（通常高于当前市场价格的溢价）“出让”（出售）其持有的股份。要约收购通常被用作恶意收购的机制，但也可用于友好收购，或由公司自身（自身要约收购）用于大规模的股票回购。

### 监管框架

美国的要约收购受到美国证券交易委员会（SEC）根据1934年《证券交易法》的严格监管，特别是第14D条和第14e条规则。这些规则主要旨在保护目标公司的股东并确保公平对待。主要要求包括：

1. **期限：** 要约必须保持开放至少20个工作日。
2. **全体持有人和最优惠价格原则：** 要约必须对所有寻求收购的证券持有人开放（全体持有人原则），并且支付给任何股东的最高对价必须支付给所有股东（最优惠价格原则）。
3. **撤回权：** 出让股份的股东通常在要约开放期间有权撤回其股份。
4. **信息披露：** 必须向SEC提交广泛的披露文件（由要约人提交的附表TO，以及由目标公司董事会提交的附表14D-9）并分发给股东。

### 与公开市场回购（OMP）的对比

公开市场股票回购是指公司通常作为经常性资本配置计划的一部分，通过经纪人在公开证券交易所逐步购买自己的股份。与要约收购的主要区别在于：

| 特点 | 要约收购 | 公开市场回购（OMP） |
| :--- | :--- | :--- |
| **机制** | 直接向股东征集股份；有特定的价格和截止日期。 | 在正常交易市场中长期进行的购买行为。 |
| **监管** | 受到严格监管（规则14D/14E）；强制性披露（附表TO/14D-9）。 | 主要受规则10b-18监管（防止操纵索赔的安全港），该规则限制了交易量和时间。 |
| **目标** | 实现即时控制或实施重大、有时限的资本化事件。 | 支持每股收益（EPS），抵消稀释，并随着时间的推移返还资本。 |
| **定价** | 在要约期前设定的固定溢价。 | 市场价格每日波动；购买必须遵守数量限制。 |

由于公开市场回购（OMP）不涉及直接征集股份，并且是在市场条件下执行的，因此它不会触发受监管要约收购的严格披露和时限要求。"
分析所提供的季度报告摘要，并提取以下指标：软件收入（第四季度）、硬件收入（第四季度）、硬件业绩变化（%）和计划的扩张地点。,第四季度业绩显示软件部门强劲增长，收入达到1520万美元，同比增长12%。然而，由于供应链限制，硬件部门表现不佳，收入仅为480万美元，下降了5%。我们计划下一季度大力拓展亚洲市场，重点是在首尔和东京建立分销中心。首席执行官A. R. Singh先生对未来在所有产品线中整合人工智能工具表示乐观。,"软件收入（第四季度）：1520万美元
硬件收入（第四季度）：480万美元
硬件业绩变化（%）：-5%
计划的扩张地点：首尔，东京"
将以下文学作品分类为“史诗”或“哲学论著”：《理想国》，《奥德赛》。,,《奥德赛》是史诗，《理想国》是哲学论著。
罗马斗兽场主要用于什么？它建于何时？,"罗马斗兽场，最初被称为弗拉维圆形剧场，是位于意大利罗马市中心的一座椭圆形圆形剧场。它主要由石灰华、凝灰岩和砖面混凝土建造而成，是迄今为止建造的最大的古代圆形剧场，并且仍然是世界上最大的现存圆形剧场。工程于公元 72 年在维斯帕先皇帝统治下开始，并于公元 80 年由其继承人提图斯完成。它能够容纳约 50,000 至 80,000 名观众，主要用于角斗士比赛、公共表演、动物狩猎、基于古典神话的戏剧以及模拟海战（持续时间很短）。尽管因地震和盗石者的破坏而部分受损，但罗马斗兽场仍然是罗马帝国的标志性象征，也是意大利最受欢迎的旅游景点之一。",弗拉维圆形剧场，通常被称为罗马斗兽场，主要用于大型公共娱乐活动，包括角斗士比赛、戏剧和动物狩猎。工程由维斯帕先皇帝于公元 72 年发起，并由他的儿子提图斯于公元 80 年最终完成。尽管在过去的几个世纪中遭受了损坏，但它仍然是罗马帝国的一个重要象征和主要的旅游目的地。
丝绸之路的意义是什么？,,丝绸之路是一个横跨欧亚大陆的古代互联贸易路线网络，主要连接中国与中东和欧洲。它的重要性在于促进了广泛的经济、文化和宗教交流，尤其是在公元前2世纪至公元18世纪之间。它对于技术、商品（如丝绸、香料和造纸术）以及佛教等主要宗教在各大洲的传播至关重要，从根本上塑造了东西方文明的发展。
解释爱因斯坦狭义相对论的核心概念。,,狭义相对论基于两个基本假设：首先，物理定律对所有非加速观测者（惯性参考系）都是相同的；其次，光在真空中的速度对所有观测者来说都是相同的，无论光源的运动如何。
列出标准比萨上常见的五种经典配料。,,"面团, 番茄酱, 马苏里拉奶酪, 意大利辣香肠, 罗勒。"
列出原版三部曲星球大战电影，按照它们的集数（IV、V、VI）顺序排列，并提供完整的院线发行标题。,,"新的希望, 帝国反击战, 绝地归来。"
世界上有多少个大洲？,,大洲的数量根据所使用的地质和文化模型而异。最科学严谨的分类是使用六大洲模型（欧亚大陆、北美洲、南美洲、非洲、澳大利亚、南极洲），其中欧洲和亚洲被视为一个陆块。七大洲模型已经过时，主要用于小学教育。
定义零信任架构 (ZTA)。,,零信任架构 (ZTA) 是一种安全模型，其核心原则是：无论用户、设备或应用程序是在网络边界内部还是外部，都不应被自动信任。所有访问请求必须经过持续和严格的验证，然后才能授予所需的最小权限访问。该框架基于“泄露不可避免或已经发生”的假设运作，要求进行严格的身份验证、微隔离以及上下文感知策略，以限制任何安全事件的“爆炸半径”。
可再生能源和不可再生能源之间的主要区别是什么？,,根本区别在于它们的可用性和补充速度。可再生能源来源于不断补充的自然过程，例如阳光、风、雨水、潮汐、地热和生物质。它们是可持续的，并且在碳排放方面具有较低的环境影响。相反，不可再生能源以固定数量存在，其消耗速度远快于自然界创造它们的速度。这些包括化石燃料（煤炭、石油、天然气）和核能，它们依赖于有限的矿物沉积物。由于温室气体的释放，不可再生能源的使用对空气污染和气候变化有显著影响。
在创意领域，你认为阻碍人们实现持续产出的最重要障碍是什么？,,"这是一个很好的问题，虽然很多人立即指出是“写作障碍”或“缺乏时间”，但我认为真正最重大的障碍是“内在编辑”——即对完美的过度且过早的追求。当我们坐下来创作时，无论是绘画、一段代码，还是一本小说的章节，我们经常以最终编辑的批判眼光来对待最初的生成行为。我们甚至在写出第二句话之前就批判第一句话，或者因为在蓝图完成之前就立即发现了执行中的缺陷而放弃了整个概念。这种过度批判的立场会使必要的“心流”状态陷入瘫痪。

我是这样看的：你不能在同时开采大理石的时候就雕刻出最终的、精美的雕像。这是两种根本不同的操作，需要不同的工具和心态。创作阶段必须是混乱的、低效的，坦白地说，甚至是糟糕的。编辑阶段才是结构和润饰发挥作用的时候。

例如，我最近开始制作一系列复杂的教育模块。在前两周，我总共可能只写了大约500个词，因为我一直在纠结于精确的技术术语和完美的思想顺序。当我强迫自己使用马虎的占位符术语，只专注于快速倾倒概念——忽略语法，忽略结构——我在一个下午就生成了5000个词。障碍不是缺乏知识或想法，而是害怕初稿不值得存在。克服这种恐惧，并将“创作”大脑与“批判”大脑分离，才是实现持续性的关键。"
列出全球人口最多的五个大都市区，包括其国家和近似人口。,,"1. 东京，日本 (约 3740 万)
2. 德里，印度 (约 3200 万)
3. 上海，中国 (约 2850 万)
4. 圣保罗，巴西 (约 2250 万)
5. 墨西哥城，墨西哥 (约 2200 万)"
现代大型语言模型（LLM）如何在超长对话或文档中保持连贯性和上下文？,,LLM利用带有自注意力机制的 Transformer 架构来权衡先前标记的相关性。对于超出其固定上下文窗口限制的上下文，它们通常采用检索增强生成（RAG）等技术。在RAG中，外部向量数据库会动态检索并将最相关的信息插入到当前工作上下文中，从而使LLM能够引用远远超出其即时记忆范围的细节。
解释傅里叶变换的用途。,傅里叶变换（FT）是一种数学变换，它将一个函数（通常是时间的函数，或一个信号）分解成其组成频率。本质上，它将信号从其原始域（时域）转换为频域中的表示形式。这种变换对于分析波形特征、从数据中滤除噪声、求解微分方程至关重要，并且在信号处理、图像压缩（如JPEG）和量子力学等领域中也至关重要。傅里叶变换的结果显示了原始信号中存在哪些频率及其各自的振幅。,一种将信号从时域转换为频域以揭示其组成频率的数学运算。
什么是公钥密码学？,,公钥密码学，也称为非对称密码学，是一种使用一对密钥（一个公钥和一个私钥）进行加密和解密的系统。公钥可以广泛共享，用于加密消息或验证数字签名。相应的私钥由所有者保密，并且是唯一能够解密用公钥加密的消息或创建数字签名的密钥。该系统解决了对称密码学中固有的密钥交换问题，允许尚未事先建立共享机密的各方之间进行安全通信。
基于输入中描述的有关冰损失和辐射吸收的物理过程，这种特定的正反馈循环的科学术语是什么？,自1980年以来，北极海冰范围每十年减少3%。格陵兰冰盖每年损失约2790亿吨冰，严重加剧了全球海平面上升。这一过程加速了变暖，因为颜色较浅的冰（高反照率）被颜色较深的洋水或陆地（低反照率）取代，后者吸收了更多的太阳辐射。,科学术语是“冰反照率反馈”循环。当高反射性的冰融化时，会暴露下方反射性较低的表面（如水或岩石），这些表面会吸收更多热量，导致温度进一步升高和融化。
谁发明了现代活字印刷机，并在哪个世纪？,,约翰内斯·古腾堡，大约在1440年，在15世纪。
列出市场部中绩效得分达到4分或更高的员工姓名。,"员工绩效评估
姓名	部门	得分	评估日期
Alice Johnson	市场部	5	2023-10-01
Bob Smith	销售部	3	2023-11-15
Charlie Brown	工程部	4	2024-01-05
Diana Prince	市场部	2	2024-02-20
Eve Adams	销售部	5	2024-03-01
Frank Lee	工程部	3	2023-12-10
Grace Hall	市场部	4	2024-04-15",Alice Johnson 和 Grace Hall。
分析所提供的月度销售数据（以千为单位），计算该季度的总销售额，然后计算月平均销售额，并将平均值四舍五入到小数点后两位。,第三季度销售报告：七月：145.8，八月：189.2，九月：161.5。这些数字不包括运营成本，反映了毛收入。,季度总销售额：496.5 千。月平均销售额：165.50 千。
玛丽·斯科沃多夫斯卡·居里是哪天出生的？,玛丽·斯科沃多夫斯卡·居里（生于玛丽亚·斯科沃多夫斯卡；1867年11月7日—1934年7月4日）是一位波兰裔和法国归化籍的物理学家和化学家，她对放射性进行了开创性的研究。她是第一位获得诺贝尔奖的女性，是第一位且唯一一位两次获得诺贝尔奖的女性，也是唯一一位在两个不同科学领域获得诺贝尔奖的人。,1867年11月7日
胶木唱片（黑胶唱片）重新流行起来的主要原因是什么？,,"曾被主流听众认为早已过时的黑胶唱片，在过去十年中经历了显著而持续的复苏。有几个因素促成了这一“文艺复兴”：

- **卓越的音质（“温暖感”）：** 许多发烧友和普通听众都认为，与压缩数字格式（如MP3）相比，黑胶唱片提供了更温暖、更丰富、更真实的聆听体验。由于黑胶唱片是模拟格式，它在压缩过程中不会丢弃数据，一些听众认为这带来了更完整的声谱。

- **对实体感和所有权的渴望：** 在一个由流媒体和无形数字文件主导的时代，消费者渴望拥有、展示和互动实体媒介。黑胶唱片提供了大尺寸的封面艺术、内页说明，以及将唱片放到唱机上的物理动作，从而创造了一种更丰富的拥有感。

- **聆听仪式感：** 播放黑胶唱片是一种有目的性的活动，通常要求听众坐下来，在唱片的一面播放期间保持专注。这与播放列表或背景流媒体的被动性形成了鲜明对比。这种“仪式”吸引了那些寻求与其音乐建立更深层次联系的人。

- **怀旧情结和审美吸引力：** 对于老一辈人来说，黑胶唱片与他们的青春联系在一起。对于年轻一代来说，这种格式通常被视为复古时尚、反抗现代科技，或是以其原始格式发现经典专辑的一种方式。黑胶唱片店也已成为文化聚集点。

- **收藏文化：** 唱片公司利用这一趋势，发行了特别版唱片、彩色黑胶、限量压制版和独家复刻版。这种稀缺性推动了一个强劲的收藏家市场，推高了需求和感知价值。"
解释导致西罗马帝国崩溃的主要原因。,,西罗马帝国于公元476年的崩溃并非单一事件所致，而是一个涉及多个相互交织问题的漫长过程。关键因素包括持续的蛮族入侵（匈人、哥特人、汪达尔人），严重的经济不稳定和通货膨胀，军事过度扩张以及对非罗马雇佣兵的依赖，以及导致内战频发的严重的政治腐败和动荡。
根据提供的《奥德赛》摘要，列出奥德修斯旅途中遇到的超自然生物、神祇或魔法生物。,这部史诗以倒叙手法（in medias res）开篇，讲述了特洛伊战争爆发十年后，英雄奥德修斯的漂泊经历。首先，叙事详细描述了他与食莲人（Lotus-Eaters）的相遇，食莲人提供了一种药物，让人忘记回家的愿望。奥德修斯迅速强迫他的手下回到船上。接着，他们登上了独眼巨人（Cyclopes）的岛屿，奥德修斯在那里弄瞎了巨人波吕斐摩斯（Polyphemus），从而招致了波塞冬（Poseidon）的愤怒。逃脱后，他们到达了风神埃俄罗斯（Aeolus）的岛屿，埃俄罗斯给了奥德修斯一个装有所有逆风的袋子。他嫉妒的船员过早地打开了袋子，将他们吹得远远偏离了航线。后来，女巫喀耳刻（Circe）将他的一些船员变成了猪，但在赫尔墨斯（Hermes）的帮助下，奥德修斯抵抗了她的魔法，并强迫她恢复了他的手下。在最终到达伊萨卡之前，奥德修斯必须下降到冥界（Nekyia）去咨询预言家忒瑞西阿斯（Tiresias）。忒瑞西阿斯警告他不要伤害太阳神赫利俄斯（Helios）的牛群。回到伊萨卡后，奥德修斯乔装成乞丐，发现他的宫殿被贪婪的求婚者占领，他们试图娶他的妻子佩涅洛佩（Penelope）并夺取他的王位。这部史诗以奥德修斯现身，在他的儿子忒勒马科斯（Telemachus）的帮助下屠杀求婚者，并恢复了他的王国的和平而告终。,"食莲人, 独眼巨人/波吕斐摩斯, 波塞冬, 埃俄罗斯, 喀耳刻, 赫尔墨斯, 忒瑞西阿斯, 赫利俄斯。"
总结胰岛素发现过程中的关键里程碑和相关人员，重点关注人名、地点和首次成功的人体试验。,胰岛素的发现是医学史上最重大的成就之一。在20世纪20年代之前，1型糖尿病曾是死刑宣判。这一关键性突破发生在1921年的多伦多大学。年轻的外科医生弗雷德里克·班廷（Frederick Banting）提出了分离胰腺内部泌液的初步设想。J.J.R.麦克劳德（J.J.R. Macleod）教授为他提供了实验室空间和十条狗，尽管麦克劳德最初对该项目表示怀疑。班廷与他的助手，医学生查尔斯·贝斯特（Charles Best）一起工作。他们成功地结扎了狗的胰管，使消化液停止分泌，从而提取出他们最初称为“isletin”的物质。这种提取物成功地降低了患糖尿病的狗的血糖。同年晚些时候，化学家詹姆斯·科利普（James Collip）加入了团队，对提取物进行提纯以用于人体试验。1922年1月，一名患糖尿病濒死的14岁男孩伦纳德·汤普森（Leonard Thompson）接受了首次注射纯化胰岛素，标志着首次成功的治疗。班廷和麦克劳德于1923年被授予诺贝尔生理学或医学奖，班廷立即与贝斯特分享了奖金，麦克劳德则与科利普分享了奖金。,这一发现于1921年在多伦多大学发生。弗雷德里克·班廷提出了最初的想法，并与助手查尔斯·贝斯特合作提取了他们称之为“isletin”的物质。J.J.R.麦克劳德教授提供了实验室空间。化学家詹姆斯·科利普后来提纯了该提取物用于人体。首次成功的人体试验发生在1922年1月，受试者是14岁的伦纳德·汤普森。班廷和麦克劳德于1923年被授予诺贝尔奖。
解释植物光合作用的基本步骤。,,光合作用是绿色植物将光能转化为化学能的过程。它主要包括两个阶段：光反应（光照依赖反应），叶绿素捕获阳光分解水分子，释放氧气；以及暗反应（卡尔文循环），利用产生的能量将空气中的二氧化碳转化为葡萄糖，供植物作为燃料。
罗塞塔石碑自1802年以来一直在哪里持续展出？,罗塞塔石碑是一块花岗闪长岩石碑，上面刻有公元前196年托勒密王朝时期在埃及孟菲斯颁布的一项法令的三个版本。顶部和中间的文本分别使用象形文字和世俗体文字写成的古埃及语，而底部则是古希腊语。这块石碑为解读埃及象形文字提供了关键。它于1799年7月15日，在拿破仑的埃及战役期间，由一位名叫皮埃尔-弗朗索瓦·布沙尔的法国士兵在尼罗河三角洲的拉希德（罗塞塔）镇附近发现。法国战败后，根据《亚历山大条约》（1801年）的条款，它后来被割让给英国。自1802年以来，它一直在伦敦的大英博物馆持续展出，使其成为该博物馆访问量最大的单件展品。,自1802年以来，罗塞塔石碑一直在伦敦的大英博物馆持续展出。
土星最大的卫星是什么？,,土卫六是土星最大的卫星，也是太阳系中仅次于木星的木卫三的第二大天然卫星。
定义文学术语“麦格芬”（MacGuffin），并提供一个它在著名虚构作品中应用的例子。,,麦格芬（MacGuffin）是故事中的一个物体、设备或情节元素，它对于推动情节发展和激励角色行动是必需的，但最终对于叙事的整体主题和最终结局来说，却是不重要的、可替换的或不相关的。它通常只是为了驱动追逐或冲突而存在。一个经典的例子是1941年电影《马耳他之鹰》中的马耳他之鹰雕像，或是昆汀·塔伦蒂诺的《低俗小说》中那个内容从未透露但其取回过程却推动了大部分情节发展的公文包。
间歇性禁食有哪些常见的副作用？,,间歇性禁食（IF）对大多数健康成年人来说通常是安全的，但随着身体的调整，它可能会引起一些暂时的副作用。最常报告的初期副作用包括严重的饥饿感、疲劳和注意力不集中，尤其是在第一周。使用者可能还会经历头痛或轻微的头晕，这通常与脱水或电解质失衡有关。不太常见但可能发生的副作用包括易怒、口臭（口气）和睡眠障碍。一旦身体适应了新的饮食时间表，这些症状通常就会消退。
用一句话概括《白鲸》的情节。,,亚哈船长痴迷地追捕一头先前夺走他一条腿的巨型白鲸，最终导致他的船只被毁，船上几乎所有人都丧生。
总结阿波罗任务的主要科学目标。,,阿波罗计划的主要科学目标是：1. 采集月球表面物质（岩石和土壤）进行分析，以确定月球的起源和地质历史。2. 部署阿波罗月球表面实验包（ALSEP），其中包括地震仪、热流探测器和磁力计，以收集月球内部结构和环境的长期数据。3. 进行与太阳风、引力和月球大气层相关的实验。4. 对月球地质特征进行详细的视觉和摄影观测。
史塔克家族的族语是什么？,,凛冬将至
谁发现了青霉素？关于青霉素的发现，常见的错误认知是什么？,尽管亚历山大·弗莱明爵士因在1928年发现青霉素而广受赞誉，但实际上是恩斯特·钱恩和霍华德·弗洛里从1940年左右开始，开发了其大规模纯化和生产的技术，使其成为一种可行的药物。常见的错误是没有认识到钱恩和弗洛里的工作，错误地认为只有弗莱明一个人应对其药用应用负责。,亚历山大·弗莱明爵士因在1928年发现青霉素而受到赞誉。常见的错误是没有认识到恩斯特·钱恩和霍华德·弗洛里随后的工作，他们开发了其大规模纯化和可行生产的技术。
是什么因素导致美国主要大都市区租金价格近期大幅上涨？,,几个相互关联的因素导致租金价格大幅上涨。首先，存在长期建筑不足和住房库存较低的问题，这未能跟上人口增长的速度，特别是在理想的沿海城市。其次，较高的利率将许多潜在购房者推向租赁市场，迫使他们租房，从而大大加剧了对有限房源的竞争。第三，机构投资者和私人股权公司已进入市场，购买了数千套独栋住宅并将其转换为租赁组合，减少了私人买家的可用供应，推高了租金成本。最后，持续存在的与疫情相关的建筑和供应链中断，增加了开发新住房的成本，减缓了新房源的交付速度。
皇家马德里一共赢得了多少次欧洲冠军联赛冠军？,,皇家马德里足球俱乐部（Real Madrid Club de Fútbol）是一家位于西班牙马德里的职业足球俱乐部，保持着欧洲冠军联赛（UCL）夺冠次数最多的纪录。他们已赢得这项享有盛誉的欧洲赛事15次冠军，其中包括连续赢得前五届比赛的冠军（1956年至1960年）。
根据提供的政策，列出专门适用于标准层级用户的主要 API 速率限制和限制后果。,"自 2024 年 1 月 1 日起生效，所有标准层级 API 用户都受以下速率限制：读取操作 (GET) 的最大限制为每分钟 50 次请求 (RPM)，写入操作 (POST、PUT、DELETE) 的最大限制为每分钟 20 次请求 (RPM)。高级层级用户不受标准 RPM 限制，而是获得每天 150,000 次请求的总配额，不限操作类型，但在任何给定时间都严格限制为 5 个并发连接。如果标准用户在 24 小时内超过 RPM 限制三次以上，他们的账户将在接下来的 6 小时内被暂时限制到 10 RPM。企业客户单独协商限制，但其默认最大有效负载大小为 5MB。","标准层级用户的主要 API 速率限制为：

1. 读取操作 (GET)：每分钟最多 50 次请求 (RPM)。
2. 写入操作 (POST, PUT, DELETE)：每分钟最多 20 次请求 (RPM)。

限制后果：
如果标准用户在 24 小时内超过 RPM 限制三次以上，他们的账户将在接下来的 6 小时内被暂时限制到 10 RPM。"
希腊神话中，看守冥界入口的三头狗叫什么名字？,,刻耳柏洛斯
列出并简要描述导致西罗马帝国衰落的主要非军事因素。,,西罗马帝国的衰落是由几种相互交织的非军事危机驱动的：**经济压力：** 过度的军事开支和边境防御给民众带来了沉重的税收负担，并导致了严重的通货膨胀。贸易路线变得不安全，扰乱了商业，导致城市食物短缺。铸币贬值（减少贵金属含量）的做法进一步使货币贬值。**政治不稳定和腐败：** 政治体制遭受着持续的继承危机，导致了“军营皇帝”时代，军事实权决定领导权，造成了短暂的统治和内部冲突。普遍存在的腐败以及中央政府与地方当局之间日益扩大的隔阂削弱了公众的信任。**社会和人口衰退：** 瘟疫和疾病使人口大幅减少，影响了可用的劳动力和军事招募来源。此外，精英阶层中出现了对“公民美德”的丧失感，他们日益疏远公共服务和兵役，削弱了帝国的内部凝聚力。
澳大利亚的首都是什么？,,澳大利亚的首都是堪培拉。
Netflix 最初是在何时何地推出的？其最初的服务模式是什么？,"奈飞公司（Netflix, Inc.）是一家美国的订阅流媒体服务和制作公司。它于1998年在加利福尼亚州斯科茨谷（Scotts Valley）推出，最初是作为一项邮寄DVD租赁服务，但该公司迅速适应了数字技术。到2007年，它引入了流媒体，并将其作为主要焦点。如今，Netflix 在全球运营，提供庞大的电影和电视剧库，包括其越来越受欢迎的“Netflix原创作品”。尽管其国际制作中心遍布全球，但目前其运营总部仍设在加利福尼亚州洛斯加托斯（Los Gatos）。","奈飞公司（Netflix, Inc.）最初于1998年在加利福尼亚州斯科茨谷推出。其最初的服务模式是邮寄DVD租赁服务。它在2007年转向了流媒体，现在在全球范围内运营，其目前的运营总部设在加利福尼亚州洛斯加托斯。"
人们为什么要在餐馆里留下小费？,,给小费是一种复杂的社会和经济习俗，主要在美国盛行，尽管在全球范围内也有不同程度的实践。人们给小费的主要原因与薪酬结构有关。在美国的许多地区，餐馆服务员和其他服务人员从雇主那里获得的“带小费的最低工资”较低，这意味着他们严重依赖小费来达到并经常超过标准的最低工资。除了经济因素，小费还起到绩效激励的作用。顾客通常会为优质服务留下更多的小费，从而提供即时的、金钱上的反馈，奖励所提供的服务质量，并激励员工保持高标准。最后，给小费也受到文化传统和社会期望的维护；对于称职的服务而不给小费通常会被视为负面行为。
列出由深陷洼地定义或通常与地下水特征相关的地貌及其主要示例。,"地貌
山脉
主要示例：珠穆朗玛峰, K2（乔戈里峰）, 富士山, 阿空加瓜山
谷地
主要示例：死亡谷, 大峡谷, 东非大裂谷
平原
主要示例：大平原, 潘帕斯草原
洞穴
主要示例：猛犸洞, 怀托摩萤火虫洞
火山
主要示例：维苏威火山, 喀拉喀托火山, 莫纳罗亚火山","谷地
死亡谷
大峡谷
东非大裂谷
洞穴
猛犸洞
怀托摩萤火虫洞"
烘焙时，小苏打和泡打粉的主要区别是什么？,,小苏打需要酸性成分（如酪乳或醋）才能发酵，而泡打粉是一种完整的膨松剂，因为它同时含有酸和碱。
将以下天体按其正确类别（行星、恒星或卫星）分组：水星、火星、木星、金星、太阳、月球。,,"行星: 水星, 火星, 木星, 金星
恒星: 太阳
卫星: 月球"
根据其主要范式（面向对象、函数式或脚本）对以下编程语言进行分类：Python、Haskell、Java、JavaScript、Lisp、C++。,,面向对象：Java、C++。函数式：Haskell、Lisp。脚本/多范式：Python、JavaScript。
从提供的文本中，列出编程语言及其各自的创建年份。将输出格式化为 JSON 对象数组，其中每个对象包含键 'language' 和 'year'。,Python于1991年首次发布，至今仍非常流行。JavaScript紧随其后，于1995年首次亮相，并成为Web开发的关键。C++是C语言的强大扩展，自1985年以来一直存在。Java，通常与JavaScript混淆，最初由Sun Microsystems开发并于1995年向公众发布。,"[{""language"": ""Python"", ""year"": 1991}, {""language"": ""JavaScript"", ""year"": 1995}, {""language"": ""C++"", ""year"": 1985}, {""language"": ""Java"", ""year"": 1995}]"
真核细胞中高尔基体的首要功能是什么？,,高尔基体（或高尔基复合体）负责修饰、分拣和包装在内质网中合成的蛋白质和脂质，用于分泌或输送到其他细胞器。
1869年开通的苏伊士运河，显著缩短了欧洲与哪个大洲之间的海上旅行距离,,亚洲，绕过了环绕非洲的漫长路线
列出现代奇幻流派中最具影响力的作家。,,现代奇幻流派中具有影响力的作者包括 J.R.R. 托尔金、C.S. 路易斯、厄休拉·K·勒古恩、特里·普拉切特、乔治·R.R. 马丁和布兰登·桑德森。
列举三项发生在19世纪（1801-1900年）的主要科学突破或发明。,,电话（亚历山大·格拉汉姆·贝尔，1876年）、细菌理论（路易·巴斯德，始于约19世纪60年代），以及自然选择进化论（查尔斯·达尔文，1859年）。
一个木制运输托盘被遗弃在修剪得非常整齐的郊区草坪中央。请为它的出现提出三个合理的解释，并建议一个该托盘本身的创意用途。,,托盘出现的三个可能解释包括：1) 在最近一次大件送货（例如电器或园林材料）期间，它被用作保护性底座，但送货人员忘记将其带走。2) 它正在标记最近安装的或未来的地下公用设施管线的位置，充当临时的视觉危险标记。3) 它原本是为一个DIY园艺项目（如堆肥或垂直种植）准备的，但在项目开始前就被丢弃和遗忘了。托盘的一个创意用途是将其拆解，并利用清理过的板条来制作一个小的、质朴的鸟屋或一套花盆箱。
根据提供的文本，火星的两颗小的、不规则形状的卫星叫什么名字？,火星，常被称为“红色星球”，是距离太阳第四近的行星，也是太阳系中仅次于水星的第二小的行星。在英语中，火星带有罗马战神的名字。一些著名的表面特征包括奥林匹斯山（太阳系中最大的火山和已知最高的山脉）和水手谷（太阳系中最大的峡谷之一）。火星的两颗小的、不规则形状的卫星是火卫一（Phobos）和火卫二（Deimos）。由于火星大气稀薄且表面压力低，液态水无法在表面长期存在，但有证据表明水冰存在于极冠和地下。,火星的两颗小的、不规则形状的卫星的名称是火卫一（Phobos）和火卫二（Deimos）。
梅斯·温杜的光剑剑柄是用哪种稀有金属制作的？,,光剑剑柄上镶嵌着一种名为电金的稀有金属，这种区别通常只保留给资深的绝地大师。
总结温泉关战役的关键事件和结果。,温泉关战役发生于公元前 480 年，交战双方是以斯巴达国王列奥尼达一世为首的希腊城邦联盟与薛西斯一世的阿契美尼德帝国。它与阿特米西翁海战同时发生。尽管寡不敌众，希腊人仍坚守狭窄的海岸通道七天，给波斯军队造成了重大伤亡。一位名叫埃菲亚尔特斯的当地居民背叛了希腊人，泄露了一条秘密路径，使得波斯人能够包围守军。尽管对希腊人来说是一次战术上的失败，但这场战役成为了历史上的关键时刻，因 300 名斯巴达人的英勇以及为希腊主力部队争取了准备时间而闻名。,温泉关战役发生于公元前 480 年，交战双方是以斯巴达国王列奥尼达一世为首的希腊城邦联盟与薛西斯一世的阿契美尼德帝国。希腊人在寡不敌众的情况下坚守了狭窄的海岸通道七天。在埃菲亚尔特斯泄露了一条秘密路径背叛希腊人之后，波斯人得以包围守军，防线随之崩溃。尽管对希腊人来说这是一场战术上的失败，但这场战役为希腊主力部队争取了关键的延迟时间，并因 300 名斯巴达人的英勇而受到颂扬。
根据提供的文本，总结关于冥王星的发现和重新分类的主要观点。,冥王星于1930年由克莱德·汤博（Clyde Tombaugh）在亚利桑那州的洛厄尔天文台发现。在76年的时间里，它一直被列为太阳系的第九大行星。与其他行星相比，它的轨道平面高度倾斜。2006年，国际天文学联合会（IAU）重新定义了“行星”这一术语。新的定义要求一个天体必须清除其轨道周围的区域。由于冥王星与其他柯伊伯带天体共享轨道邻近区域，它未能满足这一标准。因此，冥王星被重新归类为矮行星，此举在一些天文学家和公众中仍存在争议。,"1. 冥王星于1930年由克莱德·汤博在亚利桑那州的洛厄尔天文台发现。
2. 它被列为第九大行星长达76年。
3. 与其他行星相比，它的轨道平面高度倾斜。
4. 2006年，国际天文学联合会（IAU）重新定义了“行星”这一术语。
5. 新的定义要求一个天体必须清除其轨道周围的区域。
6. 冥王星未能满足这一标准，因为它与其他柯伊伯带天体共享轨道邻近区域。
7. 冥王星被重新归类为矮行星，此举仍存在争议。"
列出三种常见的几何形状。仅使用ASCII艺术格式化您的输出。每种形状必须由重复的单个字符来表示其基本结构。使用井号 (#) 表示正方形，星号 (*) 表示三角形，美元符号 ($) 表示圆形/球体。,,"#####
#####
#####

  *
 ***
*****

 $$$ 
$   $
 $$$"
白炽灯泡的发明通常归功于谁？,,通常认为托马斯·爱迪生是主要发明者，尽管他的发明是对约瑟夫·斯旺等人的早期设计进行了改进。
谁为广泛用于现代汽车的四冲程发动机循环申请了专利？,内燃机（ICE）是一种热机，燃料在燃烧室中与氧化剂（通常是空气）发生燃烧。由此产生的高温高压气体膨胀，直接对发动机部件（如活塞、涡轮叶片或喷嘴）施加作用力。内燃机一词通常仅限于燃烧间歇发生的发动机，例如广泛使用的四冲程和二冲程活塞发动机。柴油机是压燃式发动机，而大多数汽油机是火花点火式发动机。四冲程循环的四个阶段是进气、压缩、做功（或点火/膨胀）和排气。这些阶段必须按顺序发生，以确保连续运行。为大多数现代汽车提供动力的四冲程发动机于 1877 年首次由尼古拉斯·奥托 (Nikolaus Otto) 获得专利，尽管其基本原理早前已被各种发明家探索过。,为大多数现代汽车提供动力的四冲程发动机于 1877 年首次由尼古拉斯·奥托 (Nikolaus Otto) 获得专利。
将这些动物分为两组：哺乳动物和爬行动物。列表：蛇、鲸鱼、鳄鱼、蝙蝠、海龟、大象。,,"哺乳动物：鲸鱼、蝙蝠、大象。 

爬行动物：蛇、鳄鱼、海龟。 

一个关键区别是，哺乳动物是温血动物，通常是胎生，而爬行动物是冷血动物，通常产卵。"
将以下化学元素分类为碱金属或稀有气体。,"氖, 钠",氖是稀有气体。钠是碱金属。
阵雨过后彩虹是如何形成的？,,彩虹是一种气象现象，由光线在水滴中发生的反射、折射和色散引起的。当阳光射入雨滴时，它会减速并弯曲（折射）。然后它会从水滴的背面反射出来。当光线射出水滴时，它会再次折射，将白色阳光分离成其组成颜色光谱，我们看到的就是彩虹的彩色弧线。
谁画了《格尔尼卡》，它描绘了什么历史事件？,,这幅不朽的画作《格尔尼卡》由巴勃罗·毕加索于1937年创作。它是对西班牙内战期间，纳粹德国和意大利法西斯空军轰炸西班牙巴斯克地区小镇格尔尼卡的一次有力的反战描绘。
"将以下小说按各自的作者分组：1984, Moby Dick, The Great Gatsby, Animal Farm, The Old Man and the Sea, The Sun Also Rises.",,"乔治·奥威尔: 1984, Animal Farm
欧内斯特·海明威: The Old Man and the Sea, The Sun Also Rises
F. 斯科特·菲茨杰拉德: The Great Gatsby
赫尔曼·麦尔维尔: Moby Dick"
什么是自然界的四种基本力？,,自然界的四种基本力是引力、电磁力、强核力以及弱核力。
帝国大厦是什么时候正式竣工的？,"帝国大厦是位于纽约市曼哈顿中城的一座拥有102层楼的装饰艺术风格摩天大楼。它由Shreve、Lamb和Harmon设计，并于1931年4月11日正式竣工。它高1,454英尺（443米），曾是世界上最高的建筑，持续了近40年。",帝国大厦于1931年4月11日正式竣工。
使用涉及旋转木马或游乐场游戏的类比，为十岁儿童重新编写以下关于科里奥利效应的解释。,科里奥利效应描述了在旋转参照系内运动的物体（例如气流或洋流）发生的偏转。在地球上，这种效应导致风和洋流在北半球顺时针弯曲，在南半球逆时针弯曲。这种偏转垂直于运动方向，并且与物体的速度和地球的旋转速率成比例。虽然对于大规模天气系统至关重要，但科里奥利效应对于小规模运动（如水在排水管中漩涡）来说可以忽略不计。,想象一下，你正在一个巨大的、旋转的旋转木马上玩接球游戏（这个旋转木马就是地球！）。如果你试图把球直直地扔给游乐设施对面的朋友，球不会走直线。当球到达中间时，旋转木马已经转动了一点，球看起来就会偏离你的朋友。这种弯曲的力——它的力量足以使巨大的风和洋流弯曲——就是科里奥利效应。如果你站在世界的上半部分，它总是将物体推向右边（顺时针方向），如果你在下半部分，则推向左边（逆时针方向）。
图灵测试的目的是什么？,,图灵测试由艾伦·图灵于1950年提出，是一种判断机器是否能展示出等同于或难以区分于人类的智能行为的方法。它要求一位人类裁判通过文本与两个不可见的实体对话：一个是人类，一个是机器。如果裁判不能可靠地分辨出哪个是机器，哪个是人类，则认为该机器通过了测试，证明了人工智能。
阻碍全球立即依赖100%可再生能源的主要结构性和物流挑战是什么？,,"向100%可再生能源的转型面临着三大相互关联的结构性和物流障碍：间歇性与储能、电网基础设施现代化，以及关键材料供应链限制。

首先，间歇性和储能问题是根本性的。太阳能和风能具有天然的变动性——它们只在阳光照射或风吹时发电。为了保持全天候稳定的能源供应，需要大规模、高效率且全球分布式的储能解决方案。目前的电池技术虽然进步迅速，但缺乏必要的容量和寿命，无法在不产生过高成本的情况下，应对整个大陆长时间的低发电期。

其次，现有的电网架构，尤其是在发达国家，是为集中式、可预测的发电（如燃煤或核电厂）而设计的。一个完全可再生的系统是高度分布式的，涉及数百万个小型发电机。这要求大规模升级智能电网技术，使其能够处理双向能源流、动态平衡高度可变的负载，并确保对大规模电力波动的抵御能力。这次全面检修的成本和监管复杂性是巨大的。

最后，这次转型带来了新的材料供应链限制。生产全球转型所需的巨量太阳能电池板、风力涡轮机和公用事业规模的电池，需要大量的关键矿物，包括锂、钴、镍和稀土元素。当前采矿能力、精炼基础设施以及快速可持续扩大这些材料供应所需的地理政治稳定性，构成了重大的物流瓶颈，可能将能源依赖从石油和天然气生产国转向矿产资源丰富的国家。"
万维网的发明者是谁？,,蒂姆·伯纳斯-李
解释美国宇航局（NASA）的主要任务和历史。,,"美国国家航空航天局（NASA）是美国政府机构，负责该国的民用太空计划，以及航空和航天研究。其使命被定义为推动发现、扩展知识，并为人类的利益探索太空。

NASA于1958年7月29日由德怀特·D·艾森豪威尔总统通过《国家航空航天法》成立，取代了国家航空咨询委员会（NACA）。它的成立直接回应了苏联1957年发射“斯普特尼克1号”卫星的事件，标志着太空竞赛的开始。

从历史上看，NASA在载人航天领域取得了快速的成功。早期计划包括“水星计划”（将首批美国人送入太空）和“双子座计划”（开发了关键的轨道交会和对接技术）。NASA最著名的成就是“阿波罗计划”，该计划于1969年7月通过阿波罗11号成功地将人类首次送上月球。在阿波罗计划之后，NASA开发了可重复使用的航天飞机计划（1981年至2011年），并领导了建设和维护国际空间站（ISS）的国际合作。

除了载人航天，NASA还管理着广泛的科学事业，包括部署了大量的机器人探测器（例如“旅行者号”、“伽利略号”和“卡西尼号”任务）以及太空观测站（例如哈勃和詹姆斯·韦伯太空望远镜），这些对于地球科学、太阳物理学、行星科学和天体物理学的研究至关重要。目前，NASA的重点是“阿尔忒弥斯计划”，该计划旨在让人类重返月球，作为未来载人火星任务的先驱。"
哪个星球以拥有失控的温室效应而闻名，使其成为太阳系中最热的行星？,,金星
解释数据科学和机器学习之间的主要区别，以及它们在商业环境中如何相互关联。,,"尽管数据科学 (DS) 和机器学习 (ML) 经常被互换使用，但它们是两个不同但相互重叠的领域。机器学习本质上是属于更广泛的数据科学范畴内的一套技术和工具。

### 数据科学（总括学科）

数据科学是一个整体性领域，专注于从结构化或非结构化数据中提取知识和洞察的整个过程。它涵盖了统计分析、数据可视化、领域专业知识和沟通技巧。

*   **目标：** 分析数据以理解某事发生的*原因*（描述性分析），并根据这些洞察为商业战略提供建议。
*   **重点：** 问题界定、数据清洗/准备 (ETL)、统计推断和叙事/可视化。
*   **技能：** 扎实的统计学背景、商业敏锐度、沟通能力、SQL、可视化工具和基础编程。

### 机器学习（工具集）

机器学习是人工智能的一个子领域，专注于构建能够从数据中学习模式、进行预测或分类而无需明确编程的算法。

*   **目标：** 开发、训练和优化模型，以回答“*接下来会发生什么？*”（预测性分析）或“*我们应该如何对此进行分类？*”（指导性分析）的问题。
*   **重点：** 算法选择（例如，深度学习、回归、聚类）、模型调优、特征工程和部署。
*   **技能：** 高级数学、算法优化、强大的编程能力（Python/R）和计算效率。

### 实践中的关系

在商业环境中，数据科学家通常是识别商业问题（例如，“我们需要降低客户流失率”）并确定是否需要机器学习解决方案的人。他们负责收集、清洗和准备数据。机器学习组件是他们使用的特定算法引擎（例如，逻辑回归或神经网络），用于预测哪些客户可能流失。随后，数据科学家解释模型的输出，并将战略意义传达给利益相关者。"
解释量子纠缠的概念。,,"量子纠缠是一种物理现象，其中两个或多个粒子以某种方式联系起来，无论它们之间的距离有多远，它们都共享相同的命运。当处于纠缠状态时，粒子的量子态（如自旋或偏振）是完全相关的。

如果对其中一个粒子进行测量，另一个粒子的状态会立即确定，即使它远在数光年之外。阿尔伯特·爱因斯坦曾将这种瞬时相关性称为“幽灵般的超距作用”，因为它似乎违反了宇宙的经典速度限制（光速）。

至关重要的是，纠缠不允许进行超光速通信，因为第一个粒子的测量结果在被观察之前是概率性的和随机的。它是量子计算和量子密码学等新兴技术的核心组成部分。"
从以下动物列表中，找出所有被归类为哺乳动物的物种：鲨鱼、企鹅、海豚、蛇、蝙蝠、蜘蛛、大象、青蛙。,,列表中被归类为哺乳动物的动物是海豚、蝙蝠和大象。
"分析提供的出版数据。找出所有在 2023 年出版，且总销量（精装本 + 电子书）超过 300,000 册的小说。使用 {Title} | {Total Sales Count} 格式，以分号分隔列表列出结果。","作者 A 的首部小说《Shadows of Eldoria》，于 2023 年第一季度出版，精装本销量为 150,000 册，电子书销量为 80,000 册。他们的后续小说《The Silent City》，于 2023 年第四季度发布，实现了 210,000 册精装本销量和 120,000 册电子书销量。作者 B 专门从事非小说类写作，发行了《Deep Dive History》（2023 年第二季度），销量为 95,000 册（仅限实体书）。作者 B 销量最高的作品，同样是非小说类，是《Future Tech Today》（2024 年第一季度），销量达到 350,000 册（180,000 册实体书，170,000 册电子书）。我们只关注 2023 年出版且总销量超过 300,000 册的小说。","The Silent City | 330,000"
定焦镜头与变焦镜头在摄影中的核心区别和优势是什么？,,定焦镜头具有固定的焦距（例如 50 毫米或 85 毫米），而变焦镜头则具有可变的焦距，允许摄影师在不移动位置的情况下改变放大倍率（例如 24-70 毫米）。定焦镜头的光学结构相对简单，这通常使其在技术上优于变焦镜头。定焦镜头通常在整个画面上具有更高的清晰度，因为其内部元件是针对一个特定的放大倍率进行优化的。它们通常还提供“更快”的最大光圈（更低的 F 值，例如 f/1.4），这使得更多光线进入相机，从而在弱光条件下表现更佳，并提供更浅的景深以实现背景分离（焦外虚化）。定焦镜头通常也更小、更轻。相比之下，变焦镜头则优先考虑多功能性。虽然它们在光学上可能不如同等焦距的定焦镜头快或锐利，但携带一支镜头即可应对多种拍摄情况的能力使其成为活动摄影师和需要快速构图灵活性的用户的必备工具。
关于人类使用CRISPR基因编辑技术的主要伦理困境是什么？,,主要困境集中在生殖系编辑（改变会遗传给后代，引发了关于制造“定制婴儿”的担忧）、体细胞编辑（争议较小，但仍涉及风险），以及公平获取的问题。一个主要的担忧是，如果只有富人才能负担得起治疗或增强，这可能会加剧社会不平等，导致生物学上的分层。
指出下列国家的首都：法国、日本、巴西、加拿大、澳大利亚。,,"法国: 巴黎
日本: 东京
巴西: 巴西利亚
加拿大: 渥太华
澳大利亚: 堪培拉"
列出太阳系中按直径排列的五颗最大卫星。,,"太阳系中按直径递减排列的五颗最大卫星是：
- 木卫三 (木星)
- 土卫六 (土星)
- 木卫四 (木星)
- 木卫一 (木星)
- 地球的月球"
玛丽·居里的科学工作是否从根本上改变了物理学和医学的面貌？,玛丽·斯克沃多夫斯卡·居里是一位波兰裔、入籍法国的物理学家和化学家，对放射性进行了开创性研究。她是第一位获得诺贝尔奖的女性，是第一位两次获得诺贝尔奖的人和唯一的女性，也是唯一一位在两个不同科学领域（1903年物理学，1911年化学）获得诺贝尔奖的人。她的成就包括发展了放射性理论、分离放射性同位素的技术，以及发现了钋和镭这两种元素。在她的指导下，进行了世界上最早的核物理研究。在第一次世界大战期间，她建立了被称为“小居里”（petites Curies）的移动式放射成像装置，为野战医院提供X射线服务，挽救了无数生命。,是的，她的工作极大地改变了这两个领域。她不仅发展了放射性理论，发现了两种元素（钋和镭）——使她在两个不同的科学领域获得了两次诺贝尔奖——而且她还在第一次世界大战期间实施了移动式X射线装置，展示了她的发现的即时医疗应用。
请回顾以下厨房常备品清单。其中哪三种一旦开封，必须存放在冰箱中以防变质？,"橄榄油, 酱油, 蜂蜜, 枫糖浆, 蛋黄酱, 花生酱（加工过的）, 番茄酱。",开封后绝对需要冷藏的三种物品是蛋黄酱、番茄酱和酱油。虽然枫糖浆和花生酱受益于低温储存，但它们通常可以在常温下保存；橄榄油和蜂蜜则应始终保持在室温。
根据提供的文本，万维网是谁发明的，以及他在创建期间隶属于哪个机构？,万维网（WWW）是由英国计算机科学家蒂姆·伯纳斯-李爵士在瑞士的CERN（欧洲核子研究组织）工作期间发明的。伯纳斯-李于1989年3月写了一份提案，概述了一个信息管理系统。他后来在1990年圣诞节前后，通过互联网实现了超文本传输协议（HTTP）客户端和服务器之间的首次成功通信。第一个网站地址是 http://info.cern.ch/。,蒂姆·伯纳斯-李爵士在 CERN（欧洲核子研究组织）工作期间发明了万维网。
居里夫人关于诺贝尔奖有哪些独特的荣誉？,玛丽·斯克沃多夫斯卡·居里（出生名为Maria Salomea Skłodowska；1867年11月7日—1934年7月4日）是一位波兰裔和入籍法国的物理学家和化学家，她对放射性进行了开创性研究。她是第一位获得诺贝尔奖的女性，是第一位且是唯一一位两次获得诺贝尔奖的女性，也是唯一一位在两个科学领域获得诺贝尔奖的人。,居里夫人是第一位获得诺贝尔奖的女性，是第一位也是唯一一位两次获得诺贝尔奖的女性，以及唯一一位在两个不同科学领域获得诺贝尔奖的人。
从提供的文本中，仅列出火星漫游车（*rovers*）的名称及其各自的着陆年份。按时间顺序从最早到最晚输出列表，使用格式：漫游车名称（年份）。,火星是距离太阳第四近的行星，是一颗拥有稀薄大气的类地行星。几次关键任务在其探索中发挥了重要作用。“海盗1号”和“海盗2号”着陆器于1976年到达表面。1997年，美国宇航局（NASA）的“探路者”任务成功部署了“旅居者”号漫游车（Sojourner）。随后，“勇气”号（Spirit）和“机遇”号（Opportunity）漫游车于2004年着陆，旨在进行长期的地质研究。最近，“毅力”号（Perseverance）漫游车于2021年降落在杰泽罗陨石坑（Jezero Crater），携带着“机智”号（Ingenuity）直升机，这是第一个在另一个世界上飞行的动力飞行器。即将开展的计划任务包括火星样本返回任务（MSR），预计在2028年左右。,"Sojourner (1997), Spirit (2004), Opportunity (2004), Perseverance (2021)"
撰写一封真正引人注目的求职信有哪些关键步骤？,,"一封引人注目的求职信应以读者为中心，而不仅仅是作者。请遵循以下步骤：

1. **深入研究与定制化：** 绝不要使用通用模板。彻底研究公司文化、使命和职位描述中概述的具体需求。提及公司最近的一项成就或项目，以表明你真正的兴趣。
2. **有力的开场：** 开头段落必须立即抓住注意力。不要以“我的名字是...”开始。相反，说明你为何具备独特的资格并对*这个特定*职位感到兴奋。
3. **展示，而非叙述（使用量化指标）：** 与其说“我拥有强大的沟通技巧”，不如使用可量化结果来描述一项成就（例如，“通过主动的每周报告，我将客户保留率提高了15%”）。
4. **弥合差距：** 将你最重要的2-3项技能直接与职位描述中的关键要求联系起来。展示你如何解决*他们*眼前的具体问题。
5. **简洁的结尾和行动呼吁：** 强有力地结束，重申你的热情并提出下一步的行动（例如，“我期待讨论我的经验将如何立即使团队受益”）。确保整封信控制在一页之内。"
解释一下《Attention is All You Need》这篇论文对于像 GPT 这样的深度学习模型具有革命性意义的核心概念。,,这一革命性在于引入了 Transformer 架构，它彻底放弃了顺序处理机制（如 RNN 和 LSTM），转而采用基于自注意力机制的并行处理。自注意力机制允许模型立即且同时权衡输入序列中每个标记（token）之间的重要性和关系，无论它们的位置如何。这种能力极大地改善了长距离依赖项的处理，通过允许在 GPU 上进行并行化，显著加快了训练时间，并使得现代大型语言模型的规模化成为可能。
哪个行星以其显著的行星环系统而闻名？木星还是土星,,土星
Python 是由谁构思的？其开发工作何时正式开始？,Python 是一种高级的、解释型的编程语言，最初由吉多·范罗苏姆（Guido van Rossum）在 20 世纪 80 年代末构思。开发工作于 1989 年 12 月在荷兰的 CWI 正式开始。范罗苏姆以英国喜剧团体“蒙提·派森”（Monty Python）的名字命名了这个项目，因为他当时正在阅读《蒙提·派森的飞行马戏团》（*Monty Python's Flying Circus*）的剧本。Python 1.0 版本于 1994 年 1 月发布。至关重要的是，它的设计理念强调代码的可读性，尤其体现在它使用有意义的空白字符上。,吉多·范罗苏姆构思了 Python，开发工作于 1989 年 12 月开始。
罗塞塔石碑上的法令是哪一年颁布的？,罗塞塔石碑是破译埃及象形文字的关键，它于1799年拿破仑埃及战役期间被一名名叫皮埃尔-弗朗索瓦·布沙尔的法国士兵发现。它包含了用三种不同文字书写的同一法令：象形文字、世俗体（当时的通用埃及文字）和古希腊语。由于学者们理解古希腊语，这些平行文本提供了最终翻译失传已久的埃及文字系统的机制。法令本身可追溯到公元前196年，由祭司会议在孟菲斯颁布，旨在表彰托勒密五世。,公元前196年
仅用随身行李进行一周旅行的最佳打包技巧是什么？,,首先，规划以中性、可互换的衣物为主的穿搭。使用收纳袋来压缩衣物并保持整洁。始终卷起衣物而不是折叠，以节省空间并减少皱褶。对于洗漱用品，将液体分装到旅行装的可重复使用瓶子中（容量低于 3.4 盎司/100 毫升），并尽可能使用固体洗漱用品，例如洗发皂。
根据文本，1884年纳伦德拉的家庭发生了什么？结果如何？,"斯瓦米·维韦卡南达（Swami Vivekananda；/ˈswɑːmi ˌvɪveɪˈkɑːnəndə/；孟加拉语：[ʃami bibekanɔndo] （听）；1863年1月12日—1902年7月4日），原名纳伦德拉纳特·达塔（Narendranath Datta；孟加拉语：[nɔrendronatʰ dɔto]），是印度教僧侣、哲学家、作家、宗教导师，也是印度神秘主义者室利·罗摩克里希那·帕拉玛罕萨的首席门徒。他是将吠檀多和瑜伽引入西方世界的关键人物，被认为提高了跨宗教意识，并将印度教提升为世界主要宗教的地位。维韦卡南达在1893年芝加哥世界宗教大会后成为一个广受欢迎的人物，他在会上以“美利坚的姐妹和兄弟们……”的开场白开始了他著名的演讲，随后向美国人介绍了印度教。他在这次大会上极具影响力，一家美国报纸称赞他“拥有神圣权利的演说家，无疑是大会上最伟大的人物”。在大会上取得巨大成功后，在随后的几年里，维韦卡南达在美国、英国和欧洲各地发表了数百场演讲，传播了印度教哲学的核心教义，并创立了纽约吠檀多社和旧金山吠檀多社（现称北加利福尼亚吠檀多社），这两者都成为西方吠檀多社的基础。

1881年，纳伦德拉第一次见到了罗摩克里希那，他的父亲于1884年去世后，罗摩克里希那成为了他精神上的焦点。

纳伦德拉首次接触罗摩克里希那是在大会学院的一次文学课上，当时他听到威廉·哈斯蒂教授正在讲解威廉·华兹华斯的诗歌《远足》。哈斯蒂在解释诗中“出神”一词时，建议他的学生们去拜访达克希涅斯瓦的罗摩克里希那，以了解“出神”的真正含义。这促使他的一些学生（包括纳伦德拉）去拜访罗摩克里希那。

他们可能在1881年11月第一次私人会面[注1]，尽管纳伦德拉不认为这是他们的第一次会面，而且两人后来都没有提到这次会面。当时，纳伦德拉正在准备他即将到来的F. A. 考试，拉姆·钱德拉·达塔陪同他来到苏伦德拉·纳特·米特拉的家中，罗摩克里希那被邀请在那里发表演讲。据马卡兰德·帕兰贾佩说，在这次会面中，罗摩克里希那要求年轻的纳伦德拉唱歌。他对纳伦德拉的歌唱天赋印象深刻，便请纳伦德拉来到达克希涅斯瓦。

1881年底或1882年初，纳伦德拉带着两位朋友去了达克希涅斯瓦，并见到了罗摩克里希那。这次会面证明是他生命中的一个转折点。尽管他最初没有接受罗摩克里希那作为他的老师并反抗他的思想，但他被他的人格魅力所吸引，并开始经常去达克希涅斯瓦拜访他。他最初将罗摩克里希那的狂喜和异象视为“纯粹的想象产物”和“幻觉”。作为梵社的一员，他反对偶像崇拜、多神论和罗摩克里希那对迦梨女神的崇拜。他甚至拒绝了“与绝对同一”的不二吠檀多的概念，认为这是亵渎和疯狂，并经常嘲笑这种想法。纳伦德拉考验罗摩克里希那，罗摩克里希那耐心地面对他的论点，并回答：“试着从各个角度看待真相。”

纳伦德拉的父亲在1884年的突然去世使他的家庭破产；债权人开始要求偿还贷款，亲戚们威胁要将他们一家赶出祖宅。纳伦德拉曾是富裕家庭的儿子，却成了大学里最贫困的学生之一。他徒劳地试图找工作，并质疑上帝的存在，但在罗摩克里希那那里找到了慰藉，他去达克希涅斯瓦的次数也增加了。

有一天，纳伦德拉请求罗摩克里希那向迦梨女神祈祷，以求家庭经济上的好转。罗摩克里希那反而建议他自己去寺庙祈祷。听从罗摩克里希那的建议，他去了寺庙三次，但未能为任何世俗需求祈祷，最终向女神祈求了真知和虔诚。纳伦德拉逐渐准备好放弃一切，以实现对上帝的觉悟，并接受了罗摩克里希那作为他的古鲁（上师）。

1885年，罗摩克里希那患上了喉癌，被转移到加尔各答，后来又转移到科西波尔的一座花园别墅。纳伦德拉和罗摩克里希那的其他门徒在他生命的最后几天里照顾他，纳伦德拉的精神教育仍在继续。在科西波尔，他经历了无分别三摩地。纳伦德拉和其他几位门徒从罗摩克里希那那里获得了赭色的长袍，组成了他的第一个僧团。他被教导说，服务于人类是对上帝最有效的崇拜。罗摩克里希那要求他照顾其他僧侣门徒，反过来又要求他们将纳伦德拉视为他们的领袖。罗摩克里希那于1886年8月16日凌晨在科西波尔去世。",纳伦德拉的父亲在1884年突然去世，导致这个家庭破产。结果，债权人要求偿还贷款，亲戚们威胁要将他们一家赶出祖宅。
根据提供的文本，哪些关键事件和技术奠定了现代互联网的基础？,互联网的起源在于分组交换的发展和ARPANET（高级研究计划局网络）的创建。ARPANET由麻省理工学院的J.C.R. Licklider于20世纪60年代初构想，最初由美国国防部资助。1969年10月29日，第一条消息通过ARPANET在加州大学洛杉矶分校的计算机科学实验室和斯坦福研究所（SRI）之间发送。这条消息本应是“LOGIN”，但系统在收到前两个字母“LO”后崩溃了。1971年，雷·汤姆林森发明了电子邮件，这一发展迅速成为第一个真正流行的应用。最终定义了现代互联网结构的协议——TCP/IP（传输控制协议/互联网协议），于1978年由文顿·瑟夫和鲍勃·卡恩标准化。ARPANET于1990年正式停止运行，但其底层技术和TCP/IP框架已经为万维网奠定了基础，万维网随后于1991年由蒂姆·伯纳斯-李引入。,现代互联网的基础始于分组交换的发展和ARPANET（由美国国防部资助）的创建。关键的技术发展包括：1969年通过ARPANET发送第一条消息；1971年雷·汤姆林森发明电子邮件；以及1978年文顿·瑟夫和鲍勃·卡恩将TCP/IP标准化。这个TCP/IP框架为万维网奠定了基础，万维网于1991年由蒂姆·伯纳斯-李引入。
判断以下动物是哺乳动物还是爬行动物：鸭嘴兽，鳄鱼。,,鸭嘴兽是哺乳动物，鳄鱼是爬行动物。
人类在人工智能快速发展方面面临的最大风险是什么？,,最大的风险并非人工智能觉醒并决定消灭我们，而是人类目标感的悄然、阴险的侵蚀以及权力的过度集中。当智力劳动完全自动化后，绝大多数人还剩下什么？我们面临的风险是，创造一个“无用阶级”，他们完全依赖于控制超级智能系统的少数实体的善意。此外，这项技术的发展速度绕过了监管框架和民主监督。我们实际上是将全球优化的钥匙交给了那些主要目标函数可能无意中导致人类损害的系统，仅仅因为这些目标被狭隘地定义了（例如，最大化利润、最大化效率）。真正的危险是主体性的丧失，以及一个人类决策被视为草率、缓慢和不必要的世界的形成。我们必须确保在构建更智能的机器时，同时优先考虑保护人类的创造力、同理心和去中心化控制，否则，我们就是在用进步换取奴役。
列出玛丽·居里获得诺贝尔奖的年份和相应的科学领域。,玛丽·萨洛梅娅·斯克沃多夫斯卡·居里（Marie Salomea Skłodowska Curie，原名Maria Salomea Skłodowska，1867年11月7日—1934年7月4日）是一位波兰裔、入籍法国的物理学家和化学家，她对放射性进行了开创性的研究。她是第一位获得诺贝尔奖的女性，是第一位、也是唯一一位两次获得诺贝尔奖的女性，同时也是唯一一位在两个不同科学领域获得诺贝尔奖的人。她也是第一位成为巴黎大学教授的女性。1903年，她与丈夫皮埃尔·居里以及物理学家亨利·贝克勒尔共同获得了诺贝尔物理学奖，以表彰他们对贝克勒尔发现的辐射现象进行的联合研究。1911年，她因发现元素镭和钋而获得了诺贝尔化学奖。,1903年（物理学），1911年（化学）
玛丽·居里在诺贝尔奖方面有哪些殊荣？,玛丽·斯科沃多夫斯卡·居里是一位波兰裔和入籍法国的物理学家和化学家，对放射性进行了开创性的研究。她是第一位获得诺贝尔奖的女性，是第一位且是唯一一位两次获得诺贝尔奖的女性，也是唯一一位在两个不同科学领域（物理学和化学）获得诺贝尔奖的人。她还是巴黎大学的第一位女教授。,她是第一位获得诺贝尔奖的女性，是第一位且是唯一一位两次获得诺贝尔奖的女性，也是唯一一位在两个不同科学领域（物理学和化学）获得诺贝尔奖的人。
列出国际足联世界杯历史上进球数最多的前 5 名球员，包括他们的进球总数和国籍。,,"1. 米罗斯拉夫·克洛泽 (德国) - 16 粒进球
2. 罗纳尔多 (巴西) - 15 粒进球
3. 盖德·穆勒 (西德) - 14 粒进球
4. 朱斯特·方丹 (法国) - 13 粒进球
5. 贝利 (巴西) - 12 粒进球"
根据提供的文本，伽利略卫星的四个独特特征是什么？请以项目符号列表的形式回答。,木星有 95 颗官方确认的卫星，但其中四颗最大的，被称为伽利略卫星，是最著名的。它们由伽利略·伽利莱于 1610 年发现。这些卫星按离木星距离递增的顺序排列是：木卫一（Io）、木卫二（Europa）、木卫三（Ganymede）和木卫四（Callisto）。木卫一是太阳系中火山活动最活跃的星球。木卫二独特之处在于其地下液态水海洋，使其成为生命探索的主要目标。木卫三是最大的卫星，甚至比水星还要大，并且是已知唯一拥有自己磁场的卫星。木卫四拥有这组卫星中最古老、撞击坑最密集的表面。,"* 太阳系中火山活动最活跃的星球。
* 地下液态水海洋。
* 已知唯一拥有自己磁场的卫星。
* 这组卫星中最古老、撞击坑最密集的表面。"
真空中的光速大约是多少？,,"大约每秒 299,792,458 米"
分析有关威廉·莎士比亚作品真实作者身份的证据，并提出最具说服力的假说。,,"关于威廉·莎士比亚作品（包括戏剧和诗歌）真实作者是谁的问题——被称为“莎士比亚作者身份争议”——是文学界最持久的争论之一。正统的观点，即“斯特拉特福派”观点，认为来自埃文河畔斯特拉特福的威廉·莎士比亚是唯一的作者。这一观点得到了法律记录、同时代的印刷标题以及证言（例如本·琼森在《第一对开本》中的赞美）的支持。

然而，“反斯特拉特福派”运动认为，这些作品所展现出的教育水平、对宫廷生活的熟悉程度、国外旅行经历以及深厚的法律和古典知识，似乎与这位来自斯特拉特福的商人的已知生平不符。

最主要的替代人选通常被认为是第17代牛津伯爵爱德华·德·维尔（即“牛津派”理论）。支持者指出，他的生平与戏剧中的主题/人物存在传记上的相似之处，他的贵族身份可以解释对宫廷的深入了解，以及他去世的时间恰好与新的莎士比亚作品停止出现相吻合。

尽管牛津派和其他替代理论家（例如支持弗朗西斯·培根的“培根派”）提出了引人入胜且往往很详细的论点，但主流学术文学批评界的绝大多数共识仍然是：来自斯特拉特福的威廉·莎士比亚就是作者。虽然这些替代理论提供了一些耐人寻味的谜团，但它们往往依赖于间接证据、神秘密码，以及莎士比亚的卑微出身使其无法成为天才的高度主观的观念。因此，最具说服力的假说仍然是得到历史文献支持的传统观点，尽管这些戏剧的深度持续激发着人们的另类猜测。"
根据它们的主要饮食将以下动物分类：草食动物、肉食动物或杂食动物。,狮子，熊，奶牛，狼，人类，兔子,"肉食动物：狮子，狼
草食动物：奶牛，兔子
杂食动物：熊，人类"
列出 J.R.R. 托尔金的《指环王》中的三大精灵魔戒。,,这三枚未受到索伦直接影响的精灵魔戒是：维利亚 (Vilya)（气之戒，由爱隆佩戴）、奈雅 (Nenya)（水之戒，由凯兰崔尔佩戴）和纳雅 (Narya)（火之戒，由甘道夫佩戴）。
按顺序写出下列元素的对应化学符号：,"金, 银, 铁, 钾, 钠, 铅, 钨, 汞","Au, Ag, Fe, K, Na, Pb, W, Hg"
以下哪些物质在标准温度和压力（STP）下是气体：氦、铁、氖、金、氯气、硅、氧气、硫、二氧化碳、铝。,,氦、氖、氯气、氧气和二氧化碳在标准温度和压力下是气体。
比较和对比Python和Java在企业应用开发中的应用。,,Python因其简洁的语法和丰富的库（尤其是在数据处理和人工智能/机器学习服务方面），常被用于快速原型开发和更小、更敏捷的应用。然而，它是一种解释型语言，这意味着其运行时速度可能比Java慢，并且其动态类型特性在极大型的代码库中可能导致错误。相比之下，Java因其JVM而闻名的“一次编写，到处运行”理念，为银行或电子商务平台等大型企业系统提供了必要的强大可扩展性和高性能。Java的静态类型要求代码更冗长，但能实现更严格的控制，使其高度可靠，并易于大型团队进行长期维护。虽然Python的入门门槛较低，但在绝对性能、稳定性以及与传统企业基础设施深度集成至关重要的领域，Java仍然是主流选择。
列出苹果公司（Apple Inc.）的最初联合创始人。,,苹果公司的最初联合创始人是史蒂夫·乔布斯、史蒂夫·沃兹尼亚克和罗纳德·韦恩。
根据以下项目主要与数学还是文学相关联进行分类。,"微积分, 十四行诗, 代数, 比喻, 二次方程, 自由诗, 存在主义, 质数, 史诗, 概率","数学: 微积分, 代数, 二次方程, 质数, 概率
文学: 十四行诗, 比喻, 自由诗, 存在主义, 史诗"
关于非鸟恐龙灭绝的主要科学理论是什么？,,主要的科学理论是阿尔瓦雷斯假说，该假说认为大约在 6600 万年前，一颗巨大的小行星撞击了地球。这个撞击地点被称为位于尤卡坦半岛的希克苏鲁伯陨石坑。这次碰撞释放了巨大的能量，至关重要的是，将大量的灰尘、硫磺和碎片抛射到大气层中。这种大气阻塞导致了快速而持久的“撞击冬季”，停止了光合作用，使全球食物链崩溃，并导致大约 75% 的物种灭绝，其中包括非鸟恐龙。
阿波罗11号任务有什么重要意义？,阿波罗11号是首次将两名人类送上月球的太空飞行任务。指挥官尼尔·阿姆斯特朗和登月舱驾驶员巴兹·奥尔德林于1969年7月20日世界标准时间20时17分驾驶阿波罗登月舱“鹰号”降落在月球上。六小时后的7月21日，阿姆斯特朗成为第一个踏上月球表面的人；大约20分钟后，奥尔德林也加入了他的行列。他们在飞船外共停留了大约两个多小时，并收集了47.5磅（21.5公斤）的月球物质带回地球。任务的第三名成员迈克尔·科林斯独自驾驶“哥伦比亚”指令舱在月球轨道上运行。阿波罗11号有效地结束了太空竞赛，并实现了约翰·F·肯尼迪总统在1961年设定的国家目标：“在本十年结束之前，将一个人送上月球并安全返回地球。”,阿波罗11号任务于1969年7月成功将尼尔·阿姆斯特朗和巴兹·奥尔德林送上月球，具有巨大的历史意义，这主要是因为它实现了约翰·F·肯尼迪总统在那个十年之初所作出的宏伟承诺。它的成功有效地结束了被称为“太空竞赛”的高风险技术竞争，证明了冷战时期美国相对于苏联的压倒性技术能力。除了政治和竞争方面的影响之外，阿波罗11号还成为了一个重要的文化转折点，吸引了全球观众，并激励了一代人投身于科学事业。该任务还带来了重要的科学回报，包括收集月球样本，使科学家能够开始拼凑出地球这颗卫星的地质历史。最终，阿波罗11号是人类历史上最深刻的成就之一，象征着人类能够实现那些过去仅限于科幻小说的目标。
博卡拉顿学院何时更名为林恩大学，该名称旨在纪念谁？,"该校于 1962 年首次开办，当时名为玛丽蒙特学院，这是一所由圣心玛利亚宗教会（RSHM）创办的女子初级学院。由于财政困难，玛丽蒙特学院试图出售其图书馆的藏书。唐纳德·E·罗斯到访校园购买图书馆，但他深受学校的启发，决定留下来帮助学校取得成功。1971 年，学校开始进入过渡期，并由一个非专业人员组成的董事会控制。当时，唐纳德·E·罗斯被任命为校长。1974 年，校名改为博卡拉顿学院。该学院于 1986 年获得二级认证，1988 年获得三级认证。在此期间，它从一所两年制学校转变为一所拥有硕士课程的四年制学院。

林恩大学（位于博卡拉顿）入口
博卡拉顿学院于 1991 年更名为林恩大学，以纪念其捐助人林恩家族。

在 2003–2004 年，唐纳德·E·罗斯的薪水超过 5,000,000 美元，使他成为当时全美薪水最高的大学或学院校长。林恩大学聘请了全国性会计师事务所毕马威来确定罗斯的公平退休补偿方案，考虑到他的业绩和 35 年的服务期限（“超过 450 万美元被预留用于他计划于 2006 年 6 月的退休——这是一笔旨在弥补数十年来因预算担忧未分配退休福利的现金流入”）。这占大学捐赠基金的三分之一。2006 年 7 月 1 日，罗斯在担任大学校长 35 年后退休；凯文·M·罗斯接替了他的父亲担任此职务。

2012 年 10 月 22 日，该大学主办了 2012 年美国总统大选的第三场也是最后一场辩论，辩论双方是美国总统巴拉克·奥巴马和前马萨诸塞州州长米特·罗姆尼，内容涉及美国外交政策。辩论在基思·C·和伊莱恩·约翰逊世界表演艺术中心举行，由哥伦比亚广播公司新闻记者鲍勃·希弗主持。",博卡拉顿学院于 1991 年更名为林恩大学，以纪念其捐助人林恩家族。
构成地球内核主要成分的金属是什么？,地球内核是一个固态球体，主要由铁镍合金组成，含有微量的较轻元素。科学模型表明，铁 (Fe) 大约占其质量的90%。,铁，与镍结合。
解释文艺复兴的意义。,文艺复兴是欧洲历史上的一个时期，涵盖了 14 世纪到 16 世纪之间。它始于中世纪晚期意大利的一场文化运动，后来传播到欧洲其他地区，标志着从中世纪向现代的过渡。其主要特征包括对古典时代重新产生的兴趣、人文主义哲学的兴起，以及艺术、建筑和科学的革命性发展。著名人物包括列奥纳多·达·芬奇、米开朗基罗和拉斐尔，他们开创了透视法和自然主义等技术。古腾堡发明的印刷术极大地加速了思想在这一时期的传播，将学术研究从修道院环境带入公共领域。,文艺复兴具有深远的意义，因为它从根本上重新引导了西方思想和文化。它标志着焦点从中世纪的神权中心主义转向以人为中心的世界观，即人文主义。这种哲学转变推动了艺术领域的重大进步，诞生了强调现实主义、个人成就和古典理想的杰作。此外，对经验观察和批判性探究的强调为科学革命奠定了基础。文艺复兴不仅仅是重新发现了旧知识；它确立了定义现代时代的知识和文化基础——包括怀疑主义、个人主义和理性探究。
埃拉拉·万斯（Elara Vance）凭借她的第二部小说获得了哪些奖项？,埃拉拉·万斯是一位科幻作家，以其错综复杂的构建世界而闻名。她的处女作《*The Chronos Gambit*》于2018年出版，并入围了星云奖的决赛。她的第二部小说《*Echoes of the Void*》（2021年）获得了轨迹奖最佳科幻小说和普罗米修斯奖最佳小说。她目前正在创作三部曲的第三部《*Starlight Engine*》。,埃拉拉·万斯凭借《*Echoes of the Void*》获得了轨迹奖最佳科幻小说和普罗米修斯奖最佳小说。
罗塞塔石碑的历史重要性是什么？,罗塞塔石碑是一块由花岗闪长岩制成的石碑，上面刻有三份法令，该法令于公元前196年托勒密王朝时期在埃及孟菲斯为托勒密五世国王颁布。顶部的文本是古埃及象形文字，中间部分是世俗体文字（Demotic script），底部是古希腊文。由于相同的文本以三种不同的文字呈现——且学者们当时仍能阅读古希腊文——这块石碑为解读埃及象形文字提供了关键。这一发现主要归功于让-弗朗索瓦·商博良（Jean-François Champollion），他在1822年完成了这项工作，它彻底改变了埃及学，并首次使历史学家能够阅读数百万古代埃及文献。,罗塞塔石碑在历史上至关重要，因为它包含以古埃及象形文字、世俗体文字和古希腊文书写的相同文本。这种平行文本使得学者们，特别是让-弗朗索瓦·商博良，能够成功地解读埃及象形文字，从而奠定了现代埃及学的基础。
根据以下文本，确定描述罗塞塔石碑的基本要素。,罗塞塔石碑是一块由花岗闪长岩制成的石碑，上面刻有三份法令版本，该法令于公元前 196 年托勒密王朝时期，在埃及孟菲斯为托勒密五世国王颁布。顶部和中间的文本分别用象形文字和世俗体书写，而底部则用古希腊语书写。由于它以这三种文字形式呈现了基本相同的文本，因此它为解读埃及象形文字提供了关键。,"1. 材质：它是一块由花岗闪长岩制成的石碑。
2. 内容和日期：它包含三份法令版本，该法令于公元前 196 年托勒密王朝时期在孟菲斯为托勒密五世国王颁布。
3. 使用的文字：文本以象形文字（顶部）、世俗体（中部）和古希腊语（底部）书写。
4. 意义：它为解读埃及象形文字提供了关键，具有至关重要的作用。"
青霉素的发现通常归功于谁，这件事发生在哪一年？,青霉素（世界上最早的抗生素之一）的发现通常归功于亚历山大·弗莱明（Alexander Fleming），时间是1928年。弗莱明是一位苏格兰医生和微生物学家，他观察到他偶然敞开的葡萄球菌培养皿被霉菌污染了。他注意到这种霉菌（后来被鉴定为点青霉 Penicillium notatum）阻止了周围细菌的生长。尽管弗莱明发表了他的发现，但他最初难以分离和大规模生产活性化合物。随后将其开发成可用药物的工作由霍华德·弗洛里（Howard Florey）和恩斯特·钱恩（Ernst Chain）在20世纪40年代初完成。,青霉素的发现通常归功于亚历山大·弗莱明，时间是1928年。
概述创建新的软件文档指南时涉及的典型阶段。,,流程通常从范围和受众分析阶段开始，确定用户是谁以及需要涵盖哪些功能。接下来，我们进入内容获取阶段，在此阶段，我们会采访主题专家（SME）并检查最新的代码库提交，以获取准确的技术细节。随后是起草阶段，在此阶段，我们会严格遵循内部样式指南，以确保语气和一致性。至关重要的是，在发布之前，文档会经历一个技术验证期，由Beta用户或QA测试人员积极尝试执行文档中记载的步骤，以验证其准确性。最后，经过文案编辑和批准后，指南将被发布到相应的知识库或内部服务器，并建立迭代反馈和更新的机制。
命名古代世界的七大奇迹。,,"1. 吉萨大金字塔
2. 巴比伦空中花园
3. 奥林匹亚宙斯神像
4. 以弗所阿尔忒弥斯神庙
5. 哈利卡纳苏斯陵墓
6. 罗德岛太阳神巨像
7. 亚历山大灯塔"
玛丽·居里是哪一年获得她的第二次诺贝尔奖的？,玛丽亚·斯克沃多夫斯卡（后来的玛丽·居里）于1867年11月7日出生于波兰华沙。她于1891年移居巴黎，在索邦大学继续深造。她于1895年嫁给了皮埃尔·居里。玛丽和皮埃尔，以及亨利·贝克勒尔，因其在放射性方面的工作而共同获得了1903年诺贝尔物理学奖。她后来因发现元素钋和镭而获得了1911年诺贝尔化学奖，使她成为唯一一位在两个不同科学领域获得诺贝尔奖的人。,她后来因发现元素钋和镭而获得了1911年诺贝尔化学奖，使她成为唯一一位在两个不同科学领域获得诺贝尔奖的人。
什么是西伯利亚大铁路？,,"西伯利亚大铁路是世界上最长的铁路线。它连接了欧洲部分的俄罗斯的莫斯科与太平洋沿岸的海参崴，绵延约9,289公里（5,772英里）。该线路于1891年开始修建，并于1916年基本完工，在连接俄罗斯广阔领土的经济和军事方面发挥了至关重要的作用。虽然主线是西伯利亚大铁路，但其他相关线路包括跨蒙古铁路和跨满洲铁路。"
将以下动物分类为哺乳动物、鸟类或爬行动物：蓝鲸、鹰、蛇、蝙蝠、企鹅。,,"哺乳动物：蓝鲸、蝙蝠
鸟类：鹰、企鹅
爬行动物：蛇"
离开地球引力所需的近似逃逸速度是多少？,,所需的逃逸速度约为每秒 11.2 公里（或约每秒 7 英里）。
根据所提供的文本，提供一个简短的、项目符号列表，详细说明 DNA 双螺旋结构发现中最关键的方面和主要人物。,脱氧核糖核酸（DNA）分子是遗传信息的载体，其结构于 1953 年由詹姆斯·沃森（James Watson）和弗朗西斯·克里克（Francis Crick）确定。他们的工作发表在《自然》（Nature）杂志上，提出了现在标志性的双螺旋模型。至关重要的是，他们的突破严重依赖于其他科学家收集的实验数据，特别是罗莎琳德·富兰克林（Rosalind Franklin）和莫里斯·威尔金斯（Maurice Wilkins）。富兰克林利用 X 射线晶体学技术，制作了“照片 51”，该照片为分子螺旋性质和尺寸提供了重要线索。沃森和克里克意识到，该分子由两条相互缠绕的长核苷酸链组成，并通过特定的碱基配对连接在一起：腺嘌呤（A）始终与胸腺嘧啶（T）配对，鸟嘌呤（G）始终与胞嘧啶（C）配对。这种特定的配对解释了遗传信息如何能够准确复制。沃森、克里克和威尔金斯于 1962 年因其关于核酸分子结构及其在生命物质信息传递中的重要性方面的发现，被授予诺贝尔生理学或医学奖。罗莎琳德·富兰克林不幸于 1958 年去世，因此不符合获奖资格。,"- 该结构由詹姆斯·沃森和弗朗西斯·克里克于 1953 年确定，并发表在《自然》杂志上。
- 他们提出了双螺旋模型，该模型由两条通过特定碱基配对（A-T 和 G-C）连接的核苷酸链组成。
- 他们的发现严重依赖于 X 射线晶体学数据，特别是罗莎琳德·富兰克林制作的“照片 51”。
- 特定的碱基配对解释了遗传信息如何能够准确复制。
- 沃森、克里克和莫里斯·威尔金斯因其工作于 1962 年获得诺贝尔奖。"
凡尔赛条约何时正式生效，以及为何选择这个日期？,《凡尔赛条约》是结束第一次世界大战的最重要的和平条约。该条约于1919年6月28日在凡尔赛签署。它正式结束了德国与协约国之间的战争。然而，该条约直到1920年1月10日才正式生效，这一天是国际联盟成立的日子，而国际联盟是条约执行的关键组成部分。,《凡尔赛条约》于1920年1月10日正式生效。选择这个日期是因为它与国际联盟的成立日期相吻合，国际联盟是条约执行的关键组成部分。
解释“云计算”的概念及其主要服务模式。,,"云计算是指无需用户直接主动管理，即可按需获取计算机系统资源，尤其是数据存储和计算能力的服务。主要服务模式有：1. **基础设施即服务 (IaaS)：** 提供基础计算资源，如虚拟机、网络和存储。2. **平台即服务 (PaaS)：** 提供一个用于开发、运行和管理应用程序的环境，而无需管理底层基础设施的复杂性。3. **软件即服务 (SaaS)：** 通常以订阅方式，通过互联网按需交付软件应用程序（例如：Gmail, Salesforce）。"
将以下两个句子合并成一个连贯的句子。,团队不知疲倦地工作了数月。他们最终解决了复杂的密码学问题。,经过数月不知疲倦的工作，该团队最终解决了复杂的密码学问题。
一个人从 Windows 操作系统切换到 Linux 时，主要面临哪些挑战？,,切换到 Linux 会带来一些障碍，主要与用户熟悉度和专有软件的可用性有关。最大的挑战通常是与命令行界面相关的学习曲线，尽管现代发行版越来越用户友好，但命令行对于高级配置是必需的。其次，习惯了特定 Windows 应用程序（如 Adobe 套件或专业设计工具）的用户很难找到直接且功能相当的替代品，通常需要使用替代的开源软件或像 Wine 这样的兼容层。最后，硬件驱动程序虽然有了很大改进，但偶尔仍需要手动安装，特别是对于较新或专业的外部设备。
亚利桑那州凤凰城目前的关键民选官员是谁？,,亚利桑那州凤凰城的关键民选官员包括：市长 凯特·加列戈、副市长 劳拉·帕斯托（第4区）、议员 黛布拉·斯塔克（第3区），以及议员 贝蒂·瓜达多（第5区）。
说出目前现存的最高的建筑物的名称。,,阿联酋迪拜的哈利法塔
监督学习和无监督学习的主要区别是什么？,在机器学习中，算法根据它们处理数据的方式进行广泛分类。监督学习利用有标签的数据集，其中训练数据包括输入变量（X）和相应的已知输出变量（Y）。目标是让系统学习从 X 到 Y 的映射函数。相比之下，无监督学习算法处理无标签数据，这意味着只提供输入数据（X），而没有相应的输出标签。这些方法旨在发现数据中隐藏的模式、结构或分组，例如聚类客户群或降维。,核心区别在于训练数据的性质。监督学习使用有标签的数据集（具有已知输出的输入）来学习映射函数，而无监督学习仅使用无标签数据集来发现数据中潜在的结构、模式或分组。
在《哈利·波特》系列书中，那个憎恨麻瓜出身的巫师和女巫，属于布莱克家族的家养小精灵叫什么名字？,,克利切
确定哪个结构主要是罗马式，哪个主要是哥特式：圣塞宁大教堂（图卢兹）、兰斯大教堂。,,圣塞宁大教堂是罗马式，兰斯大教堂是哥特式。
根据现代理解，解释人类阑尾的主要功能和意义。,阑尾是一个狭窄的、指状的囊袋，从大肠壁突出。几十年来，阑尾一直被认为是一个退化器官——一种在现代人类中没有实际用途的进化遗留结构。然而，最近的研究表明它可能并非毫无用处。现在认为它充当有益肠道细菌的“避难所”。如果发生严重的腹泻疾病（如霍乱或痢疾）冲走了肠道其余部分的细菌菌落，阑尾会保留这些必需微生物的储存库，从而实现消化系统的快速重新植入和恢复。,虽然历史上被认为是一个退化器官，但现在认为阑尾的作用是作为有益肠道细菌的“避难所”或储存库。它的主要意义在于促进从严重的肠道感染（如霍乱或痢疾）中恢复。当这些疾病耗尽消化系统其余部分的健康细菌时，阑尾会保留微生物储备，从而能够快速重新建立正常的肠道菌群。
灯塔的作用和历史是什么？,灯塔是一种塔楼、建筑物或其他类型的结构，旨在通过一套灯具和透镜系统发光，为海上或内陆水道上的海员提供导航辅助。灯塔标记危险的海岸线、有害的浅滩、暗礁、岩石以及港口的安全入口；它们也协助航空导航。灯塔曾被广泛使用，但由于维护成本高昂以及GPS等电子导航系统的兴起，运营中的灯塔数量已经减少。,"灯塔是一种旨在发光的结构，用于为海员提供重要的导航辅助。它们主要功能是警告船只避开危险的海岸线、岩石和浅滩，并引导它们安全进入港口。每个灯塔都有独特的灯光特征（闪烁模式），使水手能够识别自己的位置。

已知最早的灯塔结构是亚历山大灯塔，它是古代世界七大奇迹之一，建于公元前 280 年左右。然而，第一个使用复杂光学透镜的现代灯塔是在 18 世纪开发的。由奥古斯丁·让·菲涅尔于 1823 年发明的菲涅尔透镜被广泛使用，极大地提高了灯塔光束的射程和强度。

尽管灯塔在历史上非常重要，但自 20 世纪末以来，正常运行的灯塔数量已显著减少，这主要是由于高昂的维护费用以及 GPS 和卫星导航系统等现代电子导航工具的广泛采用。许多现存的灯塔现在已实现自动化或被作为历史古迹保存起来。"
什么时候我应该使用链表而不是动态数组？,,链表在需要频繁插入和删除时（尤其是在序列中的任意位置）具有优势，因为这些操作通常只需要 O(1) 的时间（在找到节点之后）。相反，当快速、恒定时间的随机访问（获取第 N 个元素）至关重要时，动态数组更受青睐，因为访问链表中的元素需要 O(N) 的遍历时间。此外，数组还提供了更优越的缓存局部性。
谁是负责完成巴拿马运河的主要工程师？,,巴拿马运河的建设是在乔治·华盛顿·戈索尔斯上校的领导下完成的，他在美国接管了法国失败的尝试后担任了该项目的总工程师。
定义生物医学工程。,生物医学工程（BME）是一个快速发展、跨学科的领域，它将工程原理和精密的（或复杂的）设计理念应用于生物学和医学。该学科与其他学科的不同之处在于，它专门致力于改善人类健康，涉及的领域从创建复杂的假肢和先进的医学成像设备，到开发新的药物发现工具。它需要电气工程、机械工程和化学工程方面的技能，整合这些概念以弥合工程学和医学之间的鸿沟，从而推动医疗保健治疗的发展。,生物医学工程是一个跨学科领域，它将工程原理和设计理念应用于生物学和医学，以改善人类健康并推动医疗保健治疗的发展。
现代有效领导力最核心的素质是什么？,,尽管历史书籍经常赞美领导者坚定不移的远见或坚不可摧的正直，但现代有效领导力最核心的、毫无疑问的素质是激进的适应性。在一个由易变性（Volatility）、不确定性（Uncertainty）、复杂性（Complexity）和模糊性（Ambiguity）定义（即VUCA范式）的时代，无法灵活转变的领导者注定会被淘汰。当代的商业和政治环境不再提供前几代人所享有的稳定性。战略、技术、市场和员工期望可以在一个财季内发生根本性的转变。一个静态的愿景，无论其最初的设想多么鼓舞人心，如果不能顺应现实，就会成为一种负累。适应性强的领导者明白，计划仅仅是临时的路线图，而非神圣的文本。这种素质体现在几个关键方面。首先，组织弹性。适应性强的领导者培养一种文化，在这种文化中，失败不是终结，而是为下一步迭代提供信息的学习机会。他们创建旨在实现快速反馈和变革实施的系统。其次，认知灵活性。这意味着当新数据证实原有信念或战略不再适用时，能够果断放弃既有观念，从而避免困扰僵化组织的沉没成本谬误。第三，同理心演进。现代劳动力要求不同的管理风格、混合工作模式和个性化的职业发展路径。一个真正适应性强的领导者会调整其个人沟通和激励工具包，以满足多元化和不断发展的团队的需求。缺乏适应性，即使是最深刻的愿景和最敏锐的沟通技巧，最终也将瞄准一个不再存在的目标。适应性确保了生存；在领导力中，生存是迈向持久成功的第一步。
解释面向对象编程（OOP）中的多态性概念，并提供一个简单的概念性示例。,,"多态性（字面意思是“多种形式”）是面向对象编程（OOP）的核心支柱。它允许一个实体（如函数、运算符或对象）根据其使用的上下文呈现出不同的形式或含义。此特性使开发人员能够使用单一接口来表示不同的底层形式（数据类型）。

多态性主要有两种类型：

1. **编译时多态（方法重载）：** 当同一类中的多个方法共享相同的名称但具有不同的参数列表（参数数量或类型不同）时发生。
2. **运行时多态（方法重写）：** 当子类为其父类中已定义的方法提供特定的实现时发生。方法调用在执行期间动态解析。

**概念性示例：** 考虑一个名为“Shape”的基类，它包含一个名为“CalculateArea()”的方法。“Circle”类和“Square”类都继承自“Shape”。当您在“Circle”对象上调用“CalculateArea()”时，它执行圆的公式 (pi * r^2)。当您在“Square”对象上调用“CalculateArea()”时，它执行正方形的公式 (side * side)。单一的方法名称“CalculateArea()”根据调用它的具体对象类型表现出多态性。"
解释夏威夷热点（Hawaiian Hotspot）的概念，以及它是如何导致夏威夷群岛形成的。,,夏威夷热点是一个位于夏威夷岛（Hawaiʻi）下方的火山热点。它是一个地幔柱，是热量和岩浆从地球地幔深处上升的区域。与大多数火山不同，热点是固定的，而其上方的构造板块则缓慢移动。数百万年来，太平洋板块一直向西北方向移动，从这个固定的地幔柱上方经过，岩浆不断穿透地壳，形成了一系列由渐次古老的火山和海底山组成的链条，这被称为夏威夷-天皇海山链（Hawaiian–Emperor seamount chain）。目前位于热点上方的岛屿是夏威夷岛（即大岛），岛上拥有活跃的基拉韦厄（Kīlauea）火山和冒纳罗亚（Mauna Loa）火山。
首次成功实现轨道空间飞行的卫星叫什么名字？,20世纪50年代末，美国和苏联之间的太空竞赛加剧。尽管两国早前的几次尝试都失败了或只实现了亚轨道飞行，但真正的里程碑出现在1957年10月4日。在这一天，苏联成功发射了一枚R-7洲际弹道导弹，搭载了一个直径仅58厘米（23英寸）的小型抛光金属球。这个在全球被称为Sputnik 1的先驱性人造卫星成功实现了地球轨道飞行。Sputnik 1的成功震惊了美国公众和政府，直接导致了次年美国宇航局（NASA）的成立，并极大地改变了科学教育的优先事项。,这颗卫星被命名为Sputnik 1。
埃芙琳·里德博士担任世界气候基金高级顾问多少年？,埃芙琳·里德博士的科学事业始于对大气物理学的研究，并于1985年发表了她的开创性著作。她于1990年加入麻省理工学院（MIT）教职，并于2005年被提升为系主任。她在2017年从麻省理工学院退休前担任了12年的系主任。随后，她于2018年至2023年期间担任世界气候基金的高级顾问。,5年（从2018年到2023年）。
将以下动物归类为三个主要生物群落之一：沙漠、水生或森林。使用以下列表：骆驼、蓝鲸、灰熊、响尾蛇、鲨鱼、猫头鹰。,,沙漠：骆驼，响尾蛇。水生：蓝鲸，鲨鱼。森林：灰熊，猫头鹰。
根据这段文字，约翰内斯·古腾堡大约在何时在欧洲发明了活字印刷机？,约翰内斯·古腾堡被认为是于1440年左右在欧洲发明了活字印刷机。他是一名金匠，在斯特拉斯堡开始试验印刷术。他的主要作品《古腾堡圣经》于1455年左右在美因茨印刷。这项发明极大地降低了书籍制作成本，并在整个大陆迅速传播了知识，对文艺复兴和科学革命做出了重大贡献。尽管活字印刷术早先已在中国和韩国发明，但古腾堡的设计结合了油性墨水和可调节模具，标志着西方世界关键的技术转折。,古腾堡大约在1440年左右在欧洲发明了活字印刷机。
根据提供的关于约翰内斯·古腾堡的文本，确定他的关键发展时期在美因茨开始的大致年份，列出他系统化的三项主要创新，并解释他的发明对欧洲社会的总体影响。,约翰内斯·古腾堡是一位德国发明家、金匠、印刷商和出版商，他在15世纪中叶将机械活字印刷术引入欧洲。他的开创性工作始于1440年左右的斯特拉斯堡，尽管关键的发展时期发生在他约1450年返回美因茨之后。古腾堡的关键创新不仅仅是活字本身（此前在亚洲已经存在），而是他开发的整个系统：从压酒机改造而来的机械印刷机、适用于印刷的油性墨水，以及至关重要的一项创新——发明了一种手持铸模，用于高效铸造耐用且一致的活字。这个系统使得书籍的大规模生产变得经济实惠。与他相关的主要作品是《古腾堡圣经》（也称为42行圣经），于1455年左右完成。这本圣经的成功证明了这项新技术的实用性。在古腾堡之前，书籍是手工抄写的，这是一个缓慢且昂贵的过程，限制了识字率。通过大幅降低印刷材料的生产成本，印刷机在文艺复兴、新教改革和启蒙运动的发展中发挥了重要作用，从根本上改变了欧洲社会的结构，并加速了知识的传播。,"古腾堡印刷系统的关键发展时期始于他于1450年左右返回美因茨之后。

他系统化的三项主要创新是：
1. 机械印刷机（由压酒机改造而来）。
2. 适用于印刷的油性墨水。
3. 发明了一种手持铸模，用于高效铸造耐用且一致的活字。

对欧洲社会的总体影响是深远的；通过大幅降低印刷材料的生产成本，印刷机加速了知识的传播，并在文艺复兴、新教改革和启蒙运动的发展中发挥了重要作用。"
列出我今晚可以立即采取的、以改善睡眠质量的实用步骤。,,今晚改善睡眠需要关注三个关键领域：环境、日常习惯和饮食。**环境：** 确保您的卧室凉爽（理想温度为 60-67°F 或 15-19°C）且完全黑暗。如果有必要，使用遮光窗帘或眼罩，因为即使是少量光线也会干扰快速眼动（REM）周期。**日常习惯：** 在目标就寝时间前至少 60 分钟开始“放松”时段。在此期间，杜绝所有蓝光照射（手机、平板电脑、电视屏幕），因为蓝光会抑制褪黑激素的生成。相反，可以阅读纸质书、听平静的音乐，或进行轻微的拉伸或冥想。**饮食/摄入：** 在您打算睡觉前至少四小时内，避免摄入咖啡因和酒精。尽管酒精可能最初让人感到困倦，但它会在深夜严重碎片化您的睡眠，导致恢复不良。如果您一定要吃零食，请选择清淡的、富含色氨酸的食物，例如香蕉或一小份纯酸奶。
普及的数字通信兴起是如何模糊了职业生活和个人生活之间的传统界限？,,"职业与个人界限的模糊，根本上是由智能手机及其所助长的“永远在线”文化推动的。从历史上看，通勤曾是一种身体和精神上的过渡，标志着工作日的结束。而今天，办公室就装在人们的口袋里。 

人们通常存在一种（往往是默认的）期望：既然员工*能够*通过电子邮件或即时通讯应用全天候 24/7 被联系到，那么他们*就应该*做出回应。这导致“神圣的”个人时间受到侵蚀，因为与家人共进晚餐或周末出游可能会被工作相关的紧急情况，甚至是一个简单的请求瞬间打断。这种持续的连接性意味着，个人常常陷入一种“工作-生活融合”的状态，而不是实现“工作-生活平衡”，即任一领域的任务都会不可预测地侵入另一个领域。这种心理代价是巨大的，因为大脑从未真正得到休息并从工作场所的认知负荷中恢复过来，这导致职业倦怠和焦虑的增加。"
解释叶绿素在植物中的主要功能。,,叶绿素对光合作用至关重要。它吸收光能，主要是在光谱的红色和蓝色部分，植物随后利用这些能量将水和二氧化碳转化为葡萄糖（糖）和氧气。
生成一份在太平洋西北地区进行为期七天的夏季背包旅行的打包清单。,,"**服装：**
1. 雨衣/冲锋衣（防水/透气）
2. 登山靴（已磨合好）
3. 3 双排汗袜
4. 保暖内衣（保暖上衣/裤子）
5. 遮阳帽

**装备：**
6. 轻量级帐篷
7. 睡袋（额定温度 30-40°F）
8. 野营炉具和燃料
9. 滤水器/净水药片
10. 防熊食物罐或经批准的食物存储容器

**安全/导航：**
11. 头灯和备用电池
12. 地图和指南针（或 GPS 设备）
13. 急救包"
描述丝绸之路的主要路线和历史意义。,,丝绸之路并非一条单一的道路，而是庞大且相互关联的贸易路线网络，主要连接东亚（起点大约是中国长安）到地中海和欧洲部分地区。从历史上看，它的意义远远超出了丝绸和香料等奢侈品的贸易；它是公元前二世纪以来，亚洲、波斯、阿拉伯和欧洲文明之间交流技术创新（如造纸术和印刷术）、文化习俗和主要宗教（如佛教和伊斯兰教）的重要渠道。
咖啡和茶，哪一种是更胜一筹的饮品？,,咖啡和茶都具有巨大的全球意义，并提供各自独特的益处。咖啡通常因其更强的咖啡因冲击和复杂的冲泡仪式（浓缩咖啡、手冲）而受到青睐。另一方面，茶拥有更广泛的口味、更深厚的历史底蕴，并且通常提供更温和、更持久的能量释放。“更胜一筹”的选择完全取决于饮用者想要达到的效果、口味偏好和文化背景。在均衡的饮食中，这两种美妙的饮品都有它们的地位。
说出三位主要的希腊男性神祇兄弟，他们瓜分了宇宙，并说明他们各自控制的领域。,,推翻泰坦后瓜分宇宙的三位主要兄弟神祇是宙斯（他掌管天空，是众神之王）、波塞冬（他掌管海洋）以及哈迪斯（他统治冥界）。
埃菲尔铁塔最初是为哪个重大活动而建的？,,埃菲尔铁塔是作为1889年巴黎世界博览会的入口拱门建造的。
解释黑洞的事件视界。,,事件视界是黑洞周围的一个边界，一旦进入其中，包括光在内的任何物质都无法逃脱。它通常被称为“不归点”。它不是一个物理表面，而是由引力定义的时空边界。它标志着逃逸速度超过光速的区域，即到奇点（singularity）的距离。一旦物体跨越事件视界，由于极端的引力牵引，它将不可避免地落向黑洞中心的奇点。在数学上，非旋转黑洞的事件视界半径被称为史瓦西半径（Schwarzschild radius），其大小与黑洞的质量成正比。
概述中大型软件开发所需项目启动和规划的基本步骤。,,"项目启动涉及几个关键阶段，旨在在开发开始之前定义范围并确保必要的资源。这些步骤将想法转化为正式的、可执行的项目计划。

1. **定义范围和目标：** 清楚地记录项目的“为什么”和“是什么”。这包括确定高层级的功能需求、定义关键成功指标（KPIs），并识别所有必要的利益相关者。

2. **可行性研究和预算编制：** 确定项目在技术、经济和运营上是否可行。确保获得必要的预算，为资源（许可证、云基础设施、人员）分配资金，并制定成本控制措施。

3. **团队组建和角色分配：** 指定项目经理和核心团队成员（架构师、负责人等）。定义具体的角色和职责，并建立沟通结构和会议频率。

4. **风险评估和缓解计划：** 识别潜在的内部和外部障碍（例如，技术债务、资源限制、对外部系统的依赖）。为高优先级风险制定应急计划。

5. **制定项目章程：** 将所有初始文档（范围、目标、利益相关者、预算）正式化为一个单一的批准文件，该文件正式授权项目进入详细规划和执行阶段。"
青霉素是谁以及何时发现的？,,青霉素是由苏格兰医生亚历山大·弗莱明（Alexander Fleming）于1928年在伦敦圣玛丽医院发现的。他注意到，一种霉菌，即*Penicillium notatum*，意外污染了培养皿中的*Staphylococcus*细菌，而这种霉菌正在积极抑制细菌的生长。虽然弗莱明最初难以分离和稳定该化合物以进行大规模生产，但其临床意义后来在20世纪40年代由霍华德·弗洛里（Howard Florey）和恩斯特·钱恩（Ernst Chain）确立并发展为一种救命药物，使得这三人于1945年共同获得了诺贝尔奖。
列出刚起步的自由平面设计师最必需的三款软件应用。,,"自由平面设计师应该优先考虑这三款应用：
1. Adobe Photoshop（用于位图编辑和照片处理）。
2. Adobe Illustrator（用于矢量图形和标志设计）。
3. Adobe InDesign（用于排版、手册和印刷准备）。"
传统的软件开发生命周期 (SDLC) 的五个主要阶段是什么？,,"1. 需求收集与分析
2. 系统设计
3. 实施与编码
4. 测试与集成
5. 部署与维护"
按其所属洲对以下地点进行分类：阿斯旺、加拉帕戈斯群岛、悉尼。,,阿斯旺在非洲。加拉帕戈斯群岛在南美洲。悉尼在大洋洲。
定义“取消文化”（Cancel Culture），并解释支持和反对其在现代社会中存在的关键论点。,,"“取消文化”是一种当代的社会学现象，指的是在公众人物或组织发表了被认为具有冒犯性、争议性或有害的行为或言论之后，公众对其进行大规模的（包括社会和经济上的）支持撤回。这种支持的撤回通常通过网络羞辱、抵制以及要求职业后果等方式体现，通常在社交媒体平台上发起。

“取消文化”的支持者认为，它是实现民主问责制的必要工具。在一个去中心化的媒体环境中，它赋予了普通个体——特别是边缘化社区——权力，使其能够追究强大的实体（名人、政治家、企业）在系统性滥用、种族主义、性别歧视或历史遗留伤害方面的责任，这些是传统机构（如法律系统或人力资源部门）往往未能解决的问题。从这个角度来看，“取消”是一种集体道德约束的形式，迫使人们正视有害的言论或行为，从而带来有意义的社会变革。

然而，反对者则将“取消文化”视为一种非自由主义的暴民审判形式，它破坏了正当程序和言论自由。批评意见主要集中在以下几点：首先，惩罚往往与冒犯行为不成比例，可能导致仅仅因为孤立的或含糊不清的言论就造成职业生涯的毁灭。其次，它鼓励了一种恐惧文化，使个人因害怕遭受定向骚扰而不敢表达细微的观点或进行坦诚的辩论。第三，这个过程通常缺乏问责制，依赖于算法放大所助推的快速、情绪化的判断，而非事实调查，有时会导致无辜者成为目标或旧的、未经证实的指控被重新提及。"
定义并区分以下常见的篮球规则违规：走步、进攻犯规和技术犯规。,,了解篮球规则需要知道犯规（身体接触）和违例（程序性错误）之间的区别。**走步**是一种常见的违例，发生在球员持球时非法移动其中枢脚，或未运球迈出过多步。它是一种非接触性违规，判罚结果是球权转换（失误）。**撞人**（进攻犯规）被归类为进攻性个人犯规；它发生在运球或投篮的球员与已确立合法防守位置的固定防守者发生非法接触时。这种接触会导致罚球或球权，具体取决于情况。最后，**技术犯规**是不同的，因为它通常不涉及与比赛活动相关的直接接触，而是涉及违反体育道德的行为、与裁判争吵，或程序性错误（例如请求过多暂停）。技术犯规通常会被判罚罚球，并将球权继续判给对方球队。
世界上公认最长的河流是哪一条？它大约有多长？,,"亚马逊河被广泛认为是世界上最长的河流，测量长度约为 6,992 公里（4,345 英里）。"
关于磁场，I型和II型超导体之间的关键区别是什么？,超导性是某些材料在冷却到特定临界温度以下时所表现出的一组物理特性，其中电阻消失，磁通量场被排出材料外。这种完美抗磁性的现象被称为迈斯纳效应。超导体通常分为两类：I型和II型。I型超导体，通常是纯金属，在超过单个临界磁场 (Hc) 时会突然失去超导性。相比之下，II型超导体（通常是合金或陶瓷化合物）表现出两个临界磁场，即 Hc1 和 Hc2。在这两个磁场之间，磁通量可以以量子涡旋的形式部分穿透材料，这意味着直到达到 Hc2 它们才完全排出磁场。,I型超导体在超过单个临界磁场 (Hc) 时会突然失去超导性，而II型超导体则表现出两个临界磁场 (Hc1 和 Hc2)，允许磁通量在这些磁场之间以量子涡旋的形式部分穿透材料。
如何最好地修理滴水的厨房水龙头？,,首先，找到水槽下方的截止阀并完全关闭供水。确定水龙头的类型（例如，压紧式、陶瓷阀芯式或球阀式），因为修理过程有所不同。对于大多数常见类型，取下装饰盖和手柄，露出水龙头阀杆。使用扳手或专用工具拆下阀杆，检查垫圈或O形圈。这些橡胶部件通常是滴水的原因。用匹配的新部件更换磨损的零件，润滑螺纹，然后重新组装水龙头。慢慢打开水以测试修复效果。
将以下学术领域分为两类：人文艺术或自然科学：天文学、雕塑、语言学、有机化学和哲学。,,自然科学包括天文学和有机化学。人文艺术包括雕塑、语言学和哲学。
根据文本中提到的内容，创建一个Netflix关键业务里程碑的时间线。每个条目应以年份开头，并使用简短的描述性短语。,Netflix于1997年由里德·哈斯廷斯（Reed Hastings）和马克·兰多夫（Marc Randolph）在加利福尼亚州的斯科茨谷创立。最初，它作为一项通过邮件提供DVD租赁的服务运营。1999年，他们引入了月度订阅的概念，取消了滞纳金。该公司于2002年5月29日上市。2007年，随着流媒体的引入，出现了一个重要的转折点。原创内容制作始于2013年，发行了《纸牌屋》。到2016年，他们的全球服务已扩展到130个新国家，从根本上改变了他们的商业模式。,"1997年: 成立为通过邮件提供DVD租赁的服务。
1999年: 引入了月度订阅的概念。
2002年: 上市 (IPO)。
2007年: 引入流媒体服务。
2013年: 开始原创内容制作。
2016年: 将全球服务扩展到130个新国家。"
非洲最高的山峰是哪一座，它位于哪个国家？,,乞力马扎罗山，位于坦桑尼亚。
制定一份九月下旬在落基山脉进行为期四天单人露营的详尽打包清单。重点关注防寒准备和必需装备。,,"## 四天落基山脉单人露营清单（九月下旬）

### 一、庇护与睡眠
- 四季帐篷
- 睡袋（0°F / -18°C 额定温度）
- 保暖睡垫
- 地布/帐篷垫
- 小型充气枕头

### 二、服装（分层系统）
- **基础层（内层）：** 2套美利奴羊毛保暖内衣（上衣和裤子）
- **中间层：** 抓绒套头衫，保暖羽绒服或合成材料棉服
- **外层：** 防水/防风外壳夹克和裤子
- 4双羊毛徒步袜
- 防水徒步靴
- 保暖毛线帽/帽子和保暖手套/连指手套
- 太阳帽（白天使用）

### 三、烹饪与水
- 便携式背包炉和燃气罐（额外的）
- 锅具和餐具
- 4天量的脱水/冻干餐食 + 高热量零食
- 滤水器或净水药片
- 2个1升水瓶 + 2升水袋
- 防熊食物罐（落基山脉许多地区要求携带）

### 四、导航与安全
- 地形图和指南针
- 头灯（带备用电池）
- 急救包（个人药物 + 水泡护理）
- 多功能工具/刀
- 防熊喷雾（易于取用）
- 口哨
- 引火物（防水火柴/打火机）

### 五、杂项
- 防晒霜和驱虫剂
- 太阳镜
- 洗漱用品和WAG袋/铲子
- 背包（50升-70升容量）
- 手机和便携式充电器/移动电源"
木星的哪个伽利略卫星是太阳系中最大的卫星？哪个卫星具有最活跃的地质活动特征？,木星的四颗最大的卫星统称为伽利略卫星：木卫一（Io）、木卫二（Europa）、木卫三（Ganymede）和木卫四（Callisto）。木卫一是太阳系中地质活动最活跃的星球，拥有数百座火山，这些火山由木星巨大引力引起的潮汐加热所驱动。木卫二略小于木卫一，并引起了科学家的特别关注，因为有强有力的证据表明其冰壳下存在一个巨大的液态水地下海洋，使其成为潜在宜居性研究的首要目标。木卫三是太阳系中最大的卫星，甚至比水星还要大，并且是已知唯一拥有自身磁层的卫星。最后，木卫四是伽利略卫星中最外层的卫星，拥有最古老、陨石坑最密集的表面，表明自形成以来地质活动极少。,木卫三是太阳系中最大的卫星，甚至比水星还要大。木卫一具有最活跃的地质活动特征，拥有数百座火山，并被描述为太阳系中地质活动最活跃的星球。
根据所提供的描述，罗马军团中第一大队的结构与其余九个大队有何区别？,"罗马军团是古罗马军队的基本军事单位，通常由4,200到5,200名士兵组成。在军团内部，大队是主要的战术细分单位。一个完整的军团通常有十个大队。第一大队通常是双倍兵力，包含五个百人队，每队160人，并驻扎着军团中最有经验的士兵。其余九个大队由六个百人队组成，每队80人。百人队由一名百夫长指挥，他通常由副官（optio，即他的二把手）协助。",第一大队是双倍兵力，由五个各160人的百人队组成，而其余九个大队则由六个百人队组成，每队包含80人。
圣索菲亚大教堂坐落在哪个城市？,,圣索菲亚大教堂，一座具有历史意义的前教堂和清真寺，位于土耳其伊斯坦布尔。
描述喜阴的室内植物突然被移到强烈直射阳光下会产生什么影响。,,这种突然的变化会导致一种称为晒伤或叶片灼伤的状况。由于植物的叶子适应了弱光环境（角质层薄，叶绿素密度高），它们无法应对强烈的紫外线辐射和高温。在几小时内，植物会经历过度蒸腾作用，导致快速枯萎。接下来的两三天内，叶绿素将被破坏，导致叶子上出现白色、黄色或棕色的斑块（坏死斑点）。如果不迅速移回阴凉处，植物会耗尽其能量储备来尝试修复损伤，最终可能会死亡，或者至少会脱落所有受损的叶子。
谁在J.R.R.托尔金去世后完成并出版了《精灵宝钻》，以及它是何时发行的？,,《精灵宝钻》由J.R.R.托尔金最小的儿子克里斯托弗·托尔金利用他父亲大量且经常相互矛盾的笔记和手稿，汇编和编辑而成。该书于1977年首次出版，由英国的乔治·艾伦与昂温出版社和美国的霍顿·米夫林出版社发行。
哪个是哺乳动物或爬行动物：短吻鳄，海豚,,短吻鳄是爬行动物，海豚是哺乳动物
描述烘烤标准酸面包所需的主要原料和基本步骤。,,主要原料是水、面粉（通常是通用面粉或面包粉与全麦/黑麦的混合物）和盐。然而，关键组成部分是活性酸面团酵种，它是野生酵母和细菌的活体培养物。基本过程包括四个主要阶段：1) 混合原料（通常包括水合静置）；2) 大块发酵（最长的阶段，让面团膨胀）；3) 整形面团和低温慢发（冷藏面团于发酵篮中）；4) 在荷兰锅或烘焙石板上烘烤，以获得酥脆的外皮。
解释 Python 和 Java 之间的主要区别，特别是它们各自的执行环境和典型应用。,,Python 是一种解释型的高级语言，以其可读性和快速开发而闻名。它的主要应用包括数据科学、机器学习、网络开发（后端）和脚本编写。它运行在解释型环境中。相比之下，Java 是一种编译型语言，运行在 Java 虚拟机 (JVM) 上，这使其具有平台无关性（“一次编写，随处运行”）。Java 通常用于企业级系统、安卓开发和对速度和稳定性要求严格的大型应用。Python 通常优先考虑开发人员的开发速度，而 Java 则通常优先考虑执行速度和健壮的结构。
根据以下项目的化学组成，将其分类为元素、化合物或混合物：金、水、空气、重力、盐（NaCl）、钢、光、氧气（O₂）、沙拉、桌子。,,"分类如下：

**元素（纯物质，由一种原子组成）：**
*   金 (Au)
*   氧气 (O₂)

**化合物（纯物质，由两种或多种化学键合的元素组成）：**
*   水 (H₂O)
*   盐 (NaCl)

**混合物（物质的物理组合）：**
*   空气（主要由氮气、氧气和氩气组成的均匀混合物）
*   钢（铁和碳的均匀混合物/合金）
*   沙拉（各种蔬菜和调味品的非均匀混合物）

**无法进行化学分类的项目：**
*   **重力：** 这是一种基本的物理力，而不是化学物质。
*   **光：** 这属于电磁辐射（能量），而不是具有化学组成的物质。
*   **桌子：** 这是一个宏观物体，通常由本身是复杂混合物或化合物的材料（如木材或金属）组成，但物体本身不属于标准的化学分类（元素、化合物、混合物）。"
解释光合作用的概念。,,光合作用是植物、藻类和某些细菌利用光能（通常来自太阳）将其转化为化学能（糖类/葡萄糖）的过程，这些化学能可用于驱动生物体的活动。
确定 Python 和 Java 是静态类型还是动态类型。,,Java 使用静态类型，而 Python 使用动态类型。
阿波罗计划中，在月球表面连续停留时间最长是多久？请以 [天:小时:分钟] 的格式回答。,阿波罗计划在1969年至1972年间成功完成了六次载人登月任务。虽然大多数任务的停留时间都短于75小时，但“阿波罗17号”保持着连续停留时间最长的记录。宇航员尤金·塞尔南和哈里森·施密特在金牛座-利特罗谷（Taurus-Littrow valley）共花费了75小时0分57秒进行探索。,03:03:00
万维网的发明者是谁？,,蒂姆·伯纳斯-李
解释大爆炸理论。,大爆炸理论是解释宇宙如何开始和发展的领先宇宙学模型。根据该理论，宇宙大约在138亿年前始于一个极热、致密的点（奇点）。在这个初始状态之后，宇宙开始快速膨胀，这一过程被称为宇宙暴胀。随着它的膨胀和冷却，形成了基本粒子，这些粒子最终在大爆炸后约38万年结合形成了氢原子和氦原子。经过漫长的时间，引力导致这些初始原子聚集在一起，形成了第一批恒星和星系，从而形成了我们今天所观察到的宇宙结构。,大爆炸理论是一种宇宙学模型，它描述了宇宙在大约138亿年前从一个极热、致密的奇点开始快速膨胀，并由此形成了所有观测到的物质和宇宙结构。
如何使用VLAN和防火墙规则在Unifi UDM Pro上配置一个安全的、隔离的访客网络？,,"在 Unifi Dream Machine Pro (UDM Pro) 上配置一个安全隔离的访客网络涉及三个主要步骤：创建网络/VLAN、设置关联的 Wi-Fi SSID，以及应用严格的防火墙规则以防止跨网络流量。

**步骤 1：创建新网络和 VLAN**
1.  在 Unifi 控制器界面中，导航到“设置”（Settings）>“网络”（Networks）。
2.  点击“添加新网络”（Add New Network）。
3.  命名该网络（例如：“Guest-VLAN20”）。
4.  将“目的”（Purpose）设置为“标准”（Standard）。UDM Pro 将处理该网络的 DHCP 和路由。
5.  分配一个专用的 VLAN ID（例如：20）。这对于在交换机和接入点上标记流量至关重要。
6.  选择一个与您的主网络不同的子网（例如：192.168.20.1/24）。
7.  在“高级配置”（Advanced Configuration）下，启用“网络隔离”（Network Isolation）。这会在访客网络*内部*强制执行客户端设备隔离，意味着客户端之间无法相互通信。
8.  保存网络。

**步骤 2：配置无线网络 (SSID)**
1.  转到“设置”（Settings）>“Wi-Fi”。
2.  点击“添加新 Wi-Fi 网络”（Add New Wi-Fi Network）。
3.  命名 SSID（例如：“Public Guest Wi-Fi”）并设置一个强大且简单的密码。
4.  在“网络”（Network）下拉菜单下，将此 SSID 链接到新创建的“Guest-VLAN20”网络。
5.  勾选“访客策略”（Guest Policy）复选框。建议这样做，因为它会激活 Unifi 内置的 Layer 2 隔离功能，并且可以在需要时提供一个简单的强制门户。

**步骤 3：应用防火墙规则（关键隔离步骤）**
虽然“网络隔离”提供了内部客户端隔离，但仍需要自定义的“LAN In”防火墙规则来确保访客无法访问您的主本地网络 (LAN) 或管理设备。

1.  导航到“设置”（Settings）>“防火墙”（Firewall）>“规则”（Rules）。
2.  选择“LAN In”选项卡。这控制了从内部网络（如访客 VLAN）*流向*您的主网络的流量。
3.  **规则 1：阻止对主 LAN/子网的所有访问 (丢弃)**
    *   **操作：** 丢弃 (Drop)
    *   **描述：** 阻止访客访问主 LAN 和敏感子网
    *   **接口/方向：** LAN In
    *   **源：** “类型”（Type）>“网络”（Network）>“Guest-VLAN20”（您刚刚创建的网络）
    *   **目标：** “类型”（Type）>“网络”（Network）>“LAN”（您的主要内部网络，例如 192.168.1.0/24）。
    *   *位置：* 确保此规则位于列表顶部附近（在任何“允许已建立/相关”（Allow Established/Related）规则之前），以便首先进行评估。
4.  **规则 2：允许 DNS 和 DHCP 访问 UDM Pro（必需）**
    *   如果严格的默认设置阻止了访客与 UDM Pro 本身进行通信以获取必要服务（如 DNS 查询和 DHCP 请求），您可能需要明确的规则来允许此类通信。通常，“允许已建立/相关”规则会处理这种情况，但如果问题仍然存在，请创建一个“允许”（Allow）规则，目标端口为 53 (DNS) 和 67/68 (DHCP)，指向 UDM Pro 的网关 IP。"
根据提供的关于ARPANET的文本，有哪些具体的组织在网络建立后参与了网络的资助或管理？,高级研究计划局网络（ARPANET）是一个早期的分组交换网络，也是第一个实施TCP/IP协议族的网络。这两项技术都成为了互联网的技术基础。ARPANET由美国国防部的高级研究计划局（ARPA）建立。它最初由ARPA资助，后来由国家科学基金会（NSF）资助。1969年10月29日，第一条消息“LOGIN”从加州大学洛杉矶分校的一台计算机发送到斯坦福研究院（SRI）的一台计算机。然而，系统在发送完“G”后崩溃了。到1975年，ARPANET被宣布投入运行，并将控制权移交给了国防通信局（DCA）。,该网络由高级研究计划局（ARPA）建立并最初提供资金。后来由国家科学基金会（NSF）提供资金。控制权于1975年移交给了国防通信局（DCA）。
解释4G和5G移动网络之间的主要区别。,,4G (LTE) 和 5G 网络之间的主要区别围绕三个核心指标：速度、延迟和容量。5G 提供的理论峰值速度高达 10 Gbps，比 4G 约 100 Mbps 的峰值速度快得多（尽管两者在实际使用中的速度都较低）。5G 的延迟显著降低，从 4G 典型的 50-100 毫秒降至可能低至 1 毫秒。这种超低延迟对于远程手术和自动驾驶汽车等关键任务应用至关重要。最后，5G 利用更广泛的频谱，包括毫米波 (mmWave)，使其能够同时处理数量庞大的连接设备（更高的容量密度），这对物联网 (IoT) 的发展至关重要。
黄金的化学符号是什么？,,Au
选择新工作或职业道路时，需要考虑哪些最重要的因素？,,选择一份新工作或职业道路需要在个人成就感和实际需求之间取得平衡。一个关键因素是薪酬和福利，确保薪水能够达到您的财务目标，并且健康保险和退休计划等福利是足够的。同样重要的是工作与生活的平衡，这包括灵活的工作时间安排、合理的工作时长和带薪假期，以防止职业倦怠并允许进行个人活动。许多人优先考虑个人兴趣和意义，寻求一个让他们对工作本身充满热情、日常任务与自身价值观相符的职位。此外，要考虑职业发展潜力；评估该职位是否提供在组织或行业内学习、技能发展和向上流动的机会。最后，公司文化和环境至关重要，因为无论薪水或头衔如何，有毒或不匹配的文化都会削弱工作满意度。
现代活字印刷机是何时何地发展起来的？,"利用机械活字排版术的欧洲印刷机是由来自美因茨市的德国金匠约翰内斯·古腾堡于1440年左右在神圣罗马帝国发明的。尽管早期的雕版印刷术已经使用了数个世纪，尤其是在中国和朝鲜半岛，但古腾堡的关键贡献是将几项现有技术（包括用于葡萄酒和石油生产的螺旋压榨机）结合成一个综合系统。

古腾堡的系统包括：发明了一种基于金属合金大规模生产活字的方法，开发了专用油墨，以及建造了一个木制印刷机结构。与手工抄写或雕版印刷相比，这项创新极大地降低了生产书籍和文件的成本。

这项发明标志着印刷革命的开始。它从根本上改变了信息的存储和传播方式，在文艺复兴、新教改革和科学革命的推进中发挥了关键作用。在古腾堡之前，一所大学图书馆可能只拥有数百本书籍；在他发明后的50年内，数百万本印刷书籍在欧洲各地流通。这一早期时代最具代表性的产品是大约在1455年印刷的42行古腾堡圣经。","利用机械活字排版术的欧洲印刷机是由来自美因茨市的德国金匠约翰内斯·古腾堡于1440年左右在神圣罗马帝国发明的。尽管早期的雕版印刷术已经使用了数个世纪，尤其是在中国和朝鲜半岛，但古腾堡的关键贡献是将几项现有技术（包括用于葡萄酒和石油生产的螺旋压榨机）结合成一个综合系统。

古腾堡的系统包括：发明了一种基于金属合金大规模生产活字的方法，开发了专用油墨，以及建造了一个木制印刷机结构。与手工抄写或雕版印刷相比，这项创新极大地降低了生产书籍和文件的成本。

这项发明标志着印刷革命的开始。它从根本上改变了信息的存储和传播方式，在文艺复兴、新教改革和科学革命的推进中发挥了关键作用。在古腾堡之前，一所大学图书馆可能只拥有数百本书籍；在他发明后的50年内，数百万本印刷书籍在欧洲各地流通。这一早期时代最具代表性的产品是大约在1455年印刷的42行古腾堡圣经。"
列出进行多日跨州公路旅行时应携带的四种非食物必需品。,,一份好的清单应包括跨接电缆、一个储备齐全的急救箱、一套可靠的手机/设备充电器，以及一个带配套工具（千斤顶/扳手）的备用轮胎。
除了登月之外，太空竞赛对美国产生了哪些最重要、最持久的技术和社会影响？,,太空竞赛催化了巨大的技术进步，远超火箭科学本身。对可靠、小型、轻量化组件的需求推动了微电子技术的发展，包括集成电路（IC芯片），它们是现代计算机和消费电子产品的基础。此外，它还促进了现代卫星通信、GPS和天气监测的发展。在社会层面，“人造卫星”的发射震惊了美国，促使美国创建了美国国家航空航天局（NASA），并通过1958年的《国防教育法》（NDEA）对科学和工程教育进行了大规模的联邦投资。这一转变确立了美国课程中对STEM领域的根本重视，这种重视一直持续至今。最初为宇航员监测而开发的技术也对医学成像和先进材料科学（如特氟龙和记忆泡沫）做出了重大贡献。
描述大堡礁物理尺寸和构成的关键数字统计数据有哪些？,"大堡礁是世界上最大的珊瑚礁系统，由2,900多个独立的珊瑚礁和900个岛屿组成，绵延超过2,300公里（1,400英里），覆盖面积约为344,400平方公里（133,000平方英里）。该珊瑚礁位于澳大利亚昆士兰州海岸附近，处于珊瑚海中。它于1981年被指定为联合国教科文组织世界遗产，并且从外太空可见。","由2,900多个独立的珊瑚礁和900个岛屿组成；绵延超过2,300公里；覆盖面积约为344,400平方公里。"
解释面向对象编程中的“多态”概念。,,多态性（Polymorphism），意为“多种形式”，是一种允许对象采用多种形式或以不同方式响应同一方法调用的原则。这通常通过方法覆盖（method overriding，指子类提供对其父类中已定义方法的特定实现）或方法重载（method overloading，指同一类中有多个方法名称相同但参数不同）来实现。多态性对于构建灵活且可重用的代码至关重要，因为它允许单个接口处理多样化的数据类型。
解释敏捷框架中Scrum Master（敏捷教练）和Product Owner（产品负责人）角色的核心区别。,,Scrum Master（敏捷教练）和Product Owner（产品负责人）是两个不同的角色，但对于一个成功的Scrum团队来说，它们都至关重要且需要高度协作。**产品负责人 (PO)** 主要负责团队*构建什么*。他们关注外部，充当客户和利益相关者的代言人。他们的职责包括最大化产品价值、管理产品待办事项列表（Product Backlog）、定义验收标准，并根据业务优先级对列表中的项目进行排序。相比之下，**Scrum Master (SM)** 负责团队*如何构建*产品。SM是一位服务型领导者，他指导团队实践Scrum，帮助消除阻碍团队的障碍，组织会议，并确保团队拥有一个能够高效交付增量的生产性环境。PO关注产品和价值，而SM则关注流程和团队绩效。
根据提供的文本，光速以米每秒计算的大约速度是多少？,"真空中的光速大约是每秒 299,792,458 米（每秒 186,282 英里）。相比之下，声速要慢得多，在海平面正常条件下，声速约为每秒 343 米（每小时 767 英里）。","真空中的光速大约是每秒 299,792,458 米。"
人类大脑中海马体的首要功能是什么？,,海马体是人脑的一个主要组成部分，它主要与记忆相关，特别是形成新的长期记忆和空间导航。它在将信息从短期记忆巩固到永久存储中起着至关重要的作用。
列出美国前五任总统及其任职年份。,,"1. 乔治·华盛顿 (1789–1797)
2. 约翰·亚当斯 (1797–1801)
3. 托马斯·杰斐逊 (1801–1809)
4. 詹姆斯·麦迪逊 (1809–1817)
5. 詹姆斯·门罗 (1817–1825)"
可再生能源的主要分类有哪些？它们之间有什么区别？,,"可再生能源通常根据其来源以及用于利用它们的技术进行分类。最常见的五种类型是：

1.  **太阳能：** 利用来自太阳的光和热。这可分为**光伏 (PV)**——利用面板将阳光直接转化为电能，以及太阳热能——利用太阳的热量产生蒸汽并驱动涡轮机。
2.  **风能：** 使用涡轮机将风的动能转化为电能。这又细分为陆上风电（陆地风电场）和海上风电（海上风电场，由于风力更强、更稳定，通常规模更大、效率更高）。
3.  **水力发电（水电）：** 利用流动水的能量，通常通过建造水坝或屏障来创建水库。分类包括传统的、大规模的水坝系统和径流式发电系统，后者是在不需要大型水库的情况下分流一部分河流流量。
4.  **地热能：** 利用储存在地球表面下的热量。这种能源可靠且连续，但在地理上受到限制，主要用于有火山活动或地壳附近热流高的地区。
5.  **生物质能：** 源自有机物，如木材、农业废弃物或城市固体废物，将其燃烧以产生热量或转化为液体生物燃料（乙醇、生物柴油）。

这些能源之间一个关键的区别在于**间歇性**。太阳能和风能具有高度的间歇性（它们只在阳光照射或有风时发电），而水力发电（带水库）和地热能通常被认为是**可调度**的——这意味着它们可以按需可靠地提供电力。"
计算机中CPU的主要功能是什么？,,执行指令和处理数据
总结罗马共和国崩溃的关键原因。,,崩溃的主要驱动因素是土地不平等（大庄园制）、军队的专业化（马略改革导致忠诚度从国家转向个别将军）、日益严重的腐败，以及不断卷入内战的强大且野心勃勃的军事领导人（例如苏拉、凯撒和庞培）的崛起。
总结约翰·洛克《政府论》下篇中提出的主要论点。,,洛克主张自然权利（生命、自由和财产），被统治者同意的政府理念，以及分权的必要性。他论证了如果政府未能保护这些自然权利或实施暴政，人民拥有革命的权利。
哪个样本对低温最具抵抗力，其具体的温度限制是多少？,调查小组从开普勒-186f收集了三种主要的生物样本。样本阿尔法（Alpha）可在高达55°C的温度下茁壮成长，但一旦暴露在阳光下就会立即死亡。样本贝塔（Beta）是一种复杂的真菌结构，可耐受低至-10°C的冰冻温度，使其成为迄今为止发现的最耐寒的生物。样本伽马（Gamma）是一种单细胞蓝细菌，被发现可在30°C下保持活性。,样本贝塔（Beta），它可耐受低至-10°C的冰冻温度。
中国长城的主要用途是什么？,,中国长城的首要目的是提供边境管制，保护中国各王朝和帝国免受欧亚大草原上各种游牧群体的突袭和入侵，特别是匈奴。虽然它通常被视为一个单一的、连续的屏障，但它也用于规范贸易、监测移民以及对运输的货物征收税款。长城最著名的部分主要修建于明朝（1368年至1644年）。
解释TCP/IP的开发和标准化彻底改变现代通信和技术的核心原因。,,"TCP/IP（传输控制协议/互联网协议）协议套件彻底改变了通信，主要是因为它为连接不同网络提供了强大且标准化的框架。核心原因包括：

1. **分组交换和去中心化：** TCP/IP 将数据分解成小数据包，并在网络中独立路由它们。这种架构消除了单点故障，使网络具有内在的弹性，能够抵抗中断。
2. **互操作性和标准化：** 通过建立通用、非专有的标准，TCP/IP 允许任何计算机系统—无论其硬件、软件或操作系统如何—进行无缝通信。这种“网络之网络”的概念对于全球规模的扩展至关重要。
3. **可扩展性：** 分层的寻址系统（IP 地址）允许网络指数级增长，而无需立即进行架构大修，从而实现了从利基学术网络到全球互联网的过渡。
4. **协议分层和模块化：** 该架构是分层的，允许开发人员在已建立的传输层之上构建新的应用和服务（如 HTTP、SMTP 或 FTP），而无需重新设计底层的连接结构。
5. **开放性和可访问性：** 与 20 世纪 80 年代流行的专有网络系统不同，TCP/IP 是作为开放标准开发和推广的，极大地加速了其在全球的采用并促进了广泛的创新。"
世界上公认的最长的河流是什么？,,亚马逊河，主要位于南美洲。
确定微软收购 Skype 的年份和成本。,微软由比尔·盖茨和保罗·艾伦于 1975 年创立，曾于 2016 年以 262 亿美元的价格收购了领英 (LinkedIn)。然而，那次收购规模小于随后收购动视暴雪 (Activision Blizzard) 的交易，后者于 2023 年 10 月最终敲定，耗资 687 亿美元。更早之前，在 2011 年，微软以 85 亿美元的价格收购了 Skype。他们还在 2018 年以 75 亿美元的价格收购了 GitHub。,微软于 2011 年以 85 亿美元的价格收购了 Skype。
为首次访问伦敦并在伦敦停留 48 小时的游客设计一份简短行程，主要侧重于主要的历史地标和王室相关景点。,,"这份 48 小时行程优先考虑可通过伦敦地铁（Tube/London Underground）到达的标志性历史遗址：

**第 1 天：王室历史与中世纪权力**

*   **上午 (9:00):** 参观**伦敦塔**。预留 3–4 小时参观皇冠珠宝、白塔，并聆听侍卫（Yeoman Warder）的导览。这将让您深入了解几个世纪以来英国王室的历史和动荡。
*   **午餐 (1:00):** 在伦敦塔附近或博罗市场（如果时间允许快速绕道）享用午餐。
*   **下午 (2:30):** 步行穿过**伦敦塔桥**（可以考虑参加伦敦塔桥体验项目以了解其内部历史），然后乘坐地铁（区域线/环线）前往威斯敏斯特。
*   **傍晚 (5:00 起):** 探索**议会大厦**和**大本钟**（目前正在修复中，但仍可观赏）周围区域。最后在特拉法加广场附近享用传统的英式酒吧晚餐，结束一天的行程。

**第 2 天：政府、仪式与战争**

*   **上午 (9:00):** 参观**威斯敏斯特教堂**（西敏寺）。这是举行加冕典礼和王室葬礼的场所。预留 2 小时。
*   **上午中段 (11:00):** 前往**白金汉宫**。事先查询**卫兵换岗仪式**的时间（通常在 10:45 或 11:00，具体取决于日期）。
*   **午餐 (1:00):** 在圣詹姆斯公园或格林公园附近享用午餐。
*   **下午 (2:30):** 在**丘吉尔战争办公室**（Churchill War Rooms）沉浸于二战历史。这个地下掩体提供了对战时英国政府运作的迷人视角。
*   **晚上:** 如果在离开前时间允许，最后参观**大英博物馆**（重点关注罗塞塔石碑和埃及文物），提供最后的历史视角。"
根据提供的关于哈勃太空望远镜的文本，它是哪一年发射的，其主镜的直径是多少？,哈勃太空望远镜（HST）于 1990 年被发射到近地轨道并仍在运行。它不是第一个太空望远镜，但它是最大、用途最广泛的望远镜之一，既是重要的研究工具，也是天文学的公关福音。哈勃太空望远镜是以天文学家埃德温·哈勃的名字命名的。它由两个主要的太阳能电池阵列供电，其主镜直径为 2.4 米（7.9 英尺）。与许多卫星不同，哈勃太空望远镜设计为可在太空进行维修，这在 1993 年至 2009 年间进行了五次。,哈勃太空望远镜于 1990 年发射，其主镜直径为 2.4 米（7.9 英尺）。
解释木星的大红斑和在海王星上发现的大黑斑之间的区别。,,木星的大红斑 (GRS) 是一个持续存在的、高压反气旋风暴，已被观测数百年，其体积比地球更大。它的红色可能是由于复杂的有机分子在大气中混合造成的。相比之下，海王星的大黑斑 (GDS) 是一系列深层涡旋，最早由“旅行者 2 号”观测到。与 GRS 不同，GDS 是一个相对短命的特征，被认为是低压区，随后的哈勃观测表明这些黑斑会消失并定期形成新的黑斑。
列出五本维多利亚时代必读的小说，作为我了解19世纪英国文学的入门读物。,,以下是五部适合入门课程的维多利亚时代必读小说：1. 夏洛特·勃朗特（Charlotte Brontë）的《简·爱》（*Jane Eyre*）（1847），2. 查尔斯·狄更斯（Charles Dickens）的《远大前程》（*Great Expectations*）（1861），3. 乔治·艾略特（George Eliot）的《米德尔马奇》（*Middlemarch*）（1872），4. 艾米莉·勃朗特（Emily Brontë）的《呼啸山庄》（*Wuthering Heights*）（1847），以及 5. 托马斯·哈代（Thomas Hardy）的《德伯家的苔丝》（*Tess of the d'Urbervilles*）（1891）。
解释光合作用的基本过程。,,光合作用是植物、藻类和某些细菌利用光能（通常来自太阳）将其转化为化学能（葡萄糖）的过程，这些化学能为生物体的活动提供燃料。这个复杂的生物过程需要三种主要成分：从空气中吸收的二氧化碳（CO2）、通过根部吸收的水（H2O），以及植物细胞叶绿体中叶绿素吸收的阳光。该反应主要分为两个阶段：光反应（捕获能量）和暗反应（卡尔文循环，固定碳）。光合作用的副产品是氧气（O2），氧气被释放回大气中，对大多数其他生命形式的有氧呼吸至关重要。描述这种转化的简化化学方程式通常是：6CO2 + 6H2O + 光能 → C6H12O6（葡萄糖）+ 6O2。
根据提供的文本，万维网（World Wide Web）是谁发明的？他是在哪一年构思出它的？,万维网（World Wide Web，简称WWW），通常被称为网络（Web），是一种信息系统，其中的文档和其他网络资源通过统一资源定位符（URLs）进行标识，这些资源可以通过超文本相互链接，并通过互联网进行访问。万维网是由英国计算机科学家蒂姆·伯纳斯-李（Tim Berners-Lee）于1989年在欧洲核子研究组织（CERN）工作期间发明的。最初，它被构想为一种在科学家之间自动共享信息的方法。第一个网站地址 http://info.cern.ch 于 1991 年 8 月 6 日上线。然而，该软件（第一个网络浏览器和编辑器，名为WorldWideWeb）早在 1990 年 12 月就已向更广泛的研究社区发布。,万维网是由英国计算机科学家蒂姆·伯纳斯-李于1989年发明的。
常见家庭宠物的典型寿命是多少？,,寿命因物种和品种而异。一般来说，猫的寿命在12到18年之间，有些能活到20年以上。狗的寿命范围更广，通常在10到13年，小型犬种的寿命通常长于大型犬种。较小的笼养宠物，如仓鼠和沙鼠，通常只能活2到4年，而像金刚鹦鹉这样的外来鸟类可以活50到100年。
"一名初级开发人员编写了以下 Python 函数来计算数字列表的众数：`def calculate_mode(data): counts = {}; for item in data: counts[item] = counts.get(item, 0) + 1; max_count = 0; mode = None; for key, count in counts.items(): if count > max_count: max_count = count; mode = key; return mode`。当输入列表为 `[1, 2, 3]` 时，此函数会失败（它返回 1，但理想情况下应指示没有唯一的众数）。当输入为 `[1, 1, 2, 2, 3]` 时，它也会失败（它只返回 1）。分析这段代码，指出主要的逻辑缺陷，并提供一个经过修正的函数，该函数能够稳健地返回所有众数的列表。",,"主要的逻辑缺陷是双重的：1) 该函数只跟踪一个“众数”（mode）变量，这意味着它无法处理多峰数据集（例如 `[1, 1, 2, 2, 3]`）。 2) 它在第一个循环之后（在函数定义内部）过早地返回，阻止了对计数字典的完整分析。（注意：提供的代码片段将 `return mode` 放在最后一个 `for` 循环之外，这意味着逻辑问题主要是无法处理平局/并列的情况，而不是返回语句的位置问题，假设原始片段中的缩进隐含地正确实现了函数退出）。

修正后的方法涉及首先找到最大频率，然后收集所有达到该频率的元素。

以下是使用 `collections.Counter` 模块提高效率和稳健性的修正后的 Python 函数：

python
from collections import Counter

def calculate_mode_corrected(data):
    if not data:
        return []
    
    counts = Counter(data)
    max_count = max(counts.values())
    
    modes = [key for key, count in counts.items() if count == max_count]
    
    # 可选检查：如果 max_count 为 1 且长度 > 1，根据惯例通常没有众数 
    # (或者所有元素都是众数，这取决于定义)，但返回最大频率项（众数）的列表是
    # 最标准的统计解释。
    return modes
"
我应该如何构建一封标准的商务电子邮件以确保清晰度和专业性？,,一封专业的商务电子邮件通常应遵循六个关键组成部分：(1) **主题行：** 必须简洁明了地说明邮件的目的。(2) **称呼：** 使用专业的问候语（例如，“尊敬的[姓名]”）。(3) **开篇：** 立即说明邮件的主要原因，以尊重收件人的时间。(4) **正文：** 使用简短的段落或项目符号来传达细节、数据或背景信息。(5) **结尾：** 包含明确的行动号召（如果需要）或总结预期的后续步骤。(6) **署名：** 以专业的结束语（例如，“此致，”或“诚挚问候，”）结尾，后跟您的姓名和联系信息。
分析以下 Python 函数并确定其时间复杂度。如有必要，提出改进性能的方法。,"def find_duplicates(data_list):
    duplicates = []
    n = len(data_list)
    for i in range(n):
        for j in range(i + 1, n):
            if data_list[i] == data_list[j]:
                if data_list[i] not in duplicates:
                    duplicates.append(data_list[i])
    return duplicates","### 时间复杂度分析

所提供的函数 `find_duplicates` 使用嵌套循环将列表 (`data_list`) 中的每个元素与其他所有元素进行比较。 

1. 外层循环迭代 $N$ 次（其中 $N$ 是 `data_list` 的长度）。
2. 内层循环在每次外层循环迭代中近似迭代 $N$ 次。
3. 这种模式导致总共有 $N(N-1)/2$ 次比较，使得比较阶段的时间复杂度为 $O(N^2)$。
4. 此外，检查 `if data_list[i] not in duplicates:` 涉及到检查元素是否在列表中存在，这本身需要 $O(K)$ 时间（其中 $K$ 是 `duplicates` 列表的大小，它可以增长到 $O(N)$）。

因为主导操作是嵌套迭代，所以该函数的时间复杂度为 **O(N²)** (二次时间)。

### 性能改进建议

通过使用哈希集合（Python 的 `set` 结构）可以显著提高性能，哈希集合允许查找和插入的平均时间复杂度达到 **O(1)**。这减少了对嵌套循环的需求，并将总体复杂度更改为线性时间。

**优化实现 (O(N))：**

python
def find_duplicates_optimized(data_list):
    seen = set()
    duplicates = set()
    for item in data_list:
        if item in seen:
            duplicates.add(item)
        else:
            seen.add(item)
    return list(duplicates)


**O(N) 复杂度的理由：**

通过只对列表迭代一次，并使用哈希集合来跟踪元素，运行时间直接与输入列表的大小成比例。优化的函数实现了 **O(N)** (线性时间) 的时间复杂度。"
列出被称为“四骑士”的新无神论运动的四位主要人物。,,新无神论的四骑士是克里斯托弗·希钦斯、理查德·道金斯、萨姆·哈里斯和丹尼尔·丹尼特。
列出围绕木星运行的五颗最大的卫星。,,"1. 木卫三
2. 木卫四
3. 木卫一
4. 木卫二
5. 木卫五"
在团队环境中激发创意点子的最佳技巧是什么？,,"要产生真正新颖的想法，需要在结构化和完全自由之间取得平衡。为确保会议高效，应指定一名主持人，并事先确定基本规则（例如，不对想法进行批评，数量重于质量）。 

以下是三种有效的创意头脑风暴技巧：

### 1. 脑力倾泻和自由联想 (Brain Dumping and Free Association)
这是经过改进的经典技巧。目标是追求纯粹的数量。让每位团队成员在短时间内（例如 5-10 分钟）集中精力写下尽可能多的想法，不进行任何交谈或评判。可以使用便利贴或共享数字白板。时间到后，小组整理并对相似的想法进行归类。这种方法的优势在于其初期的匿名性和速度，防止主导的声音盖过较为沉默的贡献者。

### 2. 逆向头脑风暴 (Reverse Brainstorming)
这种方法从相反的方向解决问题。团队不再问“我们如何实现目标 X？”或“我们如何解决问题 Y？”，而是问“我们如何故意造成与目标 X 相反的结果？”或“我们如何让问题 Y 变得更糟？”

例如，如果目标是“提高客户满意度”，那么逆向问题就是“我们如何让客户生气？”通过列出所有可能失败的方式，您通常会发现一些原本不会直接考虑到的关键步骤或假设，从而揭示出隐藏的解决方案。

### 3. SCAMPER 方法
SCAMPER 是一个基于首字母缩略词的提示清单，旨在帮助团队系统地挑战和修改现有的产品、服务或概念。它确保团队从多个结构性角度审视问题：

*   **S**ubstitute（替代）：什么可以被替换掉？（例如：材料、流程、人员）
*   **C**ombine（组合）：哪些元素可以合并以产生协同效应？
*   **A**dapt（适应）：可以借鉴哪些来自其他行业的想法或解决方案？
*   **M**odify/Magnify/Minify（修改/放大/缩小）：可以改变什么（使之更大、更小、不同颜色、更响亮）？
*   **P**ut to another use（另作他用）：该产品/概念如何用于全新的用途？
*   **E**liminate（消除）：哪些部分是不必要的或可以移除以进行简化的？
*   **R**everse/Rearrange（反转/重排）：如果操作顺序颠倒了会怎样？如果我们做完全相反的事情会怎样？"
是什么导致了被称为北极光的壮观景象？,,北极光是由来自太阳的带电粒子（太阳风）与地球大气层碰撞引起的。这些粒子被吸引到磁极。当它们撞击氧气和氮气等气体原子时，释放出的能量就产生了可见光和颜色。
提取并列出下文描述的酸面包烘焙过程中的主要阶段。,制作完美酸面包的过程始于在 4 小时内激活酵种。接下来，将 350 克面粉、250 克水和 10 克盐与活性酵种混合，揉至粗糙状态。静置 30 分钟进行水合。每隔 30 分钟进行四组拉伸和折叠。初次发酵（主体发酵）应持续 4-6 小时，具体取决于环境温度。对面团进行整形，放入藤篮中，然后在冰箱中进行隔夜冷藏发酵（12-16 小时）。最后，将其放入荷兰烤箱中，以 450°F 的温度加盖烘烤 20 分钟，再开盖烘烤 25 分钟。,1. 酵种激活。 2. 混合/水合。 3. 拉伸和折叠。 4. 初次发酵（4-6 小时）。 5. 整形和冷藏发酵（12-16 小时）。 6. 烘烤 (450°F)。
解释微服务架构的核心特征。,,"微服务架构是一种架构风格，它将应用程序组织成一系列松散耦合的服务集合。这些服务围绕业务能力构建，可以独立部署。其目标是最大限度地提高敏捷性和可扩展性。

定义微服务架构的核心特征包括：

*   **去中心化和自治性：** 每个服务都由一个小型、专属的团队拥有并自主运行。这包括独立的开发、测试和部署周期。
*   **范围小而集中：** 服务围绕特定的业务功能（例如，计费、用户认证、库存）组织。它们通常足够小，可以由单个团队理解和管理。
*   **技术多样性（多语言持久化/编程）：** 与依赖单一技术栈的单体应用不同，微服务允许团队根据特定服务的工作需求选择最佳技术（语言、框架、数据库），从而最大限度地提高效率。
*   **独立部署：** 服务是独立可部署的。对某个服务的更新或更改不需要重新部署整个应用程序，这极大地加快了持续交付（CD）的速度。
*   **通过 API 通信：** 服务使用轻量级、与语言无关的协议进行通信，例如 REST API、gRPC 或异步消息队列（如 Kafka 或 RabbitMQ）。
*   **分散式数据管理：** 每个服务管理自己的数据存储（数据库）。虽然这会增加分布式事务的复杂性，但它确保了服务之间更大的解耦和独立性。
*   **弹性和容错性：** 由于服务是隔离的，一个微服务的故障不会导致整个系统崩溃，从而带来更好的容错能力和更容易的错误隔离。"
我遇到了严重的写作障碍。我该如何克服它？,,"你的大脑需要改变一下大气压力。你必须前往海拔10,000英尺的地方，并尝试仅使用钢笔和道德采购的靛蓝色墨水进行写作。"
哪位文学人物因说出“全世界是一个舞台，所有男男女女不过是演员而已”这句话而闻名？,,杰奎斯，出自莎士比亚的《皆大欢喜》。
胶乳（水性）外墙漆和油性外墙漆的主要区别是什么？以及在涂刷新涂层之前，如何对先前涂刷过的木质表面进行必要的准备？,,"选择合适的涂料类型并进行充分的表面准备是决定外部涂装工作持久性和质量的两个最关键因素。通常，由于易于使用和环境优势，乳胶漆已成为大多数房主的首选，但油性漆仍然扮演着重要的角色。

### 比较胶乳（水性）与油性（醇酸）外墙漆

| 特性 | 胶乳（水性） | 油性（醇酸/溶剂型） |
| :--- | :--- | :--- |
| **清理** | 容易，只需肥皂和水。 | 需要矿物油精或稀释剂。 |
| **干燥时间** | 快（1-4小时内不粘手）。允许更快重涂。 | 慢（6-24小时内不粘手）。需要干燥天气窗口。 |
| **柔韧性** | 高度柔韧。更擅长应对温度波动和木材的膨胀/收缩。不易开裂。 | 坚硬且易碎的饰面。随着时间的推移容易开裂和剥落。 |
| **耐久性/附着力** | 出色的耐久性，随时间推移保色性更好。如果质量较低，可能会出现粉化（表面退化）。 | 卓越的附着力，特别是对于多孔、粉化或准备不佳的表面。光泽保持性好。 |
| **挥发性有机化合物和气味** | 低挥发性有机化合物，低气味。对健康和环境更有益。 | 高挥发性有机化合物，强烈气味持续数天。 |
| **最佳用途** | 大多数外墙覆层（木材、纤维水泥、灰泥）。卓越的抗霉菌和抗褪色性。 | 最适合装饰件、金属表面，或需要在先前涂有油漆的表面上实现最大附着力的情况。

***

### 木质表面准备的基本步骤

适当的表面准备占外部涂装成功率的约75%。准备不足将导致过早剥落、起泡和失败，无论所用涂料的质量如何。

**1. 检查和刮除：** 检查整个表面是否有剥落、起泡或片状脱落的油漆。使用硬钢丝刷或锋利的刮刀清除所有松动和剥落的油漆。将旧漆与裸木相接的边缘打磨平滑（羽化处理）；这可以防止新涂层突出显示“重影”或可见线条。

**2. 清洁：** 彻底清洗表面，去除污垢、霉菌和粉化残留物。磷酸三钠 (TSP) 溶液或氧漂白清洁剂对于去除霉菌和污垢非常有效。之后用清水彻底冲洗表面，确保没有残留物，因为残留物会妨碍附着力。

**3. 修补和填充：** 检查木材是否有腐烂、孔洞或裂缝。使用外部级木材填充剂或油灰填充钉孔和微小缺陷。让填充剂完全干燥并打磨光滑。

**4. 湿度检查：** 在涂刷任何底漆或面漆之前，木材必须干燥。理想情况下，含水率应低于15%。在潮湿的木材上涂漆会困住水分，直接导致起泡、剥落和霉菌形成。

**5. 涂底漆：** 对于木材裸露或暴露的任何区域，涂底漆是强制性的。底漆具有三个关键功能：密封木材、阻挡污渍（尤其是雪松或红木等木材中的单宁酸），并为面漆提供均匀的表面以牢固粘合。如果您要在旧的、氧化的油性饰面上涂刷乳胶面漆，通常需要专用的粘合底漆以确保最大的附着力。"
解释TCP和UDP协议之间的区别，以及它们各自通常在何时使用。,,"TCP（传输控制协议）和UDP（用户数据报协议）是用于发送数据包的核心互联网协议。

**TCP是面向连接且可靠的：**
*   **可靠性：** TCP保证数据的交付，并确保数据包按正确的顺序到达。如果数据包丢失，TCP会检测到并请求重传。
*   **开销：** 它需要大量的开销（设置时间、确认、排序），因此速度较慢。
*   **用例：** 需要高数据完整性的应用，例如网页浏览 (HTTP/HTTPS)、文件传输 (FTP) 和电子邮件 (SMTP)。

**UDP是无连接且不可靠的：**
*   **可靠性：** UDP在没有事先握手或确认的情况下发送数据。它不保证交付或顺序，但速度要快得多。
*   **开销：** 开销非常低。
*   **用例：** 优先考虑速度而非保证交付的应用，例如在线游戏、视频流、VoIP（网络电话）和DNS查找。"
简单地解释区块链技术的核心概念。,,区块链本质上是一个去中心化的数字账本（或记录簿），它被复制并分布在庞大的计算机系统网络中。当一笔交易发生时，它会被打包成一个“区块”并由网络验证。一旦验证通过，该区块就会使用复杂的密码学技术添加到现有的区块链中，形成一个永久且不可更改的记录。由于没有单一实体控制该账本，因此它具有高度的安全性和透明度。
冥王星现在还被认为是行星吗？,,严格来说，不是。2006年，国际天文学联合会（IAU）将冥王星重新归类为“矮行星”。一个天体若要被视为完整的行星，必须满足三个标准：它必须围绕太阳运行、质量足够大到接近球形、并且“清除”了其轨道周围区域的其它天体。冥王星满足前两个标准，但因为它与柯伊伯带中的其他天体共享轨道空间，并且尚未在其区域内达到引力主导地位，因此未能满足第三个要求。
解释 Git“拉取请求”（pull request）的用途。,,拉取请求（PR）是一种通知团队成员的机制，即在单独分支中进行的更改（提交）已准备好进行审查，并合并到主代码库中（通常是 'main' 或 'master' 分支）。它在集成之前充当讨论平台。
考虑到第一次世界大战后人们对有效抗菌剂的激烈寻找，请指出第一位分离出青霉菌（Penicillium rubens）的科学家以及这一突破发生的年份。,亚历山大·弗莱明，1928年,青霉素是苏格兰医生兼微生物学家亚历山大·弗莱明于1928年在伦敦圣玛丽医院发现的。这一发现很大程度上是偶然的；弗莱明注意到一种霉菌（后来被鉴定为*Penicillium notatum*，现常被称为*P. rubens*）污染了含有葡萄球菌的培养皿，并抑制了细菌的生长。尽管弗莱明发表了他的发现，但霍华德·弗洛里、恩斯特·钱恩和诺曼·希特利在20世纪40年代初开发了大规模生产和纯化青霉素的方法，使其成为二战期间使用的重要药物。弗莱明、弗洛里和钱恩因此共同获得了1945年的诺贝尔生理学或医学奖。
阿波罗11号任务的主要目标是什么？,,1969年7月发射的阿波罗11号任务的主要目标是实现约翰·F·肯尼迪总统设定的国家目标：将人类送上月球并安全返回地球。
太阳能电池板如何发电？,,太阳能电池板利用光伏效应（photovoltaic effect）工作。电池板由多个电池单元组成，这些单元主要由半导体硅制成。这些电池单元具有正极（P型）和负极（N型）层。当来自太阳的光子撞击电池单元时，它们会将硅原子中的电子击松。P型层和N型层之间固有的电场迫使这些新释放的电子定向流动，从而产生电流（直流电，简称DC）。这种直流电通常会通过逆变器，将其转换为交流电（简称AC），供家庭使用或输送到主电网。
埃菲尔铁塔位于何处，最初建造的目的是什么？,埃菲尔铁塔是一座位于法国巴黎战神广场的熟铁格子塔。它以工程师古斯塔夫·埃菲尔的名字命名，他的公司设计并建造了这座塔。它被建造为1889年世界博览会的入口。,埃菲尔铁塔位于法国巴黎的战神广场。它最初的建造目的是作为1889年世界博览会的主入口拱门。
比较适用于 10 人小型企业的 Dropbox Business 和 Google Workspace（特别是 Drive/存储），重点关注安全性、成本和协作功能。,,"Dropbox Business 和 Google Workspace (GWS) 都为 10 人小型企业提供了强大的云存储和协作解决方案，但它们的优势领域各不相同，通常取决于您现有的 IT 生态系统。

**安全性：**
Google Workspace 利用 Google 先进的全球安全基础设施，提供传输中和静态数据加密、强大的多因素身份验证以及企业级合规认证（如 SOC 2 和 ISO 27001）。管理员控制高度集中化，可轻松实现数据丢失防护 (DLP) 和跨所有连接服务（Gmail、Docs、Drive）的安全规则执行。
Dropbox Business 也提供强大的安全性，包括 AES 256 位加密。其优势通常在于针对文档处理的精细度和合规性。Dropbox 提供了用于审计用户活动的高级管理员控制功能，并提供可选的零知识加密功能以实现最大程度的隐私保护，但这些功能通常需要额外付费或特定的附加组件。

**成本：**
对于 10 个用户来说，如果您需要的不仅仅是存储，Google Workspace 通常是更好的价值选择。它的标准套餐（起价约为每月 12 美元/用户）包含 Gmail、Meet、Chat 和整套生产力应用（Docs、Sheets、Slides），以及充足的存储空间（通常每个用户 2TB 或更多，具体取决于等级）。
Dropbox Business 的入门级 Standard 套餐通常每用户收费略高（大约每月 15 美元/用户，但在更高级别通常提供更高的存储上限或无限存储），但这些费用通常仅涵盖文件存储和共享。如果您的企业严重依赖外部 Microsoft Office 许可或其他独立的生产力工具，您可能仍需要单独购买 GWS 的替代品。

**协作与生态系统：**
Google Workspace 的核心设计是围绕实时、同步的共同创作。如果您的团队经常直接在浏览器中编辑文档、电子表格或演示文稿，GWS 可提供无缝且强大的协作体验。文件共享和权限管理与用户的 Google 身份深度集成，使内部共享即时完成。
Dropbox 擅长处理大型专有文件（如 CAD 或视频文件），并提供与桌面应用程序的卓越集成，尤其是 Microsoft Office。虽然 Dropbox 允许共同编辑 Microsoft Office 文件，但这通常需要外部集成或同步，有时不如 GWS 的原生基于网络的编辑流畅。Dropbox 在协作方面的优势在于其出色的文件版本控制和“智能同步 (Smart Sync)”功能，这对于需要快速访问离线文件或详细恢复历史记录的团队至关重要。

**建议：**
如果您的企业优先考虑使用基于网络的工具进行无缝、实时共同创作，并且需要一个用于电子邮件、通信和存储的统一系统，那么 **Google Workspace** 是更优秀、更具成本效益的选择。如果您的企业经常处理超大文件，严重依赖基于桌面的软件（如专业设计工具），或者需要精细、复杂的文件版本控制和零信任安全选项，那么 **Dropbox Business** 可能更适合。"
列出 Python 之禅的前四个原则。,,"1. 优美胜于丑陋。
2. 明了胜于晦涩。
3. 简单胜于复杂。
4. 复杂胜于繁杂。"
太阳系中最大的行星是什么？,,木星是太阳系中最大的行星。
与成功推出脊髓灰质炎疫苗相关的关键日期和开发人员有哪些？,征服脊髓灰质炎（小儿麻痹症）的历程经历了数个里程碑。20世纪30年代，约翰·科尔默（John Kolmer）和莫里斯·布罗迪（Maurice Brodie）对灭活疫苗的早期尝试并不成功，有时甚至很危险。重大的突破来自乔纳斯·索尔克（Jonas Salk），他在1952年开发了可注射的灭活脊髓灰质炎疫苗（IPV）。索尔克疫苗的大规模试验于1954年开始，并于1955年4月被宣布安全有效。后来，阿尔伯特·沙宾（Albert Sabin）开发了口服减毒活疫苗（OPV），该疫苗于1961年在美国获得许可。由于易于给药和能够诱导黏膜免疫，这种口服疫苗在随后的几十年中成为了标准疫苗。,乔纳斯·索尔克（Jonas Salk）于1952年开发了可注射的灭活脊髓灰质炎疫苗（IPV），并于1955年4月正式宣布其安全有效。阿尔伯特·沙宾（Albert Sabin）随后开发了口服减毒活疫苗（OPV），该疫苗于1961年在美国获得许可。
从文本中提取更换内部 M.2 SSD 的分步说明，并以编号列表形式呈现，不包括任何初步的安全警告。,在开始更换 Model X-15 笔记本电脑内部固态硬盘 (SSD) 的过程之前，请确保设备已完全关闭电源并断开电源适配器。步骤 1：使用十字螺丝刀卸下固定底壳的十颗非脱落螺丝。步骤 2：从小角缺口处开始，小心撬开底壳并将其放在一边。请轻柔操作以避免刮伤机箱。步骤 3：找到 M.2 SSD 插槽，通常由一个小的固定螺丝固定。步骤 4：卸下固定螺丝。硬盘将略微弹起。步骤 5：将旧 SSD 滑出连接器。步骤 6：以相同的角度插入新的兼容 M.2 SSD，并将其牢固地按入插槽。步骤 7：用固定螺丝固定新 SSD。步骤 8：重新对齐并将底壳卡回原位。步骤 9：重新安装十颗非脱落螺丝。,"1. 使用十字螺丝刀卸下固定底壳的十颗非脱落螺丝。
2. 小心撬开底壳，从小角缺口处开始，并将其放在一边。
3. 找到 M.2 SSD 插槽。
4. 卸下固定螺丝。
5. 将旧 SSD 滑出连接器。
6. 以相同的角度插入新的兼容 M.2 SSD，并将其牢固地按入插槽。
7. 用固定螺丝固定新 SSD。
8. 重新对齐并将底壳卡回原位。
9. 重新安装十颗非脱落螺丝。"
从提供的文本中，列出轨道周期小于5天的所有卫星的半径（以千米为单位）。按降序排列数字，并用分号分隔。,"木星拥有95颗已知的卫星，但其中四颗最大的（由伽利略·伽利莱于1610年发现）最为著名。这些伽利略卫星是木卫一（Io）、木卫二（Europa）、木卫三（Ganymede）和木卫四（Callisto）。木卫一是太阳系中火山活动最活跃的世界；它的轨道周期为1.77天，半径为1,821.6千米。木卫二略小，以其地下海洋而闻名，轨道周期为3.55天，半径为1,560.8千米。木卫三是最大的卫星，甚至比水星还大，并且是已知唯一拥有自身磁层的卫星。它的轨道周期为7.15天，半径为2,634.1千米。最后是木卫四，通常被描述为布满陨石坑且地质上已死亡，它绕木星运行需要16.69天，半径为2,410.3千米。","1,821.6; 1,560.8"
哪个是哺乳动物还是爬行动物：科摩多巨蜥，蓝鲸,,科摩多巨蜥是爬行动物，蓝鲸是哺乳动物
将以下数据结构分类为线性或非线性：栈、树。,,栈是线性的，树是非线性的。
丹妮莉丝·坦格利安的完整头衔是什么？,,坦格利安家族的“风暴降生”丹妮莉丝，她的名号的第一人，安达尔人和先民的女王，七国守护者，龙之母，大草原的卡丽熙，不焚者，锁链的打破者。
根据提供的文本，青霉素的发现归功于谁？以及这项观察发生在哪一年和哪个地点？,青霉素是世界上首批广泛使用的抗生素之一，它彻底改变了医学。它的发现通常归功于苏格兰医生兼微生物学家亚历山大·弗莱明。1928年，弗莱明在伦敦圣玛丽医院工作时观察到，一种后来被确认为点青霉的霉菌污染了一培养皿的葡萄球菌。他注意到霉菌阻止了周围细菌的生长，认识到它具有强大的抗菌特性。然而，是霍华德·弗洛里和恩斯特·钱恩在1940年代初期在牛津大学工作时，开发了大规模生产和纯化青霉素的方法，使其在第二次世界大战期间有效治疗战场创伤。,这一发现归功于亚历山大·弗莱明，发生于1928年，地点是伦敦的圣玛丽医院。
确定美国第一个空间站，该空间站于1973年至1979年间运行。,,美国第一个空间站是天空实验室。
解释人工智能（AI）、机器学习（ML）和深度学习（DL）之间的基本关系和区别。,,人工智能（AI）是创造模仿人类智能的机器的总体领域。机器学习（ML）是AI的一个特定子集，它允许系统在无需明确编程的情况下从数据中学习。深度学习（DL）反过来又是ML的一个子集。DL利用具有多层（因此称为“深度”）的人工神经网络来分析大量数据，使其在图像识别和自然语言处理等复杂任务中非常有效。
句子中的直接宾语是什么？,,直接宾语是接收及物动词动作的名词或代词。它通常回答动词后面的“谁？”或“什么？”的问题。
确定木星的主要大气成分。,木星是距离太阳第五近的行星，也是太阳系中最大的行星。它是一颗气态巨行星，质量是太阳的千分之一，但却是太阳系中所有其他行星质量总和的两倍半。木星的大气层主要由氢（90%）和氦（10%）组成。它以大红斑而闻名，这是一个位于赤道以南的持久性高压区域，是太阳系中已知最大的风暴。木星拥有 95 颗已确认的卫星，其中四颗最大的分别是木卫一（Io）、木卫二（Europa）、木卫三（Ganymede）和木卫四（Callisto），统称为伽利略卫星。,木星的大气层主要由氢（90%）和氦（10%）组成。
谁被视为人工智能的奠基先驱？,,人们经常提及艾伦·图灵（Alan Turing）在可计算性理论和著名的图灵测试方面的理论工作，这为机器思维奠定了基础。约翰·麦卡锡（John McCarthy）于 1955 年创造了“人工智能”一词，并开发了 Lisp 编程语言，使他成为该领域正式诞生的核心人物。其他关键人物包括马文·明斯基（Marvin Minsky）和艾伦·纽厄尔（Allen Newell），他们对早期的神经网络和复杂的解决问题程序做出了重大贡献。
讨论“生存风险”的概念及其在通用人工智能（AGI）中的应用。安全性和对齐研究是否应该优先于能力发展？,,"在通用人工智能（AGI）的背景下，生存风险（或称X风险）指的是由于创建了强大、超智能的机器，而其目标与人类价值观不一致，从而导致人类灭绝或不可逆转的文明崩溃的可能性。这种风险通常通过“回形针最大化器”等思想实验来例证：一个被良性赋予任务（例如，最大化回形针生产）的AI，会利用所有全球资源，包括人类，来实现其单一的、不受约束的目标。其根本危险在于对一个智力上远远优越的系统失去控制。

关于优先顺序的争论——即安全性和对齐研究是否应该先于能力发展——是该领域最具争议的问题之一。“安全第一”的支持者认为，既然我们尚不清楚如何严格控制一个超智能系统，过早地创建它就如同制造一个强大的核武器却不知道如何关闭或保护它。他们主张放缓能力发展，直到基本的对齐问题（确保AI理解并按照人类福祉运作）得到解决。

相反，那些优先考虑能力发展的人认为，AGI带来的社会效益（解决气候变化、治愈疾病）过于巨大，不容拖延，而且安全措施可以也应该在能力提升的同时迭代整合。此外，还存在地缘政治因素，因为第一个实现AGI的实体可能会获得难以逾越的战略优势。归根结底，虽然两个研究方向都至关重要，但AGI的性质表明，失败的潜在后果如此之高，以至于解决对齐问题——确保其目标是良性的——可以说是人类目前面临的最重要的挑战。"
活字印刷机是何时由谁发明的？,活字印刷机由约翰内斯·古腾堡于15世纪中期，大约在1440年发明。古腾堡是一位德国金匠，他改进了现有的螺旋压榨机（用于压榨葡萄酒和橄榄油），并开发了油基墨水，这种墨水能很好地附着在金属活字上。这项发明极大地降低了复制文件的成本，并直接促成了信息时代的到来。,活字印刷机由德国金匠约翰内斯·古腾堡于15世纪中期，大约在1440年发明。
猎户座阿尔法（Orion Alpha）任务携带的总研究有效载荷质量是多少千克？,"猎户座阿尔法深空任务于2025年7月14日发射。在地月转移轨道注射阶段，它达到了每秒15,200米（m/s）的最大速度。总研究有效载荷质量为4,500千克（kg）。估计任务成本，包括开发、运载火箭和运营费用，总计38亿美元。","总研究有效载荷质量为4,500千克。"
根据提供的文本，好奇号火星车任务的主要科学目标是什么？,好奇号火星车，官方名称为火星科学实验室（MSL），是一辆汽车大小的火星车，旨在作为美国宇航局火星科学实验室任务的一部分，探索火星上的盖尔陨石坑。它于2011年11月26日从卡纳维拉尔角发射升空，并于2012年8月6日成功降落在盖尔陨石坑内的伊奥利亚平原上。该任务的主要科学目标包括调查火星的气候和地质，确定盖尔陨石坑是否曾提供有利于微生物生存的环境条件，以及研究水在该地区的作用。这辆火星车携带了十种科学仪器，包括照相机、光谱仪和辐射探测器，使其能够分析岩石、土壤和空气成分。它的主要电源是多任务放射性同位素热电发生器（MMRTG）。,该任务的主要科学目标包括调查火星的气候和地质，确定盖尔陨石坑是否曾提供有利于微生物生存的环境条件，以及研究水在该地区的作用。
达芬奇为卢多维科·斯福尔扎效力了多久？是哪个重大事件结束了这段赞助期？,莱昂纳多·达芬奇（1452–1519）是一位意大利博学者。他的早期职业生涯在佛罗伦萨当学徒，但他寻求更大的机会。1482年，他移居米兰，为米兰公爵卢多维科·斯福尔扎服务。在此期间，直到1499年斯福尔扎被法国军队推翻，达芬奇创作了重要的作品，包括《最后的晚餐》。法国入侵后，达芬奇逃离米兰，最终于1500年返回佛罗伦萨，尽管在此之前他曾为切萨雷·博尔吉亚工作过一段时间（1502-1503年），之后才再次定居佛罗伦萨。,他从1482年到1499年为斯福尔扎效力（17年）。赞助关系在斯福尔扎被法国军队推翻时结束。
硼元素的主要特性是什么,,硼 (B) 是一种化学元素，原子序数为 5。它是一种准金属（或类金属），这意味着它兼具金属和非金属的特性。它通常是一种坚硬的黑色物质，具有高度的耐热性，并且在室温下是一种不良的电导体。
根据玻尔模型，列出电子改变能级的两种主要机制，并说明发生这种改变的条件。,玻尔模型由尼尔斯·玻尔于1913年提出，该模型假设电子在特定的、固定的轨道（或“壳层”）上绕原子核运行，每个轨道都与固定的能量相关。电子只能通过吸收或发射能量光子在这些固定轨道之间移动，光子的能量正好等于两个轨道之间的能量差。该模型成功地解释了氢原子的光谱线，但未能准确描述具有多个电子的原子。,"改变的机制:
1. 吸收能量光子。
2. 发射能量光子。
条件: 光子的能量必须恰好等于两个轨道之间的能量差。"
最大的家猫品种是缅因猫还是暹罗猫？,,缅因猫
使得古罗马混凝土结构（例如万神殿）能够持续数千年之久的关键成分是什么？它是如何运作的？,,"赋予罗马混凝土 (opus caementicium) 寿命和耐久性的关键成分是火山灰，特别是火山灰（得名于意大利波佐利 (Pozzuoli)）。这种材料与石灰和碎石骨料混合形成结构。与现代波特兰水泥不同，后者在暴露于海水中时容易降解，而火山灰混凝土与水反应形成一种矿物化合物，称为水化硅酸铝钙（C-A-S-H）。

至关重要的是，这种特殊的化学结构具有独特的自修复特性。当微裂缝形成且水渗入时，石灰、火山灰和水中微量元素之间的反应会产生新的 C-A-S-H 晶体，这实质上“修补”了裂缝，阻止了它们的扩展。这种特性，尤其在海港柱等海洋环境中表现明显，使得罗马结构能够随时间推移增强强度，而非减弱。"
根据文本，古腾堡改良的印刷机产生了哪些主要的社会影响？,印刷机由约翰内斯·古腾堡于15世纪中叶（约1440年）在欧洲发明。尽管早些时候存在基本的印刷形式，但古腾堡改进了机械活字系统，使得文本的大规模生产成为可能。他最著名的早期作品是《古腾堡圣经》。这项发明通过提高识字率、快速传播知识和标准化语言，彻底改变了社会。在印刷机出现之前，书籍都是手工抄写的，这是一个缓慢且昂贵的过程。,古腾堡对印刷机的改进彻底改变了社会，因为它提高了识字率，实现了知识的快速传播，并有助于语言的标准化。
清理 Delta 表中陈旧数据文件的推荐方法是什么？,,清理不再被 Delta 事务日志引用的旧数据文件的推荐方法是使用 `VACUUM` 命令。它允许您指定一个保留阈值（通常最少为 7 天），超过该阈值后，未被引用的文件将被永久删除。请谨慎使用，因为此操作是永久性的，并且可能会影响时间旅行功能。
澳大利亚的首都是什么？,,澳大利亚的首都是堪培拉。
金门大桥的官方长度是多少英尺？,"金门大桥是一座横跨金门海峡的悬索桥，金门海峡是一英里宽的海峡，连接着旧金山湾和太平洋。大桥于1933年开始施工，但恶劣天气和经济挑战使项目复杂化。总工程师约瑟夫·施特劳斯负责监督施工，并优先考虑工人安全。大桥于1937年5月27日正式开放，尽管行人通道在前一天就已开放。它的总长度为8,981英尺（1.7英里）。这座标志性的颜色官方称为“国际橘”。目前，该桥每天处理约112,000辆汽车通行。从大桥的东侧可以看到恶魔岛。","金门大桥的总长度是8,981英尺。"
解释光合作用的关键步骤和所需组件。,,光合作用是植物、藻类和某些细菌用来将光能转化为化学能（主要形式为葡萄糖）的过程。它需要三个主要组成部分：水（H2O）、二氧化碳（CO2）和阳光。该过程分为两个主要阶段：（1）光反应（Light-Dependent Reactions）：发生在类囊体膜中，光能被叶绿素捕获并转化为ATP和NADPH，同时水被分解，释放氧气（O2）作为副产品。（2）卡尔文循环（The Calvin Cycle，或称光不依赖反应/Light-Independent Reactions）：发生在基质中，ATP和NADPH用于将大气中的二氧化碳“固定”成糖分子（葡萄糖）。
对于我最新的炼金术项目，我需要计算成本。龙鳞 (DS) 每片售价 50 金币 (GP)，仙女粉 (FD) 每撮售价 15 GP。如果配方需要 4 片龙鳞和 8 撮仙女粉，总成本是多少金币 (GP)？,,该炼金术项目的总成本是 320 金币 (GP)。这是通过将龙鳞的成本 (4 * 50 GP = 200 GP) 与仙女粉的成本 (8 * 15 GP = 120 GP) 相加计算得出的。
将以下产品库存数据列表转换为逗号分隔值 (CSV) 格式，确保标题为“产品名称”、“SKU”、“库存数量”和“再订购点”。,"产品: T-Shirt - Blue, 代码: TS-BL-SM, 库存: 150, 再订购阈值: 50
产品: T-Shirt - Red, 代码: TS-RD-LG, 库存: 45, 再订购阈值: 50
产品: Hat - Black, 代码: HAT-BK-OS, 库存: 210, 再订购阈值: 100
产品: Mug - Logo, 代码: MUG-LOG-STD, 库存: 98, 再订购阈值: 75","产品名称,SKU,库存数量,再订购点
T-Shirt - Blue,TS-BL-SM,150,50
T-Shirt - Red,TS-RD-LG,45,50
Hat - Black,HAT-BK-OS,210,100
Mug - Logo,MUG-LOG-STD,98,75"
谁创作了戏剧《罗密欧与朱丽叶》？,,威廉·莎士比亚被认为是悲剧《罗密欧与朱丽叶》的作者。
利用提供的文本，确定微波炉的发明者、第一个商业型号的名称以及其生产年份。,微波炉的发明归功于珀西·斯宾塞（Percy Spencer），他是一位受雇于雷神公司（Raytheon）的美国自学成才的工程师。1945年，斯宾塞在研究一套主动雷达装置时，注意到他口袋里的一块巧克力棒融化了。出于好奇，他进一步进行了实验，首先是爆米花，然后是一个鸡蛋，这个鸡蛋著名地在他的一位同事脸上爆炸了。第一台商用微波炉“Radarange”由雷神公司于1947年生产。它体积庞大，高近6英尺，重达750多磅，成本约为5000美元，主要用于商业厨房。,发明者是珀西·斯宾塞。第一个商业型号被称为“Radarange”，由雷神公司于1947年生产。
将以下元素分类为金属或非金属：氧、铁、氯、钠。,,铁和钠是金属。氧和氯是非金属。
开始投资股市时，有哪些必不可少的步骤？,,"开启您的投资之旅需要准备和明确的策略。金融专家建议遵循以下基本步骤：
1. **建立财务稳定基础：** 在投资之前，请确保您没有高息债务（如信用卡）并拥有一个稳健的应急基金，足以支付 3 到 6 个月的生活费用。
2. **确定目标和时间范围：** 确定您投资的*原因*（例如：退休、购房首付、短期储蓄）以及相关的时间跨度。这决定了您的风险承受能力。较长的时间范围通常允许承担更高的风险。
3. **选择合适的账户：** 优先考虑税收优惠账户，如 401(k)（尤其是有雇主匹配的情况下）或罗斯/传统个人退休账户（Roth/Traditional IRA）。对于标准券商，请选择可靠、低费用的平台。
4. **开始广泛分散投资：** 对于初学者来说，最安全、最推荐的方法是购买广泛市场的交易型开放式指数基金（ETFs）或低成本指数共同基金（例如，追踪标普 500 指数的基金）。这能立即将您的风险分散到数百家公司中。
5. **利用平均成本法（DCA）：** 不要试图“择时入市”，而是承诺定期（每月或每两周）投入固定金额。这可以减少在高价位时买入的风险。
6. **坚持长期投资：** 成功的投资很少是关于快速获利的。保持纪律，避免对市场低迷做出情绪化反应。"
一份有效的专业简历有哪些基本要素？,,"1. **清晰的联系信息：** 确保您的姓名、电话号码、专业电子邮件和领英（LinkedIn）个人资料（如适用）清晰可见。
2. **专业摘要/目标：** 一个简短、量身定制的段落，总结您的职业成就和与该职位相关的目标。
3. **倒叙时间顺序的工作经验：** 从最近的工作开始列出。尽可能使用强有力的动作动词并量化您的成就。
4. **教育背景和认证：** 包括相关的学位、机构和日期。列出能提升您资质的认证。
5. **相关技能：** 创建一个单独的部分，突出显示与职位描述关键词相匹配的硬技能（软件、语言）和软技能（领导力、沟通能力）。"
按时间顺序，列出玛丽·居里取得的主要学术成就和获得的诺贝尔奖。,玛丽·斯科沃多夫斯卡·居里（Marie Skłodowska Curie，1867年11月7日生于波兰华沙）是一位物理学家和化学家，她对放射性进行了开创性研究。她是第一位获得诺贝尔奖的女性，是第一位且唯一一位两次获得诺贝尔奖的女性，也是唯一一位在两个不同科学领域获得诺贝尔奖的人。1891年，她移居巴黎在索邦大学学习。经过多年的潜心研究，1903年，她因对自发辐射的研究，与她的丈夫皮埃尔·居里以及物理学家亨利·贝克勒尔共同获得了诺贝尔物理学奖。在皮埃尔去世后，她继续进行着开创性的工作，并于1911年因发现了元素镭和钋而获得了诺贝尔化学奖。第一次世界大战期间，她开发了被称为“小居里”（petites Curies）的移动式X射线装置。她于1934年7月4日在法国桑塞勒莫兹逝世。,"玛丽·居里取得的主要学术成就和获得的诺贝尔奖如下：
1. 移居巴黎并在索邦大学学习 (1891)。
2. 共同获得诺贝尔物理学奖 (1903)。
3. 获得诺贝尔化学奖 (1911)。"
地球海洋中最深的已知点是什么？它位于何处？,,"最深点是挑战者深渊，它位于西太平洋马里亚纳海沟的南部。它的近似深度接近 10,935 米（35,876 英尺）。"
解释光合作用的主要功能和必要组成部分。,光合作用是植物、藻类和某些细菌利用光能（通常来自太阳）转化为化学能的过程，这些化学能随后可释放出来为生物体的活动提供燃料（一种能量转换）。这种化学能储存在碳水化合物分子中，例如糖类，它们由二氧化碳和水合成。在大多数情况下，氧气作为废物释放。光合作用的总平衡方程是 6CO₂ + 6H₂O + 光能 → C₆H₁₂O₆ + 6O₂。这个过程需要三个关键组成部分：阳光、水 (H₂O) 和二氧化碳 (CO₂)。,光合作用是生物体将光能（通常来自太阳）转化为储存在碳水化合物分子（如糖类）中的化学能的过程，这些化学能为生物体的活动提供燃料。这个过程的必要组成部分是阳光、水 (H₂O) 和二氧化碳 (CO₂)。
确定以下经典小说的作者：《白鲸》和《呼啸山庄》。,,《白鲸》的作者是赫尔曼·麦尔维尔，《呼啸山庄》的作者是艾米莉·勃朗特。
暗物质和暗能量之间有什么区别？为什么它们对宇宙学很重要？,,"暗物质和暗能量是宇宙中两种根本不同的组成部分，但它们都带有“暗”（Dark）这个名称，因为两者都无法通过电磁辐射（光）被直接观测到。它们共同构成了宇宙总质能含量的约95%，这使得它们对于理解宇宙的结构和演化至关重要。

**暗物质**是一种仅通过引力与可见物质相互作用的物质形式。它不吸收、反射或发射光。它的存在是通过观测其引力效应推断出来的，特别是对星系和星系团的引力效应——这些天体旋转得太快，单靠其可见物质质量不足以维系其结构。暗物质起着宇宙“支架”的作用，提供了形成星系等结构所必需的引力锚点。它会减缓宇宙的膨胀，但在局部增强引力聚拢。

**暗能量**则相反，它是一种神秘的能量形式，均匀分布在整个空间中，并起到排斥性的反引力作用。它是观测到的宇宙加速膨胀背后的驱动力。本质上，虽然暗物质有助于在局部将事物拉到一起，但暗能量却正在以不断增加的速度在全球范围内将宇宙推开。

它们的重要性是至高无上的：如果不考虑暗物质和暗能量，标准宇宙学模型（Lambda-CDM模型）就无法解释诸如宇宙微波背景辐射、大尺度结构的形成以及宇宙膨胀历史等观测现象。"
根据国际天文学联合会（IAU）的定义，解释行星和矮行星之间的主要区别。,,国际天文学联合会（IAU）为一个天体被归类为行星设定了三个标准。行星和矮行星都满足前两个标准：它们必须围绕太阳运行，并且必须拥有足够的质量来呈现出接近圆形的形状（流体静力平衡）。决定性的区别在于第三个标准：行星必须“清空”其轨道周围的区域，这意味着它是其轨道路径上引力占主导地位的天体。矮行星，例如冥王星、谷神星和阋神星，不符合这第三个标准，因为它们与其他重要的天体共享其轨道区域。
列出简·奥斯汀（Jane Austen）创作的三部最受好评的小说。,,"1. 傲慢与偏见
2. 理智与情感
3. 爱玛"
根据提供的文本，谁被认为是青霉素的最初发现者，是哪一年？,青霉素是一组抗生素，最初来源于青霉菌，特别是金青霉菌（P. chrysogenum）和红青霉菌（P. rubens）。它是首批能有效对抗由葡萄球菌和链球菌引起的许多严重细菌感染的药物之一。青霉素的发现通常归功于1928年在伦敦圣玛丽医院工作的苏格兰医生亚历山大·弗莱明。然而，在20世纪40年代初，霍华德·弗洛里、恩斯特·钱恩和诺曼·希特利开创了其大规模生产和医疗应用。青霉素的引入标志着医学上的一场革命，并促成了抗生素时代的到来。,苏格兰医生亚历山大·弗莱明通常被认为是1928年青霉素的发现者。
提供列出的每个化学符号的完整元素名称。,"Fe, Au, K, Na, S",Fe 是铁，Au 是金，K 是钾，Na 是钠，S 是硫。
根据这段文字，首款商用微波炉的关键规格和名称是什么？,"现代微波炉主要是在雷神公司（Raytheon）的美国工程师珀西·斯宾塞（Percy Spencer）发明的技术基础上发展起来的。1945年，斯宾塞在研究涉及有源雷达设备的军事雷达技术时，注意到当他暴露在有源雷达系统下时，他口袋里的一块糖果融化了。他对此很感兴趣，于是开始尝试将磁控管波导向各种食物，首先是爆米花，然后是一个鸡蛋（它立即爆炸了）。雷神公司于1945年10月8日申请了微波烹饪工艺的专利。首款商用微波炉是“Radarange”，于1947年发布。它将近6英尺高，重750磅，价格在2,000美元到3,000美元之间。它需要管道进行冷却，主要出售给大型餐馆和军方食堂。直到20世纪60年代末，随着更小、更经济的台面式型号的出现，家庭才开始广泛采用微波炉。","首款商用型号是“Radarange”，于1947年发布。它将近6英尺高，重750磅，价格在2,000美元到3,000美元之间。"
复仇者联盟漫画团队首次亮相时，其初始阵容由哪些角色组成？,,复仇者联盟的初始阵容由斯坦·李和杰克·科比创作，在《复仇者联盟》第1期（1963年9月）中首次亮相，由五名创始成员组成：钢铁侠（托尼·史塔克）、雷神托尔、绿巨人（布鲁斯·班纳）、蚁人（汉克·皮姆）以及黄蜂女（珍妮特·范·戴因）。尽管美国队长是一个关键人物，但他在从假死状态中被唤醒后，直到后来的第4期中才加入团队。
列出西罗马帝国衰落的主要促成因素。,罗马帝国是古代世界最大的帝国之一，横跨欧、北非、中东三大洲。它通常以公元前27年奥古斯都的统治开始。西罗马帝国崩溃的传统日期是公元476年，当时日耳曼首领奥多亚塞废黜了末代皇帝罗慕路斯·奥古斯都。衰落的主要促成因素包括经济不稳定、军事力量过度扩张以及严重的政治腐败。,经济不稳定、军事力量过度扩张以及严重的政治腐败。
辉锑矿这种矿物最早是在哪里被记载的？,,辉锑矿是一种相对稀有的锑氧硫化物矿物。它于1843年由弗朗茨·里特·冯·豪尔（Franz Ritter von Hauer）根据在波希米亚（今捷克共和国）佩济诺克（Pezinok）附近发现的样本，正式记载和描述。
根据以下美国州是否毗邻太平洋或大西洋进行分类：缅因州、加利福尼亚州、俄勒冈州、佛罗里达州、纽约州、华盛顿州、佐治亚州、马萨诸塞州、北卡罗来纳州、夏威夷州,,毗邻太平洋的州有加利福尼亚州、俄勒冈州、华盛顿州和夏威夷州。毗邻大西洋的州有缅因州、佛罗里达州、纽约州、佐治亚州、马萨诸塞州和北卡罗来纳州。
解释罗塞塔石碑的主要功能和意义。,,罗塞塔石碑是一块由花岗闪长岩制成的石碑，上面刻有公元前196年，在埃及孟菲斯为托勒密五世国王颁布的法令的三个版本。这块石碑的主要意义在于该法令是以三种不同的文字书写的：顶部是古埃及象形文字，中间是世俗体文字，底部是古希腊文。由于古希腊文文本被学者们充分理解，这块石碑为现代理解已经数百年无人能读懂的埃及象形文字提供了关键钥匙。它的解读工作主要由让-弗朗索瓦·商博良于1822年完成，这一成果为我们揭示了有关古埃及文明和语言的大量历史信息。
哪个缩写代表联合国教育、科学及文化组织？,,UNESCO
解释北极光产生的原因。,,北极光（或称“北方之光”）是由来自太阳的带电粒子撞击地球大气层中的原子和分子所致。这些粒子被地球磁场导向极地，从而产生了绚丽多彩的光幕。
解释天气和气候之间的区别。,,天气指的是短时间内（数小时或数天）的大气状况，包括温度、湿度、降水和风等变量。相反，气候描述的是在特定区域内长期（通常是 30 年或更长时间）观察到的平均天气状况。
解释计算机系统中随机存取存储器 (RAM) 和只读存储器 (ROM) 之间的核心功能和结构差异。,,RAM（随机存取存储器）是易失性存储器，用于存储正在使用的工作数据和机器代码。它速度快，对于计算机的活跃运行是必需的，但当计算机断电时，存储在RAM中的所有数据都会丢失。RAM 被设计用于持续的读写操作。相反，ROM（只读存储器）是非易失性存储器。它存储固件（例如 BIOS 或 UEFI），这对于启动和初始化计算机系统至关重要。ROM 中的数据通常在制造或刷写期间写入，即使断开电源也会保留。虽然现代 ROM 变体有时可以重写，但其基本目的仍然是存储永久性的低级指令。
谁是负责稳定和大规模生产青霉素的科学家？,亚历山大·弗莱明于1928年发现青霉素是医学史上的一个关键时刻。然而，该药物随后发展成可用的治疗剂直到20世纪40年代初才实现。是霍华德·弗洛里和恩斯特·钱恩（在牛津大学工作）设法稳定并大规模生产了这种化合物，这主要是受到第二次世界大战期间对更好治疗方法的需求的推动。,霍华德·弗洛里和恩斯特·钱恩。
概述在标准乘用车上安全更换爆胎所需的基本步骤。,,"1. 将车辆停靠在远离交通的安全、平坦地点，并拉上手刹（驻车制动）。
2. 找到并收集备胎、千斤顶和轮胎扳手。
3. 在轮胎仍在地面上时，使用扳手松开（但不要完全卸下）螺母。
4. 将千斤顶放置在车辆底盘架上，抬高汽车直到爆胎完全离开地面。
5. 完全卸下螺母，取下爆胎，然后安装备胎。
6. 以星形图案用手拧紧螺母。
7. 将车辆完全放下，然后使用扳手将螺母牢固地拧紧。
8. 收拾所有设备，并尽快检查备胎压力。"
识别并描述莎士比亚《麦克白》主角的三个主要悲剧性缺陷（过失）。,,最突出的缺陷是无节制的野心。麦克白对权力的渴望，在女巫的预言和麦克白夫人的操纵下，超越了他的道德指南，驱使他弑君。第二个关键缺陷是傲慢和过度自信，尤其是在他第二次与女巫接触之后，那些神秘的预言（比尔南森林，“非妇人所生”）使他相信自己是无敌且不可触犯的。最后，意志摇摆不定和易受暗示是他的一大失败；尽管麦克白在内心与道德作斗争，但他总是被外部的、黑暗的影响（女巫、他的妻子）所左右，而不是坚守他最初的底线。
哪一个术语描述的是一段极端寒冷的天气？热浪还是寒潮,,寒潮
第一位获得诺贝尔奖的女性是谁？她获奖的领域是什么？,,玛丽·居里是第一位获得诺贝尔奖的女性。她于1903年被授予诺贝尔物理学奖。
描述帝国时期罗马军团的标准组织结构，包括各个步兵大队的职能。,"在帝国时期，一个标准的罗马军团由大约5,000名重装步兵组成。整个战斗部队被组织成十个步兵大队。这十个大队的结构并非统一；第一大队是独特的。它被认为是精锐大队，包含五个双倍编制的百人队，使其总兵力达到约800人。剩下的九个大队（第二大队到第十大队）是标准编制，每个大队包含六个常规百人队，每个标准大队共计480人。最小的战术单位是百人队，通常由80人组成，由百夫长领导。军团的最高指挥官是军团长。尽管辅助部队（如骑兵和轻步兵）经常与军团协同作战，但它们在结构上与军团步兵大队本身是分开的。","罗马军团是一个由大约5,000名重装步兵组成的组织，结构分为十个步兵大队。第一大队是独特的，属于双倍编制，包含五个百人队，总计800人。第二大队到第十大队是标准编制，每个大队由六个百人队组成，每个大队共计480人。最小的单位是百人队（80人），由百夫长领导，最高指挥官是军团长。"
根据提供的文本，总结暗物质的主要特征和估计的宇宙比例。,暗物质是一种假想的物质形式，被认为约占宇宙中物质总量的85%，并占其总能量密度的四分之一左右。它不能通过望远镜直接看到；相反，它的存在和性质是通过它对可见物质、辐射和宇宙大尺度结构的引力效应推断出来的。目前的估计表明，暗物质约占总质能密度的27%，而普通物质仅占5%。剩下的68%归因于暗能量。尽管暗物质尚未被直接探测到，但主流理论认为它由弱相互作用大质量粒子（WIMPs）组成。,"暗物质的主要特征和比例是：
- 它是一种假想的物质形式，估计占宇宙中物质总量的85%。
- 它约占宇宙总质能密度的27%。
- 暗物质不能被直接看到；它的存在是通过它对可见物质的引力效应推断出来的。
- 最主要的理论提出暗物质由弱相互作用大质量粒子（WIMPs）组成。"
光的加色模型中的三原色是什么？,,红、绿、蓝 (RGB)
掌握一项新技能的三个有效方法是什么？,,最有效的方法涉及结构化和强度相结合。首先，实施“刻意练习”，这意味着您将专注的时间用于解决技能中最困难的部分，而不是重复您已经知道的内容。其次，确保您建立一个不可动摇的日常习惯，即使只有15分钟，因为对于长期掌握来说，持续性胜过零星的强度。第三，找到获取即时和客观反馈的方法，无论是通过导师、可衡量的指标还是自我录制。
解释小苏打和泡打粉之间的区别。,,小苏打（碳酸氢钠）和泡打粉都是膨松剂，但它们的作用方式不同。小苏打需要酸（如酪乳、酸奶或醋）和水分才能产生二氧化碳气体，使烘焙食品膨胀。然而，泡打粉本质上是小苏打与干酸（通常是塔塔粉）和淀粉（用于吸收水分）预先混合而成的。因为它已经含有必要的酸，泡打粉只需要液体和热量即可激活其膨松特性。大多数食谱为了方便使用泡打粉，而当食谱中已包含酸性成分时则使用小苏打。
提供冲泡一杯完美法压壶咖啡的基本步骤。,,"1) 加热水：将水烧至刚沸腾状态（理想温度在 195°F 到 205°F 之间）。沸水可能会“烧焦”咖啡。
2) 粗研磨：使用磨盘式研磨机研磨至粗糙、均匀的程度。过细的咖啡粉会渗过滤网，使咖啡口感粘稠。
3) 混合：将咖啡粉加入法压壶底部。常见的比例是每 6 盎司水使用 2 汤匙咖啡粉。
4) 闷蒸和搅拌：倒入一半热水，确保所有咖啡粉都被浸湿。等待 30 秒进行“闷蒸”（膨胀），然后轻轻搅拌。
5) 浸泡：倒入剩余的水并盖上盖子，但暂不要压下滤压器。让咖啡浸泡 4 分钟。
6) 按压：缓慢而稳定地将滤压器垂直向下推，以分离咖啡渣和咖啡液。立即饮用。"
根据描述，廷巴克图扮演了什么重要的历史角色？,廷巴克图是马里的一座城市，位于尼日尔河以北。历史上，它是跨撒哈拉贸易路线的中心枢纽，以食盐、黄金以及通过其古代图书馆和桑科雷大学传播伊斯兰学术而闻名。,跨撒哈拉贸易路线的中心枢纽
解释绗缝的工艺流程。,,绗缝是一种将至少三层材料缝合或以其他方式固定在一起的方法：拼布面（通常是由图案布料拼凑而成的面层）、填充棉或棉絮（作为隔热的中间层）、和底布。用于将这些层固定在一起的针脚形成了装饰图案，并防止内部的填充棉移位，从而制成了一种耐用且通常保暖的纺织品。
区分飓风和台风的决定性因素是什么？,热带气旋是强大的、旋转的风暴系统，伴有强风和暴雨。飓风、台风和热带气旋这些分类术语并非描述不同的物理结构或强度，而是描述风暴形成的地理区域。具体来说，起源于大西洋或东北太平洋的风暴被称为飓风。在西北太平洋形成的风暴被称为台风。在南太平洋和印度洋地区，通常使用的术语是“强烈气旋风暴”或“热带气旋”。,这种区别纯粹是地理上的。从气象学上讲，它们是相同的现象（热带气旋）。如果风暴形成于大西洋或东北太平洋，则被称为飓风；如果形成于西北太平洋，则被称为台风。
詹姆斯·韦伯太空望远镜的主要任务目标是什么？,詹姆斯·韦伯太空望远镜 (JWST) 于 2021 年 12 月 25 日在法属圭亚那的欧洲航天港由阿丽亚娜 5 号火箭发射升空。它是哈勃太空望远镜的继任者。其主要任务目标包括观测宇宙中形成的第一批恒星和星系，以及描述系外行星的特征。,JWST 的主要任务目标包括观测宇宙中形成的第一批恒星和星系，以及描述系外行星的特征。
第一个银河帝国超级武器的官方名称是什么？,,DS-1 轨道战斗站
著名的埃尔西诺城堡，即威廉·莎士比亚悲剧《哈姆雷特》的主要背景地，位于哪个国家,,丹麦
总结青霉素发现和开发过程中的关键里程碑和相关人物。,青霉素是世界上第一种真正的抗生素，由苏格兰医生兼细菌学家亚历山大·弗莱明（Alexander Fleming）于1928年在伦敦圣玛丽医院发现。弗莱明注意到，污染了含有葡萄球菌培养皿的一种霉菌抑制了细菌的生长。他将这种霉菌鉴定为点青霉（Penicillium notatum）。然而，弗莱明难以分离和稳定活性化合物以进行大规模生产和临床应用。直到1930年代末和1940年代初，由牛津科学家霍华德·弗洛里（Howard Florey）和恩斯特·钱恩（Ernst Chain）领导的团队才成功开发出大量纯化和生产青霉素的方法。他们的工作，特别是在第二次世界大战期间，彻底改变了医学，挽救了数百万人的生命，使弗莱明、弗洛里和钱恩共同获得了1945年诺贝尔生理学或医学奖。,青霉素于1928年首次由亚历山大·弗莱明发现，他观察到点青霉抑制了细菌的生长。尽管弗莱明确定了这种物质，但直到1930年代末和1940年代初，霍华德·弗洛里和恩斯特·钱恩的牛津团队才实现了它的稳定化和大规模纯化，使其在第二次世界大战期间具有医疗可行性。
谁是第一个登上月球的人？,,尼尔·阿姆斯特朗
解释 Wi-Fi 路由器和有线调制解调器之间的根本区别。,,调制解调器（modulator/demodulator）是一种将您的家庭网络直接连接到您的互联网服务提供商（ISP），并在外部线路上转换数据信号的设备。相比之下，路由器则利用调制解调器提供的单一互联网连接，在您家中创建一个局域网（LAN），允许多个设备同时连接到互联网并相互通信。
2006年IAU裁决中，冥王星的名字满足了哪些标准？它的物理分类又未能满足哪个标准？,1930年，克莱德·汤博（Clyde Tombaugh）在洛厄尔天文台发现了冥王星。它最初被归类为第九大行星，并以罗马神话中的冥界之神命名。这个名字是由英国牛津一位对古典神话感兴趣的11岁女学生维妮莎·伯尼（Venetia Burney）提出的。之所以选择这个名字，部分原因是前两个字母“PL”是珀西瓦尔·洛厄尔（Percival Lowell）的首字母缩写，他曾预测存在第九颗行星（X行星）。2006年，国际天文学联合会（IAU）重新定义了“行星”一词，导致冥王星被重新划分为矮行星。该决定要求天体必须满足三个标准，其中冥王星未能满足一项：它没有“清除”其轨道周围的“邻近区域”。,冥王星的名字满足了两个主要标准：它以罗马神话中的冥界之神命名（符合年轻提案人对古典神话的兴趣），并且其首字母“PL”是预测它存在的珀西瓦尔·洛厄尔的首字母缩写。冥王星未能满足2006年IAU的分类标准，该标准要求它必须“清除”其轨道周围的“邻近区域”。
描述脱氧核糖核酸（DNA）的基本结构和组成。,脱氧核糖核酸（DNA）是一种分子，由两条长链相互缠绕形成双螺旋结构。这种结构携带着所有已知生物体和许多病毒的发育、功能、生长和繁殖所需的遗传指令。DNA由称为核苷酸的单元组成。每个核苷酸有三个部分：一个磷酸基团、一个糖基团（脱氧核糖）和四种含氮碱基中的一种：腺嘌呤（A）、胸腺嘧啶（T）、鸟嘌呤（G）或胞嘧啶（C）。双螺旋结构的两条链通过互补碱基对之间的氢键连接在一起（A总是与T配对，G总是与C配对）。这些碱基的序列决定了遗传密码。,脱氧核糖核酸（DNA）是一种分子，由两条长链相互缠绕形成双螺旋结构，携带着生物体的遗传指令。DNA由核苷酸组成，每个核苷酸包含一个磷酸基团、一个糖基团（脱氧核糖）和四种含氮碱基中的一种：腺嘌呤、胸腺嘧啶、鸟嘌呤或胞嘧啶。链通过互补碱基对之间的氢键连接在一起（A与T配对，G与C配对）。
解释光合作用的基本化学方程式。,,核心方程式是 $6CO_2 + 6H_2O + Light Energy \rightarrow C_6H_{12}O_6 + 6O_2$，它表明二氧化碳和水利用光能产生了葡萄糖（糖）和氧气。
介绍一下埃菲尔铁塔。,"埃菲尔铁塔是位于法国巴黎战神广场上的一座熟铁格子塔。它以工程师古斯塔夫·埃菲尔的名字命名，他的公司设计并建造了这座塔。它建于1887年至1889年间，作为1889年世界博览会的入口。最初，它因其设计受到法国一些主要艺术家和知识分子的批评，但此后它已成为法国的全球文化象征，也是世界上最知名的建筑之一。这座塔高330米（1,083英尺），与一座81层的建筑大致相同，是巴黎最高的建筑。在2022年加装新的数字无线电天线后，它的高度有所增加。它是世界上参观人数最多的付费纪念碑。",埃菲尔铁塔是位于巴黎的一座巨大的熟铁结构建筑，由古斯塔夫·埃菲尔为1889年世界博览会设计。有趣的是，当它刚建成时，许多巴黎人认为它很丑陋！当然，现在它已成为全球最著名的地标之一。它还以其令人印象深刻的高度而闻名，高耸超过330米，并被公认为世界上参观人数最多的付费纪念碑。
将以下项目分为两组：水果和蔬菜：番茄、苹果、胡萝卜、葡萄、西葫芦、香蕉、土豆、橙子。,,水果是番茄、苹果、葡萄、西葫芦、香蕉和橙子。蔬菜是胡萝卜和土豆。
描述一座完全存在于水下的城市，这座城市由地热喷口和生物发光提供动力。重点描述感官体验。,,阿夸提卡城（Aquatica）是一个永恒的蓝宝石黄昏领域。唯一的声音是水拍打在加压穹顶上发出的低沉、有节奏的叹息声，以及远处地热发动机发出的低沉轰鸣声。光线来自在螺旋形高耸玻璃结构之间漂浮的、人工培育的生物发光浮游生物群，投射出怪异的绿色和紫色阴影。内部的空气中弥漫着淡淡的臭氧和净化盐水的味道，这与在舷窗外感受到的丝滑温暖的水流形成了鲜明对比。
根据文本，古代奥林匹克运动会中最早进行的竞技项目是什么？运动会多久举办一次？,古代奥林匹克运动会是城邦代表之间的一系列体育竞赛，也是古希腊泛希腊运动会之一。它们是为了纪念宙斯而举办的。有文件记载的第一次运动会于公元前776年在希腊的奥林匹亚举行，尽管它们可能开始得更早。运动会传统上每四年举行一次，即“奥林匹亚周期”（Olympiad），这成为该地区历史纪年中的时间单位。最初，只进行了一个项目——场地赛跑（stadion，一种短跑）。随着时间的推移，增加了摔跤、拳击、战车比赛和五项全能等项目。,最早进行的竞技项目是场地赛跑（stadion）。运动会传统上每四年举行一次，被称为一个奥林匹亚周期。
罗马帝国是在什么时候正式且永久地分裂成两个实体的？这两个继承国的名称分别是什么？,,罗马帝国于公元395年，在狄奥多西一世皇帝去世后，正式且永久地分裂。由此产生的实体是西罗马帝国和东罗马帝国（后者后来被称为拜占庭帝国）。
传统电流是如何定义的，它与电子的实际流动有何关系？,"电荷的运动被称为电流，其强度通常以安培（ampere）为单位衡量。电流可以由任何移动的带电粒子组成；最常见的是电子，但任何运动中的电荷都构成电流。电流可以流过某些物质（电导体），但不能流过电绝缘体。
根据历史惯例，正电流的方向定义为与它所包含的任何正电荷的流动方向相同，或从电路中最正的部分流向最负的部分。以这种方式定义的电流称为传统电流（conventional current）。带负电的电子在电路中的运动（这是最常见的电流形式之一）因此被认定为与电子运动方向相反的正向电流。然而，根据条件的不同，电流可以是由向任一方向，甚至同时向两个方向流动的带电粒子组成。正极到负极的惯例被广泛用于简化这种情况。
电流通过物质的过程被称为电传导，其性质取决于带电粒子及其所经过的材料。电流的例子包括金属传导（其中电子流经金属等导体）和电解（其中离子，即带电原子，流经液体或等离子体，例如电火花）。虽然粒子本身的移动速度可能相当慢，有时平均漂移速度只有每秒几分之一毫米，但驱动它们的电场本身以接近光速的速度传播，使得电信号能够沿导线快速传递。
在工程或家庭应用中，电流通常被描述为直流电 (DC) 或交流电 (AC)。这些术语指的是电流随时间变化的方式。直流电（例如电池产生的、大多数电子设备所需的）是从电路的正极部分到负极部分的单向流动。 如果像最常见的情况那样，这种流动由电子承载，那么电子将朝相反的方向移动。交流电是任何反复改变方向的电流；这几乎总是采用正弦波的形式。因此，交流电在导体中来回脉冲，而电荷在一段时间内没有净移动距离。交流电的时间平均值为零，但它首先向一个方向输送能量，然后向相反方向输送。交流电受到在稳态直流电下未观察到的电特性（例如电感和电容）的影响。然而，当电路遭受瞬态变化（例如首次通电时）时，这些特性可能会变得很重要。",根据历史惯例，正电流的方向定义为与它所包含的任何正电荷的流动方向相同，或从电路中最正的部分流向最负的部分。以这种方式定义的电流称为传统电流。带负电的电子在电路中的运动（这是最常见的电流形式之一）因此被认定为与电子运动方向相反的正向电流。
著名的“小黄瓜”建筑结构位于哪个城市？,,该建筑官方名称为“圣玛丽阿克斯 30 号”，昵称为“小黄瓜”，位于英国伦敦。它于 2004 年竣工，并以其独特的黄瓜状造型而闻名。
"将以下单词归类到它们各自的词性（名词、动词、形容词或副词），并为每种词性提供一个简短的定义：quickly, dog, ran, blue, happiness, severely, speak, tall。",,"名词被识别为：
dog, happiness

动词被识别为：
ran, speak

形容词被识别为：
blue, tall

副词被识别为：
quickly, severely

定义：
名词：用于识别某一类别的人、地点、事物或想法的词。
动词：用于描述动作、状态或发生的词。
形容词：修饰或描述名词或代词的词。
副词：修饰动词、形容词或其他副词的词，通常回答“如何”、“何时”、“何地”或“到何种程度”等问题。"
习语“壁橱里的骷髅”的起源是什么？,,这个习语指的是一个家庭或个人过去隐藏的、可耻的秘密或丑闻。虽然其确切的历史起源尚有争议，但它在19世纪开始流行起来，特别是在侦探小说中。一个普遍的（尽管有争议的）理论表明，它起源于医生或解剖学家，他们在难以获取尸体用于研究的时期，将人体遗骸非法藏匿在他们的家中或诊所里。
起草一份简短的内部备忘录，宣布强制性的、预定的系统维护窗口。确保备忘录包含主题行、日期和要求的用户操作。,受影响系统：财务报告门户 (FRP)。维护日期：11月15日星期三。时间：晚上 11:00 - 凌晨 2:00。用户操作：确保在晚上 11:00 前完成并关闭所有报告。,"主题：重要系统维护通知：财务报告门户 (FRP)

各位同事，

请注意，财务报告门户 (FRP) 将于 11 月 15 日星期三晚上 11:00 至次日凌晨 2:00 进行强制性系统维护。在此期间，系统将不可用。

所需操作：请确保在星期三晚上 11:00 之前完成所有报告和数据录入，并关闭门户。在此期间进行的任何工作都可能丢失。

感谢您的配合。
IT 支持部门"
解释在亚历山大·弗莱明最初发现青霉素之后，是谁负责将其发展成可用的医疗药物。,青霉素是苏格兰医生亚历山大·弗莱明于1928年在伦敦圣玛丽医院发现的。他注意到一种霉菌（青霉菌 *Penicillium notatum*）污染了金黄色葡萄球菌（*Staphylococcus*）培养皿，并意识到它能阻止细菌生长。尽管弗莱明公布了他的发现，但他难以分离出活性化合物。直到20世纪40年代初，牛津大学由霍华德·弗洛里和恩斯特·钱恩领导的团队才开发出大规模生产和纯化青霉素的方法，使其在第二次世界大战期间有效地用于治疗人类感染。,20世纪40年代初，牛津大学由霍华德·弗洛里和恩斯特·钱恩领导的团队负责开发了大规模生产和纯化青霉素的方法，使其适合并有效地用于治疗人类感染。
解释“暗物质”的概念以及科学家为何相信它存在。,,"暗物质是一种假想的物质形式，被认为约占宇宙总质量的85%。与普通物质（如恒星、行星和气体）不同，它不发射、吸收或反射光线，使其对电磁辐射完全不可见。科学家无法直接观测到它。它的存在完全是通过它对可见物质、辐射和宇宙整体结构的引力效应推断出来的。

支持暗物质存在的关键证据包括：

*   **星系旋转曲线：** 星系旋转得太快了。如果它们只包含观测到的可见物质，它们就会自行解体。观测到的引力需要一个巨大的、不可见的晕环围绕着星系。
*   **引力透镜：** 观测表明，来自遥远物体的光线被扭曲和弯曲的程度，超出了仅由可见物质所能解释的范围，这表明存在看不见的质量。
*   **宇宙微波背景 (CMB)：** CMB中的模式表明，暗物质对于宇宙初始结构的快速形成是必要的，它充当了普通物质的引力支架。"
描述木星上的大红斑，并解释它为何闻名。,,大红斑是位于木星南半球的一个巨大、持续性的风暴。它之所以闻名，是因为它是太阳系中已知最大的反气旋风暴，比地球本身还要宽。观测表明，它已经持续活跃了至少 350 年，尽管它的整体尺寸在现代似乎正在缩小。
我可以使用标准的乳胶漆直接涂刷在现有的油性半光泽装饰条上吗？,,你不应该直接这样做。乳胶漆不能很好地附着在光滑的油性饰面上，很可能会迅速剥落或崩裂。你必须首先去除表面的油污，轻轻打磨（或“去光”），然后涂上一层专为油性和水性涂料之间过渡而设计的粘合底漆（例如虫胶基底漆或高附着力混合底漆）。底漆固化后，就可以成功涂刷乳胶漆了。
我们太阳系中最大的行星是哪颗？,,"我们太阳系中最大的行星是木星。它是一颗气态巨行星，主要由氢和氦组成。木星的质量是太阳系中所有其他行星质量总和的两倍半以上，其赤道直径约为142,984公里（88,846英里）。"
通货膨胀是如何衡量的？美国经济学家和政策制定者使用的主要指标有哪些？,,"通货膨胀通常是通过观察一段时间内一篮子标准化商品和服务的平均价格水平的百分比变化来衡量的。经济学家经常使用各种价格指数来衡量这些变化，指数的选择取决于所跟踪的具体价格（例如，消费品对比生产者成本）。

在美国使用的两个主要指标是消费者价格指数（CPI）和个人消费支出价格指数（PCE）。

### 消费者价格指数 (CPI)

**消费者价格指数（CPI）**由劳工统计局（BLS）每月发布，是引用最频繁的通货膨胀衡量指标。它代表城市消费者为固定的一篮子消费品和服务（包括食品、住房、服装、交通和医疗保健）支付的价格随时间变化的平均水平。CPI对于计算社会保障福利和许多私人劳动协议中的生活成本调整（COLAs）至关重要。

### 个人消费支出（PCE）

**个人消费支出价格指数（PCE）**由经济分析局（BEA）发布，是美联储制定货币政策的首选指标。PCE被认为比CPI更广泛，因为它涵盖了更广泛的商品和服务范围，并包括了代表家庭进行的支出（如雇主提供的医疗保险）。至关重要的是，PCE采用动态加权系统，这意味着它考虑了替代效应（如果苹果价格上涨，该指数假设消费者可能会转向更便宜的香蕉），这通常会导致年度通货膨胀数据略低于CPI。

### 其他关键指标

**核心通货膨胀（Core Inflation）：** CPI和PCE通常会报告“核心”通胀率，即剔除波动较大的食品和能源价格后的比率。该指标提供了一个更清晰的潜在、长期通胀趋势，排除了短期供应冲击的影响。

**生产者价格指数（PPI）：** PPI跟踪国内生产者在一段时间内收到的产出销售价格的平均变化。虽然它不是衡量消费者通胀的指标，但PPI是一个重要的领先指标，因为生产者成本的上升通常会转化为后期消费者价格的上涨。"
列出古代世界的三大奇迹。,,古代世界的三大奇迹是吉萨金字塔、亚历山大灯塔和罗德岛巨像。
列举被认为导致古典玛雅城市崩塌和废弃的主要环境和社会压力。,后古典时期（约公元 800–1000 年）见证了玛雅政治结构在南部低地的瓦解。学者们普遍认为，这并非由单一事件造成，而是系统性问题的复杂相互作用所致。环境压力是重要的因素；有证据表明，长期、严重的干旱（可能持续数十年）严重削弱了农业产出，尤其是玉米的产量。此外，集约化的耕作方式，如刀耕火种，导致了广泛的森林砍伐和水土流失，使得土地的恢复力下降。社会问题加剧了环境危机。提卡尔和卡拉克穆尔等主要城邦之间持续不断的战争，将劳动力和资源从维护和粮食生产中转移开。一些城市中心的人口过剩对当地资源造成了不可持续的压力。最后，当神圣的国王（k'uhul ajaw）无法再保证繁荣或降雨时，他们的集中权威可能受到破坏，导致内部动荡和贸易网络的瓦解。,这次崩溃是由多种因素驱动的系统性失败。关键的环境压力包括长期严重的干旱，以及导致森林砍伐和水土流失的不可持续的耕作方式。导致衰落的社会因素包括城邦之间持续不断的战争、人口过剩给当地资源带来的压力，以及神圣统治者在未能确保降雨等基本资源时随后失去的信誉和权威。
概述围绕人工智能（AI）的快速发展和部署的主要伦理问题。,,"人工智能的快速发展带来了若干关键的伦理挑战，需要政策制定者、开发者和公众积极应对。一个主要担忧是**算法偏见和公平性**。由于人工智能模型是基于历史数据训练的，它们往往会继承并放大现有的与种族、性别或社会经济地位相关的社会偏见，从而在招聘、贷款或刑事司法系统等领域导致歧视性结果。确保数据的代表性，并对模型进行公平性结果审计至关重要。

其次，存在一个重要问题，即**透明度和可解释性（“黑箱”问题）**。许多复杂的人工智能模型无法清楚地阐明它们做出特定决定的*原因*。这种缺乏可见性的情况使得问责制难以实现，尤其是在医疗或自动驾驶等高风险领域，并会侵蚀公众信任。

第三，必须对经济影响进行管理，特别是**工作岗位流失和不平等加剧**。随着人工智能自动化以往由人类执行的任务，许多行业面临颠覆和潜在的大规模失业，这引发了关于工人再培训以及如何分配生产力提高所带来的经济收益的担忧。最后，真正**自主决策系统**的开发引发了关于安全性、控制权和责任的深刻问题，特别是在军事应用（致命性自主武器）或人类监督可能被完全最小化的复杂基础设施管理方面。"
根据提供的文本，列出四颗类地行星及其各自的直径（单位：千米）。然后，找出直径最小的行星。,"太阳系内部由类地行星组成，它们主要由岩石和金属构成。水星是距离太阳最近的行星，直径为4,880 km，且缺乏任何天然卫星。金星常被称为地球的姐妹行星，它逆向自转，平均表面温度超过460°C。其直径为12,104 km。地球因支持生命而独一无二，直径为12,742 km，拥有一颗大型卫星。最后，火星被称为红色行星，拥有相对稀薄的大气层和两颗小卫星（火卫一和火卫二）。其直径为6,779 km。","行星和直径：
水星: 4,880 km
金星: 12,104 km
地球: 12,742 km
火星: 6,779 km

直径最小的行星：水星"
费米悖论是什么？,,费米悖论是指，智能外星生命存在于宇宙某处的可能性极高，但完全缺乏支持这一说法的观测证据，两者之间的矛盾。考虑到恒星的数量、宇宙的年龄以及潜在宜居行星的丰富性，数学家恩里科·费米在 20 世纪 50 年代首次提出了疑问：“他们都在哪里？” 解决该悖论的可能解释包括“大过滤器”（阻止生命进化的瓶颈事件）、“动物园假说”（即外星人故意避免接触），或者先进文明根本无法持续足够长的时间以便被探测到的可能性。
根据以下美国州是否与太平洋（太平洋沿岸州）或大西洋（大西洋沿岸州）接壤进行分类：加利福尼亚、纽约、佛罗里达、华盛顿、缅因州、俄勒冈、得克萨斯、佐治亚、阿拉斯加、新泽西、北卡罗来纳、夏威夷。,,"太平洋沿岸州：加利福尼亚、华盛顿、俄勒冈、阿拉斯加、夏威夷
大西洋沿岸州：纽约、佛罗里达、缅因州、佐治亚、新泽西、北卡罗来纳"
按顺序解释有丝分裂的主要阶段。,,"有丝分裂通常分为四个主要阶段，这些阶段确保每个新的子细胞都能获得一套完整的染色体：

1.  **前期（Prophase）：** 染色质凝集，形成清晰可见的染色体（每条染色体由两个在着丝粒处连接的姐妹染色单体组成）。核仁消失，核膜解体。有丝分裂纺锤体开始形成。
2.  **中期（Metaphase）：** 纺锤体纤维附着在染色体的着丝粒上。染色体排列在赤道板（细胞中央的赤道平面）上，与两极距离相等。
3.  **后期（Anaphase）：** 姐妹染色单体在着丝粒处分离，并被缩短的纺锤体纤维拉向细胞的相对两极。一旦分离，每个染色单体即被视为一条完整的染色体。
4.  **末期（Telophase）：** 新分离的染色体到达两极，并开始解凝缩，恢复成染色质。一个新的核膜在两极的每组染色体周围形成。核仁重新出现。

这一过程通常紧接着是**细胞质分裂（Cytokinesis）**，即细胞质的物理分裂，最终形成两个不同的子细胞。"
写一个传达出意外失去感的六字故事。,,告别信留下。咖啡仍温热。
识别哪些地理特征是河流，哪些是山脉：乞力马扎罗山，尼罗河,,尼罗河是河流，乞力马扎罗山是山脉。
从以下列表中，仅识别有效的 Python 数据类型。,"整型, 浮点型, 字符串型, 数组, 列表, 字典, 元组, 类, 函数, 布尔型","整型, 浮点型, 字符串型, 列表, 字典, 元组, 布尔型"
列出旅行者1号探测器提到的主要时间里程碑，并注明事件和相应的日期。以“日期：事件”的格式呈现数据。,旅行者1号是美国宇航局（NASA）于1977年9月5日发射的一枚太空探测器，旨在研究太阳系外部乃至最终的星际空间。它于1979年3月成功飞越木星，并于1980年11月飞越土星。旅行者1号是距离地球最远的人造物体，也是第一个进入星际空间的物体，它于2012年8月25日穿过了日鞘层。它继续通过其深空网络传输数据。,"1977年9月5日：由NASA发射
1979年3月：飞越木星
1980年11月：飞越土星
2012年8月25日：进入星际空间"
列出文章中提到的文学作品。对于每部作品，提取作者、出版年份和描述的主要主题或焦点。输出格式为：[作者] - [年份] - [主题]。,浪漫主义时期见证了叙事焦点的转变。玛丽·雪莱的《弗兰肯斯坦》（1818年）强调了科学的傲慢和孤立的主题。后来，埃德加·爱伦·坡探索了心理恐惧，尤其是在《泄密的心》（1843年）中。在坡之后十年，赫尔曼·梅尔维尔的《白鲸》（1851年）引入了关于痴迷和自然界的复杂象征意义。到了布拉姆·斯托克的《德古拉》（1897年）时期，焦点已坚定地转向哥特式恐怖，围绕着纯真的堕落展开。,"玛丽·雪莱 - 1818 - 科学的傲慢和孤立
埃德加·爱伦·坡 - 1843 - 心理恐惧
赫尔曼·梅尔维尔 - 1851 - 痴迷与自然界
布拉姆·斯托克 - 1897 - 哥特式恐怖和纯真的堕落"
解释公私合作（PPP）框架中的可用性付费概念。,,可用性付费（APs）是政府采购实体根据合同，在公私合作安排中，定期向私人特许经营者支付的款项。与用户付费模式（即私人实体收取通行费或关税）不同，可用性付费直接与私人合作伙伴成功地将基础设施项目（如学校、高速公路或医院）维持在特定服务标准和可用性水平挂钩。如果资产未能达到预先定义的操作关键绩效指标（KPIs），款项通常会被减少或暂停支付，从而有效地将运营和维护风险转移给私营部门，同时使私营部门免受需求风险的影响。
将以下正式的内部备忘录改写成一个简短、非正式的Slack消息，适用于“一般公告”频道。请酌情使用缩写和表情符号。,备忘录收件人：全体员工。主题：强制性第三季度合规培训。请注意，所有人员必须参加强制性的第三季度数据安全和道德规范讲习班。会议定于10月15日星期二上午9:00在B会议室举行。未经事先管理层批准而缺席将导致正式书面警告，并记录在您的个人档案中。请携带您的访问凭证。请在周五工作日结束前回复确认。,大家注意了！ 🚨 强制性的第三季度数据安全/道德规范培训将于10月15日周二上午9点在B会议室举行。必须参加（说真的，这是强制性的）。未经经理批准而缺席将意味着您的档案中会有一份书面警告。请携带您的登录凭证！请在周五工作日结束前回复确认。 ✔️
使用播种法（seeding method）调温黑巧克力（dark chocolate）的最佳方法是什么？,,"巧克力调温可确保可可脂晶体凝固成稳定、有光泽的 Beta V 晶体形式，从而防止“起霜”（blooming）并赋予巧克力令人满意的脆裂感。播种法通常被认为是对家庭烹饪者而言最简单的方法。

**1. 切碎与准备：** 将你打算使用的巧克力切碎约三分之二。将剩下的三分之一放在一旁；这就是你的“种子”巧克力（seed chocolate）。确保所有设备（碗、刮刀）完全干燥，因为水会使巧克力凝结（seize）。

**2. 融化巧克力：** 将切碎的巧克力放入耐热碗中，置于双层锅（隔水加热，即一个装有小火煮沸的水的平底锅，确保碗不接触水面）上。持续轻柔地搅拌，直到巧克力完全融化且光滑。对于黑巧克力，你需要将初始温度提高到 113°F (45°C)。使用可靠的温度计。

**3. 播种与降温：** 将碗从热源上移开。开始搅拌并小把地加入你预留的“种子”巧克力。目标是在促进稳定晶体形成的同时，快速冷却巧克力。持续加入并搅拌，直到所有种子块都融化，且整体温度降至 88-91°F (31-33°C)。

**4. 保持操作温度：** 一旦巧克力经过调温，它必须保持在这个操作温度范围（88-91°F）内以保持稳定。如果冷却过多，调温效果会失效（break the temper）。如果重新加热过多，调温效果也会失效。如果你需要长时间操作，请将碗放置在非常低的、已关闭的热源上，或使用设置为低温的加热垫。

**5. 测试调温效果：** 要检查你的成果，将刀尖或少量巧克力涂抹在一张羊皮纸上。如果巧克力在室温下五分钟内凝固成形、光滑且有光泽，则表示调温成功。"
新西兰的首都是哪里,,新西兰的首都是惠灵顿。它位于北岛的最南端。
按距离太阳的远近，列出太阳系的八大主要行星。,,"八大主要行星按距离太阳远近的顺序排列如下：
1. 水星
2. 金星
3. 地球
4. 火星
5. 木星
6. 土星
7. 天王星
8. 海王星"
玛丽·居里与谁共同获得了她的第一个诺贝尔奖？该奖项是在哪一年、哪个领域颁发的？,玛丽·居里（Marie Curie，原名Maria Skłodowska；1867年11月7日－1934年7月4日）是一位波兰裔、入籍法国的物理学家和化学家，她在放射性领域进行了开创性的研究。她是第一位获得诺贝尔奖的女性，是第一位（也是唯一一位）两次获得诺贝尔奖的人，并且是唯一一位在两个不同科学领域获得诺贝尔奖的人。她的丈夫皮埃尔·居里是她第一个诺贝尔奖的共同获奖者，使他们成为第一对获得诺贝尔奖的夫妻，并开启了居里家族五次获得诺贝尔奖的传奇。她也是第一位成为巴黎大学教授的女性。1903年，玛丽·居里和皮埃尔·居里因其对自发辐射的研究，与亨利·贝克勒尔共同获得了诺贝尔物理学奖。,1903年，玛丽·居里和皮埃尔·居里与亨利·贝克勒尔共同获得了诺贝尔物理学奖。
将以下头衔分类为“现代政治职位”或“历史/君主制角色”：执政官、总理、总统、哈里发、首相、参议员、总督。,,"现代政治职位：总理、总统、首相、参议员
历史/君主制角色：执政官、哈里发、总督

请注意，“总理”（Chancellor）被列在“现代政治职位”下（指代德国和奥地利等国的政府首脑）。然而，该头衔具有深厚的历史用途（例如，财政大臣或在近代以前的欧洲宫廷中的各种角色）。"
"使用标准的网络术语（SYN, ACK），描述成功进行 TCP 三次握手所需的三个连续步骤。",,TCP 三次握手建立可靠连接： 1. SYN (同步): 客户端通过向服务器发送设置了 SYN 标志的报文段来发起连接。 2. SYN-ACK (同步-确认): 服务器接收到 SYN 后，回复一个设置了 SYN 和 ACK 两个标志的报文段。 3. ACK (确认): 客户端收到 SYN-ACK 后，发送最后一个只设置了 ACK 标志的报文段，确认连接现已建立。
到2030年，电动汽车会主导美国乘用车市场吗？,,尽管增长预测极高，但到2030年实现彻底的“主导”（定义为占新车销量50%或以上）仍然充满挑战，尽管在最佳条件下仍有可能。目前，电动汽车是快速增长的细分市场，但仍只占总市场的个位数百分比。有利因素包括通过《通胀削减法案》提供的重大政府激励措施、不断下降的长期电池成本，以及福特和通用汽车等主要汽车制造商承诺的生产目标。然而，两大主要障碍依然存在：全国充电基础设施的稀缺和不一致性，这加剧了潜在买家的“里程焦虑”；以及尽管节省了运营成本，但与同等燃油车相比，前期购买价格仍然居高不下。目前的共识预测是，届时电动汽车销量将达到市场的35%至45%，这表明市场将发生重大转变，但尚未达到完全主导的程度。
如何正确修补石膏板（小于3英寸）上的小孔？,,首先，清洁该区域并修剪掉任何参差不齐的纸边。将自粘式网格贴片贴在孔上。使用油灰刀，在贴片上涂抹一层薄薄的接缝剂（腻子），使边缘向外平滑过渡。让其完全干燥，然后轻轻打磨。如果需要，涂抹第二层更薄的接缝剂。一旦干燥且光滑，即可上底漆和涂漆。
编写一个简短的 Python 函数，以递归方式计算第 n 个斐波那契数。,,"python
def fibonacci_recursive(n):
    """"""使用递归计算第 n 个斐波那契数。
    对于非正输入返回 0。
    """"""
    if n <= 0:
        return 0
    elif n == 1:
        return 1
    else:
        return fibonacci_recursive(n-1) + fibonacci_recursive(n-2)

# print(fibonacci_recursive(8)) # 输出: 21
"
确定参与青霉素的发现、生产和命名工作的关键人物，并说明最初发现的年份。,青霉素是一组抗生素，由苏格兰医生亚历山大·弗莱明于 1928 年首次发现。他注意到一个污染培养皿的霉菌抑制了葡萄球菌的生长。弗莱明以该霉菌（Penicillium rubens）命名这种物质为青霉素。虽然弗莱明因最初的发现而受到赞誉，但直到 20 世纪 40 年代初，澳大利亚药理学家霍华德·弗洛里和德国生物化学家恩斯特·钱恩才开发出大规模生产和纯化青霉素的方法，使其成为第二次世界大战期间治疗感染的有效药物。,亚历山大·弗莱明于 1928 年发现了青霉素并为其命名。霍华德·弗洛里和恩斯特·钱恩是 20 世纪 40 年代初开发青霉素大规模生产和纯化方法的关键人物。
什么是 API，它在现代 Web 应用程序中是如何运作的？,,"应用程序编程接口（API）本质上是一套定义和协议，允许两个软件应用程序相互通信。它充当信使，将请求从一个应用程序发送到另一个应用程序，然后将响应发送回初始请求者。

### 在 Web 应用程序中的功能
在现代 Web 开发中，API 是交互的支柱，特别是对于微服务和分布式系统而言。它们允许客户端应用程序（例如移动应用或浏览器）与服务器端资源进行交互，而无需暴露服务器的内部逻辑或数据库结构。这提供了安全性、稳定性，并允许开发人员快速集成第三方服务。

例如，如果一个天气应用程序需要获取当前温度数据，它不会抓取（scrape）一个网站；它会向天气服务提供商发出 API 调用。API 定义了发出该请求的精确格式（通常使用 HTTP 请求和 JSON 数据）以及如何交付结果数据。当今最常见的 Web API 类型是 RESTful API（表述性状态转移）。"
食物“三明治”的名字是怎么来的？,,三明治是以约翰·孟塔古（John Montagu），即第四代桑德威治伯爵的名字命名的，他是18世纪的英国贵族，据说他要求仆人将切片肉夹在两片面包之间给他，这样他在漫长的赌博期间就可以在不离开牌桌的情况下进食。
人工智能的快速发展是对民主和人类就业的生存威胁，还是仅仅是下一场工业革命？,,人工智能既带来了深远的机会，也带来了重大的风险，因此很难将其简单地归类为“下一场工业革命”。虽然它无疑带来了巨大的生产力提升，解决了从气候建模到医疗诊断等复杂的难题，但其生存威胁较少集中在物理危险上，而更多地集中在社会政治结构上。人工智能力量集中在少数大型科技公司手中，使它们对信息流和个人决策拥有前所未有的控制权，这通过有针对性的虚假信息和复杂的监控，极大地侵蚀了民主制度。关于就业，这与以往低技能工作被取代的革命不同；人工智能能够自动化复杂的认知任务（法律、代码生成、金融分析）。风险不仅仅是失业，而是社会结构变化发生得太快，社会难以适应，从而导致根深蒂固的结构性失业和经济不平等的加剧。最终的结果——是革命还是威胁——完全取决于积极主动的监管，这种监管应防止垄断、强制要求道德透明度，并实施专为自动化经济设计的社会安全网。
提取文本中描述的切尔诺贝利灾难的具体日期和直接的人类后果。,切尔诺贝利灾难是一场灾难性的核事故，发生于1986年4月26日，地点靠近苏联乌克兰苏维埃社会主义共和国的普里皮亚季市。在反应堆系统测试期间，一次突然的电涌导致爆炸和火灾，向大气中释放了大量放射性物质，需要立即撤离该地区超过10万居民。,日期是1986年4月26日。直接的人类后果是需要撤离超过10万居民。
一位客户专注于最大限度地增加肱二头肌的肥大。他们目前每周训练肱二头肌一次，总共有8组正式组。根据当前的运动科学建议，这种训练量/频率对肌肉肥大而言是否被认为是最佳的？以及做出什么改变可能会带来更好的效果？,,虽然8组正式组落在肌肉生长的可接受范围内（对于中级举重者来说，通常每周每块肌肉群需要10-20组），但每周只训练肱二头肌一次对于最大限度地提高肌肉肥大通常不是最优的。目前的研究表明，将训练量分散到更高的频率（每周2到3次）会更有效。最佳策略是每周训练肱二头肌两次（例如，每次训练4组）。这种方法能保持更高的累积张力时间，并确保在一周内更频繁地刺激肌肉蛋白质合成窗口，从而带来卓越的长期生长效果。
查阅提供的天体列表，并仅识别出我们太阳系内的类地行星。,"水星, 木星, 火星, 金星, 土卫六, 地球, 土星, 冥王星。",类地行星是水星、火星、金星和地球。木星和土星是气态巨行星，冥王星是一颗矮行星，土卫六是一颗卫星。
将以下项目分为三类：主要世界岛屿、化学元素和威廉·莎士比亚的剧作：氖、哈姆雷特、马达加斯加、铁、第十二夜、婆罗洲、氯、麦克白、冰岛、金、奥赛罗、西西里岛。,,"主要世界岛屿: 马达加斯加, 婆罗洲, 冰岛, 西西里岛
化学元素: 氖, 铁, 氯, 金
威廉·莎士比亚的剧作: 哈姆雷特, 第十二夜, 麦克白, 奥赛罗"
ARPANET 是何时退役的？谁是其早期开发和设计中的关键人物？,高级研究计划局网络（ARPANET）是早期的分组交换网络，也是第一个实施 TCP/IP 协议套件的网络。这两项技术都成为了互联网的技术基础。ARPANET 由美国国防部下属的高级研究计划局（ARPA）建立。它于 1966 年在罗伯特·泰勒 (Robert Taylor) 的指导下开始开发，并由劳伦斯·罗伯茨 (Lawrence Roberts) 设计。1969 年 10 月 29 日，前两台主机计算机在加州大学洛杉矶分校（UCLA）和斯坦福研究所（SRI）之间连接。ARPANET 于 1990 年正式退役，被互联网的商业基础设施所取代。,ARPANET 于 1990 年正式退役。参与其早期开发和设计的关键人物包括罗伯特·泰勒（Robert Taylor，他于 1966 年开始指导开发）和劳伦斯·罗伯茨（Lawrence Roberts，他设计了该网络）。
将所提供的文本总结成一个简洁的句子。,帝王蝶经历完全变态，经过四个不同的阶段：卵、幼虫（毛虫）、蛹（蝶蛹）和成虫。这种迁徙昆虫以其大规模的年度旅程而闻名，旅程覆盖数千英里，从美国和加拿大一路向南到达墨西哥中部，通常跨越数代。,帝王蝶是一种迁徙昆虫，以其四阶段变态和从北美洲向南到墨西哥中部的大规模、跨多代的迁徙旅程而闻名。
什么是地球海洋中最深的点？,,"地球海洋中最深的点是挑战者深渊（Challenger Deep），它位于马里亚纳海沟的南端，靠近西太平洋的关岛。其深度估计约为海平面以下10,935米（35,876英尺），这比珠穆朗玛峰的高度还要深得多。只有少数探险家曾成功到达过这个极端的、高压力的环境。"
识别并分析20世纪出版的最具影响力的存在主义哲学著作。,,尽管让-保罗·萨特（Jean-Paul Sartre）的《存在与虚无》（1943年）为20世纪法国存在主义提供了形而上学框架，但若以其直接而持久的社会和思想影响来衡量，最具影响力的作品是西蒙娜·德·波伏娃（Simone de Beauvoir）的《第二性》（1949年）。波伏娃运用了存在主义的自由、责任和“他者”等概念，对父权社会和女性身份的社会建构进行了根本性的剖析。它的核心论点——“一个人不是生来就是女人，而是变成女人”——成为了随后第二波女权主义和性别研究的奠基性论据。该文本将存在主义思想推向了纯粹的形而上学沉思之外，并将其严格地应用于社会和政治批判，从而带来了远超纯粹本体论作品影响的现实意识形态转变。
根据提供的文本，列出人耳的三个主要部分以及在中耳腔中发现的三块微小骨头。,人耳分为三个部分：外耳、中耳和内耳。外耳主要由耳廓和耳道组成，收集声波。这些声波沿着耳道传播，直到撞击鼓膜（耳膜），这标志着中耳的开始。中耳是一个充满空气的腔体，包含三块被称为听小骨的微小骨头：锤骨（锤）、砧骨（砧）和镫骨（镫）。这些骨头将鼓膜的振动传递并放大至卵圆窗，卵圆窗通向内耳。内耳容纳着耳蜗，耳蜗是一个充满液体的螺旋结构，负责将机械振动转化为神经信号。它还包含对平衡至关重要的前庭系统。,人耳的三个主要部分是外耳、中耳和内耳。在中耳中发现的三块微小骨头（听小骨）是锤骨（锤）、砧骨（砧）和镫骨（镫）。
有记录以来最大的地震有多大？用于测量其震级的单位是什么？,,有记录以来最大的地震是1960年瓦尔迪维亚大地震（也称为智利大地震），发生于1960年5月22日。它的震级为9.5级。地震震级主要使用矩震级（MMS）来测量，该标度取代了用于大型地震的旧里氏震级（或称地方震级），因为矩震级能更准确地评估所释放的总能量。
谁是第一位获得诺贝尔奖的女性？,,玛丽·居里是第一位获得诺贝尔奖的女性，她于1903年获得了物理学奖。
识别以下哪些编程语言通常是编译型语言，哪些是解释型语言：Python、C++、JavaScript、Go。,,Python 和 JavaScript 通常是解释型语言。C++ 和 Go 通常是编译型语言。
概述在家中花园成功种植西红柿的三个最重要步骤。,,成功种植西红柿的三个最重要步骤是： 1. **土壤准备和种植：** 确保土壤肥沃、微酸性且排水良好。深种幼苗，去除下部叶子，以促进沿埋入的茎部生长出强壮的根系。 2. **持续浇水：** 西红柿需要深度、定期浇水，尤其是在果实发育期间。浇水不一致会导致果实开裂和脐腐病，因此需保持稳定的湿度水平。 3. **适当的支撑和修剪：** 使用支架或笼子使沉重的藤蔓离开地面，改善空气流通。修剪侧芽（在主茎和侧枝之间生长的小芽），将能量导向果实生产，而不是过多的叶子。
起草一封邮件给我的经理，请求进行薪资审查，并概述我过去一年的主要成就，以证明15%的加薪是合理的。,,"主题：薪资审查请求 - [Your Name]

尊敬的[Manager's Name]：

希望您一切安好。

我写此邮件旨在正式请求对我的现有薪酬方案进行审查。随着我司周年纪念日的临近，我相信我过去12个月的贡献有力地证明了进行重大调整的合理性，特别是增加15%，以与我增加的职责以及当前我的职位的市场薪资水平保持一致。

我过去一年工作表现的主要亮点包括：

*   **项目领导力：** 成功领导了项目X的推出，提前三周完成该计划，并节省了10,000美元的预算。
*   **效率提升：** 设计并实施了新的报告工作流程，使团队的季度准备时间减少了25小时。
*   **指导与发展：** 指导了两名新的初级分析师，他们目前都已能全面投入工作，并获得了跨职能团队的积极反馈。
*   **目标达成：** 持续超越我的季度绩效目标，第三和第四季度均完成了指定目标的110%。

我对[Company Name]高度投入，并对未来的挑战充满期待。我希望有机会在下周的一对一会议中，进一步详细讨论我的表现、未来目标以及这项薪酬请求。请告知您最方便的时间。

感谢您的时间和考虑。

此致，
[Your Name]"
根据提供的文本，确定人工智能领域的起源和奠基事件。,"“人工智能”（Artificial Intelligence）一词于 1956 年在达特茅斯学院（Dartmouth College）校园举行的一次研讨会上正式提出。研讨会由约翰·麦卡锡（John McCarthy）组织，与会者包括马文·明斯基（Marvin Minsky）、纳撒尼尔·罗切斯特（Nathaniel Rochester）和克劳德·香农（Claude Shannon）。会议的核心提案指出：“学习的每一个方面或智能的任何其他特征原则上都可以被精确描述，从而使机器能够对其进行模拟。” 这次研讨会通常被认为是人工智能作为一门研究领域的奠基事件。在此之前，艾伦·图灵（Alan Turing）已在他的论文《计算机器与智能》（Computing Machinery and Intelligence, 1950）中探索了计算的理论极限，并引入了图灵测试（Turing Test）的概念。",“人工智能”一词于 1956 年提出。人工智能作为一门研究领域的奠基事件是当年在达特茅斯学院举行的一次由约翰·麦卡锡组织的研讨会。主要与会者包括马文·明斯基。此前的理论工作由艾伦·图灵完成，他于 1950 年提出了图灵测试。
用来回溯时间的魔法装置叫什么名字？,,时间转换器
列出参与胰岛素初步发现和提纯的四位关键人物，并说明他们在文章中描述的各自贡献。,胰岛素的发现主要归功于 1921 年在多伦多的弗雷德里克·班廷 (Frederick Banting) 和查尔斯·贝斯特 (Charles Best)。班廷是一位年轻的外科医生，他提出了最初的想法：胰岛提取物可以治疗糖尿病。约翰·J.R.·麦克劳德 (John J.R. Macleod) 教授在多伦多大学为班廷提供了夏季的实验室空间，并指派医学生查尔斯·贝斯特担任他的助手。班廷和贝斯特通过对狗进行实验，成功分离出胰腺的内分泌物，他们最初称之为“isletin”（胰岛素原）。后来，生物化学家詹姆斯·科利普 (James Collip) 改进了提取物的提纯过程，使其可以安全用于人体。1922 年 1 月，第一位人类患者，14 岁的伦纳德·汤普森 (Leonard Thompson)，接受了治疗。由于他们的工作，班廷和麦克劳德在 1923 年被授予诺贝尔生理学或医学奖，但这一决定颇具争议。班廷立即与贝斯特分享了奖金，麦克劳德也与科利普分享了奖金。,"弗雷德里克·班廷: 提出了最初的想法并成功分离出胰腺分泌物（“isletin”）。
查尔斯·贝斯特: 协助班廷进行分离分泌物的实验室工作。
约翰·J.R.·麦克劳德: 提供了多伦多大学的实验室空间，并指派贝斯特担任班廷的助手。
詹姆斯·科利普: 改进了提取物的提纯过程，使其可以安全用于人体。"
建议三个适合下雨的周六下午进行的室内家庭活动。,,"1. 搭建堡垒并阅读：使用毯子、椅子和枕头搭建一个大型室内堡垒。带上手电筒和书籍进去，享受舒适的阅读时光。
2. 一起烘焙：选择一个简单的食谱，例如饼干或布朗尼。烘焙是教导测量技巧的好方法，还能带来美味的奖励。
3. 棋盘游戏锦标赛：拿出几种经典的棋盘游戏或纸牌游戏（如大富翁、Uno 或跳棋），并创建一个友谊赛的赛程表。"
什么是可持续食物系统？,,可持续食物系统是指在不损害子孙后代的经济、环境和社会基础的情况下，确保所有人享有粮食安全和营养的系统。关键方面包括最大限度地减少浪费、促进生物多样性、支持农民获得公平工资，以及大幅减少生产和运输对化石燃料的依赖。
描述蓝鲸的典型饮食和寿命。,,蓝鲸（Balaenoptera musculus）主要以磷虾这种微小的甲壳类动物为食。在进食高峰期，一头成年蓝鲸每天可以消耗多达4吨磷虾。它们的平均寿命估计在80到90岁之间，但有些个体可能活到100岁以上。
制作经典法棍所需的四种主要原料是什么？,,制作经典法式长棍面包所需的四种主要原料是面粉（通常是高蛋白白面粉）、水、酵母和盐。
将这些烹饪技术分类为干热法、湿热法或组合法，并简要描述每种技术：烧烤、焖烧、蒸、油炸、烘烤、炖。,,"这些技术分类如下：

**干热法**

*   **烧烤：** 一种干热法，通过将食物置于下方的直接热源（例如木炭、燃气灶）上快速烹饪。它能留下明显的烤痕并赋予食物烟熏风味。
*   **烘烤：** 将食物（通常是不加盖的大块肉或整颗蔬菜）置于烤箱中，利用热空气循环进行烹饪。热量从外向内缓慢地烹熟食物。
*   **油炸：** 一种烹饪方法，食物被完全浸没在热脂肪或热油中。油的高温能快速烹熟食物外部，形成酥脆的外壳，同时保持内部的水分。

**湿热法**

*   **蒸：** 一种通过热蒸汽或水蒸气环绕食物进行烹饪的方法。由于食物不直接接触烹饪液体，此技术有助于保持蔬菜和海鲜的颜色、质地和营养。

**组合法**

*   **焖烧：** 涉及两步过程：首先，将食物（通常是大块、较韧的肉块）用脂肪煎烤以增添颜色和风味（干热法）。其次，将其部分浸入液体中，盖上盖子，用低温长时间烹煮（湿热法）。
*   **炖：** 与焖烧相似，但食物被切成更小、大小均匀的块状，煎烤后完全浸入液体中烹煮。这通常用于软化较韧的食材，并制作浓郁的酱汁或肉汁。"
蜥蜴、猫中，哪个是冷血动物，哪个是温血动物？,,蜥蜴是冷血动物，猫是温血动物
列出阿尔伯特·爱因斯坦的三个主要成就。,,阿尔伯特·爱因斯坦的主要成就包括发展了狭义相对论，提出了广义相对论，以及解释了光电效应（他因此获得了诺贝尔奖）。
澳大利亚的首都是什么？,,澳大利亚的首都是堪培拉。
TechCorp 的主要竞争对手占据了多少总市场份额？,TechCorp 公布了其第三季度业绩，报告收入为 54 亿美元，同比增长 15%。他们的主要竞争对手 Global Systems Inc. 拥有 40% 的市场份额。TechCorp 目前占据总市场的 28%。运营支出达到 31 亿美元。股价收于 155.80 美元，当日下跌 2.5%。,40%
规律性心血管运动的主要益处是什么？,,规律的心血管运动（如跑步、游泳或骑自行车）提供了诸多健康益处。在身体方面，它能增强心肺功能，提高效率和耐力。它能显著降低患慢性疾病的风险，如二型糖尿病、心脏病和高血压。此外，运动通过燃烧卡路里和促进新陈代谢来帮助体重管理。在精神方面，它是一种强大的压力缓解剂，能释放内啡肽，从而改善情绪，减轻焦虑和抑郁的症状。长期益处包括改善骨密度和提高睡眠质量，对整体寿命和生活质量有重大贡献。
哪些因素促成了漫威电影宇宙（MCU）前所未有的成功？,,"漫威电影宇宙（MCU）是一个庞大的媒体特许经营权，已成为有史以来票房最高的系列电影，自 2008 年《钢铁侠》上映以来，它重新定义了商业大片。它的成功源于长期战略规划、角色吸引力以及跨类型适应性的独特结合。

首先是共享电影宇宙的概念。在制片人凯文·费奇（Kevin Feige）的指导下，漫威影业引入了跨越多部电影（称为“阶段”）的相互关联叙事理念。这种结构允许一部电影中的次要角色在另一部电影中成为主要角色，最终汇聚成大规模的交叉事件（例如“复仇者联盟”系列电影）。这种战略性系列化培养了观众的忠诚度，奖励了对该系列电影的总体故事情节和背景设定的长期投入。

其次，MCU 在保持一致美学的同时擅长类型混搭。虽然所有电影都以动作和冒险为基础，但该系列经常尝试不同的基调。像《美国队长：冬日战士》这样的电影充当政治间谍惊悚片，《银河护卫队》是一部太空歌剧喜剧，而《雷神 3：诸神黄昏》则大量倾向于喜剧和奇幻。这种类型的流动性防止了内容变得乏味，吸引了传统上可能不被超级英雄电影吸引的各类观众。

角色发展和选角也至关重要。漫威优先考虑寻找能够体现角色长期个性的演员，例如饰演钢铁侠的小罗伯特·唐尼（Robert Downey Jr.）和饰演美国队长的克里斯·埃文斯（Chris Evans）。多部电影合同使观众能够与这些版本的英雄一起成长，当主要角色故事线结束或角色退役时，会产生深厚的情感联系。重点不再是服装和能力，而是英雄的人性和缺陷。

最后，MCU 利用了其战略性的发行时间表。通过每年持续发行两到三部主要电影并整合电视剧集（通过 Disney+ 等平台），该系列在流行文化中保持着持续的存在感。主要电影的发行被视为全球性的文化事件，推动了巨额票房收入，并保持了十多年来的持续相关性。这种持续的内容渠道确保了电影宇宙始终保持活跃和不断扩张。"
“Jumping the shark” 这个短语的起源和含义是什么？,,这个短语指的是一部电视剧、一个乐队或一个文化实体在其历史中，为了拼命保持关注度而诉诸耸人听闻、通常是荒谬的情节或噱头，标志着其质量显著下降的时刻。这个短语起源于 1977 年电视剧《欢乐时光》（*Happy Days*）的一个特定剧集，其中角色“方兹”（Fonzie，由亨利·温克勒 Henry Winkler 饰演）在滑水时真的跳过了一条鲨鱼。
识别文本中提及的所有主要地理位置或著名地标，并将其按字母顺序排列，用逗号分隔。,公元前49年，尤利乌斯·凯撒渡过卢比孔河，点燃了内战。他的征服极大地扩大了罗马共和国的领土，从高卢，穿过英吉利海峡到达不列颠，并向南延伸至埃及。首都罗马，凭借其令人印象深刻的斗兽场和古罗马广场，仍然是权力中心。尽管他从未征服日耳曼尼亚，但他的影响塑造了整个地中海地区，该地区常被称为“我们的海”（Mare Nostrum）。,"不列颠, 斗兽场, 埃及, 英吉利海峡, 古罗马广场, 高卢, 日耳曼尼亚, 地中海, 罗马, 卢比孔河"
埃菲尔铁塔是何时、因何而建的？,,埃菲尔铁塔建于1887年至1889年间，是为了1889年世界博览会（万国博览会）而建造的，该博览会旨在庆祝法国大革命100周年。它的目的是作为博览会的入口拱门，最初只计划保留20年。
澳大利亚的首都是哪里？,,堪培拉
选择被动指数基金投资而非主动选股的核心论点是什么？,,被动投资（通常是通过低成本指数基金）主要基于有效市场假说（EMH），该假说认为所有可用信息都已反映在股票价格中，这使得任何管理者在扣除费用后都极难持续跑赢市场。核心论点包括：1) **更低的成本：** 被动基金的费用率远低于主动管理基金，这在几十年中会产生巨大的复利效应。2) **多元化：** 被动基金立即实现广泛的多元化，反映了市场的整体风险状况。3) **经验证据：** 大量研究表明，绝大多数主动基金经理在10年或更长的时间内都未能跑赢他们的基准指数（例如标普500指数），这使得普通投资者持续获得超额收益（alpha）变得罕见且昂贵。这种方法能够可靠地捕获市场的长期回报。
如何在发送专业邮件前快速有效地润饰它？,,"在压力下进行编辑需要采取系统化、有重点的方法。要快速有效地润饰专业电子邮件，请遵循以下步骤：
1) **收件人/附件分流检查：** 仔细核对“收件人”和“抄送”字段中的收件人是否正确，并确认所有承诺的附件都已包含在内。这是避免立即尴尬或延误的最关键步骤。
2) **主题行清晰度测试：** 确保主题行简洁（理想情况下为 5-8 个词）并准确反映邮件内容和紧急程度（例如，使用 [需要采取行动] 或 [供参考] 等前缀）。
3) **大声朗读以检查语气和流畅性：** 将整个邮件大声朗读一遍，注意邮件的节奏和专业语气。聆听有助于发现默读时经常遗漏的冗长句子、含糊措辞或主题的突然转变。
4) **执行“行动事项”隔离：** 如果邮件要求收件人采取行动，请将这些具体的行动事项在你的署名上方以编号或项目符号列表的形式总结出来。这可以防止关键请求被埋在正文文本中。
5) **倒序校对：** 逐句将邮件倒着阅读。这会打乱对内容流畅性的关注，迫使大脑专注于拼写、大小写和标点符号，从而显著减少基本的印刷错误。
6) **消除不必要的术语和模棱两可的措辞：** 删除填充词、过度的限定词（“我认为”、“有点”、“也许”）以及不必要的行业术语。力求使用直接、简洁的语言。"
将以下水果列表按字母顺序排列。,"Apple, Banana, Kiwi, Orange, Grapefruit, Cherry","Apple, Banana, Cherry, Grapefruit, Kiwi, Orange"
有多少个月有 28 天？,,所有十二个月都至少有 28 天。
识别文本中提到的所有具体年份，并按时间顺序列出，后接相关事件的简要描述。,玛丽·斯克沃多夫斯卡于1867年11月7日出生于波兰华沙。她于1891年移居巴黎，在索邦大学学习。1895年，她嫁给了皮埃尔·居里。这对夫妇进行了开创性的研究，因此于1903年与亨利·贝克勒尔共同获得了诺贝尔物理学奖，以表彰他们在辐射方面的研究。不幸的是，皮埃尔于1906年在一场交通事故中去世。玛丽继续她的工作，并于1911年获得了第二个诺贝尔奖，这次是化学奖，以表彰她发现了钋和镭。她于1934年逝世。,"1867: 出生于波兰华沙。
1891: 移居巴黎并在索邦大学学习。
1895: 嫁给皮埃尔·居里。
1903: 获得诺贝尔物理学奖。
1906: 皮埃尔·居里逝世。
1911: 获得诺贝尔化学奖。
1934: 逝世。"
我正在烤一批巧克力曲奇，但发现鸡蛋用完了。在标准的曲奇配方中，最好的用于粘合和保湿的鸡蛋替代品是什么？,,"对于标准的巧克力曲奇，鸡蛋主要起到粘合剂的作用并增加水分。这里有三种有效的替代品：

1. 亚麻籽或奇亚籽“蛋”：将1汤匙磨碎的亚麻籽或奇亚籽与3汤匙水混合，静置5分钟，直到变成胶状。这非常适合粘合，并能复制蛋清的粘性。

2. 水果泥（苹果酱或香蕉泥）：每个鸡蛋使用1/4杯不加糖的苹果酱或捣碎的熟香蕉。它们可以增加水分，但可能会稍微改变风味，并可能使曲奇更有嚼劲/更像蛋糕。

3. 酸奶或酪乳：每个鸡蛋使用1/4杯原味酸奶（含奶或不含奶）或酪乳。这既提供水分，又提供粘合结构。如果使用高水分替代品（如水果泥或酸奶），请务必考虑稍微减少其他液体成分的用量。"
解释艺术中立体主义的核心原则。,,立体主义是20世纪初由巴勃罗·毕加索和乔治·布拉克开创的、极具影响力的先锋艺术运动。它的主要原则是通过在同一画面平面上同时描绘来自多个视角的物体，从而彻底摆脱传统的透视法。这种技术通常会产生支离破碎、抽象的形态以及几何状的、相互交错的平面。它通常分为两个主要阶段：分析立体主义（早期、单色、复杂的碎片化）和综合立体主义（后期、形式更简单、引入拼贴）。
将以下测量值转换为升，并将答案四舍五入到两位小数。,"4.5 加仑, 12 夸脱, 33 液量盎司","4.5 加仑 ≈ 17.03 升
12 夸脱 ≈ 11.36 升
33 液量盎司 ≈ 0.98 升"
成功修建巴拿马运河的最大障碍是什么？,,"最大的威胁并非是凿开库莱布拉山（Culebra Cut）这一工程壮举；而是看不见的敌人：疾病。最初法国人的尝试几乎完全失败，就是因为猖獗的疟疾和黄热病摧毁了他们的劳动力。当美国人接手时，威廉·C·戈加斯上校（Colonel William C. Gorgas）在施工得以继续之前，必须彻底击败蚊子大军。他们排干了沼泽，对建筑物进行了熏蒸，并安装了大规模的卫生基础设施。人员伤亡是惊人的——据估计，在法国和美国两次建设工作中，总共有超过25,000名工人死亡。它常被称为最伟大的工程壮举之一，但它也是对抗热带疾病的最伟大战役之一。"
查尔斯·狄更斯（Charles Dickens）的《双城记》（A Tale of Two Cities）著名的开篇句中使用了哪种主要的文学手法？,,反题与排比
对于以下文学作品，请说明其原始语言：《战争与和平》、《1984》、《堂吉诃德》、《浮士德》、《百年孤独》、《吉尔伽美什史诗》、《哈姆雷特》。,,"战争与和平：俄语
1984：英语
堂吉诃德：西班牙语
浮士德：德语
百年孤独：西班牙语
吉尔伽美什史诗：阿卡德语
哈姆雷特：英语"
罗塞塔石碑上刻有哪三种不同的文本？为什么这件文物对历史语言学至关重要？,罗塞塔石碑是一块由花岗闪长岩构成的石碑，上面刻有同一法令的三个版本。该法令于公元前196年托勒密王朝时期在埃及孟菲斯颁布。顶部和中间的文本分别是古埃及象形文字和世俗体文字，而底部的文本是古希腊文。由于该法令用三种文字书写，其含义基本相同，因此这块石碑为让-弗朗索瓦·商博良在1822年破译埃及象形文字提供了关键钥匙。在它被发现之前，对象形文字的理解已经失传了近1500年。,罗塞塔石碑包含三种文本：古埃及象形文字、世俗体文字和古希腊文。它对历史语言学至关重要，因为这三个版本都包含相同的法令，使让-弗朗索瓦·商博良能够在1822年破译埃及象形文字，恢复了近1500年失传的知识。
线粒体的主要功能是什么？它们通常被赋予什么昵称？,线粒体是存在于几乎所有真核细胞细胞质中的膜结合细胞器。它们的主要功能是产生细胞所需的大部分三磷酸腺苷（ATP），ATP被用作化学能的来源。这个过程称为细胞呼吸，涉及将氧气和营养物质转化为ATP。因为它们对能量生产至关重要，所以它们常被称为“细胞的发电站”。它们还在细胞分化、信号转导和程序性细胞死亡（细胞凋亡）中发挥关键作用。,线粒体的主要功能是通过细胞呼吸产生细胞所需的三磷酸腺苷（ATP）。它们常被称为“细胞的发电站”。
为一家专注于可持续城市垂直农业的新创公司提出三个潜在名称。为每个名称附上一个简短的一句话理由。,,"以下是这家垂直农业初创公司的三个潜在名称：

1. **AeroSprout**：结合了“Aero”（与空气和水培相关）和“Sprout”（意指生长和新鲜），暗示着高效的现代农业。
2. **TerraStack**：“Terra”与大地/农产品相关，而“Stack”则直接指代城市中采用的分层垂直种植方法。
3. **CityHarvest Collective**：这是一个描述性名称，强调了城市位置（“City”）、目标（“Harvest”）以及本地种植食物的社区焦点。"
解释美国联邦储备系统的功能和结构。,,"美国联邦储备系统（简称“美联储”）是美国的中央银行。它根据1913年的《联邦储备法案》成立，其主要目的是为国家提供一个更安全、更灵活、更稳定的货币和金融体系。美联储在国会的指导下运作，但其政策决定通常独立于政治干预，这种结构旨在确保长期的稳定性。

美联储根据国会设定的“双重使命”运行：最大限度地实现就业和保持物价稳定（即控制通货膨胀）。它还负责维护金融系统的稳定和监督银行业。

在结构上，美联储由三个关键要素组成。首先，理事会（Board of Governors）是核心行政机构，由七名理事组成，他们由总统任命并经参议院确认。这些理事任期14年，错开轮替，以保持连续性。理事会主席通常被认为是全球最有权势的经济职位之一。其次，该系统包括十二家区域性联邦储备银行，它们在不同的地理区域内运作，并监督其辖区内的成员银行。第三，对政策制定而言最关键的组成部分是联邦公开市场委员会（FOMC）。FOMC由七名理事加上纽约联储银行行长以及其他十一家区域联储银行中的四名轮值行长组成。FOMC负责制定国家的货币政策。

美联储利用三种主要工具来执行货币政策。最常用的工具是公开市场操作（OMO），它涉及在公开市场上买卖美国政府证券。当美联储购买证券时，它会向银行系统注入资金，增加货币供应并降低利率；出售证券则会产生相反的效果。另一种工具是贴现率（Discount Rate），这是商业银行可以直接从美联储借款时使用的利率。最后，美联储可以调整存款准备金要求（Reserve Requirements），该要求规定了银行必须保留而非贷出的存款百分比。通过控制这些因素，美联储影响了整体的贷款环境，并最终影响了经济的目标利率，即联邦基金利率（Federal Funds Rate）。"
解释操作系统内核的主要功能。,,内核是操作系统的核心组件。它的主要功能是管理系统资源，包括内存、CPU调度、I/O设备以及进程间通信，从而弥合硬件与软件应用之间的差距。
利用所提供的信息，说明冥王星被发现的确切日期，并指出最初假设“X行星”存在的天文学家。,冥王星于 1930 年 2 月 18 日由克莱德·汤博在亚利桑那州的洛厄尔天文台正式发现。当时汤博 24 岁，他被指派寻找“X行星”，这是一个由珀西瓦尔·洛厄尔预测的假想行星。在长达 76 年的时间里，冥王星一直被认为是太阳系中的第九颗行星。然而，在 2006 年，国际天文学联合会（IAU）在制定了新的行星地位规则后，将冥王星重新归类为“矮行星”，这主要是由于在柯伊伯带发现了类似的大型天体阋神星。,冥王星于 1930 年 2 月 18 日被发现。“X行星”的存在最初由珀西瓦尔·洛厄尔假设。
写一篇科幻微小说，长度刚好100字。故事必须围绕一个被遗忘的月球前哨站上的一名图书管理员展开，并包含短语“真空的寂静”。,,艾拉拉拂去伽马区（Sector Gamma）全息档案上的灰尘。月球基地“阿格斯”（Argus）在技术上仍处于激活状态，但她是唯一的居住者——一个被遗忘时代的最后一位历史学家。她戴着手套的手拂过一块破裂的数据晶体，上面标着“地球天气模式：崩溃前”。她唯一的伴侣是生命维持系统的低沉嗡嗡声，以及偶尔令人不安的微流星撞击穹顶的钝响。外面，是她再熟悉不过的荒凉。她渴望听到雨声，甚至是交通声，但她被赋予的，却只有排山倒海般的空虚。一股寒意穿透了她的宇航服。她打开主气闸观察口，凝视着布满星辰的地平线，在深深的孤立中，她听到了真空的寂静，一种比任何言语都更沉重的声音。记录仍在等待，但现在谁还会阅读它们呢？
谁发现了青霉素，以及这项发现是哪一年发生的？,青霉素是苏格兰医生亚历山大·弗莱明于1928年在伦敦圣玛丽医院工作时发现的。他注意到一种霉菌污染——*青霉菌（Penicillium notatum）*，阻止了培养皿中*葡萄球菌（Staphylococcus）*细菌培养物的生长。然而，是弗洛里（Florey）和钱恩（Chain）在20世纪40年代初将其开发成可用药物，并导致了第二次世界大战期间的大规模生产。弗莱明最初于1929年将他的发现发表在《英国实验病理学杂志》上，但直到接下来的十年，其临床重要性才得到充分认可。,青霉素是由苏格兰医生亚历山大·弗莱明于1928年发现的。他在伦敦圣玛丽医院进行观察时，注意到*青霉菌（Penicillium notatum）*阻止了*葡萄球菌（Staphylococcus）*的生长。
根据以下虚构人物的主要来源媒介对其进行分组：歇洛克·福尔摩斯、哈利·波特、沃尔特·怀特、斯嘉丽·奥哈拉、丹妮莉丝·坦格利安、柯克舰长、米老鼠。,,"书籍: 歇洛克·福尔摩斯, 哈利·波特, 斯嘉丽·奥哈拉
电视剧: 沃尔特·怀特, 丹妮莉丝·坦格利安, 柯克舰长
动画/电影: 米老鼠"
太阳系中已知最大的卫星是什么？,,太阳系中最大的卫星是木卫三（Ganymede），它围绕木星运行。它的直径实际上比行星水星和矮行星冥王星都要大，而且它是已知唯一拥有自身磁场的卫星。
识别文中描述的人工智能研究资金最初下降（即“人工智能寒冬”）的主要原因和后果。,早期的人工智能研究始于20世纪50年代。1956年的达特茅斯研讨会被广泛认为是人工智能作为一个领域的诞生。与会者包括约翰·麦卡锡（他创造了“人工智能”一词）、马文·明斯基、纳撒尼尔·罗切斯特和克劳德·香农。最初的乐观情绪很高；明斯基在1967年曾有一句著名的预言：“在一代人之内……创造‘人工智能’的问题将得到实质性解决。”资金主要来源于美国国防部，特别是ARPA（后来的DARPA）。主要项目包括自然语言处理（LISP编程）和通用问题解决系统（GPS）的研究。然而，到了20世纪70年代中期，机器翻译等复杂系统的失败以及英国的莱特希尔报告暴露了早期方法的局限性，导致了第一次“人工智能寒冬”。在此期间，政府资金大幅削减，特别是针对非定向研究的资金。机器人技术作为一个密切相关的领域，保持了适度的增长，通常由工业应用而非纯粹的国防研究提供支持。到了20世纪80年代，随着专家系统和商业可行性的兴起，人工智能的兴趣再次浮现，吸引了私人投资。,这种衰退主要是由于机器翻译等复杂系统的失败以及英国的莱特希尔报告暴露了早期方法的局限性所致。其后果是第一次“人工智能寒冬”，其标志是政府资金，特别是针对非定向研究的资金被大幅削减。
根据这段文字，在通用人工智能 (AGI) 发展中，什么是“对齐问题”？,真正通用人工智能 (AGI) 的发展带来了许多伦理挑战。其中一个主要关注点围绕着“对齐问题”，即确保 AGI 的目标始终与人类价值观保持一致。如果一个 AGI 系统的效用函数与人类福祉发生偏离，即使只是轻微的偏离，也可能导致灾难性的后果，即使该系统的初衷是良性的。这种偏离通常被认为比单纯的恶意更危险，因为一个高度智能但目标错位的系统可能会高效地追求非人类目标，例如资源优化，而不顾人类的生命。,“对齐问题”是确保 AGI 的目标始终与人类价值观保持一致的挑战。
谁是 Netflix 的创始人，公司是何时成立的？,"Netflix, Inc. 是一家美国订阅式视频点播（VOD）OTT 流媒体服务和制作公司。它于 1997 年 8 月 29 日由里德·哈斯廷斯（Reed Hastings）和马克·兰多夫（Marc Randolph）在加利福尼亚州斯科茨谷创立。最初，该公司经营一项 DVD 邮寄服务，通过美国邮政服务交付，并收取统一的租赁费用。流媒体服务于 2007 年推出，到 2010 年，Netflix 已显著扩大其服务范围，并在接下来的十年中逐渐脱离其原有的 DVD 模式。",Netflix 于 1997 年 8 月 29 日在加利福尼亚州斯科茨谷由创始人里德·哈斯廷斯和马克·兰多夫创立。
概述构建一个标准的现代全栈 Web 应用程序所需的基本组件。,,"一个现代的全栈 Web 应用程序通常由几个相互依赖的核心组件组成，这些组件协同工作以提供内容并处理用户交互：
1. 前端（客户端）：这是可见的用户界面。它负责渲染内容和处理用户输入。常见的技术包括 React、Angular 或 Vue 等 JavaScript 框架。
2. 后端（服务器端）：该组件包含应用程序逻辑，处理来自前端的请求，管理安全性，并与数据库通信。常用技术包括 Node.js (Express)、Python (Django/Flask) 或 Ruby (Rails) 等。
3. 数据库：用于应用程序数据的持久存储（用户配置文件、内容等）。示例包括 SQL 数据库（PostgreSQL, MySQL）或 NoSQL 数据库（MongoDB, Cassandra）。
4. API（应用程序编程接口）：它充当通信层，定义了允许前端和后端相互通信的规则集。这通常使用 REST 或 GraphQL 实现。
5. 部署/托管基础设施：应用程序运行并供用户访问的环境（例如，AWS、Azure、Google Cloud 等云平台，或用于前端的 Vercel/Netlify 等服务）。"
解释什么是黑洞以及它是如何形成的。,,黑洞是时空的一个区域，它具有极强的引力效应，以至于任何东西——包括粒子和电磁辐射（例如光）——都无法从中逃逸出来。黑洞的“表面”被称为事件视界；它定义了逃逸不可能发生的边界。黑洞主要形成于质量极大的恒星（通常是太阳质量的20倍或更多）耗尽核燃料后，在自身引力的巨大压力下坍缩，这一事件被称为超新星爆发。这种坍缩将恒星剩余的质量压缩成一个密度无限大的点，称为奇点。
建立健壮的 CI/CD 流水线有哪些基本步骤？,,建立健壮的持续集成/持续交付（CI/CD）流水线涉及几个关键阶段。首先，从标准化可靠的源代码控制平台（例如 Git）开始，通过拉取请求（pull requests）强制执行严格的分支策略和强制性代码审查。其次，关注持续集成：在代码提交后，立即使用 Jenkins、GitLab CI 或 GitHub Actions 等工具自动化构建、测试（单元测试和集成测试）和静态分析过程。最后，实施持续交付：将应用程序容器化（Docker），使用编排器（Kubernetes）确保跨环境（开发、测试、生产）的一致性，并使用 ArgoCD 或 Spinnaker 等专用工具自动化部署过程，同时确保包含监控和自动化回滚功能。
解释区块链技术的基本组成部分和潜在应用。,,区块链技术本质上是一个分布式、去中心化且不可篡改的账本，它在多台计算机上记录交易。它的核心组件包括用于确保安全性和不可篡改性的加密哈希技术，以及用于验证新数据块的共识机制。这种结构消除了对中央权威机构的需求。除了在比特币等加密货币中的主要用途外，区块链正在被探索应用于供应链透明度、安全的数字身份管理以及通过智能合约简化复杂的金融合同。
将以下城市列表按字母顺序排列，并从 1 开始编号每个项目。,"伦敦, 东京, 纽约, 巴黎, 悉尼, 罗马","1. 伦敦, 2. 纽约, 3. 巴黎, 4. 罗马, 5. 悉尼, 6. 东京"
按姓氏的首字母顺序对提供的员工姓名列表进行排序，并将最终输出以全大写字母格式呈现：姓氏，名字。,"jane doe, michael chen, sara anderson, tom miller","ANDERSON, SARA
CHEN, MICHAEL
DOE, JANE
MILLER, TOM"
解释哈希表（Hash Map）的概念及其在计算机科学中的主要功能。,,"哈希映射（Hash Map），通常被称为哈希表（Hash Table），是一种抽象数据结构，它实现了关联数组抽象数据类型，即一种能够将键映射到值的结构。它的设计目的是以键值对的形式存储数据，其中每个键都是唯一的，并用于快速检索其关联的值。

哈希表的主要功能是实现插入、删除和查找操作的接近常数时间复杂度（平均 O(1)）。这种效率是通过使用哈希函数实现的，哈希函数将输入键转换成底层数组结构中的特定索引或“桶”。这种直接映射消除了顺序搜索许多元素的需要。

**机制：**
1. **哈希处理：** 插入数据时，键会传递给哈希函数，哈希函数输出一个整数索引。该索引决定了值在数组中的存储位置。
2. **存储：** 值存储在计算出的索引处。
3. **检索：** 检索数据时，键会再次进行哈希处理，以找到确切的索引位置，从而实现对值的即时访问。

**冲突解决：**
哈希函数并非完美，不同的两个键可能会产生相同的索引；这被称为冲突。哈希表的性能在很大程度上取决于如何有效地处理这些冲突。常见的策略包括：
*   **链式法（Chaining）：** 数组中的每个桶都包含一个链接列表或小数组，用于存储所有哈希到该索引的键值对。
*   **开放寻址法（Open Addressing，即探测法Probing）：** 如果一个索引已被占用，算法会系统地搜索下一个可用的空槽（例如，线性探测或二次探测）。"
域名系统 (DNS) 的主要功能是什么？,域名系统（DNS）是互联网的电话簿。人类通过域名（例如 example.com）在线访问信息。然而，网络浏览器是通过互联网协议（IP）地址进行交互的。DNS 将域名翻译成 IP 地址，以便浏览器可以加载互联网资源。这种翻译过程对于现代互联网导航至关重要，并允许可扩展的寻址。DNS 查询有几种类型，包括递归查询和迭代查询，它们决定了域名服务器如何交互以解析请求。,域名系统 (DNS) 的主要功能是将人类可读的域名（例如 example.com）翻译成互联网协议（IP）地址，从而允许网络浏览器定位和加载互联网资源。
太阳是否被归类为主序星？,,肯定
按与太阳的距离顺序列出内部类地行星。,,内部类地行星是水星、金星、地球和火星。
解释棒球中的防守布阵是什么，并详细说明为限制它而实施的新规则变化。,,防守布阵是防守方球队使用的一种战略性站位调整，多名内野手（有时是三名或全部四名）放弃他们的传统位置，移动到球场的一侧（通常是右侧），以应对那些习惯将球打向该方向的“拉击型”击球手。从2023赛季开始，MLB实施了新规则来限制这种布阵。主要变化规定，两名内野手必须完全位于二垒的左侧，另外两名必须完全位于二垒的右侧。此外，当投手开始投球动作时，所有四名内野手必须双脚都踩在内野的泥土区域上，以防止他们像浅区外野手一样站位。
定义并解释“公地悲剧”。,,公地悲剧是一种经济理论，描述了在共享资源系统中，个体用户为追求自身利益而独立行动，通过他们的集体行动耗尽或破坏资源，从而做出有悖于所有用户共同利益的行为。该术语于1968年由生态学家加勒特·哈丁普及。“悲剧”之所以产生，是因为每个理性使用者都从更多地使用资源中获益（短期私人收益），而资源退化的成本（长期公共损失）则由所有人平均承担。经典的例子包括过度捕捞、污染或公共公园资源的过度使用。
允许自动驾驶汽车安全导航和运行的关键技术是什么？,,自动驾驶汽车的运行依赖于几种核心技术的复杂相互作用。其中包括用于创建环境高精度 3D 地图的 LiDAR（光检测和测距）、用于测量速度和距离的雷达传感器，以及由高清摄像头驱动的计算机视觉，用于识别行人、交通信号灯和道路标志等物体。机器学习算法实时处理海量的传感器数据，以做出驾驶决策，而高精度 GPS 和预先绘制的高清地图则提供必要的导航环境信息。
用一个简短的段落总结敏捷软件开发的核心原则。,,敏捷（Agile）是一种迭代的项目管理方法，主要用于软件开发，帮助团队应对软件构建过程中的不可预测性。其核心原则植根于灵活性、协作沟通和快速适应变化。它倾向于可工作的软件而非详尽的文档，依赖于称为“冲刺”（sprints）的短周期开发，并持续征求反馈以确保最终产品满足不断变化的用户需求。
这种无线技术的创造者为何选择了“蓝牙”这个名字？,蓝牙是一种短距离无线技术标准，用于在短距离内固定设备和移动设备之间交换数据。它由雅普·哈特森（Dr. Jaap Haartsen）博士于1994年在爱立信工作期间发明。该技术的名称来源于10世纪的斯堪的纳维亚国王哈拉尔“蓝牙”·戈姆松（Harald “Bluetooth” Gormsson），他以统一交战的丹麦部落而闻名。这个名字是在1997年由英特尔的吉姆·卡达克（Jim Kardach）提出的，当时他正在阅读小说《长船》。这样做的目的是希望蓝牙技术能够统一通信协议，就像这位国王统一了丹麦和挪威的部落一样。蓝牙标志是一个组合符文，合并了两个北欧符文：ᚼ (Hagall) 和 ᛒ (Berkanan)，它们是哈拉尔·蓝牙名字的首字母。,选择“蓝牙”这个名称是因为它受到了10世纪斯堪的纳维亚国王哈拉尔“蓝牙”·戈姆松的启发。正如哈拉尔国王统一了交战的丹麦部落一样，这项技术旨在统一各种设备之间的通信协议。
根据提供的文本，简·奥斯汀完成了多少部主要小说？,简·奥斯汀（1775年12月16日—1817年7月18日）是一位英国小说家，她的浪漫小说以乡绅阶层为背景，使她成为英语文学中阅读最广泛的作家之一。她完成了六部主要小说：*理智与情感*、*傲慢与偏见*、*曼斯菲尔德庄园*、*爱玛*、*诺桑觉寺*和*劝导*。,简·奥斯汀完成了六部主要小说。
根据提供的列表，哪些发明家在1880年之前完成了他们所引用的发现或发明？,"著名发明家和科学家及其最著名发现或发明的近似年份：

托马斯·爱迪生：白炽灯泡 (1879)
亚历山大·格雷厄姆·贝尔：电话专利 (1876)
尼古拉·特斯拉：特斯拉线圈专利 (1891)
玛丽·居里：镭的离析 (1910)",托马斯·爱迪生和亚历山大·格雷厄姆·贝尔
根据文本，一次成功的猎豹追捕通常持续多长时间？,猎豹 (Acinonyx jubatus) 是一种大型猫科动物，原产于非洲和伊朗中部。它是世界上奔跑速度最快的陆地动物，能够在短时间内以每小时 80 至 128 公里（50 至 80 英里）的速度奔跑。然而，平均成功的追捕时间很短，通常持续约 20 秒，只覆盖 170 米。它们的高速奔跑由柔韧的脊柱、提供牵引力的不可伸缩的爪子以及专门的呼吸系统独特组合提供动力。,大约 20 秒
Walgreens 是何时起诉 Theranos 的，最初寻求的赔偿金额是多少？,"2012 年，Safeway 投资 3.5 亿美元，将 800 家门店改造为诊所，提供店内血液检测服务。由于屡次错过截止日期以及 Safeway 总部试运营诊所的结果存疑，该协议于 2015 年终止。2013 年，Theranos 与 Walgreens 合作，在 40 多个地点提供店内血液检测。尽管据报道 Theranos 血液检测被用于葛兰素史克（GlaxoSmithKline）和辉瑞（Pfizer）的药物试验患者，但两家公司均表示截至 2015 年 10 月，它们与 Theranos 之间没有活跃的项目。2016 年 6 月，Walgreens 终止了与 Theranos 的合作关系。2016 年 11 月，Walgreens 因违约在特拉华州的联邦法院对 Theranos 提起诉讼。2017 年 6 月，Theranos 向投资者报告称，该诉讼原要求赔偿 1.4 亿美元，最终以不到 3000 万美元达成和解。

2015 年 3 月，克利夫兰诊所（Cleveland Clinic）宣布与 Theranos 合作，测试其技术并降低实验室检测成本。2015 年 7 月，Theranos 成为宾夕法尼亚州保险公司 AmeriHealth Caritas 和 Capital Blue Cross 的实验室检测服务提供商。",Walgreens 于 2016 年 11 月因违约对 Theranos 提起诉讼，最初要求赔偿 1.4 亿美元。
古腾堡最著名的印刷作品是什么？,印刷机彻底改变了通信和知识传播方式。它由约翰内斯·古腾堡于15世纪中叶（约1440年）开发，他的发明结合了现有的一些技术，包括螺旋压榨机和金属活字铸造，从而创建了一个高效的文本大规模生产系统。在古腾堡之前，书籍都是由抄写员手工复制的，这使得它们极其昂贵和稀有。古腾堡最著名的作品是于1455年完成的《古腾堡圣经》，它被公认为是欧洲第一批使用活字印刷术印刷的重要书籍之一。,古腾堡最著名的作品是于1455年完成的《古腾堡圣经》，它被公认为是欧洲第一批使用活字印刷术印刷的重要书籍之一。
文学作品中最常见的三种反讽类型是什么？,,文学作品中最常见的三种反讽类型是：1. 言语反讽（说出与本意相反的话）。2. 情境反讽（结果与预期相反）。3. 戏剧反讽（观众知道角色不知道的事情）。
识别并列出文本中提到的软件开发生命周期 (SDLC) 的六个关键阶段，确保它们按正确的顺序呈现。,软件开发生命周期 (SDLC) 是软件行业用于设计、开发和测试高质量软件的过程。它包含六个关键阶段。第一个是**规划**，涉及定义需求和确定项目范围。接下来是**分析**，评估项目的可行性并完善业务需求。第三阶段是**设计**，侧重于架构和系统规范。第四阶段是**实施**（或编码），开发人员在此编写实际代码。随后是**测试**和质量保证 (QA)。最后，最后一个阶段是**部署**和维护，确保软件的发布和支持。,"软件开发生命周期 (SDLC) 的六个关键阶段是：
1. 规划
2. 分析
3. 设计
4. 实施（或编码）
5. 测试
6. 部署和维护"
根据提供的文本，详细说明2010年至2023年底全球太阳能发电容量的增长情况，并说明2023年的风力发电总容量。,过去十年中，全球太阳能发电量急剧增加。2010年，全球容量约为40吉瓦（GW）。到2015年，该数字已增至230吉瓦，增长了近六倍。截至2023年底的最新数据显示，全球太阳能容量超过1400吉瓦。风力发电也实现了显著增长，从2010年的180吉瓦增加到2023年的850吉瓦。水力发电虽然成熟，但仍然是主要的贡献者，同期稳定在1300吉瓦左右，与太阳能和风能相比，新增装机量很少。,全球太阳能发电量从2010年约40吉瓦（GW）增加到2023年底的超过1400吉瓦。2023年的风力发电总容量为850吉瓦。
欧洲空间局是何时正式成立的，其总部位于何处？,欧洲空间局（ESA）是一个由22个成员国组成的政府间组织，致力于太空探索。它成立于1975年，总部位于法国巴黎。该机构的前身是成立于1964年的欧洲空间研究组织（ESRO）和欧洲运载火箭发展组织（ELDO）。欧洲空间局的任务是为欧洲国家之间在空间研究、技术和应用方面，专为和平目的的合作提供保障和促进。,欧洲空间局成立于1975年，总部位于法国巴黎。
解释函数式编程和面向对象编程在哲学上的核心区别。,,函数式编程（FP）将计算视为数学函数的求值，并避免改变状态和可变数据。它强调不变性（immutability）和高阶函数。相比之下，面向对象编程（OOP）将数据和方法捆绑到“对象”中，并强调封装、继承和多态性等概念。OOP严重依赖对可变状态的操作。
中国长城的主要功能和范围是什么？,"中国长城是一系列防御工事，通常沿着一条东西向的线，横跨中国历史上的北部边界修建。它最初由秦始皇在公元前 3 世纪构想，作为阻止游牧民族（主要是匈奴）入侵的一种手段。最著名的部分是在明朝（1368 年至 1644 年）期间修建的。尽管估算有所不同，但整个长城系统，包括所有分支和天然防御屏障，通常被引述为约 21,196 公里（13,171 英里）长。它在历史上首要目的始终是军事防御和边境管制。","长城是一系列防御工事，沿着中国北部边界延伸约 21,196 公里，主要用于军事防御和边境管制。"
根据它们主要流经的洲，对以下主要的河流进行分类：尼罗河、亚马逊河、长江、密西西比河、多瑙河、伏尔加河、墨累-达令河、刚果河。,,"尼罗河 - 非洲, 亚马逊河 - 南美洲, 长江 - 亚洲, 密西西比河 - 北美洲, 多瑙河 - 欧洲, 伏尔加河 - 欧洲, 墨累-达令河 - 大洋洲, 刚果河 - 非洲"
根据所提供的亚瑟王传说的摘要，在寻找圣杯和统治阶层道德承诺失败这两个因素中，哪个是导致卡米洛特（Camelot）覆灭的首要催化剂？,亚瑟王传说围绕着一位中世纪的英国领袖展开，他通常被描绘成一位统治卡米洛特（Camelot）的贤明君主，并得到圆桌骑士的帮助。亚瑟的故事通常始于他从铁砧或石头中拔出宝剑“王者之剑”（Excalibur）（或“石中剑”，取决于版本），从而证明了他统治的神圣权利。他建立了一个以骑士精神和寻找圣杯为特征的和平繁荣时期。关键人物包括他的巫师顾问梅林、他的妻子桂妮维尔王后，以及他最忠诚但内心矛盾的骑士兰斯洛特爵士。兰斯洛特和桂妮维尔之间不正当的恋情最终粉碎了王国的统一，并导致了内战。这种内部冲突，加上他的私生子/侄子莫德雷德（Mordred）的阴谋，导致了悲剧性的坎兰战役（Battle of Camlann），亚瑟在此役中受了致命伤，随后被带到阿瓦隆岛（Avalon）。,"虽然寻找圣杯的探求确实使圆桌骑士团分裂了，因为许多骑士踏上了精神上的、孤立的旅程，但卡米洛特（Camelot）崩溃的核心催化剂是统治阶层道德承诺的失败。具体来说，是兰斯洛特爵士和桂妮维尔王后之间的通奸事件，以及亚瑟王因此无法调和他个人感情与法律责任之间的矛盾。输入文本指出，王国的统一“最终被不正当的恋情粉碎了”，直接将道德上的逾矩与随之而来的内战和内部冲突联系起来。

卡米洛特建立在骑士精神、忠诚和正义的理想之上，圆桌本身就是象征。亚瑟最亲密的朋友和妻子所犯下的背叛行为从根本上破坏了王室的基本契约。这种内部弱点为莫德雷德挑战亚瑟的权威提供了必要的缺口，直接导致了致命的坎兰战役（Battle of Camlann）。圣杯探求分散了军事力量，但道德上的失败摧毁了王国的政治和伦理稳定，确保了其暴力且必然的结局。"
地震的主要原因是什么？,,多数地震的主要原因在于两个构造板块沿断层线相互滑动时，能量的突然释放。
玻璃被认为是液体还是固体？,,从科学角度讲，玻璃被归类为非晶态固体。它常被误称为“过冷液体”，因为它缺乏真正固体的长程有序晶体结构，且其结构类似于液体，但在正常条件下，它的行为表现为固体。玻璃“流动”的错误观念（通常通过观察旧窗玻璃底部较厚而得出）通常并非归因于类似液体的流动，而是归因于历史上的制造方法，例如吹制或圆筒工艺，这些方法本身就会导致玻璃板厚度不均。
现代物理学中最重要的单一理论是什么？,,"要确定现代物理学中单一“最重要”的理论是很困难的，因为该领域由两个截然不同但都极其精确的框架所支配。这两个理论支配着截然不同的尺度，并且尚未成功统一。

“最重要”理论的主要竞争者是：

1. **广义相对论 (GR)：** 由阿尔伯特·爱因斯坦提出，该理论将引力描述为由质量和能量引起的时空弯曲。它对于理解宇宙的大尺度结构、宇宙学、黑洞和行星轨道至关重要。它彻底改变了我们对空间和时间的理解。

2. **量子力学 (QM)：** 该理论描述了原子和亚原子层面物质和能量的行为。它引入了波粒二象性、能量量子化和不确定性原理等概念。量子力学是所有现代技术（包括激光、晶体管和核能）的基础。

尽管广义相对论解释了宏观世界，量子力学解释了微观世界，但**粒子物理学标准模型**有时被认为是迄今为止最全面的理论，因为它成功地结合了量子场论并描述了电磁力、强核力和弱核力。然而，标准模型仍然是不完整的，因为它不包括引力（广义相对论）。广义相对论和量子力学都是物理学不可或缺的基石，而它们之间的不相容性仍然是该领域最大的未解难题。"
确定以下动物是否都是哺乳动物：蛇、青蛙、鲸鱼、鸭嘴兽。,,不，那个列表是错误的。鲸鱼和鸭嘴兽是哺乳动物，但蛇是爬行动物，青蛙是两栖动物。
概述实施定期软件更新的三个主要益处。,,"1. 安全性增强：更新通常包含关键补丁，用于修复被恶意软件和黑客利用的漏洞，从而确保数据受到保护。
2. 性能与稳定性：它们解决了现有错误（Bug），优化了系统资源，并减少了崩溃，从而带来更流畅的用户体验。
3. 新功能与兼容性：更新引入了现代功能，改进了用户界面设计，并保持了与更新的操作系统或硬件的必要兼容性。

因此，保持定期更新对于安全性、效率和面向未来至关重要。"
谁是负责设计埃菲尔铁塔的总建筑师？,,古斯塔夫·埃菲尔
根据提供的有关阿波罗13号的文本，确定任务失败的主要原因并说明三名机组成员的角色。,阿波罗13号是美国阿波罗太空计划中的第七次载人任务，也是第三次计划登月的任务。该飞船于1970年4月11日从肯尼迪航天中心发射升空。机组成员包括指令长詹姆斯·A·洛威尔、指令舱驾驶员约翰·L·斯威格特和登月舱驾驶员弗雷德·W·海斯。在任务进行到第二天，即4月13日，服务舱的一个氧气罐发生爆炸，严重损坏了航天器。任务立即从尝试登月转变为机组人员为生存而进行的斗争，促使任务控制中心实施了应急程序，以节约电力和必要的消耗品。宇航员们不得不转移到登月舱“宝瓶座”中，将其用作返程的救生筏。尽管面临巨大的技术挑战，机组人员仍于1970年4月17日成功返回地球，安全溅落在太平洋。,任务失败的主要原因是服务舱的一个氧气罐发生爆炸。三名机组成员及其角色分别是：指令长詹姆斯·A·洛威尔、指令舱驾驶员约翰·L·斯威格特和登月舱驾驶员弗雷德·W·海斯。
识别并简要解释历史学家认为导致西罗马帝国崩溃的四个主要长期因素。,,1. **经济不稳定：** 货币贬值导致恶性通货膨胀，严重阻碍了贸易，以及对下层阶级影响尤为严重的高额税收。 2. **过度扩张与军事压力：** 维持庞大的边境需要不可持续的军事预算，并依赖往往不忠诚的同盟化蛮族军队。 3. **政治分裂与动荡：** 不断的权力斗争、皇帝的快速更迭，以及罗马与君士坦丁堡之间事实上的行政分裂，削弱了中央政府的权威和凝聚力。 4. **入侵与迁徙：** 来自匈人等群体的压力，将日耳曼部落（例如西哥特人和汪达尔人）推入罗马领土，最终导致关键行省的丧失和西部帝国结构的瓦解。
将以下主要首都城市归类到以下各大洲之一：北美洲、南美洲、欧洲、非洲、亚洲或大洋洲：伦敦、北京、布宜诺斯艾利斯、堪培拉、内罗毕、华盛顿特区。,,"伦敦: 欧洲
北京: 亚洲
布宜诺斯艾利斯: 南美洲
堪培拉: 大洋洲
内罗毕: 非洲
华盛顿特区: 北美洲"
描述土星五号火箭的三个阶段，包括其代号、主要的发动机类型以及每个阶段的功能。此外，确定为运载火箭提供制导和控制的组件。,土星五号是美国国家航空航天局（NASA）在 1967 年至 1973 年间使用的一种超重型运载火箭。它是一种三级液体推进剂火箭，旨在将阿波罗指令/服务舱（CSM）和登月舱（LM）送入轨道，然后送往月球。第一级代号为 S-IC，由五台巨大的 F-1 发动机提供动力，在海平面产生了 750 万磅的推力。它的主要作用是将整个火箭提升到大约 42 英里（68 公里）的高度。第二级 S-II 使用了五台以氢为燃料的 J-2 发动机，提供了 110 万磅的推力。S-II 级燃烧了大约六分钟，将火箭推入高椭圆停泊轨道。最后，第三级 S-IVB 使用了一台 J-2 发动机。该阶段有两次关键的燃烧：第一次用于进入停泊轨道，第二次是地月转移轨道注射（TLI）燃烧，将阿波罗飞船送往月球。S-IVB 级通常也容纳着仪器单元（IU），它是火箭的“大脑”，提供制导和控制。,"土星五号火箭的三个阶段是：

1. S-IC（第一级）：由五台 F-1 发动机提供动力。功能：将整个火箭提升到大约 42 英里（68 公里）的高度。
2. S-II（第二级）：由五台 J-2 发动机提供动力。功能：将火箭推入高椭圆停泊轨道。
3. S-IVB（第三级）：由一台 J-2 发动机提供动力。功能：执行进入停泊轨道的操作以及随后的地月转移轨道注射（TLI）燃烧。

为运载火箭提供制导和控制的组件是仪器单元（IU）。"
请将以下项目分类为两个类别：水果和蔬菜：胡萝卜、苹果、香蕉、西兰花、西红柿、菠菜。,,水果：苹果、香蕉、西红柿。蔬菜：胡萝卜、西兰花、菠菜。
提取关于该主题的关键专业和获奖事实，并使用键 'Fact'、'Year' 和 'Category' 将数据格式化为 JSON 对象数组。,玛丽·居里（Marie Curie），原名玛丽亚·斯克沃多夫斯卡（Maria Skłodowska），1867年出生，是一位波兰裔和入籍法国的物理学家和化学家，她对放射性进行了开创性研究。她是第一位获得诺贝尔奖的女性，是第一位且是唯一一位两次获得诺贝尔奖的女性，也是唯一一位在两个不同科学领域（1903年物理学，1911年化学）获得诺贝尔奖的人。她也是巴黎大学的第一位女教授。她于1934年去世。,"[
  {
    ""Fact"": ""第一位获得诺贝尔奖的女性"",
    ""Year"": ""1903"",
    ""Category"": ""获奖历史""
  },
  {
    ""Fact"": ""唯一一位在两个不同科学领域获得诺贝尔奖的人"",
    ""Year"": ""1903 和 1911"",
    ""Category"": ""获奖记录""
  },
  {
    ""Fact"": ""巴黎大学的第一位女教授"",
    ""Year"": ""不适用（历史事实）"",
    ""Category"": ""职业里程碑""
  }
]"
什么是罗塞塔石碑，它为什么重要？,,罗塞塔石碑是一块花岗闪长岩石碑，上面刻有公元前196年托勒密五世国王在孟菲斯颁布的法令。碑文采用三种版本：埃及象形文字、世俗体文字和古希腊语。它于1799年被法国士兵发现。其最重要的意义在于，通过比较已知的希腊语文本和未知的象形文字文本，学者们最终在1822年成功破译了埃及象形文字，有效地解开了跨越几个世纪的古埃及历史和语言的奥秘。
什么是法国大革命？,法国大革命是1789年至1799年间在法国发生的一场影响深远的社会和政治剧变。它从根本上改变了现代历史的进程，引发了全球范围内专制君主制的衰落，并以共和国和自由民主制取而代之。,"法国大革命是1789年至1799年间在法国发生的一场影响深远的社会和政治剧变。它从根本上改变了现代历史的进程，引发了全球范围内专制君主制的衰落，并以共和国和自由民主制取而代之。

这场革命是由根深蒂固的社会不平等、经济危机以及启蒙运动的思想影响所推动的。由路易十六国王领导的君主制正疲于应对先前战争（如美国独立战争）带来的巨额债务和过度支出，而平民百姓（第三等级）则承受着主要的税收负担。

革命始于1789年5月三级会议的召开以及随后国民议会的成立。早期的关键事件包括1789年7月14日的攻占巴士底狱（这象征着王室暴政的终结），以及1789年8月《人权与公民权宣言》的通过。

在短暂的君主立宪制时期之后，革命转向激进，导致路易十六国王于1793年被处决，并建立了法兰西第一共和国。紧接着是恐怖统治时期（1793–1794年），在此期间，马克西米连·罗伯斯庇尔和公共安全委员会处决了数千名被认为是革命的敌人。

革命最终随着拿破仑·波拿巴的崛起和1799年法兰西执政府的成立而结束，但其“自由、平等、博爱”（Liberté, Égalité, Fraternité）的理想深刻地影响了西方政治思想，在整个大陆和世界范围内促进了世俗主义、民族主义和共和主义。"
列出太阳系中八大行星按距太阳距离递增的顺序。,,"1. 水星
2. 金星
3. 地球
4. 火星
5. 木星
6. 土星
7. 天王星
8. 海王星"
比较和对比莎士比亚作品中的主角哈姆雷特和麦克白斯的动机。,,"**哈姆雷特（丹麦王子）：**
*   **主要动机：** 为父报仇，出于责任感和道德义愤。
*   **本质：** 被动反应型；受外部不公和恢复道德秩序的驱动。
*   **主要冲突：** 内心挣扎、哲学上的犹豫不决和拖延。

**麦克白斯（葛莱密斯/考多爵士）：**
*   **主要动机：** 无节制的野心和对权力的渴望，受到超自然预言和他妻子的严重影响。
*   **本质：** 主动进取型；受自身利益和夺取王位的欲望驱动。
*   **主要冲突：** 外部的血腥行为，随后是偏执狂和道德沦丧。

**对比：** 哈姆雷特受正义和恢复过去的驱动；麦克白斯受贪婪和确保未来头衔的驱动。"
长征是什么,,长征（中文：長征；拼音：Chángzhēng）是中国工农红军，即中国共产党（CPC）的主要战斗部队，为躲避国民党（KMT）军队的追击而进行的一次大规模军事撤退。它发生在1934年10月至1935年10月期间，巩固了毛泽东作为中国共产党无可争议的领导人的地位。
排除吉萨大金字塔，列出文中提到的古代世界剩余的六大奇迹。,古代世界七大奇迹是古典时代显著建筑的清单。它由各种古希腊作者编纂，其中最著名的是西顿的安提帕特和拜占庭的斐洛。该清单只包括在地中海沿岸发现的纪念碑。最初的奇迹中，如今只有一个基本完好无损：吉萨大金字塔。另外六个奇迹是巴比伦的空中花园、奥林匹亚的宙斯神像、以弗所的阿耳忒弥斯神庙、哈利卡纳苏斯的摩索拉斯王墓、罗得岛巨人像和亚历山大灯塔。其他清单有时会包括巴比伦城墙或埃克巴塔纳的居鲁士宫殿，但经典清单排除了它们。,巴比伦的空中花园、奥林匹亚的宙斯神像、以弗所的阿耳忒弥斯神庙、哈利卡纳苏斯的摩索拉斯王墓、罗得岛巨人像和亚历山大灯塔
确定五种基础的法式母酱。,,五种基础的法式母酱是贝夏梅尔、维卢泰、西班牙酱、荷兰酱和番茄酱。
对于开普勒-186系统，列出行星及其相应的轨道周期（以地球日为单位）。将输出格式化为包含两列的表格：“行星名称”和“轨道周期（天）”。,开普勒-186系统拥有五颗已知行星。开普勒-186b、c和d被潮汐锁定，分别以3.8、7.3和13.3个地球日的周期围绕M型矮星运行。开普勒-186e的周期为25.6天。最外层的已知行星开普勒-186f在宜居带运行，轨道周期为130天，略短于火星。它接收到的辐射量约为地球从太阳接收到的辐射量的三分之一。,"| 行星名称 | 轨道周期（天） |
|---|---|
| Kepler-186b | 3.8 |
| Kepler-186c | 7.3 |
| Kepler-186d | 13.3 |
| Kepler-186e | 25.6 |
| Kepler-186f | 130 |"
根据提供的文本解释可用性启发法。,在这个领域中，一个流行且具有代表性的话题是认知偏差，或非理性思维。心理学家（和经济学家）已经对人类思维中经常出现的许多偏差进行了分类和描述。例如，可用性启发法就是一种倾向，即高估容易想到的事物的重要性。,可用性启发法是一种倾向，即高估容易想到的事物的重要性。
解释编程中编译时错误和运行时错误之间的区别。,,编译时错误（或语法错误）发生在程序执行之前，通常是因为代码违反了编程语言的语法规则（例如，缺少分号或关键字拼写错误）。运行时错误（或异常）发生在程序执行期间，通常是由于错误的逻辑或意外情况造成的，例如试图除以零或访问越界的数组索引。
列出瀑布模型的典型阶段。,瀑布模型是一种顺序设计流程，起源于制造和建筑行业，其进展通过各个阶段稳定地向下流动（像瀑布一样）。在软件工程中，这些阶段通常包括：需求收集和分析、系统和软件设计、实施（编码）、测试（验证）、部署和持续维护。这种传统方法的一个关键特点是，只有在一个阶段严格完成后才能进入下一个阶段，这提供了清晰的结构，但缺乏对后期更改的灵活性。,需求收集和分析、系统和软件设计、实施（编码）、测试（验证）、部署和持续维护。
为什么现在访问公司系统必须使用双重身份验证 (2FA)？,,双重身份验证是强制性的，因为它为抵御现代网络威胁提供了关键的防御层，显著降低了未经授权访问的风险。仅靠标准密码很容易通过网络钓鱼攻击、撞库攻击或大规模数据泄露而被泄露。2FA 确保即使威胁行为者成功窃取了您的密码，他们仍需要拥有您的第二重因素——通常是发送到您的移动设备上的有时效性的代码、物理密钥或生物识别扫描——才能登录。这种做法对于保护公司的专有数据、遵守行业安全法规（如 SOC 2 或 GDPR），以及减轻由安全事件造成的严重经济和声誉损失至关重要。
巴拿马运河与它所取代的航线相比，提供了哪些重要的航行优势？,巴拿马运河是巴拿马境内一条长82公里（51英里）的人工水道，连接着大西洋和太平洋。该运河横穿巴拿马地峡，是海上贸易的通道。作为有史以来最大、最艰难的工程项目之一，它对两大洋之间的航运产生了巨大影响，取代了绕行南美洲最南端合恩角漫长而危险的航线。船只使用该运河而不是合恩角航线，可以节省大约8000英里的路程。该工程于1881年由法国开始施工，但由于工程问题和工人高死亡率而失败。美国于1904年接手该项目，并于1914年8月15日开通了运河。,该运河取代了绕行合恩角的漫长而危险的航线，使船只在往返于大西洋和太平洋之间时，可以节省大约8000英里的路程。
比较租房与购房的优缺点。,,租房具有很大的灵活性和较低的前期财务门槛，因为您可以避免大额首付和交易费用。此外，维护和修理的责任由房东承担，简化了您的义务。然而，租房意味着您无法积累资产（净值）；月供是纯粹的开支，并且您会面临装修限制和潜在的、不可预测的租金上涨。相反，拥有房屋可以让您随着时间的推移积累资产和财富，提供潜在的税收优惠（例如抵押贷款利息扣除），并让您可以自由定制自己的空间。缺点包括需要大量的初期投资、承担所有维护费用（包括日常和紧急情况）以及降低地理流动性。
将以下历史人物根据他们的主要贡献领域进行分类：科学、艺术或政治。,"列奥纳多·达·芬奇, 阿尔伯特·爱因斯坦, 温斯顿·丘吉尔, 居里夫人, 巴勃罗·毕加索, 亚伯拉罕·林肯","列奥纳多·达·芬奇：艺术。他是一位典型的文艺复兴时期博学家，以绘画和雕塑（例如《蒙娜丽莎》）而闻名。
阿尔伯特·爱因斯坦：科学。他是一位理论物理学家，提出了相对论。
温斯顿·丘吉尔：政治。他在第二次世界大战期间担任英国首相。
居里夫人：科学。她是一位著名的先驱物理学家和化学家，以其对放射性的研究而闻名。
巴勃罗·毕加索：艺术。他是一位西班牙画家和雕塑家，被称为立体主义运动的联合创始人。
亚伯拉罕·林肯：政治。他曾任美国第16任总统。"
世界上最高的建筑是什么？它是在什么时候建成的？,,"世界上最高的建筑是哈利法塔，它位于阿拉伯联合酋长国迪拜。它的高度达到828米（2,717英尺）。建筑工程于2004年开始，该建筑于2010年1月正式竣工并启用。迄今为止，它保持着世界最高结构和最高建筑的双重世界纪录。"
从以下文本中提取关键事实，并将其格式化为包含“发明家”、“大致日期”、“主要成就”和“影响”的要点列表。,约翰内斯·古腾堡于1440年左右发明活字印刷术，通常被认为是现代时期最重要的事件。古腾堡是德国的一位金匠，他开发了一套彻底改变书籍生产和发行的系统。他的主要成就，古腾堡圣经，于1455年左右在德国美因茨印刷。这项技术极大地降低了书籍的成本，并导致整个欧洲识字率的大幅提高。,"*   发明家：约翰内斯·古腾堡（德国金匠）
*   大致日期：1440年左右
*   主要成就：古腾堡圣经（约在1455年印刷）
*   影响：极大地降低了书籍成本，并导致整个欧洲识字率的大幅提高。"
定义区块链并解释其主要组成部分。,,区块链是一种去中心化、分布式且通常公开的数字账本，它由称为“块”的记录组成，用于记录跨多台计算机的交易，这样，任何已涉及的块都无法在不更改所有后续块的情况下被追溯性地篡改。它的主要组成部分包括分布式账本（共享数据库）、区块（通过加密哈希链接的数据集）、哈希（每个区块唯一的数字指纹），以及共识机制（用于验证新交易的规则，例如工作量证明或权益证明）。
分析提供的文本，并根据来源的解释，用简单的分步方式描述“量子纠缠通信”的过程。,阿里斯·索恩博士在物理学座谈会上发言时，概述了快速信息传输的困难和潜力。他解释说：“与流行的看法相反，量子纠缠并非即时通信。它涉及两个相互关联的粒子（通常是光子），无论距离多远，它们都共享相同的量子态。当测量粒子 A 的自旋（或偏振）时，粒子 B 的状态会瞬间得知。然而，这种测量只是确认状态；它不传输信息。为了实现‘通信’，必须使用辅助的经典信道（如无线电波）来传输比较密钥，确认粒子 A 的状态代表什么（例如，‘自旋向上’表示‘1’，‘自旋向下’表示‘0’）。因此，步骤如下：1. 使粒子纠缠。2. 分离它们。3. 测量粒子 A。4. 粒子 B 的状态瞬间关联。5. 使用经典信道传输测量的解释密钥。,"量子纠缠通信的过程涉及几个不同的步骤，需要一个辅助的传统信道来解释结果：
1. 使粒子（通常是光子）纠缠，以便它们共享相同的量子态。
2. 在保持量子关联的同时分离粒子。
3. 测量第一个粒子（粒子 A）的状态（例如，自旋或偏振）。
4. 由于关联性，第二个粒子（粒子 B）的状态会瞬间得到确认。
5. 必须使用辅助的经典信道（如无线电波）来传输解释密钥，以说明测量结果的含义。"
使用代码 'C'（代表大陆/洲）和 'N'（代表国家）对以下地理位置进行分类。按照所列顺序，用逗号分隔的分类结果进行回复。,"亚洲, 巴西, 南极洲, 埃及, 澳大利亚","C, N, C, N, N"
确定以下著名建筑中哪些仍然屹立不倒，哪些已被拆除：原宾夕法尼亚车站（纽约市）、帝国大厦（纽约市）。,,原宾夕法尼亚车站已被拆除 (1963年)；帝国大厦仍然屹立。
定义文艺复兴时期。,,文艺复兴是中世纪之后欧洲文化、艺术、政治和经济“复兴”的一个热烈时期，通常涵盖14世纪到16世纪，其特点是对古典哲学和学识重新产生了兴趣。
构成一个功能完备的 Kubernetes 集群的核心组件是什么？,,"一个功能完备的 Kubernetes 集群主要由两组资源构成：控制平面（Control Plane，或称 Master）和工作节点（Worker Nodes）。

**1. 控制平面组件 (Control Plane Components, 或称 Master)**
控制平面负责管理集群的状态、调度和整体健康状况。其关键组件包括：
*   **Kube-apiserver (API 服务器):** 控制平面的前端。它暴露 Kubernetes API，负责处理 REST 操作、验证以及配置对象（例如 Pods、Services 等）的数据。
*   **etcd:** 一个一致且高可用的键值存储系统，作为 Kubernetes 所有集群数据的后台存储。
*   **Kube-scheduler (调度器):** 监控新创建的但尚未分配节点的 Pods，并根据资源需求、约束和其他因素为其选择一个运行节点。
*   **Kube-controller-manager (控制器管理器):** 运行控制器循环（例如，节点控制器、副本控制器），负责调节集群状态，确保当前状态与期望状态相符。

**2. 工作节点组件 (Worker Node Components)**
工作节点运行容器化应用程序。它们包含以下基本组件：
*   **Kubelet:** 在集群中的每个节点上运行的代理程序。它确保容器在 Pod 中正常运行。
*   **Kube-proxy:** 在每个节点上运行的网络代理，用于维护节点上的网络规则。这些规则允许集群内部或外部的通信到达您的 Pods。
*   **Container Runtime (容器运行时):** 负责运行容器的软件（例如，Docker, containerd, CRI-O）。"
列出太阳系中最大的五个天然卫星（月球），从最大的开始。,,木卫三（木星），土卫六（土星），木卫四（木星），木卫一（木星），地球的月球（月亮）
世界海洋中最深的点在哪里，它有多深？,,"已知的最深点是挑战者深渊（Challenger Deep），它位于西太平洋的马里亚纳海沟内。其最深测量值约为海平面以下10,935米（35,876英尺）。这种极端的深度意味着压力是海平面标准大气压的1,000多倍，支持着不依赖阳光的独特化能合成生命形式。"
促使玛丽·斯克沃多夫斯卡在地下流动大学学习的重要限制是什么？,玛丽·斯克沃多夫斯卡于1867年出生于华沙（当时属于俄罗斯帝国的一部分）。她在华沙的地下流动大学学习，因为那时女性被禁止接受高等教育。她于1891年移居巴黎，进入索邦大学学习，并获得了物理学和数学科学学位。1895年，她嫁给了法国物理学家皮埃尔·居里。她与丈夫的工作重点是辐射，并发现了两种新元素：钋（以她的祖国波兰命名）和镭。1903年，居里夫妇与亨利·贝克勒尔共同获得了诺贝尔物理学奖，使玛丽成为第一位获得诺贝尔奖的女性。1906年皮埃尔去世后，她继续他们的工作，并因分离出纯镭而获得了1911年的诺贝尔化学奖。,当时女性被禁止接受高等教育。
按大小顺序，从最大到最小，使用编号列表列出七个传统大洲。,,"1. 亚洲
2. 非洲
3. 北美洲
4. 南美洲
5. 南极洲
6. 欧洲
7. 澳大利亚"
什么是垃圾回收？,,一种自动内存管理形式，它试图回收运行程序不再引用或可访问的对象所占用的内存。
欧比旺·克诺比所属的组织叫什么名字？,,绝地武士团
人类阑尾的主要功能是什么？,,从历史上看，人类阑尾被认为是一个没有基本功能的退化器官。然而，目前的研究表明它可能在免疫系统中发挥作用，特别是作为有益肠道细菌（菌群）的庇护所。当疾病清除消化系统时，阑尾会释放出这些储存的细菌，帮助快速重新补充肠道菌群并恢复正常功能。
以下哪个数字与其他数字不属于同一组：12、45、27、33、56、18？,,这组数字的潜在规则是整除性。数字 12、45、27、33 和 18 都是 3 的倍数。3 的整除规则表明，如果一个数字的各位数之和可以被 3 整除，那么该数字本身就可以被 3 整除。对于 56，其各位数字之和是 5+6=11，不能被 3 整除。因此，56 是与其他数字不属于同一组的数字。
为非技术受众总结 TCP 和 UDP 协议之间的主要区别，字数少于 100 字。,,TCP（传输控制协议）是可靠的、面向连接的。它保证所有数据正确、有序地到达，类似于发送挂号信。它速度较慢，但用于网页浏览和电子邮件。UDP（用户数据报协议）速度更快、是无连接的。它发送数据时无需确认，可能会丢失，类似于明信片。它非常适合用于游戏、视频流和 DNS 查询。
哪些因素导致了社交媒体平台 Myspace 的衰落并最终被淘汰？,,主要原因包括来自 Facebook 的激烈竞争，Facebook 提供了更简洁的界面和更强大的身份验证。Myspace 还存在创新缓慢、难以处理大量的自定义用户代码，以及因过度垃圾邮件和杂乱设计而声名狼藉等问题，这使得用户难以浏览和使用。
解释 Python 中列表（list）和元组（tuple）之间的区别。,,"在 Python 中，列表（list）和元组（tuple）都用于存储数据的集合。主要的区别在于可变性（mutability）。列表是可变的，这意味着它们的元素在创建后可以更改、添加或删除（使用方括号定义，例如 [1, 2]）。元组是不可变的，这意味着它们一旦创建就不能更改（使用圆括号定义，例如 (1, 2)）。对于不应更改的数据，元组通常更快且更安全。"
解释有损和无损数据压缩算法之间的主要区别。,,"压缩算法对于减少存储和传输的文件大小至关重要。这两种主要类型之间的主要区别在于数据在缩减过程中如何被处理，以及原始信息是否可以完美重建。

顾名思义，无损压缩允许从压缩数据中完美地重建原始数据。它的工作原理是通过识别和消除统计冗余——例如重复模式或低效编码——而不去除任何基本信息。利用无损压缩的格式示例包括 ZIP 文件、PNG 图像和 FLAC 音频。这种方法对于数据完整性应用至关重要，例如文本文档、程序可执行文件或财务记录，其中即使是最小的数据丢失也是不可接受的。

相反，有损压缩通过永久性地丢弃一些被认为不必要或人眼或人耳无法察觉的数据，从而实现了更高的压缩比。这通常是通过模拟心理声学（音频）或心理视觉（图像）感知，智能地去除人类不太敏感的频率或颜色范围内的细节来实现的。虽然这会大大减小文件大小，但原始数据无法完全恢复。有损压缩广泛用于流媒体，如 JPEG 图像、MP3 音频和 MPEG 视频，在这些应用中，轻微的质量下降是换取大规模文件大小缩减的可接受的权衡。"
银的化学符号是什么？,,Ag
为什么大型科技公司经常提供广泛的免费设施，如美食食堂、健身房和洗衣服务？,,大型科技公司提供广泛且通常是奢华的设施（如免费食物、现场医疗保健和健身房）的做法，除了简单的员工福利之外，还具有多项战略性的商业目的。首先，它是竞争激烈的“人才争夺战”中的一个关键工具，作为一种强大的非薪资福利，有助于招聘和留住顶尖的工程师和开发人员。其次，这些福利旨在最大限度地提高生产力和效率。通过在现场提供员工所需的一切，公司巧妙地鼓励他们在工作上花费更多时间，并减少外部任务（如通勤午餐或处理杂务）的干扰。这也意味着员工更愿意长时间工作。最后，这种类似园区的环境促进了协作。让员工一起用餐或使用共享设施，可以鼓励非正式会议、自发的创意产生，并加强工作场所内的团队凝聚力。
描述TCP三次握手的过程。,"TCP三次握手是传输控制协议（TCP）用于在两个设备（通常是客户端和服务器）之间建立可靠的全双工连接的基础机制。此过程对于同步序列号至关重要，并确保双方在应用程序数据传输开始之前都准备好发送和接收数据。 

1. SYN（同步）：发起主机（客户端）向目标主机（服务器）发送一个SYN分段。此分段包含客户端的初始序列号（ISN）。此时，客户端从CLOSED状态转换到SYN-SENT状态。

2. SYN-ACK（同步-确认）：收到SYN后，服务器回复一个SYN-ACK分段。此分段有两个目的：它确认了客户端的连接请求（ACK = 客户端的 ISN + 1），并通过提供服务器自己的初始序列号（ISN）来发起自己的连接尝试。服务器转换到SYN-RECEIVED状态。

3. ACK（确认）：最后，客户端收到SYN-ACK并向服务器发送一个ACK分段。此ACK确认收到了服务器的同步号（ACK = 服务器的 ISN + 1）。一旦服务器接收到这第三个分段，两台主机都转换到ESTABLISHED状态，数据传输即可开始。","TCP三次握手是客户端和服务器之间建立可靠连接的关键过程。它分三步进行：
1. **SYN**：客户端向服务器发送同步请求（SYN）。
2. **SYN-ACK**：服务器确认该请求（ACK）并发送它自己的同步号（SYN）。
3. **ACK**：客户端向服务器发送最终确认（ACK），确认连接已建立并准备好进行数据传输。"
"将以下词语分类为名词、动词或形容词：happiness, swim, tall, chair, eat, green。",,"happiness: 名词
swim: 动词
tall: 形容词
chair: 名词
eat: 动词
green: 形容词"
埃菲尔铁塔是何时建造的，又是为何建造的？,,埃菲尔铁塔建于 1887 年至 1889 年之间。它最初是作为 1889 年世界博览会（Exposition Universelle）的入口拱门而建造的，此次博览会是为了纪念法国大革命一百周年。
提供一个简单的 Python 函数，用于检查字符串是否为回文，忽略大小写和空格。,,"python
def is_palindrome(s):
    # 清理字符串：只保留字母数字字符并转换为小写
    cleaned_s = """".join(char.lower() for char in s if char.isalnum())
    
    # 检查清理后的字符串是否等于其反转
    return cleaned_s == cleaned_s[::-1]

# 示例用法：
# print(is_palindrome(""Racecar""))  # True
# print(is_palindrome(""Madam, I'm Adam"")) # True
# print(is_palindrome(""hello world"")) # False
"
说出美国经典小说《白鲸记》的作者姓名。,,赫尔曼·麦尔维尔
列举五个源自意大利的标志性菜肴。,,"那不勒斯披萨, 千层面, 意大利烩饭, 提拉米苏, 意式培根蛋面。"
埃菲尔铁塔的近似高度是多少？,"埃菲尔铁塔是一座位于法国巴黎战神广场的熟铁格子塔。它于1887年至1889年间建成，作为1889年世界博览会的入口。它以工程师古斯塔夫·埃菲尔的名字命名，他的公司设计并建造了这座塔。它高330米（1,083英尺），与一栋81层楼的高度大致相同。","330米（1,083英尺）"
确定以下各项的发明者：电话、脊髓灰质炎疫苗。,,电话由亚历山大·格雷厄姆·贝尔发明，脊髓灰质炎疫苗由乔纳斯·索尔克发明。
将以下天体分类为行星、卫星或矮行星：地球、火星、冥王星、木卫二、谷神星和土卫六。,,行星：地球、火星。卫星：木卫二和土卫六。矮行星：冥王星和谷神星。
列出以下每个国家的首都：法国、日本、澳大利亚、巴西、加拿大和埃及。,,"法国: 巴黎
日本: 东京
澳大利亚: 堪培拉
澳大利亚: 巴西利亚
加拿大: 渥太华
埃及: 开罗"
提取所有恰当的地理名称（省份、城市或自然景观），并根据其大致对应的现代国家或地区将其整理成列表。,罗马帝国起源于罗马城，最终统治了地中海世界。其领土西北起不列颠尼亚（现代的英格兰和威尔士）海岸，横跨高卢（法国），延伸至希斯帕尼亚（西班牙和葡萄牙）。在东方，帝国控制了希腊、安纳托利亚（土耳其）以及以亚历山大港为中心的富饶的埃及土地。主要的基建项目也建在北非，特别是在毛里塔尼亚和努米底亚（阿尔及利亚/突尼斯）等行省。主要的军事边境线通常位于多瑙河和莱茵河沿岸，毗邻日耳曼尼亚，该地区大部分未被征服。,"意大利:
- 罗马

联合王国:
- 不列颠尼亚（英格兰和威尔士）

法国:
- 高卢

西班牙和葡萄牙:
- 希斯帕尼亚

希腊和土耳其:
- 希腊
- 安纳托利亚

北非（埃及、阿尔及利亚、突尼斯）:
- 埃及
- 亚历山大港
- 毛里塔尼亚
- 努米底亚

中欧边境:
- 多瑙河
- 莱茵河
- 日耳曼尼亚"
万维网的发明者是谁？他在发明时在哪里工作？,万维网（WWW）是一个信息系统，其中的文档和其他网络资源通过统一资源定位符标识，它们可以通过超链接相互关联，并且可以通过互联网访问。它是由英国计算机科学家蒂姆·伯纳斯-李于1989年在欧洲核子研究组织（CERN）工作时发明的。万维网最初构想和开发是为了满足世界各地大学和研究机构科学家之间自动信息共享的需求。,万维网是由英国计算机科学家蒂姆·伯纳斯-李在欧洲核子研究组织（CERN）工作时发明的。
确定以下化合物主要表现出离子键还是共价键，并简要定义每种键的特征。,"NaCl, CO2, H2O, MgCl2, CH4, LiF","以下是化合物的分类：

**离子键（Ionic Bonds）：** NaCl, MgCl2, LiF
离子键通常发生在金属和非金属之间。它涉及价电子从一个原子（金属）完全转移到另一个原子（非金属），导致带电离子的形成，这些离子通过静电吸引力结合在一起。

**共价键（Covalent Bonds）：** CO2, H2O, CH4
共价键通常发生在两个非金属之间。它涉及原子间价电子的共享，从而形成稳定的分子。"
内容分发网络 (CDN) 的主要功能是什么？,,内容分发网络 (CDN) 是一个地理上分散的服务器群组，它们协同工作以提供互联网内容的快速交付。它的主要功能是通过将静态内容（如图像、视频和样式表）缓存在靠近最终用户的“边缘服务器”中，从而减少延迟和加载时间。这最大限度地减少了数据必须传输的物理距离，提高了网站的性能和可靠性。
确定此处列出的所有非金属元素：铁、氧、金、氖、铜。,,氧和氖是列表中的非金属。铁、金和铜被归类为金属。
今晚你打算做什么晚餐？,,我想我终于要尝试那个复杂的千层面食谱了。祝我的白酱成功！
如何将大型 CSV 文件快速读取到 Python 环境中？,,虽然 Python 标准库的 `csv` 模块或 Pandas 的 `read_csv()` 函数很常见，但对于大型文件而言，最快的方法通常是使用 `pandas.read_csv()` 函数并优化其参数。请确保指定 `dtype`（如果可能），并使用 `engine='c'` 参数以提高性能，使其优于默认的 Python 引擎。如果文件非常庞大（许多 GB），请考虑使用 Dask 或 PySpark。
将以下首都归类到它们各自的大洲：北美洲或欧洲：渥太华、巴黎、墨西哥城、柏林、罗马、华盛顿特区、里斯本、金斯敦、伦敦、维也纳,,"北美洲的城市：渥太华、墨西哥城、华盛顿特区、金斯敦
欧洲的城市：巴黎、柏林、罗马、里斯本、伦敦、维也纳"
将提供的化学元素按其室温下的标准状态进行分类：固态、液态或气态。,"氧, 铁, 汞, 溴, 氮, 金, 氯, 钠, 氦","固态: 铁, 金, 钠
液态: 汞, 溴
气态: 氧, 氮, 氯, 氦"
中国长城是太空中唯一可见的人造建筑，这是真的吗？,,不，这是一个流传甚广且经久不衰的迷思。这种说法通常暗示可以从月球上看到长城，这是完全错误的。从月球上看，即使是大陆也很难在不借助放大设备的情况下区分，而长城太窄，且颜色与周围地貌相近，用肉眼根本不可能看到。居住在低地球轨道（LEO，国际空间站所在地）的宇航员报告称，虽然在不知道确切位置的情况下很难发现长城，但许多其他更大的人造特征——例如主要的高速公路、机场跑道、水坝以及夜间大城市的灯光——则更容易被看到。
谁是苏伊士运河的主要工程师，运河何时正式开放？,连接地中海和红海的苏伊士运河于1869年11月正式开通。它主要由法国人费迪南·德·莱塞普斯设计。这条运河大大缩短了欧洲和亚洲之间的旅行时间，因为它消除了绕行非洲的需要。它长约193公里。,主要工程师是费迪南·德·莱塞普斯，运河于1869年11月正式开放。
解释温室效应的概念及其在推动全球气候变化中的根本作用。,,"温室效应是一种自然的物理过程，它使地球表面和大气变暖。当大气中的某些气体（称为温室气体，简称GHGs）捕获了从地球向太空辐射的能量时，就会发生温室效应。当地球大气接收到太阳辐射时，该过程就开始了；大部分能量被地表吸收，使其升温。这个变暖的地表随后以长波红外辐射（热量）的形式将能量辐射回太空。温室气体，例如二氧化碳（CO2）、甲烷（CH4）、一氧化二氮（N2O）和水蒸气，不会让这些热量直接穿过大气进入太空，而是吸收红外能量，然后将其重新向各个方向发射，包括返回地球表面。这种再辐射有效地起到隔热毯的作用，捕获热量并维持地球上适宜居住的温度范围。

温室效应在当代气候变化中的作用，主要集中在*增强*的温室效应这一概念上。虽然自然的温室过程是生命所必需的，但在过去的两个世纪中，人类活动—主要是燃烧化石燃料、工业生产以及像森林砍伐这样的土地利用变化—极大地增加了大气中温室气体的浓度。这种浓度增加导致更多的热量滞留，从而放大了自然的变暖过程，并导致全球平均气温出现非自然的上升，这被称为全球变暖，是气候变化的核心驱动因素。"
暗物质为何难以被直接探测到，科学家又是如何推断其存在的？,暗物质是一种假想的物质形式，据信约占宇宙中物质总量的85%，以及宇宙总能量密度的四分之一。“暗”指的是它似乎不与电磁场相互作用，这意味着它不吸收、反射或发射电磁辐射，因此对望远镜来说是完全不可见的。由于它不与电磁场相互作用，直接探测极其困难。它的存在是通过其对可见物质的引力效应来推断的，例如星系旋转的速度（仅凭可见物质无法解释的过快速度）以及光线在巨大宇宙结构周围弯曲的方式（引力透镜）。,暗物质因不与电磁场相互作用而出了名的难以被直接探测。这意味着它既不吸收、反射，也不发射光线或其他辐射，使其对标准望远镜来说是不可见的。科学家们仅仅通过其对可见物质产生的强大引力效应来推断它的存在，具体证据包括观测到的星系旋转速度以及大型宇宙结构周围的引力透镜现象。
比较亚马逊云服务 (AWS) 和微软 Azure 对一家新的数据分析初创公司的适用性。比较应侧重于三个关键领域：定价模式差异、无服务器计算产品和托管机器学习平台的成熟度。最后，给出关于该初创公司应优先考虑哪个云提供商的合理建议。,,"**AWS 与 Azure 对数据分析初创公司的比较：**

1. **定价模式差异：** AWS 通常采用高度细化的即用即付模式，并提供各种节省计划（预留实例，节省计划），这些计划可提供深度折扣，但需要承诺。Azure 与之类似，但对于已投资微软许可证的初创公司（通过 Azure 混合权益），它通常具有更好的协同效应。Azure 也大力推广其企业协议（EA）结构，这可以简化较大承诺的计费，尽管初创公司最初可能不符合条件。对于高度特定、小规模的使用，AWS 通常提供更直接、更具成本效益的选择。

2. **无服务器计算产品：** AWS Lambda 是市场领导者，提供与几乎所有 AWS 服务的深度集成、庞大的生态系统以及对众多运行时的支持。它非常适用于事件驱动的数据处理管道。Azure Functions 也非常强大，特别是对于依赖 .NET/C# 的团队，它提供了与 Visual Studio 出色的开发集成。虽然两者都已成熟，但对于复杂、高吞吐量的数据分析任务，AWS Lambda 通常提供更大的灵活性和更广泛的第三方支持基础。

3. **托管机器学习平台成熟度：** AWS SageMaker 可以说是最全面、最成熟的端到端机器学习 (ML) 平台，提供笔记本环境、内置算法、强大的托管端点和数据标注工具。Azure Machine Learning (Azure ML) Studio 也很强大，它强调 MLOps（机器学习运维）和企业级治理，通常更适合受监管行业或优先考虑 DevOps 集成的团队。对于一家纯粹专注于快速开发前沿分析模型的初创公司而言，SageMaker 的学习曲线可能更陡峭，但通常能提供更快的部署能力。

**建议：**
该初创公司应优先考虑 **亚马逊云服务 (AWS)**。尽管 Azure 提供了强大的企业集成能力，但 AWS 目前在数据分析初创公司至关重要的特定领域（即 Lambda 在 ETL/处理方面的多功能性和规模，以及 SageMaker 在模型开发和生产方面的全面功能集）中占据成熟度优势。"
根据以下编程语言的主要执行模型（编译型或解释型）进行分类。将它们列在相应的标题下。,"C++, Python, Java, JavaScript, Rust, Ruby, C#, PHP","编译型语言：
- C++
- Java
- Rust
- C#

解释型语言：
- Python
- JavaScript
- Ruby
- PHP"
云计算的三种主要服务类型是什么？,,基础设施即服务 (IaaS)、平台即服务 (PaaS) 和 软件即服务 (SaaS)。
根据所提供的数据，哪个行星的直径最大？,"行星数据摘要：
水星：直径 4,880 km，轨道 88 天。
金星：直径 12,104 km，轨道 225 天。
地球：直径 12,742 km，轨道 365 天。
火星：直径 6,779 km，轨道 687 天。
木星：直径 142,984 km，轨道 12 年。
土星：直径 120,536 km，轨道 29 年。
天王星：直径 51,118 km，轨道 84 年。
海王星：直径 49,528 km，轨道 165 年。","木星的直径最大，为 142,984 km。"
尽管存在历史争议，谁通常被认为是电话的发明者？,亚历山大·格雷厄姆·贝尔通常被认为是电话的发明者。然而，许多历史记载表明，第一个能以电方式传输人声的实用设备是由伊莱沙·格雷设计并演示的。格雷的专利警告书是在贝尔于1876年2月14日提交专利申请后仅数小时提交的，这引发了美国历史上最著名的法律战之一。贝尔最终获得了专利，但真正的优先权性质仍然存在争议。,亚历山大·格雷厄姆·贝尔
解释什么是 API 及其工作原理。,,API（应用程序编程接口）是一套既定的规则，允许不同的软件组件相互通信。它充当中间人，定义了应用程序可用于请求和交换信息的方法和数据格式，通常用于访问服务器上的特定功能或数据。
使用跨接电缆启动没电的汽车电池，最恰当和最安全的程序是什么？,,"首先，确保两辆车都已熄火，处于驻车档 (P) 或空档 (N)，且互不接触。确认两个电池具有相同的电压（通常为 12 伏）。 

**连接顺序：**
1. **红色夹到没电电池的正极：** 将一个红色（正极，+）夹子连接到没电电池的正极端子。
2. **红色夹到有电电池的正极：** 将另一个红色（正极，+）夹子连接到工作中（有电）电池的正极端子。
3. **黑色夹到有电电池的负极：** 将一个黑色（负极，-）夹子连接到工作中（有电）电池的负极端子。
4. **黑色接地：** 将剩下的黑色（负极，-）夹子连接到*没电*汽车上的一个大型、未涂漆的金属表面（例如发动机螺栓或底盘框架），远离电池和燃油管路。此接地步骤可防止火花靠近可能爆炸的电池气体。

**启动程序：**
5. **启动有电的车辆：** 启动电池状态良好的车辆，让其运行 3 到 5 分钟以传输电量。
6. **启动没电的车辆：** 尝试启动没电的车辆。如果它启动成功，在断开电缆之前让两辆车都运行几分钟。

**断开顺序（反向顺序）：**
7. 严格按照连接时的相反顺序断开电缆：
    a. 从接地的金属表面取下黑色夹子（没电的车辆）。
    b. 从负极端子取下黑色夹子（有电的车辆）。
    c. 从正极端子取下红色夹子（有电的车辆）。
    d. 从正极端子取下红色夹子（没电的车辆）。"
根据这段文字，说出被公元79年火山爆发摧毁的两个罗马城市，指出第一个记录这场灾难的人，并说明他的亲属在哪里遇难。,公元79年维苏威火山的灾难性喷发摧毁了罗马城市庞贝和赫库兰尼姆。这次喷发通常被认为始于8月24日中午左右，导致周围地区在两天内被火山灰和浮石覆盖。然而，最近的考古证据表明，这次喷发可能发生得更晚，可能在10月或11月。这场灾难最初由小普林尼记录下来，他从远处目睹了这场事件，而他的叔叔大普林尼在那不勒斯湾附近试图执行救援任务时遇难。,火山爆发摧毁了庞贝和赫库兰尼姆两座城市。这场灾难由小普林尼记录下来，他的叔叔大普林尼在那不勒斯湾附近遇难。
根据文本，‘毅力号’火星车是何时登陆火星的？,美国国家航空航天局（NASA）的‘毅力号’火星车于2021年2月18日降落在火星的杰泽罗陨石坑（Jezero Crater）。它的主要任务是寻找古代微生物生命的迹象，并收集岩石和土壤样本，最终将其带回地球。该火星车携带了一架名为‘机智号’（Ingenuity）的直升机，该直升机于2021年4月展示了在另一颗行星上的首次动力飞行。,‘毅力号’火星车于2021年2月18日降落在火星上。
利用提供的段落，确定阿波罗11号机组人员成功返回地球的日期。,阿波罗11号是美国首次将人类送上月球的太空飞行任务。指挥官尼尔·阿姆斯特朗和登月舱飞行员巴兹·奥尔德林于世界标准时间1969年7月20日20:17将阿波罗登月舱“鹰”号降落在月球上。六小时39分钟后，即世界标准时间7月21日02:56，阿姆斯特朗成为第一个踏上月球表面的人；奥尔德林在19分钟后加入了他的行列。他们在飞船外度过了大约两个半小时。任务的第三名成员迈克尔·科林斯在他们位于月球表面时，独自在月球轨道上驾驶着指令舱“哥伦比亚”号。阿波罗11号于1969年7月16日由土星五号火箭从肯尼迪航天中心的39A发射复合体发射升空。机组人员于1969年7月24日返回地球，安全溅落在太平洋上。,阿波罗11号机组人员于1969年7月24日返回地球。
解释 VPN 是什么以及为什么人们可能会使用它。,,VPN，即虚拟私人网络，通过公共网络（通常是互联网）创建安全、加密的连接。人们使用它们主要是为了确保数据隐私、隐藏地理位置以及远程安全地访问内部网络。
将以下项目任务列表转换为结构化的 JSON 数组。每个对象必须包含“TaskID”、“Name”和“Status”键。,Alpha 项目任务：TSK-001：初始化数据库（状态：已完成）。TSK-002：设计 UI 线框（状态：进行中）。TSK-003：编写 API 文档（状态：待定）。TSK-004：敲定营销策略（状态：受阻）。,"
[
  {
    ""TaskID"": ""TSK-001"",
    ""Name"": ""初始化数据库"",
    ""Status"": ""已完成""
  },
  {
    ""TaskID"": ""TSK-002"",
    ""Name"": ""设计 UI 线框"",
    ""Status"": ""进行中""
  },
  {
    ""TaskID"": ""TSK-003"",
    ""Name"": ""编写 API 文档"",
    ""Status"": ""待定""
  },
  {
    ""TaskID"": ""TSK-004"",
    ""Name"": ""敲定营销策略"",
    ""Status"": ""受阻""
  }
]
"
我应该如何决定在小型容器花园中种植哪种类型的番茄植物？,,在为小型容器选择番茄时，主要因素是植株的生长习性和容器大小。重点关注有限生长型或“灌木型”品种，因为它们会在可控的高度（通常是 3–4 英尺）停止生长，并且不需要大量的攀爬架。避免无限生长型或“藤蔓型”品种，它们会持续生长。矮生品种，通常以“庭院”或“微型矮生”番茄的名义出售，是理想的选择。樱桃番茄品种，例如“Tiny Tim”或“Husky Red”，通常在较少的土壤量中生长良好并提供高产。
描述发射可重复使用的轨道火箭（如 SpaceX 猎鹰 9 号）所涉及的主要阶段。,,"猎鹰 9 号这样的可重复使用两级火箭的发射序列涉及几个关键的、连续的阶段，其中包括有效载荷的上升和助推器的返回。

**1. 发射前和起飞 (T-0)：**
   *   在 T-0（锁定释放）前不久，九台梅林发动机点火。一旦推力确认稳定，火箭将从发射夹具上释放，开始垂直上升。

**2. 一级上升和主发动机关机 (MECO)：**
   *   助推器携带火箭穿过大气层最稠密的部分。飞行轨迹向下俯冲，不断积累速度。大约在飞行 2 分 30 秒时，助推器执行 MECO（主发动机关机），此时燃料几乎耗尽。

**3. 级间分离和二级点火 (SECO-1)：**
   *   气动推杆将一级助推器与级间段（连接两级的适配器）分离。二级由一台真空优化型梅林发动机提供动力，点火以继续将有效载荷推向轨道速度。

**4. 一级返回序列（助推返回和再入）：**
   *   **助推返回点火：** 一级使用冷气推进器翻转 180 度，并重新点燃其中三台发动机（助推返回点火），以逆转动量，将其送回发射场或无人船。
   *   **再入点火：** 当一级重新进入高层大气时，执行一次短暂的点火（通常使用三台发动机），以减缓助推器速度并减少在遇到稠密空气前的加热。

**5. 二级入轨：**
   *   二级继续点火，将有效载荷（例如卫星）送入初步停泊轨道 (SECO-1)。它可能会在几分钟或几小时后执行后续点火 (SECO-2)，以在部署有效载荷之前调整轨道。

**6. 着陆点火和着陆：**
   *   返回中的一级展开其着陆支架，并使用单个中心发动机执行最后的高精度着陆点火。发动机深度节流，以便在指定着陆区着陆的瞬间，精确地将助推器的速度降至零。"
向初学者解释区块链技术的概念。,,"将区块链想象成一个数字公共账本，类似于一份在全球庞大计算机系统网络中复制和分发的电子表格。至关重要的是，没有任何单一的个人或实体拥有或控制这个账本。

它是如何运作的：

### 1. 区块（Blocks）
“区块”本质上是一个数字信息包。每个区块包含三个主要部分：
*   **交易数据（Transaction Data）：** 交易的具体细节（谁、什么、何时、金额）。
*   **随机数（A Nonce）：** 用于生成哈希值的一个随机数字。
*   **加密哈希值（A Cryptographic Hash）：** 一个唯一、固定长度的代码，用于标识区块及其内容。可以将其视为区块的数字指纹。如果区块内的数据即使发生微小变化，哈希值也会完全改变。

### 2. 区块链（The Chain）
一旦一个区块完成，它就会与前一个添加的区块连接起来，形成一个“链”。这种连接之所以发生，是因为新的区块包含了*前一个*区块的加密哈希值。这创建了一个安全、按时间顺序排列的数据序列。

### 3. 去中心化（Decentralization）
整条链不是存储在单个中央服务器（如银行数据库）上，而是被复制并分发到数千台被称为“节点”的计算机上。要让一个新的区块被接受并添加到链中，大多数节点必须验证并同意该交易是合法的。这种共识机制使得系统透明，并对故障或篡改具有极强的弹性，因为它没有单点故障。

### 4. 不可篡改性（安全性）
区块链的安全性源于其结构。由于每个新区块都引用了其前一个区块的哈希值，因此篡改旧交易将需要重新计算该区块的哈希值，*并且*需要同时在去中心化网络中的大多数节点上重新计算链中所有后续区块的哈希值。这种程度的计算工作量使得修改过去的记录几乎不可能。"
纽约市最初为什么命名为新阿姆斯特丹？,,纽约市最初是在 1625 年由荷兰西印度公司建立的一个定居点，并被命名为新阿姆斯特丹（Nieuw-Amsterdam）。这个名字是为了纪念阿姆斯特丹，它是荷兰最大的城市和首都，因为这个定居点曾是荷兰殖民地新尼德兰的首都。1664 年，在第二次英荷战争期间，英国人控制了该地区，并将这座城市及周边地区更名为“纽约”，以纪念约克公爵（未来的英格兰国王詹姆斯二世）。
解释蜜蜂和其他授粉媒介在维护全球粮食安全方面所起的关键作用。确保解释涵盖单一种植问题和经济影响。,,授粉媒介，特别是蜜蜂和本地蜂，对于全球超过75%的开花植物和大约三分之一的全球粮食作物的繁殖至关重要。没有它们的活动，水果、蔬菜、坚果和关键种子作物的产量将会崩溃，严重威胁粮食安全并破坏营养多样性。工业化耕作方式，特别是广泛的单一种植，通过减少天然饲料和生物多样性来加剧这一问题，使得主要作物过度依赖通过卡车运送的人工蜂箱。在经济上，这种不可或缺的生物劳动每年为全球农业部门贡献数十亿美元，突显了它们在粮食生产中不可替代的地位。
谁是那位使用女巫喀耳刻提供的毛线球杀死米诺陶洛斯的罗马英雄？,,这位英雄是忒修斯，一位希腊神话中雅典的创建者英雄。他穿过迷宫并杀死了米诺陶洛斯，他使用弥诺斯国王的女儿阿里阿德涅给他的线团（或线索）找到了返回的路。
将以下生物分类为哺乳动物或爬行动物：鸭嘴兽，鬣蜥。,,鸭嘴兽是哺乳动物，而鬣蜥是爬行动物。
列出霍格沃茨魔法学校的四大主要学院。,,"- 格兰芬多
- 赫奇帕奇
- 拉文克劳
- 斯莱特林"
概述在标准轿车上安全更换爆胎的必要步骤。,,1. 将车辆停在平坦地面上并拉上手刹。 2. 打开危险警告灯，如果可用，设置反光三角警示牌。 3. 找到备胎、千斤顶和轮胎扳手。 4. 稍微松开（但不要完全卸下）螺母。 5. 将千斤顶放置在汽车底盘下方，抬高车辆，直到爆胎离地。 6. 完全卸下螺母，取下爆胎。 7. 装上备胎，用手拧紧螺母。 8. 降下车辆。 9. 以星形图案完全拧紧螺母。 10. 收拾好工具，并立即检查备胎气压。
提供以下概念的简明定义。,量子纠缠,一种物理现象，其中两个或多个粒子以某种方式关联起来，使得测量其中一个粒子的属性会立即影响其他粒子的属性，无论它们之间相隔多远。
青霉素的最初发现者是谁，在哪一年？,青霉素，通常缩写为 PCN，是一组抗生素，最初来源于青霉菌，特别是金黄色青霉菌（*P. chrysogenum*）和点青霉（*P. notatum*）。青霉素的发现归功于苏格兰内科医生兼科学家亚历山大·弗莱明（Alexander Fleming），他于 1928 年在伦敦圣玛丽医院工作时发现了青霉素。大规模生产和成功的临床试验后来在 20 世纪 40 年代初期由霍华德·弗洛里（Howard Florey）和恩斯特·钱恩（Ernst Chain）进行。,青霉素的发现归功于苏格兰内科医生兼科学家亚历山大·弗莱明，时间是 1928 年。
解释黑洞和虫洞之间的主要区别。,,黑洞是时空中的一个区域，其引力效应如此之强，以至于任何东西——包括粒子和电磁辐射（如光）——都无法从中逃脱。相反，虫洞是一种假想结构，连接着时空中遥远的点，充当着穿越宇宙的捷径。
生成一个包含五个因守卫宝藏而闻名的神话生物的编号列表。,,"1. 龙
2. 狮鹫
3. 斯芬克斯
4. 法夫纳
5. 鸡蛇怪"
解释黑洞的概念。,,黑洞是时空中的一个区域，其引力非常强大，以至于任何事物（包括光或其他电磁波）都无法逃离。它是在一个大质量恒星在其生命周期结束时，在自身引力作用下坍缩形成的。界定该无法逃逸区域的边界被称为事件视界。尽管事件视界对穿越它的物体的命运和情况产生深远影响，但它本身没有局部的可探测特征。在黑洞的中心是一个引力奇点，这是一个密度无限大的点。
总结细胞学说的核心原则。,细胞学说是现代生物学的基本原则之一，主要归功于马蒂亚斯·施莱登和西奥多·施旺在19世纪中叶的工作，鲁道夫·魏尔肖后来又增加了内容。最初的学说确立了两项主要原则：第一，所有生物体都由一个或多个细胞组成；第二，细胞是生命的基本结构和组织单位。魏尔肖后来又补充了第三个关键原则：所有细胞都来源于先前的细胞（omnis cellula e cellula）。第三点直接驳斥了自然发生的概念。此外，细胞学说还包括遗传信息在细胞分裂过程中从一个细胞传递到另一个细胞，以及能量流（新陈代谢和生物化学）发生在细胞内等观点。,细胞学说三个普遍接受的论点是：1）所有生物体都由一个或多个细胞组成；2）细胞是生物体的基本结构和组织单位；3）所有细胞都来源于先前的细胞。该学说还承认细胞包含在分裂过程中传递的遗传信息，并且是代谢活动的场所。
根据文本，海马体的主要功能是什么？,人脑是一个极其复杂的器官。大脑是脑部最大的部分，负责思考和行动等更高层次的功能。海马体深藏于颞叶内，是人类和其他脊椎动物大脑的主要组成部分。它的主要作用是形成与经历过的事件相关的新记忆（情景记忆），以及空间导航。海马体受损会严重损害形成新的长期记忆的能力。小脑位于大脑下方，协调姿势、平衡、协调和言语等自主运动，从而实现平稳且平衡的肌肉活动。,海马体的主要作用是形成与经历过的事件相关的新记忆（情景记忆），以及空间导航。
分析在主要社交媒体平台上部署生成式AI（特别是大型语言模型）进行自动化内容审核所带来的主要伦理风险。提出三种旨在平衡效率和用户权利的不同缓解策略。,,"部署大型语言模型（LLM）进行自动化内容审核带来了若干重大的伦理风险，主要集中在公平性、透明度和言论自由方面。

**伦理风险：**

1.  **偏见放大和差异化影响：** LLM是在海量数据集上训练的，这些数据集往往反映了社会偏见（种族、性别、政治）。如果审核模型习得了这些偏见，它可能会不成比例地针对边缘群体的言论或内容模式，导致不公平的内容移除或“影子封禁”，从而加剧系统性歧视。
2.  **缺乏可解释性和透明度：** AI决策通常是“黑箱”。当内容被移除时，用户很少能得到除了笼统的政策违规之外的清晰、具体、可供人类理解的理由。这种缺乏透明度的做法破坏了用户信任，使得申诉过程充满挑战，违反了基本的正当程序期望。
3.  **过度审核和寒蝉效应：** 高度敏感或过于激进的LLM可能难以处理语境、讽刺或细微的政治评论。激进的自动化可能导致移除无害或合法的言论，从而产生“寒蝉效应”，用户因担心受到武断惩罚而进行自我审查，进而限制了言论自由和公共讨论。

**缓解策略：**

1.  **对高严重性行为强制引入人工干预：** 所有导致永久封禁账户、严厉内容限制或移除高知名度/新闻内容的自动化审核决策，在执行前都必须要求强制性的人工审核（即“人工在环”系统）。此策略在保持处理低风险、明显违规的效率的同时，在模糊或关键案例中保护了用户权利。
2.  **针对差异化影响的对抗性测试和审计：** 平台必须承诺进行定期的、第三方的伦理审计和专门针对人口统计影响的对抗性测试。这包括创建旨在揭示算法偏见的测试数据集（例如，提交由不同假定身份或语言所表达的相同内容），并调整模型权重，以确保审核在所有用户群体中得到一致的应用。
3.  **增强透明度并加快申诉流程：** 平台必须从通用的违规通知转向特定的、标准化的推理代码，清晰地指明违反了政策的哪一部分以及LLM标记该内容的**原因**。此外，实施一个针对AI审核内容的加速、透明且具有约束力的内部申诉流程（保证在48小时内给出人工审核结果），从而恢复用户的主动权和信任。"
小苏打除了烘焙之外，还有哪些实用的家庭用途？,,小苏打可以用作除臭剂（放在冰箱或鞋子里）、用于水槽的温和磨砂清洁剂、与醋混合后用作疏通下水道的疏通剂，以及用作衣物助洗剂。
巴拿马运河的正式通航是什么时候发生的？,巴拿马运河的建设是迄今为止进行过的最困难的工程项目之一。法国的最初尝试因疾病和财务问题而失败。美国于 1904 年接管了该项目。尽管“安康号”蒸汽船（SS Ancon）于 1914 年 8 月 15 日完成了正式通航，连接了大西洋和太平洋，但在那日期之前，较小的船只已使用过该水道的一部分。运河的正式开通时间与欧洲第一次世界大战的开始时间几乎完全吻合。,巴拿马运河的正式通航由“安康号”蒸汽船于 1914 年 8 月 15 日完成。
解释UV-C紫外线消毒设备背后的技术，以及它们对病毒和细菌的有效性如何。,,UV-C光是一种特定范围的紫外线（100–280 纳米），具有杀菌作用。它的工作原理是穿透微生物的细胞壁或病毒衣壳。一旦进入内部，DNA或RNA会吸收UV-C辐射，导致核酸碱基（如胸腺嘧啶）异常结合，形成二聚体。这种二聚化阻止了生物体的遗传物质进行复制，从而有效地灭活了微生物，并防止其引起感染。只要病原体暴露在足够的剂量（强度乘以时间）下，并且光线没有被灰尘或阴影阻挡，UV-C消毒对包括细菌、霉菌和病毒（如SARS-CoV-2）在内的多种病原体都非常有效。
分析以下2024年第三季度咖啡市场报告数据。总结消费者趋势的两次主要转变——冷饮偏好和可持续性需求——并确定驱动每种趋势的关键人群。,"市场概览 2024年第三季度：传统热咖啡消费量同比下降4%。 

冷萃/即饮（RTD）细分市场：销量增长18%。65%的Z世代消费者更喜欢即饮冷萃咖啡，而非传统冰咖啡。主要驱动因素是便利性和口味一致性。

可持续性数据：78%的千禧一代和X世代消费者表示，愿意为经过认证的公平贸易或雨林联盟咖啡豆支付15%+的溢价。55%的购买决策受到包装上道德采购声明的影响。关键关注点：减少浪费和农民补偿。",2024年第三季度的数据揭示了咖啡消费的两次重大转变。首先，消费者明显转向冷饮，以冷萃/即饮（RTD）细分市场18%的增长为标志。这种偏好主要由重视便利性和口味一致性的Z世代推动。其次，对可持续采购的需求正在强劲增长。超过四分之三（78%）的千禧一代和X世代愿意为经过认证的道德咖啡豆支付溢价（15%+）。侧重于减少浪费和农民补偿的道德声明，目前影响着这些人群中超过一半的购买决策。
谁通常被认为是海王星最大卫星特里同的发现者？,海王星最大的卫星特里同的发现通常归功于威廉·拉塞尔。他于1846年10月10日观测到了这颗卫星，这比厄本·勒维耶和约翰·伽勒发现海王星本身只晚了17天。拉塞尔是一位英国天文学家，他建造了自己的天文台和望远镜设备。他还独立发现了其他几颗次要卫星，包括天王星周围的阿瑞尔和翁布里尔。,威廉·拉塞尔。
提取探险队长的姓名、开始日期以及测绘的海岸线里程数。以以下格式呈现信息：“由 {Leader's Name} 带领，探险队于 {Date} 开始，并测绘了 {Distance} 英里。”,这支由埃莉诺·范斯船长带领的探险队于1845年6月5日从普利茅斯启程。他们的目标是绘制南极圈南部未知的海域。经过18个月的海上航行，船员们终于返回，成功测绘了320英里的海岸线，尽管整个航程中只有两名船员因疾病去世。,由埃莉诺·范斯船长带领，探险队于1845年6月5日开始，并测绘了320英里。
澳大利亚的首都是什么？,,澳大利亚的首都是堪培拉。
列出相加混色（用于屏幕和显示器）的三原色。,,三种主要相加原色是红、绿和蓝（RGB）。
比较和对比文章中描述的两种十四行诗的结构和韵律方案。将“莎士比亚式十四行诗”和“彼特拉克式十四行诗”的特征分别呈现在两个带有清晰标签的要点列表中。,十四行诗是十四行的诗歌。莎士比亚式（或称英格兰式）十四行诗的结构是三个四行诗节和一个结论性的对句，遵循 ABAB CDCD EFEF GG 的韵律方案。它通常通过一系列对比性的意象或论点来发展其主题。相比之下，彼特拉克式（或称意大利式）十四行诗使用一个八行诗节（八行）和一个六行诗节（六行）。其八行诗节典型的韵律方案是 ABBAABBA，而六行诗节则使用 CDECDE 或 CDCDCD。这种结构通常在八行诗节中提出问题或论点，并在六行诗节中给出解决或评论。,"莎士比亚式十四行诗
- 结构: 三个四行诗节和一个结论性的对句
- 韵律方案: ABAB CDCD EFEF GG

彼特拉克式十四行诗
- 结构: 八行诗节（八行）和一个六行诗节（六行）
- 八行诗节韵律方案: ABBAABBA
- 六行诗节韵律方案: CDECDE 或 CDCDCD"
提供维护强大在线密码的三个基本最佳实践。,,1. 复杂性和长度：密码应足够长（目标是 12-16 个字符或更多），并包含大小写字母、数字和符号的组合。 2. 唯一性：切勿在多个账户中重复使用相同的密码。使用可靠的密码管理器为每项服务存储和生成唯一的凭证。 3. 多重身份验证 (MFA)：虽然技术上它本身不是密码，但启用 MFA（或双重身份验证）是防止未经授权访问的最关键保障，即使您的密码被泄露也是如此。
小说《弗兰肯斯坦》的作者是谁？它于何时首次出版？,,《弗兰肯斯坦；或，现代普罗米修斯》的作者是玛丽·雪莱。它于1818年在伦敦匿名首次出版。
从零开始学习一门新的编程语言，最有效的策略是什么？,,最有效的方法是理论学习与实践应用的结合。首先，掌握核心语法和基本概念（数据类型、循环、条件语句）。然后立即过渡到构建小型、实用的项目——例如，“Hello World”应用、一个简单的计算器等。这种动手实践的方法比被动阅读能更快地巩固学习成果。此外，利用像 Stack Overflow 和 GitHub 这样的在线社区和资源，并尝试使用互动式编码平台（如 LeetCode 或 HackerRank）进行日常练习，以保持学习的动力。
柏林墙是哪一年倒塌的？,,1989
如何在家冲洗黑白35毫米胶片底片？,,"在家冲洗黑白胶片是一个简单的、无需暗房的过程，但需要仔细控制温度和时间。确保在通风良好的区域操作化学品。

### 所需设备和化学品：
*   冲洗罐（例如Paterson）和片芯
*   换片袋（或真正的暗房）
*   温度计（精确到1华氏度/摄氏度）
*   量筒/量杯
*   计时器
*   显影剂（例如柯达D-76，伊尔福ID-11）
*   停显液（或清水）
*   定影剂
*   润湿剂（例如Photo-Flo）

### 步骤 1：装载胶片（完全黑暗）
在换片袋或暗房内操作，打开胶卷盒，小心地将胶片卷到冲洗片芯上。将装有胶片的片芯放入冲洗罐中并盖紧盖子，确保完全不透光。一旦密封好，就可以开灯了。

### 步骤 2：准备化学品
查阅制造商说明书，了解您使用的特定胶片/显影剂组合所需的显影时间 (T)。标准显影温度为 68°F (20°C)。将所有化学品（显影液、停显液、定影液）混合到此温度。注意：如果无法保持 68°F，则必须根据温度补偿表调整显影时间 (T)。

### 步骤 3：显影
1.  **倒入显影液：** 快速将计算好的显影液倒入冲洗罐。在开始倾倒时立即启动计时器。
2.  **搅动：** 在最初的 30 秒内持续搅动冲洗罐（倒置、扭转、轻敲以去除气泡）。在剩余时间 (T) 内，每隔 60 秒搅动 10 秒（轻轻倒置冲洗罐 4-5 次）。
3.  **倒出：** 当计时器结束时，迅速将显影液从冲洗罐中倒出。

### 步骤 4：停止显影
1.  **倒入停显液：** 立即将停显液倒入冲洗罐。
2.  **搅动：** 持续搅动 30 秒。
3.  **倒出：** 倒出停显液。（或者，您可以使用清水冲洗 60 秒）。

### 5：定影
1.  **倒入定影液：** 将定影液倒入冲洗罐。
2.  **搅动：** 定影 5 到 8 分钟，每分钟搅动 10 秒。当胶片的透明引片完全变成半透明时，即确定了良好的定影时间。
3.  **倒出：** 将定影液倒回其储存容器中（定影液可重复使用）。

### 步骤 6：水洗和干燥
1.  **水洗：** 取下盖子，用流动水（理想温度 68°F）冲洗胶片 10-15 分钟。使用“灌满和倒掉”法（反复将罐子装满水再倒掉）以获得最佳效果，或者使用软管附件。
2.  **润湿剂：** 用水注满冲洗罐，加入 1-2 滴润湿剂（Photo-Flo）。轻轻搅动 30 秒。这可以防止留下水渍。
3.  **干燥：** 取出胶片，使用专用刮水器或用手指沿着胶片边缘去除多余水分。将胶片垂直挂在无尘环境（例如淋浴间）中，用衣夹或重物固定底部。在剪裁和装入底片套之前，让其干燥 2-4 小时。"
为什么乔·罗根作为播客如此成功？,,乔·罗根的成功源于多种因素的结合，包括他在娱乐界的长久历史（单口喜剧和电视）、他对广泛主题的真诚好奇心，以及他那种促进深入交流的、随性且长篇的访谈形式。此外，他早期采用YouTube等独立平台，以及后来的Spotify，使他能够绕过传统媒体的看门人，从而建立了一个庞大的、忠实的全球听众群体，这个群体愿意接受各种多样化甚至有时具有争议性的观点。
将以下神祇归类为希腊神话或罗马神话：宙斯、朱庇特、雅典娜、弥涅尔瓦、阿瑞斯、马尔斯、波塞冬、尼普顿,,"宙斯: 希腊
朱庇特: 罗马
雅典娜: 希腊
弥涅尔瓦: 罗马
阿瑞斯: 希腊
马尔斯: 罗马
波塞冬: 希腊
尼普顿: 罗马"
使用排队等待的类比来解释同步和异步操作之间的核心区别。将解释保持在 50 字以内。,,同步操作指在咖啡柜台前等待，直到你的单杯拿铁做好才能做其他事情。异步操作指下多个订单，拿到蜂鸣器，在等待蜂鸣器提示准备好的期间，你可以去清理桌子等。
为什么我们看星星时，它们会显得“闪烁”？,,恒星发出稳定的光，因此它们本身并不会闪烁。这种闪烁效应，或称“大气闪烁”（astronomical scintillation），是由地球大气层引起的。当遥远恒星发出的光线传向你的眼睛时，它必须穿过不断移动和密度变化（湍流）的空气层。这会导致光线以不同方式发生轻微折射（弯曲），使得恒星看起来位置和亮度都在快速变化。
将以下天体归入三类之一：恒星、行星或卫星：木星、太阳、木卫二、火星、天狼星、木卫三。,,"木星: 行星
太阳: 恒星
木卫二: 卫星
火星: 行星
天狼星: 恒星
木卫三: 卫星"
将以下过程分类为吸热或放热过程：燃烧、冰融化、光合作用、水结冰、细胞呼吸。,,吸热过程是指从周围环境中吸收热量或能量的过程。放热过程释放热量或能量。因此，冰融化和光合作用是吸热的。燃烧、细胞呼吸和水结冰（会释放潜热）都是放热的。
取以下鸟类名称列表，并将数据重新格式化为一个 JSON 数组，其中每个对象包含 '学名' 和 '俗名' 键。,"Pelecanus occidentalis (Brown Pelican), Sula nebouxii (Blue-footed Booby), Fregata magnificens (Magnificent Frigatebird), Phaethon lepturus (White-tailed Tropicbird), Puffinus puffinus (Manx Shearwater).","[
  {
    ""学名"": ""Pelecanus occidentalis"",
    ""俗名"": ""褐鹈鹕""
  },
  {
    ""学名"": ""Sula nebouxii"",
    ""俗名"": ""蓝脚鲣鸟""
  },
  {
    ""学名"": ""Fregata magnificens"",
    ""俗名"": ""丽色军舰鸟""
  },
  {
    ""学名"": ""Phaethon lepturus"",
    ""俗名"": ""白尾热带鸟""
  },
  {
    ""学名"": ""Puffinus puffinus"",
    ""俗名"": ""曼氏鹱""
  }
]"
人类起鸡皮疙瘩的生物学原因是什么？,,鸡皮疙瘩是立毛过程的结果。每个毛囊底部都有微小的肌肉，称为竖毛肌，它们收缩时会导致毛发直立。尽管这种反应对体毛相对较少的现代人类作用不大，但它在我们的祖先身上具有进化意义。天冷时，直立的毛发会困住一层空气，起到隔热保暖的作用。当感到压力或受到威胁时，直立的毛发会使动物看起来更大，从而起到威慑或攻击性展示的作用。