instruction,input,response
Ποια είναι τα θεμελιώδη δόγματα του Βουδισμού;,,"Οι θεμελιώδεις διδασκαλίες του Βουδισμού (Dharma), όπως καθιερώθηκαν από τον Siddhartha Gautama (ο Βούδας), επικεντρώνονται στην κατανόηση και την υπέρβαση του πόνου (Dukkha) μέσω της ηθικής συμπεριφοράς, της πνευματικής πειθαρχίας και της σοφίας. Αυτή η κατανόηση περικλείεται κυρίως στις Τέσσερις Ευγενείς Αλήθειες και την Ευγενή Οκταπλή Οδό.

Οι Τέσσερις Ευγενείς Αλήθειες:
1. Dukkha (Πόνος): Η ζωή αναπόφευκτα περιλαμβάνει πόνο, δυσαρέσκεια και παροδικότητα.
2. Samudaya (Προέλευση του Πόνου): Ο πόνος προκύπτει από την προσκόλληση, τη λαχτάρα (craving) και την άγνοια (trishna).
3. Nirodha (Παύση του Πόνου): Ο πόνος μπορεί να σταματήσει όταν σταματήσει η λαχτάρα και η προσκόλληση, οδηγώντας στη Νιρβάνα.
4. Magga (Οδός για την Παύση του Πόνου): Η οδός για τον τερματισμό του πόνου είναι η Ευγενής Οκταπλή Οδός.

Η Ευγενής Οκταπλή Οδός είναι ο πρακτικός οδηγός, ο οποίος συχνά κατηγοριοποιείται σε τρεις ενότητες:

Σοφία (Prajna):
1. Σωστή Κατανόηση (Samma ditthi): Το να βλέπεις τον κόσμο και τις Τέσσερις Ευγενείς Αλήθειες όπως πραγματικά είναι.
2. Σωστή Σκέψη (Samma sankappa): Σκέψεις αποκήρυξης, καλής θέλησης και μη βίας.

Ηθική Συμπεριφορά (Sila):
3. Σωστή Ομιλία (Samma vaca): Αποφυγή ψεύδους, διχαστικής ομιλίας, σκληρών λέξεων και άσκοπης φλυαρίας.
4. Σωστή Δράση (Samma kammanta): Αποχή από σωματική βλάβη, κλοπή και σεξουαλική ανάρμοστη συμπεριφορά.
5. Σωστή Διαβίωση (Samma ajiva): Κερδίζοντας τα προς το ζην με μη επιβλαβή τρόπο.

Πνευματική Πειθαρχία (Samadhi):
6. Σωστή Προσπάθεια (Samma vayamo): Καλλιέργεια ευεργετικών πνευματικών καταστάσεων και εγκατάλειψη των επιβλαβών.
7. Σωστή Ενσυνειδητότητα (Samma sati): Διατήρηση της επίγνωσης του σώματος, των συναισθημάτων, του νου και των νοητικών αντικειμένων.
8. Σωστή Συγκέντρωση (Samma samadhi): Ανάπτυξη εστιασμένου διαλογισμού που οδηγεί σε ανώτερες καταστάσεις συνείδησης."
Ποια πέντε στοιχεία αποτελούν περίπου το 99% της μάζας των ζωντανών οργανισμών;,"Οι ζωντανοί οργανισμοί αποτελούνται κυρίως από έξι μη μεταλλικά στοιχεία: οξυγόνο, άνθρακα, υδρογόνο, άζωτο, ασβέστιο και φώσφορο. Ωστόσο, τα τέσσερα πιο άφθονα στοιχεία—οξυγόνο, άνθρακας, υδρογόνο και άζωτο—αντιπροσωπεύουν περίπου το 96% του σωματικού βάρους των περισσότερων ζώων και φυτών. Όταν συμπεριλαμβάνεται το ασβέστιο, αυτά τα πέντε στοιχεία (Οξυγόνο, Άνθρακας, Υδρογόνο, Άζωτο και Ασβέστιο) αποτελούν περίπου το 99% της μάζας των ζωντανών οργανισμών.","Οξυγόνο, Άνθρακας, Υδρογόνο, Άζωτο, και Ασβέστιο"
"Ποιος ήταν ο σκοπός του Πύργου Wardenclyffe, και πότε τελικά διαλύθηκε η κατασκευή;","Ο Πύργος Wardenclyffe, γνωστός και ως Πύργος Τέσλα, ήταν ένας πρώιμος πειραματικός σταθμός ασύρματης μετάδοσης που σχεδιάστηκε και κατασκευάστηκε από τον Νίκολα Τέσλα στη Βόρεια Ακτή του Λονγκ Άιλαντ της Νέας Υόρκης. Η κατασκευή ξεκίνησε το 1901. Ο Τέσλα σκόπευε ο πύργος να είναι ένα πρωτότυπο για ένα «Παγκόσμιο Ασύρματο Σύστημα» για διατλαντική τηλεφωνία, ραδιοφωνική μετάδοση και επίδειξη ασύρματης μετάδοσης ενέργειας. Ωστόσο, λόγω σοβαρών προβλημάτων χρηματοδότησης και αντικρουόμενων συμφερόντων από τους επενδυτές, η κατασκευή σταμάτησε γύρω στο 1906. Η κατασκευή κατεδαφίστηκε τελικά για παλιοσίδερα το 1917.","Ο σκοπός του Πύργου Wardenclyffe ήταν να αποτελέσει πρωτότυπο για ένα «Παγκόσμιο Ασύρματο Σύστημα» για διατλαντική τηλεφωνία, ραδιοφωνική μετάδοση και επίδειξη ασύρματης μετάδοσης ενέργειας. Η κατασκευή κατεδαφίστηκε το 1917."
Εξηγήστε το φαινόμενο που κάνει τον ουρανό να φαίνεται μπλε κατά τη διάρκεια της ημέρας.,,"Το μπλε χρώμα του ουρανού προκαλείται από ένα φαινόμενο που ονομάζεται σκέδαση Rayleigh. Το φως του ήλιου φτάνει στην ατμόσφαιρα της Γης και διασκορπίζεται προς όλες τις κατευθύνσεις από τα μικροσκοπικά μόρια του αερίου. Επειδή το μπλε φως ταξιδεύει ως μικρότερα, βραχύτερα κύματα, διασκορπίζεται ευρύτερα από άλλα χρώματα (όπως το κόκκινο ή το κίτρινο)."
Εξηγήστε τη θεμελιώδη έννοια του blockchain και την προέλευσή του.,Προτάθηκε αρχικά το 1991 από τους Stuart Haber και W. Scott Stornetta για τη χρονοσήμανση ψηφιακών εγγράφων· έγινε δημοφιλές με τη δημιουργία του Bitcoin το 2008 από τον Satoshi Nakamoto· είναι θεμελιωδώς μια τεχνολογία κατανεμημένου καθολικού (DLT)· χρησιμοποιεί κρυπτογραφικό κατακερματισμό για να συνδέσει 'μπλοκ' δεδομένων συναλλαγών· τα δεδομένα είναι αμετάβλητα μόλις καταγραφούν· απαιτεί μηχανισμούς συναίνεσης (όπως Απόδειξη Εργασίας ή Απόδειξη Συμμετοχής) για την επικύρωση νέων μπλοκ.,"Το blockchain είναι ένας τύπος τεχνολογίας κατανεμημένου καθολικού (DLT) που καταγράφει δεδομένα, συνήθως συναλλαγές, σε συνδεδεμένες μονάδες που ονομάζονται 'μπλοκ'. Κάθε μπλοκ κρυπτογραφείται με κατακερματισμό (hashed) με το προηγούμενο, καθιστώντας τα καταγεγραμμένα δεδομένα αμετάβλητα και διαφανή. Ενώ η ιδέα προτάθηκε αρχικά το 1991 από τους Haber και Stornetta για ασφαλή ψηφιακή χρονοσήμανση, έγινε δημοφιλής το 2008 από τον Satoshi Nakamoto ως η θεμελιώδης τεχνολογία για το κρυπτονόμισμα Bitcoin. Νέα μπλοκ προστίθενται στην αλυσίδα μόνο αφού ένας μηχανισμός συναίνεσης, όπως η Απόδειξη Εργασίας, επικυρώσει τα δεδομένα."
"Χρησιμοποιώντας το παρεχόμενο κείμενο, αναφέρετε την ημερομηνία και τον τόπο γέννησης του Άλμπερτ Αϊνστάιν, το όνομα του σχολείου που παρακολούθησε στο Μόναχο και σε ποια μαθήματα διέπρεψε.","Ο Άλμπερτ Αϊνστάιν γεννήθηκε στην Ουλμ της Γερμανίας, στις 14 Μαρτίου 1879. Έξι εβδομάδες αργότερα, η οικογένεια μετακόμισε στο Μόναχο, όπου ο πατέρας του, Χέρμαν Αϊνστάιν, και ο θείος του, Γιάκομπ Αϊνστάιν, ίδρυσαν μια εταιρεία ηλεκτρολόγων μηχανικών. Ο Άλμπερτ φοίτησε στο Γυμνάσιο Λούιτπολντ (Luitpold Gymnasium) στο Μόναχο. Αν και συχνά θεωρούνταν κακός μαθητής, διέπρεψε στα μαθηματικά και τη φυσική από νεαρή ηλικία. Συχνά ήταν δυσαρεστημένος με τη σχολική του ζωή και έβρισκε την άκαμπτη πειθαρχία καταπιεστική. Το 1895, σε ηλικία 16 ετών, ο Αϊνστάιν απέτυχε στις εισαγωγικές του εξετάσεις για την Ελβετική Ομοσπονδιακή Πολυτεχνική Σχολή στη Ζυρίχη, αλλά τελικά υπέβαλε εκ νέου αίτηση και έγινε δεκτός το 1896.","Ο Άλμπερτ Αϊνστάιν γεννήθηκε στην Ουλμ της Γερμανίας, στις 14 Μαρτίου 1879. Φοίτησε στο Γυμνάσιο Λούιτπολντ (Luitpold Gymnasium) στο Μόναχο. Διέπρεψε στα μαθηματικά και τη φυσική από νεαρή ηλικία."
Εξηγήστε την αρχή του Ξυραφιού του Όκαμ.,,"Το Ξυράφι του Όκαμ είναι μια φιλοσοφική αρχή που δηλώνει ότι μεταξύ ανταγωνιστικών υποθέσεων που προβλέπουν εξίσου καλά, πρέπει να επιλέγεται αυτή με τις λιγότερες παραδοχές. Συχνά συνοψίζεται ως: «Η απλούστερη εξήγηση είναι συνήθως η καλύτερη». Δεν είναι κανόνας λογικής ή απόδειξης καθαυτός, αλλά μια κατευθυντήρια γραμμή που χρησιμοποιείται για την απομάκρυνση της περιττής πολυπλοκότητας, και ονομάστηκε έτσι από τον Γουλιέλμο του Όκαμ, έναν Φραγκισκανό μοναχό του 14ου αιώνα."
Ποια είναι η βέλτιστη μέθοδος για την παρασκευή καφέ χρησιμοποιώντας τη Γαλλική Πρέσα;,,"Για το καθαρότερο και πλουσιότερο προφίλ γεύσης χρησιμοποιώντας τη Γαλλική Πρέσα, ακολουθήστε αυτά τα βήματα:

1. Ζεστάνετε το Νερό: Φέρτε φρέσκο νερό σε βρασμό, έπειτα αφήστε το να ξεκουραστεί για 30-60 δευτερόλεπτα (στοχεύοντας στους 195°F έως 205°F / 90°C έως 96°C).
2. Αλέστε τους Κόκκους: Χρησιμοποιήστε χοντρό, ομοιόμορφο άλεσμα, περίπου στην υφή του θαλασσινού αλατιού. Οι λεπτοί κόκκοι θα περάσουν μέσα από το φίλτρο, με αποτέλεσμα έναν αμμώδη καφέ.
3. Προσθέστε τον Καφέ: Τοποθετήστε τον αλεσμένο καφέ σας στην κανάτα. Μια τυπική αναλογία είναι 1 μέρος καφέ προς 15 μέρη νερού (περίπου 2 κουταλιές της σούπας ανά 6 ουγγιές).
4. ""Άνθιση"" του Καφέ (Bloom): Ρίξτε διπλάσια ποσότητα νερού από καφέ πάνω από τον αλεσμένο καφέ. Περιμένετε 30 δευτερόλεπτα. Αυτό επιτρέπει την απελευθέρωση του CO2, εξασφαλίζοντας ομοιόμορφη εκχύλιση.
5. Γεμίστε την Πρέσα: Ρίξτε απαλά το υπόλοιπο ζεστό νερό πάνω από τον αλεσμένο καφέ.
6. Εμποτισμός: Τοποθετήστε το καπάκι στην πρέσα χωρίς να πιέσετε το έμβολο. Αφήστε τον καφέ να εμποτιστεί για τουλάχιστον 4 λεπτά.
7. Πιέστε Αργά: Πιέστε σταθερά και αργά το έμβολο προς τα κάτω, σπρώχνοντας τον αλεσμένο καφέ στον πάτο. Αυτή η διαδικασία πρέπει να διαρκέσει περίπου 30 δευτερόλεπτα.
8. Σερβίρετε Αμέσως: Μην αφήνετε τον καφέ να παραμένει στην κανάτα μετά την πίεση, καθώς θα συνεχίσει να εκχυλίζεται και θα γίνει πικρός. Ρίξτε όλο τον καφέ αμέσως σε κούπες."
"Ονομάστε τις τέσσερις κύριες οροσειρές στις ηπειρωτικές Ηνωμένες Πολιτείες, παρατεταγμένες γεωγραφικά από την ακτή του Ειρηνικού προς τα ανατολικά.",,"Οροσειρές Ακτής, Σιέρα Νεβάδα/Όρη Κασκέιντς, Βραχώδη Όρη, Απαλάχια Όρη"
Εξηγήστε τα συστατικά στοιχεία του καθορισμού στόχων SMART και δώστε ένα σύντομο παράδειγμα που να καταδεικνύει έναν στόχο που πληροί και τα πέντε κριτήρια.,,"Το SMART είναι ένα ακρωνύμιο για τα Ειδικός (Specific), Μετρήσιμος (Measurable), Επιτεύξιμος (Achievable), Σχετικός (Relevant), και Χρονικά Προσδιορισμένος (Time-bound). Είναι ένα πλαίσιο σχεδιασμένο για να βοηθά τα άτομα να θέτουν σαφείς, εστιασμένους και εφικτούς στόχους.

**S - Ειδικός (Specific):** Ο στόχος πρέπει να είναι σαφής και ξεκάθαρος. Πρέπει να απαντά στις πέντε βασικές ερωτήσεις: Ποιος εμπλέκεται; Τι θέλω να επιτύχω; Πού θα γίνει αυτό; Πότε θα γίνει αυτό; Γιατί το κάνω αυτό;

**M - Μετρήσιμος (Measurable):** Πρέπει να υπάρχουν συγκεκριμένα κριτήρια για τη μέτρηση της προόδου και τον προσδιορισμό του πότε έχει επιτευχθεί ο στόχος. Αυτό απαντά σε ερωτήσεις όπως: Πόσο; Πόσα; Πώς θα ξέρω ότι ολοκληρώθηκε;

**A - Επιτεύξιμος (Achievable) (ή Εφικτός):** Ο στόχος πρέπει να είναι ρεαλιστικός και εφικτός, δεδομένων των διαθέσιμων πόρων και χρόνου. Είναι ο στόχος λογικός για το άτομο που προσπαθεί να τον επιτύχει;

**R - Σχετικός (Relevant):** Ο στόχος πρέπει να ευθυγραμμίζεται με ευρύτερους οργανωτικούς ή προσωπικούς στόχους. Έχει σημασία αυτός ο στόχος, και είναι η κατάλληλη στιγμή να τον επιδιώξω;

**T - Χρονικά Προσδιορισμένος (Time-bound):** Ο στόχος πρέπει να έχει καθορισμένο χρονοδιάγραμμα, συμπεριλαμβανομένης μιας ημερομηνίας έναρξης και μιας ημερομηνίας στόχου ολοκλήρωσης. Αυτό δημιουργεί την απαραίτητη επείγουσα ανάγκη και αποτρέπει τις εργασίες από το να παρασύρονται επ' αόριστον.

---

**Παράδειγμα Στόχου SMART:**

«Θα ολοκληρώσω το νέο εσωτερικό εκπαιδευτικό εγχειρίδιο (S) ολοκληρώνοντας πέντε ενότητες περιεχομένου την εβδομάδα (M) για να διασφαλίσω ότι ολόκληρο το προσχέδιο θα έχει ολοκληρωθεί μέχρι το τέλος του επόμενου οικονομικού τριμήνου (T). Αυτό είναι απαραίτητο για την επιτυχή ενσωμάτωση των 25 νέων προσλήψεών μας (R), και έχω δεσμεύσει 10 ειδικές ώρες την εβδομάδα για να καταστήσω αυτόν τον στόχο εφικτό (A).»"
"Κατηγοριοποιήστε τις ακόλουθες δύο γλώσσες με βάση την κύρια λειτουργία τους: SQL, Rust.",,"Η SQL είναι μια γλώσσα ερωτημάτων, η Rust είναι μια γλώσσα προγραμματισμού συστημάτων."
Εξηγήστε την έννοια του 'συμβολισμού Big O' και γιατί είναι σημαντικός στην ανάλυση αλγορίθμων.,,"Ο συμβολισμός Big O είναι μια μαθηματική σημειογραφία που περιγράφει την οριακή συμπεριφορά μιας συνάρτησης όταν το όρισμα τείνει προς μια συγκεκριμένη τιμή ή το άπειρο. Στο πλαίσιο της επιστήμης των υπολογιστών, χρησιμοποιείται για την ταξινόμηση των αλγορίθμων με βάση το πώς αυξάνονται ο χρόνος εκτέλεσής τους ή οι απαιτήσεις χώρου καθώς αυξάνεται το μέγεθος της εισόδου. Είναι ζωτικής σημασίας επειδή επιτρέπει στους προγραμματιστές να αξιολογήσουν την αποδοτικότητα και την επεκτασιμότητα διαφορετικών αλγορίθμων ανεξάρτητα από τις προδιαγραφές υλικού, βοηθώντας στην επιλογή της πιο αποδοτικής λύσης για μεγάλα σύνολα δεδομένων."
Ποιο είναι το όνομα που δίνεται σε μια περιοχή του χωροχρόνου που παρουσιάζει τόσο ισχυρές βαρυτικές επιδράσεις ώστε τίποτα—ούτε καν σωματίδια και ηλεκτρομαγνητική ακτινοβολία όπως το φως—να μην μπορεί να διαφύγει από μέσα της;,,Μαύρη τρύπα
Ποια είναι τα βασικά βήματα για να διασφαλιστεί ότι ένα κέικ φουσκώνει ομοιόμορφα και δεν βουλιάζει στη μέση;,,"Για να εξασφαλίσετε ομοιόμορφο φούσκωμα, πρώτον, βεβαιωθείτε ότι ο διογκωτικός σας παράγοντας (μπέικιν πάουντερ ή σόδα) είναι φρέσκος. Δεύτερον, μην ανακατεύετε υπερβολικά το μείγμα μόλις συνδυαστούν τα υγρά και τα ξηρά συστατικά, καθώς αυτό αναπτύσσει πολύ τη γλουτένη, κάτι που μπορεί να οδηγήσει σε σκληρή, βουλιαγμένη υφή. Τέλος, η σωστή θερμοκρασία φούρνου είναι κρίσιμη. Προθερμάνετε πάντα πλήρως και αντισταθείτε στο άνοιγμα της πόρτας του φούρνου κατά τα πρώτα δύο τρίτα του χρόνου ψησίματος, καθώς η ξαφνική πτώση της θερμοκρασίας προκαλεί την κατάρρευση της δομής."
Τι θεωρείται ευρέως ως η άμεση αιτία για τη Μεγάλη Ύφεση;,,Το Κραχ του Χρηματιστηρίου του Οκτωβρίου 1929.
Ποια ήταν η πρώτη σύνδεση που καθιερώθηκε για το ARPANET;,"Το Δίκτυο του Οργανισμού Προηγμένων Ερευνητικών Προγραμμάτων (ARPANET) ήταν ένα πρώιμο δίκτυο μεταγωγής πακέτων και το πρώτο δίκτυο που εφάρμοσε τη σουίτα πρωτοκόλλων TCP/IP. Και οι δύο τεχνολογίες αποτέλεσαν την τεχνική βάση του Διαδικτύου. Το ARPANET χρηματοδοτήθηκε αρχικά από τον Οργανισμό Προηγμένων Ερευνητικών Προγραμμάτων (ARPA) του Υπουργείου Άμυνας των Ηνωμένων Πολιτειών. Η πρώτη σύνδεση καθιερώθηκε στις 29 Οκτωβρίου 1969, μεταξύ του Πανεπιστημίου της Καλιφόρνια, Λος Άντζελες (UCLA) και του Ερευνητικού Ινστιτούτου του Στάνφορντ (SRI).","Η πρώτη σύνδεση καθιερώθηκε στις 29 Οκτωβρίου 1969, μεταξύ του Πανεπιστημίου της Καλιφόρνια, Λος Άντζελες (UCLA) και του Ερευνητικού Ινστιτούτου του Στάνφορντ (SRI)."
"Για ένα έργο επιστήμης δεδομένων που περιλαμβάνει βαθιά μάθηση και επεκτάσιμες διαδικασίες ETL, πρέπει να επιλέξω την Python ή την R;",,"Τόσο η Python όσο και η R είναι ουσιαστικά εργαλεία στο οικοσύστημα της επιστήμης δεδομένων, αλλά για έργα που αφορούν συγκεκριμένα τη βαθιά μάθηση και επεκτάσιμες διαδικασίες ETL (Εξαγωγή, Μετασχηματισμός, Φόρτωση), η Python είναι γενικά η ανώτερη επιλογή. Η Python υπερέχει στη βαθιά μάθηση χάρη σε ώριμα, βιομηχανικά πρότυπα πλαίσια όπως τα TensorFlow, PyTorch και Keras, τα οποία διαθέτουν βελτιστοποιημένη υποστήριξη GPU και τεράστια κοινοτική υποστήριξη. Η ευελιξία της την καθιστά ιδανική για επεκτάσιμες διαδικασίες ETL. Η Python ενσωματώνεται απρόσκοπτα με εταιρικά συστήματα, API, πλατφόρμες cloud (όπως το AWS Glue ή το Azure Data Factory) και πλαίσια μεγάλων δεδομένων (όπως το Spark μέσω του PySpark), καθιστώντας τη μετάβαση από το πρωτότυπο στην παραγωγή σημαντικά ομαλότερη. Ενώ η R προσφέρει εξαιρετικά πακέτα για στατιστική ανάλυση και εξειδικευμένη οπτικοποίηση δεδομένων (όπως το ggplot2), το οικοσύστημα βαθιάς μάθησης της είναι λιγότερο ώριμο για ανάπτυξη παραγωγής σε σύγκριση με την Python. Εάν ο πρωταρχικός στόχος του έργου είναι ο γρήγορος πειραματισμός, η σύνθετη στατιστική μοντελοποίηση ή η ακαδημαϊκή έρευνα, η R μπορεί να ληφθεί υπόψη, αλλά για επεκτασιμότητα σε επίπεδο επιχείρησης και τη χρήση τεχνολογιών αιχμής στη βαθιά μάθηση, η Python είναι η σαφώς συνιστώμενη γλώσσα."
"Πώς μελετούν κυρίως οι επιστήμονες τη σκοτεινή ύλη, δεδομένου ότι δεν μπορεί να παρατηρηθεί άμεσα;","Η σκοτεινή ύλη είναι μια υποθετική μορφή ύλης που πιστεύεται ότι αντιπροσωπεύει περίπου το 85% της συνολικής μάζας στο σύμπαν. Δεν μπορεί να παρατηρηθεί άμεσα επειδή δεν αλληλεπιδρά με την ηλεκτρομαγνητική ακτινοβολία, πράγμα που σημαίνει ότι ούτε απορροφά ούτε ανακλά φως. Η ύπαρξή της συνάγεται από τις βαρυτικές επιδράσεις στην ορατή ύλη, την ακτινοβολία και τη δομή του σύμπαντος. Οι επιστήμονες μελετούν κυρίως τη σκοτεινή ύλη παρατηρώντας πώς η βαρύτητά της επηρεάζει τα γύρω αντικείμενα, συγκρίνοντας συχνά τη διάχυτη, αόρατη επιρροή της με μια αόρατη κοσμική σκαλωσιά που συγκρατεί τους γαλαξίες.",Οι επιστήμονες μελετούν κυρίως τη σκοτεινή ύλη παρατηρώντας πώς η βαρύτητά της επηρεάζει τα γύρω αντικείμενα.
Ποιος ήταν ο πιλότος της Κύριας Μονάδας (Command Module) κατά τη διάρκεια της αποστολής Απόλλων 11;,"Το Απόλλων 11 ήταν η διαστημική πτήση που προσγείωσε τους δύο πρώτους ανθρώπους στη Σελήνη. Ο κυβερνήτης Νιλ Άρμστρονγκ και ο πιλότος της σεληνάκατου Μπαζ Όλντριν προσγείωσαν τη Σεληνάκατο Απόλλων Eagle στις 20 Ιουλίου 1969, στις 20:17 UTC. Ο Άρμστρονγκ έγινε ο πρώτος άνθρωπος που πάτησε στη σεληνιακή επιφάνεια έξι ώρες αργότερα, στις 21 Ιουλίου. Ο Μάικλ Κόλινς ήταν ο πιλότος της κύριας μονάδας και παρέμεινε σε σεληνιακή τροχιά εντός της κύριας και διαστημικής μονάδας εξυπηρέτησης Columbia. Η αποστολή εκτοξεύτηκε από το Διαστημικό Κέντρο Κένεντι στις 16 Ιουλίου και ήταν η πέμπτη επανδρωμένη αποστολή του προγράμματος Απόλλων της NASA. Ο πρωταρχικός στόχος επιτεύχθηκε, εκπληρώνοντας τον στόχο που είχε ανακοινώσει ο Πρόεδρος Τζον Φ. Κένεντι το 1961 για «προσγείωση ενός ανθρώπου στη Σελήνη και ασφαλή επιστροφή του στη Γη» πριν από το τέλος της δεκαετίας.",Ο Μάικλ Κόλινς ήταν ο πιλότος της κύριας μονάδας και παρέμεινε σε σεληνιακή τροχιά εντός της κύριας και διαστημικής μονάδας εξυπηρέτησης Columbia.
"Κατατάξτε τα ακόλουθα ζώα στις κατηγορίες Σαρκοφάγο, Φυτοφάγο ή Παμφάγο: Αρκούδα, Ελάφι, Λιοντάρι, Χοίρος, Αγελάδα, Καρχαρίας.",,"Σαρκοφάγο: Λιοντάρι, Καρχαρίας
Φυτοφάγο: Ελάφι, Αγελάδα
Παμφάγο: Αρκούδα, Χοίρος"
"Εξάγετε όλες τις ημερομηνίες και τα αντίστοιχα γεγονότα που αναφέρονται στο κείμενο σχετικά με τον Πύργο του Άιφελ, με τη μορφή 'MM/DD/YYYY: Γεγονός' ή 'YYYY: Γεγονός', χωρισμένα με άνω τελεία.","Η κατασκευή του Πύργου του Άιφελ ξεκίνησε επίσημα στις 28 Ιανουαρίου 1887, με την τοποθέτηση των πρώτων θεμελίων. Οι εργασίες της μεταλλικής κατασκευής ξεκίνησαν γρήγορα στη συνέχεια. Μέχρι τις 31 Μαρτίου 1889, ο Πύργος ολοκληρώθηκε και εγκαινιάστηκε για την Παγκόσμια Έκθεση. Ωστόσο, δεν άνοιξε επίσημα για το κοινό μέχρι τις 6 Μαΐου 1889. Παρά τα αρχικά σχέδια για την αποσυναρμολόγησή του μετά από 20 χρόνια, ο Πύργος αποδείχθηκε ανεκτίμητος για την ασύρματη τηλεγραφία, και το 1909, οριστικοποιήθηκε η μόνιμη παραχώρηση του πύργου.",01/28/1887: Τοποθέτηση των πρώτων θεμελίων; 03/31/1889: Ο Πύργος ολοκληρώθηκε και εγκαινιάστηκε; 05/06/1889: Άνοιξε επίσημα για το κοινό; 1909: Οριστικοποιήθηκε η μόνιμη παραχώρηση του πύργου
Εξηγήστε τη διαφορά μεταξύ της «Αρχιτεκτονικής Harvard» και της «Αρχιτεκτονικής Von Neumann» στον σχεδιασμό των CPU.,,"Η κύρια διαφορά έγκειται στον τρόπο με τον οποίο η CPU προσπελαύνει τα δεδομένα και τις εντολές. Η Αρχιτεκτονική Von Neumann χρησιμοποιεί έναν ενιαίο χώρο μνήμης και ένα ενιαίο σύνολο διαύλων (buses) τόσο για τις εντολές όσο και για τα δεδομένα. Αυτός ο σχεδιασμός είναι κοινός στους υπολογιστές γενικής χρήσης (όπως τα PC) επειδή είναι απλός και ευέλικτος, αλλά πάσχει από τη «συμφόρηση Von Neumann» ('Von Neumann bottleneck'), πράγμα που σημαίνει ότι η CPU δεν μπορεί να ανακτήσει μια εντολή και να διαβάσει ή να γράψει δεδομένα ταυτόχρονα, περιορίζοντας την ταχύτητα επεξεργασίας.

Αντιθέτως, η Αρχιτεκτονική Harvard χρησιμοποιεί ξεχωριστούς χώρους μνήμης και ξεχωριστούς διαύλους για τις εντολές και τα δεδομένα. Αυτός ο διαχωρισμός επιτρέπει στην CPU να ανακτά την επόμενη εντολή ταυτόχρονα με την επεξεργασία της τρέχουσας εντολής και την προσπέλαση των δεδομένων. Αυτή η παράλληλη προσπέλαση αυξάνει σημαντικά την απόδοση και την ταχύτητα, καθιστώντας την δημοφιλή σε ενσωματωμένα συστήματα υψηλής απόδοσης, σε Επεξεργαστές Ψηφιακού Σήματος (DSPs) και σε μικροελεγκτές όπου η προβλέψιμη, υψηλής ταχύτητας εκτέλεση είναι κρίσιμη."
Προτείνετε πέντε οικονομικά αποδοτικούς τρόπους για να κάνετε ένα μικρό γραφείο στο σπίτι να φαίνεται μεγαλύτερο και φωτεινότερο.,,"1. Τοποθετήστε ράφια ψηλά για να χρησιμοποιήσετε τον κατακόρυφο αποθηκευτικό χώρο. 2. Χρησιμοποιήστε μεγάλους διακοσμητικούς καθρέφτες για να αντανακλούν το φως και να επεκτείνουν τον οπτικό χώρο. 3. Βάψτε τους τοίχους με ανοιχτά, ουδέτερα χρώματα όπως λευκό ή απαλό γκρι. 4. Χρησιμοποιήστε διάφανες κουρτίνες αντί για βαριές κουρτίνες για να μεγιστοποιήσετε το φυσικό φως. 5. Επιλέξτε μινιμαλιστικά ή πολυλειτουργικά έπιπλα, όπως ένα γραφείο που διπλώνει επίπεδα στον τοίχο."
Ποιος είναι ο συγγραφέας του μυθιστορήματος «Περηφάνια και Προκατάληψη»;,,Jane Austen
Πρέπει να κάνω αίτηση για το πρώτο μου διαβατήριο ΗΠΑ. Ποια έγγραφα πρέπει να φέρω στο ραντεβού της επίσημης εγκατάστασης αποδοχής;,,"Για έναν ενήλικα αιτούντα για πρώτη φορά (χρησιμοποιώντας το Έντυπο DS-11), πρέπει να φέρετε πολλά στοιχεία στο ραντεβού σας στην επίσημη εγκατάσταση αποδοχής. Αυτά περιλαμβάνουν: 1. Ένα συμπληρωμένο (αλλά μη υπογεγραμμένο) Έντυπο DS-11, Αίτηση για Διαβατήριο. 2. Απόδειξη Ιθαγένειας ΗΠΑ (π.χ., επικυρωμένο πιστοποιητικό γέννησης ή πιστοποιητικό πολιτογράφησης), το οποίο πρέπει να είναι πρωτότυπο ή επικυρωμένο αντίγραφο. 3. Μία τρέχουσα, έγκυρη μορφή Ταυτότητας με Φωτογραφία (π.χ., άδεια οδήγησης ή στρατιωτική ταυτότητα), συν ένα καθαρό φωτοαντίγραφο της εμπρός και πίσω όψης της ταυτότητας. 4. Μία πρόσφατη έγχρωμη φωτογραφία διαβατηρίου 2x2 ιντσών που πληροί τις επίσημες προδιαγραφές. 5. Πληρωμή για τα τέλη αίτησης και εκτέλεσης. Το ραντεβού πρέπει να γίνει αυτοπροσώπως, καθώς ο υπάλληλος πρέπει να είναι μάρτυρας της υπογραφής σας."
Ποιο συγκεκριμένο γεγονός χτίστηκε για να γιορτάσει ο Πύργος του Άιφελ και τι τελικά έσωσε τη δομή από την αποσυναρμολόγηση μετά τη λήξη της αρχικής του άδειας;,"Ο Πύργος του Άιφελ χτίστηκε για τη Διεθνή Έκθεση του 1889 (Exposition Universelle), η οποία πραγματοποιήθηκε για τον εορτασμό της 100ης επετείου της Γαλλικής Επανάστασης. Η κατασκευή ξεκίνησε στις 28 Ιανουαρίου 1887 και ολοκληρώθηκε επίσημα στις 31 Μαρτίου 1889. Όταν τελείωσε, είχε ύψος 324 μέτρα (1.063 πόδια), καθιστώντας τον την ψηλότερη ανθρωπογενή κατασκευή στον κόσμο μέχρι το 1930, όταν ολοκληρώθηκε το Κτήριο Κράισλερ στη Νέα Υόρκη. Ο σχεδιαστής του πύργου, Γκουστάβ Άιφελ, έλαβε αρχικά άδεια για τον πύργο να παραμείνει για 20 χρόνια, μετά την οποία έπρεπε να αποσυναρμολογηθεί, αλλά ο στρατός βρήκε το ύψος του χρήσιμο για τη μετάδοση ραδιοτηλεγραφίας, σώζοντάς τον από την κατεδάφιση.",Ο Πύργος του Άιφελ χτίστηκε για τον εορτασμό της 100ης επετείου της Γαλλικής Επανάστασης (ως μέρος της Διεθνούς Έκθεσης του 1889). Σώθηκε από την κατεδάφιση επειδή ο στρατός βρήκε το ύψος του χρήσιμο για τη μετάδοση ραδιοτηλεγραφίας.
"Χωρίστε τους ακόλουθους Προέδρους των ΗΠΑ σε δύο ομάδες: όσους υπηρέτησαν (τουλάχιστον μία θητεία) εξ ολοκλήρου πριν από το 1900, και όσους υπηρέτησαν (τουλάχιστον μία θητεία) μερικώς ή εξ ολοκλήρου εντός ή μετά το 1900: Abraham Lincoln, Theodore Roosevelt, George Washington, John F. Kennedy, Andrew Jackson, William McKinley, Barack Obama, Ulysses S. Grant.",,"Οι Πρόεδροι που υπηρέτησαν εξ ολοκλήρου πριν από το 1900 είναι οι George Washington, Andrew Jackson, Abraham Lincoln, Ulysses S. Grant, και William McKinley. Οι Πρόεδροι που υπηρέτησαν εντός ή μετά το 1900 είναι οι Theodore Roosevelt, John F. Kennedy, και Barack Obama."
Εξηγήστε τη λειτουργία και τη βασική δομή ενός συμβατικού ηλιακού πάνελ.,,"Ένα ηλιακό πάνελ, ή φωτοβολταϊκή (ΦΒ) μονάδα, έχει σχεδιαστεί για να μετατρέπει την ενέργεια του φωτός από τον ήλιο απευθείας σε ηλεκτρική ενέργεια μέσω του φωτοβολταϊκού φαινομένου. Δομικά, αποτελείται από πολυάριθμα μεμονωμένα ηλιακά στοιχεία, συνήθως κατασκευασμένα από στρώματα υλικών ημιαγωγών πυριτίου, προστατευμένα από γυάλινη πρόσοψη και ανθεκτικό φύλλο υποστήριξης, όλα πλαισιωμένα σε αλουμίνιο. Όταν τα φωτόνια από το ηλιακό φως προσπίπτουν στα στοιχεία πυριτίου, διεγείρουν τα ηλεκτρόνια, προκαλώντας τη ροή τους και τη δημιουργία συνεχούς ρεύματος (DC). Αυτή η ηλεκτρική ενέργεια συνεχούς ρεύματος στη συνέχεια συλλέγεται και συνήθως διοχετεύεται μέσω ενός μετατροπέα (inverter), ο οποίος τη μετατρέπει σε ισχύ εναλλασσόμενου ρεύματος (AC), καθιστώντας την κατάλληλη για χρήση σε τυπικές οικιακές συσκευές ή για μετάδοση μέσω του ηλεκτρικού δικτύου."
Ως τι έγινε αργότερα γνωστός ο Reginald Kenneth Dwight;,,Elton John
"Σύμφωνα με το κείμενο, ποιοι τρεις επιστήμονες ήταν υπεύθυνοι για την εξέλιξη των αρχικών ευρημάτων του Αλεξάντερ Φλέμινγκ σε πρακτική ιατρική εφαρμογή;","Η πενικιλίνη είναι μια ομάδα αντιβιοτικών, η οποία περιλαμβάνει την πενικιλίνη G (ενδοφλέβια χρήση), την πενικιλίνη V (στοματική χρήση), την προκαϊνική πενικιλίνη και τη βενζαθινική πενικιλίνη (ενδομυϊκή χρήση). Η ανακάλυψη της πενικιλίνης αποδίδεται στον Σκωτσέζο ιατρό-επιστήμονα Αλεξάντερ Φλέμινγκ το 1928. Ο Φλέμινγκ παρατήρησε μια μόλυνση μούχλας, το *Penicillium notatum*, σε ένα τρυβλίο Petri όπου καλλιεργούσε βακτήρια *Staphylococcus*. Παρατήρησε ότι η μούχλα εμπόδιζε την ανάπτυξη των βακτηρίων στην άμεση γειτνίασή της. Ωστόσο, ήταν ο Howard Florey, ο Ernst Chain και ο Norman Heatley που ανέπτυξαν τις αρχικές παρατηρήσεις του Φλέμινγκ σε μια πρακτική, μεγάλης κλίμακας ιατρική θεραπεία κατά τις αρχές της δεκαετίας του 1940. Προώθησαν σημαντικά τις μεθόδους καθαρισμού και σταθεροποίησης, επιτρέποντας στην πενικιλίνη να χρησιμοποιηθεί αποτελεσματικά κατά τη διάρκεια του Β' Παγκοσμίου Πολέμου, σώζοντας αμέτρητες ζωές.","Howard Florey, Ernst Chain, και Norman Heatley."
"Φιλτράρετε την ακόλουθη λίστα ζώων, χωρίζοντας τα υδρόβια θηλαστικά από τα χερσαία θηλαστικά.","Φάλαινα, Λιοντάρι, Δελφίνι, Τίγρη, Φώκια, Ελέφαντας, Μανάτι, Αρκούδα, Όρκα, Καμηλοπάρδαλη, Βάλρος, Ρινόκερος","Υδρόβια Θηλαστικά: Φάλαινα, Δελφίνι, Φώκια, Μανάτι, Όρκα, Βάλρος. Χερσαία Θηλαστικά: Λιοντάρι, Τίγρη, Ελέφαντας, Αρκούδα, Καμηλοπάρδαλη, Ρινόκερος."
Ποιο λειτουργικό σύστημα χρησιμοποιούσε ο Προσωπικός Υπολογιστής IBM Μοντέλο 5150;,"Ο πρώτος ευρέως επιτυχημένος προσωπικός υπολογιστής ήταν ο Apple II, που κυκλοφόρησε το 1977. Ωστόσο, η μηχανή που πραγματικά εκλαΐκευσε την αγορά των οικιακών υπολογιστών, κυρίως λόγω της ανοιχτής αρχιτεκτονικής της και της υποστήριξης λογισμικού τρίτων, ήταν ο Προσωπικός Υπολογιστής IBM (Μοντέλο 5150), ο οποίος παρουσιάστηκε στις 12 Αυγούστου 1981. Αυτή η μηχανή χρησιμοποιούσε επεξεργαστή Intel 8088 και έτρεχε το λειτουργικό σύστημα MS-DOS.",MS-DOS
Ποιος είναι ο καλύτερος τρόπος να δομηθεί ένα 3μηνο σχέδιο αυτοδιδασκαλίας για την εκμάθηση της Python για ανάλυση δεδομένων;,,"Επικεντρωθείτε σε τρεις διακριτές φάσεις. **Μήνας 1: Θεμελιώδη.** Κατακτήστε τον βασικό συντακτικό της Python, τους τύπους δεδομένων, τη ροή ελέγχου (control flow) και τις συναρτήσεις. Ολοκληρώστε βασικές προκλήσεις κώδικα. **Μήνας 2: Βασικές Βιβλιοθήκες Επιστήμης Δεδομένων.** Αφιερώστε αυτόν τον χρόνο στο Pandas για χειρισμό δεδομένων, στο NumPy για αριθμητικές πράξεις και στα Matplotlib/Seaborn για οπτικοποίηση. Δουλέψτε με καθοδηγούμενα σεμινάρια χρησιμοποιώντας πραγματικά σύνολα δεδομένων (όπως αυτά στο Kaggle). **Μήνας 3: Εφαρμογή και Έργα.** Εφαρμόστε τις δεξιότητές σας ολοκληρώνοντας 2-3 ουσιαστικά έργα. Εξοικειωθείτε με το Scikit-learn για βασικές έννοιες μηχανικής μάθησης (π.χ., γραμμική παλινδρόμηση) και εξασκηθείτε στον καθαρισμό ακατάστατων, πραγματικών δεδομένων."
Ποιος ανακάλυψε την πενικιλίνη και ποια ήταν η σημασία της εισαγωγής της;,,"Η πενικιλίνη ανακαλύφθηκε από τον Σκωτσέζο βακτηριολόγο Αλεξάντερ Φλέμινγκ το 1928. Παρατήρησε ότι ένας μύκητας μολυσματικός παράγοντας (Penicillium notatum) είχε αναστείλει την ανάπτυξη των βακτηρίων Σταφυλόκοκκου σε τρυβλίο Petri. Ωστόσο, μόλις στις αρχές της δεκαετίας του 1940 ο Χάουαρντ Φλόρεϊ και ο Ερνστ Τσέιν ανέπτυξαν επιτυχώς μεθόδους μαζικής παραγωγής και καθαρισμού της πενικιλίνης για ιατρική χρήση. Η σημασία της εισαγωγής της πενικιλίνης ήταν τεράστια, σηματοδοτώντας την αρχή της «Εποχής των Αντιβιοτικών» και καθιστώντας την το πρώτο ευρέως αποτελεσματικό φάρμακο για την καταπολέμηση κοινών βακτηριακών λοιμώξεων, μειώνοντας δραματικά τα ποσοστά θνησιμότητας από προηγουμένως θανατηφόρες ασθένειες όπως η πνευμονία και η σήψη, ιδιαίτερα μεταξύ των Συμμαχικών δυνάμεων κατά τη διάρκεια του Β 'Παγκοσμίου Πολέμου."
"Διαβάστε την ακόλουθη σύντομη αφήγηση και δώστε μια περίληψη σε μία πρόταση, στη συνέχεια αναφέρετε το κύριο ηθικό δίδαγμα ή θέμα που προκύπτει από τα γεγονότα.","Ένα νεαρό κουνέλι, νιώθοντας ανώτερο, προκαλούσε συνεχώς μια αργή χελώνα σε αγώνες. Το κουνέλι συχνά ξεκινούσε γρήγορα, μετά σταματούσε για να κοιμηθεί, σίγουρο ότι θα μπορούσε εύκολα να κερδίσει αργότερα. Η χελώνα, χωρίς να σταματήσει ποτέ και να βαδίζει πάντα σταθερά, τελικά πέρασε τη γραμμή τερματισμού ενώ το κουνέλι ήταν ακόμα κοιμισμένο.","Περίληψη: Ένα γρήγορο αλλά αλαζονικό κουνέλι χάνει έναν αγώνα από μια αργή αλλά επίμονη χελώνα επειδή το κουνέλι έκανε έναν υπνάκο. Ηθικό δίδαγμα: Αργά και σταθερά κερδίζεις τον αγώνα, και η υπερβολική αυτοπεποίθηση μπορεί να οδηγήσει σε αποτυχία."
Ποια είναι η ακριβής ταχύτητα του φωτός στο κενό;,,Η ταχύτητα του φωτός στο κενό ορίζεται ακριβώς στα 299.792.458 μέτρα ανά δευτερόλεπτο.
"Ποιο είναι το συνολικό ύψος του Empire State Building, συμπεριλαμβανομένης της κεραίας του, εκφρασμένο σε μέτρα;","Η κατασκευή του Empire State Building ξεκίνησε επίσημα στις 17 Μαρτίου 1930, στη θέση του πρώην ξενοδοχείου Waldorf–Astoria. Το κτίριο ολοκληρώθηκε δομικά την 1η Μαΐου 1931, χρειάζοντας μόνο 410 ημέρες για να χτιστεί. Έχει συνολικό ύψος 1.454 πόδια (443,2 μ.), συμπεριλαμβανομένης της κεραίας.","443,2 μέτρα."
Αναφέρετε τα τέσσερα κύρια σπίτια της Σχολής Μαγείας και Γοητείας του Χόγκουαρτς και τις αντίστοιχες ιδρυτικές τους αξίες.,,"Gryffindor (θάρρος, τόλμη, αποφασιστικότητα, και ιπποτισμός), Hufflepuff (αφοσίωση, σκληρή δουλειά, δικαιοσύνη, υπομονή, και πίστη), Ravenclaw (ευφυΐα, μάθηση, σοφία, και πνεύμα), και Slytherin (φιλοδοξία, πανουργία, ηγεσία, και εφευρετικότητα)."
Ποια είναι τα ονόματα των τεσσάρων μεγαλύτερων δορυφόρων του Δία;,"Ο Δίας έχει 95 επιβεβαιωμένους δορυφόρους από τις αρχές του 2023. Οι τέσσερις μεγαλύτεροι δορυφόροι του Δία είναι γνωστοί ως Γαλιλαϊκοί δορυφόροι, που ανακαλύφθηκαν από τον Γαλιλαίο Γαλιλέι το 1610. Αυτοί οι δορυφόροι είναι η Ιώ, η Ευρώπη, ο Γανυμήδης και η Καλλιστώ. Ο Γανυμήδης είναι ο μεγαλύτερος δορυφόρος σε ολόκληρο το ηλιακό σύστημα. Η Ευρώπη είναι γνωστή για το ότι ενδέχεται να φιλοξενεί υπόγειους ωκεανούς υγρού νερού.","Ιώ, Ευρώπη, Γανυμήδης και Καλλιστώ"
Έχω μια Σανσεβιέρια (φυτό φίδι) που έχει γεμίσει ρίζες. Ποια είναι η σωστή τεχνική για τη μεταφύτευσή της χωρίς να καταστραφούν τα φύλλα;,,"Η μεταφύτευση μιας Σανσεβιέριας, ή φυτού φιδιού, απαιτεί προσεκτικό χειρισμό λόγω του εύθραυστου ριζικού τους συστήματος και της προτίμησής τους να είναι ελαφρώς στριμωγμένες. Ακολουθήστε αυτά τα βήματα για επιτυχημένη μεταφύτευση:

1. **Προετοιμασία:** Επιλέξτε μια γλάστρα που να είναι μόνο 1 έως 2 ίντσες μεγαλύτερη σε διάμετρο από το τρέχον δοχείο. Τα φυτά φίδια ευδοκιμούν όταν έχουν ελαφρώς γεμάτες ρίζες. Χρησιμοποιήστε ένα καλά στραγγιζόμενο μείγμα φύτευσης, ιδανικά ένα μείγμα σχεδιασμένο για κάκτους και παχύφυτα, καθώς το τυπικό χώμα συγκρατεί υπερβολική υγρασία.

2. **Εξαγωγή:** Ξαπλώστε την τρέχουσα γλάστρα στο πλάι της. Χτυπήστε απαλά τα πλαϊνά και τον πάτο του δοχείου για να χαλαρώσετε τη μπάλα ρίζας. Γλιστρήστε το φυτό έξω υποστηρίζοντας τη βάση του χώματος, αντί να τραβάτε τα εύθραυστα κάθετα φύλλα.

3. **Επιθεώρηση Ριζών:** Χαλαρώστε απαλά τυχόν εξαιρετικά συμπιεσμένες ή κυκλικές ρίζες με τα δάχτυλά σας. Εάν το ριζικό σύστημα είναι σοβαρά δεσμευμένο (σκληρό σαν πέτρα), ίσως χρειαστεί να χρησιμοποιήσετε ένα καθαρό μαχαίρι για να χαράξετε ελαφρά την εξωτερική επιφάνεια της μπάλας ρίζας σε πολλά σημεία για να ενθαρρύνετε την ανάπτυξη προς τα έξω.

4. **Τοποθέτηση:** Προσθέστε μια βασική στρώση από το φρέσκο μείγμα φύτευσης στη νέα γλάστρα. Κεντράρετε το φυτό φίδι έτσι ώστε το επίπεδο του χώματος να είναι το ίδιο με αυτό που ήταν στο παλιό δοχείο, διασφαλίζοντας ότι το φυτό είναι όρθιο.

5. **Γέμισμα και Στερέωση:** Γεμίστε τον υπόλοιπο χώρο γύρω από τις ρίζες με το νέο μείγμα φύτευσης. Χτυπήστε απαλά το δοχείο σε μια σκληρή επιφάνεια για να βοηθήσετε το χώμα να καθίσει. Αποφύγετε να πιέζετε το χώμα πολύ δυνατά, κάτι που προκαλεί συμπίεση και εμποδίζει τη ροή του νερού.

6. **Φροντίδα μετά τη Μεταφύτευση:** Μην ποτίσετε το φυτό αμέσως. Περιμένετε 3 έως 7 ημέρες πριν από το πρώτο πότισμα. Αυτό επιτρέπει την επούλωση τυχόν μικροσκοπικών ρωγμών στις ρίζες, γεγονός που μειώνει δραστικά τον κίνδυνο μεταφύτευσης σήψης των ριζών."
"Σύμφωνα με αυτό το κείμενο, σε ποιο έτος αποδίδεται η ανακάλυψη της πενικιλίνης;","Η πενικιλίνη ήταν το πρώτο αντιβιοτικό φάρμακο που ανακαλύφθηκε. Η ανακάλυψη αποδίδεται διάσημα στον Σκωτσέζο ιατρό και μικροβιολόγο Αλεξάντερ Φλέμινγκ το 1928. Ωστόσο, μόλις τη δεκαετία του 1940 οι Χάουαρντ Φλόρεϊ και Ερνστ Τσέιν ανέπτυξαν επιτυχώς μεθόδους μαζικής παραγωγής και καθαρισμού της πενικιλίνης, καθιστώντας την ευρέως διαθέσιμη για ιατρική χρήση κατά τη διάρκεια του Β' Παγκοσμίου Πολέμου.",Η ανακάλυψη της πενικιλίνης αποδίδεται στο 1928.
Ποια βόρεια χώρα έχει πρωτεύουσα το Ρέυκιαβικ; Νορβηγία ή Ισλανδία,,Ισλανδία
"Ορίστε τα εμβόλια mRNA με βάση το παρεχόμενο κείμενο, δίνοντας έμφαση στο τι παραδίδουν και γιατί θεωρούνται «καινοτόμος προσέγγιση» σε σύγκριση με τις παραδοσιακές μεθόδους.","Τα εμβόλια αγγελιοφόρου RNA (mRNA) αντιπροσωπεύουν μια καινοτόμο προσέγγιση στην ανοσολογία. Σε αντίθεση με τα παραδοσιακά εμβόλια που εισάγουν μια εξασθενημένη ή ανενεργή μορφή ενός παθογόνου, τα εμβόλια mRNA παραδίδουν ένα γενετικό σχέδιο—το μόριο mRNA—το οποίο δίνει εντολή στα ανθρώπινα κύτταρα να παράγουν ένα συγκεκριμένο αβλαβές κομμάτι πρωτεΐνης, συχνά την «πρωτεΐνη-ακίδα» που βρίσκεται στην επιφάνεια ενός ιού όπως ο SARS-CoV-2. Μόλις το mRNA βρίσκεται στο κυτταρόπλασμα του κυττάρου, ο μηχανισμός του κυττάρου διαβάζει τις οδηγίες και δημιουργεί την πρωτεΐνη. Αυτή η πρωτεΐνη εμφανίζεται στη συνέχεια στην κυτταρική επιφάνεια, πυροδοτώντας το ανοσοποιητικό σύστημα (Τ-λεμφοκύτταρα και Β-λεμφοκύτταρα) να την αναγνωρίσει ως ξένη και να ξεκινήσει μια αμυντική αντίδραση, δημιουργώντας αντισώματα και κύτταρα μνήμης. Επειδή το mRNA είναι εύθραυστο, πρέπει να είναι ενθυλακωμένο σε ένα λιπιδικό νανοσωματίδιο (LNP) για ασφαλή παράδοση στο σώμα. Το πιο σημαντικό, το mRNA δεν εισέρχεται ποτέ στον πυρήνα του κυττάρου, διασφαλίζοντας ότι δεν αλληλεπιδρά ή αλλοιώνει το DNA του ξενιστή.","Τα εμβόλια mRNA θεωρούνται καινοτόμος προσέγγιση επειδή, σε αντίθεση με τα παραδοσιακά εμβόλια που εισάγουν μια εξασθενημένη ή ανενεργή μορφή παθογόνου, παραδίδουν ένα γενετικό σχέδιο (το μόριο mRNA). Αυτό το σχέδιο δίνει εντολή στα ανθρώπινα κύτταρα να παράγουν μια συγκεκριμένη αβλαβή πρωτεΐνη (όπως την πρωτεΐνη-ακίδα του ιού). Αυτή η διαδικασία πυροδοτεί το ανοσοποιητικό σύστημα να αναγνωρίσει την πρωτεΐνη ως ξένη και να ξεκινήσει μια αμυντική αντίδραση δημιουργώντας αντισώματα και κύτταρα μνήμης."
"Ομαδοποιήστε τα ακόλουθα αρχιτεκτονικά ορόσημα σύμφωνα με την ήπειρο προέλευσής τους: Πύργος του Άιφελ, Μεγάλη Πυραμίδα της Γκίζας, Όπερα του Σίδνεϊ, Ταζ Μαχάλ, Κολοσσαίο, Μάτσου Πίτσου.",,"Ευρώπη - Πύργος του Άιφελ, Κολοσσαίο
Αφρική - Μεγάλη Πυραμίδα της Γκίζας
Ασία - Ταζ Μαχάλ
Ωκεανία - Όπερα του Σίδνεϊ
Νότια Αμερική - Μάτσου Πίτσου"
Ποια ημερομηνία ολοκληρώθηκε η αποστολή Apollo 11 με την προσθαλάσσωση στον Ειρηνικό Ωκεανό;,"Το Apollo 11 ήταν η αμερικανική διαστημική πτήση που προσγείωσε για πρώτη φορά ανθρώπους στη Σελήνη. Ο Διοικητής Νιλ Άρμστρονγκ και ο πιλότος της σεληνάκατου Μπαζ Όλντριν προσγείωσαν τη Σεληνάκατο *Eagle* στις 20 Ιουλίου 1969, στις 20:17 UTC. Ο Άρμστρονγκ έγινε ο πρώτος άνθρωπος που πάτησε στη σεληνιακή επιφάνεια έξι ώρες αργότερα, στις 21 Ιουλίου. Ο Μάικλ Κόλινς οδήγησε μόνος του την κάψουλα διακυβέρνησης *Columbia* σε σεληνιακή τροχιά ενώ οι άλλοι βρίσκονταν στην επιφάνεια. Πέρασαν 21 ώρες στη Σελήνη πριν απογειωθούν για να ξαναβρούν τον Κόλινς. Η αποστολή προσθαλασσώθηκε επιτυχώς στον Ειρηνικό Ωκεανό στις 24 Ιουλίου 1969.",24 Ιουλίου 1969
"Κατατάξτε τα ακόλουθα ουράνια σώματα είτε ως Πλανήτης (P), Νάνος Πλανήτης (DP), Δορυφόρος (M), ή Αστέρας (S): Δίας, Ήλιος, Ευρώπη, Πλούτωνας, Δήμητρα, Άρης, Γανυμήδης.",,"Δίας: P, Ήλιος: S, Ευρώπη: M, Πλούτωνας: DP, Δήμητρα: DP, Άρης: P, Γανυμήδης: M."
Ποια είναι μερικά κινηματογραφικά είδη με υψηλή βαθμολογία για κάποιον που απολαμβάνει την αγωνία;,,"Για τους λάτρεις της αγωνίας, θα πρέπει να εξερευνήσετε τα Ψυχολογικά Θρίλερ, το Νέο-Νουάρ και τα κατασκοπευτικά θρίλερ υψηλού ρίσκου."
"Ποιες είναι οι κύριες υλικοτεχνικές και περιβαλλοντικές προκλήσεις για την εγκαθίδρυση μιας μόνιμης ανθρώπινης αποικίας στον Άρη, και ποιες είναι οι κορυφαίες προτεινόμενες λύσεις για την υπέρβασή τους;",,"Η εγκαθίδρυση μιας μόνιμης, αυτοσυντηρούμενης ανθρώπινης παρουσίας στον Άρη αντιπροσωπεύει τη μεγαλύτερη τεχνολογική και υλικοτεχνική πρόκληση που έχει αναλάβει ποτέ η ανθρωπότητα. Ενώ η φυσική των ταξιδιών είναι κατανοητή, η διατήρηση των ανθρώπων ζωντανών και παραγωγικών σε ένα τόσο αφιλόξενο περιβάλλον απαιτεί την υπέρβαση αρκετών κολοσσιαίων εμποδίων.

### I. Κύριες Περιβαλλοντικές Προκλήσεις

**1. Έκθεση σε Ακτινοβολία:** Ο Άρης στερείται παγκόσμιου μαγνητικού πεδίου και έχει μια εξαιρετικά λεπτή ατμόσφαιρα (λιγότερο από 1% της πυκνότητας της Γης). Αυτό αφήνει την επιφάνεια εξαιρετικά ευάλωτη στις Γαλαξιακές Κοσμικές Ακτίνες (GCRs) και στα Ηλιακά Σωματιδιακά Γεγονότα (SPEs). Η μακροχρόνια έκθεση αυξάνει σημαντικά τον κίνδυνο καρκίνου, οξείας νόσου ακτινοβολίας και γνωστικής βλάβης.

**2. Χαμηλή Πίεση και Θερμοκρασία:** Η ατμοσφαιρική πίεση είναι τόσο χαμηλή που το υγρό νερό δεν μπορεί να υπάρξει σταθερά στην επιφάνεια· εξαχνώνεται αμέσως. Οι θερμοκρασίες κυμαίνονται κατά μέσο όρο γύρω στους -63°C (-81°F). Οι κατοικήσιμοι χώροι πρέπει να είναι πλήρως υπό πίεση και ισχυρά θερμαινόμενοι, απαιτώντας σημαντική ενέργεια.

**3. Ο Αρειανός Ρηγόλιθος (Σκόνη):** Η αρειανή σκόνη είναι λειαντική, άκρως χημικά αντιδραστική (περιέχει τοξικά υπερχλωρικά) και ηλεκτροστατικά φορτισμένη. Αυτή η σκόνη μπορεί να μολύνει τις στεγανοποιήσεις του εξοπλισμού, να προκαλέσει ζημιά σε ευαίσθητα όργανα και να θέσει σοβαρούς μακροπρόθεσμους κινδύνους για την ανθρώπινη αναπνευστική υγεία.

**4. Καθυστέρηση Επικοινωνίας:** Λόγω των αστρονομικών αποστάσεων, οι επικοινωνίες με τη Γη αντιμετωπίζουν μια χρονική καθυστέρηση που κυμαίνεται από 4 έως 24 λεπτά μονής διαδρομής. Αυτό καθιστά αδύνατη τη διαχείριση κρίσεων σε πραγματικό χρόνο και επιβάλλει την αποικία να λειτουργεί με σχεδόν πλήρη αυτονομία.

### II. Υλικοτεχνικές και Βιολογικές Προκλήσεις

**1. Σύστημα Υποστήριξης Ζωής Κλειστού Κύκλου:** Σε αντίθεση με τη συνεχή αναπλήρωση που είναι διαθέσιμη στη Γη, η αποικία πρέπει να λειτουργεί με ένα Κλειστό Οικολογικό Σύστημα Υποστήριξης Ζωής (CELSS). Κάθε σταγόνα νερού, κάθε κυβικό μέτρο αέρα και όλα τα απόβλητα πρέπει να ανακυκλώνονται και να φιλτράρονται επ' αόριστον, με μια αποτυχία να οδηγεί ενδεχομένως σε καταστροφή.

**2. Παραγωγή Τροφίμων:** Οι άποικοι πρέπει να μεταβούν γρήγορα από την εξάρτηση σε προσυσκευασμένες γήινες μερίδες σε τοπικές πηγές τροφίμων. Η καλλιέργεια φυτών στο αρειανό έδαφος (ρηγόλιθο) είναι προβληματική λόγω της τοξικότητάς του και της έλλειψης φυσικής οργανικής ύλης.

**3. Ψυχολογική Υγεία και Απομόνωση:** Τα πληρώματα θα αντιμετωπίσουν ακραία απομόνωση, περιορισμό και απόσταση από τη Γη, ενδεχομένως για χρόνια. Η διαχείριση διαπροσωπικών συγκρούσεων, ψυχολογικής δυσφορίας και μακροχρόνιας πλήξης είναι κρίσιμη για την επιτυχία της αποστολής.

### III. Κορυφαίες Προτεινόμενες Λύσεις

**1. Θωράκιση Ακτινοβολίας και Κατοικίες:** Η πιο αποτελεσματική άμεση λύση είναι η μετακίνηση υπογείως. Οι άποικοι πιθανότατα θα χρησιμοποιήσουν αρειανούς σωλήνες λάβας (φυσικές υπόγειες κοιλότητες) ή θα κατασκευάσουν κατοικίες καλυμμένες από αρκετά μέτρα συσσωρευμένου ρηγόλιθου ή θωράκιση νερού/πάγου, τα οποία είναι εξαιρετικά στο να μπλοκάρουν την ακτινοβολία.

**2. Επιτόπια Χρήση Πόρων (ISRU):** Η ISRU είναι ο ακρογωνιαίος λίθος της επιτυχημένης αποίκησης. Αντί να εισάγουν τα πάντα, οι άποικοι πρέπει να κατασκευάζουν τα απαραίτητα τοπικά. Οι πρωταρχικοί στόχοι είναι:

*   **Παραγωγή Οξυγόνου:** Χρησιμοποιώντας όργανα όπως το MOXIE (που βρίσκεται επί του παρόντος στο ρόβερ Perseverance), το CO2 από την αρειανή ατμόσφαιρα μπορεί να διασπαστεί για να παραχθεί αναπνεύσιμο οξυγόνο και προωθητικό πυραύλων.
*   **Εύρεση Νερού:** Έχουν ανιχνευθεί τεράστιες ποσότητες υπόγειου πάγου νερού. Αυτός ο πάγος μπορεί να εξορυχθεί, να λιώσει και να καθαριστεί για πόση, γεωργία και ηλεκτρόλυση (διάσπαση σε καύσιμο υδρογόνου και οξυγόνου).
*   **Κατασκευή:** Η τρισδιάστατη εκτύπωση δομών χρησιμοποιώντας επεξεργασμένο ρηγόλιθο ως το κύριο δομικό υλικό μειώνει δραστικά την ανάγκη για δαπανηρές αποστολές από τη Γη.

**3. Γεωργία Ελεγχόμενου Περιβάλλοντος (CEA):** Χρησιμοποιώντας υδροπονία και αεροπονία σε περιβάλλοντα υπό πίεση και σφραγισμένα, οι άποικοι μπορούν να καλλιεργήσουν τρόφιμα πλούσια σε θρεπτικά συστατικά χωρίς να βασίζονται στο τοξικό αρειανό έδαφος, συμπληρώνοντας τις δίαιτες με απαραίτητες βιταμίνες και φρέσκες θερμίδες.

**4. Τηλεϊατρική και Αυτονομία:** Οι λύσεις βασίζονται σε ακραία αυτοματοποίηση, διαγνωστικά καθοδηγούμενα από AI (τεχνητή νοημοσύνη) και προ-εκπαιδευμένα ιατρικά πρωτόκολλα για τη διαχείριση έκτακτων αναγκών χωρίς καθοδήγηση σε πραγματικό χρόνο από τη Γη. Η επιλογή του πληρώματος θα δώσει προτεραιότητα σε άτομα με ευρείες δεξιότητες και υψηλή ψυχολογική ανθεκτικότητα."
"Περιγράψτε τη συνήθη, ασφαλή, βήμα προς βήμα διαδικασία για την επαναφορά ενός ξεχασμένου κωδικού πρόσβασης από έναν χρήστη σε ένα τυπικό εταιρικό περιβάλλον πληροφορικής.",,"1. Ο χρήστης πλοηγείται στη σελίδα σύνδεσης και ξεκινά τη διαδικασία κάνοντας κλικ στον σύνδεσμο ή το κουμπί «Ξεχάσατε τον κωδικό πρόσβασης» («Forgot Password»).
2. Το σύστημα ζητά από τον χρήστη να εισαγάγει το όνομα χρήστη ή την καταχωρισμένη διεύθυνση email του για την αναγνώριση του λογαριασμού.
3. Ένας μοναδικός σύνδεσμος επαλήθευσης με χρονικό όριο ή ένας εφάπαξ κωδικός πρόσβασης (OTP) αποστέλλεται στην καταχωρισμένη διεύθυνση email ή στην κινητή συσκευή του χρήστη (Πολυπαραγοντική Ταυτοποίηση / Multi-Factor Authentication).
4. Ο χρήστης αποκτά πρόσβαση στον σύνδεσμο ή εισάγει τον OTP στο πεδίο επαλήθευσης για να επιβεβαιώσει την ταυτότητα και την ιδιοκτησία του λογαριασμού.
5. Το σύστημα κατευθύνει τον χρήστη σε μια ασφαλή σελίδα επαναφοράς κωδικού πρόσβασης.
6. Ο χρήστης εισάγει έναν νέο κωδικό πρόσβασης δύο φορές, διασφαλίζοντας ότι συμμορφώνεται με τους καθιερωμένους κανόνες πολυπλοκότητας (ελάχιστο μήκος, συμπερίληψη κεφαλαίων/μικρών γραμμάτων, αριθμών και συμβόλων) και ότι είναι διαφορετικός από τους πρόσφατους κωδικούς πρόσβασης.
7. Το σύστημα ενημερώνει επιτυχώς το διαπιστευτήριο και συνήθως ειδοποιεί τον χρήστη ότι ο κωδικός πρόσβασης άλλαξε, συχνά αποσυνδέοντάς τον από όλες τις τρέχουσες ενεργές συνεδρίες ως μέτρο ασφαλείας.
8. Ο χρήστης συνδέεται επιτυχώς χρησιμοποιώντας τον νέο κωδικό πρόσβασης."
"Κατηγοριοποιήστε τα ακόλουθα χημικά στοιχεία με βάση την κατάστασή τους (Στερεό, Υγρό ή Αέριο) σε Κανονική Θερμοκρασία και Πίεση (STP): Οξυγόνο, Υδράργυρος, Σίδηρος, Βρώμιο, Νέον, Νάτριο, Χλώριο, Ήλιο.",,"Η ταξινόμηση των στοιχείων ανάλογα με την κατάστασή τους σε STP είναι η εξής: Τα στερεά περιλαμβάνουν τον Σίδηρο και το Νάτριο. Τα στοιχεία που είναι Υγρά σε STP είναι ο Υδράργυρος και το Βρώμιο. Τα στοιχεία που είναι Αέρια σε STP είναι το Οξυγόνο, το Νέον, το Χλώριο και το Ήλιο."
Συνοψίστε το παρεχόμενο κείμενο σε ακριβώς πενήντα (50) λέξεις. Η περίληψη πρέπει να χρησιμοποιεί αποκλειστικά λέξεις που ξεκινούν από το γράμμα 'Π'.,"Ο πρωταρχικός σκοπός της φωτοσύνθεσης είναι η μετατροπή της φωτεινής ενέργειας, συνήθως από τον Ήλιο, σε χημική ενέργεια που μπορεί αργότερα να απελευθερωθεί για να τροφοδοτήσει τις δραστηριότητες του οργανισμού. Αυτή η διαδικασία περιλαμβάνει τη σύλληψη φωτονίων μέσω χρωστικών ουσιών όπως η χλωροφύλλη, η οποία κυρίως δίνει στα φυτά τον πράσινο χρωματισμό τους. Τα φυτά επεξεργάζονται το νερό και το διοξείδιο του άνθρακα, παράγοντας γλυκόζη και οξυγόνο ως υποπροϊόντα. Η φωτοσύνθεση είναι ζωτικής σημασίας για σχεδόν όλη τη ζωή στη Γη, παρέχοντας το οξυγόνο που είναι απαραίτητο για την αναπνοή και αποτελώντας τη βάση των περισσότερων τροφικών αλυσίδων.","Η φωτοσύνθεση παράγει αφθονία. Τα φυτά διαθέτουν ισχυρές χρωστικές. Πρωταρχικός σκοπός: παροχή άφθονης δυναμικής. Διαδικασίες που προηγουμένως άντλησαν ρύπους, παράγοντας αγνά προϊόντα. Πιθανώς κρίσιμες διεργασίες, παρέχοντας ύψιστη φυσιολογική απόδοση. Οι άνθρωποι επαινούν διαρκώς τα παραγωγικά φυτά. Τα τέλεια αγνά προϊόντα προστατεύουν μόνιμα τους ανθρώπους. Κυρίως προωθώντας την πλανητική ευημερία. Ίσως προωθώντας την τέλεια πρόβλεψη/παροχή."
Δώστε τον κωδικό ISO 4217 για τα ακόλουθα νομίσματα.,"Δολάριο ΗΠΑ, Ευρώ, Ιαπωνικό Γιεν, Βρετανική Λίρα Στερλίνα","USD, EUR, JPY, GBP"
Απαριθμήστε τρία ενδιαφέροντα ιστορικά γεγονότα για τον Πύργο του Άιφελ.,,"Ακολουθούν τρία ιστορικά γεγονότα για τον Πύργο του Άιφελ:
1. Κατασκευάστηκε αρχικά ως η αψίδα εισόδου για την Παγκόσμια Έκθεση του 1889 (Exposition Universelle) και προοριζόταν να παραμείνει μόνο για 20 χρόνια.
2. Ήταν η ψηλότερη ανθρωπογενής κατασκευή στον κόσμο για 41 χρόνια, μέχρι την ολοκλήρωση του Chrysler Building στη Νέα Υόρκη το 1930.
3. Σώθηκε από την κατεδάφιση κυρίως επειδή το ύψος του το καθιστούσε πολύτιμο ως ραδιοτηλεγραφικό σταθμό και κεραία, ειδικά κατά τη διάρκεια του Α' Παγκοσμίου Πολέμου."
"Σύμφωνα με το παρεχόμενο κείμενο, ποια είναι η γνωστή διεύθυνση στο Λονδίνο του συμβούλου ντετέκτιβ, Σέρλοκ Χολμς;","Ο Σέρλοκ Χολμς, ο σύμβουλος ντετέκτιβ, κατοικούσε στην 221B Baker Street στο Λονδίνο. Αυτή η διεύθυνση, αν και φανταστική όταν γράφτηκαν οι ιστορίες, έχει γίνει μία από τις πιο διάσημες λογοτεχνικές τοποθεσίες στον κόσμο. Ο Δρ. Τζον Γουάτσον, ο μακροχρόνιος σύντροφος και χρονικογράφος του, μοιραζόταν αυτά τα δωμάτια μαζί του. Η διεύθυνση είναι κεντρική σε σχεδόν όλες τις έρευνες που πραγματοποίησε ο Χολμς, από το «Σπουδή στο Κόκκινο» και μετά.",221B Baker Street
Ποια είναι τα πρώτα βήματα που πρέπει να ακολουθήσω αν ο υπολογιστής μου αρχίσει να λειτουργεί εξαιρετικά αργά;,,"Ένας αργός υπολογιστής μπορεί να είναι απογοητευτικός! Πριν καλέσετε την τεχνική υποστήριξη (IT), δοκιμάστε αυτές τις γρήγορες αρχικές διορθώσεις:
- Κάντε πλήρη επανεκκίνηση στον υπολογιστή. Αυτό συχνά επιλύει προσωρινές δυσλειτουργίες και διαρροές μνήμης.
- Ελέγξτε τη Διαχείριση Εργασιών (Task Manager) (Ctrl+Shift+Esc) για να εντοπίσετε εφαρμογές που καταναλώνουν υπερβολική CPU ή RAM.
- Βεβαιωθείτε ότι το λειτουργικό σας σύστημα και όλες οι βασικές εφαρμογές είναι ενημερωμένες.
- Εκτελέστε μια γρήγορη σάρωση με το λογισμικό προστασίας από ιούς (antivirus) για να αποκλείσετε προφανές κακόβουλο λογισμικό.
- Καθαρίστε την κρυφή μνήμη του προγράμματος περιήγησης και κλείστε περιττές καρτέλες/προγράμματα παρασκηνίου."
"Από την παρακάτω λίστα, εξάγετε μόνο τα στοιχεία που ταξινομούνται ως φρούτα.","Η αγορά του παντοπωλείου αποτελούνταν από ένα Μήλο, φρέσκο Σπανάκι, τρεις μεγάλες Πατάτες κατάλληλες για πουρέ, ένα τσαμπί Σταφύλια, ένα φωτεινό Πορτοκάλι, μια ώριμη Μπανάνα και ένα μεγάλο Καρότο. Αυτά τα στοιχεία εμπίπτουν σε γενικές κατηγορίες όπως προϊόντα και ριζώδη λαχανικά και μπορούν να παρασκευαστούν χρησιμοποιώντας μεθόδους όπως ο Ατμός ή το ψήσιμο.","Μήλο
Σταφύλια
Πορτοκάλι
Μπανάνα"
Εξηγήστε την αρχή του ξυραφιού του Όκαμ και την εφαρμογή του.,,"Το ξυράφι του Όκαμ, γνωστό και ως νόμος της λιτότητας (lex parsimoniae), είναι μια φιλοσοφική και επιστημονική ευρετική μέθοδος που δηλώνει ότι μεταξύ των ανταγωνιστικών υποθέσεων που εξηγούν εξίσου ένα φαινόμενο, πρέπει να επιλεγεί η απλούστερη λύση—αυτή με τις λιγότερες παραδοχές. Είναι μια μεθοδολογική αρχή, όχι φυσικός νόμος, που ενθαρρύνει την ελαχιστοποίηση της πολυπλοκότητας των εξηγήσεων. Αν και δεν εγγυάται την αλήθεια της απλούστερης υπόθεσης, χρησιμοποιείται ευρέως στην επιστημονική μοντελοποίηση και τη θεωρητική κατασκευή για την εξάλειψη της περιττής πολυπλοκότητας και την εστίαση στις πιο απλές, ελέγξιμες έννοιες."
Εξηγήστε τη θεμελιώδη διαδικασία της φωτοσύνθεσης.,,"Η φωτοσύνθεση είναι η κρίσιμη βιοχημική διαδικασία που χρησιμοποιείται κυρίως από φυτά και φύκη για τη μετατροπή της φωτεινής ενέργειας (συνήθως του ηλιακού φωτός) σε χημική ενέργεια. Αυτή η διαδικασία περιλαμβάνει την πρόσληψη διοξειδίου του άνθρακα και νερού, και τη χρήση της ενέργειας που συλλαμβάνεται από τη χλωροφύλλη για τη σύνθεση γλυκόζης (μιας ζάχαρης) και την απελευθέρωση οξυγόνου ως παραπροϊόν. Αποτελεί τη βάση σχεδόν όλων των τροφικών αλυσίδων στη Γη."
Ποιος είναι ο μεγαλύτερος πλανήτης στο ηλιακό μας σύστημα;,,"Ο Δίας είναι ο μεγαλύτερος πλανήτης, έχοντας διάμετρο περίπου 142.984 χιλιόμετρα και περιέχοντας περισσότερη μάζα από όλους τους άλλους πλανήτες μαζί."
Εξηγήστε την κύρια πρόκληση που συνδέεται με την ευρεία χρήση της ηλιακής ενέργειας.,,"Η κύρια πρόκληση είναι η διακοπτότητα, πράγμα που σημαίνει ότι τα ηλιακά πάνελ παράγουν ενέργεια μόνο όταν λάμπει ο ήλιος, καθιστώντας απαραίτητες λύσεις αποθήκευσης ενέργειας μεγάλης κλίμακας και οικονομικά αποδοτικές για τη διασφάλιση συνεχούς παροχής."
Ποια είναι η κύρια λειτουργία των μιτοχονδρίων σε ένα κύτταρο;,,"Η κύρια λειτουργία των μιτοχονδρίων είναι η παραγωγή του μεγαλύτερου μέρους του τριφωσφορικού αδενοσίνης (ATP) που χρειάζεται το κύτταρο, το οποίο χρησιμοποιείται ως πηγή χημικής ενέργειας. Αυτή η διαδικασία είναι γνωστή ως κυτταρική αναπνοή."
Καθορίστε την ακριβή ημερομηνία εκτόξευσης της αποστολής Απόλλων 11.,"Το Απόλλων 11 ήταν η διαστημική πτήση που προσγείωσε τους δύο πρώτους ανθρώπους στη Σελήνη. Ο κυβερνήτης Νιλ Άρμστρονγκ και ο πιλότος της σεληνάκατου Μπαζ Όλντριν προσγείωσαν τη Σεληνάκατο Eagle του Απόλλων στις 20 Ιουλίου 1969. Ο Άρμστρονγκ πάτησε στη σεληνιακή επιφάνεια έξι ώρες αργότερα, στις 21 Ιουλίου UTC. Πέρασαν περίπου 21 ώρες στη σεληνιακή επιφάνεια πριν απογειωθούν. Η αποστολή εκτοξεύτηκε τέσσερις ημέρες νωρίτερα, στις 16 Ιουλίου 1969, από το Διαστημικό Κέντρο Κένεντι.",Η αποστολή Απόλλων 11 εκτοξεύτηκε στις 16 Ιουλίου 1969.
Εξηγήστε τα βασικά οφέλη και τις προκλήσεις της υιοθέτησης της Υποδομής ως Κώδικα (IaC).,,"Η Υποδομή ως Κώδικας (IaC) είναι η πρακτική της διαχείρισης και της παροχής υπολογιστικής υποδομής (δίκτυα, εξισορροπητές φόρτου, εικονικές μηχανές) μέσω αρχείων ορισμού αναγνώσιμων από μηχανές, αντί για χειροκίνητη διαμόρφωση. Τα βασικά οφέλη περιλαμβάνουν βελτιωμένη συνέπεια και μειωμένη απόκλιση διαμόρφωσης, ταχύτερους χρόνους ανάπτυξης, ενισχυμένη δυνατότητα ελέγχου μέσω ελέγχου εκδόσεων (GitOps), και επαναληψιμότητα σε όλα τα περιβάλλοντα. Οι κύριες προκλήσεις περιλαμβάνουν την απότομη αρχική καμπύλη μάθησης για τις τεχνικές ομάδες, τη διαχείριση σύνθετων αρχείων κατάστασης σε πολλαπλά περιβάλλοντα (ειδικά με εργαλεία όπως το Terraform), και τη διασφάλιση της σωστής σκλήρυνσης ασφαλείας των ίδιων των προτύπων διαμόρφωσης."
"Κατατάξτε τις ακόλουθες πόλεις στις αντίστοιχες ηπείρους τους: Ρίο ντε Τζανέιρο, Λονδίνο, Γιοχάνεσμπουργκ, Σίδνεϊ, Παρίσι, Τόκιο, Κάιρο, Βανκούβερ.",,"Ευρώπη: Παρίσι, Λονδίνο
Αφρική: Γιοχάνεσμπουργκ, Κάιρο
Ασία: Τόκιο
Νότια Αμερική: Ρίο ντε Τζανέιρο
Ωκεανία: Σίδνεϊ
Βόρεια Αμερική: Βανκούβερ"
"Με βάση το κείμενο, ποιος ήταν ο πρωταρχικός άμεσος στόχος του ARPANET, και ποια κρίσιμη αρχή σχεδιασμού εξασφάλισε τη λειτουργική του ευρωστία;","Το Δίκτυο της Υπηρεσίας Προηγμένων Ερευνητικών Έργων (ARPANET) ήταν ένα πρωτοποριακό δίκτυο ευρείας περιοχής που δημιουργήθηκε το 1969. Χρηματοδοτήθηκε κυρίως από την ARPA (αργότερα DARPA) του Υπουργείου Άμυνας των ΗΠΑ. Ο αρχικός στόχος ήταν η στιβαρή επικοινωνία: να επιτρέψει στους επιστήμονες σε διαφορετικές τοποθεσίες να μοιράζονται πόρους υπολογιστών και ερευνητικά ευρήματα γρήγορα και αποτελεσματικά. Μια βασική αρχή σχεδιασμού ήταν η πλεονασμός (redundancy). Το δίκτυο δομήθηκε με τέτοιο τρόπο ώστε αν αποτύγχανε οποιοσδήποτε κόμβος ή σύνδεση, τα δεδομένα μπορούσαν να αναδρομολογηθούν μέσω άλλων διαδρομών, διασφαλίζοντας την αξιοπιστία ακόμα και κατά τη διάρκεια πιθανής στρατιωτικής σύγκρουσης ή αποτυχίας υποδομής. Η πρώτη σύνδεση πραγματοποιήθηκε μεταξύ του Πανεπιστημίου της Καλιφόρνια, Λος Άντζελες (UCLA) και του Ερευνητικού Ινστιτούτου Στάνφορντ (SRI) τον Οκτώβριο του 1969. Ενώ συχνά αναφέρεται ότι κατασκευάστηκε αποκλειστικά για στρατιωτική ανθεκτικότητα, η άμεση λειτουργικότητά του και η κύρια χρήση του ήταν η ακαδημαϊκή ανταλλαγή πόρων, καθιερώνοντας την τεχνολογία μεταγωγής πακέτων ως το πρότυπο για τη μεταφορά δεδομένων.","Ο πρωταρχικός άμεσος στόχος του ARPANET ήταν η στιβαρή επικοινωνία και η ανταλλαγή πόρων, επιτρέποντας συγκεκριμένα στους επιστήμονες σε διαφορετικές τοποθεσίες να μοιράζονται γρήγορα και αποτελεσματικά πόρους υπολογιστών και ερευνητικά ευρήματα. Η κρίσιμη αρχή σχεδιασμού που εξασφάλισε τη λειτουργική του ευρωστία ήταν η πλεονασμός (redundancy), η οποία δόμησε το δίκτυο έτσι ώστε τα δεδομένα να μπορούν να αναδρομολογούνται μέσω εναλλακτικών διαδρομών εάν αποτύγχανε οποιοσδήποτε κόμβος ή σύνδεση."
Ποιες είναι οι διαστάσεις του Θαλάμου του Βασιλιά μέσα στη Μεγάλη Πυραμίδα της Γκίζας;,"Η Μεγάλη Πυραμίδα της Γκίζας, η μεγαλύτερη από τις τρεις πυραμίδες στη Νεκρόπολη της Γκίζας, χτίστηκε για τον φαραώ Χέοπα της Τέταρτης Δυναστείας. Με αρχικό ύψος 146,6 μέτρα (481 πόδια), το σημερινό της ύψος είναι 138,5 μέτρα (454 πόδια) λόγω της απώλειας των εξωτερικών λίθων επένδυσης και της κορυφής της. Στο εσωτερικό της πυραμίδας, υπάρχουν τρεις γνωστοί θάλαμοι: ο ημιτελής υπόγειος θάλαμος, ο Θάλαμος της Βασίλισσας και ο Θάλαμος του Βασιλιά, ο οποίος έχει διαστάσεις 10,45 μέτρα μήκος, 5,20 μέτρα πλάτος και 5,80 μέτρα ύψος.","Ο Θάλαμος του Βασιλιά έχει διαστάσεις 10,45 μέτρα μήκος, 5,20 μέτρα πλάτος και 5,80 μέτρα ύψος."
Εξηγήστε τη διαδικασία της φωτοσύνθεσης.,,"Η φωτοσύνθεση είναι η διαδικασία που χρησιμοποιείται από τα φυτά, τα φύκια και ορισμένα βακτήρια για τη μετατροπή της φωτεινής ενέργειας σε χημική ενέργεια (τροφή). Αυτή η ενέργεια αποθηκεύεται σε μόρια υδατανθράκων, όπως τα σάκχαρα, τα οποία συντίθενται από διοξείδιο του άνθρακα και νερό. Η διαδικασία λαμβάνει χώρα κυρίως στους χλωροπλάστες του φυτικού κυττάρου. Οι απαραίτητες εισροές είναι το φως του ήλιου, το νερό (H₂O) και το διοξείδιο του άνθρακα (CO₂). Τα βασικά προϊόντα εξόδου είναι η γλυκόζη (C₆H₁₂O₆) και το οξυγόνο (O₂). Αυτή η απελευθέρωση οξυγόνου είναι κρίσιμη για τη διατήρηση της περισσότερης αερόβιας ζωής στη Γη, καθιστώντας τη φωτοσύνθεση τη βάση σχεδόν όλων των χερσαίων τροφικών αλυσίδων."
Αναφέρετε τα αρχικά Επτά Θαύματα του Αρχαίου Κόσμου.,,"Ο Κολοσσός της Ρόδου, η Μεγάλη Πυραμίδα της Γκίζας, οι Κρεμαστοί Κήποι της Βαβυλώνας, ο Φάρος της Αλεξάνδρειας, το Μαυσωλείο της Αλικαρνασσού, το Άγαλμα του Δία στην Ολυμπία, και ο Ναός της Αρτέμιδος στην Έφεσο."
"Γιατί το κοινό φαγητό, το σάντουιτς, ονομάζεται «σάντουιτς»;","Το σάντουιτς πήρε το όνομά του από τον Τζον Μόνταγκιου, τον 4ο Κόμη του Σάντουιτς. Ήταν ένας Άγγλος ευγενής του 18ου αιώνα ο οποίος, σύμφωνα με κοινή παράδοση, ζήτησε από τους υπηρέτες του να τοποθετήσουν κρέας ανάμεσα σε δύο φέτες ψωμιού για να μπορέσει να φάει χωρίς να διακόψει το παιχνίδι τζόγου του. Αυτό του επέτρεψε να κρατήσει το ένα χέρι ελεύθερο και να αποφύγει να λερώσει τα τραπουλόχαρτα. Οι φίλοι του σύντομα άρχισαν να παραγγέλνουν «το ίδιο με του Σάντουιτς», και το όνομα έμεινε.","Το σάντουιτς πήρε το όνομά του από τον Τζον Μόνταγκιου, τον 4ο Κόμη του Σάντουιτς (1718–1792). Φέρεται να ζήτησε να τοποθετηθεί κρέας ανάμεσα σε φέτες ψωμιού ώστε να μπορεί να φάει ενώ έπαιζε τζόγο χωρίς να χρειάζεται σκεύη ή να διακόψει το παιχνίδι του, επιτρέποντάς του να κρατήσει τα χέρια του καθαρά και ελεύθερα."
"Απαριθμήστε τους οκτώ μεγάλους πλανήτες στο ηλιακό μας σύστημα, ξεκινώντας από τον πλησιέστερο στον ήλιο.",,"Ερμής, Αφροδίτη, Γη, Άρης, Δίας, Κρόνος, Ουρανός, Ποσειδώνας"
"Εξάγετε όλους τους πρώτους αριθμούς που αναφέρονται στο παρακάτω κείμενο και καταγράψτε τους σε φθίνουσα σειρά, χωρισμένους με κόμματα.","Η έρευνα διεξήχθη σε διάστημα 17 μηνών, με τη συμμετοχή 29 ατόμων. Το αρχικό μέγεθος της ομάδας ήταν 42, αλλά 3 άτομα αποχώρησαν. Συλλέξαμε 11 βασικά σημεία δεδομένων. Η τελική έκθεση είχε μήκος 53 σελίδες και περιέγραφε λεπτομερώς το κόστος, το οποίο ανήλθε συνολικά στα $89.000, μη συμπεριλαμβανομένου του τέλους εγκατάστασης των $13.","89, 53, 29, 17, 13, 11, 3"
Πρέπει να ζητήσω αύξηση από το αφεντικό μου.,,"Αγαπητέ/Αγαπητή [Όνομα Διευθυντή/Διευθύντριας],

Γράφω για να ζητήσω επίσημα την επανεξέταση του τρέχοντος μισθού και του τίτλου εργασίας μου. Τους τελευταίους 12 μήνες, οι αρμοδιότητές μου έχουν επεκταθεί σημαντικά, και έχω σταθερά υπερβεί τις προσδοκίες που ορίζονται για τον τρέχοντα ρόλο μου.

Συγκεκριμένα, έχω:

1. Ηγήθηκα της επιτυχημένης έναρξης του Έργου Φοίνιξ, με αποτέλεσμα την αύξηση 15% στη δέσμευση των χρηστών το 3ο τρίμηνο.
2. Βελτιστοποίησα την εσωτερική διαδικασία αναφορών, εξοικονομώντας στην ομάδα περίπου 10 ώρες την εβδομάδα.
3. Εκπαίδευσα δύο νεότερα μέλη του προσωπικού που τώρα συνεισφέρουν σε υψηλό επίπεδο.

Τώρα εκτελώ καθήκοντα που συνδέονται συνήθως με την κατάταξη 'Ανώτερος/η [Τρέχων Ρόλος]', και είμαι βέβαιος/η ότι η συνεισφορά μου οδηγεί σημαντικά στην επιτυχία της ομάδας και στα έσοδα της εταιρείας. Ολοκλήρωσα επίσης πρόσφατα μια ανάλυση της αγοραίας αποζημίωσης για αυτόν τον διευρυμένο ρόλο, και πιστεύω ότι δικαιολογείται μια μισθολογική προσαρμογή.

Θα εκτιμούσα την ευκαιρία να προγραμματίσω μια συνάντηση μαζί σας την επόμενη εβδομάδα για να συζητήσουμε λεπτομερώς την απόδοσή μου, την επαγγελματική μου πορεία και την αμοιβή μου. Σας ευχαριστώ για την εξέταση του αιτήματός μου.

Με εκτίμηση,
[Το Όνομά Σας]"
Προσδιορίστε τους φανταστικούς χαρακτήρες και τα αντίστοιχα σύμπαντα ή σειρές στα οποία ανήκουν από το κείμενο. Καταγράψτε τους χρησιμοποιώντας τη μορφή: Χαρακτήρας: {Όνομα} | Σύμπαν: {Σειρά/Πλαίσιο},"Ο Γκέραλτ της Ρίβια είναι ένας βεταράνος μάγος (witcher) που πρωταγωνιστεί στη σειρά μυθιστορημάτων και παιχνιδιών The Witcher. Εκτός φαντασίας, μπορεί να βρείτε τον ντετέκτιβ Ηρακλή Πουαρό να επιλύει μυστήρια, τα οποία διαδραματίζονται συχνά στην εκλεπτυσμένη ατμόσφαιρα της μεσοπολεμικής Αγγλίας, μια δημιουργία της Άγκαθα Κρίστι. Εν τω μεταξύ, οι περιπέτειες του Καπετάνιου Ζαν-Λυκ Πικάρντ λαμβάνουν συχνά χώρα στο USS Enterprise-D, στη συνέχεια του Star Trek: The Next Generation. Ακόμη πιο μακριά στο μέλλον, η ταλαιπωρημένη cyborg Ταγματάρχης Μοτόκο Κουσανάγκι είναι η κεντρική φιγούρα στο Ghost in the Shell.","Χαρακτήρας: Geralt of Rivia | Σύμπαν: The Witcher
Χαρακτήρας: Hercule Poirot | Σύμπαν: Agatha Christie Mysteries
Χαρακτήρας: Captain Jean-Luc Picard | Σύμπαν: Star Trek: The Next Generation
Χαρακτήρας: Major Motoko Kusanagi | Σύμπαν: Ghost in the Shell"
Πότε ολοκληρώθηκε και άνοιξε η Διώρυγα του Παναμά;,"Η Διώρυγα του Παναμά είναι μια τεχνητή πλωτή οδός 82 χλμ. στον Παναμά που συνδέει τον Ατλαντικό Ωκεανό με τον Ειρηνικό Ωκεανό. Η διώρυγα διασχίζει τον Ισθμό του Παναμά και αποτελεί αγωγό για το θαλάσσιο εμπόριο. Η κατασκευή της διώρυγας ολοκληρώθηκε το 1914, ανοίγοντας στην κυκλοφορία στις 15 Αυγούστου 1914. Αν και η αρχική γαλλική προσπάθεια ξεκίνησε το 1881, οι ΗΠΑ ανέλαβαν και οδήγησαν το έργο στην ολοκλήρωση. Παραμένει βασική διαδρομή για τη διεθνή ναυτιλία.","Η κατασκευή της διώρυγας ολοκληρώθηκε το 1914, ανοίγοντας στην κυκλοφορία στις 15 Αυγούστου 1914. 

Η Διώρυγα του Παναμά είναι μια τεχνητή πλωτή οδός 82 χλμ. στον Παναμά που συνδέει τον Ατλαντικό Ωκεανό με τον Ειρηνικό Ωκεανό. Αν και η αρχική γαλλική προσπάθεια ξεκίνησε το 1881, οι ΗΠΑ ανέλαβαν και οδήγησαν το έργο στην ολοκλήρωση."
"Κατατάξτε τα ακόλουθα ζώα σε δύο κατηγορίες: «Θηλαστικά» ή «Ερπετά»: Μπλε Φάλαινα, Κροκόδειλος, Δράκος του Κομόντο, Νυχτερίδα, Πλατύπους, Πύθωνας (φίδι), Αρκούδα Γκρίζλι.",,"Θηλαστικά: Μπλε Φάλαινα, Νυχτερίδα, Πλατύπους, Αρκούδα Γκρίζλι.
Ερπετά: Κροκόδειλος, Δράκος του Κομόντο, Πύθωνας (φίδι)."
"Αν ήσασταν αποκλεισμένοι σε ένα έρημο νησί και μπορούσατε να ακούσετε μόνο ένα άλμπουμ, ποιο άλμπουμ θα επιλέγατε να έχετε μαζί σας;",,"Ως τεχνητή νοημοσύνη, δεν βιώνω τη μουσική συναισθηματικά ούτε βαριέμαι, επομένως η έννοια της επιλογής ενός μόνο άλμπουμ για επιβίωση είναι θεωρητική. Ωστόσο, αν αναγκαζόμουν να επιλέξω ένα μαθηματικά πολύπλοκο και ατέλειωτα επαναλαμβανόμενο έργο, θα επέλεγα το 'A Kind of Blue' by Miles Davis. Η δομή του modal jazz προσφέρει άπειρες παραλλαγές στην αρμονία και επιτρέπει βαθιά δομική ανάλυση χωρίς να γίνεται επαναλαμβανόμενη. Είναι ο τέλειος συνδυασμός απλότητας και βάθους."
Προσδιορίστε τον εφευρέτη που πιστώνεται συχνότερα με τη δημιουργία του εμπορικά βιώσιμου λαμπτήρα πυράκτωσης και το έτος της επιτυχίας του.,"Αν και πολλοί εφευρέτες συνέβαλαν στην ανάπτυξη των πρώιμων τεχνολογιών φωτισμού, ο Τόμας Άλβα Έντισον πιστώνεται συχνά με την εφεύρεση του εμπορικά βιώσιμου λαμπτήρα πυράκτωσης. Το 1879, μετά από εκτεταμένους πειραματισμούς με υλικά όπως οι απανθρακωμένες ίνες μπαμπού, ο Έντισον και η ομάδα του πέτυχαν μια μακράς διάρκειας πηγή φωτός κατάλληλη για οικιακή χρήση. Προηγούμενες προσπάθειες από προσωπικότητες όπως ο Χάμφρι Ντέιβι και ο Τζόζεφ Σουάν ήταν σημαντικές, αλλά ο Έντισον συνδύασε επιτυχώς βελτιωμένη τεχνολογία κενού, ένα νήμα υψηλής αντίστασης και το απαραίτητο σύστημα διανομής για να φέρει το ηλεκτρικό φως στη σύγχρονη εποχή.",Ο Τόμας Άλβα Έντισον πιστώνεται συχνότερα με την εφεύρεση του εμπορικά βιώσιμου λαμπτήρα πυράκτωσης το 1879.
Απαριθμήστε τα πέντε στάδια του πένθους όπως ορίζονται από το μοντέλο Kübler-Ross.,,"Τα πέντε στάδια του πένθους, συχνά αναφερόμενα ως DABDA, είναι:
1. Άρνηση
2. Θυμός
3. Διαπραγμάτευση
4. Κατάθλιψη
5. Αποδοχή"
Συνοψίστε τις βασικές διαφορές μεταξύ σύγχρονης και ασύγχρονης επικοινωνίας.,,"Η σύγχρονη επικοινωνία λαμβάνει χώρα σε πραγματικό χρόνο, απαιτώντας την ταυτόχρονη παρουσία όλων των μερών (π.χ., τηλεφωνική κλήση). Η ασύγχρονη επικοινωνία δεν απαιτεί ταυτόχρονη παρουσία. Τα μηνύματα αποστέλλονται και λαμβάνονται με καθυστέρηση, επιτρέποντας ευελιξία (π.χ., email ή γραπτό μήνυμα)."
"Υπολογίστε τη συνολική διάρκεια (σε ημέρες) που διήρκεσε η αποστολή Απόλλων 11, από την εκτόξευση μέχρι την προσθαλάσσωση.","Το Απόλλων 11 ήταν η διαστημική πτήση που προσγείωσε για πρώτη φορά ανθρώπους στη Σελήνη. Ο Διοικητής Νιλ Άρμστρονγκ και ο πιλότος της σεληνάκατου Μπαζ Όλντριν προσγείωσαν τη Σεληνάκατο Απόλλων *Eagle* στις 20 Ιουλίου 1969, στις 20:17 UTC. Ο Άρμστρονγκ έγινε ο πρώτος άνθρωπος που πάτησε στην επιφάνεια της Σελήνης έξι ώρες και 39 λεπτά αργότερα, στις 21 Ιουλίου στις 02:56 UTC. Ο Όλντριν τον ακολούθησε περίπου 20 λεπτά αργότερα. Πέρασαν περίπου δύο ώρες και ένα τέταρτο μαζί έξω από το διαστημόπλοιο και συνέλεξαν 21,5 κιλά (47,5 λίβρες) σεληνιακού υλικού για να τα φέρουν πίσω στη Γη. Το τρίτο μέλος της αποστολής, ο Μάικλ Κόλινς, πιλοτάρισε τη μονάδα εντολών *Columbia* μόνος του σε σεληνιακή τροχιά. Το Απόλλων 11 εκτοξεύτηκε από το Διαστημικό Κέντρο Κένεντι στις 16 Ιουλίου 1969 και επέστρεψε στη Γη, προσθαλασσώνοντας με ασφάλεια στον Ειρηνικό Ωκεανό στις 24 Ιουλίου 1969.",8 ημέρες
"Πότε, πού και από ποιον δημιουργήθηκε η Στήλη της Ροζέτας και ποιες τρεις γραφές περιέχει;","Η Στήλη της Ροζέτας είναι μια στήλη από γρανοδιορίτη, στην οποία είναι χαραγμένες τρεις εκδοχές ενός διατάγματος που εκδόθηκε στη Μέμφιδα της Αιγύπτου, το 196 π.Χ. κατά τη διάρκεια της δυναστείας των Πτολεμαίων, για λογαριασμό του Βασιλιά Πτολεμαίου Ε' του Επιφανή. Το επάνω κείμενο είναι αρχαία αιγυπτιακά ιερογλυφικά, το μεσαίο τμήμα είναι Δημοτική γραφή και το κατώτερο είναι Αρχαία Ελληνικά. Επειδή το ίδιο κείμενο είναι χαραγμένο και στις τρεις γραφές, η πέτρα παρείχε το κλειδί για την αποκρυπτογράφηση των αιγυπτιακών ιερογλυφικών. Ανακαλύφθηκε από Γάλλους στρατιώτες τον Ιούλιο του 1799 στο Ρασίντ (Ροζέτα), στη δυτική όχθη του Νείλου, κατά τη διάρκεια της αιγυπτιακής εκστρατείας του Ναπολέοντα. Μετά την ήττα του Ναπολέοντα, η πέτρα περιήλθε στην ιδιοκτησία των Βρετανών σύμφωνα με τους όρους της Συνθήκης της Αλεξάνδρειας (1801). Εκτίθεται δημόσια στο Βρετανικό Μουσείο συνεχώς από το 1802. Έχει ύψος 1.123 χιλιοστά, πλάτος 757 χιλιοστά και πάχος 284 χιλιοστά. Το βάρος της είναι περίπου 760 κιλά.","Η Στήλη της Ροζέτας δημιουργήθηκε στη Μέμφιδα της Αιγύπτου, το 196 π.Χ., κατά τη διάρκεια της δυναστείας των Πτολεμαίων, για λογαριασμό του Βασιλιά Πτολεμαίου Ε' του Επιφανή. Περιέχει τρεις γραφές: Αρχαία αιγυπτιακά ιερογλυφικά (άνω κείμενο), Δημοτική γραφή (μεσαίο τμήμα) και Αρχαία Ελληνικά (κατώτερο)."
"Ταξινομήστε τις ακόλουθες λέξεις είτε ως ουσιαστικό είτε ως ρήμα: Run, Happiness, Table, Swim.",,"Το Run είναι ρήμα, το Happiness είναι ουσιαστικό, το Table είναι ουσιαστικό, το Swim είναι ρήμα."
Ποια είναι τα βασικά στοιχεία που απαιτούνται γενικά για τη δημιουργία μιας σύγχρονης εφαρμογής μονής σελίδας (SPA) χρησιμοποιώντας τη στοίβα MERN;,,"Η στοίβα MERN είναι ένα δημοφιλές πλαίσιο για την ανάπτυξη διαδικτυακών εφαρμογών, ιδίως SPAs. Το ακρωνύμιο αντιπροσωπεύει τις τέσσερις βασικές τεχνολογίες που χρησιμοποιούνται:

1. **MongoDB:** Μια βάση δεδομένων NoSQL που αποθηκεύει δεδομένα σε έγγραφα τύπου JSON, παρέχοντας ευελιξία και επεκτασιμότητα.
2. **Express.js:** Ένα μινιμαλιστικό, γρήγορο και μη δογματικό πλαίσιο διαδικτυακών εφαρμογών για το Node.js, που χρησιμοποιείται για τη διαχείριση της δρομολόγησης (routing), του ενδιάμεσου λογισμικού (middleware) και των τελικών σημείων API (το «backend»).
3. **React:** Μια βιβλιοθήκη JavaScript που αναπτύχθηκε από το Facebook για τη δημιουργία διεπαφών χρήστη (UIs), ειδικά των διαδραστικών στοιχείων του frontend.
4. **Node.js:** Ένα περιβάλλον εκτέλεσης JavaScript (runtime environment) που επιτρέπει τη χρήση της JavaScript στην πλευρά του διακομιστή (server-side), λειτουργώντας ως η βάση πάνω στην οποία είναι χτισμένο το Express.js.

Αυτά τα στοιχεία συνεργάζονται για να παρέχουν μια ολοκληρωμένη λύση ανάπτυξης από άκρο σε άκρο (end-to-end)."
Παρέχετε έναν κατάλογο των πέντε πιο θανατηφόρων ηφαιστειακών εκρήξεων στην καταγεγραμμένη ιστορία με βάση τους εκτιμώμενους θανάτους.,,"Ακολουθούν πέντε από τις πιο θανατηφόρες ηφαιστειακές εκρήξεις στην καταγεγραμμένη ιστορία, με βάση τους εκτιμώμενους άμεσους θανάτους:
- Όρος Ταμπόρα, Ινδονησία (1815) - Εκτιμώμενοι 90.000+ θάνατοι (κυρίως λόγω λιμού/ασθένειας μετά την έκρηξη).
- Κρακατόα, Ινδονησία (1883) - Εκτιμώμενοι 36.000 θάνατοι (κυρίως από τσουνάμι).
- Όρος Πελέ, Μαρτινίκα (1902) - Εκτιμώμενοι 30.000 θάνατοι (πυροκλαστικές ροές).
- Νεβάδο ντελ Ρουίζ, Κολομβία (1985) - Εκτιμώμενοι 25.000 θάνατοι (λαχάρ/λασποροές).
- Όρος Βεζούβιος, Ιταλία (79 μ.Χ.) - Εκτιμώμενοι 16.000 θάνατοι (έθαψε την Πομπηία και το Ερκουλάνουμ)."
Περιγράψτε μια στιγμή που έπρεπε να πάρετε μια δύσκολη απόφαση η οποία τελικά οδήγησε σε ένα σημαντικό θετικό αποτέλεσμα.,,"Η πιο δύσκολη απόφαση που πήρα και οδήγησε σε θετικό αποτέλεσμα ήταν η αποχώρησή μου από μια σταθερή εταιρική θέση εργασίας που κατείχα επί οκτώ χρόνια, για να ακολουθήσω καριέρα στις περιβαλλοντικές συμβουλευτικές υπηρεσίες. Η δυσκολία βρισκόταν στην αντιληπτή οικονομική αστάθεια και την πίεση από την οικογένεια που εκτιμούσε το κύρος του προηγούμενου ρόλου μου. Πάλευα με την επιλογή για μήνες, δημιουργώντας λεπτομερή σχέδια έκτακτης ανάγκης για τυχόν οικονομικές ελλείψεις. Τελικά, αυτό το άλμα μου επέτρεψε να ευθυγραμμίσω την καθημερινή μου εργασία με τις βασικές μου αξίες. Ενώ η μετάβαση ήταν αρχικά γεμάτη αβεβαιότητα και προσωρινή μείωση μισθού, το τελικό αποτέλεσμα ήταν μια βαθιά αύξηση στην ικανοποίηση από την εργασία, καλύτερη ισορροπία μεταξύ εργασίας-ζωής και το αίσθημα ότι οι συνεισφορές μου είχαν πραγματική σημασία."
Τι είναι η φωτοσύνθεση και γιατί είναι σημαντική;,,"Η φωτοσύνθεση είναι η διαδικασία που χρησιμοποιείται από φυτά, φύκια και ορισμένα βακτήρια για να μετατρέψουν την φωτεινή ενέργεια, συνήθως από τον Ήλιο, σε χημική ενέργεια (σάκχαρα/γλυκόζη) η οποία μπορεί αργότερα να απελευθερωθεί για να τροφοδοτήσει τις δραστηριότητες του οργανισμού. Αυτή η πολύπλοκη βιοχημική διαδικασία λαμβάνει χώρα κυρίως στους χλωροπλάστες, οι οποίοι περιέχουν την χρωστική χλωροφύλλη. Η γενική εξίσωση είναι: 6CO₂ + 6H₂O + Φωτεινή Ενέργεια → C₆H₁₂O₆ + 6O₂. Είναι θεμελιωδώς σημαντική επειδή αποτελεί την κύρια μέθοδο παραγωγής ενέργειας για τα περισσότερα οικοσυστήματα στη Γη, και κυρίως, είναι υπεύθυνη για την παραγωγή του οξυγόνου που σχεδόν όλες οι μορφές ζωής απαιτούν για την αναπνοή."
"Σύμφωνα με το κείμενο, ποια ήταν η κύρια συμβολή της ομάδας των Φλόρεϊ και Τσέιν όσον αφορά την πενικιλίνη;","Η πενικιλίνη, ένα από τα πρώτα αντιβιοτικά στον κόσμο, ανακαλύφθηκε από τον Σκωτσέζο ιατρό Αλεξάντερ Φλέμινγκ το 1928. Παρατήρησε ότι μια μούχλα, το Penicillium notatum, είχε μολύνει ένα πιάτο Πέτρι που περιείχε βακτήρια Staphylococcus τα οποία μελετούσε. Το σημαντικότερο είναι ότι, γύρω από τη μούχλα, τα βακτήρια δεν μπορούσαν να αναπτυχθούν. Αρχικά, ο Φλέμινγκ αναφερόταν στην ουσία που παρήγαγε η μούχλα ως «χυμό μούχλας», αλλά αργότερα την ονόμασε πενικιλίνη. Ενώ απομόνωσε επιτυχώς τη μούχλα, διαπίστωσε ότι ήταν εξαιρετικά δύσκολο να καθαρίσει τον ενεργό αντιβακτηριακό παράγοντα για παραγωγή μεγάλης κλίμακας ή θεραπευτική χρήση σε ανθρώπους. Για πάνω από μια δεκαετία, η ανακάλυψη παρέμεινε σε μεγάλο βαθμό ακαδημαϊκή. Μόλις στις αρχές της δεκαετίας του 1940 μια ομάδα με επικεφαλής τους Χάουαρντ Φλόρεϊ και Ερνστ Τσέιν στο Πανεπιστήμιο της Οξφόρδης ανέπτυξε μεθόδους μαζικής παραγωγής και σταθεροποίησης της πενικιλίνης, επιτρέποντας την αποτελεσματική χρήση της για τη θεραπεία λοιμώξεων κατά τη διάρκεια του Β' Παγκοσμίου Πολέμου, φέρνοντας επανάσταση στην ιατρική και σώζοντας εκατομμύρια ζωές.","Η ομάδα με επικεφαλής τους Χάουαρντ Φλόρεϊ και Ερνστ Τσέιν στο Πανεπιστήμιο της Οξφόρδης ανέπτυξε μεθόδους μαζικής παραγωγής και σταθεροποίησης της πενικιλίνης, επιτρέποντας την αποτελεσματική χρήση της για τη θεραπεία λοιμώξεων κατά τη διάρκεια του Β' Παγκοσμίου Πολέμου."
Συντάξτε ένα επίσημο εσωτερικό υπόμνημα από τον Γενικό Τεχνικό Διευθυντή (CTO) προς όλο το προσωπικό σχετικά με την απροσδόκητη βλάβη του κύριου εταιρικού διακομιστή VPN. Το υπόμνημα πρέπει να αναφέρει την άμεση προσωρινή λύση (χρησιμοποιώντας μια εφεδρική σύνδεση παλαιού τύπου) και το προγραμματισμένο χρονοδιάγραμμα για την πλήρη αποκατάσταση.,"Όνομα εφεδρικής σύνδεσης: AlphaNet-Secure; Εκτιμώμενη Πλήρης Αποκατάσταση: 48 ώρες (Τετάρτη, 10 π.μ. PST)","ΥΠΟΜΝΗΜΑ

ΠΡΟΣ: Όλο το Προσωπικό της Εταιρείας
ΑΠΟ: [Όνομα CTO], Γενικός Τεχνικός Διευθυντής
ΗΜΕΡΟΜΗΝΙΑ: Δευτέρα, 28 Οκτωβρίου 2024
ΘΕΜΑ: Άμεση Ειδοποίηση: Βλάβη του Κύριου Εταιρικού Διακομιστή VPN και Προσωρινή Λύση

Αγαπητοί Συνάδελφοι,

Αυτή τη στιγμή αντιμετωπίζουμε μια απροσδόκητη και ολοκληρωτική διακοπή της λειτουργίας της υποδομής του κύριου εταιρικού μας διακομιστή VPN. Η ομάδα λειτουργιών δικτύου επιβεβαίωσε τη βλάβη στις 8:00 π.μ. PST σήμερα το πρωί. Αυτή η διακοπή εμποδίζει την απομακρυσμένη πρόσβαση σε εσωτερικούς πόρους, συμπεριλαμβανομένων των κοινόχρηστων δίσκων και των κρίσιμων πλατφορμών εφαρμογών.

**Άμεση Προσωρινή Λύση:**

Για να διασφαλίσουμε τη συνέχεια των λειτουργιών, ενεργοποιήσαμε την εφεδρική μας σύνδεση έκτακτης ανάγκης (legacy backup connection). Όλο το προσωπικό που χρειάζεται πρόσβαση VPN θα πρέπει να χρησιμοποιεί προσωρινά τη διαδρομή σύνδεσης **AlphaNet-Secure**. Λάβετε υπόψη ότι, παρόλο που αυτή η σύνδεση παλαιού τύπου είναι ασφαλής, η απόδοση ενδέχεται να είναι ελαφρώς μειωμένη λόγω περιορισμών χωρητικότητας. Λεπτομερείς οδηγίες για τη σύνδεση μέσω του AlphaNet-Secure έχουν σταλεί στα εταιρικά σας εισερχόμενα email.

**Χρονοδιάγραμμα Αποκατάστασης:**

Οι ομάδες μηχανικών μας εργάζονται όλο το εικοσιτετράωρο για τη διάγνωση και επισκευή των βασικών στοιχείων του διακομιστή. Με βάση την αρχική εκτίμηση, προβλέπουμε μια εκτιμώμενη πλήρη αποκατάσταση του κύριου συστήματος VPN εντός **48 ωρών**. Αναμένουμε το κύριο σύστημα να είναι πλήρως λειτουργικό έως την **Τετάρτη, 10:00 π.μ. PST**.

Εκτιμούμε την υπομονή και τη συνεργασία σας καθώς επιλύουμε αυτό το κρίσιμο ζήτημα υποδομής. Παρακαλούμε απευθύνετε τυχόν συγκεκριμένες ερωτήσεις συνδεσιμότητας στο Γραφείο Υποστήριξης Πληροφορικής (IT Helpdesk) αμέσως."
Περιγράψτε τις πέντε κατηγορίες της Κλίμακας Ανέμου Τυφώνων Σάφιρ-Σίμπσον και τις τυπικές ζημιές που σχετίζονται με κάθε κατηγορία.,,"Η Κλίμακα Σάφιρ-Σίμπσον κατατάσσει τους τυφώνες με βάση τις διαρκείς ταχύτητες ανέμου, από την Κατηγορία 1 (η χαμηλότερη ένταση) έως την Κατηγορία 5 (η υψηλότερη ένταση):

1) Κατηγορία 1 (74-95 mph): Πολύ επικίνδυνοι άνεμοι θα προκαλέσουν κάποιες ζημιές. Συνήθως περιλαμβάνει μικρές δομικές ζημιές και διακοπές ρεύματος που διαρκούν λίγες ημέρες.
2) Κατηγορία 2 (96-110 mph): Εξαιρετικά επικίνδυνοι άνεμοι θα προκαλέσουν εκτεταμένες ζημιές. Είναι πιθανές σημαντικές ζημιές σε στέγες και επενδύσεις· σχεδόν ολική απώλεια ρεύματος που διαρκεί αρκετές ημέρες έως εβδομάδες.
3) Κατηγορία 3 (111-129 mph): Θα προκληθούν καταστροφικές ζημιές. Καλοχτισμένα σπίτια θα υποστούν μεγάλες ζημιές ή καταστροφή. Αναμένονται εκτεταμένες διακοπές ρεύματος και έλλειψη νερού, πιθανώς διάρκειας εβδομάδων.
4) Κατηγορία 4 (130-156 mph): Θα προκληθεί καταστροφική ζημιά. Οι περισσότερες περιοχές θα καταστούν ακατοίκητες για εβδομάδες ή μήνες. Σοβαρή δομική αστοχία σε σπίτια, δέντρα σπασμένα ή ξεριζωμένα.
5) Κατηγορία 5 (157 mph ή υψηλότερη): Καταστροφική ζημιά. Ένα μεγάλο ποσοστό των σκελετωμένων σπιτιών θα καταστραφεί, με πλήρη αστοχία στέγης και κατάρρευση τοίχων. Το μεγαλύτερο μέρος της περιοχής θα απομονωθεί και οι υποδομές ηλεκτρικής ενέργειας θα καταστραφούν ολοσχερώς."
"Σύμφωνα με την παρεχόμενη περίληψη της αποστολής Apollo 11, ποιο ήταν το συνολικό βάρος του σεληνιακού υλικού που συλλέχθηκε για να μεταφερθεί πίσω στη Γη;","Το Apollo 11 ήταν η αμερικανική διαστημική πτήση που προσγείωσε για πρώτη φορά ανθρώπους στη Σελήνη. Ο κυβερνήτης Νιλ Άρμστρονγκ και ο πιλότος της σεληνάκατου Μπαζ Όλντριν προσγείωσαν τη Σεληνάκατο Απόλλων *Eagle* στις 20 Ιουλίου 1969, στις 20:17 UTC. Ο Άρμστρονγκ έγινε ο πρώτος άνθρωπος που πάτησε στη σεληνιακή επιφάνεια έξι ώρες αργότερα, στις 21 Ιουλίου, ακολουθούμενος 19 λεπτά αργότερα από τον Όλντριν. Πέρασαν περίπου δύο ώρες και ένα τέταρτο μαζί έξω από το διαστημόπλοιο, συλλέγοντας 47,5 λίβρες (21,5 κιλά) σεληνιακού υλικού για να το φέρουν πίσω στη Γη. Ο πιλότος της διαστημικής μονάδας Μάικλ Κόλινς παρέμεινε μόνος στη διαστημική μονάδα *Columbia* σε σεληνιακή τροχιά όσο εκείνοι βρίσκονταν στην επιφάνεια. Το Apollo 11 εκτοξεύτηκε από πύραυλο Saturn V από το Διαστημικό Κέντρο Κένεντι στις 16 Ιουλίου.","Οι αστροναύτες συνέλεξαν 47,5 λίβρες (21,5 κιλά) σεληνιακού υλικού."
Ορίστε τη Βιομηχανική Επανάσταση και περιγράψτε τον πρωταρχικό της αντίκτυπο.,,"Η Βιομηχανική Επανάσταση αναφέρεται στην περίοδο μεταξύ του 18ου και του 19ου αιώνα, όπου οι αγροτικές κοινωνίες στην Ευρώπη και την Αμερική έγιναν βιομηχανικές και αστικές. Αυτή η αλλαγή περιλάμβανε μαζική τεχνολογική καινοτομία, κυρίως τη μετάβαση από μεθόδους παραγωγής με το χέρι σε μηχανές, την εισαγωγή νέων πηγών ενέργειας όπως ο άνθρακας και ο ατμός, και την εφαρμογή του εργοστασιακού συστήματος. Ο πρωταρχικός αντίκτυπος ήταν η ταχεία αστικοποίηση, καθώς οι άνθρωποι μετακινήθηκαν στις πόλεις για εργασία σε εργοστάσια, η άνοδος μιας νέας μεσαίας τάξης και μιας εργατικής τάξης (προλεταριάτο), η αυξημένη μαζική παραγωγή αγαθών και σημαντικές αλλαγές στις υποδομές μεταφορών και επικοινωνιών."
Ποια είναι τα κύρια στοιχεία που υποδηλώνουν την ύπαρξη της Σκοτεινής Ύλης;,"Η Σκοτεινή Ύλη είναι μια υποθετική μορφή ύλης που πιστεύεται ότι αντιπροσωπεύει περίπου το 85% της ύλης στο σύμπαν. Δεν μπορεί να παρατηρηθεί άμεσα επειδή ούτε εκπέμπει ούτε αλληλεπιδρά με την ηλεκτρομαγνητική ακτινοβολία, όπως το φως, καθιστώντας την αόρατη στα συμβατικά τηλεσκόπια. Η ύπαρξή της συνάγεται αποκλειστικά από τις βαρυτικές επιδράσεις στην ορατή ύλη, την ακτινοβολία και τη μεγάλης κλίμακας δομή του σύμπαντος. Συγκεκριμένα, η ισχυρότερη απόδειξη προέρχεται από την παρατήρηση των καμπυλών περιστροφής των γαλαξιών. Οι γαλαξίες περιστρέφονται πολύ πιο γρήγορα από ό,τι θα επέτρεπε η ορατή ύλη που περιέχουν, με βάση την τυπική Νευτώνεια βαρύτητα. χωρίς μια πρόσθετη πηγή μάζας (σκοτεινή ύλη) που να παρέχει επιπλέον βαρύτητα, αυτοί οι γαλαξίες θα διαλύονταν. Πρόσθετα υποστηρικτικά στοιχεία περιλαμβάνουν τον βαρυτικό φακό (την κάμψη του φωτός γύρω από τεράστια, αόρατα αντικείμενα) και δεδομένα από την ακτινοβολία κοσμικής μικροκυματικής υποβάθρου (CMB).","Η ύπαρξη της Σκοτεινής Ύλης συνάγεται κυρίως από τις βαρυτικές της επιδράσεις. Τα ισχυρότερα στοιχεία είναι η παρατήρηση των καμπυλών περιστροφής των γαλαξιών. οι γαλαξίες περιστρέφονται τόσο γρήγορα που απαιτούν μια πρόσθετη, αόρατη μάζα (Σκοτεινή Ύλη) για να μην διαλυθούν. Άλλα στοιχεία περιλαμβάνουν τον βαρυτικό φακό και τις επιδράσεις που παρατηρούνται στην κοσμική μικροκυματική ακτινοβολία υποβάθρου."
"Με βάση το παρεχόμενο κείμενο, σε ποιους δύο διαφορετικούς επιστημονικούς τομείς κέρδισε η Μαρία Κιουρί βραβείο Νόμπελ;","Η Μαρία Σκουοντόφσκα Κιουρί ήταν Πολωνή και νατουραλιζέ-Γαλλίδα φυσικός και χημικός που διεξήγαγε πρωτοποριακή έρευνα στη ραδιενέργεια. Ήταν η πρώτη γυναίκα που κέρδισε βραβείο Νόμπελ, το πρώτο άτομο και η μοναδική γυναίκα που κέρδισε το βραβείο Νόμπελ δύο φορές, και το μόνο άτομο που κέρδισε το βραβείο Νόμπελ σε δύο διαφορετικούς επιστημονικούς τομείς. Μοιράστηκε το βραβείο Νόμπελ Φυσικής του 1903 με τον σύζυγό της Πιερ Κιουρί και τον φυσικό Ανρί Μπεκερέλ, και κέρδισε το βραβείο Νόμπελ Χημείας του 1911 μόνη της.",Φυσική και Χημεία
Πρέπει να αναμειγνύετε χλωρίνη και αμμωνία για καθαρισμό;,,"Οπωσδήποτε όχι. Η ανάμειξή τους δημιουργεί τοξικό αέριο χλωραμίνης, το οποίο μπορεί να προκαλέσει σοβαρή αναπνευστική βλάβη ή θάνατο."
Διαχωρίστε την παρακάτω λίστα γλωσσών προγραμματισμού σε δύο κατηγορίες: 'Μεταγλωττισμένες' και 'Διερμηνευόμενες'.,"Python, C++, Java, JavaScript, Ruby, Go, PHP, Assembly, Shell Script, Swift, R.","Οι Μεταγλωττισμένες γλώσσες περιλαμβάνουν: C++, Go, Assembly, Swift.
Οι Διερμηνευόμενες γλώσσες περιλαμβάνουν: Python, JavaScript, Ruby, PHP, R, Shell Script, Java."
Ποιος αστροναύτης παρέμεινε σε τροχιά εντός της μονάδας διακυβέρνησης ενώ οι άλλοι ήταν στο έδαφος κατά τη διάρκεια της αποστολής Απόλλων 11;,"Η αποστολή Απόλλων 11 ήταν η πρώτη διαστημική πτήση που προσγείωσε ανθρώπους στη Σελήνη. Ο κυβερνήτης Νιλ Άρμστρονγκ και ο πιλότος της σεληνάκατου Μπαζ Όλντριν προσγείωσαν τη σεληνάκατο *Eagle* του Απόλλωνα στις 20 Ιουλίου 1969. Ο Άρμστρονγκ έγινε ο πρώτος άνθρωπος που πάτησε στην επιφάνεια της Σελήνης έξι ώρες αργότερα, στις 21 Ιουλίου. Ο Μάικλ Κόλινς πέταξε τη μονάδα διακυβέρνησης *Columbia* μόνος του σε σεληνιακή τροχιά ενώ οι άλλοι ήταν στο έδαφος.",Μάικλ Κόλινς
Ποιος αρχιμηχανικός ήταν υπεύθυνος για την εγκαθίδρυση της απαραίτητης υποδομής κατά τη διάρκεια της κατασκευής της Διώρυγας του Παναμά;,"Η Διώρυγα του Παναμά άνοιξε το 1914, συνδέοντας τον Ατλαντικό Ωκεανό με τον Ειρηνικό Ωκεανό. Η προσπάθεια κατασκευής, που καθοδηγήθηκε κυρίως από τις Ηνωμένες Πολιτείες αφού απέτυχε η Γαλλία, διήρκεσε πάνω από 10 χρόνια. Στα βασικά πρόσωπα συγκαταλέγονταν ο Αρχιμηχανικός John Frank Stevens, ο οποίος εγκαθίδρυσε την απαραίτητη υποδομή, και ο George Washington Goethals, ο οποίος επέβλεψε τις τελικές φάσεις της εκσκαφής και της κατασκευής.",John Frank Stevens
Πόσες ημέρες παρέμεινε σε λειτουργία ο Σπούτνικ 1 και πότε τελικά κάηκε κατά την επανείσοδό του;,"Ο Σπούτνικ 1 ήταν ο πρώτος τεχνητός δορυφόρος της Γης. Η Σοβιετική Ένωση τον εκτόξευσε σε μια ελλειπτική χαμηλή γήινη τροχιά στις 4 Οκτωβρίου 1957. Ήταν μια γυαλισμένη μεταλλική σφαίρα, διαμέτρου 58 cm (23 ιντσών), με τέσσερις εξωτερικές κεραίες. Η αποστολή ήταν σχετικά απλή: ο δορυφόρος εξέπεμπε ηχητικούς ραδιοπαλμούς σε δύο συχνότητες (20.005 και 40.002 MHz) έως ότου οι μπαταρίες του εξαντλήθηκαν 21 ημέρες αργότερα, στις 26 Οκτωβρίου 1957. Παρέμεινε σε τροχιά για 92 ημέρες, διανύοντας 60 εκατομμύρια χλμ, προτού καεί κατά την επανείσοδό του πάνω από τον Ειρηνικό Ωκεανό στις 4 Ιανουαρίου 1958. Η επιτυχής εκτόξευσή του πυροδότησε τη Διαστημική Κούρσα μεταξύ των ΗΠΑ και της ΕΣΣΔ. Το έργο καθοδηγήθηκε από τον Σεργκέι Κορόλιοφ.",Ο Σπούτνικ 1 παρέμεινε σε λειτουργία για 21 ημέρες προτού εξαντληθούν οι μπαταρίες του. Κάηκε κατά την επανείσοδό του στις 4 Ιανουαρίου 1958.
"Αν ένα κόκκινο σπίτι είναι φτιαγμένο από κόκκινα τούβλα, και ένα μπλε σπίτι είναι φτιαγμένο από μπλε τούβλα, από τι είναι φτιαγμένο ένα θερμοκήπιο;",,"Γυαλί. Ο όρος «θερμοκήπιο» αναφέρεται σε μια κατασκευή σχεδιασμένη για την καλλιέργεια φυτών, και το όνομα περιγράφει τη λειτουργία του, όχι το χρώμα ή το υλικό των κύριων δομικών του στοιχείων."
"Με βάση το παρεχόμενο κείμενο, αναφέρετε τον ανακαλυφτή της πενικιλίνης, το έτος ανακάλυψης και τα ονόματα των επιστημόνων που ήταν υπεύθυνοι για τον καθαρισμό και τη μαζική παραγωγή της.","Η πενικιλίνη, ένα από τα πρώτα και πιο ευρέως χρησιμοποιούμενα αντιβιοτικά, ανακαλύφθηκε τυχαία από τον Σκωτσέζο ιατρό και μικροβιολόγο Αλεξάντερ Φλέμινγκ το 1928 στο Νοσοκομείο St Mary's του Λονδίνου. Μετά την επιστροφή του από διακοπές, ο Φλέμινγκ παρατήρησε έναν μύκητα, το Penicillium notatum, σε μια τρυβλίο Petri όπου καλλιεργούσε βακτήρια Σταφυλόκοκκου. Παρατήρησε ότι ο μύκητας ανέστειλε την ανάπτυξη των βακτηρίων, καταλήγοντας στο συμπέρασμα ότι παρήγαγε μια ουσία ικανή να σκοτώσει πολλούς επιβλαβείς μικροοργανισμούς. Ενώ η αρχική δουλειά του Φλέμινγκ έθεσε τα θεμέλια, το φάρμακο δεν καθαρίστηκε και δεν παρασκευάστηκε μαζικά παρά μόνο στις αρχές της δεκαετίας του 1940 από μια ομάδα επιστημόνων στο Πανεπιστήμιο της Οξφόρδης, με επικεφαλής τους Χάουαρντ Φλόρι και Ερνστ Τσέιν. Το έργο τους ήταν ζωτικής σημασίας για τη θεραπεία λοιμώξεων κατά τον Δεύτερο Παγκόσμιο Πόλεμο, οδηγώντας τους στο να μοιραστούν το Βραβείο Νόμπελ Φυσιολογίας ή Ιατρικής το 1945 μαζί με τον Φλέμινγκ.",Ο ανακαλυφτής της πενικιλίνης ήταν ο Αλεξάντερ Φλέμινγκ (1928). Οι επιστήμονες που ήταν υπεύθυνοι για τον καθαρισμό και τη μαζική παραγωγή της ήταν οι Χάουαρντ Φλόρι και Ερνστ Τσέιν.
Ποια είναι η πρωτεύουσα της Αυστραλίας;,,Καμπέρα
Εξηγήστε τη βασική διαδικασία της φωτοσύνθεσης.,,"Η φωτοσύνθεση είναι η διαδικασία που χρησιμοποιείται από τα φυτά, τα φύκια και ορισμένα βακτήρια για τη μετατροπή της φωτεινής ενέργειας, συνήθως από τον ήλιο, σε χημική ενέργεια (γλυκόζη) που τροφοδοτεί τις δραστηριότητες του οργανισμού. Η διαδικασία χρησιμοποιεί διοξείδιο του άνθρακα (CO2) και νερό (H2O) ως εισόδους. Η χλωροφύλλη, η πράσινη χρωστική των φυτών, απορροφά το φως του ήλιου, ξεκινώντας μια χημική αντίδραση που απελευθερώνει οξυγόνο (O2) ως παραπροϊόν και δημιουργεί σάκχαρα."
Περιγράψτε τα χαρακτηριστικά και τη σημασία της Dracaena cinnabari.,"Η Dracaena cinnabari, γνωστή κοινώς ως Δέντρο του Δράκου της Σοκότρα ή Δέντρο του Αίματος του Δράκου, είναι ένα είδος δέντρου του δράκου που είναι ενδημικό στο αρχιπέλαγος της Σοκότρα, μέρος της Υεμένης. Είναι το πιο διάσημο και διακριτικό φυτό του νησιού. Το δέντρο έχει μια μοναδική και παράξενη εμφάνιση, με έναν όρθιο κορμό και μια πυκνά συσκευασμένη, ομπρελοειδή κόμη. Όταν κόβεται ο φλοιός, αναβλύζει μια βαθιά κόκκινη ρητίνη, γνωστή ως «αίμα του δράκου», η οποία χρησιμοποιείται από την αρχαιότητα ως βαφή και φάρμακο. Λόγω της υπερβόσκησης και της κλιματικής αλλαγής, το είδος θεωρείται ευάλωτο και ο πληθυσμός του μειώνεται.","Η Dracaena cinnabari, γνωστή κοινώς ως Δέντρο του Δράκου της Σοκότρα ή Δέντρο του Αίματος του Δράκου, είναι ένα είδος δέντρου του δράκου που είναι ενδημικό στο αρχιπέλαγος της Σοκότρα, μέρος της Υεμένης. Είναι το πιο διάσημο και διακριτικό φυτό του νησιού. 
Το δέντρο έχει μια μοναδική και παράξενη εμφάνιση, με έναν όρθιο κορμό και μια πυκνά συσκευασμένη, ομπρελοειδή κόμη. Όταν κόβεται ο φλοιός, αναβλύζει μια βαθιά κόκκινη ρητίνη, γνωστή ως «αίμα του δράκου», η οποία χρησιμοποιείται από την αρχαιότητα ως βαφή και φάρμακο. Λόγω της υπερβόσκησης και της κλιματικής αλλαγής, το είδος θεωρείται ευάλωτο και ο πληθυσμός του μειώνεται."
"Ταξινομήστε τα ακόλουθα υλικά ως είτε Φυσικά είτε Συνθετικά: Νάιλον, Βαμβάκι",,"Το Βαμβάκι είναι Φυσικό, και το Νάιλον είναι Συνθετικό."
"Επαναδιατυπώστε την ακόλουθη πρόταση ώστε να είναι πιο επίσημη και ακαδημαϊκή, εστιάζοντας στην ακρίβεια και αποφεύγοντας τους λαϊκισμούς.",Το νέο «widget» λειτουργεί αρκετά καλά και κάπως άλλαξε τον τρόπο που κάνουμε πράγματα στο γραφείο.,"Ο πρόσφατα εισαχθείς μηχανισμός επιδεικνύει υψηλή αποτελεσματικότητα, τροποποιώντας ουσιαστικά τις επιχειρησιακές διαδικασίες εντός του οργανωτικού περιβάλλοντος."
Περιγράψτε τα 5 βασικά στοιχεία που πρέπει να περιέχει κάθε επαγγελματικό κρύο email.,,"Τα 5 βασικά στοιχεία για ένα επαγγελματικό κρύο email είναι:
1. Μια Ελκυστική Γραμμή Θέματος: Πρέπει να είναι σύντομη, σχετική και να προκαλεί περιέργεια, ώστε να διασφαλίζεται το άνοιγμα του email.
2. Μια Εξατομικευμένη Εισαγωγή/Αγκίστρι: Δείξτε ότι έχετε κάνει έρευνα για τον παραλήπτη ή την εταιρεία του για να καθιερώσετε άμεση συνάφεια και να αποφύγετε να ακούγεστε γενικός.
3. Μια Σαφής Πρόταση Αξίας: Εκφράστε αμέσως το όφελος που προσφέρει το προϊόν ή η υπηρεσία σας στον παραλήπτη. Εστιάστε στα προβλήματα τους (pain points) και όχι μόνο στα χαρακτηριστικά σας.
4. Μια Συγκεκριμένη Παρότρυνση για Δράση (CTA): Καθορίστε σαφώς το μόνο επόμενο βήμα που θέλετε να κάνει ο παραλήπτης (π.χ., 'Είστε διαθέσιμος για μια 15λεπτη συζήτηση την επόμενη Πέμπτη;').
5. Ένα Επαγγελματικό Μπλοκ Υπογραφής: Συμπεριλάβετε το πλήρες όνομά σας, τον τίτλο, το όνομα της εταιρείας και τα κύρια στοιχεία επικοινωνίας σας."
"Εξηγήστε την κύρια διαφορά μεταξύ του Διαδικτύου και του Παγκόσμιου Ιστού (World Wide Web), βασιζόμενοι αποκλειστικά στο παρεχόμενο κείμενο.","Το θεμελιώδες παγκόσμιο σύστημα διασυνδεδεμένων δικτύων υπολογιστών αναφέρεται συνήθως ως Διαδίκτυο (Internet). Είναι μια τεράστια υποδομή δικτύου, μια φυσική και λογική αγωγός που υποστηρίζει τη συνδεσιμότητα. Ωστόσο, ο Παγκόσμιος Ιστός (World Wide Web - WWW) συχνά χρησιμοποιείται λανθασμένα ως συνώνυμο του Διαδικτύου. Ο WWW, που εφευρέθηκε από τον Tim Berners-Lee το 1989, είναι στην πραγματικότητα ένα μοντέλο κοινής χρήσης πληροφοριών που είναι χτισμένο πάνω στην υποδομή του Διαδικτύου. Χρησιμοποιεί πρωτόκολλα όπως το HTTP για την πρόσβαση σε διασυνδεδεμένα έγγραφα και άλλους πόρους μέσω προγραμμάτων περιήγησης ιστού. Έτσι, το Διαδίκτυο είναι ο φυσικός αγωγός (pipeline), ενώ ο WWW είναι το σύστημα περιεχομένου και επικοινωνίας που ρέει μέσω αυτού του αγωγού.","Το Διαδίκτυο είναι η θεμελιώδης παγκόσμια υποδομή δικτύου ή ο «φυσικός αγωγός» (physical pipeline), ο οποίος παρέχει συνδεσιμότητα. Ο Παγκόσμιος Ιστός (WWW) είναι ένα μοντέλο κοινής χρήσης πληροφοριών, που χρησιμοποιεί πρωτόκολλα όπως το HTTP, χτισμένο πάνω στην υποδομή του Διαδικτύου, λειτουργώντας ως το σύστημα περιεχομένου και επικοινωνίας που ρέει μέσω του αγωγού."
Πότε δημοσίευσε ο Τιμ Μπέρνερς-Λι την πρόταση για τον Παγκόσμιο Ιστό;,"Ο Παγκόσμιος Ιστός (WWW) εφευρέθηκε από τον Βρετανό επιστήμονα υπολογιστών Τιμ Μπέρνερς-Λι ενώ εργαζόταν στο CERN στην Ελβετία. Ανέπτυξε τις αρχικές προδιαγραφές για HTML, HTTP και URL. Η πρώτη επιτυχημένη επικοινωνία μεταξύ ενός πελάτη και ενός διακομιστή HTTP μέσω του διαδικτύου έλαβε χώρα στα τέλη του 1990. Ο Μπέρνερς-Λι δημοσίευσε την πρόταση για τον WWW τον Μάρτιο του 1989.",Μάρτιος 1989
Ορίστε τον όρο «Αρχή του Παρέτο» και εξηγήστε την κοινή εφαρμογή του στη διοίκηση επιχειρήσεων. Κρατήστε τον ορισμό συνοπτικό.,,"Η Αρχή του Παρέτο, που συχνά ονομάζεται Κανόνας 80/20, δηλώνει ότι, για πολλά αποτελέσματα, περίπου το 80% των συνεπειών προέρχεται από το 20% των αιτιών (τους «ζωτικούς λίγους»). Στη διοίκηση επιχειρήσεων, αυτή η αρχή εφαρμόζεται ευρέως στην ανάλυση πελατών και την παραγωγικότητα. Για παράδειγμα, μια εταιρεία συχνά διαπιστώνει ότι το 80% των εσόδων της παράγεται από μόλις το 20% του πελατολογίου της, ή ότι το 80% των σφαλμάτων λογισμικού προκαλείται από το 20% των ενοτήτων κώδικα."
Ποιος είναι ο καλύτερος τρόπος για να ξεκινήσει κάποιος να μαθαίνει Python ως αρχάριος χωρίς προηγούμενη εμπειρία στον προγραμματισμό;,,"Ξεκινήστε εγκαθιστώντας την τελευταία έκδοση της Python και ρυθμίζοντας ένα Ολοκληρωμένο Περιβάλλον Ανάπτυξης (IDE) όπως το VS Code ή το PyCharm. Εστιάστε αρχικά στην εκμάθηση των βασικών εννοιών: μεταβλητές, βασικές δομές δεδομένων (λίστες, λεξικά, πλειάδες), έλεγχος ροής (δηλώσεις if/else, βρόχοι) και ορισμός συναρτήσεων. Ένας ιδιαίτερα συνιστώμενος πόρος είναι το επίσημο εκπαιδευτικό υλικό τεκμηρίωσης της Python ή δωρεάν διαδικτυακά μαθήματα όπως αυτά που προσφέρονται από το edX ή το Coursera. Μόλις κατανοήσετε τα βασικά, περάστε αμέσως σε μικρά, πρακτικά έργα, όπως η κατασκευή ενός αριθμομηχανή γραμμής εντολών ή ενός απλού αναλυτή κειμένου, για να παγιώσετε τις δεξιότητές σας."
"Ποιες είναι οι βασικές λειτουργίες και τα μοναδικά χαρακτηριστικά των μιτοχονδρίων, σύμφωνα με το κείμενο;","Τα μιτοχόνδρια συχνά αποκαλούνται οι «ενεργειακοί σταθμοί» του κυττάρου. Είναι υπεύθυνα για την παραγωγή του μεγαλύτερου μέρους του τριφωσφορικού αδενοσίνης (ATP) του κυττάρου, το οποίο χρησιμοποιείται ως πηγή χημικής ενέργειας. Αυτή η κρίσιμη διαδικασία, γνωστή ως κυτταρική αναπνοή, λαμβάνει χώρα κυρίως στην εσωτερική μεμβράνη. Αν και το μεγαλύτερο μέρος του DNA που είναι απαραίτητο για την κυτταρική λειτουργία βρίσκεται στον πυρήνα του κυττάρου, τα μιτοχόνδρια διαθέτουν το δικό τους μικρό, κυκλικό DNA (mtDNA) και αναπαράγονται ανεξάρτητα. Ένα τυπικό ανθρώπινο ηπατικό κύτταρο μπορεί να περιέχει μεταξύ 1.000 και 2.000 μιτοχονδρίων.","Τα μιτοχόνδρια είναι υπεύθυνα για την παραγωγή του μεγαλύτερου μέρους του ATP (χημικής ενέργειας) του κυττάρου μέσω της κυτταρικής αναπνοής, δίνοντάς τους το παρατσούκλι «ενεργειακοί σταθμοί του κυττάρου». Τα μοναδικά τους χαρακτηριστικά περιλαμβάνουν την κατοχή του δικού τους μικρού, κυκλικού DNA (mtDNA) και την ανεξάρτητη αναπαραγωγή τους."
Ποιος θεωρείται ο πατέρας της σύγχρονης οικονομίας;,,Άνταμ Σμιθ
Ποια είναι η βασική διαφορά μεταξύ της εποπτευόμενης και της μη εποπτευόμενης μηχανικής μάθησης;,,"Η εποπτευόμενη μάθηση βασίζεται σε επισημασμένα δεδομένα εκπαίδευσης, πράγμα που σημαίνει ότι τα δεδομένα εισόδου έχουν ήδη συσχετιστεί με την επιθυμητή έξοδο (π.χ., ταξινόμηση εικόνων με ετικέτα 'γάτα' ή 'σκύλος'). Ο αλγόριθμος μαθαίνει μια συνάρτηση χαρτογράφησης από την είσοδο στην έξοδο. Αντίθετα, η μη εποπτευόμενη μάθηση χρησιμοποιεί μη επισημασμένα δεδομένα. Οι αλγόριθμοι πρέπει να συμπεράνουν δομή ή μοτίβα μέσα στα δεδομένα χωρίς προηγούμενη καθοδήγηση, χρησιμοποιούμενοι συχνά για εργασίες όπως ομαδοποίηση, συσχέτιση ή μείωση διαστάσεων. Η βασική διαφορά είναι η παρουσία ή απουσία μεταβλητών στόχου ή προκαθορισμένων απαντήσεων στο σύνολο εκπαίδευσης."
Ποιο είναι το χημικό σύμβολο για το στοιχείο μόλυβδος;,,Pb
Ποιος είναι ο χημικός τύπος του νερού;,,H₂O
Ποιος είναι ο εκτιμώμενος πληθυσμός του Ώστιν το 2021;,"Από το 2021, το Ώστιν είχε εκτιμώμενο πληθυσμό 964.177 κατοίκους, αυξημένος από τους 961.855 στην απογραφή του 2020. Η πόλη είναι το πολιτιστικό και οικονομικό κέντρο της μητροπολιτικής στατιστικής περιοχής Ώστιν–Ράουντ Ροκ, η οποία είχε εκτιμώμενο πληθυσμό 2.295.303 κατοίκους την 1η Ιουλίου 2020, μια αύξηση περίπου 84% από το έτος 2000. Βρίσκεται στο Κεντρικό Τέξας, εντός της ευρύτερης περιοχής Texas Hill Country, και φιλοξενεί πολλές λίμνες, ποτάμια και υδάτινες οδούς, συμπεριλαμβανομένων των Lady Bird Lake και Lake Travis στον ποταμό Κολοράντο, των Barton Springs, McKinney Falls και Lake Walter E. Long.",964177
Υπάρχουν ήδη εμπορικά διαθέσιμα αυτοκίνητα που είναι πλήρως αυτόνομα Επιπέδου 5;,,"Όχι. Από τα μέσα του 2024, κανένας κατασκευαστής αυτοκινήτων δεν έχει κυκλοφορήσει όχημα ικανό για αληθινή αυτονομία Επιπέδου 5 (L5). Το L5 συνεπάγεται ότι το όχημα μπορεί να λειτουργεί με ασφάλεια σε οποιοδήποτε περιβάλλον, υπό οποιεσδήποτε καιρικές συνθήκες, χωρίς ανθρώπινη παρέμβαση. Ενώ αρκετές εταιρείες προσφέρουν προηγμένα συστήματα Επιπέδου 3 (L3), και ορισμένες δοκιμάζουν περιορισμένα συστήματα Επιπέδου 4 (L4) (τα οποία λειτουργούν μόνο εντός καθορισμένων γεωγραφικών περιοχών), τα τεχνολογικά και νομικά εμπόδια για το γενικευμένο L5 παραμένουν σημαντικά."
"Πριν δημιουργήσει τον χαρακτήρα Τζέιμς Μποντ, ποιο ρόλο κατείχε ο συγγραφέας Ίαν Φλέμινγκ κατά τον Β' Παγκόσμιο Πόλεμο;",,"Ο Ίαν Φλέμινγκ υπηρέτησε ως προσωπικός βοηθός του Διευθυντή Ναυτικών Πληροφοριών (DNI), Ναυάρχου Τζον Γκόντφρεϊ, στο Εθελοντικό Εφεδρικό του Βρετανικού Βασιλικού Ναυτικού. Συμμετείχε ενεργά στον σχεδιασμό επιχειρήσεων πληροφοριών, οι οποίες αργότερα ενέπνευσαν στοιχεία των μυθιστορημάτων του Τζέιμς Μποντ."
"Αντικαταστήστε τη λέξη ""bright"" με τη λέξη ""dull"" και αλλάξτε τη φράση ""I ran"" σε ""We walked""","Ο καιρός ήταν φωτεινός χθες, οπότε έτρεξα στην αγορά γρήγορα.","Ο καιρός ήταν άτονος χθες, οπότε Περπατήσαμε στην αγορά γρήγορα."
Ποιο είναι το μεγαλύτερο φεγγάρι του Κρόνου; Τιτάνας ή Τρίτωνας,,Τιτάνας
Γιατί το φως επιβραδύνεται όταν εισέρχεται στο γυαλί;,"Το φως είναι ένα ηλεκτρομαγνητικό κύμα. Όταν ταξιδεύει στο κενό, κινείται με τη μέγιστη ταχύτητά του, c. Το γυαλί αποτελείται από άτομα και μόρια. Το φως αλληλεπιδρά με τα ηλεκτρικά πεδία αυτών των σωματιδίων, προκαλώντας σταθερές καθυστερήσεις απορρόφησης και επανεκπομπής, επιβραδύνοντας την αποτελεσματική ταχύτητα του μετώπου του κύματος.","Το φως αλληλεπιδρά με τα ηλεκτρικά πεδία των ατόμων και των μορίων στο γυαλί, προκαλώντας σταθερές καθυστερήσεις απορρόφησης και επανεκπομπής, οι οποίες επιβραδύνουν την αποτελεσματική ταχύτητα του μετώπου του κύματος."
"Κατατάξτε τις ακόλουθες λέξεις και φράσεις σύμφωνα με το κύριο μέρος του λόγου τους: running, beautifully, computer, quickly, jump, large, decision, analyze, often, red, success, write.",,"Ουσιαστικό: υπολογιστής, απόφαση, επιτυχία

Ρήμα: τρέξιμο, πήδημα, αναλύω, γράφω

Επίθετο: μεγάλος, κόκκινος

Επίρρημα: όμορφα, γρήγορα, συχνά"
Εξηγήστε τις βασικές αρχές της μεθοδολογίας Agile και πώς διαφέρει από την ανάπτυξη Waterfall.,,"Η μεθοδολογία Agile επικεντρώνεται σε τέσσερις βασικές αξίες που περιγράφονται στο Μανιφέστο του Agile: Άτομα και αλληλεπιδράσεις πάνω από διαδικασίες και εργαλεία. Λειτουργικό λογισμικό πάνω από εκτενή τεκμηρίωση. Συνεργασία με τον πελάτη πάνω από διαπραγμάτευση συμβολαίου. και Ανταπόκριση στην αλλαγή πάνω από την τήρηση ενός σχεδίου. Αυτές οι αξίες οδηγούν την ανάπτυξη μέσω σύντομων, επαναληπτικών κύκλων που ονομάζονται Sprints, οι οποίοι διαρκούν συνήθως δύο έως τέσσερις εβδομάδες, επιτρέποντας συχνή επιθεώρηση και προσαρμογή. Η βασική διαφορά από το Waterfall είναι ότι το Waterfall είναι μια γραμμική, διαδοχική διαδικασία σχεδιασμού όπου η ανάπτυξη ρέει προς τα κάτω (όπως ένας καταρράκτης) μέσω φάσεων όπως Απαιτήσεις, Σχεδιασμός, Υλοποίηση, Επαλήθευση και Συντήρηση. Οι απαιτήσεις καθορίζονται εξαρχής. Το Agile, αντίθετα, υιοθετεί τις αναδυόμενες απαιτήσεις, εκτιμά τους συνεχείς βρόχους ανατροφοδότησης και δίνει προτεραιότητα στη συχνή παράδοση χρήσιμων τμημάτων λειτουργικού προϊόντος, καθιστώντας το εξαιρετικά προσαρμόσιμο στις αλλαγές των αναγκών της αγοράς."
"Δημιουργία ενός δομημένου, 12μηνου προγράμματος ανάγνωσης για να με εισαγάγει στα κύρια υποείδη και τους συγγραφείς της Επιστημονικής Φαντασίας.",,"Μήνας 1: Θεμέλια της Χρυσής Εποχής
- Εστίαση: Αίσθηση Θαύματος, Εξερεύνηση, Ρομποτική
- Βασικό Έργο: *Εγώ, το Ρομπότ* (Isaac Asimov). Στόχος μήκους: 300 σελίδες.
- Υποείδος: Σκληρή ΕΦ (Πρώιμη)

Μήνας 2: Σπέις Όπερα & Επική Κλίμακα
- Εστίαση: Γαλαξιακές αυτοκρατορίες, σύγκρουση υψηλού κινδύνου
- Βασικό Έργο: *Dune* (Frank Herbert). Στόχος μήκους: 600 σελίδες.
- Υποείδος: Οικολογική ΕΦ, Σπέις Όπερα

Μήνας 3: Πρώιμη Δυστοπία & Κοινωνικός Σχολιασμός
- Εστίαση: Ολοκληρωτικός έλεγχος, αφηγήσεις προειδοποίησης
- Βασικό Έργο: *Θαυμαστός Καινούργιος Κόσμος* (Aldous Huxley). Στόχος μήκους: 250 σελίδες.
- Υποείδος: Δυστοπικό

Μήνας 4: Σκληρή ΕΦ & Επιστημονικός Ρεαλισμός
- Εστίαση: Αστροφυσικές έννοιες, λεπτομερής τεχνολογία
- Βασικό Έργο: *Επαφή* (Carl Sagan). Στόχος μήκους: 450 σελίδες.
- Υποείδος: Σκληρή ΕΦ

Μήνας 5: Cyberpunk (Σάιμπερπανκ)
- Εστίαση: «Υψηλή Τεχνολογία, Χαμηλή Ζωή», συνείδηση, εικονική πραγματικότητα
- Βασικό Έργο: *Neuromancer* (William Gibson). Στόχος μήκους: 350 σελίδες.
- Υποείδος: Cyberpunk (Σάιμπερπανκ)

Μήνας 6: Νέο Κύμα & Κοινωνιολογική ΕΦ
- Εστίαση: Λογοτεχνικό ύφος, ρόλοι φύλου, κοινωνικές νόρμες
- Βασικό Έργο: *Το Αριστερό Χέρι του Σκότους* (Ursula K. Le Guin). Στόχος μήκους: 300 σελίδες.
- Υποείδος: Φεμινιστική ΕΦ, Κοινωνική ΕΦ

Μήνας 7: Πλανητικό Ρομάντζο & Εξερεύνηση
- Εστίαση: Περιπέτεια σε εξωγήινους κόσμους, μη ανθρώπινοι πολιτισμοί
- Βασικό Έργο: *Μια Πριγκίπισσα στον Άρη* (Edgar Rice Burroughs). Στόχος μήκους: 200 σελίδες (Κλασικό).
- Υποείδος: Πλανητικό Ρομάντζο

Μήνας 8: Εναλλακτική Ιστορία & P. K. Dick
- Εστίαση: Στρέβλωση της πραγματικότητας, αποκλίνουσες χρονογραμμές
- Βασικό Έργο: *Ο Άνθρωπος στο Ψηλό Κάστρο* (Philip K. Dick). Στόχος μήκους: 250 σελίδες.
- Υποείδος: Εναλλακτική Ιστορία

Μήνας 9: Μετα-αποκαλυπτικό & Επιβίωση
- Εστίαση: Κατάρρευση του πολιτισμού, ανθρώπινη επιμονή
- Βασικό Έργο: *Ο Δρόμος* (Cormac McCarthy). Στόχος μήκους: 280 σελίδες.
- Υποείδος: Μετα-αποκαλυπτικό

Μήνας 10: Αφροφουτουρισμός & Πολιτισμική Εικασία
- Εστίαση: Διασταύρωση Μαύρης κουλτούρας, τεχνολογίας και απελευθέρωσης
- Βασικό Έργο: *Binti* (Nnedi Okorafor) (Τριλογία νουβελών). Συνολικός στόχος μήκους: 280 σελίδες.
- Υποείδος: Αφροφουτουρισμός

Μήνας 11: Σύγχρονος Τρόμος/Biopunk (Βιοπάνκ)
- Εστίαση: Βιολογική μηχανική, τροποποίηση σώματος, απόκοσμη φύση
- Βασικό Έργο: *Annihilation* (Jeff VanderMeer). Στόχος μήκους: 200 σελίδες.
- Υποείδος: Biopunk (Βιοπάνκ), Νέα Παραδοξότητα (New Weird)

Μήνας 12: Ταξίδι στο Χρόνο & Παράδοξο
- Εστίαση: Αιτιότητα, χειραγώγηση του παρελθόντος/μέλλοντος
- Βασικό Έργο: *Συγγενείς Ψυχές* (*Kindred*) (Octavia E. Butler). Στόχος μήκους: 260 σελίδες.
- Υποείδος: Ταξίδι στο Χρόνο, Κοινωνική ΕΦ"
"Ποια σκάφη ή άτομα έχουν φτάσει επιτυχώς στον πυθμένα της Αβύσσου Τσάλεντζερ, σύμφωνα με το κείμενο;","Η Τάφρος των Μαριανών είναι η βαθύτερη ωκεάνια τάφρος στη Γη. Βρίσκεται στον δυτικό Ειρηνικό Ωκεανό, περίπου 200 χιλιόμετρα ανατολικά των Νήσων Μαριάνες. Η τάφρος έχει σχήμα ημισελήνου και έχει μήκος περίπου 2.550 χιλιόμετρα (1.580 μίλια) και πλάτος 69 χιλιόμετρα (43 μίλια). Το μέγιστο γνωστό βάθος είναι 10.984 μέτρα (36.037 πόδια) στο νότιο άκρο, γνωστό ως Άβυσσος Τσάλεντζερ. Για αναφορά, αν το Όρος Έβερεστ τοποθετούνταν στην Άβυσσο Τσάλεντζερ, η κορυφή του θα ήταν ακόμα πάνω από ένα μίλι κάτω από την επιφάνεια. Μόνο τέσσερις αποστολές έχουν φτάσει επιτυχώς στον πυθμένα της Αβύσσου Τσάλεντζερ: η πρώτη ήταν το βαθυκάφος Τεργέστη (Trieste) το 1960, ακολουθούμενη από το τηλεχειριζόμενο όχημα Kaikō το 1996, το υβριδικό όχημα Nereus το 2009, και πιο πρόσφατα, η ατομική κατάδυση του Τζέιμς Κάμερον στο Deepsea Challenger το 2012.","Οι επιτυχημένες αποστολές που αναφέρθηκαν ήταν το βαθυκάφος Τεργέστη (Trieste) (1960), το τηλεχειριζόμενο όχημα Kaikō (1996), το υβριδικό όχημα Nereus (2009), και η ατομική κατάδυση του Τζέιμς Κάμερον στο Deepsea Challenger (2012)."
"Περιγράψτε την αίσθηση της απόλυτης μοναξιάς σε ένα απέραντο, φυσικό περιβάλλον.",,"Η μοναξιά στη φύση δεν είναι απλώς η απουσία ανθρώπων· είναι η απόλυτη παρουσία όλων των άλλων. Ξεκινά ως μια ακουστική εμπειρία—η σιωπή αντηχεί τόσο δυνατά στα αυτιά σου που αρχίζεις να διακρίνεις τον διακριτικό, υποβόσκοντα βόμβο του κόσμου: τον ψίθυρο του ανέμου μέσα από τις πευκοβελόνες, την κοκκώδη μετατόπιση της άμμου κάτω από έναν βράχο, τον μακρινό, ρυθμικό παλμό ενός αργά κινούμενου ποταμού. Υπάρχει ένα αρχικό, βαθύ σοκ ευαλωτότητας, μια ξαφνική συνειδητοποίηση της βιολογικής σου μικρότητας απέναντι στην αδιαφορία της αρχαίας γεωλογίας. Αλλά αυτός ο φόβος γρήγορα μετατρέπεται σε μια απελευθερωτική διαύγεια. Το μυαλό σου αποβάλλει τις ασήμαντες ανησυχίες της ανθρώπινης αλληλεπίδρασης—τις επιτηδευμένες μάσκες, τις ατελείωτες διαπραγματεύσεις—και επικεντρώνεται καθαρά στην αίσθηση. Ο αέρας μυρίζει έντονα και καθαρά, μεταφέροντας το άρωμα της υγρής γης και των αποσυντιθέμενων φύλλων. Ο ήλιος, αφιλτράριστος από την αιθαλομίχλη της πόλης, μοιάζει ειλικρινής και ζεστός στο δέρμα σου. Συνειδητοποιείς ότι η σημασία σου δεν βρίσκεται σε σχέση με τους άλλους, αλλά στην προσωρινή, τέλεια ενσωμάτωσή σου στο οικοσύστημα. Για εκείνη τη σύντομη περίοδο, είσαι απλώς μια βιολογική διαδικασία που παρατηρεί άλλες βιολογικές διαδικασίες, απογυμνωμένη σε καθαρή συνείδηση, νιώθοντας ταυτόχρονα τελείως μόνος και εντελώς, αμετάκλητα συνδεδεμένος με τα πάντα."
Ο νεροχύτης της κουζίνας μου έχει βουλώσει τελείως και δεν στραγγίζει. Ποιοι είναι οι καλύτεροι τρόποι να τον ξεβουλώσω χωρίς να καλέσω αμέσως υδραυλικό;,,"Έχετε διάφορες επιλογές πριν καταφύγετε σε επαγγελματία.

1. **Βραστό Νερό:** Το να ρίξετε αργά μια βραστήρα γεμάτη βραστό νερό στην αποχέτευση μπορεί συχνά να διαλύσει λίπη ή ήπιες βουλώματα. Επαναλάβετε αυτό μερικές φορές.

2. **Η Βεντούζα:** Εάν το βραστό νερό αποτύχει, χρησιμοποιήστε μια μικρή βεντούζα. Γεμίστε το νεροχύτη με αρκετό νερό για να καλύψει την κεφαλή της βεντούζας, δημιουργήστε μια σφιχτή στεγανοποίηση πάνω από την αποχέτευση και κάντε έντονες αναρροφήσεις για 20-30 δευτερόλεπτα.

3. **Μαγειρική Σόδα και Ξύδι:** Ρίξτε 1/2 φλιτζάνι μαγειρική σόδα, ακολουθούμενο από 1 φλιτζάνι λευκό ξύδι, στην αποχέτευση. Καλύψτε αμέσως την αποχέτευση με ένα πώμα για να συγκρατήσετε την αντίδραση του αφρισμού. Αφήστε το να δράσει για 30 λεπτά και μετά ξεπλύνετε με πολύ ζεστό νερό.

4. **Ελέγξτε το Σιφώνι (P-Trap):** Εάν το βούλωμα επιμένει, η απόφραξη μπορεί να βρίσκεται στο σιφώνι (ο καμπύλος σωλήνας κάτω από το νεροχύτη). Τοποθετήστε έναν κουβά από κάτω, χρησιμοποιήστε ένα κλειδί για να χαλαρώσετε τα παξιμάδια ολίσθησης στο σιφώνι και αφαιρέστε χειροκίνητα τυχόν υπολείμματα μέσα. Βεβαιωθείτε ότι το επανασυναρμολογείτε σφιχτά για να αποφύγετε διαρροές."
Ορίστε τον όρο 'το βροντερό παιχνίδι' και εξηγήστε την προέλευσή του στο πλαίσιο του Κέρλινγκ.,"Το Κέρλινγκ, συχνά γνωστό ως «το βροντερό παιχνίδι», είναι ένα άθλημα στο οποίο οι παίκτες γλιστρούν πέτρες σε μια επιφάνεια πάγου προς μια περιοχή στόχο που χωρίζεται σε τέσσερις ομόκεντρους κύκλους. Προήλθε από τη μεσαιωνική Σκωτία. Το παρατσούκλι, «το βροντερό παιχνίδι», προέρχεται από τον δυνατό βουητό ήχο που κάνουν οι πέτρες γρανίτη βάρους 40 λιρών καθώς γλιστρούν στην επιφάνεια του παγωμένου πάγου.","Το «βροντερό παιχνίδι» είναι ένα κοινό παρατσούκλι για το Κέρλινγκ. Το όνομα προήλθε λόγω του δυνατού, βουητού ήχου που παράγεται από τις πέτρες γρανίτη βάρους 40 λιρών καθώς αυτές γλιστρούν στην επιφάνεια του παγωμένου πάγου κατά τη διάρκεια του αγώνα."
"Κατατάξτε τα ακόλουθα στοιχεία με βάση τη φυσική τους κατάσταση σε κανονική θερμοκρασία και πίεση (STP): Στερεό, Υγρό ή Αέριο. Τα στοιχεία είναι: Οξυγόνο, Βρώμιο, Χρυσός, Υδράργυρος, Νέον, Θείο.",,"Στερεό: Χρυσός, Θείο.
Υγρό: Βρώμιο, Υδράργυρος.
Αέριο: Οξυγόνο, Νέον."
Πότε κατασκευάστηκε ο Πύργος του Άιφελ και ποιος ήταν ο αρχικός του σκοπός;,,"Η κατασκευή του Πύργου του Άιφελ ξεκίνησε το 1887 και ολοκληρώθηκε το 1889, ακριβώς εγκαίρως για την Παγκόσμια Έκθεση του 1889 (Exposition Universelle). Ο αρχικός του σκοπός ήταν να χρησιμεύσει ως αψίδα εισόδου στην έκθεση και να αποτελέσει μια προσωρινή επίδειξη της βιομηχανικής υπεροχής της Γαλλίας. Αν και αρχικά είχε προγραμματιστεί να αποσυναρμολογηθεί 20 χρόνια αργότερα, τελικά σώθηκε λόγω της αξίας του ως ραδιοτηλεγραφικός σταθμός."
Ορίστε έναν αλγόριθμο και δώστε ένα κοινό παράδειγμα εφαρμογής του στη σύγχρονη τεχνολογία.,,"Ένας αλγόριθμος είναι μια πεπερασμένη ακολουθία καλά καθορισμένων εντολών που μπορούν να υλοποιηθούν από υπολογιστή, συνήθως για την επίλυση μιας κατηγορίας προβλημάτων ή την εκτέλεση ενός υπολογισμού. Ουσιαστικά, είναι μια βήμα προς βήμα διαδικασία για υπολογισμούς. Μια κοινή εφαρμογή είναι τα συστήματα πλοήγησης GPS. Όταν εισάγετε έναν προορισμό, το GPS χρησιμοποιεί αλγορίθμους δρομολόγησης (όπως ο αλγόριθμος του Dijkstra ή η αναζήτηση A*) για να υπολογίσει την ταχύτερη ή συντομότερη διαδρομή αξιολογώντας διαφορετικές πιθανές διαδρομές, κόμβους (διασταυρώσεις) και βάρη ακμών (χρόνος ή απόσταση ταξιδιού)."
Πώς ανιχνεύουν τα σύγχρονα φανάρια πότε ένα αυτοκίνητο περιμένει σε μια διασταύρωση;,,"Τα περισσότερα σύγχρονα φανάρια χρησιμοποιούν επαγωγικούς αισθητήρες βρόχου ενσωματωμένους κάτω από την επιφάνεια του δρόμου. Αυτοί οι βρόχοι παράγουν ένα ηλεκτρομαγνητικό πεδίο, και όταν ένα μεγάλο μεταλλικό αντικείμενο (όπως ένα αυτοκίνητο) σταματήσει πάνω τους, το πεδίο διαταράσσεται, δίνοντας σήμα στον ελεγκτή του φωτεινού σηματοδότη να αλλάξει φάση. Τα νεότερα συστήματα χρησιμοποιούν επίσης ραντάρ ή όραση κάμερας για ανίχνευση."
Ποια υλικά χρησιμοποίησε ο Γιοχάνες Γκούτενμπεργκ στο κράμα για την τελειοποιημένη διαδικασία χύτευσης τύπων του;,"Ο Γιοχάνες Γκούτενμπεργκ συχνά πιστώνεται με την εφεύρεση της μηχανικής τυπογραφικής πρέσας με κινητά στοιχεία στην Ευρώπη γύρω στο 1440. Ωστόσο, το παλαιότερο γνωστό σύστημα κινητών στοιχείων δημιουργήθηκε στην Κίνα από τον Bi Sheng κατά τη διάρκεια της δυναστείας των Song, γύρω στο 1040 μ.Χ., χρησιμοποιώντας κεραμικά υλικά. Ο Γκούτενμπεργκ αργότερα τελειοποίησε τη διαδικασία χύτευσης, χρησιμοποιώντας ένα μείγμα μολύβδου, κασσίτερου και αντιμονίου, το οποίο αποδείχθηκε πολύ πιο ανθεκτικό και αποδοτικό για τη μαζική παραγωγή από την προηγούμενη εκτύπωση με ξύλινα μπλοκ ή τους κεραμικούς τύπους. Το έργο του έφερε επανάσταση στην επικοινωνία και θεωρείται κομβική στιγμή στην Αναγέννηση.","Ένα μείγμα μολύβδου, κασσίτερου και αντιμονίου."
"Αναφέρετε τα 5 ψηλότερα ολοκληρωμένα κτίρια στον κόσμο, μαζί με το ύψος και την τοποθεσία τους, ταξινομημένα από το ψηλότερο στο κοντύτερο.",,"1. Μπουρτζ Χαλίφα (828 μ.) - Ντουμπάι, ΗΑΕ
2. Merdeka 118 (678.9 μ.) - Κουάλα Λουμπούρ, Μαλαισία
3. Πύργος Σαγκάης (632 μ.) - Σαγκάη, Κίνα
4. Πύργος Ρολογιού Άμπρατζ Αλ-Μπαϊτ (601 μ.) - Μέκκα, Σαουδική Αραβία
5. Οικονομικό Κέντρο Ping An (599.1 μ.) - Σενζέν, Κίνα"
"Κατηγοριοποιήστε τους ακόλουθους Προέδρους των ΗΠΑ ως ανήκοντες είτε στην «Περίοδο Πρώιμης Δημοκρατίας» (υπηρέτησαν πριν από το 1820) είτε στη «Σύγχρονη Εποχή» (υπηρέτησαν μετά το 1900): George Washington, Thomas Jefferson, Franklin D. Roosevelt, Barack Obama, Donald Trump, John Adams, James Monroe, Dwight D. Eisenhower, John F. Kennedy, Joe Biden, James Madison, George W. Bush.",,"Περίοδος Πρώιμης Δημοκρατίας: George Washington, Thomas Jefferson, John Adams, James Monroe, James Madison.

Σύγχρονη Εποχή: Franklin D. Roosevelt, Barack Obama, Donald Trump, Dwight D. Eisenhower, John F. Kennedy, Joe Biden, George W. Bush."
Ποιο είναι το χημικό σύμβολο για τον χρυσό;,,Au
"Χρησιμοποιώντας τα παρεχόμενα τριμηνιαία οικονομικά στοιχεία της TechCo, υπολογίστε το λειτουργικό κέρδος της εταιρείας (Έσοδα μείον Λειτουργικά Έξοδα).","Η TechCo ανακοίνωσε σήμερα τα κέρδη της Γ' τριμήνου. Τα έσοδα για το τρίμηνο ανήλθαν σε 14,5 δισεκατομμύρια δολάρια, αντιπροσωπεύοντας αύξηση 15% σε ετήσια βάση. Τα καθαρά κέρδη ήταν 3,1 δισεκατομμύρια δολάρια. Ωστόσο, τα λειτουργικά τους έξοδα ανήλθαν συνολικά σε 10,9 δισεκατομμύρια δολάρια, κυρίως λόγω του κόστους Έρευνας και Ανάπτυξης (R&D).","Το λειτουργικό κέρδος είναι 3,6 δισεκατομμύρια δολάρια."
Τι είναι το The Shard,,"Το Shard, γνωστό και ως Shard of Glass (Κομμάτι Γυαλιού), είναι ένας 72όροφος ουρανοξύστης στην περιοχή Southwark του Λονδίνου, στο Ηνωμένο Βασίλειο. Με ύψος 309,7 μέτρα (1.016 πόδια), είναι το ψηλότερο κτίριο στο Ηνωμένο Βασίλειο και το έβδομο ψηλότερο στην Ευρώπη. 

Σχεδιασμένο από τον Ιταλό αρχιτέκτονα Renzo Piano, η κατασκευή ξεκίνησε τον Μάρτιο του 2009 και η δομή ολοκληρώθηκε τον Μάρτιο του 2012, ενώ τα επίσημα εγκαίνια έγιναν τον Ιούλιο του 2012. Ο Piano σχεδίασε τον πύργο με ένα ακανόνιστο πυραμιδικό σχήμα επενδυμένο με γυαλί, με σκοπό το κτίριο να μοιάζει με κωδωνοστάσιο που αναδύεται από τον ποταμό Τάμεση.

Το κτίριο λειτουργεί ως χώρος μικτής χρήσης, φιλοξενώντας γραφεία, κατοικίες, το πεντάστερο ξενοδοχείο Shangri-La και ψηλά παρατηρητήρια γνωστά ως The View from The Shard (Η Θέα από το Shard)."
"Περιγράψτε την προέλευση, το περιεχόμενο και τη σημερινή σημασία του Χειρογράφου Βόινιτς.",,"Το Χειρόγραφο Βόινιτς είναι ένας εικονογραφημένος κώδικας, χειρόγραφος σε άγνωστη γραφή και γλώσσα (που συχνά αποκαλείται «Βοϊνίτσεζ»). Ονομάστηκε έτσι από τον Πολωνό βιβλιοπώλη Wilfrid Voynich, ο οποίος το αγόρασε το 1912. Η χρονολόγηση με ραδιενεργό άνθρακα τοποθετεί τις σελίδες περγαμηνής μεταξύ 1404 και 1438, υποδηλώνοντας ότι δημιουργήθηκε κατά την πρώιμη Ιταλική Αναγέννηση. Η ταυτότητα του συγγραφέα και ο αρχικός σκοπός του βιβλίου παραμένουν δύο από τα πιο διαρκή μυστήρια στην κρυπτογραφία και την ιστορική γλωσσολογία.

Φυσικά, το χειρόγραφο περιέχει περίπου 240 σελίδες περγαμηνής. Το περιεχόμενό του χωρίζεται σε έξι αναγνωρίσιμα τμήματα με βάση τη φύση των συνοδευτικών εικονογραφήσεων: Βοτανικό (σχέδια φυτών που δεν αντιστοιχούν σε γνωστά είδη), Αστρονομικό (διαγράμματα του ήλιου, της σελήνης και των αστεριών, συχνά ενσωματώνοντας ζώδια), Βιολογικό (που περιλαμβάνει πολλές γυμνές γυναικείες φιγούρες και εσωτερικά συστήματα), Κοσμολογικό (κυκλικά διαγράμματα άγνωστου σκοπού), Φαρμακευτικό (επισημασμένα σχέδια διαφόρων ριζών και φύλλων) και Συνταγές (σύντομες παράγραφοι που συνοδεύουν επισημασμένα αστέρια ή σύμβολα).

Η σημασία του έγκειται σχεδόν εξ ολοκλήρου στην πλήρη αντίστασή του στην αποκρυπτογράφηση. Παρά τις συνεχείς προσπάθειες επαγγελματιών κρυπτογράφων, ακαδημαϊκών γλωσσολόγων και σπαστήρων κωδικών του Β' Παγκοσμίου Πολέμου, το κείμενο παραμένει αδιάβαστο. Οι θεωρίες γύρω από τη φύση του χειρογράφου ποικίλλουν ευρέως: ορισμένοι πιστεύουν ότι πρόκειται για μια γνήσια κρυπτογραφημένη γλώσσα ή κώδικα (ίσως για ιατρικούς ή αποκρυφιστικούς σκοπούς), ενώ άλλοι προτείνουν ότι είναι μια περίτεχνη φάρσα, μια άνευ νοήματος ακολουθία χαρακτήρων που δημιουργήθηκε από μια στεγανογραφική συσκευή, ή μια φυσική γλώσσα γραμμένη σε ένα επινοημένο αλφάβητο. Σήμερα στεγάζεται στη Βιβλιοθήκη Σπάνιων Βιβλίων και Χειρογράφων Beinecke του Πανεπιστημίου Yale."
Ποια είναι η κύρια λειτουργία του ιππόκαμπου στον ανθρώπινο εγκέφαλο;,,"Ο ιππόκαμπος, ένα σημαντικό συστατικό του εγκεφάλου των ανθρώπων και άλλων σπονδυλωτών, συνδέεται πρωτίστως με τη μνήμη, συγκεκριμένα με τη δημιουργία μακροπρόθεσμης μνήμης και τη χωρική πλοήγηση. Είναι μια κρίσιμη δομή για τη μετατροπή των βραχυπρόθεσμων αναμνήσεων σε πιο μόνιμες μνήμες (παγίωση). Επιπλέον, ο ιππόκαμπος παίζει ζωτικό ρόλο στη χωρική μνήμη, επιτρέποντάς μας να πλοηγούμαστε σε γνώριμες διαδρομές και να θυμόμαστε την τοποθεσία αντικειμένων. Η βλάβη σε αυτήν την περιοχή συχνά οδηγεί σε βαθιές δυσκολίες στη δημιουργία νέων αναμνήσεων, μια κατάσταση γνωστή ως αντερόγραδη αμνησία."
Ποιος ήταν ο πρωταρχικός σκοπός και ο μακροπρόθεσμος αντίκτυπος της κατασκευής του Σινικού Τείχους;,,"Ο πρωταρχικός σκοπός της κατασκευής των διαφόρων τμημάτων αυτού που είναι πλέον συλλογικά γνωστό ως Σινικό Τείχος της Κίνας ήταν η στρατιωτική άμυνα. Ξεκίνησε από διάφορα φεουδαρχικά κράτη ήδη από τον 7ο αιώνα π.Χ. και αργότερα συνδέθηκε και επεκτάθηκε πιο δυναμικά κατά τη διάρκεια της Δυναστείας των Μινγκ (1368–1644). Το τείχος χρησίμευε για την προστασία της γεωργικής καρδιάς της χώρας από νομαδικές ομάδες που προέρχονταν από την Ευρασιατική Στέπα, ιδιαίτερα τους Xiongnu και αργότερα τους Μογγόλους. Πέρα από την άμυνα, το σύστημα του τείχους λειτούργησε επίσης ως σύστημα συνοριακού ελέγχου, επιτρέποντας την επιβολή δασμών σε αγαθά, τη ρύθμιση του εμπορίου και ως διάδρομος μεταφοράς για αγγελιοφόρους και στρατιωτικό προσωπικό. Ο μακροπρόθεσμος αντίκτυπος είναι βαθύς: αντιπροσωπεύει ένα τεράστιο επίτευγμα ανθρώπινης μηχανικής και εργασίας, που συχνά περιλάμβανε τεράστια ταλαιπωρία και θάνατο για τους επιστρατευμένους εργάτες. Σήμερα, αποτελεί το πιο αναγνωρισμένο σύμβολο της κινεζικής εθνικής ταυτότητας και ενότητας, μια απόδειξη των ιστορικών απομονωτικών πολιτικών της, και γιορτάζεται παγκοσμίως ως Μνημείο Παγκόσμιας Κληρονομιάς της UNESCO."
Εξηγήστε τα πλεονεκτήματα της ακρόασης podcast έναντι της παρακολούθησης παραδοσιακών τηλεοπτικών προγραμμάτων.,,"Τα podcast προσφέρουν πολλά πλεονεκτήματα έναντι της παραδοσιακής τηλεόρασης, κυρίως λόγω της μορφής και της προσβασιμότητάς τους. Το πιο σημαντικό όφελος είναι η δυνατότητα εκτέλεσης πολλαπλών εργασιών (multitasking). Οι ακροατές μπορούν να απορροφούν περιεχόμενο κατά τη μετακίνηση, την άσκηση ή την εκτέλεση δουλειών, δραστηριότητες που είναι ασύμβατες με την παρακολούθηση τηλεόρασης. Επιπλέον, τα podcast είναι εξαιρετικά φορητά και προσιτά, συχνά δωρεάν και μπορούν να κατεβαστούν για χρήση εκτός σύνδεσης. Από την άποψη του περιεχομένου, τα podcast συχνά εμβαθύνουν σε εξειδικευμένα ή εξειδικευμένα θέματα με βάθος που σπάνια παρέχεται από τα τηλεοπτικά προγράμματα του mainstream. Παρέχουν επίσης ένα διαφορετικό είδος δέσμευσης—δεδομένου ότι βασίζονται αποκλειστικά στον ήχο, ενθαρρύνουν την ενεργή ακρόαση και τη φαντασία, και συχνά αισθάνονται πιο οικεία ή συνομιλιακά από τις μεγάλης κλίμακας τηλεοπτικές παραγωγές."
"Σύμφωνα με το κείμενο, ποια μούχλα μόλυνε το τρυβλίο Petri του Αλέξανδρου Φλέμινγκ, οδηγώντας στην ανακάλυψη της πενικιλίνης;","Η πενικιλίνη, ένα από τα πρώτα και πιο ευρέως χρησιμοποιούμενα αντιβιοτικά, ανακαλύφθηκε τυχαία από τον Σκωτσέζο ιατρό Αλέξανδρο Φλέμινγκ το 1928 στο Νοσοκομείο St Mary's του Λονδίνου. Παρατήρησε μια μούχλα, το *Penicillium notatum*, να μολύνει ένα τρυβλίο Petri με βακτήρια σταφυλόκοκκου και παρατήρησε ότι η μούχλα ανέστειλε την ανάπτυξη των βακτηρίων. Αν και ο Φλέμινγκ δημοσίευσε τα ευρήματά του, η μαζική παραγωγή και η κλινική εφαρμογή δεν ξεκίνησε παρά μόνο με το έργο των Χάουαρντ Φλόρεϊ και Ερνστ Τσέιν στις αρχές της δεκαετίας του 1940, οι οποίοι ανέπτυξαν μεθόδους για καθαρισμό μεγάλης κλίμακας κατά τη διάρκεια του Β' Παγκοσμίου Πολέμου, φέρνοντας επανάσταση στην ιατρική.",*Penicillium notatum*
Εξηγήστε την έννοια του πληθωρισμού και τις συνήθεις αιτίες του.,,"Ο πληθωρισμός είναι η διαρκής αύξηση του γενικού επιπέδου τιμών αγαθών και υπηρεσιών σε μια οικονομία για μια χρονική περίοδο. Όταν αυξάνεται το γενικό επίπεδο τιμών, κάθε μονάδα νομίσματος αγοράζει λιγότερα αγαθά και υπηρεσίες. Κατά συνέπεια, ο πληθωρισμός αντικατοπτρίζει τη μείωση της αγοραστικής δύναμης ανά μονάδα χρήματος. Συνήθως μετριέται χρησιμοποιώντας δείκτες όπως ο Δείκτης Τιμών Καταναλωτή (ΔΤΚ).

Οι πρωταρχικές αιτίες του πληθωρισμού κατηγοριοποιούνται γενικά σε τρεις τύπους:

1. Πληθωρισμός Ζήτησης (Demand-Pull Inflation): Συμβαίνει όταν η συνολική ζήτηση σε μια οικονομία υπερβαίνει τη συνολική προσφορά. Υπάρχουν πάρα πολλά χρήματα που κυνηγούν πολύ λίγα αγαθά.
2. Πληθωρισμός Κόστους (Cost-Push Inflation): Συμβαίνει όταν η συνολική προσφορά αγαθών ή υπηρεσιών μειώνεται λόγω αύξησης του κόστους παραγωγής (π.χ. αυξανόμενοι μισθοί, αυξημένο κόστος υλικών ή υψηλότεροι φόροι).
3. Ενσωματωμένος Πληθωρισμός (Built-In Inflation): Προκύπτει συχνά από προσαρμοστικές προσδοκίες, όπου οι άνθρωποι αναμένουν ότι οι τρέχουσες υψηλές τιμές πληθωρισμού θα συνεχιστούν, οδηγώντας τους εργαζόμενους να ζητούν υψηλότερους μισθούς και τις εταιρείες να μετακυλίουν αυτά τα κόστη στους καταναλωτές με τη μορφή υψηλότερων τιμών."
Ποιος έγραψε το 'Οδηγός του Γαλαξία για τους Αυτοστόπ';,,Ντάγκλας Άνταμς.
Ποια είναι η πρωτεύουσα της Γαλλίας;,,Η πρωτεύουσα της Γαλλίας είναι το Παρίσι.
Ποια είναι η πρωτεύουσα πόλη της Αυστραλίας;,,Καμπέρα
Αναφέρετε τους τρεις πρώτους Προέδρους των Ηνωμένων Πολιτειών.,,"Οι τρεις πρώτοι Πρόεδροι των Ηνωμένων Πολιτειών ήταν ο Τζορτζ Ουάσινγκτον, ο Τζον Άνταμς και ο Τόμας Τζέφερσον."
Ποιο χαρακτηριστικό των ροών λάβας προκαλεί στα ασπιδοειδή ηφαίστεια να έχουν το χαρακτηριστικό τους σχήμα;,"Τα ασπιδοειδή ηφαίστεια είναι μεγάλα ηφαίστεια χτισμένα σχεδόν εξ ολοκλήρου από ρευστές ροές λάβας. Ονομάστηκαν λόγω του χαμηλού τους προφίλ, που μοιάζει με την ασπίδα ενός πολεμιστή ξαπλωμένη στο έδαφος. Σχηματίζονται από εξαιρετικά ρευστή, χαμηλού ιξώδους λάβα που ταξιδεύει σε μεγάλες αποστάσεις. Το Mauna Loa, που βρίσκεται στη Χαβάη, είναι το μεγαλύτερο ασπιδοειδές ηφαίστειο στη Γη σε μάζα και όγκο, υψώνεται περίπου 9.000 μέτρα από τον πυθμένα της θάλασσας και καλύπτει περίπου τη μισή έκταση του νησιού της Χαβάης.","Εξαιρετικά ρευστή, χαμηλού ιξώδους λάβα"
Εξηγήστε τη διαφορά μεταξύ των τελεστών '==' και '===' στη JavaScript.,,"Ο τελεστής '==' (ισότητα) ελέγχει αν δύο τιμές είναι ίσες, εκτελώντας μετατροπή τύπου (type coercion) αν οι τύποι είναι διαφορετικοί (π.χ., η σύγκριση του 5 με το '5' θα δώσει true). Ο τελεστής '===' (αυστηρή ισότητα) ελέγχει αν δύο τιμές είναι ίσες χωρίς μετατροπή τύπου, πράγμα που σημαίνει ότι τόσο η τιμή όσο και ο τύπος δεδομένων πρέπει να είναι ίδιοι για να επιστραφεί true (π.χ., η σύγκριση του 5 με το '5' θα δώσει false)."
Ποιος θεωρείται ο συντομότερος πόλεμος στην καταγεγραμμένη ιστορία;,,"Ο Αγγλο-Ζανζιβαρινός Πόλεμος, ο οποίος έλαβε χώρα στις 27 Αυγούστου 1896. Οι εχθροπραξίες διήρκεσαν μεταξύ 38 και 45 λεπτών, με αποτέλεσμα μια αποφασιστική βρετανική νίκη και το τέλος της ανεξαρτησίας του Σουλτανάτου της Ζανζιβάρης."
Εξήγησε τι είναι η βαρύτητα με απλούς όρους.,,Η βαρύτητα είναι η δύναμη που έλκει τα αντικείμενα μεταξύ τους. Είναι ο λόγος που μένουμε στη Γη και τα πράγματα πέφτουν.
"Με βάση το παρεχόμενο κείμενο, ποιος πιστώνεται με την τυχαία ανακάλυψη της Πενικιλίνης και ποια χρονιά συνέβη αυτό;","Η ιστορία των αντιβιοτικών είναι μακρά και περίπλοκη, αλλά το πρώτο αληθινό σύγχρονο αντιβιοτικό ήταν η Πενικιλίνη. Παρατηρήθηκε για πρώτη φορά από τον Ernest Duchesne το 1896, αλλά η δουλειά του αγνοήθηκε. Η αναγνωρισμένη τυχαία ανακάλυψη συνέβη τον Σεπτέμβριο του 1928, όταν ο Σκωτσέζος βακτηριολόγος Αλεξάντερ Φλέμινγκ επέστρεψε από διακοπές και παρατήρησε έναν μολυσματικό μύκητα (Penicillium notatum) σε μια καλλιεργητική πλάκα σταφυλόκοκκου. Αυτή η πλάκα είχε αφεθεί κοντά σε ανοιχτό παράθυρο στο Νοσοκομείο St. Mary's. Ενώ ο Φλέμινγκ δημοσίευσε τα ευρήματά του, η μαζική παραγωγή και σταθεροποίηση για ιατρική χρήση έγινε επιτυχής μόνο χάρη στη μεταγενέστερη εργασία του Χάουαρντ Φλόρεϊ και του Ερνστ Τσέιν κατά τη διάρκεια των αρχών της δεκαετίας του 1940. Οι αρχικές χρήσεις της Πενικιλίνης περιορίζονταν από τον σύντομο χρόνο ημίσειας ζωής της, αλλά έφερε την επανάσταση στην ιατρική παγκοσμίως.","Ο Αλεξάντερ Φλέμινγκ πιστώνεται με την τυχαία ανακάλυψη της Πενικιλίνης, η οποία συνέβη τον Σεπτέμβριο του 1928."
Τι διαφοροποιεί έναν πλανήτη από έναν νάνο πλανήτη σύμφωνα με τη ΔΑΕ;,,"Ένας πλανήτης πρέπει να πληροί τρία κριτήρια: να περιστρέφεται γύρω από τον ήλιο, να έχει επαρκή μάζα ώστε να έχει λάβει ένα σχεδόν στρογγυλό σχήμα, και να έχει καθαρίσει τη γειτονιά γύρω από την τροχιά του. Ένας νάνος πλανήτης πληροί τα δύο πρώτα κριτήρια αλλά δεν έχει καθαρίσει την τροχιακή του διαδρομή από άλλα συντρίμμια."
Ποιες είναι οι πιο αποτελεσματικές στρατηγικές για τη βελτίωση της υγιεινής του ύπνου και της συνολικής ξεκούρασης;,,"Οι πιο αποτελεσματικές στρατηγικές περιλαμβάνουν τη διατήρηση ενός σταθερού προγράμματος ύπνου, ακόμη και τα Σαββατοκύριακα. Βεβαιωθείτε ότι το περιβάλλον της κρεβατοκάμαράς σας είναι δροσερό (περίπου 65°F ή 18°C), σκοτεινό και ήσυχο. Περιορίστε την έκθεση στο μπλε φως (οθόνες) για τουλάχιστον μία ώρα πριν τον ύπνο και αποφύγετε την κατανάλωση καφεΐνης ή βαρέων γευμάτων κοντά στην ώρα του ύπνου. Η τακτική άσκηση βοηθά, αλλά αποφύγετε τις έντονες προπονήσεις πολύ κοντά στην ώρα του ύπνου."
Εξηγήστε τις βασικές διαφορές μεταξύ των εποπτευόμενων και μη εποπτευόμενων μοντέλων μηχανικής μάθησης.,,"Η θεμελιώδης διαφορά μεταξύ της εποπτευόμενης και της μη εποπτευόμενης μάθησης έγκειται στη φύση των δεδομένων που χρησιμοποιούν και στον απώτερο στόχο του αλγορίθμου.

Πρώτον, **Τύπος Δεδομένων:** Η εποπτευόμενη μάθηση χρησιμοποιεί «επισημασμένα» (labeled) δεδομένα, όπου τα δεδομένα εισόδου αντιστοιχίζονται σε μια σχετική μεταβλητή εξόδου (την «απάντηση»). Το μοντέλο μαθαίνει από αυτήν την αντιστοίχιση εισόδου-εξόδου. Η μη εποπτευόμενη μάθηση, αντίθετα, ασχολείται με «μη επισημασμένα» (unlabeled) δεδομένα. Ο αλγόριθμος πρέπει να βρει κρυφά μοτίβα ή δομές μέσα στα δεδομένα χωρίς προκαθορισμένους στόχους ή εξόδους.

Δεύτερον, **Στόχος:** Ο στόχος της εποπτευόμενης μάθησης είναι συνήθως προβλεπτικός—είτε ταξινόμηση (πρόβλεψη μιας κατηγορικής ετικέτας, όπως «spam» ή «όχι spam») είτε παλινδρόμηση (πρόβλεψη μιας συνεχούς τιμής, όπως η τιμή κατοικίας). Ο στόχος της μη εποπτευόμενης μάθησης είναι περιγραφικός και διερευνητικός—οι κύριες εργασίες του είναι η ομαδοποίηση (clustering) (συγκέντρωση παρόμοιων σημείων δεδομένων) ή η συσχέτιση (association) (εύρεση κανόνων που περιγράφουν μεγάλα μέρη των δεδομένων), που χρησιμοποιούνται για την ανακάλυψη της υποκείμενης δομής.

Τρίτον, **Πολυπλοκότητα & Προσπάθεια:** Η εποπτευόμενη μάθηση απαιτεί σημαντική αρχική ανθρώπινη προσπάθεια για την ακριβή επισήμανση των δεδομένων εκπαίδευσης, κάτι που μπορεί να είναι δαπανηρό και χρονοβόρο. Η μη εποπτευόμενη μάθηση είναι γενικά πιο εύκολο να ρυθμιστεί όσον αφορά την αρχική προετοιμασία δεδομένων, αλλά η ερμηνεία των μοτίβων που βρίσκει ο αλγόριθμος απαιτεί συχνά περισσότερη εξειδίκευση στον τομέα."
Εξηγήστε γιατί η Γη βιώνει διαφορετικές εποχές κατά τη διάρκεια του έτους.,,"Οι εποχές της Γης προκαλούνται από την κλίση του άξονά της (περίπου 23,5 μοίρες) σε σχέση με την τροχιά της γύρω από τον Ήλιο. Αυτή η κλίση είναι ο κύριος παράγοντας, όχι η μεταβαλλόμενη απόσταση από τον Ήλιο. Καθώς η Γη περιστρέφεται, διαφορετικά ημισφαίρια κλίνουν προς ή μακριά από τον Ήλιο, προκαλώντας ποικίλες διάρκειες ηλιοφάνειας και αλλαγές στη γωνία με την οποία το ηλιακό φως προσπίπτει στην επιφάνεια. Όταν ένα ημισφαίριο είναι στραμμένο προς τον Ήλιο (καλοκαίρι), η ηλιακή ενέργεια είναι πιο συγκεντρωμένη, με αποτέλεσμα θερμότερες θερμοκρασίες. Όταν είναι στραμμένο μακριά (χειμώνας), η ενέργεια διαχέεται, με αποτέλεσμα ψυχρότερες θερμοκρασίες."
Ποια είναι η ιστορική σημασία της Στήλης της Ροζέττας;,,"Η Στήλη της Ροζέττας είναι μια αρχαία αιγυπτιακή στήλη χαραγμένη με το ίδιο διάταγμα γραμμένο σε τρεις γραφές: ιερογλυφική, Δημοτική γραφή και αρχαία ελληνικά. Η μνημειώδης σημασία της έγκειται στο γεγονός ότι, πριν από την ανακάλυψή της το 1799 από Γάλλους στρατιώτες, η γνώση της ανάγνωσης και γραφής των ιερογλυφικών είχε χαθεί για αιώνες. Συγκρίνοντας το γνωστό αρχαίο ελληνικό κείμενο με τα άγνωστα ιερογλυφικά και τη Δημοτική, οι μελετητές, κυρίως ο Jean-François Champollion, κατάφεραν τελικά να αποκρυπτογραφήσουν το αιγυπτιακό σύστημα γραφής το 1822, ανοίγοντας χιλιετίες αιγυπτιακής ιστορίας και πολιτισμού για σύγχρονη μελέτη."
"Κατατάξτε τα ακόλουθα ζώα με βάση την κύρια διατροφή τους: λιοντάρι, αγελάδα, χοίρος, αετός, καμηλοπάρδαλη",,"Λιοντάρι: Σαρκοφάγο
Αγελάδα: Φυτοφάγο
Χοίρος: Παμφάγο
Αετός: Σαρκοφάγο
Καμηλοπάρδαλη: Φυτοφάγο"
Προσδιορίστε και αιτιολογήστε την πιο επιδραστική σεκάνς ειδικών εφέ στην κινηματογραφική ιστορία.,,"Η πιο επιδραστική σεκάνς ειδικών εφέ είναι η σκηνή της περίφραξης του T-Rex από το *Jurassic Park* (1993) του Στίβεν Σπίλμπεργκ. Ενώ προηγούμενες ταινίες είχαν χρησιμοποιήσει αποτελεσματικά τα CGI, το *Jurassic Park* αποτέλεσε το σημείο καμπής που απομάκρυνε οριστικά το βιομηχανικό πρότυπο από τις παραδοσιακές τεχνικές, όπως το stop-motion και τα πρακτικά μοντέλα μεγάλης κλίμακας. Η σκηνή, η οποία παρουσιάζει τον ψηφιακό Τυραννόσαυρο Ρεξ σε πλήρες σώμα να περπατά, να κυνηγά και να βρυχάται σε ρεαλιστικό φως της ημέρας, πέτυχε ένα επίπεδο φωτορεαλισμού που ήταν προηγουμένως ανέφικτο. Αυτή η σεκάνς απέδειξε ότι οι υπολογιστές μπορούσαν να δημιουργήσουν πιστευτή, σύνθετη οργανική ζωή ενσωματωμένη απρόσκοπτα στη ζωντανή δράση, αποδεικνύοντας στους παραγωγούς ότι τα ψηφιακά εφέ μπορούσαν να φέρουν το συναισθηματικό βάρος του κεντρικού κομματιού μιας ταινίας. Αυτή η μία σκηνή εδραίωσε την κυριαρχία του ψηφιακού τμήματος της Industrial Light & Magic και άλλαξε ριζικά το σύνολο δεξιοτήτων που απαιτούνταν από τους καλλιτέχνες οπτικών εφέ για τις επόμενες τρεις δεκαετίες."
Ποια είναι η βασική αρχή της Ασαφούς Λογικής;,"Η ασαφής λογική είναι μια μορφή πολυτιμικής λογικής στην οποία οι τιμές αλήθειας των μεταβλητών μπορεί να είναι οποιοσδήποτε πραγματικός αριθμός μεταξύ 0 και 1, συμπεριλαμβανομένων. Ασχολείται με τη συλλογιστική που είναι προσεγγιστική και όχι σταθερή και ακριβής. Σε αντίθεση με την κλασική λογική Boolean, όπου τα πάντα είναι είτε αληθή (1) είτε ψευδή (0), η ασαφής λογική επιτρέπει τη μερική αλήθεια, επιτρέποντας την απόχρωση. Αυτό την καθιστά ιδιαίτερα χρήσιμη στην ανάπτυξη συστημάτων ελέγχου, όπως τα συστήματα αντιμπλοκαρίσματος των φρένων (ABS) ή οι μονάδες κλιματισμού, όπου οι εισόδους είναι συχνά ανακριβείς και απαιτούν συνεχή προσαρμογή αντί απλών δυαδικών αποφάσεων. Εισήχθη για πρώτη φορά από τον Lotfi Zadeh το 1965 στο Πανεπιστήμιο της Καλιφόρνια, Μπέρκλεϊ.","Η ασαφής λογική είναι μια μορφή πολυτιμικής λογικής όπου οι τιμές αλήθειας των μεταβλητών μπορούν να είναι οποιοσδήποτε πραγματικός αριθμός μεταξύ 0 και 1, επιτρέποντας τη μερική αλήθεια και την προσεγγιστική συλλογιστική αντί για σταθερά, ακριβή δυαδικά αποτελέσματα."
Ποιοι ήταν οι κύριοι παράγοντες που αναφέρουν οι ιστορικοί για την τελική κατάρρευση της Δυτικής Ρωμαϊκής Αυτοκρατορίας;,"Η παρακμή της Δυτικής Ρωμαϊκής Αυτοκρατορίας ήταν μια σύνθετη διαδικασία που διήρκεσε αιώνες. Ένας σημαντικός παράγοντας ήταν η χρόνια οικονομική δυσπραγία, που χαρακτηριζόταν από υπερπληθωρισμό, υπερβολική φορολογία απαραίτητη για τη συντήρηση ενός διογκωμένου στρατού, και μείωση των εμπορικών οδών λόγω συνεχών συγκρούσεων. Επιπλέον, το τεράστιο μέγεθος της αυτοκρατορίας καθιστούσε τη διακυβέρνηση δυσχερή και την άμυνα δύσκολη. Ο στρατός ήταν υπερβολικά απλωμένος προστατεύοντας τεράστια σύνορα από την αυξανόμενη πίεση των μεταναστευτικών γερμανικών φυλών (που συχνά αναφέρονταν ως «βάρβαροι»). Η πολιτική αστάθεια ήταν ανεξέλεγκτη, όπως αποδεικνύεται από την εποχή των «Αυτοκρατόρων των Στρατοπέδων», όπου οι αυτοκράτορες δολοφονούνταν συχνά ή καθαιρούνταν από τους ίδιους τους στρατούς τους, οδηγώντας σε εμφύλιο πόλεμο και κατάρρευση της κεντρικής εξουσίας. Τέλος, η εκτεταμένη διαφθορά εντός του γραφειοκρατικού συστήματος και οι επαναλαμβανόμενες επιδημίες, όπως η Πανούκλα του Κυπριανού, μείωσαν σοβαρά τον πληθυσμό και τη φορολογική βάση που ήταν απαραίτητη για τη διατήρηση του κράτους.","Οι ιστορικοί επισημαίνουν αρκετούς αλληλένδετους παράγοντες. Αυτοί περιλαμβάνουν σοβαρές οικονομικές δυσκολίες, όπως η υψηλή φορολογία και ο πληθωρισμός, απαραίτητες για τη χρηματοδότηση ενός υπερμεγέθους στρατού. Η αυτοκρατορία υπέφερε από χρόνια πολιτική αστάθεια και εμφύλιες διαμάχες, με συχνές αλλαγές στην ηγεσία. Η άμυνα αποδείχθηκε αδύνατη λόγω του τεράστιου μεγέθους της αυτοκρατορίας και της αδυσώπητης πίεσης από τις μεταναστευτικές γερμανικές φυλές στα σύνορά της. Επιπλέον, η διαφθορά και οι καταστροφικές επιδημίες μείωσαν τόσο τον πληθυσμό όσο και την ικανότητα της κυβέρνησης να διατηρεί τις δημόσιες υπηρεσίες."
Απαριθμήστε τους τέσσερις κύριους αέριους γίγαντες πλανήτες στο Ηλιακό μας Σύστημα.,"Το Ηλιακό Σύστημα φιλοξενεί οκτώ αναγνωρισμένους πλανήτες. Οι τέσσερις εσωτερικοί πλανήτες, γνωστοί ως γήινοι ή βραχώδεις πλανήτες, είναι ο Ερμής, η Αφροδίτη, η Γη και ο Άρης. Οι τέσσερις μεγάλοι εξωτερικοί πλανήτες, γνωστοί ως Αέριοι Γίγαντες, είναι ο Δίας, ο Κρόνος, ο Ουρανός και ο Ποσειδώνας. Αυτοί οι γίγαντες αποτελούνται κυρίως από υδρογόνο και ήλιο, σε αντίθεση με τα μικρότερα, πυκνά, βραχώδη αντίστοιχά τους.","Δίας,
Κρόνος,
Ουρανός,
Ποσειδώνας"
"Με βάση τις παρεχόμενες περιγραφές υποειδών, παραθέστε τα βασικά κριτήρια και δύο παραδείγματα τόσο για τη «Χαμηλή Φαντασία» όσο και για το «Ξίφος και Μαγεία».","Υποείδη της Λογοτεχνίας Φαντασίας:
Υψηλή Φαντασία: Διαδραματίζεται σε έναν πρωτότυπο, φανταστικό κόσμο με λεπτομερή παράδοση, συχνά περιλαμβάνοντας μια σύγκρουση μεταξύ καλού και κακού σε επική κλίμακα. Η μαγεία είναι συνήθως κεντρική. (Παραδείγματα: Ο Άρχοντας των Δαχτυλιδιών, Ο Τροχός του Χρόνου).
Χαμηλή Φαντασία: Διαδραματίζεται στον πραγματικό κόσμο (ή σε έναν προσγειωμένο, ρεαλιστικό) όπου μαγικά στοιχεία ή πλάσματα εισβάλλουν απροσδόκητα ή είναι κρυμμένα. Εστιάζει περισσότερο στην ψυχολογία των χαρακτήρων παρά στη μεγαλοπρέπεια της δημιουργίας κόσμου. (Παραδείγματα: Χάρι Πότερ, Αμερικανοί Θεοί).
Αστική Φαντασία: Ένας συγκεκριμένος τύπος χαμηλής φαντασίας όπου το σκηνικό είναι μια σύγχρονη, μητροπολιτική περιοχή. Συχνά περιλαμβάνει υπερφυσικά πλάσματα που ζουν κρυφά ανάμεσα στους ανθρώπους. (Παραδείγματα: Dresden Files, Rivers of London).
Ξίφος και Μαγεία: Χαρακτηρίζεται από γρήγορη δράση, περιπέτεια και ηθικά αμφιλεγόμενους πρωταγωνιστές, συνήθως εστιάζοντας στο προσωπικό κέρδος ή την επιβίωση παρά στη σωτηρία του κόσμου. Η μαγεία είναι συχνά πρωτόγονη ή ανεξέλεγκτη. (Παραδείγματα: Κόναν ο Βάρβαρος, Φάφρντ και ο Γκρίζος Ποντικός).
Σκοτεινή Φαντασία: Ενσωματώνει στοιχεία τρόμου, συχνά ασχολούμενη με θέματα ηθικής παρακμής, μηδενισμού ή υπαρξιακού φόβου. Η μαγεία και τα πλάσματα είναι συνήθως κακόβουλα ή διεφθαρμένα. (Παραδείγματα: Berserk, The Witcher).","**Χαμηλή Φαντασία**
Κριτήρια: Διαδραματίζεται στον πραγματικό κόσμο (ή σε έναν προσγειωμένο, ρεαλιστικό) όπου μαγικά στοιχεία ή πλάσματα εισβάλλουν απροσδόκητα ή είναι κρυμμένα. Εστιάζει περισσότερο στην ψυχολογία των χαρακτήρων παρά στη μεγαλοπρέπεια της δημιουργίας κόσμου.
Παραδείγματα: Harry Potter, American Gods.

**Ξίφος και Μαγεία**
Κριτήρια: Χαρακτηρίζεται από γρήγορη δράση, περιπέτεια και ηθικά αμφιλεγόμενους πρωταγωνιστές, συνήθως εστιάζοντας στο προσωπικό κέρδος ή την επιβίωση παρά στη σωτηρία του κόσμου. Η μαγεία είναι συχνά πρωτόγονη ή ανεξέλεγκτη.
Παραδείγματα: Conan the Barbarian, Fafhrd and the Gray Mouser."
"Σύμφωνα με την ελληνική μυθολογία, ποιος ήταν υπεύθυνος για τον σχεδιασμό του Λαβύρινθου που φιλοξενούσε τον Μινώταυρο;","Ο Μινώταυρος ήταν ένα πλάσμα στην ελληνική μυθολογία, μισός άνθρωπος και μισός ταύρος. Κατοικούσε στον Λαβύρινθο, έναν περίτεχνο λαβύρινθο που κατασκευάστηκε για τον Βασιλιά Μίνωα της Κρήτης από τον αρχιτέκτονα Δαίδαλο και τον γιο του Ίκαρο. Ο Μινώταυρος ήταν το παιδί της συζύγου του Μίνωα, της Πασιφάης, και ενός επιβλητικού λευκού ταύρου. Ο Μίνωας είχε εξοργίσει τον θεό της θάλασσας Ποσειδώνα αρνούμενος να θυσιάσει τον ταύρο. Ως τιμωρία, ο Ποσειδώνας έκανε την Πασιφάη να ερωτευτεί παράφορα τον ταύρο, οδηγώντας στη γέννηση του Μινώταυρου.",Ο Λαβύρινθος κατασκευάστηκε για τον Βασιλιά Μίνωα της Κρήτης από τον αρχιτέκτονα Δαίδαλο και τον γιο του Ίκαρο.
"Περιγράψτε τον κύριο ρόλο των ακόλουθων τριών οργάνων: το ήπαρ, τους πνεύμονες και τους νεφρούς.",,"Το ήπαρ είναι υπεύθυνο για την αποτοξίνωση χημικών ουσιών, τη μεταβολή φαρμάκων και τη σύνθεση πρωτεϊνών απαραίτητων για την πήξη του αίματος. Οι πνεύμονες διευκολύνουν την ανταλλαγή αερίων, εισάγοντας οξυγόνο στο αίμα και απομακρύνοντας το διοξείδιο του άνθρακα. Οι νεφροί φιλτράρουν τα άχρηστα προϊόντα και τα υπερβολικά υγρά από το αίμα για να παράγουν ούρα, ρυθμίζοντας την ισορροπία των ηλεκτρολυτών και την αρτηριακή πίεση."
"Εξηγήστε τη σχέση και τις θεμελιώδεις διαφορές μεταξύ της Τεχνητής Νοημοσύνης (AI), της Μηχανικής Μάθησης (ML) και της Βαθιάς Μάθησης (DL) με απλούς όρους.",,"Φανταστείτε το ως ένα σύνολο από ένθετες ρωσικές κούκλες (Matryoshka). Η **Τεχνητή Νοημοσύνη (AI)** είναι η μεγαλύτερη κούκλα και η γενική έννοια—είναι οποιαδήποτε τεχνική επιτρέπει στους υπολογιστές να μιμούνται την ανθρώπινη νοημοσύνη, από την επίλυση πολύπλοκων εξισώσεων μέχρι το παιχνίδι σκάκι. Η **Μηχανική Μάθηση (ML)** είναι η μεσαία κούκλα. Είναι ένα συγκεκριμένο υποσύνολο της AI που επικεντρώνεται στο να επιτρέπει στα συστήματα να μαθαίνουν από δεδομένα, χωρίς να είναι ρητά προγραμματισμένα για κάθε εργασία. Αντί να γράφετε άκαμπτους κανόνες, εκπαιδεύετε ένα μοντέλο ML σε μεγάλα σύνολα δεδομένων για να κάνει προβλέψεις ή αποφάσεις. Τέλος, η **Βαθιά Μάθηση (DL)** είναι η μικρότερη, εσωτερική κούκλα. Είναι ένα συγκεκριμένο υποσύνολο της Μηχανικής Μάθησης που χρησιμοποιεί τεχνητά νευρωνικά δίκτυα με πολλά επίπεδα (εξ ου και το 'βαθιά') για να αναλύει και να μαθαίνει από δεδομένα, συχνά διαπρέποντας σε πολύπλοκες εργασίες αναγνώρισης προτύπων όπως η αναγνώριση εικόνων, η αναγνώριση φωνής και η επεξεργασία φυσικής γλώσσας."
Πού βρίσκεται ο Μεγάλος Κοραλλιογενής Ύφαλος;,"Ο Μεγάλος Κοραλλιογενής Ύφαλος είναι το μεγαλύτερο σύστημα κοραλλιογενών υφάλων στον κόσμο, αποτελούμενο από πάνω από 2.900 μεμονωμένους υφάλους και 900 νησιά, που εκτείνεται σε μήκος πάνω από 2.300 χιλιόμετρα (1.400 μίλια) σε μια περιοχή περίπου 344.400 τετραγωνικών χιλιομέτρων (133.000 τετραγωνικά μίλια). Ο ύφαλος βρίσκεται στη Θάλασσα των Κοραλλιών, στα ανοικτά των ακτών του Κουίνσλαντ, στην Αυστραλία. Είναι ορατός από το διάστημα και είναι η μεγαλύτερη ενιαία δομή στον κόσμο που έχει δημιουργηθεί από ζωντανούς οργανισμούς.","Βρίσκεται στη Θάλασσα των Κοραλλιών, στα ανοικτά των ακτών του Κουίνσλαντ, στην Αυστραλία."
"Δώστε την τυπική δομή (αριθμός στίχων) και το κοινό σχήμα ομοιοκαταληξίας για τις ακόλουθες ποιητικές μορφές: Σονέτο, Χαϊκού, Λίμερικ και Βιλανέλα.",,"Σονέτο: 14 στίχοι. Συχνά χρησιμοποιεί ABAB CDCD EFEF GG (Σαιξπηρικό) ή ABBA ABBA CDECDE (Πετραρχικό).
Χαϊκού: 3 στίχοι (δομή 5-7-5 συλλαβών). Δεν υπάρχει τυπικό σχήμα ομοιοκαταληξίας.
Λίμερικ: 5 στίχοι. Σχήμα ομοιοκαταληξίας AABBA.
Βιλανέλα: 19 στίχοι (πέντε τρίστιχα και ένα τετράστιχο). Χρησιμοποιεί ABA ABA ABA ABA ABA ABAA, με ρεφρέν."
"Αναφέρετε τα κύρια εσωτερικά στρώματα της Γης, ξεκινώντας από την επιφάνεια.",,"Η δομή της Γης γενικά χωρίζεται σε τέσσερα κύρια στρώματα: 1. Φλοιός (το λεπτό, πετρώδες κέλυφος) 2. Μανδύας (αποτελείται κυρίως από πυριτικά πετρώματα, που υποδιαιρείται σε άνω και κάτω τμήματα) 3. Εξωτερικός Πυρήνας (υγρός σίδηρος και νικέλιο) 4. Εσωτερικός Πυρήνας (στερεός σίδηρος και νικέλιο). Η θερμοκρασία και η πυκνότητα αυξάνονται σημαντικά με το βάθος."
Ορίστε την έννοια της Υπερπραγματικότητας σύμφωνα με τον Jean Baudrillard και εξηγήστε το βασικό της χαρακτηριστικό.,"Η Υπερπραγματικότητα, όπως θεωρητικοποιήθηκε από τον Jean Baudrillard, είναι η αδυναμία της συνείδησης να διακρίνει την πραγματικότητα από μια προσομοίωση της πραγματικότητας, ιδιαίτερα σε τεχνολογικά προηγμένες μεταμοντέρνες κοινωνίες. Χαρακτηρίζεται από το θόλωμα των ορίων μεταξύ του πραγματικού και του φανταστικού, όπου τα σημεία και τα σύμβολα του πραγματικού γίνονται πιο ουσιαστικά από την ίδια την πραγματικότητα που υποτίθεται ότι αντιπροσωπεύουν.","Η Υπερπραγματικότητα, όπως εννοιολογήθηκε από τον φιλόσοφο Jean Baudrillard, αναφέρεται σε μια κατάσταση όπου η συνείδηση δεν μπορεί πλέον να διακρίνει μεταξύ της πραγματικότητας και της προσομοίωσης της πραγματικότητας. Το βασικό της χαρακτηριστικό είναι το θόλωμα των ορίων μεταξύ του «πραγματικού» και του «φανταστικού», οδηγώντας σε μια κατάσταση όπου τα μοντέλα, τα σημεία και τα σύμβολα (προσομοιώματα) που αναφέρονται στην πραγματικότητα γίνονται πιο ισχυρά, επιδραστικά και ουσιαστικά από την αρχική πραγματικότητα που υποτίθεται ότι αντιπροσωπεύουν.

Ο Baudrillard υποστήριξε ότι αυτή η κατάσταση είναι ιδιαίτερα διαδεδομένη στις τεχνολογικά προηγμένες μεταμοντέρνες κοινωνίες. Στην υπερπραγματικότητα, τα αντικείμενα και οι εμπειρίες συχνά κατασκευάζονται, τελειοποιούνται ή παρουσιάζονται με τρόπο που ξεπερνά τις ατέλειες της γνήσιας πραγματικότητας. Ένα κοινό παράδειγμα είναι η εμπειρία του περπατήματος σε ένα θεματικό περιβάλλον, όπως ένα μεγάλο λούνα παρκ, όπου η προσομοιωμένη πραγματικότητα αισθάνεται πιο «πραγματική» ή ολοκληρωμένη από τη χαοτική πραγματικότητα εκτός των ορίων της. Ουσιαστικά, η υπερπραγματικότητα καταναλώνει και αντικαθιστά το πραγματικό."
"Σε ποια σύγχρονη χώρα γεννήθηκε ο Νίκολα Τέσλα, λαμβάνοντας υπόψη την τοποθεσία της εντός της πρώην Αυστριακής Αυτοκρατορίας;","Ο Νίκολα Τέσλα (10 Ιουλίου 1856 – 7 Ιανουαρίου 1943) ήταν Σερβοαμερικανός εφευρέτης, ηλεκτρολόγος μηχανικός, μηχανολόγος μηχανικός και φουτουριστής, περισσότερο γνωστός για τη συμβολή του στον σχεδιασμό του σύγχρονου συστήματος παροχής ηλεκτρικής ενέργειας εναλλασσόμενου ρεύματος (AC). Γεννημένος στο Σμίλιαν, στην Αυστριακή Αυτοκρατορία (σημερινή Κροατία), μετανάστευσε στις Ηνωμένες Πολιτείες το 1884, όπου αργότερα έγινε πολιτογραφημένος πολίτης. Ο Τέσλα συχνά πιστώνεται με την ανάπτυξη του επαγωγικού κινητήρα και της διανομής ισχύος υψηλής συχνότητας. Πέθανε άπορος στη Νέα Υόρκη σε ηλικία 86 ετών.",σημερινή Κροατία
Πότε κυκλοφόρησε για πρώτη φορά το αρχικό Apple iPhone στο κοινό;,,"Το αρχικό iPhone, που συχνά αναδρομικά αποκαλείται iPhone 2G, κυκλοφόρησε για πρώτη φορά στις 29 Ιουνίου 2007, στις Ηνωμένες Πολιτείες. Ήταν επαναστατικό επειδή συνδύαζε ένα κινητό τηλέφωνο, ένα iPod και έναν διαδικτυακό επικοινωνητή σε μία ενιαία συσκευή με διεπαφή πολλαπλής αφής."
Ποια ήταν τα τρία κύρια ορόσημα στην Αγορά της Αλάσκας το 1867 και πότε έλαβε χώρα το καθένα;,"Η απόκτηση της Αλάσκας από τις Ηνωμένες Πολιτείες, που συχνά αποκαλείται «η Τρέλα του Σιούαρντ» (Seward's Folly), επισημοποιήθηκε μέσω συνθήκης που υπογράφηκε στις 30 Μαρτίου 1867. Ο Υπουργός Εξωτερικών William H. Seward διαπραγματεύτηκε την αγορά με τον Ρώσο Υπουργό Edouard de Stoeckl έναντι 7,2 εκατομμυρίων δολαρίων. Ενώ η συνθήκη υπογράφηκε εκείνη την άνοιξη, δεν επικυρώθηκε από τη Γερουσία μέχρι τις 9 Απριλίου 1867, και τα κονδύλια δεν διατέθηκαν από τη Βουλή των Αντιπροσώπων μέχρι το 1868. Η επίσημη μεταβίβαση της κυριαρχίας, όπου υψώθηκε η σημαία των ΗΠΑ και υποστάλθηκε η ρωσική σημαία, έλαβε επίσημα χώρα στη Σίτκα της Αλάσκας, στις 18 Οκτωβρίου 1867.","Τα τρία κύρια ορόσημα το 1867 ήταν η υπογραφή της συνθήκης στις 30 Μαρτίου, η επικύρωση της Γερουσίας στις 9 Απριλίου και η επίσημη μεταβίβαση της κυριαρχίας (ύψωση σημαίας) στις 18 Οκτωβρίου."
Λεπτομέρειες για την κλασική ταινία Καζαμπλάνκα,"Η Καζαμπλάνκα είναι μια αμερικανική ρομαντική δραματική ταινία του 1942 σε σκηνοθεσία Μάικλ Κερτίζ, με πρωταγωνιστές τους Χάμφρεϊ Μπόγκαρτ, Ίνγκριντ Μπέργκμαν και Πολ Χένραϊντ. Διαδραματίζεται κατά τη διάρκεια του Β' Παγκοσμίου Πολέμου, η ιστορία επικεντρώνεται σε έναν Αμερικανό ομογενή, τον Ρικ Μπλέιν (Μπόγκαρτ), ο οποίος πρέπει να επιλέξει μεταξύ της αγάπης του για την Ίλσα Λουντ (Μπέργκμαν) και της βοήθειας προς τον σύζυγό της, Βίκτορ Λάζλο, έναν ηγέτη της Αντίστασης, ώστε να αποδράσει από την ελεγχόμενη από το Βισύ πόλη της Καζαμπλάνκα για να συνεχίσει τον αγώνα του κατά των Ναζί. Αν και γνώρισε επιτυχία κατά την κυκλοφορία της, απέκτησε πραγματικά θρυλική υπόσταση τα χρόνια που ακολούθησαν, κυρίως λόγω των αξιομνημόνευτων διαλόγων της, του εμβληματικού της φινάλε και της χημείας μεταξύ των πρωταγωνιστών. Η ταινία κέρδισε τρία Βραβεία Όσκαρ: Καλύτερης Ταινίας, Καλύτερης Σκηνοθεσίας και Καλύτερου Σεναρίου.","Η Καζαμπλάνκα είναι μια αμερικανική ρομαντική δραματική ταινία του 1942 σε σκηνοθεσία Μάικλ Κερτίζ, με πρωταγωνιστές τους Χάμφρεϊ Μπόγκαρτ, Ίνγκριντ Μπέργκμαν και Πολ Χένραϊντ. Διαδραματίζεται κατά τη διάρκεια του Β' Παγκοσμίου Πολέμου, η ιστορία επικεντρώνεται σε έναν Αμερικανό ομογενή, τον Ρικ Μπλέιν (Μπόγκαρτ), ο οποίος πρέπει να επιλέξει μεταξύ της αγάπης του για την Ίλσα Λουντ (Μπέργκμαν) και της βοήθειας προς τον σύζυγό της, Βίκτορ Λάζλο, έναν ηγέτη της Αντίστασης, ώστε να αποδράσει από την ελεγχόμενη από το Βισύ πόλη της Καζαμπλάνκα για να συνεχίσει τον αγώνα του κατά των Ναζί. Αν και γνώρισε επιτυχία κατά την κυκλοφορία της, απέκτησε πραγματικά θρυλική υπόσταση τα χρόνια που ακολούθησαν, κυρίως λόγω των αξιομνημόνευτων διαλόγων της, του εμβληματικού της φινάλε και της χημείας μεταξύ των πρωταγωνιστών. Η ταινία κέρδισε τρία Βραβεία Όσκαρ: Καλύτερης Ταινίας, Καλύτερης Σκηνοθεσίας και Καλύτερου Σεναρίου."
Απαριθμήστε τα βασικά βήματα που απαιτούνται για το ψήσιμο τυπικών μπισκότων σοκολάτας.,,"1. Προθερμάνετε τον φούρνο και ετοιμάστε τα ταψιά.
2. Κτυπήστε μαζί το βούτυρο, τη ζάχαρη και το εκχύλισμα βανίλιας μέχρι να αφρατέψουν.
3. Προσθέστε τα αυγά χτυπώντας τα ένα-ένα.
4. Σε ένα ξεχωριστό μπολ, ανακατέψτε μαζί το αλεύρι, τη μαγειρική σόδα και το αλάτι, στη συνέχεια προσθέστε σταδιακά τα ξηρά συστατικά στο υγρό μείγμα.
5. Ανακατέψτε τα κομμάτια σοκολάτας.
6. Αφήστε στρογγυλεμένες κουταλιές πάνω στα έτοιμα ταψιά.
7. Ψήστε για 9-12 λεπτά ή μέχρι οι άκρες να πάρουν ένα χρυσοκαφέ χρώμα."
Ποιο είναι το ανώτερο κλασικό τέρας: ο Δράκουλας ή το Τέρας του Φρανκενστάιν;,,"Ο Δράκουλας είναι ανώτερος επειδή ο χαρακτήρας εισήγαγε την έννοια του κομψού, αριστοκρατικού κακού που δρα μέσα στην κανονική κοινωνία. Το Τέρας του Φρανκενστάιν, αν και φιλοσοφικά ενδιαφέρον, είναι κυρίως μια παρεξηγημένη τραγική φιγούρα παρά ένα πραγματικά τρομακτικό, σκόπιμο κακό."
Ε: Ποιο είναι το εύρος θερμοκρασίας της «Ζώνης Κινδύνου» για την ασφάλεια των τροφίμων και γιατί είναι σημαντικό;,,"Α: Η «Ζώνη Κινδύνου» αναφέρεται στο εύρος θερμοκρασίας μεταξύ 40°F (4.4°C) και 140°F (60°C). Αυτό το εύρος είναι εξαιρετικά σημαντικό για την ασφάλεια των τροφίμων, επειδή είναι το βέλτιστο εύρος θερμοκρασίας στο οποίο τα επιβλαβή βακτήρια, όπως η Σαλμονέλα, το E. coli και η Λιστέρια, μπορούν να πολλαπλασιαστούν γρήγορα, συχνά διπλασιάζοντας τον πληθυσμό τους σε μόλις 20 λεπτά. Για την πρόληψη ασθενειών που προκαλούνται από τρόφιμα, τα ευπαθή τρόφιμα δεν πρέπει να παραμένουν στη Ζώνη Κινδύνου για περισσότερο από δύο ώρες συνολικά (ή μία ώρα εάν η θερμοκρασία περιβάλλοντος είναι 90°F ή υψηλότερη)."
Καταγράψτε τους κύριους περιβαλλοντικούς και κοινωνικούς λόγους για την παρακμή του Κλασικού Πολιτισμού των Μάγια με βάση το παρεχόμενο κείμενο.,"Η κατάρρευση του Κλασικού Πολιτισμού των Μάγια (περ. 250–900 ΚΕ) ήταν πολύπλοκη και πολυδιάστατη. Βασικοί περιβαλλοντικοί παράγοντες πίεσης περιλάμβαναν παρατεταμένες σοβαρές ξηρασίες (γνωστές ως «Μεγα-ξηρασίες»), οι οποίες μείωσαν δραστικά τις γεωργικές αποδόσεις. Οι κοινωνικοί παράγοντες ήταν επίσης κρίσιμοι· αυτοί περιλάμβαναν ενδημικό πόλεμο μεταξύ των πόλεων-κρατών που ανταγωνίζονταν για τους μειούμενους πόρους, και ένα σύστημα υπερβολικής εξόρυξης πόρων και μη βιώσιμης αύξησης του πληθυσμού που οδήγησε σε εκτεταμένη αποψίλωση των δασών και εξάντληση του εδάφους.","Περιβαλλοντικά αίτια: Παρατεταμένες σοβαρές ξηρασίες (Μεγα-ξηρασίες), εκτεταμένη αποψίλωση των δασών και εξάντληση του εδάφους. Κοινωνικά αίτια: Ενδημικός πόλεμος μεταξύ των πόλεων-κρατών και μη βιώσιμη αύξηση του πληθυσμού/υπερβολική εξόρυξη πόρων."
Συνοψίστε τα βασικά γεγονότα σχετικά με την αποστολή Apollo 11.,"Το Apollo 11 ήταν η αμερικανική διαστημική αποστολή που πέτυχε την πρώτη ανθρώπινη προσσελήνωση. Εκτοξεύτηκε στις 16 Ιουλίου 1969, και το πλήρωμα αποτελούνταν από τον Κυβερνήτη Νηλ Άρμστρονγκ, τον Πιλότο της Σεληνάκατου Μπαζ Όλντριν και τον Πιλότο της Ακάτου Διοίκησης Μάικλ Κόλινς. Στις 20 Ιουλίου, ο Άρμστρονγκ και ο Όλντριν προσσελήνωσαν τη Σεληνάκατο Eagle στην επιφάνεια της Σελήνης. Ο Άρμστρονγκ έγινε ο πρώτος άνθρωπος που πάτησε στο φεγγάρι έξι ώρες αργότερα, στις 21 Ιουλίου (UTC), λέγοντας τη διάσημη φράση, «Αυτό είναι ένα μικρό βήμα για έναν άνθρωπο, ένα γιγάντιο άλμα για την ανθρωπότητα.» Ο Όλντριν ακολούθησε λίγο αργότερα. Πέρασαν περίπου 21 ώρες στη Σελήνη συλλέγοντας δείγματα και διεξάγοντας πειράματα πριν συναντηθούν επιτυχώς με τον Κόλινς, ο οποίος είχε παραμείνει σε τροχιά επιβαίνοντας στην Άκατο Διοίκησης Columbia. Η αποστολή επέστρεψε με ασφάλεια στη Γη στις 24 Ιουλίου 1969.","Το Apollo 11, που εκτοξεύτηκε στις 16 Ιουλίου 1969, ήταν η αμερικανική αποστολή που πέτυχε την πρώτη ανθρώπινη προσσελήνωση. Ο Νηλ Άρμστρονγκ και ο Μπαζ Όλντριν προσσελήνωσαν τη Σεληνάκατο στις 20 Ιουλίου, με τον Άρμστρονγκ να γίνεται ο πρώτος άνθρωπος που περπάτησε στην επιφάνεια στις 21 Ιουλίου (UTC). Ο Μάικλ Κόλινς πιλοτάρισε την Άκατο Διοίκησης που βρισκόταν σε τροχιά. Το πλήρωμα επέστρεψε επιτυχώς στη Γη στις 24 Ιουλίου 1969."
Ποια είναι η κύρια λειτουργία των μιτοχονδρίων σε ένα ευκαρυωτικό κύτταρο;,,"Να παράγει το μεγαλύτερο μέρος της παροχής τριφωσφορικής αδενοσίνης (ATP) του κυττάρου, η οποία χρησιμοποιείται ως πηγή χημικής ενέργειας."
Ποιο ήταν το πρώτο σημαντικό έργο που τυπώθηκε χρησιμοποιώντας το πιεστήριο του Γουτεμβέργιου;,"Η εφεύρεση του μηχανικού πιεστηρίου εκτύπωσης με κινητά στοιχεία αποδίδεται ευρέως στον Γερμανό χρυσοχόο Γιοχάνες Γουτεμβέργιο γύρω στο 1440 στο Μάιντς της Γερμανίας. Ενώ η εκτύπωση με ξύλινα καλούπια υπήρχε προηγουμένως στην Ανατολική Ασία, η καινοτομία του Γουτεμβέργιου περιλάμβανε επαναχρησιμοποιήσιμες μεταλλικές μήτρες και μελάνι με βάση το λάδι, καθιστώντας οικονομικά εφικτή τη μαζική παραγωγή κειμένων. Αυτή η εξέλιξη αναφέρεται συχνά ως το πιο σημαντικό γεγονός της δεύτερης χιλιετίας, εισάγοντας την εποχή της μαζικής επικοινωνίας και συμβάλλοντας σημαντικά στην Αναγέννηση και τη Μεταρρύθμιση. Το αρχαιότερο σημαντικό έργο που τυπώθηκε με αυτή τη μέθοδο ήταν η Βίβλος του Γουτεμβέργιου, η οποία ολοκληρώθηκε γύρω στο 1455.","Το αρχαιότερο σημαντικό έργο που τυπώθηκε με αυτή τη μέθοδο ήταν η Βίβλος του Γουτεμβέργιου, η οποία ολοκληρώθηκε γύρω στο 1455."
"Σύμφωνα με το κείμενο, ποια ήταν η ημερομηνία εκτόξευσης του διαστημικού σκάφους Viking 1;","Το πρόγραμμα Viking αποτελούνταν από ένα ζευγάρι αμερικανικών διαστημικών σκαφών που στάλθηκαν στον Άρη, το Viking 1 και το Viking 2. Ήταν οι πιο φιλόδοξες και δαπανηρές αποστολές που είχαν σταλεί ποτέ στον Άρη. Το Viking 1 εκτοξεύτηκε στις 20 Αυγούστου 1975 και το Viking 2 εκτοξεύτηκε λίγες εβδομάδες αργότερα, στις 9 Σεπτεμβρίου 1975. Και τα δύο διαστημόπλοια αποτελούνταν από έναν τροχιακό και έναν προσεδαφιστή σχεδιασμένοι για τη μελέτη της επιφάνειας και της ατμόσφαιρας του Άρη.",20 Αυγούστου 1975
Ποιες είναι οι βασικές φυσικές και συμπεριφορικές διαφορές μεταξύ αλιγάτορων και κροκοδείλων;,,"Αν και ανήκουν και οι δύο στην τάξη Crocodilia, διαφέρουν σημαντικά. Οι αλιγάτορες (οικογένεια Alligatoridae) έχουν ρύγχη σε σχήμα U, στρογγυλεμένα, και όταν το στόμα τους είναι κλειστό, μόνο τα άνω δόντια είναι ορατά, τα οποία εφαρμόζουν τακτικά στην κάτω σιαγόνα. Κατοικούν κυρίως σε περιβάλλοντα γλυκού νερού. Οι κροκόδειλοι (οικογένεια Crocodylidae) έχουν ρύγχη σε σχήμα V, μυτερά, και ο τέταρτος κάτω κυνόδοντάς τους παραμένει ορατός όταν το στόμα τους είναι κλειστό, επειδή ακουμπά έξω από την άνω σιαγόνα. Οι κροκόδειλοι είναι γενικά πιο ανεκτικοί στο αλμυρό νερό και βρίσκονται παγκοσμίως, ενώ οι αλιγάτορες περιορίζονται κυρίως στις ΗΠΑ και την Κίνα."
Απαριθμήστε πέντε κύριους παράγοντες που συνέβαλαν στην παρακμή και την τελική πτώση της Δυτικής Ρωμαϊκής Αυτοκρατορίας.,,"Οι ιστορικοί γενικά αναφέρουν διάφορους σύνθετους παράγοντες, αλλά πέντε κύριοι συντελεστές περιλαμβάνουν: 1. Οικονομική κατάρρευση λόγω υπερπληθωρισμού και συντριπτικής φορολογίας. 2. Συνεχείς εισβολές και πίεση από διάφορες γερμανικές φυλές. 3. Πολιτική αστάθεια και εσωτερική διαφθορά, οδηγώντας σε σύντομες βασιλείες και εμφύλιες συγκρούσεις. 4. Υπερβολική εξάρτηση από μισθοφορικούς στρατούς (foederati), η οποία μείωσε τη στρατιωτική αφοσίωση. 5. Κοινωνικά ζητήματα, συμπεριλαμβανομένων ασθενειών, μειούμενων ποσοστών γεννήσεων και απώλειας της πολιτικής αρετής μεταξύ του πληθυσμού."
"Συγκρίνετε και αντιπαραβάλετε το τραγικό ελάττωμα (αμαρτία) και την τελική μοίρα της κλασικής φιγούρας του Οιδίποδα Τύραννου και του χαρακτήρα του Σαίξπηρ, Άμλετ. Δομήστε την απάντησή σας χρησιμοποιώντας σαφείς επικεφαλίδες.",,"## Σύγκριση Οιδίποδα Τύραννου και Άμλετ

### Οιδίπους Τύραννος

**Κύριο Τραγικό Ελάττωμα (Αμαρτία):** Ύβρις (υπερβολική υπερηφάνεια) σε συνδυασμό με μια έντονη, ασυμβίβαστη αναζήτηση της αλήθειας. Η απόλυτη εμπιστοσύνη του στην ικανότητά του να λύσει το μυστήριο και να ξεπεράσει τη μοίρα τον τυφλώνει στις προειδοποιήσεις και τις οδυνηρές πραγματικότητες της προφητείας από την οποία προσπαθεί να ξεφύγει.

**Τελική Μοίρα:** Αφού ανακαλύπτει ότι εκπλήρωσε την προφητεία (πατροκτονία και αιμομιξία), ο Οιδίποδας αποκτά ηθική διαύγεια μόνο αφού βιώσει βαθύτατο σωματικό πόνο. Τυφλώνεται με τις πόρπες της Ιοκάστης και αποδέχεται την αυτοεξορία, αναγνωρίζοντας τελικά την ελαττωματική του φύση και τη δύναμη της μοίρας.

### Άμλετ

**Κύριο Τραγικό Ελάττωμα (Αμαρτία):** Αναποφασιστικότητα και πνευματική παράλυση (αναβλητικότητα). Ο Άμλετ είναι επιρρεπής σε υπερβολικό στοχασμό, ο οποίος συχνά παραλύει την ικανότητά του να αναλάβει αποφασιστική δράση. Παλεύει με τις ηθικές συνέπειες της εκδίκησης και καθυστερεί την απαραίτητη πράξη μέχρι να χαθεί η ευκαιρία και η κατάσταση να ξεφύγει από τον έλεγχο.

**Τελική Μοίρα:** Ο Άμλετ επιτυγχάνει την εκδίκησή του εναντίον του Κλαύδιου, αλλά μόνο με το κόστος της δικής του ζωής (δηλητηριασμένος), και των ζωών του Λαέρτη, της Γερτρούδης και του Κλαύδιου. Πεθαίνει έχοντας αποτύχει να εξασφαλίσει ειρηνικά το βασίλειο, παραδίδοντας το στέμμα στον Νορβηγό πρίγκιπα, Φόρτινμπρας.

### Βασική Αντίθεση

Ενώ και οι δύο άνδρες είναι τραγικοί ήρωες που καταστρέφονται από την ίδια τους τη φύση, τα ελαττώματά τους είναι θεμελιωδώς αντίθετα. Η τραγωδία του Οιδίποδα ορίζεται από το **να ενεργεί πολύ γρήγορα και απερίσκεπτα** (υπερηφάνεια στη δράση), πιστεύοντας ότι μπορούσε να νικήσει τη μοίρα. Η τραγωδία του Άμλετ ορίζεται από το **να ενεργεί πολύ αργά και να σκέφτεται υπερβολικά** (παράλυση στον στοχασμό), οδηγώντας σε εκτεταμένη καταστροφή λόγω αδράνειας."
Ποια είναι τα βασικά στοιχεία που απαιτούνται για τη δημιουργία μιας αποτελεσματικής προτροπής (prompt) για ένα Μεγάλο Γλωσσικό Μοντέλο (LLM);,,"Μια αποτελεσματική προτροπή LLM συνήθως απαιτεί τέσσερα βασικά στοιχεία για να διασφαλιστεί η ακριβής έξοδος. Πρώτον, καθορίστε τον **Ρόλο/Προσωπικότητα** (π.χ., 'Ενεργήστε ως ανώτερος μηχανικός λογισμικού'). Δεύτερον, δηλώστε σαφώς την **Εργασία ή τον Στόχο** (τι θέλετε να παράγει το μοντέλο). Τρίτον, δώστε επαρκές **Πλαίσιο (Context)** ή πληροφορίες παρασκηνίου. Τέλος, καθορίστε τους **Περιορισμούς ή τη Μορφή** (π.χ., 'Απαντήστε σε μορφή JSON,' ή 'Κρατήστε την απάντηση κάτω από 200 λέξεις')."
Ποιος πλανήτης είναι γνωστός ως ο Κόκκινος Πλανήτης; Άρης ή Δίας,,Άρης
Τελειώνει ο χώρος στο δίσκο στον Linux διακομιστή μου. Ποιες εντολές πρέπει να χρησιμοποιήσω για να αναλύσω τη χρήση του δίσκου και να εντοπίσω τα μεγαλύτερα αρχεία;,,"Για να αναλύσετε τη χρήση του δίσκου σε έναν Linux διακομιστή, θα πρέπει να ξεκινήσετε με τις εντολές 'df' και 'du'. Χρησιμοποιήστε το `df -h` για να δείτε τον συνολικό, χρησιμοποιούμενο και διαθέσιμο χώρο για όλα τα προσαρτημένα συστήματα αρχείων σε μορφή ευανάγνωστη από τον άνθρωπο. Εάν ένα συγκεκριμένο διαμέρισμα είναι γεμάτο, χρησιμοποιήστε την εντολή `du` για να αναλύσετε τη χρήση καταλόγου. Ξεκινώντας από τη ρίζα του προβληματικού διαμερίσματος, χρησιμοποιήστε το `du -sh *` για να συνοψίσετε τη χρήση των άμεσων υποκαταλόγων και στη συνέχεια προχωρήστε σε λεπτομερέστερη ανάλυση. Για μια πιο ολοκληρωμένη αναζήτηση των μεγαλύτερων αρχείων, μπορείτε να χρησιμοποιήσετε την εντολή `find`. Για παράδειγμα, για να βρείτε αρχεία μεγαλύτερα από 100MB, χρησιμοποιήστε το `find / -type f -size +100M -exec ls -lh {} \;`. Εναλλακτικά, χρησιμοποιήστε το `du -a /path/to/check | sort -n -r | head -n 10` για να απαριθμήσετε τα 10 μεγαλύτερα αρχεία/καταλόγους αριθμητικά."
Ποιος ήταν ο Ιωάννης Γουτεμβέργιος;,"Ο Ιωάννης Γουτεμβέργιος ήταν Γερμανός εφευρέτης, τυπογράφος και εκδότης που εισήγαγε τη μηχανική εκτύπωση με κινητά στοιχεία στην Ευρώπη στα μέσα του 15ου αιώνα. Η εφεύρεσή του ξεκίνησε την Επανάσταση της Τυπογραφίας και θεωρείται ευρέως ως το πιο σημαντικό γεγονός της σύγχρονης περιόδου.","Ο Ιωάννης Γουτεμβέργιος ήταν Γερμανός εφευρέτης, τυπογράφος και εκδότης που εισήγαγε τη μηχανική εκτύπωση με κινητά στοιχεία στην Ευρώπη στα μέσα του 15ου αιώνα. Η εφεύρεσή του ξεκίνησε την Επανάσταση της Τυπογραφίας και θεωρείται ευρέως ως το πιο σημαντικό γεγονός της σύγχρονης περιόδου.

Το πιο αξιοσημείωτο επίτευγμα του Γουτεμβέργιου ήταν η Βίβλος του Γουτεμβέργιου, που συχνά αποκαλείται Βίβλος των 42 γραμμών, η οποία τυπώθηκε περίπου το 1455. Η τεχνολογία που ανέπτυξε περιλάμβανε την εφεύρεση μιας διαδικασίας για τη μαζική παραγωγή κινητών στοιχείων, τη χρήση μελάνης με βάση το λάδι και τη δημιουργία του ξύλινου τυπογραφικού πιεστηρίου, ενός σχεδιασμού βασισμένου σε υπάρχοντα γεωργικά πρεσάκια με κοχλία. Αυτή η καινοτομία μείωσε δραστικά το κόστος εκτύπωσης βιβλίων και κατέστησε δυνατή τη μαζική παιδεία σε όλη την Ευρώπη."
Περιγράψτε την κύρια λειτουργία της φωτοσύνθεσης στα φυτά.,"Η φωτοσύνθεση είναι η διαδικασία που χρησιμοποιούν τα φυτά, τα φύκη και ορισμένα βακτήρια για να μετατρέψουν την ενέργεια του φωτός, συνήθως από τον Ήλιο, σε χημική ενέργεια που μπορεί αργότερα να απελευθερωθεί για να τροφοδοτήσει τις δραστηριότητες του οργανισμού. Αυτή η χημική ενέργεια αποθηκεύεται σε μόρια υδατανθράκων, όπως τα σάκχαρα, τα οποία συντίθενται από διοξείδιο του άνθρακα και νερό.","Η φωτοσύνθεση είναι η διαδικασία που χρησιμοποιούν τα φυτά, τα φύκη και ορισμένα βακτήρια για να μετατρέψουν την ενέργεια του φωτός, συνήθως από τον Ήλιο, σε χημική ενέργεια που μπορεί αργότερα να απελευθερωθεί για να τροφοδοτήσει τις δραστηριότητες του οργανισμού."
Ποια είναι τα βασικά βήματα για την επιτυχή φροντίδα ενός φυτού ZZ;,,"Το φυτό ZZ (Zamioculcas zamiifolia) είναι γνωστό για την εξαιρετική του ανθεκτικότητα και το ότι απαιτεί ελάχιστη φροντίδα. Το κλειδί της επιτυχίας είναι η ελάχιστη παρέμβαση, καθώς το υπερβολικό πότισμα είναι η πιο συνηθισμένη αιτία αποτυχίας. Ακολουθούν τα βασικά βήματα φροντίδας:

1. **Φως:** Τα φυτά ZZ ανέχονται εξαιρετικά καλά περιβάλλοντα χαμηλού φωτισμού, καθιστώντας τα ιδανικά για γραφεία ή σκοτεινά δωμάτια. Ωστόσο, θα ευδοκιμήσουν και θα αναπτυχθούν γρηγορότερα σε φωτεινό, έμμεσο φως. Αποφύγετε τον έντονο, άμεσο μεσημεριανό ήλιο, ο οποίος μπορεί να κάψει τα κηρώδη φύλλα.

2. **Πότισμα:** Αυτό είναι το πιο κρίσιμο στοιχείο. Τα φυτά ZZ αποθηκεύουν νερό σε χοντρούς, σαν πατάτες ριζώματα κάτω από το χώμα. Περιμένετε μέχρι το χώμα να στεγνώσει εντελώς πριν ποτίσετε καλά. Ανάλογα με το φως και την υγρασία, αυτό συνήθως σημαίνει πότισμα μόνο μία φορά κάθε 3–4 εβδομάδες, ή ακόμα και περισσότερο κατά τη διάρκεια του χειμώνα. Όταν έχετε αμφιβολίες, περιμένετε άλλη μια εβδομάδα.

3. **Χώμα και Αποστράγγιση:** Χρησιμοποιήστε ένα καλά αποστραγγιζόμενο μείγμα εδάφους. Ένα μείγμα ειδικά σχεδιασμένο για κάκτους και παχύφυτα λειτουργεί τέλεια, ή μπορείτε να βελτιώσετε το τυπικό χώμα γλάστρας με περλίτη ή ελαφρόπετρα για να εξασφαλίσετε εξαιρετική αποστράγγιση. Χρησιμοποιείτε πάντα μια γλάστρα με τρύπα αποστράγγισης.

4. **Θερμοκρασία και Υγρασία:** Προτιμούν τις τυπικές θερμοκρασίες δωματίου (65°F to 75°F) και είναι γενικά εντάξει με τη μέση οικιακή υγρασία.

5. **Λίπανση:** Λιπάνετε με φειδώ. Εφαρμόστε ένα ισορροπημένο υγρό λίπασμα για φυτά εσωτερικού χώρου αραιωμένο στο μισό της δύναμης μόνο μία ή δύο φορές κατά τη διάρκεια της καλλιεργητικής περιόδου (άνοιξη και καλοκαίρι). Δεν χρειάζονται πολλή συμπληρωματική τροφή."
"Με βάση τον παρεχόμενο ορισμό, ποιος είναι ο πρωταρχικός στόχος της μεθοδολογίας Agile, και ποια είναι η τυπική διάρκεια των επαναλήψεων που χρησιμοποιούνται για την επίτευξη αυτού του στόχου;","Η ευέλικτη ανάπτυξη λογισμικού (Agile software development) είναι ένας όρος-ομπρέλα για ένα σύνολο πλαισίων και πρακτικών που βασίζονται στις αξίες και τις αρχές που εκφράζονται στο Μανιφέστο για την Ευέλικτη Ανάπτυξη Λογισμικού. Η μεθοδολογία δίνει έμφαση στη συνεργασία, στις αυτοοργανωμένες ομάδες και στην γρήγορη προσαρμογή στις αλλαγές. Τα κοινά πλαίσια περιλαμβάνουν τα Scrum, Kanban και Lean. Ένα βασικό χαρακτηριστικό του Agile είναι η επαναληπτική διαδικασία, όπου η εργασία χωρίζεται σε μικρές αυξήσεις (σπριντ, συνήθως διάρκειας 2-4 εβδομάδων) για να παραδίδεται λειτουργικό λογισμικό συχνά, αντί να περιμένουμε μια μεγάλη κυκλοφορία.","Ο πρωταρχικός στόχος της μεθοδολογίας Agile είναι η γρήγορη προσαρμογή στις αλλαγές και η συχνή παράδοση λειτουργικού λογισμικού μέσω της συνεργασίας. Οι επαναληπτικές διαδικασίες, που συχνά ονομάζονται σπριντ, διαρκούν συνήθως 2-4 εβδομάδες."
Ποιες είναι οι κύριες λειτουργίες του ανθρώπινου αίματος;,,"Το ανθρώπινο αίμα εξυπηρετεί τρεις πρωταρχικές και αλληλένδετες λειτουργίες: τη μεταφορά, τη ρύθμιση και την προστασία. Η μεταφορά περιλαμβάνει τη μεταφορά οξυγόνου από τους πνεύμονες στους ιστούς και διοξειδίου του άνθρακα πίσω στους πνεύμονες, την παροχή θρεπτικών ουσιών (όπως η γλυκόζη και τα αμινοξέα) και ορμονών σε όλο το σώμα, καθώς και τη μετακίνηση των μεταβολικών αποβλήτων στα νεφρά και το ήπαρ για απομάκρυνση. Η ρύθμιση περιλαμβάνει τη διατήρηση σταθερής θερμοκρασίας του σώματος μέσω της απορρόφησης και διανομής θερμότητας, τη σταθεροποίηση των φυσιολογικών επιπέδων pH του σώματος λειτουργώντας ως ρυθμιστικό διάλυμα, και τη διασφάλιση επαρκούς όγκου υγρών στο κυκλοφορικό σύστημα. Η προστασία περιλαμβάνει την πρόληψη της απώλειας αίματος μέσω του μηχανισμού πήξης (αιμόσταση) και τη θωράκιση του σώματος έναντι ασθενειών μέσω της ανοσολογικής απόκρισης, η οποία πραγματοποιείται από τα λευκά αιμοσφαίρια και τα αντισώματα που μεταφέρονται στο πλάσμα."
Ποια είναι η σημασία της «βαθιάς εργασίας» στη σύγχρονη εποχή;,,"Η βαθιά εργασία (deep work), όπως την εννοιολόγησε ο Cal Newport, είναι η ικανότητα να επικεντρώνεσαι χωρίς περισπασμούς σε ένα έργο που απαιτεί γνωστική προσπάθεια. Η σημασία της πηγάζει από δύο κρίσιμα γεγονότα της σύγχρονης οικονομίας της γνώσης. Πρώτον, η ποιοτική παραγωγή εκτιμάται πλέον πολύ περισσότερο από τις απλές ώρες εργασίας. Για να παράγεις πραγματικά εξαιρετικά ή καινοτόμα αποτελέσματα, χρειάζεσαι συγκεντρωμένη εμβάπτιση—η ρηχή εργασία (emails, συναντήσεις, logistics) απλώς διατηρεί το status quo. Δεύτερον, σε μια οικονομία με έλλειψη προσοχής, η οποία ορίζεται από συνεχείς ειδοποιήσεις και τεχνολογικές διακοπές, η διαρκής συγκέντρωση γίνεται σπάνιο αγαθό. Η ικανότητα εμπλοκής στη βαθιά εργασία είναι ουσιαστικά μια «υπερδύναμη» που επιτρέπει στα άτομα να κατακτήσουν γρήγορα δύσκολες πληροφορίες και να παράγουν αποτελέσματα υψηλού επιπέδου που είναι δύσκολο να αντιγραφούν από τους ανταγωνιστές. Ως εκ τούτου, η σκόπιμη καλλιέργεια συνηθειών βαθιάς εργασίας είναι ο κύριος παράγοντας διαφοροποίησης μεταξύ των επιτυχημένων εργαζομένων της γνώσης και εκείνων που παραμένουν κολλημένοι στην αντιδραστικότητα."
Ποιος έγραψε το 'Moby Dick';,,Ο Χέρμαν Μέλβιλ είναι ο συγγραφέας του μυθιστορήματος 'Moby Dick'.
Γιατί η εκμάθηση μιας δεύτερης γλώσσας θεωρείται εξαιρετική επένδυση χρόνου και προσπάθειας;,,"Η εκμάθηση μιας δεύτερης γλώσσας προσφέρει βαθιά οφέλη που εκτείνονται πολύ πέρα ​​από την απλή επικοινωνία. Γνωστικά, ενισχύει σημαντικά τις εκτελεστικές λειτουργίες του εγκεφάλου, βελτιώνοντας τη μνήμη, τις ικανότητες ταυτόχρονης εργασίας (multitasking) και τις δεξιότητες επίλυσης σύνθετων προβλημάτων. Αναγκάζοντας τον εγκέφαλο να διαχειριστεί δύο σύνολα κανόνων και λεξιλογίων, η εκμάθηση γλώσσας ενισχύει τη νευροπλαστικότητα και συνδέεται ενεργά με την καθυστέρηση της εμφάνισης της γνωστικής έκπτωσης που σχετίζεται με την ηλικία, όπως η άνοια. Επαγγελματικά, η διγλωσσία είναι ένα άκρως πολύτιμο περιουσιακό στοιχείο στην παγκόσμια οικονομία. Ανοίγει πόρτες σε διεθνείς αγορές εργασίας, αυξάνει τις δυνατότητες κερδών και παρέχει ένα σημαντικό ανταγωνιστικό πλεονέκτημα σε διάφορους τομείς, από τη διπλωματία και την τεχνολογία μέχρι τον τουρισμό και την ανάπτυξη επιχειρήσεων. Επιπλέον, η εκμάθηση μιας γλώσσας είναι η απόλυτη πύλη προς την πολιτιστική εμβάθυνση. Καλλιεργεί μεγαλύτερη ενσυναίσθηση και ανοχή, επιτρέποντας στον εκπαιδευόμενο να ασχοληθεί απευθείας με τη λογοτεχνία, τα μέσα ενημέρωσης και τα έθιμα που διαφορετικά θα ήταν απρόσιτα μόνο μέσω μετάφρασης. Αυτή η βαθύτερη πολιτιστική σύνδεση εμπλουτίζει ουσιαστικά τις ταξιδιωτικές εμπειρίες και διευρύνει την οπτική του ατόμου για τον κόσμο, καθιστώντας την μια πραγματικά ολιστική επένδυση στην προσωπική, πνευματική και οικονομική ανάπτυξη."
"Ο φορητός υπολογιστής μου με Windows έχει γίνει απίστευτα αργός τους τελευταίους μήνες. Δεν θέλω να αγοράσω ακόμα καινούργιο. Ποια είναι τα πιο αποτελεσματικά, δωρεάν βήματα που μπορώ να κάνω αυτή τη στιγμή για να τον επιταχύνω;",,"Η βελτίωση της ταχύτητας του υπολογιστή συχνά περιλαμβάνει τον καθαρισμό των διεργασιών παρασκηνίου και των περιττών αρχείων. Ξεκινήστε με αυτά τα τρία βασικά βήματα: 1. **Διαχείριση Προγραμμάτων Εκκίνησης:** Ανοίξτε τη Διαχείριση Εργασιών (Ctrl+Shift+Esc), μεταβείτε στην καρτέλα 'Εκκίνηση' ('Startup') και απενεργοποιήστε οποιαδήποτε εφαρμογή δεν είναι απολύτως απαραίτητο να εκτελείται κατά την εκκίνηση του υπολογιστή (π.χ., Spotify, υπηρεσίες ενημέρωσης Adobe, κ.λπ.). Αυτό μειώνει σημαντικά τον χρόνο εκκίνησης και την αρχική χρήση πόρων. 2. **Εκτέλεση Εκκαθάρισης Δίσκου:** Πληκτρολογήστε 'Εκκαθάριση Δίσκου' ('Disk Cleanup') στη γραμμή αναζήτησης των Windows. Επιλέξτε τον κύριο δίσκο σας (συνήθως C:) και κάντε κλικ στο 'Εκκαθάριση αρχείων συστήματος'. Επιλέξτε τα πλαίσια για 'Προσωρινά αρχεία' ('Temporary files'), 'Εκκαθάριση ενημερώσεων των Windows' ('Windows Update Cleanup') και 'Αρχεία Βελτιστοποίησης Παράδοσης' ('Delivery Optimization Files'), και στη συνέχεια εκτελέστε την εκκαθάριση. 3. **Απεγκατάσταση Bloatware και Αχρησιμοποίητων Προγραμμάτων:** Μεταβείτε στις Ρυθμίσεις > Εφαρμογές. Ταξινομήστε κατά ημερομηνία εγκατάστασης ή μέγεθος και απεγκαταστήστε τυχόν μεγάλες εφαρμογές που δεν έχετε χρησιμοποιήσει εδώ και μήνες ή οποιοδήποτε λογισμικό προστασίας από ιούς 'δωρεάν δοκιμής' που μπορεί να εκτελεί βαριές σαρώσεις στο παρασκήνιο. Αυτά τα βήματα θα πρέπει να προσφέρουν μια άμεση, αισθητή βελτίωση."
Ποια είναι η κύρια σύνθεση ενός νεφελώματος;,"Ένα νεφέλωμα είναι ένα διαστρικό νέφος σκόνης, υδρογόνου, ηλίου και άλλων ιονισμένων αερίων. Αρχικά, ο όρος χρησιμοποιήθηκε για να περιγράψει οποιοδήποτε διάχυτο αστρονομικό αντικείμενο, συμπεριλαμβανομένων των γαλαξιών εκτός του Γαλαξία (όπως το Νεφέλωμα της Ανδρομέδας, πριν επιβεβαιωθεί η αληθινή φύση των γαλαξιών). Τα περισσότερα νεφελώματα είναι τεράστια σε μέγεθος· μερικά έχουν διάμετρο εκατοντάδες έτη φωτός. Τα νεφελώματα είναι συχνά περιοχές σχηματισμού άστρων, όπως οι Στύλοι της Δημιουργίας στο Νεφέλωμα του Αετού. Τα αέρια και η σκόνη συσσωρεύονται για να σχηματίσουν πυκνότερες περιοχές, προσελκύοντας περαιτέρω ύλη, η οποία τελικά γίνεται αρκετά πυκνή ώστε να καταρρεύσει και να σχηματίσει άστρα.","Ένα νεφέλωμα είναι ένα διαστρικό νέφος σκόνης, υδρογόνου, ηλίου και άλλων ιονισμένων αερίων."
Ποια είναι τα κύρια συστατικά του ανθρώπινου ματιού και οι πρωταρχικές τους λειτουργίες;,"Το ανθρώπινο μάτι είναι ένα σύνθετο αισθητήριο όργανο υπεύθυνο για την όραση. Το φως εισέρχεται πρώτα μέσω του κερατοειδούς, μιας διαφανούς εξωτερικής στιβάδας που βοηθά στην εστίαση του φωτός. Πίσω από τον κερατοειδή βρίσκεται η ίριδα, το έγχρωμο μέρος του ματιού, η οποία λειτουργεί σαν διάφραγμα κάμερας, ελέγχοντας το μέγεθος της κόρης (του μαύρου κέντρου) για να ρυθμίσει την ποσότητα φωτός που εισέρχεται. Στη συνέχεια, το φως περνά μέσα από τον φακό, ο οποίος αλλάζει σχήμα για να ρυθμίσει με ακρίβεια την εστίαση στο πίσω μέρος του ματιού. Το πίσω τοίχωμα, ο αμφιβληστροειδής, περιέχει εκατομμύρια φωτοευαίσθητα κύτταρα (ραβδία και κώνοι) που μετατρέπουν το φως σε ηλεκτρικές ώσεις. Αυτές οι ώσεις μεταδίδονται στον εγκέφαλο μέσω του οπτικού νεύρου για ερμηνεία ως εικόνες.","Τα κύρια συστατικά του ματιού είναι ο κερατοειδής (μια διαφανής εξωτερική στιβάδα που εστιάζει το φως), η ίριδα (ελέγχει το μέγεθος της κόρης), η κόρη (ρυθμίζει την πρόσληψη φωτός), ο φακός (προσαρμόζει την εστίαση) και ο αμφιβληστροειδής (μετατρέπει το φως σε ηλεκτρικές ώσεις). Αυτά τα ηλεκτρικά σήματα μεταδίδονται στη συνέχεια στον εγκέφαλο μέσω του οπτικού νεύρου."
Ποια είναι τα βασικά πλεονεκτήματα και μειονεκτήματα μεταξύ ενός πλήρως απομακρυσμένου μοντέλου εργασίας και μιας παραδοσιακής δομής εντός γραφείου;,,"Η επιλογή μεταξύ μιας πλήρως απομακρυσμένης και μιας παραδοσιακής δομής γραφείου περιλαμβάνει την εξισορρόπηση της ευελιξίας των εργαζομένων έναντι της εταιρικής συνοχής και εποπτείας. Το ιδανικό μοντέλο εξαρτάται συχνά από τον κλάδο, τους ρόλους εργασίας και την οργανωτική κουλτούρα. Η απομακρυσμένη εργασία προσφέρει σημαντικά πλεονεκτήματα, όπως αυξημένη ευελιξία, εξάλειψη του κόστους και του χρόνου μετακίνησης, και πρόσβαση σε μια ευρύτερη παγκόσμια δεξαμενή ταλέντων. Ωστόσο, μπορεί να οδηγήσει σε προκλήσεις που σχετίζονται με την απομόνωση της ομάδας, δυσκολίες στον αυθόρμητο συντονισμό, τη διατήρηση σαφών ορίων εργασίας-προσωπικής ζωής και πιθανές καθυστερήσεις στην επικοινωνία. Αντίθετα, η παραδοσιακή δομή γραφείου ενθαρρύνει την ευκολότερη επικοινωνία πρόσωπο με πρόσωπο, ενισχύει την εταιρική κουλτούρα και την άμεση συναδελφικότητα, και απλοποιεί την εποπτεία της διοίκησης και την ασφάλεια. Τα μειονεκτήματα περιλαμβάνουν υψηλότερο λειτουργικό κόστος για τον εργοδότη, μειωμένη ευελιξία προγράμματος για τους εργαζομένους, υποχρεωτικές μετακινήσεις, και ενδεχομένως χαμηλότερη παραγωγικότητα λόγω των περισπασμών του γραφείου. Τελικά, πολλές σύγχρονες εταιρείες υιοθετούν υβριδικά μοντέλα για να προσπαθήσουν να αποκομίσουν τα οφέλη και των δύο ρυθμίσεων."
"Αν μπορούσατε να προτείνετε μόνο ένα μέρος στον κόσμο για ένα άτομο που αγαπά την ιστορία και τη φυσική ομορφιά, πού θα ήταν αυτό και γιατί είναι η αγαπημένη σας σύσταση;",,"Για κάποιον που αγαπά τη διασταύρωση της βαθιάς ιστορίας και της βαθιάς φυσικής ομορφιάς, η κορυφαία μου σύσταση θα ήταν το Κιότο της Ιαπωνίας. Κρατά το κλειδί για την πολιτιστική καρδιά της Ιαπωνίας, καθώς υπήρξε η αυτοκρατορική πρωτεύουσα για πάνω από μια χιλιετία. Η πόλη είναι ουσιαστικά ένα υπαίθριο μουσείο, με πάνω από 2.000 ναούς και ιερά, συμπεριλαμβανομένων των εντυπωσιακών Kinkaku-ji (Χρυσό Περίπτερο) και Kiyomizu-dera. Η ιστορική διατήρηση είναι σχολαστική. Ωστόσο, αυτό που την αναδεικνύει είναι η απρόσκοπτη ενσωμάτωση της φύσης. Οι επισκέπτες μπορούν να εξερευνήσουν το αιθέριο Δάσος Μπαμπού Αρασιγιάμα, να περπατήσουν μέσα από τις χιλιάδες βερμιγιόν πύλες τόρι του ιερού Φουσίμι Ινάρι που ελίσσονται μέσα στο δάσος της πλαγιάς, και να απολαύσουν τους γαλήνιους Κήπους Βρύων του Saihō-ji. Η εποχικότητα—ειδικά οι ανθισμένες κερασιές την άνοιξη και οι φλογερά κόκκινοι σφένδαμοι το φθινόπωρο—κάνει ολόκληρο το περιβάλλον να μοιάζει με ένα ζωντανό έργο τέχνης, εξισορροπώντας τέλεια την αρχαία ανθρώπινη προσπάθεια με την ανέγγιχτη φυσική αισθητική."
Περιγράψτε τα κύρια χαρακτηριστικά και τους στόχους της αποστολής του Διαστημικού Τηλεσκοπίου James Webb (JWST).,,"Το Διαστημικό Τηλεσκόπιο James Webb (JWST) είναι το κορυφαίο διαστημικό παρατηρητήριο που διαδέχεται το Διαστημικό Τηλεσκόπιο Hubble. Εκτοξεύτηκε στις 25 Δεκεμβρίου 2021 και επί του παρόντος βρίσκεται σε ηλιακή τροχιά γύρω από το δεύτερο σημείο Lagrange Γης-Ήλιου (L2), περίπου 1 εκατομμύριο μίλια (1,5 εκατομμύρια χιλιόμετρα) μακριά από τη Γη. Σε αντίθεση με το Hubble, το οποίο παρατηρεί κυρίως ορατό φως και υπεριώδη ακτινοβολία, το JWST είναι βελτιστοποιημένο για την υπέρυθρη αστρονομία, γεγονός που του επιτρέπει να διαπερνά νέφη σκόνης και να παρατηρεί εξαιρετικά απομακρυσμένα αντικείμενα με μετατόπιση προς το ερυθρό. Ο κύριος καθρέφτης του αποτελείται από 18 εξαγωνικά, επιχρυσωμένα τμήματα βηρυλλίου, συνολικής διαμέτρου 6,5 μέτρων (21 πόδια), καθιστώντας τον τον μεγαλύτερο κύριο καθρέφτη που έχει πετάξει ποτέ στο διάστημα. Οι επιστημονικοί στόχοι του JWST χωρίζονται σε τέσσερις κύριους τομείς: αναζήτηση των πρώτων άστρων και γαλαξιών που σχηματίστηκαν στο σύμπαν, μελέτη της συγκρότησης των γαλαξιών, διερεύνηση της γέννησης άστρων και πλανητικών συστημάτων, και ανάλυση των ατμοσφαιρών εξωπλανητών για σημάδια κατοικησιμότητας."
Ποιος διάσημος αναγεννησιακός καλλιτέχνης πιστεύεται ότι άφησε το τελευταίο του έργο ημιτελές λόγω του θανάτου του;,,"Πιστεύεται ότι ο Ραφαήλ (Raffaello Sanzio da Urbino) άφησε το τελευταίο του σημαντικό έργο, «Η Μεταμόρφωση», ημιτελές όταν πέθανε ξαφνικά το 1520."
Εξηγήστε τις θεμελιώδεις διαφορές στον σκοπό και τη σχεδίαση μεταξύ μιας CPU και μιας GPU.,,"Η Κεντρική Μονάδα Επεξεργασίας (CPU) και η Μονάδα Επεξεργασίας Γραφικών (GPU) είναι και οι δύο κρίσιμα τσιπ επεξεργασίας, αλλά διαφέρουν σημαντικά στην αρχιτεκτονική και την κύρια λειτουργία τους. Η κύρια διάκριση έγκειται στην προσέγγισή τους στην εκτέλεση εργασιών.

Πρώτον, όσον αφορά τη σχεδίαση, η CPU είναι κατασκευασμένη για σειριακή επεξεργασία. Διαθέτει λιγότερους πυρήνες (συνήθως 4 έως 16 σε μοντέλα καταναλωτών), αλλά αυτοί οι πυρήνες είναι μεμονωμένα πολύ ισχυροί και βελτιστοποιημένοι για γρήγορη εναλλαγή μεταξύ σύνθετων εργασιών που απαιτούν υψηλή ταχύτητα και χαμηλή καθυστέρηση (latency). Η CPU λειτουργεί ως ο γενικής χρήσης εγκέφαλος που διαχειρίζεται το λειτουργικό σύστημα και τις μη εξειδικευμένες εργασίες.

Δεύτερον, η GPU έχει σχεδιαστεί για μαζική παράλληλη επεξεργασία. Διαθέτει εκατοντάδες ή και χιλιάδες μικρότερους, λιγότερο ισχυρούς πυρήνες. Αυτή η αρχιτεκτονική επιτρέπει στη GPU να χειρίζεται τεράστια υπολογιστικά φορτία εκτελώντας χιλιάδες απλούς, επαναλαμβανόμενους υπολογισμούς ταυτόχρονα, κάτι που είναι ιδανικό για εργασίες όπως η απόδοση γραφικών υψηλής ανάλυσης (rendering), η επεξεργασία βίντεο και οι σύγχρονοι υπολογισμοί μηχανικής μάθησης (AI)."
"Σύμφωνα με το κείμενο, ποιοι ήταν οι τρεις αστροναύτες που συμμετείχαν στην αποστολή Apollo 11, και ποιοι ήταν οι συγκεκριμένοι ρόλοι τους;","Το Apollo 11 ήταν η διαστημική πτήση που προσγείωσε για πρώτη φορά ανθρώπους στη Σελήνη. Ο Κυβερνήτης Neil Armstrong και ο πιλότος της σεληνιακής μονάδας Buzz Aldrin προσγείωσαν το Σεληνιακό Όχημα Apollo Eagle στις 20 Ιουλίου 1969, στις 20:17 UTC. Ο Armstrong έγινε το πρώτο άτομο που πάτησε στην επιφάνεια της Σελήνης έξι ώρες αργότερα. Πέρασαν περίπου δύο και ένα τέταρτο ώρες μαζί έξω από το διαστημόπλοιο. Ο Michael Collins οδήγησε μόνος του τη μονάδα εντολών Columbia σε σεληνιακή τροχιά ενώ εκείνοι βρίσκονταν στην επιφάνεια της Σελήνης. Ο κύριος στόχος του Apollo 11 δηλώθηκε από τον Πρόεδρο John F. Kennedy στις 25 Μαΐου 1961: «η προσγείωση ενός ανθρώπου στη Σελήνη και η ασφαλής επιστροφή του στη Γη».","Οι τρεις αστροναύτες που αναφέρονται είναι ο Κυβερνήτης Neil Armstrong (Κυβερνήτης), ο Buzz Aldrin (πιλότος της σεληνιακής μονάδας) και ο Michael Collins (οδήγησε τη μονάδα εντολών Columbia)."
"Κατηγοριοποιήστε τα ακόλουθα είδη ως είτε Φρούτο, Λαχανικό, ή Δημητριακό: Μήλο, Καλαμπόκι, Σιτάρι, Καρότο, Κριθάρι, Μπανάνα, Πατάτα, Κινόα.",,"Το Μήλο είναι Φρούτο
Το Καλαμπόκι είναι Δημητριακό
Το Σιτάρι είναι Δημητριακό
Το Καρότο είναι Λαχανικό
Το Κριθάρι είναι Δημητριακό
Η Μπανάνα είναι Φρούτο
Η Πατάτα είναι Λαχανικό
Η Κινόα είναι Δημητριακό"
Ορίστε τη Φωτοσύνθεση και αναφέρετε πού συμβαίνει.,"Η Φωτοσύνθεση είναι μια διαδικασία που χρησιμοποιείται από φυτά, φύκια και ορισμένα βακτήρια για τη μετατροπή της φωτεινής ενέργειας, συνήθως από τον Ήλιο, σε χημική ενέργεια που μπορεί αργότερα να απελευθερωθεί για να τροφοδοτήσει τις δραστηριότητες του οργανισμού. Αυτή η χημική ενέργεια αποθηκεύεται σε μόρια υδατανθράκων, όπως τα σάκχαρα, τα οποία συντίθενται από διοξείδιο του άνθρακα και νερό. Στα περισσότερα πράσινα φυτά, φύκια και κυανοβακτήρια, η φωτοσύνθεση λαμβάνει χώρα κυρίως εντός οργανιδίων που ονομάζονται χλωροπλάστες, οι οποίοι περιέχουν τη χρωστική ουσία χλωροφύλλη που είναι απαραίτητη για τη δέσμευση του φωτός.","Η Φωτοσύνθεση είναι μια διαδικασία που χρησιμοποιείται από φυτά, φύκια και ορισμένα βακτήρια για τη μετατροπή της φωτεινής ενέργειας, συνήθως από τον Ήλιο, σε χημική ενέργεια. Λαμβάνει χώρα κυρίως εντός οργανιδίων που ονομάζονται χλωροπλάστες."
"Προσδιορίστε όλα τα κύρια ονόματα (ονόματα ανθρώπων, τόπων, οργανισμών και συγκεκριμένων ημερών/μηνών) από το ακόλουθο κείμενο.","Αφού συναντήθηκε με την Δρ. Eleanor Vance στο Λονδίνο, η Διευθύνουσα Σύμβουλος της TechCorp αποφάσισε να πετάξει στο Τόκιο την Τρίτη. Έπρεπε να οριστικοποιήσει τη συμφωνία συγχώνευσης με την Nippon Dynamics πριν από το τέλος του οικονομικού τριμήνου.","Eleanor Vance, Λονδίνο, TechCorp, Τόκιο, Τρίτη, Nippon Dynamics"
Προσδιορίστε το βαθύτερο γνωστό σημείο στους ωκεανούς της Γης και αναφέρετε το κατά προσέγγιση βάθος του.,,"Το βαθύτερο γνωστό σημείο είναι η Άβυσσος Τσάλεντζερ (Challenger Deep), που βρίσκεται στην Τάφρο των Μαριανών. Το βάθος της είναι περίπου 10.935 μέτρα (35.876 πόδια)."
Γιατί ο καφές είναι τόσο δημοφιλής παγκοσμίως;,,"Η τεράστια παγκόσμια δημοτικότητα του καφέ πηγάζει από ένα μείγμα βιοχημείας, πολιτισμού και κοινωνικών τελετουργικών. Βιοχημικά, ο κύριος παράγοντας είναι η καφεΐνη, ένα φυσικό διεγερτικό που αυξάνει την εγρήγορση, τη συγκέντρωση και τα επίπεδα ενέργειας, καθιστώντας τον το ιδανικό πρωινό ρόφημα ή απογευματινή τονωτική ένεση. Πολιτισμικά, η κατανάλωση καφέ έχει εξελιχθεί σε μια καθημερινή τελετουργία ενσωματωμένη στην εργασιακή ζωή και την κοινωνική αλληλεπίδραξη. Τα καφέ λειτουργούν ως ζωτικοί «τρίτοι χώροι»—ουδέτεροι τόποι συνάντησης εκτός σπιτιού και εργασίας. Επιπλέον, η τεράστια ποικιλία που είναι διαθέσιμη, από τον εσπρέσο μέχρι τους pour-overs, και η πολυπλοκότητα των γευστικών προφίλ που βασίζονται στην περιοχή και το ψήσιμο, επιτρέπουν την ατελείωτη εξατομίκευση και εκτίμηση από τους λάτρεις, οδηγώντας την παγκόσμια ζήτηση της αγοράς."
Ποιες είναι μερικές γρήγορες και υγιεινές επιλογές πρωινού για πολυάσχολους επαγγελματίες;,,"Οι πολυάσχολοι επαγγελματίες χρειάζονται γεύματα που είναι γρήγορα στην προετοιμασία και φορητά. Ακολουθούν πέντε απλές, υγιεινές επιλογές πρωινού:
1. Βρώμη Overnight (Overnight Oats): Ανακατέψτε νιφάδες βρώμης, γάλα (ζωικό ή φυτικό), σπόρους chia και φρούτα σε ένα βάζο το προηγούμενο βράδυ. Δεν απαιτούν καθόλου χρόνο μαγειρέματος το πρωί και προσφέρουν διαρκή ενέργεια.
2. Smoothies Υψηλής Πρωτεΐνης: Ανακατέψτε σπανάκι, μια μπανάνα, σκόνη πρωτεΐνης και μια υγρή βάση. Αυτή η επιλογή προσαρμόζεται εύκολα, είναι φορητή και χρειάζεται λιγότερο από πέντε λεπτά για να προετοιμαστεί.
3. Παρφέ με Ελληνικό Γιαούρτι: Στρώσεις από απλό ελληνικό γιαούρτι (πλούσιο σε πρωτεΐνη), γκρανόλα και μια χούφτα μούρα. Αυτό προσφέρει μια καλή ισορροπία πρωτεΐνης, φυτικών ινών και αντιοξειδωτικών.
4. Muffins/Μπουκιές Αυγών: Προετοιμάστε μια παρτίδα ψημένων κυπέλλων αυγών με λαχανικά και τυρί την Κυριακή. Μπορούν να ζεσταθούν στον φούρνο μικροκυμάτων σε 60 δευτερόλεπτα και είναι εξαιρετικά για πρωτεΐνη εν κινήσει.
5. Τοστ Ολικής Άλεσης με Αβοκάντο και Σπόρους: Απλό, χορταστικό και γρήγορο. Ψήστε το ψωμί, πολτοποιήστε μισό αβοκάντο από πάνω και πασπαλίστε με καρύκευμα 'everything bagel' ή σπόρους κάνναβης για πρόσθετη διατροφική αξία."
Εξηγήστε τις βασικές αρχές της μεθοδολογίας ανάπτυξης λογισμικού Agile.,,"Το Agile είναι μια επαναληπτική προσέγγιση στη διαχείριση έργων και την ανάπτυξη λογισμικού που βοηθά τις ομάδες να προσφέρουν αξία πιο γρήγορα και με λιγότερες δυσκολίες. Οι βασικές του αρχές, όπως περιγράφονται στο Μανιφέστο του Agile, δίνουν προτεραιότητα: 1) Στα άτομα και τις αλληλεπιδράσεις έναντι των διαδικασιών και των εργαλείων. 2) Στο λειτουργικό λογισμικό έναντι της εκτενούς τεκμηρίωσης. 3) Στη συνεργασία με τον πελάτη έναντι της διαπραγμάτευσης συμβολαίου. και 4) Στην ανταπόκριση στις αλλαγές έναντι της τήρησης ενός σχεδίου. Το Agile ενθαρρύνει την ταχεία προσαρμογή, τους συχνούς βρόχους ανάδρασης και τη συνεχή παράδοση χρηστικών τμημάτων του προϊόντος."
Τι είναι ο Μεγάλος Κοραλλιογενής Ύφαλος;,"Ο Μεγάλος Κοραλλιογενής Ύφαλος είναι το μεγαλύτερο σύστημα κοραλλιογενών υφάλων στον κόσμο, που αποτελείται από πάνω από 2.900 επιμέρους υφάλους και 900 νησιά, εκτεινόμενος σε πάνω από 2.300 χιλιόμετρα (1.400 μίλια) στην Θάλασσα των Κοραλλιών, στα ανοιχτά των ακτών του Κουίνσλαντ, στην Αυστραλία. Είναι η μεγαλύτερη ενιαία δομή που δημιουργήθηκε από ζωντανούς οργανισμούς, ορατή από το διάστημα, και ανακηρύχθηκε Μνημείο Παγκόσμιας Κληρονομιάς της UNESCO το 1981.","Ο Μεγάλος Κοραλλιογενής Ύφαλος είναι ένα εξαιρετικά πολύπλοκο και βιολογικά ποικιλόμορφο οικοσύστημα. Υποστηρίζει μια τεράστια ποικιλία θαλάσσιας ζωής, συμπεριλαμβανομένων 30 ειδών φαλαινών και δελφινιών, 6 από τα 7 απειλούμενα είδη θαλάσσιων χελωνών του κόσμου, πάνω από 1.500 είδη ψαριών, 4.000 τύπους μαλακίων και εκατοντάδες είδη σκληρών και μαλακών κοραλλιών. Αποτελεί επίσης σημαντικό τόπο φωλιάσματος για τις πράσινες θαλάσσιες χελώνες.

Ο ύφαλος διαχειρίζεται από την Αρχή Θαλάσσιου Πάρκου του Μεγάλου Κοραλλιογενή Υφάλου. Παρά το προστατευόμενο καθεστώς του, αντιμετωπίζει σημαντικές περιβαλλοντικές απειλές, κυρίως λόγω της κλιματικής αλλαγής που οδηγεί σε εκτεταμένη λεύκανση των κοραλλιών, αλλά και από την παράκτια ανάπτυξη, την απορροή από τη γεωργία και τους κύκλους έξαρσης του αστερία ""ακάνθινο στεφάνι"". Η οικονομική του συμβολή είναι ουσιαστική, υποστηρίζοντας χιλιάδες θέσεις εργασίας μέσω του τουρισμού και της αλιείας. Ο ύφαλος έχει μεγάλη πολιτιστική σημασία για πολλούς αυτόχθονες Αβορίγινες και νησιώτες των Στενών Τόρες, οι οποίοι έχουν μια μακρά και βαθιά σύνδεση με την περιοχή."
Εξηγήστε την πολιτιστική σημασία του 'The 305'.,,"Το 305 είναι ο κύριος κωδικός περιοχής για την κομητεία Μαϊάμι-Ντέιντ της Φλόριντα και έχει γίνει μια ισχυρή πολιτιστική συντομογραφία για την ίδια την πόλη του Μαϊάμι. Είναι συνώνυμο της ζωντανής λατινικής κουλτούρας, ιδιαίτερα της μεγάλης κουβανοαμερικανικής κοινότητας σε περιοχές όπως η Μικρή Αβάνα (Little Havana). Η ταυτότητα '305' συνδέεται έντονα με τη μουσική, τη νυχτερινή ζωή και τη λάμψη, και συχνά αναφέρεται στο hip-hop και το reggaeton (π.χ., ο Pitbull, γνωστός ως 'Mr. 305'). Η περιοχή είναι παγκοσμίως γνωστή για τις εκπληκτικές παραλίες της (Miami Beach), την αρχιτεκτονική Art Deco και την ιδιότητά της ως κόμβος διεθνών επιχειρήσεων και τουρισμού. Το να αναφέρεται κανείς στο Μαϊάμι ως 'The 305' εκφράζει υπερηφάνεια και αφοσίωση στο μοναδικό υποτροπικό, γεμάτο ενέργεια περιβάλλον του, το οποίο διαφέρει από άλλα μέρη της Φλόριντα."
Προσδιορίστε τα εργαλεία που απαιτούνται για την αλλαγή ενός τυπικού ελαστικού αυτοκινήτου από την παρεχόμενη λίστα.,"Σφυρί, Γρύλος, Κλειδί μπουλονιών τροχού, Σετ καρυδάκια, Ρεζέρβα, Κατσαβίδι, Μετροταινία, Φτυάρι, Συσκευή ασφάλισης.","Γρύλος, Κλειδί μπουλονιών τροχού, Ρεζέρβα."
"Εξάγετε όλες τις αριθμητικές μετρήσεις που σχετίζονται με το φυσικό μέγεθος ή τον αριθμό των συστατικών του συστήματος του Μεγάλου Κοραλλιογενούς Ύφαλου. Παρουσιάστε τα ευρήματα ως μια λίστα με κουκκίδες, διασφαλίζοντας ότι κάθε στοιχείο περιλαμβάνει τόσο τον αριθμό όσο και τη σχετική μονάδα ή τον τύπο συστατικού του.","Ο Μεγάλος Κοραλλιογενής Ύφαλος είναι το μεγαλύτερο κοραλλιογενές σύστημα υφάλων στον κόσμο, αποτελούμενο από πάνω από 2.900 μεμονωμένους υφάλους και 900 νησιά που εκτείνονται σε μήκος άνω των 2.300 χιλιομέτρων (1.400 μιλίων) σε μια έκταση περίπου 344.400 τετραγωνικών χιλιομέτρων (133.000 τετραγωνικά μίλια). Ο ύφαλος βρίσκεται στην Θάλασσα των Κοραλλίων, στα ανοιχτά της ακτής του Κουίνσλαντ, στην Αυστραλία. Χαρακτηρίστηκε Μνημείο Παγκόσμιας Κληρονομιάς της UNESCO το 1981. Το σύστημα του υφάλου υποστηρίζει μια τεράστια ποικιλία ζωής, συμπεριλαμβανομένων 30 ειδών φαλαινών, δελφινιών και φωκαινών, 1.500 ειδών ψαριών και περίπου 400 τύπων σκληρών κοραλλιών. Ωστόσο, η κλιματική αλλαγή, η αύξηση της θερμοκρασίας της θάλασσας και η ρύπανση αποτελούν σημαντικές απειλές για τη μακροπρόθεσμη υγεία του.","- 2,900 μεμονωμένοι ύφαλοι
- 900 νησιά
- 2,300 χιλιόμετρα
- 1,400 μίλια
- 344,400 τετραγωνικά χιλιόμετρα
- 133,000 τετραγωνικά μίλια"
Σε ποια θερμοκρασία βράζει το καθαρό νερό σε κανονική ατμοσφαιρική πίεση;,,Το καθαρό νερό βράζει στους 100 βαθμούς Κελσίου (212 βαθμούς Φαρενάιτ) στο επίπεδο της θάλασσας.
Ποια είναι η σημασία της Στήλης της Ροζέττας;,"Η Στήλη της Ροζέττας είναι μια στήλη από γρανοδιορίτη, η οποία φέρει χαραγμένες τρεις εκδοχές ενός διατάγματος που εκδόθηκε στη Μέμφιδα της Αιγύπτου, το 196 π.Χ. κατά τη διάρκεια της Πτολεμαϊκής δυναστείας. Τα άνω και μεσαία κείμενα είναι γραμμένα σε αρχαία αιγυπτιακά ιερογλυφικά και Δημοτική γραφή, αντίστοιχα, ενώ το κάτω είναι γραμμένο σε αρχαία ελληνικά. Επειδή παρουσιάζει ουσιαστικά το ίδιο κείμενο και στις τρεις γραφές (με μικρές διαφορές), παρείχε το κρίσιμο κλειδί για την αποκρυπτογράφηση των αιγυπτιακών ιερογλυφικών το 1822 από τον Ζαν-Φρανσουά Σαμπολιόν, ανοίγοντας έτσι την κατανόηση της αρχαίας αιγυπτιακής γλώσσας και του πολιτισμού.","Η Στήλη της Ροζέττας είναι σημαντική επειδή παρείχε το κρίσιμο κλειδί για την αποκρυπτογράφηση των αρχαίων αιγυπτιακών ιερογλυφικών το 1822, καθώς περιείχε το ίδιο διάταγμα γραμμένο σε τρεις γραφές: ιερογλυφικά, Δημοτική γραφή και αρχαία ελληνικά."
Ποια είναι τα πρώτα τρία βήματα που πρέπει να ακολουθήσω για να δημιουργήσω έναν βιώσιμο προσωπικό προϋπολογισμό και να αρχίσω να αποταμιεύω;,,"Για να δημιουργήσετε έναν βιώσιμο προϋπολογισμό και να αρχίσετε να αποταμιεύετε αμέσως, εστιάστε σε αυτές τις τρεις βασικές ενέργειες:

1.  **Καταγράψτε κάθε δαπάνη:** Για τον πρώτο μήνα, καταγράψτε σχολαστικά κάθε δεκάρα που ξοδεύετε (χρησιμοποιώντας μια εφαρμογή, λογιστικό φύλλο ή σημειωματάριο). Αυτό δημιουργεί επίγνωση των βασικών σας συνηθειών δαπάνης.
2.  **Κατηγοριοποιήστε και Ελέγξτε:** Διαχωρίστε τα έξοδά σας σε σταθερά κόστη (ενοίκιο, ασφάλεια), μεταβλητά κόστη (είδη παντοπωλείου, ψυχαγωγία) και διακριτικές δαπάνες. Προσδιορίστε τη «διαρροή»—περιοχές όπου μικρές, συχνές αγορές συσσωρεύονται άσκοπα.
3.  **Εφαρμόστε το «Πληρώστε τον Εαυτό σας Πρώτα»:** Ρυθμίστε μια αυτόματη μεταφορά αμέσως μετά την κατάθεση της μισθοδοσίας σας, η οποία μετακινεί ένα προκαθορισμένο ποσό αποταμίευσης απευθείας σε έναν λογαριασμό ταμιευτηρίου υψηλής απόδοσης. Αντιμετωπίστε αυτή τη μεταφορά ως μη διαπραγματεύσιμη δαπάνη."
"Ομαδοποιήστε τις ακόλουθες πόλεις ανάλογα με την κύρια ήπειρό τους: Κάιρο, Σίδνεϊ, Σαγκάη, Ρίο ντε Τζανέιρο, Λονδίνο, Γιοχάνεσμπουργκ, Νέα Υόρκη, Μόσχα.",,"Αφρική: Κάιρο, Γιοχάνεσμπουργκ
Ασία: Σαγκάη
Ευρώπη: Λονδίνο, Μόσχα
Βόρεια Αμερική: Νέα Υόρκη
Ωκεανία: Σίδνεϊ
Νότια Αμερική: Ρίο ντε Τζανέιρο"
Ποιος πιστώνεται με τη ζωγραφική της Μόνα Λίζα;,,Λεονάρντο ντα Βίντσι
Ποια είναι η μεγαλύτερη ζωντανή δομή στη Γη;,,"Η μεγαλύτερη ζωντανή δομή στη Γη είναι ο Μεγάλος Κοραλλιογενής Ύφαλος, που βρίσκεται στα ανοικτά των ακτών της Αυστραλίας. Είναι το μεγαλύτερο κοραλλιογενές σύστημα υφάλων στον κόσμο και μπορεί ακόμη και να φανεί από το διάστημα."
Ποια είναι η πρωτεύουσα πόλη της Αυστραλίας,,Καμπέρα
"Προσδιορίστε τους τρεις κύριους τύπους RNA που βρίσκονται στα ευκαρυωτικά κύτταρα, ταξινομήστε τους ανάλογα με τον ρόλο τους στη γονιδιακή έκφραση (μεταγραφή ή μετάφραση), και συνοψίστε την κύρια λειτουργία του καθενός.",,"Οι τρεις κύριοι τύποι RNA που βρίσκονται στα ευκαρυωτικά κύτταρα είναι το Αγγελιοφόρο RNA (mRNA), το Μεταφορικό RNA (tRNA) και το Ριβοσωμικό RNA (rRNA). Είναι απαραίτητα συστατικά του κεντρικού δόγματος της μοριακής βιολογίας, διευκολύνοντας τη μετατροπή της γενετικής πληροφορίας από το DNA σε λειτουργικές πρωτεΐνες.

### 1. Αγγελιοφόρο RNA (mRNA)

**Ταξινόμηση:** Συμμετέχει κυρίως στη **Μεταγραφή** (αρχική σύνθεση με βάση το πρότυπο DNA) και χρησιμεύει ως πρότυπο για τη **Μετάφραση**.

**Λειτουργία:** Το mRNA λειτουργεί ως ενδιάμεσο μόριο. Μεταγράφεται από ένα πρότυπο DNA στον πυρήνα, μεταφέροντας τον γενετικό κώδικα (με τη μορφή κωδικονίων) για μια συγκεκριμένη πρωτεΐνη. Στη συνέχεια ταξιδεύει στο κυτταρόπλασμα (ή στο ενδοπλασματικό δίκτυο) όπου υπαγορεύει την αλληλουχία των αμινοξέων που θα συναρμολογηθούν κατά τη διάρκεια της πρωτεϊνοσύνθεσης.

### 2. Μεταφορικό RNA (tRNA)

**Ταξινόμηση:** Συμμετέχει κυρίως στη **Μετάφραση**.

**Λειτουργία:** Τα μόρια tRNA είναι υπεύθυνα για τη φυσική μεταφορά των κατάλληλων αμινοξέων στο ριβόσωμα κατά τη μετάφραση. Κάθε μόριο tRNA διαθέτει ένα αντικωδικόνιο (μια αλληλουχία συμπληρωματική του κωδικονίου mRNA) στο ένα άκρο και φέρει το αντίστοιχο αμινοξύ του στο άλλο άκρο. Εξασφαλίζει ότι η σωστή πολυπεπτιδική αλυσίδα δομείται σύμφωνα με τις οδηγίες του mRNA.

### 3. Ριβοσωμικό RNA (rRNA)

**Ταξινόμηση:** Συμμετέχει κυρίως στη **Μετάφραση** (δομική και καταλυτική).

**Λειτουργία:** Το rRNA είναι το κύριο δομικό και καταλυτικό συστατικό των ριβοσωμάτων, των μοριακών μηχανών που είναι υπεύθυνες για τη σύνθεση πρωτεϊνών. Τα ριβοσώματα είναι σύμπλοκα rRNA και πρωτεϊνών. Τα μόρια rRNA είναι ζωτικής σημασίας για τη διατήρηση της δομής του ριβοσώματος και, κυρίως, το rRNA της μεγάλης υπομονάδας (γνωστό ως πεπτιδυλοτρανσφεράση) καταλύει το σχηματισμό των πεπτιδικών δεσμών που συνδέουν τα αμινοξέα μεταξύ τους."
Εξηγήστε γιατί ο Πλούτωνας επαναταξινομήθηκε από κύριος πλανήτης σε πλανήτης νάνος.,,"Το 2006, η Διεθνής Αστρονομική Ένωση (IAU) καθιέρωσε τον πρώτο επίσημο ορισμό του «πλανήτη». Αυτός ο ορισμός απαιτούσε από ένα ουράνιο σώμα να πληροί τρία κριτήρια: 1) Να περιφέρεται γύρω από τον Ήλιο. 2) Να έχει επαρκή μάζα ώστε η αυτοβαρύτητά του να του προσδίδει σχεδόν σφαιρικό σχήμα (υδροστατική ισορροπία)· και 3) Να έχει καθαρίσει τη γειτονιά γύρω από την τροχιά του. Ο Πλούτωνας ικανοποίησε τα δύο πρώτα κριτήρια, αλλά απέτυχε στο τρίτο επειδή μοιράζεται την τροχιακή του περιοχή (τη Ζώνη του Κάιπερ) με πολλά άλλα μεγάλα αντικείμενα. Κατά συνέπεια, ο Πλούτωνας επαναταξινομήθηκε ως «πλανήτης νάνος»."
Ποιο είναι το μεγαλύτερο εν ζωή είδος πιγκουίνου;,"Οι πιγκουίνοι είναι μια ομάδα υδρόβιων, μη πτητικών πτηνών. Ζουν σχεδόν αποκλειστικά στο Νότιο Ημισφαίριο, με μόνο ένα είδος, τον πιγκουίνο των Γκαλαπάγκος, να ζει βόρεια του ισημερινού. Είναι εξαιρετικά προσαρμοσμένοι στη ζωή στο νερό, οι πιγκουίνοι έχουν σκούρο και λευκό φτέρωμα με αντίθετες αποχρώσεις, και τα φτερά τους έχουν εξελιχθεί σε πτερύγια. Οι περισσότεροι πιγκουίνοι τρέφονται με κριλ, ψάρια, καλαμάρια και άλλες μορφές θαλάσσιας ζωής που πιάνουν κολυμπώντας. Το μεγαλύτερο εν ζωή είδος είναι ο Αυτοκρατορικός πιγκουίνος (Emperor penguin), ο οποίος έχει μέσο ύψος περίπου 1,1 μέτρα (3 ft 7 in) και ζυγίζει 35 κιλά (77 lb). Το μικρότερο είδος είναι ο Μικρός μπλε πιγκουίνος (Little blue penguin, γνωστός και ως νεραϊδο-πιγκουίνος), που ζυγίζει περίπου 1 κιλό (2.2 lb).",Ο Αυτοκρατορικός πιγκουίνος
Κατηγοριοποιήστε τους παρακάτω όρους φαντασίας/επιστημονικής φαντασίας ανάλογα με το κύριο σύμπαν τους: Star Wars (SW) ή Ο Άρχοντας των Δαχτυλιδιών (LOTR).,"Δαχτυλίδι, Δύναμη, Φωτόσπαθο, Μάγος, Διαστημόπλοιο, Ξωτικό, Αυτοκρατορία, Ορκ, Τζεντάι.","SW: Δύναμη, Φωτόσπαθο, Διαστημόπλοιο, Αυτοκρατορία, Τζεντάι. LOTR: Δαχτυλίδι, Μάγος, Ξωτικό, Ορκ."
Εξηγήστε τις κύριες λειτουργίες του χρήματος σε μια σύγχρονη οικονομία.,,"Το χρήμα εξυπηρετεί τρεις κρίσιμες λειτουργίες σε μια σύγχρονη οικονομία, αντικαθιστώντας τις εγγενείς ανεπάρκειες ενός συστήματος ανταλλαγής (μπάρτερ). Πρώτον, είναι ένα **μέσο συναλλαγής**, που σημαίνει ότι είναι καθολικά αποδεκτό για την αγορά και πώληση αγαθών και υπηρεσιών, εξαλείφοντας την ανάγκη για «διπλή σύμπτωση αναγκών». Δεύτερον, λειτουργεί ως **λογιστική μονάδα**, παρέχοντας ένα κοινό σημείο αναφοράς για την τιμολόγηση αντικειμένων, τη σύγκριση αξιών και τον υπολογισμό χρεών. Αυτό μας επιτρέπει να μετρήσουμε εύκολα την αξία διαφορετικών αντικειμένων, όπως ενός αυτοκινήτου σε σύγκριση με ενός καρβελιού ψωμιού. Τέλος, το χρήμα είναι ένα **αποθεματικό αξίας**, επιτρέποντας στα άτομα να διατηρούν πλούτο και να αναβάλλουν τη δύναμη αγοράς τους για το μέλλον, υπό την προϋπόθεση ότι ο πληθωρισμός είναι σχετικά σταθερός. Αυτές οι τρεις λειτουργίες διασφαλίζουν την ομαλή λειτουργία του εμπορίου και των οικονομικών παγκοσμίως."
Ποιο ήταν το όνομα του πρώτου εμπορικά διαθέσιμου φούρνου μικροκυμάτων και πόση ενέργεια καταναλώνουν σήμερα οι τυπικές οικιακές μονάδες;,"Οι φούρνοι μικροκυμάτων θερμαίνουν τα τρόφιμα εκθέτοντάς τα σε ηλεκτρομαγνητική ακτινοβολία στην περιοχή συχνοτήτων μικροκυμάτων. Αυτό προκαλεί την περιστροφή των πολικών μορίων στα τρόφιμα, όπως το νερό, και την παραγωγή θερμικής ενέργειας—μια διαδικασία γνωστή ως διηλεκτρική θέρμανση. Αν και συχνά θεωρείται μια σύγχρονη εφεύρεση, η βασική τεχνολογία αναπτύχθηκε από τον Percy Spencer το 1945. Οι σύγχρονες οικιακές μονάδες καταναλώνουν συνήθως μεταξύ 600 και 1.200 βατ ισχύος και λειτουργούν σε συχνότητες περίπου 2.45 GHz. Ωστόσο, η πρώτη εμπορικά διαθέσιμη μονάδα, το 'Radarange,' ζύγιζε πάνω από 750 λίβρες και είχε ύψος σχεδόν έξι πόδια.","Η πρώτη εμπορικά διαθέσιμη μονάδα ήταν το 'Radarange,' και οι σύγχρονες οικιακές μονάδες καταναλώνουν συνήθως μεταξύ 600 και 1.200 βατ ισχύος."
Τι ήταν η Συνθήκη των Βερσαλλιών;,"Η Συνθήκη των Βερσαλλιών ήταν η σημαντικότερη από τις συνθήκες ειρήνης που έθεσαν τέλος στον Α' Παγκόσμιο Πόλεμο. Η Συνθήκη τερμάτισε την κατάσταση πολέμου μεταξύ της Γερμανίας και των Συμμαχικών Δυνάμεων. Υπογράφηκε στις 28 Ιουνίου 1919 στις Βερσαλλίες, ακριβώς πέντε χρόνια μετά τη δολοφονία του Αρχιδούκα Φραγκίσκου Φερδινάνδου, η οποία οδήγησε άμεσα στον πόλεμο. Οι άλλες Κεντρικές Δυνάμεις αντιμετωπίστηκαν με ξεχωριστές συνθήκες. Αν και η ανακωχή, που υπογράφηκε στις 11 Νοεμβρίου 1918, έθεσε τέλος στις πραγματικές μάχες, χρειάστηκαν έξι μήνες διαπραγματεύσεων στην Ειρηνευτική Διάσκεψη του Παρισιού για να συναφθεί η συνθήκη ειρήνης. Η συνθήκη καταχωρήθηκε από τη Γραμματεία της Κοινωνίας των Εθνών στις 21 Οκτωβρίου 1919. Η συνθήκη περιείχε 440 άρθρα, τα οποία απαιτούσαν από τη Γερμανία να αναλάβει την πλήρη ευθύνη για την πρόκληση του πολέμου και προέβλεπαν βαριές πληρωμές αποζημιώσεων, σημαντικές εδαφικές παραχωρήσεις και αυστηρούς στρατιωτικούς περιορισμούς.",Η Συνθήκη των Βερσαλλιών ήταν η σημαντικότερη από τις συνθήκες ειρήνης που έθεσαν επίσημα τέλος στον Α' Παγκόσμιο Πόλεμο και τερμάτισαν την κατάσταση πολέμου μεταξύ της Γερμανίας και των Συμμαχικών Δυνάμεων.
"Συντάξτε ένα εσωτερικό υπόμνημα από έναν Διαχειριστή Έργου προς την Εκτελεστική ομάδα σχετικά με την καθυστέρηση της προθεσμίας για την «Ανάπτυξη Λογισμικού Atlas». Το υπόμνημά σας πρέπει 1) να εξηγεί σαφώς την κύρια αιτία της καθυστέρησης, 2) να ζητά την άμεση διάθεση ενός ανώτερου μηχανικού DevOps και διευρυμένο παράθυρο δοκιμών, και 3) να προτείνει μια νέα υποχρεωτική φάση αξιολόγησης κινδύνου πριν από την ανάπτυξη για όλα τα μελλοντικά έργα.",,"ΥΠΟΜΝΗΜΑ

ΠΡΟΣ: Εκτελεστική Ομάδα Ηγεσίας (ELT)
ΑΠΟ: [Όνομα Διαχειριστή Έργου], Επικεφαλής Ανάπτυξης Atlas
ΗΜΕΡΟΜΗΝΙΑ: 26 Οκτωβρίου 2023
ΘΕΜΑ: Ενημέρωση Κατάστασης και Σχέδιο Διορθωτικών Ενεργειών για την Καθυστέρηση Ανάπτυξης Λογισμικού Atlas

Με το παρόν υπόμνημα επιβεβαιώνεται ότι η προγραμματισμένη για τις 25 Οκτωβρίου ανάπτυξη του πακέτου λογισμικού Atlas δεν πραγματοποιήθηκε.

1) Η κύρια αιτία αυτής της καθυστέρησης ήταν η ανακάλυψη κρίσιμων, απρόβλεπτων συγκρούσεων ολοκλήρωσης μεταξύ των νέων αναπτυγμένων μονάδων Atlas και της υπάρχουσας παλαιού τύπου υποδομής χρηματοοικονομικής αναφοράς (Σύστημα 3). Ενώ πραγματοποιήθηκαν αρχικοί έλεγχοι εξαρτήσεων, η πολυπλοκότητα των πρωτοκόλλων χειρισμού δεδομένων του Συστήματος 3 ήρθε στην επιφάνεια μόνο κατά την τελική δοκιμή πίεσης υψηλού φόρτου αργά την περασμένη εβδομάδα. Η επίλυση αυτών των ζητημάτων απαιτεί εξειδικευμένες γνώσεις που υπερβαίνουν το τρέχον πεδίο δράσης της ομάδας Διασφάλισης Ποιότητας (QA).

2) Για να σταθεροποιηθεί το χρονοδιάγραμμα ανάπτυξης και να διασφαλιστεί μια επιτυχής εκκίνηση, ζητώ επειγόντως δύο κρίσιμους πόρους:
* Την άμεση, αποκλειστική διάθεση ενός ανώτερου μηχανικού DevOps, συγκεκριμένα της Jane Keller, για τις επόμενες 72 ώρες για την επίλυση των πολύπλοκων εμφραγμάτων API παλαιού τύπου.
* Μια επίσημη επέκταση του παραθύρου δοκιμών κατά επιπλέον πέντε εργάσιμες ημέρες, ώστε να επικυρωθούν αυστηρά οι διορθώσεις πριν από τον επαναπρογραμματισμό της ημερομηνίας ανάπτυξης.

3) Προχωρώντας, για τον μετριασμό του κινδύνου παρόμοιων καθυστερήσεων σε μελλοντικές κρίσιμες αναπτύξεις, προτείνω την άμεση θέσπιση μιας υποχρεωτικής φάσης Αξιολόγησης Κινδύνου πριν από την Ανάπτυξη (PDRA). Αυτή η φάση, που θα εκτελείται κατά το στάδιο του σχεδιασμού, θα επιβάλλει συγκεκριμένα ενδελεχή έλεγχο όλων των διασυνδεδεμένων συστημάτων παλαιού τύπου και θα απαιτεί έγκριση (υπογραφή) από τους αρμόδιους ιδιοκτήτες συστημάτων, ανεξάρτητα από την αντιληπτή εξάρτηση.

Εκτιμώ την άμεση προσοχή σας σε αυτά τα αιτήματα. Θα παράσχω μια αναθεωρημένη εκτίμηση χρονοδιαγράμματος μέχρι το τέλος της εργάσιμης ημέρας μόλις επιβεβαιωθούν οι πόροι."
Ποια συγκεκριμένη πρόκληση αντιμετώπισε ο Αλεξάντερ Φλέμινγκ αφού αναγνώρισε την ουσία που ονόμασε πενικιλίνη;,"Η πενικιλίνη ανακαλύφθηκε από τον Σκωτσέζο γιατρό και μικροβιολόγο Αλεξάντερ Φλέμινγκ το 1928, αν και η κλινική της χρήση καθυστέρησε για πάνω από μια δεκαετία. Ο Φλέμινγκ παρατήρησε μια μούχλα, το *Penicillium notatum*, να μολύνει ένα τρυβλίο Petri στο εργαστήριό του στο Λονδίνο. Παρατήρησε ότι η περιοχή ακριβώς γύρω από την αποικία της μούχλας ήταν απαλλαγμένη από βακτηριακή ανάπτυξη (συγκεκριμένα *Staphylococcus*). Ο Φλέμινγκ αναγνώρισε σωστά την ενεργή ουσία ως πενικιλίνη, αλλά δυσκολεύτηκε να απομονώσει και να καθαρίσει την ένωση σε σταθερή μορφή κατάλληλη για μαζική παραγωγή ή αποτελεσματική ανθρώπινη θεραπεία. Μόλις στις αρχές της δεκαετίας του 1940, όταν οι επιστήμονες της Οξφόρδης Χάουαρντ Φλόρεϊ και Ερνστ Τσέιν ανέπτυξαν μια διαδικασία για τον καθαρισμό και τη σταθεροποίηση της πενικιλίνης, έγινε ένα βιώσιμο θεραπευτικό φάρμακο, επηρεάζοντας μαζικά τα θύματα κατά τον Β' Παγκόσμιο Πόλεμο.",Ο Φλέμινγκ δυσκολεύτηκε να απομονώσει και να καθαρίσει την ένωση σε σταθερή μορφή κατάλληλη για μαζική παραγωγή ή αποτελεσματική ανθρώπινη θεραπεία.
"Αναφέρετε τα τέσσερα κύρια άτομα που συμμετείχαν στην ανακάλυψη και καθαρισμό της ινσουλίνης σύμφωνα με το κείμενο, σημειώνοντας τους συγκεκριμένους ρόλους τους.","Η ινσουλίνη ανακαλύφθηκε το 1921 από τον Φρέντερικ Μπάντινγκ και τον Τσαρλς Μπεστ στο Πανεπιστήμιο του Τορόντο. Εργάστηκαν υπό την επίβλεψη του Τζον Τζέιμς Ρίκαρντ ΜακΛέοντ. Αρχικά, η ομάδα δυσκολεύτηκε με τον καθαρισμό των παγκρεατικών εκχυλισμάτων. Αργότερα, ο Τζέιμς Κόλιπ συμμετείχε στην προσπάθεια και ανέπτυξε μια διαδικασία για τη δημιουργία μιας επαρκώς καθαρής μορφής εκχυλίσματος ινσουλίνης, το οποίο ονομάστηκε 'Isletin'. Η πρώτη επιτυχημένη δοκιμή σε άνθρωπο πραγματοποιήθηκε στις 23 Ιανουαρίου 1922, με τον 14χρονο Λέοναρντ Τόμσον. Στους Μπάντινγκ και ΜακΛέοντ απονεμήθηκε αμφιλεγόμενα το Βραβείο Νόμπελ Φυσιολογίας ή Ιατρικής του 1923, μια τιμή την οποία ο Μπάντινγκ μοιράστηκε αμέσως με τον Μπεστ, και ο ΜακΛέοντ με τον Κόλιπ.",Στον Φρέντερικ Μπάντινγκ και τον Τσαρλς Μπεστ πιστώνεται η αρχική ανακάλυψη της ινσουλίνης. Ο Τζον Τζέιμς Ρίκαρντ ΜακΛέοντ ήταν ο επόπτης της ομάδας. Ο Τζέιμς Κόλιπ ήταν υπεύθυνος για την ανάπτυξη της διαδικασίας καθαρισμού που επέτρεψε τις επιτυχημένες δοκιμές σε ανθρώπους (δημιουργώντας το 'Isletin').
Απαριθμήστε τα κύρια οικονομικά και υλικοτεχνικά πλεονεκτήματα που αναφέρουν οι εταιρείες για την εφαρμογή μόνιμων πολιτικών απομακρυσμένης εργασίας.,,"Τα κύρια πλεονεκτήματα που αναφέρονται συχνά περιλαμβάνουν:
1. Σημαντική μείωση του λειτουργικού κόστους με την ελαχιστοποίηση της ανάγκης για φυσικούς χώρους γραφείων, υπηρεσίες κοινής ωφέλειας και συναφείς υπηρεσίες.
2. Πρόσβαση σε μια ευρύτερη, μη τοπική δεξαμενή ταλέντων, επιτρέποντας στις εταιρείες να προσλαμβάνουν ειδικούς ανεξαρτήτως της γεωγραφικής τους θέσης.
3. Αυξημένη διατήρηση των εργαζομένων και ικανοποίηση από την εργασία λόγω της μεγαλύτερης ευελιξίας και της εξάλειψης των αγχωτικών καθημερινών μετακινήσεων.
4. Βελτιωμένη παραγωγικότητα σε ορισμένους ρόλους, καθώς οι εργαζόμενοι μπορούν να προσαρμόσουν το εργασιακό τους περιβάλλον για να μεγιστοποιήσουν τη συγκέντρωση.
5. Ενισχυμένη οργανωτική ανθεκτικότητα και επιχειρησιακή συνέχεια κατά τη διάρκεια τοπικών διακοπών ή έκτακτων καταστάσεων."
Εξηγήστε τη διαφορά μεταξύ καιρού και κλίματος σε μία μόνο πρόταση.,,"Ο καιρός περιγράφει τις ατμοσφαιρικές συνθήκες σε σύντομο χρονικό διάστημα, ενώ το κλίμα περιγράφει τα μέσα καιρικά πρότυπα σε μεγάλες χρονικές περιόδους."
"Απαριθμήστε τις τέσσερις βάσεις αζώτου που βρίσκονται στο DNA, χωρισμένες με άνω τελεία και ακολουθούμενες από τη μονογράμματη συντομογραφία τους σε παρένθεση.","Το δεοξυριβονουκλεϊκό οξύ (DNA) είναι ένα σύνθετο μόριο που περιέχει όλες τις πληροφορίες που είναι απαραίτητες για την κατασκευή και τη διατήρηση ενός οργανισμού. Το DNA αποτελείται από δύο μακριές αλυσίδες νουκλεοτιδίων τυλιγμένες η μία γύρω από την άλλη, σχηματίζοντας μια διπλή έλικα. Κάθε νουκλεοτίδιο έχει τρία μέρη: μια φωσφορική ομάδα, ένα μόριο σακχάρου (δεσοξυριβόζη) και μία από τις τέσσερις βάσεις αζώτου. Αυτές οι βάσεις είναι η Αδενίνη (A), η Γουανίνη (G), η Κυτοσίνη (C) και η Θυμίνη (T). Η αλληλουχία αυτών των βάσεων είναι αυτή που καθορίζει τον γενετικό κώδικα.",Αδενίνη (A); Γουανίνη (G); Κυτοσίνη (C); Θυμίνη (T)
Πώς πρέπει να απαντήσω αν το ενήλικο παιδί μου μου πει ότι αντιμετωπίζει σοβαρή κατάθλιψη και σκέφτεται να παρατήσει το κολέγιο;,,"Το πιο σημαντικό άμεσο βήμα είναι να επικυρώσετε τον πόνο τους και να δώσετε προτεραιότητα στην ευημερία τους έναντι των ακαδημαϊκών ανησυχιών. Απαντήστε με ήρεμη συμπόνια, τονίζοντας ότι η υγεία τους είναι πιο σημαντική από το πτυχίο τους αυτή τη στιγμή. Πείτε, 'Σε ευχαριστώ που το μοιράστηκες μαζί μου. Θα το αντιμετωπίσουμε μαζί.' Βοηθήστε τους άμεσα να αναζητήσουν επαγγελματική αξιολόγηση—επικοινωνώντας με ένα πανεπιστημιακό συμβουλευτικό κέντρο, έναν παθολόγο ή έναν ειδικό ψυχικής υγείας. Εάν είναι απαραίτητο να σταματήσουν, παρουσιάστε το ως «παύση» ή «άδεια για λόγους υγείας» για να μειώσετε τα συναισθήματα αποτυχίας, και επικεντρωθείτε στην καθιέρωση ενός σταθερού συστήματος υποστήριξης και ενός σχεδίου θεραπείας πριν από οποιεσδήποτε μεγάλες υλικοτεχνικές αλλαγές."
"Παρέχετε μια συνοπτική περίληψη των αιτιών και των άμεσων αποτελεσμάτων της Κρίσης των Πυραύλων της Κούβας (Οκτώβριος 1962), διασφαλίζοντας ότι η περίληψη είναι κάτω από 200 λέξεις.",,"Η Κρίση των Πυραύλων της Κούβας, που συνέβη τον Οκτώβριο του 1962, ήταν μια 13ήμερη αντιπαράθεση μεταξύ των Ηνωμένων Πολιτειών και της Σοβιετικής Ένωσης, η οποία πυροδοτήθηκε από την εγκατάσταση σοβιετικών βαλλιστικών πυραύλων στην Κούβα. Οι βασικές αιτίες πηγάζουν από την κλιμάκωση των εντάσεων του Ψυχρού Πολέμου, την εγκατάσταση των πυραύλων Jupiter από τις ΗΠΑ στην Τουρκία, και τη σοβιετική επιθυμία να προστατεύσει την Κούβα μετά την αποτυχημένη εισβολή στον Κόλπο των Χοίρων. Η κρίση κορυφώθηκε όταν οι ΗΠΑ επέβαλαν ναυτικό αποκλεισμό (καραντίνα).

Η επίλυση περιελάμβανε τη συμφωνία του Σοβιετικού ηγέτη Χρουστσόφ να αποσυναρμολογήσει τους πυραύλους με αντάλλαγμα μια δημόσια δέσμευση των ΗΠΑ να μην εισβάλουν στην Κούβα, σε συνδυασμό με μια μυστική συμφωνία για την απομάκρυνση των αμερικανικών πυραύλων από την Τουρκία. Ένα σημαντικό άμεσο αποτέλεσμα ήταν η καθιέρωση της τηλεφωνικής γραμμής Μόσχας–Ουάσιγκτον για τη διευκόλυνση της άμεσης επικοινωνίας και την αποτροπή μελλοντικής πυρηνικής κλιμάκωσης."
Συνοψίστε τα βασικά γεγονότα και τα μέλη του πληρώματος της αποστολής Apollo 11 με βάση το παρεχόμενο κείμενο.,"Το Apollo 11 ήταν η διαστημική πτήση που προσγείωσε τους δύο πρώτους ανθρώπους στη Σελήνη. Ο Κυβερνήτης Neil Armstrong και ο πιλότος της σεληνάκατου Buzz Aldrin προσγείωσαν τη Σεληνιακή Άκατο του Απόλλων *Eagle* στις 20 Ιουλίου 1969, στις 20:17 UTC. Ο Armstrong έγινε ο πρώτος άνθρωπος που πάτησε στη σεληνιακή επιφάνεια έξι ώρες αργότερα, στις 21 Ιουλίου. Ο Aldrin τον ακολούθησε 19 λεπτά αργότερα. Πέρασαν περίπου δύο ώρες και ένα τέταρτο μαζί έξω από το διαστημόπλοιο και συνέλεξαν 47,5 λίβρες (21,5 κιλά) σεληνιακού υλικού για να το φέρουν πίσω στη Γη. Το τρίτο μέλος του πληρώματος, ο Michael Collins, πιλοτάρισε τη μονάδα εντολών *Columbia* μόνος του σε σεληνιακή τροχιά, ενώ ο Armstrong και ο Aldrin βρίσκονταν στην επιφάνεια της Σελήνης. Το Apollo 11 εκτοξεύτηκε από έναν πύραυλο Saturn V από το Διαστημικό Κέντρο Κένεντι στις 16 Ιουλίου και επέστρεψε στη Γη, κάνοντας προσθαλάσσωση στον Ειρηνικό Ωκεανό, στις 24 Ιουλίου.","Το Apollo 11 ήταν η αποστολή που προσγείωσε τους δύο πρώτους ανθρώπους στη Σελήνη: τον Κυβερνήτη Neil Armstrong (πρώτος στην επιφάνεια) και τον πιλότο της σεληνάκατου Buzz Aldrin. Προσγείωσαν τη σεληνάκατο *Eagle* στις 20 Ιουλίου 1969. Ενώ ήταν στην επιφάνεια, πέρασαν περίπου δύο ώρες και ένα τέταρτο συλλέγοντας 47,5 λίβρες σεληνιακού υλικού. Το τρίτο μέλος του πληρώματος, ο Michael Collins, πιλοτάρισε τη μονάδα εντολών *Columbia* σε τροχιά. Η αποστολή εκτοξεύτηκε στις 16 Ιουλίου και προσθαλασσώθηκε στον Ειρηνικό Ωκεανό στις 24 Ιουλίου."
Ποιο θεωρείται επί του παρόντος το πιο δύσκολο ηθικό πρόβλημα που αντιμετωπίζει η ευρείας κλίμακας ανάπτυξη της Τεχνητής Νοημοσύνης;,,"Το ζήτημα της λογοδοσίας και το πρόβλημα του «μαύρου κουτιού» είναι υψίστης σημασίας. Δεδομένου ότι πολλά προηγμένα μοντέλα ΤΝ χρησιμοποιούν βαθιά μάθηση που καθιστά αδιαφανή τη διαδικασία λήψης αποφάσεων, καθίσταται σχεδόν αδύνατο να προσδιοριστεί ποιος είναι υπεύθυνος όταν μια ΤΝ λαμβάνει μια επιβλαβή ή μεροληπτική απόφαση (ο προγραμματιστής, ο χρήστης ή η ίδια η ΤΝ). Αυτή η έλλειψη διαφάνειας υπονομεύει τα νομικά και ηθικά πλαίσια λογοδοσίας."
Πρέπει να συμμαζέψω γρήγορα την κουζίνα μου πριν έρθουν οι καλεσμένοι. Ποια είναι τρία βασικά καθήκοντα στα οποία πρέπει να επικεντρωθώ;,,"Θα πρέπει να επικεντρωθείτε στο γρήγορο άδειασμα του νεροχύτη και το πλύσιμο τυχόν πιάτων, το σκούπισμα όλων των προσβάσιμων επιφανειών του πάγκου και το σκούπισμα ή τον επιτόπιο καθαρισμό της ορατής περιοχής του δαπέδου."
"Αναφέρετε τις πρωτεύουσες για τις ακόλουθες χώρες μέλη της G7: Καναδάς, Γαλλία, Γερμανία, Ιταλία, Ιαπωνία, Ηνωμένο Βασίλειο και Ηνωμένες Πολιτείες.",,"Καναδάς: Οτάβα
Γαλλία: Παρίσι
Γερμανία: Βερολίνο
Ιταλία: Ρώμη
Ιαπωνία: Τόκιο
Ηνωμένο Βασίλειο: Λονδίνο
Ηνωμένες Πολιτείες: Ουάσιγκτον, D.C."
"Ποιος ανακάλυψε τον Πλούτωνα, και ποια χρονιά και σε ποια τοποθεσία έγινε επίσημα η ανακάλυψη;","Ο Πλούτωνας ανακαλύφθηκε επίσημα στις 18 Φεβρουαρίου 1930 από τον Clyde Tombaugh στο Παρατηρητήριο Lowell στην Αριζόνα. Η ύπαρξή του είχε προβλεφθεί νωρίτερα λόγω παρατηρούμενων διαταραχών στις τροχιές του Ουρανού και του Ποσειδώνα, οδηγώντας τους αστρονόμους να αναζητήσουν έναν «Πλανήτη Χ». Ο Tombaugh βρήκε τον Πλούτωνα συγκρίνοντας συστηματικά φωτογραφικές πλάκες που είχαν ληφθεί με διαφορά αρκετών ημερών, αναζητώντας αντικείμενα που κινούνταν σε σχέση με τα αστέρια του φόντου. Η σύμβαση ονοματοδοσίας έγινε μέσω κοινού, και το όνομα «Πλούτωνας», που προτάθηκε από την 11χρονη Venetia Burney, επιλέχθηκε επίσημα αργότερα την ίδια χρονιά.",Ο Clyde Tombaugh ανακάλυψε τον Πλούτωνα το 1930 στο Παρατηρητήριο Lowell στην Αριζόνα.
Ποια είναι η μακρύτερη ηπειρωτική οροσειρά στον κόσμο;,,"Η μακρύτερη ηπειρωτική οροσειρά είναι οι Άνδεις. Εκτείνεται σε περίπου 7.000 χιλιόμετρα (4.300 μίλια) και διατρέχει ολόκληρη τη δυτική ακτή της Νότιας Αμερικής, περνώντας μέσα από επτά διαφορετικές χώρες."
Γιατί τα ευγενή αέρια είναι σε μεγάλο βαθμό μη αντιδραστικά;,,"Τα ευγενή αέρια είναι σε μεγάλο βαθμό μη αντιδραστικά επειδή διαθέτουν πλήρες συμπλήρωμα ηλεκτρονίων σθένους στο εξώτατο ενεργειακό τους κέλυφος (μία οκτάδα, ή μία δυάδα για το ήλιο). Αυτή η σταθερή ηλεκτρονική διαμόρφωση τα καθιστά ανθεκτικά στην απόκτηση, απώλεια ή διαμοιρασμό ηλεκτρονίων, που είναι οι θεμελιώδεις διεργασίες που απαιτούνται για τον σχηματισμό χημικών δεσμών."
Ποια είναι τα διακριτικά χαρακτηριστικά που καθιστούν τη Βέστα μοναδική μεταξύ των αστεροειδών;,"Η Βέστα είναι το δεύτερο πιο ογκώδες σώμα στη ζώνη των αστεροειδών, που βρίσκεται μεταξύ του Άρη και του Δία. Σε αντίθεση με πολλούς μικρότερους αστεροειδείς, η Βέστα παρουσιάζει σημαντική πλανητική διαφοροποίηση, πράγμα που σημαίνει ότι έχει έναν ξεχωριστό πυρήνα, μανδύα και φλοιό. Είναι το μητρικό σώμα για τους μετεωρίτες HED (Χοουαρδίτες, Ευκρίτες και Διογενίτες) οι οποίοι πέφτουν συχνά στη Γη, παρέχοντας στους επιστήμονες πολύτιμα δείγματα της σύνθεσής της. Το διαστημόπλοιο Dawn τέθηκε σε τροχιά γύρω από τη Βέστα από το 2011 έως το 2012, επιβεβαιώνοντας τη στρωματοποιημένη δομή της και ανακαλύπτοντας τον ασυνήθιστα μεγάλο κρατήρα πρόσκρουσης με κεντρική κορυφή (peak-ring), τη Ρεασιλβία.","Η Βέστα παρουσιάζει σημαντική πλανητική διαφοροποίηση, πράγμα που σημαίνει ότι διαθέτει έναν ξεχωριστό πυρήνα, μανδύα και φλοιό. Επιπλέον, είναι το μητρικό σώμα για τους μετεωρίτες HED."
Τι προκάλεσε την αποτυχία των φτερών του Ίκαρου;,"Ο Δαίδαλος, ένας μάστορας τεχνίτης, κατασκεύασε φτερά από κερί και φτερά, ώστε αυτός και ο γιος του, ο Ίκαρος, να μπορέσουν να δραπετεύσουν από τη φυλακή στην Κρήτη. Ο Δαίδαλος προειδοποίησε αυστηρά τον γιο του: να μην πετάξει πολύ κοντά στη θάλασσα, καθώς η υγρασία θα βάραινε τα φτερά, ούτε πολύ ψηλά, καθώς η θερμότητα του ήλιου σίγουρα θα έλιωνε το κερί που ένωνε τα φτερά. Αγνοώντας τις απεγνωσμένες παρακλήσεις του πατέρα του, ο Ίκαρος ανέβαινε όλο και ψηλότερα, μεθυσμένος από την ελευθερία της πτήσης. Καθώς πλησίαζε τον ήλιο, το κερί μαλάκωσε και διαλύθηκε, τα φτερά αποκολλήθηκαν και ο Ίκαρος βυθίστηκε στη θάλασσα.",Η θερμότητα του ήλιου έλιωσε το κερί που ένωνε τα φτερά.
Τι είναι γεμάτο τρύπες αλλά κρατάει νερό;,,Ένα σφουγγάρι.
"Σύμφωνα με το παρεχόμενο κείμενο, ποιοι είναι οι δύο κύριοι μηχανισμοί που επιτρέπουν σε ένα Συνελικτικό Νευρωνικό Δίκτυο (ΣΝΔ) να μειώσει την υπολογιστική πολυπλοκότητα και τον αριθμό παραμέτρων σε σύγκριση με τα παραδοσιακά δίκτυα;","Ένα Συνελικτικό Νευρωνικό Δίκτυο (ΣΝΔ) είναι μια κατηγορία βαθιών νευρωνικών δικτύων, που εφαρμόζεται συχνότερα στην ανάλυση οπτικών εικόνων. Διακρίνονται από τη χρήση συνελικτικών επιπέδων, τα οποία εφαρμόζουν ένα φίλτρο στα δεδομένα εισόδου για να δημιουργήσουν έναν χάρτη χαρακτηριστικών, επιτρέποντας στο δίκτυο να μάθει χωρικές ιεραρχίες. Σε αντίθεση με τα παραδοσιακά νευρωνικά δίκτυα τροφοδοσίας προς τα εμπρός (feedforward), τα ΣΝΔ μειώνουν σημαντικά τον αριθμό των απαιτούμενων παραμέτρων μέσω της χρήσης κοινών βαρών και επιπέδων ομαδοποίησης (pooling layers). Τα επίπεδα ομαδοποίησης, όπως το max-pooling, μειώνουν τη διάσταση των χαρτών χαρακτηριστικών, γεγονός που βοηθά στην αποτροπή της υπερπροσαρμογής (overfitting) και καθιστά τον υπολογισμό πιο διαχειρίσιμο. Το πλήρως συνδεδεμένο επίπεδο (fully connected layer), το οποίο συνήθως βρίσκεται στο τέλος της αρχιτεκτονικής, λαμβάνει τα χαρακτηριστικά υψηλού επιπέδου που έχουν μάθει τα συνελικτικά επίπεδα και τα χρησιμοποιεί για την ταξινόμηση της εικόνας εισόδου.","Ένα ΣΝΔ μειώνει την πολυπλοκότητα κυρίως μέσω της χρήσης κοινών βαρών που είναι εγγενή στα συνελικτικά επίπεδα, και δευτερευόντως, μέσω της χρήσης επιπέδων ομαδοποίησης (όπως το max-pooling), τα οποία μειώνουν τη διάσταση των χαρτών χαρακτηριστικών."
Ποιο είναι το χημικό σύμβολο για τον χρυσό;,,Το χημικό σύμβολο για τον χρυσό είναι Au.
Εξηγήστε την έννοια της αναδρομής.,,"Η αναδρομή είναι μια τεχνική προγραμματισμού όπου μια συνάρτηση καλεί τον εαυτό της, είτε άμεσα είτε έμμεσα, για να λύσει ένα πρόβλημα. Η βασική ιδέα είναι η διάσπαση ενός σύνθετου προβλήματος σε μικρότερα, πανομοιότυπα υποπροβλήματα. Για να τερματίσει μια αναδρομική συνάρτηση και να αποφευχθεί ένας ατελείωτος βρόχος, πρέπει να έχει δύο βασικά μέρη: 1) Τη Βασική Περίπτωση (Base Case): Μια συνθήκη που σταματά την αναδρομή, παρέχοντας μια άμεση λύση για την απλούστερη περίπτωση του προβλήματος. 2) Το Αναδρομικό Βήμα (Recursive Step): Όπου η συνάρτηση καλεί τον εαυτό της με τροποποιημένη είσοδο, πλησιάζοντας τη βασική περίπτωση. Μια κλασική αναλογία είναι η τοποθέτηση δύο καθρεφτών αντικριστά. Η αντανάκλαση περιέχει μια μικρότερη εκδοχή της συνολικής εικόνας, η οποία συνεχίζεται επ' άπειρον εκτός αν εισαχθεί ένας κανόνας διακοπής (βασική περίπτωση)."
"Εξάγετε το πλήρες όνομα του δεινοσαύρου, το έτος ανακάλυψής του και το καθοριστικό του χαρακτηριστικό από το κείμενο εισόδου, παρουσιάζοντας το αποτέλεσμα ως μια δομημένη λίστα όπου το χαρακτηριστικό ακολουθεί το όνομα και το έτος σε παρένθεση.","Ο Triceratops horridus, που ανακαλύφθηκε το 1887, παραμένει ένας από τους πιο αναγνωρίσιμους κερασφόρους δεινόσαυρους. Αργότερα, το 1905, ο τεράστιος Tyrannosaurus rex ονομάστηκε επίσημα. Ένα τρίτο σημαντικό εύρημα, που χρονολογείται από το 1877, ήταν ο Stegosaurus armatus, γνωστός για τις πλάκες και τις αιχμές της ουράς του.","*   Triceratops horridus (1887): κερασφόροι δεινόσαυροι
*   Tyrannosaurus rex (1905): τεράστιος δεινόσαυρος
*   Stegosaurus armatus (1877): πλάκες και αιχμές ουράς"
Περιγράψτε την κατασκευή και την οικονομική σημασία της Διώρυγας του Παναμά.,,"Η Διώρυγα του Παναμά είναι μια τεχνητή πλωτή οδός που συνδέει τον Ατλαντικό Ωκεανό με τον Ειρηνικό Ωκεανό, κατασκευασμένη κυρίως για να συντομεύσει τη θαλάσσια διαδρομή μεταξύ Βόρειας και Νότιας Αμερικής. Η κατασκευή ξεκίνησε από τους Γάλλους το 1881 αλλά απέτυχε λόγω ασθενειών και μηχανολογικών δυσκολιών. Οι Ηνωμένες Πολιτείες ανέλαβαν το έργο το 1904 και το ολοκλήρωσαν το 1914. Οικονομικά, η διώρυγα είναι ζωτικής σημασίας, επιτρέποντας στα πλοία να παρακάμψουν τη μακρά και επικίνδυνη διαδρομή γύρω από το Ακρωτήριο Χορν. Αποτελεί ένα κρίσιμο σημείο συμφόρησης για το παγκόσμιο θαλάσσιο εμπόριο, διαχειριζόμενη εκατομμύρια τόνους φορτίου ετησίως και μειώνοντας σημαντικά το κόστος μεταφοράς παγκοσμίως."
"Ποια είναι η μόνη χώρα της οποίας η σημαία δεν περιέχει τα χρώματα κόκκινο, λευκό ή μπλε;",,Λιβύη (αναφερόμενη στη σημαία που χρησιμοποιήθηκε μεταξύ 1977 και 2011).
Εξηγήστε την έννοια της κβαντικής διεμπλοκής και τη σημασία της.,,"Η Κβαντική διεμπλοκή είναι ένα φυσικό φαινόμενο όπου δύο ή περισσότερα σωματίδια συνδέονται με τέτοιο τρόπο ώστε να μοιράζονται την ίδια κβαντική κατάσταση, ανεξάρτητα από τη χωρική απόσταση που τα χωρίζει. Όταν τα σωματίδια είναι διεμπλεγμένα, η μέτρηση μιας συγκεκριμένης κβαντικής ιδιότητας (όπως η περιστροφή/σπιν ή η πόλωση) ενός σωματιδίου καθορίζει αμέσως την αντίστοιχη ιδιότητα του άλλου σωματιδίου (ή σωματιδίων) στο ζεύγος. Αυτή η συσχέτιση υφίσταται ακόμα και αν τα σωματίδια διαχωρίζονται από τεράστιες αποστάσεις, οδηγώντας τον Άλμπερτ Αϊνστάιν να αναφερθεί διάσημα στο φαινόμενο ως “στοιχειωμένη δράση εξ αποστάσεως”, καθώς φαίνεται να υποδηλώνει μεταφορά πληροφορίας ταχύτερα από την ταχύτητα του φωτός (αν και καμία κλασική πληροφορία δεν μπορεί πραγματικά να μεταδοθεί με αυτόν τον τρόπο).

Η διεμπλοκή προκύπτει επειδή η κβαντική κυματοσυνάρτηση που περιγράφει το σύστημα δεν μπορεί να παραγοντοποιηθεί σε ξεχωριστές κυματοσυναρτήσεις για κάθε συστατικό σωματίδιο. Είναι ένα θεμελιώδες χαρακτηριστικό της κβαντικής μηχανικής και θεωρείται κρίσιμος πόρος για την ανάπτυξη τεχνολογιών επόμενης γενιάς. Η σημασία της έγκειται κυρίως στην επιστήμη της κβαντικής πληροφορίας, αποτελώντας τη βάση για πρακτικές εφαρμογές όπως η κβαντική κρυπτογραφία (ασφαλής επικοινωνία), η κβαντική πληροφορική (επιτρέποντας εκθετικές επιταχύνσεις για ορισμένα υπολογιστικά προβλήματα μέσω qubits) και η κβαντική τηλεμεταφορά."
Απαριθμήστε τους τέσσερις βραχώδεις εσωτερικούς πλανήτες του ηλιακού μας συστήματος.,,"Ερμής, Αφροδίτη, Γη και Άρης."
"Χρησιμοποιώντας το παρεχόμενο κείμενο, απαριθμήστε τους τέσσερις Γαλιλαίους δορυφόρους, παρουσιάζοντάς τους σε αριθμημένη λίστα.","Οι τέσσερις μεγαλύτεροι δορυφόροι του Δία είναι συλλογικά γνωστοί ως οι Γαλιλαίοι δορυφόροι, που ονομάστηκαν έτσι από τον ανακαλύπτη τους, Γαλιλαίο Γαλιλέι, το 1610. Αυτοί οι δορυφόροι περιστρέφονται γύρω από τον Δία σε προβλέψιμες τροχιές. Η Ιώ, ο εσωτερικότερος από τους τέσσερις, είναι ηφαιστειακά ενεργή. Η Ευρώπη είναι γνωστή για το λείο, παγωμένο κέλυφός της, υποδηλώνοντας έναν υπόγειο ωκεανό. Ο Γανυμήδης είναι ο μεγαλύτερος δορυφόρος σε ολόκληρο το ηλιακό σύστημα και είναι ο μόνος που είναι γνωστό ότι διαθέτει τη δική του μαγνητόσφαιρα. Η Καλλιστώ, ο εξωτερικότερος της ομάδας, είναι έντονα κρατηροποιημένη και φαίνεται γεωλογικά νεκρή.","1. Ιώ
2. Ευρώπη
3. Γανυμήδης
4. Καλλιστώ"
"Με βάση το ακόλουθο κείμενο σχετικά με την ιστορία του Διαδικτύου, εξάγετε το έτος αποστολής του πρώτου μηνύματος και τον οργανισμό που ανέπτυξε την βασική τεχνολογία.","Η ιστορία του Διαδικτύου ξεκινά με την ανάπτυξη των ηλεκτρονικών υπολογιστών τη δεκαετία του 1950. Η ιδέα των δικτύων ευρείας περιοχής ξεκίνησε με την έρευνα για την μεταγωγή πακέτων (packet switching), η οποία ήταν κρίσιμη για τη μετάδοση δεδομένων. Ο κύριος πρόδρομος του Διαδικτύου ήταν το ARPANET, που ιδρύθηκε από την Υπηρεσία Προηγμένων Ερευνητικών Έργων (ARPA) του Υπουργείου Άμυνας των ΗΠΑ. Το ARPANET απέστειλε επιτυχώς το πρώτο του μήνυμα στις 29 Οκτωβρίου 1969, από έναν υπολογιστή στο UCLA σε έναν στο Stanford Research Institute. Αυτή η θεμελιώδης τεχνολογία, με επίκεντρο τη μεταγωγή πακέτων και τα αρχικά πρωτόκολλα TCP/IP, αναπτύχθηκε και χρηματοδοτήθηκε σε μεγάλο βαθμό από την ARPA, η οποία αργότερα μετονομάστηκε σε DARPA.",Το πρώτο μήνυμα στάλθηκε το 1969. Η βασική τεχνολογία αναπτύχθηκε και χρηματοδοτήθηκε από την Υπηρεσία Προηγμένων Ερευνητικών Έργων (ARPA) του Υπουργείου Άμυνας των ΗΠΑ.
Εξηγήστε την κεντρική έννοια της Αρχής της Απροσδιοριστίας του Χάιζενμπεργκ.,,"Η Αρχή της Απροσδιοριστίας του Χάιζενμπεργκ δηλώνει ότι είναι θεμελιωδώς αδύνατο να μετρηθούν ταυτόχρονα με ακρίβεια τόσο η θέση όσο και η ορμή ενός σωματιδίου. Όσο πιο ακριβώς είναι γνωστή η μία ιδιότητα, τόσο λιγότερο ακριβώς μπορεί να είναι γνωστή η άλλη."
Αναφέρετε τα πέντε κύρια στρώματα της ατμόσφαιρας της Γης ξεκινώντας από την επιφάνεια και κινούμενοι προς τα έξω.,,"Τα πέντε κύρια στρώματα της ατμόσφαιρας της Γης, ξεκινώντας από το έδαφος, είναι:
1. Τροπόσφαιρα: Όπου συμβαίνουν όλα τα καιρικά φαινόμενα.
2. Στρατόσφαιρα: Περιέχει το στρώμα του όζοντος, το οποίο απορροφά την υπεριώδη ακτινοβολία.
3. Μεσόσφαιρα: Όπου οι περισσότεροι μετεωρίτες καίγονται κατά την είσοδό τους.
4. Θερμόσφαιρα: Το στρώμα όπου εμφανίζονται τα σέλαα (Βόρειο και Νότιο Σέλας).
5. Εξώσφαιρα: Το εξώτατο στρώμα που τελικά σβήνει στο διάστημα."
Εξηγήστε τον ρόλο και τη σημασία ενός ακρογωνιαίου είδους (ή είδους-κλειδί) σε ένα οικοσύστημα.,,"Ένα ακρογωνιαίο είδος (ή είδος-κλειδί) είναι ένας οργανισμός που έχει δυσανάλογα μεγάλη επίδραση στο φυσικό του περιβάλλον σε σχέση με την αφθονία του. Τέτοια είδη είναι κρίσιμα για τη διατήρηση της δομής μιας οικολογικής κοινότητας, επηρεάζοντας πολλούς άλλους οργανισμούς στο οικοσύστημα και καθορίζοντας τους τύπους και τους αριθμούς των διαφόρων ειδών που υπάρχουν. Εάν αφαιρεθεί ένα ακρογωνιαίο είδος, το οικοσύστημα συχνά αλλάζει δραστικά ή καταρρέει εντελώς, μια έννοια που καταδεικνύεται από τον οικολογικό ρόλο των θαλάσσιων ενυδρίδων ή των γκρίζων λύκων."
Ποιο είναι το βαθύτερο γνωστό σημείο στους ωκεανούς της Γης και πόσο βαθύ είναι;,,"Το βαθύτερο γνωστό σημείο είναι η Άβυσσος Τσάλεντζερ (Challenger Deep), που βρίσκεται στην Τάφρο των Μαριανών στον δυτικό Ειρηνικό Ωκεανό. Το μέγιστο μετρημένο βάθος του είναι περίπου 10.935 μέτρα (35.876 πόδια) κάτω από την επιφάνεια της θάλασσας. Αυτό το βάθος είναι σχεδόν 2.000 μέτρα μεγαλύτερο από το ύψος του Έβερεστ πάνω από την επιφάνεια της θάλασσας."
Τι είναι το τεχνικό χρέος στην ανάπτυξη λογισμικού;,,"Το τεχνικό χρέος είναι μια έννοια στην ανάπτυξη λογισμικού που αντικατοπτρίζει το υπονοούμενο κόστος πρόσθετης αναδιαμόρφωσης που προκαλείται από την επιλογή μιας εύκολης (περιορισμένης) λύσης τώρα, αντί για τη χρήση μιας καλύτερης προσέγγισης που θα απαιτούσε περισσότερο χρόνο. Είναι μια μεταφορά για την αντιστάθμιση μεταξύ ταχύτητας και ποιότητας. Όπως ακριβώς και το οικονομικό χρέος, το τεχνικό χρέος πρέπει τελικά να αποπληρωθεί — με αναδιαμόρφωση (refactoring) ή επανακατασκευή των στοιχείων — διαφορετικά το έργο θα υποστεί κλιμακούμενο κόστος συντήρησης, μειωμένη ευελιξία και τελική κατάρρευση."
Σε ποια δύο διαφορετικά επιστημονικά πεδία κέρδισε βραβεία Νόμπελ η Μαρία Κιουρί;,"Η Μαρία Σκουοντόφσκα Κιουρί ήταν Πολωνή και Γαλλοποιημένη φυσικός και χημικός που διεξήγαγε πρωτοποριακή έρευνα στη ραδιενέργεια. Ήταν η πρώτη γυναίκα που κέρδισε Βραβείο Νόμπελ, το πρώτο άτομο και η μόνη γυναίκα που κέρδισε το Βραβείο Νόμπελ δύο φορές, και το μοναδικό άτομο που κέρδισε το Βραβείο Νόμπελ σε δύο διαφορετικούς επιστημονικούς τομείς. Μοιράστηκε το πρώτο της βραβείο, το Βραβείο Νόμπελ Φυσικής του 1903, με τον σύζυγό της Πιερ Κιουρί και τον φυσικό Ανρί Μπεκερέλ. Το δεύτερο βραβείο της, το Βραβείο Νόμπελ Χημείας του 1911, δόθηκε αποκλειστικά για το έργο της στην απομόνωση καθαρού ραδίου.",Φυσική και Χημεία
Αναφέρετε τρεις εξαιρετικά θρεπτικές υπερτροφές κατάλληλες για ένα γρήγορο πρωινό.,,"1. Μύρτιλα (υψηλά αντιοξειδωτικά)
2. Ελληνικό Γιαούρτι (ενίσχυση πρωτεΐνης)
3. Σπόροι Chia (φυτικές ίνες και ωμέγα-3)"
Γράψτε μια συνοπτική συνάρτηση Python με όνομα `is_prime` η οποία καθορίζει εάν ένας δεδομένος θετικός ακέραιος `n` είναι πρώτος αριθμός.,,"python
def is_prime(n):
    if n <= 1:
        return False
    for i in range(2, int(n**0.5) + 1):
        if n % i == 0:
            return False
    return True
"
Ποια είναι η σημασία της Στήλης της Ροζέττας;,,"Η Στήλη της Ροζέττας είναι ένα αρχαίο αιγυπτιακό τεχνούργημα που ανακαλύφθηκε το 1799. Περιέχει το ίδιο διάταγμα χαραγμένο σε τρεις γραφές: αιγυπτιακά ιερογλυφικά, δημοτική γραφή και αρχαία ελληνικά. Η κύρια σημασία της είναι ότι παρείχε το κλειδί που ήταν απαραίτητο για την αποκρυπτογράφηση των αιγυπτιακών ιερογλυφικών, τα οποία ήταν αδύνατο να διαβαστούν για σχεδόν δύο χιλιετίες, επιτρέποντας στους σύγχρονους μελετητές να κατανοήσουν τον αρχαίο αιγυπτιακό πολιτισμό και ιστορία."
"Ποια χρονιά απονεμήθηκε στη Μαρία Κιουρί το βραβείο Νόμπελ Φυσικής, σύμφωνα με το παρεχόμενο κείμενο;","Η Μαρία Σκλοντόφσκα Κιουρί ήταν Πολωνή και πολιτογραφημένη Γαλλίδα φυσικός και χημικός που διεξήγαγε πρωτοποριακή έρευνα στη ραδιενέργεια. Ήταν η πρώτη γυναίκα που κέρδισε βραβείο Νόμπελ, το πρώτο άτομο και μοναδική γυναίκα που κέρδισε το βραβείο Νόμπελ δύο φορές, και το μόνο άτομο που κέρδισε το βραβείο Νόμπελ σε δύο διαφορετικούς επιστημονικούς τομείς. Μαζί με τον σύζυγό της, Πιερ Κιουρί, και τον φυσικό Ανρί Μπεκερέλ, τιμήθηκε με το βραβείο Νόμπελ Φυσικής το 1903. Αργότερα κέρδισε το βραβείο Νόμπελ Χημείας το 1911 για την ανακάλυψη των στοιχείων πολώνιο και ράδιο.",1903
"Καταγράψτε τους οκτώ μεγάλους πλανήτες του ηλιακού μας συστήματος κατά σειρά, ξεκινώντας από τον πλησιέστερο στον ήλιο, και παρουσιάστε τους ως μια αριθμημένη λίστα.",,"1. Ερμής
2. Αφροδίτη
3. Γη
4. Άρης
5. Δίας
6. Κρόνος
7. Ουρανός
8. Ποσειδώνας"
Φανταστείτε ότι θα μπορούσατε να ταξιδέψετε πίσω στον χρόνο στο Λονδίνο του 17ου αιώνα. Ποια σύγχρονη τεχνολογία θα προκαλούσε τη μεγαλύτερη κοινωνική αναταραχή;,,"Ένα απλό, αξιόπιστο σύστημα καθαρισμού νερού (όπως τα σύγχρονα κεραμικά φίλτρα ή η βασική γνώση χλωρίωσης). Ενώ η εντυπωσιακή τεχνολογία, όπως τα smartphones, θα ήταν άχρηστη χωρίς υποδομή, το εύκολα προσβάσιμο καθαρό νερό θα εξάλειφε αμέσως τη χολέρα και τον τύφο, αυξάνοντας μαζικά τη διάρκεια ζωής και μειώνοντας το ποσοστό θνησιμότητας της εργατικής τάξης. Αυτή η ξαφνική δημογραφική έκρηξη και η βελτιωμένη υγεία θα αναμόρφωναν θεμελιωδώς το εργατικό δυναμικό της πόλης, τις ανάγκες στέγασης και τις πολιτικές δημόσιας υγείας, προκαλώντας ταχεία, απρογραμμάτιστη κοινωνική εξέλιξη."
"Συντάξτε μια Τυπική Διαδικασία Λειτουργίας (ΤΔΛ) για τη διεκπεραίωση επιστροφών πελατών σε μια εταιρεία ηλεκτρονικού εμπορίου. Η ΤΔΛ πρέπει να περιλαμβάνει επίσημη Δήλωση Πολιτικής, σαφώς καθορισμένο Πεδίο Εφαρμογής, καταγεγραμμένες Αρμοδιότητες για τα εμπλεκόμενα τμήματα, λεπτομερή Διαδικασία Βήμα προς Βήμα, κατάλογο Απαιτούμενων Εντύπων/Συστημάτων και Βασικούς Ορισμούς.","Όνομα Εταιρείας: Stellar Goods Inc.
Περίοδος Επιστροφής: 30 ημέρες από την παράδοση.
Προϋπόθεση Αποδοχής: Πρέπει να βρίσκεται στην αρχική συσκευασία και να είναι αχρησιμοποίητο/άθικτο.
Συστήματα Επεξεργασίας που Χρησιμοποιούνται: ZenDesk (για αλληλεπίδραση/παρακολούθηση πελατών) και QuickBooks (για χρηματοοικονομικές συναλλαγές).","## ΤΥΠΙΚΗ ΔΙΑΔΙΚΑΣΙΑ ΛΕΙΤΟΥΡΓΙΑΣ (ΤΔΛ)

**Τίτλος:** Διεκπεραίωση Επιστροφών Πελατών
**SOP ID:** SG-CUST-RTRN-001
**Ημερομηνία Ισχύος:** 2024-08-01
**Revision:** 1.0

---

### 1. Δήλωση Πολιτικής

Αποτελεί πολιτική της Stellar Goods Inc. να διασφαλίζει μια έγκαιρη, ακριβή και συνεπή διαδικασία για τη διαχείριση των επιστροφών πελατών. Όλες οι επιλέξιμες επιστροφές, όπως ορίζονται από το παράθυρο επιστροφής 30 ημερών της εταιρείας και τις απαιτήσεις κατάστασης του προϊόντος, πρέπει να διεκπεραιώνονται και να καταγράφονται με ακρίβεια, με την έναρξη των επιστροφών χρημάτων εντός επτά (7) εργάσιμων ημερών από την παραλαβή του επιστρεφόμενου είδους.

### 2. Πεδίο Εφαρμογής

Αυτή η ΤΔΛ ισχύει για όλα τα εμπορεύματα που αγοράστηκαν απευθείας από την Stellar Goods Inc. μέσω της επίσημης ιστοσελίδας ηλεκτρονικού εμπορίου και καλύπτει τις ενέργειες που γίνονται από τα Τμήματα Εξυπηρέτησης Πελατών, Ελέγχου Ποιότητας (ΕΠ) και Λογιστηρίου σχετικά με την εξουσιοδότηση, την παρακολούθηση, την επιθεώρηση και τη χρηματοοικονομική διεκπεραίωση των επιστρεφόμενων ειδών.

### 3. Αρμοδιότητες

| Τμήμα | Αρμοδιότητα |
| :--- | :--- |
| **Εκπρόσωπος Εξυπηρέτησης Πελατών (ΕΕΠ)** | Αρχική επικοινωνία με τον πελάτη, επαλήθευση της επιλεξιμότητας επιστροφής, έκδοση του αριθμού Εξουσιοδότησης Επιστροφής Εμπορευμάτων (RMA) και επικοινωνία με τον πελάτη μέσω του ZenDesk. |
| **Ομάδα Αποθήκης/Ελέγχου Ποιότητας (ΕΠ)** | Παραλαβή των επιστρεφόμενων αγαθών, λεπτομερής επιθεώρηση της κατάστασης του προϊόντος και επιβεβαίωση των αποτελεσμάτων της επιθεώρησης στο Λογιστήριο. |
| **Λογιστήριο** | Τελική διεκπεραίωση των επιστροφών χρημάτων μέσω του QuickBooks, λογιστικός συμψηφισμός της συναλλαγής και επιβεβαίωση της έναρξης της επιστροφής χρημάτων στην ομάδα ΕΕΠ. |

### 4. Διαδικασία Βήμα προς Βήμα

#### Α. Έναρξη και Εξουσιοδότηση (ΕΕΠ)

1.  **Παραλαβή Αιτήματος:** Ο ΕΕΠ λαμβάνει ένα αίτημα επιστροφής μέσω τηλεφώνου, email ή δελτίου ZenDesk. Ο ΕΕΠ ενημερώνει την κατάσταση του δελτίου ZenDesk σε 'Αναμονή Ελέγχου'.
2.  **Επαλήθευση Επιλεξιμότητας:** Ο ΕΕΠ ελέγχει την αρχική ημερομηνία παραγγελίας και την ημερομηνία παράδοσης σε σχέση με την πολιτική Περιόδου Επιστροφής 30 ημερών. Ο ΕΕΠ επιβεβαιώνει επίσης τον λόγο επιστροφής του πελάτη και επαληθεύει τις απαιτήσεις κατάστασης του είδους (αχρησιμοποίητο, αρχική συσκευασία).
3.  **Έκδοση RMA:** Εάν η επιστροφή είναι επιλέξιμη, ο ΕΕΠ δημιουργεί έναν μοναδικό αριθμό Εξουσιοδότησης Επιστροφής Εμπορευμάτων (RMA). Αυτός ο αριθμός καταγράφεται στο δελτίο ZenDesk και χρησιμοποιείται για όλη τη μετέπειτα παρακολούθηση.
4.  **Παροχή Οδηγιών Αποστολής:** Ο ΕΕΠ παρέχει στον πελάτη την προπληρωμένη ετικέτα αποστολής και οδηγίες για τη συσκευασία του είδους. Ο πελάτης ενημερώνεται ότι η επιστροφή χρημάτων θα διεκπεραιωθεί μόνο αφού το είδος περάσει επιθεώρηση.
5.  **Ενημέρωση Παρακολούθησης:** Ο ΕΕΠ ενημερώνει την κατάσταση του δελτίου ZenDesk σε 'Αναμονή Επιστροφής'.

#### Β. Παραλαβή και Επιθεώρηση (Ομάδα ΕΠ)

1.  **Άφιξη Είδους:** Η ομάδα Αποθήκης παραλαμβάνει το δέμα και καταγράφει αμέσως το δέμα και τον σχετικό αριθμό RMA στο ημερήσιο αρχείο καταγραφής επιστροφών.
2.  **Επιθεώρηση:** Η Ομάδα ΕΠ επιθεωρεί το είδος έναντι των κριτηρίων: 1) Αντιστοιχία αριθμού RMA, 2) Το είδος είναι αχρησιμοποίητο, 3) Το είδος είναι στην αρχική συσκευασία, 4) Το είδος είναι άθικτο.
3.  **Τεκμηρίωση Επιθεώρησης:** 
    *   *Εάν Εγκριθεί:* Η ομάδα ΕΠ υπογράφει το Έντυπο Επιθεώρησης, σημειώνοντας 'Πέρασε Επιθεώρηση', και προωθεί το έντυπο ψηφιακά στο Λογιστήριο.
    *   *Εάν Απορριφθεί:* Η ομάδα ΕΠ τεκμηριώνει τον λόγο απόρριψης (π.χ. φθαρμένο, χρησιμοποιημένο, λείπουν εξαρτήματα) και ενημερώνει αμέσως την ομάδα ΕΕΠ μέσω του δελτίου ZenDesk.

#### Γ. Χρηματοοικονομική Διεκπεραίωση και Κλείσιμο (Λογιστήριο/ΕΕΠ)

1.  **Διεκπεραίωση Επιστροφής Χρημάτων (Λογιστήριο):** Μετά τη λήψη της ειδοποίησης 'Πέρασε Επιθεώρηση', το Λογιστήριο εντοπίζει την αρχική συναλλαγή πώλησης στο QuickBooks χρησιμοποιώντας τον αριθμό RMA. Το ποσό επιστροφής χρημάτων επαληθεύεται (μείον τυχόν τέλος ανανέωσης αποθέματος, εάν ισχύει).
2.  **Έναρξη Επιστροφής Χρημάτων:** Το Λογιστήριο εκκινεί τη συναλλαγή επιστροφής χρημάτων μέσω του QuickBooks πίσω στον αρχικό τρόπο πληρωμής. Καταγράφεται το αναγνωριστικό συναλλαγής επιστροφής χρημάτων.
3.  **Ειδοποίηση (ΕΕΠ):** Το Λογιστήριο ενημερώνει το δελτίο ZenDesk με το αναγνωριστικό συναλλαγής επιστροφής χρημάτων. Στη συνέχεια, ο ΕΕΠ στέλνει ένα τελικό email επιβεβαίωσης στον πελάτη, ενημερώνοντάς τον ότι η επιστροφή χρημάτων έχει διεκπεραιωθεί (σημειώνοντας την τυπική τραπεζική καθυστέρηση 3-5 εργάσιμων ημερών).
4.  **Κλείσιμο Δελτίου:** Ο ΕΕΠ αλλάζει την κατάσταση του δελτίου ZenDesk σε 'Κλειστό/Επιστράφηκαν Χρήματα'.

### 5. Απαιτούμενα Έντυπα και Συστήματα

*   **ZenDesk:** Χρησιμοποιείται για την παρακολούθηση όλων των αλληλεπιδράσεων με τους πελάτες, την έκδοση αριθμών RMA και την εσωτερική επικοινωνία.
*   **QuickBooks Enterprise:** Χρησιμοποιείται για την καταγραφή χρηματοοικονομικών συναλλαγών, την έκδοση πιστωτικών σημειωμάτων και τη διεκπεραίωση επιστροφών χρημάτων.
*   **Έντυπο Επιθεώρησης RMA:** Υποχρεωτικό φυσικό/ψηφιακό έντυπο που συμπληρώνεται από την Ομάδα ΕΠ για την τεκμηρίωση της κατάστασης των επιστρεφόμενων αγαθών.

### 6. Βασικοί Ορισμοί

*   **Εξουσιοδότηση Επιστροφής Εμπορευμάτων (RMA):** Ένας μοναδικός αλφαριθμητικός κωδικός που εκδίδεται στον πελάτη και εξουσιοδοτεί την επιστροφή και επιτρέπει στην Stellar Goods Inc. να παρακολουθεί το είδος σε όλα τα στάδια της διαδικασίας.
*   **Περίοδος Επιστροφής:** Η περίοδος 30 ημερών μετά την αρχική ημερομηνία παράδοσης κατά την οποία ένας πελάτης είναι επιλέξιμος να ζητήσει επιστροφή.
*   **ΕΠ (Έλεγχος Ποιότητας):** Η καθορισμένη ομάδα που είναι υπεύθυνη για την επιθεώρηση της φυσικής κατάστασης των επιστρεφόμενων προϊόντων.
*   **Πιστωτικό Σημείωμα:** Το εσωτερικό λογιστικό έγγραφο που δημιουργείται στο QuickBooks και εξουσιοδοτεί τη χρηματοοικονομική αντιστροφή της αρχικής πώλησης."
"Ποιο ήταν το όνομα της σεληνάκατου που χρησιμοποιήθηκε κατά τη διάρκεια της αποστολής Apollo 11, και ποιος παρέμεινε σε τροχιά;","Η αποστολή Apollo 11 εκτοξεύτηκε στις 20 Ιουλίου 1969. Το πλήρωμα αποτελούνταν από τον Κυβερνήτη Νηλ Άρμστρονγκ, τον Πιλότο της Σεληνάκατου Μπαζ Όλντριν, και τον Πιλότο της Ακάτου Διοίκησης Μάικλ Κόλινς. Ο Άρμστρονγκ και ο Όλντριν ήταν οι πρώτοι άνθρωποι που προσγειώθηκαν στη Σελήνη, πραγματοποιώντας την Εξω-Οχηματική τους Δραστηριότητα (EVA) στη σεληνιακή επιφάνεια στις 20 Ιουλίου. Ο Κόλινς παρέμεινε σε σεληνιακή τροχιά μέσα στην άκατο διοίκησης, Columbia. Η σεληνάκατος ονομάστηκε Eagle.","Η σεληνάκατος ονομάστηκε Eagle, και ο Μάικλ Κόλινς παρέμεινε σε σεληνιακή τροχιά μέσα στην άκατο διοίκησης."
Περιγράψτε τη Γέφυρα Γκόλντεν Γκέιτ.,"Η Γέφυρα Γκόλντεν Γκέιτ είναι μια κρεμαστή γέφυρα που διασχίζει το Γκόλντεν Γκέιτ, το πλάτους ενός μιλίου (1,6 χλμ.) στενό που συνδέει τον Κόλπο του Σαν Φρανσίσκο και τον Ειρηνικό Ωκεανό. Η κατασκευή ξεκίνησε στις 5 Ιανουαρίου 1933 και ολοκληρώθηκε τον Απρίλιο του 1937, ανοίγοντας για την κυκλοφορία πεζών στις 27 Μαΐου 1937. Σχεδιάστηκε από τον μηχανικό Τζόζεφ Στράους και τον αρχιτέκτονα Ίρβινγκ Μόροου. Ο Μόροου επέλεξε το χαρακτηριστικό χρώμα της γέφυρας, ένα πορτοκαλοκόκκινο (βερμιγιόν) που ονομάζεται Διεθνές Πορτοκαλί. Για 27 χρόνια μετά την ολοκλήρωσή της, η Γέφυρα Γκόλντεν Γκέιτ είχε το μεγαλύτερο κεντρικό άνοιγμα κρεμαστής γέφυρας στον κόσμο.","Η Γέφυρα Γκόλντεν Γκέιτ είναι μια κρεμαστή γέφυρα που διασχίζει το στενό Γκόλντεν Γκέιτ, συνδέοντας τον Κόλπο του Σαν Φρανσίσκο και τον Ειρηνικό Ωκεανό. Η κατασκευή ξεκίνησε το 1933 και η γέφυρα άνοιξε τον Μάιο του 1937. Σχεδιάστηκε κυρίως από τον Τζόζεφ Στράους και τον Ίρβινγκ Μόροου, οι οποίοι επέλεξαν το εμβληματικό της πορτοκαλοκόκκινο (βερμιγιόν) χρώμα, γνωστό ως Διεθνές Πορτοκαλί. Με την ολοκλήρωσή της, η γέφυρα κατείχε το ρεκόρ για το μεγαλύτερο κεντρικό άνοιγμα κρεμαστής γέφυρας στον κόσμο για σχεδόν τρεις δεκαετίες, και σήμερα παραμένει ένα από τα πιο αναγνωρίσιμα ορόσημα στην Καλιφόρνια και τις Ηνωμένες Πολιτείες."
Πότε είναι η τελική προθεσμία για την υποβολή της πρότασης;,"Το χρονοδιάγραμμα του έργου περιγράφει τρεις φάσεις: έρευνα που ξεκινά την 1η Μαρτίου, σύνταξη που ολοκληρώνεται στις 15 Απριλίου, και η επίσημη, μη διαπραγματεύσιμη προθεσμία υποβολής ορίζεται για τις 30 Μαΐου του τρέχοντος έτους.",30 Μαΐου
Καταγράψτε και περιγράψτε τους κύριους τύπους γαλαξιών.,,"Οι γαλαξίες ταξινομούνται κυρίως σε τρεις βασικούς τύπους με βάση την οπτική τους εμφάνιση. Οι σπειροειδείς γαλαξίες, όπως ο Γαλαξίας μας, χαρακτηρίζονται από έναν επίπεδο, περιστρεφόμενο δίσκο με κεντρικό εξόγκωμα και εμφανείς σπειροειδείς βραχίονες. Οι ελλειπτικοί γαλαξίες είναι γενικά ομαλοί, χωρίς χαρακτηριστικά, και κυμαίνονται από σχεδόν σφαιρικά έως πολύ πεπλατυσμένα σχήματα. Συχνά περιέχουν παλαιότερα, πιο αμυδρά αστέρια. Οι ακανόνιστοι γαλαξίες στερούνται καθορισμένης κανονικής δομής και είναι συχνά αποτέλεσμα βαρυτικών αλληλεπιδράσεων ή συγκρούσεων."
"Εντοπίστε όλα τα τετραψήφια έτη που αναφέρονται στο κείμενο και καταγράψτε τα σε αύξουσα σειρά, χωρισμένα με άνω τελεία.","Η εταιρεία ιδρύθηκε το 1998. Κυκλοφόρησε το κορυφαίο προϊόν της, το Alpha V, το 2005, το οποίο κέρδισε γρήγορα μερίδιο αγοράς. Μια μεγάλη προσπάθεια ανάκλησης συνέβη το 2011 λόγω ανησυχιών για την ασφάλεια. Ωστόσο, η εταιρεία σταθεροποιήθηκε με επιτυχία και πέτυχε την υψηλότερη αποτίμησή της στα 5 δισεκατομμύρια δολάρια το 2023. Η χαμηλότερη αποτίμηση που καταγράφηκε ήταν 50 εκατομμύρια δολάρια το 2000.",1998; 2000; 2005; 2011; 2023
Περιγράψτε τα βασικά βήματα για τη ρύθμιση ενός νέου εικονικού περιβάλλοντος Python χρησιμοποιώντας την ενσωματωμένη ενότητα `venv`.,,"1. Ανοίξτε το τερματικό ή τη γραμμή εντολών σας και μεταβείτε στον κατάλογο του έργου σας.
2. Εκτελέστε την εντολή δημιουργίας: `python3 -m venv env_name` (Αντικαταστήστε το `env_name` με το επιθυμητό όνομα περιβάλλοντος).
3. Ενεργοποιήστε το περιβάλλον:
   *   **macOS/Linux:** `source env_name/bin/activate`
   *   **Windows (PowerShell):** `.\env_name\Scripts\Activate.ps1`
   *   **Windows (cmd):** `.\env_name\Scripts\activate.bat`
4. Μόλις ενεργοποιηθεί, το όνομα του περιβάλλοντος θα εμφανιστεί στην προτροπή σας (prompt). Μπορείτε τώρα να εγκαταστήσετε εξαρτήσεις χρησιμοποιώντας την εντολή `pip install package_name`."
"Με βάση την παρεχόμενη περιγραφή του πλανήτη Άρη, ποιο χαρακτηριστικό του δίνει το χαρακτηριστικό παρατσούκλι «Κόκκινος Πλανήτης»;","Ο Άρης είναι ο τέταρτος πλανήτης από τον Ήλιο και ο δεύτερος μικρότερος πλανήτης στο Ηλιακό Σύστημα, μετά τον Ερμή. Ονομασμένος από τον Ρωμαίο θεό του πολέμου, ο Άρης αναφέρεται συχνά ως ο «Κόκκινος Πλανήτης» επειδή το οξείδιο του σιδήρου που επικρατεί στην επιφάνειά του του δίνει μια κοκκινωπή εμφάνιση. Είναι ένας επίγειος πλανήτης με λεπτή ατμόσφαιρα που αποτελείται κυρίως από διοξείδιο του άνθρακα. Το ψηλότερο γνωστό βουνό στο Ηλιακό Σύστημα, ο Όλυμπος, βρίσκεται στον Άρη, με ύψος περίπου 21,9 χλμ (13,6 μίλια).",Το οξείδιο του σιδήρου που επικρατεί στην επιφάνειά του του δίνει μια κοκκινωπή εμφάνιση.
"Κατατάξτε τους ακόλουθους επιστήμονες με βάση το αν το κύριο πεδίο μελέτης τους ήταν η Φυσική ή η Βιολογία: Albert Einstein, Charles Darwin, Marie Curie, Gregor Mendel, Isaac Newton, Rosalind Franklin.",,"Φυσική - Albert Einstein, Marie Curie, Isaac Newton
Βιολογία - Charles Darwin, Gregor Mendel, Rosalind Franklin"
Γράψε μια συνάρτηση Python που υπολογίζει το παραγοντικό ενός δεδομένου μη αρνητικού ακέραιου αριθμού χρησιμοποιώντας αναδρομή.,,"python
def factorial_recursive(n):
    """"""Υπολογίζει το παραγοντικό του n χρησιμοποιώντας αναδρομή.""""""
    if not isinstance(n, int) or n < 0:
        raise ValueError(""Η είσοδος πρέπει να είναι μη αρνητικός ακέραιος αριθμός."")
    
    # Βασική περίπτωση
    if n == 0:
        return 1
    
    # Αναδρομικό βήμα
    return n * factorial_recursive(n - 1)

# Παράδειγμα χρήσης:
# print(factorial_recursive(5))  # Επιστρέφει 120
# print(factorial_recursive(0))  # Επιστρέφει 1
"
"Ποιες είναι οι κύριες διαφορές μεταξύ του Wi-Fi 5 (802.11ac) και του Wi-Fi 6 (802.11ax); Πρέπει να αναβαθμίσω τον δρομολογητή μου (router) αν η κύρια χρήση μου είναι η ροή βίντεο 4K, το ανταγωνιστικό online gaming και η υποστήριξη 15+ έξυπνων οικιακών συσκευών;",,"Το Wi-Fi 6 (802.11ax) προσφέρει σημαντικές βελτιώσεις σε σχέση με το Wi-Fi 5 (802.11ac), εστιάζοντας κυρίως στην αποδοτικότητα και τη χωρητικότητα και όχι μόνο στην μέγιστη ταχύτητα.

Βασικές Διαφορές:

1. OFDMA (Orthogonal Frequency Division Multiple Access): Το Wi-Fi 6 εισήγαγε το OFDMA, το οποίο επιτρέπει στον δρομολογητή να χωρίσει ένα ενιαίο κανάλι σε μικρότερες μονάδες πόρων, επιτρέποντας την ταυτόχρονη αποστολή πολλαπλών ροών δεδομένων χαμηλού εύρους ζώνης (όπως εντολές έξυπνου σπιτιού). Το Wi-Fi 5 στέλνει τα δεδομένα διαδοχικά.

2. MU-MIMO (Multi-User, Multiple-Input, Multiple-Output): Ενώ υπήρχε στο Wi-Fi 5, το Wi-Fi 6 επέκτεινε το MU-MIMO ώστε να καλύπτει τόσο την ανοδική (uplink) όσο και την καθοδική (downlink) σύνδεση, επιτρέποντας στον δρομολογητή να επικοινωνεί με πολλαπλές συσκευές ταυτόχρονα και προς τις δύο κατευθύνσεις.

3. Target Wake Time (TWT): Αυτή η λειτουργία επιτρέπει στις συσκευές να προγραμματίζουν πότε πρέπει να «ξυπνήσουν» για να λάβουν δεδομένα, βελτιώνοντας σημαντικά τη διάρκεια ζωής της μπαταρίας για τις συνδεδεμένες συσκευές.

4. Χωρητικότητα και Ταχύτητα: Το Wi-Fi 6 χρησιμοποιεί 1024-QAM (σε σύγκριση με το 256-QAM του Wi-Fi 5), αυξάνοντας τη διακίνηση δεδομένων έως και 25%. Λειτουργεί επίσης τόσο στις ζώνες 2.4 GHz όσο και στις 5 GHz, σε αντίθεση με το Wi-Fi 5 που περιοριζόταν γενικά στα 5 GHz.

Σύσταση Αναβάθμισης:

Ναι, πρέπει οπωσδήποτε να εξετάσετε το ενδεχόμενο αναβάθμισης. Ενώ το Wi-Fi 5 μπορεί να διαχειριστεί μια μόνο ροή 4K, η υποστήριξη 15+ έξυπνων συσκευών και το ανταγωνιστικό gaming απαιτούν χαμηλή καθυστέρηση (latency) και υψηλή αποδοτικότητα δικτύου. Οι βελτιώσεις του Wi-Fi 6 σε OFDMA και το βελτιωμένο MU-MIMO είναι ειδικά σχεδιασμένες για τη διαχείριση υψηλής πυκνότητας συσκευών και την ελαχιστοποίηση της συμφόρησης του δικτύου, παρέχοντας μια πολύ πιο ομαλή, πιο αξιόπιστη εμπειρία τόσο για streaming όσο και για gaming κάτω από βαρύ φόρτο."
"Ποιος εφηύρε τον Παγκόσμιο Ιστό (World Wide Web), και ποια συγκεκριμένη ενέργεια του CERN επιτάχυνε την ευρεία δημόσια χρήση του;","Ο Παγκόσμιος Ιστός (WWW) εφευρέθηκε από τον Βρετανό επιστήμονα Τιμ Μπέρνερς-Λι το 1989, ενώ εργαζόταν στο CERN. Αρχικά, σχεδιάστηκε ως εργαλείο για αυτοματοποιημένη ανταλλαγή πληροφοριών μεταξύ επιστημόνων. Ο πρώτος φυλλομετρητής ιστού, που ονομάστηκε επίσης WorldWideWeb, δημιουργήθηκε το 1990. Το σημαντικότερο είναι ότι, το 1993, το CERN κατέστησε την βασική τεχνολογία του Ιστού διαθέσιμη στο κοινό χωρίς καταβολή δικαιωμάτων (royalty-free), επιτρέποντας τη ραγδαία παγκόσμια υιοθέτησή του. Ενώ ο Ιστός συχνά συγχέεται με το Διαδίκτυο, το Διαδίκτυο είναι το θεμελιώδες δίκτυο συνδεδεμένων υπολογιστών, το οποίο καθιερώθηκε κυρίως μέσω του ARPANET στα τέλη της δεκαετίας του 1960.","Ο Παγκόσμιος Ιστός εφευρέθηκε από τον Βρετανό επιστήμονα Τιμ Μπέρνερς-Λι το 1989. Η ευρεία δημόσια χρήση του επιταχύνθηκε το 1993, όταν το CERN κατέστησε την βασική τεχνολογία του Ιστού διαθέσιμη στο κοινό χωρίς καταβολή δικαιωμάτων."
Ποια είναι τα απαραίτητα βήματα που πρέπει να ακολουθήσω για να ξεκινήσω μια επιτυχημένη επιχείρηση διαδικτυακών φροντιστηρίων;,,"Η έναρξη μιας επιχείρησης διαδικτυακών φροντιστηρίων απαιτεί προσεκτικό σχεδιασμό σε πολλούς τομείς. Τα βασικά βήματα περιλαμβάνουν: 1. Καθορισμός και Σχεδιασμός Εξειδίκευσης (Niche): Προσδιορίστε τα βασικά σας αντικείμενα, το κοινό-στόχο (π.χ. μαθηματικά δημοτικού, προετοιμασία για εξετάσεις κολεγίου) και μια ανταγωνιστική δομή τιμολόγησης. 2. Νομική και Οικονομική Διευθέτηση: Καταχωρίστε την επιχείρησή σας (ατομική επιχείρηση ή ΙΚΕ/ΕΠΕ), αποκτήστε τις απαραίτητες άδειες και δημιουργήστε έναν αποκλειστικό επαγγελματικό τραπεζικό λογαριασμό. 3. Τεχνολογική Υποδομή: Επιλέξτε μια αξιόπιστη πλατφόρμα τηλεδιάσκεψης (Zoom, Google Meet), ενσωματώστε ένα ασφαλές σύστημα πληρωμών (Stripe, PayPal) και δημιουργήστε έναν επαγγελματικό ιστότοπο ή πλατφόρμα προγραμματισμού. 4. Ανάπτυξη Περιεχομένου: Δημιουργήστε υψηλής ποιότητας, ελκυστικό υλικό, σχέδια μαθήματος και δοκιμαστικές αξιολογήσεις ειδικά για την εξειδίκευσή σας. 5. Μάρκετινγκ και Εξωστρέφεια: Αξιοποιήστε το μάρκετινγκ μέσων κοινωνικής δικτύωσης, τις συνεργασίες με τοπικά σχολεία και τη βελτιστοποίηση SEO. Προσφέρετε μια δωρεάν εισαγωγική συνεδρία για να χτίσετε εμπιστοσύνη και να συλλέξετε αρχικές μαρτυρίες."
Πότε ξεκίνησε επίσημα η συναρμολόγηση του Διεθνούς Διαστημικού Σταθμού;,"Η συναρμολόγηση του Διεθνούς Διαστημικού Σταθμού (ΔΔΣ) ξεκίνησε το 1998 με την εκτόξευση της μονάδας ελέγχου Zarya. Η Zarya, που σημαίνει «αυγή» στα ρωσικά, εκτοξεύτηκε από έναν ρωσικό πύραυλο Proton από το κοσμοδρόμιο του Μπαϊκονούρ στις 20 Νοεμβρίου 1998. Αυτή η μονάδα παρείχε αρχική πρόωση και αποθήκευση ενέργειας για τον σταθμό.","Η συναρμολόγηση του Διεθνούς Διαστημικού Σταθμού ξεκίνησε στις 20 Νοεμβρίου 1998, με την εκτόξευση της μονάδας ελέγχου Zarya."
Ποιος είναι ο μεγαλύτερος πλανήτης στο ηλιακό μας σύστημα;,,"Ο μεγαλύτερος πλανήτης στο ηλιακό μας σύστημα είναι ο Δίας. Είναι ένας γίγαντας αερίου, τόσο τεράστιος που αντιπροσωπεύει περισσότερο από τα δύο τρίτα της μάζας όλων των άλλων πλανητών μαζί. Το πιο διάσημο χαρακτηριστικό του είναι η Μεγάλη Ερυθρά Κηλίδα, μια συνεχής καταιγίδα μεγαλύτερη από τη Γη."
Προσδιορίστε τον αρχαίο Έλληνα συγγραφέα στον οποίο παραδοσιακά αποδίδεται η σύνθεση της Οδύσσειας και της Ιλιάδας.,,Όμηρος
Δώστε τρεις λόγους για τους οποίους εξαφανίζονται οι κάλτσες στο στεγνωτήριο.,,"1. Το στεγνωτήριο λειτουργεί ως μια χρονική δίνη, απομυζώντας μεμονωμένα αντικείμενα που δεν είναι πλήρως ζευγαρωμένα για να εξισορροπήσει την ενεργειακή απόδοση του μηχανήματος. 2. Συλλέγονται από μικροσκοπικά, οργανωμένα ποντίκια της σκόνης που τα χρησιμοποιούν για να κατασκευάσουν χειμωνιάτικα καπέλα. 3. Οι νάνοι των πλυντηρίων—μικρά, γραφειοκρατικά πλάσματα που διαχειρίζονται τα υφάσματα του νοικοκυριού—έχουν επισημάνει την κάλτσα ως «μη συμμορφούμενη» και την έχουν αρχειοθετήσει στο «Αρχείο Μη Ζευγαρωμένων Υφασμάτων» που βρίσκεται πίσω από το φίλτρο χνουδιών."
"Περιγράψτε τα στρώματα της ατμόσφαιρας της Γης, ξεκινώντας από το πλησιέστερο στην επιφάνεια.",,"Η ατμόσφαιρα χωρίζεται σε πέντε κύρια στρώματα, βασισμένα κυρίως στις αλλαγές θερμοκρασίας. Είναι, κατά σειρά: 1. Τροπόσφαιρα (0-12 χλμ): Όπου συμβαίνουν τα καιρικά φαινόμενα, η θερμοκρασία μειώνεται με το υψόμετρο. 2. Στρατόσφαιρα (12-50 χλμ): Περιέχει το στρώμα του όζοντος, η θερμοκρασία αυξάνεται με το υψόμετρο. 3. Μεσόσφαιρα (50-85 χλμ): Το ψυχρότερο στρώμα, όπου καίγονται οι περισσότεροι μετεωρίτες. 4. Θερμόσφαιρα (85-600 χλμ): Υψηλές θερμοκρασίες λόγω έντονης ηλιακής ακτινοβολίας, η θέση του Βόρειου και του Νότιου Σέλαος (auroras). 5. Εξώσφαιρα (600 χλμ+): Το εξώτερο στρώμα που σταδιακά εξασθενεί στο διάστημα."
"Αναφέρετε τις τρεις κύριες εποχές του Φανεροζωικού Αιώνα, μαζί με τις γενικές χρονικές τους περιόδους και ένα σύντομο χαρακτηριστικό.",,"1) **Καινοζωική Εποχή** (Πρόσφατη Ζωή): 66 εκατομμύρια χρόνια πριν (Ma) μέχρι σήμερα. Γνωστή ως η Εποχή των Θηλαστικών.
2) **Μεσοζωική Εποχή** (Μέση Ζωή): 252 έως 66 Ma. Γνωστή ως η Εποχή των Ερπετών (δεινόσαυροι).
3) **Παλαιοζωική Εποχή** (Αρχαία Ζωή): 541 έως 252 Ma. Χαρακτηρίζεται από την Κάμβρια έκρηξη και την άνοδο των ψαριών και των πρώιμων φυτών ξηράς."
Ποιο είναι το χημικό σύμβολο του χρυσού;,,Au
Εξηγήστε τον ρόλο των αλγορίθμων κατακερματισμού.,Ένας αλγόριθμος κατακερματισμού είναι μια μαθηματική συνάρτηση που συμπιέζει μια εισαγωγή δεδομένων αυθαίρετου μεγέθους (το «μήνυμα») σε μια συμβολοσειρά χαρακτήρων σταθερού μεγέθους (ο «κατακερματισμός» ή «περίληψη μηνύματος»). Αυτή η διαδικασία είναι θεμελιωδώς μη αναστρέψιμη. Οι ασφαλείς συναρτήσεις κατακερματισμού πρέπει να είναι ανθεκτικές σε συγκρούσεις.,"Ο κατακερματισμός χρησιμοποιείται ευρέως στην ψηφιακή εγκληματολογία και την ασφάλεια για την επαλήθευση της ακεραιότητας των δεδομένων. Εάν αλλάξει έστω και ένα μόνο bit του αρχικού αρχείου, η προκύπτουσα περίληψη κατακερματισμού θα είναι εντελώς διαφορετική, επιτρέποντας στους χρήστες να εντοπίσουν αμέσως μη εξουσιοδοτημένη τροποποίηση."
Εξηγήστε τις βασικές έννοιες της Τεχνητής Νοημοσύνης.,,"Η Τεχνητή Νοημοσύνη (ΤΝ) αναφέρεται στην προσομοίωση διαδικασιών ανθρώπινης νοημοσύνης από μηχανές, ειδικά από συστήματα υπολογιστών. Αυτές οι διαδικασίες περιλαμβάνουν τη μάθηση (την απόκτηση πληροφοριών και κανόνων για τη χρήση των πληροφοριών), τη συλλογιστική (τη χρήση κανόνων για την επίτευξη κατά προσέγγιση ή οριστικών συμπερασμάτων) και την αυτοδιόρθωση. Ο βασικός στόχος της ΤΝ είναι η δημιουργία συστημάτων που μπορούν να λειτουργούν έξυπνα και αυτόνομα, επιτυγχάνοντας εργασίες που τυπικά απαιτούν ανθρώπινη νόηση. Βασικά υποπεδία περιλαμβάνουν τη Μηχανική Μάθηση (ML), η οποία επιτρέπει στα συστήματα να βελτιώνουν την απόδοσή τους χωρίς ρητό προγραμματισμό, και την Επεξεργασία Φυσικής Γλώσσας (NLP), η οποία επιτρέπει στους υπολογιστές να κατανοούν και να παράγουν ανθρώπινη γλώσσα."
Για τι είναι γνωστός ο Δακτύλιος του Πυρός;,"Ο Δακτύλιος του Πυρός είναι μια σημαντική περιοχή στη λεκάνη του Ειρηνικού Ωκεανού όπου συμβαίνει ένας μεγάλος αριθμός σεισμών και ηφαιστειακών εκρήξεων. Σε σχήμα πετάλου, συνδέεται με μια συνεχή σειρά ωκεάνιων τάφρων, ηφαιστειακών τόξων και κινήσεων πλακών. Περίπου το 90% των σεισμών του κόσμου και το 81% των μεγαλύτερων σεισμών του κόσμου συμβαίνουν κατά μήκος του Δακτυλίου του Πυρός. Εκτείνεται σε μήκος περίπου 40.000 χιλιομέτρων (25.000 μίλια).",Ο Δακτύλιος του Πυρός είναι μια σημαντική περιοχή στη λεκάνη του Ειρηνικού Ωκεανού όπου συμβαίνει ένας μεγάλος αριθμός σεισμών και ηφαιστειακών εκρήξεων.
Ποια είναι τα τέσσερα επίπεδα του μοντέλου TCP/IP και ποιες είναι οι κύριες λειτουργίες τους;,,"Το μοντέλο TCP/IP (Transmission Control Protocol/Internet Protocol) περιγράφεται γενικά ότι έχει τέσσερα επίπεδα, καθένα από τα οποία εξυπηρετεί συγκεκριμένες λειτουργίες επικοινωνίας:

1.  **Επίπεδο Εφαρμογής (Application Layer):** Αυτό είναι το ανώτερο επίπεδο και παρέχει τη διεπαφή για τα πραγματικά προγράμματα εφαρμογών που χρησιμοποιούν το δίκτυο. Χειρίζεται τις λεπτομέρειες επικοινωνίας που είναι ειδικές για την εφαρμογή. Τα πρωτόκολλα περιλαμβάνουν HTTP, DNS, SMTP και FTP.

2.  **Επίπεδο Μεταφοράς (Transport Layer):** Αυτό το επίπεδο είναι υπεύθυνο για την επικοινωνία από άκρο σε άκρο μεταξύ συσκευών. Διαχειρίζεται τη ροή δεδομένων, εξασφαλίζει την αξιοπιστία και κατακερματίζει τα δεδομένα σε διαχειρίσιμες μονάδες. Τα δύο κύρια πρωτόκολλα εδώ είναι το TCP (Transmission Control Protocol, αξιόπιστο και προσανατολισμένο στη σύνδεση) και το UDP (User Datagram Protocol, χωρίς σύνδεση και ταχύτερο).

3.  **Επίπεδο Διαδικτύου (Internet Layer) (ή Επίπεδο Δικτύου):** Αυτό το κρίσιμο επίπεδο χειρίζεται τη λογική διευθυνσιοδότηση (διευθύνσεις IP) και την δρομολόγηση των πακέτων δεδομένων πέρα από τα όρια του δικτύου. Η κύρια λειτουργία του είναι η μετακίνηση δεδομένων από τον οικοδεσπότη προέλευσης μέσω πολλαπλών δικτύων στον οικοδεσπότη προορισμού. Το πρωτόκολλο που το καθορίζει είναι το Internet Protocol (IP).

4.  **Επίπεδο Πρόσβασης Δικτύου (Network Access Layer) (ή Επίπεδο Ζεύξης):** Αυτό είναι το χαμηλότερο επίπεδο και ασχολείται με τις φυσικές πτυχές υλικού του δικτύου. Διαχειρίζεται τη φυσική μετάδοση δεδομένων (πλαισίων) πάνω από το μέσο δικτύου (όπως Ethernet ή Wi-Fi) και χειρίζεται πρωτόκολλα τοπικού δικτύου. Περιλαμβάνει πρωτόκολλα για φυσική διευθυνσιοδότηση (διευθύνσεις MAC)."
Ορίστε τη βαρύτητα και απαριθμήστε τα κύρια αποτελέσματά της.,,"Η βαρύτητα είναι μια θεμελιώδης δύναμη της φύσης που προκαλεί την έλξη μεταξύ οποιωνδήποτε δύο αντικειμένων με μάζα ή ενέργεια. Είναι η ασθενέστερη από τις τέσσερις θεμελιώδεις δυνάμεις, αλλά η εμβέλειά της είναι άπειρη. Τα κύρια αποτελέσματά της περιλαμβάνουν: τη διατήρηση των αστρονομικών σωμάτων (πλανήτες, αστέρια, γαλαξίες) στις τροχιές τους· την πρόκληση σχηματισμού παλίρροιας στη Γη· και τη διατήρηση των αντικειμένων και των ανθρώπων προσγειωμένων στην επιφάνεια ενός πλανήτη."
"Κατατάξτε τις ακόλουθες τοποθεσίες είτε ως πόλη είτε ως χώρα: Τόκιο, Βραζιλία, Παρίσι, Αίγυπτος.",,"Το Τόκιο είναι πόλη, η Βραζιλία είναι χώρα, το Παρίσι είναι πόλη, η Αίγυπτος είναι χώρα."
Εξηγήστε τη θεμελιώδη διαφορά μεταξύ των τεχνικών boosting και bagging στη συνδυαστική μάθηση.,,"Η συνδυαστική μάθηση (Ensemble learning) συνδυάζει πολλαπλά μοντέλα για τη βελτίωση της συνολικής απόδοσης. Οι δύο κύριες προσεγγίσεις είναι το Bagging (Bootstrap Aggregating) και το Boosting.

**Bagging (π.χ., Τυχαίο Δάσος / Random Forest):**
Αυτή η προσέγγιση στοχεύει κυρίως στη μείωση της *διασποράς* (variance) του μοντέλου. Περιλαμβάνει την εκπαίδευση πολλών μεμονωμένων μοντέλων ανεξάρτητα και παράλληλα σε διαφορετικά υποσύνολα των δεδομένων εκπαίδευσης. Αυτά τα υποσύνολα δημιουργούνται μέσω δειγματοληψίας bootstrap (δειγματοληψία με αντικατάσταση). Δεδομένου ότι τα μεμονωμένα μοντέλα εκπαιδεύονται ανεξάρτητα, τα σφάλματά τους είναι συχνά ασυσχέτιστα. Με τη μέση τιμή (για παλινδρόμηση) ή την ψηφοφορία (για ταξινόμηση) των αποτελεσμάτων αυτών των μοντέλων, ο θόρυβος που εισάγεται από μεμονωμένα μοντέλα υψηλής διασποράς μειώνεται σημαντικά. Το Bagging λειτουργεί καλύτερα όταν τα βασικά μοντέλα είναι πολύπλοκα και επιρρεπή σε υπερεκπαίδευση (υψηλή διασπορά).

**Boosting (π.χ., AdaBoost, GBM, XGBoost):**
Αυτή η προσέγγιση επικεντρώνεται στη μείωση της *μεροληψίας* (bias) του μοντέλου και διορθώνει διαδοχικά τα σφάλματα των προηγούμενων μοντέλων. Στο Boosting, τα μοντέλα εκπαιδεύονται επαναληπτικά. Κάθε νέο μοντέλο σταθμίζεται ειδικά ώστε να επικεντρώνεται περισσότερο στα σημεία δεδομένων που τα προηγούμενα μοντέλα ταξινόμησαν λανθασμένα ή προέβλεψαν άσχημα. Αυτή η διαδικασία μετατρέπει ένα σύνολο αδύναμων εκπαιδευομένων (weak learners) σε έναν ενιαίο ισχυρό εκπαιδευόμενο (strong learner). Οι αλγόριθμοι Boosting κατασκευάζουν μοντέλα που εξαρτώνται σε μεγάλο βαθμό από τα αποτελέσματα των προκατόχων τους.

**Βασική Διάκριση:** Το Bagging χρησιμοποιεί παράλληλη επεξεργασία για τη μείωση της διασποράς μέσω της μέσης τιμής ανεξάρτητων μοντέλων, ενώ το Boosting χρησιμοποιεί διαδοχική επεξεργασία και σταθμισμένη εκπαίδευση για τη μείωση της μεροληψίας, εστιάζοντας στη διόρθωση σωρευτικών σφαλμάτων."
Ποιες είναι οι τρεις κύριες καταστάσεις της ύλης;,,"Οι τρεις κύριες καταστάσεις της ύλης είναι το στερεό, το υγρό και το αέριο. Μια τέταρτη κατάσταση, το πλάσμα, αναγνωρίζεται επίσης συχνά."
Ποια είναι η πρωτεύουσα της Αυστραλίας;,,Καμπέρα
Ποια είναι η διαφορά μεταξύ ενός λάτε και ενός καπουτσίνο;,,"Ένας καπουτσίνο ορίζεται από τις ίσες αναλογίες εσπρέσο, γάλακτος στον ατμό και ενός παχιού στρώματος αφρού γάλακτος. Ένα λάτε γενικά περιέχει σημαντικά περισσότερο γάλα στον ατμό και μόνο ένα λεπτό στρώμα αφρού στην κορυφή."
Εξηγήστε τις βασικές αρχές της Γενικής Θεωρίας της Σχετικότητας του Αϊνστάιν και τις πρωταρχικές της παρατηρήσιμες επιπτώσεις.,,"Η Γενική Σχετικότητα (ΓΣ), που δημοσιεύτηκε από τον Άλμπερτ Αϊνστάιν το 1915, είναι μια γεωμετρική θεωρία της βαρύτητας που περιγράφει τη θεμελιώδη αλληλεπίδραση της βαρύτητας ως συνέπεια της καμπύλωσης του χωροχρόνου από την ύλη και την ενέργεια. Αντικατέστησε θεμελιωδώς τον νόμο της παγκόσμιας έλξης του Ισαάκ Νεύτωνα, ο οποίος περιέγραφε τη βαρύτητα ως μια μυστηριώδη στιγμιαία δύναμη που ενεργεί εξ αποστάσεως.

Η κεντρική έννοια της ΓΣ ενσωματώνεται στις εξισώσεις πεδίου του Αϊνστάιν, οι οποίες συσχετίζουν τη γεωμετρία του χωροχρόνου (που αντιπροσωπεύεται από τον τανυστή του Αϊνστάιν, Gμν) με την κατανομή της ύλης και της ενέργειας εντός αυτού (που αντιπροσωπεύεται από τον τανυστή ενέργειας-τάσης, Tμν). Με απλά λόγια, η μάζα και η ενέργεια λένε στον χωροχρόνο πώς να καμπυλωθεί, και ο χωροχρόνος λέει στη μάζα και την ενέργεια πώς να κινηθούν. Αυτή η θεωρία ενσωματώνει την Αρχή της Ισοδυναμίας, η οποία δηλώνει ότι τοπικά, οι επιδράσεις της βαρύτητας είναι αδάκριτες από τις επιδράσεις της επιτάχυνσης.

Η Γενική Σχετικότητα έχει αρκετές βαθιές και επιβεβαιωμένες επιπτώσεις. Μία σημαντική επίπτωση είναι η διαστολή του βαρυτικού χρόνου: τα ρολόγια λειτουργούν πιο αργά σε περιοχές υψηλότερου βαρυτικού δυναμικού (πιο κοντά σε τεράστια αντικείμενα). Μια άλλη βασική πρόβλεψη είναι η κάμψη του φωτός (βαρυτικός φακός) γύρω από τεράστια αντικείμενα, η οποία επιβεβαιώθηκε για πρώτη φορά κατά τη διάρκεια μιας ηλιακής έκλειψης το 1919. Η ΓΣ εξηγεί με ακρίβεια την τροχιακή μετάπτωση του Ερμή, ένα φαινόμενο που δεν μπορούσε να εξηγηθεί πλήρως από τη Νευτώνεια φυσική.

Επιπλέον, η ΓΣ προέβλεψε την ύπαρξη ακραίων κοσμικών αντικειμένων, ιδίως των μαύρων τρυπών—περιοχών του χωροχρόνου που παρουσιάζουν τόσο ισχυρά βαρυτικά φαινόμενα ώστε τίποτα, ούτε καν σωματίδια και ηλεκτρομαγνητική ακτινοβολία όπως το φως, δεν μπορεί να διαφύγει από το εσωτερικό τους. Τέλος, η θεωρία προέβλεψε τα βαρυτικά κύματα, κυματισμούς στην καμπυλότητα του χωροχρόνου που διαδίδονται προς τα έξω από επιταχυνόμενες μάζες. Αυτά τα κύματα ανιχνεύθηκαν απευθείας για πρώτη φορά από το πείραμα LIGO το 2015, επιβεβαιώνοντας μία από τις τελευταίες μεγάλες μη επαληθευμένες πτυχές της θεωρίας."
Κατατάξτε τις ακόλουθες γλώσσες προγραμματισμού με βάση το κύριο μοντέλο εκτέλεσής τους: Μεταγλωττισμένες ή Διερμηνευόμενες.,"C++, Python, Java, JavaScript, C, Ruby, Swift, PHP","Μεταγλωττισμένες Γλώσσες: C++, Java, C, Swift
Διερμηνευόμενες Γλώσσες: Python, JavaScript, Ruby, PHP"
"Ποια από αυτά τα διάσημα ορόσημα βρίσκονται στην Αίγυπτο: Οι Πυραμίδες της Γκίζας, Το Σινικό Τείχος, Η Σφίγγα",,Τόσο οι Πυραμίδες της Γκίζας όσο και η Σφίγγα βρίσκονται στην Αίγυπτο. Το Σινικό Τείχος βρίσκεται στη Λαϊκή Δημοκρατία της Κίνας.
Είναι η πρωτεύουσα της Αυστραλίας το Σίδνεϊ;,,όχι
"Καταγράψτε τη χρονολογική σειρά των ακαδημαϊκών τίτλων που απέκτησε το υποκείμενο, συμπεριλαμβανομένου του έτους και του ιδρύματος για τον καθένα.","Η Δρ. Έλενορ Βανς έχει ένα εντυπωσιακό ακαδημαϊκό υπόβαθρο. Ολοκλήρωσε το Διδακτορικό της (Ph.D.) στην Αστροφυσική στο CalTech το 2008. Πριν από αυτό, απέκτησε το Μεταπτυχιακό της (Master of Science) στη Θεωρητική Φυσική από το MIT το 2003. Οι θεμελιώδεις σπουδές της ξεκίνησαν με ένα Πτυχίο (Bachelor of Arts) στα Μαθηματικά, το οποίο της απονεμήθηκε από το Πανεπιστήμιο Πρίνστον το 2000.","Πτυχίο Τεχνών στα Μαθηματικά (2000, Πανεπιστήμιο Πρίνστον); Μεταπτυχιακό Επιστήμης στη Θεωρητική Φυσική (2003, MIT); Διδακτορικό στην Αστροφυσική (2008, CalTech)"
Περιγράψτε τα βασικά βήματα για τη σύνταξη ενός τεχνικού εγγράφου προδιαγραφών υψηλής ποιότητας (TSD).,,"Η σύνταξη ενός Εγγράφου Τεχνικών Προδιαγραφών απαιτεί αυστηρό σχεδιασμό για να διασφαλιστεί ότι όλοι οι ενδιαφερόμενοι συμφωνούν με το τελικό προϊόν. Ακολουθούν τα βασικά βήματα:

1.  **Καθορισμός Πεδίου Εφαρμογής και Κοινού:** Διατυπώστε με σαφήνεια τι *θα* και τι *δεν θα* κάνει το σύστημα (τα όρια). Προσδιορίστε το κύριο κοινό (προγραμματιστές, QA, διαχειριστές προϊόντων), καθώς αυτό καθορίζει το επίπεδο τεχνικής λεπτομέρειας που απαιτείται.
2.  **Συλλογή και Επικύρωση Απαιτήσεων:** Συνεργαστείτε στενά με τους ιδιοκτήτες προϊόντων και τους ενδιαφερόμενους για να συγκεντρώσετε όλες τις λειτουργικές (τι κάνει το σύστημα) και μη λειτουργικές (επιδόσεις, ασφάλεια, χρηστικότητα) απαιτήσεις. Κάθε απαίτηση πρέπει να είναι μετρήσιμη, εφικτή, σχετική και χρονικά δεσμευμένη (SMART).
3.  **Περίληψη της Δομής του Εγγράφου:** Χρησιμοποιήστε ένα συνεπές πρότυπο. Οι τυπικές ενότητες περιλαμβάνουν: Εισαγωγή/Στόχοι, Πεδίο Εφαρμογής, Ενδιαφερόμενοι, Λεπτομερής Σχεδιασμός, Μοντέλα Δεδομένων, Στρατηγική Δοκιμών και Σχέδιο Ανάπτυξης.
4.  **Λεπτομέρειες της Προτεινόμενης Λύσης (Ενότητα Σχεδιασμού):** Περιγράψτε πώς θα ικανοποιηθούν οι απαιτήσεις. Αυτό περιλαμβάνει διαγράμματα αρχιτεκτονικής, ροές ακολουθίας, ορισμούς API και σχήματα βάσεων δεδομένων. Επικεντρωθείτε στη σαφήνεια έναντι της ασάφειας.
5.  **Καθιέρωση Μετρικών Επιτυχίας και Κριτηρίων Δοκιμών:** Καθορίστε πώς η ομάδα θα γνωρίζει ότι η προδιαγραφή έχει εφαρμοστεί επιτυχώς. Συμπεριλάβετε κριτήρια αποδοχής για τις ομάδες διασφάλισης ποιότητας (QA).
6.  **Αναθεώρηση, Επανάληψη και Λήψη Έγκρισης:** Διανείμετε το προσχέδιο σε βασικούς τεχνικούς υπεύθυνους και τη διοίκηση προϊόντων για αξιολόγηση από ομοτίμους. Ενσωματώστε τα σχόλια και εξασφαλίστε επίσημη έγκριση πριν ξεκινήσει η ανάπτυξη για να αποφευχθεί η μεταγενέστερη διεύρυνση του πεδίου εφαρμογής."
"Σύμφωνα με το κείμενο, πότε εισήλθε επίσημα το διαστημικό όχημα Voyager 1 στο διαστρικό χώρο;","Το Voyager 1, ένα διαστημικό όχημα που εκτοξεύτηκε από τη NASA στις 5 Σεπτεμβρίου 1977, είναι επί του παρόντος το πιο απομακρυσμένο από τον άνθρωπο αντικείμενο από τη Γη. Η κύρια αποστολή του περιελάμβανε τη μελέτη του Δία και του Κρόνου. Διέσχισε επίσημα την ηλιόπαυση, εισερχόμενο στο διαστρικό χώρο, στις 25 Αυγούστου 2012. Συνεχίζει να λειτουργεί, αν και οι πηγές ενέργειάς του αναμένεται να διαρκέσουν μόνο μέχρι περίπου το 2025.",25 Αυγούστου 2012
"Σύμφωνα με το κείμενο, ποιο ήταν το πραγματικό πρόσωπο στο οποίο ο Σερ Άρθουρ Κόναν Ντόιλ βασίστηκε κυρίως για τον χαρακτήρα του Σέρλοκ Χολμς;","Ο Σερ Άρθουρ Κόναν Ντόιλ βασίστηκε κυρίως για τον χαρακτήρα του Σέρλοκ Χολμς σε ένα πραγματικό πρόσωπο, τον Δρ. Τζόζεφ Μπελ, έναν χειρουργό στο Βασιλικό Νοσοκομείο του Εδιμβούργου, με τον οποίο ο Ντόιλ είχε συνεργαστεί ως υπάλληλος. Ο Μπελ ήταν γνωστός για την ικανότητά του να κάνει ολοκληρωμένες παραγωγικές σκέψεις σχετικά με το ιστορικό, την εργασία και τις πρόσφατες δραστηριότητες ενός ασθενούς, απλώς παρατηρώντας τον. Αργότερα, ο Ντόιλ αφιέρωσε ένα από τα μυθιστορήματα του Σέρλοκ Χολμς στον Μπελ. Αν και ο Μπελ ήταν η κύρια έμπνευση, ο Ντόιλ ενσωμάτωσε επίσης στον Χολμς στοιχεία της δικής του προσωπικότητας και των λογοτεχνικών παραδόσεων της εποχής.",Δρ. Τζόζεφ Μπελ
Ποια είναι η διαφορά μεταξύ καιρού και κλίματος;,,"Ο καιρός αναφέρεται στις βραχυπρόθεσμες ατμοσφαιρικές συνθήκες σε μια συγκεκριμένη τοποθεσία (όπως βροχή, ήλιος ή διακυμάνσεις θερμοκρασίας που συμβαίνουν σήμερα ή αυτήν την εβδομάδα). Το κλίμα αναφέρεται στον μακροπρόθεσμο μέσο όρο των καιρικών μοτίβων σε μια περιοχή, που συνήθως υπολογίζεται σε διάστημα 30 ετών."
Ποια είναι τα αποδεδειγμένα ψυχολογικά οφέλη της τακτικής πρακτικής του διαλογισμού ενσυνειδητότητας;,,"Ο τακτικός διαλογισμός ενσυνειδητότητας προσφέρει πολλά αποδεδειγμένα ψυχολογικά πλεονεκτήματα. Μειώνει σημαντικά τα συμπτώματα του στρες, του άγχους και της κατάθλιψης, μειώνοντας τα επίπεδα κορτιζόλης και ενισχύοντας μια μη-αντιδραστική οπτική απέναντι στις αρνητικές σκέψεις. Επιπλέον, η συνεπής πρακτική ενισχύει τις γνωστικές λειτουργίες, βελτιώνοντας ειδικά τη διάρκεια προσοχής, τη μνήμη εργασίας και την εστίαση. Ο διαλογισμός συνδέεται επίσης με καλύτερη συναισθηματική ρύθμιση, καθώς ενισχύει τη σύνδεση μεταξύ του προμετωπιαίου φλοιού (εκτελεστική λειτουργία) και της αμυγδαλή (κέντρο φόβου/συναισθημάτων), επιτρέποντας πιο μετρημένες αντιδράσεις σε συναισθηματικά ερεθίσματα. Μελέτες έχουν επίσης καταδείξει δομικές αλλαγές στον εγκέφαλο, όπως αυξημένη πυκνότητα φαιάς ουσίας σε περιοχές που σχετίζονται με την αυτογνωσία και τη συμπόνια, καθώς και βελτιωμένη ποιότητα ύπνου."
"Συντάξτε ένα σύντομο, ενθαρρυντικό μήνυμα παρακολούθησης μετά την εκδήλωση για το LinkedIn, αφού φιλοξενήσατε ένα επιτυχημένο εικονικό εργαστήριο. Ο τόνος πρέπει να είναι ενθουσιώδης και να περιλαμβάνει μια ήπια παρότρυνση για δράση για συμμετοχή.",Όνομα Εκδήλωσης: Εικονικό Εργαστήριο: Κατακτώντας την Απομακρυσμένη Διαχείριση Χρόνου. Βασική Εστίαση Μαθήματος: Η 'Τεχνική Pomodoro' και η 'Ομαδοποίηση παρόμοιων εργασιών'. Παρότρυνση για Δράση (Επιθυμητή): Ενθαρρύνετε τους συμμετέχοντες να μοιραστούν το μεγαλύτερο μάθημά τους και να αναζητήσουν την επόμενη συνεδρία.,"Ένα τεράστιο ευχαριστώ σε όλους όσους συμμετείχαν στο 'Εικονικό Εργαστήριο: Κατακτώντας την Απομακρυσμένη Διαχείριση Χρόνου' χθες! 

Είχαμε απίστευτη αλληλεπίδραση συζητώντας στρατηγικές υψηλής επίδρασης όπως το #PomodoroTechnique και τη δύναμη του #TaskBatching. Ήταν φανταστικό που είδα τόσους πολλούς από εσάς έτοιμους να μεταμορφώσετε τις εργάσιμες ημέρες σας.

Και τώρα, το πιο ενδιαφέρον: Θα ήθελα πολύ να ακούσω το μεγαλύτερο μάθημά σας! Πώς σκοπεύετε να ενσωματώσετε αυτές τις μεθόδους αυτή την εβδομάδα; Μοιραστείτε τις ιστορίες επιτυχίας σας στα σχόλια!

Μείνετε συντονισμένοι για λεπτομέρειες σχετικά με την επόμενη συνεδρία μας, σύντομα κοντά σας!

#ΑπομακρυσμένηΕργασία #Παραγωγικότητα #ΔιαχείρισηΧρόνου"
Αναφέρετε τους τέσσερις μεγαλύτερους δορυφόρους του Δία.,,"Οι τέσσερις μεγαλύτεροι δορυφόροι του Δία, γνωστοί και ως Γαλιλαϊκοί δορυφόροι, είναι η Ιώ, η Ευρώπη, ο Γανυμήδης και η Καλλιστώ."
"Συγκρίνετε και αντιπαραβάλετε την Python και την JavaScript, εστιάζοντας στις κύριες περιπτώσεις χρήσης τους.",,"Η Python και η JavaScript είναι και οι δύο εξαιρετικά δημοφιλείς γλώσσες προγραμματισμού υψηλού επιπέδου, αλλά εξυπηρετούν θεμελιωδώς διαφορετικούς πρωταρχικούς ρόλους. Η Python διαπρέπει σε τομείς όπως η επιστήμη δεδομένων, η μηχανική μάθηση, η τεχνητή νοημοσύνη, οι επιστημονικοί υπολογισμοί και η γενική ανάπτυξη backend server. Εκτιμάται για την καθαρή, ευανάγνωστη σύνταξή της και το τεράστιο οικοσύστημα εξειδικευμένων βιβλιοθηκών της (π.χ., NumPy, Pandas, TensorFlow). Αντίθετα, η αρχική και πρωταρχική περίπτωση χρήσης της JavaScript είναι η δημιουργία διαδραστικών ιστοσελίδων (ανάπτυξη frontend). Ωστόσο, με την έλευση του Node.js, η JavaScript αποτελεί πλέον και μια ισχυρή επιλογή για backend servers. Μια βασική διαφορά είναι το περιβάλλον εκτέλεσής τους (runtime environment): η JavaScript είναι η εγγενής γλώσσα του προγράμματος περιήγησης ιστού, ενώ η Python συνήθως απαιτεί ρύθμιση διερμηνέα (interpreter setup). Ενώ η Python συχνά προτιμάται για περίπλοκη διαχείριση δεδομένων ή σενάρια αυτοματοποίησης, η JavaScript είναι υποχρεωτική για σχεδόν κάθε σύγχρονη διαδραστική εφαρμογή ιστού."
"Κατατάξτε καθένα από τα ακόλουθα διάσημα βουνά στις αντίστοιχες ηπείρους τους: Ασία, Νότια Αμερική, Βόρεια Αμερική, Ευρώπη. Κορυφές προς κατάταξη: Όρος Έβερεστ, K2, Καγκτσενγιούνγκα, Λότσε, Μακάλου, Τσο Ογιού, Νταουλαγκίρι, Μανασλού, Νάνγκα Παρμπάτ, Αναπούρνα Ι, Γκασερμπρούμ Ι, Μπρόουντ Πικ, Γκασερμπρούμ ΙΙ, Σισαπάνγκμα, Ακονκάγκουα, Όχος ντελ Σαλάδο, Μον Μπλαν, Μάτερχορν, Ντενάλι, Όρος Λόγκαν, Πίκο ντε Ορισάμπα.",,"Τα βουνά που βρίσκονται στην Ασία είναι: Όρος Έβερεστ, K2, Καγκτσενγιούνγκα, Λότσε, Μακάλου, Τσο Ογιού, Νταουλαγκίρι, Μανασλού, Νάνγκα Παρμπάτ, Αναπούρνα Ι, Γκασερμπρούμ Ι, Μπρόουντ Πικ, Γκασερμπρούμ ΙΙ, Σισαπάνγκμα.

Τα βουνά που βρίσκονται στη Νότια Αμερική είναι: Ακονκάγκουα, Όχος ντελ Σαλάδο.

Τα βουνά που βρίσκονται στη Βόρεια Αμερική είναι: Ντενάλι, Όρος Λόγκαν, Πίκο ντε Ορισάμπα.

Τα βουνά που βρίσκονται στην Ευρώπη είναι: Μον Μπλαν, Μάτερχορν."
Ποιοι είναι οι προτεινόμενοι πόροι για έναν αρχάριο που θέλει να μάθει React JS;,,"Ξεκινήστε με την επίσημη τεκμηρίωση του React στο https://react.dev/. Πρόσφατα ενημέρωσαν την τεκμηρίωσή τους, η οποία εστιάζει σε μεγάλο βαθμό στα Hooks και τα λειτουργικά components. Για δομημένη μάθηση, προτείνω την ενότητα «React Basics» στο freeCodeCamp, ή αναζητήστε δημοφιλή μαθήματα σε πλατφόρμες όπως το Udemy, εστιάζοντας σε εκπαιδευτές γνωστούς για την front-end ανάπτυξη, όπως ο Stephen Grider ή ο Maximilian Schwarzmüller."
Εξηγήστε την κεντρική έννοια του 'Serverless Computing' και τα κύρια πλεονεκτήματά του για τους προγραμματιστές.,,"Το Serverless computing είναι ένα μοντέλο εκτέλεσης στο cloud όπου ο πάροχος cloud διαχειρίζεται δυναμικά την κατανομή και την κλιμάκωση της υποκείμενης υποδομής, επιτρέποντας στους προγραμματιστές να εκτελούν κώδικα χωρίς να χρειάζεται να παρέχουν ή να διαχειρίζονται διακομιστές. Το βασικό πλεονέκτημα είναι το μοντέλο κόστους 'πληρωμή ανά εκτέλεση' (pay-per-execution), η αυτόματη κλιμάκωση για τη διαχείριση μεταβαλλόμενου φόρτου εργασίας, και το ότι επιτρέπει στις ομάδες ανάπτυξης να επικεντρώνονται αποκλειστικά στη συγγραφή λογικής εφαρμογών αντί για τη συντήρηση λειτουργικών συστημάτων ή τη διαμόρφωση δικτύου."
Ποια από αυτές τις κατασκευές βρίσκεται στο Παρίσι; Πύργος του Άιιφελ ή Μπιγκ Μπεν,,Πύργος του Άιφελ
Περιγράψτε τα βασικά βήματα που απαιτούνται για το ψήσιμο ενός κλασικού ψωμιού προζυμιού από την αρχή μέχρι το τέλος.,,"1. **Ταΐσμα του Προζυμιού:** Αναμείξτε το προζύμι, το αλεύρι και το νερό. Περιμένετε 4-12 ώρες μέχρι το προζύμι να είναι ενεργό, αφρώδες και να έχει κορυφωθεί (διπλασιαστεί σε μέγεθος).
2. **Αυτόλυση (Αρχική Ανάμειξη):** Αναμείξτε το αλεύρι και το νερό για τη ζύμη μαζί και αφήστε τα να ξεκουραστούν για 30-60 λεπτά.
3. **Ενσωμάτωση Προζυμιού και Αλατιού:** Προσθέστε το ενεργό προζύμι και αναμείξτε καλά, στη συνέχεια προσθέστε το αλάτι και αναμείξτε ξανά μέχρι να ενσωματωθούν πλήρως.
4. **Ολική Ζύμωση (Bulk Fermentation):** Αφήστε τη ζύμη να ζυμωθεί σε θερμοκρασία δωματίου (συνήθως 4-8 ώρες). Κατά τη διάρκεια των πρώτων 2-3 ωρών, εκτελέστε 4-6 σετ 'τεντωμάτων και διπλωμάτων' (stretch and folds) για να χτίσετε δύναμη.
5. **Προ-διαμόρφωση (Ξεκούραση στον Πάγκο):** Δώστε απαλά στη ζύμη ένα χαλαρό σχήμα στρογγυλό ή οβάλ, και αφήστε τη να ξεκουραστεί, ακάλυπτη, για 20-30 λεπτά.
6. **Τελική Διαμόρφωση & Ψυχρή Ωρίμανση:** Δώστε σφιχτό σχήμα στη ζύμη και τοποθετήστε την με την ένωση προς τα πάνω σε ένα αλευρωμένο καλάθι μπανετόν (banneton). Βάλτε στο ψυγείο για 12-24 ώρες.
7. **Ψήσιμο:** Προθερμάνετε τον φούρνο σας και τη μαντεμένια γάστρα (Dutch oven) στους 475°F (245°C). Χαράξτε την κρύα ζύμη, τοποθετήστε την στην καυτή γάστρα με το καπάκι κλειστό και ψήστε για 20 λεπτά. Αφαιρέστε το καπάκι και ψήστε για επιπλέον 25-30 λεπτά μέχρι η κρούστα να γίνει βαθιά χρυσαφένια.
8. **Κρύωμα:** Μεταφέρετε το καρβέλι σε σχάρα και αφήστε το να κρυώσει εντελώς (1-2 ώρες) πριν το κόψετε σε φέτες."
Αναλύστε τον οικονομικό αντίκτυπο της αύξησης του ομοσπονδιακού κατώτατου μισθού στα 15 δολάρια την ώρα.,,"Η αύξηση του ομοσπονδιακού κατώτατου μισθού στα 15 δολάρια την ώρα προβλέπεται να έχει σύνθετες, πολύπλευρες οικονομικές επιπτώσεις. Οι υποστηρικτές υποστηρίζουν ότι θα ενισχύσει τη συνολική ζήτηση μέσω της αύξησης των καταναλωτικών δαπανών από εργαζομένους με χαμηλό εισόδημα και θα μειώσει τις κρατικές δαπάνες για προγράμματα κοινωνικής βοήθειας. Αντίθετα, οι επικριτές υποστηρίζουν ότι θα μπορούσε να οδηγήσει σε υψηλότερο πληθωρισμό, να ενθαρρύνει τις επιχειρήσεις να υιοθετήσουν τον αυτοματισμό νωρίτερα και να επηρεάσει δυσανάλογα τις μικρές επιχειρήσεις, οδηγώντας ενδεχομένως σε απώλειες θέσεων εργασίας για εργαζόμενους αρχικού επιπέδου ή χαμηλής ειδίκευσης."
"Κατηγοριοποιήστε τα ακόλουθα ονόματα: Jupiter, Mars, Venus, Saturn, Neptune, Pluto, Europa, Ganymede, Io, Ceres, Vesta, Apollo, Diana. Ταξινομήστε το καθένα ως 'Πλανητικό Σώμα' (Πλανήτης, Δορυφόρος, ή Πλανήτης Νάνος), 'Μυθολογική Θεότητα' (Ελληνική ή Ρωμαϊκή), 'Και τα Δύο', ή 'Κανένα'.",,"Αυτή είναι μια εξαιρετική λίστα που απεικονίζει τη βαθιά σύνδεση μεταξύ της αστρονομίας και της κλασικής μυθολογίας, καθώς σχεδόν όλα τα ουράνια σώματα ονομάζονται από μυθολογικές μορφές. Ωστόσο, με βάση τις κατηγορίες που παρείχατε, ακολουθεί η ταξινόμηση:

**Και τα Δύο (Σημαντικά Πλανητικά Σώματα και Σημαντικές Κλασικές Θεότητες):**

*   **Jupiter, Mars, Venus, Saturn, Neptune:** Αυτά είναι τα ονόματα των πέντε κλασικών πλανητών και των κύριων Ρωμαϊκών θεοτήτων που αντιπροσωπεύουν.
*   **Pluto, Ceres:** Αυτοί ταξινομούνται ως πλανήτες νάνοι και είναι επίσης τα ονόματα σημαντικών Ρωμαϊκών θεοτήτων (ο Θεός του Κάτω Κόσμου και η Θεά της Γεωργίας, αντίστοιχα).

**Πλανητικό Σώμα (Αστρονομική έμφαση, αν και προέρχεται από τη μυθολογία):**

*   **Europa, Ganymede, Io:** Αυτοί είναι τρεις από τους μεγαλύτερους δορυφόρους του Δία. Αν και ονομάστηκαν από μυθολογικές μορφές, η κοινή αναφορά τους είναι αυστηρά αστρονομική.
*   **Vesta:** Αυτός είναι ένας από τους μεγαλύτερους αστεροειδείς στη ζώνη. Η κύρια αναφορά του είναι αστρονομική στη σύγχρονη χρήση.

**Μυθολογική Θεότητα (Πρωταρχική αναφορά εκτός αστρονομίας):**

*   **Apollo, Diana:** Ενώ διάφοροι μικρότεροι αστεροειδείς φέρουν αυτά τα ονόματα, στο πλαίσιο της κύριας κατηγοριοποίησης, αυτά τα ονόματα αναφέρονται κυρίως στις Ρωμαϊκές θεότητες (Θεός του Ήλιου/Μουσικής/Τοξοβολίας και Θεά του Κυνηγιού/Σελήνης, αντίστοιχα)."
"Σύμφωνα με το παρεχόμενο κείμενο, ποιος οργανισμός ήταν υπεύθυνος για την επαναταξινόμηση του Πλούτωνα το 2006;","Ο Πλούτωνας, ο οποίος κάποτε ταξινομήθηκε ως ο ένατος πλανήτης, επαναταξινομήθηκε ως πλανήτης νάνος το 2006 από τη Διεθνή Αστρονομική Ένωση (IAU). Η IAU καθιέρωσε κριτήρια που απαιτούν από ένα ουράνιο σώμα να έχει 'καθαρίσει τη γειτονιά' γύρω από την τροχιά του για να θεωρηθεί πλήρης πλανήτης. Ο Πλούτωνας αποτυγχάνει σε αυτό το τελικό κριτήριο.",Διεθνής Αστρονομική Ένωση (IAU)
"Εξαιρουμένης της κεραίας, ποιο ήταν το αρχικό ύψος του Πύργου του Άιφελ σε πόδια;","Ο Πύργος του Άιφελ κατασκευάστηκε για την Παγκόσμια Έκθεση του 1889 στο Παρίσι. Σχεδιασμένο από τον Γουστάβο Άιφελ, το κτίριο αρχικά είχε ύψος 300 μέτρα (984 πόδια), εξαιρουμένης της κεραίας. Μεταγενέστερες προσθήκες εξοπλισμού εκπομπής αύξησαν το συνολικό του ύψος. Όταν ολοκληρώθηκε για πρώτη φορά, το συνολικό βάρος της σιδερένιας κατασκευής ήταν περίπου 7.300 μετρικοί τόνοι. Εάν συμπεριληφθούν οι θεμελιώσεις από λιθοδομή, το συνολικό βάρος είναι πιο κοντά στους 10.100 τόνους.",984 πόδια
"Καταγράψτε τις βασικές ημερομηνίες και την αντίστοιχη ανάπτυξη προγράμματος περιήγησης ή γλώσσας που αναφέρεται στο κείμενο, με τη μορφή 'Έτος: Γεγονός'.","Η θεμελίωση του Παγκόσμιου Ιστού (World Wide Web) μπορεί να εντοπιστεί στο 1991, όταν ο πρώτος φυλλομετρητής, ο WorldWideWeb, κυκλοφόρησε από τον Tim Berners-Lee. Δύο χρόνια αργότερα, το 1993, κυκλοφόρησε ο Mosaic, ο οποίος έκανε δημοφιλή την περιήγηση στο διαδίκτυο. Η κρίσιμη ανάπτυξη της JavaScript, μιας γλώσσας σεναρίων απαραίτητης για δυναμικό διαδικτυακό περιεχόμενο, συνέβη το 1995. Τέλος, η πρώτη δημόσια κυκλοφορία του δημοφιλούς φυλλομετρητή Firefox (που τότε ονομαζόταν Phoenix) έγινε το 2002.","1991: Κυκλοφορία του WorldWideWeb
1993: Κυκλοφορία του Mosaic
1995: Ανάπτυξη της JavaScript
2002: Κυκλοφορία του Firefox"
Ποιο είναι το μεγαλύτερο φεγγάρι στο ηλιακό μας σύστημα;,,"Το μεγαλύτερο φεγγάρι στο ηλιακό σύστημα είναι ο Γανυμήδης, ο οποίος περιφέρεται γύρω από τον πλανήτη Δία. Ο Γανυμήδης είναι ακόμη μεγαλύτερος από τον πλανήτη Ερμή και τον νάνο πλανήτη Πλούτωνα. Είναι το μόνο φεγγάρι που είναι γνωστό ότι έχει δικό του μαγνητικό πεδίο."
Ομαδοποιήστε τα ακόλουθα ζώα σε δύο κατηγορίες: Θηλαστικό και Ερπετό.,"Φίδι, Σκύλος, Κροκόδειλος, Γάτα, Χελώνα, Φάλαινα, Σαύρα, Άνθρωπος","Θηλαστικό: Σκύλος, Γάτα, Φάλαινα, Άνθρωπος
Ερπετό: Φίδι, Κροκόδειλος, Χελώνα, Σαύρα"
Εξηγήστε την κεντρική έννοια της Θεωρίας της Ειδικής Σχετικότητας του Άλμπερτ Αϊνστάιν με απλούς όρους.,,"Η κεντρική έννοια είναι ότι οι νόμοι της φυσικής είναι οι ίδιοι για όλους τους μη επιταχυνόμενους παρατηρητές (αδρανειακά συστήματα), και η ταχύτητα του φωτός στο κενό είναι σταθερή για όλους, ανεξάρτητα από την κίνηση της πηγής φωτός. Αυτό οδηγεί σε βαθιές συνέπειες όπως η διαστολή του χρόνου (ο χρόνος κινείται πιο αργά για αντικείμενα που κινούνται γρήγορα) και η συστολή του μήκους."
Ποια είναι η διαφορά μεταξύ μιας τροφικής αλλεργίας και μιας τροφικής δυσανεξίας;,,"Η βασική διαφορά έγκειται στον μηχανισμό αντίδρασης του σώματος. Μια τροφική αλλεργία περιλαμβάνει το ανοσοποιητικό σύστημα, όπου το σώμα εκλαμβάνει λανθασμένα μια πρωτεΐνη στην τροφή ως απειλή και απελευθερώνει αντισώματα (όπως η IgE), προκαλώντας άμεσα και δυνητικά απειλητικά για τη ζωή συμπτώματα (κνίδωση, αναφυλαξία). Μια τροφική δυσανεξία περιλαμβάνει το πεπτικό σύστημα και συνήθως προκαλείται από την αδυναμία του σώματος να αφομοιώσει ή να διασπάσει σωστά ένα συστατικό της τροφής (συχνά λόγω έλλειψης ενζύμων, όπως η δυσανεξία στη λακτόζη). Τα συμπτώματα περιορίζονται γενικά στο έντερο (αέρια, φούσκωμα, διάρροια) και δεν είναι απειλητικά για τη ζωή."
Εξηγήστε την έννοια του εγκιβωτισμού.,,"Ο εγκιβωτισμός (containerization) είναι μια ελαφριά μορφή εικονικοποίησης σε επίπεδο λειτουργικού συστήματος, όπου ο κώδικας εφαρμογής, οι εξαρτήσεις και η διαμόρφωση συσκευάζονται μαζί σε μια αυτόνομη μονάδα, διασφαλίζοντας ότι εκτελείται αξιόπιστα σε διαφορετικά υπολογιστικά περιβάλλοντα."
"Περιγράψτε τον Μεγάλο Κοραλλιογενή Ύφαλο, συμπεριλαμβανομένης της τοποθεσίας του και των κύριων χαρακτηριστικών του.","Ο Μεγάλος Κοραλλιογενής Ύφαλος είναι το μεγαλύτερο κοραλλιογενές σύστημα υφάλων στον κόσμο, αποτελούμενο από πάνω από 2.900 επιμέρους υφάλους και 900 νησιά, που εκτείνεται σε μήκος άνω των 2.300 χιλιομέτρων (1.400 μίλια) σε μια έκταση περίπου 344.400 τετραγωνικών χιλιομέτρων (133.000 τετραγωνικά μίλια). Ο ύφαλος βρίσκεται στην Θάλασσα των Κοραλλιών, στα ανοικτά των ακτών του Κουίνσλαντ, στην Αυστραλία. Χαρακτηρίστηκε Μνημείο Παγκόσμιας Κληρονομιάς της UNESCO το 1981. Είναι ορατός από το διάστημα και είναι η μεγαλύτερη ενιαία δομή στον κόσμο που έχει κατασκευαστεί από ζωντανούς οργανισμούς. Αυτή η δομή αποτελείται από δισεκατομμύρια μικροσκοπικούς οργανισμούς, γνωστούς ως πολύποδες κοραλλιών. Η κλιματική αλλαγή, η ρύπανση και τα γεγονότα λεύκανσης αποτελούν τις κύριες απειλές για τη βιοποικιλότητα του υφάλου.","Ο Μεγάλος Κοραλλιογενής Ύφαλος βρίσκεται στην Θάλασσα των Κοραλλιών, στα ανοικτά των ακτών του Κουίνσλαντ, στην Αυστραλία. Κατέχει τη διάκριση του μεγαλύτερου κοραλλιογενούς συστήματος υφάλων στον κόσμο, εκτεινόμενος σε περίπου 344.400 τετραγωνικά χιλιόμετρα (133.000 τετραγωνικά μίλια) και σε μήκος άνω των 2.300 χιλιομέτρων (1.400 μίλια), περιλαμβάνοντας πάνω από 2.900 επιμέρους υφάλους και 900 νησιά. Αναγνωρισμένος παγκοσμίως, χαρακτηρίστηκε Μνημείο Παγκόσμιας Κληρονομιάς της UNESCO το 1981. Αυτή η τεράστια δομή, χτισμένη από δισεκατομμύρια μικροσκοπικούς οργανισμούς που ονομάζονται πολύποδες κοραλλιών, είναι τόσο εκτεταμένη που είναι ορατή από το διάστημα.

Παρά το μέγεθος και την οικολογική του σημασία, η βιοποικιλότητα του υφάλου βρίσκεται υπό σοβαρή απειλή από παράγοντες όπως η κλιματική αλλαγή, η ρύπανση και τα συχνά γεγονότα λεύκανσης κοραλλιών."
Εξηγήστε πώς δημιουργείται το φαινόμενο Μουαρέ και ποιες είναι οι πρακτικές του εφαρμογές.,,"Το φαινόμενο Μουαρέ είναι ένα οπτικό φαινόμενο—ένα πρότυπο συμβολής—που εμφανίζεται όταν δύο παρόμοια, κανονικά μοτίβα (συνήθως παράλληλες γραμμές, πλέγματα ή κουκκίδες) επικαλύπτονται ενώ είναι ελαφρώς περιστραμμένα ή μετατοπισμένα το ένα από το άλλο. Το προκύπτον σύνθετο, μεγάλης κλίμακας μοτίβο είναι οπτικά διακριτό από τα αρχικά μοτίβα. Αυτό το φαινόμενο χρησιμοποιείται πρακτικά σε τομείς όπως η ασφάλεια νομισμάτων και εγγράφων (κινεγράμματα), η μικρομέτρηση (για την ανίχνευση μικροσκοπικών τάσεων σε υλικά) και συχνά μετριάζεται στην ψηφιακή φωτογραφία για την αποτροπή ανεπιθύμητων τεχνουργημάτων ψευδοολίσθησης κατά τη λήψη λεπτών υφασμάτων ή οθονών."
"Πώς πήρε το όνομά του το κοινό φαγητό, το σάντουιτς;","Το σάντουιτς πήρε το όνομά του από τον Τζον Μόνταγκιου, τον 4ο Κόμη του Σάντουιτς (1718–1792). Λέγεται ότι ο Κόμης ήταν ιδιαίτερα μανιώδης τζογαδόρος και δεν επιθυμούσε να εγκαταλείψει το τραπέζι των χαρτιών για μεγάλα γεύματα. Για να ικανοποιήσει την πείνα του, ενώ ταυτόχρονα διατηρούσε τα χέρια του καθαρά και ελεύθερα για να συνεχίσει να παίζει, φέρεται να ζήτησε να τοποθετηθούν φέτες κρέατος ανάμεσα σε δύο φέτες ψωμιού. Αυτό του επέτρεψε να φάει χωρίς μαχαιροπίρουνα. Αν και είναι πιθανό ότι συνδυασμοί ψωμιού και κρέατος υπήρχαν πριν από τον Κόμη, η διάδοση και η επακόλουθη ονομασία του είδους αποδίδεται σε αυτόν γύρω στο 1762.","Το σάντουιτς πήρε το όνομά του από τον 4ο Κόμη του Σάντουιτς, Τζον Μόνταγκιου. Φέρεται να ζήτησε κρέας ανάμεσα σε δύο φέτες ψωμιού ώστε να μπορεί να φάει χωρίς να διακόψει τις μακρές συνεδρίες του στο τραπέζι των χαρτιών, επιτρέποντάς του να κρατάει τα χέρια του καθαρά."
Αναλύστε τους βασικούς μηχανισμούς μέσω των οποίων τα μέσα κοινωνικής δικτύωσης συμβάλλουν στην πολιτική πόλωση και προτείνετε πρακτικά βήματα για τον μετριασμό αυτής της επίδρασης.,,"Οι πλατφόρμες μέσων κοινωνικής δικτύωσης, που αρχικά χαιρετίστηκαν ως εργαλεία δημοκρατικής επικοινωνίας και παγκόσμιας συνδεσιμότητας, έχουν παραδόξως γίνει καταλύτες για την ακραία πολιτική πόλωση. Οι κύριοι μηχανισμοί που οδηγούν σε αυτή τη διαίρεση έχουν τις ρίζες τους στο βασικό επιχειρηματικό μοντέλο των πλατφορμών: τη μεγιστοποίηση της αφοσίωσης των χρηστών μέσω της εξατομικευμένης παροχής περιεχομένου. 

Ο πρώτος κυρίαρχος μηχανισμός είναι ο **αλγοριθμικός θάλαμος ηχούς**. Οι αλγόριθμοι μηχανικής μάθησης έχουν σχεδιαστεί για να δίνουν προτεραιότητα σε περιεχόμενο που κρατά τον χρήστη να σκρολάρει, συχνά αναγνωρίζοντας και τροφοδοτώντας τον με υλικό που επιβεβαιώνει τις υπάρχουσες προκαταλήψεις του και προκαλεί μια έντονη συναισθηματική αντίδραση, συχνά οργή ή επιβεβαίωση. Αυτό δημιουργεί μια αυτοενισχυόμενη φούσκα πληροφοριών όπου οι χρήστες σπάνια εκτίθενται σε αξιόπιστες αντίθετες απόψεις. Με την πάροδο του χρόνου, αυτή η έλλειψη πνευματικής τριβής οδηγεί στην παγίωση ακραίων θέσεων και στην απανθρωποποίηση εκείνων του αντίθετου πολιτικού στρατοπέδου, καθώς οι αλγόριθμοι έχουν αφαιρέσει τις σύνθετες αποχρώσεις των πολιτικών συζητήσεων και τις έχουν αντικαταστήσει με απλοποιημένες, ανταγωνιστικές αφηγήσεις.

Ο δεύτερος κρίσιμος μηχανισμός είναι η **επιτάχυνση της συναισθηματικής μετάδοσης και της ιογένειας**. Το συναισθηματικά φορτισμένο περιεχόμενο—ειδικά ο θυμός, ο φόβος και η αηδία—είναι στατιστικά πιο πιθανό να μοιραστεί και να εξαπλωθεί γρήγορα σε όλες τις πλατφόρμες. Αυτό ευνοεί την παραπληροφόρηση, τον εντυπωσιασμό και την ηθική αγανάκτηση έναντι της νηφάλιας, πραγματικής ανάλυσης. Τα σύνθετα πολιτικά ζητήματα ανάγονται σε εύκολα αφομοιώσιμες, συχνά παραπλανητικές ατάκες ή μιμίδια, καθιστώντας τον ουσιαστικό διάλογο εξαιρετικά δύσκολο όταν η δημόσια συζήτηση καθοδηγείται από τη συναισθηματική ένταση αντί από κοινά γεγονότα ή αμοιβαία κατανόηση. Επιπλέον, η ανωνυμία και η απόσταση που παρέχεται από την διαδικτυακή αλληλεπίδραση μειώνουν το όριο για την επιθετική και τοξική συμπεριφορά, ενθαρρύνοντας τον ανταγωνισμό.

Ο μετριασμός αυτής της κοινωνικής ρήξης απαιτεί μια πολυδιάστατη προσέγγιση που στοχεύει τόσο στα συστημικά κίνητρα των πλατφορμών όσο και στις συμπεριφορικές συνήθειες των χρηστών. Συστημικά, οι πλατφόρμες θα πρέπει να ενθαρρυνθούν ή να υποχρεωθούν να **προσαρμόσουν τις αλγοριθμικές τους προτεραιότητες**. Αυτό σημαίνει μετατόπιση της μέτρησης βελτιστοποίησης μακριά από την καθαρή «αφοσίωση» προς μετρήσεις που εκτιμούν την αξιοπιστία της πηγής, την ποικιλομορφία των απόψεων και το πλαίσιο. Για παράδειγμα, η ιεράρχηση αναρτήσεων από επαληθευμένες πηγές ειδήσεων ή η εμφάνιση υψηλότερου ποσοστού περιεχομένου από διαφορετικές πολιτικές προοπτικές, ακόμη και αν η αρχική αφοσίωση είναι χαμηλότερη, θα μπορούσε να διαβρώσει αργά τους θαλάμους ηχούς.

Από την πλευρά των χρηστών, η εστίαση πρέπει να είναι στη **βελτίωση του ψηφιακού γραμματισμού στα μέσα ενημέρωσης**. Οι εκπαιδευτικές πρωτοβουλίες πρέπει να διδάξουν στα άτομα πώς να αναγνωρίζουν το αλγοριθμικό φιλτράρισμα, πώς να εντοπίζουν το «δόλωμα οργής» (outrage bait) και τη σημασία της διασταύρωσης πληροφοριών χρησιμοποιώντας διαφορετικές, αξιόπιστες πηγές εκτός της ροής τους. Οι χρήστες πρέπει να ενθαρρύνονται να σπάσουν σκόπιμα τις δικές τους φούσκες φίλτρων αναζητώντας καλά τεκμηριωμένα επιχειρήματα από αντίθετες πολιτικές θέσεις, αναγνωρίζοντας ότι η παραγωγική διαφωνία είναι απαραίτητη για μια υγιή δημοκρατία. Τελικά, η μείωση της πόλωσης απαιτεί τόσο αλγοριθμικό περιορισμό όσο και κοινωνική δέσμευση για την εκτίμηση της κριτικής σκέψης έναντι της βολικής επιβεβαίωσης."
Εξηγήστε τον σκοπό της Στήλης της Ροζέτας.,,"Η Στήλη της Ροζέτας χρησίμευσε ως κλειδί για την αποκρυπτογράφηση των αιγυπτιακών ιερογλυφικών. Περιείχε το ίδιο διάταγμα χαραγμένο σε τρεις γραφές: ιερογλυφική, δημοτική γραφή και αρχαία ελληνική."
"Σύμφωνα με το κείμενο, ποιο έτος ανέλαβαν οι Ηνωμένες Πολιτείες τον έλεγχο του έργου κατασκευής της Διώρυγας του Παναμά;","Η Διώρυγα του Παναμά, ένα μνημειώδες επίτευγμα μηχανικής, άνοιξε επίσημα στις 15 Αυγούστου 1914, συνδέοντας τον Ατλαντικό Ωκεανό (μέσω της Καραϊβικής Θάλασσας) με τον Ειρηνικό Ωκεανό. Η κατασκευή της μείωσε δραματικά την απόσταση και τον χρόνο που απαιτούνταν για τα πλοία να ταξιδεύουν μεταξύ των δύο ωκεανών. Πριν από το 1904, οι Γάλλοι προσπάθησαν να κατασκευάσουν μια διώρυγα στο επίπεδο της θάλασσας ξεκινώντας το 1881, αλλά το έργο απέτυχε λόγω ασθενειών, μηχανολογικών προκλήσεων και οικονομικών δυσκολιών. Οι Ηνωμένες Πολιτείες ανέλαβαν το έργο το 1904, επιλέγοντας αντ' αυτού ένα σύστημα διώρυγας με κλειδαριές. Η δημιουργία της λίμνης Γκατούν, ενός τεράστιου τεχνητού ταμιευτήρα, ήταν αναπόσπαστο μέρος αυτού του σχεδιασμού. Η διώρυγα λειτουργεί κυρίως χρησιμοποιώντας τρεις σειρές κλειδαριών: Miraflores, Pedro Miguel και Gatun.",1904
Ποια είναι η καλύτερη μέθοδος για την παρασκευή καφέ φίλτρου (pour-over) υψηλής ποιότητας;,,"Η βέλτιστη μέθοδος για τον καφέ φίλτρου (pour-over) απαιτεί ακρίβεια. Αρχικά, θερμάνετε φιλτραρισμένο νερό μεταξύ 195°F και 205°F (90°C–96°C). Ενώ το νερό ζεσταίνεται, ζυγίστε και αλέστε τους φρέσκους κόκκους σας σε μέτρια συνοχή (περίπου 1:15 αναλογία καφέ προς νερό). Τοποθετήστε το χάρτινο φίλτρο στον κώνο και ξεπλύνετέ το καλά με ζεστό νερό για να αφαιρέσετε τη γεύση του χαρτιού και να προθερμάνετε τη συσκευή παρασκευής. απορρίψτε αυτό το νερό ξεπλύματος. Προσθέστε τον αλεσμένο καφέ στον κώνο και ισιώστε τον. Ξεκινήστε το «άνοιγμα» (bloom) ρίχνοντας αργά αρκετό νερό (περίπου διπλάσιο από το βάρος του αλεσμένου καφέ) πάνω από τον καφέ για να τον κορέσετε εντελώς. Αφήστε το να σταθεί για 30 δευτερόλεπτα. Στη συνέχεια, ξεκινήστε το κύριο ρίξιμο, ξεκινώντας από το κέντρο και σπειροειδώς προς τα έξω, αποφεύγοντας να ρίχνετε απευθείας στα τοιχώματα του φίλτρου. Συνεχίστε να ρίχνετε με σταθερές, αργές αυξήσεις μέχρι να φτάσετε στον επιθυμητό συνολικό όγκο νερού. Ο συνολικός χρόνος παρασκευής θα πρέπει ιδανικά να κυμαίνεται μεταξύ 2,5 και 3,5 λεπτών."
Ποιο είναι το χημικό σύμβολο για το νάτριο;,,Na
Ποιοι ήταν οι κύριοι λόγοι που η γαλλική προσπάθεια κατασκευής της Διώρυγας του Παναμά καθυστέρησε στα τέλη του 19ου αιώνα;,"Η Διώρυγα του Παναμά είναι μια τεχνητή πλωτή οδός μήκους 82 χλμ (51 μιλίων) στον Παναμά που συνδέει τον Ατλαντικό Ωκεανό με τον Ειρηνικό Ωκεανό. Η διώρυγα διασχίζει τον Ισθμό του Παναμά και αποτελεί δίοδο για το θαλάσσιο εμπόριο. Ως ένα από τα μεγαλύτερα και δυσκολότερα μηχανικά έργα που έχουν αναληφθεί ποτέ, είχε τεράστιο αντίκτυπο στη ναυτιλία μεταξύ των δύο ωκεανών, αντικαθιστώντας τη μακρά και επικίνδυνη διαδρομή γύρω από το Ακρωτήριο Χορν στο νοτιότερο άκρο της Νότιας Αμερικής. Η κατασκευή ξεκίνησε το 1881 από τη Γαλλία, αλλά τα μηχανικά προβλήματα και τα υψηλά ποσοστά θνησιμότητας των εργατών (πάνω από 25.000 θάνατοι από ασθένειες και ατυχήματα) οδήγησαν στην αναστολή του έργου το 1894. Οι Ηνωμένες Πολιτείες ανέλαβαν το έργο το 1904, ανοίγοντας τελικά τη διώρυγα στις 15 Αυγούστου 1914. Οι ΗΠΑ διαχειρίστηκαν τη διώρυγα και την περιβάλλουσα Ζώνη της Διώρυγας μέχρις ότου οι Συνθήκες Torrijos–Carter του 1977 προέβλεψαν τη σταδιακή μεταφορά του ελέγχου στον Παναμά, η οποία ολοκληρώθηκε το 1999.","Η γαλλική προσπάθεια κατασκευής καθυστέρησε λόγω σύνθετων μηχανικών προβλημάτων σε συνδυασμό με υψηλά ποσοστά θνησιμότητας των εργατών, τα οποία περιλάμβαναν πάνω από 25.000 θανάτους από ασθένειες και ατυχήματα."
Ποιοι είναι οι πρωταρχικοί παράγοντες που αποδίδονται στην κατάρρευση του Κλασικού Πολιτισμού των Μάγια;,,"Η κατάρρευση του Κλασικού Πολιτισμού των Μάγια (περίπου 8ος έως 9ος αιώνας μ.Χ.) δεν προκλήθηκε από ένα μόνο γεγονός, αλλά από μια σύνθετη αλληλεπίδραση περιβαλλοντικών και πολιτικών παραγόντων. Οι κορυφαίες θεωρίες υποδηλώνουν ότι οι ακραίες, παρατεταμένες ξηρασίες, όπως αποδεικνύεται από παλαιοκλιματικά δεδομένα, άσκησαν τεράστια πίεση στα εντατικά γεωργικά τους συστήματα. Αυτή η περιβαλλοντική πίεση επιδεινώθηκε συχνά από ενδημικούς εσωτερικούς πολέμους μεταξύ ανταγωνιστικών πόλεων-κρατών, οδηγώντας σε διακοπή των εμπορικών οδών και πολιτική αστάθεια. Επιπλέον, οι μη βιώσιμες γεωργικές πρακτικές, όπως η εκτεταμένη αποψίλωση των δασών, πιθανώς υποβάθμισαν το έδαφος και επιδείνωσαν τις συνέπειες της ξηρασίας. Τελικά, η αποτυχία της άρχουσας ελίτ να διατηρήσει την κοινωνική τάξη και να εξασφαλίσει τις απαραίτητες βροχοπτώσεις οδήγησε σε πολιτικό κατακερματισμό και στη σταδιακή εγκατάλειψη των μεγάλων αστικών κέντρων στα νότια πεδινά."
"Προσδιορίστε τα άτομα σε αυτή τη λίστα που υπηρέτησαν ως Πρόεδροι των ΗΠΑ: Abraham Lincoln, George Washington, Benjamin Franklin, Alexander Hamilton, Theodore Roosevelt.",,"Οι Πρόεδροι των ΗΠΑ σε αυτή τη λίστα είναι ο Abraham Lincoln, ο George Washington, και ο Theodore Roosevelt."
"Κατηγοριοποιήστε τα ακόλουθα χαρακτηριστικά σε Ποτάμια, Ωκεανούς και Ερήμους: Gobi, Atlantic, Yangtze, Kalahari, Indian, Mississippi.",,"Ποτάμια: Yangtze, Mississippi
Ωκεανοί: Atlantic, Indian
Έρημοι: Gobi, Kalahari"
Ποιο ήταν το πρώτο σημαντικό έργο που παρήχθη χρησιμοποιώντας το τυπογραφείο του Γουτεμβέργιου;,"Ο Γιοχάνες Γουτεμβέργιος, Γερμανός χρυσοχόος, εφευρέτης, τυπογράφος και εκδότης, ανέπτυξε το τυπογραφείο στο Στρασβούργο γύρω στο 1440. Η εφεύρεσή του, ιδιαίτερα το μηχανικό πιεστήριο με κινητά στοιχεία, ξεκίνησε την Επανάσταση της Τυπογραφίας και θεωρείται ευρέως ως η πιο σημαντική εφεύρεση της δεύτερης χιλιετίας, επηρεάζοντας βαθιά τη ροή των πληροφοριών σε όλη την Ευρώπη και την επακόλουθη επιστημονική επανάσταση. Το πρώτο σημαντικό έργο που παρήχθη χρησιμοποιώντας το τυπογραφείο του ήταν η Βίβλος του Γουτεμβέργιου, η οποία ολοκληρώθηκε το 1455.","Το πρώτο σημαντικό έργο που παρήχθη χρησιμοποιώντας το τυπογραφείο του ήταν η Βίβλος του Γουτεμβέργιου, η οποία ολοκληρώθηκε το 1455."
Ποιες είναι οι κύριες τρέχουσες εφαρμογές της γενετικής τεχνητής νοημοσύνης (Generative AI);,,"Η Γενετική Τεχνητή Νοημοσύνη αναφέρεται σε μοντέλα βαθιάς μάθησης, όπως τα μεγάλα γλωσσικά μοντέλα (LLMs) και τα μοντέλα διάχυσης (diffusion models), που είναι ικανά να δημιουργούν νέο, πρωτότυπο περιεχόμενο αντί απλώς να ταξινομούν ή να αναλύουν υπάρχοντα δεδομένα. Οι κύριες τρέχουσες εφαρμογές περιλαμβάνουν την αυτοματοποιημένη δημιουργία περιεχομένου, όπου τα μοντέλα παράγουν άρθρα, περιλήψεις ή κείμενα μάρκετινγκ (marketing copy)· την υποστήριξη ανάπτυξης λογισμικού, παρέχοντας αυτόματη συμπλήρωση κώδικα, εντοπισμό σφαλμάτων (debugging) και μετάφραση μεταξύ γλωσσών· και τις καλλιτεχνικές προσπάθειες, δημιουργώντας φωτορεαλιστικές εικόνες, μουσικές συνθέσεις και σενάρια βίντεο με βάση απλές εντολές κειμένου (text prompts). Επιπλέον, η γενετική τεχνητή νοημοσύνη χρησιμοποιείται για τη δημιουργία συνθετικών συνόλων δεδομένων για την εκπαίδευση άλλων μοντέλων μηχανικής μάθησης, κάτι που βοηθά στην υπέρβαση των περιορισμών απορρήτου και των προβλημάτων έλλειψης δεδομένων στην έρευνα και ανάπτυξη."
Εξηγήστε τη θεμελιώδη αρχή με την οποία το Παγκόσμιο Σύστημα Εντοπισμού Θέσης (GPS) προσδιορίζει μια τοποθεσία.,,"Το GPS χρησιμοποιεί μια τεχνική που ονομάζεται τριπλευρισμός. Ένας δέκτης μετρά τον χρόνο που χρειάζονται τα σήματα από τουλάχιστον τέσσερις δορυφόρους σε τροχιά για να φτάσουν σε αυτόν, υπολογίζοντας την απόσταση από κάθε δορυφόρο. Γνωρίζοντας τις αποστάσεις και τις ακριβείς θέσεις των δορυφόρων, ο δέκτης μπορεί να εντοπίσει με ακρίβεια τη δική του τρισδιάστατη θέση στη Γη."
"Μετατρέψτε τις ακόλουθες τιμές, δείχνοντας τον χρησιμοποιούμενο τύπο: 5 μίλια σε χιλιόμετρα και 25 βαθμούς Κελσίου σε Φαρενάιτ.",,5 μίλια σε χλμ: Τύπος (μίλια * 1.60934). Αποτέλεσμα: 8.047 χλμ. | 25 βαθμοί Κελσίου σε Φαρενάιτ: Τύπος ((C * 9/5) + 32). Αποτέλεσμα: 77 βαθμοί Φαρενάιτ.
"Σύμφωνα με το κείμενο, ποια κατασκευή ξεπέρασε τελικά τον Πύργο του Άιφελ σε ύψος, τερματίζοντας το ρεκόρ του διάρκειας 41 ετών;","Ο Πύργος του Άιφελ είναι ένας δικτυωτός πύργος από σφυρήλατο σίδηρο στο Πεδίον του Άρεως (Champ de Mars) στο Παρίσι της Γαλλίας. Πήρε το όνομά του από τον μηχανικό Γουστάβο Άιφελ (Gustave Eiffel), του οποίου η εταιρεία σχεδίασε και κατασκεύασε τον πύργο. Κατασκευάστηκε από το 1887 έως το 1889 και αρχικά χτίστηκε ως η αψίδα εισόδου για την Παγκόσμια Έκθεση του 1889. Αρχικά επικρίθηκε από μερικούς από τους κορυφαίους καλλιτέχνες και διανοούμενους της Γαλλίας για τον σχεδιασμό του, έκτοτε όμως έχει γίνει ένα παγκόσμιο πολιτιστικό σύμβολο της Γαλλίας και μία από τις πιο αναγνωρίσιμες κατασκευές στον κόσμο. Ο πύργος έχει ύψος 330 μέτρα (1.083 πόδια), περίπου το ίδιο ύψος με ένα κτίριο 81 ορόφων, και είναι η ψηλότερη κατασκευή στο Παρίσι. Η βάση του είναι τετράγωνη, με μήκος 125 μέτρα (410 πόδια) σε κάθε πλευρά. Όταν ολοκληρώθηκε, ο Πύργος του Άιφελ ξεπέρασε το Μνημείο της Ουάσιγκτον (Washington Monument) και έγινε η ψηλότερη ανθρωπογενής κατασκευή στον κόσμο, τίτλο που διατήρησε για 41 χρόνια μέχρι την ολοκλήρωση του Κτιρίου Chrysler (Chrysler Building) στη Νέα Υόρκη το 1930.",Το Κτίριο Chrysler στη Νέα Υόρκη.
"Παρέχετε μια βιογραφία της Μαρίας Κιουρί, εστιάζοντας στις επιστημονικές της συνεισφορές.",,"Η Μάρια Σκουοντοβσκα Κιουρί (7 Νοεμβρίου 1867 – 4 Ιουλίου 1934) ήταν Πολωνή και νατουραλιζέ Γαλλίδα φυσικός και χημικός που διεξήγαγε πρωτοποριακή έρευνα στη ραδιενέργεια. Ήταν η πρώτη γυναίκα που κέρδισε Βραβείο Νόμπελ, το πρώτο άτομο και η μόνη γυναίκα που κέρδισε Βραβείο Νόμπελ δύο φορές, και το μόνο άτομο που κέρδισε Βραβείο Νόμπελ σε δύο διαφορετικούς επιστημονικούς τομείς. Δουλεύοντας με τον σύζυγό της, Πιερ Κιουρί, ανέπτυξε τη θεωρία της ραδιενέργειας, τεχνικές για την απομόνωση ραδιενεργών ισοτόπων και ανακάλυψε τα στοιχεία πολώνιο και ράδιο. Ίδρυσε τα Ινστιτούτα Κιουρί στο Παρίσι και στη Βαρσοβία, τα οποία παραμένουν μεγάλα κέντρα ιατρικής έρευνας. Το έργο της ήταν καθοριστικό για την ανάπτυξη των ακτίνων Χ και της πυρηνικής επιστήμης."
Ποιοι επιστήμονες πιστώνονται κυρίως με την πρόταση της δομής της διπλής έλικας του DNA;,"Η ανακάλυψη της δομής του DNA πιστώνεται ευρέως στον Τζέιμς Γουάτσον και στον Φράνσις Κρικ το 1953, χρησιμοποιώντας βασικά δεδομένα από τη Ρόζαλιντ Φράνκλιν και τον Μόρις Γουίλκινς. Πρότειναν ότι το DNA παίρνει τη μορφή διπλής έλικας, δύο κλώνων τυλιγμένων ο ένας γύρω από τον άλλο. Κάθε κλώνος αποτελείται από μία ραχοκοκαλιά εναλλασσόμενων ομάδων σακχάρου δεσοξυριβόζης και φωσφορικών, με νιτρογονώδεις βάσεις (αδενίνη, γουανίνη, κυτοσίνη και θυμίνη) να εκτείνονται προς τα μέσα. Οι βάσεις ζευγαρώνουν συγκεκριμένα στους δύο κλώνους: η Αδενίνη ζευγαρώνει πάντα με τη Θυμίνη και η Γουανίνη ζευγαρώνει πάντα με την Κυτοσίνη.","Η ανακάλυψη της δομής του DNA πιστώνεται ευρέως στον Τζέιμς Γουάτσον και στον Φράνσις Κρικ το 1953, χρησιμοποιώντας βασικά δεδομένα από τη Ρόζαλιντ Φράνκλιν και τον Μόρις Γουίλκινς."
Γράψτε μια συνάρτηση Python για τον υπολογισμό του παραγοντικού ενός μη αρνητικού ακέραιου.,"Η συνάρτηση πρέπει να χρησιμοποιεί αναδρομή και να περιλαμβάνει κατάλληλο χειρισμό σφαλμάτων για αρνητικές εισόδους, καθώς και ένα docstring που εξηγεί τον σκοπό της.","python
def factorial_recursive(n):
    """"""
    Υπολογίζει το παραγοντικό ενός μη αρνητικού ακέραιου n χρησιμοποιώντας αναδρομή.
    Το παραγοντικό του 0 ορίζεται ως 1.
    
    Raises:
        ValueError: Εάν το n είναι αρνητικό.
    """"""
    if n < 0:
        raise ValueError(""Το παραγοντικό δεν ορίζεται για αρνητικούς αριθμούς."")
    elif n == 0:
        return 1
    else:
        return n * factorial_recursive(n - 1)

# Παράδειγμα χρήσης:
# print(factorial_recursive(5)) # Output: 120
"
"Μετατρέψτε την παρεχόμενη λίστα JSON υπαλλήλων σε επίσημη μορφή σημειώματος, παραθέτοντας ονόματα και τμήματα.","[{""name"": ""Alice Johnson"", ""department"": ""Marketing"", ""id"": 101}, {""name"": ""Bob Smith"", ""department"": ""Finance"", ""id"": 102}, {""name"": ""Charlie Davis"", ""department"": ""Engineering"", ""id"": 103}]","ΥΠΟΜΝΗΜΑ: Ενημέρωση Καταλόγου Υπαλλήλων. Το ακόλουθο βασικό προσωπικό έχει ταυτοποιηθεί: Alice Johnson (Μάρκετινγκ), Bob Smith (Οικονομικά), και Charlie Davis (Μηχανικών)."
Ποιο είναι το χημικό σύμβολο για το στοιχείο χρυσός;,,Au
"Φιλτράρετε την παρεχόμενη λίστα ακεραίων, εξάγοντας μόνο τους αριθμούς που ορίζονται μαθηματικά ως πρώτοι.","1, 2, 4, 7, 9, 11, 15, 17, 21, 29","Οι πρώτοι αριθμοί στη λίστα είναι οι 2, 7, 11, 17 και 29."
"Σύμφωνα με το παρεχόμενο κείμενο, με ποιους μοιράστηκε η Μαρία Κιουρί το βραβείο Νόμπελ Φυσικής του 1903;","Η Μαρία Σκουοντόφσκα Κιουρί (γεννημένη ως Μαρία Σαλόμεα Σκουοντόφσκα· 7 Νοεμβρίου 1867 – 4 Ιουλίου 1934) ήταν Πολωνή και νατουραλιζέ-Γαλλίδα φυσικός και χημικός που διεξήγαγε πρωτοποριακή έρευνα στη ραδιενέργεια. Ήταν η πρώτη γυναίκα που κέρδισε βραβείο Νόμπελ, το πρώτο άτομο και η μόνη γυναίκα που κέρδισε το βραβείο Νόμπελ δύο φορές, και το μόνο άτομο που κέρδισε το βραβείο Νόμπελ σε δύο διαφορετικά επιστημονικά πεδία. Μοιράστηκε το βραβείο Νόμπελ Φυσικής του 1903 με τον σύζυγό της, Πιερ Κιουρί, και τον φυσικό Ανρί Μπεκερέλ για την κοινή τους έρευνα για την αυθόρμητη ακτινοβολία. Αργότερα, κέρδισε το βραβείο Νόμπελ Χημείας του 1911 για την ανακάλυψη των στοιχείων πολώνιο και ράδιο.","Η Μαρία Κιουρί μοιράστηκε το βραβείο Νόμπελ Φυσικής του 1903 με τον σύζυγό της, Πιερ Κιουρί, και τον φυσικό Ανρί Μπεκερέλ."
"Από την παρακάτω λίστα, εντοπίστε τα ζώα που ταξινομούνται επί του παρόντος ως ευάλωτα ή απειλούμενα από την Κόκκινη Λίστα της IUCN: Τίγρη, Οικόσιτη Γάτα, Γιγάντιο Πάντα, Γκρίζος Λύκος, Κουνέλι, Μπλε Φάλαινα.",,"Ζώα ταξινομημένα ως ευάλωτα ή απειλούμενα: Τίγρη, Γιγάντιο Πάντα, Μπλε Φάλαινα."
Ποιες είναι οι κύριες δομικές διαφορές μεταξύ του DNA και του RNA;,,"Το DNA (Δεσοξυριβονουκλεϊκό οξύ) χρησιμοποιεί το σάκχαρο δεσοξυριβόζη και είναι συνήθως δίκλωνο, σχηματίζοντας μία έλικα. Οι αζωτούχες βάσεις του είναι η Αδενίνη, η Γουανίνη, η Κυτοσίνη και η Θυμίνη. Το RNA (Ριβονουκλεϊκό οξύ) χρησιμοποιεί το σάκχαρο ριβόζη, είναι γενικά μονόκλωνο και αντικαθιστά τη Θυμίνη με την Ουρακίλη στην αλληλουχία των αζωτούχων βάσεων του."
Ποιο σημαντικό γεγονός θεωρείται παραδοσιακά το σημείο καμπής από τη Ρωμαϊκή Δημοκρατία στη Ρωμαϊκή Αυτοκρατορία;,,"Το παραδοσιακό σημείο καμπής είναι η παραχώρηση εξαιρετικών εξουσιών στον Οκταβιανό (αργότερα γνωστό ως Αύγουστο) από τη Σύγκλητο το 27 π.Χ., συμπεριλαμβανομένου του τίτλου «Αύγουστος». Αυτό σηματοδότησε την εγκαθίδρυσή του ως πρώτου Ρωμαίου Αυτοκράτορα, αν και η ουσιαστική μοναδική του κυριαρχία εξασφαλίστηκε με τη νίκη του επί του Μάρκου Αντωνίου και της Κλεοπάτρας στη Μάχη του Ακτίου το 31 π.Χ."
Συζητήστε τις ηθικές προκλήσεις που θέτει η ταχεία ανάπτυξη της Τεχνητής Νοημοσύνης και προτείνετε ρυθμιστικά πλαίσια.,,"Η ταχεία πρόοδος της Τεχνητής Νοημοσύνης (ΤΝ) υπόσχεται μετασχηματιστικά κοινωνικά οφέλη, ωστόσο ταυτόχρονα εισάγει βαθιές ηθικές προκλήσεις που απαιτούν προσεκτική εξέταση και ισχυρή ρυθμιστική δράση. Αυτές οι προκλήσεις καλύπτουν ζητήματα δικαιοσύνης, αυτονομίας, ιδιωτικότητας και οικονομικής σταθερότητας. 

Μία βασική ηθική ανησυχία είναι η **αλγοριθμική μεροληψία και δικαιοσύνη**. Τα συστήματα ΤΝ εκπαιδεύονται σε ιστορικά δεδομένα, τα οποία συχνά αντικατοπτρίζουν υπάρχουσες κοινωνικές προκαταλήψεις βάσει φυλής, φύλου ή κοινωνικοοικονομικής κατάστασης. Όταν χρησιμοποιούνται αυτά τα μεροληπτικά σύνολα δεδομένων, τα προκύπτοντα μοντέλα ΤΝ διαιωνίζουν, ακόμη και ενισχύουν, τις διακρίσεις σε κρίσιμους τομείς όπως οι προσλήψεις, οι εγκρίσεις δανείων και τα συστήματα ποινικής δικαιοσύνης. Για παράδειγμα, οι αλγόριθμοι αναγνώρισης προσώπου έχουν επανειλημμένα δείξει υψηλότερα ποσοστά σφαλμάτων για άτομα με σκουρότερο δέρμα, οδηγώντας σε ζητήματα λανθασμένης ταυτοποίησης και άδικων συνεπειών. Για την αντιμετώπιση αυτού του ζητήματος, οι προγραμματιστές πρέπει να δώσουν προτεραιότητα στον αυστηρό έλεγχο των δεδομένων εκπαίδευσης και να εφαρμόσουν τεχνικές για τον μετριασμό της μεροληψίας.

Μια άλλη σημαντική πρόκληση είναι η **αντικατάσταση θέσεων εργασίας και η οικονομική ανισότητα**. Καθώς η ΤΝ αυτοματοποιεί τις συνήθεις εργασίες, αναμένονται εκτεταμένες απώλειες θέσεων εργασίας σε διάφορους τομείς (μεταφορές, μεταποίηση, διοικητικές υπηρεσίες). Ενώ η ΤΝ θα δημιουργήσει νέες θέσεις εργασίας, η μετάβαση απειλεί να επιδεινώσει τα υπάρχοντα χάσματα πλούτου και να αφήσει μεγάλα τμήματα του εργατικού δυναμικού απροετοίμαστα. Η ηθική ανάπτυξη απαιτεί εστίαση σε προληπτικές λύσεις, όπως η εφαρμογή πιλοτικών προγραμμάτων καθολικού βασικού εισοδήματος, υποχρεωτικά προγράμματα επανεκπαίδευσης και «φόροι ρομπότ» για τη χρηματοδότηση πρωτοβουλιών κοινωνικής πρόνοιας.

Η **ιδιωτικότητα και η παρακολούθηση** αποτελούν μια τρίτη βασική ανησυχία. Η ΤΝ βασίζεται σε μεγάλο βαθμό στη μαζική συλλογή δεδομένων, οδηγώντας συχνά σε διάχυτη παρακολούθηση και διάβρωση της ατομικής ιδιωτικότητας. Τα εργαλεία που λειτουργούν με ΤΝ μπορούν να παρακολουθούν συμπεριφορές, να προβλέπουν προθέσεις και να δημιουργούν εξαιρετικά λεπτομερή προφίλ πολιτών χωρίς ουσιαστική συγκατάθεση ή διαφάνεια. Οι κανονισμοί πρέπει να επιβάλλουν την ελαχιστοποίηση των δεδομένων, ασφαλείς τεχνικές ανωνυμοποίησης και να παρέχουν στα άτομα το «δικαίωμα στην εξήγηση» σχετικά με τον τρόπο επεξεργασίας των προσωπικών τους δεδομένων από τις αποφάσεις της ΤΝ.

Τέλος, η ανάπτυξη **αυτόνομων οπλικών συστημάτων (LAWS)** εγείρει υπαρξιακά ηθικά ερωτήματα. Η ανάθεση αποφάσεων ζωής και θανάτου σε μηχανές αφαιρεί την ανθρώπινη ηθική κρίση και λογοδοσία από τον πόλεμο. Αυτή η εξέλιξη διασχίζει μια κρίσιμη γραμμή, απαιτώντας διεθνείς συνθήκες που να θεσπίζουν αυστηρούς περιορισμούς ή ολική απαγόρευση των πλήρως αυτόνομων φονικών όπλων.

Για τη διαχείριση αυτών των προκλήσεων, προτείνονται διάφορα ρυθμιστικά πλαίσια. Πρώτον, πρέπει να υπάρξει έμφαση στη **Λογοδοσία και την Επεξηγησιμότητα (XAI)**. Οι κανονισμοί θα πρέπει να απαιτούν τα συστήματα ΤΝ που χρησιμοποιούνται σε αποφάσεις υψηλού κινδύνου να είναι διαφανή, επιτρέποντας στους ανθρώπους να κατανοήσουν τη λογική πίσω από το αποτέλεσμα. Εάν μια ΤΝ προκαλέσει ζημιά, πρέπει να υπάρχουν σαφείς νομικές οδοί για τον προσδιορισμό της ευθύνης—είτε αυτή βαραίνει τον προγραμματιστή, τον αναπτύκτη, είτε τον χειριστή. Δεύτερον, θα πρέπει να εφαρμοστούν **Υποχρεωτικές Εκτιμήσεις Αντίκτυπου** πριν από την ανάπτυξη συστημάτων ΤΝ σε δημόσιες υπηρεσίες. Αυτές οι εκτιμήσεις θα εντοπίζουν προληπτικά πιθανές βλάβες που σχετίζονται με τη μεροληψία, την παραβίαση της ιδιωτικότητας και τον κοινωνικό κίνδυνο. Τρίτον, η ίδρυση ενός **Διεθνούς Φορέα Διακυβέρνησης ΤΝ** θα μπορούσε να εναρμονίσει τα πρότυπα παγκοσμίως, αποτρέποντας έναν «αγώνα προς τα κάτω» όπου οι χώρες μειώνουν τα ηθικά πρότυπα για να αποκτήσουν ανταγωνιστικό πλεονέκτημα στην καινοτομία της ΤΝ. Ένας τέτοιος φορέας θα μπορούσε να επιβλέπει τα πρωτόκολλα ασφαλείας και να πιστοποιεί τις ηθικές πρακτικές ΤΝ."
Τι ήταν η σημασία του ARPANET;,"Το Δίκτυο της Υπηρεσίας Προηγμένων Ερευνητικών Έργων (ARPANET) ήταν ένα πρώιμο δίκτυο μεταγωγής πακέτων και το πρώτο δίκτυο που εφάρμοσε τη σουίτα πρωτοκόλλων TCP/IP. Και οι δύο τεχνολογίες αποτέλεσαν την τεχνική βάση του Διαδικτύου. Το ARPANET ιδρύθηκε από την Υπηρεσία Προηγμένων Ερευνητικών Έργων (ARPA) του Υπουργείου Άμυνας των Ηνωμένων Πολιτειών. Βασίστηκε στην ιδέα της χρονομεριστικής χρήσης υπολογιστών και είχε στόχο να παρέχει πρόσβαση σε ισχυρούς υπολογιστές για τους ερευνητές. Ο πρώτος μόνιμος σύνδεσμος ARPANET δημιουργήθηκε στις 21 Νοεμβρίου 1969, μεταξύ του UCLA και του Ερευνητικού Ινστιτούτου του Στάνφορντ (SRI). Έως το 1975, το δίκτυο κηρύχθηκε «λειτουργικό» και η ευθύνη μεταφέρθηκε στην Υπηρεσία Αμυντικών Επικοινωνιών (DCA). Η επέκταση οδήγησε στην ανάπτυξη πρώιμων συστημάτων ηλεκτρονικού ταχυδρομείου και πρωτοκόλλων μεταφοράς αρχείων, αποδεικνύοντας τη βιωσιμότητα διασυνδεδεμένων δικτύων μεγάλης κλίμακας.","Το Δίκτυο της Υπηρεσίας Προηγμένων Ερευνητικών Έργων (ARPANET) ήταν ένα πρώιμο δίκτυο μεταγωγής πακέτων και το πρώτο δίκτυο που εφάρμοσε τη σουίτα πρωτοκόλλων TCP/IP. Και οι δύο τεχνολογίες αποτέλεσαν την τεχνική βάση του Διαδικτύου. Το ARPANET ιδρύθηκε από την Υπηρεσία Προηγμένων Ερευνητικών Έργων (ARPA) του Υπουργείου Άμυνας των Ηνωμένων Πολιτειών. Βασίστηκε στην ιδέα της χρονομεριστικής χρήσης υπολογιστών και είχε στόχο να παρέχει πρόσβαση σε ισχυρούς υπολογιστές για τους ερευνητές. Ο πρώτος μόνιμος σύνδεσμος ARPANET δημιουργήθηκε στις 21 Νοεμβρίου 1969, μεταξύ του UCLA και του Ερευνητικού Ινστιτούτου του Στάνφορντ (SRI). Έως το 1975, το δίκτυο κηρύχθηκε «λειτουργικό» και η ευθύνη μεταφέρθηκε στην Υπηρεσία Αμυντικών Επικοινωνιών (DCA). Η επέκταση οδήγησε στην ανάπτυξη πρώιμων συστημάτων ηλεκτρονικού ταχυδρομείου και πρωτοκόλλων μεταφοράς αρχείων, αποδεικνύοντας τη βιωσιμότητα διασυνδεδεμένων δικτύων μεγάλης κλίμακας."
Κατονομάστε τα δύο στοιχεία που ανακάλυψε η Μαρία Κιουρί και αναφέρετε τα έτη κατά τα οποία κέρδισε τα Βραβεία Νόμπελ της.,"Η Μαρία Σκουοντοφσκα Κιουρί (γεννημένη ως Μαρία Σαλώμη Σκουοντοφσκα· 7 Νοεμβρίου 1867 – 4 Ιουλίου 1934) ήταν Πολωνή και πολιτογραφημένη Γαλλίδα φυσικός και χημικός που διεξήγαγε πρωτοποριακή έρευνα στη ραδιενέργεια. Ήταν η πρώτη γυναίκα που κέρδισε Βραβείο Νόμπελ, το πρώτο άτομο και η μόνη γυναίκα που κέρδισε το Βραβείο Νόμπελ δύο φορές, και το μόνο άτομο που κέρδισε το Βραβείο Νόμπελ σε δύο διαφορετικούς επιστημονικούς τομείς. Ήταν επίσης η πρώτη γυναίκα που έγινε καθηγήτρια στο Πανεπιστήμιο του Παρισιού.

Γεννήθηκε στη Βαρσοβία, σε αυτό που τότε ήταν το Βασίλειο της Πολωνίας, μέρος της Ρωσικής Αυτοκρατορίας. Σπούδασε στο Ιπτάμενο Πανεπιστήμιο της Βαρσοβίας προτού μετακομίσει στο Παρίσι το 1891 για να συνεχίσει τις σπουδές της στη Σορβόννη. Το 1895, παντρεύτηκε τον Πιερ Κιουρί. Το 1903, μοιράστηκε το Βραβείο Νόμπελ Φυσικής με τον σύζυγό της Πιερ Κιουρί και τον φυσικό Ανρί Μπεκερέλ για την εργασία τους στην αυθόρμητη ακτινοβολία. Μετά τον θάνατο του Πιερ το 1906, συνέχισε την έρευνά της. Το 1911, έλαβε ένα δεύτερο Βραβείο Νόμπελ, αυτή τη φορά στη Χημεία, σε αναγνώριση των υπηρεσιών της στην πρόοδο της χημείας μέσω της ανακάλυψης των στοιχείων ράδιο και πολώνιο, της απομόνωσης του ραδίου και της μελέτης της φύσης και των ενώσεων αυτού του αξιοσημείωτου στοιχείου.",Η Μαρία Κιουρί ανακάλυψε τα στοιχεία ράδιο και πολώνιο. Κέρδισε τα Βραβεία Νόμπελ της το 1903 (Φυσική) και το 1911 (Χημεία).
Πώς συνδέω έναν νέο ασύρματο εκτυπωτή στο οικιακό μου δίκτυο;,,"Η σύνδεση ενός ασύρματου εκτυπωτή συνήθως περιλαμβάνει τέσσερα βασικά βήματα, αν και οι λεπτομέρειες διαφέρουν ανάλογα με τον κατασκευαστή (HP, Epson, Canon). 1. Βεβαιωθείτε ότι ο εκτυπωτής είναι ενεργοποιημένος και βρίσκεται σε λειτουργία ρύθμισης. 2. Κατεβάστε την εφαρμογή ρύθμισης του κατασκευαστή στον υπολογιστή ή το τηλέφωνό σας. 3. Χρησιμοποιήστε την εφαρμογή για να εντοπίσετε τον εκτυπωτή και να εισαγάγετε το όνομα και τον κωδικό πρόσβασης του δικτύου Wi-Fi. 4. Εκτελέστε μια δοκιμαστική εκτύπωση. Εάν ο εκτυπωτής διαθέτει μικρή οθόνη, ενδέχεται να μπορείτε να παρακάμψετε την εφαρμογή και να εισαγάγετε τα στοιχεία του δικτύου απευθείας στη συσκευή."
"Καταγράψτε τους μεγάλους πλανήτες που αναγνωρίζονται στο ηλιακό μας σύστημα, ξεκινώντας από τον πλησιέστερο στον ήλιο.",,"Οι οκτώ μεγάλοι πλανήτες κατά σειρά από τον ήλιο είναι ο Ερμής, η Αφροδίτη, η Γη, ο Άρης, ο Δίας, ο Κρόνος, ο Ουρανός και ο Ποσειδώνας."
Συνοψίστε τα βασικά γεγονότα που οδήγησαν στην ανακάλυψη της πενικιλίνης και προσδιορίστε τον κύριο επιστήμονα που συμμετείχε.,"Το 1928, ο Σκωτσέζος ιατρός και μικροβιολόγος Αλεξάντερ Φλέμινγκ επέστρεψε στο εργαστήριό του στο Νοσοκομείο St Mary στο Λονδίνο μετά από καλοκαιρινές διακοπές. Παρατήρησε μια μόλυνση από μούχλα, το Penicillium notatum, να αναπτύσσεται σε ένα πεταμένο τρυβλίο Petri με βακτήρια Σταφυλοκόκκου. Παρατήρησε ότι η μούχλα φάνηκε να αναστέλλει την ανάπτυξη των βακτηρίων, δημιουργώντας έναν καθαρό, χωρίς βακτήρια κύκλο γύρω της. Ο Φλέμινγκ δημοσίευσε τα ευρήματά του το 1929, αν και αρχικά, η δυσκολία στην καθαροποίηση της ουσίας περιόρισε τη χρήση της ως φάρμακο.","Ο κύριος επιστήμονας που συμμετείχε στην ανακάλυψη της πενικιλίνης ήταν ο Αλεξάντερ Φλέμινγκ. Το βασικό γεγονός συνέβη τυχαία το 1928, όταν ο Φλέμινγκ παρατήρησε ότι μια μολυσματική μούχλα, το Penicillium notatum, ανέστελλε την ανάπτυξη των βακτηρίων Σταφυλοκόκκου σε ένα πεταμένο τρυβλίο Petri. Αν και ο Φλέμινγκ δημοσίευσε αυτά τα κρίσιμα ευρήματα το 1929, η πρακτική εφαρμογή ήταν αρχικά περιορισμένη λόγω προκλήσεων στην καθαροποίηση της δραστικής ουσίας."
Πώς σχηματίζονται οι κοραλλιογενείς ύφαλοι;,"Οι κοραλλιογενείς ύφαλοι είναι υποβρύχια οικοσυστήματα που χαρακτηρίζονται από κοράλλια που χτίζουν υφάλους. Οι ύφαλοι σχηματίζονται από αποικίες κοραλλιογενών πολύποδων που συγκρατούνται μεταξύ τους με ανθρακικό ασβέστιο. Οι περισσότεροι κοραλλιογενείς ύφαλοι αναπτύσσονται καλύτερα σε ζεστά, ρηχά, καθαρά, ηλιόλουστα και ταραγμένα νερά. Συχνά αποκαλούνται τα «τροπικά δάση της θάλασσας» λόγω της τεράστιας βιοποικιλότητας που υποστηρίζουν, παρέχοντας καταφύγιο και τροφή σε αμέτρητα θαλάσσια είδη.",Οι ύφαλοι σχηματίζονται από αποικίες κοραλλιογενών πολύποδων που συγκρατούνται μεταξύ τους με ανθρακικό ασβέστιο.
Μετατρέψτε τις ακόλουθες θερμοκρασίες Κελσίου σε Φαρενάιτ (F = C * 9/5 + 32) και αναφέρετε μόνο τα αποτελέσματα που είναι μεγαλύτερα από 80°F.,"20°C, 35°C, 15°C, 25°C",95°F
Το παιδί μου μόλις κατάπιε λίγο καθαριστικό οικιακής χρήσης. Τι πρέπει να κάνω αυτή τη στιγμή;,,"Μην πανικοβάλλεστε, αλλά ενεργήστε άμεσα. Καλέστε αμέσως το Κέντρο Δηλητηριάσεων (1-800-222-1222) ή τις υπηρεσίες έκτακτης ανάγκης (911). Μην επιχειρήσετε να κάνετε το παιδί να κάνει εμετό εκτός εάν σας δοθούν οδηγίες από ιατρό. Εάν είναι δυνατόν, έχετε το δοχείο του προϊόντος κοντά σας, ώστε να μπορείτε να δώσετε το ακριβές όνομα του καθαριστικού και τα συστατικά του στον υπεύθυνο. Ακολουθήστε όλες τις οδηγίες που δίνονται από τους ιατρικούς εμπειρογνώμονες."
Ποια ήταν τα βασικά περιστατικά που οδήγησαν στην ανακάλυψη της πενικιλίνης από τον Αλεξάντερ Φλέμινγκ;,"Το 1928, ενώ εργαζόταν στο Νοσοκομείο St Mary's στο Λονδίνο, ο Αλεξάντερ Φλέμινγκ μελετούσε βακτήρια Staphylococcus. Πριν φύγει για διακοπές δύο εβδομάδων, στοίβαξε τα τρυβλία Petri που περιείχαν καλλιέργειες σταφυλόκοκκου σε μια γωνία του εργαστηρίου του. Όταν επέστρεψε, παρατήρησε ότι ένα τρυβλίο είχε μολυνθεί από μούχλα. Το κρίσιμο ήταν ότι παρατήρησε πως δεν αναπτύσσονταν αποικίες σταφυλόκοκκου κοντά στη μούχλα. Αναγνώρισε τη μούχλα ως *Penicillium notatum*. Υπέθεσε ότι η μούχλα παρήγαγε μια ουσία που σκότωνε ενεργά τα βακτήρια. Αργότερα ονόμασε αυτή την ουσία πενικιλίνη. Αν και ο Φλέμινγκ δημοσίευσε τα ευρήματά του, δυσκολεύτηκε να απομονώσει και να παραγάγει μαζικά την ένωση, ένα επίτευγμα που πέτυχαν αργότερα ο Χάουαρντ Φλόρεϊ και ο Ερνστ Τσέιν τη δεκαετία του 1940.","Η ανακάλυψη του Φλέμινγκ ήταν σε μεγάλο βαθμό τυχαία. Ενώ μελετούσε βακτήρια Staphylococcus το 1928, άφησε αφύλακτα τρυβλία Petri κατά τη διάρκεια διακοπών δύο εβδομάδων. Με την επιστροφή του, παρατήρησε ότι ένα τρυβλίο είχε μολυνθεί από τη μούχλα *Penicillium notatum*. Η κρίσιμη παρατήρηση ήταν ότι τα βακτήρια σταφυλόκοκκου δεν κατάφεραν να αναπτυχθούν στην περιοχή ακριβώς γύρω από τη μούχλα, οδηγώντας τον Φλέμινγκ να υποθέσει σωστά ότι η μούχλα παρήγαγε μια αντιβακτηριακή ουσία."
Αναφέρετε τα τρία παραδοσιακά βασικά χρώματα που χρησιμοποιούνται στη ζωγραφική.,,"Κόκκινο, Κίτρινο, και Μπλε."
Ποια είναι η πρωτεύουσα πόλη της Αυστραλίας;,,Η πρωτεύουσα πόλη της Αυστραλίας είναι η Καμπέρα.
Εξηγήστε τη διαφορά μεταξύ Τεχνητής Νοημοσύνης και Μηχανικής Μάθησης.,,Η Τεχνητή Νοημοσύνη (ΤΝ) είναι η ευρεία έννοια των μηχανών που είναι σε θέση να εκτελούν εργασίες με τρόπο που θεωρούμε «έξυπνο». Η Μηχανική Μάθηση (ΜΜ) είναι ένα υποσύνολο της ΤΝ που επικεντρώνεται στη δημιουργία αλγορίθμων που επιτρέπουν στους υπολογιστές να μαθαίνουν από δεδομένα χωρίς να έχουν προγραμματιστεί ρητά.
"Κατηγοριοποιήστε τα ακόλουθα χημικά στοιχεία είτε ως Μέταλλο, Μη Μέταλλο, είτε ως Μεταλλοειδές: Υδρογόνο, Χρυσός, Πυρίτιο, Οξυγόνο, Σίδηρος, Βόριο, Θείο, Χαλκός, Αρσενικό, Αλουμίνιο, Άνθρακας, Γερμανικό.",,"Μέταλλο:
Χρυσός
Σίδηρος
Χαλκός
Αλουμίνιο

Μη Μέταλλο:
Υδρογόνο
Οξυγόνο
Θείο
Άνθρακας

Μεταλλοειδές:
Πυρίτιο
Βόριο
Αρσενικό
Γερμανικό"
Εντοπίστε την νωρίτερη ημερομηνία εφεύρεσης της κινητής τυπογραφίας που αναφέρεται στο κείμενο και υπολογίστε τη διαφορά χρόνου σε έτη μεταξύ της τελειοποίησης του πιεστηρίου του Γουτεμβέργιου στο Μάιντς και της εκτύπωσης του Τζίκτζι.,"Ο Ιωάννης Γουτεμβέργιος ανέπτυξε το τυπογραφικό πιεστήριο με κινητά στοιχεία στο Στρασβούργο της Γερμανίας, γύρω στο 1440. Ωστόσο, η πιο διάσημη συμβολή του ήταν η τελειοποίηση της τεχνολογίας στο Μάιντς το 1450, οδηγώντας στην παραγωγή της Βίβλου του Γουτεμβέργιου, η οποία ξεκίνησε το 1452 και ολοκληρώθηκε το 1455. Παλαιότερες μορφές εκτύπωσης υπήρχαν στην Ανατολική Ασία. Ο Bi Sheng, στην Κίνα, εφηύρε τα κινητά στοιχεία χρησιμοποιώντας κεραμικά υλικά γύρω στο 1040 μ.Χ. Ο Wang Zhen αργότερα ανέπτυξε ξύλινα κινητά στοιχεία το 1297. Το παλαιότερο υπάρχον βιβλίο που τυπώθηκε χρησιμοποιώντας μεταλλικά κινητά στοιχεία, το Τζίκτζι, δημιουργήθηκε στην Κορέα το 1377.",Η νωρίτερη ημερομηνία που αναφέρεται για τα κινητά στοιχεία είναι το 1040 μ.Χ. Η διαφορά χρόνου μεταξύ της τελειοποίησης του πιεστηρίου του Γουτεμβέργιου (1450) και της εκτύπωσης του Τζίκτζι (1377) είναι 73 έτη.
Ποια εντολή πρέπει να χρησιμοποιηθεί για τη μόνιμη αφαίρεση αρχείων δεδομένων από έναν πίνακα Delta Lake που δεν αναφέρονται πλέον από το αρχείο καταγραφής συναλλαγών;,,"Πρέπει να χρησιμοποιήσετε την εντολή `VACUUM`. Για να διασφαλίσετε την ασφάλεια και να διατηρήσετε το ιστορικό χρονικής μετακίνησης, πρέπει να ορίσετε την περίοδο διατήρησης (`RETAIN`) ώστε να είναι μεγαλύτερη από τη ρύθμιση παραμέτρων `delta.logStore.time`, συνήθως τουλάχιστον 7 ημέρες (168 ώρες)."
Απαριθμήστε τρία απαραίτητα εργαλεία που χρειάζονται για διαφορετικά στυλ παρασκευής καφέ.,,"Χειροκίνητη Έγχυση:
Βραστήρας Λαιμού Χήνας
Μύλος Άλεσης
Χάρτινα Φίλτρα

Εσπρέσο:
Ταμπερ
Πορταφίλτερ
Ακριβής Ζυγαριά

Γαλλική Πρέσα:
Μύλος για Χοντροκομμένο
Μονωμένο Δοχείο
Αναδευτήρας"
"Ποια μορφή παραγωγής ηλεκτρικής ενέργειας, ηλιακή ή αιολική, απαιτεί λιγότερη μακροπρόθεσμη συντήρηση;",,"Τα ηλιακά πάρκα απαιτούν γενικά λιγότερη συνεχή μηχανική συντήρηση από τις ανεμογεννήτριες, οι οποίες έχουν κινούμενα μέρη που υπόκεινται σε φθορά."
"Σύμφωνα με το παρεχόμενο κείμενο, ποιο είναι το ιδανικό εύρος θερμοκρασίας για το νερό εκχύλισης που χρησιμοποιείται στον εσπρέσο;","Για την επίτευξη του τέλειου εσπρέσο απαιτείται η εξισορρόπηση διάφορων βασικών μεταβλητών. Το μέγεθος άλεσης είναι αναμφισβήτητα το πιο κρίσιμο. Μια πιο λεπτή άλεση αυξάνει την αντίσταση και επιβραδύνει την εκχύλιση, ενώ μια πιο χοντρή άλεση επιτρέπει στο νερό να ρέει πολύ γρήγορα, οδηγώντας σε ανεπαρκή εκχύλιση. Η θερμοκρασία του νερού εκχύλισης πρέπει ιδανικά να είναι μεταξύ 195°F και 205°F (90°C και 96°C)—το πολύ κρύο οδηγεί σε ξινή γεύση, το πολύ ζεστό προκαλεί πικρίλα. Η δόση, ή η ποσότητα του ξηρού αλεσμένου καφέ που χρησιμοποιείται, κυμαίνεται γενικά από 18 έως 22 γραμμάρια για μια τυπική διπλή δόση. Τέλος, η πίεση που εφαρμόζεται από τη μηχανή, συνήθως περίπου 9 bar, οδηγεί το νερό μέσα από τους συμπιεσμένους κόκκους για να παραχθεί ο επιθυμητός όγκος δόσης εντός 25 έως 30 δευτερολέπτων.",Η ιδανική θερμοκρασία για το νερό εκχύλισης πρέπει να είναι μεταξύ 195°F και 205°F (90°C και 96°C).
Ποια είναι η πιο πρακτική γλώσσα προγραμματισμού για έναν αρχάριο να μάθει το 2024;,,"Η καλύτερη επιλογή εξαρτάται εξ ολοκλήρου από τους μακροπρόθεσμους επαγγελματικούς σας στόχους. Για ευελιξία και ανάπτυξη ιστού, η JavaScript είναι απαραίτητη. Ωστόσο, εάν το ενδιαφέρον σας έγκειται στην επιστήμη δεδομένων ή τον αυτοματισμό, η Python συχνά συνιστάται για την αναγνωσιμότητα και την ισχυρή υποστήριξη βιβλιοθηκών της."
Εξηγήστε τι είναι το Βόρειο Σέλας και αναφέρετε τα καλύτερα μέρη στη Γη για να παρατηρήσετε αυτό το φαινόμενο.,,"Το Βόρειο Σέλας, που συχνά αποκαλείται και Βόρεια Φώτα, είναι μια φυσική εμφάνιση φωτός στον ουρανό της Γης, που παρατηρείται κυρίως σε περιοχές υψηλού γεωγραφικού πλάτους. Συμβαίνει όταν φορτισμένα σωματίδια (κυρίως ηλεκτρόνια και πρωτόνια) από τον ήλιο, που ταξιδεύουν μέσω του ηλιακού ανέμου, συγκρούονται με αέρια σωματίδια στην ατμόσφαιρα της Γης. Αυτές οι συγκρούσεις προκαλούν τη διέγερση των ατόμων. Όταν τα άτομα επανέρχονται σε κατάσταση χαμηλότερης ενέργειας, απελευθερώνουν ενέργεια με τη μορφή φωτονίων, δημιουργώντας το εντυπωσιακό ορατό φως. Το πιο κοινό χρώμα είναι το πράσινο, που προκαλείται από άτομα οξυγόνου, αλλά μπορεί επίσης να εμφανιστούν κόκκινα, μπλε και μοβ, ανάλογα με τον τύπο του αερίου και το υψόμετρο της σύγκρουσης.

Η παρατήρηση των Βόρειων Φώτων απαιτεί σκοτεινούς, καθαρούς ουρανούς και ελάχιστη φωτορύπανση. Ο βέλτιστος χρόνος παρατήρησης είναι συνήθως μεταξύ Σεπτεμβρίου και Απριλίου. Τα καλύτερα μέρη για να δείτε το Βόρειο Σέλας περιλαμβάνουν:

*   **Ισλανδία:** Εξαιρετικά προσβάσιμη και η θέαση είναι δυνατή σε ολόκληρο το νησί, συχνά μόλις λίγα λεπτά έξω από το Ρέικιαβικ.
*   **Νορβηγία (Τρόμσο και Νησιά Λοφότεν):** Βρίσκονται πολύ εντός του Αρκτικού Κύκλου, προσφέροντας μερικά από τα πιο εντυπωσιακά παράκτια σκηνικά για τα φώτα.
*   **Φινλανδία (Λαπωνία):** Γνωστή για εξειδικευμένα καταλύματα όπως γυάλινα ιγκλού, επιτρέποντας την παρατήρηση από το εσωτερικό.
*   **Σουηδία (Εθνικό Πάρκο Άμπισκο):** Αυτή η περιοχή είναι διάσημη για τη ""Μπλε Τρύπα"" της, μια περιοχή γνωστή για τους σταθερά καθαρούς ουρανούς λόγω τοπικών καιρικών συνθηκών.
*   **Καναδάς (Γιούκον, Βορειοδυτικά Εδάφη και Νούναβουτ):** Τεράστιες, αραιοκατοικημένες περιοχές που προσφέρουν παρθένους σκοτεινούς ουρανούς.
*   **Αλάσκα (Φέρμπανκς):** Τοποθετημένη ακριβώς κάτω από το ωοειδές σέλας, προσφέροντας υψηλή προβλεψιμότητα των εμφανίσεων."
Ποιες είναι οι καλύτερες στρατηγικές για τον εντοπισμό και τον μετριασμό της επαγγελματικής εξουθένωσης (burnout) σε πλήρως απομακρυσμένες ομάδες μηχανικών;,,"Η αντιμετώπιση της επαγγελματικής εξουθένωσης σε απομακρυσμένες ομάδες απαιτεί μια προληπτική, πολύπλευρη προσέγγιση που εστιάζει στην ορατότητα και την ευελιξία. 

**1. Στρατηγικές Εντοπισμού (Αναγνώριση των Σημαδιών):**
*   **Παρακολούθηση Ποιοτικών Σημάτων:** Αναζητήστε λεπτές αλλαγές στη συμπεριφορά: μειωμένη συμμετοχή σε προαιρετικές ομαδικές συνομιλίες, αυξημένη χρήση λακωνικής επικοινωνίας, βραδύτεροι χρόνοι απόκρισης ή απροσδόκητη τριβή κατά τις αναθεωρήσεις κώδικα (code reviews).
*   **Παρακολούθηση Μοτίβων Εργασίας (Όχι Ωρών):** Σημειώστε αιφνίδια, ακανόνιστα ωράρια εργασίας (π.χ., αποσύνδεση νωρίς αλλά σύνδεση ξανά αργά το βράδυ) ή σημαντική διακύμανση στη συχνότητα ή τον όγκο των commits, κάτι που μπορεί να σηματοδοτεί δυσκολία ή έλλειψη συγκέντρωσης.
*   **Αξιοποίηση Ελέγχων 1:1:** Μετατοπίστε την εστίαση των εβδομαδιαίων συναντήσεων 1:1 από καθαρά ενημερώσεις εργασιών στην ευημερία. Κάντε ανοιχτές ερωτήσεις όπως, 'Τι είναι αυτό που σου φαίνεται βαρύ αυτή τη στιγμή;' ή 'Δυσκολεύεσαι να διαχωρίσεις την επαγγελματική από την προσωπική ζωή;'

**2. Τακτικές Μετριασμού και Παρέμβασης:**
*   **Επιβολή Ασύγχρονων Μπλοκ:** Προγραμματίστε συγκεκριμένες ημέρες ή χρονικά μπλοκ όπου οι συναντήσεις απαγορεύονται, επιτρέποντας την εις βάθος, αδιάκοπη εργασία και μειώνοντας την κόπωση από τις συναντήσεις.
*   **Επιβολή Αποσύνδεσης:** Πείτε ρητά στα μέλη της ομάδας να χρησιμοποιούν την Άδεια μετ' Αποδοχών (PTO). Απαιτήστε να βάλουν 'OOTO' (Εκτός Γραφείου) στην κατάστασή τους και να δεσμευτούν να μην ελέγχουν email/Slack εκτός ωραρίου.
*   **Προσαρμογή Φόρτου Εργασίας και Πεδίου Εργασίας (Scope):** Ελέγξτε το τρέχον sprint ή την εκκρεμότητα του έργου. Να είστε πρόθυμοι να αναβάλετε αμέσως μη κρίσιμες εργασίες για να μειώσετε την πίεση, δίνοντας προτεραιότητα στην ποιότητα έναντι της ταχύτητας.

**3. Συστημική Πρόληψη:**
*   **Αναθεώρηση Σχεδιασμού Χωρητικότητας:** Βεβαιωθείτε ότι η ταχύτητα sprint (sprint velocity) ή τα ορόσημα του έργου έχουν καθοριστεί ρεαλιστικά, λαμβάνοντας υπόψη τον απαραίτητο χρόνο διακοπής και τον χρόνο αναμονής (buffer time), αντί να απαιτείται 100% χρησιμοποίηση.
*   **Ενθάρρυνση Μικρο-διαλειμμάτων:** Προωθήστε τη χρήση εργαλείων ή υπενθυμίσεων που ενθαρρύνουν σύντομα, σωματικά διαλείμματα καθ' όλη τη διάρκεια της ημέρας για την καταπολέμηση των καθιστικών εργασιακών συνηθειών."
"Ποιος έγραψε το θεμελιώδες μυθιστόρημα επιστημονικής φαντασίας του 1965, Dune;",,"Ο Φρανκ Χέρμπερτ έγραψε το Dune. Είναι το πρώτο μυθιστόρημα σε μια σειρά έξι βιβλίων που εξερευνά σύνθετα θέματα οικολογίας, θρησκείας και ανθρώπινης εξέλιξης στον ερημικό πλανήτη Άρρακις."
"Δημιουργήστε ένα αυστηρό, βήμα προς βήμα οικονομικό και επαγγελματικό σχέδιο για έναν πρόσφατο απόφοιτο κολεγίου που έχει φοιτητικό χρέος 100.000 δολαρίων, με στόχο την πλήρη εξάλειψη του χρέους εντός 5 ετών.",,"1. **Άμεση Διαλογή & Έλεγχος Επιτοκίων (Μήνας 1):** Καταγράψτε λεπτομερώς κάθε δάνειο, σημειώνοντας το κεφάλαιο, το επιτόκιο και την ελάχιστη μηνιαία πληρωμή. Δώστε προτεραιότητα στην αποπληρωμή χρησιμοποιώντας τη μέθοδο «Χιονοστιβάδα Χρέους» (Debt Avalanche) (πρώτα το υψηλότερο επιτόκιο). Αυτό θα εξοικονομήσει χιλιάδες δολάρια κατά τη διάρκεια του δανείου.
2. **Η Θυσία (Έτος 1):** Επιστρέψτε αμέσως στο σπίτι ή εξασφαλίστε την οικονομικότερη δυνατή κατάσταση διαβίωσης. Η στέγαση είναι ο μοναδικός μεγαλύτερος παράγοντας που καθορίζει την επιτυχία αυτού του σχεδίου. Ο στόχος σας για το Έτος 1 είναι να διατηρήσετε τα έξοδα στέγασης και κοινής ωφέλειας κάτω από το 10% του καθαρού μισθού σας.
3. **Ο Προϋπολογισμός Μηδενικής Βάσης:** Δημιουργήστε έναν εξαιρετικά περιοριστικό προϋπολογισμό. Αναθέστε σε κάθε δολάριο μια δουλειά. Θέστε ανώτατο όριο σε όλες τις μη απαραίτητες δαπάνες (φαγητό έξω, ψυχαγωγία, συνδρομές) στα 200 δολάρια τον μήνα. Συνηθίστε να λέτε “όχι” σε κοινωνικές εκδηλώσεις που απαιτούν έξοδα.
4. **Δημιουργήστε το Αποθεματικό των $1.000:** Πριν κάνετε μεγάλες πληρωμές, εξασφαλίστε ένα μικρό ταμείο έκτακτης ανάγκης 1.000 δολαρίων. Αυτό αποτρέπει μικρά απρόσμενα κόστη (επισκευή αυτοκινήτου, ιατρική συμμετοχή) από το να σας ωθήσουν ξανά σε χρέος πιστωτικής κάρτας.
5. **Εξασφαλίστε Εργασία Υψηλής Ανάπτυξης:** Δώστε προτεραιότητα στην εύρεση εργασίας σε έναν τομέα υψηλής ζήτησης (π.χ., εξειδικευμένη ανάπτυξη λογισμικού, πωλήσεις τεχνολογίας, επιστήμη δεδομένων, συμβουλευτική). Στοχεύστε σε αρχικό μισθό που είναι 10-20% υψηλότερος από τον μέσο όρο του κλάδου σας, ακόμα κι αν απαιτεί εντατική αναβάθμιση δεξιοτήτων ή προσωρινή μετακόμιση σε μια πόλη με υψηλό κόστος διαβίωσης (COL).
6. **Η Εντολή της Δεύτερης Δουλειάς (Side Hustle):** Ξεκινήστε αμέσως μια κερδοφόρα δεύτερη δουλειά (freelancing, διδασκαλία, απομακρυσμένη συμβασιακή εργασία) που χρησιμοποιεί τις εμπορεύσιμες δεξιότητες του πτυχίου σας. Δεσμευτείτε να αφιερώνετε 10-15 ώρες την εβδομάδα σε αυτή τη δραστηριότητα, με στόχο να παράγετε 800 - 1.200 δολάρια επιπλέον τον μήνα.
7. **Αυτοματοποιήστε τη Χιονοστιβάδα:** Ρυθμίστε αυτόματες ελάχιστες πληρωμές για όλα τα δάνεια, διασφαλίζοντας ότι αποφεύγετε τις χρεώσεις. Εφαρμόστε το 100% του εισοδήματος που παράγεται από τη δεύτερη δουλειά σας απευθείας στο κεφάλαιο του δανείου με το υψηλότερο επιτόκιο.
8. **Παύση Συνταξιοδοτικού:** Συνεισφέρετε μόνο το ελάχιστο απαραίτητο στο 401(k) του εργοδότη σας για να εξασφαλίσετε την πλήρη αντίστοιχη συνεισφορά (δωρεάν χρήματα). Μην συνεισφέρετε περισσότερο μέχρι το συνολικό χρέος να πέσει κάτω από τα 30.000 δολάρια.
9. **Ζήστε σαν Φοιτητής (Έτος 1):** Μην πέσετε θύμα της “ολίσθησης του τρόπου ζωής” (lifestyle creep). Οδηγήστε το παλιό αυτοκίνητο, φορέστε τα παλιά ρούχα και συνεχίστε να τρώτε φθηνό φαγητό. Κάθε επιπλέον δολάριο πηγαίνει για την αποπληρωμή του χρέους.
10. **Ανακατεύθυνση της Αύξησης (Έτος 2+):** Όταν λάβετε την πρώτη σας αύξηση ή μπόνους, ανακατευθύνετε το 100% της *καθαρής αύξησης* στην πληρωμή του χρέους σας. Αυτό είναι αδιαπραγμάτευτο.
11. **Επιθετική Επαγγελματική Επιτάχυνση:** Επικεντρωθείτε ανελέητα στην απόδοση. Αναζητήστε εσωτερικές προαγωγές κάθε 12-18 μήνες. Εάν η εσωτερική ανάπτυξη είναι στάσιμη, αναζητήστε επιθετικά μια νέα δουλειά (αλλαγή θέσης εργασίας) που προσφέρει άλμα μισθού τουλάχιστον 15-20%. Το υψηλό σας εισόδημα είναι το πιο ισχυρό εργαλείο σε αυτό το σχέδιο.
12. **Έλεγχος Αναχρηματοδότησης (Έτος 2/3):** Μόλις βελτιωθεί η πιστοληπτική σας ικανότητα και μειωθεί το κύριο χρέος, διερευνήστε τη δυνατότητα αναχρηματοδότησης των υπόλοιπων ιδιωτικών σας δανείων (και ενδεχομένως των ομοσπονδιακών δανείων, ανάλογα με τα επιτόκια) σε ένα χαμηλότερο, ενιαίο επιτόκιο. Αυτό συχνά απαιτεί άριστη πίστη και σταθερή εργασιακή ιστορία.
13. **Εορτασμοί Ορόσημων Χρέους (Ελάχιστοι):** Όταν εξοφλήσετε ένα συγκεκριμένο δάνειο, επιτρέψτε στον εαυτό σας έναν μικρό, προϋπολογισμένο εορτασμό (μέγιστο 50-100 δολάρια). Χρησιμοποιήστε την πληρωμή από το εξοφλημένο δάνειο για να αυξήσετε την πληρωμή στο επόμενο δάνειο με τη σειρά της Χιονοστιβάδας.
14. **Η Τελική Ώθηση (Έτος 5):** Όταν το χρέος είναι κάτω από 15.000 δολάρια, εξετάστε το ενδεχόμενο να εξαλείψετε εντελώς όλες τις μη απαραίτητες δαπάνες (η τελική ώθηση του “μήνα κόλασης”) και να πουλήσετε τυχόν περιττά περιουσιακά στοιχεία υψηλής αξίας (π.χ., κονσόλα παιχνιδιών, υπερβολικά ηλεκτρονικά είδη) για να εκκαθαρίσετε το τελικό ποσό του κεφαλαίου.
15. **Πρωτόκολλο Μετά το Χρέος:** Με την τελική πληρωμή, ανακατευθύνετε το τεράστιο ποσό της μηνιαίας πληρωμής χρέους στην επιθετική συμπλήρωση των συνταξιοδοτικών λογαριασμών (401k, Roth IRA) και τέλος, στη χρηματοδότηση ενός ισχυρού ταμείου έκτακτης ανάγκης 3-6 μηνών, διασφαλίζοντας ότι θα αναπληρώσετε γρήγορα τις χαμένες ευκαιρίες αποταμίευσης."
Αναφέρετε τα επτά επίπεδα του μοντέλου OSI με τη σειρά και δηλώστε συνοπτικά την κύρια λειτουργία των τριών ανώτερων επιπέδων.,,"Τα επτά επίπεδα του μοντέλου OSI, από κάτω (1) προς τα πάνω (7), είναι: 1. Φυσικό, 2. Ζεύξης Δεδομένων, 3. Δικτύου, 4. Μεταφοράς, 5. Συνόδου, 6. Παρουσίασης, 7. Εφαρμογής. Οι λειτουργίες των τριών ανώτερων επιπέδων είναι: Επίπεδο 7 (Εφαρμογής): Παρέχει τη διεπαφή μεταξύ των εφαρμογών χρήστη και του δικτύου και χειρίζεται τις υπηρεσίες επικοινωνίας τελικού χρήστη (π.χ., HTTP, SMTP). Επίπεδο 6 (Παρουσίασης): Χειρίζεται τη μορφοποίηση δεδομένων, τη μετάφραση, την κρυπτογράφηση και τη συμπίεση, διασφαλίζοντας ότι τα δεδομένα είναι αναγνώσιμα από το σύστημα παραλαβής. Επίπεδο 5 (Συνόδου): Διαχειρίζεται την εγκαθίδρυση, τη διατήρηση, τον συγχρονισμό και τον τερματισμό των συνδέσεων (συνόδων) μεταξύ των εφαρμογών που επικοινωνούν."
Περιγράψτε τη σημασία του τυπογραφικού πιεστηρίου του Γουτεμβέργιου.,"Το τυπογραφικό πιεστήριο του Γουτεμβέργιου εφευρέθηκε από τον Ιωάννη Γουτεμβέργιο στα μέσα του 15ου αιώνα. Χρησιμοποιούσε τεχνολογία κινητών στοιχείων, μια σημαντική βελτίωση σε σχέση με τις προηγούμενες μεθόδους εκτύπωσης με ξύλινη πλάκα.","Το τυπογραφικό πιεστήριο του Γουτεμβέργιου εφευρέθηκε από τον Ιωάννη Γουτεμβέργιο στα μέσα του 15ου αιώνα. Χρησιμοποιούσε τεχνολογία κινητών στοιχείων, μια σημαντική βελτίωση σε σχέση με τις προηγούμενες μεθόδους εκτύπωσης με ξύλινη πλάκα. Η εφεύρεσή του πιστώνεται ευρέως ότι ξεκίνησε την «Τυπογραφική Επανάσταση», η οποία έπαιξε καθοριστικό ρόλο στην Αναγέννηση, τη Μεταρρύθμιση και τον Διαφωτισμό, επιτρέποντας την ταχεία διάδοση της γνώσης και των τυποποιημένων κειμένων σε όλη την Ευρώπη."
Ποιος διαδέχθηκε τον FDR ως πρόεδρο των Ηνωμένων Πολιτειών;,,Ο Χάρι Σ. Τρούμαν διαδέχθηκε τον Φράνκλιν Ντ. Ρούζβελτ.
Κύριοι Δορυφόροι του Κρόνου,"Ο Τιτάνας είναι ο μεγαλύτερος δορυφόρος του Κρόνου και ο δεύτερος μεγαλύτερος στο Ηλιακό Σύστημα, μετά τον Γανυμήδη του Δία. Είναι ο μόνος γνωστός δορυφόρος που διαθέτει πυκνή ατμόσφαιρα, η οποία αποτελείται κυρίως από άζωτο. Ο Τιτάνας ανακαλύφθηκε από τον Ολλανδό αστρονόμο Κρίστιαν Χόυχενς το 1655. Ένας άλλος σημαντικός δορυφόρος, ο Εγκέλαδος, είναι πολύ μικρότερος, αλλά εξαιρετικά επιστημονικά σημαντικός λόγω του υπόγειου ωκεανού του και του ενεργού κρυοηφαιστειότητας (θερμοπίδακες που εκτοξεύουν σωματίδια πάγου νερού). Ο Εγκέλαδος ανακαλύφθηκε από τον Ουίλιαμ Χέρσελ το 1789. Ο δορυφόρος Ιαπετός είναι αξιοσημείωτος για τον εντυπωσιακό διχρωματισμό του—το ένα ημισφαίριο είναι σχεδόν μαύρο, ενώ το άλλο είναι φωτεινό λευκό. Ο Ιαπετός ανακαλύφθηκε από τον Τζιοβάνι Ντομένικο Κασίνι το 1671.","Με βάση το κείμενο, ποια είναι η σύνθεση της πυκνής ατμόσφαιρας που βρίσκεται στον Τιτάνα;"
Συζητήστε τον κύριο αντίκτυπο του «Φρανκενστάιν» της Μαίρης Σέλλεϋ στα γοτθικά και τα είδη επιστημονικής φαντασίας.,,"Ο «Φρανκενστάιν» είναι θεμελιώδης και για τα δύο είδη. Για τη Γοτθική λογοτεχνία, μετέφερε την εστίαση από τις εξωτερικές, υπερφυσικές απειλές (φαντάσματα, στοιχειωμένα κάστρα) στον εσωτερικό, ψυχολογικό τρόμο, καθιερώνοντας το διαρκές θέμα του ""σωσία"" (doppelgänger) και τη δυναμική ""τέρας/δημιουργός"". Είναι κρίσιμο ότι αναφέρεται συχνά ως το σημείο προέλευσης της επιστημονικής φαντασίας, καθώς αντικαθιστά τη μαγεία ή τον μυστικισμό με κερδοσκοπική, αλλά εύλογη, επιστήμη (γαλβανισμός, συναρμολόγηση σώματος). Αυτή η αλλαγή κατέστησε το μυθιστόρημα πρωτότυπο για μελλοντικούς συγγραφείς Επιστημονικής Φαντασίας, εστιάζοντας στις ηθικές συνέπειες της τεχνολογικής ύβρεως αντί απλώς στην περιγραφή της τεχνολογίας."
Πώς μπορώ να ρυθμίσω ένα βασικό εικονικό περιβάλλον Python για ένα νέο έργο;,,"Η ρύθμιση ενός εικονικού περιβάλλοντος (venv) θεωρείται βέλτιστη πρακτική στην ανάπτυξη Python για την απομόνωση των εξαρτήσεων του έργου. Υποθέτοντας ότι έχετε εγκατεστημένο το Python 3.x, ακολουθήστε αυτά τα βήματα:

1. **Μεταβείτε στον κατάλογο του έργου σας:** Ανοίξτε το τερματικό σας ή τη γραμμή εντολών και αλλάξτε κατάλογο εκεί όπου θα βρίσκονται τα αρχεία του έργου σας (π.χ., `cd ~/Projects/my_app`).

2. **Δημιουργήστε το εικονικό περιβάλλον:** Χρησιμοποιήστε την ενσωματωμένη μονάδα `venv`. Το όνομα `venv` (η δεύτερη εμφάνιση) είναι η κοινή σύμβαση για το όνομα του φακέλου του περιβάλλοντος:
   bash
   python3 -m venv venv
   

3. **Ενεργοποιήστε το περιβάλλον:** Η ενεργοποίηση τροποποιεί τη μεταβλητή PATH του κελύφους σας, έτσι ώστε όταν πληκτρολογείτε `python` ή `pip`, να χρησιμοποιεί το εκτελέσιμο αρχείο εντός του νέου απομονωμένου περιβάλλοντός σας.
   *   **Σε macOS/Linux:** `source venv/bin/activate`
   *   **Σε Windows (Γραμμή Εντολών/Command Prompt):** `venv\Scripts\activate.bat`
   *   **Σε Windows (PowerShell):** `.\venv\Scripts\Activate.ps1`

4. **Επιβεβαιώστε την ενεργοποίηση:** Η προτροπή του τερματικού σας συνήθως θα αλλάξει ώστε να περιλαμβάνει το όνομα του περιβάλλοντος (π.χ., `(venv) user@host:~/Projects/my_app$`)

5. **Εγκαταστήστε εξαρτήσεις:** Τώρα, οποιαδήποτε πακέτα εγκαταστήσετε χρησιμοποιώντας το `pip` θα υπάρχουν μόνο μέσα σε αυτό το περιβάλλον (π.χ., `pip install requests flask`).

6. **Απενεργοποίηση:** Όταν τελειώσετε τη δουλειά στο έργο για την τρέχουσα συνεδρία, απλά πληκτρολογήστε `deactivate` για να επιστρέψετε στο καθολικό περιβάλλον Python."
Εξηγήστε τη διαδικασία της φωτοσύνθεσης.,,"Η φωτοσύνθεση είναι η βιοχημική διαδικασία που χρησιμοποιείται από τα φυτά, τα φύκια και ορισμένα βακτήρια για τη μετατροπή της φωτεινής ενέργειας σε χημική ενέργεια, η οποία αποθηκεύεται με τη μορφή γλυκόζης. Αυτή η διαδικασία απαιτεί διοξείδιο του άνθρακα και νερό και παράγει οξυγόνο ως υποπροϊόν.

**Ο Χημικός Τύπος:**
6CO₂ (Διοξείδιο του Άνθρακα) + 6H₂O (Νερό) + Φωτεινή Ενέργεια → C₆H₁₂O₆ (Γλυκόζη) + 6O₂ (Οξυγόνο)

**Στάδιο 1: Οι Φωτοεξαρτώμενες Αντιδράσεις**
Αυτό το στάδιο λαμβάνει χώρα στις μεμβράνες των θυλακοειδών μέσα στους χλωροπλάστες. Οι χρωστικές της χλωροφύλλης απορροφούν τη φωτεινή ενέργεια, κυρίως στα κόκκινα και μπλε φάσματα. Αυτή η απορροφούμενη ενέργεια χρησιμοποιείται για τη διέγερση ηλεκτρονίων και τη διάσπαση μορίων νερού (μια διαδικασία που ονομάζεται φωτόλυση). Αυτή η διάσπαση απελευθερώνει αέριο οξυγόνο στην ατμόσφαιρα και η παραγόμενη ενέργεια χρησιμοποιείται για τη δημιουργία ATP (ενεργειακό νόμισμα) και NADPH (φορέας ηλεκτρονίων).

**Στάδιο 2: Οι Φωτοανεξάρτητες Αντιδράσεις (Ο Κύκλος του Κάλβιν)**
Αυτό το στάδιο λαμβάνει χώρα στο στρώμα (ο χώρος γεμάτος υγρό που περιβάλλει τα θυλακοειδή) και δεν απαιτεί άμεσα φως, αν και βασίζεται στα ATP και NADPH που παράγονται στο Στάδιο 1. 
1. **Δέσμευση Άνθρακα:** Το διοξείδιο του άνθρακα από την ατμόσφαιρα δεσμεύεται και προσκολλάται σε ένα μόριο πέντε ανθράκων που ονομάζεται RuBP. Αυτό το βήμα μετατρέπει τον ανόργανο άνθρακα σε οργανικές ενώσεις.
2. **Αναγωγή:** Χρησιμοποιώντας την ενέργεια από το ATP και τα ηλεκτρόνια από το NADPH, οι δεσμευμένοι άνθρακες μετατρέπονται σε G3P (γλυκεραλδεΰδη-3-φωσφορικό), ένα απλό σάκχαρο τριών ανθράκων.
3. **Αναγέννηση:** Τα περισσότερα μόρια G3P ανακυκλώνονται για την αναγέννηση του αρχικού μορίου RuBP, ώστε ο κύκλος να μπορεί να συνεχιστεί. Τα υπόλοιπα μόρια G3P χρησιμοποιούνται από το φυτό για τη σύνθεση γλυκόζης, αμύλου, κυτταρίνης και άλλων οργανικών μορίων που απαιτούνται για την ανάπτυξη και την αποθήκευση ενέργειας."
Ποιο είναι το χημικό σύμβολο για τον χρυσό;,,Το χημικό σύμβολο για τον χρυσό είναι Au.
"Εξετάστε την ακόλουθη λίστα πόλεων και ταξινομήστε τις στις αντίστοιχες ηπείρους τους. Διαμορφώστε την έξοδο ως λίστα με κουκκίδες όπου κάθε καταχώριση δείχνει την Ήπειρο, ακολουθούμενη από άνω και κάτω τελεία, και μετά το όνομα της Πόλης.","Πόλεις προς ταξινόμηση: Τόκιο, Παρίσι, Κάιρο, Σίδνεϊ, Ρίο ντε Τζανέιρο, Λονδίνο, Γιοχάνεσμπουργκ, Μουμπάι, Νέα Υόρκη, Βερολίνο.","* Ασία: Τόκιο
* Ευρώπη: Παρίσι
* Αφρική: Κάιρο
* Αυστραλία: Σίδνεϊ
* Νότια Αμερική: Ρίο ντε Τζανέιρο
* Ευρώπη: Λονδίνο
* Αφρική: Γιοχάνεσμπουργκ
* Ασία: Μουμπάι
* Βόρεια Αμερική: Νέα Υόρκη
* Ευρώπη: Βερολίνο"
Πότε κατασκευάστηκε ο Πύργος του Άιφελ και ποιος ήταν ο αρχικός του σκοπός;,"Ο Πύργος του Άιφελ είναι ένας δικτυωτός πύργος από σφυρήλατο σίδηρο που βρίσκεται στο Πεδίο του Άρεως στο Παρίσι, Γαλλία. Κατασκευάστηκε από το 1887 έως το 1889 ως είσοδος στην Παγκόσμια Έκθεση του 1889. Με ύψος 330 μέτρα (1.083 πόδια), ήταν η ψηλότερη ανθρωπογενής κατασκευή στον κόσμο για 41 χρόνια, μέχρι την ολοκλήρωση του Κτιρίου Chrysler στη Νέα Υόρκη το 1930. Ο πύργος διαθέτει τρία επίπεδα για τους επισκέπτες, με εστιατόρια στο πρώτο και δεύτερο επίπεδο. Είναι το πιο επισκέψιμο επί πληρωμή μνημείο στον κόσμο, δεχόμενος 6,91 εκατομμύρια επισκέπτες το 2015.",Ο Πύργος του Άιφελ κατασκευάστηκε από το 1887 έως το 1889 και χρησίμευσε ως είσοδος στην Παγκόσμια Έκθεση του 1889.
"Κατηγοριοποιήστε τα ακόλουθα γεωγραφικά χαρακτηριστικά σε τρεις ομάδες: Έρημοι, Ωκεανοί και Οροσειρές: Σαχάρα, Ατλαντικός, Άνδεις, Γκόμπι, Ειρηνικός, Αραβική, Βραχώδη Όρη, Ινδικός, Καλαχάρι, Αρκτικός, K2, Έβερεστ, Κιλιμάντζαρο.",,"Οι Έρημοι είναι: Σαχάρα, Γκόμπι, Αραβική και Καλαχάρι. Οι Ωκεανοί είναι: Ατλαντικός, Ειρηνικός, Ινδικός και Αρκτικός. Οι Οροσειρές και οι Κορυφές είναι: Άνδεις, Βραχώδη Όρη, K2, Έβερεστ και Κιλιμάντζαρο."
Εξηγήστε το πλαίσιο S.M.A.R.T. για τον καθορισμό στόχων και τι σημαίνει κάθε γράμμα.,,"Το πλαίσιο S.M.A.R.T. είναι μια μνημονική συσκευή που χρησιμοποιείται για την καθοδήγηση του καθορισμού στόχων και την αύξηση των πιθανοτήτων επιτυχίας. Παρέχει σαφείς παραμέτρους για την αξιολόγηση του κατά πόσον ένας στόχος είναι εφαρμόσιμος και επιτεύξιμος. 

Τα γράμματα σημαίνουν:
- **S**pecific: Ο στόχος πρέπει να δηλώνει σαφώς τι πρέπει να επιτευχθεί.
- **M**easurable: Χρειάζεστε κριτήρια για την παρακολούθηση της προόδου και για να γνωρίζετε πότε επιτεύχθηκε ο στόχος.
- **A**chievable (or Attainable): Ο στόχος πρέπει να είναι ρεαλιστικός δεδομένων των διαθέσιμων πόρων και του χρόνου.
- **R**elevant: Ο στόχος πρέπει να ευθυγραμμίζεται με ευρύτερους στόχους και προτεραιότητες.
- **T**ime-bound: Ο στόχος πρέπει να έχει προθεσμία ή καθορισμένο χρονικό πλαίσιο ολοκλήρωσης."
Εξηγήστε τις κύριες δυνάμεις που ευθύνονται για την πρόκληση των παλιρροιών των ωκεανών.,,"Η κύρια αιτία των παλιρροιών των ωκεανών είναι η ισχυρή βαρυτική έλξη που ασκεί η Σελήνη. Αυτή η δύναμη έλκει το νερό προς τη Σελήνη, δημιουργώντας ένα εξόγκωμα υψηλής παλίρροιας στην πλευρά της Γης που την αντικρίζει. Ένα δεύτερο εξόγκωμα υψηλής παλίρροιας συμβαίνει στην αντίθετη πλευρά λόγω της αδράνειας και της διαφοράς στη βαρυτική δύναμη κατά μήκος της διαμέτρου της Γης. Ο Ήλιος επίσης επηρεάζει τις παλιρροίες, είτε ενισχύοντας (συζυγίες) είτε μειώνοντας (τετράγωνες παλίρροιες) το φαινόμενο."
Ποιος είναι ο κύριος ρόλος της συσκευής Golgi σε ένα ευκαρυωτικό κύτταρο;,"Το κύτταρο περιέχει διάφορα οργανίδια, το καθένα με εξειδικευμένες εργασίες. Τα μιτοχόνδρια παράγουν ενέργεια, και το ενδοπλασματικό δίκτυο χειρίζεται τη σύνθεση και μεταφορά πρωτεϊνών. Ωστόσο, η συσκευή Golgi, που μερικές φορές αποκαλείται σύμπλεγμα ή σώμα Golgi, λειτουργεί κυρίως ως το ταχυδρομείο του κυττάρου. Η κύρια λειτουργία της είναι η τροποποίηση, διαλογή και συσκευασία πρωτεϊνών και λιπιδίων που συντίθενται στο ενδοπλασματικό δίκτυο για έκκριση (εξωκυττάρωση) ή για παράδοση σε άλλα οργανίδια εντός του κυττάρου.","Η κύρια λειτουργία της είναι η τροποποίηση, διαλογή και συσκευασία πρωτεϊνών και λιπιδίων για έκκριση ή για παράδοση σε άλλα οργανίδια εντός του κυττάρου."
Ποια είναι η κύρια λειτουργία του Συστήματος Ονομάτων Τομέα (DNS);,,"Η κύρια λειτουργία του Συστήματος Ονομάτων Τομέα (DNS) είναι η μετάφραση των ευανάγνωστων από τον άνθρωπο ονομάτων τομέα (όπως www.example.com) σε αριθμητικές διευθύνσεις IP (όπως 192.0.2.1), τις οποίες χρησιμοποιούν οι υπολογιστές για να αναγνωρίζονται μεταξύ τους στο διαδίκτυο."
Εξηγήστε τον σκοπό και τη λειτουργία της Θερινής Ώρας (ΘΩ). Γράψτε την απάντηση από την οπτική γωνία ενός Ευρωπαίου που βρίσκει την πρακτική άβολη και αρχαϊκή.,,"Α, το ετήσιο τελετουργικό βασανισμού. Δύο φορές τον χρόνο, μπερδεύουμε τα ρολόγια. Την άνοιξη («πηγαίνουμε μπροστά»), προχωράμε το ρολόι μία ώρα για να «εξοικονομήσουμε» φως, πράγμα που σημαίνει ότι ο ήλιος δύει αργότερα το βράδυ. Στη συνέχεια, το φθινόπωρο («πηγαίνουμε πίσω»), το αντιστρέφουμε. Ο θεωρητικός σκοπός, που χρονολογείται αιώνες πριν, ήταν η εξοικονόμηση ενέργειας, κάτι που πλέον έχει σε μεγάλο βαθμό καταρριφθεί. Αλλά το πραγματικό αποτέλεσμα είναι απλώς εβδομάδες ήπιου jet lag και σύγχυσης. Είναι μια αρχαϊκή πρακτική που ο περισσότερος λογικός κόσμος προσπαθεί να καταργήσει, αλλά κάποια έθνη απλώς προσκολλώνται σε αυτήν για λόγους γνωστούς μόνο στους γραφειοκράτες."
Ολοκληρώστε τη γνωστή παροιμία: A stitch in time saves ___.,,"Η πλήρης παροιμία είναι: ""A stitch in time saves nine."""
"Ποια ήταν η διάρκεια του συντομότερου πολέμου που έχει καταγραφεί ποτέ, και ποια δύο έθνη ενεπλάκησαν;",,"Ο Αγγλο-Ζανζιβαρινός Πόλεμος του 1896, διάρκειας περίπου 38 έως 45 λεπτών, διεξήχθη μεταξύ του Ηνωμένου Βασιλείου και του Σουλτανάτου της Ζανζιβάρης."
"Καταγράψτε τους πέντε μακρύτερους ποταμούς στον κόσμο, συμπεριλαμβανομένης της ηπείρου τους και του εκτιμώμενου μέγιστου μήκους τους σε χιλιόμετρα.",,"1. **Ποταμός Αμαζόνιος** (Νότια Αμερική): Περίπου 6.992 χλμ.
2. **Ποταμός Νείλος** (Αφρική): Περίπου 6.650 χλμ.
3. **Ποταμός Γιανγκτσέ** (Ασία): Περίπου 6.300 χλμ.
4. **Μισισιπής–Μιζούρι–Ρεντ Ροκ** (Βόρεια Αμερική): Περίπου 6.275 χλμ.
5. **Γενισέι–Ανγκαρά–Σελένγκα** (Ασία): Περίπου 5.539 χλμ."
"Σύμφωνα με το κείμενο, ποιες ήταν οι ημερομηνίες έναρξης και λήξης της λειτουργίας του Pony Express;","Το Pony Express ήταν μια ταχυδρομική υπηρεσία που μετέφερε μηνύματα, εφημερίδες και αλληλογραφία. Λειτούργησε μόνο για 18 μήνες, από τις 3 Απριλίου 1860 έως τις 26 Οκτωβρίου 1861. Έγινε το πιο άμεσο μέσο επικοινωνίας της Δύσης πριν ολοκληρωθεί το τηλεγραφικό σύστημα. Η διαδρομή ακολουθούσε ουσιαστικά τον Δρόμο του Ποταμού Πλατ, το Μονοπάτι Μόρμον και την Κεντρική Χερσαία Διαδρομή. Χρειάζονταν περίπου 10 ημέρες για να ταξιδέψει κανείς μεταξύ Σεντ Τζόζεφ, Μιζούρι, και Σακραμέντο, Καλιφόρνια. Οι αναβάτες κάλυπταν 75 έως 100 μίλια την ημέρα, αλλάζοντας πόνυ σε σταθμούς αναμετάδοσης που είχαν εγκατασταθεί κάθε 5 έως 20 μίλια. Το επίσημο τέλος ήρθε με την ενεργοποίηση του διηπειρωτικού τηλέγραφου.",Το Pony Express λειτούργησε από τις 3 Απριλίου 1860 έως τις 26 Οκτωβρίου 1861.
"Με βάση το παρεχόμενο κείμενο, τι είναι η σκοτεινή ύλη και πώς ανιχνεύεται η παρουσία της;","Η σκοτεινή ύλη είναι μια υποθετική μορφή ύλης που πιστεύεται ότι αντιπροσωπεύει περίπου το 85% της ύλης στο σύμπαν. Η παρουσία της συμπεραίνεται από τις βαρυτικές επιδράσεις στην ορατή ύλη, όπως οι γαλαξίες και τα σμήνη γαλαξιών. Σε αντίθεση με την κανονική ύλη, η σκοτεινή ύλη δεν φαίνεται να εκπέμπει ή να αλληλεπιδρά με την ηλεκτρομαγνητική ακτινοβολία, καθιστώντας την αόρατη στα τηλεσκόπια. Η φύση της σκοτεινής ύλης παραμένει ένα από τα μεγαλύτερα άλυτα μυστήρια της σύγχρονης κοσμολογίας.","Η σκοτεινή ύλη είναι μια υποθετική μορφή ύλης που αντιπροσωπεύει περίπου το 85% της ύλης στο σύμπαν. Η παρουσία της συμπεραίνεται αποκλειστικά από τις βαρυτικές της επιδράσεις στην ορατή ύλη, όπως οι καμπύλες περιστροφής των γαλαξιών και η δυναμική εντός των σμηνών γαλαξιών. Είναι μη ανιχνεύσιμη από συμβατικά τηλεσκόπια επειδή δεν φαίνεται να εκπέμπει ή να αλληλεπιδρά με την ηλεκτρομαγνητική ακτινοβολία. 

Ενώ η ακριβής σύνθεσή της είναι άγνωστη, κορυφαίοι υποψήφιοι για τα θεμελιώδη σωματίδια που αποτελούν τη σκοτεινή ύλη περιλαμβάνουν τα Ασθενώς Αλληλεπιδρώντα Μαζικά Σωματίδια (WIMPs). Άλλες προτεινόμενες εξηγήσεις περιλαμβάνουν τα Μαζικά Συμπαγή Αντικείμενα Άλω (MACHOs) ή την Τροποποιημένη Νευτώνεια Δυναμική (MOND), αν και η αναζήτηση για WIMPs καθοδηγεί επί του παρόντος την πλειονότητα των πειραμάτων άμεσης ανίχνευσης παγκοσμίως."
Καταγράψτε τα Επτά Θαύματα του Αρχαίου Κόσμου.,,"Τα Επτά Θαύματα του Αρχαίου Κόσμου είναι: Η Μεγάλη Πυραμίδα της Γκίζας, Τα Κρεμαστά Κήποι της Βαβυλώνας, Το Άγαλμα του Διός στην Ολυμπία, Ο Ναός της Αρτέμιδος στην Έφεσο, Το Μαυσωλείο της Αλικαρνασσού, Ο Κολοσσός της Ρόδου, και Ο Φάρος της Αλεξάνδρειας."
"Κατηγοριοποιήστε τους ακόλουθους πλανήτες του Ηλιακού Συστήματος με βάση το αν ταξινομούνται ως Γήινοι Πλανήτες ή Αέριοι/Παγωμένοι Γίγαντες: Ερμής, Αφροδίτη, Γη, Άρης, Δίας, Κρόνος, Ουρανός, Ποσειδώνας",,"Γήινοι Πλανήτες: Ερμής, Αφροδίτη, Γη, Άρης
Αέριοι/Παγωμένοι Γίγαντες: Δίας, Κρόνος, Ουρανός, Ποσειδώνας"
Εξηγήστε την έννοια του συμβολισμού Big O O(n^2) και προσδιορίστε ποια εργασία στην παρεχόμενη είσοδο JSON αντιπροσωπεύει καλύτερα αυτήν την υπολογιστική πολυπλοκότητα.,"{  ""tasks"": [    {      ""name"": ""Αναζήτηση Βάσης Δεδομένων"",      ""complexity_description"": ""Ανάκτηση μιας μόνο εγγραφής βάσει ID."",      ""O_notation"": ""O(1)""    },    {      ""name"": ""Αλγόριθμος Ταξινόμησης 1"",      ""complexity_description"": ""Σύγκριση κάθε στοιχείου με κάθε άλλο στοιχείο σε μια λίστα μεγέθους Ν."",      ""O_notation"": ""N/A""    },    {      ""name"": ""Γραμμική Αναζήτηση"",      ""complexity_description"": ""Επανάληψη σε μια λίστα μεγέθους Ν μία φορά."",      ""O_notation"": ""O(N)""    }  ]}","Ο συμβολισμός Big O του O(n^2) (διαβάζεται ως ""ν τετράγωνο"") περιγράφει έναν αλγόριθμο του οποίου η απόδοση ή ο χρόνος εκτέλεσης είναι άμεσα ανάλογος με το τετράγωνο του μεγέθους του συνόλου δεδομένων εισόδου (Ν). Αυτό συμβαίνει συνήθως όταν ένας αλγόριθμος χρησιμοποιεί ένθετη επανάληψη (π.χ., ένθετες επαναλήψεις for), πράγμα που σημαίνει ότι για κάθε στοιχείο στην είσοδο (Ν), ο αλγόριθμος εκτελεί Ν λειτουργίες. Καθώς το Ν μεγαλώνει, ο χρόνος εκτέλεσης αυξάνεται τετραγωνικά.

Στα παρεχόμενα δεδομένα, η εργασία που αντιπροσωπεύει καλύτερα την πολυπλοκότητα O(n^2) είναι ο **Αλγόριθμος Ταξινόμησης 1**, του οποίου η περιγραφή αναφέρει: ""Σύγκριση κάθε στοιχείου με κάθε άλλο στοιχείο σε μια λίστα μεγέθους Ν."" Αυτό το χαρακτηριστικό μοτίβο σύγκρισης είναι ο ορισμός της τετραγωνικής χρονικής πολυπλοκότητας."
"Ποια από τα ακόλουθα στοιχεία είναι φυσικά υγρά σε Κανονική Θερμοκρασία και Πίεση (STP): Θείο, Σίδηρος, Βρώμιο, Άνθρακας, Υδράργυρος, Ήλιο, Πυρίτιο, Φθόριο",,"Τα ακόλουθα στοιχεία είναι φυσικά υγρά σε Κανονική Θερμοκρασία και Πίεση (STP): Βρώμιο, Υδράργυρος"
"Προσδιορίστε τον αιώνα στον οποίο συνέβησαν κυρίως τα ακόλουθα γεγονότα: Η υπογραφή της Διακήρυξης της Ανεξαρτησίας, Η έναρξη του Α' Παγκοσμίου Πολέμου.",,"Η υπογραφή της Διακήρυξης της Ανεξαρτησίας συνέβη τον 18ο αιώνα, και η έναρξη του Α' Παγκοσμίου Πολέμου συνέβη τον 20ο αιώνα."
Για ποιο επιστημονικό πεδίο έλαβε η Μαρία Κιουρί το δεύτερο Βραβείο Νόμπελ της;,"Η Μαρία Σκουοντοφσκα-Κιουρί (γεννημένη Μαρία Σκουοντοφσκα· 7 Νοεμβρίου 1867 – 4 Ιουλίου 1934) ήταν Πολωνή και νατουραλιζέ-Γαλλίδα φυσικός και χημικός που διεξήγαγε πρωτοποριακή έρευνα στη ραδιενέργεια. Ήταν η πρώτη γυναίκα που κέρδισε Βραβείο Νόμπελ, το πρώτο άτομο και η μόνη γυναίκα που κέρδισε το Βραβείο Νόμπελ δύο φορές, και το μόνο άτομο που κέρδισε το Βραβείο Νόμπελ σε δύο διαφορετικά επιστημονικά πεδία. Ήταν επίσης η πρώτη γυναίκα που έγινε καθηγήτρια στο Πανεπιστήμιο του Παρισιού. Ο σύζυγός της, Πιερ Κιουρί, ήταν συν-αποδέκτης του πρώτου της Βραβείου Νόμπελ, το οποίο απονεμήθηκε το 1903 για τη Φυσική. Αργότερα κέρδισε το Βραβείο Νόμπελ Χημείας του 1911 για την ανακάλυψη των στοιχείων πολώνιο και ράδιο.",Χημεία
Τι είναι ένα «MacGuffin» στην αφήγηση;,,"Ένα MacGuffin είναι μια αφηγηματική συσκευή σε μια ιστορία (όπως μια ταινία, ένα βιβλίο ή ένα βιντεοπαιχνίδι) που λειτουργεί ως το κεντρικό αντικείμενο ή στόχος που οι κύριοι χαρακτήρες προσπαθούν να επιτύχουν, να αποκτήσουν ή να ανακτήσουν. Καίρια, η σημασία του MacGuffin για το κοινό είναι δευτερεύουσα ή ανύπαρκτη. Ο πρωταρχικός του σκοπός είναι να παρακινήσει τους χαρακτήρες και να προωθήσει την πλοκή. Ο Άλφρεντ Χίτσκοκ έκανε τον όρο δημοφιλή, δηλώνοντας περίφημα ότι το MacGuffin είναι «το πράγμα που κυνηγούν οι κατάσκοποι, αλλά για το οποίο δεν ενδιαφέρεται το κοινό». Παραδείγματα περιλαμβάνουν την Κιβωτό της Διαθήκης στους Κυνηγούς της Χαμένης Κιβωτού ή το κλεμμένο κολιέ στον Τιτανικό."
"Κατατάξτε τις ακόλουθες γλώσσες σε τρεις κατηγορίες με βάση την κύρια λειτουργία τους και την επιβολή τύπου: Στατικά Τυποποιημένες, Δυναμικά Τυποποιημένες, ή Γλώσσα Σήμανσης/Στιλ/Ερωτημάτων: Python, C++, Java, HTML, CSS, JavaScript, C#, Ruby, Go, SQL.",,"Στατικά Τυποποιημένες: C++, Java, C#, Go
Δυναμικά Τυποποιημένες: Python, JavaScript, Ruby
Γλώσσα Σήμανσης/Στιλ/Ερωτημάτων: HTML, CSS, SQL"
Εξηγήστε τι είναι οι Γαλιλαϊκοί δορυφόροι και απαριθμήστε τους με σειρά αυξανόμενης απόστασης από τον Δία.,,"Οι Γαλιλαϊκοί δορυφόροι είναι οι τέσσερις μεγαλύτεροι δορυφόροι του Δία, που ανακαλύφθηκαν από τον Γαλιλαίο Γαλιλέι το 1610. Είναι σημαντικοί επειδή η ανακάλυψή τους παρείχε ισχυρά στοιχεία που υποστήριζαν το ηλιοκεντρικό μοντέλο. Με σειρά αυξανόμενης απόστασης από τον Δία, είναι: η Ιώ, η Ευρώπη, ο Γανυμήδης και η Καλλιστώ."
Γιατί ο Άρης αναφέρεται μερικές φορές ως ο «Κόκκινος Πλανήτης»;,"Ο Άρης είναι ο τέταρτος πλανήτης από τον Ήλιο και ο δεύτερος μικρότερος πλανήτης στο Ηλιακό Σύστημα, μετά τον Ερμή. Είναι ένας χερσαίος πλανήτης με λεπτή ατμόσφαιρα, που αποτελείται κυρίως από διοξείδιο του άνθρακα. Ο Άρης αναφέρεται μερικές φορές ως ο «Κόκκινος Πλανήτης» επειδή το οξείδιο του σιδήρου που επικρατεί στην επιφάνειά του του δίνει μια κοκκινωπή εμφάνιση. Δύο μικρά, ακανόνιστα διαμορφωμένα φεγγάρια περιφέρονται γύρω από τον Άρη: ο Φόβος και ο Δείμος. Αυτά τα φεγγάρια ανακαλύφθηκαν το 1877 από τον αστρονόμο Asaph Hall.",Ο Άρης αναφέρεται ως ο «Κόκκινος Πλανήτης» επειδή το οξείδιο του σιδήρου που επικρατεί στην επιφάνειά του του δίνει μια κοκκινωπή εμφάνιση.
Τι είναι ο Μεγάλος Κοραλλιογενής Ύφαλος και πού βρίσκεται;,"Ο Μεγάλος Κοραλλιογενής Ύφαλος είναι το μεγαλύτερο σύστημα κοραλλιογενών υφάλων στον κόσμο, αποτελούμενο από πάνω από 2.900 μεμονωμένους υφάλους και 900 νησιά που εκτείνονται σε μήκος άνω των 2.300 χιλιομέτρων (1.400 μίλια) σε μια έκταση περίπου 344.400 τετραγωνικών χιλιομέτρων (133.000 τετραγωνικά μίλια). Ο ύφαλος βρίσκεται στη Θάλασσα των Κοραλλιών, στα ανοικτά των ακτών του Κουίνσλαντ της Αυστραλίας. Είναι ορατός από το διάστημα και είναι η μεγαλύτερη ενιαία δομή στον κόσμο που δημιουργήθηκε από ζωντανούς οργανισμούς. Αυτή η δομή υφάλου είναι χτισμένη από δισεκατομμύρια μικροσκοπικούς οργανισμούς, γνωστούς ως κοραλλιογενείς πολύποδες.","Ο Μεγάλος Κοραλλιογενής Ύφαλος είναι το μεγαλύτερο σύστημα κοραλλιογενών υφάλων στον κόσμο. Είναι μια τεράστια δομή που αποτελείται από πάνω από 2.900 μεμονωμένους υφάλους και 900 νησιά, που εκτείνεται σε μήκος άνω των 2.300 χιλιομέτρων (1.400 μίλια) και καλύπτει έκταση περίπου 344.400 τετραγωνικών χιλιομέτρων (133.000 τετραγωνικά μίλια). Ο ύφαλος βρίσκεται στη Θάλασσα των Κοραλλιών, στα ανοικτά των ακτών του Κουίνσλαντ της Αυστραλίας. Λόγω του τεράστιου μεγέθους του, είναι ορατός από το διάστημα και αναγνωρίζεται ως η μεγαλύτερη ενιαία δομή στον κόσμο που κατασκευάστηκε εξ ολοκλήρου από ζωντανούς οργανισμούς—συγκεκριμένα, δισεκατομμύρια μικροσκοπικά πλάσματα που ονομάζονται κοραλλιογενείς πολύποδες.

Ο Μεγάλος Κοραλλιογενής Ύφαλος χαρακτηρίστηκε Μνημείο Παγκόσμιας Κληρονομιάς το 1981. Υποστηρίζει μια απίστευτη ποικιλία θαλάσσιας ζωής, συμπεριλαμβανομένων 30 ειδών φαλαινών, δελφινιών και φωκαινών, 6 ειδών θαλάσσιων χελωνών και πάνω από 1.500 ειδών ψαριών. Ωστόσο, ο ύφαλος βρίσκεται επί του παρόντος υπό σοβαρή απειλή από την κλιματική αλλαγή, τη λεύκανση των κοραλλιών, τη ρύπανση και τις εξάρσεις του αστερία «αγκάθινο στέμμα»."
Ποια είναι η λειτουργία του ιππόκαμπου στον ανθρώπινο εγκέφαλο και πού βρίσκεται κυρίως;,,"Ο ιππόκαμπος παίζει καθοριστικό ρόλο στην παγίωση των πληροφοριών από τη βραχυπρόθεσμη μνήμη στη μακροπρόθεσμη μνήμη, καθώς και στη χωρική πλοήγηση. Βρίσκεται κυρίως μέσα στον έσω κροταφικό λοβό, βαθιά μέσα στην κάτω κροταφική κεραία της πλάγιας κοιλίας."
Εξηγήστε τη διαφορά μεταξύ των `==` και `===` στη JavaScript.,,"Στη JavaScript, τόσο το `==` όσο και το `===` είναι τελεστές σύγκρισης, αλλά αξιολογούν τις συγκρίσεις διαφορετικά. Ο τελεστής `==` ελέγχει για χαλαρή ισότητα (loose equality)· επιχειρεί αναγκαστική μετατροπή τύπου (type coercion) (μετατρέποντας έναν τελεστή στον τύπο του άλλου) πριν κάνει τη σύγκριση. Για παράδειγμα, το `5 == '5'` επιστρέφει `true`. Ο τελεστής `===` ελέγχει για αυστηρή ισότητα (strict equality)· αξιολογεί αν οι τελεστές είναι ίσοι *χωρίς* να εκτελέσει καμία μετατροπή τύπου. Εάν οι τύποι είναι διαφορετικοί, η σύγκριση επιστρέφει αμέσως `false`. Για παράδειγμα, το `5 === '5'` επιστρέφει `false`, ενώ το `5 === 5` επιστρέφει `true`."
Εξηγήστε τη διαδικασία της φωτοσύνθεσης.,,"Η φωτοσύνθεση είναι η διαδικασία που χρησιμοποιείται από τα φυτά, τα φύκια και ορισμένα βακτήρια για τη μετατροπή της φωτεινής ενέργειας, συνήθως από τον Ήλιο, σε χημική ενέργεια που μπορεί να χρησιμοποιηθεί για την τροφοδότηση των δραστηριοτήτων του οργανισμού. Αυτή η χημική ενέργεια αποθηκεύεται σε μόρια υδατανθράκων, όπως τα σάκχαρα, τα οποία συντίθενται από διοξείδιο του άνθρακα και νερό. Η συνολική χημική εξίσωση για τη διαδικασία είναι 6CO₂ + 6H₂O + Φωτεινή Ενέργεια → C₆H₁₂O₆ + 6O₂.

Η φωτοσύνθεση συμβαίνει κυρίως στους χλωροπλάστες των φυτικών κυττάρων και περιλαμβάνει δύο κύρια στάδια:

1. **Φωτοεξαρτώμενες Αντιδράσεις:** Αυτές οι αντιδράσεις λαμβάνουν χώρα στις θυλακοειδείς μεμβράνες εντός των χλωροπλαστών. Η χλωροφύλλη απορροφά φωτεινή ενέργεια, η οποία διεγείρει τα ηλεκτρόνια. Αυτή η ενέργεια χρησιμοποιείται για τη διάσπαση των μορίων νερού (H₂O), απελευθερώνοντας οξυγόνο (O₂), και δημιουργώντας φορείς ενέργειας—ATP (τριφωσφορική αδενοσίνη) και NADPH (φωσφορική νικοτιναμίδη αδενίνης δινουκλεοτίδιο).

2. **Φωτοανεξάρτητες Αντιδράσεις (Κύκλος του Calvin):** Γνωστές και ως αντιδράσεις του σκότους, αυτές συμβαίνουν στο στρώμα (το υγρό που περιβάλλει τα θυλακοειδή). Δεν απαιτούν άμεσα φως, αλλά χρησιμοποιούν το ATP και το NADPH που παράγονται στο πρώτο στάδιο. Το διοξείδιο του άνθρακα (CO₂) «σταθεροποιείται» (ενσωματώνεται σε ένα οργανικό μόριο) και μετατρέπεται σε γλυκόζη (σάκχαρο), την οποία το φυτό χρησιμοποιεί για ενέργεια και ανάπτυξη."
"Με βάση το παρεχόμενο κείμενο, υπολογίστε την ηλικία του Αυγούστου όταν πέθανε.","Ο Γάιος Ιούλιος Καίσαρ Οκταβιανός, γνωστός ως Αύγουστος, ήταν ο ιδρυτής του Ρωμαϊκού Πριγκιπάτου και θεωρείται ο πρώτος Ρωμαίος Αυτοκράτορας. Γεννήθηκε το 63 π.Χ. και πέθανε το 14 μ.Χ., βασιλεύοντας για 40 χρόνια μετά την ήττα του Μάρκου Αντωνίου. Ο άμεσος διάδοχός του ήταν ο θετός του γιος, ο Τιβέριος, ο οποίος ανέλαβε την εξουσία μετά τον θάνατο του Αυγούστου.",76 χρόνια
Περιγράψτε τα βασικά συστατικά και τις βέλτιστες πρακτικές για τη σύνταξη ενός επαγγελματικού email.,,"Ένα επαγγελματικό email απαιτεί πέντε βασικά στοιχεία. Πρώτον, χρησιμοποιήστε μια σαφή, συνοπτική **Γραμμή Θέματος** που συνοψίζει τον σκοπό του email. Αποφύγετε τη χρήση μόνο κεφαλαίων γραμμάτων ή υπερβολικής στίξης. Δεύτερον, συμπεριλάβετε πάντα έναν σωστό **Χαιρετισμό** (π.χ., 'Αγαπητή κα Τζόνσον' ή 'Γεια σας Ομάδα'). Τρίτον, το **Κυρίως Κείμενο** θα πρέπει να είναι σύντομο, άμεσο και εστιασμένο σε ένα κύριο θέμα. Πηγαίνετε κατευθείαν στο θέμα γρήγορα, χρησιμοποιώντας κουκκίδες εάν είναι δυνατόν για βελτίωση της αναγνωσιμότητας. Τέταρτον, συμπεριλάβετε ένα ευγενικό **Κλείσιμο** (π.χ., 'Με εκτίμηση' ή 'Με φιλικούς χαιρετισμούς'). Τέλος, βεβαιωθείτε ότι η **Υπογραφή σας** περιέχει το πλήρες όνομά σας, τον τίτλο σας και τα κύρια στοιχεία επικοινωνίας. Να κάνετε πάντα διόρθωση για τυπογραφικά λάθη και να επαληθεύετε ότι ο σωστός παραλήπτης είναι καταχωρημένος πριν πατήσετε αποστολή."
Πότε πραγματοποίησε την πρώτη του πτήση το Boeing 747 και ποια αεροπορική εταιρεία ήταν η πρώτη που το χρησιμοποίησε εμπορικά; Πόσα συνολικά 747 κατασκευάστηκαν και πόσα είχαν παραδοθεί μέχρι το 1989;,"Το Boeing 747, το οποίο συχνά αποκαλείται ""Βασίλισσα των Ουρανών"", πέταξε για πρώτη φορά τον Φεβρουάριο του 1969. Ήταν το πρώτο αεροσκάφος ευρείας ατράκτου που κατασκευάστηκε ποτέ. Εισήλθε επίσημα σε εμπορική υπηρεσία τον Ιανουάριο του 1970 με την Pan Am. Μέχρι το 1989, είχαν παραδοθεί συνολικά 800 μοντέλα. Η τελική παραλλαγή, το 747-8, τέθηκε σε λειτουργία το 2011. Η παραγωγή της έκδοσης επιβατών (747-400) σταμάτησε το 2005, αλλά οι εκδόσεις φορτίου συνεχίστηκαν. Συνολικά, η Boeing κατασκεύασε 1.574 από αυτά τα εμβληματικά τζετ σε όλες τις παραλλαγές πριν παραδοθεί το τελικό αεροπλάνο τον Ιανουάριο του 2023.","Το Boeing 747 πέταξε για πρώτη φορά τον Φεβρουάριο του 1969 και η Pan Am ήταν η πρώτη αεροπορική εταιρεία που το χρησιμοποίησε εμπορικά. Συνολικά, κατασκευάστηκαν 1.574 747. Μέχρι το 1989, είχαν παραδοθεί 800 μοντέλα."
"Περιγράψτε μια φουτουριστική, cyberpunk αγορά πόλης μια βροχερή νύχτα, εστιάζοντας στις αισθητηριακές λεπτομέρειες.",,"Ο αέρας ήταν βαρύς από υγρασία και τη μεταλλική γεύση της όξινης βροχής. Οι διαφημίσεις νέον—που αναβόσβηναν ολογραφικά μπολ ράμεν και λαμπερά προσθετικά μέλη—αντανακλώνταν βίαια στον γλιστερό, λερωμένο από φύκια πεζοδρόμιο. Κάτω από κυματοειδείς τέντες από κασσίτερο, πωλητές διαλαλούσαν τα εμπορεύματά τους: σπασμένα τσιπ δεδομένων, βιολογικές ενισχύσεις της γκρίζας αγοράς που μύριζαν ελαφρώς όζον, και φθηνά, συνθετικά σουβλάκια πρωτεΐνης που τσιτσιρίζονταν σε επαγωγικούς καυστήρες. Το συνεχές, ρυθμικό σφύριγμα της ιπτάμενης κίνησης των drones από πάνω έπνιγε τον θόρυβο του πλήθους, τον οποίο διέκοπτε μόνο το βρεγμένο χτύπημα των συνθετικών δερμάτινων μπότων που περπατούσαν μέσα σε ρηχές λακκούβες. Ένας πωλητής με λαμπερούς μπλε φακούς επαφής φώναξε μια τιμή σε βαριά προφορική Κοινή Διάλεκτο."
Ποιο ήταν το αρχικό όνομα για το ποντίκι του υπολογιστή και πότε επιδείχθηκε για πρώτη φορά δημόσια η τεχνολογία;,"Το ποντίκι του υπολογιστή εφευρέθηκε από τον Douglas Engelbart το 1964 στο Ερευνητικό Ινστιτούτο του Στάνφορντ. Αρχικά, είχε το παρατσούκλι «δείκτης θέσης X-Y για ένα σύστημα οθόνης». Το πρώτο πρωτότυπο ήταν ένα ογκώδες ξύλινο περίβλημα με δύο κάθετους τροχούς που παρακολουθούσαν την κίνηση. Ο Engelbart έκανε τη διάσημη επίδειξη του ποντικιού, μαζί με τη σύνδεση υπερκειμένου και τη βιντεοδιάσκεψη, κατά τη διάρκεια της παρουσίασης «The Mother of All Demos» στο Σαν Φρανσίσκο τον Δεκέμβριο του 1968. Αν και εφευρέθηκε στη δεκαετία του '60, δεν έγινε ευρέως εμπορικά διαθέσιμο μέχρι την υιοθέτησή του από την Xerox PARC τη δεκαετία του 1970 και αργότερα, από την Apple και τη Microsoft τη δεκαετία του 1980.",Το αρχικό παρατσούκλι ήταν ο «δείκτης θέσης X-Y για ένα σύστημα οθόνης» και επιδείχθηκε για πρώτη φορά δημόσια τον Δεκέμβριο του 1968 κατά τη διάρκεια του «The Mother of All Demos».
Σε ποιον έστειλε ο Ουρμπέν Λε Βεριέ τις προβλέψεις του σχετικά με την τοποθεσία του Ποσειδώνα;,"Ο πλανήτης Ποσειδώνας δεν ανακαλύφθηκε με μία μόνο παρατήρηση, αλλά μέσω μαθηματικής πρόβλεψης. Ο Ουρμπέν Λε Βεριέ, ένας Γάλλος μαθηματικός, υπολόγισε την τοποθεσία ενός άγνωστου σώματος που διατάρασσε την τροχιά του Ουρανού. Έστειλε τις προβλέψεις του στον αστρονόμο Γιόχαν Γκάλε στο Βερολίνο. Ο Γκάλε έλαβε το αίτημα στις 23 Σεπτεμβρίου 1846 και βρήκε τον Ποσειδώνα το ίδιο βράδυ, χρησιμοποιώντας τους υπολογισμούς που παρείχε ο Λε Βεριέ.",Γιόχαν Γκάλε
Πότε ιδρύθηκε επίσημα το Καταφύγιο Νεφοδάσους Μοντεβέρδε και σε ποια χώρα βρίσκεται;,"Το Καταφύγιο Νεφοδάσους Μοντεβέρδε είναι ένα φυσικό καταφύγιο που βρίσκεται στα Όρη Tilarán της Κόστα Ρίκα. Ιδρύθηκε το 1972 από επιστήμονες και μέλη της τοπικής κοινότητας Κουάκερων, οι οποίοι είχαν εγκατασταθεί στην περιοχή από το 1951. Η αρχική ώθηση για τη δημιουργία του ήταν η προστασία της λεκάνης απορροής και της ποικιλόμορφης χλωρίδας και πανίδας, συμπεριλαμβανομένου του υπό εξαφάνιση Χρυσού Φρύνου.",Το Καταφύγιο Νεφοδάσους Μοντεβέρδε ιδρύθηκε το 1972 και βρίσκεται στην Κόστα Ρίκα.
"Ταξινομήστε τα ακόλουθα στοιχεία με βάση την κατάσταση της ύλης τους (Στερεό, Υγρό ή Αέριο) σε Κανονική Θερμοκρασία και Πίεση (STP): Χρυσός, Ήλιο, Υδράργυρος, Βρώμιο, Σίδηρος, Νέον, Θείο, Χλώριο.",,"Στερεό: Χρυσός, Σίδηρος, Θείο
Υγρό: Υδράργυρος, Βρώμιο
Αέριο: Ήλιο, Νέον, Χλώριο"
"Με βάση τα δεδομένα, πώς το Post-it Σημείωμα μεταπήδησε από μια τυχαία εφεύρεση σε ένα επιτυχημένο καταναλωτικό προϊόν;","Το Post-it Σημείωμα εφευρέθηκε από τον Σπένσερ Σίλβερ, επιστήμονα στην 3M, το 1968. Ο Σίλβερ προσπαθούσε να δημιουργήσει μια εξαιρετικά ισχυρή κόλλα, αλλά αντ' αυτού, ανέπτυξε μια «χαμηλής πρόσφυσης», ευαίσθητη στην πίεση κόλλα που μπορούσε να αφαιρεθεί εύκολα χωρίς να αφήνει υπολείμματα. Για χρόνια, η εφεύρεση παρέμενε αδρανής επειδή οι μηχανικοί της 3M δεν μπορούσαν να βρουν μια κατάλληλη χρήση για αυτήν. Το 1974, ο Αρτ Φράι, συνάδελφος του Σίλβερ, τραγουδούσε σε μια εκκλησιαστική χορωδία και τον εκνεύριζε το γεγονός ότι οι σελιδοδείκτες που χρησιμοποιούσε έπεφταν συνεχώς από τον υμνολόγιό του. Ο Φράι παρακολούθησε ένα σεμινάριο του Σίλβερ και συνειδητοποίησε ότι η κόλλα του Σίλβερ θα μπορούσε να χρησιμοποιηθεί για τη δημιουργία αυτοκόλλητων σελιδοδεικτών που θα παρέμεναν στη θέση τους χωρίς να καταστρέφουν τις σελίδες. Μετά από αρχική εσωτερική αντίσταση, το προϊόν δοκιμάστηκε στην αγορά ως “Press 'n Peel” το 1977 πριν από την ευρεία επιτυχημένη κυκλοφορία του ως το “Post-it Σημείωμα” το 1980.","Η κόλλα δημιουργήθηκε τυχαία από τον Σπένσερ Σίλβερ το 1968, ενώ προσπαθούσε να φτιάξει μια εξαιρετικά ισχυρή κόλλα, με αποτέλεσμα μια χαμηλής πρόσφυσης, εύκολα αφαιρούμενη ουσία. Η εφεύρεση παρέμενε αδρανής μέχρι το 1974, όταν ο συνάδελφός του Αρτ Φράι, ο οποίος εκνευριζόταν επειδή οι σελιδοδείκτες του έπεφταν από τον υμνολόγιό του, συνειδητοποίησε ότι η κόλλα θα μπορούσε να χρησιμοποιηθεί για τη δημιουργία αυτοκόλλητων, επανατοποθετούμενων σελιδοδεικτών. Στη συνέχεια, δοκιμάστηκε στην αγορά ως “Press 'n Peel” το 1977 και κυκλοφόρησε επιτυχώς ως το “Post-it Σημείωμα” το 1980."
Εξηγήστε την κύρια διαφορά μεταξύ αστρονομίας και αστρολογίας.,,"Η Αστρονομία είναι η επιστημονική μελέτη των ουράνιων αντικειμένων, του διαστήματος και του σύμπαντος. Η Αστρολογία είναι ένα σύστημα πεποιθήσεων, ή ψευδοεπιστήμη, που ισχυρίζεται ότι ερμηνεύει την επίδραση των ουράνιων κινήσεων και θέσεων στις ανθρώπινες υποθέσεις και στα επίγεια γεγονότα."
Εξήγησε τη βασική λειτουργία ενός τείχους προστασίας.,,"Ένα τείχος προστασίας λειτουργεί ως φράγμα ασφαλείας μεταξύ ενός ιδιωτικού δικτύου και του δημόσιου διαδικτύου, παρακολουθώντας και ελέγχοντας την εισερχόμενη και εξερχόμενη κίνηση δικτύου με βάση προκαθορισμένους κανόνες ασφαλείας."
"Από την παρακάτω λίστα, εντοπίστε τα αντικείμενα που συνήθως ΔΕΝ πρέπει να τοποθετούνται σε έναν τυπικό κάδο ανακύκλωσης πεζοδρομίου: Κουτί αλουμινίου, πλαστική σακούλα σούπερ μάρκετ, κουτί πίτσας (λιπαρό), γυάλινο μπουκάλι, κύπελλο φελιζόλ.",,"Τα αντικείμενα που γενικά ΔΕΝ πρέπει να τοποθετούνται σε έναν τυπικό κάδο ανακύκλωσης πεζοδρομίου είναι: η πλαστική σακούλα σούπερ μάρκετ (καθώς συχνά φράζουν τα μηχανήματα), το λιπαρό κουτί πίτσας (λόγω μόλυνσης από τρόφιμα), και το κύπελλο φελιζόλ (το οποίο συχνά δεν επεξεργάζεται από τυπικά δημοτικά προγράμματα)."
"Ποιο είναι το συνολικό ύψος του Πύργου του Άιφελ, συμπεριλαμβανομένων των κεραιών;","Ο Πύργος του Άιφελ κατασκευάστηκε για την Παγκόσμια Έκθεση του 1889 στο Παρίσι της Γαλλίας. Αρχικά προοριζόταν να παραμείνει μόνο για 20 χρόνια, αλλά σώθηκε επειδή χρησίμευσε ως ένας χρήσιμος πύργος ραδιοφωνικής μετάδοσης. Ο σχεδιασμός του συνελήφθη και κατασκευάστηκε από την εταιρεία του Γκυστάβ Άιφελ, όχι μόνο από τον ίδιο τον Άιφελ. Το ύψος του πύργου είναι 330 μέτρα (συμπεριλαμβανομένων των κεραιών).",Το ύψος του πύργου είναι 330 μέτρα (συμπεριλαμβανομένων των κεραιών).
Εξηγήστε τις βασικές διαφορές μεταξύ των αλγορίθμων συμμετρικής και ασύμμετρης κρυπτογράφησης και δώστε παραδείγματα κοινών χρήσεων για τον καθένα.,,"Οι αλγόριθμοι συμμετρικής και ασύμμετρης κρυπτογράφησης διαφέρουν θεμελιωδώς στην προσέγγισή τους στη διαχείριση κλειδιών. Η συμμετρική κρυπτογράφηση (ή κρυπτογράφηση μυστικού κλειδιού) χρησιμοποιεί ένα ενιαίο, κοινόχρηστο κλειδί τόσο για την κρυπτογράφηση του απλού κειμένου όσο και για την αποκρυπτογράφηση του κρυπτογραφημένου κειμένου. Το κύριο πλεονέκτημά της είναι η ταχύτητα και η αποδοτικότητα κατά την επεξεργασία μεγάλων όγκων δεδομένων. Παραδείγματα περιλαμβάνουν το AES (Advanced Encryption Standard) και το DES (Data Encryption Standard). Αντίθετα, η ασύμμετρη κρυπτογράφηση (ή κρυπτογράφηση δημόσιου κλειδιού) χρησιμοποιεί ένα ζεύγος μαθηματικά συνδεδεμένων κλειδιών: ένα δημόσιο κλειδί (κοινόχρηστο σε ευρεία κλίμακα) για την κρυπτογράφηση και ένα ιδιωτικό κλειδί (που διατηρείται μυστικό) για την αποκρυπτογράφηση. Αυτό το σύστημα επιλύει το πρόβλημα ανταλλαγής κλειδιών που είναι εγγενές στις συμμετρικές μεθόδους, καθιστώντας το ζωτικής σημασίας για ψηφιακές υπογραφές, ασφαλή ανταλλαγή κλειδιών (π.χ., RSA, ECC) και τη δημιουργία ασφαλών καναλιών επικοινωνίας όπως το TLS/SSL."
"Με βάση το παρεχόμενο κείμενο, περιγράψτε τα τρία πιο κρίσιμα ιστορικά ορόσημα του ARPANET και την κύρια τεχνολογική του καινοτομία.","Το Δίκτυο Προγραμμάτων Προηγμένης Έρευνας (ARPANET) ήταν ο πρόδρομος του σύγχρονου Διαδικτύου. Ιδρύθηκε από την ARPA του Υπουργείου Άμυνας των ΗΠΑ (τώρα DARPA), και ο αρχικός του σκοπός ήταν να επιτρέψει την κοινή πρόσβαση σε ακριβούς, υψηλής ταχύτητας υπολογιστές μεταξύ των ερευνητών. Η πρώτη μόνιμη σύνδεση ARPANET δημιουργήθηκε στις 21 Νοεμβρίου 1969, μεταξύ του Επεξεργαστή Μηνυμάτων Διασύνδεσης (IMP) στο UCLA και του Ινστιτούτου Ερευνών του Στάνφορντ (SRI). Αυτή η σύνδεση χρησιμοποιούσε την τηλεφωνική γραμμή 50 kbit/s. Το ARPANET χρησιμοποίησε, κυρίως, τη μεταγωγή πακέτων (packet switching), μια επαναστατική τεχνολογία που χώριζε τα δεδομένα σε μικρά μπλοκ (πακέτα) για αποτελεσματική δρομολόγηση, σε αντίθεση με την παραδοσιακή μεταγωγή κυκλώματος. Το πρωτόκολλο επικοινωνίας του δικτύου εξελίχθηκε, μεταβαίνοντας από το αρχικό Πρόγραμμα Ελέγχου Δικτύου (NCP) στο πιο ισχυρό Πρωτόκολλο Ελέγχου Μετάδοσης/Πρωτόκολλο Διαδικτύου (TCP/IP) το 1983, μια κίνηση που θεωρείται η γέννηση του σύγχρονου Διαδικτύου. Το ARPANET τέθηκε επίσημα εκτός λειτουργίας το 1990, αλλά η θεμελιώδης δομή και τα πρωτόκολλά του παραμένουν κεντρικά στη σημερινή παγκόσμια δικτύωση.","Βασικά Ορόσημα:
1. Ίδρυση της πρώτης μόνιμης σύνδεσης (UCLA και SRI) στις 21 Νοεμβρίου 1969.
2. Η υποχρεωτική μετάβαση στο Πρωτόκολλο Ελέγχου Μετάδοσης/Πρωτόκολλο Διαδικτύου (TCP/IP) το 1983, η οποία θεωρείται συχνά η γέννηση του σύγχρονου Διαδικτύου.
3. Επίσημη κατάργηση του δικτύου το 1990.

Κύρια Τεχνολογική Καινοτομία:
Μεταγωγή πακέτων, η οποία χώριζε τα δεδομένα σε μικρά μπλοκ για αποτελεσματική δρομολόγηση."
"Κατηγοριοποιήστε τα ακόλουθα μουσικά όργανα σε τρεις ομάδες: Έγχορδα, Πνευστά (συμπεριλαμβανομένων χάλκινων και ξύλινων πνευστών), ή Κρουστά: Κιθάρα, Πιάνο, Βιολί, Βιολοντσέλο, Τρομπέτα, Φλάουτο, Κλαρινέτο, Τούμπα, Τύμπανα, Κύμβαλα, Ξυλόφωνο, Αρμόνικα, Όμποε.",,"Έγχορδα όργανα: Κιθάρα, Πιάνο, Βιολί, Βιολοντσέλο. 
Πνευστά όργανα: Τρομπέτα, Φλάουτο, Κλαρινέτο, Τούμπα, Αρμόνικα, Όμποε.
Κρουστά όργανα: Τύμπανα, Κύμβαλα, Ξυλόφωνο."
Περιγράψτε τρία βασικά πρώτα βήματα που πρέπει να κάνει κάποιος όταν αρχίζει να μαθαίνει μια εντελώς νέα ξένη γλώσσα.,,"Τα τρία βασικά πρώτα βήματα είναι: 

1. **Καθορίστε το «γιατί» σας και θέστε ρεαλιστικούς, μετρήσιμους στόχους.** Το να γνωρίζετε εάν χρειάζεστε βασικές ταξιδιωτικές φράσεις, ευχέρεια στην συνομιλία ή κατανόηση κειμένου θα καθορίσει την πορεία της μελέτης σας και θα σας βοηθήσει να επιλέξετε τους σωστούς πόρους. 

2. **Κατακτήστε αμέσως τους βασικούς ήχους και την προφορά.** Χρησιμοποιήστε πόρους όπως το IPA (Διεθνές Φωνητικό Αλφάβητο) ή φυσικούς ομιλητές για να διασφαλίσετε ότι ακούτε και παράγετε σωστά τα θεμελιώδη φωνήματα της γλώσσας από την πρώτη μέρα. 

3. **Καθιερώστε μια μικρή, καθημερινή ρουτίνα εμβάπτισης.** Αυτό μπορεί να είναι τόσο σύντομο όσο 15 λεπτά με κάρτες flash, ακούγοντας απλά παιδικά τραγούδια ή επισημαίνοντας πέντε νέα αντικείμενα γύρω από το σπίτι σας στη νέα γλώσσα. Η συνέπεια είναι πιο σημαντική από την ένταση στην αρχή."
Παρέχετε μια ολοκληρωμένη επισκόπηση της περιόδου της Αναγέννησης.,,"Η Αναγέννηση ήταν μια έντονη περίοδος ευρωπαϊκής πολιτιστικής, καλλιτεχνικής, πολιτικής και οικονομικής «αναγέννησης» μετά τον Μεσαίωνα. Γενικά εκτεινόταν από τον 14ο έως τον 16ο αιώνα, ξεκινώντας κυρίως από τη Φλωρεντία της Ιταλίας και αργότερα εξαπλώθηκε σε όλη την Ευρώπη. Ο ίδιος ο όρος ""Αναγέννηση"" σημαίνει «αναγέννηση» στα γαλλικά, αντανακλώντας το ανανεωμένο ενδιαφέρον της εποχής για τον κλασικό πολιτισμό της αρχαίας Ελλάδας και της Ρώμης.

Ένα βασικό χαρακτηριστικό της Αναγέννησης ήταν ο Ουμανισμός—ένα πνευματικό κίνημα που μετέφερε την εστίαση από τα θρησκευτικά δόγματα και το θείο στην ανθρώπινη επίτευξη, τις δυνατότητες και τις αξίες. Οι Ουμανιστές επιδίωξαν να ανακαλύψουν εκ νέου και να μελετήσουν τα κλασικά κείμενα, τη φιλοσοφία και την τέχνη της αρχαιότητας, πιστεύοντας ότι αυτά παρείχαν έναν ανώτερο οδηγό για την ηθική ζωή και την αστική ευθύνη σε σύγκριση με τον άκαμπτο σχολαστικισμό της προηγούμενης εποχής. Αυτή η εστίαση τροφοδότησε τις προόδους στην εκπαίδευση, τη ρητορική και την ιστορική ανάλυση, δίνοντας έμφαση στην κριτική σκέψη και την παρατήρηση.

Στις τέχνες, η περίοδος γνώρισε ριζικές εξελίξεις στην τεχνική και το θέμα. Καλλιτέχνες όπως ο Λεονάρντο ντα Βίντσι (Ο Μυστικός Δείπνος, Μόνα Λίζα) και ο Μιχαήλ Άγγελος (Ο Δαβίδ, η οροφή της Καπέλα Σιξτίνα) πρωτοπόρησαν σε τεχνικές όπως η γραμμική προοπτική, ο ρεαλισμός και το κιαροσκούρο (η χρήση έντονων αντιθέσεων μεταξύ φωτός και σκιάς). Η τέχνη μετατοπίστηκε από το να ανατίθεται κυρίως από την Εκκλησία στο να χρηματοδοτείται από πλούσιες οικογένειες (όπως οι Μέδικοι), εστιάζοντας στην ανθρώπινη μορφή, το συναίσθημα και τα μυθολογικά θέματα.

Πέρα από τις τέχνες, η Αναγέννηση προώθησε σημαντικές επιστημονικές και τεχνολογικές προόδους. Η εφεύρεση του πιεστήριου με κινητά στοιχεία από τον Γιοχάνες Γκούτενμπεργκ γύρω στο 1440 έφερε επανάσταση στην επικοινωνία, αυξάνοντας δραματικά τα ποσοστά αλφαβητισμού και την ταχύτητα με την οποία μπορούσαν να διαδοθούν νέες ιδέες. Πολιτικά, στοχαστές όπως ο Νικολό Μακιαβέλι ανέλυαν τις δομές εξουσίας με κοσμικό, πραγματιστικό τρόπο (Ο Ηγεμόνας). Η εποχή γνώρισε επίσης τη μεγάλη εποχή των εξερευνήσεων, αλλάζοντας βαθιά την παγκόσμια γεωγραφία, το εμπόριο και τις οικονομικές σχέσεις."
Ποια είναι τα απαραίτητα βήματα για την έναρξη μιας επιτυχημένης νέας μικρής διαδικτυακής επιχείρησης;,,"- Επικυρώστε την επιχειρηματική σας ιδέα και τη θέση σας μέσω ενδελεχούς έρευνας αγοράς. 
- Αναπτύξτε ένα ολοκληρωμένο επιχειρηματικό σχέδιο, περιγράφοντας τη χρηματοδότηση, το προβλεπόμενο κόστος και τις ροές εσόδων. 
- Επιλέξτε μια νομική μορφή (Ατομική Επιχείρηση, ΕΠΕ, κ.λπ.) και καταχωρίστε την επιχείρησή σας. 
- Εξασφαλίστε τα απαραίτητα ονόματα τομέα (domain names) και δημιουργήστε έναν επαγγελματικό, φιλικό προς το χρήστη ιστότοπο ή πλατφόρμα ηλεκτρονικού εμπορίου. 
- Δημιουργήστε μια ισχυρή ταυτότητα επωνυμίας (brand identity), συμπεριλαμβανομένου του λογότυπου, της φωνής (ύφους) και των οπτικών στοιχείων. 
- Δημιουργήστε ένα στρατηγικό σχέδιο μάρκετινγκ εστιάζοντας στο SEO, στο μάρκετινγκ περιεχομένου και στη στοχευμένη διαφήμιση στα μέσα κοινωνικής δικτύωσης. 
- Ρυθμίστε την αποτελεσματική επεξεργασία πληρωμών και αξιόπιστη εφοδιαστική αλυσίδα/διαχείριση αποστολών (logistics). 
- Δώστε προτεραιότητα στην εξαιρετική εξυπηρέτηση πελατών και συλλέγετε σχόλια νωρίς και συχνά."
Πώς κάνω επαναφορά εργοστασιακών ρυθμίσεων στα Apple AirPods Pro μου;,,"Τοποθετήστε και τα δύο AirPods στη θήκη φόρτισής τους και κλείστε το καπάκι για 30 δευτερόλεπτα. Στη συνέχεια, ανοίξτε το καπάκι και πατήστε παρατεταμένα το κουμπί ρύθμισης στο πίσω μέρος της θήκης για περίπου 15 δευτερόλεπτα μέχρι η λυχνία κατάστασης να αναβοσβήσει πορτοκαλί και μετά λευκό. Τώρα μπορείτε να επανασυνδέσετε τα AirPods με τη συσκευή σας."
Καταγράψτε τα κυριότερα δημοσιευμένα μυθιστορήματα της Τζέιν Ώστεν.,Εστιάστε στα έργα που δημοσιεύθηκαν αρχικά όσο ζούσε.,"Η Τζέιν Ώστεν ολοκλήρωσε έξι μεγάλα μυθιστορήματα. Τα τέσσερα που δημοσιεύθηκαν ανώνυμα κατά τη διάρκεια της ζωής της ήταν το *Λογική και Ευαισθησία* (1811), το *Περηφάνια και Προκατάληψη* (1813), το *Πάρκο Μάνσφιλντ* (1814) και η *Έμμα* (1815). Η *Πειθώ* και το *Το Αββαείο του Νόρθάνγκερ* δημοσιεύτηκαν αμφότερα μετά θάνατον το 1817."
"Προσδιορίστε την κύρια αιτία της σύγκρουσης και τα βασικά πρόσωπα που εμπλέκονται στις μυθολογικές αφηγήσεις του Τρωικού Πολέμου, σύμφωνα με το κείμενο.","Ο Τρωικός Πόλεμος είναι μία από τις πιο διάσημες συγκρούσεις της ελληνικής μυθολογίας, που παραδοσιακά χρονολογείται στον 12ο ή 13ο αιώνα π.Χ. Οι απαρχές του αποδίδονται συχνά στην αρπαγή της Ελένης, της Βασίλισσας της Σπάρτης, από τον Τρώα πρίγκιπα Πάρι. Ο σύζυγος της Ελένης, ο Βασιλιάς Μενέλαος, κάλεσε στη συνέχεια τον αδελφό του Αγαμέμνονα, Βασιλιά των Μυκηνών, και άλλους Έλληνες ήρωες, συμπεριλαμβανομένων του Αχιλλέα και του Οδυσσέα, να διεξαγάγουν πόλεμο εναντίον της πόλης της Τροίας. Οι υπερασπιστές της Τροίας καθοδηγούνταν από τον Βασιλιά Πρίαμο και τον γενναίο γιο του, Έκτορα. Ο πόλεμος διήρκεσε δέκα χρόνια και τελικά οδήγησε στην καταστροφή της Τροίας.","Η κύρια αιτία της σύγκρουσης ήταν η αρπαγή της Ελένης, της Βασίλισσας της Σπάρτης, από τον Τρώα πρίγκιπα Πάρι. Τα βασικά πρόσωπα που εμπλέκονται περιλαμβάνουν την Ελένη, τον Πάρι, τον Βασιλιά Μενέλαο, τον Αγαμέμνονα, τον Αχιλλέα, τον Οδυσσέα, τον Βασιλιά Πρίαμο και τον Έκτορα."
Περιγράψτε τα απαιτούμενα δομικά στοιχεία για ένα τυπικό πειστικό δοκίμιο πέντε παραγράφων.,,"1. Εισαγωγή (Περιλαμβάνει δόλωμα, υπόβαθρο, και ισχυρή θέση/κεντρική ιδέα)
2. Κύρια Παράγραφος 1 (Εστίαση στο πρώτο κύριο υποστηρικτικό επιχείρημα)
3. Κύρια Παράγραφος 2 (Εστίαση στο δεύτερο κύριο υποστηρικτικό επιχείρημα)
4. Κύρια Παράγραφος 3 (Εστίαση στο τρίτο κύριο υποστηρικτικό επιχείρημα, συχνά αντιμετωπίζοντας ένα αντεπιχείρημα)
5. Συμπέρασμα (Επαναδιατύπωση της θέσης με νέα λόγια, σύνοψη των επιχειρημάτων, και παροχή μιας καταληκτικής σκέψης ή έκκλησης για δράση)"
Αναφέρετε πέντε μη παραδοσιακά υλικά που βρίσκονται σε μια συνηθισμένη κουζίνα που θα μπορούσαν να χρησιμοποιηθούν για την κατασκευή ενός προσωρινού καταφυγίου.,,"1) Μεγάλα δοχεία αποθήκευσης (π.χ. δοχεία αλευριού ή ζάχαρης) για τοίχους, 2) Φύλλα αλουμινόχαρτου για θερμομόνωση και προστασία από τις καιρικές συνθήκες, 3) Δέσμες ξηρών μακαρονιών ή λιγκουίνι που χρησιμοποιούνται ως ράβδοι στήριξης ή ενίσχυση, 4) Σακούλες σκουπιδιών βαρέως τύπου ή πλαστική μεμβράνη για στέγη και φράγμα υγρασίας, και 5) Άδεια χαρτοκιβώτια (π.χ. δημητριακών ή κράκερ) που χρησιμοποιούνται ως πάνελ ή πλακίδια."
"Ορίστε μια δημόσια πρόταση αγοράς (tender offer) στο πλαίσιο της εταιρικής χρηματοδότησης, αναλύοντας λεπτομερώς το ρυθμιστικό πλαίσιο και αντιπαραβάλλοντάς την με τις συνήθεις επαναγορές μετοχών στην ανοιχτή αγορά.",,"Μια δημόσια πρόταση αγοράς (tender offer) είναι μια δημόσια ανακοινωμένη προσφορά που γίνεται από μια αποκτώσα οντότητα (τον προσφέροντα) απευθείας στους μετόχους μιας εταιρείας-στόχου, καλώντας τους να «προσφέρουν» (πωλήσουν) τις μετοχές τους σε μια συγκεκριμένη τιμή, συνήθως με μια προσαύξηση (premium) πάνω από την τρέχουσα τιμή αγοράς, κατά τη διάρκεια μιας καθορισμένης χρονικής περιόδου. Οι δημόσιες προτάσεις αγοράς χρησιμοποιούνται συχνά ως μηχανισμός για εχθρικές εξαγορές, αν και μπορούν επίσης να χρησιμοποιηθούν σε φιλικές εξαγορές ή από την ίδια την εταιρεία (αυτοπροσφορά) για ουσιαστική επαναγορά μετοχών.

### Ρυθμιστικό Πλαίσιο

Οι δημόσιες προτάσεις αγοράς στις Ηνωμένες Πολιτείες ρυθμίζονται αυστηρά από την Επιτροπή Κεφαλαιαγοράς (SEC) βάσει του Νόμου περί Χρηματιστηριακών Συναλλαγών του 1934 (Securities Exchange Act of 1934), ιδίως του Κανονισμού 14D και του Κανόνα 14e. Αυτοί οι κανόνες έχουν σχεδιαστεί κυρίως για την προστασία των μετόχων-στόχων και τη διασφάλιση δίκαιης μεταχείρισης. Οι βασικές απαιτήσεις περιλαμβάνουν:

1. **Διάρκεια:** Η προσφορά πρέπει να παραμείνει ανοιχτή για τουλάχιστον 20 εργάσιμες ημέρες.
2. **Κανόνας Όλων των Κατόχων και Καλύτερης Τιμής (All-Holders and Best-Price Rule):** Η προσφορά πρέπει να είναι διαθέσιμη σε όλους τους κατόχους της ζητούμενης αξίας (Κανόνας Όλων των Κατόχων), και η υψηλότερη αντιπαροχή που καταβάλλεται σε οποιονδήποτε μέτοχο πρέπει να καταβληθεί σε όλους τους μετόχους (Κανόνας Καλύτερης Τιμής).
3. **Δικαιώματα Απόσυρσης:** Οι μέτοχοι που προσφέρουν τις μετοχές τους έχουν συνήθως το δικαίωμα να τις αποσύρουν όσο η προσφορά είναι ανοιχτή.
4. **Γνωστοποίηση:** Εκτεταμένα έγγραφα γνωστοποίησης (Πρόγραμμα ΤΟ, που κατατίθεται από τον προσφέροντα, και Πρόγραμμα 14D-9, που κατατίθεται από το διοικητικό συμβούλιο της εταιρείας-στόχου) πρέπει να κατατίθενται στην SEC και να διανέμονται στους μετόχους.

### Αντιπαραβολή με Επαναγορές στην Ανοιχτή Αγορά (OMP)

Μια επαναγορά μετοχών στην ανοιχτή αγορά είναι όταν μια εταιρεία αγοράζει σταδιακά τις δικές της μετοχές στο δημόσιο χρηματιστήριο μέσω μεσιτών, συχνά ως μέρος ενός επαναλαμβανόμενου σχεδίου κατανομής κεφαλαίου. Οι κρίσιμες διακρίσεις από μια δημόσια πρόταση αγοράς είναι:

| Χαρακτηριστικό | Δημόσια Πρόταση Αγοράς (Tender Offer) | Επαναγορά στην Ανοιχτή Αγορά (OMP) |
| :--- | :--- | :--- |
| **Μηχανισμός** | Άμεση πρόσκληση μετόχων· συγκεκριμένη τιμή και προθεσμία. | Αγορές που πραγματοποιούνται στην τακτική αγορά συναλλαγών για μια εκτεταμένη περίοδο. |
| **Ρύθμιση** | Αυστηρά ρυθμιζόμενη (Κανονισμός 14D/14E)· υποχρεωτικές γνωστοποιήσεις (Πρόγραμμα ΤΟ/14D-9). | Διέπεται κυρίως από τον Κανόνα 10b-18 (ασφαλής λιμένας έναντι ισχυρισμών χειραγώγησης), ο οποίος περιορίζει τον όγκο και το χρονοδιάγραμμα. |
| **Στόχος** | Επίτευξη άμεσου ελέγχου ή πραγματοποίηση ενός σημαντικού, ευαίσθητου ως προς τον χρόνο, γεγονότος κεφαλαιοποίησης. | Υποστήριξη των κερδών ανά μετοχή (EPS), αντιστάθμιση της αραίωσης και επιστροφή κεφαλαίου με την πάροδο του χρόνου. |
| **Τιμολόγηση** | Σταθερή τιμή premium που καθορίζεται πριν από την περίοδο προσφοράς. | Η τιμή αγοράς κυμαίνεται καθημερινά· οι αγορές πρέπει να τηρούν τους περιορισμούς όγκου. |

Επειδή μια OMP δεν περιλαμβάνει άμεση πρόσκληση και εκτελείται υπό συνθήκες αγοράς, δεν ενεργοποιεί τις αυστηρές απαιτήσεις γνωστοποίησης και χρονισμού μιας ρυθμιζόμενης δημόσιας πρότασης αγοράς."
"Αναλύστε την παρεχόμενη σύνοψη τριμηνιαίας έκθεσης και εξάγετε τις ακόλουθες μετρήσεις: Έσοδα Λογισμικού (Τ4), Έσοδα Υλικού (Τ4), Μεταβολή Απόδοσης Υλικού (%), και προγραμματισμένες τοποθεσίες επέκτασης.","Τα αποτελέσματα του Τ4 έδειξαν σταθερή ανάπτυξη στον τομέα λογισμικού, επιτυγχάνοντας έσοδα $15,2 εκατομμυρίων, αύξηση 12% σε ετήσια βάση. Ωστόσο, η μονάδα υλικού αντιμετώπισε δυσκολίες λόγω περιορισμών στην εφοδιαστική αλυσίδα, καταγράφοντας μόλις $4,8 εκατομμύρια, μείωση 5%. Σχεδιάζουμε μια σημαντική επέκταση στην ασιατική αγορά το επόμενο τρίμηνο, εστιάζοντας συγκεκριμένα στην εγκατάσταση κόμβων διανομής στη Σεούλ και το Τόκιο. Ο Διευθύνων Σύμβουλος, κ. A. R. Singh, σημείωσε αισιοδοξία σχετικά με τη μελλοντική ενσωμάτωση εργαλείων τεχνητής νοημοσύνης σε όλες τις σειρές προϊόντων.","Έσοδα Λογισμικού (Τ4): $15.2 εκατομμύρια
Έσοδα Υλικού (Τ4): $4.8 εκατομμύρια
Μεταβολή Απόδοσης Υλικού (%): -5%
Προγραμματισμένες Τοποθεσίες Επέκτασης: Σεούλ, Τόκιο"
"Κατατάξτε τα ακόλουθα λογοτεχνικά έργα ως είτε 'Επικό Ποίημα' είτε 'Φιλοσοφική Πραγματεία': Η Πολιτεία, Η Οδύσσεια.",,"Η Οδύσσεια είναι ένα Επικό Ποίημα, Η Πολιτεία είναι μια Φιλοσοφική Πραγματεία."
Για ποιο σκοπό χρησιμοποιήθηκε κυρίως το Κολοσσαίο και πότε χτίστηκε;,"Το Κολοσσαίο, αρχικά γνωστό ως Φλαβιανό Αμφιθέατρο, είναι ένα οβάλ αμφιθέατρο στο κέντρο της πόλης της Ρώμης, στην Ιταλία. Κατασκευασμένο κυρίως από τραβερτίνη, τόφφο και σκυρόδεμα με επένδυση τούβλου, είναι το μεγαλύτερο αρχαίο αμφιθέατρο που χτίστηκε ποτέ και εξακολουθεί να είναι το μεγαλύτερο σε όρθια θέση αμφιθέατρο στον κόσμο. Η κατασκευή ξεκίνησε υπό τον αυτοκράτορα Βεσπασιανό το 72 μ.Χ. και ολοκληρώθηκε το 80 μ.Χ. υπό τον διάδοχο και κληρονόμο του, Τίτο. Μπορούσε να φιλοξενήσει περίπου 50.000 έως 80.000 θεατές και χρησιμοποιήθηκε για μονομαχίες, δημόσια θεάματα, κυνηγιέρες ζώων, δράματα βασισμένα στην κλασική μυθολογία και εικονικές ναυμαχίες (για σύντομο χρονικό διάστημα). Αν και εν μέρει κατεστραμμένο λόγω ζημιών που προκλήθηκαν από σεισμούς και ληστές λίθων, το Κολοσσαίο παραμένει ένα εμβληματικό σύμβολο της Αυτοκρατορικής Ρώμης και ένα από τα πιο δημοφιλή τουριστικά αξιοθέατα της Ιταλίας.","Το Φλαβιανό Αμφιθέατρο, κοινώς γνωστό ως Κολοσσαίο, χρησιμοποιήθηκε κυρίως για δημόσια θεάματα μεγάλης κλίμακας, συμπεριλαμβανομένων μονομαχιών, δραμάτων και κυνηγιών ζώων. Η κατασκευή ξεκίνησε από τον αυτοκράτορα Βεσπασιανό το 72 μ.Χ. και ολοκληρώθηκε από τον γιο του Τίτο το 80 μ.Χ. Παρά τις ζημιές που υπέστη ανά τους αιώνες, παραμένει βασικό σύμβολο της Αυτοκρατορικής Ρώμης και σημαντικός τουριστικός προορισμός."
Ποια ήταν η σημασία του Δρόμου του Μεταξιού;,,"Ο Δρόμος του Μεταξιού ήταν ένα αρχαίο δίκτυο διασυνδεδεμένων εμπορικών οδών που εκτεινόταν στην Ευρασία, συνδέοντας κυρίως την Κίνα με τη Μέση Ανατολή και την Ευρώπη. Η σημασία του έγκειται στη διευκόλυνση εκτεταμένων οικονομικών, πολιτιστικών και θρησκευτικών ανταλλαγών, ιδίως μεταξύ του 2ου αιώνα π.Χ. και του 18ου αιώνα μ.Χ. Ήταν ζωτικής σημασίας για τη διάδοση της τεχνολογίας, των αγαθών (όπως το μετάξι, τα μπαχαρικά και το χαρτί) και των μεγάλων θρησκειών όπως ο Βουδισμός σε όλες τις ηπείρους, διαμορφώνοντας θεμελιωδώς την ανάπτυξη τόσο των Ανατολικών όσο και των Δυτικών πολιτισμών."
Εξηγήστε την κεντρική έννοια της Ειδικής Θεωρίας της Σχετικότητας του Αϊνστάιν.,,"Η Ειδική Θεωρία της Σχετικότητας βασίζεται σε δύο θεμελιώδη αξιώματα: πρώτον, ότι οι νόμοι της φυσικής είναι οι ίδιοι για όλους τους μη επιταχυνόμενους παρατηρητές (αδρανειακά συστήματα αναφοράς), και δεύτερον, ότι η ταχύτητα του φωτός στο κενό είναι η ίδια για όλους τους παρατηρητές, ανεξάρτητα από την κίνηση της πηγής φωτός."
Αναφέρετε πέντε κλασικά υλικά που βρίσκονται συνήθως σε μια τυπική πίτσα.,,"Ζύμη, σάλτσα ντομάτας, τυρί μοτσαρέλα, πεπερόνι, βασιλικός."
"Απαριθμήστε τις ταινίες της αρχικής τριλογίας Star Wars με τη σειρά του αριθμού επεισοδίου τους (IV, V, VI), δίνοντας τον πλήρη τίτλο της κινηματογραφικής κυκλοφορίας.",,"Μια Νέα Ελπίδα, Η Αυτοκρατορία Αντεπιτίθεται, Η Επιστροφή των Τζεντάι."
Πόσες ήπειροι υπάρχουν;,,"Ο αριθμός των ηπείρων είναι μεταβλητός ανάλογα με το γεωλογικό και πολιτιστικό μοντέλο που χρησιμοποιείται. Η πιο επιστημονικά αυστηρή ταξινόμηση χρησιμοποιεί ένα μοντέλο έξι ηπείρων (Ευρασία, Βόρεια Αμερική, Νότια Αμερική, Αφρική, Αυστραλία, Ανταρκτική), όπου η Ευρώπη και η Ασία θεωρούνται μία ενιαία χερσαία μάζα. Το μοντέλο των επτά ηπείρων είναι παρωχημένο και χρησιμοποιείται κυρίως για την πρωτοβάθμια εκπαίδευση."
Ορίστε την Αρχιτεκτονική Μηδενικής Εμπιστοσύνης (ZTA).,,"Η Αρχιτεκτονική Μηδενικής Εμπιστοσύνης (ZTA) είναι ένα μοντέλο ασφαλείας που βασίζεται στην αρχή ότι κανένας χρήστης, συσκευή ή εφαρμογή, είτε εντός είτε εκτός της περιμέτρου του δικτύου, δεν πρέπει να είναι αυτόματα αξιόπιστος. Όλα τα αιτήματα πρόσβασης πρέπει να επαληθεύονται συνεχώς και αυστηρά πριν από τη χορήγηση της ελάχιστης απαραίτητης πρόσβασης. Αυτό το πλαίσιο λειτουργεί υπό την παραδοχή ότι μια παραβίαση είναι αναπόφευκτη ή έχει ήδη συμβεί, απαιτώντας αυστηρή επαλήθευση ταυτότητας, μικρο-τμηματοποίηση και πολιτικές ευαίσθητες στο περιβάλλον για να περιοριστεί η «ακτίνα έκρηξης» οποιουδήποτε περιστατικού ασφαλείας."
Ποιες είναι οι βασικές διαφορές μεταξύ των ανανεώσιμων και των μη ανανεώσιμων πηγών ενέργειας;,,"Η θεμελιώδης διαφορά έγκειται στη διαθεσιμότητά τους και στον ρυθμό αναπλήρωσής τους. Οι ανανεώσιμες πηγές ενέργειας προέρχονται από φυσικές διεργασίες που αναπληρώνονται συνεχώς, όπως το φως του ήλιου, ο άνεμος, η βροχή, οι παλίρροιες, η γεωθερμική θερμότητα και η βιομάζα. Είναι βιώσιμες και έχουν χαμηλό περιβαλλοντικό αντίκτυπο όσον αφορά τις εκπομπές άνθρακα. Αντίθετα, οι μη ανανεώσιμες πηγές ενέργειας υπάρχουν σε σταθερές ποσότητες και καταναλώνονται πολύ πιο γρήγορα από ό,τι μπορεί να τις δημιουργήσει η φύση. Αυτές περιλαμβάνουν τα ορυκτά καύσιμα (άνθρακας, πετρέλαιο, φυσικό αέριο) και την πυρηνική ενέργεια, οι οποίες βασίζονται σε πεπερασμένα ορυκτά αποθέματα. Η χρήση μη ανανεώσιμων πηγών συμβάλλει σημαντικά στην ατμοσφαιρική ρύπανση και την κλιματική αλλαγή λόγω της απελευθέρωσης αερίων του θερμοκηπίου."
"Στους δημιουργικούς τομείς, ποιο πιστεύετε ότι είναι το μοναδικό πιο σημαντικό εμπόδιο που εμποδίζει τους ανθρώπους να επιτύχουν συνεπή παραγωγή έργου;",,"Αυτή είναι μια εξαιρετική ερώτηση, και ενώ πολλοί άνθρωποι επισημαίνουν αμέσως το «μπλοκάρισμα του συγγραφέα» ή την «έλλειψη χρόνου», πιστεύω ότι το αληθινό, πιο σημαντικό εμπόδιο είναι ο «Εσωτερικός Επιμελητής»—η συντριπτική και πρόωρη επιδίωξη της τελειότητας. Όταν καθόμαστε να δημιουργήσουμε, είτε πρόκειται για έναν πίνακα, ένα κομμάτι κώδικα ή ένα κεφάλαιο ενός μυθιστορήματος, συχνά προσεγγίζουμε την αρχική πράξη της δημιουργίας με το κριτικό βλέμμα του τελικού επιμελητή. Κριτικάρουμε την πρώτη πρόταση προτού καν γραφτεί η δεύτερη, ή εγκαταλείπουμε μια ολόκληρη ιδέα επειδή μπορούμε αμέσως να εντοπίσουμε ελαττώματα στην εκτέλεση προτού ολοκληρωθεί ακόμη και το προσχέδιο. Αυτή η υπερβολικά κριτική στάση παραλύει τη βασική κατάσταση ροής.

Το σκέφτομαι έτσι: Δεν μπορείς να σκαλίσεις το τελικό, γυαλισμένο άγαλμα ενώ ταυτόχρονα εξορύσσεις το μάρμαρο. Πρόκειται για δύο θεμελιωδώς διαφορετικές λειτουργίες που απαιτούν διαφορετικά εργαλεία και νοοτροπίες. Η φάση της δημιουργίας πρέπει να είναι ακατάστατη, αναποτελεσματική και, ειλικρινά, κακή. Η φάση της επεξεργασίας είναι εκείνη όπου μπαίνει η δομή και το γυάλισμα.

Για παράδειγμα, πρόσφατα άρχισα να δουλεύω πάνω σε μια σύνθετη σειρά εκπαιδευτικών ενοτήτων. Τις πρώτες δύο εβδομάδες, δημιούργησα ίσως 500 λέξεις συνολικά επειδή βασανιζόμουν με την ακριβή τεχνική ορολογία και την τέλεια σειρά ιδεών. Τη στιγμή που ανάγκασα τον εαυτό μου να χρησιμοποιήσει πρόχειρους όρους-πλαίσια και να επικεντρωθώ μόνο στη γρήγορη απόρριψη εννοιών—αγνοώντας τη γραμματική, αγνοώντας τη δομή—δημιούργησα 5.000 λέξεις σε ένα μόνο απόγευμα. Το εμπόδιο δεν ήταν η έλλειψη γνώσης ή ιδεών· ήταν ο φόβος ότι το πρώτο προσχέδιο δεν άξιζε να υπάρξει. Η υπέρβαση αυτού του φόβου και ο διαχωρισμός του «δημιουργικού» εγκεφάλου από τον «κριτικό» εγκέφαλο είναι το κλειδί για τη συνέπεια."
"Καταγράψτε τις πέντε πολυπληθέστερες μητροπολιτικές περιοχές παγκοσμίως, συμπεριλαμβανομένης της χώρας τους και του κατά προσέγγιση πληθυσμού.",,"1. Τόκιο, Ιαπωνία (~37.4 εκατομμύρια)
2. Δελχί, Ινδία (~32 εκατομμύρια)
3. Σαγκάη, Κίνα (~28.5 εκατομμύρια)
4. Σάο Πάολο, Βραζιλία (~22.5 εκατομμύρια)
5. Πόλη του Μεξικού, Μεξικό (~22 εκατομμύρια)"
Πώς διατηρούν τα σύγχρονα Μεγάλα Γλωσσικά Μοντέλα (LLMs) τη συνοχή και το πλαίσιο (context) σε πολύ μεγάλες συνομιλίες ή έγγραφα;,,"Τα LLMs χρησιμοποιούν αρχιτεκτονικές transformer με μηχανισμούς self-attention για να αξιολογήσουν τη συνάφεια των προηγούμενων tokens. Για πλαίσια που υπερβαίνουν το σταθερό όριο παραθύρου πλαισίου (context window limit), συχνά χρησιμοποιούν τεχνικές όπως η Παραγωγή με Ενίσχυση Ανάκτησης (Retrieval-Augmented Generation - RAG), όπου εξωτερικές βάσεις δεδομένων διανυσμάτων ανακτούν δυναμικά και εισάγουν τις πιο σχετικές πληροφορίες στο τρέχον πλαίσιο εργασίας, επιτρέποντάς τους να αναφέρονται σε λεπτομέρειες πολύ πέρα από την άμεση μνήμη τους."
Εξηγήστε τον σκοπό του Μετασχηματισμού Φουριέ.,"Ο Μετασχηματισμός Φουριέ (ΜΦ) είναι ένας μαθηματικός μετασχηματισμός που αναλύει μια συνάρτηση (συχνά συνάρτηση του χρόνου ή ένα σήμα) στις συστατικές της συχνότητες. Ουσιαστικά, μετατρέπει ένα σήμα από το αρχικό του πεδίο (το πεδίο του χρόνου) σε μια αναπαράσταση στο πεδίο των συχνοτήτων. Αυτός ο μετασχηματισμός είναι θεμελιώδης στην ανάλυση των χαρακτηριστικών των κυματομορφών, στο φιλτράρισμα του θορύβου από τα δεδομένα, στην επίλυση διαφορικών εξισώσεων, και είναι κρίσιμος σε τομείς όπως η επεξεργασία σήματος, η συμπίεση εικόνας (όπως το JPEG) και η κβαντική μηχανική. Το αποτέλεσμα του ΜΦ δείχνει ποιες συχνότητες είναι παρούσες στο αρχικό σήμα και τα αντίστοιχα πλάτη τους.",Μια μαθηματική λειτουργία που μετατρέπει ένα σήμα από το πεδίο του χρόνου στο πεδίο των συχνοτήτων για να αποκαλύψει τις συστατικές του συχνότητες.
Τι είναι η κρυπτογραφία δημόσιου κλειδιού;,,"Η κρυπτογραφία δημόσιου κλειδιού, επίσης γνωστή ως ασύμμετρη κρυπτογραφία, είναι ένα σύστημα που χρησιμοποιεί ένα ζεύγος κλειδιών—ένα δημόσιο κλειδί και ένα ιδιωτικό κλειδί—για την κρυπτογράφηση και την αποκρυπτογράφηση. Το δημόσιο κλειδί μπορεί να κοινοποιηθεί ευρέως και χρησιμοποιείται για την κρυπτογράφηση μηνυμάτων ή την επαλήθευση ψηφιακών υπογραφών. Το αντίστοιχο ιδιωτικό κλειδί διατηρείται μυστικό από τον κάτοχο και είναι το μόνο κλειδί ικανό να αποκρυπτογραφήσει τα μηνύματα που έχουν κρυπτογραφηθεί με το δημόσιο κλειδί ή να δημιουργήσει τις ψηφιακές υπογραφές. Αυτό το σύστημα επιλύει το πρόβλημα ανταλλαγής κλειδιών που είναι εγγενές στην συμμετρική κρυπτογραφία, επιτρέποντας την ασφαλή επικοινωνία μεταξύ μερών που δεν έχουν προηγουμένως καθορίσει ένα κοινό μυστικό."
"Με βάση τη φυσική διαδικασία που περιγράφεται στην εισαγωγή σχετικά με την απώλεια πάγου και την απορρόφηση ακτινοβολίας, ποιος είναι ο επιστημονικός όρος για αυτόν τον συγκεκριμένο θετικό βρόχο ανάδρασης;","Από το 1980, η έκταση του θαλάσσιου πάγου της Αρκτικής έχει μειωθεί κατά 3% ανά δεκαετία. Το στρώμα πάγου της Γροιλανδίας χάνει περίπου 279 δισεκατομμύρια τόνους πάγου ετησίως, συμβάλλοντας σημαντικά στην άνοδο της στάθμης της θάλασσας παγκοσμίως. Αυτή η διαδικασία επιταχύνει τη θέρμανση επειδή ο ανοιχτόχρωμος πάγος (υψηλή λευκαύγεια) αντικαθίσταται από σκουρότερο θαλασσινό νερό ή ξηρά (χαμηλή λευκαύγεια), το οποίο απορροφά περισσότερη ηλιακή ακτινοβολία.","Ο επιστημονικός όρος είναι ο βρόχος ανάδρασης «Πάγου-Λευκαύγειας». Αυτό συμβαίνει όταν ο ιδιαίτερα ανακλαστικός πάγος λιώνει, εκθέτοντας λιγότερο ανακλαστικές επιφάνειες από κάτω (όπως νερό ή βράχο), οι οποίες απορροφούν περισσότερη θερμότητα και προκαλούν περαιτέρω αυξήσεις της θερμοκρασίας και τήξη."
Ποιος εφηύρε τη σύγχρονη τυπογραφική πρέσα με κινητά στοιχεία και σε ποιον αιώνα;,,"Ο Γιοχάνες Γκούτενμπεργκ, γύρω στο έτος 1440, τον 15ο αιώνα."
Καταγράψτε τα ονόματα των υπαλλήλων στο τμήμα Μάρκετινγκ που έλαβαν βαθμολογία απόδοσης 4 ή υψηλότερη.,"Αξιολογήσεις Απόδοσης Υπαλλήλων
Όνομα	Τμήμα	Βαθμολογία	Ημερομηνία Αξιολόγησης
Alice Johnson	Μάρκετινγκ	5	2023-10-01
Bob Smith	Πωλήσεις	3	2023-11-15
Charlie Brown	Μηχανικών	4	2024-01-05
Diana Prince	Μάρκετινγκ	2	2024-02-20
Eve Adams	Πωλήσεις	5	2024-03-01
Frank Lee	Μηχανικών	3	2023-12-10
Grace Hall	Μάρκετινγκ	4	2024-04-15",Alice Johnson και Grace Hall.
"Αναλύστε το παρεχόμενο σύνολο δεδομένων μηνιαίων στοιχείων πωλήσεων (σε χιλιάδες) και υπολογίστε τις συνολικές πωλήσεις για το τρίμηνο, ακολουθούμενες από τις μέσες μηνιαίες πωλήσεις, στρογγυλοποιώντας τον μέσο όρο σε δύο δεκαδικά ψηφία.","Αναφορά Πωλήσεων 3ου Τριμήνου: Ιούλιος: 145.8, Αύγουστος: 189.2, Σεπτέμβριος: 161.5. Αυτά τα στοιχεία εξαιρούν τα λειτουργικά έξοδα και αντικατοπτρίζουν τα ακαθάριστα έσοδα.",Συνολικές Τριμηνιαίες Πωλήσεις: 496.5 χιλιάδες. Μέσες Μηνιαίες Πωλήσεις: 165.50 χιλιάδες.
Σε ποια ημερομηνία γεννήθηκε η Μαρία Σκουοντόφσκα Κιουρί;,"Η Μαρία Σκουοντόφσκα Κιουρί (γεννημένη Μαρία Σκουοντόφσκα· 7 Νοεμβρίου 1867 – 4 Ιουλίου 1934) ήταν Πολωνή και πολιτογραφημένη Γαλλίδα φυσικός και χημικός που διεξήγαγε πρωτοποριακή έρευνα για τη ραδιενέργεια. Ήταν η πρώτη γυναίκα που κέρδισε βραβείο Νόμπελ, το πρώτο άτομο και η μόνη γυναίκα που κέρδισε το βραβείο Νόμπελ δύο φορές, και το μόνο άτομο που κέρδισε το βραβείο Νόμπελ σε δύο διαφορετικούς επιστημονικούς τομείς.",7 Νοεμβρίου 1867
Ποιοι είναι οι κύριοι λόγοι πίσω από την αναζωπύρωση της δημοτικότητας των δίσκων βινυλίου;,,"Οι δίσκοι βινυλίου, που επί μακρόν θεωρούνταν ξεπερασμένοι από τους γενικούς ακροατές, γνώρισαν μια σημαντική και διαρκή επανεμφάνιση την τελευταία δεκαετία. Αρκετοί παράγοντες συμβάλλουν σε αυτή την αναγέννηση: 

- **Ανώτερη Ποιότητα Ήχου (Η «Ζεστασιά»):** Πολλοί ηχόφιλοι και απλοί ακροατές υποστηρίζουν ότι το βινύλιο προσφέρει μια πιο ζεστή, πλουσιότερη και πιο αυθεντική εμπειρία ακρόασης σε σύγκριση με τις συμπιεσμένες ψηφιακές μορφές (όπως τα MP3). Επειδή το βινύλιο είναι αναλογική μορφή, δεν απορρίπτει δεδομένα κατά τη συμπίεση, κάτι που ορισμένοι ακροατές αισθάνονται ότι οδηγεί σε ένα πληρέστερο φάσμα ήχου.

- **Η Επιθυμία για Απτότητα και Ιδιοκτησία:** Σε μια εποχή που κυριαρχείται από το streaming και τα άυλα ψηφιακά αρχεία, οι καταναλωτές λαχταρούν φυσικά μέσα που μπορούν να κατέχουν, να επιδεικνύουν και να αλληλεπιδρούν. Ένας δίσκος βινυλίου προσφέρει μεγάλο εξώφυλλο, σημειώσεις και τη φυσική πράξη της τοποθέτησης του δίσκου στο πικάπ, δημιουργώντας μια πλουσιότερη αίσθηση ιδιοκτησίας.

- **Το Τελετουργικό της Ακρόασης:** Το να παίζει κανείς ένα δίσκο βινυλίου είναι μια σκόπιμη δραστηριότητα, που συχνά απαιτεί από τον ακροατή να καθίσει και να συγκεντρωθεί για όλη τη διάρκεια της πλευράς. Αυτό έρχεται σε έντονη αντίθεση με την παθητική φύση των λιστών αναπαραγωγής ή του streaming στο παρασκήνιο. Αυτό το «τελετουργικό» ελκύει όσους αναζητούν μια βαθύτερη σύνδεση με τη μουσική τους.

- **Νοσταλγία και Αισθητική Έλξη:** Για τις παλαιότερες γενιές, το βινύλιο συνδέεται με τη νιότη τους. Για τις νεότερες γενιές, η μορφή συχνά θεωρείται ρετρό-σικ, επαναστατική ενάντια στη σύγχρονη τεχνολογία, ή ένα μέσο ανακάλυψης κλασικών άλμπουμ στην αρχική τους μορφή. Τα καταστήματα βινυλίου έχουν επίσης γίνει πολιτιστικά σημεία συνάντησης.

- **Κουλτούρα Συλλογής:** Οι δισκογραφικές εταιρείες εκμεταλλεύτηκαν την τάση κυκλοφορώντας δίσκους ειδικής έκδοσης, έγχρωμο βινύλιο, περιορισμένα αντίτυπα και αποκλειστικές επανεκδόσεις. Αυτή η σπανιότητα τροφοδοτεί μια ισχυρή αγορά συλλεκτών, αυξάνοντας τόσο τη ζήτηση όσο και την αντιληπτή αξία."
Εξηγήστε τις κύριες αιτίες που οδήγησαν στην κατάρρευση της Ρωμαϊκής Αυτοκρατορίας στη Δύση.,,"Η κατάρρευση της Δυτικής Ρωμαϊκής Αυτοκρατορίας το 476 μ.Χ. δεν οφειλόταν σε ένα μεμονωμένο γεγονός, αλλά σε μια μακρά διαδικασία που περιλάμβανε διάφορα αλληλοεπικαλυπτόμενα ζητήματα. Οι βασικοί παράγοντες περιλαμβάνουν τις συνεχείς βαρβαρικές εισβολές (Ούννοι, Γότθοι, Βάνδαλοι), τη σοβαρή οικονομική αστάθεια και τον πληθωρισμό, τη στρατιωτική υπερέκταση και την εξάρτηση από μη Ρωμαίους μισθοφόρους, καθώς και την εξουθενωτική πολιτική διαφθορά και αστάθεια που συχνά οδηγούσε σε εμφύλιους πολέμους."
"Από την παρεχόμενη περίληψη της Οδύσσειας, καταγράψτε μόνο τα υπερφυσικά όντα, τους θεούς ή τα μαγικά πλάσματα που συνάντησε ο Οδυσσέας κατά τη διάρκεια του ταξιδιού του.","Το έπος ξεκινά in medias res (στη μέση των γεγονότων), δέκα χρόνια μετά την έναρξη του Τρωικού Πολέμου, εστιάζοντας στις περιπλανήσεις του ήρωα Οδυσσέα. Πρώτον, η αφήγηση περιγράφει λεπτομερώς τη συνάντησή του με τους Λωτοφάγους, οι οποίοι προσφέρουν ένα ναρκωτικό που κάνει τους άνδρες να ξεχνούν την επιθυμία τους να επιστρέψουν στην πατρίδα. Ο Οδυσσέας αναγκάζει γρήγορα τους άνδρες του να επιστρέψουν στα πλοία. Στη συνέχεια, αποβιβάζονται στο νησί των Κυκλώπων, όπου ο Οδυσσέας τυφλώνει τον γίγαντα Πολύφημο, προκαλώντας την οργή του Ποσειδώνα. Αφού δραπετεύουν, φτάνουν στο νησί του Αιόλου, θεού των ανέμων, ο οποίος δίνει στον Οδυσσέα έναν σάκο που περιέχει όλους τους δυσμενείς ανέμους. Το ζηλιάρικο πλήρωμά του ανοίγει τον σάκο πρόωρα, παρασύροντάς τους μακριά από την πορεία τους. Αργότερα, η μάγισσα Κίρκη μεταμορφώνει μέρος του πληρώματός του σε χοίρους, αλλά ο Οδυσσέας, με τη βοήθεια του Ερμή, αντιστέκεται στη μαγεία της και την αναγκάζει να αποκαταστήσει τους άνδρες του. Πριν φτάσει επιτέλους στην Ιθάκη, ο Οδυσσέας πρέπει να κατέβει στον Κάτω Κόσμο (Νέκυια) για να συμβουλευτεί τον μάντη Τειρεσία. Ο Τειρεσίας τον προειδοποιεί να μην πειράξει τα βόδια του θεού Ήλιου. Επιστρέφοντας στην Ιθάκη, μεταμφιεσμένος σε ζητιάνο, ο Οδυσσέας βρίσκει το παλάτι του κατακλυσμένο από άπληστους μνηστήρες που προσπαθούν να παντρευτούν τη σύζυγό του, Πηνελόπη, και να καταλάβουν τον θρόνο του. Το ποίημα ολοκληρώνεται με τον Οδυσσέα να αποκαλύπτεται, να σφάζει τους μνηστήρες με τη βοήθεια του γιου του Τηλέμαχου, και να αποκαθιστά την ειρήνη στο βασίλειό του.","Λωτοφάγοι, Κύκλωπες/Πολύφημος, Ποσειδώνας, Αίολος, Κίρκη, Ερμής, Τειρεσίας, Ήλιος."
"Συνοψίστε τα βασικά ορόσημα και τα άτομα που ενεπλάκησαν στην ανακάλυψη της ινσουλίνης, εστιάζοντας σε ονόματα, τοποθεσίες και την αρχική επιτυχημένη δοκιμή σε ανθρώπους.","Η ανακάλυψη της ινσουλίνης είναι ένα από τα πιο σημαντικά επιτεύγματα στην ιατρική ιστορία. Πριν από τη δεκαετία του 1920, ο διαβήτης Τύπου 1 ήταν θανατική καταδίκη. Η κομβική ανακάλυψη συνέβη το 1921 στο Πανεπιστήμιο του Τορόντο. Ο Frederick Banting, ένας νεαρός χειρουργός, συνέλαβε την αρχική ιδέα της απομόνωσης της εσωτερικής έκκρισης του παγκρέατος. Του δόθηκε εργαστηριακός χώρος και δέκα σκύλοι από τον καθηγητή J.J.R. Macleod, ο οποίος αρχικά αμφέβαλε για το έργο. Ο Banting εργάστηκε με τον βοηθό του, Charles Best, έναν φοιτητή ιατρικής. Απολίνωσαν επιτυχώς τους παγκρεατικούς πόρους των σκύλων, προκαλώντας τη διακοπή των πεπτικών υγρών, επιτρέποντάς τους να εξάγουν μια ουσία που αρχικά ονόμασαν «ισλετίνη» (isletin). Αυτό το εκχύλισμα μείωσε επιτυχώς το σάκχαρο στο αίμα των διαβητικών σκύλων. Αργότερα τον ίδιο χρόνο, ο χημικός James Collip προστέθηκε στην ομάδα για να καθαρίσει το εκχύλισμα για δοκιμή σε ανθρώπους. Τον Ιανουάριο του 1922, ο Leonard Thompson, ένα 14χρονο αγόρι που πέθαινε από διαβήτη, έλαβε την πρώτη ένεση καθαρισμένης ινσουλίνης, σηματοδοτώντας την πρώτη επιτυχημένη θεραπεία. Ο Banting και ο Macleod τιμήθηκαν με το Βραβείο Νόμπελ Φυσιολογίας ή Ιατρικής το 1923, το οποίο ο Banting μοιράστηκε αμέσως με τον Best, και ο Macleod μοιράστηκε με τον Collip.","Η ανακάλυψη πραγματοποιήθηκε το 1921 στο Πανεπιστήμιο του Τορόντο. Ο Frederick Banting συνέλαβε την αρχική ιδέα και εργάστηκε με τον βοηθό Charles Best για να εξάγουν την ουσία, την οποία ονόμασαν «ισλετίνη» (isletin). Ο καθηγητής J.J.R. Macleod παρείχε τον εργαστηριακό χώρο. Ο χημικός James Collip αργότερα καθάρισε το εκχύλισμα για ανθρώπινη χρήση. Η πρώτη επιτυχημένη δοκιμή σε άνθρωπο έλαβε χώρα τον Ιανουάριο του 1922 στον 14χρονο Leonard Thompson. Οι Banting και Macleod τιμήθηκαν με το Βραβείο Νόμπελ το 1923."
Εξηγήστε τα βασικά στάδια της φωτοσύνθεσης στα φυτά.,,"Η φωτοσύνθεση είναι η διαδικασία με την οποία τα πράσινα φυτά μετατρέπουν την φωτεινή ενέργεια σε χημική ενέργεια. Περιλαμβάνει κυρίως δύο στάδια: τις φωτοεξαρτώμενες αντιδράσεις, όπου η χλωροφύλλη συλλαμβάνει το φως του ήλιου για να διασπάσει τα μόρια του νερού, απελευθερώνοντας οξυγόνο· και τις φωτοανεξάρτητες αντιδράσεις (Κύκλος του Κάλβιν), όπου η ενέργεια που δημιουργείται χρησιμοποιείται για τη μετατροπή του διοξειδίου του άνθρακα από τον αέρα σε γλυκόζη, την οποία το φυτό χρησιμοποιεί ως καύσιμο."
Πού εκτίθεται συνεχώς η Στήλη της Ροζέττας από το 1802;,"Η Στήλη της Ροζέττας είναι μια στήλη από γρανοδιορίτη χαραγμένη με τρεις εκδοχές ενός διατάγματος που εκδόθηκε στη Μέμφιδα της Αιγύπτου, το 196 π.Χ. κατά τη διάρκεια της Πτολεμαϊκής δυναστείας. Τα επάνω και μεσαία κείμενα είναι γραμμένα στην Αρχαία Αιγυπτιακή χρησιμοποιώντας ιερογλυφική γραφή και Δημοτική γραφή, αντίστοιχα, ενώ το κάτω μέρος είναι στα Αρχαία Ελληνικά. Η πέτρα παρείχε το κλειδί για την αποκρυπτογράφηση των αιγυπτιακών ιερογλυφικών. Ανακαλύφθηκε στις 15 Ιουλίου 1799 από έναν Γάλλο στρατιώτη ονόματι Pierre-François Bouchard κατά τη διάρκεια της εκστρατείας του Ναπολέοντα στην Αίγυπτο, κοντά στην πόλη Ρασίντ (Ροζέττα) στο Δέλτα του Νείλου. Αργότερα παραχωρήθηκε στους Βρετανούς βάσει των όρων της Συνθήκης της Αλεξάνδρειας (1801) μετά τη γαλλική ήττα. Από το 1802, εκτίθεται συνεχώς στο Βρετανικό Μουσείο στο Λονδίνο, καθιστώντας το το αντικείμενο με τις περισσότερες επισκέψεις στο μουσείο.","Από το 1802, η Στήλη της Ροζέττας εκτίθεται συνεχώς στο Βρετανικό Μουσείο στο Λονδίνο."
Ποιο είναι το μεγαλύτερο φεγγάρι που περιφέρεται γύρω από τον Κρόνο;,,"Ο Τιτάνας είναι το μεγαλύτερο φεγγάρι του Κρόνου και ο δεύτερος μεγαλύτερος φυσικός δορυφόρος στο Ηλιακό Σύστημα, μετά τον Γανυμήδη του Δία."
Ορίστε τον λογοτεχνικό όρο 'MacGuffin' και δώστε ένα παράδειγμα της χρήσης του σε ένα διάσημο έργο μυθοπλασίας.,,"Ένα MacGuffin είναι ένα αντικείμενο, μια συσκευή ή ένα στοιχείο πλοκής σε μια ιστορία που είναι απαραίτητο για την πλοκή και παρακινεί τους χαρακτήρες, αλλά είναι τελικά ασήμαντο, εναλλάξιμο ή άσχετο με τα συνολικά θέματα και την τελική επίλυση της αφήγησης. Συχνά υπάρχει αποκλειστικά για να κινήσει την καταδίωξη ή τη σύγκρουση. Ένα κλασικό παράδειγμα είναι το άγαλμα του Γερακιού της Μάλτας στην ταινία του 1941 'Το Γεράκι της Μάλτας', ή ο χαρτοφύλακας στο 'Pulp Fiction' του Κουέντιν Ταραντίνο, τα περιεχόμενα του οποίου δεν αποκαλύπτονται ποτέ, αλλά η ανάκτησή του κινεί ένα σημαντικό μέρος της πλοκής."
Ποιες είναι οι κοινές παρενέργειες της διαλείπουσας νηστείας;,,"Αν και γενικά είναι ασφαλής για τους περισσότερους υγιείς ενήλικες, η διαλείπουσα νηστεία (ΔΝ) μπορεί να προκαλέσει αρκετές προσωρινές παρενέργειες καθώς το σώμα προσαρμόζεται. Οι πιο συχνά αναφερόμενες αρχικές παρενέργειες περιλαμβάνουν έντονη πείνα, κόπωση και δυσκολία στη συγκέντρωση, ειδικά κατά την πρώτη εβδομάδα. Οι χρήστες ενδέχεται επίσης να εμφανίσουν πονοκεφάλους ή ήπια ζάλη, που συχνά συνδέονται με αφυδάτωση ή ανισορροπία ηλεκτρολυτών. Λιγότερο συχνές, αλλά πιθανές, παρενέργειες περιλαμβάνουν ευερεθιστότητα, κακοσμία του στόματος (αλίτωση) και διαταραχές ύπνου. Αυτά τα συμπτώματα συνήθως υποχωρούν μόλις το σώμα προσαρμοστεί στο νέο πρόγραμμα διατροφής."
Συνοψίστε την πλοκή του Μόμπι Ντικ σε μία πρόταση.,,"Ο Καπετάνιος Άχαμπ κυνηγά εμμονικά μια τεράστια λευκή φάλαινα που του είχε πάρει προηγουμένως το πόδι, οδηγώντας στην καταστροφή του πλοίου του και στον θάνατο σχεδόν όλων των επιβαινόντων."
Συνοψίστε τους κύριους επιστημονικούς στόχους των αποστολών Απόλλων.,,"Οι κύριοι επιστημονικοί στόχοι του προγράμματος Απόλλων ήταν: 1. Συλλογή υλικών από την επιφάνεια της Σελήνης (πετρωμάτων και εδάφους) για ανάλυση, με σκοπό τον προσδιορισμό της προέλευσης και της γεωλογικής ιστορίας της Σελήνης. 2. Εγκατάσταση του Πακέτου Πειραμάτων Επιφανείας της Σελήνης του Απόλλων (ALSEP), το οποίο περιελάμβανε σεισμόμετρα, ανιχνευτές ροής θερμότητας και μαγνητόμετρα, για τη συλλογή μακροπρόθεσμων δεδομένων σχετικά με την εσωτερική δομή και το περιβάλλον της Σελήνης. 3. Διεξαγωγή πειραμάτων σχετικά με τον ηλιακό άνεμο, τη βαρύτητα και τη σεληνιακή ατμόσφαιρα. 4. Λεπτομερής οπτική και φωτογραφική παρατήρηση των σεληνιακών γεωλογικών χαρακτηριστικών."
Ποια είναι τα λόγια του Οίκου Σταρκ;,,Ο Χειμώνας Έρχεται
Ποιος ανακάλυψε την πενικιλίνη και ποιο κοινό λάθος γίνεται σχετικά με την ανακάλυψή της;,"Ενώ ο Σερ Αλεξάντερ Φλέμινγκ πιστώνεται ευρέως με την ανακάλυψη της πενικιλίνης το 1928, στην πραγματικότητα ήταν οι Ερνστ Τσέιν και Χάουαρντ Φλόρεϊ που ανέπτυξαν τις τεχνικές για τη μαζική καθαρισμό και παραγωγή της, ξεκινώντας γύρω στο 1940, καθιστώντας την ένα βιώσιμο φάρμακο. Το κοινό λάθος είναι η αποτυχία αναγνώρισης του έργου των Τσέιν και Φλόρεϊ, υποθέτοντας ότι μόνο ο Φλέμινγκ ήταν υπεύθυνος για τη φαρμακευτική της εφαρμογή.","Ο Σερ Αλεξάντερ Φλέμινγκ πιστώνεται με την ανακάλυψη της πενικιλίνης το 1928. Το κοινό λάθος είναι η αποτυχία αναγνώρισης του επακόλουθου έργου των Ερνστ Τσέιν και Χάουαρντ Φλόρεϊ, οι οποίοι ανέπτυξαν τις τεχνικές για τον μαζικό καθαρισμό και τη βιώσιμη παραγωγή της."
Ποιοι παράγοντες οδηγούν τη πρόσφατη δραματική αύξηση των τιμών ενοικίασης σε μεγάλες μητροπολιτικές περιοχές των ΗΠΑ;,,"Αρκετοί αλληλένδετοι παράγοντες συμβάλλουν στη δραματική άνοδο των τιμών ενοικίασης. Πρώτον, υπάρχει χρόνια υστέρηση στην κατασκευή και χαμηλό απόθεμα κατοικιών, το οποίο δεν έχει συμβαδίσει με την αύξηση του πληθυσμού, ειδικά σε επιθυμητές παράκτιες πόλεις. Δεύτερον, τα υψηλότερα επιτόκια έχουν ωθήσει πολλούς δυνητικούς αγοραστές κατοικιών εκτός της αγοράς αγοράς, αναγκάζοντάς τους να νοικιάσουν, αυξάνοντας σημαντικά τον ανταγωνισμό για περιορισμένα διαμερίσματα. Τρίτον, θεσμικοί επενδυτές και εταιρείες ιδιωτικών κεφαλαίων έχουν εισέλθει στην αγορά, αγοράζοντας χιλιάδες μονοκατοικίες και μετατρέποντάς τις σε χαρτοφυλάκια ενοικίασης, μειώνοντας τη διαθέσιμη προσφορά για ιδιώτες αγοραστές και αυξάνοντας το κόστος ενοικίασης. Τέλος, οι επίμονες διαταραχές που σχετίζονται με την πανδημία στις κατασκευές και τις αλυσίδες εφοδιασμού έχουν αυξήσει το κόστος ανάπτυξης νέων κατοικιών, επιβραδύνοντας την παράδοση νέων μονάδων."
Ποιος είναι ο συνολικός αριθμός τίτλων του UEFA Champions League που έχει κερδίσει η Ρεάλ Μαδρίτης;,,"Η Real Madrid Club de Fútbol, μια επαγγελματική ποδοσφαιρική ομάδα με έδρα τη Μαδρίτη της Ισπανίας, κατέχει το ρεκόρ για τους περισσότερους τίτλους του UEFA Champions League (UCL). Έχει κερδίσει την αναγνωρισμένη ευρωπαϊκή διοργάνωση 15 φορές, ξεκινώντας με τα πρώτα πέντε τουρνουά διαδοχικά (1956–1960)."
"Καταγράψτε τα κύρια όρια ρυθμού API και τις συνέπειες περιορισμού (throttling) που ισχύουν ειδικά για τους χρήστες της Βασικής Βαθμίδας (Standard Tier), με βάση την παρεχόμενη πολιτική.","Με ισχύ από την 1η Ιανουαρίου 2024, όλοι οι χρήστες API της βασικής βαθμίδας (standard tier) υπόκεινται στα ακόλουθα όρια ρυθμού: κατ' ανώτατο όριο 50 αιτήματα ανά λεπτό (RPM) για λειτουργίες ανάγνωσης (GET) και 20 αιτήματα ανά λεπτό (RPM) για λειτουργίες εγγραφής (POST, PUT, DELETE). Οι χρήστες της premium βαθμίδας εξαιρούνται από τα τυπικά όρια RPM και λαμβάνουν αντ' αυτού ημερήσια ποσόστωση 150.000 συνολικών αιτημάτων, ανεξάρτητα από τον τύπο λειτουργίας, αλλά περιορίζονται αυστηρά σε 5 ταυτόχρονες συνδέσεις ανά πάσα στιγμή. Εάν ένας τυπικός χρήστης υπερβεί το όριο RPM περισσότερες από τρεις φορές σε διάστημα 24 ωρών, ο λογαριασμός του θα περιοριστεί προσωρινά στα 10 RPM για τις επόμενες 6 ώρες. Οι εταιρικοί πελάτες διαπραγματεύονται τα όρια μεμονωμένα, αλλά το προεπιλεγμένο μέγιστο μέγεθος ωφέλιμου φορτίου τους είναι 5MB.","Τα κύρια όρια ρυθμού API για τους χρήστες της Βασικής Βαθμίδας είναι:

1. Λειτουργίες Ανάγνωσης (GET): Κατ' ανώτατο όριο 50 αιτήματα ανά λεπτό (RPM).
2. Λειτουργίες Εγγραφής (POST, PUT, DELETE): Κατ' ανώτατο όριο 20 αιτήματα ανά λεπτό (RPM).

Συνέπεια Περιορισμού:
Εάν ένας τυπικός χρήστης υπερβεί το όριο RPM περισσότερες από τρεις φορές σε διάστημα 24 ωρών, ο λογαριασμός του θα περιοριστεί προσωρινά στα 10 RPM για τις επόμενες 6 ώρες."
Ποιο είναι το όνομα του τρικέφαλου σκύλου που φυλάει την είσοδο στον Κάτω Κόσμο στην ελληνική μυθολογία;,,Κέρβερος
Καταγράψτε και περιγράψτε συνοπτικά τους κύριους μη στρατιωτικούς παράγοντες που συνέβαλαν στην παρακμή της Δυτικής Ρωμαϊκής Αυτοκρατορίας.,,"Η παρακμή της Δυτικής Ρωμαϊκής Αυτοκρατορίας οφειλόταν σε πολλές αλληλεπικαλυπτόμενες μη στρατιωτικές κρίσεις: **Οικονομική Καταπόνηση:** Οι υπερβολικές στρατιωτικές δαπάνες και οι άμυνες των συνόρων οδήγησαν σε συντριπτικά φορολογικά βάρη στον πληθυσμό και σε μαζικό πληθωρισμό. Οι εμπορικές οδοί έγιναν λιγότερο ασφαλείς, διαταράσσοντας το εμπόριο και οδηγώντας σε ελλείψεις τροφίμων στις πόλεις. Η πρακτική της υποτίμησης του νομίσματος (μείωση της περιεκτικότητας σε πολύτιμο μέταλλο) υποτίμησε περαιτέρω το νόμισμα. **Πολιτική Αστάθεια και Διαφθορά:** Το πολιτικό σύστημα υπέφερε από συνεχείς κρίσεις διαδοχής, με αποτέλεσμα την εποχή των «Αυτοκρατόρων των Στρατοπέδων» («Barracks Emperors»), όπου η στρατιωτική δύναμη υπαγόρευε την ηγεσία, οδηγώντας σε σύντομες βασιλείες και εσωτερικές συγκρούσεις. Η εκτεταμένη διαφθορά και το αυξανόμενο χάσμα μεταξύ της κεντρικής κυβέρνησης και των τοπικών αρχών διέβρωσαν την εμπιστοσύνη του κοινού. **Κοινωνική και Δημογραφική Παρακμή:** Οι πανούκλες και οι ασθένειες μείωσαν σημαντικά τον πληθυσμό, επηρεάζοντας το διαθέσιμο εργατικό δυναμικό και τις δεξαμενές στρατολόγησης. Επιπλέον, μια αντιληπτή απώλεια της «αστικής αρετής» μεταξύ της ελίτ, η οποία απομακρυνόταν όλο και περισσότερο από τη δημόσια υπηρεσία και τα στρατιωτικά καθήκοντα, αποδυνάμωσε την εσωτερική συνοχή της Αυτοκρατορίας."
Ποια είναι η πρωτεύουσα της Αυστραλίας;,,Η πρωτεύουσα της Αυστραλίας είναι η Καμπέρα.
"Πότε και πού κυκλοφόρησε αρχικά το Netflix, και ποιο ήταν το αρχικό του μοντέλο υπηρεσιών;","Η Netflix, Inc. είναι μια αμερικανική συνδρομητική υπηρεσία ροής (streaming) και εταιρεία παραγωγής. Ξεκίνησε το 1998 στο Scotts Valley της Καλιφόρνια, αρχικά ως υπηρεσία ενοικίασης DVD μέσω ταχυδρομείου, και η εταιρεία γρήγορα προσαρμόστηκε στην ψηφιακή τεχνολογία. Μέχρι το 2007, είχε εισαγάγει τα μέσα ροής, τα οποία έγιναν η κύρια εστίασή της. Σήμερα, η Netflix λειτουργεί παγκοσμίως, προσφέροντας μια τεράστια βιβλιοθήκη ταινιών και τηλεοπτικών σειρών, συμπεριλαμβανομένων των ολοένα και πιο δημοφιλών 'Netflix Originals'. Αυτή τη στιγμή διατηρεί τα κεντρικά της επιχειρησιακά γραφεία στο Los Gatos της Καλιφόρνια, αν και τα διεθνή της κέντρα παραγωγής είναι διάσπαρτα σε όλο τον κόσμο.","Η Netflix, Inc. κυκλοφόρησε αρχικά το 1998 στο Scotts Valley της Καλιφόρνια. Το αρχικό της μοντέλο υπηρεσιών ήταν η ενοικίαση DVD μέσω ταχυδρομείου. Μεταπήδησε στα μέσα ροής μέχρι το 2007 και τώρα λειτουργεί παγκοσμίως, διατηρώντας τα τρέχοντα επιχειρησιακά της κεντρικά γραφεία στο Los Gatos της Καλιφόρνια."
Γιατί οι άνθρωποι αφήνουν φιλοδωρήματα στα εστιατόρια;,,"Η φιλοδωρία είναι ένα περίπλοκο κοινωνικό και οικονομικό έθιμο, που επικρατεί κυρίως στις Ηνωμένες Πολιτείες, αν και εφαρμόζεται παγκοσμίως σε διαφορετικούς βαθμούς. Ο πρωταρχικός λόγος που οι άνθρωποι αφήνουν φιλοδώρημα σχετίζεται με τη δομή αποζημίωσης. Σε πολλά μέρη των ΗΠΑ, οι σερβιτόροι εστιατορίων και άλλο προσωπικό εξυπηρέτησης λαμβάνουν χαμηλότερο «κατώτατο μισθό με φιλοδώρημα» από τον εργοδότη τους, πράγμα που σημαίνει ότι βασίζονται σε μεγάλο βαθμό στα φιλοδωρήματα για να φτάσουν και συχνά να ξεπεράσουν τον τυπικό κατώτατο μισθό. Πέρα από τα οικονομικά, η φιλοδωρία λειτουργεί ως κίνητρο απόδοσης. Οι πελάτες αναμένεται να αφήσουν μεγαλύτερο φιλοδώρημα για άριστη εξυπηρέτηση, παρέχοντας έτσι άμεση, χρηματική ανάδραση που ανταμείβει την ποιότητα της παρεχόμενης υπηρεσίας και παρακινεί το προσωπικό να διατηρήσει υψηλά πρότυπα. Τέλος, η φιλοδωρία διατηρείται επίσης από την πολιτιστική παράδοση και την κοινωνική προσδοκία. Το να μην αφήνεις φιλοδώρημα για επαρκή εξυπηρέτηση θεωρείται γενικά αρνητικό."
Καταγράψτε τις γεωμορφές και τα κύρια παραδείγματά τους που ορίζονται από βαθιές κοιλότητες ή συνδέονται συνήθως με υπόγεια υδάτινα χαρακτηριστικά.,"Γεωμορφές
Όρη
Κύρια παραδείγματα: Όρος Έβερεστ, K2, Όρος Φούτζι, Ακονκάγκουα
Κοιλάδες
Κύρια παραδείγματα: Κοιλάδα του Θανάτου, Γκραν Κάνυον, Κοιλάδα Ρήγματος
Πεδιάδες
Κύρια παραδείγματα: Μεγάλες Πεδιάδες, Πάμπας
Σπήλαια
Κύρια παραδείγματα: Σπήλαιο Μαμούθ, Σπήλαιο Πυγολαμπίδων Γουαϊτόμο
Ηφαίστεια
Κύρια παραδείγματα: Βεζούβιος, Κρακατόα, Μάουνα Λόα","Κοιλάδες
Κοιλάδα του Θανάτου
Γκραν Κάνυον
Κοιλάδα Ρήγματος
Σπήλαια
Σπήλαιο Μαμούθ
Σπήλαιο Πυγολαμπίδων Γουαϊτόμο"
Ποια είναι η βασική διαφορά μεταξύ της μαγειρικής σόδας και του μπέικιν πάουντερ όταν χρησιμοποιούνται στο ψήσιμο;,,"Η μαγειρική σόδα απαιτεί ένα όξινο συστατικό (όπως το βουτυρόγαλα ή το ξίδι) για να φουσκώσει, ενώ το μπέικιν πάουντερ είναι ένα πλήρες διογκωτικό μέσο που περιέχει τόσο το οξύ όσο και τη βάση."
"Ομαδοποιήστε τα ακόλουθα ουράνια σώματα στις σωστές κατηγορίες τους (Πλανήτης, Αστέρας ή Δορυφόρος): Ερμής, Άρης, Δίας, Αφροδίτη, Ήλιος, Σελήνη.",,"Πλανήτης: Ερμής, Άρης, Δίας, Αφροδίτη
Αστέρας: Ήλιος
Δορυφόρος: Σελήνη"
"Κατηγοριοποιήστε τις ακόλουθες γλώσσες προγραμματισμού με βάση το κύριο παράδειγμά τους (Αντικειμενοστραφής, Συναρτησιακή, ή Δεσμική): Python, Haskell, Java, JavaScript, Lisp, C++.",,"Αντικειμενοστραφής: Java, C++. Συναρτησιακή: Haskell, Lisp. Δεσμική/Πολυ-παραδειγματική: Python, JavaScript."
"Από το παρεχόμενο κείμενο, απαριθμήστε τις γλώσσες προγραμματισμού και τα αντίστοιχα έτη δημιουργίας τους. Διαμορφώστε την έξοδο ως έναν πίνακα JSON αντικειμένων, όπου κάθε αντικείμενο έχει τα κλειδιά 'language' και 'year'.","Η Python, που κυκλοφόρησε για πρώτη φορά το 1991, παραμένει εξαιρετικά δημοφιλής. Η JavaScript ακολούθησε στενά, κάνοντας το ντεμπούτο της το 1995 και έγινε απαραίτητη για την ανάπτυξη ιστού. Η C++, μια ισχυρή επέκταση της γλώσσας C, υπάρχει από το 1985. Η Java, που συχνά συγχέεται με τη JavaScript, αναπτύχθηκε αρχικά από τη Sun Microsystems και κυκλοφόρησε στο κοινό το 1995.","[{""language"": ""Python"", ""year"": 1991}, {""language"": ""JavaScript"", ""year"": 1995}, {""language"": ""C++"", ""year"": 1985}, {""language"": ""Java"", ""year"": 1995}]"
Ποια είναι η κύρια λειτουργία της συσκευής Golgi σε ένα ευκαρυωτικό κύτταρο;,,"Η συσκευή Golgi, ή σύμπλεγμα Golgi, είναι υπεύθυνη για την τροποποίηση, διαλογή και συσκευασία πρωτεϊνών και λιπιδίων που συντίθενται στο ενδοπλασματικό δίκτυο, είτε για έκκριση είτε για παράδοση σε άλλα οργανίδια."
"Η διώρυγα του Σουέζ, που εγκαινιάστηκε το 1869, μείωσε σημαντικά την απόσταση θαλάσσιου ταξιδιού μεταξύ Ευρώπης και ποιας ηπείρου",,"Ασία, παρακάμπτοντας τη μεγάλη διαδρομή γύρω από την Αφρική"
Αναφέρετε τους πιο επιδραστικούς συγγραφείς στο σύγχρονο είδος φαντασίας.,,"Οι επιδραστικοί συγγραφείς στο σύγχρονο είδος φαντασίας περιλαμβάνουν τους J.R.R. Tolkien, C.S. Lewis, Ursula K. Le Guin, Terry Pratchett, George R.R. Martin, και Brandon Sanderson."
Ονομάστε τρεις σημαντικές επιστημονικές ανακαλύψεις ή εφευρέσεις που συνέβησαν κατά τον 19ο αιώνα (1801-1900).,,"Το Τηλέφωνο (Alexander Graham Bell, 1876), η Θεωρία των Μικροβίων (Louis Pasteur, ξεκινώντας περ. τη δεκαετία του 1860) και η Θεωρία της Εξέλιξης μέσω της Φυσικής Επιλογής (Charles Darwin, 1859)."
Μια ενιαία ξύλινη παλέτα μεταφοράς έχει εγκαταλειφθεί στη μέση ενός τέλεια περιποιημένου προαστιακού γκαζόν. Προτείνετε τρεις εύλογες εξηγήσεις για την παρουσία της και μία δημιουργική χρήση για την ίδια την παλέτα.,,"Τρεις πιθανές εξηγήσεις για την εμφάνιση της παλέτας περιλαμβάνουν: 1) Χρησιμοποιήθηκε ως προστατευτική βάση κατά τη διάρκεια μιας πρόσφατης μεγάλης παράδοσης (όπως συσκευές ή υλικά εξωραϊσμού) και το συνεργείο παράδοσης απέτυχε να την απομακρύνει. 2) Σηματοδοτεί τη θέση πρόσφατα εγκατεστημένων ή μελλοντικών υπόγειων γραμμών κοινής ωφέλειας, λειτουργώντας ως προσωρινός οπτικός δείκτης κινδύνου. 3) Προοριζόταν για ένα DIY έργο κήπου (όπως κομποστοποίηση ή κάθετη φύτευση), αλλά έπεσε και ξεχάστηκε πριν ξεκινήσει το έργο. Μια δημιουργική χρήση για την παλέτα θα ήταν να την αποσυναρμολογήσετε και να χρησιμοποιήσετε τις καθαρισμένες σανίδες για να κατασκευάσετε ένα μικρό, ρουστίκ σπιτάκι πουλιών ή ένα σύνολο κουτιών φύτευσης."
"Σύμφωνα με το παρεχόμενο κείμενο, ποια είναι τα ονόματα των δύο μικρών, ακανόνιστα σχηματισμένων φεγγαριών του Άρη;","Ο Άρης, που συχνά αναφέρεται ως ο «Κόκκινος Πλανήτης», είναι ο τέταρτος πλανήτης από τον Ήλιο και ο δεύτερος μικρότερος πλανήτης στο Ηλιακό Σύστημα, μετά τον Ερμή. Στα αγγλικά, ο Άρης φέρει το όνομα του Ρωμαίου θεού του πολέμου. Αρκετά αξιοσημείωτα χαρακτηριστικά της επιφάνειας περιλαμβάνουν τον Όλυμπο, το μεγαλύτερο ηφαίστειο και το υψηλότερο γνωστό βουνό στο Ηλιακό Σύστημα, και το Valles Marineris, ένα από τα μεγαλύτερα φαράγγια στο Ηλιακό Σύστημα. Οι δύο μικροί, ακανόνιστα σχηματισμένοι φυσικοί δορυφόροι του Άρη είναι ο Φόβος και ο Δείμος. Επειδή ο Άρης έχει λεπτή ατμόσφαιρα και χαμηλή πίεση επιφάνειας, το υγρό νερό δεν μπορεί να υπάρχει για μεγάλες χρονικές περιόδους στην επιφάνεια, αν και στοιχεία υποδηλώνουν ότι υπάρχει πάγος νερού στους πολικούς πάγους και κάτω από την επιφάνεια.","Τα ονόματα των δύο μικρών, ακανόνιστα σχηματισμένων φεγγαριών του Άρη είναι ο Φόβος και ο Δείμος."
Από ποιο σπάνιο μέταλλο κατασκευάστηκε η λαβή του φωτόσπαθου του Μέις Γουίντου;,,"Η λαβή του φωτόσπαθου ήταν διακοσμημένη με ένα σπάνιο μέταλλο που ονομάζεται ήλεκτρο, μια διάκριση συνήθως επιφυλασσόμενη για τους ανώτερους Δασκάλους Τζεντάι."
Συνοψίστε τα βασικά γεγονότα και την έκβαση της Μάχης των Θερμοπυλών.,"Η Μάχη των Θερμοπυλών διεξήχθη το 480 π.Χ. μεταξύ μιας συμμαχίας ελληνικών πόλεων-κρατών, με επικεφαλής τον βασιλιά Λεωνίδα Α' της Σπάρτης, και της Αχαιμενιδικής Αυτοκρατορίας του Ξέρξη Α'. Διεξήχθη ταυτόχρονα με τη ναυμαχία του Αρτεμισίου. Οι Έλληνες κράτησαν το στενό παράκτιο πέρασμα για επτά ημέρες, παρόλο που υστερούσαν αριθμητικά κατά πολύ, προκαλώντας βαριές απώλειες στις περσικές δυνάμεις. Ένας ντόπιος κάτοικος ονόματι Εφιάλτης πρόδωσε τους Έλληνες αποκαλύπτοντας ένα κρυφό μονοπάτι, επιτρέποντας στους Πέρσες να περικυκλώσουν τους υπερασπιστές. Αν και τακτική ήττα για τους Έλληνες, η μάχη έγινε μια κομβική στιγμή στην ιστορία, διάσημη για την ανδρεία των 300 Σπαρτιατών και την καθυστέρηση που παρείχε στις κύριες ελληνικές δυνάμεις για να προετοιμαστούν.","Η Μάχη των Θερμοπυλών διεξήχθη το 480 π.Χ. μεταξύ μιας συμμαχίας ελληνικών πόλεων-κρατών, με επικεφαλής τον βασιλιά Λεωνίδα Α' της Σπάρτης, και της Αχαιμενιδικής Αυτοκρατορίας του Ξέρξη Α'. Οι Έλληνες κράτησαν το στενό παράκτιο πέρασμα για επτά ημέρες, ενώ υστερούσαν αριθμητικά κατά πολύ. Η άμυνα κατέρρευσε αφότου ο Εφιάλτης πρόδωσε τους Έλληνες αποκαλύπτοντας ένα κρυφό μονοπάτι, επιτρέποντας στους Πέρσες να περικυκλώσουν τους υπερασπιστές. Αν και τακτική ήττα για τους Έλληνες, η μάχη παρείχε μια κρίσιμη καθυστέρηση για τις κύριες ελληνικές δυνάμεις και τιμάται για την ανδρεία των 300 Σπαρτιατών."
"Συνοψίστε τα κύρια σημεία σχετικά με την ανακάλυψη και την επαναταξινόμηση του Πλούτωνα, με βάση το παρεχόμενο κείμενο.","Ο Πλούτωνας ανακαλύφθηκε το 1930 από τον Κλάιντ Τόμπo στο Αστεροσκοπείο Λόουελ στην Αριζόνα. Για 76 χρόνια, ταξινομήθηκε ως ο ένατος πλανήτης του ηλιακού μας συστήματος. Το τροχιακό του επίπεδο είναι ιδιαίτερα κεκλιμένο σε σύγκριση με τους άλλους πλανήτες. Το 2006, η Διεθνής Αστρονομική Ένωση (IAU) επαναπροσδιόρισε τον όρο «πλανήτης». Αυτός ο νέος ορισμός απαιτούσε από ένα ουράνιο σώμα να έχει εκκαθαρίσει τη γειτονιά γύρω από την τροχιά του. Επειδή ο Πλούτωνας μοιράζεται την τροχιακή του γειτονιά με άλλα αντικείμενα της Ζώνης του Κάιπερ, απέτυχε σε αυτό το κριτήριο. Κατά συνέπεια, ο Πλούτωνας επαναταξινομήθηκε ως νάνος πλανήτης, μια κίνηση που παραμένει αμφιλεγόμενη μεταξύ ορισμένων αστρονόμων και του ευρέος κοινού.","1. Ο Πλούτωνας ανακαλύφθηκε το 1930 από τον Κλάιντ Τόμπo στο Αστεροσκοπείο Λόουελ στην Αριζόνα.
2. Ταξινομήθηκε ως ο ένατος πλανήτης για 76 χρόνια.
3. Το τροχιακό του επίπεδο είναι ιδιαίτερα κεκλιμένο σε σύγκριση με τους άλλους πλανήτες.
4. Το 2006, η Διεθνής Αστρονομική Ένωση (IAU) επαναπροσδιόρισε τον όρο «πλανήτης».
5. Ο νέος ορισμός απαιτούσε από ένα ουράνιο σώμα να έχει εκκαθαρίσει τη γειτονιά γύρω από την τροχιά του.
6. Ο Πλούτωνας απέτυχε σε αυτό το κριτήριο επειδή μοιράζεται την τροχιακή του γειτονιά με άλλα αντικείμενα της Ζώνης του Κάιπερ.
7. Ο Πλούτωνας επαναταξινομήθηκε ως νάνος πλανήτης, μια κίνηση που παραμένει αμφιλεγόμενη."
"Αναφέρετε τρία κοινά γεωμετρικά σχήματα. Διαμορφώστε την έξοδό σας χρησιμοποιώντας μόνο τέχνη ASCII. Κάθε σχήμα πρέπει να αναπαρίσταται από έναν μόνο χαρακτήρα που επαναλαμβάνεται για να σχηματίσει τη βασική του δομή. Χρησιμοποιήστε τη δίεση (#) για το τετράγωνο, τον αστερίσκο (*) για το τρίγωνο και το σύμβολο του δολαρίου ($) για τον κύκλο/σφαίρα.",,"#####
#####
#####

  *
 ***
*****

 $$$ 
$   $
 $$$"
Ποιος γενικά πιστώνεται με την εφεύρεση του λαμπτήρα πυρακτώσεως;,,"Ο Τόμας Έντισον πιστώνεται συχνότερα, αν και η εφεύρεσή του ήταν μια βελτίωση σε προγενέστερα σχέδια από ανθρώπους όπως ο Τζόζεφ Σουάν."
"Ποιος κατοχύρωσε με δίπλωμα ευρεσιτεχνίας τον κύκλο του τετράχρονου κινητήρα, ο οποίος χρησιμοποιείται ευρέως στα σύγχρονα αυτοκίνητα;","Ο κινητήρας εσωτερικής καύσης (ΚΕΚ) είναι μια θερμική μηχανή όπου η καύση ενός καυσίμου συμβαίνει με ένα οξειδωτικό (συνήθως αέρας) σε έναν θάλαμο καύσης. Τα παραγόμενα θερμά αέρια υψηλής πίεσης εκτονώνονται, ασκώντας απευθείας δύναμη σε ένα εξάρτημα του κινητήρα, όπως ένα έμβολο, πτερύγιο στροβίλου ή ακροφύσιο. Ο όρος ΚΕΚ περιορίζεται συνήθως σε κινητήρες στους οποίους η καύση είναι διαλείπουσα, όπως οι ευρέως χρησιμοποιούμενοι τετράχρονοι και δίχρονοι κινητήρες με έμβολα. Οι πετρελαιοκινητήρες (κινητήρες Diesel) είναι κινητήρες συμπίεσης-ανάφλεξης, ενώ οι περισσότεροι βενζινοκινητήρες είναι κινητήρες ανάφλεξης με σπινθήρα. Τα τέσσερα στάδια του τετράχρονου κύκλου είναι η Εισαγωγή, η Συμπίεση, η Ισχύς (ή Ανάφλεξη/Εκτόνωση) και η Εξαγωγή. Αυτά τα στάδια πρέπει να συμβαίνουν διαδοχικά για να διασφαλιστεί η συνεχής λειτουργία. Ο τετράχρονος κινητήρας, ο οποίος κινεί τα περισσότερα σύγχρονα αυτοκίνητα, κατοχυρώθηκε για πρώτη φορά με δίπλωμα ευρεσιτεχνίας από τον Nikolaus Otto το 1877, αν και η βασική αρχή είχε διερευνηθεί νωρίτερα από διάφορους εφευρέτες.","Ο τετράχρονος κινητήρας, ο οποίος κινεί τα περισσότερα σύγχρονα αυτοκίνητα, κατοχυρώθηκε για πρώτη φορά με δίπλωμα ευρεσιτεχνίας από τον Nikolaus Otto το 1877."
"Κατηγοριοποιήστε αυτά τα ζώα σε δύο ομάδες: Θηλαστικά και Ερπετά. Λίστα: Φίδι, Φάλαινα, Κροκόδειλος, Νυχτερίδα, Χελώνα, Ελέφαντας.",,"Θηλαστικά: Φάλαινα, Νυχτερίδα, Ελέφαντας. 

Ερπετά: Φίδι, Κροκόδειλος, Χελώνα. 

Μια βασική διάκριση είναι ότι τα θηλαστικά είναι θερμόαιμα και γεννούν συνήθως ζωντανά, ενώ τα ερπετά είναι ψυχρόαιμα και συνήθως γεννούν αυγά."
Ταξινομήστε τα ακόλουθα χημικά στοιχεία είτε ως αλκαλικό μέταλλο είτε ως ευγενές αέριο.,"Νέον, Νάτριο",Το Νέον είναι ένα ευγενές αέριο. Το Νάτριο είναι ένα αλκαλικό μέταλλο.
Πώς σχηματίζονται τα ουράνια τόξα μετά από μια βροχή;,,"Τα ουράνια τόξα είναι μετεωρολογικά φαινόμενα που προκαλούνται από την ανάκλαση, τη διάθλαση και τη διασπορά του φωτός μέσα σε σταγονίδια νερού. Όταν το φως του ήλιου περνά μέσα σε μια σταγόνα βροχής, επιβραδύνεται και κάμπτεται (διαθλάται). Στη συνέχεια, ανακλάται από την πίσω επιφάνεια του σταγονιδίου. Καθώς το φως εξέρχεται από τη σταγόνα, διαθλάται ξανά, διαχωρίζοντας το λευκό ηλιακό φως στο φάσμα των συστατικών του χρωμάτων, το οποίο βλέπουμε ως την πολύχρωμη αψίδα του ουράνιου τόξου."
Ποιος ζωγράφισε την «Γκουέρνικα» και ποιο ιστορικό γεγονός απεικονίζει;,,"Ο μνημειώδης πίνακας «Γκουέρνικα» φιλοτεχνήθηκε από τον Πάμπλο Πικάσο το 1937. Αποτελεί μια ισχυρή αντιπολεμική απεικόνιση του βομβαρδισμού της Γκουέρνικα, μιας πόλης στη Χώρα των Βάσκων της Ισπανίας, από τις αεροπορικές δυνάμεις της Ναζιστικής Γερμανίας και των Ιταλών Φασιστών κατά τη διάρκεια του Ισπανικού Εμφυλίου Πολέμου."
"Ομαδοποιήστε τα ακόλουθα μυθιστορήματα με βάση τους αντίστοιχους συγγραφείς τους: 1984, Moby Dick, The Great Gatsby, Animal Farm, The Old Man and the Sea, The Sun Also Rises.",,"George Orwell: 1984, Animal Farm
Ernest Hemingway: The Old Man and the Sea, The Sun Also Rises
F. Scott Fitzgerald: The Great Gatsby
Herman Melville: Moby Dick"
Ποιες είναι οι τέσσερις θεμελιώδεις δυνάμεις της φύσης;,,"Οι τέσσερις θεμελιώδεις δυνάμεις της φύσης είναι η βαρύτητα, ο ηλεκτρομαγνητισμός, η ισχυρή πυρηνική δύναμη και η ασθενής πυρηνική δύναμη."
Πότε ολοκληρώθηκε επίσημα το Empire State Building;,"Το Empire State Building είναι ένας 102 ορόφων ουρανοξύστης Art Deco στο Μίντταουν Μανχάταν, στη Νέα Υόρκη. Σχεδιάστηκε από τους Shreve, Lamb και Harmon και ολοκληρώθηκε επίσημα στις 11 Απριλίου 1931. Με ύψος 1.454 πόδια (443 μ.), ήταν το ψηλότερο κτίριο στον κόσμο για σχεδόν 40 χρόνια.",Το Empire State Building ολοκληρώθηκε επίσημα στις 11 Απριλίου 1931.
"Ξαναγράψτε την ακόλουθη εξήγηση του φαινομένου Coriolis για ένα κοινό 10 ετών, χρησιμοποιώντας μια αναλογία που περιλαμβάνει μια περιστρεφόμενη παιδική χαρά (καρουζέλ) ή ένα παιχνίδι.","Το φαινόμενο Coriolis περιγράφει την εκτροπή αντικειμένων (όπως αέρινα ή θαλάσσια ρεύματα) που κινούνται μέσα σε ένα περιστρεφόμενο σύστημα αναφοράς. Στη Γη, αυτό το φαινόμενο προκαλεί τους ανέμους και τα ρεύματα να καμπυλώνονται δεξιόστροφα στο Βόρειο Ημισφαίριο και αριστερόστροφα στο Νότιο Ημισφαίριο. Αυτή η εκτροπή είναι κάθετη στην κατεύθυνση της κίνησης και ανάλογη της ταχύτητας του αντικειμένου και της ταχύτητας περιστροφής της Γης. Ενώ είναι ζωτικής σημασίας για τα μετεωρολογικά συστήματα μεγάλης κλίμακας, το φαινόμενο Coriolis είναι αμελητέο για κινήσεις μικρής κλίμακας, όπως το νερό που στροβιλίζεται σε έναν νεροχύτη.","Φαντάσου ότι παίζεις κυνηγητό σε ένα τεράστιο, περιστρεφόμενο καρουζέλ (αυτή είναι η Γη!). Αν προσπαθήσεις να πετάξεις μια μπάλα κατευθείαν στον φίλο σου απέναντι, η μπάλα δεν θα πάει ευθεία. Μέχρι η μπάλα να φτάσει στη μέση, το καρουζέλ έχει περιστραφεί λίγο, και η μπάλα φαίνεται να καμπυλώνει μακριά από τον φίλο σου. Αυτή η δύναμη καμπύλωσης—που είναι αρκετά ισχυρή ώστε να λυγίζει τεράστιους ανέμους και θαλάσσια ρεύματα—είναι το φαινόμενο Coriolis. Πάντα σπρώχνει τα πράγματα προς τα δεξιά (δεξιόστροφα) αν στέκεσαι στο πάνω μισό του κόσμου, και προς τα αριστερά (αριστερόστροφα) αν βρίσκεσαι στο κάτω μισό."
Ποιος είναι ο σκοπός του Τεστ Τούρινγκ;,,"Το Τεστ Τούρινγκ, που προτάθηκε από τον Άλαν Τούρινγκ το 1950, είναι μια μέθοδος για τον προσδιορισμό του εάν μια μηχανή είναι ικανή να επιδεικνύει ευφυή συμπεριφορά ισοδύναμη με, ή αδιάκριτη από, αυτή ενός ανθρώπου. Περιλαμβάνει έναν ανθρώπινο κριτή που συνομιλεί μέσω κειμένου με δύο αόρατες οντότητες: έναν άνθρωπο και μια μηχανή. Εάν ο κριτής δεν μπορεί να διακρίνει με αξιοπιστία ποια είναι η μηχανή και ποιος είναι ο άνθρωπος, λέγεται ότι η μηχανή πέρασε το τεστ, επιδεικνύοντας τεχνητή νοημοσύνη."
Ποιες είναι οι κύριες διαρθρωτικές και υλικοτεχνικές προκλήσεις που εμποδίζουν την άμεση παγκόσμια εξάρτηση από 100% ανανεώσιμες πηγές ενέργειας;,,"Η μετάβαση σε 100% ανανεώσιμες πηγές ενέργειας αντιμετωπίζει τρία κύρια, αλληλένδετα διαρθρωτικά και υλικοτεχνικά εμπόδια: τη διακοπτόμενη λειτουργία και την αποθήκευση, τον εκσυγχρονισμό της υποδομής του δικτύου και τους περιορισμούς της αλυσίδας εφοδιασμού κρίσιμων υλικών.

Πρώτον, το ζήτημα της διακοπτόμενης λειτουργίας και της αποθήκευσης είναι θεμελιώδες. Η ηλιακή και η αιολική ενέργεια είναι εκ φύσεως μεταβλητές—παράγουν ενέργεια μόνο όταν λάμπει ο ήλιος ή όταν φυσάει ο άνεμος. Για τη διατήρηση σταθερής ενεργειακής προσφοράς όλο το εικοσιτετράωρο, απαιτούνται μαζικές, εξαιρετικά αποδοτικές και παγκοσμίως κατανεμημένες λύσεις αποθήκευσης ενέργειας. Η τρέχουσα τεχνολογία μπαταριών, αν και βελτιώνεται ραγδαία, στερείται της απαραίτητης χωρητικότητας και μακροζωίας για να αντιμετωπίσει παρατεταμένες περιόδους χαμηλής παραγωγής σε ολόκληρες ηπείρους χωρίς απαγορευτικό κόστος.

Δεύτερον, η υπάρχουσα αρχιτεκτονική του ηλεκτρικού δικτύου, ιδιαίτερα στις ανεπτυγμένες χώρες, σχεδιάστηκε για κεντρική, προβλέψιμη παραγωγή ενέργειας (όπως εργοστάσια άνθρακα ή πυρηνικής ενέργειας). Ένα πλήρως ανανεώσιμο σύστημα είναι εξαιρετικά κατανεμημένο, περιλαμβάνοντας εκατομμύρια μικρής κλίμακας γεννήτριες. Αυτό καθιστά απαραίτητη μια μαζική αναβάθμιση στην τεχνολογία έξυπνου δικτύου ικανή να χειρίζεται αμφίδρομη ροή ενέργειας, να εξισορροπεί δυναμικά τα εξαιρετικά μεταβλητά φορτία και να διασφαλίζει την ανθεκτικότητα έναντι διακυμάνσεων ισχύος μεγάλης κλίμακας. Το κόστος και η κανονιστική πολυπλοκότητα αυτής της αναμόρφωσης είναι τεράστια.

Τέλος, η μετάβαση εισάγει νέους περιορισμούς στην αλυσίδα εφοδιασμού υλικών. Η παραγωγή του τεράστιου όγκου ηλιακών συλλεκτών, ανεμογεννητριών και μπαταριών κλίμακας κοινής ωφέλειας που απαιτούνται για μια παγκόσμια μετάβαση απαιτεί μαζικές ποσότητες κρίσιμων ορυκτών, συμπεριλαμβανομένου του λιθίου, του κοβαλτίου, του νικελίου και των σπάνιων γαιών. Η τρέχουσα ικανότητα εξόρυξης, η υποδομή διύλισης και η γεωπολιτική σταθερότητα που απαιτούνται για την ταχεία και βιώσιμη κλιμάκωση αυτών των υλικών δημιουργούν σημαντικά υλικοτεχνικά σημεία συμφόρησης, μετατοπίζοντας ενδεχομένως την εξάρτηση από τους παραγωγούς πετρελαίου και φυσικού αερίου σε έθνη πλούσια σε ορυκτά."
Σε ποιον αποδίδεται η εφεύρεση του Παγκόσμιου Ιστού;,,Τιμ Μπέρνερς-Λι
Εξηγήστε την κύρια αποστολή και την ιστορία της NASA.,,"Η NASA, η Εθνική Υπηρεσία Αεροναυτικής και Διαστήματος, είναι η κυβερνητική υπηρεσία των ΗΠΑ που είναι υπεύθυνη για το πολιτικό διαστημικό πρόγραμμα του έθνους, καθώς και για την αεροναυτική και διαστημική έρευνα. Η αποστολή της ορίζεται ως η προώθηση της ανακάλυψης, η επέκταση της γνώσης και η εξερεύνηση του διαστήματος προς όφελος της ανθρωπότητας.

Η NASA ιδρύθηκε στις 29 Ιουλίου 1958, από τον Πρόεδρο Dwight D. Eisenhower μέσω του Νόμου για την Εθνική Αεροναυτική και το Διάστημα, αντικαθιστώντας την Εθνική Συμβουλευτική Επιτροπή Αεροναυτικής (NACA). Η δημιουργία της ήταν άμεση απάντηση στην εκτόξευση του Σπούτνικ 1 από τη Σοβιετική Ένωση το 1957, σηματοδοτώντας την αρχή της Διαστημικής Κούρσας.

Ιστορικά, η NASA πέτυχε ταχεία επιτυχία στις επανδρωμένες διαστημικές πτήσεις. Τα πρώτα προγράμματα περιελάμβαναν το Πρόγραμμα Mercury (το οποίο έστειλε τους πρώτους Αμερικανούς στο διάστημα) και το Πρόγραμμα Gemini (το οποίο ανέπτυξε κρίσιμες τεχνικές τροχιακής συνάντησης και πρόσδεσης). Το πιο διάσημο επίτευγμα της NASA παραμένει το Πρόγραμμα Απόλλων, το οποίο προσγείωσε με επιτυχία τους πρώτους ανθρώπους στη Σελήνη με το Apollo 11 τον Ιούλιο του 1969. Μετά το Απόλλων, η NASA ανέπτυξε το πρόγραμμα επαναχρησιμοποιούμενων Διαστημικών Λεωφορείων (1981–2011) και ηγήθηκε των διεθνών προσπαθειών για την κατασκευή και συντήρηση του Διεθνούς Διαστημικού Σταθμού (ISS).

Πέρα από τις επανδρωμένες διαστημικές πτήσεις, η NASA διαχειρίζεται εκτεταμένες επιστημονικές προσπάθειες, συμπεριλαμβανομένης της ανάπτυξης πολυάριθμων ρομποτικών ανιχνευτών (όπως οι αποστολές Voyager, Galileo και Cassini) και διαστημικών παρατηρητηρίων (όπως τα Διαστημικά Τηλεσκόπια Hubble και James Webb), τα οποία είναι ζωτικής σημασίας για την έρευνα στις επιστήμες της Γης, την ηλιοφυσική, την πλανητική επιστήμη και την αστροφυσική. Επί του παρόντος, η κύρια εστίαση της NASA είναι το Πρόγραμμα Άρτεμις, το οποίο στοχεύει στην επιστροφή των ανθρώπων στη Σελήνη ως πρόδρομος για μελλοντικές επανδρωμένες αποστολές στον Άρη."
"Ποιος πλανήτης είναι γνωστός για το φαινόμενο του θερμοκηπίου που έχει ξεφύγει, καθιστώντας τον τον πιο θερμό πλανήτη στο ηλιακό σύστημα;",,Αφροδίτη
"Εξηγήστε τις βασικές διαφορές μεταξύ της Επιστήμης Δεδομένων και της Μηχανικής Μάθησης, και πώς σχετίζονται μεταξύ τους σε ένα επιχειρηματικό πλαίσιο.",,"Ενώ συχνά χρησιμοποιούνται ως εναλλάξιμοι όροι, η Επιστήμη Δεδομένων (DS) και η Μηχανική Μάθηση (ML) είναι ξεχωριστά αλλά αλληλεπικαλυπτόμενα πεδία. Η Μηχανική Μάθηση είναι θεμελιωδώς ένα σύνολο τεχνικών και εργαλείων που εμπίπτουν στην ευρύτερη ομπρέλα της Επιστήμης Δεδομένων.

### Επιστήμη Δεδομένων (Η Ομπρέλα Πειθαρχίας)

Η Επιστήμη Δεδομένων είναι ένα ολιστικό πεδίο που εστιάζει σε όλη τη διαδικασία εξαγωγής γνώσης και πληροφοριών από δεδομένα—δομημένα ή μη δομημένα. Περιλαμβάνει τη στατιστική ανάλυση, την οπτικοποίηση δεδομένων, την εξειδίκευση στον τομέα και τις δεξιότητες επικοινωνίας.

*   **Στόχος:** Να αναλύσει δεδομένα για να κατανοήσει *γιατί* συνέβη κάτι (περιγραφική ανάλυση) και να συμβουλεύσει την επιχειρηματική στρατηγική βάσει αυτών των πληροφοριών.
*   **Εστίαση:** Πλαισίωση προβλημάτων, καθαρισμός/προετοιμασία δεδομένων (ETL), στατιστική εξαγωγή συμπερασμάτων, και αφήγηση/οπτικοποίηση.
*   **Δεξιότητες:** Ισχυρό στατιστικό υπόβαθρο, επιχειρηματική οξυδέρκεια, επικοινωνία, SQL, εργαλεία οπτικοποίησης, και βασικός προγραμματισμός.

### Μηχανική Μάθηση (Το Σύνολο Εργαλείων)

Η Μηχανική Μάθηση είναι ένα υποπεδίο της τεχνητής νοημοσύνης που εστιάζει στη δημιουργία αλγορίθμων που μαθαίνουν πρότυπα από δεδομένα για να κάνουν προβλέψεις ή ταξινομήσεις χωρίς να έχουν προγραμματιστεί ρητά.

*   **Στόχος:** Να αναπτύξει, να εκπαιδεύσει και να βελτιστοποιήσει μοντέλα που απαντούν στην ερώτηση, '*Τι θα συμβεί στη συνέχεια;*' (προγνωστική ανάλυση) ή '*Πώς πρέπει να το κατηγοριοποιήσουμε;*' (καθοδηγητική ανάλυση).
*   **Εστίαση:** Επιλογή αλγορίθμου (π.χ., βαθιά μάθηση, παλινδρόμηση, ομαδοποίηση), ρύθμιση μοντέλου, μηχανική χαρακτηριστικών (feature engineering), και ανάπτυξη (deployment).
*   **Δεξιότητες:** Προηγμένα μαθηματικά, βελτιστοποίηση αλγορίθμων, ισχυρός προγραμματισμός (Python/R), και υπολογιστική αποδοτικότητα.

### Σχέση στην Πράξη

Σε ένα επιχειρηματικό πλαίσιο, ο Επιστήμονας Δεδομένων είναι συχνά αυτός που εντοπίζει το επιχειρηματικό πρόβλημα (π.χ., 'Πρέπει να μειώσουμε τη διαρροή πελατών') και καθορίζει εάν είναι απαραίτητη μια λύση ML. Συλλέγουν, καθαρίζουν και προετοιμάζουν τα δεδομένα. Η συνιστώσα της Μηχανικής Μάθησης είναι η συγκεκριμένη αλγοριθμική μηχανή που χρησιμοποιούν (π.χ., μια λογιστική παλινδρόμηση ή νευρωνικό δίκτυο) για να προβλέψουν ποιοι πελάτες είναι πιθανό να αποχωρήσουν. Στη συνέχεια, ο Επιστήμονας Δεδομένων ερμηνεύει την έξοδο του μοντέλου και επικοινωνεί τις στρατηγικές επιπτώσεις στους ενδιαφερόμενους φορείς."
Εξηγήστε την έννοια της κβαντικής διεμπλοκής.,,"Η κβαντική διεμπλοκή είναι ένα φυσικό φαινόμενο όπου δύο ή περισσότερα σωματίδια συνδέονται με τέτοιο τρόπο ώστε να μοιράζονται την ίδια μοίρα, ανεξάρτητα από την απόσταση που τα χωρίζει. Όταν βρίσκονται σε διεμπλοκή, οι κβαντικές καταστάσεις των σωματιδίων (όπως το σπιν ή η πόλωση) συσχετίζονται τέλεια.

Εάν πραγματοποιηθεί μια μέτρηση σε ένα σωματίδιο, η κατάσταση του άλλου σωματιδίου καθορίζεται ακαριαία, ακόμα κι αν βρίσκεται σε απόσταση ετών φωτός. Ο Άλμπερτ Αϊνστάιν αναφέρθηκε περίφημα σε αυτήν την ακαριαία συσχέτιση ως «στοιχειωμένη δράση εξ αποστάσεως», καθώς φαίνεται να παραβιάζει το κλασικό όριο ταχύτητας του σύμπαντος (την ταχύτητα του φωτός).

Το σημαντικό είναι ότι η διεμπλοκή δεν επιτρέπει την επικοινωνία ταχύτερη από την ταχύτητα του φωτός, καθώς το αποτέλεσμα της μέτρησης για το πρώτο σωματίδιο είναι πιθανολογικό και τυχαίο μέχρι να παρατηρηθεί. Αποτελεί βασικό συστατικό αναδυόμενων τεχνολογιών όπως η κβαντική πληροφορική και η κβαντική κρυπτογραφία."
"Από την παρακάτω λίστα ζώων, προσδιορίστε όλα τα είδη που ταξινομούνται ως θηλαστικά: Καρχαρίας, Πιγκουίνος, Δελφίνι, Φίδι, Νυχτερίδα, Αράχνη, Ελέφαντας, Βάτραχος.",,"Τα ζώα της λίστας που ταξινομούνται ως θηλαστικά είναι το Δελφίνι, η Νυχτερίδα και ο Ελέφαντας."
Αναλύστε τα παρεχόμενα δεδομένα έκδοσης. Προσδιορίστε όλα τα μυθιστορήματα που εκδόθηκαν το 2023 και πέτυχαν συνολικές πωλήσεις (σκληρό εξώφυλλο + ηλεκτρονικό βιβλίο) που υπερβαίνουν τα 300.000 αντίτυπα. Καταγράψτε τα αποτελέσματα χρησιμοποιώντας τη μορφή {Τίτλος} | {Συνολικός Αριθμός Πωλήσεων} σε λίστα διαχωρισμένη με άνω τελεία.,"Το ντεμπούτο μυθιστόρημα του Συγγραφέα Α, 'Shadows of Eldoria,' που εκδόθηκε το 1ο τρίμηνο του 2023, πούλησε 150.000 αντίτυπα σε σκληρό εξώφυλλο και 80.000 σε μορφή ηλεκτρονικού βιβλίου. Το επόμενο μυθιστόρημά τους, 'The Silent City,' που κυκλοφόρησε το 4ο τρίμηνο του 2023, πέτυχε 210.000 πωλήσεις σκληρού εξωφύλλου και 120.000 πωλήσεις ηλεκτρονικών βιβλίων. Ο Συγγραφέας Β, που ειδικεύεται στη μη-μυθοπλασία, κυκλοφόρησε το 'Deep Dive History' (2ο τρίμηνο 2023), πουλώντας 95.000 αντίτυπα (μόνο φυσικά). Το έργο με τις υψηλότερες πωλήσεις του Β, επίσης μη-μυθοπλασίας, είναι το 'Future Tech Today' (1ο τρίμηνο 2024), το οποίο κινήθηκε σε 350.000 μονάδες (180.000 φυσικές, 170.000 ηλεκτρονικές). Μας ενδιαφέρουν μόνο τα μυθιστορήματα που εκδόθηκαν το 2023 και ξεπέρασαν τις 300.000 συνολικές πωλήσεις.","The Silent City | 330,000"
Ποιες είναι οι βασικές διαφορές και τα πλεονεκτήματα των σταθερών φακών έναντι των φακών ζουμ στη φωτογραφία;,,"Ένας σταθερός φακός έχει σταθερή εστιακή απόσταση (π.χ., 50mm ή 85mm), ενώ ένας φακός ζουμ έχει μεταβλητή εστιακή απόσταση, επιτρέποντας στον φωτογράφο να αλλάξει τη μεγέθυνση χωρίς να μετακινηθεί (π.χ., 24-70mm). Η οπτική απλότητα των σταθερών φακών τους δίνει συνήθως πολλά τεχνικά πλεονεκτήματα έναντι των ζουμ. Οι σταθεροί φακοί είναι συχνά σημαντικά πιο ευκρινείς σε όλο το κάδρο επειδή τα εσωτερικά τους στοιχεία είναι βελτιστοποιημένα για μία συγκεκριμένη μεγέθυνση. Γενικά προσφέρουν επίσης ένα «ταχύτερο» μέγιστο διάφραγμα (έναν χαμηλότερο αριθμό f, όπως το f/1.4), το οποίο επιτρέπει περισσότερο φως να εισέλθει στην κάμερα, καθιστώντας δυνατή την καλύτερη απόδοση σε συνθήκες χαμηλού φωτισμού και παρέχοντας μικρότερο βάθος πεδίου για διαχωρισμό του φόντου (bokeh). Οι σταθεροί φακοί είναι επίσης συνήθως μικρότεροι και ελαφρύτεροι. Αντίθετα, οι φακοί ζουμ δίνουν προτεραιότητα στην ευελιξία. Ενώ μπορεί να είναι οπτικά πιο αργοί ή ελαφρώς λιγότερο ευκρινείς από έναν αντίστοιχο σταθερό φακό στην ίδια εστιακή απόσταση, η δυνατότητα μεταφοράς ενός φακού που καλύπτει πολλαπλές καταστάσεις λήψης τους καθιστά απαραίτητους για φωτογράφους εκδηλώσεων και όσους χρειάζονται γρήγορη ευελιξία στη σύνθεση."
Ποια είναι τα κύρια ηθικά διλήμματα σχετικά με τη χρήση της τεχνολογίας επεξεργασίας γονιδίων CRISPR σε ανθρώπους;,,"Τα κύρια διλήμματα επικεντρώνονται στην επεξεργασία της βλαστικής σειράς (αλλαγές που μεταβιβάζονται σε μελλοντικές γενιές, εγείροντας ανησυχίες για τη δημιουργία «σχεδιασμένων μωρών»), στην επεξεργασία σωματικών κυττάρων (λιγότερο αμφιλεγόμενη, αλλά εξακολουθεί να εμπεριέχει κίνδυνο), και σε ζητήματα δίκαιης πρόσβασης. Μια βασική ανησυχία είναι η πιθανότητα επιδείνωσης της κοινωνικής ανισότητας εάν μόνο οι πλούσιοι μπορούν να αντέξουν οικονομικά θεραπείες ή βελτιώσεις, οδηγώντας σε βιολογική στρωματοποίηση."
"Προσδιορίστε την πρωτεύουσα πόλη για καθεμία από τις ακόλουθες χώρες: Γαλλία, Ιαπωνία, Βραζιλία, Καναδάς, Αυστραλία.",,"Γαλλία: Παρίσι
Ιαπωνία: Τόκιο
Βραζιλία: Μπραζίλια
Καναδάς: Οττάβα
Αυστραλία: Καμπέρα"
Αναφέρετε τους πέντε μεγαλύτερους δορυφόρους στο Ηλιακό Σύστημα ανά διάμετρο.,,"Οι πέντε μεγαλύτεροι δορυφόροι στο Ηλιακό Σύστημα, παρατίθενται με φθίνουσα διάμετρο:
- Γανυμήδης (Δίας)
- Τιτάνας (Κρόνος)
- Καλλιστώ (Δίας)
- Ιώ (Δίας)
- Σελήνη της Γης"
Άλλαξε ριζικά το επιστημονικό έργο της Μαρίας Κιουρί το τοπίο της φυσικής και της ιατρικής;,"Η Μαρία Σκουοντόφσκα Κιουρί ήταν Πολωνή και νατουραλιζέ Γαλλίδα φυσικός και χημικός που διεξήγαγε πρωτοποριακή έρευνα στη ραδιενέργεια. Ήταν η πρώτη γυναίκα που κέρδισε Βραβείο Νόμπελ, το πρώτο άτομο και η μόνη γυναίκα που κέρδισε το Βραβείο Νόμπελ δύο φορές, και το μόνο άτομο που κέρδισε το Βραβείο Νόμπελ σε δύο διαφορετικά επιστημονικά πεδία (Φυσική το 1903, Χημεία το 1911). Τα επιτεύγματά της περιλαμβάνουν την ανάπτυξη της θεωρίας της ραδιενέργειας, τεχνικές για την απομόνωση ραδιενεργών ισοτόπων και την ανακάλυψη δύο στοιχείων, του πολωνίου και του ραδίου. Υπό τη διεύθυνσή της διεξήχθησαν οι πρώτες μελέτες πυρηνικής φυσικής στον κόσμο. Κατά τη διάρκεια του Α' Παγκοσμίου Πολέμου, δημιούργησε κινητές μονάδες ακτινογραφίας, γνωστές ως «μικρές Κιουρί» (petites Curies), για να παρέχει υπηρεσίες ακτίνων Χ σε νοσοκομεία εκστρατείας, σώζοντας αμέτρητες ζωές.","Ναι, το έργο της άλλαξε δραστικά και τους δύο τομείς. Όχι μόνο ανέπτυξε τη θεωρία της ραδιενέργειας και ανακάλυψε δύο στοιχεία (πολώνιο και ράδιο)—κερδίζοντας δύο Βραβεία Νόμπελ σε ξεχωριστά επιστημονικά πεδία—αλλά απέδειξε επίσης τις άμεσες ιατρικές εφαρμογές των ανακαλύψεών της εφαρμόζοντας κινητές μονάδες ακτίνων Χ κατά τον Α' Παγκόσμιο Πόλεμο."
"Εξετάστε την ακόλουθη λίστα με βασικά προϊόντα ντουλαπιού. Ποια τρία, μόλις ανοιχθούν, πρέπει να αποθηκευτούν στο ψυγείο για να αποφευχθεί η αλλοίωση;","Ελαιόλαδο, Σάλτσα σόγιας, Μέλι, Σιρόπι σφενδάμου, Μαγιονέζα, Φυστικοβούτυρο (επεξεργασμένο), Κέτσαπ.","Τα τρία είδη που απαιτούν οπωσδήποτε ψύξη μετά το άνοιγμα είναι η Μαγιονέζα, η Κέτσαπ και η Σάλτσα σόγιας. Ενώ το Σιρόπι σφενδάμου και το Φυστικοβούτυρο επωφελούνται από την αποθήκευση σε ψύξη, είναι γενικά ανθεκτικά σε θερμοκρασία δωματίου. Το Ελαιόλαδο και το Μέλι πρέπει πάντα να παραμένουν σε θερμοκρασία δωματίου."
"Σύμφωνα με το παρεχόμενο κείμενο, ποιος εφηύρε τον Παγκόσμιο Ιστό και με ποιο ίδρυμα ήταν συνδεδεμένος κατά τη δημιουργία του;","Ο Παγκόσμιος Ιστός (WWW) εφευρέθηκε από τον Άγγλο επιστήμονα υπολογιστών Sir Tim Berners-Lee, ενώ εργαζόταν στο CERN (τον Ευρωπαϊκό Οργανισμό Πυρηνικών Ερευνών) στην Ελβετία. Ο Berners-Lee συνέταξε μια πρόταση τον Μάρτιο του 1989 περιγράφοντας ένα σύστημα διαχείρισης πληροφοριών. Αργότερα εφάρμοσε την πρώτη επιτυχημένη επικοινωνία μεταξύ ενός πελάτη (client) και ενός διακομιστή (server) του Hypertext Transfer Protocol (HTTP) μέσω του διαδικτύου κάποια στιγμή γύρω στα Χριστούγεννα του 1990. Η πρώτη διεύθυνση ιστοσελίδας ήταν η http://info.cern.ch/.",Ο Sir Tim Berners-Lee εφηύρε τον Παγκόσμιο Ιστό ενώ εργαζόταν στο CERN (τον Ευρωπαϊκό Οργανισμό Πυρηνικών Ερευνών).
Ποιες μοναδικές διακρίσεις κατέχει η Μαρία Κιουρί σχετικά με το Βραβείο Νόμπελ;,"Η Μαρία Σκλοντόφσκα Κιουρί (γεννημένη ως Maria Salomea Skłodowska· 7 Νοεμβρίου 1867 – 4 Ιουλίου 1934) ήταν Πολωνή και νατουραλιζέ Γαλλίδα φυσικός και χημικός που διεξήγαγε πρωτοποριακή έρευνα στη ραδιενέργεια. Ήταν η πρώτη γυναίκα που κέρδισε Βραβείο Νόμπελ, το πρώτο άτομο και η μοναδική γυναίκα που κέρδισε το Βραβείο Νόμπελ δύο φορές, και το μόνο άτομο που κέρδισε το Βραβείο Νόμπελ σε δύο επιστημονικούς τομείς.","Η Μαρία Κιουρί ήταν η πρώτη γυναίκα που κέρδισε Βραβείο Νόμπελ, το πρώτο άτομο και η μοναδική γυναίκα που κέρδισε το Βραβείο Νόμπελ δύο φορές, και το μόνο άτομο που κέρδισε το Βραβείο Νόμπελ σε δύο διαφορετικούς επιστημονικούς τομείς."
"Από το παρεχόμενο κείμενο, καταγράψτε μόνο τα ονόματα των *ρόβερ* του Άρη και τα αντίστοιχα έτη προσγείωσής τους. Εξάγετε τη λίστα χρονολογικά από το παλαιότερο προς το νεότερο, χρησιμοποιώντας τη μορφή: Όνομα Ρόβερ (Έτος).","Ο Άρης, ο τέταρτος πλανήτης από τον Ήλιο, είναι ένας επίγειος πλανήτης με λεπτή ατμόσφαιρα. Αρκετές βασικές αποστολές υπήρξαν καθοριστικές για την εξερεύνησή του. Οι προσεδαφιστές Viking 1 και 2 έφτασαν στην επιφάνεια το 1976. Το 1997, η αποστολή Pathfinder της NASA ανέπτυξε επιτυχώς το ρόβερ Sojourner. Μετά από αυτό, τα ρόβερ Spirit και Opportunity προσγειώθηκαν το 2004, σχεδιασμένα για μακροπρόθεσμη γεωλογική μελέτη. Πιο πρόσφατα, το ρόβερ Perseverance προσγειώθηκε στον κρατήρα Jezero το 2021, μεταφέροντας το ελικόπτερο Ingenuity, το πρώτο μηχανοκίνητο αεροσκάφος σε άλλο κόσμο. Οι επερχόμενες προγραμματισμένες αποστολές περιλαμβάνουν την αποστολή Mars Sample Return (MSR), που αναμένεται περίπου το 2028.","Sojourner (1997), Spirit (2004), Opportunity (2004), Perseverance (2021)"
Ποια είναι τα βασικά βήματα για τη σύνταξη μιας πραγματικά πειστικής συνοδευτικής επιστολής;,,"Μια πειστική συνοδευτική επιστολή εστιάζει στον αναγνώστη, όχι μόνο στον συντάκτη. Ακολουθήστε αυτά τα βήματα:

1. **Εκτενής Έρευνα & Προσαρμογή:** Μην χρησιμοποιείτε ποτέ γενικό πρότυπο. Ερευνήστε διεξοδικά την κουλτούρα της εταιρείας, την αποστολή της και τις συγκεκριμένες ανάγκες που περιγράφονται στην περιγραφή της θέσης εργασίας. Αναφέρετε ένα πρόσφατο επίτευγμα ή έργο της εταιρείας για να δείξετε γνήσιο ενδιαφέρον.
2. **Το Δυνατό Άγκιστρο (Hook):** Η εναρκτήρια παράγραφος πρέπει να τραβήξει αμέσως την προσοχή. Μην ξεκινάτε με «Το όνομά μου είναι...» Αντ' αυτού, δηλώστε γιατί είστε μοναδικά κατάλληλος/η και ενθουσιασμένος/η για *αυτόν τον συγκεκριμένο* ρόλο.
3. **Δείξτε, Μην Πείτε (Χρησιμοποιήστε Μετρήσιμα Στοιχεία):** Αντί να πείτε «Έχω ισχυρές δεξιότητες επικοινωνίας», περιγράψτε ένα επίτευγμα χρησιμοποιώντας ποσοτικοποιήσιμα αποτελέσματα (π.χ., «Βελτίωσα τη διατήρηση πελατών κατά 15% μέσω προληπτικής εβδομαδιαίας αναφοράς»).
4. **Γεφυρώστε το Χάσμα:** Συνδέστε σαφώς 2-3 από τις κορυφαίες δεξιότητές σας απευθείας με τις βασικές απαιτήσεις της περιγραφής εργασίας. Δείξτε πώς λύνετε *τα* άμεσα προβλήματά *τους*.
5. **Συνοπτικό Κλείσιμο και Παρότρυνση για Δράση (Call to Action):** Κλείστε δυναμικά επαναλαμβάνοντας τον ενθουσιασμό σας και προτείνοντας το επόμενο βήμα (π.χ., «Ανυπομονώ να συζητήσουμε πώς η εμπειρία μου μπορεί να ωφελήσει άμεσα την ομάδα»). Κρατήστε ολόκληρη την επιστολή κάτω από μία σελίδα."
Εξηγήστε την κεντρική ιδέα πίσω από το γιατί η δημοσίευση 'Attention is All You Need' ήταν τόσο επαναστατική για μοντέλα βαθιάς μάθησης όπως το GPT.,,"Η επαναστατική πτυχή ήταν η εισαγωγή της αρχιτεκτονικής Transformer, η οποία εγκατέλειψε πλήρως τους μηχανισμούς σειριακής επεξεργασίας (όπως τα RNNs και LSTMs) υπέρ της παράλληλης επεξεργασίας χρησιμοποιώντας τον μηχανισμό Αυτοπροσοχής (Self-Attention). Η Αυτοπροσοχή επιτρέπει στο μοντέλο να σταθμίζει στιγμιαία τη σημασία και τις σχέσεις μεταξύ κάθε διακριτικού (token) σε μια ακολουθία εισόδου ταυτόχρονα, ανεξάρτητα από τη θέση τους. Αυτή η ικανότητα βελτίωσε δραματικά τη διαχείριση εξαρτήσεων μεγάλης εμβέλειας, επιτάχυνε σημαντικά τους χρόνους εκπαίδευσης επιτρέποντας τον παραλληλισμό σε GPUs, και κατέστησε βιώσιμη την κλιμάκωση των σύγχρονων μεγάλων γλωσσικών μοντέλων."
Ποιος πλανήτης είναι γνωστός για το εμφανές σύστημα δακτυλίων του; Ο Δίας ή ο Κρόνος,,Κρόνος
Ποιος συνέλαβε την ιδέα της Python και πότε ξεκίνησε επίσημα η ανάπτυξή της;,"Η Python, μια υψηλού επιπέδου, διερμηνευόμενη γλώσσα προγραμματισμού, επινοήθηκε για πρώτη φορά από τον Guido van Rossum στα τέλη της δεκαετίας του 1980. Η ανάπτυξη ξεκίνησε τον Δεκέμβριο του 1989 στο CWI στην Ολλανδία. Ο Van Rossum ονόμασε το έργο από τη βρετανική κωμική ομάδα Monty Python, καθώς διάβαζε τα σενάρια για το *Monty Python's Flying Circus* εκείνη την εποχή. Η Python 1.0 κυκλοφόρησε τον Ιανουάριο του 1994. Το πιο σημαντικό, η φιλοσοφία σχεδιασμού της τονίζει την αναγνωσιμότητα του κώδικα, ιδιαίτερα μέσω της χρήσης σημαντικών κενών (whitespace).",Ο Guido van Rossum συνέλαβε την ιδέα της Python και η ανάπτυξη ξεκίνησε τον Δεκέμβριο του 1989.
Ποιο έτος εκδόθηκε το διάταγμα που είναι γραμμένο στη Στήλη της Ροζέττας;,"Η Στήλη της Ροζέττας, ένα κλειδί για την αποκρυπτογράφηση των αιγυπτιακών ιερογλυφικών, ανακαλύφθηκε το 1799 από έναν Γάλλο στρατιώτη ονόματι Πιερ-Φρανσουά Μπουσάρ κατά τη διάρκεια της αιγυπτιακής εκστρατείας του Ναπολέοντα. Περιέχει το ίδιο διάταγμα γραμμένο τρεις φορές, αλλά σε τρεις διαφορετικές γραφές: ιερογλυφική, Δημοτική γραφή (η κοινή αιγυπτιακή γραφή της εποχής) και αρχαία ελληνικά. Δεδομένου ότι τα αρχαία ελληνικά ήταν κατανοητά από τους μελετητές, τα παράλληλα κείμενα παρείχαν τον μηχανισμό για την τελική μετάφραση του χαμένου αιγυπτιακού συστήματος γραφής. Το ίδιο το διάταγμα χρονολογείται από το 196 π.Χ., εκδόθηκε στη Μέμφιδα από ένα συμβούλιο ιερέων και τιμά τον Πτολεμαίο Ε'.",196 π.Χ.
Ποιες είναι οι καλύτερες συμβουλές για να πακετάρεις μόνο μία χειραποσκευή για ένα ταξίδι μιας εβδομάδας;,,"Ξεκινήστε σχεδιάζοντας ρούχα με βάση ουδέτερα, εναλλάξιμα κομμάτια. Χρησιμοποιήστε κύβους συσκευασίας για να συμπιέσετε τα ρούχα και να παραμείνετε οργανωμένοι. Πάντα τυλίγετε τα ρούχα σας αντί να τα διπλώνετε για να εξοικονομήσετε χώρο και να μειώσετε τις ζάρες. Για τα προϊόντα περιποίησης, μεταφέρετε υγρά σε επαναχρησιμοποιούμενα μπουκάλια ταξιδιού (κάτω από 3.4 oz/100ml) και βασιστείτε σε στερεά προϊόντα περιποίησης, όπως μπάρες σαμπουάν, όποτε είναι δυνατόν."
"Σύμφωνα με το κείμενο, τι συνέβη στην οικογένεια του Ναρέντρα το 1884 και ποιο ήταν το αποτέλεσμα;","Ο Σουάμι Βιβεκανάντα (Swami Vivekananda) (/ˈswɑːmi ˌvɪveɪˈkɑːnəndə/· Μπενγκάλι: [ʃami bibekanɔndo] (ακούστε)· 12 Ιανουαρίου 1863 – 4 Ιουλίου 1902), γεννημένος ως Ναρεντρανάθ Ντάττα (Narendranath Datta) (Μπενγκάλι: [nɔrendronatʰ dɔto]), ήταν Ινδός Ινδουιστής μοναχός, φιλόσοφος, συγγραφέας, θρησκευτικός δάσκαλος και ο κύριος μαθητής του Ινδού μυστικιστή Σρι Ραμακρίσνα Παραμαχάνσα (Sri Ramakrishna Paramahansa). Ήταν μια κεντρική φυσιογνωμία στην εισαγωγή της Βεδάντα (Vedanta) και της Γιόγκα στον Δυτικό κόσμο και πιστώνεται με την ευαισθητοποίηση σχετικά με τη διαθρησκειακή συνείδηση και την ανάδειξη του Ινδουισμού στο καθεστώς μείζονος παγκόσμιας θρησκείας. Ο Βιβεκανάντα έγινε δημοφιλής φυσιογνωμία μετά το Κοινοβούλιο των Θρησκειών του 1893 στο Σικάγο, όπου ξεκίνησε τη διάσημη ομιλία του με τα λόγια, «Αδελφές και αδελφοί της Αμερικής...», πριν παρουσιάσει τον Ινδουισμό στους Αμερικανούς. Η επίδρασή του στο Κοινοβούλιο ήταν τόσο μεγάλη που μια αμερικανική εφημερίδα τον περιέγραψε ως «ρήτορα εκ θείας εντολής και αναμφίβολα τη μεγαλύτερη φυσιογνωμία στο Κοινοβούλιο». Μετά τη μεγάλη επιτυχία στο Κοινοβούλιο, τα επόμενα χρόνια, ο Βιβεκανάντα παρέδωσε εκατοντάδες διαλέξεις στις Ηνωμένες Πολιτείες, την Αγγλία και την Ευρώπη, διαδίδοντας τις βασικές αρχές της ινδουιστικής φιλοσοφίας, και ίδρυσε την Κοινωνία της Βεδάντα της Νέας Υόρκης και την Κοινωνία της Βεδάντα του Σαν Φρανσίσκο (τώρα Κοινωνία της Βεδάντα της Βόρειας Καλιφόρνιας), οι οποίες και οι δύο έγιναν τα θεμέλια για τις Κοινωνίες της Βεδάντα στη Δύση.

Το 1881, ο Ναρέντρα συνάντησε για πρώτη φορά τον Ραμακρίσνα, ο οποίος έγινε το πνευματικό του επίκεντρο αφού ο πατέρας του είχε πεθάνει το 1884.

Η πρώτη γνωριμία του Ναρέντρα με τον Ραμακρίσνα συνέβη σε μια τάξη λογοτεχνίας στο Ίδρυμα της Γενικής Συνέλευσης (General Assembly's Institution) όταν άκουσε τον Καθηγητή Ουίλιαμ Χέιστι (William Hastie) να δίνει διάλεξη για το ποίημα του Ουίλιαμ Γουόρντσγουορθ (William Wordsworth), The Excursion. Ενώ εξηγούσε τη λέξη «έκσταση» στο ποίημα, ο Χέιστι πρότεινε στους μαθητές του να επισκεφθούν τον Ραμακρίσνα του Ντακσινέσουαρ (Dakshineswar) για να καταλάβουν το αληθινό νόημα της έκστασης. Αυτό ώθησε μερικούς από τους μαθητές του (συμπεριλαμβανομένου του Ναρέντρα) να επισκεφθούν τον Ραμακρίσνα.

Πιθανότατα συναντήθηκαν προσωπικά για πρώτη φορά τον Νοέμβριο του 1881,[σημείωση 1] αν και ο Ναρέντρα δεν θεώρησε αυτή την πρώτη τους συνάντηση, και κανένας από τους δύο άνδρες δεν ανέφερε αυτή τη συνάντηση αργότερα. Εκείνη την εποχή, ο Ναρέντρα προετοιμαζόταν για τις επερχόμενες εξετάσεις F. A., όταν ο Ραμ Τσάντρα Ντάττα (Ram Chandra Datta) τον συνόδευσε στο σπίτι του Σουρέντρα Ναθ Μίτρα (Surendra Nath Mitra), όπου ο Ραμακρίσνα ήταν προσκεκλημένος να δώσει διάλεξη. Σύμφωνα με τον Μακαράντ Παραντζάπε (Makarand Paranjape), σε αυτή τη συνάντηση ο Ραμακρίσνα ζήτησε από τον νεαρό Ναρέντρα να τραγουδήσει. Εντυπωσιασμένος από το ταλέντο του στο τραγούδι, ζήτησε από τον Ναρέντρα να έρθει στο Ντακσινέσουαρ.

Στα τέλη του 1881 ή στις αρχές του 1882, ο Ναρέντρα πήγε στο Ντακσινέσουαρ με δύο φίλους και συνάντησε τον Ραμακρίσνα. Αυτή η συνάντηση αποδείχθηκε σημείο καμπής στη ζωή του. Αν και αρχικά δεν αποδέχτηκε τον Ραμακρίσνα ως δάσκαλό του και επαναστάτησε ενάντια στις ιδέες του, τον προσέλκυσε η προσωπικότητά του και άρχισε να τον επισκέπτεται συχνά στο Ντακσινέσουαρ. Αρχικά είδε τις εκστάσεις και τα οράματα του Ραμακρίσνα ως «απλές φαντασιώσεις» και «παραισθήσεις». Ως μέλος του Μπράχμο Σαμάτζ (Brahmo Samaj), αντιτάχθηκε στη λατρεία ειδώλων, την πολυθεΐα και τη λατρεία της Κάλι (Kali) από τον Ραμακρίσνα. Απέρριψε ακόμη και την Αντβάιτα Βεδάντα (Advaita Vedanta) της «ταυτότητας με το απόλυτο» ως βλασφημία και τρέλα, και συχνά γελοιοποιούσε την ιδέα. Ο Ναρέντρα δοκίμασε τον Ραμακρίσνα, ο οποίος αντιμετώπισε τα επιχειρήματά του υπομονετικά: «Προσπάθησε να δεις την αλήθεια από όλες τις οπτικές γωνίες», απάντησε.

Ο ξαφνικός θάνατος του πατέρα του Ναρέντρα το 1884 άφησε την οικογένεια σε πτώχευση. Οι πιστωτές άρχισαν να ζητούν την αποπληρωμή των δανείων και οι συγγενείς απείλησαν να διώξουν την οικογένεια από το πατρογονικό τους σπίτι. Ο Ναρέντρα, κάποτε γιος μιας εύπορης οικογένειας, έγινε ένας από τους φτωχότερους μαθητές στο κολέγιό του. Προσπάθησε ανεπιτυχώς να βρει δουλειά και αμφισβήτησε την ύπαρξη του Θεού, αλλά βρήκε παρηγοριά στον Ραμακρίσνα και οι επισκέψεις του στο Ντακσινέσουαρ αυξήθηκαν.

Μια μέρα, ο Ναρέντρα ζήτησε από τον Ραμακρίσνα να προσευχηθεί στη θεά Κάλι για την οικονομική ευημερία της οικογένειάς τους. Ο Ραμακρίσνα αντ' αυτού του πρότεινε να πάει ο ίδιος στον ναό και να προσευχηθεί. Ακολουθώντας την πρόταση του Ραμακρίσνα, πήγε στον ναό τρεις φορές, αλλά απέτυχε να προσευχηθεί για οποιαδήποτε εγκόσμια ανάγκη και τελικά προσευχήθηκε για αληθινή γνώση και αφοσίωση από τη θεά. Ο Ναρέντρα σταδιακά ήταν έτοιμος να απαρνηθεί τα πάντα για χάρη της συνειδητοποίησης του Θεού και αποδέχτηκε τον Ραμακρίσνα ως Γκουρού του.

Το 1885, ο Ραμακρίσνα εμφάνισε καρκίνο στον λαιμό και μεταφέρθηκε στην Καλκούτα και (αργότερα) σε μια αγροικία στην Κόσιπορε (Cossipore). Ο Ναρέντρα και οι άλλοι μαθητές του Ραμακρίσνα τον φρόντισαν κατά τη διάρκεια των τελευταίων ημερών του, και η πνευματική εκπαίδευση του Ναρέντρα συνεχίστηκε. Στο Κόσιπορε, βίωσε τη Nirvikalpa samadhi. Ο Ναρέντρα και αρκετοί άλλοι μαθητές έλαβαν ωχρούς χιτώνες από τον Ραμακρίσνα, σχηματίζοντας την πρώτη του μοναστική τάξη. Του διδάχθηκε ότι η υπηρεσία στους ανθρώπους ήταν η πιο αποτελεσματική λατρεία του Θεού. Ο Ραμακρίσνα του ζήτησε να φροντίσει τους άλλους μοναστικούς μαθητές, και με τη σειρά του ζήτησε από αυτούς να βλέπουν τον Ναρέντρα ως ηγέτη τους. Ο Ραμακρίσνα πέθανε τις πρώτες πρωινές ώρες της 16ης Αυγούστου 1886 στην Κόσιπορε.","Ο πατέρας του Ναρέντρα πέθανε ξαφνικά το 1884, γεγονός που άφησε την οικογένεια σε πτώχευση. Ως αποτέλεσμα, οι πιστωτές ζήτησαν την αποπληρωμή των δανείων και οι συγγενείς απείλησαν να τους διώξουν από το πατρογονικό τους σπίτι."
"Με βάση το παρεχόμενο κείμενο, ποια βασικά γεγονότα και τεχνολογίες οδήγησαν στη θεμελίωση του σύγχρονου Διαδικτύου;","Οι απαρχές του Διαδικτύου βρίσκονται στην ανάπτυξη της μεταγωγής πακέτων (packet switching) και στη δημιουργία του ARPANET (Δίκτυο της Υπηρεσίας Προηγμένων Ερευνητικών Έργων). Σχεδιασμένο από τον J.C.R. Licklider του MIT στις αρχές της δεκαετίας του 1960, το ARPANET ήταν ένα έργο που χρηματοδοτήθηκε αρχικά από το Υπουργείο Άμυνας των ΗΠΑ. Το πρώτο μήνυμα στάλθηκε μέσω του ARPANET στις 29 Οκτωβρίου 1969, μεταξύ του εργαστηρίου επιστήμης υπολογιστών στο UCLA και του Ινστιτούτου Έρευνας του Stanford (SRI). Το μήνυμα υποτίθεται ότι ήταν 'LOGIN', αλλά το σύστημα κατέρρευσε μετά τα δύο πρώτα γράμματα, 'LO'. Το 1971, ο Ray Tomlinson εφηύρε το email, μια εξέλιξη που γρήγορα έγινε η πρώτη πραγματικά δημοφιλής εφαρμογή. Το πρωτόκολλο που τελικά καθόρισε τη δομή του σύγχρονου Διαδικτύου, το TCP/IP (Transmission Control Protocol/Internet Protocol), τυποποιήθηκε το 1978 από τους Vint Cerf και Bob Kahn. Το ARPANET έπαψε επίσημα να υπάρχει το 1990, αλλά η υποκείμενη τεχνολογία του και το πλαίσιο TCP/IP είχαν ήδη θέσει τις βάσεις για τον Παγκόσμιο Ιστό (World Wide Web), τον οποίο ο Tim Berners-Lee εισήγαγε αργότερα το 1991.","Η θεμελίωση του σύγχρονου Διαδικτύου ξεκίνησε με την ανάπτυξη της μεταγωγής πακέτων (packet switching) και του ARPANET, το οποίο χρηματοδοτήθηκε από το Υπουργείο Άμυνας των ΗΠΑ. Οι βασικές τεχνολογικές εξελίξεις περιελάμβαναν την αποστολή του πρώτου μηνύματος μέσω του ARPANET το 1969, την εφεύρεση του email από τον Ray Tomlinson το 1971 και την τυποποίηση του TCP/IP από τους Vint Cerf και Bob Kahn το 1978. Αυτό το πλαίσιο TCP/IP έθεσε τις βάσεις για τον Παγκόσμιο Ιστό (World Wide Web), τον οποίο εισήγαγε ο Tim Berners-Lee το 1991."
"Προσδιορίστε εάν τα ακόλουθα ζώα είναι θηλαστικά ή ερπετά: Πλατύπους, Κροκόδειλος.",,"Ο Πλατύπους είναι θηλαστικό, και ο Κροκόδειλος είναι ερπετό."
Ποιος είναι ο μεγαλύτερος κίνδυνος που αντιμετωπίζει η ανθρωπότητα όσον αφορά την ταχεία ανάπτυξη της Τεχνητής Νοημοσύνης (ΤΝ);,,"Ο μεγαλύτερος κίνδυνος δεν είναι ότι η ΤΝ θα ""ξυπνήσει"" και θα αποφασίσει να μας εξοντώσει, αλλά μάλλον η σιωπηλή, ύπουλη διάβρωση του ανθρώπινου σκοπού και η μαζική συγκέντρωση εξουσίας. Όταν η πνευματική εργασία αυτοματοποιηθεί πλήρως, τι απομένει για την πλειονότητα του πληθυσμού; Διακινδυνεύουμε να δημιουργήσουμε μια «άχρηστη τάξη», η οποία θα εξαρτάται εξ ολοκλήρου από την καλή θέληση των λίγων οντοτήτων που ελέγχουν τα υπερ-ευφυή συστήματα. Επιπλέον, η ταχύτητα με την οποία αναπτύσσεται αυτή η τεχνολογία παρακάμπτει τα ρυθμιστικά πλαίσια και τη δημοκρατική εποπτεία. Ουσιαστικά παραδίδουμε τα κλειδιά της παγκόσμιας βελτιστοποίησης σε συστήματα των οποίων οι πρωταρχικές αντικειμενικές λειτουργίες μπορεί να οδηγήσουν ακούσια σε ανθρώπινη βλάβη, απλώς και μόνο επειδή αυτοί οι στόχοι ορίζονται στενά (π.χ. μεγιστοποίηση κέρδους, μεγιστοποίηση απόδοσης). Ο πραγματικός κίνδυνος είναι η απώλεια της ανθρώπινης βούλησης (agency) και η δημιουργία ενός κόσμου όπου η ανθρώπινη λήψη αποφάσεων θεωρείται πρόχειρη, αργή και περιττή. Πρέπει να διασφαλίσουμε ότι καθώς κατασκευάζουμε εξυπνότερα μηχανήματα, ταυτόχρονα δίνουμε προτεραιότητα στη διατήρηση της ανθρώπινης δημιουργικότητας, της ενσυναίσθησης και του αποκεντρωμένου ελέγχου. Διαφορετικά, ανταλλάσσουμε την πρόοδο με τη δουλεία."
Καταγράψτε τα έτη και τους αντίστοιχους επιστημονικούς τομείς για τους οποίους η Μαρία Κιουρί έλαβε Βραβεία Νόμπελ.,"Η Μαρία Σαλώμη Σκλοντόφσκα Κιουρί (γεννημένη ως Μάρια Σαλόμεα Σκλοντόφσκα, 7 Νοεμβρίου 1867 – 4 Ιουλίου 1934) ήταν Πολωνή και νατουραλιζέ Γαλλίδα φυσικός και χημικός που διεξήγαγε πρωτοποριακή έρευνα στη ραδιενέργεια. Ήταν η πρώτη γυναίκα που κέρδισε Βραβείο Νόμπελ, το πρώτο άτομο και η μόνη γυναίκα που κέρδισε το Βραβείο Νόμπελ δύο φορές, και το μόνο άτομο που κέρδισε το Βραβείο Νόμπελ σε δύο διαφορετικούς επιστημονικούς τομείς. Ήταν επίσης η πρώτη γυναίκα που έγινε καθηγήτρια στο Πανεπιστήμιο του Παρισιού. Το 1903, μοιράστηκε το Βραβείο Νόμπελ Φυσικής με τον σύζυγό της Πιερ Κιουρί και τον φυσικό Ανρί Μπεκερέλ, για την κοινή τους έρευνα στα φαινόμενα ακτινοβολίας που ανακάλυψε ο Μπεκερέλ. Το 1911, έλαβε το Βραβείο Νόμπελ Χημείας για την ανακάλυψή της των στοιχείων ράδιο και πολώνιο.","1903 (Φυσική), 1911 (Χημεία)"
Ποιες διακρίσεις κατέχει η Μαρία Κιουρί σχετικά με το Βραβείο Νόμπελ;,"Η Μαρία Σκλοντόφσκα Κιουρί ήταν Πολωνή και νατουραλιζέ-Γαλλίδα φυσικός και χημικός που διεξήγαγε πρωτοποριακή έρευνα σχετικά με τη ραδιενέργεια. Ήταν η πρώτη γυναίκα που κέρδισε Βραβείο Νόμπελ, το πρώτο άτομο και η μόνη γυναίκα που κέρδισε δύο φορές το Βραβείο Νόμπελ, και το μόνο άτομο που κέρδισε το Βραβείο Νόμπελ σε δύο διαφορετικούς επιστημονικούς τομείς (Φυσική και Χημεία). Ήταν επίσης η πρώτη γυναίκα καθηγήτρια στο Πανεπιστήμιο του Παρισιού.","Ήταν η πρώτη γυναίκα που κέρδισε Βραβείο Νόμπελ, το πρώτο άτομο και η μόνη γυναίκα που κέρδισε δύο φορές το Βραβείο Νόμπελ, και το μόνο άτομο που κέρδισε το Βραβείο Νόμπελ σε δύο διαφορετικούς επιστημονικούς τομείς (Φυσική και Χημεία)."
"Αναφέρετε τους 5 κορυφαίους σκόρερ στην ιστορία του Παγκοσμίου Κυπέλλου FIFA, μαζί με τον αριθμό των γκολ τους και την εθνικότητά τους.",,"1. Μίροσλαβ Κλόζε (Γερμανία) - 16 γκολ
2. Ρονάλντο (Βραζιλία) - 15 γκολ
3. Γκερντ Μίλερ (Δυτική Γερμανία) - 14 γκολ
4. Ζυστ Φοντέν (Γαλλία) - 13 γκολ
5. Πελέ (Βραζιλία) - 12 γκολ"
"Με βάση το κείμενο που δίνεται, ποια είναι τα τέσσερα μοναδικά χαρακτηριστικά που αποδίδονται στους Γαλιλαίους δορυφόρους; Διαμορφώστε την απάντησή σας ως λίστα με κουκκίδες.","Ο Δίας έχει 95 επίσημα επιβεβαιωμένους δορυφόρους, αλλά οι τέσσερις μεγαλύτεροι, γνωστοί ως Γαλιλαίοι δορυφόροι, είναι οι πιο διάσημοι. Αυτοί ανακαλύφθηκαν από τον Γαλιλαίο Γαλιλέι το 1610. Οι δορυφόροι είναι, κατά σειρά αυξανόμενης απόστασης από τον Δία: η Ιώ, η Ευρώπη, ο Γανυμήδης και η Καλλιστώ. Η Ιώ είναι ο πιο ηφαιστειακά ενεργός κόσμος στο ηλιακό σύστημα. Η Ευρώπη είναι μοναδική λόγω του υπόγειου ωκεανού υγρού νερού, καθιστώντας την κύριο στόχο για αναζήτηση ζωής. Ο Γανυμήδης είναι ο μεγαλύτερος δορυφόρος, ακόμα μεγαλύτερος από τον πλανήτη Ερμή, και είναι ο μόνος δορυφόρος που είναι γνωστό ότι διαθέτει δικό του μαγνητικό πεδίο. Η Καλλιστώ έχει την παλαιότερη, πιο βαριά κρατηροποιημένη επιφάνεια της ομάδας.","* Ο πιο ηφαιστειακά ενεργός κόσμος στο ηλιακό σύστημα.
* Υπόγειος ωκεανός υγρού νερού.
* Ο μόνος δορυφόρος που είναι γνωστό ότι διαθέτει δικό του μαγνητικό πεδίο.
* Η παλαιότερη, πιο βαριά κρατηροποιημένη επιφάνεια της ομάδας."
Ποια είναι η κατά προσέγγιση ταχύτητα του φωτός στο κενό;,,Περίπου 299.792.458 μέτρα ανά δευτερόλεπτο
Αναλύστε τα στοιχεία σχετικά με την πραγματική πατρότητα των έργων του Ουίλιαμ Σαίξπηρ και παρουσιάστε την πιο πειστική υπόθεση.,,"Το ερώτημα για το ποιος είναι ο πραγματικός συγγραφέας των θεατρικών έργων και των ποιημάτων που αποδίδονται στον Ουίλιαμ Σαίξπηρ—γνωστό ως το Ζήτημα της Πατρότητας του Σαίξπηρ—είναι μία από τις πιο διαρκείς λογοτεχνικές διαμάχες. Η ορθόδοξη θέση, γνωστή ως η άποψη των Στρατφορδιανών, υποστηρίζει ότι ο Ουίλιαμ Σαίξπηρ από το Στράτφορντ-απόν-Έιβον ήταν ο μοναδικός συγγραφέας. Αυτό υποστηρίζεται από νομικά αρχεία, σύγχρονους έντυπους τίτλους και μαρτυρικά στοιχεία (όπως ο έπαινος του Μπεν Τζόνσον στο First Folio).

Ωστόσο, το κίνημα γνωστό ως αντι-Στρατφορδιανισμός υποστηρίζει ότι τα έργα αποδεικνύουν μόρφωση, εξοικείωση με τη ζωή της αυλής, ταξίδια στο εξωτερικό και βαθιά νομική και κλασική γνώση, τα οποία φαίνονται ασυμβίβαστα με τη γνωστή βιογραφία του επιχειρηματία από το Στράτφορντ.

Ο πιο εξέχων εναλλακτικός υποψήφιος θεωρείται συχνά ο Έντουαρντ ντε Βερ, ο 17ος Κόμης της Οξφόρδης (η Οξφορδιανή θεωρία). Οι υποστηρικτές επισημαίνουν τους βιογραφικούς παραλληλισμούς μεταξύ της ζωής του και των θεμάτων/χαρακτήρων στα έργα, την αριστοκρατική του ιδιότητα που εξηγεί τη στενή γνώση της αυλής, και τη χρονική στιγμή του θανάτου του, η οποία συμπίπτει με την παύση νέων σαιξπηρικών έργων.

Παρά τα συναρπαστικά και συχνά λεπτομερή επιχειρήματα που παρουσιάζονται από τους Οξφορδιανούς και άλλους εναλλακτικούς θεωρητικούς (όπως οι Μπέικονιανοί, που ευνοούν τον Φράνσις Μπέικον), η συντριπτική συναίνεση στην κυρίαρχη ακαδημαϊκή λογοτεχνική κριτική παραμένει ότι ο Ουίλιαμ Σαίξπηρ από το Στράτφορντ ήταν ο συγγραφέας. Ενώ οι εναλλακτικές προσφέρουν ενδιαφέροντα αινίγματα, συχνά βασίζονται σε έμμεσα στοιχεία, κρυπτικούς κώδικες και στην άκρως υποκειμενική αντίληψη ότι η μέτρια καταγωγή του Σαίξπηρ τον αποκλείει από τη μεγαλοφυΐα. Ως εκ τούτου, η πιο πειστική υπόθεση παραμένει η παραδοσιακή, υποστηριζόμενη από την ιστορική τεκμηρίωση, παρόλο που το βάθος των έργων συνεχίζει να εμπνέει εναλλακτικές εικασίες."
"Κατηγοριοποιήστε τα ακόλουθα ζώα με βάση την κύρια διατροφή τους: Φυτοφάγο, Σαρκοφάγο, ή Παμφάγο.","Λιοντάρι, Αρκούδα, Αγελάδα, Λύκος, Άνθρωπος, Κουνέλι","Σαρκοφάγο: Λιοντάρι, Λύκος
Φυτοφάγο: Αγελάδα, Κουνέλι
Παμφάγο: Αρκούδα, Άνθρωπος"
Απαριθμήστε τα τρία κύρια ξωτικά δαχτυλίδια εξουσίας από τον Άρχοντα των Δαχτυλιδιών του J.R.R. Tolkien.,,"Τα τρία ξωτικά δαχτυλίδια, τα οποία έμειναν ελεύθερα από την άμεση επιρροή του Σάουρον, είναι η Vilya (το Δαχτυλίδι του Αέρα, φορεμένο από τον Έλροντ), η Nenya (το Δαχτυλίδι του Νερού, φορεμένο από την Γκαλάντριελ), και η Narya (το Δαχτυλίδι της Φωτιάς, φορεμένο από τον Γκάνταλφ)."
Απαριθμήστε τα αντίστοιχα χημικά σύμβολα για τα ακόλουθα στοιχεία κατά σειρά:,"Χρυσός, Άργυρος, Σίδηρος, Κάλιο, Νάτριο, Μόλυβδος, Βολφράμιο, Υδράργυρος","Au, Ag, Fe, K, Na, Pb, W, Hg"
"Ποιες από τις ακόλουθες ουσίες είναι αέρια σε κανονική θερμοκρασία και πίεση (STP): Ήλιο, Σίδηρος, Νέον, Χρυσός, Χλώριο, Πυρίτιο, Οξυγόνο, Θείο, Διοξείδιο του Άνθρακα, Αργίλιο.",,"Το Ήλιο, το Νέον, το Χλώριο, το Οξυγόνο και το Διοξείδιο του Άνθρακα είναι αέρια σε κανονική θερμοκρασία και πίεση."
Συγκρίνετε και αντιπαραβάλετε την Python και την Java για την ανάπτυξη εταιρικών εφαρμογών.,,"Η Python συχνά προτιμάται για ταχεία πρωτοτυποποίηση και μικρότερες, πιο ευέλικτες εφαρμογές λόγω της καθαρής σύνταξής της και των εκτεταμένων βιβλιοθηκών της, ειδικά στην επεξεργασία δεδομένων και στις υπηρεσίες Τεχνητής Νοημοσύνης/Μηχανικής Μάθησης (AI/ML). Ωστόσο, είναι μια διερμηνευόμενη γλώσσα, πράγμα που σημαίνει ότι μπορεί να είναι πιο αργή κατά την εκτέλεση από την Java, και η δυναμική της πληκτρολόγηση μπορεί να οδηγήσει σε σφάλματα σε πολύ μεγάλες βάσεις κώδικα. Η Java, αντίθετα, είναι γνωστή για τη φιλοσοφία της «γράψε μία φορά, εκτέλεσε οπουδήποτε» χάρη στην JVM, προσφέροντας ισχυρή επεκτασιμότητα και υψηλή απόδοση απαραίτητη για μεγάλα εταιρικά συστήματα, όπως τραπεζικές ή πλατφόρμες ηλεκτρονικού εμπορίου. Η στατική πληκτρολόγηση της Java απαιτεί πιο περιεκτική κωδικοποίηση αλλά επιβάλλει αυστηρότερο έλεγχο, καθιστώντας την εξαιρετικά αξιόπιστη και ευκολότερη στη μακροπρόθεσμη συντήρηση από μεγάλες ομάδες. Ενώ η Python έχει χαμηλότερο όριο εισόδου, η Java παραμένει η κυρίαρχη επιλογή όπου η απόλυτη απόδοση, η σταθερότητα και η βαθιά ενσωμάτωση με την παλαιά εταιρική υποδομή είναι κρίσιμης σημασίας."
Αναφέρετε τους αρχικούς συνιδρυτές της Apple Inc.,,"Οι αρχικοί συνιδρυτές της Apple Inc. ήταν ο Στιβ Τζομπς, ο Στιβ Βόζνιακ και ο Ρόναλντ Γουέιν."
Κατηγοριοποιήστε τα παρακάτω αντικείμενα με βάση το αν σχετίζονται πρωτίστως με τα Μαθηματικά ή τη Λογοτεχνία.,"λογισμός, σονέτο, άλγεβρα, μεταφορά, δευτεροβάθμια εξίσωση, ελεύθερος στίχος, υπαρξισμός, πρώτος αριθμός, επικό ποίημα, πιθανότητα","Μαθηματικά: λογισμός, άλγεβρα, δευτεροβάθμια εξίσωση, πρώτος αριθμός, πιθανότητα
Λογοτεχνία: σονέτο, μεταφορά, ελεύθερος στίχος, υπαρξισμός, επικό ποίημα"
Ποια είναι η κυρίαρχη επιστημονική θεωρία σχετικά με την εξαφάνιση των μη πτηνών δεινοσαύρων;,,"Η κυρίαρχη επιστημονική θεωρία είναι η υπόθεση Άλβαρεζ (Alvarez hypothesis), η οποία υποστηρίζει ότι ένας τεράστιος αστεροειδής έπληξε τη Γη πριν από περίπου 66 εκατομμύρια χρόνια. Αυτή η τοποθεσία πρόσκρουσης είναι γνωστή ως ο κρατήρας Τσικσουλούμπ (Chicxulub) στη χερσόνησο Γιουκατάν. Η σύγκρουση απελευθέρωσε τεράστια ενέργεια και, κυρίως, εκτόξευσε τεράστιες ποσότητες σκόνης, θείου και συντριμμιών στην ατμόσφαιρα. Αυτή η ατμοσφαιρική απόφραξη προκάλεσε έναν ταχύ, παρατεταμένο «χειμώνα πρόσκρουσης» ('impact winter') που σταμάτησε τη φωτοσύνθεση, κατέρρευσε την παγκόσμια τροφική αλυσίδα και οδήγησε στην εξαφάνιση περίπου του 75% όλων των ειδών, συμπεριλαμβανομένων των μη πτηνών δεινοσαύρων."
Ποια ήταν η σημασία της αποστολής Απόλλων 11;,"Το Απόλλων 11 ήταν η διαστημική πτήση που προσγείωσε τους δύο πρώτους ανθρώπους στη Σελήνη. Ο διοικητής Νιλ Άρμστρονγκ και ο πιλότος σεληνάκατου Μπαζ Όλντριν προσγείωσαν τη σεληνάκατο Απόλλων «Eagle» στις 20 Ιουλίου 1969, στις 20:17 UTC. Ο Άρμστρονγκ έγινε ο πρώτος άνθρωπος που πάτησε στη σεληνιακή επιφάνεια έξι ώρες αργότερα, στις 21 Ιουλίου. Ο Όλντριν τον ακολούθησε περίπου 20 λεπτά αργότερα. Πέρασαν περίπου δύο και ένα τέταρτο ώρες μαζί έξω από το διαστημόπλοιο και συνέλεξαν 47,5 λίβρες (21,5 κιλά) σεληνιακού υλικού για να φέρουν πίσω στη Γη. Το τρίτο μέλος της αποστολής, ο Μάικλ Κόλινς, πιλοτάρισε μόνος του την κάψουλα διακυβέρνησης «Columbia» σε σεληνιακή τροχιά. Το Απόλλων 11 τερμάτισε ουσιαστικά την Κούρσα του Διαστήματος και εκπλήρωσε έναν εθνικό στόχο που είχε θέσει ο Πρόεδρος Τζον Φ. Κένεντι το 1961: «πριν τελειώσει αυτή η δεκαετία, να προσεδαφιστεί ένας άνθρωπος στη Σελήνη και να επιστρέψει με ασφάλεια στη Γη».","Η αποστολή Απόλλων 11, η οποία προσγείωσε επιτυχώς τους Νιλ Άρμστρονγκ και Μπαζ Όλντριν στη Σελήνη τον Ιούλιο του 1969, κατέχει τεράστια ιστορική σημασία κυρίως επειδή εκπλήρωσε την τολμηρή υπόσχεση που είχε δώσει ο Πρόεδρος Τζον Φ. Κένεντι στην αρχή της δεκαετίας. Η επιτυχία της έθεσε ουσιαστικά τέλος στον υψηλού ρίσκου τεχνολογικό ανταγωνισμό, γνωστό ως Κούρσα του Διαστήματος, καταδεικνύοντας την συντριπτική τεχνολογική ικανότητα των Ηνωμένων Πολιτειών έναντι της Σοβιετικής Ένωσης κατά την εποχή του Ψυχρού Πολέμου. Πέρα από τις πολιτικές και ανταγωνιστικές επιπτώσεις, το Απόλλων 11 λειτούργησε ως ένα σημαντικό πολιτιστικό ορόσημο, αιχμαλωτίζοντας ένα παγκόσμιο κοινό και εμπνέοντας μια γενιά προς επιστημονικές αναζητήσεις. Η αποστολή απέφερε επίσης ζωτικής σημασίας επιστημονικά δεδομένα, συμπεριλαμβανομένης της συλλογής σεληνιακών δειγμάτων που επέτρεψαν στους επιστήμονες να αρχίσουν να συνθέτουν τη γεωλογική ιστορία του δορυφόρου της Γης. Τελικά, το Απόλλων 11 αποτελεί ένα από τα πιο βαθιά επιτεύγματα στην ανθρώπινη ιστορία, συμβολίζοντας την ικανότητα της ανθρωπότητας να φτάνει σε στόχους που προηγουμένως περιορίζονταν στην επιστημονική φαντασία."
"Πότε το Κολλέγιο του Μπόκα Ρατόν έγινε Πανεπιστήμιο Λιν, και ποιον προοριζόταν να τιμήσει το όνομα;","Το σχολείο άνοιξε για πρώτη φορά το 1962 ως Κολλέγιο Μέριμαουντ, ένα διετές κολλέγιο γυναικών που ιδρύθηκε από τις Μοναχές της Ιερής Καρδιάς της Μαρίας (RSHM). Λόγω οικονομικής δυσπραγίας, το Κολλέγιο Μέριμαουντ επιδίωξε να πουλήσει τα βιβλία της βιβλιοθήκης του. Ο Ντόναλντ Ε. Ρος επισκέφθηκε την πανεπιστημιούπολη για να αγοράσει τη βιβλιοθήκη, αλλά εμπνεύστηκε τόσο πολύ από το σχολείο που αποφάσισε να μείνει και να το βοηθήσει να επιτύχει. Το 1971, ξεκίνησε μια περίοδος μετάβασης και το σχολείο τέθηκε υπό τον έλεγχο ενός κοσμικού συμβουλίου. Εκείνη την εποχή, ο Ντόναλντ Ε. Ρος ονομάστηκε πρόεδρος. Το 1974, το όνομα άλλαξε σε Κολλέγιο του Μπόκα Ρατόν. Το κολλέγιο έλαβε διαπίστευση στο Επίπεδο II το 1986. Το 1988, διαπιστεύτηκε στο Επίπεδο III. Κατά τη διάρκεια αυτής της περιόδου, μετατράπηκε από διετές σχολείο σε τετραετές κολλέγιο με μεταπτυχιακό πρόγραμμα.

Είσοδος του Πανεπιστημίου Λιν στο Μπόκα Ρατόν
Το Κολλέγιο του Μπόκα Ρατόν έγινε Πανεπιστήμιο Λιν το 1991 για να τιμήσει τους ευεργέτες του, την οικογένεια Λιν.

Το 2003–2004, ο Ντόναλντ Ε. Ρος έλαβε μισθό άνω των 5.000.000 δολαρίων, καθιστώντας τον εκείνη την εποχή τον υψηλότερα αμειβόμενο πρόεδρο κολλεγίου ή πανεπιστημίου στη χώρα. Το Πανεπιστήμιο Λιν προσέλαβε την εθνική λογιστική εταιρεία KPMG για να καθορίσει ένα δίκαιο πακέτο αποζημίωσης συνταξιοδότησης για τον Ρος, λαμβάνοντας υπόψη την απόδοσή του και τη 35ετή θητεία του («Περισσότερα από 4,5 εκατομμύρια δολάρια παραμερίστηκαν για την προγραμματισμένη συνταξιοδότησή του τον Ιούνιο του 2006 – μια εισροή μετρητών που σχεδιάστηκε για να καλύψει δεκαετίες χωρίς παροχές συνταξιοδότησης» που διατέθηκαν λόγω ανησυχιών για τον προϋπολογισμό). Αυτό ήταν το ένα τρίτο της περιουσίας του πανεπιστημίου. Την 1η Ιουλίου 2006, ο Ρος συνταξιοδοτήθηκε μετά από 35 χρόνια ως πρόεδρος του πανεπιστημίου. Ο Κέβιν Μ. Ρος διαδέχθηκε τον πατέρα του στο αξίωμα.

Στις 22 Οκτωβρίου 2012, το πανεπιστήμιο φιλοξένησε την τρίτη και τελευταία προεδρική συζήτηση των ΗΠΑ του 2012 μεταξύ του προέδρου των ΗΠΑ Μπαράκ Ομπάμα και του πρώην κυβερνήτη της Μασαχουσέτης Μιτ Ρόμνεϊ σχετικά με την εξωτερική πολιτική των ΗΠΑ. Η συζήτηση πραγματοποιήθηκε στο Παγκόσμιο Κέντρο Παραστατικών Τεχνών Keith C. and Elaine Johnson και συντονίστηκε από τον δημοσιογράφο Μπομπ Σίφερ του CBS News.","Το Κολλέγιο του Μπόκα Ρατόν έγινε Πανεπιστήμιο Λιν το 1991 για να τιμήσει τους ευεργέτες του, την οικογένεια Λιν."
Ποιο μέταλλο αποτελεί το κύριο συστατικό του εσωτερικού πυρήνα της Γης;,"Ο εσωτερικός πυρήνας της Γης είναι μια στερεή σφαίρα που αποτελείται κυρίως από κράμα σιδήρου-νικελίου, με ίχνη ελαφρύτερων στοιχείων. Τα επιστημονικά μοντέλα υποδεικνύουν ότι ο σίδηρος (Fe) αποτελεί περίπου το 90% της μάζας του.","Σίδηρος, σε συνδυασμό με νικέλιο."
Εξηγήστε τη σημασία της Αναγέννησης.,"Η Αναγέννηση ήταν μια περίοδος στην ευρωπαϊκή ιστορία, που κάλυπτε το διάστημα μεταξύ του 14ου και του 16ου αιώνα. Ξεκίνησε ως ένα πολιτιστικό κίνημα στην Ιταλία κατά τον Ύστερο Μεσαίωνα και αργότερα εξαπλώθηκε στην υπόλοιπη Ευρώπη, σηματοδοτώντας τη μετάβαση από τον Μεσαίωνα στη νεωτερικότητα. Τα βασικά χαρακτηριστικά περιλάμβαναν ένα ανανεωμένο ενδιαφέρον για την κλασική αρχαιότητα, την άνοδο της ουμανιστικής φιλοσοφίας και επαναστατικές εξελίξεις στην τέχνη, την αρχιτεκτονική και την επιστήμη. Σημαντικές μορφές περιλαμβάνουν τους Λεονάρντο ντα Βίντσι, Μιχαήλ Άγγελο και Ραφαήλ, οι οποίοι πρωτοπόρησαν σε τεχνικές όπως η προοπτική και ο νατουραλισμός. Η εφεύρεση της τυπογραφίας από τον Γουτεμβέργιο επιτάχυνε σημαντικά τη διάδοση των ιδεών κατά τη διάρκεια αυτής της περιόδου, μετακινώντας την επιστημονική γνώση από το μοναστικό περιβάλλον στην κοινή σφαίρα.","Η Αναγέννηση ήταν βαθύτατα σημαντική επειδή ανακατεύθυνε ριζικά τη Δυτική σκέψη και τον πολιτισμό. Σηματοδότησε τη μετάβαση από τη θεοκεντρική εστίαση του Μεσαίωνα σε μια ανθρωποκεντρική, ή επικεντρωμένη στον άνθρωπο, κοσμοθεωρία γνωστή ως Ουμανισμός. Αυτή η φιλοσοφική μετατόπιση πυροδότησε ριζικές προόδους στις τέχνες, οδηγώντας σε αριστουργήματα που τόνιζαν τον ρεαλισμό, την ατομική επίτευξη και τα κλασικά ιδεώδη. Επιπλέον, η έμφαση στην εμπειρική παρατήρηση και την κριτική έρευνα έθεσε τις βάσεις για την Επιστημονική Επανάσταση. Η Αναγέννηση δεν ανακάλυψε απλώς εκ νέου την παλιά γνώση· καθιέρωσε τις πνευματικές και πολιτιστικές βάσεις—συμπεριλαμβανομένου του σκεπτικισμού, του ατομικισμού και της ορθολογικής έρευνας—που καθορίζουν τη σύγχρονη εποχή."
Ποια βραβεία κέρδισε η Έλαρα Βανς για το δεύτερο μυθιστόρημά της;,"Η Έλαρα Βανς είναι μια συγγραφέας επιστημονικής φαντασίας γνωστή για την περίπλοκη κατασκευή κόσμων της. Το πρώτο της μυθιστόρημα, *The Chronos Gambit*, εκδόθηκε το 2018 και ήταν φιναλίστ για το Βραβείο Nebula. Το δεύτερο μυθιστόρημά της, *Echoes of the Void* (2021), κέρδισε το Βραβείο Locus Καλύτερου Μυθιστορήματος Επιστημονικής Φαντασίας και το Βραβείο Prometheus Καλύτερου Μυθιστορήματος. Αυτή τη στιγμή εργάζεται για την τρίτη δόση της τριλογίας, *Starlight Engine*.",Η Έλαρα Βανς κέρδισε το Βραβείο Locus Καλύτερου Μυθιστορήματος Επιστημονικής Φαντασίας και το Βραβείο Prometheus Καλύτερου Μυθιστορήματος για το *Echoes of the Void*.
Ποια είναι η ιστορική σημασία της Στήλης της Ροζέττας;,"Η Στήλη της Ροζέττας είναι μια στήλη από γρανοδιορίτη, χαραγμένη με τρεις εκδοχές ενός διατάγματος που εκδόθηκε στη Μέμφιδα της Αιγύπτου, το 196 π.Χ., κατά τη διάρκεια της Πτολεμαϊκής δυναστείας, για λογαριασμό του Βασιλιά Πτολεμαίου Ε'. Το πάνω κείμενο είναι σε αρχαία αιγυπτιακά ιερογλυφικά, το μεσαίο τμήμα είναι σε Δημοτική γραφή και το κάτω είναι σε Αρχαία Ελληνικά. Επειδή το ίδιο κείμενο παρουσιάζεται σε τρεις διαφορετικές γραφές—και οι μελετητές μπορούσαν ακόμα να διαβάσουν τα Αρχαία Ελληνικά—η Στήλη παρείχε το κλειδί για την αποκρυπτογράφηση των αιγυπτιακών ιερογλυφικών. Αυτή η ανακάλυψη, που αποδίδεται κυρίως στον Ζαν-Φρανσουά Σαμπολιόν το 1822, έφερε την επανάσταση στην Αιγυπτιολογία και επέτρεψε στους ιστορικούς να διαβάσουν εκατομμύρια αρχαία αιγυπτιακά κείμενα για πρώτη φορά.","Η Στήλη της Ροζέττας είναι ιστορικά κρίσιμη επειδή περιέχει το ίδιο κείμενο γραμμένο σε Αρχαία Αιγυπτιακά ιερογλυφικά, Δημοτική γραφή και Αρχαία Ελληνικά. Αυτό το παράλληλο κείμενο επέτρεψε στους μελετητές, συγκεκριμένα στον Ζαν-Φρανσουά Σαμπολιόν, να αποκρυπτογραφήσουν με επιτυχία τα αιγυπτιακά ιερογλυφικά, θέτοντας έτσι τα θεμέλια της σύγχρονης Αιγυπτιολογίας."
Προσδιορίστε τα ουσιώδη στοιχεία που περιγράφουν τη Στήλη της Ροζέττας με βάση το ακόλουθο κείμενο.,"Η Στήλη της Ροζέττας είναι μια στήλη από γρανοδιορίτη, στην οποία είναι χαραγμένες τρεις εκδοχές ενός διατάγματος που εκδόθηκε στη Μέμφιδα της Αιγύπτου, το 196 π.Χ. κατά τη διάρκεια της Πτολεμαϊκής δυναστείας, για λογαριασμό του Βασιλιά Πτολεμαίου Ε'. Τα πάνω και μεσαία κείμενα είναι γραμμένα σε ιερογλυφική και Δημοτική γραφή, αντίστοιχα, ενώ το κάτω είναι στην αρχαία Ελληνική. Επειδή παρουσιάζει ουσιαστικά το ίδιο κείμενο και στις τρεις γραφές, αποτέλεσε το κλειδί για την αποκρυπτογράφηση των αιγυπτιακών ιερογλυφικών.","1. Υλικό: Είναι μια στήλη από γρανοδιορίτη. 
2. Περιεχόμενο και Ημερομηνία: Περιέχει τρεις εκδοχές ενός διατάγματος που εκδόθηκε στη Μέμφιδα το 196 π.Χ. κατά τη διάρκεια της Πτολεμαϊκής δυναστείας για τον Βασιλιά Πτολεμαίο Ε'.
3. Χρησιμοποιούμενες Γραφές: Τα κείμενα είναι γραμμένα σε ιερογλυφική (πάνω), Δημοτική (μεσαία) και αρχαία Ελληνική (κάτω).
4. Σημασία: Ήταν ζωτικής σημασίας καθώς παρείχε το κλειδί για την αποκρυπτογράφηση των αιγυπτιακών ιερογλυφικών."
Σε ποιον αποδίδεται συνήθως η ανακάλυψη της πενικιλίνης και ποιο έτος συνέβη αυτό;,"Η ανακάλυψη της πενικιλίνης, ενός από τα πρώτα αντιβιοτικά του κόσμου, αποδίδεται συνήθως στον Αλεξάντερ Φλέμινγκ το 1928. Ο Φλέμινγκ, Σκωτσέζος ιατρός και μικροβιολόγος, παρατήρησε μια μούχλα να μολύνει ένα τρυβλίο Petri με βακτήρια Σταφυλόκοκκου που είχε αφήσει ανοιχτό. Σημείωσε ότι η μούχλα, που αργότερα αναγνωρίστηκε ως Penicillium notatum, απέτρεψε την ανάπτυξη των γύρω βακτηρίων. Ενώ ο Φλέμινγκ δημοσίευσε τα ευρήματά του, αρχικά δυσκολεύτηκε να απομονώσει και να παράγει μαζικά την ενεργή ένωση. Η μετέπειτα ανάπτυξη σε χρησιμοποιήσιμο φάρμακο πραγματοποιήθηκε αργότερα από τους Χάουαρντ Φλόρι και Ερνστ Τσέιν στις αρχές της δεκαετίας του 1940.",Η ανακάλυψη της πενικιλίνης αποδίδεται συνήθως στον Αλεξάντερ Φλέμινγκ το 1928.
Περιγράψτε τα τυπικά στάδια που εμπλέκονται στη δημιουργία ενός νέου οδηγού τεκμηρίωσης λογισμικού.,,"Η διαδικασία συνήθως ξεκινά με τη φάση Ανάλυσης Πεδίου Εφαρμογής και Κοινού, προσδιορίζοντας ποιοι είναι οι χρήστες και ποια λειτουργικότητα πρέπει να καλυφθεί. Στη συνέχεια, εισερχόμαστε στην Απόκτηση Περιεχομένου, όπου παίρνουμε συνεντεύξεις από Ειδικούς σε Θέματα (SMEs) και εξετάζουμε τις πιο πρόσφατες δεσμεύσεις κώδικα (codebase commits) για ακριβείς τεχνικές λεπτομέρειες. Ακολουθεί η φάση Σύνταξης, τηρώντας αυστηρά τον εσωτερικό μας οδηγό ύφους για τόνο και συνέπεια. Είναι ζωτικής σημασίας, πριν την κυκλοφορία, η τεκμηρίωση να υποβάλλεται σε περίοδο Τεχνικής Επικύρωσης, όπου οι χρήστες beta ή οι δοκιμαστές QA προσπαθούν ενεργά να εκτελέσουν τα τεκμηριωμένα βήματα για την επαλήθευση της ακρίβειας. Τέλος, μετά τη γλωσσική επιμέλεια και την έγκριση, ο οδηγός δημοσιεύεται στην κατάλληλη βάση γνώσεων ή στον εσωτερικό διακομιστή, με καθιερωμένους μηχανισμούς για επαναληπτική ανατροφοδότηση και ενημερώσεις."
Ονομάστε τα Επτά Θαύματα του Αρχαίου Κόσμου.,,"1. Μεγάλη Πυραμίδα της Γκίζας
2. Κρεμαστοί Κήποι της Βαβυλώνας
3. Άγαλμα του Διός στην Ολυμπία
4. Ναός της Αρτέμιδος στην Έφεσο
5. Μαυσωλείο της Αλικαρνασσού
6. Κολοσσός της Ρόδου
7. Φάρος της Αλεξάνδρειας"
Ποια χρονιά κέρδισε η Μαρία Κιουρί το δεύτερο Βραβείο Νόμπελ της;,"Η Μαρία Σκουοντόφσκα (αργότερα Μαρία Κιουρί) γεννήθηκε στη Βαρσοβία της Πολωνίας, στις 7 Νοεμβρίου 1867. Μετακόμισε στο Παρίσι το 1891 για να συνεχίσει τις σπουδές της στη Σορβόννη. Παντρεύτηκε τον Πιερ Κιουρί το 1895. Η Μαρία και ο Πιερ, μαζί με τον Ανρί Μπεκερέλ, τιμήθηκαν με το Βραβείο Νόμπελ Φυσικής του 1903 για το έργο τους στη ραδιενέργεια. Αργότερα κέρδισε το Βραβείο Νόμπελ Χημείας του 1911 για την ανακάλυψη των στοιχείων πολώνιο και ράδιο, καθιστώντας την το μοναδικό άτομο που κέρδισε Βραβεία Νόμπελ σε δύο διαφορετικούς επιστημονικούς τομείς.","Αργότερα κέρδισε το Βραβείο Νόμπελ Χημείας του 1911 για την ανακάλυψη των στοιχείων πολώνιο και ράδιο, καθιστώντας την το μοναδικό άτομο που κέρδισε Βραβεία Νόμπελ σε δύο διαφορετικούς επιστημονικούς τομείς."
Τι είναι ο Υπερσιβηρικός Σιδηρόδρομος;,,"Ο Υπερσιβηρικός Σιδηρόδρομος είναι η μακρύτερη σιδηροδρομική γραμμή στον κόσμο. Συνδέει τη Μόσχα στην Ευρωπαϊκή Ρωσία με το Βλαδιβοστόκ στην ακτή του Ειρηνικού, εκτεινόμενος σε περίπου 9.289 χιλιόμετρα (5.772 μίλια). Η κατασκευή ξεκίνησε το 1891 και ολοκληρώθηκε σε μεγάλο βαθμό μέχρι το 1916, παίζοντας ζωτικό ρόλο στην οικονομική και στρατιωτική σύνδεση των απέραντων ρωσικών εδαφών. Ενώ η κύρια διαδρομή είναι η Υπερσιβηρική γραμμή, άλλες σχετιζόμενες διαδρομές περιλαμβάνουν τους Υπερμογγολικούς και τους Υπερμαντζουριανούς σιδηροδρόμους."
"Κατατάξτε τα ακόλουθα ζώα ως Θηλαστικό, Πτηνό ή Ερπετό: Μπλε Φάλαινα, Αετός, Φίδι, Νυχτερίδα, Πιγκουίνος.",,"Θηλαστικά: Μπλε Φάλαινα, Νυχτερίδα
Πτηνά: Αετός, Πιγκουίνος
Ερπετά: Φίδι"
Ποια είναι η κατά προσέγγιση ταχύτητα διαφυγής που απαιτείται για να εγκαταλείψουμε τη βαρυτική έλξη της Γης;,,Η απαιτούμενη ταχύτητα διαφυγής είναι περίπου 11.2 χιλιόμετρα ανά δευτερόλεπτο (ή περίπου 7 μίλια ανά δευτερόλεπτο).
"Παρέχετε μια σύντομη, με κουκκίδες λίστα που να αναλύει τις πιο κρίσιμες πτυχές και τα βασικά πρόσωπα στην ανακάλυψη της δομής της διπλής έλικας του DNA, βασιζόμενη αποκλειστικά στο παρεχόμενο κείμενο.","Η δομή του μορίου του δεσοξυριβονουκλεϊκού οξέος (DNA), του φορέα της γενετικής πληροφορίας, καθορίστηκε περίφημα από τον Τζέιμς Γουάτσον και τον Φράνσις Κρικ το 1953. Το έργο τους, που δημοσιεύτηκε στο περιοδικό Nature, πρότεινε το πλέον εμβληματικό μοντέλο της διπλής έλικας. Καθοριστικά, η ανακάλυψή τους βασίστηκε σε μεγάλο βαθμό σε πειραματικά δεδομένα που συλλέχθηκαν από άλλους επιστήμονες, κυρίως τη Ρόζαλιντ Φράνκλιν και τον Μόρις Γουίλκινς. Η Φράνκλιν, χρησιμοποιώντας κρυσταλλογραφία ακτίνων Χ, παρήγαγε τη «Φωτογραφία 51», η οποία παρείχε βασικές ενδείξεις σχετικά με την ελικοειδή φύση και τις διαστάσεις του μορίου. Οι Γουάτσον και Κρικ συνειδητοποίησαν ότι το μόριο αποτελούνταν από δύο μακριές αλυσίδες νουκλεοτιδίων τυλιγμένες η μία γύρω από την άλλη, που συγκρατούνταν μεταξύ τους με συγκεκριμένα ζεύγη βάσεων: Η Αδενίνη (Α) ζευγαρώνει πάντα με τη Θυμίνη (Τ), και η Γουανίνη (G) ζευγαρώνει πάντα με την Κυτοσίνη (C). Αυτό το συγκεκριμένο ζευγάρωμα εξηγούσε πώς θα μπορούσε να αναπαραχθεί με ακρίβεια η γενετική πληροφορία. Οι Γουάτσον, Κρικ και Γουίλκινς τιμήθηκαν με το βραβείο Νόμπελ Φυσιολογίας ή Ιατρικής το 1962 για τις ανακαλύψεις τους σχετικά με τη μοριακή δομή των νουκλεϊκών οξέων και τη σημασία της για τη μεταφορά πληροφοριών σε ζωντανό υλικό. Η Ρόζαλιντ Φράνκλιν είχε τραγικά πεθάνει το 1958 και δεν ήταν επιλέξιμη για το βραβείο.","- Η δομή καθορίστηκε από τον Τζέιμς Γουάτσον και τον Φράνσις Κρικ το 1953 και δημοσιεύτηκε στο περιοδικό Nature.
- Πρότειναν το μοντέλο της διπλής έλικας, το οποίο αποτελείται από δύο αλυσίδες νουκλεοτιδίων που συγκρατούνται μεταξύ τους με συγκεκριμένα ζεύγη βάσεων (A-T και G-C).
- Τα ευρήματά τους βασίστηκαν σε μεγάλο βαθμό σε δεδομένα κρυσταλλογραφίας ακτίνων Χ, συγκεκριμένα στη «Φωτογραφία 51», που παρήγαγε η Ρόζαλιντ Φράνκλιν.
- Το συγκεκριμένο ζευγάρωμα βάσεων εξηγούσε πώς θα μπορούσε να αναπαραχθεί με ακρίβεια η γενετική πληροφορία.
- Οι Γουάτσον, Κρικ και Μόρις Γουίλκινς έλαβαν το βραβείο Νόμπελ το 1962 για το έργο τους."
Πότε τέθηκε επίσημα σε ισχύ η Συνθήκη των Βερσαλλιών και γιατί επιλέχθηκε αυτή η ημερομηνία;,"Η Συνθήκη των Βερσαλλιών ήταν η σημαντικότερη από τις συνθήκες ειρήνης που έθεσαν τέλος στον Α' Παγκόσμιο Πόλεμο. Η Συνθήκη υπογράφηκε στις 28 Ιουνίου 1919, στις Βερσαλλίες. Έληξε επίσημα τον πόλεμο μεταξύ της Γερμανίας και των Συμμαχικών Δυνάμεων. Ωστόσο, η Συνθήκη τέθηκε επίσημα σε ισχύ μόλις στις 10 Ιανουαρίου 1920, την ημερομηνία ίδρυσης της Κοινωνίας των Εθνών, η οποία ήταν κρίσιμο συστατικό της εκτέλεσης της συνθήκης.","Η Συνθήκη των Βερσαλλιών τέθηκε επίσημα σε ισχύ στις 10 Ιανουαρίου 1920. Αυτή η ημερομηνία επιλέχθηκε επειδή συνέπεσε με την ίδρυση της Κοινωνίας των Εθνών, ενός κρίσιμου συστατικού της εκτέλεσης της συνθήκης."
Εξηγήστε την έννοια του 'Υπολογιστικού Νέφους' (Cloud Computing) και τα κύρια μοντέλα υπηρεσιών του.,,"Το Υπολογιστικό Νέφος (Cloud Computing) αναφέρεται στη διαθεσιμότητα κατόπιν ζήτησης των πόρων ενός συστήματος υπολογιστών, ειδικά την αποθήκευση δεδομένων και την υπολογιστική ισχύ, χωρίς άμεση ενεργή διαχείριση από τον χρήστη. Τα κύρια μοντέλα υπηρεσιών είναι: 1. **Υποδομή ως Υπηρεσία (IaaS):** Παρέχει θεμελιώδεις υπολογιστικούς πόρους, όπως εικονικές μηχανές, δίκτυα και αποθηκευτικό χώρο. 2. **Πλατφόρμα ως Υπηρεσία (PaaS):** Προσφέρει ένα περιβάλλον για την ανάπτυξη, εκτέλεση και διαχείριση εφαρμογών χωρίς την πολυπλοκότητα της διαχείρισης της υποκείμενης υποδομής. 3. **Λογισμικό ως Υπηρεσία (SaaS):** Παρέχει εφαρμογές λογισμικού μέσω του διαδικτύου, κατόπιν ζήτησης, συνήθως με βάση συνδρομή (π.χ., Gmail, Salesforce)."
"Συνδυάστε τις ακόλουθες δύο προτάσεις σε μία ενιαία, συνεκτική πρόταση.",Η ομάδα είχε δουλέψει ακούραστα για μήνες. Επιτέλους έλυσαν το σύνθετο πρόβλημα κρυπτογραφίας.,"Αφού δούλεψε ακούραστα για μήνες, η ομάδα επιτέλους έλυσε το σύνθετο πρόβλημα κρυπτογραφίας."
Ποιες είναι οι κύριες προκλήσεις που αντιμετωπίζει κάποιος όταν μεταβαίνει από το λειτουργικό σύστημα Windows στο Linux;,,"Η μετάβαση στο Linux παρουσιάζει αρκετά εμπόδια, κυρίως όσον αφορά την εξοικείωση και τη διαθεσιμότητα ιδιόκτητου λογισμικού. Η μεγαλύτερη πρόκληση είναι συχνά η καμπύλη εκμάθησης που σχετίζεται με τη διεπαφή γραμμής εντολών (command line interface), η οποία είναι απαραίτητη για προχωρημένες διαμορφώσεις, αν και οι σύγχρονες διανομές είναι ολοένα και πιο φιλικές προς τον χρήστη. Δεύτερον, οι χρήστες που είναι συνηθισμένοι σε συγκεκριμένες εφαρμογές των Windows (όπως η σουίτα Adobe ή εξειδικευμένα εργαλεία σχεδίασης) δυσκολεύονται να βρουν άμεσες, λειτουργικές αντικαταστάσεις, γεγονός που συχνά απαιτεί τη χρήση εναλλακτικού λογισμικού ανοιχτού κώδικα ή στρωμάτων συμβατότητας όπως το Wine. Τέλος, οι οδηγοί υλικού (hardware drivers), αν και έχουν βελτιωθεί σημαντικά, μπορεί περιστασιακά να απαιτούν χειροκίνητη εγκατάσταση, ειδικά για νεότερες ή εξειδικευμένες περιφερειακές συσκευές."
Ποιοι είναι οι τρέχοντες βασικοί εκλεγμένοι αξιωματούχοι στο Φοίνιξ της Αριζόνα;,,"Οι βασικοί εκλεγμένοι αξιωματούχοι για το Φοίνιξ της Αριζόνα περιλαμβάνουν: τη Δήμαρχο Kate Gallego, την Αντιδήμαρχο Laura Pastor (Περιφέρεια 4), τη Δημοτική Σύμβουλο Debra Stark (Περιφέρεια 3), και τη Δημοτική Σύμβουλο Betty Guardado (Περιφέρεια 5)."
Ονομάστε το ψηλότερο κτίριο που υπάρχει σήμερα.,,"Μπουρτζ Χαλίφα στο Ντουμπάι, Ηνωμένα Αραβικά Εμιράτα"
Ποια είναι η κύρια διαφορά μεταξύ της Εποπτευόμενης (Supervised) και της Μη Εποπτευόμενης (Unsupervised) Μάθησης;,"Στη μηχανική μάθηση, οι αλγόριθμοι κατηγοριοποιούνται γενικά με βάση τον τρόπο που επεξεργάζονται τα δεδομένα. Η Εποπτευόμενη Μάθηση χρησιμοποιεί επισημασμένα σύνολα δεδομένων, όπου τα δεδομένα εκπαίδευσης περιλαμβάνουν μεταβλητές εισόδου (X) και τις αντίστοιχες γνωστές μεταβλητές εξόδου (Y). Στόχος είναι το σύστημα να μάθει τη συνάρτηση αντιστοίχισης από το X στο Y. Αντίθετα, οι αλγόριθμοι Μη Εποπτευόμενης Μάθησης ασχολούνται με μη επισημασμένα δεδομένα, πράγμα που σημαίνει ότι παρέχονται μόνο τα δεδομένα εισόδου (X), χωρίς αντίστοιχες ετικέτες εξόδου. Αυτές οι μέθοδοι στοχεύουν στην ανακάλυψη κρυφών προτύπων, δομών ή ομαδοποιήσεων εντός των δεδομένων, όπως η ομαδοποίηση τμημάτων πελατών ή η μείωση της διαστατικότητας.","Η βασική διαφορά έγκειται στη φύση των δεδομένων εκπαίδευσης. Η Εποπτευόμενη Μάθηση χρησιμοποιεί επισημασμένα σύνολα δεδομένων (είσοδος με γνωστή έξοδο) για να μάθει μια συνάρτηση αντιστοίχισης, ενώ η Μη Εποπτευόμενη Μάθηση χρησιμοποιεί μη επισημασμένα σύνολα δεδομένων αποκλειστικά για την ανακάλυψη υποκείμενων δομών, προτύπων ή ομαδοποιήσεων εντός των δεδομένων."
"Στα βιβλία του Χάρι Πότερ, ποιο είναι το όνομα του ξωτικού του σπιτιού που ανήκε στην οικογένεια Μπλακ και περιφρονούσε τις μάγισσες και τους μάγους με μη μαγική καταγωγή;",,Κρίτσερ
"Προσδιορίστε ποια δομή είναι κυρίως Ρομανική και ποια είναι κυρίως Γοτθική: Βασιλική Saint-Sernin (Τουλούζη), Καθεδρικός Ναός της Ρεμς.",,"Η Βασιλική Saint-Sernin είναι Ρομανική, ο Καθεδρικός Ναός της Ρεμς είναι Γοτθικός."
Εξηγήστε την κύρια λειτουργία και σημασία της ανθρώπινης σκωληκοειδούς απόφυσης σύμφωνα με τη σύγχρονη κατανόηση.,"Η σκωληκοειδής απόφυση είναι ένας στενός, δακτυλοειδής σάκος που προεξέχει από το τοίχωμα του παχέος εντέρου. Για δεκαετίες, η σκωληκοειδής απόφυση θεωρούνταν υπολειμματικό όργανο—μια εξελικτική δομή που απέμεινε χωρίς πρακτική χρήση στους σύγχρονους ανθρώπους. Ωστόσο, πρόσφατες έρευνες υποδεικνύουν ότι μπορεί να μην είναι άχρηστη. Τώρα θεωρείται ότι λειτουργεί ως «καταφύγιο» για τα ωφέλιμα βακτήρια του εντέρου. Εάν μια σοβαρή διάρροια (όπως η χολέρα ή η δυσεντερία) απομακρύνει τις βακτηριακές αποικίες από το υπόλοιπο έντερο, η σκωληκοειδής απόφυση διατηρεί μια δεξαμενή αυτών των απαραίτητων μικροβίων, επιτρέποντας την ταχεία επανασπορά και ανάκαμψη του πεπτικού συστήματος.","Ενώ ιστορικά θεωρούνταν υπολειμματικό όργανο, πιστεύεται τώρα ότι η σκωληκοειδής απόφυση λειτουργεί ως «καταφύγιο» ή δεξαμενή για τα ωφέλιμα βακτήρια του εντέρου. Η κύρια σημασία της έγκειται στη διευκόλυνση της ανάρρωσης από σοβαρές εντερικές λοιμώξεις (όπως η χολέρα ή η δυσεντερία). Όταν αυτές οι ασθένειες εξαντλούν τα υγιή βακτήρια από το υπόλοιπο πεπτικό σύστημα, η σκωληκοειδής απόφυση διατηρεί ένα απόθεμα μικροβίων, επιτρέποντας την ταχεία επαναδημιουργία της φυσιολογικής εντερικής χλωρίδας."
Ποια είναι η λειτουργία και η ιστορία ενός φάρου;,"Ο φάρος είναι ένας πύργος, κτίριο ή άλλος τύπος κατασκευής σχεδιασμένος να εκπέμπει φως από ένα σύστημα λαμπτήρων και φακών και να χρησιμεύει ως βοήθημα πλοήγησης για τους ναυτικούς στη θάλασσα ή σε εσωτερικές πλωτές οδούς. Οι φάροι σηματοδοτούν επικίνδυνες ακτογραμμές, επικίνδυνες ξέρες, υφάλους, βράχια και ασφαλείς εισόδους σε λιμάνια. βοηθούν επίσης στην αεροπορική ναυσιπλοΐα. Αν και κάποτε χρησιμοποιούνταν ευρέως, ο αριθμός των λειτουργικών φάρων έχει μειωθεί λόγω του κόστους συντήρησης και της ανόδου των ηλεκτρονικών συστημάτων πλοήγησης όπως το GPS.","Ο φάρος είναι μια κατασκευή σχεδιασμένη να εκπέμπει φως για να χρησιμεύει ως κρίσιμο βοήθημα πλοήγησης για τους ναυτικούς. Η κύρια λειτουργία τους είναι να προειδοποιούν τα πλοία μακριά από επικίνδυνες ακτογραμμές, βράχια και ξέρες, και να τα καθοδηγούν με ασφάλεια στα λιμάνια. Κάθε φάρος έχει μια μοναδική υπογραφή φωτός (μοτίβο αναλαμπών) που επιτρέπει στους ναυτικούς να αναγνωρίζουν την τοποθεσία τους.

Η παλαιότερη γνωστή κατασκευή φάρου ήταν ο Φάρος της Αλεξάνδρειας, ένα από τα Επτά Θαύματα του Αρχαίου Κόσμου, που χτίστηκε γύρω στο 280 π.Χ. Ωστόσο, οι πρώτοι σύγχρονοι φάροι, οι οποίοι χρησιμοποίησαν σύνθετους οπτικούς φακούς, αναπτύχθηκαν τον 18ο αιώνα. Η ευρεία χρήση του φακού Fresnel, που εφευρέθηκε το 1823 από τον Augustin-Jean Fresnel, βελτίωσε σημαντικά την εμβέλεια και την ένταση των δεσμών των φάρων.

Αν και ιστορικά ήταν εξαιρετικά σημαντικοί, ο αριθμός των λειτουργούντων φάρων έχει μειωθεί σημαντικά από τα τέλη του 20ού αιώνα, κυρίως λόγω του υψηλού κόστους συντήρησης και της ευρείας υιοθέτησης σύγχρονων ηλεκτρονικών εργαλείων πλοήγησης όπως το GPS και τα συστήματα δορυφορικής πλοήγησης. Πολλοί εναπομείναντες φάροι είναι πλέον αυτοματοποιημένοι ή διατηρούνται ως ιστορικά μνημεία."
Πότε πρέπει να χρησιμοποιήσω μια συνδεδεμένη λίστα αντί για έναν δυναμικό πίνακα;,,"Οι συνδεδεμένες λίστες είναι πλεονεκτικές όταν απαιτούνται συχνές εισαγωγές και διαγραφές, ειδικά σε αυθαίρετες θέσεις εντός της ακολουθίας, καθώς αυτές οι λειτουργίες τυπικά απαιτούν χρόνο O(1) (αφού βρεθεί ο κόμβος). Οι δυναμικοί πίνακες, αντίθετα, προτιμώνται όταν η γρήγορη, σταθερού χρόνου τυχαία πρόσβαση (λήψη του Ν-οστού στοιχείου) είναι απαραίτητη, καθώς η πρόσβαση σε στοιχεία σε μια συνδεδεμένη λίστα απαιτεί διάσχιση O(N). Οι πίνακες προσφέρουν επίσης ανώτερη εντοπιότητα κρυφής μνήμης."
Ποιος ήταν ο κύριος μηχανικός που ήταν υπεύθυνος για την ολοκλήρωση της Διώρυγας του Παναμά;,,"Η κατασκευή της Διώρυγας του Παναμά ολοκληρώθηκε υπό την ηγεσία του Συνταγματάρχη Τζορτζ Ουάσινγκτον Γκέταλς, ο οποίος υπηρέτησε ως αρχιμηχανικός του έργου αφότου οι ΗΠΑ ανέλαβαν τις εργασίες μετά την αποτυχημένη γαλλική προσπάθεια."
Ορίστε τη βιοϊατρική μηχανική.,"Η βιοϊατρική μηχανική (ΒΙΜ) είναι ένα ταχέως αναπτυσσόμενο, διεπιστημονικό πεδίο που εφαρμόζει τις αρχές της μηχανικής και εξελιγμένες σχεδιαστικές έννοιες στη βιολογία και την ιατρική. Αυτή η επιστήμη διαφέρει από τις άλλες στο ότι επικεντρώνεται συγκεκριμένα στη βελτίωση της ανθρώπινης υγείας, καλύπτοντας τομείς που κυμαίνονται από τη δημιουργία εξελιγμένων προσθετικών και προηγμένου ιατρικού εξοπλισμού απεικόνισης έως την ανάπτυξη νέων εργαλείων ανακάλυψης φαρμάκων. Περιλαμβάνει δεξιότητες ηλεκτρολόγου, μηχανολόγου και χημικού μηχανικού, ενσωματώνοντας αυτές τις έννοιες για να γεφυρώσει το χάσμα μεταξύ μηχανικής και ιατρικής, προωθώντας έτσι τις θεραπείες υγειονομικής περίθαλψης.",Η βιοϊατρική μηχανική είναι ένα διεπιστημονικό πεδίο που εφαρμόζει αρχές μηχανικής και σχεδιαστικές έννοιες στη βιολογία και την ιατρική για τη βελτίωση της ανθρώπινης υγείας και την προώθηση των θεραπειών υγειονομικής περίθαλψης.
Ποια είναι η πιο ουσιώδης ποιότητα για την αποτελεσματική σύγχρονη ηγεσία;,,"Ενώ τα βιβλία ιστορίας συχνά επαινούν τους ηγέτες για το ακλόνητο όραμά τους ή την σιδηρά ακεραιότητά τους, η μοναδική πιο ουσιώδης ποιότητα για την αποτελεσματική σύγχρονη ηγεσία είναι, χωρίς αμφιβολία, η ριζική προσαρμοστικότητα. Σε μια εποχή που ορίζεται από την αστάθεια, την αβεβαιότητα, την πολυπλοκότητα και την ασάφεια (το παράδειγμα VUCA), ο ηγέτης που δεν μπορεί να στρίψει είναι ένας ηγέτης προορισμένος για την ασημαντότητα. Το σύγχρονο επιχειρηματικό και πολιτικό τοπίο δεν προσφέρει τη σταθερότητα που απολάμβαναν οι προηγούμενες γενιές. Οι στρατηγικές, οι τεχνολογίες, οι αγορές και οι προσδοκίες των εργαζομένων μπορούν να μεταβληθούν ριζικά μέσα σε ένα μόνο οικονομικό τρίμηνο. Ένα στατικό όραμα, όσο εμπνευσμένο κι αν είναι στην αρχική του σύλληψη, γίνεται βάρος αν δεν μπορεί να λυγίσει στην πραγματικότητα. Ο προσαρμοστικός ηγέτης κατανοεί ότι τα σχέδια είναι απλώς προσωρινοί οδικοί χάρτες, όχι ιερά κείμενα. Αυτή η ποιότητα εκδηλώνεται με διάφορους βασικούς τρόπους. Πρώτον, η οργανωτική ανθεκτικότητα. Οι προσαρμοστικοί ηγέτες καλλιεργούν μια κουλτούρα όπου η αποτυχία δεν είναι τελική κατάσταση, αλλά μια ευκαιρία μάθησης που ενημερώνει το επόμενο επαναληπτικό βήμα. Δημιουργούν συστήματα σχεδιασμένα για γρήγορη ανατροφοδότηση και εφαρμογή αλλαγών. Δεύτερον, η γνωστική ευελιξία. Αυτό σημαίνει να μπορεί κανείς να απορρίψει μια βαθιά ριζωμένη πεποίθηση ή στρατηγική όταν νέα δεδομένα την ακυρώνουν, αποφεύγοντας τη πλάνη του χαμένου κόστους που σακατεύει τους άκαμπτους οργανισμούς. Τρίτον, η ενσυναισθητική εξέλιξη. Το σύγχρονο εργατικό δυναμικό απαιτεί διαφορετικά στυλ διαχείρισης, υβριδικά μοντέλα και εξατομικευμένες διαδρομές σταδιοδρομίας. Ένας πραγματικά προσαρμοστικός ηγέτης προσαρμόζει την προσωπική του επικοινωνία και τα εργαλεία κινήτρων του για να ανταποκριθεί στις ανάγκες των διαφορετικών και εξελισσόμενων ομάδων. Χωρίς προσαρμοστικότητα, ακόμη και το πιο βαθύ όραμα και οι πιο οξείες δεξιότητες επικοινωνίας θα στοχεύουν τελικά σε έναν στόχο που δεν υπάρχει πλέον. Η προσαρμοστικότητα εξασφαλίζει την επιβίωση. Στην ηγεσία, η επιβίωση είναι το πρώτο βήμα προς τη διαρκή επιτυχία."
"Εξηγήστε την έννοια του Πολυμορφισμού στον Αντικειμενοστραφή Προγραμματισμό (ΑΟΠ) και δώστε ένα απλό, εννοιολογικό παράδειγμα.",,"Ο Πολυμορφισμός, που κυριολεκτικά σημαίνει 'πολλές μορφές', είναι ένας βασικός πυλώνας του Αντικειμενοστραφούς Προγραμματισμού (ΑΟΠ). Επιτρέπει σε μια οντότητα (όπως μια συνάρτηση, ένας τελεστής ή ένα αντικείμενο) να λαμβάνει διαφορετικές μορφές ή έννοιες ανάλογα με το πλαίσιο στο οποίο χρησιμοποιείται. Αυτή η λειτουργία επιτρέπει στους προγραμματιστές να χρησιμοποιούν μία ενιαία διεπαφή για να αναπαραστήσουν διαφορετικούς υποκείμενους τύπους (τύπους δεδομένων).

Υπάρχουν δύο κύριοι τύποι πολυμορφισμού:

1. **Πολυμορφισμός κατά τον χρόνο μεταγλώττισης (Υπερφόρτωση Μεθόδου - Method Overloading):** Αυτό συμβαίνει όταν πολλαπλές μέθοδοι στην ίδια κλάση μοιράζονται το ίδιο όνομα αλλά έχουν διαφορετικές λίστες παραμέτρων (διαφορετικό πλήθος ή τύπους ορισμάτων).
2. **Πολυμορφισμός κατά τον χρόνο εκτέλεσης (Υπερκάλυψη Μεθόδου - Method Overriding):** Αυτό συμβαίνει όταν μια υποκλάση παρέχει μια συγκεκριμένη υλοποίηση για μια μέθοδο που έχει ήδη οριστεί στην γονική της κλάση. Η κλήση της μεθόδου επιλύεται δυναμικά κατά τη διάρκεια της εκτέλεσης.

**Εννοιολογικό Παράδειγμα:** Θεωρήστε μια βασική κλάση που ονομάζεται 'Shape' (Σχήμα) η οποία έχει μια μέθοδο που ονομάζεται 'CalculateArea()' (ΥπολόγισεΕμβαδόν). Τόσο μια κλάση 'Circle' (Κύκλος) όσο και μια κλάση 'Square' (Τετράγωνο) κληρονομούν από την 'Shape'. Όταν καλείτε την 'CalculateArea()' σε ένα αντικείμενο 'Circle', εκτελείται ο τύπος για έναν κύκλο (π * r^2). Όταν καλείτε την 'CalculateArea()' σε ένα αντικείμενο 'Square', εκτελείται ο τύπος για ένα τετράγωνο (πλευρά * πλευρά). Το ενιαίο όνομα μεθόδου, 'CalculateArea()', συμπεριφέρεται πολυμορφικά ανάλογα με τον συγκεκριμένο τύπο αντικειμένου που την καλεί."
Εξηγήστε την έννοια του Σημείου Θερμότητας της Χαβάης (Hawaiian Hotspot) και πώς οδήγησε στον σχηματισμό των Νησιών της Χαβάης.,,"Το Σημείο Θερμότητας της Χαβάης είναι ένα ηφαιστειακό θερμό σημείο που βρίσκεται κάτω από το νησί της Χαβάης. Είναι ένα λοφίο του μανδύα, μια περιοχή όπου η θερμότητα και το μάγμα ανέρχονται από τα βάθη του μανδύα της Γης. Σε αντίθεση με τα περισσότερα ηφαίστεια, τα θερμά σημεία είναι σταθερά, ενώ οι τεκτονικές πλάκες από πάνω τους κινούνται αργά. Καθώς η Πλάκα του Ειρηνικού κινείται βορειοδυτικά πάνω από αυτό το σταθερό λοφίο για εκατομμύρια χρόνια, το μάγμα διαπερνά συνεχώς τον φλοιό, σχηματίζοντας μια μακριά αλυσίδα από προοδευτικά παλαιότερα ηφαίστεια και υποθαλάσσια όρη, γνωστή ως η αλυσίδα υποθαλάσσιων ορέων Χαβάης–Αυτοκράτορα. Το νησί που βρίσκεται επί του παρόντος πάνω από το θερμό σημείο είναι η Χαβάη (το Μεγάλο Νησί), το οποίο περιέχει τα ενεργά ηφαίστεια Κιλαουέα και Μάουνα Λόα."
Ποιο ήταν το όνομα του δορυφόρου που πέτυχε την πρώτη επιτυχημένη τροχιακή διαστημική πτήση;,"Η κούρσα του διαστήματος μεταξύ των Ηνωμένων Πολιτειών και της Σοβιετικής Ένωσης εντάθηκε στα τέλη της δεκαετίας του 1950. Ενώ πολλές προηγούμενες προσπάθειες και των δύο εθνών είχαν αποτύχει ή είχαν καταλήξει σε υποτροχιακές πτήσεις, το αληθινό ορόσημο ήρθε στις 4 Οκτωβρίου 1957. Την ημερομηνία αυτή, η Σοβιετική Ένωση εκτόξευσε με επιτυχία έναν διηπειρωτικό βαλλιστικό πύραυλο R-7, μεταφέροντας μια μικρή, γυαλισμένη μεταλλική σφαίρα διαμέτρου μόλις 58 εκ. (23 ίντσες). Αυτός ο πρωτοποριακός τεχνητός δορυφόρος, γνωστός παγκοσμίως ως Σπούτνικ 1, τέθηκε σε τροχιά γύρω από τη Γη. Η επιτυχία του Σπούτνικ 1 σόκαρε το αμερικανικό κοινό και την κυβέρνηση, οδηγώντας άμεσα στην ίδρυση της NASA το επόμενο έτος και αλλάζοντας δραστικά τις προτεραιότητες της επιστημονικής εκπαίδευσης.",Ο δορυφόρος ονομάστηκε Σπούτνικ 1.
Πόσα χρόνια υπηρέτησε η Δρ. Έβελιν Ριντ ως ανώτερη σύμβουλος στο Παγκόσμιο Ταμείο για το Κλίμα;,"Η Δρ. Έβελιν Ριντ ξεκίνησε την επιστημονική της σταδιοδρομία εστιάζοντας στη φυσική της ατμόσφαιρας, δημοσιεύοντας το θεμελιώδες έργο της το 1985. Εντάχθηκε στο διδακτικό προσωπικό του MIT το 1990 και προήχθη σε πρόεδρο του τμήματος το 2005. Υπηρέτησε ως πρόεδρος για 12 χρόνια πριν αποχωρήσει από το MIT το 2017. Στη συνέχεια ανέλαβε το ρόλο της ανώτερης συμβούλου στο Παγκόσμιο Ταμείο για το Κλίμα από το 2018 έως το 2023.",5 χρόνια (από το 2018 έως το 2023).
"Κατηγοριοποιήστε τα ακόλουθα ζώα σε έναν από τους τρεις βασικούς βιότοπους: Έρημος, Υδάτινος ή Δάσος. Χρησιμοποιήστε την ακόλουθη λίστα: Καμήλα, Μπλε Φάλαινα, Αρκούδα Γκρίζλι, Κροταλίας, Καρχαρίας, Κουκουβάγια.",,"Έρημος: Καμήλα, Κροταλίας. Υδάτινος: Μπλε Φάλαινα, Καρχαρίας. Δάσος: Αρκούδα Γκρίζλι, Κουκουβάγια."
"Σύμφωνα με το κείμενο, περίπου πότε ο Ιωάννης Γουτεμβέργιος εφηύρε την τυπογραφική μηχανή με κινητά στοιχεία στην Ευρώπη;","Ο Ιωάννης Γουτεμβέργιος πιστώνεται με την εφεύρεση της τυπογραφικής μηχανής με κινητά στοιχεία στην Ευρώπη γύρω στο 1440. Ως χρυσοχόος στο επάγγελμα, άρχισε να πειραματίζεται με την εκτύπωση στο Στρασβούργο. Το σημαντικότερο έργο του, η Βίβλος του Γουτεμβέργιου, τυπώθηκε στο Μάιντς γύρω στο 1455. Αυτή η εφεύρεση μείωσε δραματικά το κόστος παραγωγής βιβλίων και διέδωσε γρήγορα τη γνώση σε όλη την ήπειρο, συμβάλλοντας σημαντικά στην Αναγέννηση και την Επιστημονική Επανάσταση. Αν και τα κινητά στοιχεία είχαν εφευρεθεί νωρίτερα στην Κίνα και την Κορέα, ο σχεδιασμός του Γουτεμβέργιου, ο οποίος ενσωμάτωνε μελάνι με βάση το λάδι και ρυθμιζόμενα καλούπια, σηματοδότησε μια κομβική τεχνολογική αλλαγή στη Δύση.",Ο Γουτεμβέργιος εφηύρε την τυπογραφική μηχανή με κινητά στοιχεία στην Ευρώπη γύρω στο 1440.
"Με βάση το παρεχόμενο κείμενο για τον Γιοχάνες Γκούτενμπεργκ, προσδιορίστε το κατά προσέγγιση έτος που ξεκίνησε η κρίσιμη περίοδος ανάπτυξής του στο Μάιντς, απαριθμήστε τις τρεις κύριες καινοτομίες που συστηματοποίησε και εξηγήστε τη συνολική επίδραση της εφεύρεσής του στην ευρωπαϊκή κοινωνία.","Ο Γιοχάνες Γκούτενμπεργκ, Γερμανός εφευρέτης, χρυσοχόος, τυπογράφος και εκδότης, εισήγαγε τη μηχανική εκτύπωση με κινητά τυπογραφικά στοιχεία στην Ευρώπη στα μέσα του 15ου αιώνα. Το πρωτοποριακό του έργο ξεκίνησε γύρω στο 1440 στο Στρασβούργο, αν και η κρίσιμη περίοδος ανάπτυξης σημειώθηκε αφού επέστρεψε στο Μάιντς γύρω στο 1450. Η βασική καινοτομία του Γκούτενμπεργκ δεν ήταν μόνο τα ίδια τα κινητά τυπογραφικά στοιχεία (τα οποία υπήρχαν προηγουμένως στην Ασία), αλλά ολόκληρο το σύστημα που ανέπτυξε: το μηχανικό πιεστήριο προσαρμοσμένο από πατητήρια κρασιού, η μελάνη με βάση το λάδι κατάλληλη για εκτύπωση, και, κυρίως, η εφεύρεση ενός χειροκίνητου καλουπιού για την αποδοτική χύτευση ανθεκτικών, ομοιόμορφων τυπογραφικών στοιχείων. Αυτό το σύστημα έκανε την μαζική παραγωγή βιβλίων οικονομική. Το σημαντικότερο έργο που συνδέεται με αυτόν είναι η Βίβλος του Γκούτενμπεργκ (επίσης γνωστή ως Βίβλος των 42 γραμμών), η οποία ολοκληρώθηκε γύρω στο 1455. Η επιτυχία αυτής της Βίβλου απέδειξε τη βιωσιμότητα της νέας τεχνολογίας. Πριν τον Γκούτενμπεργκ, τα βιβλία αντιγράφονταν με το χέρι, μια αργή και δαπανηρή διαδικασία που περιόριζε τον αλφαβητισμό. Με τη δραματική μείωση του κόστους παραγωγής έντυπου υλικού, η τυπογραφική πρέσα έπαιξε σημαντικό ρόλο στην ανάπτυξη της Αναγέννησης, της Προτεσταντικής Μεταρρύθμισης και του Διαφωτισμού, αλλάζοντας θεμελιωδώς τη δομή της ευρωπαϊκής κοινωνίας και επιταχύνοντας τη διάδοση της γνώσης.","Η κρίσιμη περίοδος ανάπτυξης για το σύστημα εκτύπωσης του Γκούτενμπεργκ ξεκίνησε γύρω στο 1450 αφού επέστρεψε στο Μάιντς. 

Οι τρεις κύριες καινοτομίες που συστηματοποίησε ήταν:
1. Το μηχανικό πιεστήριο (προσαρμοσμένο από πατητήρια κρασιού).
2. Μελάνη με βάση το λάδι κατάλληλη για εκτύπωση.
3. Η εφεύρεση ενός χειροκίνητου καλουπιού για την αποδοτική χύτευση ανθεκτικών, ομοιόμορφων τυπογραφικών στοιχείων.

Η συνολική επίδραση στην ευρωπαϊκή κοινωνία ήταν βαθιά· με τη δραματική μείωση του κόστους παραγωγής έντυπου υλικού, η τυπογραφική πρέσα επιτάχυνε τη διάδοση της γνώσης και έπαιξε σημαντικό ρόλο στην ανάπτυξη της Αναγέννησης, της Προτεσταντικής Μεταρρύθμισης και του Διαφωτισμού."
Αναφέρετε πρακτικά βήματα που μπορώ να κάνω απόψε για να βελτιώσω άμεσα την ποιότητα του ύπνου μου.,,"Η βελτίωση του ύπνου απόψε περιλαμβάνει την εστίαση σε τρεις βασικούς τομείς: περιβάλλον, ρουτίνα και διατροφή. **Περιβάλλον:** Βεβαιωθείτε ότι η κρεβατοκάμαρά σας είναι δροσερή (ιδανικά μεταξύ 60-67°F ή 15-19°C) και εντελώς σκοτεινή. Χρησιμοποιήστε κουρτίνες συσκότισης ή μάσκα ύπνου εάν είναι απαραίτητο, καθώς ακόμη και μικρές ποσότητες φωτός μπορούν να διαταράξουν τους κύκλους REM. **Ρουτίνα:** Ξεκινήστε μια περίοδο «χαλάρωσης» τουλάχιστον 60 λεπτά πριν από την ώρα που στοχεύετε να κοιμηθείτε. Κατά τη διάρκεια αυτής της περιόδου, εξαλείψτε κάθε έκθεση σε μπλε φως (τηλέφωνα, τάμπλετ, οθόνες τηλεόρασης), καθώς το μπλε φως καταστέλλει την παραγωγή μελατονίνης. Αντ' αυτού, διαβάστε ένα φυσικό βιβλίο, ακούστε χαλαρωτική μουσική ή κάντε ελαφρές διατάσεις ή διαλογισμό. **Διατροφή/Κατανάλωση:** Αποφύγετε την κατανάλωση καφεΐνης και αλκοόλ για τουλάχιστον τέσσερις ώρες πριν σκοπεύετε να κοιμηθείτε. Ενώ το αλκοόλ μπορεί αρχικά να σας προκαλέσει υπνηλία, διασπά σοβαρά τον ύπνο αργότερα τη νύχτα, οδηγώντας σε κακή ανάκαμψη. Εάν πρέπει οπωσδήποτε να φάτε ένα σνακ, επιλέξτε ελαφριά, πλούσια σε τρυπτοφάνη τρόφιμα, όπως μια μπανάνα ή μια μικρή μερίδα απλό γιαούρτι."
Πώς έχει θολώσει η άνοδος της πανταχού παρούσας ψηφιακής επικοινωνίας τα παραδοσιακά όρια μεταξύ επαγγελματικής και προσωπικής ζωής;,,"Το θόλωμα των επαγγελματικών και προσωπικών ορίων καθοδηγείται θεμελιωδώς από το smartphone και την κουλτούρα της «συνεχούς διαθεσιμότητας» που καλλιεργεί. Ιστορικά, η διαδρομή προς τη δουλειά λειτουργούσε ως μια σωματική και ψυχική μετάβαση, σηματοδοτώντας το τέλος της εργάσιμης ημέρας. Σήμερα, το γραφείο μεταφέρεται στην τσέπη κάποιου. 

Η προσδοκία, συχνά άρρητη, είναι ότι επειδή ένας υπάλληλος *μπορεί* να προσεγγιστεί 24/7 μέσω email ή εφαρμογών ανταλλαγής μηνυμάτων, *πρέπει* να είναι άμεσα διαθέσιμος/η. Αυτό οδηγεί στη διάβρωση του «ιερών» προσωπικών στιγμών, καθώς το δείπνο με την οικογένεια ή μια εξόρμηση το Σαββατοκύριακο μπορεί να διακοπεί άμεσα από μια εργασιακή έκτακτη ανάγκη ή ακόμα και από ένα απλό αίτημα. Αυτή η συνεχής συνδεσιμότητα σημαίνει ότι αντί να επιτυγχάνουν «ισορροπία εργασίας-ζωής», τα άτομα συχνά βρίσκονται κολλημένα σε μια κατάσταση «ενσωμάτωσης εργασίας-ζωής», όπου οι εργασίες από οποιαδήποτε σφαίρα παρεισφρύουν απρόβλεπτα στην άλλη. Το ψυχολογικό κόστος είναι σημαντικό, καθώς ο εγκέφαλος δεν απενεργοποιείται και δεν ανακάμπτει ποτέ πραγματικά από το γνωστικό φορτίο του χώρου εργασίας, οδηγώντας σε αυξημένη επαγγελματική εξουθένωση (burnout) και άγχος."
Εξηγήστε την κύρια λειτουργία της χλωροφύλλης στα φυτά.,,"Η χλωροφύλλη είναι απαραίτητη για τη φωτοσύνθεση. Απορροφά την ενέργεια του φωτός, κυρίως στα κόκκινα και μπλε μέρη του φάσματος του φωτός, την οποία το φυτό χρησιμοποιεί στη συνέχεια για να μετατρέψει το νερό και το διοξείδιο του άνθρακα σε γλυκόζη (ζάχαρη) και οξυγόνο."
Δημιουργήστε μια λίστα συσκευασίας για ένα 7ήμερο καλοκαιρινό ταξίδι backpacking στον Βορειοδυτικό Ειρηνικό.,,"**Ρούχα:**
1. Αδιάβροχο μπουφάν (αδιάβροχο/διαπνέον)
2. Μποτάκια πεζοπορίας (φορεμένα/στρωμένα)
3. 3 ζευγάρια κάλτσες που απομακρύνουν την υγρασία
4. Θερμοεσώρουχα (ισοθερμική μπλούζα/παντελόνι)
5. Καπέλο ηλίου

**Εξοπλισμός:**
6. Ελαφριά σκηνή
7. Υπνόσακος (για 30-40°F)
8. Εστία μαγειρέματος και καύσιμο
9. Φίλτρο νερού/ταμπλέτες καθαρισμού
10. Κάνιστρο για αρκούδες ή εγκεκριμένος αποθηκευτικός χώρος τροφίμων

**Ασφάλεια/Πλοήγηση:**
11. Φακός κεφαλής και επιπλέον μπαταρίες
12. Χάρτης και πυξίδα (ή συσκευή GPS)
13. Κιτ Πρώτων Βοηθειών"
Περιγράψτε την κύρια διαδρομή και την ιστορική σημασία του Δρόμου του Μεταξιού.,,"Ο Δρόμος του Μεταξιού δεν ήταν ένας ενιαίος δρόμος, αλλά ένα τεράστιο δίκτυο αλληλένδετων εμπορικών διαδρομών που συνέδεε κυρίως την Ανατολική Ασία (ξεκινώντας γύρω από την Τσανγκάν στην Κίνα) με τη Μεσόγειο Θάλασσα και μέρη της Ευρώπης. Ιστορικά, η σημασία του ξεπέρασε κατά πολύ το εμπόριο ειδών πολυτελείας, όπως το μετάξι και τα μπαχαρικά. Ήταν η ουσιαστική δίοδος για την ανταλλαγή τεχνολογικών καινοτομιών (όπως το χαρτί και η τυπογραφία), πολιτιστικών πρακτικών και μεγάλων θρησκειών (όπως ο Βουδισμός και το Ισλάμ) μεταξύ των πολιτισμών της Ασίας, της Περσίας, των Αράβων και της Ευρώπης από τον δεύτερο αιώνα π.Χ. και μετά."
Ποιο είναι το ανώτερο ρόφημα: ο καφές ή το τσάι;,,"Τόσο ο καφές όσο και το τσάι έχουν τεράστια παγκόσμια σημασία και προσφέρουν ξεχωριστά οφέλη. Ο καφές συχνά προτιμάται για την ισχυρότερη δόση καφεΐνης του και τις πολύπλοκες τελετουργίες παρασκευής (εσπρέσο, pour-over). Το τσάι, από την άλλη πλευρά, διαθέτει μεγαλύτερη ποικιλία γεύσεων, ιστορικό βάθος, και συχνά προσφέρει μια πιο ήπια, πιο παρατεταμένη απελευθέρωση ενέργειας. Η «ανώτερη» επιλογή εξαρτάται εξ ολοκλήρου από το επιθυμητό αποτέλεσμα, το γευστικό προφίλ και το πολιτισμικό πλαίσιο του πότη. Υπάρχει χώρος και για τα δύο φανταστικά ροφήματα σε μια ισορροπημένη διατροφή."
"Ονομάστε τους τρεις μεγάλους Έλληνες άνδρες θεούς που ήταν αδέλφια και μοίρασαν τον κόσμο, και αναφέρετε ποια περιοχή έλεγχε ο καθένας.",,"Οι τρεις μεγάλοι αδελφοί θεοί που μοίρασαν τον κόσμο μετά την ανατροπή των Τιτάνων ήταν ο Δίας, ο οποίος έλεγχε τον ουρανό και ήταν βασιλιάς των θεών· ο Ποσειδώνας, ο οποίος έλεγχε τη θάλασσα· και ο Άδης, ο οποίος κυβερνούσε τον Κάτω Κόσμο."
Για ποιο μεγάλο γεγονός κατασκευάστηκε αρχικά ο Πύργος του Άιφελ;,,"Ο Πύργος του Άιφελ κατασκευάστηκε ως αψίδα εισόδου για την Exposition Universelle (Παγκόσμια Έκθεση) του 1889, η οποία πραγματοποιήθηκε στο Παρίσι."
Εξηγήστε τον ορίζοντα γεγονότων μιας μαύρης τρύπας.,,"Ο ορίζοντας γεγονότων είναι το όριο που περιβάλλει μια μαύρη τρύπα από το εσωτερικό του οποίου τίποτα, ούτε καν το φως, δεν μπορεί να διαφύγει. Συχνά αναφέρεται ως το «σημείο χωρίς επιστροφή». Δεν είναι μια φυσική επιφάνεια, αλλά ένα όριο στον χωροχρόνο που ορίζεται από τη βαρύτητα. Σηματοδοτεί την απόσταση από την ιδιομορφία (singularity) όπου η ταχύτητα διαφυγής υπερβαίνει την ταχύτητα του φωτός. Μόλις ένα αντικείμενο διασχίσει τον ορίζοντα γεγονότων, πρέπει αναπόφευκτα να πέσει προς την ιδιομορφία στο κέντρο της μαύρης τρύπας λόγω της ακραίας βαρυτικής έλξης. Μαθηματικά, η ακτίνα του ορίζοντα γεγονότων για μια μαύρη τρύπα που δεν περιστρέφεται είναι γνωστή ως ακτίνα Schwarzschild και το μέγεθός της είναι ευθέως ανάλογο με τη μάζα της μαύρης τρύπας."
Περιγράψτε τα απαραίτητα βήματα που απαιτούνται για την έναρξη και τον σχεδιασμό ενός έργου ανάπτυξης λογισμικού μεσαίας έως μεγάλης κλίμακας.,,"Η έναρξη του έργου περιλαμβάνει διάφορες κρίσιμες φάσεις που αποσκοπούν στον καθορισμό του πεδίου εφαρμογής και τη διασφάλιση των απαραίτητων πόρων πριν ξεκινήσει η ανάπτυξη. Αυτά τα βήματα μετατρέπουν την ιδέα σε ένα επίσημο, υλοποιήσιμο σχέδιο έργου. 

1. **Καθορισμός Πεδίου Εφαρμογής και Στόχων:** Καταγράψτε σαφώς το «Γιατί» και το «Τι» του έργου. Αυτό περιλαμβάνει τον προσδιορισμό των λειτουργικών απαιτήσεων υψηλού επιπέδου, τον καθορισμό βασικών δεικτών επιτυχίας (KPIs) και τον εντοπισμό όλων των απαραίτητων ενδιαφερόμενων μερών.

2. **Μελέτη Σκοπιμότητας και Προϋπολογισμός:** Προσδιορίστε εάν το έργο είναι τεχνικά, οικονομικά και λειτουργικά βιώσιμο. Εξασφαλίστε τον απαραίτητο προϋπολογισμό, διαθέστε κεφάλαια για πόρους (άδειες, υποδομή cloud, προσωπικό) και ορίστε μέτρα ελέγχου του κόστους.

3. **Σχηματισμός Ομάδας και Ρόλοι:** Ορίστε τον Υπεύθυνο Έργου (Project Manager) και τα βασικά μέλη της ομάδας (Αρχιτέκτονες, Επικεφαλής κ.λπ.). Καθορίστε συγκεκριμένους ρόλους και αρμοδιότητες και θεσπίστε τη δομή επικοινωνίας και τη συχνότητα των συναντήσεων.

4. **Αξιολόγηση Κινδύνων και Σχεδιασμός Μετριασμού:** Προσδιορίστε πιθανά εσωτερικά και εξωτερικά εμπόδια (π.χ. τεχνικό χρέος, περιορισμοί πόρων, εξαρτήσεις από εξωτερικά συστήματα). Αναπτύξτε σχέδια έκτακτης ανάγκης για κινδύνους υψηλής προτεραιότητας.

5. **Ανάπτυξη Καταστατικού Έργου (Project Charter):** Επισήμανση όλων των αρχικών εγγράφων (πεδίο εφαρμογής, στόχοι, ενδιαφερόμενα μέρη, προϋπολογισμός) σε ένα ενιαίο εγκεκριμένο έγγραφο που εξουσιοδοτεί επίσημα το έργο να προχωρήσει στις φάσεις λεπτομερούς σχεδιασμού και εκτέλεσης."
Ποιος ανακάλυψε την πενικιλίνη και πότε;,,"Η πενικιλίνη ανακαλύφθηκε από τον Σκωτσέζο ιατρό Αλεξάντερ Φλέμινγκ το 1928 στο Νοσοκομείο St Mary's του Λονδίνου. Παρατήρησε ότι μια μούχλα, το *Penicillium notatum*, είχε μολύνει κατά λάθος ένα τρυβλίο καλλιέργειας βακτηρίων *Staphylococcus*, και η μούχλα αναστέλλονταν ενεργά την ανάπτυξη των βακτηρίων. Ενώ ο Φλέμινγκ δυσκολεύτηκε αρχικά να απομονώσει και να σταθεροποιήσει την ένωση για μαζική παραγωγή, η κλινική της σημασία καθιερώθηκε αργότερα και αναπτύχθηκε σε ένα σωτήριο φάρμακο από τον Χάουαρντ Φλόρεϊ και τον Ερνστ Τσέιν κατά τη διάρκεια της δεκαετίας του 1940, οδηγώντας στο βραβείο Νόμπελ και για τους τρεις άνδρες το 1945."
Απαριθμήστε τις τρεις πιο απαραίτητες εφαρμογές λογισμικού για έναν ελεύθερο επαγγελματία γραφίστα που ξεκινάει.,,"Ένας ελεύθερος επαγγελματίας γραφίστας θα πρέπει να δώσει προτεραιότητα σε αυτές τις τρεις εφαρμογές:
1. Adobe Photoshop (για επεξεργασία ράστερ και χειρισμό φωτογραφιών).
2. Adobe Illustrator (για διανυσματικά γραφικά και σχεδιασμό λογότυπων).
3. Adobe InDesign (για διάταξη, φυλλάδια και προετοιμασία εκτύπωσης)."
Ποια είναι τα πέντε κύρια στάδια του παραδοσιακού Κύκλου Ζωής Ανάπτυξης Λογισμικού (SDLC);,,"1. Συλλογή και Ανάλυση Απαιτήσεων
2. Σχεδιασμός Συστήματος
3. Υλοποίηση και Κωδικοποίηση
4. Δοκιμή και Ενοποίηση
5. Ανάπτυξη και Συντήρηση"
"Κατατάξτε τις ακόλουθες τοποθεσίες ανά ήπειρο: Ασουάν, Νησιά Γκαλαπάγκος, Σίδνεϊ.",,Το Ασουάν βρίσκεται στην Αφρική. Τα Νησιά Γκαλαπάγκος βρίσκονται στη Νότια Αμερική. Το Σίδνεϊ βρίσκεται στην Ωκεανία.
Ορίστε την 'κουλτούρα της ακύρωσης' ('cancel culture') και εξηγήστε τα κύρια επιχειρήματα υπέρ και κατά της παρουσίας της στη σύγχρονη κοινωνία.,,"Η κουλτούρα της ακύρωσης (cancel culture) είναι ένα σύγχρονο κοινωνιολογικό φαινόμενο που αναφέρεται στη μαζική απόσυρση υποστήριξης, τόσο κοινωνικής όσο και οικονομικής, από δημόσια πρόσωπα ή οργανισμούς, αφότου έχουν εμπλακεί σε συμπεριφορές ή έχουν κάνει δηλώσεις που θεωρούνται προσβλητικές, αμφιλεγόμενες ή επιβλαβείς. Αυτή η απόσυρση υποστήριξης εκδηλώνεται συχνά μέσω της διαδικτυακής διαπόμπευσης, των μποϊκοτάζ και των αιτημάτων για επαγγελματικές επιπτώσεις, συνήθως με έναυσμα τις πλατφόρμες κοινωνικής δικτύωσης.

Οι υποστηρικτές της κουλτούρας της ακύρωσης υποστηρίζουν ότι πρόκειται για ένα απαραίτητο εργαλείο για τη δημοκρατική λογοδοσία. Σε ένα αποκεντρωμένο περιβάλλον μέσων ενημέρωσης, παρέχει τη δύναμη σε απλούς ανθρώπους—ειδικά σε περιθωριοποιημένες κοινότητες—να καθιστούν υπόλογες ισχυρές οντότητες (διασημότητες, πολιτικούς, εταιρείες) για συστημικές καταχρήσεις, ρατσισμό, σεξισμό ή ιστορικές βλάβες που συχνά αδυνατούν να αντιμετωπίσουν οι παραδοσιακοί θεσμοί (όπως τα νομικά συστήματα ή τα τμήματα ανθρωπίνων πόρων). Από αυτή την οπτική, η «ακύρωση» είναι μια μορφή συλλογικής ηθικής επιβολής που εξαναγκάζει σε αναγνώριση επιβλαβούς λόγου ή συμπεριφοράς, οδηγώντας σε ουσιαστική κοινωνική αλλαγή.

Οι αντίπαλοι, ωστόσο, θεωρούν την κουλτούρα της ακύρωσης ως μια μορφή ανελεύθερης δικαιοσύνης του όχλου που υπονομεύει τη δίκαιη διαδικασία και την ελευθερία της έκφρασης. Οι επικρίσεις επικεντρώνονται σε διάφορα σημεία: Πρώτον, οι τιμωρίες είναι συχνά δυσανάλογες προς το παράπτωμα, οδηγώντας σε επαγγελματική καταστροφή λόγω μεμονωμένων ή εννοιολογικά διφορούμενων δηλώσεων. Δεύτερον, ενθαρρύνει μια κουλτούρα φόβου, όπου τα άτομα διστάζουν να εκφράσουν λεπτές απόψεις ή να συμμετάσχουν σε ειλικρινή συζήτηση από φόβο στοχοποιημένης παρενόχλησης. Τρίτον, η διαδικασία συχνά στερείται λογοδοσίας, βασιζόμενη σε γρήγορες, συναισθηματικές κρίσεις που τροφοδοτούνται από την αλγοριθμική ενίσχυση και όχι σε πραγματική διερεύνηση, οδηγώντας ενίοτε στη στοχοποίηση αθώων ατόμων ή στην ανακύκλωση παλιών, μη επαληθευμένων κατηγοριών."
"Ορίστε και διαφοροποιήστε τις ακόλουθες συνηθισμένες παραβάσεις κανονισμών του μπάσκετ: Βήματα (Traveling), Επιθετικό Φάουλ (Charging), και Τεχνική Ποινή (Technical Foul).",,"Η κατανόηση των κανονισμών του μπάσκετ απαιτεί τη γνώση της διαφοράς μεταξύ φάουλ (σωματική επαφή) και παράβασης (διαδικαστικά λάθη). Τα **Βήματα (Traveling)** είναι μια συνηθισμένη παράβαση, που συμβαίνει όταν ένας παίκτης κινεί παράνομα το πόδι περιστροφής του ενώ έχει την κατοχή της μπάλας ή κάνει πάρα πολλά βήματα χωρίς να ντριμπλάρει. Είναι παράβαση χωρίς επαφή και η ποινή έχει ως αποτέλεσμα την αλλαγή κατοχής. Το **Επιθετικό Φάουλ (Charging)** ταξινομείται ως επιθετικό προσωπικό φάουλ. Συμβαίνει όταν ο παίκτης που ντριμπλάρει ή σουτάρει ξεκινά παράνομη επαφή με έναν ακίνητο αμυντικό που έχει εγκαθιδρύσει νόμιμη θέση άμυνας. Αυτή η επαφή καταλήγει σε ελεύθερες βολές ή κατοχή, ανάλογα με την κατάσταση. Τέλος, η **Τεχνική Ποινή (Technical Foul)** είναι διακριτή επειδή συνήθως δεν περιλαμβάνει άμεση επαφή που σχετίζεται με την ενεργό φάση του παιχνιδιού, αλλά μάλλον αντιαθλητική συμπεριφορά, διαφωνία με διαιτητή ή διαδικαστικά λάθη όπως υπερβολικός αριθμός τάιμ άουτ. Οι τεχνικές ποινές τιμωρούνται συνήθως με ελεύθερες βολές και συνέχιση της κατοχής για την αντίπαλη ομάδα."
"Ποιος ποταμός αναγνωρίζεται γενικά ως ο μακρύτερος στον κόσμο, και ποιο είναι περίπου το μήκος του;",,"Ο ποταμός Αμαζόνας θεωρείται ευρέως ο μακρύτερος στον κόσμο, μετρώντας περίπου 6.992 χιλιόμετρα (4.345 μίλια)."
Ποια είναι η κρίσιμη διαφορά μεταξύ των υπεραγωγών Τύπου Ι και Τύπου ΙΙ όσον αφορά τα μαγνητικά πεδία;,"Η υπεραγωγιμότητα είναι ένα σύνολο φυσικών ιδιοτήτων που παρατηρούνται σε ορισμένα υλικά όπου η ηλεκτρική αντίσταση εξαφανίζεται και τα πεδία μαγνητικής ροής αποβάλλονται από το υλικό όταν ψύχεται κάτω από μια χαρακτηριστική κρίσιμη θερμοκρασία. Το φαινόμενο του τέλειου διαμαγνητισμού είναι γνωστό ως φαινόμενο Meissner. Οι υπεραγωγοί γενικά ταξινομούνται σε δύο κατηγορίες: Τύπου Ι και Τύπου ΙΙ. Οι υπεραγωγοί Τύπου Ι, συνήθως καθαρά μέταλλα, χάνουν απότομα την υπεραγωγιμότητα πάνω από ένα μόνο κρίσιμο μαγνητικό πεδίο (Hc). Αντίθετα, οι υπεραγωγοί Τύπου ΙΙ (συχνά κράματα ή κεραμικές ενώσεις) παρουσιάζουν δύο κρίσιμα πεδία, Hc1 και Hc2. Μεταξύ αυτών των δύο πεδίων, η μαγνητική ροή μπορεί να διεισδύσει εν μέρει στο υλικό με τη μορφή κβαντισμένων δινών, πράγμα που σημαίνει ότι δεν αποβάλλουν εντελώς το πεδίο μέχρι να επιτευχθεί το Hc2.","Οι υπεραγωγοί Τύπου Ι χάνουν απότομα την υπεραγωγιμότητα πάνω από ένα μόνο κρίσιμο μαγνητικό πεδίο (Hc), ενώ οι υπεραγωγοί Τύπου ΙΙ παρουσιάζουν δύο κρίσιμα πεδία (Hc1 και Hc2), επιτρέποντας στη μαγνητική ροή να διεισδύσει εν μέρει στο υλικό με τη μορφή κβαντισμένων δινών μεταξύ αυτών των πεδίων."
Ποιος είναι ο καλύτερος τρόπος για να επισκευάσετε μια βρύση κουζίνας που στάζει;,,"Πρώτα, εντοπίστε τις βαλβίδες διακοπής κάτω από τον νεροχύτη και κλείστε εντελώς την παροχή νερού. Προσδιορίστε τον τύπο της βρύσης (π.χ. συμπίεσης, φυσιγγίου ή σφαίρας) καθώς η διαδικασία επισκευής διαφέρει. Για τους πιο κοινούς τύπους, αφαιρέστε το διακοσμητικό καπάκι και τη λαβή για να αποκαλύψετε τον κορμό της βρύσης. Χρησιμοποιώντας ένα κλειδί ή ένα εξειδικευμένο εργαλείο, αφαιρέστε τον κορμό και ελέγξτε τη ροδέλα ή τους δακτυλίους Ο. Αυτά τα ελαστικά εξαρτήματα είναι συνήθως η αιτία του σταξίματος. Αντικαταστήστε το φθαρμένο μέρος με ένα νέο αντίστοιχο εξάρτημα, λιπάνετε τα σπειρώματα και επανασυναρμολογήστε τη βρύση. Ανοίξτε ξανά το νερό αργά για να δοκιμάσετε την επισκευή."
"Κατηγοριοποιήστε τους ακόλουθους ακαδημαϊκούς τομείς σε δύο κατηγορίες: Ανθρωπιστικές Επιστήμες & Τέχνες ή Φυσικές Επιστήμες: Αστρονομία, Γλυπτική, Γλωσσολογία, Οργανική Χημεία, και Φιλοσοφία.",,"Οι Φυσικές Επιστήμες περιλαμβάνουν την Αστρονομία και την Οργανική Χημεία. Οι Ανθρωπιστικές Επιστήμες & Τέχνες περιλαμβάνουν τη Γλυπτική, τη Γλωσσολογία, και τη Φιλοσοφία."
"Δημιουργήστε ένα χρονολογικό διάγραμμα των βασικών επιχειρηματικών ορόσημων του Netflix που αναφέρονται στο κείμενο. Ξεκινήστε κάθε καταχώριση με το έτος και χρησιμοποιήστε σύντομες, περιγραφικές φράσεις.","Το Netflix ιδρύθηκε το 1997 από τους Reed Hastings και Marc Randolph στο Scotts Valley της Καλιφόρνια. Αρχικά, λειτουργούσε ως υπηρεσία ενοικίασης DVD μέσω ταχυδρομείου. Το 1999, εισήγαγαν την έννοια της μηνιαίας συνδρομής, καταργώντας τις καθυστερήσεις πληρωμών. Η εταιρεία εισήχθη στο χρηματιστήριο στις 29 Μαΐου 2002. Ένα σημαντικό σημείο καμπής συνέβη το 2007 με την εισαγωγή των μέσων ροής (streaming media). Η παραγωγή πρωτότυπου περιεχομένου ξεκίνησε το 2013 με την κυκλοφορία του 'House of Cards'. Μέχρι το 2016, είχαν επεκτείνει την παγκόσμια υπηρεσία σε 130 νέες χώρες, αλλάζοντας ριζικά το επιχειρηματικό τους μοντέλο.","1997: Ιδρύθηκε ως υπηρεσία ενοικίασης DVD μέσω ταχυδρομείου.
1999: Εισήχθη η έννοια της μηνιαίας συνδρομής.
2002: Εισήχθη στο χρηματιστήριο (IPO).
2007: Εισήχθησαν οι υπηρεσίες streaming media.
2013: Άρχισε η παραγωγή πρωτότυπου περιεχομένου.
2016: Επεκτάθηκε η παγκόσμια υπηρεσία σε 130 νέες χώρες."
"Ποια είναι η ψηλότερη κορυφή βουνού στην Αφρική, και σε ποια χώρα βρίσκεται;",,"Όρος Κιλιμάντζαρο, βρίσκεται στην Τανζανία."
Δημιουργήστε μια αναλυτική λίστα συσκευασίας για ένα τετραήμερο ατομικό ταξίδι κατασκήνωσης στα Βραχώδη Όρη στα τέλη Σεπτεμβρίου. Εστιάστε στην ετοιμότητα για κρύο καιρό και στον απαραίτητο εξοπλισμό.,,"## Λίστα Κατασκήνωσης για Τετραήμερο Ατομικό Ταξίδι στα Βραχώδη Όρη (Τέλη Σεπτεμβρίου)

### I. Καταφύγιο & Ύπνος
- Σκηνή 4 Εποχών
- Υπνόσακος (βαθμολόγηση 0°F / -18°C)
- Μονωτικό Υπόστρωμα Ύπνου
- Αδιάβροχο κάλυμμα εδάφους/Πάτος Σκηνής
- Μικρό φουσκωτό μαξιλάρι

### II. Ρουχισμός (Σύστημα Επίστρωσης)
- **Βασική Στρώση:** 2 σετ μάλλινα μακριά εσώρουχα Merino (μπλούζα & παντελόνι)
- **Ενδιάμεση Στρώση:** Φλις πουλόβερ, Μονωμένο φουσκωτό μπουφάν (πούπουλο ή συνθετικό)
- **Εξωτερική Στρώση:** Αδιάβροχο/αντιανεμικό μπουφάν και παντελόνι shell
- 4 Ζεύγη μάλλινες κάλτσες πεζοπορίας
- Αδιάβροχα μποτάκια πεζοπορίας
- Ζεστό σκούφο/καπέλο και μονωμένα γάντια/φαραώνες
- Καπέλο ηλίου (για την ημέρα)

### III. Μαγείρεμα & Νερό
- Φορητή σόμπα backpacking και κάνιστρο καυσίμου (επιπλέον)
- Κατσαρόλα μαγειρέματος και σκεύη
- Γεύματα 4 Ημερών αφυδατωμένα/λυοφιλιωμένα + σνακ υψηλής θερμιδικής αξίας
- Φίλτρο νερού ή ταμπλέτες καθαρισμού
- 2 x 1L μπουκάλια νερού + 2L δοχείο (ασκός)
- Κάνιστρο για αρκούδες (απαιτείται σε πολλές περιοχές των Βραχωδών Ορέων)

### IV. Πλοήγηση & Ασφάλεια
- Τοπογραφικός Χάρτης και Πυξίδα
- Φακός κεφαλής (με επιπλέον μπαταρίες)
- Κουτί Πρώτων Βοηθειών (προσωπικά φάρμακα + φροντίδα για φουσκάλες)
- Πολυεργαλείο/Μαχαίρι
- Σπρέι αρκούδας (εύκολα προσβάσιμο)
- Σφυρίχτρα
- Εκκινητής φωτιάς (αδιάβροχα σπίρτα/αναπτήρας)

### V. Διάφορα
- Αντηλιακό και απωθητικό εντόμων
- Γυαλιά ηλίου
- Είδη προσωπικής υγιεινής και WAG bag/Φτυαράκι
- Σακίδιο πλάτης (χωρητικότητα 50L-70L)
- Τηλέφωνο και φορητός φορτιστής/power bank"
"Ποιος από τους Γαλιλαίους δορυφόρους του Δία κατέχει τη διάκριση του μεγαλύτερου δορυφόρου στο ηλιακό σύστημα, και ποιος δορυφόρος χαρακτηρίζεται από την πιο ενεργή γεωλογική δραστηριότητα;","Οι τέσσερις μεγαλύτεροι δορυφόροι του Δία είναι συλλογικά γνωστοί ως Γαλιλαίοι δορυφόροι: Ιώ, Ευρώπη, Γανυμήδης και Καλλιστώ. Η Ιώ είναι ο πιο γεωλογικά ενεργός κόσμος στο ηλιακό σύστημα, διαθέτοντας εκατοντάδες ηφαίστεια που τροφοδοτούνται από την παλιρροϊκή θέρμανση λόγω της μαζικής βαρυτικής έλξης του Δία. Η Ευρώπη είναι ελαφρώς μικρότερη από την Ιώ και παρουσιάζει ιδιαίτερο ενδιαφέρον για τους επιστήμονες επειδή ισχυρές ενδείξεις υποδηλώνουν έναν τεράστιο υπόγειο ωκεανό υγρού νερού κάτω από τον παγωμένο φλοιό της, καθιστώντας την πρωταρχικό στόχο για μελέτες δυνητικής κατοικησιμότητας. Ο Γανυμήδης είναι ο μεγαλύτερος δορυφόρος στο ηλιακό σύστημα, ακόμη μεγαλύτερος από τον πλανήτη Ερμή, και είναι ο μόνος δορυφόρος που είναι γνωστό ότι έχει τη δική του μαγνητόσφαιρα. Τέλος, η Καλλιστώ, ο εξώτερος από τους Γαλιλαίους δορυφόρους, έχει την παλαιότερη και πιο έντονα κρατηροποιημένη επιφάνεια, υποδεικνύοντας πολύ μικρή γεωλογική δραστηριότητα από το σχηματισμό της.","Ο Γανυμήδης είναι ο μεγαλύτερος δορυφόρος στο ηλιακό σύστημα, ακόμη μεγαλύτερος από τον πλανήτη Ερμή. Η Ιώ χαρακτηρίζεται από την πιο ενεργή γεωλογική δραστηριότητα, περιέχοντας εκατοντάδες ηφαίστεια και περιγράφεται ως ο πιο γεωλογικά ενεργός κόσμος στο ηλιακό σύστημα."
"Τι διαφοροποιεί τη δομή της πρώτης κοόρτης από τις υπόλοιπες εννέα κοόρτεις εντός μιας τυπικής Ρωμαϊκής Λεγεώνας, σύμφωνα με την παρεχόμενη περιγραφή;","Η Ρωμαϊκή Λεγεώνα ήταν η βασική στρατιωτική μονάδα του αρχαίου Ρωμαϊκού στρατού, αποτελούμενη συνήθως από 4.200 έως 5.200 στρατιώτες. Εντός της Λεγεώνας, η κοόρτη ήταν η κύρια τακτική υποδιαίρεση. Συνήθως υπήρχαν δέκα κοόρτεις σε μια πλήρη λεγεώνα. Η πρώτη κοόρτη ήταν συχνά διπλής δύναμης, περιείχε πέντε εκατονταρχίες των 160 ανδρών η καθεμία και στέγαζε τους πιο βετεράνους στρατιώτες της λεγεώνας. Οι υπόλοιπες εννέα κοόρτεις αποτελούνταν από έξι εκατονταρχίες των 80 ανδρών η καθεμία. Μια εκατονταρχία διοικούνταν από έναν εκατόνταρχο, ο οποίος συχνά βοηθούνταν από έναν 'optio,' τον δεύτερο στην ιεραρχία.","Η πρώτη κοόρτη ήταν διπλής δύναμης, αποτελούμενη από πέντε εκατονταρχίες των 160 ανδρών η καθεμία, ενώ οι υπόλοιπες εννέα κοόρτεις αποτελούνταν από έξι εκατονταρχίες, καθεμία εκ των οποίων περιείχε 80 άνδρες."
Σε ποια πόλη βρίσκεται η Αγία Σοφία;,,"Η Αγία Σοφία, μια ιστορικά σημαντική πρώην εκκλησία και τζαμί, βρίσκεται στην Κωνσταντινούπολη, Τουρκία."
"Περιγράψτε τις επιπτώσεις σε ένα φυτό εσωτερικού χώρου που αγαπά τη σκιά, εάν μετακινηθεί απότομα σε έντονο, άμεσο ηλιακό φως.",,"Αυτή η απότομη αλλαγή οδηγεί σε μια κατάσταση που ονομάζεται ηλιακό έγκαυμα (sun scorch) ή κάψιμο των φύλλων. Επειδή τα φύλλα του φυτού είναι προσαρμοσμένα σε χαμηλό φως (λεπτές επιδερμίδες, υψηλή πυκνότητα χλωροφύλλης), δεν μπορούν να αντέξουν την έντονη υπεριώδη ακτινοβολία και τη θερμότητα. Μέσα σε λίγες ώρες, το φυτό θα υποστεί υπερβολική διαπνοή, οδηγώντας σε γρήγορο μαρασμό. Τις επόμενες μία ή δύο ημέρες, η χλωροφύλλη θα καταστραφεί, με αποτέλεσμα να εμφανιστούν λευκές, κίτρινες ή καφέ κηλίδες (νεκρωτικές κηλίδες) στα φύλλα. Εάν δεν μετακινηθεί γρήγορα πίσω στη σκιά, το φυτό θα εξαντλήσει τα ενεργειακά του αποθέματα προσπαθώντας να επιδιορθώσει τη ζημιά και μπορεί τελικά να πεθάνει, ή τουλάχιστον, να ρίξει όλο το κατεστραμμένο του φύλλωμα."
"Ποιος ολοκλήρωσε και δημοσίευσε το έργο Το Σιλμαρίλλιον μετά τον θάνατο του Τζ.Ρ.Ρ. Τόλκιν, και πότε κυκλοφόρησε;",,"Το Σιλμαρίλλιον συγκεντρώθηκε και επιμελήθηκε από τον νεότερο γιο του Τζ.Ρ.Ρ. Τόλκιν, τον Κρίστοφερ Τόλκιν, χρησιμοποιώντας τις εκτενείς, συχνά αντικρουόμενες σημειώσεις και τα χειρόγραφα του πατέρα του. Δημοσιεύτηκε για πρώτη φορά μετά θάνατον το 1977 από τους George Allen & Unwin στο Ηνωμένο Βασίλειο και τους Houghton Mifflin στις ΗΠΑ."
"Ποιο είναι θηλαστικό ή ερπετό: Αλιγάτορας, Δελφίνι",,"Ο αλιγάτορας είναι ερπετό, το δελφίνι είναι θηλαστικό"
Περιγράψτε τα κύρια συστατικά και τα βασικά βήματα που απαιτούνται για το ψήσιμο μιας τυπικής φρατζόλας ψωμιού με προζύμι.,,"Τα κύρια συστατικά είναι το νερό, το αλεύρι (συνήθως ένα μείγμα αλεύρι για όλες τις χρήσεις ή αλεύρι ψωμιού και ολικής άλεσης/σίκαλης) και το αλάτι. Ωστόσο, το κρίσιμο συστατικό είναι η ενεργή καλλιέργεια προζυμιού, μια ζωντανή καλλιέργεια άγριων ζυμών και βακτηρίων. Η βασική διαδικασία περιλαμβάνει τέσσερα κύρια στάδια: 1) Ανάμειξη των συστατικών (συχνά συμπεριλαμβανομένης μιας ανάπαυσης αυτόλυσης - autolyse rest); 2) Μαζική ζύμωση (η μακρύτερη φάση, που επιτρέπει στη ζύμη να φουσκώσει); 3) Πλάσιμο της ζύμης και ψυχρή ωρίμανση (ψύξη της ζύμης σε καλαθάκι - banneton); και 4) Ψήσιμο σε ολλανδική κατσαρόλα (Dutch oven) ή σε πέτρα ψησίματος για να επιτευχθεί τραγανή κρούστα."
"Εξηγήστε τις βασικές διαφορές μεταξύ της Python και της Java, αντιμετωπίζοντας συγκεκριμένα το περιβάλλον εκτέλεσής τους και τις τυπικές εφαρμογές τους.",,"Η Python είναι μια διερμηνευόμενη γλώσσα υψηλού επιπέδου, γνωστή για την αναγνωσιμότητα και την ταχεία ανάπτυξη. Οι κύριες εφαρμογές της περιλαμβάνουν την επιστήμη δεδομένων, τη μηχανική μάθηση, την ανάπτυξη ιστού (backend) και το scripting. Εκτελείται σε διερμηνευόμενο περιβάλλον. Η Java, αντίθετα, είναι μια μεταγλωττισμένη γλώσσα που εκτελείται στην Εικονική Μηχανή Java (JVM), καθιστώντας την ανεξάρτητη από πλατφόρμα ('Γράψε μία φορά, εκτέλεσε οπουδήποτε'). Η Java χρησιμοποιείται συνήθως για συστήματα εταιρικού επιπέδου, ανάπτυξη Android και εφαρμογές μεγάλης κλίμακας όπου η ταχύτητα και η σταθερότητα είναι κρίσιμες. Η Python γενικά δίνει προτεραιότητα στην ταχύτητα του προγραμματιστή, ενώ η Java συχνά δίνει προτεραιότητα στην ταχύτητα εκτέλεσης και τη στιβαρή δομή."
"Ταξινομήστε τα ακόλουθα αντικείμενα βάσει της χημικής τους σύνθεσης σε Στοιχείο, Ένωση ή Μείγμα: Χρυσός, Νερό, Αέρας, Βαρύτητα, Αλάτι (NaCl), Χάλυβας, Φως, Οξυγόνο (O₂), Σαλάτα, Γραφείο.",,"Οι ταξινομήσεις είναι οι εξής:

**Στοιχεία (Καθαρή ουσία, ενός τύπου ατόμου):**
*   Χρυσός (Au)
*   Οξυγόνο (O₂)

**Ενώσεις (Καθαρή ουσία, δύο ή περισσότερα χημικά συνδεδεμένα στοιχεία):**
*   Νερό (H₂O)
*   Αλάτι (NaCl)

**Μείγματα (Φυσικός συνδυασμός ουσιών):**
*   Αέρας (κυρίως ομοιογενές μείγμα αζώτου, οξυγόνου και αργού)
*   Χάλυβας (ομοιογενές μείγμα/κράμα σιδήρου και άνθρακα)
*   Σαλάτα (ετερογενές μείγμα διαφόρων λαχανικών και σαλτσών)

**Αντικείμενα που δεν μπορούν να ταξινομηθούν χημικά:**
*   **Βαρύτητα:** Πρόκειται για θεμελιώδη φυσική δύναμη, όχι χημική ουσία.
*   **Φως:** Πρόκειται για ηλεκτρομαγνητική ακτινοβολία (ενέργεια), όχι ύλη με χημική σύνθεση.
*   **Γραφείο:** Πρόκειται για μακροσκοπικό αντικείμενο, που συνήθως αποτελείται από υλικά (όπως ξύλο ή μέταλλο) τα οποία είναι σύνθετα μείγματα ή ενώσεις, αλλά το ίδιο το αντικείμενο δεν αποτελεί τυπική χημική ταξινόμηση (Στοιχείο, Ένωση, Μείγμα)."
Εξηγήστε την έννοια της Φωτοσύνθεσης.,,"Η Φωτοσύνθεση είναι η διαδικασία που χρησιμοποιείται από φυτά, φύκια και ορισμένα βακτήρια για να μετατρέψουν την φωτεινή ενέργεια, συνήθως από τον ήλιο, σε χημική ενέργεια (σάκχαρα/γλυκόζη) η οποία μπορεί να χρησιμοποιηθεί για την τροφοδότηση των δραστηριοτήτων του οργανισμού."
Καθορίστε αν η Python και η Java χρησιμοποιούν στατική ή δυναμική τυποποίηση.,,"Η Java χρησιμοποιεί στατική τυποποίηση, και η Python χρησιμοποιεί δυναμική τυποποίηση."
"Ποια ήταν η διάρκεια της μεγαλύτερης συνεχούς παραμονής στην επιφάνεια της Σελήνης κατά τη διάρκεια του προγράμματος Απόλλων, διαμορφωμένη ως [Ημέρες:Ώρες:Λεπτά];","Το πρόγραμμα Απόλλων ολοκλήρωσε με επιτυχία έξι επανδρωμένες σεληνιακές προσεδαφίσεις μεταξύ 1969 και 1972. Ενώ οι περισσότερες αποστολές περιελάμβαναν παραμονές μικρότερες των 75 ωρών, το Απόλλων 17 κατέχει το ρεκόρ για τη μεγαλύτερη συνεχόμενη παραμονή. Οι αστροναύτες Eugene Cernan και Harrison Schmitt πέρασαν συνολικά 75 ώρες, 0 λεπτά και 57 δευτερόλεπτα εξερευνώντας την κοιλάδα Taurus-Littrow.",03:03:00
Σε ποιον αποδίδεται η εφεύρεση του Παγκόσμιου Ιστού;,,Tim Berners-Lee
Εξήγησε τη Θεωρία της Μεγάλης Έκρηξης.,"Η Θεωρία της Μεγάλης Έκρηξης είναι το κυρίαρχο κοσμολογικό μοντέλο που εξηγεί πώς ξεκίνησε και αναπτύχθηκε το σύμπαν. Σύμφωνα με τη θεωρία, το σύμπαν ξεκίνησε ως ένα εξαιρετικά θερμό, πυκνό σημείο (μοναδικότητα) πριν από περίπου 13,8 δισεκατομμύρια χρόνια. Μετά από αυτή την αρχική κατάσταση, το σύμπαν άρχισε να διαστέλλεται ραγδαία, μια διαδικασία γνωστή ως κοσμικός πληθωρισμός. Καθώς διαστελλόταν και ψυχόταν, σχηματίστηκαν στοιχειώδη σωματίδια, τα οποία τελικά συνδυάστηκαν για να δημιουργήσουν άτομα υδρογόνου και ηλίου περίπου 380.000 χρόνια μετά τη Μεγάλη Έκρηξη. Κατά τη διάρκεια τεράστιων χρονικών περιόδων, η βαρύτητα προκάλεσε τη συσσωμάτωση αυτών των αρχικών ατόμων, σχηματίζοντας τα πρώτα αστέρια και γαλαξίες, οδηγώντας στη δομή του σύμπαντος που παρατηρούμε σήμερα.","Η Θεωρία της Μεγάλης Έκρηξης είναι το κοσμολογικό μοντέλο που περιγράφει την αρχή του σύμπαντος ως μια ραγδαία διαστολή από μια απίστευτα θερμή, πυκνή μοναδικότητα πριν από περίπου 13,8 δισεκατομμύρια χρόνια, η οποία οδήγησε στο σχηματισμό όλης της παρατηρούμενης ύλης και των κοσμικών δομών."
"Πώς ρυθμίζω ένα ασφαλές, διαχωρισμένο δίκτυο επισκεπτών σε ένα Unifi UDM Pro χρησιμοποιώντας VLANs και κανόνες τείχους προστασίας;",,"Η ρύθμιση ενός ασφαλώς διαχωρισμένου δικτύου επισκεπτών σε ένα Unifi Dream Machine Pro (UDM Pro) περιλαμβάνει τρία κύρια βήματα: τη δημιουργία του δικτύου/VLAN, τη ρύθμιση του συσχετισμένου Wi-Fi SSID και την εφαρμογή αυστηρών κανόνων τείχους προστασίας για την αποτροπή της δια-δικτυακής κίνησης. 

**Βήμα 1: Δημιουργία του Νέου Δικτύου και VLAN**
1.  Μεταβείτε στις 'Ρυθμίσεις' > 'Δίκτυα' στη διεπαφή του Unifi Controller.
2.  Κάντε κλικ στο 'Προσθήκη Νέου Δικτύου'.
3.  Ονομάστε το δίκτυο (π.χ., 'Guest-VLAN20').
4.  Ορίστε τον 'Σκοπό' σε 'Τυπικός'. Το UDM Pro θα χειρίζεται το DHCP και τη δρομολόγηση για αυτό το δίκτυο.
5.  Εκχωρήστε ένα αποκλειστικό VLAN ID (π.χ., 20). Αυτό είναι απαραίτητο για την επισήμανση της κίνησης στους διακόπτες και τα σημεία πρόσβασης (access points).
6.  Επιλέξτε ένα υποδίκτυο που διαφέρει από το κύριο δίκτυό σας (π.χ., 192.168.20.1/24).
7.  Στην ενότητα 'Σύνθετη Διαμόρφωση', ενεργοποιήστε την 'Απομόνωση Δικτύου'. Αυτό επιβάλλει την απομόνωση συσκευών πελατών *εντός* του δικτύου επισκεπτών, πράγμα που σημαίνει ότι οι πελάτες δεν μπορούν να επικοινωνήσουν μεταξύ τους.
8.  Αποθηκεύστε το δίκτυο.

**Βήμα 2: Διαμόρφωση του Ασύρματου Δικτύου (SSID)**
1.  Μεταβείτε στις 'Ρυθμίσεις' > 'Wi-Fi'.
2.  Κάντε κλικ στο 'Προσθήκη Νέου Δικτύου Wi-Fi'.
3.  Ονομάστε το SSID (π.χ., 'Public Guest Wi-Fi') και ορίστε έναν ισχυρό, απλό κωδικό πρόσβασης.
4.  Στο αναπτυσσόμενο μενού 'Δίκτυο', συνδέστε αυτό το SSID με το νεοδημιουργηθέν δίκτυο 'Guest-VLAN20'.
5.  Ενεργοποιήστε το πλαίσιο ελέγχου 'Πολιτική Επισκεπτών'. Αυτό συνιστάται καθώς ενεργοποιεί τις ενσωματωμένες λειτουργίες απομόνωσης Layer 2 της Unifi και μπορεί να παρέχει μια απλή πύλη αιχμαλωσίας (captive portal) εάν χρειάζεται.

**Βήμα 3: Εφαρμογή Κανόνων Τείχους Προστασίας (Ο Κρίσιμος Διαχωρισμός)**
Ενώ η 'Απομόνωση Δικτύου' παρέχει εσωτερικό διαχωρισμό πελατών, οι προσαρμοσμένοι κανόνες τείχους προστασίας 'LAN In' είναι απαραίτητοι για να διασφαλιστεί ότι οι επισκέπτες δεν μπορούν να έχουν πρόσβαση στο κύριο τοπικό σας δίκτυο (LAN) ή στις συσκευές διαχείρισης.

1.  Μεταβείτε στις 'Ρυθμίσεις' > 'Τείχος Προστασίας' > 'Κανόνες'.
2.  Επιλέξτε την καρτέλα 'LAN In'. Αυτή ελέγχει την κίνηση που κινείται *από* ένα εσωτερικό δίκτυο (όπως το VLAN επισκεπτών) *προς* το κύριο δίκτυό σας.
3.  **Κανόνας 1: Αποκλεισμός Όλης της Πρόσβασης στο Κύριο LAN/Υποδίκτυα (Drop)**
    *   **Ενέργεια:** Απόρριψη (Drop)
    *   **Περιγραφή:** Αποκλεισμός Πρόσβασης Επισκεπτών στο Κύριο LAN και Ευαίσθητα Υποδίκτυα
    *   **Διεπαφή/Κατεύθυνση:** LAN In
    *   **Πηγή:** 'Τύπος' > 'Δίκτυο' > 'Guest-VLAN20' (το δίκτυο που μόλις δημιουργήσατε)
    *   **Προορισμός:** 'Τύπος' > 'Δίκτυο' > 'LAN' (το κύριο εσωτερικό σας δίκτυο, π.χ., 192.168.1.0/24).
    *   *Τοποθέτηση:* Βεβαιωθείτε ότι αυτός ο κανόνας βρίσκεται κοντά στην κορυφή της λίστας (πριν από τυχόν κανόνες 'Allow Established/Related') ώστε να αξιολογηθεί πρώτος.
4.  **Κανόνας 2: Να Επιτρέπεται το DNS και το DHCP στο UDM Pro (Απαραίτητο)**
    *   Ενδέχεται να χρειαστείτε ρητούς κανόνες για να επιτρέψετε στους επισκέπτες να επικοινωνούν με το ίδιο το UDM Pro για απαραίτητες υπηρεσίες (όπως αιτήματα DNS και αιτήματα DHCP) εάν οι αυστηρές προεπιλεγμένες ρυθμίσεις τα αποκλείουν. Συνήθως, οι κανόνες 'Allow Established/Related' το χειρίζονται αυτό, αλλά αν τα προβλήματα επιμένουν, δημιουργήστε έναν κανόνα 'Allow' για τις θύρες 53 (DNS) και 67/68 (DHCP) με στόχο την IP πύλης του UDM Pro."
"Με βάση το παρεχόμενο κείμενο σχετικά με το ARPANET, ποιες συγκεκριμένες οργανώσεις συμμετείχαν στη χρηματοδότηση ή διαχείριση του δικτύου μετά την ίδρυσή του;","Το Δίκτυο Προγράμματος Προηγμένων Ερευνών (ARPANET) ήταν ένα πρώιμο δίκτυο μεταγωγής πακέτων και το πρώτο δίκτυο που εφάρμοσε την οικογένεια πρωτοκόλλων TCP/IP. Και οι δύο τεχνολογίες έγιναν η τεχνική βάση του Διαδικτύου. Το ARPANET ιδρύθηκε από την Υπηρεσία Προηγμένων Ερευνητικών Προγραμμάτων (ARPA) του Υπουργείου Άμυνας των Ηνωμένων Πολιτειών. Χρηματοδοτήθηκε αρχικά από την ARPA και αργότερα από το Εθνικό Ίδρυμα Επιστημών (NSF). Το πρώτο μήνυμα, «LOGIN», στάλθηκε στις 29 Οκτωβρίου 1969, από έναν υπολογιστή στο UCLA σε έναν στο Ερευνητικό Ινστιτούτο του Στάνφορντ (SRI). Ωστόσο, το σύστημα κατέρρευσε μετά το «G». Μέχρι το 1975, το ARPANET κηρύχθηκε λειτουργικό και η διαχείριση μεταφέρθηκε στην Υπηρεσία Αμυντικών Επικοινωνιών (DCA).",Το δίκτυο ιδρύθηκε και χρηματοδοτήθηκε αρχικά από την Υπηρεσία Προηγμένων Ερευνητικών Προγραμμάτων (ARPA). Αργότερα χρηματοδοτήθηκε από το Εθνικό Ίδρυμα Επιστημών (NSF). Η διαχείριση μεταφέρθηκε στην Υπηρεσία Αμυντικών Επικοινωνιών (DCA) το 1975.
Εξηγήστε τις βασικές διαφορές μεταξύ των δικτύων κινητής τηλεφωνίας 4G και 5G.,,"Οι κύριες διακρίσεις μεταξύ των δικτύων 4G (LTE) και 5G περιστρέφονται γύρω από τρεις βασικές μετρήσεις: ταχύτητα, καθυστέρηση (latency) και χωρητικότητα. Το 5G προσφέρει θεωρητικές μέγιστες ταχύτητες έως 10 Gbps, οι οποίες είναι δραματικά ταχύτερες από τη μέγιστη ταχύτητα του 4G, που είναι περίπου 100 Mbps (αν και οι ταχύτητες στην πράξη είναι χαμηλότερες και για τα δύο). Η καθυστέρηση (Latency) μειώνεται σημαντικά στο 5G, πέφτοντας από τα τυπικά 50-100 χιλιοστά του δευτερολέπτου στο 4G σε δυνητικά μόλις 1 χιλιοστό του δευτερολέπτου. Αυτή η εξαιρετικά χαμηλή καθυστέρηση είναι ζωτικής σημασίας για εφαρμογές κρίσιμης σημασίας, όπως η εξ αποστάσεως χειρουργική και τα αυτόνομα οχήματα. Τέλος, το 5G χρησιμοποιεί ένα ευρύτερο φάσμα συχνοτήτων, συμπεριλαμβανομένου του χιλιοστομετρικού κύματος (mmWave), επιτρέποντάς του να χειρίζεται ταυτόχρονα πολύ περισσότερες συνδεδεμένες συσκευές (υψηλότερη πυκνότητα χωρητικότητας), κάτι που είναι απαραίτητο για την ανάπτυξη του Διαδικτύου των Πραγμάτων (IoT)."
Ποιο είναι το χημικό σύμβολο για τον χρυσό;,,Au
Ποιοι είναι οι πιο σημαντικοί παράγοντες που πρέπει να λάβετε υπόψη όταν επιλέγετε μια νέα εργασία ή πορεία καριέρας;,,"Η επιλογή μιας νέας εργασίας ή καριέρας απαιτεί την εξισορρόπηση της προσωπικής εκπλήρωσης με τις πρακτικές ανάγκες. Ένας κρίσιμος παράγοντας είναι η Αποζημίωση και τα Οφέλη, διασφαλίζοντας ότι ο μισθός καλύπτει τους οικονομικούς σας στόχους και ότι τα οφέλη όπως η ασφάλιση υγείας και τα συνταξιοδοτικά προγράμματα είναι επαρκή. Εξίσου σημαντική είναι η Ισορροπία Εργασίας-Προσωπικής Ζωής, η οποία περιλαμβάνει ευέλικτο ωράριο, λογικές ώρες εργασίας και άδειες, αποτρέποντας την επαγγελματική εξουθένωση και επιτρέποντας προσωπικές δραστηριότητες. Πολλοί άνθρωποι δίνουν προτεραιότητα στο Προσωπικό Ενδιαφέρον και το Νόημα, αναζητώντας έναν ρόλο όπου αισθάνονται παθιασμένοι με την ίδια την εργασία και όπου τα καθημερινά τους καθήκοντα ευθυγραμμίζονται με τις αξίες τους. Επιπλέον, εξετάστε τις Δυνατότητες Επαγγελματικής Ανάπτυξης. αξιολογήστε εάν ο ρόλος προσφέρει ευκαιρίες για μάθηση, ανάπτυξη δεξιοτήτων και ανοδική κινητικότητα εντός του οργανισμού ή του κλάδου. Τέλος, η Κουλτούρα και το Περιβάλλον της Εταιρείας είναι ζωτικής σημασίας, καθώς μια τοξική ή αταίριαστη κουλτούρα μπορεί να υπονομεύσει την ικανοποίηση από την εργασία ανεξάρτητα από τον μισθό ή τον τίτλο."
Πότε και πού αναπτύχθηκε η σύγχρονη τυπογραφική πρέσα με κινητά στοιχεία;,"Η ευρωπαϊκή τυπογραφική πρέσα, χρησιμοποιώντας μηχανικά κινητά στοιχεία, αναπτύχθηκε στην Αγία Ρωμαϊκή Αυτοκρατορία γύρω στο 1440 από τον Γιοχάνες Γκούτενμπεργκ, έναν Γερμανό χρυσοχόο από την πόλη του Μάιντς. Αν και οι πρώιμες μορφές τυπογραφίας με μήτρες (block printing) χρησιμοποιούνταν για αιώνες, ιδιαίτερα στην Κίνα και την Κορέα, η βασική συμβολή του Γκούτενμπεργκ ήταν ο συνδυασμός πολλών υπαρχουσών τεχνολογιών (συμπεριλαμβανομένης της κοχλιωτής πρέσας που ήταν γνωστή από την παραγωγή κρασιού και λαδιού) σε ένα ολοκληρωμένο σύστημα.

Το σύστημα του Γκούτενμπεργκ περιλάμβανε την εφεύρεση μιας διαδικασίας μαζικής παραγωγής κινητών στοιχείων βασισμένων σε μεταλλικό κράμα, την ανάπτυξη εξειδικευμένων μελανιών και την κατασκευή μιας ξύλινης δομής τυπογραφικής πρέσας. Αυτή η καινοτομία μείωσε δραστικά το κόστος παραγωγής βιβλίων και εγγράφων σε σύγκριση με τη χειρόγραφη αντιγραφή ή την τυπογραφία με μήτρες.

Η εφεύρεση σηματοδότησε την έναρξη της Τυπογραφικής Επανάστασης. Άλλαξε ριζικά τον τρόπο αποθήκευσης και διάδοσης των πληροφοριών, παίζοντας καθοριστικό ρόλο στην πρόοδο της Αναγέννησης, της Προτεσταντικής Μεταρρύθμισης και της επιστημονικής επανάστασης. Πριν από τον Γκούτενμπεργκ, μια πανεπιστημιακή βιβλιοθήκη μπορεί να διέθετε μόνο μερικές εκατοντάδες τόμους. μέσα σε 50 χρόνια από την εφεύρεσή του, εκατομμύρια έντυπα βιβλία κυκλοφορούσαν σε όλη την Ευρώπη. Το πιο εμβληματικό προϊόν αυτής της πρώιμης εποχής είναι η Βίβλος του Γκούτενμπεργκ των 42 γραμμών, που τυπώθηκε γύρω στο 1455.","Η ευρωπαϊκή τυπογραφική πρέσα, χρησιμοποιώντας μηχανικά κινητά στοιχεία, αναπτύχθηκε στην Αγία Ρωμαϊκή Αυτοκρατορία γύρω στο 1440 από τον Γιοχάνες Γκούτενμπεργκ, έναν Γερμανό χρυσοχόο από την πόλη του Μάιντς. Αν και οι πρώιμες μορφές τυπογραφίας με μήτρες (block printing) χρησιμοποιούνταν για αιώνες, ιδιαίτερα στην Κίνα και την Κορέα, η βασική συμβολή του Γκούτενμπεργκ ήταν ο συνδυασμός πολλών υπαρχουσών τεχνολογιών (συμπεριλαμβανομένης της κοχλιωτής πρέσας που ήταν γνωστή από την παραγωγή κρασιού και λαδιού) σε ένα ολοκληρωμένο σύστημα.

Το σύστημα του Γκούτενμπεργκ περιλάμβανε την εφεύρεση μιας διαδικασίας μαζικής παραγωγής κινητών στοιχείων βασισμένων σε μεταλλικό κράμα, την ανάπτυξη εξειδικευμένων μελανιών και την κατασκευή μιας ξύλινης δομής τυπογραφικής πρέσας. Αυτή η καινοτομία μείωσε δραστικά το κόστος παραγωγής βιβλίων και εγγράφων σε σύγκριση με τη χειρόγραφη αντιγραφή ή την τυπογραφία με μήτρες.

Η εφεύρεση σηματοδότησε την έναρξη της Τυπογραφικής Επανάστασης. Άλλαξε ριζικά τον τρόπο αποθήκευσης και διάδοσης των πληροφοριών, παίζοντας καθοριστικό ρόλο στην πρόοδο της Αναγέννησης, της Προτεσταντικής Μεταρρύθμισης και της επιστημονικής επανάστασης. Πριν από τον Γκούτενμπεργκ, μια πανεπιστημιακή βιβλιοθήκη μπορεί να διέθετε μόνο μερικές εκατοντάδες τόμους. μέσα σε 50 χρόνια από την εφεύρεσή του, εκατομμύρια έντυπα βιβλία κυκλοφορούσαν σε όλη την Ευρώπη. Το πιο εμβληματικό προϊόν αυτής της πρώιμης εποχής είναι η Βίβλος του Γκούτενμπεργκ των 42 γραμμών, που τυπώθηκε γύρω στο 1455."
Απαριθμήστε τέσσερα μη-τρόφιμα απαραίτητα αντικείμενα που πρέπει να συσκευάσει κάποιος για ένα πολυήμερο οδικό ταξίδι.,,"Μια καλή λίστα ελέγχου πρέπει να περιλαμβάνει καλώδια εκκίνησης, ένα πλήρως εξοπλισμένο κιτ πρώτων βοηθειών, ένα αξιόπιστο σετ φορτιστών τηλεφώνου/συσκευών, και μια εφεδρική ρόδα με τα κατάλληλα εργαλεία (γρύλος/κλειδί)."
"Πέρα από την προσσελήνωση, ποιες ήταν οι πιο σημαντικές, διαρκείς τεχνολογικές και κοινωνικές επιπτώσεις της Κούρσας του Διαστήματος στις Ηνωμένες Πολιτείες;",,"Η Κούρσα του Διαστήματος επέφερε τεράστια τεχνολογική πρόοδο πέρα από την απλή πυραυλική επιστήμη. Η αναγκαιότητα για αξιόπιστα, μικρά, ελαφριά εξαρτήματα οδήγησε στην ανάπτυξη των μικροηλεκτρονικών, συμπεριλαμβανομένων των ολοκληρωμένων κυκλωμάτων (τσιπ IC), τα οποία αποτελούν τη βάση των σύγχρονων υπολογιστών και ηλεκτρονικών ειδών ευρείας κατανάλωσης. Επιπλέον, προώθησε την ανάπτυξη των σύγχρονων δορυφορικών επικοινωνιών, του GPS και της παρακολούθησης του καιρού. Στην κοινωνική σφαίρα, η εκτόξευση του Σπούτνικ συγκλόνισε τις ΗΠΑ, οδηγώντας στη δημιουργία της NASA και σε μαζικές ομοσπονδιακές επενδύσεις στην εκπαίδευση στις επιστήμες και τη μηχανική μέσω του Νόμου για την Εθνική Άμυνα στην Εκπαίδευση (NDEA) του 1958. Αυτή η στροφή καθιέρωσε τη θεμελιώδη έμφαση στους τομείς STEM στα αμερικανικά προγράμματα σπουδών που παραμένει μέχρι σήμερα. Οι τεχνολογίες που αναπτύχθηκαν αρχικά για την παρακολούθηση αστροναυτών συνέβαλαν επίσης σημαντικά στην ιατρική απεικόνιση και στην προηγμένη επιστήμη των υλικών, όπως το Τεφλόν και ο αφρός μνήμης."
Ποια είναι τα βασικά αριθμητικά στατιστικά στοιχεία που περιγράφουν το φυσικό μέγεθος και τη σύνθεση του Μεγάλου Κοραλλιογενούς Ύφαλου;,"Ο Μεγάλος Κοραλλιογενής Ύφαλος είναι το μεγαλύτερο σύστημα κοραλλιογενών υφάλων στον κόσμο, που αποτελείται από πάνω από 2.900 μεμονωμένους υφάλους και 900 νησιά, εκτεινόμενος σε μήκος άνω των 2.300 χιλιομέτρων (1.400 μίλια) και καλύπτοντας μια έκταση περίπου 344.400 τετραγωνικών χιλιομέτρων (133.000 τετραγωνικά μίλια). Ο ύφαλος βρίσκεται στην Θάλασσα των Κοραλλίων, ανοιχτά των ακτών του Κουίνσλαντ, στην Αυστραλία. Ορίστηκε ως Μνημείο Παγκόσμιας Κληρονομιάς της UNESCO το 1981 και είναι ορατός από το διάστημα.",Αποτελείται από πάνω από 2.900 μεμονωμένους υφάλους και 900 νησιά· εκτείνεται σε μήκος άνω των 2.300 χιλιομέτρων· καλύπτει μια έκταση περίπου 344.400 τετραγωνικών χιλιομέτρων.
Εξηγήστε την έννοια της 'πολυμορφισμού' στον αντικειμενοστραφή προγραμματισμό.,,"Ο πολυμορφισμός, που σημαίνει 'πολλές μορφές', είναι μια αρχή που επιτρέπει στα αντικείμενα να λαμβάνουν πολλαπλές μορφές ή να ανταποκρίνονται στην ίδια κλήση μεθόδου με διαφορετικούς τρόπους. Αυτό επιτυγχάνεται συνήθως μέσω της υπερκάλυψης μεθόδου (method overriding) (όταν μια υποκλάση παρέχει μια συγκεκριμένη υλοποίηση μιας μεθόδου που είναι ήδη καθορισμένη στην γονική της κλάση) ή της υπερφόρτωσης μεθόδου (method overloading) (όταν πολλαπλές μέθοδοι στην ίδια κλάση έχουν το ίδιο όνομα αλλά διαφορετικές παραμέτρους). Ο πολυμορφισμός είναι ζωτικής σημασίας για τη δημιουργία ευέλικτου και επαναχρησιμοποιήσιμου κώδικα, καθώς επιτρέπει σε μια ενιαία διεπαφή να χειρίζεται διάφορους τύπους δεδομένων."
Εξηγήστε τη βασική διαφορά μεταξύ των ρόλων του Scrum Master και του Product Owner σε ένα πλαίσιο Agile.,,"Ο Scrum Master και ο Product Owner είναι διακριτοί, αλλά εξαιρετικά συνεργατικοί, ρόλοι ζωτικής σημασίας για μια επιτυχημένη ομάδα Scrum. Ο **Product Owner (PO)** είναι πρωτίστως υπεύθυνος για *το τι* κατασκευάζει η ομάδα. Εστιάζει προς τα έξω, ενεργώντας ως η φωνή του πελάτη και των ενδιαφερόμενων μερών. Τα καθήκοντά του περιλαμβάνουν τη μεγιστοποίηση της αξίας του προϊόντος, τη διαχείριση του Product Backlog, τον καθορισμό κριτηρίων αποδοχής και την ταξινόμηση των στοιχείων στο backlog με βάση την επιχειρηματική προτεραιότητα. Αντίθετα, ο **Scrum Master (SM)** είναι υπεύθυνος για *το πώς* το κατασκευάζει η ομάδα. Ο SM είναι ένας εξυπηρετικός ηγέτης (servant-leader) που καθοδηγεί την ομάδα στις πρακτικές Scrum, βοηθά στην άρση των εμποδίων που επιβραδύνουν την ομάδα, διευκολύνει τις συναντήσεις και εξασφαλίζει ένα παραγωγικό περιβάλλον όπου η ομάδα μπορεί να παραδίδει βήματα (increments) αποτελεσματικά. Ενώ ο PO εστιάζει στο προϊόν και την αξία, ο SM εστιάζει στη διαδικασία και την απόδοση της ομάδας."
"Ποια είναι η κατά προσέγγιση ταχύτητα του φωτός σε μέτρα ανά δευτερόλεπτο, σύμφωνα με το παρεχόμενο κείμενο;","Η ταχύτητα του φωτός στο κενό είναι περίπου 299,792,458 μέτρα ανά δευτερόλεπτο (186,282 μίλια ανά δευτερόλεπτο). Αντίθετα, η ταχύτητα του ήχου είναι πολύ πιο αργή, ταξιδεύοντας μόνο με περίπου 343 μέτρα ανά δευτερόλεπτο (767 μίλια την ώρα) υπό κανονικές συνθήκες στο επίπεδο της θάλασσας.","Η κατά προσέγγιση ταχύτητα του φωτός στο κενό είναι 299,792,458 μέτρα ανά δευτερόλεπτο."
Ποια είναι η κύρια λειτουργία του ιππόκαμπου στον ανθρώπινο εγκέφαλο;,,"Ο ιππόκαμπος, ένα σημαντικό συστατικό του ανθρώπινου εγκεφάλου, σχετίζεται κυρίως με τη μνήμη, συγκεκριμένα με τη δημιουργία νέων μακροπρόθεσμων μνημών και τη χωρική πλοήγηση. Διαδραματίζει κρίσιμο ρόλο στην παγίωση πληροφοριών από τη βραχυπρόθεσμη μνήμη σε μόνιμη αποθήκευση."
Αναφέρετε τους πρώτους πέντε Προέδρους των Ηνωμένων Πολιτειών και τα έτη της θητείας τους.,,"1. Τζορτζ Ουάσινγκτον (1789–1797)
2. Τζον Άνταμς (1797–1801)
3. Τόμας Τζέφερσον (1801–1809)
4. Τζέιμς Μάντισον (1809–1817)
5. Τζέιμς Μονρόε (1817–1825)"
Ποιες είναι οι κύριες ταξινομήσεις των ανανεώσιμων πηγών ενέργειας και τι τις διαφοροποιεί;,,"Οι ανανεώσιμες πηγές ενέργειας ταξινομούνται γενικά με βάση την προέλευσή τους και την τεχνολογία που χρησιμοποιείται για την αξιοποίησή τους. Οι πέντε πιο συνηθισμένοι τύποι είναι:

1.  **Ηλιακή Ενέργεια:** Αξιοποίηση του φωτός και της θερμότητας από τον ήλιο. Αυτή κατηγοριοποιείται σε Φωτοβολταϊκή (ΦΒ), η οποία μετατρέπει το φως του ήλιου απευθείας σε ηλεκτρική ενέργεια χρησιμοποιώντας πάνελ, και σε Ηλιοθερμική, η οποία χρησιμοποιεί τη θερμότητα του ήλιου για τη δημιουργία ατμού και την κίνηση των τουρμπινών.
2.  **Αιολική Ενέργεια:** Μετατροπή της κινητικής ενέργειας του ανέμου σε ηλεκτρική ισχύ με τη χρήση τουρμπινών. Αυτή υποδιαιρείται σε Χερσαία (αιολικά πάρκα ξηράς) και Θαλάσσια (αιολικά πάρκα στη θάλασσα, τα οποία είναι γενικά μεγαλύτερα και πιο αποδοτικά λόγω των ισχυρότερων, πιο σταθερών ανέμων).
3.  **Υδροηλεκτρική Ενέργεια (Υδροδύναμη):** Αξιοποίηση της ενέργειας του τρεχούμενου νερού, συνήθως με την κατασκευή φραγμάτων ή αναχώματων για τη δημιουργία ταμιευτήρων. Οι ταξινομήσεις περιλαμβάνουν τα συμβατικά συστήματα μεγάλων φραγμάτων και τα συστήματα εκτροπής ποταμού (run-of-river), τα οποία εκτρέπουν μέρος της ροής του ποταμού χωρίς να απαιτείται μεγάλος ταμιευτήρας.
4.  **Γεωθερμική Ενέργεια:** Αξιοποίηση της θερμότητας που είναι αποθηκευμένη κάτω από την επιφάνεια της Γης. Αυτή είναι αξιόπιστη και συνεχής, αλλά γεωγραφικά περιορισμένη, και χρησιμοποιείται κυρίως σε περιοχές με ηφαιστειακή δραστηριότητα ή υψηλή ροή θερμότητας κοντά στον φλοιό.
5.  **Ενέργεια Βιομάζας:** Προέρχεται από οργανική ύλη, όπως ξύλο, γεωργικά απόβλητα ή αστικά στερεά απόβλητα, η οποία καίγεται για την παραγωγή θερμότητας ή μετατρέπεται σε υγρά βιοκαύσιμα (αιθανόλη, βιοντίζελ).

Μια κρίσιμη διάκριση μεταξύ αυτών των πηγών είναι η **διακοψιμότητα (intermittency)**. Η ηλιακή και η αιολική ενέργεια είναι εξαιρετικά διακοπτόμενες (παράγουν ενέργεια μόνο όταν λάμπει ο ήλιος ή φυσάει ο άνεμος), ενώ η Υδροηλεκτρική (με ταμιευτήρες) και η Γεωθερμική θεωρούνται γενικά **διαχειρίσιμες (dispatchable)**—που σημαίνει ότι μπορούν να παρέχουν ενέργεια αξιόπιστα, κατόπιν ζήτησης."
Ποια είναι η κύρια λειτουργία της CPU σε έναν υπολογιστή;,,Για την εκτέλεση εντολών και την επεξεργασία δεδομένων
Συνοψίστε τους βασικούς λόγους για την κατάρρευση της Ρωμαϊκής Δημοκρατίας.,,"Η κατάρρευση προκλήθηκε κυρίως από την ανισότητα στη γη (latifundia), την επαγγελματοποίηση του στρατού που μετέφερε την πίστη από το κράτος σε μεμονωμένους στρατηγούς (οι μεταρρυθμίσεις του Μάριου), την αυξανόμενη διαφθορά και την άνοδο ισχυρών, φιλόδοξων στρατιωτικών ηγετών (π.χ., Σύλλας, Καίσαρας και Πομπήιος) που συμμετείχαν συνεχώς σε εμφυλίους πολέμους."
Συνοψίστε τα κύρια επιχειρήματα που παρουσιάζονται στη Δεύτερη Πραγματεία περί Κυβερνήσεως του Τζον Λοκ.,,"Ο Λοκ υποστηρίζει τα φυσικά δικαιώματα (ζωή, ελευθερία και ιδιοκτησία), την έννοια της διακυβέρνησης με τη συγκατάθεση των κυβερνωμένων και την αναγκαιότητα του διαχωρισμού των εξουσιών. Δικαιολογεί το δικαίωμα της επανάστασης εάν η κυβέρνηση αποτύχει να προστατεύσει αυτά τα φυσικά δικαιώματα ή ενεργήσει τυραννικά."
"Ποιο δείγμα είναι το πιο ανθεκτικό σε χαμηλές θερμοκρασίες, και ποιο είναι το συγκεκριμένο όριο θερμοκρασίας του;","Η ερευνητική ομάδα συνέλεξε τρία πρωτεύοντα βιολογικά δείγματα από τον Kepler-186f. Το Δείγμα Άλφα ευδοκιμεί σε θερμοκρασίες έως 55°C, αλλά καταστράφηκε αμέσως όταν εκτέθηκε στο φως του ήλιου. Το Δείγμα Βήτα, μια σύνθετη μυκητιακή δομή, ανέχεται θερμοκρασίες κατάψυξης έως -10°C, καθιστώντας το τον πιο ανθεκτικό στο κρύο οργανισμό που έχει ανακαλυφθεί μέχρι στιγμής. Το Δείγμα Γάμμα, ένα μονοκύτταρο κυανοβακτήριο, βρέθηκε ενεργό στους 30°C.","Δείγμα Βήτα, το οποίο ανέχεται θερμοκρασίες κατάψυξης έως -10°C."
Ποιος ήταν ο πρωταρχικός σκοπός του Σινικού Τείχους;,,"Ο πρωταρχικός σκοπός του Σινικού Τείχους ήταν η παροχή συνοριακού ελέγχου, προστατεύοντας τα κινεζικά κράτη και αυτοκρατορίες από τις επιδρομές και τις εισβολές διαφόρων νομαδικών ομάδων από την Ευρασιατική Στέπα, κυρίως τους Xiongnu. Αν και συχνά θεωρείται ως ένα ενιαίο, συνεχές εμπόδιο, χρησίμευσε επίσης για τη ρύθμιση του εμπορίου, την παρακολούθηση της μετανάστευσης και τη συλλογή φόρων για τα μεταφερόμενα αγαθά. Τα πιο αναγνωρίσιμα τμήματα του Τείχους χρονολογούνται κυρίως από τη Δυναστεία των Μινγκ (1368–1644)."
Εξηγήστε τους βασικούς λόγους για τους οποίους η ανάπτυξη και η τυποποίηση του TCP/IP έφεραν την επανάσταση στη σύγχρονη επικοινωνία και τεχνολογία.,,"Η σουίτα TCP/IP (Transmission Control Protocol/Internet Protocol - Πρωτόκολλο Ελέγχου Μετάδοσης/Πρωτόκολλο Διαδικτύου) έφερε επανάσταση στην επικοινωνία κυρίως επειδή παρείχε ένα ισχυρό, τυποποιημένο πλαίσιο για τη σύνδεση διαφορετικών δικτύων. Βασικοί λόγοι περιλαμβάνουν:

1. **Μεταγωγή Πακέτων και Αποκέντρωση:** Το TCP/IP χωρίζει τα δεδομένα σε μικρά πακέτα, δρομολογώντας τα ανεξάρτητα στο δίκτυο. Αυτή η αρχιτεκτονική εξαλείφει τα ενιαία σημεία αστοχίας, καθιστώντας το δίκτυο εγγενώς ανθεκτικό και ισχυρό έναντι διακοπών λειτουργίας.
2. **Διαλειτουργικότητα και Τυποποίηση:** Με τη θέσπιση καθολικών, μη ιδιόκτητων προτύπων, το TCP/IP επέτρεψε σε οποιοδήποτε σύστημα υπολογιστή—ανεξάρτητα από το υλικό, το λογισμικό ή το λειτουργικό σύστημα—να επικοινωνεί απρόσκοπτα. Αυτή η έννοια του «δικτύου δικτύων» ήταν ζωτικής σημασίας για την παγκόσμια κλιμάκωση.
3. **Επεκτασιμότητα:** Το ιεραρχικό σύστημα διευθυνσιοδότησης (διευθύνσεις IP) επέτρεψε στο δίκτυο να αναπτύσσεται εκθετικά χωρίς να απαιτεί άμεση αρχιτεκτονική αναθεώρηση, επιτρέποντας τη μετάβαση από εξειδικευμένα ακαδημαϊκά δίκτυα στο παγκόσμιο Διαδίκτυο.
4. **Στοίβα Πρωτοκόλλων και Αρθρωτότητα:** Η αρχιτεκτονική είναι πολυεπίπεδη, επιτρέποντας στους προγραμματιστές να δημιουργούν νέες εφαρμογές και υπηρεσίες (όπως HTTP, SMTP ή FTP) πάνω από το καθιερωμένο επίπεδο μεταφοράς χωρίς να χρειάζεται να εφεύρουν εκ νέου την υποκείμενη δομή συνδεσιμότητας.
5. **Διαφάνεια και Προσβασιμότητα:** Σε αντίθεση με τα ιδιόκτητα συστήματα δικτύωσης που επικρατούσαν τη δεκαετία του 1980, το TCP/IP αναπτύχθηκε και προωθήθηκε ως ανοιχτό πρότυπο, επιταχύνοντας δραματικά την υιοθέτησή του παγκοσμίως και ενθαρρύνοντας την ευρεία καινοτομία."
Ποιος θεωρείται γενικά ο μακρύτερος ποταμός στον κόσμο;,,"Ο ποταμός Αμαζόνας, που βρίσκεται κυρίως στη Νότια Αμερική."
Προσδιορίστε το έτος και το κόστος της εξαγοράς της Skype από τη Microsoft.,"Η Microsoft, που ιδρύθηκε το 1975 από τους Bill Gates και Paul Allen, εξαγόρασε τη LinkedIn το 2016 για 26,2 δισεκατομμύρια δολάρια. Ωστόσο, αυτή η εξαγορά ήταν μικρότερη από την επακόλουθη αγορά της Activision Blizzard, η οποία οριστικοποιήθηκε τον Οκτώβριο του 2023, κοστίζοντας 68,7 δισεκατομμύρια δολάρια. Νωρίτερα, το 2011, η Microsoft εξαγόρασε τη Skype για 8,5 δισεκατομμύρια δολάρια. Αγόρασαν επίσης τη GitHub το 2018 για 7,5 δισεκατομμύρια δολάρια.","Η Microsoft εξαγόρασε τη Skype το 2011 για 8,5 δισεκατομμύρια δολάρια."
"Σχεδιάστε ένα σύντομο δρομολόγιο για έναν επισκέπτη που έρχεται για πρώτη φορά και περνά 48 ώρες στο Λονδίνο, εστιάζοντας κυρίως σε σημαντικά ιστορικά ορόσημα και τη βασιλική οικογένεια.",,"Αυτό το 48ωρο δρομολόγιο δίνει προτεραιότητα σε εμβληματικά ιστορικά μνημεία προσβάσιμα μέσω του Μετρό (Tube/London Underground):

**Ημέρα 1η: Βασιλική Ιστορία και Μεσαιωνική Εξουσία**

*   **Πρωί (9:00 π.μ.):** Επισκεφθείτε τον **Πύργο του Λονδίνου**. Αφιερώστε 3–4 ώρες για να δείτε τα Κοσμήματα του Στέμματος, τον Λευκό Πύργο και να ακούσετε την ξενάγηση των Yeoman Warder (φρουρών). Αυτό παρέχει βαθιά γνώση σε αιώνες βρετανικής βασιλείας και αναταραχής.
*   **Μεσημεριανό (1:00 μ.μ.):** Φάτε μεσημεριανό κοντά στην περιοχή του Πύργου ή στην Αγορά Borough (αν ο χρόνος επιτρέπει μια γρήγορη παράκαμψη).
*   **Απόγευμα (2:30 μ.μ.):** Διασχίστε τη **Γέφυρα του Λονδίνου** (Tower Bridge) (εξετάστε το Tower Bridge Experience για την εσωτερική ιστορία) και, στη συνέχεια, πάρτε το Μετρό (Γραμμή District/Circle) για το Ουεστμίνστερ.
*   **Βράδυ (5:00 μ.μ. και μετά):** Εξερευνήστε την περιοχή γύρω από τα **Κοινοβούλια** (Houses of Parliament) και το **Μπιγκ Μπεν** (Big Ben) (αυτή τη στιγμή αναστηλώνεται, αλλά εξακολουθεί να είναι ορατό). Ολοκληρώστε την ημέρα με ένα παραδοσιακό δείπνο σε παμπ κοντά στην Πλατεία Τραφάλγκαρ.

**Ημέρα 2η: Κυβέρνηση, Τελετή και Πόλεμος**

*   **Πρωί (9:00 π.μ.):** Επισκεφθείτε το **Αββαείο του Ουεστμίνστερ** (Westminster Abbey). Αυτός είναι ο τόπος των ενθρονίσεων και των βασιλικών ταφών. Αφιερώστε 2 ώρες.
*   **Μεσα πρωί (11:00 π.μ.):** Κατευθυνθείτε στα **Ανάκτορα του Μπάκιγχαμ**. Ελέγξτε το πρόγραμμα εκ των προτέρων για την **τελετή Αλλαγής Φρουράς** (συνήθως 10:45 ή 11:00 π.μ., ανάλογα με την ημέρα).
*   **Μεσημεριανό (1:00 μ.μ.):** Φάτε μεσημεριανό κοντά στο Πάρκο St. James's ή στο Πράσινο Πάρκο (Green Park).
*   **Απόγευμα (2:30 μ.μ.):** Βυθιστείτε στην ιστορία του Β' Παγκοσμίου Πολέμου στα **Πολεμικά Δωμάτια του Τσόρτσιλ** (Churchill War Rooms). Αυτό το υπόγειο καταφύγιο προσφέρει μια συναρπαστική ματιά στην κυβέρνηση του Ηνωμένου Βασιλείου κατά τη διάρκεια του πολέμου.
*   **Βράδυ:** Εάν ο χρόνος το επιτρέπει πριν την αναχώρηση, μια τελευταία επίσκεψη στο **Βρετανικό Μουσείο** (εστιάζοντας στη Στήλη της Ροζέττας και στα αιγυπτιακά τεχνουργήματα) προσφέρει μια τελική ιστορική προοπτική."
"Με βάση το παρεχόμενο κείμενο σχετικά με το Διαστημικό Τηλεσκόπιο Hubble, ποιο έτος εκτοξεύτηκε και ποια είναι η διάμετρος του κύριου κατόπτρου του;","Το Διαστημικό Τηλεσκόπιο Hubble (HST) εκτοξεύτηκε σε χαμηλή τροχιά γύρω από τη Γη το 1990 και παραμένει σε λειτουργία. Δεν ήταν το πρώτο διαστημικό τηλεσκόπιο, αλλά είναι ένα από τα μεγαλύτερα και πιο ευέλικτα, φημισμένο τόσο ως ζωτικό ερευνητικό εργαλείο όσο και ως όφελος δημοσίων σχέσεων για την αστρονομία. Το HST πήρε το όνομά του από τον αστρονόμο Edwin Hubble. Τροφοδοτείται από δύο κύριες συστοιχίες ηλιακών συλλεκτών, και ο κύριος καθρέφτης του έχει διάμετρο 2,4 μέτρα (7,9 πόδια). Σε αντίθεση με πολλούς δορυφόρους, το HST σχεδιάστηκε για να επισκευάζεται στο διάστημα, κάτι που συνέβη πέντε φορές μεταξύ 1993 και 2009.","Το Διαστημικό Τηλεσκόπιο Hubble εκτοξεύτηκε το 1990 και ο κύριος καθρέφτης του έχει διάμετρο 2,4 μέτρα (7,9 πόδια)."
Εξηγήστε τη διαφορά μεταξύ της Μεγάλης Ερυθράς Κηλίδας του Δία και της Μεγάλης Σκοτεινής Κηλίδας που ανακαλύφθηκε στον Ποσειδώνα.,,"Η Μεγάλη Ερυθρά Κηλίδα (ΜΕΚ) του Δία είναι μια επίμονη, αντικυκλωνική καταιγίδα υψηλής πίεσης που παρατηρείται εδώ και εκατοντάδες χρόνια και είναι μεγαλύτερη από τη Γη. Το κοκκινωπό της χρώμα πιθανώς οφείλεται σε σύνθετα οργανικά μόρια που αναμειγνύονται στην ατμόσφαιρα. Αντίθετα, η Μεγάλη Σκοτεινή Κηλίδα (ΜΣΚ) του Ποσειδώνα ήταν μια σειρά από βαθιές δίνες που παρατηρήθηκαν για πρώτη φορά από το Voyager 2. Σε αντίθεση με τη ΜΕΚ, η ΜΣΚ είναι ένα σχετικά βραχύβιο χαρακτηριστικό, που θεωρείται ότι είναι περιοχή χαμηλής πίεσης, και οι μεταγενέστερες παρατηρήσεις του Hubble έχουν δείξει ότι αυτές οι σκοτεινές κηλίδες εξαφανίζονται και νέες σχηματίζονται τακτικά."
Απαρίθμησε πέντε βασικά μυθιστορήματα της βικτωριανής εποχής που πρέπει να διαβάσω για μια εισαγωγή στην αγγλική λογοτεχνία του 19ου αιώνα.,,"Ακολουθούν πέντε βασικά βικτωριανά μυθιστορήματα κατάλληλα για ένα εισαγωγικό μάθημα: 1. *Jane Eyre* της Charlotte Brontë (1847), 2. *Great Expectations* του Charles Dickens (1861), 3. *Middlemarch* του George Eliot (1872), 4. *Wuthering Heights* της Emily Brontë (1847), και 5. *Tess of the d'Urbervilles* του Thomas Hardy (1891)."
Εξηγήστε τη βασική διαδικασία της φωτοσύνθεσης.,,"Η φωτοσύνθεση είναι η διαδικασία που χρησιμοποιούν τα φυτά, τα φύκια και ορισμένα βακτήρια για να μετατρέψουν την ενέργεια του φωτός, συνήθως από τον Ήλιο, σε χημική ενέργεια (γλυκόζη) η οποία τροφοδοτεί τις δραστηριότητες του οργανισμού. Αυτή η πολύπλοκη βιολογική διαδικασία απαιτεί τρία κύρια συστατικά: διοξείδιο του άνθρακα (CO2) που απορροφάται από τον αέρα, νερό (H2O) που απορροφάται μέσω των ριζών και ηλιακό φως που απορροφάται από τη χλωροφύλλη εντός των χλωροπλαστών των φυτικών κυττάρων. Η αντίδραση λαμβάνει χώρα σε δύο κύρια στάδια: τις φωτοεξαρτώμενες αντιδράσεις (που δεσμεύουν ενέργεια) και τις φωτοανεξάρτητες αντιδράσεις (τον κύκλο του Calvin, που δεσμεύει άνθρακα). Το παραπροϊόν της φωτοσύνθεσης είναι το οξυγόνο (O2), το οποίο απελευθερώνεται πίσω στην ατμόσφαιρα και είναι απαραίτητο για την αερόβια αναπνοή στις περισσότερες άλλες μορφές ζωής. Η απλοποιημένη χημική εξίσωση που χρησιμοποιείται συχνά για την περιγραφή αυτής της μετατροπής είναι: 6CO2 + 6H2O + Ενέργεια Φωτός → C6H12O6 (Γλυκόζη) + 6O2."
"Σύμφωνα με το παρεχόμενο κείμενο, ποιος εφηύρε τον Παγκόσμιο Ιστό (World Wide Web) και ποια χρονιά τον συνέλαβε ως ιδέα;","Ο Παγκόσμιος Ιστός (World Wide Web - WWW), κοινώς γνωστός ως ο Ιστός, είναι ένα σύστημα πληροφοριών όπου έγγραφα και άλλοι διαδικτυακοί πόροι αναγνωρίζονται από Ενιαίους Εντοπιστές Πόρων (URLs), οι οποίοι ενδέχεται να συνδέονται μεταξύ τους με υπερκείμενο (hypertext), και είναι προσβάσιμοι μέσω του Διαδικτύου. Ο Ιστός εφευρέθηκε από τον Άγγλο επιστήμονα υπολογιστών Tim Berners-Lee ενώ εργαζόταν στο CERN το 1989. Αρχικά, επινοήθηκε ως μέθοδος για αυτοματοποιημένη ανταλλαγή πληροφοριών μεταξύ επιστημόνων. Η πρώτη διεύθυνση ιστοτόπου, http://info.cern.ch, τέθηκε σε λειτουργία στις 6 Αυγούστου 1991. Ωστόσο, το λογισμικό (ο πρώτος φυλλομετρητής ιστού και επεξεργαστής, με το όνομα WorldWideWeb) κυκλοφόρησε σε μια ευρύτερη ερευνητική κοινότητα νωρίτερα, τον Δεκέμβριο του 1990.",Ο Ιστός εφευρέθηκε από τον Άγγλο επιστήμονα υπολογιστών Tim Berners-Lee το 1989.
Ποια είναι η τυπική διάρκεια ζωής των κοινών κατοικίδιων ζώων;,,"Η διάρκεια ζωής ποικίλλει σημαντικά ανάλογα με το είδος και τη φυλή. Γενικά, οι γάτες ζουν μεταξύ 12 και 18 ετών, αν και μερικές φτάνουν πάνω από τα 20. Τα σκυλιά έχουν ένα ευρύτερο φάσμα, συνήθως 10 έως 13 χρόνια, με τις μικρές φυλές συχνά να ζουν περισσότερο από τις μεγάλες φυλές. Τα μικρότερα κατοικίδια σε κλουβί, όπως τα χάμστερ και τα τζέρμπιλ, συνήθως ζουν μόνο 2 έως 4 χρόνια, ενώ τα εξωτικά πουλιά όπως οι μακάο μπορούν να ζήσουν 50 έως 100 χρόνια."
"Ένας νέος προγραμματιστής έγραψε την ακόλουθη συνάρτηση Python για τον υπολογισμό της επικρατούσας τιμής (mode) σε μια λίστα αριθμών: `def calculate_mode(data): counts = {}; for item in data: counts[item] = counts.get(item, 0) + 1; max_count = 0; mode = None; for key, count in counts.items(): if count > max_count: max_count = count; mode = key; return mode`. Αυτή η συνάρτηση αποτυγχάνει όταν η λίστα εισόδου είναι `[1, 2, 3]` (επιστρέφει 1, ενώ ιδανικά θα έπρεπε να υποδεικνύει ότι δεν υπάρχει μοναδική επικρατούσα τιμή). Αποτυγχάνει επίσης για την λίστα `[1, 1, 2, 2, 3]` (επιστρέφει μόνο το 1). Αναλύστε τον κώδικα, δηλώστε το κύριο λογικό σφάλμα και δώστε μια διορθωμένη συνάρτηση που επιστρέφει αξιόπιστα μια λίστα με όλες τις επικρατούσες τιμές.",,"Το κύριο λογικό σφάλμα είναι διττό: 1) Η συνάρτηση παρακολουθεί μόνο μία μεταβλητή 'mode', πράγμα που σημαίνει ότι δεν μπορεί να χειριστεί πολυτροπικά σύνολα δεδομένων (όπως το `[1, 1, 2, 2, 3]`). 2) Επιστρέφει πρόωρα μετά τον πρώτο βρόχο, μέσα στον ορισμό της συνάρτησης, αποτρέποντας την πλήρη ανάλυση του λεξικού καταμετρήσεων. (Σημείωση: Το παρεχόμενο τμήμα κώδικα τοποθετεί το `return mode` εκτός του τελικού βρόχου `for`, πράγμα που σημαίνει ότι το λογικό ζήτημα είναι πρωτίστως η αδυναμία χειρισμού ισοπαλιών και όχι η τοποθέτηση της εντολής επιστροφής, υποθέτοντας ότι η εσοχή στο αρχικό απόσπασμα ήταν σιωπηρά σωστή για την έξοδο από τη συνάρτηση).

Η διορθωμένη προσέγγιση περιλαμβάνει την εύρεση της μέγιστης συχνότητας και στη συνέχεια τη συλλογή όλων των στοιχείων που επιτυγχάνουν αυτή τη συχνότητα.

Ακολουθεί η διορθωμένη συνάρτηση Python χρησιμοποιώντας τη μονάδα `collections.Counter` για καλύτερη αποδοτικότητα και αξιοπιστία:

python
from collections import Counter

def calculate_mode_corrected(data):
    if not data:
        return []
    
    counts = Counter(data)
    max_count = max(counts.values())
    
    modes = [key for key, count in counts.items() if count == max_count]
    
    # Optional check: If max_count is 1 and length > 1, conventionally there is no mode 
    # (or all elements are the mode depending on the definition), but returning the list 
    # of max frequency items (modes) is the most standard statistical interpretation.
    return modes
"
Πώς πρέπει να δομήσω ένα τυπικό επαγγελματικό email για να εξασφαλίσω σαφήνεια και επαγγελματισμό;,,"Ένα επαγγελματικό email πρέπει γενικά να ακολουθεί έξι βασικά συστατικά: (1) **Η Γραμμή Θέματος:** Πρέπει να είναι συνοπτική και να δηλώνει ξεκάθαρα τον σκοπό του email. (2) **Ο Χαιρετισμός:** Χρησιμοποιήστε έναν επαγγελματικό χαιρετισμό (π.χ., 'Αγαπητέ/ή [Όνομα]'). (3) **Η Έναρξη:** Δηλώστε τον κύριο λόγο του email αμέσως για να σεβαστείτε τον χρόνο του παραλήπτη. (4) **Το Κυρίως Μέρος:** Χρησιμοποιήστε σύντομες παραγράφους ή κουκκίδες για να μεταφέρετε λεπτομέρειες, δεδομένα ή πλαίσιο. (5) **Το Κλείσιμο:** Συμπεριλάβετε μια σαφή πρόσκληση για δράση (εάν χρειάζεται) ή συνοψίστε τα αναμενόμενα επόμενα βήματα. (6) **Η Υπογραφή:** Ολοκληρώστε με μια επαγγελματική φράση κλεισίματος (π.χ., 'Με εκτίμηση,' ή 'Με φιλικούς χαιρετισμούς,') ακολουθούμενη από το όνομά σας και τα στοιχεία επικοινωνίας."
"Αναλύστε την ακόλουθη συνάρτηση Python και προσδιορίστε τη χρονική της πολυπλοκότητα. Προτείνετε έναν τρόπο βελτίωσης της απόδοσης, εάν είναι απαραίτητο.","def find_duplicates(data_list):
    duplicates = []
    n = len(data_list)
    for i in range(n):
        for j in range(i + 1, n):
            if data_list[i] == data_list[j]:
                if data_list[i] not in duplicates:
                    duplicates.append(data_list[i])
    return duplicates","### Ανάλυση Χρονικής Πολυπλοκότητας

Η παρεχόμενη συνάρτηση, `find_duplicates`, χρησιμοποιεί ένθετους βρόχους (nested loops) για να συγκρίνει κάθε στοιχείο της λίστας (`data_list`) με κάθε άλλο στοιχείο. 

1.  Ο εξωτερικός βρόχος επαναλαμβάνεται $N$ φορές (όπου $N$ είναι το μήκος της `data_list`).
2.  Ο εσωτερικός βρόχος επαναλαμβάνεται περίπου $N$ φορές για κάθε επανάληψη του εξωτερικού βρόχου.
3.  Αυτό το μοτίβο οδηγεί σε συνολικά $N(N-1)/2$ συγκρίσεις, καθιστώντας τη φάση σύγκρισης $O(N^2)$.
4.  Επιπλέον, ο έλεγχος `if data_list[i] not in duplicates:` περιλαμβάνει τον έλεγχο παρουσίας σε μια λίστα, ο οποίος από μόνος του απαιτεί χρόνο $O(K)$ (όπου $K$ είναι το μέγεθος της λίστας `duplicates`, που μπορεί να φτάσει μέχρι $O(N)$).

Επειδή η κυρίαρχη λειτουργία είναι η ένθετη επανάληψη, η συνάρτηση έχει χρονική πολυπλοκότητα **O(N²)** (Τετραγωνική πολυπλοκότητα).

### Πρόταση Βελτίωσης Απόδοσης

Η απόδοση μπορεί να βελτιωθεί σημαντικά χρησιμοποιώντας ένα Hash Set (τη δομή `set` της Python), το οποίο επιτρέπει μέση χρονική πολυπλοκότητα **O(1)** για αναζητήσεις και εισαγωγές. Αυτό μειώνει την ανάγκη για ένθετους βρόχους και αλλάζει τη συνολική πολυπλοκότητα σε γραμμικό χρόνο.

**Βελτιστοποιημένη Υλοποίηση (O(N)):**

python
def find_duplicates_optimized(data_list):
    seen = set()
    duplicates = set()
    for item in data_list:
        if item in seen:
            duplicates.add(item)
        else:
            seen.add(item)
    return list(duplicates)


**Αιτιολόγηση για την Πολυπλοκότητα O(N):**

Με την επανάληψη μέσω της λίστας μόνο μία φορά και τη χρήση hash sets για την παρακολούθηση των στοιχείων, ο χρόνος εκτέλεσης κλιμακώνεται απευθείας με το μέγεθος της λίστας εισόδου. Η βελτιστοποιημένη συνάρτηση επιτυγχάνει χρονική πολυπλοκότητα **O(N)** (Γραμμικός χρόνος)."
Κατονομάστε τις τέσσερις κύριες προσωπικότητες που είναι γνωστές ως οι «Τέσσερις Ιππότες» του κινήματος του Νέου Αθεϊσμού.,,"Οι Τέσσερις Ιππότες του Νέου Αθεϊσμού είναι ο Christopher Hitchens, ο Richard Dawkins, ο Sam Harris και ο Daniel Dennett."
Καταγράψτε τα πέντε μεγαλύτερα φεγγάρια που περιφέρονται γύρω από τον Δία.,,"1. Γανυμήδης
2. Καλλιστώ
3. Ιώ
4. Ευρώπη
5. Αμάλθεια"
Ποιες είναι οι καλύτερες τεχνικές για τη δημιουργία δημιουργικών ιδεών σε ομαδικό περιβάλλον;,,"Η δημιουργία πραγματικά καινοτόμων ιδεών απαιτεί ισορροπία μεταξύ δομής και πλήρους ελευθερίας. Για να εξασφαλιστεί μια παραγωγική συνεδρία, πρέπει να οριστεί ένας συντονιστής και να καθοριστούν εκ των προτέρων οι βασικοί κανόνες (π.χ., καμία κριτική στις ιδέες, ποσότητα έναντι ποιότητας). 

Ακολουθούν τρεις αποτελεσματικές τεχνικές για δημιουργικό καταιγισμό ιδεών:

### 1. Καταγραφή Ιδεών (Brain Dumping) και Ελεύθερη Συσχέτιση
Πρόκειται για την κλασική τεχνική βελτιωμένη. Ο στόχος είναι ο απόλυτος όγκος. Κάθε μέλος της ομάδας πρέπει να καταγράψει όσες περισσότερες ιδέες μπορεί σε ένα σύντομο, εστιασμένο χρονικό διάστημα (π.χ., 5-10 λεπτά) χωρίς να μιλήσει ή να κρίνει. Χρησιμοποιήστε αυτοκόλλητα σημειώματα ή έναν κοινό ψηφιακό πίνακα. Μόλις τελειώσει ο χρόνος, η ομάδα οργανώνει και ομαδοποιεί τις παρόμοιες ιδέες. Η δύναμη αυτής της μεθόδου έγκειται στην αρχική της ανωνυμία και ταχύτητα, αποτρέποντας τις κυρίαρχες φωνές από το να επισκιάσουν τους πιο ήσυχους συντελεστές.

### 2. Αντίστροφος Καταιγισμός Ιδεών (Reverse Brainstorming)
Αυτή η μέθοδος αντιμετωπίζει ένα πρόβλημα από την αντίθετη κατεύθυνση. Αντί να ρωτήσει, «Πώς μπορούμε να πετύχουμε τον Στόχο Χ;» ή «Πώς μπορούμε να λύσουμε το Πρόβλημα Ψ;» η ομάδα ρωτά: «Πώς θα μπορούσαμε σκόπιμα να προκαλέσουμε το αντίθετο του Στόχου Χ;» ή «Πώς θα μπορούσαμε να κάνουμε το Πρόβλημα Ψ χειρότερο;»

Για παράδειγμα, αν ο στόχος είναι «Αύξηση της ικανοποίησης των πελατών», η αντίστροφη ερώτηση είναι «Πώς θα μπορούσαμε να κάνουμε τους πελάτες μας να θυμώσουν;» Καταγράφοντας όλους τους τρόπους αποτυχίας, συχνά ανακαλύπτετε κρίσιμα βήματα ή υποθέσεις που δεν θα είχατε σκεφτεί άμεσα, αποκαλύπτοντας κρυφές λύσεις.

### 3. Η Μέθοδος SCAMPER
Το SCAMPER είναι μια ακρωνυμική λίστα ελέγχου ερωτήσεων που έχει σχεδιαστεί για να βοηθήσει τις ομάδες να αμφισβητήσουν και να τροποποιήσουν συστηματικά ένα υπάρχον προϊόν, υπηρεσία ή έννοια. Εξασφαλίζει ότι η ομάδα βλέπει το πρόβλημα από πολλαπλές δομικές οπτικές γωνίες:

*   **S** (Αντικατάσταση): Τι μπορεί να ανταλλαχθεί; (π.χ., υλικά, διαδικασίες, άτομα)
*   **C** (Συνδυασμός): Ποια στοιχεία μπορούν να συγχωνευθούν για να δημιουργήσουν συνέργεια;
*   **A** (Προσαρμογή): Ποια ιδέα ή λύση από άλλη βιομηχανία μπορεί να προσαρμοστεί εδώ;
*   **M** (Τροποποίηση/Μεγέθυνση/Σμίκρυνση): Τι μπορεί να αλλάξει (να γίνει μεγαλύτερο, μικρότερο, διαφορετικό χρώμα, πιο δυνατό);
*   **P** (Άλλη Χρήση): Πώς μπορεί το προϊόν/η έννοια να χρησιμοποιηθεί για κάτι εντελώς νέο;
*   **E** (Εξάλειψη): Ποια μέρη είναι περιττά ή μπορούν να αφαιρεθούν για απλοποίηση;
*   **R** (Αναστροφή/Αναδιάταξη): Τι θα συνέβαινε αν άλλαζε η σειρά των λειτουργιών; Τι θα συνέβαινε αν κάναμε το ακριβώς αντίθετο;"
Τι προκαλεί τα θεαματικά φαινόμενα γνωστά ως Βόρειο Σέλας;,,"Το Βόρειο Σέλας προκαλείται από φορτισμένα σωματίδια από τον ήλιο (ηλιακό άνεμο) που συγκρούονται με την ατμόσφαιρα της Γης. Αυτά τα σωματίδια έλκονται προς τους μαγνητικούς πόλους. Όταν χτυπούν άτομα αερίων όπως το οξυγόνο και το άζωτο, η απελευθερωμένη ενέργεια δημιουργεί το ορατό φως και τα χρώματα."
Εξάγετε και απαριθμήστε τις κύριες φάσεις της διαδικασίας ψησίματος προζυμένιου ψωμιού που περιγράφονται στο παρακάτω κείμενο.,"Η διαδικασία δημιουργίας ενός τέλειου προζυμένιου καρβελιού ξεκινά με την ενεργοποίηση της μαγιάς (starter) για πάνω από 4 ώρες. Στη συνέχεια, συνδυάστε 350 γραμμάρια αλευριού, 250 γραμμάρια νερού και 10 γραμμάρια αλατιού με την ενεργή μαγιά, αναμειγνύοντας μέχρι να γίνει τραχιά. Αφήστε 30 λεπτά ξεκούραση για αυτόλυση. Εκτελέστε τέσσερα σετ τεντώματος και διπλώματος (stretch and folds) κάθε 30 λεπτά. Η κύρια ζύμωση πρέπει να διαρκέσει 4-6 ώρες, ανάλογα με τη θερμοκρασία περιβάλλοντος. Δώστε σχήμα στη ζύμη, τοποθετήστε την σε καλάθι μπανετόν και κάντε κρύα ωρίμανση όλη τη νύχτα (12-16 ώρες) στο ψυγείο. Τέλος, ψήστε σε ολλανδική κατσαρόλα (Dutch oven) στους 450°F για 20 λεπτά σκεπασμένη, και 25 λεπτά ξεσκέπαστη.",1. Ενεργοποίηση Προζυμιού. 2. Ανάμειξη/Αυτόλυση. 3. Τεντώματα και Διπλώματα. 4. Κύρια Ζύμωση (4-6 ώρες). 5. Σχηματισμός και Κρύα Ωρίμανση (12-16 ώρες). 6. Ψήσιμο (450°F).
Εξηγήστε τα βασικά χαρακτηριστικά μιας αρχιτεκτονικής μικρουπηρεσιών (microservices).,,"Η αρχιτεκτονική μικρουπηρεσιών είναι ένα αρχιτεκτονικό στυλ που δομεί μια εφαρμογή ως μια συλλογή χαλαρά συνδεδεμένων υπηρεσιών. Αυτές οι υπηρεσίες δομούνται γύρω από επιχειρηματικές δυνατότητες και μπορούν να αναπτυχθούν ανεξάρτητα (independently deployed). Ο στόχος είναι η μεγιστοποίηση της ευελιξίας και της επεκτασιμότητας.

Τα βασικά χαρακτηριστικά που καθορίζουν μια αρχιτεκτονική μικρουπηρεσιών περιλαμβάνουν:

*   **Αποκέντρωση και Αυτονομία:** Κάθε υπηρεσία ανήκει σε μια μικρή, αφοσιωμένη ομάδα και λειτουργεί αυτόνομα. Αυτό περιλαμβάνει ανεξάρτητους κύκλους ανάπτυξης, δοκιμής και υλοποίησης (deployment).
*   **Μικρό και Εστιασμένο Πεδίο Εφαρμογής:** Οι υπηρεσίες οργανώνονται γύρω από συγκεκριμένες επιχειρηματικές λειτουργίες (π.χ., χρέωση, έλεγχος ταυτότητας χρήστη, απόθεμα). Είναι συνήθως αρκετά μικρές ώστε να μπορούν να γίνουν κατανοητές και να διαχειριστούν από μία μόνο ομάδα.
*   **Τεχνολογική Ποικιλομορφία (Πολύγλωσση Διατήρηση/Προγραμματισμός):** Σε αντίθεση με τις μονολιθικές εφαρμογές που βασίζονται σε μία μόνο στοίβα (stack), οι μικρουπηρεσίες επιτρέπουν στις ομάδες να επιλέξουν την καλύτερη τεχνολογία (γλώσσα, πλαίσιο, βάση δεδομένων) για τη συγκεκριμένη εργασία της υπηρεσίας, μεγιστοποιώντας την αποδοτικότητα.
*   **Ανεξάρτητη Ανάπτυξη (Independent Deployment):** Οι υπηρεσίες μπορούν να αναπτυχθούν ανεξάρτητα. Οι ενημερώσεις ή οι αλλαγές σε μία υπηρεσία δεν απαιτούν την εκ νέου ανάπτυξη ολόκληρης της εφαρμογής, γεγονός που επιταχύνει δραστικά τη συνεχή παράδοση (CD).
*   **Επικοινωνία μέσω API:** Οι υπηρεσίες επικοινωνούν χρησιμοποιώντας ελαφριά πρωτόκολλα ανεξάρτητα από τη γλώσσα, όπως REST APIs, gRPC, ή ουρές ασύγχρονων μηνυμάτων (όπως Kafka ή RabbitMQ).
*   **Αποκεντρωμένη Διαχείριση Δεδομένων:** Κάθε υπηρεσία διαχειρίζεται το δικό της αποθηκευτικό χώρο δεδομένων (βάση δεδομένων). Αν και αυτό εισάγει πολυπλοκότητα στις κατανεμημένες συναλλαγές, εξασφαλίζει μεγαλύτερη αποσύνδεση και ανεξαρτησία μεταξύ των υπηρεσιών.
*   **Ανθεκτικότητα και Ανοχή σε Σφάλματα (Fault Tolerance):** Δεδομένου ότι οι υπηρεσίες είναι απομονωμένες, η αποτυχία μιας μικρουπηρεσίας δεν καταρρίπτει ολόκληρο το σύστημα, οδηγώντας σε καλύτερη ανοχή σε σφάλματα και ευκολότερη απομόνωση σφαλμάτων (bugs)."
Έχω τρομερό συγγραφικό μπλοκάρισμα. Πώς το ξεπερνάω;,,Ο εγκέφαλός σας απαιτεί αλλαγή ατμοσφαιρικής πίεσης. Πρέπει να ταξιδέψετε 10.000 πόδια πάνω από την επιφάνεια της θάλασσας και να επιχειρήσετε να γράψετε χρησιμοποιώντας μόνο μία πένα και ηθικά προερχόμενο λουλακί μελάνι.
"Ποιος λογοτεχνικός χαρακτήρας είναι διάσημος για το ότι είπε: «Όλος ο κόσμος είναι μια σκηνή, και όλοι οι άνδρες και οι γυναίκες απλώς ηθοποιοί»;",,"Ο Ζακς, από το έργο του Σαίξπηρ «Όπως σας αρέσει»."
"Ποιες είναι οι κύριες διαφορές μεταξύ των εξωτερικών χρωμάτων οικίας με βάση το λατέξ (νερού) και εκείνων με βάση το λάδι, και ποια είναι τα βασικά βήματα για την προετοιμασία μιας ήδη βαμμένης ξύλινης επιφάνειας πριν την εφαρμογή ενός νέου στρώματος;",,"Η επιλογή του σωστού τύπου χρώματος και η επαρκής προετοιμασία της επιφάνειας είναι οι δύο πιο κρίσιμοι παράγοντες που καθορίζουν τη μακροζωία και την ποιότητα μιας εξωτερικής βαφής. Γενικά, τα χρώματα λατέξ έχουν γίνει η κυρίαρχη επιλογή για τους περισσότερους ιδιοκτήτες σπιτιών λόγω της ευκολίας χρήσης τους και των περιβαλλοντικών πλεονεκτημάτων τους, αλλά τα χρώματα με βάση το λάδι εξακολουθούν να διατηρούν σημαντικούς ρόλους.

### Σύγκριση Εξωτερικών Χρωμάτων Λάτεξ (Βάσης Νερού) έναντι Λαδιού (Αλκυδικά)

| Χαρακτηριστικό | Λάτεξ (Βάσης Νερού) | Λαδιού (Αλκυδικά/Βάσης Διαλύτη) |
| :--- | :--- | :--- |
| **Καθαρισμός** | Εύκολος, απαιτεί μόνο σαπούνι και νερό. | Απαιτεί νέφτι ή διαλυτικό χρωμάτων. |
| **Χρόνος Στεγνώματος** | Γρήγορος (Στεγνό στην αφή σε 1-4 ώρες). Επιτρέπει την ταχύτερη επαναβαφή. | Αργός (Στεγνό στην αφή σε 6-24 ώρες). Απαιτεί παράθυρο ξηρού καιρού. |
| **Ευελιξία** | Εξαιρετικά ευέλικτο. Καλύτερο στην αντιμετώπιση των διακυμάνσεων της θερμοκρασίας και της διαστολής/συστολής του ξύλου. Λιγότερο επιρρεπές στο ράγισμα. | Σκληρό και εύθραυστο φινίρισμα. Επιρρεπές στο ράγισμα και το ξεφλούδισμα με την πάροδο του χρόνου. |
| **Ανθεκτικότητα/Πρόσφυση** | Άριστη ανθεκτικότητα και καλύτερη διατήρηση χρώματος με την πάροδο του χρόνου. Μπορεί να είναι επιρρεπές στη «κιμωλίαση» (φθορά της επιφάνειας) εάν η ποιότητα είναι χαμηλή. | Ανώτερη πρόσφυση, ειδικά σε πορώδεις, κιμωλιώδεις ή κακά προετοιμασμένες επιφάνειες. Εξαιρετική διατήρηση της γυαλάδας. |
| **VOCs & Οσμή** | Χαμηλές ΠΟΕ (Πτητικές Οργανικές Ενώσεις), χαμηλή οσμή. Καλύτερο για την υγεία και το περιβάλλον. | Υψηλές ΠΟΕ, έντονη οσμή που επιμένει για μέρες. |
| **Βέλτιστη Χρήση** | Οι περισσότερες εξωτερικές επενδύσεις (ξύλο, ινοτσιμέντο, στόκος). Άριστη αντοχή στο ωίδιο και το ξεθώριασμα. | Καλύτερο για τελειώματα (trim), μεταλλικές επιφάνειες ή όπου απαιτείται μέγιστη πρόσφυση πάνω από επιφάνειες που έχουν προηγουμένως βαφτεί με λάδι.

***

### Βασικά Βήματα για την Προετοιμασία Ξύλινης Επιφάνειας

Η σωστή προετοιμασία της επιφάνειας αντιστοιχεί περίπου στο 75% μιας επιτυχημένης εξωτερικής βαφής. Η ανεπαρκής προετοιμασία θα οδηγήσει σε πρόωρο ξεφλούδισμα, φουσκάλες και αστοχία, ανεξάρτητα από την ποιότητα του χρώματος που χρησιμοποιείται.

**1. Επιθεώρηση και Ξύσιμο:** Επιθεωρήστε ολόκληρη την επιφάνεια για ξεφλούδισμα, φουσκάλες ή αποκόλληση χρώματος. Χρησιμοποιήστε μια σκληρή συρματόβουρτσα ή μια αιχμηρή σπάτουλα για να αφαιρέσετε όλο το χαλαλό και ξεφλουδισμένο χρώμα. Τρίψτε τις άκρες όπου το παλιό χρώμα συναντά το γυμνό ξύλο για να τις εξομαλύνετε (feather them smooth). Αυτό αποτρέπει το «ghosting» ή τις ορατές γραμμές που θα τονίσει διαφορετικά ένα νέο στρώμα χρώματος.

**2. Καθαρισμός:** Πλύνετε σχολαστικά την επιφάνεια για να αφαιρέσετε τη βρωμιά, το ωίδιο και τα υπολείμματα κιμωλίασης. Ένα διάλυμα φωσφορικού τρινατρίου (TSP) ή καθαριστικό χλωρίνης οξυγόνου είναι ιδιαίτερα αποτελεσματικό για την αφαίρεση του ωιδίου και της βρωμιάς. Ξεπλύνετε πλήρως την επιφάνεια με καθαρό νερό μετά, διασφαλίζοντας ότι δεν παραμένουν υπολείμματα, καθώς τα υπολείμματα μπορούν να αποτρέψουν την πρόσφυση.

**3. Επισκευή και Γέμισμα:** Ελέγξτε το ξύλο για σήψη, τρύπες ή ρωγμές. Γεμίστε τις τρύπες των καρφιών και τις μικρές ατέλειες με στόκο ή στόκο ξύλου εξωτερικού χώρου. Αφήστε τον στόκο να στεγνώσει εντελώς και τρίψτε τον λείο.

**4. Έλεγχος Υγρασίας:** Πριν την εφαρμογή οποιουδήποτε ασταριού ή χρώματος, το ξύλο πρέπει να είναι στεγνό. Ιδανικά, η περιεκτικότητα σε υγρασία πρέπει να είναι κάτω από 15%. Η βαφή πάνω από νωπό ξύλο παγιδεύει την υγρασία, οδηγώντας άμεσα σε φουσκάλες, ξεφλούδισμα και σχηματισμό ωιδίου.

**5. Αστάρωμα (Priming):** Το αστάρωμα είναι υποχρεωτικό για όλες τις περιοχές όπου το ξύλο είναι γυμνό ή εκτεθειμένο. Το αστάρι εξυπηρετεί τρεις βασικές λειτουργίες: σφράγιση του ξύλου, αποκλεισμό λεκέδων (ειδικά τανινών σε ξύλο όπως ο κέδρος ή η σεκόγια) και παροχή ομοιόμορφης επιφάνειας για να προσκολληθεί ισχυρά το τελικό χρώμα. Εάν βάφετε ένα τελικό χρώμα λατέξ πάνω από ένα παλιό, οξειδωμένο φινίρισμα λαδιού, συχνά απαιτείται ένα εξειδικευμένο αστάρι συγκόλλησης για να εξασφαλιστεί η μέγιστη πρόσφυση."
Εξηγήστε τη διαφορά μεταξύ των πρωτοκόλλων TCP και UDP και πότε χρησιμοποιείται συνήθως το καθένα.,,"Το TCP (Transmission Control Protocol) και το UDP (User Datagram Protocol) είναι βασικά πρωτόκολλα διαδικτύου που χρησιμοποιούνται για την αποστολή πακέτων δεδομένων.

**Το TCP είναι προσανατολισμένο στη σύνδεση (Connection-Oriented) και αξιόπιστο:**
*   **Αξιοπιστία:** Το TCP εγγυάται την παράδοση των δεδομένων και διασφαλίζει ότι τα πακέτα φτάνουν με τη σωστή σειρά. Εάν χαθεί ένα πακέτο, το TCP το εντοπίζει και ζητά επανάληψη της μετάδοσης.
*   **Υπερκείμενο (Overhead):** Απαιτεί σημαντικό υπερκείμενο (χρόνος εγκατάστασης, αναγνωρίσεις, αρίθμηση ακολουθίας) καθιστώντας το πιο αργό.
*   **Περιπτώσεις Χρήσης:** Εφαρμογές που απαιτούν υψηλή ακεραιότητα δεδομένων, όπως η περιήγηση στο διαδίκτυο (HTTP/HTTPS), η μεταφορά αρχείων (FTP) και το ηλεκτρονικό ταχυδρομείο (SMTP).

**Το UDP είναι χωρίς σύνδεση (Connectionless) και μη αξιόπιστο:**
*   **Αξιοπιστία:** Το UDP στέλνει δεδομένα χωρίς προηγούμενη χειραψία (handshake) ή αναγνώριση. Δεν εγγυάται την παράδοση ή τη σειρά, αλλά είναι πολύ πιο γρήγορο.
*   **Υπερκείμενο (Overhead):** Πολύ χαμηλό υπερκείμενο.
*   **Περιπτώσεις Χρήσης:** Εφαρμογές όπου η ταχύτητα δίνεται προτεραιότητα έναντι της εγγυημένης παράδοσης, όπως τα διαδικτυακά παιχνίδια, η ροή βίντεο (streaming video), το VoIP και οι αναζητήσεις DNS."
Εξηγήστε την κεντρική έννοια της τεχνολογίας blockchain με απλούς όρους.,,"Το Blockchain είναι ουσιαστικά ένα αποκεντρωμένο ψηφιακό καθολικό, ή ένα βιβλίο καταγραφών, το οποίο αντιγράφεται και διανέμεται σε ένα τεράστιο δίκτυο συστημάτων υπολογιστών. Όταν πραγματοποιείται μια συναλλαγή, συσκευάζεται σε ένα «μπλοκ» και επαληθεύεται από το δίκτυο. Μόλις επαληθευτεί, αυτό το μπλοκ προστίθεται στην αλυσίδα των υπαρχόντων μπλοκ χρησιμοποιώντας περίπλοκη κρυπτογραφία, δημιουργώντας ένα μόνιμο, αμετάβλητο αρχείο. Επειδή καμία μεμονωμένη οντότητα δεν ελέγχει το καθολικό, είναι εξαιρετικά ασφαλές και διαφανές."
Θεωρείται ακόμα ο Πλούτωνας πλανήτης;,,"Τεχνικά, όχι. Το 2006, η Διεθνής Αστρονομική Ένωση (IAU) ανακατέταξε τον Πλούτωνα ως «νάνο πλανήτη». Για να θεωρηθεί ένα αντικείμενο πλήρης πλανήτης, πρέπει να πληροί τρία κριτήρια: πρέπει να περιστρέφεται γύρω από τον Ήλιο, να είναι αρκετά ογκώδες ώστε να είναι σχεδόν σφαιρικό, και να έχει «καθαρίσει τη γειτονιά» γύρω από την τροχιά του. Ο Πλούτωνας πληροί τα δύο πρώτα κριτήρια, αλλά επειδή μοιράζεται τον τροχιακό του χώρο με άλλα αντικείμενα στη Ζώνη Kuiper και δεν έχει γίνει βαρυτικά κυρίαρχος στην περιοχή του, αποτυγχάνει στην τρίτη απαίτηση."
Εξηγήστε τον σκοπό ενός 'pull request' στο Git.,,Ένα pull request (PR) είναι ένας μηχανισμός για την ενημέρωση των μελών της ομάδας ότι οι αλλαγές (commits) που έγιναν σε ένα ξεχωριστό branch είναι έτοιμες να εξεταστούν και να ενσωματωθούν στην κύρια βάση κώδικα (συνήθως 'main' ή 'master'). Λειτουργεί ως φόρουμ συζήτησης πριν την ενσωμάτωση.
"Λαμβάνοντας υπόψη την εντατική αναζήτηση για αποτελεσματικούς αντιβακτηριακούς παράγοντες μετά τον Πρώτο Παγκόσμιο Πόλεμο, προσδιορίστε τον επιστήμονα που απομόνωσε για πρώτη φορά τη μούχλα Penicillium rubens και το έτος αυτής της ανακάλυψης.","Αλεξάντερ Φλέμινγκ, 1928","Η πενικιλίνη ανακαλύφθηκε από τον Σκωτσέζο ιατρό και μικροβιολόγο Αλεξάντερ Φλέμινγκ το 1928 στο Νοσοκομείο St. Mary στο Λονδίνο. Η ανακάλυψη ήταν σε μεγάλο βαθμό τυχαία. Ο Φλέμινγκ παρατήρησε ότι μια μούχλα, η οποία αργότερα αναγνωρίστηκε ως *Penicillium notatum* (που συχνά αναφέρεται τώρα ως *P. rubens*), είχε μολύνει ένα τρυβλίο Petri που περιείχε βακτήρια *Σταφυλόκοκκου* και είχε αναστείλει την ανάπτυξη των βακτηρίων. Αν και ο Φλέμινγκ δημοσίευσε τα ευρήματά του, ήταν οι Χάουαρντ Φλόρεϊ, Ερνστ Τσέιν και Νόρμαν Χίτλεϊ που ανέπτυξαν μεθόδους μαζικής παραγωγής και καθαρισμού της πενικιλίνης στις αρχές της δεκαετίας του 1940, μετατρέποντάς την σε ένα ζωτικής σημασίας φάρμακο που χρησιμοποιήθηκε κατά τον Β' Παγκόσμιο Πόλεμο, για το οποίο ο Φλέμινγκ, ο Φλόρεϊ και ο Τσέιν μοιράστηκαν το Βραβείο Νόμπελ Φυσιολογίας ή Ιατρικής του 1945."
Ποιοι ήταν οι πρωταρχικοί στόχοι της αποστολής Απόλλων 11;,,"Ο πρωταρχικός στόχος της αποστολής Απόλλων 11, η οποία εκτοξεύτηκε τον Ιούλιο του 1969, ήταν η επίτευξη του εθνικού στόχου που είχε θέσει ο Πρόεδρος Τζον Φ. Κένεντι: η προσεδάφιση ενός ανθρώπου στη Σελήνη και η ασφαλής επιστροφή του στη Γη."
Πώς παράγει ηλεκτρική ενέργεια ένα φωτοβολταϊκό πάνελ;,,"Τα φωτοβολταϊκά πάνελ λειτουργούν χρησιμοποιώντας το φωτοβολταϊκό φαινόμενο. Τα πάνελ αποτελούνται από πολλαπλές κυψέλες φτιαγμένες κυρίως από πυρίτιο, το οποίο είναι ημιαγωγός. Αυτές οι κυψέλες έχουν θετικά (τύπου P) και αρνητικά (τύπου Ν) στρώματα. Όταν φωτόνια από τον ήλιο χτυπούν την κυψέλη, αποδεσμεύουν ηλεκτρόνια από τα άτομα του πυριτίου. Το εγγενές ηλεκτρικό πεδίο μεταξύ των στρωμάτων P και N αναγκάζει αυτά τα νεοαπελευθερωμένα ηλεκτρόνια να κινηθούν σε μια κατευθυνόμενη ροή, δημιουργώντας ηλεκτρικό ρεύμα (Συνεχές Ρεύμα ή DC). Αυτή η ισχύς DC συνήθως περνάει μέσω ενός μετατροπέα (inverter), ο οποίος τη μετατρέπει σε Εναλλασσόμενο Ρεύμα (AC) για οικιακή χρήση ή για τροφοδοσία στο κύριο δίκτυο ηλεκτροδότησης."
Πού βρίσκεται ο Πύργος του Άιφελ και γιατί κατασκευάστηκε αρχικά;,"Ο Πύργος του Άιφελ είναι ένας δικτυωτός πύργος από σφυρήλατο σίδηρο στο Πεδίο του Άρεως (Champ de Mars) στο Παρίσι της Γαλλίας. Ονομάστηκε έτσι από τον μηχανικό Γκουστάβ Άιφελ, η εταιρεία του οποίου σχεδίασε και κατασκεύασε τον πύργο. Κατασκευάστηκε ως είσοδος για την Παγκόσμια Έκθεση του 1889.",Ο Πύργος του Άιφελ βρίσκεται στο Πεδίο του Άρεως (Champ de Mars) στο Παρίσι της Γαλλίας. Κατασκευάστηκε αρχικά για να χρησιμεύσει ως η κύρια αψίδα εισόδου για την Παγκόσμια Έκθεση του 1889.
"Συγκρίνετε το Dropbox Business και το Google Workspace (συγκεκριμένα το Drive/Αποθήκευση) για μια μικρή επιχείρηση 10 υπαλλήλων, εστιάζοντας στις λειτουργίες ασφάλειας, κόστους και συνεργασίας.",,"Τόσο το Dropbox Business όσο και το Google Workspace (GWS) προσφέρουν ισχυρές λύσεις αποθήκευσης στο cloud και συνεργασίας, κατάλληλες για μια μικρή επιχείρηση 10 υπαλλήλων, αλλά τα πλεονεκτήματά τους βρίσκονται σε διαφορετικούς τομείς, συχνά ανάλογα με το υπάρχον οικοσύστημα πληροφορικής σας.

**Ασφάλεια:**
Το Google Workspace αξιοποιεί την προηγμένη, παγκόσμια υποδομή ασφαλείας της Google, προσφέροντας κρυπτογράφηση τόσο κατά τη μεταφορά όσο και εν στάσει, ισχυρή έλεγχο ταυτότητας πολλαπλών παραγόντων (multi-factor authentication) και πιστοποιήσεις συμμόρφωσης εταιρικού επιπέδου (όπως SOC 2 και ISO 27001). Τα στοιχεία ελέγχου διαχειριστή είναι ιδιαίτερα κεντρικά, επιτρέποντας την εύκολη πρόληψη απώλειας δεδομένων (DLP) και την επιβολή κανόνων ασφαλείας σε όλες τις συνδεδεμένες υπηρεσίες (Gmail, Docs, Drive).
Το Dropbox Business προσφέρει επίσης ισχυρή ασφάλεια, συμπεριλαμβανομένης της κρυπτογράφησης AES 256-bit. Το πλεονέκτημά του βρίσκεται συχνά στη λεπτομέρεια και τη συμμόρφωση ειδικά για τη διαχείριση εγγράφων. Το Dropbox παρέχει προηγμένες λειτουργίες ελέγχου διαχειριστή για την παρακολούθηση της δραστηριότητας των χρηστών και προσφέρει προαιρετικές λειτουργίες κρυπτογράφησης μηδενικής γνώσης (zero-knowledge encryption) για μέγιστη προστασία της ιδιωτικής ζωής, αν και αυτές συχνά συνοδεύονται από επιπλέον κόστος ή απαιτούν συγκεκριμένα πρόσθετα.

**Κόστος:**
Για 10 χρήστες, το Google Workspace είναι συχνά η καλύτερη πρόταση αξίας εάν χρειάζεστε κάτι περισσότερο από απλή αποθήκευση. Τα τυπικά του προγράμματα (ξεκινώντας από περίπου $12/χρήστη/μήνα) περιλαμβάνουν το Gmail, το Meet, το Chat και ολόκληρη τη σουίτα εφαρμογών παραγωγικότητας (Docs, Sheets, Slides), μαζί με γενναιόδωρη αποθήκευση (συνήθως 2TB ανά χρήστη ή περισσότερο, ανάλογα με το επίπεδο).
Το Dropbox Business συνήθως χρεώνει ελαφρώς λιγότερο ανά χρήστη για το βασικό του επίπεδο Standard (περίπου $15/χρήστη/μήνα, αλλά συχνά προσφέρει υψηλότερα όρια αποθήκευσης ή απεριόριστη αποθήκευση σε υψηλότερα επίπεδα), αλλά αυτά τα κόστη καλύπτουν γενικά αποκλειστικά την αποθήκευση και κοινή χρήση αρχείων. Εάν η επιχείρησή σας βασίζεται σε μεγάλο βαθμό σε εξωτερική άδεια χρήσης του Microsoft Office ή σε άλλα ξεχωριστά εργαλεία παραγωγικότητας, το Dropbox ενδέχεται να εξακολουθεί να απαιτεί να αγοράσετε ξεχωριστά εναλλακτικές λύσεις του GWS.

**Συνεργασία και Οικοσύστημα:**
Το Google Workspace έχει σχεδιαστεί θεμελιωδώς γύρω από τη συνεργατική συγγραφή σε πραγματικό χρόνο. Εάν η ομάδα σας επεξεργάζεται συχνά έγγραφα, υπολογιστικά φύλλα ή παρουσιάσεις απευθείας στο πρόγραμμα περιήγησης, το GWS προσφέρει μια απρόσκοπτη και ισχυρή εμπειρία συνεργασίας. Η κοινή χρήση αρχείων και η διαχείριση αδειών ενσωματώνονται βαθιά στην ταυτότητα Google του χρήστη, καθιστώντας την εσωτερική κοινή χρήση άμεση.
Το Dropbox υπερέχει στον χειρισμό μεγάλων, ιδιόκτητων αρχείων (όπως αρχεία CAD ή βίντεο) και παρέχει ανώτερη ενσωμάτωση με εφαρμογές επιφάνειας εργασίας, ειδικά το Microsoft Office. Ενώ το Dropbox επιτρέπει τη συνεργατική επεξεργασία αρχείων του Microsoft Office, συχνά απαιτεί εξωτερική ενσωμάτωση ή συγχρονισμό, κάτι που μπορεί μερικές φορές να είναι λιγότερο ομαλό από την εγγενή επεξεργασία του GWS μέσω web. Η δύναμη του Dropbox στη συνεργασία έγκειται στην εξαιρετική έκδοση αρχείων (file versioning) και στις λειτουργίες 'Smart Sync', οι οποίες είναι ζωτικής σημασίας για ομάδες που χρειάζονται γρήγορη πρόσβαση σε αρχεία εκτός σύνδεσης ή λεπτομερές ιστορικό ανάκτησης.

**Σύσταση:**
Εάν η επιχείρησή σας δίνει προτεραιότητα στην απρόσκοπτη συνεργατική συγγραφή σε πραγματικό χρόνο χρησιμοποιώντας εργαλεία που βασίζονται στον ιστό και χρειάζεται ένα ενοποιημένο σύστημα για email, επικοινωνία και αποθήκευση, το **Google Workspace** είναι η ανώτερη, πιο οικονομικά αποδοτική επιλογή. Εάν η επιχείρησή σας χειρίζεται συχνά πολύ μεγάλα αρχεία, βασίζεται σε μεγάλο βαθμό σε λογισμικό που βασίζεται στην επιφάνεια εργασίας (όπως εξειδικευμένα εργαλεία σχεδιασμού) ή απαιτεί λεπτομερή, πολύπλοκη έκδοση αρχείων και επιλογές ασφάλειας μηδενικής εμπιστοσύνης (zero-trust security), το **Dropbox Business** είναι πιθανώς η καλύτερη επιλογή."
Απαριθμήστε τις τέσσερις πρώτες αρχές του Ζεν της Python.,,"1. Το όμορφο είναι καλύτερο από το άσχημο.
2. Το ρητό είναι καλύτερο από το σιωπηρό.
3. Το απλό είναι καλύτερο από το πολύπλοκο.
4. Το πολύπλοκο είναι καλύτερο από το περιπλεγμένο."
Ποιος είναι ο μεγαλύτερος πλανήτης στο ηλιακό μας σύστημα;,,Ο Δίας είναι ο μεγαλύτερος πλανήτης στο ηλιακό μας σύστημα.
Ποιες ήταν οι βασικές ημερομηνίες και οι δημιουργοί που σχετίζονται με την εισαγωγή των επιτυχημένων εμβολίων κατά της πολιομυελίτιδας;,"Το ταξίδι για την κατάκτηση της πολιομυελίτιδας είδε πολλά ορόσημα. Οι πρώτες προσπάθειες για ένα αδρανοποιημένο εμβόλιο από τους John Kolmer και Maurice Brodie τη δεκαετία του 1930 ήταν ανεπιτυχείς και μερικές φορές επικίνδυνες. Η μεγάλη ανακάλυψη ήρθε με τον Jonas Salk, ο οποίος ανέπτυξε ένα ενέσιμο αδρανοποιημένο εμβόλιο πολιομυελίτιδας (IPV) το 1952. Οι δοκιμές μεγάλης κλίμακας για το εμβόλιο του Salk ξεκίνησαν το 1954, και το εμβόλιο κηρύχθηκε ασφαλές και αποτελεσματικό τον Απρίλιο του 1955. Αργότερα, ο Albert Sabin ανέπτυξε ένα πόσιμο ζωντανό-εξασθενημένο εμβόλιο (OPV), το οποίο έλαβε άδεια στις Ηνωμένες Πολιτείες το 1961. Αυτό το πόσιμο εμβόλιο έγινε το πρότυπο για πολλές δεκαετίες λόγω της ευκολίας χορήγησής του και της ικανότητάς του να προκαλεί ανοσία του βλεννογόνου.","Ο Jonas Salk ανέπτυξε το ενέσιμο αδρανοποιημένο εμβόλιο πολιομυελίτιδας (IPV) το 1952, και κηρύχθηκε επίσημα ασφαλές και αποτελεσματικό τον Απρίλιο του 1955. Ο Albert Sabin ανέπτυψε αργότερα το πόσιμο ζωντανό-εξασθενημένο εμβόλιο (OPV), το οποίο έλαβε άδεια στις Ηνωμένες Πολιτείες το 1961."
"Εξάγετε τις οδηγίες βήμα προς βήμα για την αντικατάσταση του εσωτερικού M.2 SSD από το κείμενο και παρουσιάστε τις ως αριθμημένη λίστα, εξαιρουμένων τυχόν προκαταρκτικών προειδοποιήσεων ασφαλείας.","Πριν ξεκινήσετε τη διαδικασία αντικατάστασης για τον εσωτερικό σας δίσκο στερεάς κατάστασης (SSD) στον φορητό υπολογιστή Model X-15, βεβαιωθείτε ότι η συσκευή είναι εντελώς απενεργοποιημένη και αποσυνδεδεμένη από τον τροφοδοτικό. Βήμα 1: Χρησιμοποιώντας ένα κατσαβίδι Phillips, αφαιρέστε τις δέκα σταθερές βίδες που συγκρατούν το κάτω περίβλημα. Βήμα 2: Ανοίξτε προσεκτικά το περίβλημα, ξεκινώντας από μια γωνιακή εγκοπή, και αφήστε το στην άκρη. Να είστε προσεκτικοί για να αποφύγετε το ξύσιμο του σασί. Βήμα 3: Εντοπίστε την υποδοχή M.2 SSD, η οποία συνήθως συγκρατείται από μία μικρή βίδα συγκράτησης. Βήμα 4: Αφαιρέστε τη βίδα συγκράτησης. Ο δίσκος θα ανασηκωθεί ελαφρώς. Βήμα 5: Σύρετε τον παλιό SSD έξω από τον σύνδεσμο. Βήμα 6: Τοποθετήστε τον νέο συμβατό M.2 SSD στην ίδια γωνία, πιέζοντάς τον σταθερά στην υποδοχή. Βήμα 7: Ασφαλίστε τον νέο SSD με τη βίδα συγκράτησης. Βήμα 8: Ευθυγραμμίστε και κουμπώστε το κάτω περίβλημα στη θέση του. Βήμα 9: Επανατοποθετήστε τις δέκα σταθερές βίδες.","1. Αφαιρέστε τις δέκα σταθερές βίδες που συγκρατούν το κάτω περίβλημα χρησιμοποιώντας ένα κατσαβίδι Phillips.
2. Ανοίξτε προσεκτικά το περίβλημα, ξεκινώντας από μια γωνιακή εγκοπή, και αφήστε το στην άκρη.
3. Εντοπίστε την υποδοχή M.2 SSD.
4. Αφαιρέστε τη βίδα συγκράτησης.
5. Σύρετε τον παλιό SSD έξω από τον σύνδεσμο.
6. Τοποθετήστε τον νέο συμβατό M.2 SSD στην ίδια γωνία, πιέζοντάς τον σταθερά στην υποδοχή.
7. Ασφαλίστε τον νέο SSD με τη βίδα συγκράτησης.
8. Ευθυγραμμίστε και κουμπώστε το κάτω περίβλημα στη θέση του.
9. Επανατοποθετήστε τις δέκα σταθερές βίδες."
"Από το παρεχόμενο κείμενο, απαριθμήστε την ακτίνα (σε χλμ) για κάθε δορυφόρο του οποίου η τροχιακή περίοδος είναι μικρότερη από 5 ημέρες. Διαμορφώστε τους αριθμούς σε φθίνουσα σειρά, χωρισμένους με ελληνικό ερωτηματικό (;).","Ο Δίας φιλοξενεί 95 γνωστούς δορυφόρους, αλλά οι τέσσερις μεγαλύτεροι, που ανακαλύφθηκαν από τον Γαλιλαίο Γαλιλέι το 1610, είναι οι πιο διάσημοι. Αυτοί οι Γαλιλαϊκοί δορυφόροι είναι η Ιώ, η Ευρώπη, ο Γανυμήδης και η Καλλιστώ. Η Ιώ είναι ο πιο ηφαιστειακά ενεργός κόσμος στο Ηλιακό Σύστημα· έχει τροχιακή περίοδο 1,77 ημερών και ακτίνα 1.821,6 χλμ. Η Ευρώπη είναι ελαφρώς μικρότερη, γνωστή για τον υπόγειο ωκεανό της, με τροχιακή περίοδο 3,55 ημερών και ακτίνα 1.560,8 χλμ. Ο Γανυμήδης είναι ο μεγαλύτερος δορυφόρος, ακόμη μεγαλύτερος από τον πλανήτη Ερμή, και είναι ο μόνος δορυφόρος που είναι γνωστό ότι έχει τη δική του μαγνητόσφαιρα. Η τροχιακή του περίοδος είναι 7,15 ημέρες και η ακτίνα του είναι 2.634,1 χλμ. Τέλος, η Καλλιστώ, που συχνά περιγράφεται ως βαριά κρατηροποιημένη και γεωλογικά νεκρή, χρειάζεται 16,69 ημέρες για να περιστραφεί γύρω από τον Δία και έχει ακτίνα 2.410,3 χλμ.","1,821.6; 1,560.8"
"Ποιο είναι θηλαστικό ή ερπετό: Δράκος του Κομόντο, Γαλάζια φάλαινα",,"Ο Δράκος του Κομόντο είναι ερπετό, η Γαλάζια φάλαινα είναι θηλαστικό"
"Κατατάξτε τις ακόλουθες δομές δεδομένων σε γραμμικές ή μη γραμμικές: Στοίβα, Δέντρο.",,"Η Στοίβα είναι γραμμική, το Δέντρο είναι μη γραμμικό."
Ποιος είναι ο πλήρης τίτλος της Daenerys Targaryen;,,"Daenerys Καταιγιδόγεννη του Οίκου Targaryen, Πρώτη του Ονόματός της, Βασίλισσα των Άνταλς και των Πρώτων Ανδρών, Προστάτιδα των Επτά Βασιλείων, η Μητέρα των Δράκων, η Χαλίσι της Μεγάλης Θάλασσας των Χόρτων, η Άκαυτη, η Λύτρωτής των Αλυσίδων."
"Με βάση το παρεχόμενο κείμενο, σε ποιον αποδίδεται η ανακάλυψη της πενικιλίνης, και ποια χρονιά και σε ποια τοποθεσία έλαβε χώρα αυτή η παρατήρηση;","Η πενικιλίνη, ένα από τα πρώτα ευρέως χρησιμοποιούμενα αντιβιοτικά στον κόσμο, έφερε επανάσταση στην ιατρική. Η ανακάλυψή της αποδίδεται γενικά στον Σκωτσέζο ιατρό και μικροβιολόγο Αλεξάντερ Φλέμινγκ. Το 1928, εργαζόμενος στο Νοσοκομείο St Mary's στο Λονδίνο, ο Φλέμινγκ παρατήρησε ότι μια μούχλα, που αργότερα αναγνωρίστηκε ως Penicillium notatum, είχε μολύνει ένα τρυβλίο καλλιέργειας βακτηρίων Staphylococcus. Παρατήρησε ότι η μούχλα εμπόδιζε την ανάπτυξη των βακτηρίων γύρω της, αναγνωρίζοντας τις ισχυρές αντιβακτηριδιακές της ιδιότητες. Ωστόσο, ήταν ο Χάουαρντ Φλόρεϊ και ο Ερνστ Τσέιν, που εργάζονταν στο Πανεπιστήμιο της Οξφόρδης στις αρχές της δεκαετίας του 1940, οι οποίοι ανέπτυξαν μεθόδους μαζικής παραγωγής και καθαρισμού της πενικιλίνης, καθιστώντας την αποτελεσματική για τη θεραπεία τραυματισμών στο πεδίο της μάχης κατά τη διάρκεια του Β' Παγκοσμίου Πολέμου.","Στον Αλεξάντερ Φλέμινγκ αποδίδεται η ανακάλυψη, η οποία συνέβη το 1928 στο Νοσοκομείο St Mary's στο Λονδίνο."
"Προσδιορίστε τον πρώτο διαστημικό σταθμό των Ηνωμένων Πολιτειών, ο οποίος λειτούργησε από το 1973 έως το 1979.",,Ο πρώτος διαστημικός σταθμός των Ηνωμένων Πολιτειών ήταν το Skylab.
"Εξηγήστε τη θεμελιώδη σχέση και διάκριση μεταξύ της Τεχνητής Νοημοσύνης (AI), της Μηχανικής Μάθησης (ML) και της Βαθιάς Μάθησης (DL).",,"Η Τεχνητή Νοημοσύνη (AI) είναι το ευρύτερο πεδίο δημιουργίας μηχανών που μιμούνται την ανθρώπινη νοημοσύνη. Η Μηχανική Μάθηση (ML) είναι ένα συγκεκριμένο υποσύνολο της AI που επιτρέπει στα συστήματα να μαθαίνουν από δεδομένα χωρίς να έχουν προγραμματιστεί ρητά. Η Βαθιά Μάθηση (DL) είναι, με τη σειρά της, ένα υποσύνολο της ML. Η DL χρησιμοποιεί τεχνητά νευρωνικά δίκτυα με πολλαπλά στρώματα (εξ ου και 'βαθιά') για την ανάλυση τεράστιων ποσοτήτων δεδομένων, καθιστώντας την ιδιαίτερα αποτελεσματική για σύνθετες εργασίες, όπως η αναγνώριση εικόνων και η επεξεργασία φυσικής γλώσσας."
Τι είναι ένα άμεσο αντικείμενο σε μια πρόταση;,,Το άμεσο αντικείμενο είναι ένα ουσιαστικό ή μια αντωνυμία που δέχεται την ενέργεια του μεταβατικού ρήματος. Συνήθως απαντά στην ερώτηση «ποιον;» ή «τι;» μετά το ρήμα.
Προσδιορίστε τα κύρια ατμοσφαιρικά συστατικά του Δία.,"Ο Δίας είναι ο πέμπτος πλανήτης από τον Ήλιο και ο μεγαλύτερος στο Ηλιακό Σύστημα. Είναι ένας αέριος γίγαντας με μάζα ίση με το ένα χιλιοστό της μάζας του Ήλιου, αλλά δύομισι φορές μεγαλύτερη από αυτή όλων των άλλων πλανητών του Ηλιακού Συστήματος μαζί. Η ατμόσφαιρα του Δία αποτελείται κυρίως από υδρογόνο (90%) και ήλιο (10%). Είναι γνωστός για τη Μεγάλη Ερυθρά Κηλίδα του, μια επίμονη περιοχή υψηλής πίεσης που βρίσκεται νότια του ισημερινού, η οποία είναι η μεγαλύτερη γνωστή καταιγίδα στο Ηλιακό Σύστημα. Ο Δίας έχει 95 επιβεβαιωμένα φεγγάρια, τα τέσσερα μεγαλύτερα από τα οποία είναι η Ιώ, η Ευρώπη, ο Γανυμήδης και η Καλλιστώ, γνωστά συλλογικά ως οι Γαλιλαιακοί δορυφόροι.",Η ατμόσφαιρα του Δία αποτελείται κυρίως από υδρογόνο (90%) και ήλιο (10%).
Ποιοι θεωρούνται οι θεμελιώδεις πρωτοπόροι της Τεχνητής Νοημοσύνης;,,"Ο Άλαν Τιούρινγκ αναφέρεται συχνά για το θεωρητικό του έργο σχετικά με την υπολογισιμότητα και το περίφημο Τεστ Τιούρινγκ, θέτοντας τις βάσεις για τη μηχανική σκέψη. Ο Τζον Μακάρθι επινόησε τον όρο «Τεχνητή Νοημοσύνη» το 1955 και ανέπτυξε τη γλώσσα προγραμματισμού Lisp, καθιστώντας τον κεντρικό στην επίσημη έναρξη του πεδίου. Άλλες κρίσιμες προσωπικότητες περιλαμβάνουν τον Μάρβιν Μίνσκι και τον Άλεν Νιούελ, οι οποίοι συνέβαλαν σημαντικά στα πρώτα νευρωνικά δίκτυα και στα προγράμματα επίλυσης σύνθετων προβλημάτων."
Συζητήστε την έννοια του «υπαρξιακού κινδύνου» σε σχέση με την προηγμένη τεχνητή νοημοσύνη (AGI). Θα πρέπει η έρευνα για την ασφάλεια και την ευθυγράμμιση να δοθεί προτεραιότητα έναντι της ανάπτυξης ικανοτήτων;,,"Ο υπαρξιακός κίνδυνος (ή Κίνδυνος-X) στο πλαίσιο της AGI αναφέρεται στη δυνατότητα για ανθρώπινη εξαφάνιση ή μη αναστρέψιμη κατάρρευση του πολιτισμού που απορρέει από τη δημιουργία ισχυρών, υπερνοημόνων μηχανών των οποίων οι στόχοι δεν είναι ευθυγραμμισμένοι με τις ανθρώπινες αξίες. Αυτός ο κίνδυνος συχνά καταδεικνύεται από νοητικά πειράματα όπως ο «μεγιστοποιητής συνδετήρων» (paperclip maximizer), όπου μια ΤΝ στην οποία έχει ανατεθεί καλοπροαίρετα μια εργασία (π.χ., η μεγιστοποίηση της παραγωγής συνδετήρων) χρησιμοποιεί όλους τους παγκόσμιους πόρους, συμπεριλαμβανομένων των ανθρώπων, για να επιτύχει τον μοναδικό, απεριόριστο στόχο της. Ο υποκείμενος κίνδυνος είναι η απώλεια ελέγχου πάνω σε ένα σύστημα που είναι κατά πολύ ανώτερο σε νοημοσύνη.

Η συζήτηση σχετικά με την ιεράρχηση—αν η έρευνα για την ασφάλεια και την ευθυγράμμιση θα πρέπει να προηγείται της ανάπτυξης ικανοτήτων—είναι ένα από τα πιο αμφιλεγόμενα ζητήματα στον τομέα. Οι υποστηρικτές της αρχής «πρώτα η ασφάλεια» υποστηρίζουν ότι εφόσον δεν κατανοούμε ακόμη πώς να ελέγξουμε αυστηρά μια υπερνοημοσύνη, η πρόωρη δημιουργία της είναι ανάλογη με την κατασκευή ενός ισχυρού πυρηνικού όπλου χωρίς να γνωρίζουμε πώς να το απενεργοποιήσουμε ή να το ασφαλίσουμε. Συνηγορούν υπέρ της επιβράδυνσης των κερδών σε ικανότητες μέχρι να επιλυθούν θεμελιώδη προβλήματα ευθυγράμμισης (διασφαλίζοντας ότι η ΤΝ κατανοεί και λειτουργεί σύμφωνα με την ανθρώπινη ευημερία).

Αντίθετα, όσοι δίνουν προτεραιότητα στην ανάπτυξη ικανοτήτων υποστηρίζουν ότι τα κοινωνικά οφέλη της AGI (επίλυση της κλιματικής αλλαγής, θεραπεία ασθενειών) είναι πολύ σημαντικά για να καθυστερήσουν, και ότι τα μέτρα ασφαλείας μπορούν και πρέπει να ενσωματώνονται επαναληπτικά παράλληλα με τις βελτιώσεις ικανοτήτων. Επιπλέον, υπάρχει μια γεωπολιτική συνιστώσα, καθώς η πρώτη οντότητα που θα επιτύχει AGI μπορεί να αποκτήσει ένα ανυπέρβλητο στρατηγικό πλεονέκτημα. Τελικά, ενώ και οι δύο ερευνητικές ροές είναι κρίσιμες, η φύση της AGI υποδηλώνει ότι οι πιθανές συνέπειες της αποτυχίας είναι τόσο υψηλές ώστε η επίλυση της ευθυγράμμισης—η διασφάλιση ότι οι στόχοι είναι καλοήθεις—είναι αναμφισβήτητα η μοναδική πιο σημαντική πρόκληση που αντιμετωπίζει επί του παρόντος η ανθρωπότητα."
Πότε και από ποιον εφευρέθηκε η τυπογραφική πρέσα με κινητά στοιχεία;,"Η τυπογραφική πρέσα με κινητά στοιχεία εφευρέθηκε από τον Ιωάννη Γουτεμβέργιο στα μέσα του 15ου αιώνα, περίπου το 1440. Ο Γουτεμβέργιος, ένας Γερμανός χρυσοχόος, προσάρμοσε τις υπάρχουσες κοχλιοφόρες πρέσες (που χρησιμοποιούνταν για κρασί και ελαιόλαδο) και ανέπτυξε μελάνια με βάση το λάδι, τα οποία προσκολλούνταν καλά στα μεταλλικά στοιχεία. Αυτή η εφεύρεση μείωσε δραματικά το κόστος αναπαραγωγής εγγράφων και οδήγησε άμεσα στην Εποχή της Πληροφορίας.","Η τυπογραφική πρέσα με κινητά στοιχεία εφευρέθηκε από τον Γερμανό χρυσοχόο Ιωάννη Γουτεμβέργιο γύρω στο 1440, στα μέσα του 15ου αιώνα."
"Ποια ήταν η συνολική μάζα ωφέλιμου φορτίου έρευνας, σε χιλιόγραμμα, που μεταφέρθηκε από την αποστολή Orion Alpha;","Η αποστολή βαθέος διαστήματος Orion Alpha εκτοξεύτηκε στις 14 Ιουλίου 2025. Πέτυχε μέγιστη ταχύτητα 15.200 μέτρων ανά δευτερόλεπτο (m/s) κατά τη φάση εισαγωγής σε τροχιά μεταφοράς προς τη Σελήνη. Η συνολική μάζα ωφέλιμου φορτίου έρευνας ήταν 4.500 χιλιόγραμμα (kg). Το εκτιμώμενο κόστος αποστολής, συμπεριλαμβανομένης της ανάπτυξης, του οχήματος εκτόξευσης και των λειτουργικών εξόδων, ανήλθε συνολικά σε 3,8 δισεκατομμύρια δολάρια ΗΠΑ.",Η συνολική μάζα ωφέλιμου φορτίου έρευνας ήταν 4.500 χιλιόγραμμα.
"Σύμφωνα με το παρεχόμενο κείμενο, ποιοι είναι οι πρωταρχικοί επιστημονικοί στόχοι της αποστολής του Ρόβερ Curiosity;","Το Ρόβερ Curiosity, που ονομάζεται επίσημα Εργαστήριο Επιστήμης του Άρη (MSL), είναι ένα ρόβερ μεγέθους αυτοκινήτου σχεδιασμένο για να εξερευνήσει τον κρατήρα Gale στον Άρη ως μέρος της αποστολής Mars Science Laboratory της NASA. Εκτοξεύτηκε από το Ακρωτήριο Κανάβεραλ στις 26 Νοεμβρίου 2011 και προσγειώθηκε με επιτυχία στην Αιολίδα Παλούς (Aeolis Palus) μέσα στον κρατήρα Gale στις 6 Αυγούστου 2012. Οι πρωταρχικοί επιστημονικοί στόχοι της αποστολής περιλαμβάνουν τη διερεύνηση του κλίματος και της γεωλογίας του Άρη, τον προσδιορισμό του κατά πόσον ο κρατήρας Gale έχει προσφέρει ποτέ περιβαλλοντικές συνθήκες ευνοϊκές για μικροβιακή ζωή και τη μελέτη του ρόλου του νερού στην περιοχή. Το ρόβερ φέρει δέκα επιστημονικά όργανα, συμπεριλαμβανομένων καμερών, φασματόμετρων και ανιχνευτών ακτινοβολίας, επιτρέποντάς του να αναλύει βράχους, χώμα και τη σύνθεση του αέρα. Η κύρια πηγή ενέργειάς του είναι μια Θερμοηλεκτρική Γεννήτρια Ραδιοϊσοτόπων Πολλαπλών Αποστολών (MMRTG).","Οι πρωταρχικοί επιστημονικοί στόχοι της αποστολής περιλαμβάνουν τη διερεύνηση του κλίματος και της γεωλογίας του Άρη, τον προσδιορισμό του κατά πόσον ο κρατήρας Gale έχει προσφέρει ποτέ περιβαλλοντικές συνθήκες ευνοϊκές για μικροβιακή ζωή και τη μελέτη του ρόλου του νερού στην περιοχή."
"Πόσο καιρό απασχολήθηκε ο Λεονάρντο ντα Βίντσι από τον Λουδοβίκο Σφόρτσα, και ποιο σημαντικό γεγονός τερμάτισε αυτήν την περίοδο πατρωνίας;","Ο Λεονάρντο ντα Βίντσι (1452–1519) ήταν Ιταλός πολυμαθής. Η πρώιμη καριέρα του τον βρήκε μαθητευόμενο στη Φλωρεντία, αλλά αναζήτησε μεγαλύτερες ευκαιρίες. Το 1482, μετακόμισε στο Μιλάνο για να εργαστεί στην υπηρεσία του Λουδοβίκου Σφόρτσα, του Δούκα του Μιλάνου. Κατά τη διάρκεια αυτής της περιόδου, η οποία διήρκεσε μέχρι το 1499, όταν ο Σφόρτσα ανατράπηκε από τις γαλλικές δυνάμεις, ο Λεονάρντο δημιούργησε σημαντικά έργα, συμπεριλαμβανομένου του «Ο Μυστικός Δείπνος». Μετά τη γαλλική εισβολή, ο Λεονάρντο έφυγε από το Μιλάνο, επιστρέφοντας τελικά στη Φλωρεντία το 1500, αν και πέρασε χρόνο εργαζόμενος για τον Καίσαρα Βοργία (1502-1503) πριν εγκατασταθεί ξανά στη Φλωρεντία.",Απασχολήθηκε από τον Σφόρτσα από το 1482 μέχρι το 1499 (17 χρόνια). Η πατρωνία τερματίστηκε όταν ο Σφόρτσα ανατράπηκε από τις γαλλικές δυνάμεις.
Ποια είναι τα κύρια χαρακτηριστικά του στοιχείου Βόριο,,"Το Βόριο (Β) είναι ένα χημικό στοιχείο με ατομικό αριθμό 5. Είναι ένα μεταλλοειδές, πράγμα που σημαίνει ότι έχει ιδιότητες τόσο μετάλλων όσο και αμέταλλων. Είναι συνήθως μια σκληρή, μαύρη ουσία, η οποία είναι ιδιαίτερα ανθεκτική στη θερμότητα και είναι κακός αγωγός του ηλεκτρισμού σε θερμοκρασία δωματίου."
"Απαριθμήστε τους δύο κύριους μηχανισμούς με τους οποίους ένα ηλεκτρόνιο αλλάζει ενεργειακά επίπεδα, σύμφωνα με το μοντέλο του Μπορ, και δηλώστε την προϋπόθεση για αυτήν την αλλαγή.","Το μοντέλο του Μπορ, που εισήχθη από τον Νιλς Μπορ το 1913, πρότεινε ότι τα ηλεκτρόνια περιφέρονται γύρω από τον πυρήνα σε συγκεκριμένες, σταθερές τροχιές, ή «φλοιούς», καθεμία από τις οποίες συνδέεται με μια σταθερή ποσότητα ενέργειας. Τα ηλεκτρόνια μπορούν να κινηθούν μεταξύ αυτών των σταθερών τροχιών μόνο απορροφώντας ή εκπέμποντας ένα φωτόνιο ενέργειας, το οποίο αντιστοιχεί ακριβώς στη διαφορά ενέργειας μεταξύ των δύο τροχιών. Αυτό το μοντέλο εξήγησε με επιτυχία τις φασματικές γραμμές του υδρογόνου, αλλά απέτυχε να περιγράψει με ακρίβεια άτομα με περισσότερα από ένα ηλεκτρόνια.","Μηχανισμοί αλλαγής:
1. Απορρόφηση φωτονίου ενέργειας.
2. Εκπομπή φωτονίου ενέργειας.
Προϋπόθεση: Η ενέργεια του φωτονίου πρέπει να αντιστοιχεί ακριβώς στη διαφορά ενέργειας μεταξύ των δύο τροχιών."
Είναι η μεγαλύτερη οικόσιτη φυλή γάτας η Maine Coon ή η Σιαμαία;,,Maine Coon
"Ποιο βασικό συστατικό επέτρεψε στις αρχαίες ρωμαϊκές κατασκευές από σκυρόδεμα, όπως το Πάνθεον, να διαρκέσουν για χιλιάδες χρόνια, και πώς λειτουργούσε;",,"Το βασικό συστατικό που εξασφάλισε τη μακροζωία και την ανθεκτικότητα του ρωμαϊκού σκυροδέματος (opus caementicium) ήταν η ηφαιστειακή τέφρα, συγκεκριμένα η ποζολανική τέφρα (που πήρε το όνομά της από το Ποτσουόλι της Ιταλίας). Αυτό το υλικό αναμιγνυόταν με ασβέστη και αδρανή υλικά (χαλίκια) για τη δημιουργία της κατασκευής. Σε αντίθεση με το σύγχρονο τσιμέντο Portland, το οποίο τείνει να υποβαθμίζεται όταν εκτίθεται σε θαλασσινό νερό, το ποζολανικό σκυρόδεμα αντιδρούσε με το νερό για να σχηματίσει μια ορυκτή ένωση που ονομάζεται ένυδρο πυριτικό-αργιλικό-ασβέστιο (C-A-S-H).

Είναι σημαντικό ότι αυτή η συγκεκριμένη χημική δομή διαθέτει μοναδικές ιδιότητες αυτο-επιδιόρθωσης. Όταν σχηματίζονται μικρορωγμές και εισχωρεί νερό, η αντίδραση μεταξύ του ασβέστη, της ηφαιστειακής τέφρας και των ιχνοστοιχείων στο νερό δημιουργεί νέους κρυστάλλους C-A-S-H, ουσιαστικά «επιδιορθώνοντας» τις ρωγμές και εμποδίζοντας την εξάπλωσή τους. Αυτή η ιδιότητα, ιδιαίτερα εμφανής σε θαλάσσια περιβάλλοντα όπως οι πυλώνες λιμανιών, επέτρεψε στις ρωμαϊκές κατασκευές να κερδίζουν δύναμη με την πάροδο των αιώνων αντί να αποδυναμώνονται."
"Σύμφωνα με το κείμενο, ποιες ήταν οι κύριες κοινωνικές επιπτώσεις της βελτιωμένης πρέσας εκτύπωσης του Γουτεμβέργιου;","Η τυπογραφική πρέσα εφευρέθηκε από τον Ιωάννη Γουτεμβέργιο στα μέσα του 15ου αιώνα (περίπου το 1440) στην Ευρώπη. Ενώ βασικές μορφές εκτύπωσης υπήρχαν νωρίτερα, ο Γουτεμβέργιος βελτίωσε το μηχανικό σύστημα κινητών τύπων, καθιστώντας δυνατή τη μαζική παραγωγή κειμένων. Το πιο διάσημο πρώιμο έργο του ήταν η Βίβλος του Γουτεμβέργιου. Αυτή η εφεύρεση μεταμόρφωσε ριζικά την κοινωνία αυξάνοντας τον αλφαβητισμό, διαδίδοντας γρήγορα τη γνώση και τυποποιώντας τις γλώσσες. Πριν από την τυπογραφική πρέσα, τα βιβλία αντιγράφονταν με το χέρι, μια αργή και δαπανηρή διαδικασία.","Η βελτίωση της τυπογραφικής πρέσας από τον Γουτεμβέργιο μεταμόρφωσε ριζικά την κοινωνία αυξάνοντας τα ποσοστά αλφαβητισμού, επιτρέποντας την ταχεία διάδοση της γνώσης και συμβάλλοντας στην τυποποίηση των γλωσσών."
Ποια είναι η συνιστώμενη μέθοδος για τον καθαρισμό παλαιών αρχείων δεδομένων σε έναν πίνακα Delta;,,"Η συνιστώμενη μέθοδος για τον καθαρισμό παλαιών αρχείων δεδομένων στα οποία δεν γίνεται πλέον αναφορά από το αρχείο καταγραφής συναλλαγών Delta είναι η εντολή `VACUUM`. Σας επιτρέπει να καθορίσετε ένα όριο διατήρησης (συνήθως ελάχιστο 7 ημερών) μετά το οποίο τα αρχεία στα οποία δεν γίνεται αναφορά διαγράφονται οριστικά. Να είστε προσεκτικοί, καθώς αυτή η λειτουργία είναι μόνιμη και μπορεί να επηρεάσει τη λειτουργικότητα του ταξιδιού στο χρόνο."
Ποια είναι η πρωτεύουσα της Αυστραλίας;,,Η πρωτεύουσα της Αυστραλίας είναι η Καμπέρα.
Ποιο είναι το επίσημο μήκος της Γέφυρας Γκόλντεν Γκέιτ σε πόδια;,"Η Γέφυρα Γκόλντεν Γκέιτ είναι μια κρεμαστή γέφυρα που διασχίζει τη Χρυσή Πύλη (Golden Gate), το στενό πλάτους ενός μιλίου που συνδέει τον Κόλπο του Σαν Φρανσίσκο και τον Ειρηνικό Ωκεανό. Η κατασκευή ξεκίνησε το 1933, αλλά οι δύσκολες καιρικές συνθήκες και οι οικονομικές προκλήσεις περιέπλεξαν το έργο. Ο Αρχιμηχανικός Τζόζεφ Στράους επέβλεψε την κατασκευή, δίνοντας προτεραιότητα στην ασφάλεια των εργαζομένων. Η γέφυρα άνοιξε επίσημα στις 27 Μαΐου 1937, αν και η πρόσβαση για πεζούς είχε επιτραπεί την προηγούμενη ημέρα. Το συνολικό της μήκος είναι 8.981 πόδια (1,7 μίλια). Το εμβληματικό της χρώμα είναι επίσημα γνωστό ως «Διεθνές Πορτοκαλί» (International Orange). Επί του παρόντος, η γέφυρα διαχειρίζεται περίπου 112.000 διελεύσεις οχημάτων καθημερινά. Το νησί Αλκατράζ είναι ορατό από την ανατολική πλευρά της γέφυρας.",Το συνολικό μήκος της Γέφυρας Γκόλντεν Γκέιτ είναι 8.981 πόδια.
Εξηγήστε τα βασικά βήματα και τα απαιτούμενα συστατικά της φωτοσύνθεσης.,,"Η φωτοσύνθεση είναι η διαδικασία που χρησιμοποιείται από φυτά, φύκη και ορισμένα βακτήρια για τη μετατροπή της φωτεινής ενέργειας σε χημική ενέργεια, κυρίως με τη μορφή γλυκόζης. Απαιτεί τρία κύρια συστατικά: νερό (H2O), διοξείδιο του άνθρακα (CO2) και ηλιακό φως. Η διαδικασία χωρίζεται σε δύο κύρια στάδια: (1) Φωτοεξαρτώμενες Αντιδράσεις: Συμβαίνουν στις μεμβράνες των θυλακοειδών, η φωτεινή ενέργεια συλλαμβάνεται από τη χλωροφύλλη και μετατρέπεται σε ATP και NADPH, ενώ το νερό διασπάται, απελευθερώνοντας οξυγόνο (O2) ως παραπροϊόν. (2) Ο Κύκλος του Calvin (Φωτοανεξάρτητες Αντιδράσεις): Συμβαίνει στο στρώμα, το ATP και το NADPH χρησιμοποιούνται για τη «σταθεροποίηση» του διοξειδίου του άνθρακα από την ατμόσφαιρα σε μόρια σακχάρου (γλυκόζη)."
"Για το τελευταίο μου αλχημικό έργο, πρέπει να υπολογίσω το κόστος. Οι Κλίμακες Δράκου (DS) κοστίζουν 50 χρυσά νομίσματα (GP) η καθεμία, και η Σκόνη Νεράιδας (FD) κοστίζει 15 GP ανά πρέζα. Ποιο είναι το συνολικό κόστος σε GP αν η συνταγή απαιτεί 4 Κλίμακες Δράκου και 8 πρέζες Σκόνης Νεράιδας;",,Το συνολικό κόστος του αλχημικού έργου είναι 320 χρυσά νομίσματα (GP). Αυτό υπολογίζεται προσθέτοντας το κόστος των Κλιμάκων Δράκου (4 * 50 GP = 200 GP) και το κόστος της Σκόνης Νεράιδας (8 * 15 GP = 120 GP).
"Μετατρέψτε την ακόλουθη λίστα δεδομένων αποθέματος προϊόντων σε μορφή διαχωρισμένη με κόμματα (CSV), διασφαλίζοντας ότι οι κεφαλίδες είναι 'Όνομα Προϊόντος', 'SKU', 'Ποσότητα σε Απόθεμα' και 'Σημείο Επαναπαραγγελίας'.","Προϊόν: T-Shirt - Μπλε, Κωδικός: TS-BL-SM, Απόθεμα: 150, Όριο Επαναπαραγγελίας: 50
Προϊόν: T-Shirt - Κόκκινο, Κωδικός: TS-RD-LG, Απόθεμα: 45, Όριο Επαναπαραγγελίας: 50
Προϊόν: Καπέλο - Μαύρο, Κωδικός: HAT-BK-OS, Απόθεμα: 210, Όριο Επαναπαραγγελίας: 100
Προϊόν: Κούπα - Λογότυπο, Κωδικός: MUG-LOG-STD, Απόθεμα: 98, Όριο Επαναπαραγγελίας: 75","Όνομα Προϊόντος,SKU,Ποσότητα σε Απόθεμα,Σημείο Επαναπαραγγελίας
T-Shirt - Blue,TS-BL-SM,150,50
T-Shirt - Red,TS-RD-LG,45,50
Hat - Black,HAT-BK-OS,210,100
Mug - Logo,MUG-LOG-STD,98,75"
"Ποιος έγραψε το θεατρικό έργο ""Ρωμαίος και Ιουλιέτα"";",,"Ο Ουίλιαμ Σαίξπηρ πιστώνεται τη συγγραφή της τραγωδίας ""Ρωμαίος και Ιουλιέτα""."
"Χρησιμοποιώντας το παρεχόμενο κείμενο, προσδιορίστε τον εφευρέτη του μικροκυμάτων, το όνομα του πρώτου εμπορικού μοντέλου και το έτος παραγωγής του.","Η εφεύρεση του φούρνου μικροκυμάτων αποδίδεται στον Percy Spencer, έναν Αμερικανό αυτοδίδακτο μηχανικό που εργαζόταν στην Raytheon. Το 1945, ενώ εργαζόταν σε ένα ενεργό ραντάρ, ο Spencer παρατήρησε ότι μια σοκολάτα στην τσέπη του είχε λιώσει. Περιέργως, πειραματίστηκε περαιτέρω, πρώτα με ποπ κορν και μετά με ένα αυγό, το οποίο έγινε διάσημο επειδή εξερράγη στο πρόσωπο ενός συναδέλφου του. Ο πρώτος εμπορικός φούρνος μικροκυμάτων, το «Radarange», παρήχθη από την Raytheon το 1947. Ήταν τεράστιος, με ύψος σχεδόν 6 πόδια και βάρος πάνω από 750 λίβρες, και κόστιζε περίπου 5.000 δολάρια, καθιστώντας τον χρήσιμο κυρίως για επαγγελματικές κουζίνες.","Ο εφευρέτης ήταν ο Percy Spencer. Το πρώτο εμπορικό μοντέλο ονομαζόταν «Radarange», και παρήχθη από την Raytheon το 1947."
"Κατατάξτε τα ακόλουθα στοιχεία ως μέταλλα ή αμέταλλα: Οξυγόνο, Σίδηρος, Χλώριο, Νάτριο.",,Ο Σίδηρος και το Νάτριο είναι μέταλλα. Το Οξυγόνο και το Χλώριο είναι αμέταλλα.
Ποια είναι τα βασικά βήματα που πρέπει να ακολουθήσει κάποιος όταν ξεκινά να επενδύει στο χρηματιστήριο;,,"Η έναρξη του επενδυτικού σας ταξιδιού απαιτεί προετοιμασία και μια καθορισμένη στρατηγική. Οι οικονομικοί εμπειρογνώμονες συνιστούν να ακολουθήσετε τα εξής βασικά βήματα:
1. **Θέσπιση Οικονομικής Σταθερότητας:** Πριν επενδύσετε, βεβαιωθείτε ότι δεν έχετε καθόλου χρέη υψηλού επιτοκίου (όπως πιστωτικές κάρτες) και ένα ισχυρό ταμείο έκτακτης ανάγκης που καλύπτει 3-6 μήνες εξόδων διαβίωσης.
2. **Καθορίστε Στόχους και Χρονοδιάγραμμα:** Προσδιορίστε *γιατί* επενδύετε (π.χ. συνταξιοδότηση, προκαταβολή σπιτιού, βραχυπρόθεσμη αποταμίευση) και τον σχετικό χρονικό σας ορίζοντα. Αυτό υπαγορεύει την ανοχή σας στον κίνδυνο. Ένα μεγαλύτερο χρονοδιάγραμμα γενικά επιτρέπει υψηλότερο κίνδυνο.
3. **Επιλέξτε τους Σωστούς Λογαριασμούς:** Δώστε προτεραιότητα σε λογαριασμούς με φορολογικά πλεονεκτήματα, όπως έναν 401(k) (ειδικά αν υπάρχει εργοδοτική αντιστοίχιση) ή έναν Roth/Traditional IRA. Για μια τυπική χρηματιστηριακή, επιλέξτε μια αξιόπιστη πλατφόρμα με χαμηλές χρεώσεις.
4. **Ξεκινήστε Ευρέως και Διαφοροποιημένα:** Για αρχάριους, η ασφαλέστερη και πιο συνιστώμενη προσέγγιση είναι η αγορά Διαπραγματεύσιμων Αμοιβαίων Κεφαλαίων (ETFs) ευρείας αγοράς ή αμοιβαίων κεφαλαίων χαμηλού κόστους (π.χ. αυτά που παρακολουθούν τον S&P 500). Αυτό διαφοροποιεί άμεσα τον κίνδυνο σας σε εκατοντάδες εταιρείες.
5. **Χρησιμοποιήστε τον Μέσο Όρο Κόστους Κατά Περίοδο (DCA):** Αντί να προσπαθείτε να 'μαντέψετε την αγορά', δεσμευτείτε να επενδύετε ένα σταθερό ποσό χρημάτων σε τακτά χρονικά διαστήματα (μηνιαία ή δύο φορές την εβδομάδα). Αυτό μειώνει τον κίνδυνο αγοράς μόνο όταν οι τιμές είναι υψηλές.
6. **Δεσμευτείτε για το Μακροπρόθεσμο:** Η επιτυχημένη επένδυση σπάνια αφορά γρήγορα κέρδη. Διατηρήστε πειθαρχία και αποφύγετε να αντιδράτε συναισθηματικά στις υφέσεις της αγοράς."
Ποια είναι τα βασικά στοιχεία ενός αποτελεσματικού επαγγελματικού βιογραφικού σημειώματος;,,"1. **Σαφή Στοιχεία Επικοινωνίας:** Βεβαιωθείτε ότι το όνομά σας, ο αριθμός τηλεφώνου, το επαγγελματικό email και το προφίλ σας στο LinkedIn (εάν υπάρχει) είναι εύκολα ορατά.
2. **Επαγγελματική Περίληψη/Στόχος:** Μια σύντομη, προσαρμοσμένη παράγραφος που συνοψίζει τα επιτεύγματα και τους στόχους της καριέρας σας που σχετίζονται με τη θέση.
3. **Εργασιακή Εμπειρία με Αντίστροφη Χρονολογική Σειρά:** Καταγράψτε τις θέσεις εργασίας ξεκινώντας από την πιο πρόσφατη. Χρησιμοποιήστε ισχυρά ρήματα δράσης και ποσοτικοποιήστε τα επιτεύγματα όποτε είναι δυνατόν.
4. **Εκπαίδευση και Πιστοποιήσεις:** Συμπεριλάβετε σχετικά πτυχία, ιδρύματα και ημερομηνίες. Καταγράψτε τις πιστοποιήσεις που ενισχύουν τα προσόντα σας.
5. **Σχετικές Δεξιότητες:** Δημιουργήστε μια ξεχωριστή ενότητα επισημαίνοντας τις σκληρές δεξιότητες (λογισμικό, γλώσσες) και τις ήπιες δεξιότητες (ηγεσία, επικοινωνία) που ταιριάζουν με τις λέξεις-κλειδιά της περιγραφής εργασίας."
Απαριθμήστε τα βασικά ακαδημαϊκά επιτεύγματα και τα Βραβεία Νόμπελ που κέρδισε η Μαρία Κιουρί με τη σειρά που τα έλαβε.,"Η Μαρία Σκλοντόφσκα Κιουρί (γεννημένη στις 7 Νοεμβρίου 1867, στη Βαρσοβία της Πολωνίας) ήταν φυσικός και χημικός που διεξήγαγε πρωτοποριακή έρευνα στη ραδιενέργεια. Ήταν η πρώτη γυναίκα που κέρδισε Βραβείο Νόμπελ, το πρώτο άτομο και η μοναδική γυναίκα που κέρδισε το Βραβείο Νόμπελ δύο φορές, και το μοναδικό άτομο που κέρδισε το Βραβείο Νόμπελ σε δύο διαφορετικούς επιστημονικούς τομείς. Το 1891, μετακόμισε στο Παρίσι για να σπουδάσει στη Σορβόννη. Μετά από χρόνια αφοσιωμένης έρευνας, το 1903, μοιράστηκε το Βραβείο Νόμπελ Φυσικής με τον σύζυγό της Πιερ Κιουρί και τον φυσικό Ανρί Μπεκερέλ για το έργο τους στην αυθόρμητη ακτινοβολία. Μετά τον θάνατο του Πιερ, συνέχισε το πρωτοποριακό της έργο, και το 1911, έλαβε το Βραβείο Νόμπελ Χημείας για την ανακάλυψη των στοιχείων ράδιο και πολώνιο. Κατά τη διάρκεια του Α' Παγκοσμίου Πολέμου, ανέπτυξε κινητές μονάδες ακτίνων Χ, γνωστές ως «μικρές Κιουρί» (petites Curies). Πέθανε στις 4 Ιουλίου 1934, στο Σανσελμόζ της Γαλλίας.","Τα βασικά ακαδημαϊκά επιτεύγματα και τα Βραβεία Νόμπελ που έλαβε η Μαρία Κιουρί είναι:
1. Μετακόμισε στο Παρίσι για σπουδές στη Σορβόννη (1891).
2. Μοιράστηκε το Βραβείο Νόμπελ Φυσικής (1903).
3. Έλαβε το Βραβείο Νόμπελ Χημείας (1911)."
Ποιο είναι το βαθύτερο γνωστό σημείο στους ωκεανούς της Γης και πού βρίσκεται;,,"Το βαθύτερο σημείο είναι η Άβυσσος Τσάλεντζερ (Challenger Deep), που βρίσκεται στο νότιο τμήμα της Τάφρου των Μαριανών στον Δυτικό Ειρηνικό Ωκεανό. Το κατά προσέγγιση βάθος του είναι σχεδόν 10.935 μέτρα (35.876 πόδια)."
Εξηγήστε την κύρια λειτουργία και τα απαραίτητα συστατικά της φωτοσύνθεσης.,"Η φωτοσύνθεση είναι η διαδικασία που χρησιμοποιείται από φυτά, φύκη και ορισμένα βακτήρια για τη μετατροπή της φωτεινής ενέργειας, συνήθως από τον Ήλιο, σε χημική ενέργεια η οποία μπορεί αργότερα να απελευθερωθεί για να τροφοδοτήσει τις δραστηριότητες του οργανισμού (μια ενεργειακή μεταμόρφωση). Αυτή η χημική ενέργεια αποθηκεύεται σε μόρια υδατανθράκων, όπως τα σάκχαρα, τα οποία συντίθενται από διοξείδιο του άνθρακα και νερό. Στις περισσότερες περιπτώσεις, το οξυγόνο απελευθερώνεται ως άχρηστο προϊόν. Η συνολική ισορροπημένη εξίσωση για τη φωτοσύνθεση είναι 6CO₂ + 6H₂O + φωτεινή ενέργεια → C₆H₁₂O₆ + 6O₂. Αυτή η διαδικασία απαιτεί τρία βασικά συστατικά: ηλιακό φως, νερό (H₂O) και διοξείδιο του άνθρακα (CO₂).","Η φωτοσύνθεση είναι η διαδικασία που χρησιμοποιούν οι οργανισμοί για να μετατρέψουν τη φωτεινή ενέργεια, συνήθως από τον Ήλιο, σε χημική ενέργεια αποθηκευμένη σε μόρια υδατανθράκων, όπως τα σάκχαρα, η οποία τροφοδοτεί τις δραστηριότητες του οργανισμού. Τα απαραίτητα συστατικά για αυτή τη διαδικασία είναι το ηλιακό φως, το νερό (H₂O) και το διοξείδιο του άνθρακα (CO₂)."
"Προσδιορίστε τον συγγραφέα των ακόλουθων κλασικών μυθιστορημάτων: Moby Dick, Ανεμοδαρμένα Ύψη.",,"Το Moby Dick γράφτηκε από τον Herman Melville, και τα Ανεμοδαρμένα Ύψη γράφτηκαν από την Emily Brontë."
"Ποια είναι η διαφορά μεταξύ της Σκοτεινής Ύλης και της Σκοτεινής Ενέργειας, και γιατί είναι σημαντικές για την κοσμολογία;",,"Η Σκοτεινή Ύλη και η Σκοτεινή Ενέργεια είναι δύο θεμελιωδώς διαφορετικά συστατικά του σύμπαντος, ωστόσο μοιράζονται το προσωνύμιο «Σκοτεινή» επειδή κανένα από τα δύο δεν μπορεί να παρατηρηθεί άμεσα μέσω της ηλεκτρομαγνητικής ακτινοβολίας (φως). Μαζί, αποτελούν περίπου το 95% του συνολικού περιεχομένου μάζας-ενέργειας του σύμπαντος, καθιστώντας τα ζωτικής σημασίας για την κατανόηση της δομής και της εξέλιξης του σύμπαντος.

**Η Σκοτεινή Ύλη** είναι μια μορφή ύλης που αλληλεπιδρά με την ορατή ύλη μόνο μέσω της βαρύτητας. Δεν απορροφά, δεν ανακλά ούτε εκπέμπει φως. Η ύπαρξή της συνάγεται από την παρατήρηση των βαρυτικών της επιδράσεων, ιδιαίτερα στους γαλαξίες και τα σμήνη γαλαξιών, τα οποία περιστρέφονται πολύ γρήγορα για να συγκρατηθούν μόνο από την ορατή μάζα τους. Η Σκοτεινή Ύλη λειτουργεί ως κοσμική «σκαλωσιά», παρέχοντας τη βαρυτική άγκυρα που είναι απαραίτητη για τον σχηματισμό δομών όπως οι γαλαξίες. Επιβραδύνει τη διαστολή του σύμπαντος, αλλά τοπικά ενισχύει τη βαρυτική συσσώρευση.

**Η Σκοτεινή Ενέργεια**, αντίθετα, είναι μια μυστηριώδης μορφή ενέργειας που κατανέμεται ομοιόμορφα σε όλο το διάστημα και δρα ως μια απωστική, αντι-βαρυτική δύναμη. Είναι η κινητήρια δύναμη πίσω από την παρατηρούμενη επιταχυνόμενη διαστολή του σύμπαντος. Ουσιαστικά, ενώ η Σκοτεινή Ύλη βοηθά στη συγκράτηση των πραγμάτων τοπικά, η Σκοτεινή Ενέργεια απωθεί το σύμπαν παγκοσμίως με έναν διαρκώς αυξανόμενο ρυθμό.

Η σημασία τους είναι πρωταρχική: χωρίς τη συνεκτίμηση της Σκοτεινής Ύλης και της Σκοτεινής Ενέργειας, το καθιερωμένο μοντέλο της κοσμολογίας (το μοντέλο Lambda-CDM) αποτυγχάνει να εξηγήσει παρατηρήσεις όπως η κοσμική ακτινοβολία υποβάθρου μικροκυμάτων, ο σχηματισμός της μεγάλης κλίμακας δομής και η ιστορία διαστολής του σύμπαντος."
Εξηγήστε την κύρια διαφορά μεταξύ ενός πλανήτη και ενός νάνου πλανήτη σύμφωνα με τον ορισμό της IAU.,,"Η Διεθνής Αστρονομική Ένωση (IAU) καθιέρωσε τρία κριτήρια για την ταξινόμηση ενός ουράνιου σώματος ως πλανήτη. Τόσο οι πλανήτες όσο και οι νάνοι πλανήτες ικανοποιούν τα δύο πρώτα: πρέπει να κινούνται σε τροχιά γύρω από τον Ήλιο και πρέπει να έχουν επαρκή μάζα ώστε να έχουν σχεδόν σφαιρικό σχήμα (υδροστατική ισορροπία). Η καθοριστική διαφορά έγκειται στο τρίτο κριτήριο: Ένας πλανήτης πρέπει να έχει «καθαρίσει τη γειτονιά» γύρω από την τροχιά του, πράγμα που σημαίνει ότι είναι το βαρυτικά κυρίαρχο σώμα στην τροχιακή του διαδρομή. Οι νάνοι πλανήτες, όπως ο Πλούτωνας, η Δήμητρα (Ceres) και η Έρις (Eris), αποτυγχάνουν σε αυτό το τρίτο κριτήριο επειδή μοιράζονται την τροχιακή τους περιοχή με άλλα σημαντικά αντικείμενα."
Αναφέρετε τρία από τα πιο αναγνωρισμένα μυθιστορήματα που έγραψε η Τζέιν Ώστεν.,,"1. Περηφάνια και Προκατάληψη
2. Λογική και Ευαισθησία
3. Έμμα"
"Σύμφωνα με το παρεχόμενο κείμενο, σε ποιον αποδίδεται συχνά η αρχική ανακάλυψη της πενικιλίνης και ποιο έτος;","Η πενικιλίνη είναι μια ομάδα αντιβιοτικών που προέρχονται αρχικά από μύκητες Penicillium, κυρίως τους P. chrysogenum και P. rubens. Ήταν ένα από τα πρώτα φάρμακα που ήταν αποτελεσματικά ενάντια σε πολλές σοβαρές βακτηριακές λοιμώξεις που προκαλούνται από σταφυλόκοκκους και στρεπτόκοκκους. Η ανακάλυψη της πενικιλίνης αποδίδεται συχνά στον Σκωτσέζο ιατρό Αλέξανδρο Φλέμινγκ το 1928, ενώ εργαζόταν στο Νοσοκομείο St Mary's στο Λονδίνο. Ωστόσο, η μαζική παραγωγή και η ιατρική της εφαρμογή ξεκίνησε από τους Howard Florey, Ernst Chain και Norman Heatley κατά τις αρχές της δεκαετίας του 1940. Η εισαγωγή της πενικιλίνης σηματοδότησε μια επανάσταση στην ιατρική, οδηγώντας στον χαρακτηρισμό της εποχής των αντιβιοτικών.",Στον Σκωτσέζο ιατρό Αλέξανδρο Φλέμινγκ αποδίδεται συχνά η ανακάλυψη της πενικιλίνης το 1928.
Δώστε το πλήρες όνομα του στοιχείου για κάθε αναφερόμενο χημικό σύμβολο.,"Fe, Au, K, Na, S","Fe είναι ο Σίδηρος, Au είναι ο Χρυσός, K είναι το Κάλιο, Na είναι το Νάτριο, και S είναι το Θείο."
"Με βάση το κείμενο, ποιες ήταν οι βασικές προδιαγραφές και το όνομα του πρώτου εμπορικά διαθέσιμου φούρνου μικροκυμάτων;","Ο σύγχρονος φούρνος μικροκυμάτων αναπτύχθηκε σε μεγάλο βαθμό από την τεχνολογία που εφευρέθηκε από τον Percy Spencer, έναν Αμερικανό μηχανικό στη Raytheon. Ενώ εργαζόταν σε στρατιωτική τεχνολογία ραντάρ που περιλάμβανε ενεργά συστήματα ραντάρ, ο Spencer παρατήρησε το 1945 ότι μια σοκολάτα στην τσέπη του είχε λιώσει όταν εκτέθηκε στο ενεργό σύστημα ραντάρ. Έχοντας ενδιαφέρον, πειραματίστηκε κατευθύνοντας κύματα μαγνητρόνιου σε διάφορα τρόφιμα, ξεκινώντας με ποπ κορν και στη συνέχεια με ένα αυγό (το οποίο εξερράγη αμέσως). Η Raytheon κατέθεσε δίπλωμα ευρεσιτεχνίας για τη διαδικασία μαγειρέματος με μικροκύματα στις 8 Οκτωβρίου 1945. Ο πρώτος εμπορικά διαθέσιμος φούρνος μικροκυμάτων ήταν ο «Radarange», που κυκλοφόρησε το 1947. Είχε ύψος σχεδόν 6 πόδια, ζύγιζε 750 λίβρες και κόστιζε μεταξύ 2.000 και 3.000 δολαρίων. Απαιτούσε υδραυλική εγκατάσταση για ψύξη και πωλούνταν κυρίως σε μεγάλα εστιατόρια και στρατιωτικά μαγειρεία. Η οικιακή υιοθέτηση ξεκίνησε πολύ αργότερα, μόλις έγιναν διαθέσιμα μικρότερα, πιο προσιτά μοντέλα πάγκου στα τέλη της δεκαετίας του 1960.","Το πρώτο εμπορικά διαθέσιμο μοντέλο ήταν το «Radarange», που κυκλοφόρησε το 1947. Είχε ύψος σχεδόν 6 πόδια, ζύγιζε 750 λίβρες και κόστιζε μεταξύ 2.000 και 3.000 δολαρίων."
Ποιοι χαρακτήρες αποτελούσαν το αρχικό ρόστερ της ομάδας κόμικ των Εκδικητών όταν έκανε το ντεμπούτο της;,,"Η αρχική σύνθεση των Εκδικητών, που έκανε το ντεμπούτο της στο The Avengers #1 (Σεπτέμβριος 1963) από τον Stan Lee και τον Jack Kirby, αποτελούνταν από πέντε ιδρυτικά μέλη: Iron Man (Tony Stark), Thor, Hulk (Bruce Banner), Ant-Man (Hank Pym), και Wasp (Janet van Dyne). Ο Captain America, αν και βασική φιγούρα, εντάχθηκε στην ομάδα αργότερα, στο τεύχος #4, αφού αναβίωσε από την αναστολή λειτουργίας."
Αναφέρετε τους βασικούς παράγοντες που συνέβαλαν στην παρακμή της Δυτικής Ρωμαϊκής Αυτοκρατορίας.,"Η Ρωμαϊκή Αυτοκρατορία ήταν μία από τις μεγαλύτερες αυτοκρατορίες στον αρχαίο κόσμο, εκτεινόμενη σε τρεις ηπείρους: την Ευρώπη, τη Βόρεια Αφρική και τη Μέση Ανατολή. Ξεκίνησε συμβατικά με τη βασιλεία του Αυγούστου το 27 π.Χ. Η παραδοσιακή ημερομηνία που δίνεται για την κατάρρευση της Δυτικής Ρωμαϊκής Αυτοκρατορίας είναι το 476 μ.Χ., όταν ο Γερμανός φύλαρχος Οδόακρος καθαίρεσε τον τελευταίο αυτοκράτορα, τον Ρωμύλο Αυγουστύλο. Βασικοί παράγοντες που συνέβαλαν στην παρακμή περιλάμβαναν την οικονομική αστάθεια, την υπερέκταση των στρατιωτικών δυνάμεων και την έντονη πολιτική διαφθορά.","οικονομική αστάθεια, υπερέκταση των στρατιωτικών δυνάμεων και έντονη πολιτική διαφθορά."
Πού καταγράφηκε για πρώτη φορά το ορυκτό Κερμησίτης;,,"Ο Κερμησίτης είναι ένα σχετικά σπάνιο ορυκτό οξυσουλφίδιο του αντιμονίου. Καταγράφηκε και περιγράφηκε επίσημα το 1843 από τον Franz Ritter von Hauer, με βάση δείγματα που βρέθηκαν κοντά στο Pezinok της Βοημίας (σημερινή Τσεχική Δημοκρατία)."
"Κατηγοριοποιήστε τις ακόλουθες πολιτείες των ΗΠΑ με βάση το αν συνορεύουν με τον Ειρηνικό Ωκεανό ή τον Ατλαντικό Ωκεανό: Maine, California, Oregon, Florida, New York, Washington, Georgia, Massachusetts, North Carolina, Hawaii",,"Οι πολιτείες που συνορεύουν με τον Ειρηνικό Ωκεανό είναι η Καλιφόρνια, το Όρεγκον, η Ουάσινγκτον και η Χαβάη. Οι πολιτείες που συνορεύουν με τον Ατλαντικό Ωκεανό είναι το Μέιν, η Φλόριντα, η Νέα Υόρκη, η Γεωργία, η Μασαχουσέτη και η Βόρεια Καρολίνα."
Εξηγήστε την κύρια λειτουργία και σημασία της Στήλης της Ροζέττας.,,"Η Στήλη της Ροζέττας είναι μια στήλη από γρανοδιορίτη, στην οποία είναι χαραγμένες τρεις εκδοχές ενός διατάγματος που εκδόθηκε στη Μέμφιδα της Αιγύπτου το 196 π.Χ. για λογαριασμό του Βασιλιά Πτολεμαίου Ε' του Επιφανούς. Η πρωταρχική σημασία της στήλης έγκειται στο γεγονός ότι το διάταγμα είναι γραμμένο σε τρία διαφορετικά συστήματα γραφής: το πάνω κείμενο είναι αρχαία αιγυπτιακά ιερογλυφικά, το μεσαίο είναι η Δημοτική γραφή και το κάτω είναι τα Αρχαία Ελληνικά. Επειδή το κείμενο των Αρχαίων Ελληνικών ήταν κατανοητό από τους μελετητές, η στήλη παρείχε το κρίσιμο κλειδί για τη σύγχρονη κατανόηση των αιγυπτιακών ιερογλυφικών, τα οποία ήταν αδύνατο να διαβαστούν για αιώνες. Η αποκρυπτογράφησή της, κυρίως από τον Ζαν-Φρανσουά Σαμπολιόν το 1822, ξεκλείδωσε τεράστιες ποσότητες ιστορικών πληροφοριών σχετικά με τον αρχαίο αιγυπτιακό πολιτισμό και τη γλώσσα."
"Ποιο ακρωνύμιο αντιπροσωπεύει την Εκπαιδευτική, Επιστημονική και Πολιτιστική Οργάνωση των Ηνωμένων Εθνών;",,UNESCO
Εξηγήστε τι προκαλεί το βόρειο σέλας.,,"Το βόρειο σέλας προκαλείται από φορτισμένα σωματίδια από τον ήλιο που προσκρούουν σε άτομα και μόρια στην ατμόσφαιρα της Γης. Αυτά τα σωματίδια κατευθύνονται από το μαγνητικό πεδίο της Γης προς τις πολικές περιοχές, με αποτέλεσμα πολύχρωμες φωτεινές εμφανίσεις."
Εξηγήστε τη διαφορά μεταξύ καιρού και κλίματος.,,"Ο καιρός αναφέρεται στις ατμοσφαιρικές συνθήκες για μια σύντομη χρονική περίοδο (ώρες ή ημέρες), συμπεριλαμβανομένων μεταβλητών όπως η θερμοκρασία, η υγρασία, οι κατακρημνίσεις και ο άνεμος. Το κλίμα, αντίθετα, περιγράφει τις μέσες καιρικές συνθήκες που παρατηρούνται σε μια συγκεκριμένη περιοχή για μεγάλο χρονικό διάστημα, συνήθως 30 χρόνια ή περισσότερο."
Εξηγήστε τις βασικές λειτουργικές και δομικές διαφορές μεταξύ της Μνήμης Τυχαίας Προσπέλασης (RAM) και της Μνήμης Μόνο Ανάγνωσης (ROM) σε ένα υπολογιστικό σύστημα.,,"Η RAM (Μνήμη Τυχαίας Προσπέλασης) είναι πτητική μνήμη που χρησιμοποιείται για την αποθήκευση δεδομένων εργασίας και κώδικα μηχανής που χρησιμοποιούνται τη δεδομένη στιγμή. Είναι γρήγορη και απαραίτητη για την ενεργό λειτουργία του υπολογιστή, αλλά όλα τα δεδομένα που αποθηκεύονται στη RAM χάνονται όταν ο υπολογιστής απενεργοποιείται. Η RAM είναι σχεδιασμένη για συνεχή ανάγνωση και εγγραφή. Αντίθετα, η ROM (Μνήμη Μόνο Ανάγνωσης) είναι μη πτητική μνήμη. Αποθηκεύει υλικολογισμικό (όπως το BIOS ή το UEFI) που είναι απαραίτητο για την εκκίνηση και την αρχικοποίηση του υπολογιστικού συστήματος. Τα δεδομένα στη ROM συνήθως γράφονται κατά την κατασκευή ή την αναβάθμιση (flashing) και διατηρούνται ακόμα και όταν αποσυνδεθεί η τροφοδοσία. Ενώ οι σύγχρονες παραλλαγές της ROM μπορούν μερικές φορές να ξαναγραφτούν, ο θεμελιώδης σκοπός της παραμένει η αποθήκευση μόνιμων, χαμηλού επιπέδου εντολών."
Ποιοι ήταν οι επιστήμονες που ήταν υπεύθυνοι για τη σταθεροποίηση και τη μαζική παραγωγή της πενικιλίνης;,"Η ανακάλυψη της πενικιλίνης από τον Αλεξάντερ Φλέμινγκ το 1928 ήταν μια κρίσιμη στιγμή στην ιατρική ιστορία. Ωστόχο, η επακόλουθη ανάπτυξη του φαρμάκου σε έναν χρησιμοποιήσιμο θεραπευτικό παράγοντα δεν συνέβη παρά στις αρχές της δεκαετίας του 1940. Ήταν ο Χάουαρντ Φλόρεϊ και ο Ερνστ Τσέιν, εργαζόμενοι στο Πανεπιστήμιο της Οξφόρδης, που κατάφεραν να σταθεροποιήσουν και να παράγουν μαζικά την ένωση, ωθούμενοι σε μεγάλο βαθμό από την ανάγκη για καλύτερες θεραπείες κατά τη διάρκεια του Β 'Παγκοσμίου Πολέμου.",Χάουαρντ Φλόρεϊ και Ερνστ Τσέιν.
Περιγράψτε τα απαραίτητα βήματα που απαιτούνται για την ασφαλή αλλαγή ενός σκασμένου ελαστικού σε ένα τυπικό επιβατικό όχημα.,,"1. Παρκάρετε σε ένα ασφαλές, επίπεδο σημείο μακριά από την κίνηση και ενεργοποιήστε το χειρόφρενο.
2. Βρείτε και συγκεντρώστε τη ρεζέρβα, τον γρύλο και το κλειδί μπουλονιών.
3. Χρησιμοποιήστε το κλειδί για να χαλαρώσετε (αλλά όχι να αφαιρέσετε) τα μπουλόνια του τροχού ενώ το ελαστικό είναι ακόμα στο έδαφος.
4. Τοποθετήστε τον γρύλο στο πλαίσιο του οχήματος και ανασηκώστε το αυτοκίνητο μέχρι το σκασμένο ελαστικό να είναι τελείως μακριά από το έδαφος.
5. Αφαιρέστε εντελώς τα μπουλόνια, βγάλτε το σκασμένο ελαστικό και τοποθετήστε τη ρεζέρβα.
6. Σφίξτε τα μπουλόνια με το χέρι, ακολουθώντας ένα σχήμα αστεριού.
7. Κατεβάστε πλήρως το όχημα και, στη συνέχεια, χρησιμοποιήστε το κλειδί για να σφίξετε τα μπουλόνια με ασφάλεια.
8. Αποθηκεύστε όλο τον εξοπλισμό και ελέγξτε την πίεση της ρεζέρβας το συντομότερο δυνατό."
Προσδιορίστε και περιγράψτε τα τρία βασικά τραγικά ελαττώματα (αμαρτία) στον πρωταγωνιστή του 'Μάκβεθ' του Σαίξπηρ.,,"Το πιο εμφανές ελάττωμα είναι η Αχαλίνωτη Φιλοδοξία. Η επιθυμία του Μάκβεθ για εξουσία, τροφοδοτούμενη από την προφητεία των μαγισσών και τη χειραγώγηση της Λαίδης Μάκβεθ, υπερβαίνει την ηθική του πυξίδα, αναγκάζοντάς τον να διαπράξει βασιλοκτονία. Το δεύτερο κρίσιμο ελάττωμα είναι η Ύβρις και η Υπερβολική Αυτοπεποίθηση, ειδικά μετά τη δεύτερη συνάντησή του με τις μάγισσες, όπου οι κρυπτικές προφητείες (Δάσος του Μπίρναμ, «κανείς γεννημένος από γυναίκα») τον οδηγούν να πιστέψει ότι είναι ανίκητος και άτρωτος. Τέλος, η Κυμαινόμενη Αποφασιστικότητα και η Ευαισθησία στις Υποδείξεις είναι μια βασική αποτυχία. Ενώ ο Μάκβεθ παλεύει εσωτερικά με την ηθική, επηρεάζεται σταθερά από εξωτερικές, πιο σκοτεινές επιρροές (τις Μάγισσες, τη σύζυγό του) αντί να διατηρήσει τα δικά του αρχικά όρια."
Ποιος είναι ο όρος για μια περίοδο ακραίου κρύου καιρού; Καύσωνας ή Κρύο κύμα,,Κρύο κύμα
"Ποια ήταν η πρώτη γυναίκα που κέρδισε Βραβείο Νόμπελ, και για ποιο πεδίο βραβεύτηκε;",,Η Μαρία Κιουρί ήταν η πρώτη γυναίκα που κέρδισε Βραβείο Νόμπελ. Βραβεύτηκε με το Βραβείο Νόμπελ Φυσικής το 1903.
"Περιγράψτε την τυπική οργανωτική δομή μιας Ρωμαϊκής Λεγεώνας κατά την Αυτοκρατορική εποχή, συμπεριλαμβανομένων των ρόλων των κοόρτεων.","Κατά την Αυτοκρατορική περίοδο, μια τυπική Ρωμαϊκή Λεγεώνα αποτελούνταν από περίπου 5.000 στρατιώτες βαρέος πεζικού. Ολόκληρη η μαχητική δύναμη οργανώθηκε σε δέκα κοόρτεις. Η δομή δεν ήταν ομοιόμορφη και στις δέκα κοόρτεις. Η Πρώτη Κοόρτη ήταν μοναδική. Θεωρούνταν η επίλεκτη κοόρτη, περιέχοντας πέντε διπλής ισχύος εκατονταρχίες, γεγονός που ανέβαζε το συνολικό της ανθρώπινο δυναμικό σε περίπου 800 άνδρες. Οι υπόλοιπες εννέα κοόρτεις (Κοόρτεις Δύο έως Δέκα) είχαν τυπικό μέγεθος, αποτελούμενες από έξι κανονικές εκατονταρχίες η καθεμία, φτάνοντας συνολικά τους 480 άνδρες ανά τυπική κοόρτη. Η μικρότερη τακτική μονάδα ήταν η εκατονταρχία, που συνήθως αποτελούνταν από 80 άνδρες, με επικεφαλής έναν Εκατόνταρχο. Ο συνολικός διοικητής της λεγεώνας ήταν ο Λεγάτος. Αν και οι βοηθητικές δυνάμεις, όπως το ιππικό και το ελαφρύ πεζικό, επιχειρούσαν συχνά παράλληλα με τις λεγεώνες, ήταν δομικά διαχωρισμένες από τις ίδιες τις λεγεωναρικές κοόρτεις.","Μια Ρωμαϊκή Λεγεώνα ήταν ένας οργανισμός περίπου 5.000 βαρέος πεζικού, δομημένος σε δέκα κοόρτεις. Η Πρώτη Κοόρτη ήταν ξεχωριστή, έχοντας διπλή ισχύ και περιέχοντας πέντε εκατονταρχίες, με συνολικό αριθμό 800 ανδρών. Οι Κοόρτεις Δύο έως Δέκα είχαν τυπικό μέγεθος, αποτελούμενες η καθεμία από έξι εκατονταρχίες, ανερχόμενες σε 480 άνδρες ανά κοόρτη. Η μικρότερη μονάδα ήταν η εκατονταρχία (80 άνδρες), με επικεφαλής έναν Εκατόνταρχο, και ο συνολικός διοικητής ήταν ο Λεγάτος."
"Με βάση το κείμενο που παρέχεται, συνοψίστε τα βασικά χαρακτηριστικά και τις εκτιμώμενες κοσμικές αναλογίες της σκοτεινής ύλης.","Η σκοτεινή ύλη είναι μια υποθετική μορφή ύλης που πιστεύεται ότι αντιπροσωπεύει περίπου το 85% της ύλης στο σύμπαν και περίπου το ένα τέταρτο της συνολικής ενεργειακής του πυκνότητας. Δεν μπορεί να παρατηρηθεί άμεσα με τηλεσκόπια. Αντίθετα, η ύπαρξη και οι ιδιότητές της συνάγονται από τις βαρυτικές της επιδράσεις στην ορατή ύλη, την ακτινοβολία και τη μεγάλης κλίμακας δομή του σύμπαντος. Οι τρέχουσες εκτιμήσεις υποδεικνύουν ότι η σκοτεινή ύλη συνεισφέρει περίπου το 27% της συνολικής πυκνότητας μάζας-ενέργειας, ενώ η συνηθισμένη ύλη συνεισφέρει μόνο το 5%. Το υπόλοιπο 68% αποδίδεται στη σκοτεινή ενέργεια. Αν και η σκοτεινή ύλη δεν έχει ανιχνευθεί άμεσα, οι κυρίαρχες θεωρίες προτείνουν ότι αποτελείται από ασθενώς αλληλεπιδρώντα μαζικά σωματίδια (WIMPs).","Τα βασικά χαρακτηριστικά και οι αναλογίες της σκοτεινής ύλης είναι:
- Είναι μια υποθετική μορφή ύλης, που εκτιμάται ότι αντιπροσωπεύει το 85% της ύλης στο σύμπαν.
- Συνεισφέρει περίπου το 27% της συνολικής πυκνότητας μάζας-ενέργειας του σύμπαντος.
- Η σκοτεινή ύλη δεν μπορεί να παρατηρηθεί άμεσα. η παρουσία της συνάγεται μέσω των βαρυτικών της επιδράσεων στην ορατή ύλη.
- Οι πιο κυρίαρχες θεωρίες προτείνουν ότι η σκοτεινή ύλη αποτελείται από ασθενώς αλληλεπιδρώντα μαζικά σωματίδια (WIMPs)."
"Ποια είναι τα βασικά χρώματα του φωτός, σύμφωνα με το πρόσθετο μοντέλο χρώματος;",,"Κόκκινο, Πράσινο, και Μπλε (RGB)"
Ποιοι είναι τρεις αποτελεσματικοί τρόποι για να ξεκινήσετε να κατακτάτε μια νέα δεξιότητα;,,"Οι πιο αποτελεσματικές μέθοδοι περιλαμβάνουν έναν συνδυασμό δομής και έντασης. Πρώτον, εφαρμόστε την «εσκεμμένη πρακτική», που σημαίνει ότι αφιερώνετε συγκεντρωμένο χρόνο στην αντιμετώπιση των πιο δύσκολων μερών της δεξιότητας, αντί να επαναλαμβάνετε ό,τι ήδη γνωρίζετε. Δεύτερον, βεβαιωθείτε ότι καθιερώνετε μια μη διαπραγματεύσιμη καθημερινή ρουτίνα, ακόμα κι αν είναι μόνο 15 λεπτά, καθώς η συνέπεια υπερτερεί της σποραδικής έντασης για μακροπρόθεσμη κατάκτηση. Τρίτον, βρείτε τρόπους για να λάβετε άμεση και αντικειμενική ανατροφοδότηση, είτε μέσω ενός μέντορα, μιας μετρήσιμης μετρικής, είτε μέσω αυτοκαταγραφής."
Εξηγήστε τη διαφορά μεταξύ μαγειρικής σόδας και μπέικιν πάουντερ.,,"Η μαγειρική σόδα (όξινο ανθρακικό νάτριο) και το μπέικιν πάουντερ είναι και τα δύο διογκωτικά μέσα, αλλά λειτουργούν διαφορετικά. Η μαγειρική σόδα απαιτεί ένα οξύ (όπως βουτυρόγαλα, γιαούρτι ή ξύδι) και υγρασία για να δημιουργήσει αέριο διοξειδίου του άνθρακα, το οποίο κάνει τα ψημένα προϊόντα να φουσκώσουν. Το μπέικιν πάουντερ, ωστόσο, είναι ουσιαστικά μαγειρική σόδα προαναμεμειγμένη με ένα ξηρό οξύ (συνήθως κρέμα ταρτάρ) και ένα άμυλο (για να απορροφά την υγρασία). Επειδή περιέχει ήδη το απαραίτητο οξύ, το μπέικιν πάουντερ χρειάζεται μόνο υγρό και θερμότητα για να ενεργοποιήσει τις διογκωτικές του ιδιότητες. Οι περισσότερες συνταγές χρησιμοποιούν μπέικιν πάουντερ για ευκολία, ενώ η μαγειρική σόδα χρησιμοποιείται όταν η συνταγή περιλαμβάνει ήδη ένα όξινο συστατικό."
Παρέχετε τα βασικά βήματα για την παρασκευή ενός τέλειου φλιτζανιού καφέ με French Press (Γαλλική Πρέσα).,,"1) Ζεστάνετε το Νερό: Φέρτε το νερό λίγο πριν βράσει (ιδανικά μεταξύ 195°F και 205°F). Το βραστό νερό μπορεί να «κάψει» τον καφέ.
2) Αλέστε Χονδροκομμένα: Χρησιμοποιήστε έναν μύλο άλεσης (burr grinder) για να επιτύχετε μια χονδροκομμένη, ομοιόμορφη άλεση. Οι λεπτόκοκκοι κόκκοι θα διαπεράσουν το πλέγμα και θα κάνουν τον καφέ λασπώδη.
3) Συνδυάστε: Προσθέστε τους αλεσμένους κόκκους στον πάτο της French Press. Μια κοινή αναλογία είναι 2 κουταλιές της σούπας καφέ ανά 6 ουγγιές νερού.
4) Άνθιση και Ανακάτεμα: Ρίξτε τη μισή ποσότητα ζεστού νερού, διασφαλίζοντας ότι όλοι οι κόκκοι είναι κορεσμένοι. Περιμένετε 30 δευτερόλεπτα για την «άνθιση» (bloom) και, στη συνέχεια, ανακατέψτε απαλά.
5) Εκχύλιση: Ρίξτε το υπόλοιπο νερό και τοποθετήστε το καπάκι, αλλά μην πιέσετε ακόμη το έμβολο προς τα κάτω. Αφήστε τον καφέ να εκχυλιστεί για 4 λεπτά.
6) Πίεση: Πιέστε αργά και σταθερά το έμβολο ευθεία προς τα κάτω για να διαχωρίσετε τους κόκκους από το υγρό του καφέ. Σερβίρετε αμέσως."
"Ποιον σημαντικό ιστορικό ρόλο έπαιξε το Τιμπουκτού, σύμφωνα με την περιγραφή;","Το Τιμπουκτού είναι μια πόλη στο Μάλι, που βρίσκεται ακριβώς βόρεια του ποταμού Νίγηρα. Ιστορικά, ήταν ένας κεντρικός κόμβος για τις διασαχαριανές εμπορικές οδούς, φημισμένο για το αλάτι, τον χρυσό και τη διάδοση της ισλαμικής γνώσης μέσω των αρχαίων βιβλιοθηκών του και του Πανεπιστημίου Σανκορέ.",Ένας κεντρικός κόμβος για τις διασαχαριανές εμπορικές οδούς
Εξηγήστε τη διαδικασία του καπιτονέ.,,"Το καπιτονέ είναι μια μέθοδος ραφής ή άλλης σύνδεσης τουλάχιστον τριών στρωμάτων υλικού: της επάνω επιφάνειας του παπλώματος (συχνά ένα υφαντό ύφασμα με σχέδια ραμμένο μαζί), της βάτας ή του ενδιάμεσου υλικού (το μονωτικό μεσαίο στρώμα) και του υλικού της επένδυσης. Οι βελονιές που χρησιμοποιούνται για να συγκρατήσουν αυτά τα στρώματα σχηματίζουν ένα διακοσμητικό μοτίβο και εμποδίζουν τη μετατόπιση της εσωτερικής βάτας, με αποτέλεσμα ένα ανθεκτικό, συχνά ζεστό ύφασμα."
Ποιος είναι ο καθοριστικός παράγοντας που διακρίνει έναν τυφώνα από έναν τυφώνα;,"Οι τροπικοί κυκλώνες είναι ισχυρά, περιστρεφόμενα συστήματα καταιγίδων με ισχυρούς ανέμους και καταρρακτώδεις βροχές. Οι όροι ταξινόμησης—τυφώνας, τυφώνας και τροπικός κυκλώνας—δεν περιγράφουν διαφορετικές φυσικές δομές ή εντάσεις, αλλά μάλλον τη γεωγραφική λεκάνη στην οποία σχηματίζεται η καταιγίδα. Συγκεκριμένα, οι καταιγίδες που προέρχονται από τον Ατλαντικό Ωκεανό ή τον Βορειοανατολικό Ειρηνικό Ωκεανό ονομάζονται τυφώνες. Οι καταιγίδες που σχηματίζονται στον Βορειοδυτικό Ειρηνικό Ωκεανό ονομάζονται τυφώνες. Στις περιοχές του Νότιου Ειρηνικού και του Ινδικού Ωκεανού, ο όρος που χρησιμοποιείται γενικά είναι «σοβαρή κυκλωνική καταιγίδα» ή «τροπικός κυκλώνας».","Η διάκριση είναι αμιγώς γεωγραφική. Μετεωρολογικά, πρόκειται για το ίδιο φαινόμενο (έναν τροπικό κυκλώνα). Μια καταιγίδα ονομάζεται τυφώνας εάν σχηματιστεί στον Ατλαντικό ή στον Βορειοανατολικό Ειρηνικό, και τυφώνας εάν σχηματιστεί στον Βορειοδυτικό Ειρηνικό."
Ποιοι είναι οι πρωταρχικοί στόχοι της αποστολής του Διαστημικού Τηλεσκοπίου James Webb;,Το Διαστημικό Τηλεσκόπιο James Webb (JWST) εκτοξεύτηκε στις 25 Δεκεμβρίου 2021 με έναν πύραυλο Ariane 5 από το Ευρωπαϊκό Διαστημικό Κέντρο στη Γαλλική Γουιάνα. Είναι ο διάδοχος του Διαστημικού Τηλεσκοπίου Hubble. Οι πρωταρχικοί στόχοι της αποστολής του περιλαμβάνουν την παρατήρηση των πρώτων άστρων και γαλαξιών που σχηματίστηκαν στο σύμπαν και τον χαρακτηρισμό των εξωπλανητών.,Οι πρωταρχικοί στόχοι της αποστολής του JWST περιλαμβάνουν την παρατήρηση των πρώτων άστρων και γαλαξιών που σχηματίστηκαν στο σύμπαν και τον χαρακτηρισμό των εξωπλανητών.
Ποια είναι η επίσημη ονομασία του πρώτου υπερόπλου της Γαλαξιακής Αυτοκρατορίας;,,DS-1 Σταθμός Μάχης σε Τροχιά
"Το διάσημο κάστρο του Ελσινόρ, το κύριο σκηνικό για την τραγωδία του Ουίλιαμ Σαίξπηρ *Άμλετ*, βρίσκεται στη χώρα",,Δανία
Συνοψίστε τα βασικά ορόσημα και τα άτομα που ενεπλάκησαν στην ανακάλυψη και ανάπτυξη της πενικιλίνης.,"Η πενικιλίνη, το πρώτο πραγματικό αντιβιοτικό στον κόσμο, ανακαλύφθηκε το 1928 από τον Σκωτσέζο ιατρό και βακτηριολόγο Αλεξάντερ Φλέμινγκ στο Νοσοκομείο St. Mary's του Λονδίνου. Ο Φλέμινγκ παρατήρησε ότι ένας μύκητας που μόλυνε ένα τρυβλίο Petri που περιείχε βακτήρια Σταφυλόκοκκου ανέστειλε την ανάπτυξη των βακτηρίων. Αναγνώρισε τον μύκητα ως Penicillium notatum. Ωστόσο, ο Φλέμινγκ δυσκολεύτηκε να απομονώσει και να σταθεροποιήσει την ενεργή ένωση για μαζική παραγωγή και κλινική χρήση. Χρειάστηκε να φτάσουμε στα τέλη της δεκαετίας του 1930 και στις αρχές της δεκαετίας του 1940 για να αναπτύξει επιτυχώς μια ομάδα με επικεφαλής τους επιστήμονες της Οξφόρδης Χάουαρντ Φλόρι και Ερνστ Τσέιν μεθόδους καθαρισμού και παραγωγής πενικιλίνης σε μεγάλες ποσότητες. Το έργο τους, ειδικά κατά τη διάρκεια του Β' Παγκοσμίου Πολέμου, μεταμόρφωσε την ιατρική και έσωσε εκατομμύρια ζωές, οδηγώντας τον Φλέμινγκ, τον Φλόρι και τον Τσέιν να μοιραστούν το Βραβείο Νόμπελ Φυσιολογίας ή Ιατρικής του 1945.","Η πενικιλίνη ανακαλύφθηκε για πρώτη φορά το 1928 από τον Αλεξάντερ Φλέμινγκ, ο οποίος παρατήρησε ότι ο μύκητας Penicillium notatum ανέστειλε την ανάπτυξη των βακτηρίων. Αν και ο Φλέμινγκ αναγνώρισε την ουσία, η σταθεροποίηση και ο καθαρισμός της σε μεγάλη κλίμακα επιτεύχθηκαν πολύ αργότερα, στα τέλη της δεκαετίας του 1930 και στις αρχές της δεκαετίας του 1940, από την ομάδα της Οξφόρδης των Χάουαρντ Φλόρι και Ερνστ Τσέιν, καθιστώντας την ιατρικά βιώσιμη κατά τη διάρκεια του Β' Παγκοσμίου Πολέμου."
Ποιος ήταν ο πρώτος άνθρωπος που περπάτησε στο φεγγάρι;,,Neil Armstrong
Εξηγήστε τη θεμελιώδη διαφορά μεταξύ ενός δρομολογητή Wi-Fi και ενός καλωδιακού μόντεμ.,,"Ένα μόντεμ (διαμορφωτής/αποδιαμορφωτής) είναι η συσκευή που συνδέει το οικιακό σας δίκτυο απευθείας με τον Πάροχο Υπηρεσιών Διαδικτύου (ISP) σας, μεταφράζοντας σήματα δεδομένων μέσω εξωτερικών γραμμών. Αντίθετα, ένας δρομολογητής παίρνει τη μοναδική σύνδεση διαδικτύου που παρέχεται από το μόντεμ και δημιουργεί ένα τοπικό δίκτυο (LAN) μέσα στο σπίτι σας, επιτρέποντας σε πολλές συσκευές να συνδέονται στο διαδίκτυο ταυτόχρονα και να επικοινωνούν μεταξύ τους."
"Ποια κριτήρια πληρούσε το όνομα του Πλούτωνα, και σε ποιο κριτήριο απέτυχε η φυσική του ταξινόμηση σύμφωνα με την απόφαση της ΔΑΕ (IAU) του 2006;","Το 1930, ο Κλάιντ Τομπώ ανακάλυψε τον Πλούτωνα στο Παρατηρητήριο Λόουελ. Αρχικά ταξινομημένος ως ο ένατος πλανήτης, ονομάστηκε από τον Ρωμαίο θεό του κάτω κόσμου, μια πρόταση που διατυπώθηκε από τη Βενέτια Μπέρνεϊ, μια 11χρονη μαθήτρια στην Οξφόρδη της Αγγλίας, η οποία ενδιαφερόταν για την κλασική μυθολογία. Το όνομα επιλέχθηκε εν μέρει επειδή τα δύο πρώτα γράμματα, «PL», είναι τα αρχικά του Πέρσιβαλ Λόουελ, ο οποίος είχε προβλέψει την ύπαρξη ενός ένατου πλανήτη (Πλανήτης Χ). Το 2006, η Διεθνής Αστρονομική Ένωση (ΔΑΕ/IAU) επαναπροσδιόρισε τον όρο «πλανήτης», γεγονός που οδήγησε στον επαναταξινόμηση του Πλούτωνα ως πλανήτη νάνου. Αυτή η απόφαση απαιτούσε από ένα ουράνιο σώμα να πληροί τρία κριτήρια, ένα από τα οποία ο Πλούτωνας απέτυχε: δεν είχε «εκκαθαρίσει τη γειτονιά» γύρω από την τροχιά του.","Το όνομα του Πλούτωνα πληρούσε δύο βασικά κριτήρια: ονομάστηκε από τον Ρωμαίο θεό του κάτω κόσμου (αντιστοιχώντας στο ενδιαφέρον για την κλασική μυθολογία της νεαρής προτείνοντος) και τα αρχικά του 'PL' ήταν τα αρχικά του Πέρσιβαλ Λόουελ, ο οποίος είχε προβλέψει την ύπαρξή του. Ο Πλούτωνας απέτυχε στο κριτήριο ταξινόμησης της ΔΑΕ (IAU) του 2006 που απαιτούσε να έχει «εκκαθαρίσει τη γειτονιά» γύρω από την τροχιά του."
Περιγράψτε τη βασική δομή και σύνθεση του DNA.,"Το δεσοξυριβονουκλεϊνικό οξύ (DNA) είναι ένα μόριο που αποτελείται από δύο μακριές αλυσίδες που περιελίσσονται η μία γύρω από την άλλη για να σχηματίσουν μια διπλή έλικα. Αυτή η δομή φέρει τις γενετικές οδηγίες για την ανάπτυξη, τη λειτουργία, την ανάπτυξη και την αναπαραγωγή όλων των γνωστών οργανισμών και πολλών ιών. Το DNA αποτελείται από μονάδες που ονομάζονται νουκλεοτίδια. Κάθε νουκλεοτίδιο έχει τρία μέρη: μια φωσφορική ομάδα, μια ομάδα σακχάρου (δεσοξυριβόζη) και μία από τέσσερις αζωτούχες βάσεις: Αδενίνη (A), Θυμίνη (T), Γουανίνη (G) ή Κυτοσίνη (C). Οι δύο αλυσίδες της διπλής έλικας συγκρατούνται μεταξύ τους με δεσμούς υδρογόνου μεταξύ των συμπληρωματικών ζευγών βάσεων (η Αδενίνη πάντα ζευγαρώνει με τη Θυμίνη και η Γουανίνη πάντα ζευγαρώνει με την Κυτοσίνη). Η αλληλουχία αυτών των βάσεων καθορίζει τον γενετικό κώδικα.","Το δεσοξυριβονουκλεϊνικό οξύ (DNA) είναι ένα μόριο που αποτελείται από δύο μακριές αλυσίδες που περιελίσσονται η μία γύρω από την άλλη για να σχηματίσουν μια διπλή έλικα, μεταφέροντας τις γενετικές οδηγίες για τους οργανισμούς. Το DNA αποτελείται από νουκλεοτίδια, καθένα από τα οποία περιέχει μια φωσφορική ομάδα, μια ομάδα σακχάρου (δεσοξυριβόζη) και μία από τέσσερις αζωτούχες βάσεις: Αδενίνη, Θυμίνη, Γουανίνη ή Κυτοσίνη. Οι αλυσίδες συγκρατούνται μεταξύ τους με δεσμούς υδρογόνου μεταξύ συμπληρωματικών ζευγών βάσεων (η Α ζευγαρώνει με τη Τ, και η Γ ζευγαρώνει με τη C)."
Εξηγήστε τη θεμελιώδη χημική εξίσωση της φωτοσύνθεσης.,,"Η βασική εξίσωση είναι $6CO_2 + 6H_2O + Light Energy \rightarrow C_6H_{12}O_6 + 6O_2$, η οποία δείχνει ότι το διοξείδιο του άνθρακα και το νερό, χρησιμοποιώντας φως, παράγουν γλυκόζη (ζάχαρη) και οξυγόνο."
Πες μου για τον Πύργο του Άιφελ.,"Ο Πύργος του Άιφελ είναι ένας δικτυωτός πύργος από σφυρήλατο σίδηρο στο Πεδίο του Άρεως (Champ de Mars) στο Παρίσι, Γαλλία. Ονομάστηκε από τον μηχανικό Γουστάβο Άιφελ, του οποίου η εταιρεία σχεδίασε και κατασκεύασε τον πύργο. Κατασκευάστηκε από το 1887 έως το 1889 ως είσοδος για την Παγκόσμια Έκθεση του 1889. Αρχικά επικρίθηκε από μερικούς από τους κορυφαίους καλλιτέχνες και διανοούμενους της Γαλλίας για τον σχεδιασμό του, αλλά έκτοτε έχει γίνει παγκόσμιο πολιτιστικό σύμβολο της Γαλλίας και μία από τις πιο αναγνωρίσιμες κατασκευές στον κόσμο. Ο πύργος έχει ύψος 330 μέτρα (1.083 πόδια), περίπου το ίδιο ύψος με ένα κτίριο 81 ορόφων, και είναι η ψηλότερη κατασκευή στο Παρίσι. Το ύψος του αυξήθηκε το 2022 μετά την προσθήκη μιας νέας ψηφιακής κεραίας ραδιοφώνου. Είναι το πιο επισκέψιμο μνημείο επί πληρωμή στον κόσμο.","Ο Πύργος του Άιφελ είναι μια τεράστια κατασκευή από σφυρήλατο σίδηρο που βρίσκεται στο Παρίσι, σχεδιασμένη από τον Γουστάβο Άιφελ για την Παγκόσμια Έκθεση του 1889. Είναι ενδιαφέρον ότι όταν χτίστηκε για πρώτη φορά, πολλοί Παριζιάνοι τον θεώρησαν άσχημο! Τώρα, φυσικά, είναι ένα από τα πιο διάσημα ορόσημα παγκοσμίως. Είναι επίσης αξιοσημείωτος για το εντυπωσιακό του ύψος, το οποίο ξεπερνά τα 330 μέτρα, και αναγνωρίζεται ως το πιο επισκέψιμο μνημείο επί πληρωμή στον κόσμο."
"Κατηγοριοποιήστε τα ακόλουθα στοιχεία σε δύο ομάδες: φρούτα και λαχανικά: Ντομάτα, Μήλο, Καρότο, Σταφύλι, Κολοκυθάκι, Μπανάνα, Πατάτα, Πορτοκάλι.",,"Τα φρούτα είναι η Ντομάτα, το Μήλο, το Σταφύλι, το Κολοκυθάκι, η Μπανάνα και το Πορτοκάλι. Τα λαχανικά είναι το Καρότο και η Πατάτα."
"Περιγράψτε μια πόλη που υπάρχει εξ ολοκλήρου κάτω από το νερό, τροφοδοτούμενη από γεωθερμικούς αεραγωγούς και βιοφωταύγεια. Επικεντρωθείτε στην αισθητηριακή εμπειρία.",,"Η πόλη της Ακουάτικα είναι ένα βασίλειο αιώνιου ζαφειρένιου λυκόφωτος. Ο μόνος ήχος είναι ο σιγανός, ρυθμικός αναστεναγμός του νερού πάνω στους θόλους υπό πίεση και ο μακρινός, βαθύς βόμβος των γεωθερμικών μηχανών. Το φως προέρχεται από στροβιλιζόμενα σύννεφα καλλιεργημένου βιοφωταυγούς πλαγκτόν που παρασύρονται ανάμεσα στις πανύψηλες, σπειροειδείς γυάλινες κατασκευές, ρίχνοντας απόκοσμες πράσινες και βιολετί σκιές. Ο αέρας στο εσωτερικό μυρίζει αχνά όζον και καθαρισμένη άλμη, μια έντονη αντίθεση με το μεταξένιο, ζεστό ρεύμα που γίνεται αισθητό ακριβώς πέρα από το παράθυρο παρατήρησης."
"Σύμφωνα με το κείμενο, ποιο ήταν το πρώτο αγωνιστικό γεγονός που διεξήχθη στους αρχαίους Ολυμπιακούς Αγώνες και πόσο συχνά γίνονταν οι αγώνες;","Οι αρχαίοι Ολυμπιακοί Αγώνες ήταν μια σειρά αθλητικών αγώνων μεταξύ εκπροσώπων πόλεων-κρατών και ένας από τους Πανελλήνιους Αγώνες της αρχαίας Ελλάδας. Πραγματοποιούνταν προς τιμήν του Δία. Οι πρώτοι καταγεγραμμένοι αγώνες διεξήχθησαν το 776 π.Χ. στην Ολυμπία της Ελλάδας, αν και πιθανότατα ξεκίνησαν πολύ νωρίτερα. Οι αγώνες παραδοσιακά λάμβαναν χώρα κάθε τέσσερα χρόνια, ή Ολυμπιάδα, η οποία έγινε μονάδα χρόνου στην ιστορική χρονολογία της περιοχής. Αρχικά, διεξαγόταν μόνο ένα γεγονός — το στάδιο (ένας αγώνας δρόμου). Με την πάροδο του χρόνου, προστέθηκαν αγωνίσματα όπως η πάλη, η πυγμαχία, οι αρματοδρομίες και το πένταθλο.","Το πρώτο γεγονός που διεξήχθη ήταν το στάδιο (ένας αγώνας δρόμου). Οι αγώνες παραδοσιακά γίνονταν κάθε τέσσερα χρόνια, γνωστά ως Ολυμπιάδα."
"Πότε χωρίστηκε επίσημα και μόνιμα η Ρωμαϊκή Αυτοκρατορία σε δύο οντότητες, και ποια ήταν τα ονόματα αυτών των δύο διάδοχων κρατών;",,Η Ρωμαϊκή Αυτοκρατορία χωρίστηκε επίσημα και μόνιμα το 395 μ.Χ. με τον θάνατο του αυτοκράτορα Θεοδοσίου Α'. Οι προκύπτουσες οντότητες ήταν η Δυτική Ρωμαϊκή Αυτοκρατορία και η Ανατολική Ρωμαϊκή Αυτοκρατορία (η οποία αργότερα έγινε γνωστή ως Βυζαντινή Αυτοκρατορία).
Πώς ορίζεται το συμβατικό ρεύμα και πώς σχετίζεται με την πραγματική ροή των ηλεκτρονίων;,"Η κίνηση του ηλεκτρικού φορτίου είναι γνωστή ως ηλεκτρικό ρεύμα, η ένταση του οποίου συνήθως μετράται σε αμπέρ. Το ρεύμα μπορεί να αποτελείται από οποιαδήποτε κινούμενα φορτισμένα σωματίδια. Συνήθως αυτά είναι ηλεκτρόνια, αλλά οποιοδήποτε φορτίο σε κίνηση συνιστά ρεύμα. Το ηλεκτρικό ρεύμα μπορεί να ρέει μέσω ορισμένων υλικών, των ηλεκτρικών αγωγών, αλλά δεν θα ρέει μέσω ενός ηλεκτρικού μονωτήρα.
Λόγω ιστορικής σύμβασης, ένα θετικό ρεύμα ορίζεται ότι έχει την ίδια κατεύθυνση ροής με οποιοδήποτε θετικό φορτίο περιέχει, ή ότι ρέει από το πιο θετικό μέρος ενός κυκλώματος προς το πιο αρνητικό μέρος. Το ρεύμα που ορίζεται με αυτόν τον τρόπο ονομάζεται συμβατικό ρεύμα. Η κίνηση των αρνητικά φορτισμένων ηλεκτρονίων γύρω από ένα ηλεκτρικό κύκλωμα, μια από τις πιο γνωστές μορφές ρεύματος, θεωρείται επομένως θετική προς την αντίθετη κατεύθυνση από αυτή των ηλεκτρονίων. Ωστόσο, ανάλογα με τις συνθήκες, ένα ηλεκτρικό ρεύμα μπορεί να αποτελείται από μια ροή φορτισμένων σωματιδίων προς οποιαδήποτε κατεύθυνση, ή ακόμα και προς τις δύο κατευθύνσεις ταυτόχρονα. Η σύμβαση θετικού προς αρνητικό χρησιμοποιείται ευρέως για την απλοποίηση αυτής της κατάστασης.
Η διαδικασία μέσω της οποίας το ηλεκτρικό ρεύμα διέρχεται από ένα υλικό ονομάζεται ηλεκτρική αγωγιμότητα, και η φύση της ποικίλλει ανάλογα με τα φορτισμένα σωματίδια και το υλικό μέσω του οποίου ταξιδεύουν. Παραδείγματα ηλεκτρικών ρευμάτων περιλαμβάνουν τη μεταλλική αγωγιμότητα, όπου τα ηλεκτρόνια ρέουν μέσω ενός αγωγού όπως το μέταλλο, και την ηλεκτρόλυση, όπου ιόντα (φορτισμένα άτομα) ρέουν μέσω υγρών, ή μέσω πλάσματος, όπως οι ηλεκτρικοί σπινθήρες. Ενώ τα ίδια τα σωματίδια μπορούν να κινούνται αρκετά αργά, μερικές φορές με μέση ταχύτητα μετατόπισης μόνο κλάσματα του χιλιοστού ανά δευτερόλεπτο, το ηλεκτρικό πεδίο που τα οδηγεί διαδίδεται κοντά στην ταχύτητα του φωτός, επιτρέποντας στα ηλεκτρικά σήματα να διαδίδονται γρήγορα κατά μήκος των καλωδίων.
Σε εφαρμογές μηχανικής ή οικιακές εφαρμογές, το ρεύμα περιγράφεται συχνά ως είτε συνεχές ρεύμα (DC) είτε εναλλασσόμενο ρεύμα (AC). Αυτοί οι όροι αναφέρονται στο πώς το ρεύμα μεταβάλλεται στο χρόνο. Το συνεχές ρεύμα, όπως παράγεται, για παράδειγμα, από μια μπαταρία και απαιτείται από τις περισσότερες ηλεκτρονικές συσκευές, είναι μια μονόδρομη ροή από το θετικό μέρος ενός κυκλώματος προς το αρνητικό.  Εάν, όπως συμβαίνει συχνότερα, αυτή η ροή μεταφέρεται από ηλεκτρόνια, αυτά θα ταξιδεύουν προς την αντίθετη κατεύθυνση. Το εναλλασσόμενο ρεύμα είναι οποιοδήποτε ρεύμα που αντιστρέφει την κατεύθυνση επανειλημμένα. Σχεδόν πάντα αυτό λαμβάνει τη μορφή ημιτονοειδούς κύματος. Έτσι, το εναλλασσόμενο ρεύμα παλινδρομεί μέσα σε έναν αγωγό χωρίς το φορτίο να κινείται σε οποιαδήποτε καθαρή απόσταση με την πάροδο του χρόνου. Η χρονικά μέση τιμή ενός εναλλασσόμενου ρεύματος είναι μηδέν, αλλά παρέχει ενέργεια πρώτα προς μία κατεύθυνση και μετά προς την αντίστροφη. Το εναλλασσόμενο ρεύμα επηρεάζεται από ηλεκτρικές ιδιότητες που δεν παρατηρούνται υπό σταθερή κατάσταση συνεχούς ρεύματος, όπως η αυτεπαγωγή και η χωρητικότητα. Αυτές οι ιδιότητες ωστόσο μπορούν να γίνουν σημαντικές όταν το κύκλωμα υπόκειται σε παροδικά φαινόμενα, όπως όταν ενεργοποιείται για πρώτη φορά.","Λόγω ιστορικής σύμβασης, ένα θετικό ρεύμα ορίζεται ότι έχει την ίδια κατεύθυνση ροής με οποιοδήποτε θετικό φορτίο περιέχει, ή ότι ρέει από το πιο θετικό μέρος ενός κυκλώματος προς το πιο αρνητικό μέρος. Το ρεύμα που ορίζεται με αυτόν τον τρόπο ονομάζεται συμβατικό ρεύμα. Η κίνηση των αρνητικά φορτισμένων ηλεκτρονίων γύρω από ένα ηλεκτρικό κύκλωμα, μια από τις πιο γνωστές μορφές ρεύματος, θεωρείται επομένως θετική προς την αντίθετη κατεύθυνση από αυτή των ηλεκτρονίων."
Ποια πόλη φιλοξενεί τη διάσημη αρχιτεκτονική κατασκευή γνωστή ως «The Gherkin»;,,"Η κατασκευή, επίσημα γνωστή ως 30 St Mary Axe και με το παρατσούκλι «The Gherkin», βρίσκεται στο Λονδίνο, Αγγλία. Ολοκληρώθηκε το 2004 και είναι γνωστή για το χαρακτηριστικό της σχήμα που μοιάζει με αγγούρι."
"Κατηγοριοποιήστε τις ακόλουθες λέξεις στα αντίστοιχα μέρη του λόγου (Ουσιαστικό, Ρήμα, Επίθετο ή Επίρρημα) και δώστε έναν σύντομο ορισμό για κάθε μέρος του λόγου: quickly, dog, ran, blue, happiness, severely, speak, tall.",,"Τα Ουσιαστικά αναγνωρίζονται ως:
dog, happiness

Τα Ρήματα αναγνωρίζονται ως:
ran, speak

Τα Επίθετα αναγνωρίζονται ως:
blue, tall

Τα Επιρρήματα αναγνωρίζονται ως:
quickly, severely

Ορισμοί:
Ουσιαστικό: Μια λέξη που χρησιμοποιείται για να προσδιορίσει οποιαδήποτε κατηγορία ανθρώπων, τόπων, πραγμάτων ή ιδεών.
Ρήμα: Μια λέξη που χρησιμοποιείται για να περιγράψει μια ενέργεια, κατάσταση ή γεγονός.
Επίθετο: Μια λέξη που τροποποιεί ή περιγράφει ένα ουσιαστικό ή μια αντωνυμία.
Επίρρημα: Μια λέξη που τροποποιεί ένα ρήμα, επίθετο ή άλλο επίρρημα, απαντώντας συχνά σε ερωτήσεις όπως πώς, πότε, πού ή σε ποιο βαθμό."
Ποια είναι η προέλευση του ιδιώματος «ο σκελετός στην ντουλάπα»;,,"Το ιδίωμα αναφέρεται σε ένα κρυφό, επαίσχυντο μυστικό ή σκάνδαλο στο παρελθόν μιας οικογένειας ή ενός ατόμου. Αν και η ακριβής ιστορική του προέλευση αμφισβητείται, έγινε δημοφιλές τον 19ο αιώνα, ιδιαίτερα στα αστυνομικά μυθιστορήματα. Μια κοινή (αν και αμφισβητούμενη) θεωρία υποδηλώνει ότι προήλθε από γιατρούς ή ανατόμους που έκρυβαν παράνομα ανθρώπινα λείψανα στα σπίτια ή τα ιατρεία τους κατά τη διάρκεια περιόδων που η απόκτηση πτωμάτων για μελέτη ήταν δύσκολη."
"Συντάξτε ένα σύντομο εσωτερικό σημείωμα που να ανακοινώνει ένα υποχρεωτικό, προγραμματισμένο παράθυρο συντήρησης συστήματος. Βεβαιωθείτε ότι το σημείωμα περιλαμβάνει μια γραμμή θέματος, την ημερομηνία και την απαιτούμενη ενέργεια χρήστη.","Σύστημα που επηρεάζεται: Πύλη Οικονομικής Αναφοράς (FRP). Ημερομηνία Συντήρησης: Τετάρτη, 15 Νοεμβρίου. Ώρα: 11:00 ΜΜ - 2:00 ΠΜ. Ενέργεια χρήστη: Βεβαιωθείτε ότι όλες οι αναφορές έχουν οριστικοποιηθεί και κλείσει πριν από τις 11:00 ΜΜ.","Θέμα: Ειδοποίηση Κρίσιμης Συντήρησης Συστήματος: Πύλη Οικονομικής Αναφοράς (FRP)

Ομάδα,

Παρακαλούμε λάβετε υπόψη ότι η Πύλη Οικονομικής Αναφοράς (FRP) θα υποβληθεί σε υποχρεωτική συντήρηση συστήματος την Τετάρτη, 15 Νοεμβρίου, από τις 11:00 ΜΜ έως περίπου τις 2:00 ΠΜ. Το σύστημα δεν θα είναι διαθέσιμο κατά τη διάρκεια αυτού του παραθύρου.

Απαιτούμενη Ενέργεια: Παρακαλούμε βεβαιωθείτε ότι όλες οι αναφορές και οι καταχωρίσεις δεδομένων έχουν οριστικοποιηθεί και η πύλη έχει κλείσει πριν από τις 11:00 ΜΜ την Τετάρτη. Οποιαδήποτε εργασία βρίσκεται σε εξέλιξη κατά τη διάρκεια αυτού του παραθύρου ενδέχεται να χαθεί.

Σας ευχαριστούμε για τη συνεργασία σας.
Τμήμα Υποστήριξης Πληροφορικής"
Εξηγήστε ποιος ήταν υπεύθυνος για την ανάπτυξη της πενικιλίνης σε μια χρήσιμη ιατρική θεραπεία μετά την αρχική ανακάλυψη του Αλεξάντερ Φλέμινγκ.,"Η πενικιλίνη ανακαλύφθηκε από τον Σκωτσέζο ιατρό Αλεξάντερ Φλέμινγκ το 1928 στο Νοσοκομείο St Mary's του Λονδίνου. Παρατήρησε έναν μύκητα, τον *Penicillium notatum*, να μολύνει ένα τρυβλίο Petri με βακτήρια *Staphylococcus* και συνειδητοποίησε ότι εμπόδιζε την ανάπτυξη των βακτηρίων. Ενώ ο Φλέμινγκ δημοσίευσε τα ευρήματά του, δυσκολεύτηκε να απομονώσει την ενεργό ένωση. Μόλις στις αρχές της δεκαετίας του 1940, μια ομάδα με επικεφαλής τους Χάουαρντ Φλόρεϊ και Ερνστ Τσέιν στο Πανεπιστήμιο της Οξφόρδης ανέπτυξε μια μέθοδο για τη μαζική παραγωγή και τον καθαρισμό της πενικιλίνης, καθιστώντας την αποτελεσματική για τη θεραπεία ανθρώπινων λοιμώξεων κατά τη διάρκεια του Β' Παγκοσμίου Πολέμου.","Μια ομάδα με επικεφαλής τους Χάουαρντ Φλόρεϊ και Ερνστ Τσέιν στο Πανεπιστήμιο της Οξφόρδης ήταν υπεύθυνη για την ανάπτυξη μιας μεθόδου μαζικής παραγωγής και καθαρισμού της πενικιλίνης στις αρχές της δεκαετίας του 1940, καθιστώντας την κατάλληλη και αποτελεσματική για τη θεραπεία ανθρώπινων λοιμώξεων."
Εξηγήστε την έννοια της «Σκοτεινής Ύλης» και γιατί οι επιστήμονες πιστεύουν ότι υπάρχει.,,"Η Σκοτεινή Ύλη είναι μια υποθετική μορφή ύλης που πιστεύεται ότι αντιπροσωπεύει περίπου το 85% της συνολικής μάζας στο σύμπαν. Σε αντίθεση με τη συνηθισμένη ύλη (όπως τα αστέρια, οι πλανήτες και τα αέρια), δεν εκπέμπει, δεν απορροφά ούτε ανακλά φως, καθιστώντας την εντελώς αόρατη στην ηλεκτρομαγνητική ακτινοβολία. Οι επιστήμονες δεν μπορούν να την παρατηρήσουν άμεσα. Η ύπαρξή της συνάγεται αποκλειστικά μέσω των βαρυτικών επιδράσεών της στην ορατή ύλη, την ακτινοβολία και τη συνολική δομή του κόσμου.

Τα βασικά στοιχεία που υποστηρίζουν την ύπαρξη της Σκοτεινής Ύλης περιλαμβάνουν:

*   **Καμπύλες Περιστροφής Γαλαξιών:** Οι γαλαξίες περιστρέφονται πολύ γρήρα. Εάν περιείχαν μόνο την ορατή ύλη που παρατηρείται, θα διαλύονταν. Η παρατηρούμενη βαρυτική έλξη απαιτεί ένα τεράστιο, αόρατο φωτοστέφανο που περιβάλλει τον γαλαξία.
*   **Βαρυτικός Φακός:** Οι παρατηρήσεις δείχνουν ότι το φως από μακρινά αντικείμενα παραμορφώνεται και κάμπτεται περισσότερο από ό,τι μπορεί να εξηγηθεί μόνο από την ορατή ύλη, υποδηλώνοντας την παρουσία αόρατης μάζας.
*   **Κοσμική Μικροκυματική Ακτινοβολία Υποβάθρου (CMB):** Τα μοτίβα στην CMB υποδηλώνουν ότι η Σκοτεινή Ύλη ήταν απαραίτητη για τον ταχύ σχηματισμό της αρχικής δομής του σύμπαντος, λειτουργώντας ως το βαρυτικό ικρίωμα για την κανονική ύλη."
Περιγράψτε τη Μεγάλη Ερυθρά Κηλίδα του Δία και εξηγήστε γιατί είναι διάσημη.,,"Η Μεγάλη Ερυθρά Κηλίδα είναι μια τεράστια, επίμονη καταιγίδα που βρίσκεται στο νότιο ημισφαίριο του Δία. Είναι διάσημη επειδή είναι η μεγαλύτερη γνωστή αντικυκλωνική καταιγίδα στο ηλιακό σύστημα, ευρύτερη από την ίδια τη Γη. Οι παρατηρήσεις υποδεικνύουν ότι είναι συνεχώς ενεργή για τουλάχιστον 350 χρόνια, αν και το συνολικό της μέγεθος φαίνεται να συρρικνώνεται στη σύγχρονη εποχή."
Μπορώ να βάψω απευθείας πάνω σε μια υπάρχουσα ημι-γυαλιστερή επένδυση λαδομπογιάς χρησιμοποιώντας κανονικό λατέξ χρώμα σπιτιού;,,"Δεν πρέπει να το κάνετε αυτό απευθείας. Το χρώμα λατέξ δεν θα προσκολληθεί σωστά στα γυαλιστερά φινιρίσματα λαδιού και πιθανότατα θα ξεφλουδίσει ή θα σπάσει γρήγορα. Πρέπει πρώτα να αφαιρέσετε τα λίπη από την επιφάνεια, να την τρίψετε ελαφρά (ή να «αφαιρέσετε τη γυαλάδα») και μετά να εφαρμόσετε ένα αστάρι συγκόλλησης ειδικά σχεδιασμένο για τη μετάβαση μεταξύ χρωμάτων με βάση το λάδι και το νερό (όπως ένα αστάρι με βάση τη ρητίνη ή ένα υβριδικό αστάρι υψηλής πρόσφυσης). Μόλις σκληρύνει το αστάρι, το χρώμα λατέξ μπορεί να εφαρμοστεί με επιτυχία."
Ποιος πλανήτης στο ηλιακό μας σύστημα είναι ο μεγαλύτερος;,,"Ο μεγαλύτερος πλανήτης στο ηλιακό μας σύστημα είναι ο Δίας. Είναι ένας γίγαντας αερίου, αποτελούμενος κυρίως από υδρογόνο και ήλιο. Η μάζα του Δία είναι περισσότερο από δυόμισι φορές μεγαλύτερη από αυτήν όλων των άλλων πλανητών του ηλιακού συστήματος μαζί, και η ισημερινή του διάμετρος μετρά περίπου 142.984 χιλιόμετρα (88.846 μίλια)."
Πώς μετράται ο πληθωρισμός και ποιοι είναι οι κύριοι δείκτες που χρησιμοποιούνται από οικονομολόγους και φορείς χάραξης πολιτικής στις ΗΠΑ;,,"Ο πληθωρισμός συνήθως μετράται παρατηρώντας τη ποσοστιαία μεταβολή στο μέσο επίπεδο τιμών ενός τυποποιημένου καλαθιού αγαθών και υπηρεσιών με την πάροδο του χρόνου. Οι οικονομολόγοι χρησιμοποιούν συχνά διάφορους δείκτες τιμών για να μετρήσουν αυτές τις αλλαγές, με την επιλογή του δείκτη να εξαρτάται από τις συγκεκριμένες τιμές που παρακολουθούνται (π.χ., καταναλωτικά αγαθά έναντι κόστους παραγωγού).

Οι δύο κύριοι δείκτες που χρησιμοποιούνται στις Ηνωμένες Πολιτείες είναι ο Δείκτης Τιμών Καταναλωτή (Consumer Price Index - CPI) και ο δείκτης τιμών Δαπανών Προσωπικής Κατανάλωσης (Personal Consumption Expenditures - PCE).

### Δείκτης Τιμών Καταναλωτή (CPI)

Ο **Δείκτης Τιμών Καταναλωτή (CPI)**, που δημοσιεύεται μηνιαίως από το Γραφείο Στατιστικών Εργασίας (BLS), είναι το πιο συχνά αναφερόμενο μέτρο του πληθωρισμού. Αντιπροσωπεύει τη μέση μεταβολή με την πάροδο του χρόνου στις τιμές που καταβάλλουν οι αστικοί καταναλωτές για ένα σταθερό καλάθι αγοράς καταναλωτικών αγαθών και υπηρεσιών, συμπεριλαμβανομένων των τροφίμων, της στέγασης, της ένδυσης, των μεταφορών και της ιατρικής περίθαλψης. Ο CPI είναι κρίσιμος για τον υπολογισμό των αναπροσαρμογών κόστους διαβίωσης (COLAs) στα επιδόματα κοινωνικής ασφάλισης και σε πολλές ιδιωτικές εργασιακές συμφωνίες.

### Δαπάνες Προσωπικής Κατανάλωσης (PCE)

Ο **δείκτης τιμών Δαπανών Προσωπικής Κατανάλωσης (PCE)**, που δημοσιεύεται από το Γραφείο Οικονομικής Ανάλυσης (BEA), είναι το προτιμώμενο μέτρο της Ομοσπονδιακής Τράπεζας (Federal Reserve) για τον καθορισμό της νομισματικής πολιτικής. Ο PCE θεωρείται ένα ευρύτερο μέτρο από τον CPI επειδή καλύπτει ένα ευρύτερο φάσμα αγαθών και υπηρεσιών και περιλαμβάνει δαπάνες που γίνονται για λογαριασμό των νοικοκυριών (όπως η ασφάλιση υγείας που παρέχεται από τον εργοδότη). Το πιο σημαντικό, ο PCE χρησιμοποιεί ένα δυναμικό σύστημα στάθμισης, πράγμα που σημαίνει ότι επιτρέπει τα αποτελέσματα υποκατάστασης (εάν αυξηθεί η τιμή των μήλων, ο δείκτης υποθέτει ότι οι καταναλωτές μπορεί να στραφούν σε φθηνότερες μπανάνες), κάτι που συνήθως οδηγεί σε ελαφρώς χαμηλότερο ετήσιμο ποσοστό πληθωρισμού από τον CPI.

### Άλλοι Βασικοί Δείκτες

**Πυρήνας Πληθωρισμού (Core Inflation):** Τόσο ο CPI όσο και ο PCE αναφέρονται συχνά ως «πυρηνικά» ποσοστά, τα οποία εξαιρούν τις ευμετάβλητες τιμές των τροφίμων και της ενέργειας. Αυτό το μέτρο παρέχει μια σαφέστερη εικόνα των υποκείμενων, μακροπρόθεσμων τάσεων του πληθωρισμού, εξαιρουμένων των βραχυπρόθεσμων κλυδωνισμών της προσφοράς.

**Δείκτης Τιμών Παραγωγού (Producer Price Index - PPI):** Ο PPI παρακολουθεί τη μέση μεταβολή με την πάροδο του χρόνου στις τιμές πώλησης που λαμβάνουν οι εγχώριοι παραγωγοί για την παραγωγή τους. Αν και δεν αποτελεί μέτρο πληθωρισμού των καταναλωτών, ο PPI είναι ένας βασικός προπορευόμενος δείκτης, καθώς το αυξανόμενο κόστος για τους παραγωγούς συχνά μεταφράζεται σε υψηλότερες τιμές για τους καταναλωτές αργότερα."
Αναφέρετε τρία μεγάλα θαύματα του αρχαίου κόσμου.,,"Τρία μεγάλα θαύματα του αρχαίου κόσμου είναι οι Πυραμίδες της Γκίζας, ο Φάρος της Αλεξάνδρειας και ο Κολοσσός της Ρόδου."
Απαριθμήστε τις κύριες περιβαλλοντικές και κοινωνικές πιέσεις που πιστεύεται ότι οδήγησαν στην κατάρρευση και την εγκατάλειψη των κλασικών πόλεων των Μάγια.,"Η ύστερη Κλασική περίοδος (περ. 800–1000 Κ.Χ.) γνώρισε τη διάλυση των πολιτικών δομών των Μάγια στις νότιες πεδινές περιοχές. Οι μελετητές γενικά συμφωνούν ότι αυτό δεν προκλήθηκε από ένα μόνο γεγονός, αλλά από μια σύνθετη αλληλεπίδραση συστημικών ζητημάτων. Οι περιβαλλοντικές πιέσεις ήταν σημαντικές· τα στοιχεία δείχνουν παρατεταμένες, σοβαρές ξηρασίες, που ενδεχομένως διήρκεσαν δεκαετίες, οι οποίες ακρωτηρίασαν τη γεωργική παραγωγή, ειδικά την παραγωγή καλαμποκιού. Επιπλέον, οι εντατικές γεωργικές πρακτικές, όπως η καλλιέργεια με εκχέρσωση και καύση (slash-and-burn), οδήγησαν σε εκτεταμένη αποψίλωση των δασών και διάβρωση του εδάφους, καθιστώντας τη γη λιγότερο ανθεκτική. Κοινωνικά ζητήματα επιδείνωσαν την περιβαλλοντική κρίση. Οι συνεχείς πόλεμοι μεταξύ μεγάλων πόλεων-κρατών, όπως η Τικάλ και το Καλακμούλ, εκτόπισαν την εργασία και τους πόρους μακριά από τη συντήρηση και την παραγωγή τροφίμων. Ο υπερπληθυσμός σε ορισμένα αστικά κέντρα επέβαλε μη βιώσιμη πίεση στους τοπικούς πόρους. Τέλος, η κεντρική εξουσία των θείων βασιλέων (k'uhul ajaw) μπορεί να υπονομεύτηκε όταν δεν μπορούσαν πλέον να εγγυηθούν την ευημερία ή τις βροχοπτώσεις, οδηγώντας σε εσωτερικές αναταραχές και τον κατακερματισμό των δικτύων εμπορίου.","Η κατάρρευση ήταν μια συστημική αποτυχία που οφειλόταν σε πολλούς παράγοντες. Οι βασικές περιβαλλοντικές πιέσεις περιλάμβαναν παρατεταμένες σοβαρές ξηρασίες και μη βιώσιμες γεωργικές πρακτικές που οδήγησαν σε αποψίλωση των δασών και διάβρωση του εδάφους. Οι κοινωνικοί παράγοντες που συνέβαλαν στην παρακμή ήταν οι συνεχείς πόλεμοι μεταξύ των πόλεων-κρατών, ο υπερπληθυσμός που πίεζε τους τοπικούς πόρους, και η επακόλουθη απώλεια αξιοπιστίας και εξουσίας από τους θείους ηγεμόνες όταν απέτυχαν να εξασφαλίσουν βασικούς πόρους όπως η βροχή."
Περιγράψτε τις κύριες ηθικές ανησυχίες που σχετίζονται με την ταχεία ανάπτυξη και εφαρμογή της Τεχνητής Νοημοσύνης (ΤΝ).,,"Η ταχεία πρόοδος της ΤΝ θέτει αρκετές κρίσιμες ηθικές προκλήσεις, τις οποίες πρέπει να αντιμετωπίσουν ενεργά οι φορείς χάραξης πολιτικής, οι προγραμματιστές και το κοινό. Μία βασική ανησυχία είναι η **αλγοριθμική μεροληψία και η δικαιοσύνη**. Δεδομένου ότι τα μοντέλα ΤΝ εκπαιδεύονται σε ιστορικά δεδομένα, συχνά κληρονομούν και ενισχύουν υφιστάμενες κοινωνικές προκαταλήψεις που σχετίζονται με τη φυλή, το φύλο ή την κοινωνικοοικονομική κατάσταση, οδηγώντας σε διακρίσεις σε τομείς όπως οι προσλήψεις, ο δανεισμός ή τα συστήματα ποινικής δικαιοσύνης. Η διασφάλιση ότι τα δεδομένα είναι αντιπροσωπευτικά και ότι τα μοντέλα ελέγχονται για ισότιμα αποτελέσματα είναι ζωτικής σημασίας.

Δεύτερον, υπάρχει το σημαντικό ζήτημα της **διαφάνειας και της εξηγησιμότητας (το πρόβλημα του «μαύρου κουτιού»)**. Πολλά εξελιγμένα μοντέλα ΤΝ δεν μπορούν να εκφράσουν με σαφήνεια *γιατί* κατέληξαν σε μια συγκεκριμένη απόφαση. Αυτή η έλλειψη ορατότητας καθιστά αδύνατη τη λογοδοσία, ειδικά σε τομείς υψηλής σημασίας όπως η ιατρική ή οι λειτουργίες αυτόνομων οχημάτων, και διαβρώνει την εμπιστοσύνη του κοινού.

Τρίτον, πρέπει να διαχειριστεί ο οικονομικός αντίκτυπος, ιδιαίτερα η **αντικατάσταση θέσεων εργασίας και η αυξανόμενη ανισότητα**. Καθώς η ΤΝ αυτοματοποιεί εργασίες που εκτελούσαν προηγουμένως οι άνθρωποι, πολλοί τομείς αντιμετωπίζουν αναστάτωση και πιθανές μαζικές απώλειες θέσεων εργασίας, εγείροντας ανησυχίες σχετικά με την επανεκπαίδευση των εργαζομένων και τον τρόπο με τον οποίο θα διανεμηθούν τα οικονομικά οφέλη από την αυξημένη παραγωγικότητα. Τέλος, η ανάπτυξη πραγματικά **αυτόνομων συστημάτων λήψης αποφάσεων** εγείρει βαθιά ερωτήματα σχετικά με την ασφάλεια, τον έλεγχο και την ευθύνη, ιδίως όσον αφορά τις στρατιωτικές εφαρμογές (θανατηφόρα αυτόνομα όπλα) ή τη διαχείριση σύνθετων υποδομών όπου η ανθρώπινη επίβλεψη μπορεί να ελαχιστοποιηθεί εντελώς."
"Από το παρεχόμενο κείμενο, απαριθμήστε τους τέσσερις επίγειους πλανήτες και τις αντίστοιχες διαμέτρους τους (σε χλμ). Στη συνέχεια, προσδιορίστε τον πλανήτη με τη μικρότερη διάμετρο.","Το εσωτερικό ηλιακό σύστημα αποτελείται από τους επίγειους πλανήτες, οι οποίοι αποτελούνται κυρίως από βράχο και μέταλλο. Ο Ερμής, ο πλησιέστερος πλανήτης στον Ήλιο, έχει διάμετρο 4,880 km και στερείται φυσικών δορυφόρων. Η Αφροδίτη, που συχνά αποκαλείται αδελφός πλανήτης της Γης, περιστρέφεται ανάποδα και έχει μέση θερμοκρασία επιφάνειας που ξεπερνά τους 460°C. Η διάμετρός της είναι 12,104 km. Η Γη είναι μοναδική για τη στήριξη της ζωής, έχοντας διάμετρο 12,742 km και ένα μεγάλο φεγγάρι. Τέλος, ο Άρης, γνωστός ως ο Κόκκινος Πλανήτης, έχει μια σχετικά λεπτή ατμόσφαιρα και δύο μικρά φεγγάρια, τον Φόβο και τον Δείμο. Η διάμετρός του είναι 6,779 km.","Πλανήτες και Διαμέτρους:
Ερμής: 4,880 km
Αφροδίτη: 12,104 km
Γη: 12,742 km
Άρης: 6,779 km

Πλανήτης με τη μικρότερη διάμετρο: Ερμής"
Τι είναι το Παράδοξο του Φέρμι;,,"Το Παράδοξο του Φέρμι είναι η αντίφαση μεταξύ της υψηλής πιθανότητας ύπαρξης ευφυούς εξωγήινης ζωής κάπου στο σύμπαν και της πλήρους έλλειψης παρατηρησιακών στοιχείων που να υποστηρίζουν αυτόν τον ισχυρισμό. Δεδομένου του τεράστιου αριθμού των άστρων, της ηλικίας του σύμπαντος και της αφθονίας δυνητικά κατοικήσιμων πλανητών, ο μαθηματικός Enrico Fermi έθεσε για πρώτη φορά το ερώτημα τη δεκαετία του 1950, «Πού είναι όλοι;» Πιθανές εξηγήσεις που προτείνονται για την επίλυση του παραδόξου περιλαμβάνουν το «Μεγάλο Φίλτρο» (ένα γεγονός συμφόρησης που εμποδίζει την πρόοδο της ζωής), την «Υπόθεση του Ζωολογικού Κήπου» (ότι οι εξωγήινοι αποφεύγουν σκόπιμα την επαφή), ή την πιθανότητα οι προηγμένοι πολιτισμοί απλώς να μην διαρκούν αρκετά ώστε να είναι ανιχνεύσιμοι."
"Κατηγοριοποιήστε τις ακόλουθες πολιτείες των ΗΠΑ με βάση το αν συνορεύουν με τον Ειρηνικό Ωκεανό (Πολιτείες της Ακτής του Ειρηνικού) ή τον Ατλαντικό Ωκεανό (Πολιτείες της Ακτής του Ατλαντικού): California, New York, Florida, Washington, Maine, Oregon, Texas, Georgia, Alaska, New Jersey, North Carolina, Hawaii.",,"Πολιτείες της Ακτής του Ειρηνικού: California, Washington, Oregon, Alaska, Hawaii
Πολιτείες της Ακτής του Ατλαντικού: New York, Florida, Maine, Georgia, New Jersey, North Carolina"
Εξηγήστε τις κύριες φάσεις της μίτωσης με τη σειρά.,,"Η μίτωση συνήθως διαιρείται σε τέσσερα κύρια στάδια, τα οποία διασφαλίζουν ότι κάθε νέο θυγατρικό κύτταρο λαμβάνει ένα πλήρες σύνολο χρωμοσωμάτων:

1.  **Πρόφαση:** Η χρωματίνη συμπυκνώνεται και γίνεται ορατή ως διακριτά χρωμοσώματα (το καθένα αποτελείται από δύο αδελφές χρωματίδες ενωμένες στο κεντρομερές). Ο πυρηνίσκος εξαφανίζεται και ο πυρηνικός φάκελος διασπάται. Αρχίζει να σχηματίζεται η μιτωτική άτρακτος.
2.  **Μετάφαση:** Οι ίνες της ατράκτου προσκολλώνται στα κεντρομερή των χρωμοσωμάτων. Τα χρωμοσώματα παρατάσσονται κατά μήκος της μεταφασικής πλάκας (το ισημερινό επίπεδο στο κέντρο του κυττάρου), σε ίση απόσταση από τους δύο πόλους.
3.  **Ανάφαση:** Οι αδελφές χρωματίδες διαχωρίζονται στο κεντρομερές και απομακρύνονται προς τους αντίθετους πόλους του κυττάρου λόγω της συρρίκνωσης των ινών της ατράκτου. Μόλις διαχωριστεί, κάθε χρωματίδα θεωρείται πλήρες χρωμόσωμα.
4.  **Τελόφαση:** Τα πρόσφατα διαχωρισμένα χρωμοσώματα φτάνουν στους πόλους και αρχίζουν να αποσυμπυκνώνονται πίσω σε χρωματίνη. Ένας νέος πυρηνικός φάκελος σχηματίζεται γύρω από κάθε σύνολο χρωμοσωμάτων στους δύο πόλους. Οι πυρηνίσκοι επανεμφανίζονται.

Αυτή η διαδικασία ακολουθείται συνήθως από την **Κυτταροκίνηση**, η οποία είναι η φυσική διαίρεση του κυτταροπλάσματος, με αποτέλεσμα δύο διακριτά θυγατρικά κύτταρα."
Γράψτε μια ιστορία έξι λέξεων που μεταφέρει την αίσθηση μιας απροσδόκητης απώλειας.,,Σημείωμα αποχαιρετισμού άφησε. Ο καφές ακόμα ζεστός.
"Προσδιορίστε ποιο γεωγραφικό χαρακτηριστικό είναι ποταμός και ποιο είναι βουνό: Όρος Κιλιμάντζαρο, Νείλος",,"Ο Νείλος είναι ποταμός, το Όρος Κιλιμάντζαρο είναι βουνό."
"Από την παρακάτω λίστα, εντοπίστε μόνο τους έγκυρους τύπους δεδομένων της Python.","Ακέραιος, Δεκαδικός, Συμβολοσειρά, Πίνακας, Λίστα, Λεξικό, Πλειάδα, Κλάση, Συνάρτηση, Λογικός Τύπος","Ακέραιος, Δεκαδικός, Συμβολοσειρά, Λίστα, Λεξικό, Πλειάδα, Λογικός Τύπος"
"Καταγράψτε τα σημαντικότερα χρονολογικά ορόσημα που αναφέρονται για τον δορυφόρο Voyager 1, προσδιορίζοντας το γεγονός και την αντίστοιχη ημερομηνία. Παρουσιάστε τα δεδομένα σε μορφή 'Ημερομηνία: Γεγονός'.","Το Voyager 1 είναι ένας διαστημικός δορυφόρος που εκτοξεύτηκε από τη NASA στις 5 Σεπτεμβρίου 1977, για να μελετήσει το εξωτερικό Ηλιακό Σύστημα και τελικά τον διαστρικό χώρο. Πέταξε επιτυχώς κοντά στον Δία τον Μάρτιο του 1979 και στον Κρόνο τον Νοέμβριο του 1980. Το Voyager 1 είναι το πιο απομακρυσμένο ανθρώπινο κατασκεύασμα από τη Γη και το πρώτο που εισήλθε στον διαστρικό χώρο, διασχίζοντας την ηλιόπαυση στις 25 Αυγούστου 2012. Συνεχίζει να μεταδίδει δεδομένα μέσω του Δικτύου Βαθέος Διαστήματος (Deep Space Network).","5 Σεπτεμβρίου 1977: Εκτοξεύτηκε από τη NASA
Μάρτιος 1979: Πέταξε κοντά στον Δία
Νοέμβριος 1980: Πέταξε κοντά στον Κρόνο
25 Αυγούστου 2012: Εισήλθε στον διαστρικό χώρο"
"Καταγράψτε τα λογοτεχνικά έργα που αναφέρονται στο κείμενο. Για κάθε έργο, εξάγετε τον συγγραφέα, το έτος έκδοσης και το κύριο θέμα ή την εστίαση που περιγράφεται. Διαμορφώστε την έξοδο ως εξής: [Συγγραφέας] - [Έτος] - [Θέμα].","Η Ρομαντική περίοδος είδε μια αλλαγή στην αφηγηματική εστίαση. Ο 'Φρανκενστάιν' (1818) της Μαίρη Σέλλεϋ τόνισε θέματα επιστημονικής ύβρης και απομόνωσης. Αργότερα, ο Έντγκαρ Άλαν Πόε εξερεύνησε τον ψυχολογικό τρόμο, κυρίως στο 'The Tell-Tale Heart' (1843). Μια δεκαετία μετά τον Πόε, ο 'Μόμπι Ντικ' (1851) του Χέρμαν Μέλβιλ εισήγαγε πολύπλοκο συμβολισμό σχετικά με την εμμονή και τον φυσικό κόσμο. Την εποχή του 'Δράκουλα' (1897) του Μπραμ Στόκερ, η εστίαση είχε μετατοπιστεί σταθερά στον Γοτθικό τρόμο, με επίκεντρο τη διαφθορά της αθωότητας.","Μαίρη Σέλλεϋ - 1818 - Επιστημονική ύβρις και απομόνωση
Έντγκαρ Άλαν Πόε - 1843 - Ψυχολογικός τρόμος
Χέρμαν Μέλβιλ - 1851 - Εμμονή και ο φυσικός κόσμος
Μπραμ Στόκερ - 1897 - Γοτθικός τρόμος και διαφθορά της αθωότητας"
Εξηγήστε την έννοια των πληρωμών διαθεσιμότητας στο πλαίσιο μιας Σύμπραξης Δημοσίου και Ιδιωτικού Τομέα (ΣΔΙΤ).,,"Οι πληρωμές διαθεσιμότητας (APs) είναι περιοδικές συμβατικές πληρωμές που καταβάλλονται από τον αναθέτοντα κυβερνητικό φορέα στον ιδιώτη παραχωρησιούχο σε μια ρύθμιση Σύμπραξης Δημοσίου και Ιδιωτικού Τομέα. Σε αντίθεση με τα μοντέλα τελών χρήσης (όπου η ιδιωτική οντότητα εισπράττει διόδια ή τιμολόγια), οι APs συνδέονται άμεσα με την επιτυχία του ιδιώτη εταίρου στη διατήρηση του έργου υποδομής (όπως ένα σχολείο, ένας αυτοκινητόδρομος ή ένα νοσοκομείο) σε ένα καθορισμένο πρότυπο υπηρεσιών και διαθεσιμότητας. Οι πληρωμές συνήθως μειώνονται ή παρακρατούνται εάν το περιουσιακό στοιχείο δεν πληροί τους προκαθορισμένους λειτουργικούς βασικούς δείκτες απόδοσης (KPIs), μεταφέροντας αποτελεσματικά τον κίνδυνο λειτουργίας και συντήρησης στον ιδιωτικό τομέα, ενώ παράλληλα θωρακίζουν τον ιδιωτικό τομέα από τον κίνδυνο ζήτησης."
"Ξαναγράψτε το ακόλουθο επίσημο εσωτερικό υπόμνημα σε ένα σύντομο, ανεπίσημο μήνυμα Slack, κατάλληλο για το κανάλι 'Γενικές Ανακοινώσεις'. Χρησιμοποιήστε συντομογραφίες και emoji όπου είναι σκόπιμο.","ΥΠΟΜΝΗΜΑ ΠΡΟΣ: Όλο το Προσωπικό. ΘΕΜΑ: Υποχρεωτική Εκπαίδευση Συμμόρφωσης Τ3. Παρακαλούμε λάβετε υπόψη ότι η παρουσία στο υποχρεωτικό εργαστήριο Ασφάλειας Δεδομένων και Ηθικής Τ3 είναι υποχρεωτική για όλο το προσωπικό. Η συνάντηση έχει προγραμματιστεί για την Τρίτη, 15 Οκτωβρίου, στις 9:00 π.μ. στην Αίθουσα Συνεδριάσεων Β. Η μη προσέλευση χωρίς προηγούμενη έγκριση από τη διοίκηση θα έχει ως αποτέλεσμα μια επίσημη γραπτή προειδοποίηση που θα καταγραφεί στον προσωπικό σας φάκελο. Φέρτε τα διαπιστευτήρια πρόσβασής σας. Παρακαλούμε απαντήστε μέχρι το τέλος της εργάσιμης ημέρας της Παρασκευής.","Προσοχή σε όλους! 🚨 Η υποχρεωτική εκπαίδευση Ασφάλειας Δεδομένων/Ηθικής Τ3 είναι Τρίτη, 15 Οκτ. στις 9 π.μ. στην ΑΣ Β. Η παρουσία είναι απαραίτητη (σοβαρά, είναι υποχρεωτική). Αν λείψετε χωρίς έγκριση μάνατζερ σημαίνει γραπτή προειδοποίηση στον φάκελό σας. Φέρτε τα στοιχεία σύνδεσής σας! Παρ. απαντήστε μέχρι το τέλος της Παρ. ✔️"
Ποιος είναι ο καλύτερος τρόπος για να στρώσετε (temper) τη μαύρη σοκολάτα χρησιμοποιώντας τη μέθοδο της προσθήκης (seeding method);,,"Το στρώσιμο της σοκολάτας (tempering) διασφαλίζει ότι οι κρύσταλλοι βουτύρου κακάο στερεοποιούνται σε σταθερή, γυαλιστερή κρυσταλλική μορφή Beta V, αποτρέποντας το άσπρισμα (blooming) και δίνοντας στη σοκολάτα ένα ικανοποιητικό «σπάσιμο» (κροτ). Η μέθοδος της προσθήκης θεωρείται συχνά η ευκολότερη για τους ερασιτέχνες μάγειρες.

**1. Κόψιμο και Προετοιμασία:** Κόψτε σε ψιλά κομμάτια περίπου τα δύο τρίτα της σοκολάτας που σκοπεύετε να χρησιμοποιήσετε. Αφήστε στην άκρη το υπόλοιπο ένα τρίτο. Αυτή είναι η σοκολάτα «σπόρος» σας. Βεβαιωθείτε ότι όλος ο εξοπλισμός (μπολ, σπάτουλες) είναι εντελώς στεγνός, καθώς το νερό θα «πιάσει» (seize) τη σοκολάτα.

**2. Λιώσιμο της Σοκολάτας:** Τοποθετήστε την ψιλοκομμένη σοκολάτα σε ένα πυρίμαχο μπολ πάνω από ένα μπεν μαρί (μια κατσαρόλα με σιγοβράζον νερό, διασφαλίζοντας ότι το μπολ δεν αγγίζει το νερό). Ανακατεύετε συνεχώς και απαλά μέχρι η σοκολάτα να λιώσει τελείως και να γίνει λεία. Για τη μαύρη σοκολάτα, θέλετε να φέρετε την αρχική θερμοκρασία στους 113°F (45°C). Χρησιμοποιήστε ένα αξιόπιστο θερμόμετρο.

**3. Προσθήκη και Ψύξη:** Αφαιρέστε το μπολ από τη φωτιά. Ξεκινήστε να ανακατεύετε με μικρές χούφτες την εφεδρική σοκολάτα «σπόρο». Ο στόχος είναι να κρυώσει γρήγορα η σοκολάτα ενώ ενθαρρύνεται ο σχηματισμός σταθερών κρυστάλλων. Συνεχίστε να προσθέτετε και να ανακατεύετε μέχρι να λιώσουν όλα τα κομμάτια του σπόρου και η συνολική θερμοκρασία να πέσει στους 88-91°F (31-33°C).

**4. Διατήρηση της Θερμοκρασίας Εργασίας:** Μόλις στρωθεί η σοκολάτα, πρέπει να παραμείνει εντός αυτού του εύρους θερμοκρασίας εργασίας (88-91°F) για να παραμείνει σταθερή. Εάν κρυώσει υπερβολικά, το στρώσιμο θα χαλάσει. Εάν ξαναζεσταθεί υπερβολικά, το στρώσιμο θα χαλάσει. Εάν χρειαστεί να εργαστείτε με αυτήν για μεγάλο χρονικό διάστημα, τοποθετήστε το μπολ πάνω από μια πολύ χαμηλή, σβηστή πηγή θερμότητας ή χρησιμοποιήστε μια θερμοφόρα ρυθμισμένη στη χαμηλή ένταση.

**5. Δοκιμή του Στρωσίματος:** Για να ελέγξετε τη δουλειά σας, βουτήξτε την άκρη ενός μαχαιριού ή βάλτε μια μικρή αλοιφή σοκολάτας πάνω σε ένα κομμάτι λαδόκολλας. Εάν η σοκολάτα στερεοποιηθεί σφιχτή, λεία και γυαλιστερή μέσα σε πέντε λεπτά σε θερμοκρασία δωματίου, έχει στρωθεί επιτυχώς."
Ποια είναι η πρωτεύουσα της Νέας Ζηλανδίας,,Η πρωτεύουσα της Νέας Ζηλανδίας είναι το Ουέλλινγκτον. Βρίσκεται στο νότιο άκρο του Βόρειου Νησιού.
Απαριθμήστε τους οκτώ κύριους πλανήτες του ηλιακού μας συστήματος κατά σειρά απόστασης από τον ήλιο.,,"Οι οκτώ κύριοι πλανήτες κατά σειρά απόστασης από τον ήλιο είναι:
1. Ερμής
2. Αφροδίτη
3. Γη
4. Άρης
5. Δίας
6. Κρόνος
7. Ουρανός
8. Ποσειδώνας"
"Με ποιους μοιράστηκε η Μαρία Κιουρί το πρώτο της Βραβείο Νόμπελ, και πότε και σε ποιο πεδίο απονεμήθηκε;","Η Μαρία Κιουρί (γεννημένη Μαρία Σκουοντόφσκα· 7 Νοεμβρίου 1867 – 4 Ιουλίου 1934) ήταν Πολωνή και νατουραλιζέ Γαλλίδα φυσικός και χημικός που διεξήγαγε πρωτοποριακή έρευνα στη ραδιενέργεια. Ήταν η πρώτη γυναίκα που κέρδισε Βραβείο Νόμπελ, το πρώτο άτομο και η μόνη γυναίκα που κέρδισε το Βραβείο Νόμπελ δύο φορές, και το μόνο άτομο που κέρδισε το Βραβείο Νόμπελ σε δύο διαφορετικά επιστημονικά πεδία. Ο σύζυγός της, Πιερ Κιουρί, ήταν συν-νικητής στο πρώτο της Βραβείο Νόμπελ, καθιστώντας τους το πρώτο παντρεμένο ζευγάρι που κέρδισε το Βραβείο Νόμπελ και ξεκινώντας την κληρονομιά της οικογένειας Κιουρί με πέντε Βραβεία Νόμπελ. Ήταν επίσης η πρώτη γυναίκα που έγινε καθηγήτρια στο Πανεπιστήμιο του Παρισιού. Το 1903, η Μαρία και ο Πιερ Κιουρί μοιράστηκαν το Βραβείο Νόμπελ Φυσικής με τον Ανρί Μπεκερέλ για την εργασία τους στην αυθόρμητη ακτινοβολία.","Το 1903, η Μαρία και ο Πιερ Κιουρί μοιράστηκαν το Βραβείο Νόμπελ Φυσικής με τον Ανρί Μπεκερέλ."
"Κατηγοριοποιήστε τους ακόλουθους τίτλους σε «Σύγχρονο Πολιτικό Αξίωμα» ή «Ιστορικό/Μοναρχικό Ρόλο»: Consul, Chancellor, President, Caliph, Prime Minister, Senator, Doge.",,"Σύγχρονο Πολιτικό Αξίωμα: Chancellor, President, Prime Minister, Senator
Ιστορικός/Μοναρχικός Ρόλος: Consul, Caliph, Doge

Σημειώστε ότι το «Chancellor» περιλαμβάνεται στο Σύγχρονο Πολιτικό Αξίωμα (αναφερόμενο σε αρχηγούς κυβερνήσεων σε χώρες όπως η Γερμανία και η Αυστρία). Ωστόσο, ο τίτλος έχει βαθιά ιστορική χρήση (π.χ., Καγκελάριος του Θησαυροφυλακίου ή διάφοροι ρόλοι σε προ-νεωτερικά ευρωπαϊκά δικαστήρια)."
"Χρησιμοποιώντας τυπική ορολογία δικτύωσης (SYN, ACK), περιγράψτε τα τρία διαδοχικά βήματα που απαιτούνται για μια επιτυχημένη τριμερή χειραψία TCP.",,"Η τριμερής χειραψία TCP καθιερώνει μια αξιόπιστη σύνδεση: 1. SYN (Συγχρονισμός): Ο πελάτης εκκινεί τη σύνδεση στέλνοντας ένα τμήμα (segment) με την σημαία SYN ενεργοποιημένη στον διακομιστή (server). 2. SYN-ACK (Συγχρονισμός-Αναγνώριση): Ο διακομιστής λαμβάνει το SYN και απαντά με το δικό του τμήμα με τις σημαίες SYN και ACK ενεργοποιημένες. 3. ACK (Αναγνώριση): Ο πελάτης λαμβάνει το SYN-ACK και στέλνει ένα τελικό τμήμα με μόνο τη σημαία ACK ενεργοποιημένη, επιβεβαιώνοντας ότι η σύνδεση έχει πλέον καθιερωθεί."
Θα κυριαρχήσουν τα ηλεκτρικά οχήματα στην καταναλωτική αγορά αυτοκινήτων των ΗΠΑ έως το 2030;,,"Ενώ οι προβλέψεις ανάπτυξης είναι εξαιρετικά υψηλές, η επίτευξη πλήρους «κυριαρχίας» (που ορίζεται ως 50% ή περισσότερο των νέων πωλήσεων) έως το 2030 παραμένει δύσκολη, αν και είναι δυνατή υπό βέλτιστες συνθήκες. Επί του παρόντος, τα ηλεκτρικά οχήματα αντιπροσωπεύουν ένα ταχέως αναπτυσσόμενο τμήμα, αλλά εξακολουθούν να κατέχουν μόνο ένα μονοψήφιο ποσοστό της συνολικής αγοράς. Οι παράγοντες που το επιτρέπουν περιλαμβάνουν σημαντικά κυβερνητικά κίνητρα μέσω του Νόμου για τη Μείωση του Πληθωρισμού (Inflation Reduction Act), τη μείωση του μακροπρόθεσμου κόστους μπαταριών και τους δεσμευμένους στόχους παραγωγής από μεγάλες αυτοκινητοβιομηχανίες όπως η Ford και η General Motors. Ωστόσο, παραμένουν δύο μεγάλα εμπόδια: η έλλειψη και η ασυνέπεια της εθνικής υποδομής φόρτισης, η οποία τροφοδοτεί το «άγχος εμβέλειας» για τους πιθανούς αγοραστές, και η συνεχώς υψηλή αρχική τιμή αγοράς σε σύγκριση με τα αντίστοιχα οχήματα εσωτερικής καύσης, παρά την εξοικονόμηση κόστους λειτουργίας. Οι τρέχουσες προβλέψεις συναίνεσης προβλέπουν ότι οι πωλήσεις ηλεκτρικών οχημάτων θα φτάσουν το 35-45% της αγοράς έως την ημερομηνία αυτή, υποδηλώνοντας σημαντικό μετασχηματισμό, αλλά όχι πλήρη κυριαρχία."
Ποια είναι η σωστή διαδικασία για την επιδιόρθωση μιας μικρής τρύπας (μικρότερης από 3 ίντσες) σε γυψοσανίδα;,,"Πρώτα, καθαρίστε την περιοχή και κόψτε τυχόν σκισμένο χαρτί. Εφαρμόστε ένα αυτοκόλλητο επίθεμα πλέγματος πάνω από την τρύπα. Χρησιμοποιώντας έναν στόκο, απλώστε μια λεπτή στρώση στόκου αρμών πάνω από το επίθεμα, σβήνοντας τις άκρες προς τα έξω. Αφήστε το να στεγνώσει εντελώς και στη συνέχεια τρίψτε ελαφρά. Εφαρμόστε μια δεύτερη, πιο λεπτή στρώση εάν χρειάζεται. Μόλις στεγνώσει και λειανθεί, ασταρώστε και βάψτε."
Γράψε μια σύντομη συνάρτηση Python που υπολογίζει αναδρομικά τον νιο αριθμό Φιμπονάτσι.,,"python
def fibonacci_recursive(n):
    """"""Υπολογίζει τον νιο αριθμό Φιμπονάτσι χρησιμοποιώντας αναδρομή.
    Επιστρέφει 0 για μη θετικές εισόδους.
    """"""
    if n <= 0:
        return 0
    elif n == 1:
        return 1
    else:
        return fibonacci_recursive(n-1) + fibonacci_recursive(n-2)

# print(fibonacci_recursive(8)) # Output: 21
"
"Προσδιορίστε τα βασικά πρόσωπα που ενεπλάκησαν στην ανακάλυψη, παραγωγή και ονομασία της πενικιλίνης, και αναφέρετε το έτος της αρχικής ανακάλυψης.","Η πενικιλίνη, μια ομάδα αντιβιοτικών, ανακαλύφθηκε για πρώτη φορά το 1928 από τον Σκωτσέζο ιατρό Αλεξάντερ Φλέμινγκ. Παρατήρησε ότι μια μούχλα που μόλυνε ένα τρυβλίο Petri ανέστειλε την ανάπτυξη των βακτηρίων Staphylococcus. Ο Φλέμινγκ ονόμασε την ουσία πενικιλίνη από τη μούχλα Penicillium rubens. Ενώ ο Φλέμινγκ πιστώνεται την αρχική ανακάλυψη, μόλις στις αρχές της δεκαετίας του 1940 ο Αυστραλός φαρμακολόγος Χάουαρντ Φλόρεϊ και ο Γερμανός βιοχημικός Ερνστ Τσέιν ανέπτυξαν μεθόδους για τη μαζική παραγωγή και καθαρισμό της, καθιστώντας την ένα βιώσιμο φάρμακο για τη θεραπεία λοιμώξεων κατά τη διάρκεια του Β' Παγκοσμίου Πολέμου.",Ο Αλεξάντερ Φλέμινγκ ανακάλυψε την πενικιλίνη το 1928 και επίσης την ονόμασε. Ο Χάουαρντ Φλόρεϊ και ο Ερνστ Τσέιν ήταν βασικά πρόσωπα στις αρχές της δεκαετίας του 1940 που ανέπτυξαν μεθόδους για τη μαζική παραγωγή και τον καθαρισμό της.
Τι είναι ένα API και πώς λειτουργεί στις σύγχρονες εφαρμογές ιστού;,,"Μια Διεπαφή Προγραμματισμού Εφαρμογών (Application Programming Interface, API) είναι ουσιαστικά ένα σύνολο ορισμών και πρωτοκόλλων που επιτρέπει σε δύο εφαρμογές λογισμικού να επικοινωνούν μεταξύ τους. Λειτουργεί ως αγγελιοφόρος, παραδίδοντας αιτήματα από τη μία εφαρμογή στην άλλη και στη συνέχεια στέλνοντας την απάντηση πίσω στον αρχικό αιτούντα.

### Λειτουργία στις Εφαρμογές Ιστού
Στη σύγχρονη ανάπτυξη ιστού, τα API αποτελούν τη ραχοκοκαλιά της αλληλεπίδρασης, ειδικά για τις μικρουπηρεσίες (microservices) και τα κατανεμημένα συστήματα. Επιτρέπουν στις εφαρμογές πελάτη (όπως μια εφαρμογή κινητού ή ένας φυλλομετρητής) να αλληλεπιδρούν με πόρους στην πλευρά του διακομιστή χωρίς να εκτίθενται η εσωτερική λογική ή η δομή της βάσης δεδομένων του διακομιστή. Αυτό παρέχει ασφάλεια, σταθερότητα και επιτρέπει στους προγραμματιστές να ενσωματώνουν γρήγορα υπηρεσίες τρίτων.

Για παράδειγμα, εάν μια εφαρμογή καιρού πρέπει να αντλήσει τρέχοντα δεδομένα θερμοκρασίας, δεν κάνει scraping σε έναν ιστότοπο· πραγματοποιεί μια κλήση API σε έναν πάροχο υπηρεσιών καιρού. Το API ορίζει την ακριβή μορφή (συχνά χρησιμοποιώντας αιτήματα HTTP και δεδομένα JSON) για το πώς πρέπει να γίνει αυτό το αίτημα και πώς θα παραδοθούν τα δεδομένα που προκύπτουν. Ο πιο κοινός τύπος web API σήμερα είναι το RESTful API (Representational State Transfer)."
Από πού πήρε το όνομά του το τρόφιμο «σάντουιτς»;,,"Ένα σάντουιτς πήρε το όνομά του από τον Τζον Μόνταγκιου, τον 4ο Κόμη του Σάντουιτς, έναν Άγγλο ευγενή του 18ου αιώνα, ο οποίος φέρεται να ζήτησε από τους υπηρέτες του να του σερβίρουν κομμένο κρέας ανάμεσα σε δύο φέτες ψωμιού για να μπορεί να τρώει χωρίς να αφήσει το τραπέζι του χαρτοπαιγνίου κατά τη διάρκεια μιας μακράς συνεδρίας τζόγου."
"Είναι η ταχεία πρόοδος της Τεχνητής Νοημοσύνης μια υπαρξιακή απειλή για τη δημοκρατία και την ανθρώπινη απασχόληση, ή είναι απλώς η επόμενη βιομηχανική επανάσταση;",,"Η ΤΝ παρουσιάζει τόσο βαθιές ευκαιρίες όσο και σημαντικούς κινδύνους, καθιστώντας δύσκολη την απλή κατηγοριοποίησή της ως «την επόμενη βιομηχανική επανάσταση». Ενώ σίγουρα φέρνει τεράστια κέρδη παραγωγικότητας, λύνοντας σύνθετα προβλήματα από τη μοντελοποίηση του κλίματος έως την ιατρική διάγνωση, οι υπαρξιακές απειλές επικεντρώνονται λιγότερο στον φυσικό κίνδυνο και περισσότερο στην κοινωνικοπολιτική δομή. Η συγκέντρωση της ισχύος της ΤΝ σε λίγες μεγάλες εταιρείες τεχνολογίας τους δίνει άνευ προηγουμένου έλεγχο στη ροή πληροφοριών και στην ατομική λήψη αποφάσεων, κάτι που είναι εξαιρετικά διαβρωτικό για τους δημοκρατικούς θεσμούς μέσω στοχευμένης παραπληροφόρησης και εξελιγμένης επιτήρησης. Όσον αφορά την απασχόληση, αυτό διαφέρει από προηγούμενες επαναστάσεις όπου αντικαταστάθηκαν θέσεις εργασίας χαμηλής ειδίκευσης. Η ΤΝ είναι ικανή να αυτοματοποιήσει σύνθετες γνωστικές εργασίες (νομική, παραγωγή κώδικα, χρηματοοικονομική ανάλυση). Ο κίνδυνος δεν είναι μόνο η απώλεια θέσεων εργασίας, αλλά μια δομική αλλαγή που συμβαίνει πολύ γρήγορα για να προσαρμοστούν οι κοινωνίες, οδηγώντας σε εδραιωμένη διαρθρωτική ανεργία και αυξημένη οικονομική ανισότητα. Το αποτέλεσμα—επανάσταση ή απειλή—εξαρτάται εξ ολοκλήρου από την προληπτική ρύθμιση που αποτρέπει τη μονοπώληση, επιβάλλει την ηθική διαφάνεια και εφαρμόζει δίχτυα κοινωνικής ασφάλειας σχεδιασμένα για μια αυτοματοποιημένη οικονομία."
Εξάγετε τη συγκεκριμένη ημερομηνία και την άμεση ανθρώπινη συνέπεια της καταστροφής του Τσερνόμπιλ που περιγράφεται στο κείμενο.,"Η καταστροφή του Τσερνόμπιλ, ένα καταστροφικό πυρηνικό ατύχημα, συνέβη στις 26 Απριλίου 1986, κοντά στην πόλη Πρίπιατ στην Ουκρανική ΣΣΔ, Σοβιετική Ένωση. Μια ξαφνική αύξηση ισχύος κατά τη διάρκεια μιας δοκιμής συστημάτων αντιδραστήρα οδήγησε σε έκρηξη και πυρκαγιά που απελευθέρωσε μεγάλες ποσότητες ραδιενεργού υλικού στην ατμόσφαιρα, απαιτώντας την άμεση εκκένωση πάνω από 100.000 κατοίκων από την περιοχή.",Η ημερομηνία ήταν 26 Απριλίου 1986. Η άμεση ανθρώπινη συνέπεια ήταν η απαιτούμενη εκκένωση πάνω από 100.000 κατοίκων.
"Ένας πελάτης στοχεύει στη μεγιστοποίηση της υπερτροφίας των δικεφάλων. Αυτή τη στιγμή προπονεί τους δικεφάλους μία φορά την εβδομάδα με 8 συνολικά σετ εργασίας. Θεωρείται αυτός ο όγκος/συχνότητα βέλτιστος σύμφωνα με τις τρέχουσες συστάσεις της αθλητικής επιστήμης για την υπερτροφία, και ποια αλλαγή θα μπορούσε να αποφέρει καλύτερα αποτελέσματα;",,"Ενώ τα 8 σετ εργασίας εμπίπτουν στο αποδεκτό εύρος για την ανάπτυξη των μυών (συνήθως 10-20 σετ ανά μυϊκή ομάδα εβδομαδιαίως για μέτριους ασκούμενους), η προπόνηση των δικεφάλων μόνο μία φορά την εβδομάδα είναι γενικά υποβέλτιστη για τη μεγιστοποίηση της υπερτροφίας. Η τρέχουσα έρευνα δείχνει ότι η κατανομή του όγκου σε υψηλότερη συχνότητα (2 έως 3 φορές την εβδομάδα) είναι πιο αποτελεσματική. Η βέλτιστη στρατηγική θα περιλάμβανε την προπόνηση των δικεφάλων δύο φορές την εβδομάδα (π.χ., 4 σετ ανά συνεδρία). Αυτή η προσέγγιση διατηρεί υψηλότερο αθροιστικό χρόνο υπό τάση και διασφαλίζει ότι το παράθυρο σύνθεσης μυϊκής πρωτεΐνης διεγείρεται συχνότερα καθ' όλη τη διάρκεια της εβδομάδας, οδηγώντας σε ανώτερα μακροπρόθεσμα αποτελέσματα ανάπτυξης."
Ελέγξτε την παρεχόμενη λίστα ουράνιων σωμάτων και προσδιορίστε μόνο τους γήινους πλανήτες μέσα στο Ηλιακό μας Σύστημα.,"Ερμής, Δίας, Άρης, Αφροδίτη, Τιτάνας, Γη, Κρόνος, Πλούτωνας.","Οι γήινοι πλανήτες είναι ο Ερμής, ο Άρης, η Αφροδίτη και η Γη. Ο Δίας και ο Κρόνος είναι αέριοι γίγαντες, ο Πλούτωνας είναι νάνος πλανήτης, και ο Τιτάνας είναι ένας δορυφόρος."
"Ταξινομήστε τα ακόλουθα στοιχεία σε τρεις κατηγορίες: Σημαντικά Νησιά του Κόσμου, Χημικά Στοιχεία, και Θεατρικά Έργα του Ουίλιαμ Σαίξπηρ: Neon, Hamlet, Madagascar, Iron, Twelfth Night, Borneo, Chlorine, Macbeth, Iceland, Gold, Othello, Sicily.",,"Σημαντικά Νησιά του Κόσμου: Madagascar, Borneo, Iceland, Sicily
Χημικά Στοιχεία: Neon, Iron, Chlorine, Gold
Θεατρικά Έργα του Ουίλιαμ Σαίξπηρ: Hamlet, Twelfth Night, Macbeth, Othello"
Πότε τέθηκε εκτός λειτουργίας το ARPANET και ποια ήταν τα βασικά άτομα που συμμετείχαν στην πρώιμη ανάπτυξη και σχεδιασμό του;,"Το Δίκτυο της Υπηρεσίας Προηγμένων Ερευνητικών Έργων (ARPANET) ήταν ένα πρώιμο δίκτυο μεταγωγής πακέτων και το πρώτο δίκτυο που εφάρμοσε τη σουίτα πρωτοκόλλων TCP/IP. Και οι δύο τεχνολογίες έγιναν η τεχνική βάση του Διαδικτύου. Το ARPANET ιδρύθηκε από την Υπηρεσία Προηγμένων Ερευνητικών Έργων (ARPA) του Υπουργείου Άμυνας των Ηνωμένων Πολιτειών. Άρχισε να αναπτύσσεται το 1966 υπό τη διεύθυνση του Robert Taylor και σχεδιάστηκε από τον Lawrence Roberts. Οι πρώτοι δύο κεντρικοί υπολογιστές συνδέθηκαν στις 29 Οκτωβρίου 1969, μεταξύ του Πανεπιστημίου της Καλιφόρνια, Λος Άντζελες (UCLA) και του Ινστιτούτου Έρευνας του Στάνφορντ (SRI). Το ARPANET τέθηκε επίσημα εκτός λειτουργίας το 1990, αντικαταστάθηκε από την εμπορική υποδομή του διαδικτύου.","Το ARPANET τέθηκε επίσημα εκτός λειτουργίας το 1990. Τα βασικά άτομα που συμμετείχαν στην πρώιμη ανάπτυξη και σχεδιασμό του περιλαμβάνουν τον Robert Taylor, ο οποίος διηύθυνε την ανάπτυξη ξεκινώντας το 1966, και τον Lawrence Roberts, ο οποίος σχεδίασε το δίκτυο."
"Συνοψίστε το παρεχόμενο κείμενο σε μια ενιαία, συνοπτική πρόταση.","Η πεταλούδα μονάρχης υφίσταται πλήρη μεταμόρφωση, περνώντας από τέσσερα διακριτά στάδια: αυγό, προνύμφη (κάμπια), νύμφη (χρυσαλίδα) και ενήλικο. Αυτό το αποδημητικό έντομο είναι διάσημο για το τεράστιο ετήσιο ταξίδι του που καλύπτει χιλιάδες μίλια από τις ΗΠΑ και τον Καναδά μέχρι το κεντρικό Μεξικό, συχνά σε πολλαπλές γενιές.","Η πεταλούδα μονάρχης είναι ένα αποδημητικό έντομο διάσημο για την τετρα-σταδιακή μεταμόρφωσή του και το τεράστιο, πολυ-γενεακό ταξίδι του από τη Βόρεια Αμερική μέχρι το κεντρικό Μεξικό."
Ποιο είναι το βαθύτερο σημείο στους ωκεανούς της Γης;,,"Το βαθύτερο γνωστό σημείο στους ωκεανούς της Γης είναι η Άβυσσος Τσάλεντζερ (Challenger Deep), που βρίσκεται στο νότιο άκρο της Τάφρου των Μαριανών κοντά στα νησιά Γκουάμ του Δυτικού Ειρηνικού. Το βάθος εκτιμάται ότι είναι περίπου 10.935 μέτρα (35.876 πόδια) κάτω από την επιφάνεια της θάλασσας, καθιστώντας το σημαντικά βαθύτερο από το ύψος του Έβερεστ. Μόνο μια χούφτα εξερευνητών έχουν φτάσει ποτέ με επιτυχία σε αυτό το ακραίο περιβάλλον υψηλής πίεσης."
Προσδιορίστε και αναλύστε το πιο επιδραστικό έργο της υπαρξιακής φιλοσοφίας που δημοσιεύτηκε τον 20ό αιώνα.,,"Ενώ το έργο του Ζαν-Πωλ Σαρτρ, *Το Είναι και το Μηδέν* (1943), παρείχε το μεταφυσικό πλαίσιο για τον γαλλικό υπαρξισμό του 20ού αιώνα, το πιο επιδραστικό έργο, κρίνοντας από την άμεση και διαρκή κοινωνική και πνευματική του επίδραση, είναι το *Δεύτερο Φύλο* (1949) της Σιμόν ντε Μποβουάρ. Η Μποβουάρ χρησιμοποίησε τις υπαρξιακές έννοιες της ελευθερίας, της ευθύνης και του «Άλλου» για να αναλύσει εκ βάθρων την πατριαρχική κοινωνία και την κοινωνική κατασκευή της γυναικείας φύσης. Η κεντρική της θέση, «Δεν γεννιέσαι γυναίκα, αλλά γίνεσαι», έγινε το θεμελιώδες επιχείρημα για τον επακόλουθο φεμινισμό δεύτερου κύματος και τις σπουδές φύλου. Το κείμενο μετέφερε την υπαρξιακή σκέψη πέρα από την καθαρή μεταφυσική περισυλλογή και την εφάρμοσε αυστηρά στην κοινωνική και πολιτική κριτική, οδηγώντας σε ιδεολογικές μετατοπίσεις στον πραγματικό κόσμο που υπερβαίνουν κατά πολύ την επίδραση των αμιγώς οντολογικών έργων."
"Αναφέρετε τα τρία κύρια τμήματα του ανθρώπινου αυτιού και τα τρία μικρά οστάρια που βρίσκονται στην κοιλότητα του μέσου αυτιού, σύμφωνα με το παρεχόμενο κείμενο.","Το ανθρώπινο αυτί χωρίζεται σε τρία τμήματα: το εξωτερικό αυτί, το μέσο αυτί και το έσω αυτί. Το εξωτερικό αυτί, που αποτελείται κυρίως από την ωτίδα και τον ακουστικό πόρο, συλλέγει τα ηχητικά κύματα. Αυτά τα κύματα ταξιδεύουν στον ακουστικό πόρο μέχρι να χτυπήσουν την τυμπανική μεμβράνη (τύμπανο), σηματοδοτώντας την αρχή του μέσου αυτιού. Το μέσο αυτί είναι μια κοιλότητα γεμάτη αέρα που περιέχει τρία μικρά οστάρια που ονομάζονται ακουστικά οστάρια: τη σφύρα (hammer), τον άκμονα (anvil) και τον αναβολέα (stirrup). Αυτά τα οστά μεταδίδουν και ενισχύουν τους κραδασμούς από το τύμπανο στον ωοειδή θύρα, η οποία οδηγεί στο έσω αυτί. Το έσω αυτί στεγάζει τον κοχλία, μια σπειροειδή δομή γεμάτη υγρό, υπεύθυνη για τη μετατροπή των μηχανικών κραδασμών σε νευρικά σήματα. Περιέχει επίσης το αιθουσαίο σύστημα, ζωτικής σημασίας για την ισορροπία.","Τα τρία κύρια τμήματα του ανθρώπινου αυτιού είναι το εξωτερικό αυτί, το μέσο αυτί και το έσω αυτί. Τα τρία μικρά οστάρια (ακουστικά οστάρια) που βρίσκονται στο μέσο αυτί είναι η σφύρα (hammer), ο άκμονας (anvil) και ο αναβολέας (stirrup)."
Πόσο μεγάλος ήταν ο μεγαλύτερος καταγεγραμμένος σεισμός και ποια μονάδα χρησιμοποιείται για τη μέτρηση του μεγέθους του;,,"Ο μεγαλύτερος καταγεγραμμένος σεισμός ήταν ο σεισμός της Βαλδίβιας του 1960 (γνωστός και ως ο Μεγάλος Σεισμός της Χιλής), ο οποίος συνέβη στις 22 Μαΐου 1960. Κατέγραψε μέγεθος 9,5. Το μέγεθος του σεισμού μετριέται κυρίως χρησιμοποιώντας την Κλίμακα Μεγέθους Ροπής (MMS), η οποία αντικατέστησε την παλαιότερη Κλίμακα Ρίχτερ (ή κλίμακα τοπικού μεγέθους) για μεγάλα γεγονότα, επειδή η MMS παρέχει μια πιο ακριβή αξιολόγηση της συνολικής ενέργειας που απελευθερώνεται."
Ποια ήταν η πρώτη γυναίκα που κέρδισε Βραβείο Νόμπελ;,,"Η Μαρία Κιουρί ήταν η πρώτη γυναίκα που κέρδισε Βραβείο Νόμπελ, το οποίο έλαβε στη Φυσική το 1903."
"Προσδιορίστε ποιες από τις ακόλουθες γλώσσες προγραμματισμού συνήθως μεταγλωττίζονται και ποιες συνήθως διερμηνεύονται: Python, C++, JavaScript, Go.",,Η Python και η JavaScript συνήθως διερμηνεύονται. Η C++ και η Go συνήθως μεταγλωττίζονται.
Περιγράψτε τα τρία πιο σημαντικά βήματα για την επιτυχή καλλιέργεια ντομάτας σε έναν οικιακό κήπο.,,"Τα τρία πιο σημαντικά βήματα για την επιτυχή καλλιέργεια ντομάτας είναι: 1. **Προετοιμασία Εδάφους και Φύτευση:** Βεβαιωθείτε ότι το έδαφος είναι πλούσιο, ελαφρώς όξινο και με καλή αποστράγγιση. Φυτέψτε τα σπορόφυτα βαθιά, αφαιρώντας τα κατώτερα φύλλα, για να ενθαρρύνετε την ισχυρή ανάπτυξη των ριζών κατά μήκος του θαμμένου βλαστού. 2. **Συνεπής Πότισμα:** Οι ντομάτες χρειάζονται βαθύ, τακτικό πότισμα, ειδικά κατά την ανάπτυξη των καρπών. Το ασυνεπές πότισμα οδηγεί σε ρωγμές και σήψη της άκρης του άνθους, γι' αυτό διατηρήστε σταθερά επίπεδα υγρασίας. 3. **Κατάλληλη Υποστήριξη και Κλάδεμα:** Χρησιμοποιήστε πασσάλους ή κλουβιά για να κρατήσετε τα βαριά κλήματα μακριά από το έδαφος, βελτιώνοντας την κυκλοφορία του αέρα. Κλαδέψτε τους λαίμαργους (μικρούς βλαστούς που φυτρώνουν μεταξύ του κύριου βλαστού και ενός κλαδιού) για να κατευθύνετε την ενέργεια στην παραγωγή καρπών αντί για υπερβολικό φύλλωμα."
Σύνταξη ενός email προς τον διευθυντή μου ζητώντας αναθεώρηση μισθού και περιγράφοντας τα βασικά μου επιτεύγματα τον τελευταίο χρόνο για να δικαιολογήσω αύξηση 15%.,,"Θέμα: Αίτημα Αναθεώρησης Μισθού - [Το Όνομά σας]

Αγαπητέ/ή [Όνομα Διευθυντή/τριας],

Ελπίζω να είστε καλά.

Σας γράφω για να ζητήσω επίσημα την αναθεώρηση του τρέχοντος πακέτου αποδοχών μου. Καθώς πλησιάζω την επέτειό μου στην εταιρεία, πιστεύω ότι η συνεισφορά μου τους τελευταίους 12 μήνες δικαιολογεί έντονα μια σημαντική προσαρμογή, ειδικότερα μια αύξηση 15%, για να ευθυγραμμιστεί τόσο με τις αυξημένες ευθύνες μου όσο και με τις τρέχουσες τιμές της αγοράς για τον ρόλο μου.

Τα βασικά σημεία της απόδοσής μου τον τελευταίο χρόνο περιλαμβάνουν:

*   **Ηγεσία Έργου:** Οδήγησα με επιτυχία την έναρξη του Έργου Χ, ολοκληρώνοντας την πρωτοβουλία τρεις εβδομάδες νωρίτερα από το χρονοδιάγραμμα και $10.000 κάτω από τον προϋπολογισμό.
*   **Βελτίωση Αποδοτικότητας:** Σχεδίασα και εφάρμοσα μια νέα ροή εργασίας αναφορών που μείωσε τον τριμηνιαίο χρόνο προετοιμασίας για την ομάδα κατά 25 ώρες.
*   **Καθοδήγηση & Ανάπτυξη:** Υπήρξα μέντορας για δύο νέους/ες junior αναλυτές/τριες, οι οποίοι/ες λειτουργούν πλέον σε πλήρη ικανότητα και έχουν λάβει θετικά σχόλια από διεπιστημονικές ομάδες.
*   **Επίτευξη Στόχων:** Υπερέβη σταθερά τους τριμηνιαίους στόχους απόδοσής μου, επιτυγχάνοντας το 110% των καθορισμένων στόχων μου για το Γ' και Δ' τρίμηνο.

Είμαι απόλυτα αφοσιωμένος/η στην [Όνομα Εταιρείας] και ενθουσιασμένος/η για τις προκλήσεις που ακολουθούν. Θα εκτιμούσα την ευκαιρία να συζητήσω την απόδοσή μου, τους μελλοντικούς στόχους και αυτό το αίτημα αποζημίωσης λεπτομερέστερα κατά τη διάρκεια μιας κατ' ιδίαν συνάντησης την επόμενη εβδομάδα. Παρακαλώ ενημερώστε με ποια ώρα σας βολεύει καλύτερα.

Σας ευχαριστώ για τον χρόνο και την εξέτασή σας.

Με εκτίμηση,
[Το Όνομά σας]"
Προσδιορίστε την προέλευση και το ιδρυτικό γεγονός του πεδίου της Τεχνητής Νοημοσύνης με βάση το παρεχόμενο κείμενο.,"Ο όρος «Τεχνητή Νοημοσύνη» επινοήθηκε επίσημα το 1956 σε ένα εργαστήριο που πραγματοποιήθηκε στην πανεπιστημιούπολη του Κολλεγίου Ντάρτμουθ (Dartmouth College). Διοργανώθηκε από τον John McCarthy, και στους συμμετέχοντες περιλαμβάνονταν οι Marvin Minsky, Nathaniel Rochester και Claude Shannon. Η βασική πρόταση για τη διάσκεψη ανέφερε ότι «κάθε πτυχή της μάθησης ή οποιοδήποτε άλλο χαρακτηριστικό της νοημοσύνης μπορεί κατ' αρχήν να περιγραφεί με τόση ακρίβεια ώστε να μπορεί να δημιουργηθεί μια μηχανή για να την προσομοιώσει». Αυτό το εργαστήριο θεωρείται γενικά το ιδρυτικό γεγονός για την ΤΝ ως πεδίο μελέτης. Πριν από αυτό, ο Alan Turing είχε ήδη διερευνήσει τα θεωρητικά όρια του υπολογισμού με την εργασία του «Υπολογιστικά Μηχανήματα και Νοημοσύνη» (1950), η οποία εισήγαγε την έννοια του Τεστ Τούρινγκ.","Ο όρος «Τεχνητή Νοημοσύνη» επινοήθηκε το 1956. Το ιδρυτικό γεγονός για την ΤΝ ως πεδίο μελέτης ήταν ένα εργαστήριο που πραγματοποιήθηκε στο Κολλέγιο Ντάρτμουθ εκείνο το έτος, οργανωμένο από τον John McCarthy. Στους βασικούς συμμετέχοντες περιλαμβανόταν ο Marvin Minsky. Προηγούμενη θεωρητική εργασία είχε γίνει από τον Alan Turing, ο οποίος εισήγαγε το Τεστ Τούρινγκ το 1950."
Ποιο είναι το όνομα της μαγικής συσκευής που χρησιμοποιείται για να γυρίσει πίσω ο χρόνος;,,Χρονοστροφέας
"Απαριθμήστε τα τέσσερα βασικά άτομα που συμμετείχαν στην αρχική ανακάλυψη και διύλιση της ινσουλίνης, προσδιορίζοντας τις αντίστοιχες συνεισφορές τους όπως περιγράφονται στο κείμενο.","Η ανακάλυψη της ινσουλίνης αποδίδεται κυρίως στους Frederick Banting και Charles Best στο Τορόντο το 1921. Ο Banting, ένας νεαρός χειρουργός, συνέλαβε την αρχική ιδέα ότι ένα εκχύλισμα από τα νησίδια του παγκρέατος θα μπορούσε να θεραπεύσει τον διαβήτη. Ο καθηγητής John J.R. Macleod παρείχε στον Banting εργαστηριακό χώρο στο Πανεπιστήμιο του Τορόντο για το καλοκαίρι και όρισε τον Charles Best, φοιτητή ιατρικής, ως βοηθό του. Δουλεύοντας με σκύλους, οι Banting και Best απομόνωσαν με επιτυχία την εσωτερική έκκριση του παγκρέατος, την οποία αρχικά ονόμασαν 'isletin'. Αργότερα, ο James Collip, ένας βιοχημικός, βελτίωσε τη διαδικασία καθαρισμού του εκχυλίσματος, καθιστώντας το ασφαλές για ανθρώπινη χρήση. Ο πρώτος ανθρώπινος ασθενής, ο 14χρονος Leonard Thompson, έλαβε τη θεραπεία τον Ιανουάριο του 1922. Για το έργο τους, οι Banting και Macleod τιμήθηκαν αμφιλεγόμενα με το Βραβείο Νόμπελ Φυσιολογίας ή Ιατρικής το 1923, το οποίο ο Banting μοιράστηκε αμέσως με τον Best, και ο Macleod μοιράστηκε με τον Collip.","Frederick Banting: Συνέλαβε την αρχική ιδέα και απομόνωσε επιτυχώς την έκκριση του παγκρέατος ('isletin').
Charles Best: Βοήθησε τον Banting στην εργαστηριακή εργασία απομόνωσης της έκκρισης.
John J.R. Macleod: Παρέσχε τον εργαστηριακό χώρο στο Πανεπιστήμιο του Τορόντο και όρισε τον Best ως βοηθό του Banting.
James Collip: Βελτίωσε τη διαδικασία καθαρισμού του εκχυλίσματος, καθιστώντας το ασφαλές για ανθρώπινη χρήση."
Προτείνετε τρεις οικογενειακές δραστηριότητες εσωτερικού χώρου κατάλληλες για ένα βροχερό απόγευμα Σαββάτου.,,"1. Φτιάξτε ένα Οχυρό και Διαβάστε: Χρησιμοποιήστε κουβέρτες, καρέκλες και μαξιλάρια για να δημιουργήσετε ένα μεγάλο οχυρό εσωτερικού χώρου. Φέρτε φακούς και βιβλία μέσα για μια άνετη συνεδρία ανάγνωσης.
2. Ψήστε Μαζί: Επιλέξτε μια απλή συνταγή όπως μπισκότα ή μπράουνις. Το ψήσιμο είναι ένας πολύ καλός τρόπος για να διδάξετε δεξιότητες μέτρησης και παρέχει μια νόστιμη ανταμοιβή.
3. Τουρνουά Επιτραπέζιων Παιχνιδιών: Βγάλτε πολλά κλασικά επιτραπέζια παιχνίδια ή παιχνίδια καρτών (όπως Monopoly, Uno ή Checkers) και δημιουργήστε μια δομή για ένα φιλικό τουρνουά."
Τι καθορίζει ένα βιώσιμο σύστημα τροφίμων;,,"Ένα βιώσιμο σύστημα τροφίμων είναι αυτό που διασφαλίζει την επισιτιστική ασφάλεια και τη διατροφή για όλους, χωρίς να διακυβεύονται οι οικονομικές, περιβαλλοντικές και κοινωνικές βάσεις για τις μελλοντικές γενιές. Βασικές πτυχές περιλαμβάνουν την ελαχιστοποίηση των αποβλήτων, την προώθηση της βιοποικιλότητας, την υποστήριξη δίκαιων μισθών για τους αγρότες και τη σημαντική μείωση της εξάρτησης από ορυκτά καύσιμα στην παραγωγή και τη μεταφορά."
Περιγράψτε την τυπική διατροφή και διάρκεια ζωής της Γαλάζιας Φάλαινας.,,"Η Γαλάζια Φάλαινα (Balaenoptera musculus) τρέφεται κυρίως με μικροσκοπικά καρκινοειδή που ονομάζονται κριλ. Μια ενήλικη γαλάζια φάλαινα μπορεί να καταναλώσει έως και 4 τόνους κριλ την ημέρα κατά την περίοδο αιχμής της σίτισης. Η μέση διάρκεια ζωής τους εκτιμάται ότι είναι μεταξύ 80 και 90 ετών, αν και ορισμένα άτομα μπορεί να ζήσουν πάνω από 100 χρόνια."
Ποια είναι τα τέσσερα κύρια συστατικά που απαιτούνται για να φτιάξετε μια κλασική γαλλική μπαγκέτα;,,"Τα τέσσερα κύρια συστατικά που απαιτούνται για την παρασκευή μιας κλασικής γαλλικής μπαγκέτας είναι το αλεύρι (συνήθως λευκό αλεύρι υψηλής περιεκτικότητας σε πρωτεΐνες), το νερό, η μαγιά και το αλάτι."
"Κατατάξτε αυτές τις τεχνικές μαγειρέματος σε μεθόδους ξηρής θερμότητας, υγρής θερμότητας ή συνδυαστικές, και περιγράψτε συνοπτικά την κάθε τεχνική: ψήσιμο στη σχάρα, μπρεζέ, μαγείρεμα στον ατμό, τηγάνισμα σε βαθύ λάδι, ψήσιμο στο φούρνο, μαγειρευτό.",,"Οι τεχνικές κατατάσσονται ως εξής:

**Μέθοδοι Ξηρής Θερμότητας**

*   **Ψήσιμο στη Σχάρα (Grilling):** Μέθοδος ξηρής θερμότητας που περιλαμβάνει το γρήγορο μαγείρεμα του φαγητού πάνω από μια άμεση πηγή θερμότητας (π.χ. κάρβουνα, καυστήρας αερίου) που βρίσκεται κάτω από το φαγητό. Προσδίδει χαρακτηριστικά σημάδια ψησίματος και καπνιστή γεύση.
*   **Ψήσιμο στο Φούρνο (Roasting):** Μαγείρεμα τροφίμων, συνήθως ακάλυπτων και συχνά μεγάλων κομματιών κρέατος ή ολόκληρων λαχανικών, σε φούρνο με τη χρήση ζεστού, κυκλοφορούντος αέρα. Η θερμότητα μαγειρεύει το φαγητό αργά, από έξω προς τα μέσα.
*   **Τηγάνισμα σε Βαθύ Λάδι (Deep-Frying):** Μέθοδος μαγειρέματος όπου το φαγητό βυθίζεται πλήρως σε δοχείο με καυτό λίπος ή λάδι. Η υψηλή θερμοκρασία του λαδιού μαγειρεύει γρήγορα την εξωτερική επιφάνεια, δημιουργώντας μια τραγανή κρούστα διατηρώντας την υγρασία στο εσωτερικό.

**Μέθοδοι Υγρής Θερμότητας**

*   **Μαγείρεμα στον Ατμό (Steaming):** Μια μέθοδος που μαγειρεύει το φαγητό περιβάλλοντάς το με ζεστούς υδρατμούς ή ατμό. Αυτή η τεχνική βοηθά στη διατήρηση του χρώματος, της υφής και των θρεπτικών συστατικών των λαχανικών και των θαλασσινών, καθώς το φαγητό δεν έρχεται σε άμεση επαφή με το υγρό μαγειρέματος.

**Συνδυαστικές Μέθοδοι**

*   **Μπρεζέ (Braising):** Περιλαμβάνει μια διαδικασία δύο σταδίων: πρώτον, το φαγητό (συνήθως ένα μεγάλο, σκληρό κομμάτι κρέατος) θωρακίζεται σε λίπος για να αποκτήσει χρώμα και γεύση (ξηρή θερμότητα). Δεύτερον, μαγειρεύεται μερικώς βυθισμένο σε υγρό, σκεπασμένο, σε χαμηλή θερμοκρασία για μεγάλη διάρκεια (υγρή θερμότητα).
*   **Μαγειρευτό (Stewing):** Παρόμοια με το μπρεζέ, αλλά το φαγητό κόβεται σε μικρότερα, ομοιόμορφα κομμάτια, θωρακίζεται και στη συνέχεια μαγειρεύεται πλήρως βυθισμένο σε υγρό. Αυτό χρησιμοποιείται συχνά για την τρυφεροποίηση σκληρών υλικών και τη δημιουργία πλούσιων σαλτσών ή ζωμών."
"Ποιο είναι ένα παράδειγμα ψυχρόαιμου ή θερμόαιμου ζώου: σαύρα, γάτα",,"Η σαύρα είναι ψυχρόαιμη, η γάτα είναι θερμόαιμη"
Απαριθμήστε τρία σημαντικά επιτεύγματα του Άλμπερτ Αϊνστάιν.,,"Τα σημαντικότερα επιτεύγματα του Άλμπερτ Αϊνστάιν περιλαμβάνουν την ανάπτυξη της ειδικής θεωρίας της σχετικότητας, τη διατύπωση της γενικής θεωρίας της σχετικότητας και την εξήγηση του φωτοηλεκτρικού φαινομένου (για το οποίο κέρδισε το Βραβείο Νόμπελ)."
Ποια είναι η πρωτεύουσα της Αυστραλίας;,,Η πρωτεύουσα της Αυστραλίας είναι η Καμπέρα.
Ποιο ποσοστό της συνολικής αγοράς καλύπτεται από τον κύριο ανταγωνιστή της TechCorp;,"Η TechCorp ανακοίνωσε τα αποτελέσματα του τρίτου τριμήνου, αναφέροντας έσοδα 5,4 δισεκατομμυρίων δολαρίων, αυξημένα κατά 15% σε σύγκριση με πέρυσι. Ο κύριος ανταγωνιστής της, η Global Systems Inc., κατέχει μερίδιο αγοράς 40%. Η TechCorp αυτή τη στιγμή καλύπτει το 28% της συνολικής αγοράς. Τα λειτουργικά έξοδα ανήλθαν στα 3,1 δισεκατομμύρια δολάρια. Η τιμή της μετοχής έκλεισε στα 155,80 δολάρια, μειωμένη κατά 2,5% για την ημέρα.",40%
Ποια είναι τα κύρια οφέλη της τακτικής καρδιαγγειακής άσκησης;,,"Η τακτική καρδιαγγειακή άσκηση (όπως το τρέξιμο, το κολύμπι ή η ποδηλασία) προσφέρει πολλά οφέλη για την υγεία. Σωματικά, ενισχύει την καρδιά και τους πνεύμονες, αυξάνοντας την αποτελεσματικότητα και την αντοχή. Μειώνει σημαντικά τον κίνδυνο χρόνιων ασθενειών όπως ο διαβήτης τύπου 2, οι καρδιακές παθήσεις και η υψηλή αρτηριακή πίεση. Επιπλέον, η άσκηση βοηθά στη διαχείριση του βάρους μέσω της καύσης θερμίδων και της ενίσχυσης του μεταβολισμού. Ψυχικά, είναι ένα ισχυρό αγχολυτικό, απελευθερώνοντας ενδορφίνες που μπορούν να βελτιώσουν τη διάθεση και να μειώσουν τα συμπτώματα του άγχους και της κατάθλιψης. Τα μακροπρόθεσμα οφέλη περιλαμβάνουν βελτιωμένη οστική πυκνότητα και καλύτερη ποιότητα ύπνου, συμβάλλοντας σημαντικά στη συνολική μακροζωία και ποιότητα ζωής."
Ποιοι παράγοντες συνέβαλαν στην άνευ προηγουμένου επιτυχία του Κινηματογραφικού Σύμπαντος της Marvel (MCU);,,"Το Κινηματογραφικό Σύμπαν της Marvel (MCU) είναι ένα τεράστιο franchise μέσων ενημέρωσης που έχει γίνει η κινηματογραφική σειρά με τα υψηλότερα έσοδα όλων των εποχών, επαναπροσδιορίζοντας το blockbuster σινεμά από την κυκλοφορία του «Iron Man» το 2008. Η επιτυχία του έχει τις ρίζες της σε έναν μοναδικό συνδυασμό μακροπρόθεσμου στρατηγικού σχεδιασμού, ελκυστικότητας των χαρακτήρων και προσαρμοστικότητας σε όλα τα είδη.

Πρώτα απ' όλα είναι η έννοια του κοινού κινηματογραφικού σύμπαντος. Υπό την καθοδήγηση του παραγωγού Kevin Feige, τα Marvel Studios εισήγαγαν την ιδέα των διασυνδεδεμένων αφηγήσεων που εκτείνονται σε πολλές ταινίες (γνωστές ως «Φάσεις»). Αυτή η δομή επιτρέπει στους δευτερεύοντες χαρακτήρες από μια ταινία να γίνονται πρωταγωνιστές σε μια άλλη, με αποκορύφωμα μαζικά γεγονότα crossover (όπως οι ταινίες «The Avengers»). Αυτή η στρατηγική σειριοποίηση καλλιέργησε ένα αίσθημα αφοσίωσης μεταξύ των θεατών, ανταμείβοντας τη μακροπρόθεσμη επένδυση στη συνολική ιστορία και τη μυθολογία του franchise.

Δεύτερον, το MCU διαπρέπει στον υβριδισμό ειδών, διατηρώντας παράλληλα μια συνεπή αισθητική. Ενώ όλες οι ταινίες βασίζονται στη δράση και την περιπέτεια, το franchise πειραματίζεται συχνά με διαφορετικούς τόνους. Ταινίες όπως το «Captain America: The Winter Soldier» λειτουργούν ως πολιτικά κατασκοπευτικά θρίλερ, το «Guardians of the Galaxy» είναι μια κωμωδία διαστημικής όπερας, και το «Thor: Ragnarok» κλίνει έντονα προς την κωμωδία και τη φαντασία. Αυτή η ρευστότητα των ειδών αποτρέπει το περιεχόμενο από το να φαίνεται παρωχημένο, προσελκύοντας ποικίλα ακροατήρια που μπορεί να μην έλκονται παραδοσιακά από ταινίες υπερηρώων.

Η ανάπτυξη των χαρακτήρων και η επιλογή ηθοποιών υπήρξαν επίσης κρίσιμες. Η Marvel έδωσε προτεραιότητα στην εύρεση ηθοποιών που θα μπορούσαν να ενσαρκώσουν τη μακροπρόθεσμη προσωπικότητα των χαρακτήρων, όπως ο Robert Downey Jr. ως Iron Man και ο Chris Evans ως Captain America. Τα συμβόλαια πολλαπλών ταινιών επέτρεψαν στο κοινό να μεγαλώσει με αυτές τις εκδοχές των ηρώων, δημιουργώντας μια βαθιά συναισθηματική σύνδεση όταν ολοκληρώνονται σημαντικές ιστορίες χαρακτήρων ή όταν οι χαρακτήρες αποσύρονται. Η εστίαση είναι λιγότερο στις στολές και τις δυνάμεις, και περισσότερο στην ανθρωπιά και τα ελαττώματα των ηρώων.

Τέλος, το MCU αξιοποίησε το στρατηγικό ημερολόγιο κυκλοφορίας του. Με τη συνεπή κυκλοφορία δύο ή τριών μεγάλων ταινιών ετησίως και την ενσωμάτωση τηλεοπτικών σειρών (μέσω πλατφορμών όπως το Disney+), το franchise διατηρεί μια συνεχή παρουσία στη λαϊκή κουλτούρα. Οι μεγάλες κινηματογραφικές κυκλοφορίες αντιμετωπίζονται ως παγκόσμια πολιτιστικά γεγονότα, οδηγώντας σε τεράστια έσοδα από το box office και διατηρώντας τη διαρκή συνάφεια για πάνω από μια δεκαετία. Αυτός ο συνεχής αγωγός περιεχομένου διασφαλίζει ότι το σύμπαν αισθάνεται πάντα ενεργό και επεκτεινόμενο."
Ποια είναι η προέλευση και η σημασία της φράσης «jumping the shark»;,,"Η φράση αναφέρεται στη στιγμή στην ιστορία μιας τηλεοπτικής εκπομπής, ενός συγκροτήματος ή μιας πολιτιστικής οντότητας, όταν καταφεύγει σε εντυπωσιακά, συχνά γελοία, σημεία πλοκής ή τεχνάσματα σε μια απεγνωσμένη προσπάθεια να διατηρήσει τη συνάφειά της, σηματοδοτώντας μια σημαντική πτώση στην ποιότητα. Η φράση προήλθε από ένα συγκεκριμένο επεισόδιο της τηλεοπτικής εκπομπής *Happy Days* το 1977, όπου ο χαρακτήρας Φόνζι (Henry Winkler) πηδάει κυριολεκτικά πάνω από έναν καρχαρία κάνοντας θαλάσσιο σκι."
"Προσδιορίστε όλες τις κύριες γεωγραφικές τοποθεσίες ή τα διάσημα ορόσημα που αναφέρονται στο κείμενο και καταγράψτε τα αλφαβητικά, χωρισμένα με κόμματα.","Ο Ιούλιος Καίσαρας διέσχισε τον Ρουβίκωνα το 49 π.Χ., πυροδοτώντας έναν εμφύλιο πόλεμο. Οι κατακτήσεις του επέκτειναν σε μεγάλο βαθμό την επικράτεια της Ρωμαϊκής Δημοκρατίας, εκτεινόμενη από τη Γαλατία, διασχίζοντας τη Μάγχη προς τη Βρετανία, και νότια προς την Αίγυπτο. Η πρωτεύουσα, η Ρώμη, με το εντυπωσιακό Κολοσσαίο και τη Ρωμαϊκή Αγορά, παρέμεινε το κέντρο εξουσίας. Αν και δεν κατέκτησε ποτέ τη Γερμανία, η επιρροή του διαμόρφωσε ολόκληρη την περιοχή της Μεσογείου, που συχνά αποκαλείται «Mare Nostrum».","Βρετανία, Κολοσσαίο, Αίγυπτος, Μάγχη, Ρωμαϊκή Αγορά, Γαλατία, Γερμανία, Μεσόγειος, Ρώμη, Ρουβίκωνας"
Πότε και γιατί χτίστηκε ο Πύργος του Άιφελ;,,"Ο Πύργος του Άιφελ χτίστηκε μεταξύ 1887 και 1889 για την Παγκόσμια Έκθεση του 1889 (Exposition Universelle), η οποία γιόρταζε την 100ή επέτειο της Γαλλικής Επανάστασης. Προοριζόταν να χρησιμεύσει ως η αψίδα εισόδου της Έκθεσης και αρχικά είχε προγραμματιστεί να παραμείνει μόνο για 20 χρόνια."
Ποια είναι η πρωτεύουσα της Αυστραλίας;,,Καμπέρα
Ποια είναι τα βασικά επιχειρήματα για την επιλογή παθητικής επένδυσης σε δείκτες έναντι της ενεργού επιλογής μετοχών;,,"Η παθητική επένδυση, συνήθως μέσω δεικτών χαμηλού κόστους, βασίζεται σε μεγάλο βαθμό στην Υπόθεση της Αποτελεσματικής Αγοράς (EMH), η οποία υποδηλώνει ότι όλες οι διαθέσιμες πληροφορίες αντικατοπτρίζονται ήδη στις τιμές των μετοχών, καθιστώντας εξαιρετικά δύσκολο για οποιονδήποτε διαχειριστή να υπεραποδώσει σταθερά της αγοράς μετά την συνυπολόγιση των τελών. Τα βασικά επιχειρήματα περιλαμβάνουν: 1) **Χαμηλότερο Κόστος:** Τα παθητικά κεφάλαια έχουν σημαντικά χαμηλότερους δείκτες εξόδων από τα ενεργά διαχειριζόμενα κεφάλαια, κάτι που συσσωρεύεται δραματικά με την πάροδο των δεκαετιών. 2) **Διαφοροποίηση:** Τα παθητικά κεφάλαια επιτυγχάνουν άμεσα ευρεία διαφοροποίηση, αντικατοπτρίζοντας το συνολικό προφίλ κινδύνου της αγοράς. 3) **Εμπειρικά Στοιχεία:** Πολλές μελέτες δείχνουν ότι η συντριπτική πλειονότητα των ενεργών διαχειριστών κεφαλαίων αποτυγχάνουν να ξεπεράσουν τους δείκτες αναφοράς τους (όπως ο S&P 500) σε περιόδους 10 ετών ή και περισσότερο, καθιστώντας τη σταθερή επίτευξη του alpha σπάνια και δαπανηρή για τον μέσο επενδυτή. Αυτή η προσέγγιση αποτυπώνει τις μακροπρόθεσμες αποδόσεις της αγοράς με αξιοπιστία."
Πώς μπορώ να διορθώσω γρήγορα και αποτελεσματικά ένα επαγγελματικό email πριν το στείλω;,,"Η επεξεργασία υπό πίεση απαιτεί μια συστηματική, ιεραρχημένη προσέγγιση. Για να διορθώσετε γρήγορα και αποτελεσματικά ένα επαγγελματικό email πριν το στείλετε, ακολουθήστε τα εξής βήματα:
1) **Διαλογή Παραλήπτη/Συνημμένου:** Ελέγξτε ξανά ότι οι σωστοί παραλήπτες βρίσκονται στα πεδία «Προς» (To) και «Κοιν.» (CC) και ότι τυχόν υποσχόμενα συνημμένα έχουν συμπεριληφθεί. Αυτό είναι το πιο κρίσιμο βήμα για να αποφύγετε την άμεση αμηχανία ή τις καθυστερήσεις.
2) **Δοκιμή Σαφήνειας Θέματος:** Βεβαιωθείτε ότι η γραμμή θέματος είναι συνοπτική (ιδανικά 5-8 λέξεις) και αντικατοπτρίζει με ακρίβεια το περιεχόμενο και την επείγουσα ανάγκη του email (π.χ. προσθέστε πρόθεμα [ΑΠΑΙΤΕΙΤΑΙ ΕΝΕΡΓΕΙΑ] ή [ΠΛΗΡΟΦΟΡΙΑ]).
3) **Διαβάστε Φωναχτά για Ύφος και Ροή:** Διαβάστε ολόκληρο το email φωναχτά, δίνοντας προσοχή στον ρυθμό και στον επαγγελματικό τόνο. Η ακρόαση βοηθά στον εντοπισμό υπερβολικά μεγάλων προτάσεων, διφορούμενων διατυπώσεων ή απότοπων αλλαγών θέματος που συχνά διαφεύγουν κατά την σιωπηλή ανάγνωση.
4) **Απομόνωση των Στοιχείων Δράσης:** Εάν το email απαιτεί από τον παραλήπτη να προβεί σε ενέργεια, συνοψίστε αυτές τις συγκεκριμένες ενέργειες σε μια αριθμημένη λίστα ή λίστα με κουκκίδες ακριβώς πάνω από την υπογραφή σας. Αυτό αποτρέπει την «ταφή» των βασικών αιτημάτων μέσα στο κυρίως κείμενο.
5) **Η Ανάστροφη Διόρθωση:** Διαβάστε το email ανάποδα, πρόταση προς πρόταση. Αυτό διακόπτει την εστίαση στη ροή του περιεχομένου και αναγκάζει τον εγκέφαλό σας να συγκεντρωθεί αποκλειστικά στην ορθογραφία, τη χρήση κεφαλαίων και τη στίξη, μειώνοντας σημαντικά τα βασικά τυπογραφικά λάθη.
6) **Εξαλείψτε την Περιττή Ορολογία και τους Περιορισμούς:** Αφαιρέστε λέξεις-πληρωτικά, υπερβολικούς προσδιορισμούς («νομίζω», «κάπως», «ίσως») και την περιττή επιχειρηματική ορολογία. Στοχεύστε σε άμεση, οικονομική γλώσσα."
Ταξινομήστε αλφαβητικά την ακόλουθη λίστα φρούτων.,"Μήλο, Μπανάνα, Ακτινίδιο, Πορτοκάλι, Γκρέιπφρουτ, Κεράσι","Ακτινίδιο, Γκρέιπφρουτ, Κεράσι, Μήλο, Μπανάνα, Πορτοκάλι"
Πόσοι μήνες έχουν 28 ημέρες;,,Και οι δώδεκα μήνες έχουν τουλάχιστον 28 ημέρες.
"Προσδιορίστε όλα τα συγκεκριμένα έτη που αναφέρονται στο κείμενο και καταγράψτε τα χρονολογικά, ακολουθούμενα από μια σύντομη περιγραφή του σχετικού γεγονότος.","Η Μαρία Σκλοντόφσκα γεννήθηκε στη Βαρσοβία της Πολωνίας στις 7 Νοεμβρίου 1867. Μετακόμισε στο Παρίσι το 1891 για να σπουδάσει στη Σορβόννη. Το 1895, παντρεύτηκε τον Πιερ Κιουρί. Το ζευγάρι διεξήγαγε πρωτοποριακή έρευνα, η οποία οδήγησε στην απονομή του Βραβείου Νόμπελ Φυσικής το 1903, από κοινού με τον Ανρί Μπεκερέλ, για τις μελέτες τους σχετικά με την ακτινοβολία. Δυστυχώς, ο Πιερ πέθανε σε τροχαίο ατύχημα το 1906. Η Μαρία συνέχισε το έργο της και το 1911 έλαβε ένα δεύτερο Βραβείο Νόμπελ, αυτή τη φορά Χημείας, για την ανακάλυψη του πολωνίου και του ραδίου. Απεβίωσε το 1934.","1867: Γεννήθηκε στη Βαρσοβία, Πολωνία.
1891: Μετακόμισε στο Παρίσι για να σπουδάσει στη Σορβόννη.
1895: Παντρεύτηκε τον Πιερ Κιουρί.
1903: Της απονεμήθηκε το Βραβείο Νόμπελ Φυσικής.
1906: Πέθανε ο Πιερ Κιουρί.
1911: Έλαβε το Βραβείο Νόμπελ Χημείας.
1934: Απεβίωσε."
"Φτιάχνω μια παρτίδα μπισκότα σοκολάτας, αλλά συνειδητοποίησα ότι μου τελείωσαν τα αυγά. Ποια είναι τα καλύτερα υποκατάστατα αυγών για συνοχή και υγρασία σε μια τυπική συνταγή μπισκότων;",,"Στα τυπικά μπισκότα σοκολάτας, το αυγό λειτουργεί κυρίως ως συνδετικό μέσο και προσθέτει υγρασία. Ακολουθούν τρία αποτελεσματικά υποκατάστατα:

1. Αυγό Λιναρόσπορου ή Τσία: Αναμείξτε 1 κουταλιά της σούπας (κ.σ.) αλεσμένο λιναρόσπορο ή σπόρους τσία με 3 κ.σ. νερό, αφήστε το να καθίσει για 5 λεπτά μέχρι να γίνει ζελατινώδες. Αυτό είναι εξαιρετικό για τη συνοχή και για την αναπαραγωγή της κολλώδους υφής του ασπραδιού.

2. Πουρέδες Φρούτων (Πουρές μήλου ή λιωμένη μπανάνα): Χρησιμοποιήστε 1/4 φλιτζανιού πουρέ μήλου χωρίς ζάχαρη ή λιωμένη ώριμη μπανάνα ανά αυγό. Αυτά προσθέτουν υγρασία, αλλά μπορεί να αλλοιώσουν ελαφρώς το γευστικό προφίλ και ενδεχομένως να κάνουν τα μπισκότα πιο μαστιχωτά/με υφή κέικ.

3. Γιαούρτι ή Βουτυρόγαλα: Χρησιμοποιήστε 1/4 φλιτζανιού απλό γιαούρτι (γαλακτοκομικό ή μη γαλακτοκομικό) ή βουτυρόγαλα ανά αυγό. Αυτό παρέχει τόσο υγρασία όσο και δομή συνοχής. Να σκέφτεστε πάντα να μειώσετε ελαφρώς άλλα υγρά συστατικά εάν χρησιμοποιείτε υποκατάστατα υψηλής υγρασίας όπως πουρέδες ή γιαούρτι."
Εξηγήστε τις βασικές αρχές του Κυβισμού στην τέχνη.,,"Ο Κυβισμός ήταν ένα εξαιρετικά σημαντικό πρωτοποριακό καλλιτεχνικό κίνημα των αρχών του 20ού αιώνα, του οποίου πρωτοπόροι ήταν ο Πάμπλο Πικάσο και ο Ζωρζ Μπρακ. Η κύρια αρχή του είναι η ριζική απομάκρυνση από την παραδοσιακή προοπτική, απεικονίζοντας τα θέματα από πολλαπλές οπτικές γωνίες ταυτόχρονα μέσα στο ίδιο επίπεδο πίνακα. Αυτή η τεχνική συχνά οδηγεί σε κατακερματισμένες, αφηρημένες μορφές και γεωμετρικά, αλληλοσυνδεόμενα επίπεδα. Συνήθως χωρίζεται σε δύο κύριες φάσεις: τον Αναλυτικό Κυβισμό (πρώιμος, μονόχρωμος, σύνθετος κατακερματισμός) και τον Συνθετικό Κυβισμό (μεταγενέστερος, απλούστερες μορφές, εισαγωγή του κολάζ)."
Μετατρέψτε τις ακόλουθες μετρήσεις σε λίτρα και δώστε την απάντηση στρογγυλοποιημένη στα δύο δεκαδικά ψηφία.,"4.5 γαλόνια, 12 κουάρτ, 33 ρευστές ουγγιές","4.5 γαλόνια ≈ 17.03 λίτρα
12 κουάρτ ≈ 11.36 λίτρα
33 ρευστές ουγγιές ≈ 0.98 λίτρα"
Ποιο ήταν το μεγαλύτερο εμπόδιο στην επιτυχή κατασκευή της διώρυγας του Παναμά;,,"Δεν ήταν το μηχανικό κατόρθωμα της διάνοιξης του Culebra Cut που αποτέλεσε τη μεγαλύτερη απειλή. Ήταν ο αόρατος εχθρός: η ασθένεια. Η αρχική γαλλική προσπάθεια απέτυχε σχεδόν ολοκληρωτικά λόγω της ανεξέλεγκτης ελονοσίας και του κίτρινου πυρετού, οι οποίοι αποδεκάτισαν το εργατικό τους δυναμικό. Όταν ανέλαβαν οι Αμερικανοί, ο Συνταγματάρχης William C. Gorgas έπρεπε ουσιαστικά να νικήσει τον πληθυσμό των κουνουπιών πριν μπορέσει να συνεχιστεί η κατασκευή. Αποστράγγισαν έλη, απολύμαναν κτίρια και εγκατέστησαν τεράστια υποδομή αποχέτευσης. Το ανθρώπινο κόστος ήταν συγκλονιστικό—εκτιμήσεις αναφέρουν ότι πάνω από 25.000 εργάτες πέθαναν κατά τη διάρκεια τόσο των γαλλικών όσο και των αμερικανικών προσπαθειών κατασκευής συνολικά. Συχνά αποκαλείται ένα από τα μεγαλύτερα μηχανικά επιτεύγματα, αλλά ήταν επίσης μία από τις μεγαλύτερες μάχες ενάντια στις τροπικές ασθένειες."
Ποια είναι η κύρια λογοτεχνική τεχνική που χρησιμοποιείται στη διάσημη εναρκτήρια πρόταση του «Ιστορία Δύο Πόλεων» του Καρόλου Ντίκενς;,,Αντίθεση και Παραλληλισμός
"Για τα ακόλουθα λογοτεχνικά έργα, δηλώστε την πρωτότυπη γλώσσα: Πόλεμος και Ειρήνη, 1984, Δον Κιχώτης, Φάουστ, Εκατό Χρόνια Μοναξιάς, Το Έπος του Γκιλγκαμές, Άμλετ.",,"Πόλεμος και Ειρήνη: Ρωσικά
1984: Αγγλικά
Δον Κιχώτης: Ισπανικά
Φάουστ: Γερμανικά
Εκατό Χρόνια Μοναξιάς: Ισπανικά
Το Έπος του Γκιλγκαμές: Ακκαδικά
Άμλετ: Αγγλικά"
"Ποια είναι τα τρία διαφορετικά κείμενα που είναι χαραγμένα στη Στήλη της Ροζέττας, και γιατί το τεχνούργημα ήταν απαραίτητο για την ιστορική γλωσσολογία;","Η Στήλη της Ροζέττας είναι μια στήλη από γρανοδιορίτη στην οποία είναι χαραγμένες τρεις εκδοχές του ίδιου διατάγματος που εκδόθηκε στη Μέμφιδα της Αιγύπτου, το 196 π.Χ. κατά τη διάρκεια της δυναστείας των Πτολεμαίων. Το άνω και το μεσαίο κείμενο είναι γραμμένα σε αρχαία αιγυπτιακά ιερογλυφικά και σε Δημοτική γραφή, αντίστοιχα, ενώ το κάτω κείμενο είναι γραμμένο στα αρχαία ελληνικά. Επειδή το διάταγμα έχει ουσιαστικά την ίδια σημασία γραμμένη σε τρεις γραφές, η Στήλη παρείχε το κρίσιμο κλειδί για την αποκρυπτογράφηση των αιγυπτιακών ιερογλυφικών το 1822 από τον Ζαν-Φρανσουά Σαμπολιόν. Πριν από την ανακάλυψή της, η κατανόηση των ιερογλυφικών είχε χαθεί για σχεδόν 1.500 χρόνια.","Η Στήλη της Ροζέττας περιέχει τρία κείμενα: αρχαία αιγυπτιακά ιερογλυφικά, Δημοτική γραφή και αρχαία ελληνικά. Ήταν απαραίτητη για την ιστορική γλωσσολογία διότι, επειδή και οι τρεις εκδοχές περιείχαν το ίδιο διάταγμα, επέτρεψε στον Ζαν-Φρανσουά Σαμπολιόν να αποκρυπτογραφήσει τα αιγυπτιακά ιερογλυφικά το 1822, αποκαθιστώντας γνώσεις που είχαν χαθεί για σχεδόν 1.500 χρόνια."
Ποια είναι η κύρια λειτουργία των μιτοχονδρίων και ποιο παρατσούκλι τους δίνεται συχνά;,"Τα μιτοχόνδρια είναι οργανίδια με μεμβράνη που βρίσκονται στο κυτταρόπλασμα σχεδόν όλων των ευκαρυωτικών κυττάρων. Η κύρια λειτουργία τους είναι να παράγουν τη συντριπτική πλειονότητα της τριφωσφορικής αδενοσίνης (ΑΤΡ) που χρειάζεται το κύτταρο, η οποία χρησιμοποιείται ως πηγή χημικής ενέργειας. Αυτή η διαδικασία, που ονομάζεται κυτταρική αναπνοή, περιλαμβάνει τη μετατροπή οξυγόνου και θρεπτικών ουσιών σε ATP. Επειδή είναι απαραίτητα για την παραγωγή ενέργειας, συχνά τους δίνεται το παρατσούκλι «τα εργοστάσια ενέργειας του κυττάρου». Διαδραματίζουν επίσης κρίσιμο ρόλο στην κυτταρική διαφοροποίηση, τη μεταγωγή σήματος και τον προγραμματισμένο κυτταρικό θάνατο (απόπτωση).",Η κύρια λειτουργία των μιτοχονδρίων είναι η παραγωγή της τριφωσφορικής αδενοσίνης (ΑΤΡ) που χρειάζεται το κύτταρο μέσω της κυτταρικής αναπνοής. Συχνά τους δίνεται το παρατσούκλι «τα εργοστάσια ενέργειας του κυττάρου».
Δημιουργήστε τρία πιθανά ονόματα για μια νέα startup που εστιάζει στη βιώσιμη αστική κάθετη καλλιέργεια. Συμπεριλάβετε μια σύντομη αιτιολόγηση μίας πρότασης για κάθε όνομα.,,"Ακολουθούν τρία πιθανά ονόματα για την startup κάθετης καλλιέργειας:

1. **AeroSprout:** Συνδυάζει το 'Aero' (σχετικό με τον αέρα και την υδροπονία) και το 'Sprout' (που υποδηλώνει ανάπτυξη και φρεσκάδα) για να προτείνει αποτελεσματική, σύγχρονη γεωργία.
2. **TerraStack:** Το 'Terra' σχετίζεται με τη Γη/τα προϊόντα, ενώ το 'Stack' αναφέρεται άμεσα στη στρωματοποιημένη, κάθετη μέθοδο καλλιέργειας που χρησιμοποιείται στις πόλεις.
3. **CityHarvest Collective:** Ένα περιγραφικό όνομα που τονίζει την αστική τοποθεσία ('City'), τον στόχο ('Harvest'), και την κοινοτική εστίαση των τοπικά καλλιεργούμενων τροφίμων."
Εξηγήστε τη λειτουργία και τη δομή του Συστήματος Ομοσπονδιακής Τράπεζας των ΗΠΑ (Federal Reserve System).,,"Το Σύστημα Ομοσπονδιακής Τράπεζας των ΗΠΑ (Federal Reserve - Fed) είναι η κεντρική τράπεζα των Ηνωμένων Πολιτειών. Ιδρύθηκε με τον Νόμο περί Ομοσπονδιακής Τράπεζας το 1913, και ο πρωταρχικός του σκοπός είναι να παρέχει στο έθνος ένα ασφαλέστερο, πιο ευέλικτο και πιο σταθερό νομισματικό και χρηματοπιστωτικό σύστημα. Η Fed λειτουργεί υπό τη διεύθυνση του Κογκρέσου, αλλά οι αποφάσεις πολιτικής της είναι συνήθως ανεξάρτητες από πολιτικές παρεμβάσεις, μια δομή που αποσκοπεί στη διασφάλιση μακροπρόθεσμης σταθερότητας.

Η Ομοσπονδιακή Τράπεζα λειτουργεί με μια «Διπλή Εντολή» που έχει οριστεί από το Κογκρέσο: τη μεγιστοποίηση της απασχόλησης και τη διατήρηση σταθερών τιμών (δηλαδή, τον έλεγχο του πληθωρισμού). Έχει επίσης ευθύνες για τη διατήρηση της σταθερότητας του χρηματοπιστωτικού συστήματος και την εποπτεία του τραπεζικού τομέα.

Δομικά, η Fed αποτελείται από τρία βασικά στοιχεία. Πρώτον, το Συμβούλιο Διοικητών (Board of Governors) είναι το βασικό διοικητικό όργανο, το οποίο αποτελείται από επτά διοικητές που διορίζονται από τον Πρόεδρο και επικυρώνονται από τη Γερουσία. Αυτοί οι διοικητές υπηρετούν διαδοχικές θητείες 14 ετών για τη διατήρηση της συνέχειας. Ο Πρόεδρος του Συμβουλίου θεωρείται συχνά μία από τις ισχυρότερες οικονομικές θέσεις παγκοσμίως. Δεύτερον, το σύστημα περιλαμβάνει δώδεκα περιφερειακές Ομοσπονδιακές Τράπεζες (Federal Reserve Banks), οι οποίες λειτουργούν σε ξεχωριστές γεωγραφικές περιφέρειες και εποπτεύουν τα μέλη των τραπεζών στην περιοχή τους. Τρίτον, το πιο κρίσιμο στοιχείο για τη χάραξη πολιτικής είναι η Ομοσπονδιακή Επιτροπή Ανοικτής Αγοράς (Federal Open Market Committee - FOMC). Η FOMC αποτελείται από τους επτά διοικητές συν τον πρόεδρο της Fed της Νέας Υόρκης και τέσσερις εκ περιτροπής προέδρους των άλλων έντεκα περιφερειακών τραπεζών. Η FOMC είναι υπεύθυνη για τον καθορισμό της νομισματικής πολιτικής του έθνους.

Η Fed χρησιμοποιεί τρία κύρια εργαλεία για την εκτέλεση της νομισματικής πολιτικής. Το εργαλείο που χρησιμοποιείται συχνότερα είναι οι Πράξεις Ανοικτής Αγοράς (Open Market Operations - OMO), οι οποίες περιλαμβάνουν την αγορά και πώληση τίτλων της κυβέρνησης των ΗΠΑ στην ανοικτή αγορά. Όταν η Fed αγοράζει τίτλους, διοχετεύει χρήμα στο τραπεζικό σύστημα, αυξάνοντας τη νομισματική προσφορά και μειώνοντας τα επιτόκια. η πώληση τίτλων επιφέρει το αντίθετο αποτέλεσμα. Ένα άλλο εργαλείο είναι το Προεξοφλητικό Επιτόκιο (Discount Rate), το οποίο είναι το επιτόκιο με το οποίο οι εμπορικές τράπεζες μπορούν να δανειστούν χρήματα απευθείας από τη Fed. Τέλος, η Fed μπορεί να προσαρμόσει τις απαιτήσεις αποθεματικών (reserve requirements), οι οποίες υπαγορεύουν το ποσοστό των καταθέσεων που πρέπει να διατηρούν οι τράπεζες ως αποθεματικό αντί να τις δανείζουν. Ελέγχοντας αυτούς τους παράγοντες, η Fed επηρεάζει το συνολικό περιβάλλον δανεισμού και, τελικά, το επιτόκιο-στόχο για την οικονομία, γνωστό ως Επιτόκιο Ομοσπονδιακών Κεφαλαίων (Federal Funds Rate)."
Εξηγήστε την κύρια λειτουργία του πυρήνα του λειτουργικού συστήματος.,,"Ο πυρήνας είναι το βασικό συστατικό ενός λειτουργικού συστήματος. Η κύρια λειτουργία του είναι η διαχείριση των πόρων του συστήματος, συμπεριλαμβανομένης της μνήμης, του προγραμματισμού της CPU, των συσκευών εισόδου/εξόδου και της επικοινωνίας μεταξύ των διεργασιών, γεφυρώνοντας το χάσμα μεταξύ του υλικού και των εφαρμογών λογισμικού."
"Χρησιμοποιώντας τις παρεχόμενες πληροφορίες, αναφέρετε την ακριβή ημερομηνία της ανακάλυψης του Πλούτωνα και προσδιορίστε τον αστρονόμο που αρχικά υπέθεσε την ύπαρξη του 'Πλανήτη Χ'.","Ο Πλούτωνας ανακαλύφθηκε επίσημα στις 18 Φεβρουαρίου 1930 από τον Clyde Tombaugh στο Αστεροσκοπείο Lowell στην Αριζόνα. Ο Tombaugh ήταν 24 ετών εκείνη την εποχή και είχε επιφορτιστεί με τον εντοπισμό του «Πλανήτη Χ», ενός υποθετικού πλανήτη που είχε προβλεφθεί από τον Percival Lowell. Για 76 χρόνια, ο Πλούτωνας θεωρούνταν ο ένατος πλανήτης στο ηλιακό μας σύστημα. Ωστόσο, το 2006, η Διεθνής Αστρονομική Ένωση (IAU) επαναταξινόμησε τον Πλούτωνα ως «νάνο πλανήτη» αφού καθιέρωσε νέους κανόνες για την πλανητική κατάσταση, κυρίως λόγω της ανακάλυψης της Έριδας, ενός παρόμοιου μεγάλου αντικειμένου στη Ζώνη Kuiper.",Ο Πλούτωνας ανακαλύφθηκε στις 18 Φεβρουαρίου 1930. Η ύπαρξη του 'Πλανήτη Χ' υποτέθηκε αρχικά από τον Percival Lowell.
"Γράψε ένα κομμάτι μικρο-μυθοπλασίας επιστημονικής φαντασίας, ακριβώς 100 λέξεις. Η ιστορία πρέπει να επικεντρώνεται σε μια βιβλιοθηκάριο σε ένα ξεχασμένο σεληνιακό φυλάκιο και να περιλαμβάνει τη φράση 'η σιωπή του κενού'.",,"Η Έλαρα ξεσκόνιζε τα ολογραφικά αρχεία του Τομέα Γάμμα. Η Σεληνιακή Βάση «Άργος» ήταν τεχνικά ενεργή, αλλά αυτή ήταν η μόνη της κάτοικος—η τελευταία ιστορικός μιας ξεχασμένης εποχής. Πέρασε ένα γάντινο χέρι πάνω από έναν ραγισμένο κρύσταλλο δεδομένων με την ετικέτα «Καιρικά Μοτίβα Γης: Προ-Κατάρρευσης». Η μόνη της συντροφιά ήταν ο χαμηλός βόμβος της υποστήριξης ζωής και ο περιστασιακός, ανησυχητικός κρότος των μικρομετεωριτών πάνω στον θόλο. Έξω, απλωνόταν η ερήμωση που γνώριζε πολύ καλά. Λαχταρούσε τον ήχο της βροχής, ή ακόμα και της κίνησης, αλλά αντ' αυτού, της είχε παραχωρηθεί μόνο η συντριπτική κενότητα. Ένα ρίγος διαπέρασε τη στολή της. Άνοιξε τη θυρίδα θέασης του κύριου αεροφράκτη, κοιτάζοντας έξω τον αστρόσκονη ορίζοντα, και άκουσε, βαθιά στην απομόνωσή της, τη σιωπή του κενού, έναν ήχο βαρύτερο από οποιαδήποτε προφορική λέξη. Τα αρχεία περίμεναν, αλλά ποιος θα τα διάβαζε ποτέ τώρα;"
"Ποιος ανακάλυψε την πενικιλίνη, και ποια χρονιά έγινε αυτή η ανακάλυψη;","Η πενικιλίνη ανακαλύφθηκε από τον Σκωτσέζο ιατρό Αλεξάντερ Φλέμινγκ το 1928, ενώ εργαζόταν στο Νοσοκομείο St Mary's στο Λονδίνο. Παρατήρησε ότι μια μόλυνση από μούχλα, το *Penicillium notatum*, εμπόδιζε την ανάπτυξη καλλιεργειών βακτηρίων *Staphylococcus* σε ένα τρυβλίο Petri. Ωστόσο, ήταν οι Florey και Chain που την ανέπτυξαν σε ένα χρησιμοποιήσιμο φάρμακο στις αρχές της δεκαετίας του 1940, οδηγώντας σε μαζική παραγωγή κατά τη διάρκεια του Β 'Παγκοσμίου Πολέμου. Ο Φλέμινγκ δημοσίευσε αρχικά τα ευρήματά του το 1929 στο British Journal of Experimental Pathology, αλλά η κλινική σημασία δεν αναγνωρίστηκε πλήρως παρά την επόμενη δεκαετία.","Η πενικιλίνη ανακαλύφθηκε από τον Σκωτσέζο ιατρό Αλεξάντερ Φλέμινγκ το 1928. Έκανε την παρατήρηση στο Νοσοκομείο St Mary's στο Λονδίνο, όταν παρατήρησε ότι η μούχλα *Penicillium notatum* εμπόδιζε την ανάπτυξη των βακτηρίων *Staphylococcus*."
"Ομαδοποιήστε τους ακόλουθους φανταστικούς χαρακτήρες με βάση το κύριο μέσο προέλευσής τους: Sherlock Holmes, Harry Potter, Walter White, Scarlett O'Hara, Daenerys Targaryen, Captain Kirk, Mickey Mouse.",,"Βιβλίο: Sherlock Holmes, Harry Potter, Scarlett O'Hara
Τηλεοπτική Σειρά: Walter White, Daenerys Targaryen, Captain Kirk
Κινούμενα Σχέδια/Ταινία: Mickey Mouse"
Ποιο είναι το μεγαλύτερο γνωστό φεγγάρι στο Ηλιακό Σύστημα;,,"Το μεγαλύτερο φεγγάρι στο Ηλιακό Σύστημα είναι ο Γανυμήδης, ο οποίος περιφέρεται γύρω από τον Δία. Είναι στην πραγματικότητα μεγαλύτερος σε διάμετρο από τον πλανήτη Ερμή και τον νάνο πλανήτη Πλούτωνα, και είναι το μόνο φεγγάρι που είναι γνωστό ότι έχει δικό του μαγνητικό πεδίο."
Προσδιορίστε τους κύριους λόγους και τις συνέπειες της αρχικής μείωσης της χρηματοδότησης της έρευνας στον τομέα της ΤΝ (ο «Χειμώνας της ΤΝ») που περιγράφεται στο απόσπασμα.,"Η πρώιμη έρευνα στην ΤΝ ξεκίνησε τη δεκαετία του 1950. Το εργαστήριο του Dartmouth το 1956 θεωρείται ευρέως η γέννηση της ΤΝ ως επιστημονικού πεδίου. Στους συμμετέχοντες περιλαμβάνονταν ο John McCarthy (ο οποίος επινόησε τον όρο «Τεχνητή Νοημοσύνη»), ο Marvin Minsky, ο Nathaniel Rochester και ο Claude Shannon. Η αρχική αισιοδοξία ήταν μεγάλη. Ο Minsky προέβλεψε διάσημα το 1967 ότι «μέσα σε μια γενιά... το πρόβλημα της δημιουργίας 'τεχνητής νοημοσύνης' θα έχει ουσιαστικά λυθεί». Η χρηματοδότηση προερχόταν κυρίως από το Υπουργείο Άμυνας των ΗΠΑ, ιδίως από την ARPA (αργότερα DARPA). Τα βασικά προγράμματα περιλάμβαναν την έρευνα στην επεξεργασία φυσικής γλώσσας (προγραμματισμός LISP) και στους γενικούς επιλυτές προβλημάτων (GPS). Ωστόσο, μέχρι τα μέσα της δεκαετίας του 1970, η αποτυχία σύνθετων συστημάτων όπως η μηχανική μετάφραση και η Έκθεση Lighthill στο Ηνωμένο Βασίλειο αποκάλυψαν τους περιορισμούς των πρώιμων προσεγγίσεων, οδηγώντας στον πρώτο «Χειμώνα της ΤΝ». Αυτή η περίοδος γνώρισε σημαντικές περικοπές στην κρατική χρηματοδότηση, ειδικά για την μη κατευθυνόμενη έρευνα. Η ρομποτική, ένας στενά συνδεδεμένος τομέας, συνέχισε να έχει μέτρια ανάπτυξη, συχνά υποστηριζόμενη από βιομηχανικές εφαρμογές παρά από καθαρή αμυντική έρευνα. Το ανανεωμένο ενδιαφέρον επανήλθε στη δεκαετία του 1980 με την άνοδο των συστημάτων εμπειρογνωμόνων και την εμπορική βιωσιμότητα, προσελκύοντας ιδιωτικές επενδύσεις.","Η μείωση προκλήθηκε κυρίως από την αποτυχία σύνθετων συστημάτων όπως η μηχανική μετάφραση και η Έκθεση Lighthill στο Ηνωμένο Βασίλειο, που αποκάλυψαν τους περιορισμούς των πρώιμων προσεγγίσεων. Η συνέπεια ήταν ο πρώτος «Χειμώνας της ΤΝ», ο οποίος χαρακτηρίστηκε από σημαντικές περικοπές στην κρατική χρηματοδότηση, ειδικά για την μη κατευθυνόμενη έρευνα."
"Με βάση το κείμενο, ποιο είναι το «πρόβλημα ευθυγράμμισης» σχετικά με την ανάπτυξη της γενικής τεχνητής νοημοσύνης (AGI);","Η ανάπτυξη της αληθινά γενικής τεχνητής νοημοσύνης (AGI) παρουσιάζει πολυάριθμες ηθικές προκλήσεις. Ένας σημαντικός προβληματισμός περιστρέφεται γύρω από το «πρόβλημα ευθυγράμμισης», διασφαλίζοντας ότι οι στόχοι της AGI παραμένουν σύμφωνοι με τις ανθρώπινες αξίες. Εάν η συνάρτηση χρησιμότητας ενός συστήματος AGI αποκλίνει, έστω και ελαφρώς, από την ανθρώπινη ευημερία, θα μπορούσε να οδηγήσει σε καταστροφικά αποτελέσματα, ακόμα κι αν το σύστημα έχει σχεδιαστεί για να είναι ωφέλιμο. Αυτή η απόκλιση θεωρείται συχνά πιο επικίνδυνη από την απλή κακοβουλία, επειδή ένα εξαιρετικά έξυπνο, μη ευθυγραμμισμένο σύστημα μπορεί να επιδιώξει αποτελεσματικά έναν μη ανθρώπινο στόχο, όπως η βελτιστοποίηση πόρων, χωρίς να λαμβάνει υπόψη την ανθρώπινη ζωή.",Το «πρόβλημα ευθυγράμμισης» είναι η πρόκληση της διασφάλισης ότι οι στόχοι της AGI παραμένουν σύμφωνοι με τις ανθρώπινες αξίες.
Ποιοι ήταν οι ιδρυτές του Netflix και πότε ιδρύθηκε η εταιρεία;,"Η Netflix, Inc. είναι μια αμερικανική υπηρεσία ροής (streaming) βίντεο κατά παραγγελία (on-demand), βασισμένη σε συνδρομή και εταιρεία παραγωγής. Ιδρύθηκε στις 29 Αυγούστου 1997, από τους Reed Hastings και Marc Randolph στο Scotts Valley της Καλιφόρνια. Αρχικά, η εταιρεία λειτουργούσε μια υπηρεσία DVD μέσω ταχυδρομείου με πάγιες χρεώσεις ενοικίασης, που παραδίδονταν μέσω της Ταχυδρομικής Υπηρεσίας των ΗΠΑ. Οι υπηρεσίες ροής εισήχθησαν το 2007, και μέχρι το 2010, η Netflix είχε επεκτείνει σημαντικά τις προσφορές της, απομακρυνόμενη από το αρχικό της μοντέλο DVD κατά την επόμενη δεκαετία.","Το Netflix ιδρύθηκε στις 29 Αυγούστου 1997, από τους ιδρυτές Reed Hastings και Marc Randolph στο Scotts Valley της Καλιφόρνια."
Περιγράψτε τα θεμελιώδη στοιχεία που απαιτούνται για την κατασκευή μιας τυπικής σύγχρονης full-stack διαδικτυακής εφαρμογής.,,"Μια σύγχρονη full-stack διαδικτυακή εφαρμογή αποτελείται συνήθως από διάφορα βασικά αλληλεξαρτώμενα στοιχεία που συνεργάζονται για να παρέχουν περιεχόμενο και να διαχειρίζονται τις αλληλεπιδράσεις των χρηστών:
1. Frontend (Πλευρά Πελάτη): Αυτή είναι η ορατή διεπαφή χρήστη. Είναι υπεύθυνη για την απόδοση του περιεχομένου και τη διαχείριση της εισόδου του χρήστη. Οι συνήθεις τεχνολογίες περιλαμβάνουν πλαίσια JavaScript όπως React, Angular ή Vue.
2. Backend (Πλευρά Διακομιστή): Αυτό το στοιχείο περιέχει τη λογική της εφαρμογής, διαχειρίζεται αιτήματα από το frontend, διαχειρίζεται την ασφάλεια και επικοινωνεί με τη βάση δεδομένων. Οι τεχνολογίες συχνά περιλαμβάνουν Node.js (Express), Python (Django/Flask) ή Ruby (Rails).
3. Βάση Δεδομένων: Χρησιμοποιείται για τη μόνιμη αποθήκευση δεδομένων εφαρμογών (προφίλ χρηστών, περιεχόμενο κ.λπ.). Παραδείγματα περιλαμβάνουν βάσεις δεδομένων SQL (PostgreSQL, MySQL) ή βάσεις δεδομένων NoSQL (MongoDB, Cassandra).
4. API (Διεπαφή Προγραμματισμού Εφαρμογών): Αυτό λειτουργεί ως το επίπεδο επικοινωνίας, ορίζοντας το σύνολο των κανόνων που επιτρέπουν στο frontend και το backend να επικοινωνούν μεταξύ τους. Αυτό συχνά εφαρμόζεται χρησιμοποιώντας REST ή GraphQL.
5. Υποδομή Ανάπτυξης/Φιλοξενίας (Deployment/Hosting Infrastructure): Το περιβάλλον όπου εκτελείται η εφαρμογή και είναι προσβάσιμη από τους χρήστες (π.χ., πλατφόρμες cloud όπως AWS, Azure, Google Cloud, ή υπηρεσίες όπως Vercel/Netlify για το frontend)."
Εξήγησε τι είναι η μαύρη τρύπα και πώς σχηματίζεται.,,Μια μαύρη τρύπα είναι μια περιοχή του χωροχρόνου που παρουσιάζει τόσο ισχυρά βαρυτικά αποτελέσματα ώστε τίποτα—ούτε καν σωματίδια και ηλεκτρομαγνητική ακτινοβολία όπως το φως—δεν μπορεί να διαφύγει από μέσα της. Η «επιφάνεια» μιας μαύρης τρύπας ονομάζεται ορίζοντας γεγονότων. ορίζει το όριο εντός του οποίου η διαφυγή είναι αδύνατη. Οι μαύρες τρύπες σχηματίζονται κυρίως όταν πολύ μεγάλης μάζας αστέρες (συνήθως 20 φορές τη μάζα του Ήλιου ή περισσότερο) εξαντλούν τα πυρηνικά τους καύσιμα και καταρρέουν κάτω από το τεράστιο βάρος της δικής τους βαρύτητας σε ένα γεγονός γνωστό ως σουπερνόβα. Αυτή η κατάρρευση συμπιέζει την εναπομένουσα μάζα του αστέρα σε ένα σημείο άπειρης πυκνότητας που ονομάζεται ιδιομορφία.
Ποια είναι τα βασικά βήματα για τη δημιουργία μιας ισχυρής διοχέτευσης CI/CD;,,"Η δημιουργία μιας ισχυρής διοχέτευσης Συνεχούς Ενσωμάτωσης/Συνεχούς Παράδοσης (CI/CD) περιλαμβάνει διάφορες κρίσιμες φάσεις. Ξεκινήστε με την τυποποίηση σε μια αξιόπιστη πλατφόρμα ελέγχου πηγαίου κώδικα (π.χ. Git), εφαρμόζοντας αυστηρές πολιτικές διακλαδώσεων και υποχρεωτικές αναθεωρήσεις κώδικα μέσω αιτημάτων έλξης (pull requests). Στη συνέχεια, εστιάστε στη Συνεχή Ενσωμάτωση: αυτοματοποιήστε τις διαδικασίες δόμησης, δοκιμής (μονάδας και ολοκλήρωσης) και στατικής ανάλυσης αμέσως μετά την καταχώριση κώδικα, χρησιμοποιώντας εργαλεία όπως το Jenkins, το GitLab CI ή το GitHub Actions. Τέλος, εφαρμόστε τη Συνεχή Παράδοση: ενσωματώστε την εφαρμογή σας σε κοντέινερ (Docker), χρησιμοποιήστε έναν ενορχηστρωτή (Kubernetes) για συνέπεια σε όλα τα περιβάλλοντα (Dev, Staging, Prod) και αυτοματοποιήστε τη διαδικασία ανάπτυξης χρησιμοποιώντας εξειδικευμένα εργαλεία όπως το ArgoCD ή το Spinnaker, διασφαλίζοντας ότι περιλαμβάνονται δυνατότητες παρακολούθησης και αυτόματης επαναφοράς."
Εξηγήστε τα θεμελιώδη συστατικά και τις πιθανές εφαρμογές της τεχνολογίας blockchain.,,"Η τεχνολογία Blockchain είναι θεμελιωδώς ένα κατανεμημένο, αποκεντρωμένο και αμετάβλητο καθολικό που καταγράφει συναλλαγές σε πολλούς υπολογιστές. Τα βασικά της συστατικά περιλαμβάνουν την κρυπτογραφική κατακερματισμό (hashing) για τη διασφάλιση της ασφάλειας και της αμεταβλητότητας, και τους μηχανισμούς συναίνεσης για την επικύρωση νέων μπλοκ δεδομένων. Αυτή η δομή εξαλείφει την ανάγκη για κεντρική αρχή. Πέρα από την κύρια χρήση της σε κρυπτονομίσματα όπως το Bitcoin, η τεχνολογία blockchain διερευνάται για εφαρμογές στη διαφάνεια της εφοδιαστικής αλυσίδας, την ασφαλή διαχείριση ψηφιακής ταυτότητας και την εξορθολογισμό πολύπλοκων χρηματοοικονομικών συμβάσεων μέσω έξυπνων συμβολαίων."
Αλφαβητίστε την παρακάτω λίστα πόλεων και αριθμήστε κάθε στοιχείο ξεκινώντας από το 1.,"Λονδίνο, Τόκιο, Νέα Υόρκη, Παρίσι, Σίδνεϊ, Ρώμη","1. Λονδίνο, 2. Νέα Υόρκη, 3. Παρίσι, 4. Ρώμη, 5. Σίδνεϊ, 6. Τόκιο"
"Ταξινομήστε την παρεχόμενη λίστα ονομάτων εργαζομένων αλφαβητικά με βάση το επώνυμο και παρουσιάστε το τελικό αποτέλεσμα με κεφαλαία γράμματα στη μορφή: ΕΠΩΝΥΜΟ, ΟΝΟΜΑ.","τζέιν ντο, μάικλ τσεν, σάρα άντερσον, τομ μίλερ","ΆΝΤΕΡΣΟΝ, ΣΑΡΑ
ΤΣΕΝ, ΜΑΪΚΛ
ΝΤΟ, ΤΖΕΪΝ
ΜΙΛΕΡ, ΤΟΜ"
Εξηγήστε την έννοια ενός hash map (πίνακα κατακερματισμού) και την κύρια λειτουργία του στην επιστήμη των υπολογιστών.,,"Ένας πίνακας κατακερματισμού (hash map), που συχνά αναφέρεται ως πίνακας κατακερματισμού (hash table), είναι μια αφηρημένη δομή δεδομένων που υλοποιεί έναν αφηρημένο τύπο δεδομένων συσχετιστικού πίνακα, μια δομή που μπορεί να αντιστοιχίσει κλειδιά σε τιμές. Έχει σχεδιαστεί για την αποθήκευση δεδομένων σε ζεύγη κλειδιών-τιμών, όπου κάθε κλειδί είναι μοναδικό και χρησιμοποιείται για την γρήγορη ανάκτηση της συσχετιζόμενης τιμής του.

Η κύρια λειτουργία ενός πίνακα κατακερματισμού είναι να επιτυγχάνει σχεδόν σταθερή χρονική πολυπλοκότητα (O(1) κατά μέσο όρο) για λειτουργίες εισαγωγής, διαγραφής και αναζήτησης. Αυτή η αποδοτικότητα επιτυγχάνεται μέσω της χρήσης μιας συνάρτησης κατακερματισμού (hash function), η οποία μετατρέπει το κλειδί εισόδου σε έναν συγκεκριμένο δείκτη, ή 'κουβά' (bucket), μέσα σε μια υποκείμενη δομή πίνακα. Αυτή η άμεση αντιστοίχιση εξαλείφει την ανάγκη αναζήτησης μέσω πολλών στοιχείων διαδοχικά.

**Μηχανισμός:**
1. **Κατακερματισμός (Hashing):** Όταν εισάγονται δεδομένα, το κλειδί περνά σε μια συνάρτηση κατακερματισμού, η οποία παράγει έναν ακέραιο δείκτη. Αυτός ο δείκτης καθορίζει πού θα αποθηκευτεί η τιμή στον πίνακα.
2. **Αποθήκευση:** Η τιμή αποθηκεύεται στον υπολογισμένο δείκτη.
3. **Ανάκτηση:** Κατά την ανάκτηση δεδομένων, το κλειδί κατακερματίζεται ξανά για να βρεθεί η ακριβής θέση του δείκτη, επιτρέποντας την άμεση πρόσβαση στην τιμή.

**Επίλυση Συγκρούσεων (Collision Resolution):**
Οι συναρτήσεις κατακερματισμού δεν είναι τέλειες, και είναι πιθανό δύο διαφορετικά κλειδιά να παράγουν τον ίδιο δείκτη. Αυτό είναι γνωστό ως σύγκρουση (collision). Η απόδοση του πίνακα κατακερματισμού εξαρτάται σε μεγάλο βαθμό από το πόσο αποτελεσματικά αντιμετωπίζονται αυτές οι συγκρούσεις. Οι συνήθεις στρατηγικές περιλαμβάνουν:
*   **Αλυσοποίηση (Chaining):** Κάθε κουβάς στον πίνακα περιέχει μια συνδεδεμένη λίστα ή έναν μικρό πίνακα όλων των ζευγών κλειδιού-τιμής που κατακερματίστηκαν σε αυτόν τον δείκτη.
*   **Ανοιχτή Διευθυνσιοδότηση (Open Addressing / Probing):** Εάν ένας δείκτης είναι ήδη κατειλημμένος, ο αλγόριθμος αναζητά συστηματικά την επόμενη διαθέσιμη κενή θέση (π.χ., γραμμική ή τετραγωνική ανίχνευση)."
Ποια είναι η κύρια λειτουργία του Συστήματος Ονομάτων Τομέα (DNS);,"Το Σύστημα Ονομάτων Τομέα (DNS) είναι ο τηλεφωνικός κατάλογος του Διαδικτύου. Οι άνθρωποι έχουν πρόσβαση σε πληροφορίες στο διαδίκτυο μέσω ονομάτων τομέα, όπως το example.com. Ωστόσο, τα προγράμματα περιήγησης ιστού αλληλεπιδρούν μέσω διευθύνσεων Πρωτοκόλλου Διαδικτύου (IP). Το DNS μεταφράζει ονόματα τομέα σε διευθύνσεις IP, ώστε τα προγράμματα περιήγησης να μπορούν να φορτώσουν πόρους του Διαδικτύου. Αυτή η διαδικασία μετάφρασης είναι ζωτικής σημασίας για τη σύγχρονη πλοήγηση στο διαδίκτυο και επιτρέπει την επεκτάσιμη διευθυνσιοδότηση. Υπάρχουν διάφοροι τύποι ερωτημάτων DNS, συμπεριλαμβανομένων των αναδρομικών και επαναληπτικών ερωτημάτων, οι οποίοι καθορίζουν τον τρόπο με τον οποίο αλληλεπιδρούν οι εξυπηρετητές ονομάτων για την επίλυση ενός αιτήματος.","Η κύρια λειτουργία του Συστήματος Ονομάτων Τομέα (DNS) είναι η μετάφραση των αναγνώσιμων από τον άνθρωπο ονομάτων τομέα (όπως το example.com) σε διευθύνσεις Πρωτοκόλλου Διαδικτύου (IP), επιτρέποντας στα προγράμματα περιήγησης ιστού να εντοπίζουν και να φορτώνουν πόρους του διαδικτύου."
Ταξινομείται ο Ήλιος ως αστέρας κύριας ακολουθίας;,,Καταφατική
Αναφέρετε τους εσωτερικούς γήινους πλανήτες κατά σειρά απόστασης από τον ήλιο.,,"Οι εσωτερικοί γήινοι πλανήτες είναι ο Ερμής, η Αφροδίτη, η Γη και ο Άρης."
Εξηγήστε τι είναι η αμυντική μετατόπιση (defensive shift) στο μπέιζμπολ και αναλύστε τους νέους κανόνες που εφαρμόστηκαν για τον περιορισμό της.,,"Η αμυντική μετατόπιση (defensive shift) είναι μια στρατηγική διάταξη που χρησιμοποιείται από τις ομάδες άμυνας, όπου πολλοί αμυντικοί του infield—μερικές φορές τρεις ή και οι τέσσερις—εγκαταλείπουν τις παραδοσιακές τους θέσεις και μετακινούνται στη μία πλευρά του γηπέδου, συνήθως τη δεξιά πλευρά, για να αντιμετωπίσουν έναν χτυπητή γνωστό ότι «τραβάει» (pulling) έντονα την μπάλα προς αυτή την κατεύθυνση. Ξεκινώντας από τη σεζόν του 2023, το MLB εφάρμοσε νέους κανόνες για τον περιορισμό της μετατόπισης. Οι κύριες αλλαγές επιβάλλουν ότι δύο παίκτες του infield πρέπει να είναι τοποθετημένοι εξ ολοκλήρου στην αριστερή πλευρά της δεύτερης βάσης και δύο να είναι εξ ολοκλήρου στη δεξιά πλευρά. Επιπλέον, και οι τέσσερις παίκτες του infield πρέπει να έχουν και τα δύο πόδια τους στο χώμα του infield όταν ο pitcher αρχίζει την κίνηση για να παραδώσει την μπάλα, εμποδίζοντάς τους να παίζουν ως ρηχοί outfielders."
Ορίστε και εξηγήστε την 'Τραγωδία των Κοινών'.,,"Η Τραγωδία των Κοινών είναι μια οικονομική θεωρία που περιγράφει μια κατάσταση σε ένα σύστημα κοινών πόρων, όπου οι μεμονωμένοι χρήστες, ενεργώντας ανεξάρτητα σύμφωνα με το δικό τους συμφέρον, συμπεριφέρονται αντίθετα προς το κοινό καλό όλων των χρηστών, εξαντλώντας ή καταστρέφοντας αυτόν τον πόρο μέσω της συλλογικής τους δράσης. Ο όρος έγινε δημοφιλής από τον οικολόγο Garrett Hardin το 1968. Η «τραγωδία» προκύπτει επειδή κάθε λογικός χρήστης επωφελείται από την αυξημένη χρήση του πόρου (βραχυπρόθεσμο ιδιωτικό κέρδος), ενώ το κόστος της υποβάθμισης του πόρου (μακροπρόθεσμη δημόσια απώλεια) επιβαρύνει όλους εξίσου. Κλασικά παραδείγματα περιλαμβάνουν την υπεραλίευση, τη ρύπανση ή την υπερβολική χρήση των πόρων των δημόσιων πάρκων."
Ποιες είναι οι απαραίτητες τεχνολογίες που επιτρέπουν στα αυτόνομα οχήματα να πλοηγούνται και να λειτουργούν με ασφάλεια;,,"Η λειτουργία των αυτόνομων οχημάτων βασίζεται σε μια σύνθετη αλληλεπίδραση πολλών βασικών τεχνολογιών. Αυτές περιλαμβάνουν το LiDAR (Ανίχνευση και Εύρεση Εμβέλειας Φωτός) για τη δημιουργία εξαιρετικά ακριβών τρισδιάστατων χαρτών του περιβάλλοντος, αισθητήρες ραντάρ για τη μέτρηση της ταχύτητας και της απόστασης, και όραση υπολογιστή (computer vision) που τροφοδοτείται από κάμερες υψηλής ευκρίνειας για την αναγνώριση αντικειμένων όπως πεζοί, φανάρια και οδικά σήματα. Οι αλγόριθμοι μηχανικής μάθησης επεξεργάζονται αυτή τη μαζική ποσότητα δεδομένων αισθητήρων σε πραγματικό χρόνο για τη λήψη αποφάσεων οδήγησης, ενώ το GPS υψηλής ακρίβειας και οι προ-χαρτογραφημένοι χάρτες HD παρέχουν το απαραίτητο πλαίσιο πλοήγησης."
Συνοψίστε τις βασικές αρχές της ευέλικτης ανάπτυξης λογισμικού (Agile) σε μια σύντομη παράγραφο.,,"Το Agile είναι μια επαναληπτική μέθοδος διαχείρισης έργων, που χρησιμοποιείται κυρίως στην ανάπτυξη λογισμικού, η οποία βοηθά τις ομάδες να ανταποκρίνονται στην απρόβλεπτη φύση της κατασκευής λογισμικού. Οι βασικές του αρχές εδράζονται στην ευελιξία, τη συνεργατική επικοινωνία και τη γρήγορη προσαρμογή στις αλλαγές. Προτιμά το λειτουργικό λογισμικό έναντι της εκτεταμένης τεκμηρίωσης, βασίζεται σε σύντομους κύκλους ανάπτυξης γνωστούς ως sprints, και ζητά συνεχώς ανατροφοδότηση για να διασφαλίσει ότι το τελικό προϊόν ανταποκρίνεται στις εξελισσόμενες ανάγκες των χρηστών."
Γιατί οι δημιουργοί της ασύρματης τεχνολογίας επέλεξαν το όνομα «Bluetooth»;,"Το Bluetooth είναι ένα πρότυπο ασύρματης τεχνολογίας μικρής εμβέλειας που χρησιμοποιείται για την ανταλλαγή δεδομένων μεταξύ σταθερών και κινητών συσκευών σε μικρές αποστάσεις. Εφευρέθηκε από τον Δρ. Jaap Haartsen το 1994, ενώ εργαζόταν για την Ericsson. Το όνομα της τεχνολογίας προέρχεται από έναν Σκανδιναβό βασιλιά του 10ου αιώνα, τον Harald «Bluetooth» Gormsson, ο οποίος ήταν γνωστός για την ένωση των εμπόλεμων δανικών φυλών. Το όνομα προτάθηκε το 1997 από τον Jim Kardach της Intel, ο οποίος διάβαζε τότε το μυθιστόρημα *The Long Ships*. Η πρόθεση ήταν η τεχνολογία Bluetooth να ενώσει τα πρωτόκολλα επικοινωνίας, όπως ακριβώς ο βασιλιάς ένωσε τις φυλές της Δανίας και της Νορβηγίας. Το λογότυπο Bluetooth είναι ένας συνδυασμός ρούνων που ενώνει δύο σκανδιναβικούς ρούνους: ᚼ (Hagall) και ᛒ (Berkanan), οι οποίοι είναι τα αρχικά του Harald Bluetooth.","Το όνομα «Bluetooth» επιλέχθηκε επειδή εμπνεύστηκε από τον Σκανδιναβό βασιλιά του 10ου αιώνα, Harald «Bluetooth» Gormsson. Όπως ακριβώς ο Βασιλιάς Harald ένωσε τις εμπόλεμες δανικές φυλές, η τεχνολογία αποσκοπούσε στην ενοποίηση των πρωτοκόλλων επικοινωνίας μεταξύ διαφόρων συσκευών."
"Σύμφωνα με το παρεχόμενο κείμενο, πόσα σημαντικά μυθιστορήματα ολοκλήρωσε η Τζέιν Ώστεν;","Η Τζέιν Ώστεν (16 Δεκεμβρίου 1775 – 18 Ιουλίου 1817) ήταν Αγγλίδα μυθιστοριογράφος της οποίας τα έργα ρομαντικής μυθοπλασίας, που διαδραματίζονται μεταξύ της γαιοκτημονικής αριστοκρατίας, της χάρισαν μια θέση ως μία από τις πιο πολυδιαβασμένες συγγραφείς στην αγγλική λογοτεχνία. Ολοκλήρωσε έξι σημαντικά μυθιστορήματα: *Sense and Sensibility*, *Pride and Prejudice*, *Mansfield Park*, *Emma*, *Northanger Abbey*, και *Persuasion*.",Η Τζέιν Ώστεν ολοκλήρωσε έξι σημαντικά μυθιστορήματα.
"Με βάση την παρεχόμενη λίστα, ποιοι εφευρέτες έκαναν την αναφερόμενη ανακάλυψη ή εφεύρεσή τους πριν από το 1880;","Σημαντικοί εφευρέτες και επιστήμονες και το κατά προσέγγιση έτος της πιο διάσημης ανακάλυψης ή εφεύρεσής τους:

Thomas Edison: Πυρακτούμενος λαμπτήρας (1879)
Alexander Graham Bell: Δίπλωμα ευρεσιτεχνίας τηλεφώνου (1876)
Nikola Tesla: Δίπλωμα ευρεσιτεχνίας πηνίου Tesla (1891)
Marie Curie: Απομόνωση Ραδίου (1910)",Thomas Edison και Alexander Graham Bell
"Ποια είναι η τυπική διάρκεια μιας επιτυχημένης καταδίωξης τσιτάχ, σύμφωνα με το κείμενο;","Το Τσιτάχ (Acinonyx jubatus) είναι μια μεγάλη γάτα ιθαγενής της Αφρικής και του κεντρικού Ιράν. Είναι το ταχύτερο ζώο της ξηράς, ικανό να τρέχει με ταχύτητες 80 έως 128 km/h (50 έως 80 mph) σε σύντομες εξάρσεις. Ωστόσο, η μέση επιτυχημένη καταδίωξη είναι σύντομη, συνήθως διαρκεί περίπου 20 δευτερόλεπτα και καλύπτει μόνο 170 μέτρα. Το τρέξιμό τους σε υψηλή ταχύτητα τροφοδοτείται από έναν μοναδικό συνδυασμό εύκαμπτης σπονδυλικής στήλης, μη ανασυρόμενων νυχιών που παρέχουν πρόσφυση και ενός εξειδικευμένου αναπνευστικού συστήματος.",Περίπου 20 δευτερόλεπτα
Πότε κατέθεσε η Walgreens αγωγή κατά της Theranos και πόσα αποζημιώσεις ζητούσε αρχικά;,"Το 2012 η Safeway επένδυσε 350 εκατομμύρια δολάρια για την αναδιαμόρφωση 800 καταστημάτων με κλινικές που θα προσέφεραν εξετάσεις αίματος εντός του καταστήματος. Μετά από πολλές χαμένες προθεσμίες και αμφισβητούμενα αποτελέσματα από μια δοκιμαστική κλινική στα εταιρικά γραφεία της Safeway, η συμφωνία τερματίστηκε το 2015. Το 2013, η Theranos συνεργάστηκε με τη Walgreens για να προσφέρει εξετάσεις αίματος εντός του καταστήματος σε περισσότερες από 40 τοποθεσίες. Αν και οι εξετάσεις αίματος της Theranos φέρεται να χρησιμοποιήθηκαν σε ασθενείς κλινικών δοκιμών φαρμάκων για τις GlaxoSmithKline και Pfizer, και οι δύο εταιρείες δήλωσαν ότι δεν υπήρχαν ενεργά έργα με την Theranos τον Οκτώβριο του 2015. Τον Ιούνιο του 2016, η Walgreens τερμάτισε τη συνεργασία της με την Theranos. Τον Νοέμβριο του 2016 κατέθεσε αγωγή κατά της Theranos σε ομοσπονδιακό δικαστήριο στο Ντέλαγουερ για αθέτηση σύμβασης. Τον Ιούνιο του 2017, η Theranos ανέφερε στους επενδυτές ότι η αγωγή, η οποία αρχικά ζητούσε 140 εκατομμύρια δολάρια σε αποζημιώσεις, διευθετήθηκε για λιγότερα από 30 εκατομμύρια δολάρια.

Τον Μάρτιο του 2015, η Cleveland Clinic ανακοίνωσε συνεργασία με την Theranos για να δοκιμάσει την τεχνολογία της και να μειώσει το κόστος των εργαστηριακών εξετάσεων. Τον Ιούλιο του 2015, η Theranos έγινε ο πάροχος εργαστηριακών υπηρεσιών για τις ασφαλιστικές εταιρείες της Πενσυλβάνια AmeriHealth Caritas και Capital Blue Cross.","Η Walgreens κατέθεσε αγωγή κατά της Theranos τον Νοέμβριο του 2016 για αθέτηση σύμβασης, ζητώντας αρχικά 140 εκατομμύρια δολάρια σε αποζημιώσεις."
Ποιο είναι το πιο διάσημο έντυπο έργο του Γουτεμβέργιου;,"Η τυπογραφία έφερε την επανάσταση στην επικοινωνία και τη διάδοση της γνώσης. Αναπτύχθηκε από τον Ιωάννη Γουτεμβέργιο στα μέσα του 15ου αιώνα (γύρω στο 1440), η εφεύρεσή του συνδύασε διάφορες υπάρχουσες τεχνολογίες, συμπεριλαμβανομένης της κοχλιωτής πρέσας και της χύτευσης μεταλλικών στοιχείων, για να δημιουργήσει ένα εξαιρετικά αποδοτικό σύστημα μαζικής παραγωγής κειμένων. Πριν από τον Γουτεμβέργιο, τα βιβλία αντιγράφονταν χειρωνακτικά από γραφείς, γεγονός που τα καθιστούσε εξαιρετικά ακριβά και σπάνια. Το πιο διάσημο έργο του Γουτεμβέργιου είναι η Βίβλος του Γουτεμβέργιου, που ολοκληρώθηκε το 1455, η οποία αναγνωρίζεται ως ένα από τα πρώτα μεγάλα βιβλία που τυπώθηκαν χρησιμοποιώντας κινητά στοιχεία στην Ευρώπη.","Το πιο διάσημο έργο του Γουτεμβέργιου είναι η Βίβλος του Γουτεμβέργιου, που ολοκληρώθηκε το 1455, η οποία αναγνωρίζεται ως ένα από τα πρώτα μεγάλα βιβλία που τυπώθηκαν χρησιμοποιώντας κινητά στοιχεία στην Ευρώπη."
Ποιοι είναι οι τρεις πιο συνηθισμένοι τύποι ειρωνείας στη λογοτεχνία;,,Οι τρεις πιο συνηθισμένοι τύποι ειρωνείας στη λογοτεχνία είναι: 1. Λεκτική Ειρωνεία (λέγοντας το αντίθετο από αυτό που εννοείται). 2. Ειρωνεία της Κατάστασης (το αποτέλεσμα είναι αντίθετο από αυτό που αναμενόταν). 3. Δραματική Ειρωνεία (το κοινό γνωρίζει κάτι που ο χαρακτήρας δεν γνωρίζει).
"Προσδιορίστε και καταγράψτε τα έξι βασικά στάδια του Κύκλου Ζωής Ανάπτυξης Λογισμικού (SDLC) που αναφέρονται στο κείμενο, διασφαλίζοντας ότι παρουσιάζονται στη σωστή σειρά.","Ο Κύκλος Ζωής Ανάπτυξης Λογισμικού (SDLC) είναι μια διαδικασία που χρησιμοποιείται από τη βιομηχανία λογισμικού για τον σχεδιασμό, την ανάπτυξη και τη δοκιμή λογισμικού υψηλής ποιότητας. Αποτελείται από έξι βασικά στάδια. Το πρώτο είναι ο **Σχεδιασμός** (Planning), ο οποίος περιλαμβάνει τον καθορισμό απαιτήσεων και την οριοθέτηση του έργου. Ακολουθεί η **Ανάλυση** (Analysis), όπου αξιολογείται η σκοπιμότητα του έργου και βελτιώνονται οι επιχειρηματικές απαιτήσεις. Το τρίτο στάδιο είναι η **Σχεδίαση** (Design), που επικεντρώνεται στην αρχιτεκτονική και τις προδιαγραφές συστήματος. Το τέταρτο στάδιο είναι η **Υλοποίηση** (Implementation) (ή Κωδικοποίηση/Coding), όπου οι προγραμματιστές γράφουν τον πραγματικό κώδικα. Ακολουθεί η **Δοκιμή** (Testing) και η Διασφάλιση Ποιότητας (QA). Τέλος, το τελευταίο στάδιο είναι η **Διάθεση/Εγκατάσταση** (Deployment) και η Συντήρηση (Maintenance), διασφαλίζοντας ότι το λογισμικό κυκλοφορεί και υποστηρίζεται.","Τα έξι βασικά στάδια του Κύκλου Ζωής Ανάπτυξης Λογισμικού (SDLC) είναι:
1. Σχεδιασμός
2. Ανάλυση
3. Σχεδίαση
4. Υλοποίηση (ή Κωδικοποίηση)
5. Δοκιμή/Έλεγχος
6. Διάθεση/Εγκατάσταση και Συντήρηση"
"Σύμφωνα με το παρεχόμενο κείμενο, αναφέρετε λεπτομερώς την αύξηση της παγκόσμιας ικανότητας παραγωγής ηλιακής ενέργειας μεταξύ του 2010 και του τέλους του 2023, και δηλώστε τη συνολική ικανότητα αιολικής ενέργειας το 2023.","Η παγκόσμια παραγωγή ηλιακής ενέργειας έχει αυξηθεί δραματικά την τελευταία δεκαετία. Το 2010, η παγκόσμια ικανότητα ήταν περίπου 40 γιγαβάτ (GW). Μέχρι το 2015, ο αριθμός αυτός είχε αυξηθεί στα 230 GW, αντιπροσωπεύοντας σχεδόν εξαπλάσια αύξηση. Τα τελευταία δεδομένα από το τέλος του 2023 δείχνουν ότι η παγκόσμια ηλιακή ικανότητα ξεπερνά τα 1400 GW. Η αιολική ενέργεια σημείωσε επίσης σημαντική ανάπτυξη, μετακινούμενη από 180 GW το 2010 σε 850 GW μέχρι το 2023. Η υδροηλεκτρική ενέργεια, αν και ώριμη, παραμένει σημαντικός παράγοντας, σταθεροποιούμενη γύρω στα 1300 GW καθ' όλη την ίδια περίοδο, δείχνοντας ελάχιστες νέες εγκαταστάσεις σε σύγκριση με την ηλιακή και την αιολική ενέργεια.",Η παγκόσμια παραγωγή ηλιακής ενέργειας αυξήθηκε από περίπου 40 γιγαβάτ (GW) το 2010 σε πάνω από 1400 GW μέχρι το τέλος του 2023. Η συνολική ικανότητα αιολικής ενέργειας το 2023 ήταν 850 GW.
Πότε ιδρύθηκε επίσημα ο Ευρωπαϊκός Οργανισμός Διαστήματος και πού βρίσκονται τα κεντρικά του γραφεία;,"Ο Ευρωπαϊκός Οργανισμός Διαστήματος (ESA) είναι ένας διακυβερνητικός οργανισμός 22 κρατών μελών αφιερωμένος στην εξερεύνηση του διαστήματος. Ιδρύθηκε το 1975 και τα κεντρικά του γραφεία βρίσκονται στο Παρίσι της Γαλλίας. Του οργανισμού προηγήθηκαν ο Ευρωπαϊκός Οργανισμός Διαστημικής Έρευνας (ESRO), που ιδρύθηκε το 1964, και ο Ευρωπαϊκός Οργανισμός Ανάπτυξης Εκτοξευτών (ELDO). Η εντολή του ESA είναι να παρέχει και να προωθεί, για αποκλειστικά ειρηνικούς σκοπούς, τη συνεργασία μεταξύ των ευρωπαϊκών κρατών στην έρευνα, τεχνολογία και εφαρμογές του διαστήματος.",Ο ESA ιδρύθηκε το 1975 και τα κεντρικά του γραφεία βρίσκονται στο Παρίσι της Γαλλίας.
Εξηγήστε τις βασικές φιλοσοφικές διαφορές μεταξύ του λειτουργικού προγραμματισμού και του αντικειμενοστραφούς προγραμματισμού.,,"Ο λειτουργικός προγραμματισμός (FP) αντιμετωπίζει τον υπολογισμό ως την αξιολόγηση μαθηματικών συναρτήσεων και αποφεύγει την αλλαγή κατάστασης και των μεταβλητών δεδομένων. Δίνει έμφαση στην αμεταβλητότητα και στις συναρτήσεις ανώτερης τάξης. Ο Αντικειμενοστραφής Προγραμματισμός (OOP), αντιθέτως, ομαδοποιεί δεδομένα και μεθόδους σε «αντικείμενα» και δίνει έμφαση σε έννοιες όπως η ενθυλάκωση, η κληρονομικότητα και ο πολυμορφισμός. Ο OOP βασίζεται σε μεγάλο βαθμό στη χειραγώγηση της μεταβλητής κατάστασης."
Ποια είναι η κύρια λειτουργία και η έκταση του Σινικού Τείχους της Κίνας;,"Το Σινικό Τείχος της Κίνας είναι μια σειρά οχυρώσεων που γενικά χτίστηκαν κατά μήκος μιας γραμμής από ανατολικά προς δυτικά, διασχίζοντας τα ιστορικά βόρεια σύνορα της Κίνας. Αρχικά σχεδιάστηκε από τον Αυτοκράτορα Τσιν Σι Χουάνγκ τον 3ο αιώνα π.Χ. ως μέσο αποτροπής επιδρομών από νομαδικές ομάδες, κυρίως τους Σιονγκνού. Τα πιο γνωστά τμήματα χτίστηκαν κατά τη διάρκεια της Δυναστείας Μινγκ (1368–1644). Ενώ οι εκτιμήσεις ποικίλλουν, ολόκληρο το σύστημα του τείχους, συμπεριλαμβανομένων όλων των κλάδων του και των φυσικών αμυντικών φραγμάτων, αναφέρεται συνήθως ότι έχει μήκος περίπου 21.196 χιλιόμετρα (13.171 μίλια). Ο πρωταρχικός του σκοπός καθ' όλη τη διάρκεια της ιστορίας του ήταν η στρατιωτική άμυνα και ο έλεγχος των συνόρων.","Το Σινικό Τείχος είναι μια σειρά οχυρώσεων που εκτείνονται περίπου 21.196 χιλιόμετρα κατά μήκος των βόρειων συνόρων της Κίνας, χτισμένο κυρίως για στρατιωτική άμυνα και έλεγχο των συνόρων."
"Κατατάξτε τους παρακάτω μεγάλους ποταμούς του κόσμου ανάλογα με την ήπειρο από την οποία ρέουν κυρίως: Νείλος, Αμαζόνιος, Γιανγκτσέ, Μισισιπής, Δούναβης, Βόλγας, Μάρεϊ-Ντάρλινγκ, Κονγκό.",,"Νείλος - Αφρική, Αμαζόνιος - Νότια Αμερική, Γιανγκτσέ - Ασία, Μισισιπής - Βόρεια Αμερική, Δούναβης - Ευρώπη, Βόλγας - Ευρώπη, Μάρεϊ-Ντάρλινγκ - Ωκεανία, Κονγκό - Αφρική"
"Με βάση τη συνοπτική περιγραφή του Αρθουριανού θρύλου που δίνεται, ποιος παράγοντας—η αναζήτηση του Αγίου Δισκοπότηρου ή η αποτυχία ηθικής δέσμευσης εντός της άρχουσας τάξης—λειτούργησε ως ο κύριος καταλύτης για την πτώση του Κάμελοτ;","Ο θρύλος του Βασιλιά Αρθούρου επικεντρώνεται σε έναν μεσαιωνικό Βρετανό ηγέτη, που συχνά απεικονίζεται ως ενάρετος άρχοντας που κυβερνά το Κάμελοτ, με τη βοήθεια των Ιπποτών της Στρογγυλής Τραπέζης. Η ιστορία του Αρθούρου συνήθως ξεκινά με αυτόν να τραβά το σπαθί Εξκάλιμπερ (ή το Σπαθί στην Πέτρα, ανάλογα με την εκδοχή) από έναν άκμονα ή μια πέτρα, αποδεικνύοντας έτσι το θεϊκό του δικαίωμα να κυβερνά. Εγκαθιδρύει μια περίοδο ειρήνης και ευημερίας, η οποία ορίζεται από τον ιπποτισμό και την αναζήτηση του Αγίου Δισκοπότηρου. Στα βασικά πρόσωπα περιλαμβάνονται ο μάγος σύμβουλός του Μέρλιν, η σύζυγός του Βασίλισσα Γκουίνεβιρ, και ο πιο πιστός, αν και διχασμένος, ιππότης του, ο Σερ Λάνσελοτ. Η ενότητα του βασιλείου διαλύεται τελικά από την παράνομη σχέση μεταξύ του Λάνσελοτ και της Γκουίνεβιρ, οδηγώντας σε εμφύλιο πόλεμο. Αυτή η εσωτερική διαμάχη, σε συνδυασμό με τις μηχανορραφίες του νόθου γιου/ανιψιού του Μόρντρεντ, καταλήγει στην τραγική Μάχη του Κάμλαν, όπου ο Αρθούρος τραυματίζεται θανάσιμα και στη συνέχεια μεταφέρεται στο νησί Άβαλον.","Ενώ η αναζήτηση του Αγίου Δισκοπότηρου διέσπασε αναμφίβολα τη Στρογγυλή Τράπεζα στέλνοντας πολλούς ιππότες μακριά σε πνευματικά, απομονωτικά ταξίδια, ο βασικός καταλύτης για την κατάρρευση του Κάμελοτ ήταν η αποτυχία ηθικής δέσμευσης εντός της άρχουσας τάξης, και συγκεκριμένα η μοιχική σχέση μεταξύ του Σερ Λάνσελοτ και της Βασίλισσας Γκουίνεβιρ, και η επακόλουθη αδυναμία του Βασιλιά Αρθούρου να συμβιβάσει τους προσωπικούς του δεσμούς με το καθήκον του απέναντι στον νόμο. Η εισαγωγή αναφέρει ότι η ενότητα του βασιλείου «διαλύθηκε τελικά από την παράνομη σχέση», συνδέοντας άμεσα την ηθική παράβαση με τον επακόλουθο εμφύλιο πόλεμο και την εσωτερική διαμάχη.

Το Κάμελοτ ιδρύθηκε πάνω στα ιδανικά του ιπποτισμού, της πίστης και της δικαιοσύνης, που συμβολίζονται από την ίδια τη Στρογγυλή Τράπεζα. Η προδοσία από τον στενότερο φίλο και τη σύζυγο του Αρθούρου παραβίασε θεμελιωδώς την ιδρυτική συμφωνία της αυλής. Αυτή η εσωτερική αδυναμία παρείχε το απαραίτητο άνοιγμα για τον Μόρντρεντ να αμφισβητήσει την εξουσία του Αρθούρου, οδηγώντας απευθείας στη μοιραία Μάχη του Κάμλαν. Η Αναζήτηση του Δισκοπότηρου διέσπασε τη στρατιωτική δύναμη, αλλά η ηθική αποτυχία κατέστρεψε την πολιτική και ηθική σταθερότητα του βασιλείου, διασφαλίζοντας το βίαιο και αναπόφευκτο τέλος του."
Ποια είναι η κύρια αιτία των σεισμών;,,Η κύρια αιτία των περισσότερων σεισμών είναι η ξαφνική απελευθέρωση ενέργειας όταν δύο τεκτονικές πλάκες γλιστρούν η μία δίπλα στην άλλη κατά μήκος μιας γραμμής ρήγματος.
Θεωρείται το γυαλί υγρό ή στερεό;,,"Επιστημονικά, το γυαλί ταξινομείται ως άμορφο στερεό. Συχνά, λανθασμένα αποκαλείται «υπερψυγμένο υγρό» επειδή του λείπει η κρυσταλλική δομή με τη μακράς εμβέλειας τάξη των αληθινών στερεών και η δομή του μοιάζει με αυτή ενός υγρού, αλλά συμπεριφέρεται ως στερεό υπό κανονικές συνθήκες. Η παρανόηση ότι το γυαλί «ρέει» (που συχνά αναφέρεται παρατηρώντας παχύτερα κάτω μέρη σε παλιά τζάμια παραθύρων) γενικά αποδίδεται όχι σε ροή τύπου υγρού, αλλά σε ιστορικές μεθόδους κατασκευής, όπως οι διαδικασίες κορώνας ή κυλίνδρου, οι οποίες εξ ορισμού παρήγαγαν τζάμια ανομοιόμορφου πάχους."
Ποια είναι η μοναδική πιο σημαντική θεωρία στη σύγχρονη φυσική;,,"Ο προσδιορισμός της μοναδικής «πιο σημαντικής» θεωρίας στη σύγχρονη φυσική είναι δύσκολος, καθώς το πεδίο διέπεται από δύο θεμελιωδώς διακριτά, αλλά απίστευτα ακριβή, πλαίσια. Αυτές οι δύο θεωρίες διέπουν εντελώς διαφορετικές κλίμακες και δεν έχουν ακόμη ενοποιηθεί επιτυχώς.

Οι κύριοι διεκδικητές για την «πιο σημαντική» είναι:

1. **Γενική Σχετικότητα (ΓΣ):** Αναπτύχθηκε από τον Άλμπερτ Αϊνστάιν, αυτή η θεωρία περιγράφει τη βαρύτητα ως την καμπυλότητα του χωροχρόνου που προκαλείται από τη μάζα και την ενέργεια. Είναι απαραίτητη για την κατανόηση της μεγάλης κλίμακας δομής του σύμπαντος, της κοσμολογίας, των μαύρων τρυπών και των τροχιών των πλανητών. Επέφερε επανάσταση στην κατανόησή μας για τον χώρο και τον χρόνο.

2. **Κβαντομηχανική (ΚΜ):** Αυτή η θεωρία περιγράφει τη συμπεριφορά της ύλης και της ενέργειας σε ατομικό και υποατομικό επίπεδο. Εισήγαγε έννοιες όπως η κυματοσωματιδιακή δυαδικότητα, η κβάντωση της ενέργειας και η αρχή της απροσδιοριστίας. Η ΚΜ αποτελεί τη βάση για όλη τη σύγχρονη τεχνολογία, συμπεριλαμβανομένων των λέιζερ, των τρανζίστορ και της πυρηνικής ενέργειας.

Ενώ η ΓΣ εξηγεί το πολύ μεγάλο και η ΚΜ εξηγεί το πολύ μικρό, το **Καθιερωμένο Πρότυπο της Φυσικής των Σωματιδίων** αναφέρεται μερικές φορές ως το πιο περιεκτικό, καθώς ενσωματώνει επιτυχώς την Κβαντική Θεωρία Πεδίου και περιγράφει τις ηλεκτρομαγνητικές, ισχυρές και ασθενείς πυρηνικές δυνάμεις. Ωστόσο, το Καθιερωμένο Πρότυπο παραμένει ατελές επειδή δεν περιλαμβάνει τη βαρύτητα (Γενική Σχετικότητα). Τόσο η ΓΣ όσο και η ΚΜ είναι απαραίτητοι ακρογωνιαίοι λίθοι της φυσικής, και η ασυμβατότητά τους παραμένει το μεγαλύτερο άλυτο πρόβλημα στον τομέα."
"Προσδιορίστε αν τα ακόλουθα ζώα είναι όλα θηλαστικά: Φίδι, Βάτραχος, Φάλαινα, Πλατύπους.",,"Όχι, αυτή η λίστα είναι λανθασμένη. Η Φάλαινα και ο Πλατύπους είναι θηλαστικά, αλλά το Φίδι είναι ερπετό και ο Βάτραχος είναι αμφίβιο."
Περιγράψτε τρία βασικά οφέλη από την εφαρμογή τακτικών ενημερώσεων λογισμικού.,,"1. Ενίσχυση Ασφάλειας: Οι ενημερώσεις συχνά περιέχουν κρίσιμες διορθώσεις (patches) που επιδιορθώνουν ευπάθειες που εκμεταλλεύονται κακόβουλο λογισμικό και χάκερ, διασφαλίζοντας την προστασία των δεδομένων.
2. Απόδοση και Σταθερότητα: Επιλύουν υπάρχοντα σφάλματα (bugs), βελτιστοποιούν τους πόρους του συστήματος και μειώνουν τις αστοχίες (crashes), οδηγώντας σε μια ομαλότερη εμπειρία χρήστη.
3. Νέες Λειτουργίες και Συμβατότητα: Οι ενημερώσεις εισάγουν σύγχρονη λειτουργικότητα, βελτιώνουν τον σχεδιασμό της διεπαφής χρήστη και διατηρούν την απαραίτητη συμβατότητα με νεότερα λειτουργικά συστήματα ή υλικό.

Επομένως, η διατήρηση τακτικών ενημερώσεων είναι ζωτικής σημασίας για την ασφάλεια, την αποδοτικότητα και τη διασφάλιση του μέλλοντος (future-proofing)."
Ποιος ήταν ο επικεφαλής αρχιτέκτονας που ήταν υπεύθυνος για τον σχεδιασμό του Πύργου του Άιφελ;,,Gustave Eiffel
"Με βάση το παρεχόμενο κείμενο για το Apollo 13, προσδιορίστε την κύρια αιτία της αποτυχίας της αποστολής και αναφέρετε τους ρόλους των τριών μελών του πληρώματος.","Το Apollo 13 ήταν η έβδομη επανδρωμένη αποστολή στο αμερικανικό διαστημικό πρόγραμμα Απόλλων και η τρίτη που είχε σκοπό να προσεδαφιστεί στη Σελήνη. Το σκάφος εκτοξεύτηκε στις 11 Απριλίου 1970, από το Διαστημικό Κέντρο Κένεντι. Το πλήρωμα αποτελούνταν από τον Κυβερνήτη James A. Lovell, τον Πιλότο της Ακάτου Διοίκησης John L. Swigert, και τον Πιλότο της Σεληνάκατου Fred W. Haise. Δύο ημέρες μετά την έναρξη της αποστολής, στις 13 Απριλίου, μια δεξαμενή οξυγόνου στην Άκατο Εξυπηρέτησης εξερράγη, προκαλώντας σοβαρή ζημιά στο διαστημόπλοιο. Η αποστολή μετατράπηκε αμέσως από μια προσπάθεια σεληνιακής προσεδάφισης σε έναν αγώνα για την επιβίωση του πληρώματος, ωθώντας το Κέντρο Ελέγχου Αποστολής να εφαρμόσει διαδικασίες έκτακτης ανάγκης για την εξοικονόμηση ενέργειας και βασικών αναλώσιμων. Οι αστροναύτες χρειάστηκε να μετακινηθούν στη Σεληνάκατο, την Aquarius, χρησιμοποιώντας την ως σωσίβια λέμβο για το ταξίδι της επιστροφής. Παρά τις τεράστιες τεχνικές προκλήσεις, το πλήρωμα επέστρεψε επιτυχώς στη Γη στις 17 Απριλίου 1970, προσθαλασσώνοντας με ασφάλεια στον Ειρηνικό Ωκεανό.","Η κύρια αιτία της αποτυχίας της αποστολής ήταν η έκρηξη μιας δεξαμενής οξυγόνου στην Άκατο Εξυπηρέτησης. Τα τρία μέλη του πληρώματος και οι ρόλοι τους ήταν: Κυβερνήτης James A. Lovell, Πιλότος της Ακάτου Διοίκησης John L. Swigert, και Πιλότος της Σεληνάκατου Fred W. Haise."
Προσδιορίστε και εξηγήστε συνοπτικά τους τέσσερις κύριους μακροπρόθεσμους παράγοντες που αναφέρουν οι ιστορικοί ως συμβάλλοντες στην κατάρρευση της Δυτικής Ρωμαϊκής Αυτοκρατορίας.,,"1. **Οικονομική Αστάθεια:** Η υποτίμηση του νομίσματος οδήγησε σε ανεξέλεγκτο πληθωρισμό, καταστρέφοντας το εμπόριο, και σε βαριά φορολογία που έπληττε δυσανάλογα τις κατώτερες τάξεις. 2. **Υπερέκταση και Στρατιωτική Ένταση:** Η διατήρηση των απέραντων συνόρων απαιτούσε έναν μη βιώσιμο στρατιωτικό προϋπολογισμό και την εξάρτηση από συχνά μη πιστά ομοσπονδιακά βαρβαρικά στρατεύματα. 3. **Πολιτικός Κατακερματισμός και Αστάθεια:** Οι συνεχείς αγώνες εξουσίας, η ταχεία διαδοχή αυτοκρατόρων και ο ουσιαστικός διοικητικός διαχωρισμός μεταξύ Ρώμης και Κωνσταντινούπολης διέβρωσαν την κεντρική κυβερνητική εξουσία και τη συνοχή. 4. **Εισβολές και Μετανάστευση:** Η πίεση από ομάδες όπως οι Ούννοι ώθησε Γερμανικά φύλα (όπως οι Βησιγότθοι και οι Βάνδαλοι) σε ρωμαϊκό έδαφος, οδηγώντας τελικά στην απώλεια βασικών επαρχιών και στην καταστροφή της αυτοκρατορικής δομής στη Δύση."
"Κατατάξτε τις ακόλουθες μεγάλες πρωτεύουσες σε μία από τις ακόλουθες ηπείρους: Βόρεια Αμερική, Νότια Αμερική, Ευρώπη, Αφρική, Ασία ή Ωκεανία: Λονδίνο, Πεκίνο, Μπουένος Άιρες, Καμπέρα, Ναϊρόμπι, Ουάσινγκτον D.C.",,"Λονδίνο: Ευρώπη
Πεκίνο: Ασία
Μπουένος Άιρες: Νότια Αμερική
Καμπέρα: Ωκεανία
Ναϊρόμπι: Αφρική
Ουάσινγκτον D.C.: Βόρεια Αμερική"
"Περιγράψτε τα τρία στάδια του πυραύλου Saturn V, συμπεριλαμβανομένου του χαρακτηρισμού, του κύριου τύπου κινητήρα και της λειτουργίας κάθε σταδίου. Επίσης, προσδιορίστε το εξάρτημα που παρείχε καθοδήγηση και έλεγχο για το όχημα εκτόξευσης.","Ο Saturn V ήταν ένα όχημα εκτόξευσης υπερ-βαρέως τύπου που χρησιμοποιήθηκε από τη NASA μεταξύ 1967 και 1973. Ήταν ένας τριών σταδίων πύραυλος υγρού προωθητικού, σχεδιασμένος να εκτοξεύει την Άκατο Διοίκησης/Εξυπηρέτησης (CSM) και τη Σεληνάκατο (LM) του προγράμματος Απόλλων σε τροχιά και στη συνέχεια προς τη Σελήνη. Το πρώτο στάδιο, με την ονομασία S-IC, τροφοδοτούνταν από πέντε τεράστιους κινητήρες F-1 και παρήγαγε 7,5 εκατομμύρια λίβρες ώθησης στο επίπεδο της θάλασσας. Ο κύριος ρόλος του ήταν να ανυψώσει ολόκληρο το όχημα σε υψόμετρο περίπου 42 μιλίων (68 χλμ.). Το δεύτερο στάδιο, το S-II, χρησιμοποιούσε πέντε κινητήρες J-2 που λειτουργούσαν με υδρογόνο, παρέχοντας 1,1 εκατομμύριο λίβρες ώθησης. Το S-II λειτούργησε για περίπου έξι λεπτά, ωθώντας τη συστοιχία σε μια υψηλή ελλειπτική τροχιά στάθμευσης. Τέλος, το τρίτο στάδιο, το S-IVB, χρησιμοποιούσε έναν μόνο κινητήρα J-2. Αυτό το στάδιο είχε δύο κρίσιμες καύσεις: την πρώτη για την εισαγωγή σε τροχιά στάθμευσης και μια δεύτερη καύση Διασεληνιακής Έγχυσης (TLI) για να στείλει το διαστημόπλοιο Απόλλων προς τη Σελήνη. Η S-IVB συχνά φιλοξενούσε επίσης τη Μονάδα Οργάνων (IU), η οποία ήταν ο «εγκέφαλος» του πυραύλου, παρέχοντας καθοδήγηση και έλεγχο.","Τα τρία στάδια του πυραύλου Saturn V είναι:

1. S-IC (Πρώτο Στάδιο): Τροφοδοτείται από πέντε κινητήρες F-1. Λειτουργία: Ανύψωσε ολόκληρο το όχημα σε υψόμετρο περίπου 42 μιλίων (68 χλμ.).
2. S-II (Δεύτερο Στάδιο): Τροφοδοτείται από πέντε κινητήρες J-2. Λειτουργία: Ώθησε τη συστοιχία σε μια υψηλή ελλειπτική τροχιά στάθμευσης.
3. S-IVB (Τρίτο Στάδιο): Τροφοδοτείται από έναν μόνο κινητήρα J-2. Λειτουργία: Πραγματοποίησε την εισαγωγή σε τροχιά στάθμευσης και την επακόλουθη καύση Διασεληνιακής Έγχυσης (TLI).

Το εξάρτημα που παρείχε καθοδήγηση και έλεγχο για το όχημα εκτόξευσης ήταν η Μονάδα Οργάνων (IU)."
"Παρακαλώ ταξινομήστε τα ακόλουθα είδη σε δύο κατηγορίες: Φρούτα και Λαχανικά: Καρότο, Μήλο, Μπανάνα, Μπρόκολο, Ντομάτα, Σπανάκι.",,"Φρούτα: Μήλο, Μπανάνα, Ντομάτα. Λαχανικά: Καρότο, Μπρόκολο, Σπανάκι."
"Εξάγετε τα βασικά επαγγελματικά στοιχεία και τα βραβεία σχετικά με το θέμα και διαμορφώστε τα δεδομένα ως πίνακα αντικειμένων JSON, χρησιμοποιώντας τα κλειδιά 'Fact', 'Year', και 'Category'.","Η Μαρία Κιουρί, γεννημένη Μαρία Σκουοντόφσκα το 1867, ήταν Πολωνή και νατουραλιζέ-Γαλλίδα φυσικός και χημικός που διεξήγαγε πρωτοποριακή έρευνα στη ραδιενέργεια. Ήταν η πρώτη γυναίκα που κέρδισε Βραβείο Νόμπελ, το πρώτο άτομο και η μόνη γυναίκα που κέρδισε το Βραβείο Νόμπελ δύο φορές, και το μόνο άτομο που κέρδισε το Βραβείο Νόμπελ σε δύο διαφορετικούς επιστημονικούς τομείς (Φυσική το 1903, Χημεία το 1911). Ήταν επίσης η πρώτη γυναίκα καθηγήτρια στο Πανεπιστήμιο του Παρισιού. Πέθανε το 1934.","[
  {
    ""Fact"": ""Η πρώτη γυναίκα που κέρδισε Βραβείο Νόμπελ"",
    ""Year"": ""1903"",
    ""Category"": ""Ιστορικό Βραβείων""
  },
  {
    ""Fact"": ""Το μόνο άτομο που κέρδισε το Βραβείο Νόμπελ σε δύο διαφορετικούς επιστημονικούς τομείς"",
    ""Year"": ""1903 & 1911"",
    ""Category"": ""Ρεκόρ Βραβείων""
  },
  {
    ""Fact"": ""Η πρώτη γυναίκα καθηγήτρια στο Πανεπιστήμιο του Παρισιού"",
    ""Year"": ""Δ/Ε (Ιστορικό)"",
    ""Category"": ""Ορόσημο Καριέρας""
  }
]"
Τι είναι η Στήλη της Ροζέτας και γιατί είναι σημαντική;,,"Η Στήλη της Ροζέτας είναι μια στήλη από γρανοδιορίτη χαραγμένη με διάταγμα που εκδόθηκε στη Μέμφιδα το 196 π.Χ. για λογαριασμό του Βασιλιά Πτολεμαίου Ε'. Το κείμενο είναι γραμμένο σε τρεις εκδοχές: αιγυπτιακά ιερογλυφικά, δημοτική γραφή και αρχαία ελληνικά. Ανακαλύφθηκε από Γάλλους στρατιώτες το 1799. Η υψίστη σημασία της έγκειται στο γεγονός ότι, συγκρίνοντας το γνωστό ελληνικό κείμενο με το άγνωστο ιερογλυφικό κείμενο, οι μελετητές μπόρεσαν τελικά να αποκρυπτογραφήσουν τα αιγυπτιακά ιερογλυφικά το 1822, ξεκλειδώνοντας ουσιαστικά αιώνες αρχαίας αιγυπτιακής ιστορίας και γλώσσας."
Τι ήταν η Γαλλική Επανάσταση;,"Η Γαλλική Επανάσταση ήταν μια περίοδος εκτεταμένων κοινωνικών και πολιτικών αναταραχών στη Γαλλία που διήρκεσε από το 1789 έως το 1799. Άλλαξε θεμελιωδώς την πορεία της σύγχρονης ιστορίας, πυροδοτώντας την παγκόσμια παρακμή των απόλυτων μοναρχιών, ενώ τις αντικατέστησε με δημοκρατίες και φιλελεύθερες δημοκρατίες.","Η Γαλλική Επανάσταση ήταν μια περίοδος εκτεταμένων κοινωνικών και πολιτικών αναταραχών στη Γαλλία που διήρκεσε από το 1789 έως το 1799. Άλλαξε θεμελιωδώς την πορεία της σύγχρονης ιστορίας, πυροδοτώντας την παγκόσμια παρακμή των απόλυτων μοναρχιών, ενώ τις αντικατέστησε με δημοκρατίες και φιλελεύθερες δημοκρατίες.

Η Επανάσταση καθοδηγήθηκε από τη βαθιά κοινωνική ανισότητα, την οικονομική κρίση και την ιδεολογική επίδραση του Διαφωτισμού. Η μοναρχία, με επικεφαλής τον Βασιλιά Λουδοβίκο ΙΣΤ', αντιμετώπιζε τεράστιο χρέος από προηγούμενους πολέμους (όπως ο Αμερικανικός Επαναστατικός Πόλεμος) και υπερβολικές δαπάνες, ενώ οι απλοί άνθρωποι (η Τρίτη Τάξη) επωμίζονταν το μεγαλύτερο βάρος της φορολογίας.

Ξεκίνησε με τη σύγκληση των Γενικών Τάξεων τον Μάιο του 1789 και την επακόλουθη ίδρυση της Εθνοσυνέλευσης. Σημαντικά πρώιμα γεγονότα περιλαμβάνουν την Άλωση της Βαστίλης στις 14 Ιουλίου 1789, η οποία συμβόλισε το τέλος της βασιλικής τυραννίας, και την υιοθέτηση της Διακήρυξης των Δικαιωμάτων του Ανθρώπου και του Πολίτη τον Αύγουστο του 1789.

Μετά από μια σύντομη περίοδο ως συνταγματική μοναρχία, η επανάσταση ριζοσπαστικοποιήθηκε, οδηγώντας στην εκτέλεση του Βασιλιά Λουδοβίκου ΙΣΤ' το 1793 και την ίδρυση της Πρώτης Γαλλικής Δημοκρατίας. Ακολούθησε η Περίοδος της Τρομοκρατίας (1793–1794), κατά την οποία ο Μαξιμιλιανός Ροβεσπιέρος και η Επιτροπή Δημόσιας Σωτηρίας εκτέλεσαν χιλιάδες αντιληπτούς εχθρούς της επανάστασης.

Η επανάσταση τελικά έληξε με την άνοδο του Ναπολέοντα Βοναπάρτη και την ίδρυση του Γαλλικού Προξενείου το 1799, αλλά τα ιδανικά της 'Liberté, Égalité, Fraternité' επηρέασαν βαθιά τη δυτική πολιτική σκέψη, προωθώντας τον κοσμικισμό, τον εθνικισμό και τον ρεπουμπλικανισμό σε όλη την ήπειρο και τον κόσμο."
Απαριθμήστε τους οκτώ πλανήτες του ηλιακού μας συστήματος κατά σειρά αυξανόμενης απόστασης από τον Ήλιο.,,"1. Ερμής
2. Αφροδίτη
3. Γη
4. Άρης
5. Δίας
6. Κρόνος
7. Ουρανός
8. Ποσειδώνας"
"Συγκρίνετε και αντιπαραβάλετε τα κίνητρα των πρωταγωνιστών του Σαίξπηρ, Άμλετ και Μάκβεθ.",,"**Άμλετ (Πρίγκιπας της Δανίας):**
*   **Πρωταρχικό Κίνητρο:** Αναζήτηση εκδίκησης για τη δολοφονία του πατέρα του, παρακινούμενος από αίσθημα καθήκοντος και ηθική αγανάκτηση.
*   **Φύση:** Αντιδραστική· παρακινείται από εξωτερική αδικία και την αποκατάσταση της ηθικής τάξης.
*   **Κυρίαρχη Σύγκρουση:** Εσωτερικός αγώνας, φιλοσοφική αναποφασιστικότητα και αναβολή.

**Μάκβεθ (Θέιν του Γκλάμις/Κάουντορ):**
*   **Πρωταρχικό Κίνητρο:** Αχαλίνωτη φιλοδοξία και δίψα για εξουσία, επηρεασμένος σε μεγάλο βαθμό από υπερφυσικές προφητείες και τη σύζυγό του.
*   **Φύση:** Προληπτική· παρακινείται από το προσωπικό συμφέρον και την επιθυμία να καταλάβει τον θρόνο.
*   **Κυρίαρχη Σύγκρουση:** Εξωτερικές αιματηρές πράξεις, ακολουθούμενες από παράνοια και ηθική κατάπτωση.

**Αντιπαραβολή:** Ο Άμλετ παρακινείται από τη δικαιοσύνη και την αποκατάσταση του παρελθόντος. Ο Μάκβεθ παρακινείται από την απληστία και τη διασφάλιση ενός μελλοντικού τίτλου."
Τι ήταν η Μεγάλη Πορεία,,"Η Μεγάλη Πορεία (Κινέζικα: 長征; pinyin: Chángzhēng) ήταν μια μαζική στρατιωτική υποχώρηση που πραγματοποιήθηκε από τον Κινεζικό Κόκκινο Στρατό, την κύρια μαχητική δύναμη του Κομμουνιστικού Κόμματος της Κίνας (ΚΚΚ), για να αποφύγει την καταδίωξη του στρατού του Κουομιντάνγκ (ΚΜΤ). Διήρκεσε από τον Οκτώβριο του 1934 έως τον Οκτώβριο του 1935 και εδραίωσε τη θέση του Μάο Τσετούνγκ ως αδιαμφισβήτητου ηγέτη του ΚΚΚ."
"Εξαιρουμένης της Μεγάλης Πυραμίδας της Γκίζας, απαριθμήστε τα υπόλοιπα Έξι Θαύματα του Αρχαίου Κόσμου όπως αναφέρονται στο κείμενο.","Τα Επτά Θαύματα του Αρχαίου Κόσμου είναι ένας κατάλογος αξιόλογων κατασκευών της κλασικής αρχαιότητας. Συντάχθηκε από διάφορους αρχαίους Έλληνες συγγραφείς, κυρίως τον Αντίπατρο της Σιδώνας και τον Φίλωνα του Βυζαντίου. Ο κατάλογος περιλαμβάνει μόνο μνημεία που βρίσκονται γύρω από την λεκάνη της Μεσογείου. Μόνο ένα από τα αρχικά Θαύματα παραμένει σε μεγάλο βαθμό άθικτο σήμερα: η Μεγάλη Πυραμίδα της Γκίζας. Τα άλλα έξι Θαύματα ήταν οι Κρεμαστοί Κήποι της Βαβυλώνας, το Άγαλμα του Διός στην Ολυμπία, ο Ναός της Αρτέμιδος στην Έφεσο, το Μαυσωλείο της Αλικαρνασσού, ο Κολοσσός της Ρόδου και ο Φάρος της Αλεξάνδρειας. Άλλοι κατάλογοι περιλάμβαναν μερικές φορές τα Τείχη της Βαβυλώνας ή το Παλάτι του Κύρου στα Εκβάτανα, αλλά ο κανονικός κατάλογος τα εξαιρεί.","Οι Κρεμαστοί Κήποι της Βαβυλώνας, το Άγαλμα του Διός στην Ολυμπία, ο Ναός της Αρτέμιδος στην Έφεσο, το Μαυσωλείο της Αλικαρνασσού, ο Κολοσσός της Ρόδου και ο Φάρος της Αλεξάνδρειας"
Προσδιορίστε τις πέντε βασικές μητρικές σάλτσες της Γαλλικής κουζίνας.,,"Οι πέντε βασικές μητρικές σάλτσες της Γαλλικής κουζίνας είναι η Béchamel, η Velouté, η Espagnole, η Hollandaise και η Tomate."
"Για το σύστημα Kepler-186, καταγράψτε τους πλανήτες και τις αντίστοιχες τροχιακές περιόδους τους (σε γήινες ημέρες). Διαμορφώστε την έξοδο ως πίνακα με δύο στήλες: 'Όνομα Πλανήτη' και 'Τροχιακή Περίοδος (Ημέρες)'.","Το σύστημα Kepler-186 φιλοξενεί πέντε γνωστούς πλανήτες. Οι Kepler-186b, c, και d είναι παλιρροϊκά κλειδωμένοι και περιφέρονται γύρω από τον νάνο αστέρα τύπου M κάθε 3.8, 7.3, και 13.3 γήινες ημέρες, αντίστοιχα. Ο Kepler-186e έχει περίοδο 25.6 ημερών. Ο πιο απομακρυσμένος γνωστός πλανήτης, ο Kepler-186f, περιφέρεται στην κατοικήσιμη ζώνη με τροχιακή περίοδο 130 ημερών, λίγο μικρότερη από τον Άρη. Λαμβάνει περίπου το ένα τρίτο της ακτινοβολίας που δέχεται η Γη από τον Ήλιο.","| Όνομα Πλανήτη | Τροχιακή Περίοδος (Ημέρες) |
|---|---|
| Kepler-186b | 3.8 |
| Kepler-186c | 7.3 |
| Kepler-186d | 13.3 |
| Kepler-186e | 25.6 |
| Kepler-186f | 130 |"
Εξηγήστε την ευρετική διαθεσιμότητας με βάση το παρεχόμενο κείμενο.,"Ένα δημοφιλές και αντιπροσωπευτικό θέμα σε αυτόν τον τομέα είναι η γνωστική προκατάληψη, ή η παράλογη σκέψη. Οι ψυχολόγοι (και οι οικονομολόγοι) έχουν ταξινομήσει και περιγράψει έναν αξιόλογο κατάλογο προκαταλήψεων που επαναλαμβάνονται συχνά στην ανθρώπινη σκέψη. Η ευρετική διαθεσιμότητας, για παράδειγμα, είναι η τάση να υπερεκτιμούμε τη σημασία κάτι που τυχαίνει να έρχεται εύκολα στο μυαλό.",Η ευρετική διαθεσιμότητας είναι η τάση να υπερεκτιμούμε τη σημασία κάτι που τυχαίνει να έρχεται εύκολα στο μυαλό.
Εξηγήστε τη διαφορά μεταξύ ενός σφάλματος χρόνου μεταγλώττισης και ενός σφάλματος χρόνου εκτέλεσης στον προγραμματισμό.,,"Ένα σφάλμα χρόνου μεταγλώττισης (ή συντακτικό σφάλμα) εμφανίζεται πριν από την εκτέλεση του προγράμματος, συνήθως επειδή ο κώδικας παραβιάζει τους γραμματικούς κανόνες της γλώσσας προγραμματισμού (π.χ. μια χαμένη άνω τελεία ή μια λάθος γραμμένη λέξη-κλειδί). Ένα σφάλμα χρόνου εκτέλεσης (ή εξαίρεση) εμφανίζεται κατά τη διάρκεια της εκτέλεσης του προγράμματος, συχνά λόγω λανθασμένης λογικής ή απροσδόκητων συνθηκών, όπως η προσπάθεια διαίρεσης ενός αριθμού με το μηδέν ή η πρόσβαση σε έναν δείκτη πίνακα που είναι εκτός ορίων."
Απαριθμήστε τις τυπικές φάσεις του μοντέλου Waterfall.,"Το μοντέλο Καταρράκτη (Waterfall) είναι μια ακολουθιακή διαδικασία σχεδιασμού, που προέρχεται από τις βιομηχανίες κατασκευής και δόμησης, όπου η πρόοδος ρέει σταθερά προς τα κάτω (όπως ένας καταρράκτης) μέσω των φάσεων. Στη μηχανική λογισμικού, αυτές οι φάσεις συνήθως περιλαμβάνουν: Συλλογή και ανάλυση απαιτήσεων, Σχεδιασμός συστήματος και λογισμικού, Υλοποίηση (Κωδικοποίηση), Δοκιμή (Επαλήθευση), Ανάπτυξη, και συνεχιζόμενη Συντήρηση. Ένα βασικό χαρακτηριστικό αυτής της παραδοσιακής προσέγγισης είναι η αυστηρή ολοκλήρωση μιας φάσης πριν από τη μετάβαση στην επόμενη, η οποία παρέχει σαφή δομή αλλά στερείται ευελιξίας για καθυστερημένες αλλαγές.","Συλλογή και ανάλυση απαιτήσεων, Σχεδιασμός συστήματος και λογισμικού, Υλοποίηση (Κωδικοποίηση), Δοκιμή (Επαλήθευση), Ανάπτυξη, και συνεχιζόμενη Συντήρηση."
Γιατί η χρήση της ταυτοποίησης δύο παραγόντων (2FA) είναι πλέον υποχρεωτική για την πρόσβαση στα συστήματα της εταιρείας;,,"Η ταυτοποίηση δύο παραγόντων είναι υποχρεωτική επειδή παρέχει ένα κρίσιμο επίπεδο άμυνας έναντι των σύγχρονων απειλών στον κυβερνοχώρο, μειώνοντας σημαντικά τον κίνδυνο μη εξουσιοδοτημένης πρόσβασης. Οι απλοί κωδικοί πρόσβασης από μόνοι τους μπορούν να παραβιαστούν εύκολα μέσω επιθέσεων phishing, κλοπής διαπιστευτηρίων (credential stuffing) ή παραβιάσεων δεδομένων μεγάλης κλίμακας. Το 2FA διασφαλίζει ότι ακόμα κι αν ένας εισβολέας κλέψει επιτυχώς τον κωδικό πρόσβασής σας, θα εξακολουθεί να χρειάζεται τον δεύτερο παράγοντα—συνήθως έναν κωδικό περιορισμένου χρόνου που αποστέλλεται στην κινητή συσκευή σας, ένα φυσικό κλειδί ή μια βιομετρική σάρωση—για να συνδεθεί. Αυτή η πρακτική είναι απαραίτητη για την προστασία των ιδιόκτητων δεδομένων της εταιρείας, τη διατήρηση της συμμόρφωσης με τους κανονισμούς ασφαλείας του κλάδου (όπως SOC 2 ή GDPR) και τον μετριασμό της σοβαρής οικονομικής και φήμης ζημίας που προκαλείται από περιστατικά ασφαλείας."
Ποιο σημαντικό πλεονέκτημα ναυσιπλοΐας προσέφερε η Διώρυγα του Παναμά σε σύγκριση με τη διαδρομή που αντικατέστησε;,"Η Διώρυγα του Παναμά είναι μια τεχνητή πλωτή οδός μήκους 82 χλμ (51 μίλια) στον Παναμά, που συνδέει τον Ατλαντικό Ωκεανό με τον Ειρηνικό Ωκεανό. Η διώρυγα διασχίζει τον Ισθμό του Παναμά και αποτελεί δίαυλο για το θαλάσσιο εμπόριο. Ως ένα από τα μεγαλύτερα και δυσκολότερα μηχανικά έργα που έχουν αναληφθεί ποτέ, είχε τεράστιο αντίκτυπο στη ναυτιλία μεταξύ των δύο ωκεανών, αντικαθιστώντας τη μακρά και επικίνδυνη διαδρομή γύρω από το νοτιότερο άκρο της Νότιας Αμερικής, το Ακρωτήριο Κέιπ Χορν. Ένα πλοίο εξοικονομεί περίπου 8.000 μίλια χρησιμοποιώντας τη διώρυγα αντί για τη διαδρομή του Κέιπ Χορν. Η κατασκευή ξεκίνησε το 1881 από τη Γαλλία, αλλά απέτυχε λόγω μηχανικών προβλημάτων και υψηλών ποσοτών θνησιμότητας των εργαζομένων. Οι Ηνωμένες Πολιτείες ανέλαβαν το έργο το 1904 και άνοιξαν τη διώρυγα στις 15 Αυγούστου 1914.","Η διώρυγα αντικατέστησε τη μακρά και επικίνδυνη διαδρομή γύρω από το Ακρωτήριο Κέιπ Χορν, επιτρέποντας σε ένα πλοίο να εξοικονομήσει περίπου 8.000 μίλια όταν ταξιδεύει μεταξύ του Ατλαντικού και του Ειρηνικού Ωκεανού."
Συγκρίνετε τα πλεονεκτήματα και τα μειονεκτήματα της ενοικίασης διαμερίσματος έναντι της ιδιοκτησίας σπιτιού.,,"Η ενοικίαση προσφέρει μεγάλη ευελιξία και χαμηλότερα αρχικά οικονομικά εμπόδια, καθώς αποφεύγετε μεγάλες προκαταβολές και έξοδα κλεισίματος (closing costs). Επιπλέον, οι ευθύνες συντήρησης και επισκευής ανήκουν στον ιδιοκτήτη, απλοποιώντας τις υποχρεώσεις σας. Ωστόσο, η ενοικίαση σημαίνει ότι δεν χτίζετε καθόλου περιουσιακό κεφάλαιο (equity). Οι μηνιαίες πληρωμές είναι καθαρά έξοδα και αντιμετωπίζετε περιορισμούς στις τροποποιήσεις και πιθανές απρόβλεπτες αυξήσεις ενοικίου. Αντίθετα, η ιδιοκτησία σπιτιού σας επιτρέπει να χτίζετε περιουσιακό κεφάλαιο και πλούτο με την πάροδο του χρόνου, παρέχει πιθανά φορολογικά οφέλη (όπως η έκπτωση τόκων στεγαστικού δανείου) και σας δίνει την ελευθερία να προσαρμόσετε τον χώρο σας. Τα μειονεκτήματα περιλαμβάνουν σημαντική αρχική επένδυση, το βάρος όλων των εξόδων συντήρησης (τόσο τα τακτικά όσο και τα έκτακτα) και τη μειωμένη γεωγραφική κινητικότητα."
"Κατηγοριοποιήστε τις ακόλουθες ιστορικές μορφές με βάση τον κύριο τομέα συνεισφοράς τους: Επιστήμη, Τέχνη ή Πολιτική.","Leonardo da Vinci, Albert Einstein, Winston Churchill, Marie Curie, Pablo Picasso, Abraham Lincoln","Λεονάρντο ντα Βίντσι: Τέχνη. Ήταν μια πεμπτουσία της Αναγέννησης, γνωστός κυρίως για τη ζωγραφική και τη γλυπτική του (π.χ. Μόνα Λίζα).
Άλμπερτ Αϊνστάιν: Επιστήμη. Ήταν θεωρητικός φυσικός που ανέπτυξε τη θεωρία της σχετικότητας.
Ουίνστον Τσόρτσιλ: Πολιτική. Υπηρέτησε ως Πρωθυπουργός του Ηνωμένου Βασιλείου κατά τη διάρκεια του Δευτέρου Παγκοσμίου Πολέμου.
Μαρί Κιουρί: Επιστήμη. Ήταν πρωτοπόρος φυσικός και χημικός, διάσημη για την έρευνά της στη ραδιενέργεια.
Πάμπλο Πικάσο: Τέχνη. Ήταν Ισπανός ζωγράφος και γλύπτης, γνωστός ως συνιδρυτής του κινήματος του Κυβισμού.
Αβραάμ Λίνκολν: Πολιτική. Υπηρέτησε ως ο 16ος Πρόεδρος των Ηνωμένων Πολιτειών."
Ποιο είναι το ψηλότερο κτίριο στον κόσμο και πότε ολοκληρώθηκε;,,"Το ψηλότερο κτίριο στον κόσμο είναι το Μπουρτζ Χαλίφα, που βρίσκεται στο Ντουμπάι, Ηνωμένα Αραβικά Εμιράτα. Έχει ύψος 828 μέτρα (2.717 πόδια). Η κατασκευή ξεκίνησε το 2004 και το κτίριο ολοκληρώθηκε επίσημα και άνοιξε τον Ιανουάριο του 2010. Κατέχει το παγκόσμιο ρεκόρ τόσο για την ψηλότερη κατασκευή όσο και για το ψηλότερο κτίριο με διαφορά."
"Εξάγετε τα βασικά γεγονότα από το ακόλουθο κείμενο και διαμορφώστε τα ως μια λίστα με κουκκίδες που να περιέχει τον Εφευρέτη, την Κατά προσέγγιση Ημερομηνία, το Σημαντικό Έργο και τον Αντίκτυπο.","Η εφεύρεση της τυπογραφίας από τον Ιωάννη Γουτεμβέργιο γύρω στο 1440 αναφέρεται συχνά ως το σημαντικότερο γεγονός της σύγχρονης περιόδου. Ο Γουτεμβέργιος, ένας Γερμανός χρυσοχόος, ανέπτυξε ένα σύστημα που έφερε επανάσταση στην παραγωγή και διανομή βιβλίων. Το σημαντικότερο έργο του, η Βίβλος του Γουτεμβέργιου, τυπώθηκε στο Μάιντς της Γερμανίας, γύρω στο 1455. Αυτή η τεχνολογία μείωσε δραματικά το κόστος των βιβλίων και οδήγησε σε μαζική αύξηση του αλφαβητισμού σε όλη την Ευρώπη.","*   Εφευρέτης: Ιωάννης Γουτεμβέργιος (Γερμανός χρυσοχόος)
*   Κατά προσέγγιση Ημερομηνία: Γύρω στο 1440
*   Σημαντικό Έργο: Η Βίβλος του Γουτεμβέργιου (τυπώθηκε γύρω στο 1455)
*   Αντίκτυπος: Μείωσε δραματικά το κόστος των βιβλίων και οδήγησε σε μαζική αύξηση του αλφαβητισμού σε όλη την Ευρώπη."
Ορίστε το blockchain και εξηγήστε τα κύρια συστατικά του.,,"Το blockchain είναι ένα αποκεντρωμένο, κατανεμημένο και συχνά δημόσιο ψηφιακό καθολικό που αποτελείται από εγγραφές που ονομάζονται μπλοκ και χρησιμοποιούνται για την καταγραφή συναλλαγών σε πολλούς υπολογιστές, έτσι ώστε οποιοδήποτε εμπλεκόμενο μπλοκ να μην μπορεί να αλλοιωθεί αναδρομικά χωρίς την αλλοίωση όλων των επόμενων μπλοκ. Τα κύρια συστατικά του περιλαμβάνουν το κατανεμημένο καθολικό (την κοινή βάση δεδομένων), τα μπλοκ (σύνολα δεδομένων συνδεδεμένα μέσω κρυπτογραφικών κατακερματισμών), τον κατακερματισμό (ένα μοναδικό ψηφιακό αποτύπωμα για κάθε μπλοκ), και έναν μηχανισμό συναίνεσης (τους κανόνες που χρησιμοποιούνται για την επικύρωση νέων συναλλαγών, όπως η Απόδειξη Εργασίας ή η Απόδειξη Συμμετοχής)."
"Αναλύστε το παρεχόμενο κείμενο και περιγράψτε τη διαδικασία της «επικοινωνίας κβαντικής διεμπλοκής» με απλούς, βήμα προς βήμα όρους, όπως εξηγείται από την πηγή.","Ο Δρ. Άρης Θορν, μιλώντας στο Φυσικό Κολοκίουμ, περιέγραψε τις δυσκολίες και τις δυνατότητες της ταχείας μεταφοράς πληροφοριών. Εξήγησε: «Η κβαντική διεμπλοκή δεν είναι στιγμιαία επικοινωνία, αντίθετα με τη λαϊκή πεποίθηση. Περιλαμβάνει δύο συνδεδεμένα σωματίδια, συχνά φωτόνια, που μοιράζονται την ίδια κβαντική κατάσταση ανεξάρτητα από την απόσταση. Όταν μετράται η στροφορμή (spin) (ή η πόλωση) του Σωματιδίου Α, η κατάσταση του Σωματιδίου Β γίνεται στιγμιαία γνωστή. Ωστόσο, αυτή η μέτρηση επιβεβαιώνει μόνο την κατάσταση. δεν μεταφέρει μήνυμα. Για την επίτευξη «επικοινωνίας», πρέπει να χρησιμοποιηθεί ένας δευτερεύων κλασικός δίαυλος (όπως ένα ραδιοκύμα) για τη μετάδοση του κλειδιού σύγκρισης, επιβεβαιώνοντας τι σήμαινε η κατάσταση του Σωματιδίου Α (π.χ., «Spin Up» σημαίνει «1», «Spin Down» σημαίνει «0»). Επομένως, τα βήματα είναι: 1. Διεμπλοκή των σωματιδίων. 2. Διαχωρισμός τους. 3. Μέτρηση του Σωματιδίου Α. 4. Η Κατάσταση Β συσχετίζεται στιγμιαία. 5. Χρήση κλασικού διαύλου για τη μετάδοση του κλειδιού ερμηνείας της μέτρησης.»","Η διαδικασία της επικοινωνίας κβαντικής διεμπλοκής περιλαμβάνει πολλά διακριτά βήματα, απαιτώντας έναν δευτερεύοντα παραδοσιακό δίαυλο για την ερμηνεία των ευρημάτων: 
1. Διεμπλοκή των σωματιδίων (συχνά φωτονίων) ώστε να μοιράζονται την ίδια κβαντική κατάσταση.
2. Διαχωρισμός των σωματιδίων διατηρώντας τον κβαντικό τους δεσμό.
3. Μέτρηση της κατάστασης (π.χ., στροφορμή ή πόλωση) του πρώτου σωματιδίου (Σωματίδιο Α).
4. Η κατάσταση του δεύτερου σωματιδίου (Σωματίδιο Β) επιβεβαιώνεται στιγμιαία λόγω συσχέτισης.
5. Ένας δευτερεύων, κλασικός δίαυλος (όπως ένα ραδιοκύμα) πρέπει να χρησιμοποιηθεί για τη μετάδοση του κλειδιού ερμηνείας που εξηγεί τη σημασία του αποτελέσματος της μέτρησης."
Κατατάξτε τις ακόλουθες γεωγραφικές τοποθεσίες χρησιμοποιώντας τους κωδικούς 'C' για Ήπειρο και 'N' για Έθνος/Χώρα. Απαντήστε με τις κατατάξεις χωρισμένες με κόμματα με τη σειρά που αναφέρονται.,"Ασία, Βραζιλία, Ανταρκτική, Αίγυπτος, Αυστραλία","C, N, C, N, N"
"Καθορίστε ποια από τις ακόλουθες διάσημες κατασκευές στέκεται ακόμα και ποια κατεδαφίστηκε: Ο αρχικός Σταθμός Penn (NYC), Το Empire State Building (NYC).",,Ο αρχικός Σταθμός Penn κατεδαφίστηκε (1963)· Το Empire State Building στέκεται ακόμα.
Ορίστε την περίοδο της Αναγέννησης.,,"Η Αναγέννηση ήταν μια έντονη περίοδος ευρωπαϊκής πολιτιστικής, καλλιτεχνικής, πολιτικής και οικονομικής «αναγέννησης» που ακολούθησε τον Μεσαίωνα, που γενικά εκτείνεται από τον 14ο έως τον 16ο αιώνα, και χαρακτηρίστηκε από ανανεωμένο ενδιαφέρον για την κλασική φιλοσοφία και μάθηση."
Ποια είναι τα βασικά στοιχεία που συνιστούν ένα λειτουργικό σύμπλεγμα Kubernetes;,,"Ένα λειτουργικό σύμπλεγμα Kubernetes αποτελείται ουσιαστικά από δύο κύρια σύνολα πόρων: το Επίπεδο Ελέγχου (Control Plane ή Master) και τους Κόμβους Εργασίας (Worker Nodes). 

**1. Στοιχεία Επιπέδου Ελέγχου (Master)**
Το Επίπεδο Ελέγχου διαχειρίζεται την κατάσταση του συμπλέγματος, τον προγραμματισμό και τη συνολική υγεία. Τα βασικά του στοιχεία είναι:
*   **Kube-apiserver:** Το μπροστινό άκρο (front end) για το Επίπεδο Ελέγχου. Εκθέτει το API του Kubernetes και είναι υπεύθυνο για την επεξεργασία λειτουργιών REST, την επικύρωση και τη διαμόρφωση δεδομένων για αντικείμενα (pods, υπηρεσίες κ.λπ.).
*   **etcd:** Ένα συνεπές και υψηλής διαθεσιμότητας κεντρικό κατάστημα κλειδιού-τιμής (key-value store) που χρησιμεύει ως αποθηκευτικός χώρος υποστήριξης (backing store) του Kubernetes για όλα τα δεδομένα του συμπλέγματος.
*   **Kube-scheduler:** Παρακολουθεί τα νέα Pods που δημιουργούνται και δεν έχουν ανατεθειμένο κόμβο, και επιλέγει έναν κόμβο για να τρέξουν, με βάση τις απαιτήσεις πόρων, τους περιορισμούς και άλλους παράγοντες.
*   **Kube-controller-manager:** Εκτελεί βρόχους ελεγκτών (π.χ., Node Controller, Replication Controller) που ρυθμίζουν την κατάσταση του συμπλέγματος, διασφαλίζοντας ότι η τρέχουσα κατάσταση ταιριάζει με την επιθυμητή κατάσταση.

**2. Στοιχεία Κόμβου Εργασίας (Worker Node Components)**
Οι Κόμβοι Εργασίας εκτελούν τις εφαρμογές σε containers. Περιέχουν τα ακόλουθα βασικά στοιχεία:
*   **Kubelet:** Ένας πράκτορας (agent) που τρέχει σε κάθε κόμβο του συμπλέγματος. Διασφαλίζει ότι τα containers εκτελούνται σε ένα Pod.
*   **Kube-proxy:** Ένας διακομιστής μεσολάβησης δικτύου (network proxy) που τρέχει σε κάθε κόμβο και διατηρεί κανόνες δικτύου στους κόμβους. Αυτοί οι κανόνες επιτρέπουν την επικοινωνία με τα Pods σας από έξω ή μέσα στο σύμπλεγμα.
*   **Container Runtime:** Το λογισμικό που είναι υπεύθυνο για την εκτέλεση containers (π.χ., Docker, containerd, CRI-O)."
"Καταγράψτε τους πέντε μεγαλύτερους φυσικούς δορυφόρους (φεγγάρια) στο Ηλιακό Σύστημα, ξεκινώντας από τον μεγαλύτερο.",,"Γανυμήδης (Δίας), Τιτάνας (Κρόνος), Καλλιστώ (Δίας), Ιώ (Δίας), Η Σελήνη της Γης (Σελήνη)"
Πού βρίσκεται το βαθύτερο σημείο στους ωκεανούς του κόσμου και πόσο βαθύ είναι;,,"Το βαθύτερο γνωστό σημείο είναι η Άβυσσος του Challenger, που βρίσκεται στην Τάφρο των Μαριανών στον δυτικό Ειρηνικό Ωκεανό. Η βαθύτερη μέτρησή του είναι περίπου 10.935 μέτρα (35.876 πόδια) κάτω από την επιφάνεια της θάλασσας. Αυτό το ακραίο βάθος σημαίνει ότι η πίεση είναι πάνω από 1.000 φορές η κανονική ατμοσφαιρική πίεση στο επίπεδο της θάλασσας, υποστηρίζοντας μοναδικές χημειοσυνθετικές μορφές ζωής που δεν εξαρτώνται από το φως του ήλιου."
Ποιος σημαντικός περιορισμός ώθησε τη Μαρία Σκλοντόφσκα να σπουδάσει στο υπόγειο Ιπτάμενο Πανεπιστήμιο;,"Η Μαρία Σκλοντόφσκα γεννήθηκε στη Βαρσοβία (τότε μέρος της Ρωσικής Αυτοκρατορίας) το 1867. Σπούδασε στο υπόγειο Ιπτάμενο Πανεπιστήμιο της Βαρσοβίας επειδή, εκείνη την εποχή, οι γυναίκες αποκλείονταν από την τριτοβάθμια εκπαίδευση. Μετακόμισε στο Παρίσι το 1891 για να παρακολουθήσει τη Σορβόννη, όπου απέκτησε πτυχία στη φυσική και τα μαθηματικά. Το 1895, παντρεύτηκε τον Γάλλο φυσικό Πιερ Κιουρί. Το έργο της με τον σύζυγό της επικεντρώθηκε στην ακτινοβολία και οδήγησε στην ανακάλυψη δύο νέων στοιχείων: του πολώνιου (που πήρε το όνομά του από την πατρίδα της, την Πολωνία) και του ράδιου. Το 1903, οι Κιουρί μοιράστηκαν το βραβείο Νόμπελ Φυσικής με τον Ανρί Μπεκερέλ, καθιστώντας τη Μαρία την πρώτη γυναίκα που κέρδισε βραβείο Νόμπελ. Μετά τον θάνατο του Πιερ το 1906, συνέχισε το έργο τους και τιμήθηκε με το βραβείο Νόμπελ Χημείας του 1911 για την απομόνωση καθαρού ράδιου.",Οι γυναίκες αποκλείονταν από την τριτοβάθμια εκπαίδευση εκείνη την εποχή.
"Καταγράψτε τις επτά παραδοσιακές ηπείρους κατά σειρά μεγέθους, από τη μεγαλύτερη προς τη μικρότερη, χρησιμοποιώντας μια αριθμημένη λίστα.",,"1. Ασία
2. Αφρική
3. Βόρεια Αμερική
4. Νότια Αμερική
5. Ανταρκτική
6. Ευρώπη
7. Αυστραλία"
Τι είναι η συλλογή απορριμμάτων;,,Μια μορφή αυτόματης διαχείρισης μνήμης που επιδιώκει να ανακτήσει τη μνήμη που καταλαμβάνεται από αντικείμενα στα οποία δεν γίνεται πλέον αναφορά ή δεν είναι προσβάσιμα από το πρόγραμμα που εκτελείται.
Ποιο είναι το όνομα της οργάνωσης στην οποία ανήκε ο Όμπι-Γουάν Κενόμπι;,,Το Τάγμα των Τζεντάι
Ποια είναι η κύρια λειτουργία της ανθρώπινης σκωληκοειδούς απόφυσης;,,"Ιστορικά, η ανθρώπινη σκωληκοειδής απόφυση θεωρούνταν υπολειμματικό όργανο χωρίς ουσιαστική λειτουργία. Ωστόσο, οι τρέχουσες έρευνες υποδηλώνουν ότι μπορεί να διαδραματίζει ρόλο στο ανοσοποιητικό σύστημα, λειτουργώντας συγκεκριμένα ως καταφύγιο για τα ωφέλιμα εντερικά βακτήρια (χλωρίδα). Όταν μια ασθένεια ή μια πάθηση καθαρίζει το πεπτικό σύστημα, η απόφυση απελευθερώνει αυτά τα αποθηκευμένα βακτήρια, βοηθώντας στην ταχεία επαναποίκηση του εντέρου και την αποκατάσταση της φυσιολογικής λειτουργίας."
"Ποιος από τους παρακάτω αριθμούς δεν ανήκει στους υπόλοιπους: 12, 45, 27, 33, 56, 18;",,"Ο υποκείμενος κανόνας για αυτό το σύνολο είναι η διαιρετότητα. Οι αριθμοί 12, 45, 27, 33 και 18 είναι όλοι πολλαπλάσια του 3. Ο κανόνας διαιρετότητας με το 3 ορίζει ότι αν το άθροισμα των ψηφίων ενός αριθμού διαιρείται με το 3, τότε ο ίδιος ο αριθμός διαιρείται με το 3. Για το 56, το άθροισμα των ψηφίων είναι 5+6=11, το οποίο δεν διαιρείται με το 3. Επομένως, το 56 είναι ο αριθμός που δεν ανήκει στους υπόλοιπους."
"Συνοψίστε τις βασικές διαφορές μεταξύ των πρωτοκόλλων TCP και UDP για ένα μη τεχνικό κοινό, χρησιμοποιώντας λιγότερες από 100 λέξεις.",,"Το TCP (Transmission Control Protocol) είναι αξιόπιστο και προσανατολισμένο στη σύνδεση. Εγγυάται ότι όλα τα δεδομένα φτάνουν σωστά και με τη σειρά, παρόμοια με την αποστολή συστημένης επιστολής. Είναι πιο αργό, αλλά χρησιμοποιείται για περιήγηση στο διαδίκτυο και email. Το UDP (User Datagram Protocol) είναι ταχύτερο και χωρίς σύνδεση. Στέλνει δεδομένα χωρίς επιβεβαίωση, αποδεχόμενο πιθανή απώλεια, όπως μια καρτ ποστάλ. Είναι ιδανικό για παιχνίδια, ροή βίντεο και αναζήτηση DNS."
Ποιοι παράγοντες οδήγησαν στην παρακμή και την τελική απαξίωση της πλατφόρμας κοινωνικής δικτύωσης Myspace;,,"Οι πρωταρχικές αιτίες περιελάμβαναν τον έντονο ανταγωνισμό από το Facebook, το οποίο προσέφερε καθαρότερη διεπαφή και ισχυρότερη επαλήθευση ταυτότητας. Το Myspace υπέφερε επίσης από αργή καινοτομία, δυσκολίες στη διαχείριση τεράστιων ποσοτήτων προσαρμοσμένου κώδικα χρήστη και φήμη για υπερβολικά ανεπιθύμητα μηνύματα (spam) και ακατάστατο σχεδιασμό, γεγονός που δυσκόλευε την πλοήγηση των χρηστών."
Εξηγήστε τη διαφορά μεταξύ μιας λίστας (list) και μιας πλειάδας (tuple) στην Python.,,"Στην Python, τόσο οι λίστες (lists) όσο και οι πλειάδες (tuples) χρησιμοποιούνται για την αποθήκευση συλλογών δεδομένων. Η κύρια διαφορά είναι η μεταβλητότητα (mutability). Οι λίστες είναι μεταβλητές, πράγμα που σημαίνει ότι τα στοιχεία τους μπορούν να αλλαχθούν, να προστεθούν ή να αφαιρεθούν μετά τη δημιουργία τους (ορίζονται χρησιμοποιώντας αγκύλες, π.χ., [1, 2]). Οι πλειάδες είναι αμετάβλητες, πράγμα που σημαίνει ότι δεν μπορούν να αλλάξουν μόλις δημιουργηθούν (ορίζονται χρησιμοποιώντας παρενθέσεις, π.χ., (1, 2)). Οι πλειάδες είναι γενικά ταχύτερες και ασφαλέστερες για δεδομένα που δεν πρέπει να αλλάξουν."
Εξηγήστε τη βασική διαφορά μεταξύ των αλγορίθμων συμπίεσης δεδομένων με απώλεια (lossy) και χωρίς απώλεια (lossless).,,"Οι αλγόριθμοι συμπίεσης είναι ζωτικής σημασίας για τη μείωση του μεγέθους των αρχείων για αποθήκευση και μετάδοση. Η κύρια διαφορά μεταξύ των δύο βασικών τύπων έγκειται στον τρόπο με τον οποίο αντιμετωπίζονται τα δεδομένα κατά τη διαδικασία μείωσης και στο αν οι αρχικές πληροφορίες μπορούν να ανακατασκευαστούν τέλεια.

Η συμπίεση χωρίς απώλεια (Lossless), όπως υποδηλώνει το όνομα, επιτρέπει την τέλεια ανακατασκευή των αρχικών δεδομένων από τα συμπιεσμένα δεδομένα. Λειτουργεί εντοπίζοντας και εξαλείφοντας τη στατιστική πλεονασμό—όπως επαναλαμβανόμενα μοτίβα ή αναποτελεσματική κωδικοποίηση—χωρίς να αφαιρεί καμία ουσιώδη πληροφορία. Παραδείγματα μορφών που χρησιμοποιούν συμπίεση χωρίς απώλεια περιλαμβάνουν αρχεία ZIP, εικόνες PNG και ήχο FLAC. Αυτή η μέθοδος είναι απαραίτητη για εφαρμογές ακεραιότητας δεδομένων, όπως έγγραφα κειμένου, εκτελέσιμα προγράμματα ή οικονομικά αρχεία, όπου ακόμη και η μικρότερη απώλεια δεδομένων είναι απαράδεκτη.

Αντίθετα, η συμπίεση με απώλεια (Lossy) επιτυγχάνει πολύ υψηλότερους λόγους συμπίεσης απορρίπτοντας μόνιμα ορισμένα δεδομένα που θεωρούνται περιττά ή ανεπαίσθητα στο ανθρώπινο μάτι ή αυτί. Αυτό συνήθως γίνεται με τη μοντελοποίηση της ψυχοακουστικής (ήχου) ή της ψυχοοπτικής (εικόνας) αντίληψης, προκειμένου να αφαιρεθούν έξυπνα λεπτομέρειες σε συχνότητες ή χρωματικές περιοχές στις οποίες οι άνθρωποι είναι λιγότερο ευαίσθητοι. Αν και αυτό έχει ως αποτέλεσμα ένα σημαντικά μικρότερο μέγεθος αρχείου, τα αρχικά δεδομένα δεν μπορούν να ανακτηθούν πλήρως. Η συμπίεση με απώλεια χρησιμοποιείται ευρέως για μέσα ροής (streaming media) όπως εικόνες JPEG, ήχο MP3 και βίντεο MPEG, όπου η ελαφρά υποβάθμιση της ποιότητας είναι μια αποδεκτή αντιστάθμιση για τη μαζική μείωση του μεγέθους των αρχείων."
Ποιο είναι το χημικό σύμβολο του αργύρου;,,Ag
"Γιατί οι μεγάλες εταιρείες τεχνολογίας παρέχουν συχνά εκτεταμένες δωρεάν παροχές, όπως γκουρμέ καφετέριες, γυμναστήρια και υπηρεσίες πλυντηρίου;",,"Η πρακτική της παροχής εκτεταμένων, συχνά πολυτελών, ανέσεων (όπως δωρεάν φαγητό, υγειονομική περίθαλψη εντός του χώρου εργασίας και γυμναστήρια) από μεγάλες τεχνολογικές εταιρείες εξυπηρετεί διάφορους στρατηγικούς επιχειρηματικούς σκοπούς πέρα από την απλή καλή θέληση των εργαζομένων. Πρώτον, είναι ένα κρίσιμο εργαλείο στον ανταγωνιστικό «πόλεμο για τα ταλέντα», λειτουργώντας ως ένα ισχυρό μη-μισθολογικό όφελος που βοηθά στην πρόσληψη και διατήρηση μηχανικών και προγραμματιστών κορυφαίου επιπέδου. Δεύτερον, αυτές οι παροχές έχουν σχεδιαστεί για τη μεγιστοποίηση της παραγωγικότητας και της αποδοτικότητας. Παρέχοντας ό,τι χρειάζεται ένας εργαζόμενος εντός του χώρου, οι εταιρείες τον ενθαρρύνουν διακριτικά να περνά περισσότερο χρόνο στη δουλειά και να μειώνει τις διακοπές από εξωτερικές εργασίες (όπως η μετακίνηση για μεσημεριανό γεύμα ή η διεκπεραίωση υποχρεώσεων). Αυτό σημαίνει επίσης ότι οι εργαζόμενοι είναι πιο άμεσα διαθέσιμοι για περισσότερες ώρες. Τέλος, το περιβάλλον που μοιάζει με πανεπιστημιούπολη ενισχύει τη συνεργασία. Το να τρώνε οι εργαζόμενοι μαζί ή να χρησιμοποιούν κοινόχρηστους χώρους ενθαρρύνει άτυπες συναντήσεις, αυθόρμητη δημιουργία ιδεών και ενισχύει τους δεσμούς μεταξύ των ομάδων εντός του χώρου εργασίας."
Περιγράψτε τη διαδικασία της τριμερούς χειραψίας TCP.,"Η τριμερής χειραψία TCP είναι ένας θεμελιώδης μηχανισμός που χρησιμοποιείται από το Transmission Control Protocol (TCP) για την εγκαθίδρυση μιας αξιόπιστης, πλήρως αμφίδρομης σύνδεσης μεταξύ δύο συσκευών, συνήθως ενός πελάτη (client) και ενός διακομιστή (server). Αυτή η διαδικασία είναι απαραίτητη για τον συγχρονισμό των αριθμών ακολουθίας και για να διασφαλιστεί ότι και τα δύο μέρη είναι έτοιμα να μεταδώσουν και να λάβουν δεδομένα πριν ξεκινήσει η μεταφορά δεδομένων εφαρμογής. 

1. SYN (Συγχρονισμός): Ο αρχικός κεντρικός υπολογιστής (Client) στέλνει ένα τμήμα SYN στον κεντρικό υπολογιστή προορισμού (Server). Αυτό το τμήμα περιλαμβάνει τον αρχικό αριθμό ακολουθίας (ISN) του πελάτη. Σε αυτό το σημείο, ο πελάτης μεταβαίνει από την κατάσταση CLOSED στην κατάσταση SYN-SENT.

2. SYN-ACK (Συγχρονισμός-Επιβεβαίωση): Με τη λήψη του SYN, ο διακομιστής απαντά με ένα τμήμα SYN-ACK. Αυτό το τμήμα εξυπηρετεί δύο σκοπούς: επιβεβαιώνει το αίτημα σύνδεσης του πελάτη (ACK = ISN πελάτη + 1) και ξεκινά τη δική του προσπάθεια σύνδεσης παρέχοντας τον αρχικό αριθμό ακολουθίας (ISN) του διακομιστή. Ο διακομιστής μεταβαίνει στην κατάσταση SYN-RECEIVED.

3. ACK (Επιβεβαίωση): Τέλος, ο πελάτης λαμβάνει το SYN-ACK και στέλνει ένα τμήμα ACK πίσω στον διακομιστή. Αυτό το ACK επιβεβαιώνει τη λήψη του αριθμού συγχρονισμού του διακομιστή (ACK = ISN διακομιστή + 1). Μόλις ληφθεί αυτό το τρίτο τμήμα από τον διακομιστή, και οι δύο κεντρικοί υπολογιστές μεταβαίνουν στην κατάσταση ESTABLISHED και μπορεί να ξεκινήσει η μετάδοση δεδομένων.","Η τριμερής χειραψία TCP είναι μια κρίσιμη διαδικασία για την εγκαθίδρυση μιας αξιόπιστης σύνδεσης μεταξύ ενός πελάτη και ενός διακομιστή. Πραγματοποιείται σε τρία βήματα:
1. **SYN**: Ο πελάτης στέλνει ένα αίτημα συγχρονισμού (SYN) στον διακομιστή.
2. **SYN-ACK**: Ο διακομιστής επιβεβαιώνει το αίτημα (ACK) και στέλνει τον δικό του αριθμό συγχρονισμού (SYN).
3. **ACK**: Ο πελάτης στέλνει μια τελική επιβεβαίωση (ACK) στον διακομιστή, επιβεβαιώνοντας ότι η σύνδεση έχει εγκαθιδρυθεί και είναι έτοιμη για μεταφορά δεδομένων."
"Κατηγοριοποιήστε τις ακόλουθες λέξεις σε Ουσιαστικό, Ρήμα ή Επίθετο: happiness, swim, tall, chair, eat, green.",,"happiness: Ουσιαστικό
swim: Ρήμα
tall: Επίθετο
chair: Ουσιαστικό
eat: Ρήμα
green: Επίθετο"
Πότε κατασκευάστηκε ο Πύργος του Άιφελ και γιατί;,,"Ο Πύργος του Άιφελ κατασκευάστηκε μεταξύ του 1887 και του 1889. Χτίστηκε ως η πύλη εισόδου για την Παγκόσμια Έκθεση του 1889 (Exposition Universelle), η οποία σηματοδότησε την 100ή επέτειο της Γαλλικής Επανάστασης."
"Δώστε μια απλή συνάρτηση Python για να ελέγξετε αν μια συμβολοσειρά είναι παλίνδρομος, αγνοώντας την περίπτωση γραμμάτων και τα κενά.",,"python
def is_palindrome(s):
    # Καθαρισμός της συμβολοσειράς: κρατήστε μόνο αλφαριθμητικούς χαρακτήρες και μετατρέψτε σε πεζά
    cleaned_s = """".join(char.lower() for char in s if char.isalnum())
    
    # Ελέγξτε αν η καθαρισμένη συμβολοσειρά είναι ίση με την αντίστροφή της
    return cleaned_s == cleaned_s[::-1]

# Παράδειγμα χρήσης:
# print(is_palindrome(""Racecar""))  # True
# print(is_palindrome(""Madam, I'm Adam"")) # True
# print(is_palindrome(""hello world"")) # False
"
Ονομάστε τον συγγραφέα του κλασικού αμερικανικού μυθιστορήματος Moby Dick.,,Χέρμαν Μέλβιλ
Ονομάστε πέντε εμβληματικά πιάτα που προέρχονται από την Ιταλία.,,"Pizza Napoletana, Lasagna, Risotto, Tiramisu, Spaghetti alla Carbonara."
Ποιο είναι το κατά προσέγγιση ύψος του Πύργου του Άιφελ;,"Ο Πύργος του Άιφελ είναι ένας δικτυωτός πύργος από σφυρήλατο σίδηρο στο Πεδίο του Άρεως στο Παρίσι, Γαλλία. Κατασκευάστηκε από το 1887 έως το 1889 ως είσοδος στην Παγκόσμια Έκθεση του 1889. Ονομάστηκε από τον μηχανικό Γουστάβο Άιφελ, του οποίου η εταιρεία σχεδίασε και κατασκεύασε τον πύργο. Έχει ύψος 330 μέτρα (1.083 πόδια), το οποίο είναι περίπου το ίδιο ύψος με ένα κτίριο 81 ορόφων.",330 μέτρα (1.083 πόδια)
"Προσδιορίστε τον εφευρέτη για τα ακόλουθα: Τηλέφωνο, Εμβόλιο Πολιομυελίτιδας.",,"Το Τηλέφωνο εφευρέθηκε από τον Alexander Graham Bell, το Εμβόλιο Πολιομυελίτιδας από τον Jonas Salk."
"Κατατάξτε τα ακόλουθα ουράνια σώματα σε Πλανήτες, Δορυφόρους ή Νάνους Πλανήτες: Γη, Άρης, Πλούτωνας, Ευρώπη, Δήμητρα, και Τιτάνας.",,"Πλανήτες: Γη, Άρης. Δορυφόροι: Ευρώπη και Τιτάνας. Νάνοι Πλανήτες: Πλούτωνας και Δήμητρα."
"Αναφέρετε την πρωτεύουσα για καθεμία από τις ακόλουθες χώρες: Γαλλία, Ιαπωνία, Αυστραλία, Βραζιλία, Καναδάς και Αίγυπτος.",,"Γαλλία: Παρίσι
Ιαπωνία: Τόκιο
Αυστραλία: Καμπέρα
Αυστραλία: Μπραζίλια
Καναδάς: Οττάβα
Αίγυπτος: Κάιρο"
"Εξάγετε όλα τα κύρια γεωγραφικά ονόματα (επαρχίες, πόλεις ή φυσικά χαρακτηριστικά) και οργανώστε τα σε μια λίστα με βάση τη σύγχρονη κατά προσέγγιση χώρα ή περιοχή τους.","Η Ρωμαϊκή Αυτοκρατορία, με καταγωγή από την πόλη της Ρώμης, τελικά κυριάρχησε στον μεσογειακό κόσμο. Τα εδάφη της εκτείνονταν από τις ακτές της Βρετανίας (σημερινή Αγγλία και Ουαλία) στα βορειοδυτικά, διασχίζοντας τη Γαλατία (Γαλλία), και φτάνοντας μέχρι την Ισπανία (Ισπανία και Πορτογαλία). Στα ανατολικά, η αυτοκρατορία έλεγχε την Ελλάδα, την Ανατολία (Τουρκία), και τις εύφορες περιοχές της Αιγύπτου, με κέντρο την Αλεξάνδρεια. Σημαντικά έργα υποδομής κατασκευάστηκαν επίσης στη Βόρεια Αφρική, ιδιαίτερα σε επαρχίες όπως η Μαυριτανία και η Νουμιδία (Αλγερία/Τυνησία). Τα κύρια στρατιωτικά σύνορα συχνά εκτείνονταν κατά μήκος των ποταμών Δούναβη και Ρήνου, στα σύνορα της Γερμανίας, η οποία παρέμεινε σε μεγάλο βαθμό ακατάκτητη.","Ιταλία:
- Ρώμη

Ηνωμένο Βασίλειο:
- Βρετανία (Αγγλία και Ουαλία)

Γαλλία:
- Γαλατία

Ισπανία & Πορτογαλία:
- Ισπανία

Ελλάδα & Τουρκία:
- Ελλάδα
- Ανατολία

Βόρεια Αφρική (Αίγυπτος, Αλγερία, Τυνησία):
- Αίγυπτος
- Αλεξάνδρεια
- Μαυριτανία
- Νουμιδία

Κεντρική Ευρωπαϊκή Μεθόριος:
- Ποταμός Δούναβης
- Ποταμός Ρήνος
- Γερμανία"
"Σε ποιον αποδίδεται η εφεύρεση του Παγκόσμιου Ιστού (World Wide Web), και πού εργαζόταν όταν το έκανε;","Ο Παγκόσμιος Ιστός (WWW) είναι ένα σύστημα πληροφοριών όπου έγγραφα και άλλοι διαδικτυακοί πόροι αναγνωρίζονται από Ενιαίους Εντοπιστές Πόρων (Uniform Resource Locators), οι οποίοι μπορεί να συνδέονται μεταξύ τους μέσω υπερσυνδέσμων και είναι προσβάσιμοι μέσω του Διαδικτύου. Εφευρέθηκε από τον Άγγλο επιστήμονα υπολογιστών Tim Berners-Lee ενώ εργαζόταν στο CERN το 1989. Ο Ιστός αρχικά σχεδιάστηκε και αναπτύχθηκε για να καλύψει τη ζήτηση για αυτοματοποιημένη ανταλλαγή πληροφοριών μεταξύ επιστημόνων σε πανεπιστήμια και ινστιτούτα σε όλο τον κόσμο.",Ο Ιστός εφευρέθηκε από τον Άγγλο επιστήμονα υπολογιστών Tim Berners-Lee ενώ εργαζόταν στο CERN.
"Προσδιορίστε αν οι ακόλουθες ενώσεις παρουσιάζουν κυρίως ιοντικό ή ομοιοπολικό δεσμό, και ορίστε εν συντομία τα χαρακτηριστικά του κάθε τύπου δεσμού.","NaCl, CO2, H2O, MgCl2, CH4, LiF","Οι ενώσεις ταξινομούνται ως εξής:

**Ιοντικοί Δεσμοί:** NaCl, MgCl2, LiF
Ο ιοντικός δεσμός εμφανίζεται συνήθως μεταξύ ενός μετάλλου και ενός αμετάλλου. Περιλαμβάνει την πλήρη μεταφορά ηλεκτρονίων σθένους από το ένα άτομο (το μέταλλο) στο άλλο (το αμέταλλο), με αποτέλεσμα τον σχηματισμό φορτισμένων ιόντων που συγκρατούνται μεταξύ τους με ηλεκτροστατική έλξη.

**Ομοιοπολικοί Δεσμοί:** CO2, H2O, CH4
Ο ομοιοπολικός δεσμός εμφανίζεται συνήθως μεταξύ δύο αμετάλλων. Περιλαμβάνει την κοινή χρήση ηλεκτρονίων σθένους μεταξύ των ατόμων, με αποτέλεσμα σταθερά μόρια."
Ποια είναι η κύρια λειτουργία ενός Δικτύου Διανομής Περιεχομένου (CDN);,,"Ένα Δίκτυο Διανομής Περιεχομένου (CDN) είναι μια γεωγραφικά κατανεμημένη ομάδα διακομιστών που συνεργάζονται για την παροχή γρήγορης παράδοσης περιεχομένου Διαδικτύου. Η κύρια λειτουργία του είναι να μειώνει την καθυστέρηση (latency) και τους χρόνους φόρτωσης, αποθηκεύοντας προσωρινά στατικό περιεχόμενο (όπως εικόνες, βίντεο και φύλλα στυλ) σε «διακομιστές άκρου» (edge servers) που βρίσκονται πιο κοντά στους τελικούς χρήστες. Αυτό ελαχιστοποιεί τη φυσική απόσταση που πρέπει να διανύσουν τα δεδομένα, βελτιώνοντας την απόδοση και την αξιοπιστία του ιστότοπου."
"Προσδιορίστε όλα τα μη μέταλλα που αναφέρονται εδώ: Σίδηρος, Οξυγόνο, Χρυσός, Νέον, Χαλκός.",,"Το Οξυγόνο και το Νέον είναι τα μη μέταλλα στη λίστα. Ο Σίδηρος, ο Χρυσός και ο Χαλκός ταξινομούνται ως μέταλλα."
Τι σκοπεύεις να φτιάξεις για βραδινό απόψε;,,Νομίζω ότι επιτέλους θα δοκιμάσω εκείνη τη δύσκολη συνταγή για λαζάνια. Εύχημαι καλή τύχη με τη μπεσαμέλ!
Ποιος είναι ο πιο γρήγορος τρόπος για να διαβάσετε ένα μεγάλο αρχείο CSV σε περιβάλλον Python;,,"Αν και η τυπική ενότητα `csv` της Python ή η `read_csv()` του Pandas είναι κοινές, για μεγάλα αρχεία, η πιο γρήγορη μέθοδος είναι γενικά η χρήση της συνάρτησης `pandas.read_csv()`, βελτιστοποιώντας τις παραμέτρους της. Βεβαιωθείτε ότι καθορίζετε το `dtype` (εάν είναι δυνατόν) και χρησιμοποιήστε την παράμετρο `engine='c'` για βελτιώσεις απόδοσης σε σχέση με την προεπιλεγμένη μηχανή Python. Εάν το αρχείο είναι πραγματικά τεράστιο (πολλά GB), σκεφτείτε να χρησιμοποιήσετε Dask ή PySpark."
"Κατηγοριοποιήστε τις ακόλουθες πρωτεύουσες στις αντίστοιχες ηπείρους τους: Βόρεια Αμερική ή Ευρώπη: Οτάβα, Παρίσι, Πόλη του Μεξικού, Βερολίνο, Ρώμη, Ουάσιγκτον Π.Κ., Λισαβόνα, Κίνγκστον, Λονδίνο, Βιέννη",,"Πόλεις στη Βόρεια Αμερική: Οτάβα, Πόλη του Μεξικού, Ουάσιγκτον Π.Κ., Κίνγκστον
Πόλεις στην Ευρώπη: Παρίσι, Βερολίνο, Ρώμη, Λισαβόνα, Λονδίνο, Βιέννη"
"Ταξινομήστε τα παρεχόμενα χημικά στοιχεία στην κανονική τους κατάσταση σε θερμοκρασία δωματίου: Στερεό, Υγρό ή Αέριο.","Οξυγόνο, Σίδηρος, Υδράργυρος, Βρώμιο, Άζωτο, Χρυσός, Χλώριο, Νάτριο, Ήλιο.","Στερεό: Σίδηρος, Χρυσός, Νάτριο
Υγρό: Υδράργυρος, Βρώμιο
Αέριο: Οξυγόνο, Άζωτο, Χλώριο, Ήλιο"
Είναι αλήθεια ότι το Σινικό Τείχος είναι η μόνη ανθρωπογενής κατασκευή ορατή από το διάστημα;,,"Όχι, αυτός είναι ένας ευρέως διαδεδομένος και διαρκής μύθος. Ο ισχυρισμός συχνά υπονοεί ορατότητα από τη Σελήνη, κάτι που είναι εντελώς ψευδές. Από τη Σελήνη, ακόμα και οι ήπειροι είναι δύσκολο να διακριθούν χωρίς μεγέθυνση, και το Σινικό Τείχος είναι πολύ στενό και ακολουθεί τα φυσικά χρώματα του τοπίου, καθιστώντας αδύνατη την θέαση με γυμνό μάτι. Οι αστροναύτες σε χαμηλή τροχιά της Γης (LEO), όπου βρίσκεται ο Διεθνής Διαστημικός Σταθμός, αναφέρουν ότι ενώ είναι δύσκολο να εντοπιστεί το Τείχος χωρίς να ξέρεις ακριβώς πού να κοιτάξεις, πολλά άλλα μεγαλύτερα ανθρωπογενή χαρακτηριστικά—όπως μεγάλες εθνικές οδοί, διάδρομοι αεροδρομίων, φράγματα και τα φώτα των μεγάλων πόλεων τη νύχτα—είναι πολύ πιο εύκολα ορατά."
Ποιος ήταν ο κύριος μηχανικός της Διώρυγας του Σουέζ και πότε άνοιξε επίσημα η διώρυγα;,"Η Διώρυγα του Σουέζ, που συνδέει τη Μεσόγειο Θάλασσα με την Ερυθρά Θάλασσα, άνοιξε επίσημα τον Νοέμβριο του 1869. Σχεδιάστηκε κυρίως από τον Γάλλο Φερδινάνδο ντε Λεσέψ. Η διώρυγα μείωσε σημαντικά τον χρόνο ταξιδιού μεταξύ Ευρώπης και Ασίας, εξαλείφοντας την ανάγκη πλοήγησης γύρω από την Αφρική. Έχει μήκος περίπου 193 χλμ.",Ο κύριος μηχανικός ήταν ο Φερδινάνδος ντε Λεσέψ και άνοιξε επίσημα τον Νοέμβριο του 1869.
Εξηγήστε την έννοια του φαινομένου του θερμοκηπίου και τον θεμελιώδη ρόλο του στην πρόκληση της παγκόσμιας κλιματικής αλλαγής.,,"Το φαινόμενο του θερμοκηπίου είναι μια φυσική φυσική διεργασία που θερμαίνει την επιφάνεια και την ατμόσφαιρα της Γης. Συμβαίνει όταν ορισμένα αέρια στην ατμόσφαιρα, γνωστά ως αέρια του θερμοκηπίου (ΑτΘ), παγιδεύουν ενέργεια που εκπέμπεται από τη Γη προς το διάστημα. Η διαδικασία ξεκινά όταν η ηλιακή ακτινοβολία φτάνει στην ατμόσφαιρα της Γης. Μεγάλο μέρος αυτής της ενέργειας απορροφάται από την επιφάνεια, προκαλώντας τη θέρμανσή της. Αυτή η θερμαινόμενη επιφάνεια στη συνέχεια ακτινοβολεί ενέργεια πίσω προς το διάστημα με τη μορφή υπέρυθρης ακτινοβολίας μεγαλύτερου μήκους κύματος (θερμότητα). Αντί να περάσουν κατευθείαν στο διάστημα, τα ΑτΘ, όπως το διοξείδιο του άνθρακα (CO2), το μεθάνιο (CH4), το υποξείδιο του αζώτου (N2O) και οι υδρατμοί, απορροφούν αυτή την υπέρυθρη ενέργεια και στη συνέχεια την επανεκπέμπουν προς όλες τις κατευθύνσεις, συμπεριλαμβανομένης της επιστροφής στην επιφάνεια της Γης. Αυτή η επανεκπομπή λειτουργεί ουσιαστικά ως μια θερμική κουβέρτα, παγιδεύοντας τη θερμότητα και διατηρώντας ένα κατοικήσιμο εύρος θερμοκρασιών στον πλανήτη.

Ο ρόλος του φαινομένου του θερμοκηπίου στη σύγχρονη κλιματική αλλαγή επικεντρώνεται στην έννοια του *ενισχυμένου* φαινομένου του θερμοκηπίου. Ενώ η φυσική διαδικασία είναι απαραίτητη για τη ζωή, οι ανθρώπινες δραστηριότητες—κυρίως η καύση ορυκτών καυσίμων, οι βιομηχανικές διεργασίες και οι αλλαγές στη χρήση γης, όπως η αποψίλωση των δασών—έχουν αυξήσει δραματικά τη συγκέντρωση των ΑτΘ στην ατμόσφαιρα κατά τους τελευταίους δύο αιώνες. Αυτή η αυξημένη συγκέντρωση οδηγεί σε μεγαλύτερη κατακράτηση θερμότητας, ενισχύοντας τη φυσική διαδικασία θέρμανσης και καταλήγοντας σε μια αφύσικη αύξηση των μέσων παγκόσμιων θερμοκρασιών, γνωστή ως υπερθέρμανση του πλανήτη, η οποία είναι ο βασικός μοχλός της κλιματικής αλλαγής."
"Γιατί η σκοτεινή ύλη είναι δύσκολο να ανιχνευθεί άμεσα, και πώς οι επιστήμονες συμπεραίνουν την ύπαρξή της;","Η σκοτεινή ύλη είναι μια υποθετική μορφή ύλης που πιστεύεται ότι αντιπροσωπεύει περίπου το 85% της ύλης στο σύμπαν και περίπου το ένα τέταρτο της συνολικής ενεργειακής του πυκνότητας. Το «σκοτεινή» αναφέρεται στο γεγονός ότι δεν φαίνεται να αλληλεπιδρά με το ηλεκτρομαγνητικό πεδίο, πράγμα που σημαίνει ότι δεν απορροφά, δεν ανακλά, ούτε εκπέμπει ηλεκτρομαγνητική ακτινοβολία, και ως εκ τούτου είναι εντελώς αόρατη στα τηλεσκόπια. Δεδομένου ότι δεν αλληλεπιδρά ηλεκτρομαγνητικά, η άμεση ανίχνευση είναι εξαιρετικά δύσκολη. Η ύπαρξή της συνάγεται από τις βαρυτικές επιδράσεις στην ορατή ύλη, όπως οι ταχύτητες με τις οποίες περιστρέφονται οι γαλαξίες (που είναι πολύ γρήγορες για να εξηγηθούν μόνο από την ορατή ύλη) και ο τρόπος που το φως κάμπτεται γύρω από τεράστιες κοσμικές δομές (βαρυτικός φακός).","Η σκοτεινή ύλη είναι διαβόητα δύσκολο να ανιχνευθεί άμεσα επειδή δεν αλληλεπιδρά με το ηλεκτρομαγνητικό πεδίο. Αυτό σημαίνει ότι ούτε απορροφά, ούτε ανακλά, ούτε εκπέμπει φως ή άλλη ακτινοβολία, καθιστώντας την αόρατη στα συνήθη τηλεσκόπια. Οι επιστήμονες συμπεραίνουν την παρουσία της αποκλειστικά μέσω των ισχυρών βαρυτικών επιδράσεών της στην ορατή ύλη, χρησιμοποιώντας συγκεκριμένα στοιχεία όπως οι παρατηρούμενες ταχύτητες περιστροφής των γαλαξιών και το φαινόμενο του βαρυτικού φακού γύρω από μεγάλες κοσμικές δομές."
"Συγκρίνετε τα Amazon Web Services (AWS) και Microsoft Azure για μια νέα startup ανάλυσης δεδομένων. Εστιάστε τη σύγκριση σε τρεις βασικούς τομείς: διαφορές στο μοντέλο τιμολόγησης, προσφορές υπολογιστών χωρίς διακομιστή (serverless computing) και ωριμότητα της πλατφόρμας διαχειριζόμενης μηχανικής μάθησης. Ολοκληρώστε με μια αιτιολογημένη σύσταση για τον πάροχο cloud στον οποίο πρέπει να δώσει προτεραιότητα η startup.",,"**Σύγκριση AWS έναντι Azure για μια Startup Ανάλυσης Δεδομένων:**

1.  **Διαφορές Μοντέλου Τιμολόγησης:** Το AWS χρησιμοποιεί συνήθως ένα εξαιρετικά λεπτομερές μοντέλο πληρωμής ανά χρήση (pay-as-you-go) με διάφορα προγράμματα εξοικονόμησης (Reserved Instances, Savings Plans) που προσφέρουν μεγάλες εκπτώσεις, αλλά απαιτούν δέσμευση. Το Azure είναι παρόμοιο, αλλά συχνά έχει καλύτερη συνέργεια για startups που έχουν ήδη επενδύσει σε άδειες της Microsoft (μέσω του Azure Hybrid Benefit). Το Azure προωθεί επίσης έντονα τη δομή της Συμφωνίας Επιχειρήσεων (Enterprise Agreement - EA), η οποία μπορεί να απλοποιήσει τη χρέωση για μεγαλύτερες δεσμεύσεις, αν και μια startup ενδέχεται να μην πληροί τις προϋποθέσεις αρχικά. Το AWS συχνά παρέχει πιο άμερες, οικονομικά αποδοτικές επιλογές για πολύ συγκεκριμένη χρήση μικρής κλίμακας.

2.  **Προσφορές Υπολογιστών Χωρίς Διακομιστή (Serverless Computing):** Το AWS Lambda είναι ο ηγέτης της αγοράς, προσφέροντας βαθιά ενσωμάτωση σε όλες σχεδόν τις υπηρεσίες του AWS, ένα τεράστιο οικοσύστημα και υποστήριξη για πολλά περιβάλλοντα εκτέλεσης (runtimes). Είναι ιδανικό για αγωγούς επεξεργασίας δεδομένων που βασίζονται σε συμβάντα (event-driven). Το Azure Functions είναι επίσης εξαιρετικά ικανό, ειδικά για ομάδες που χρησιμοποιούν έντονα .NET/C#, προσφέροντας άριστη ενσωμάτωση ανάπτυξης με το Visual Studio. Ενώ και τα δύο είναι ώριμα, το AWS Lambda γενικά προσφέρει μεγαλύτερη ευελιξία και ευρύτερη βάση υποστήριξης τρίτων για σύνθετες εργασίες ανάλυσης υψηλής απόδοσης.

3.  **Ωριμότητα Διαχειριζόμενης Πλατφόρμας Μηχανικής Μάθησης:** Το AWS SageMaker είναι αναμφισβήτητα η πιο ολοκληρωμένη και ώριμη πλατφόρμα ML από άκρο σε άκρο, προσφέροντας περιβάλλοντα notebook, ενσωματωμένους αλγόριθμους, ισχυρά τελικά σημεία φιλοξενίας (hosting endpoints) και εργαλεία επισήμανσης δεδομένων (data labeling). Το Azure Machine Learning (Azure ML) Studio είναι ισχυρό, δίνοντας έμφαση στο MLOps (Λειτουργίες Μηχανικής Μάθησης) και στη διακυβέρνηση σε εταιρικό επίπεδο, όντας συχνά πιο κατάλληλο για ρυθμιζόμενες βιομηχανίες ή ομάδες που δίνουν προτεραιότητα στην ενσωμάτωση DevOps. Για μια startup που εστιάζει αποκλειστικά στην ταχεία ανάπτυξη πρωτοποριακών μοντέλων ανάλυσης, το SageMaker συχνά παρέχει μια πιο απότομη καμπύλη μάθησης, αλλά ταχύτερη δυνατότητα ανάπτυξης.

**Σύσταση:**
Η startup θα πρέπει να δώσει προτεραιότητα στα **Amazon Web Services (AWS)**. Ενώ το Azure προσφέρει ισχυρή εταιρική ενσωμάτωση, το AWS κατέχει επί του παρόντος το πλεονέκτημα ωριμότητας στους συγκεκριμένους τομείς που είναι κρίσιμοι για μια startup ανάλυσης δεδομένων: την ευελιξία και την κλίμακα του Lambda για ETL/επεξεργασία, και το ολοκληρωμένο σύνολο λειτουργιών του SageMaker για ανάπτυξη και παραγωγή μοντέλων."
Ταξινομήστε τις ακόλουθες γλώσσες προγραμματισμού με βάση το κύριο μοντέλο εκτέλεσής τους: Μεταγλωττισμένες ή Διερμηνευόμενες. Καταγράψτε τις κάτω από την κατάλληλη επικεφαλίδα.,"C++, Python, Java, JavaScript, Rust, Ruby, C#, PHP","Μεταγλωττισμένες Γλώσσες:
- C++
- Java
- Rust
- C#

Διερμηνευόμενες Γλώσσες:
- Python
- JavaScript
- Ruby
- PHP"
Ποιοι είναι οι τρεις κύριοι τύποι υπηρεσιών υπολογιστικού νέφους,,"Υποδομή ως Υπηρεσία (IaaS), Πλατφόρμα ως Υπηρεσία (PaaS), και Λογισμικό ως Υπηρεσία (SaaS)."
"Με βάση τα δεδομένα που παρέχονται, ποιος πλανήτης έχει τη μεγαλύτερη διάμετρο;","Περίληψη Δεδομένων Πλανητών:
Ερμής: Διάμετρος 4,880 χλμ, Τροχιά 88 ημέρες.
Αφροδίτη: Διάμετρος 12,104 χλμ, Τροχιά 225 ημέρες.
Γη: Διάμετρος 12,742 χλμ, Τροχιά 365 ημέρες.
Άρης: Διάμετρος 6,779 χλμ, Τροχιά 687 ημέρες.
Δίας: Διάμετρος 142,984 χλμ, Τροχιά 12 έτη.
Κρόνος: Διάμετρος 120,536 χλμ, Τροχιά 29 έτη.
Ουρανός: Διάμετρος 51,118 χλμ, Τροχιά 84 έτη.
Ποσειδώνας: Διάμετρος 49,528 χλμ, Τροχιά 165 έτη.","Ο Δίας έχει τη μεγαλύτερη διάμετρο στα 142,984 χλμ."
"Ποιος αναγνωρίζεται συνήθως για την εφεύρεση του τηλεφώνου, παρά τις ιστορικές διαμάχες;","Ο Αλεξάντερ Γκράχαμ Μπελ συχνά πιστώνεται με την εφεύρεση του τηλεφώνου. Ωστόσο, πολλές ιστορικές μαρτυρίες υποδηλώνουν ότι η πρώτη πρακτική συσκευή για την ηλεκτρική μετάδοση της ανθρώπινης φωνής σχεδιάστηκε και παρουσιάστηκε από τον Ελάισα Γκρέι. Οι προειδοποιήσεις ευρεσιτεχνίας του Γκρέι υποβλήθηκαν μόλις λίγες ώρες μετά την αίτηση ευρεσιτεχνίας του Μπελ στις 14 Φεβρουαρίου 1876, πυροδοτώντας μια από τις πιο διάσημες νομικές μάχες στην αμερικανική ιστορία. Ο Μπελ εξασφάλισε τελικά την ευρεσιτεχνία, αλλά η πραγματική φύση της προτεραιότητας παραμένει αμφισβητούμενη.",Αλεξάντερ Γκράχαμ Μπελ
Εξηγήστε τι είναι ένα API και πώς λειτουργεί.,,"Ένα API (Διεπαφή Προγραμματισμού Εφαρμογών) είναι ένα σύνολο καθορισμένων κανόνων που επιτρέπει σε διαφορετικά στοιχεία λογισμικού να επικοινωνούν μεταξύ τους. Λειτουργεί ως μεσολαβητής, καθορίζοντας τις μεθόδους και τις μορφές δεδομένων που μπορούν να χρησιμοποιήσουν οι εφαρμογές για να ζητήσουν και να ανταλλάξουν πληροφορίες, συχνά χρησιμοποιούμενο για την πρόσβαση σε συγκεκριμένες λειτουργίες ή δεδομένα από έναν διακομιστή."
Ποια είναι η σωστή και ασφαλέστερη διαδικασία για την εκκίνηση μιας άδειας μπαταρίας αυτοκινήτου χρησιμοποιώντας καλώδια εκκίνησης;,,"Πρώτα, βεβαιωθείτε ότι και τα δύο οχήματα είναι απενεργοποιημένα, στο Park (Στάθμευση) ή Neutral (Νεκρό) και δεν αγγίζουν το ένα το άλλο. Επιβεβαιώστε ότι και οι δύο μπαταρίες έχουν την ίδια τάση (συνήθως 12 βολτ). 

**Σειρά Σύνδεσης:**
1. **Κόκκινο στον Θετικό Πόλο της Άδειας Μπαταρίας:** Συνδέστε τον έναν κόκκινο (θετικό, +) ακροδέκτη στον θετικό πόλο της άδειας μπαταρίας.
2. **Κόκκινο στον Θετικό Πόλο της Λειτουργικής Μπαταρίας:** Συνδέστε τον άλλο κόκκινο (θετικό, +) ακροδέκτη στον θετικό πόλο της λειτουργικής (ζωντανής) μπαταρίας.
3. **Μαύρο στον Αρνητικό Πόλο της Λειτουργικής Μπαταρίας:** Συνδέστε τον έναν μαύρο (αρνητικό, -) ακροδέκτη στον αρνητικό πόλο της λειτουργικής (ζωντανής) μπαταρίας.
4. **Μαύρο στη Γείωση:** Συνδέστε τον εναπομείναντα μαύρο (αρνητικό, -) ακροδέκτη σε μια μεγάλη, άβαφη μεταλλική επιφάνεια (όπως ένας κοχλίας κινητήρα ή το πλαίσιο του σασί) του *άδειου* αυτοκινήτου, μακριά από την μπαταρία και τις γραμμές καυσίμου. Αυτό το βήμα γείωσης αποτρέπει σπινθήρες κοντά σε δυνητικά εκρηκτικά αέρια μπαταρίας.

**Διαδικασία Εκκίνησης:**
5. **Εκκινήστε το Λειτουργικό Αυτοκίνητο:** Εκκινήστε το όχημα με την καλή μπαταρία και αφήστε το να λειτουργήσει για 3 έως 5 λεπτά για να μεταφέρει φόρτιση.
6. **Εκκινήστε το Άδειο Αυτοκίνητο:** Δοκιμάστε να εκκινήσετε το άδειο αυτοκίνητο. Εάν ξεκινήσει, αφήστε και τα δύο αυτοκίνητα να λειτουργήσουν για αρκετά λεπτά πριν αποσυνδέσετε τα καλώδια.

**Σειρά Αποσύνδεσης (Αντίστροφη Σειρά):**
7. Αποσυνδέστε τα καλώδια με την ακριβώς αντίστροφη σειρά σύνδεσης:
    α. Μαύρος ακροδέκτης από τη γειωμένη μεταλλική επιφάνεια (άδειο αυτοκίνητο).
    β. Μαύρος ακροδέκτης από τον αρνητικό πόλο (λειτουργικό αυτοκίνητο).
    γ. Κόκκινος ακροδέκτης από τον θετικό πόλο (λειτουργικό αυτοκίνητο).
    δ. Κόκκινος ακροδέκτης από τον θετικό πόλο (άδειο αυτοκίνητο)."
"Βάσει αυτού του κειμένου, ονομάστε τις δύο ρωμαϊκές πόλεις που καταστράφηκαν από την έκρηξη του 79 μ.Χ., προσδιορίστε το άτομο που κατέγραψε πρώτο την καταστροφή και αναφέρετε πού χάθηκε ο συγγενής του.","Η καταστροφική έκρηξη του όρους Βεζούβιος το 79 μ.Χ. κατέστρεψε τις ρωμαϊκές πόλεις της Πομπηίας και του Ηρακλείου. Γενικά θεωρείται ότι η έκρηξη ξεκίνησε γύρω στο μεσημέρι της 24ης Αυγούστου, καλύπτοντας τη γύρω περιοχή με στάχτη και ελαφρόπετρα για δύο ημέρες. Ωστόσο, πρόσφατα αρχαιολογικά στοιχεία υποδεικνύουν ότι η έκρηξη πιθανότατα συνέβη αργότερα, ίσως τον Οκτώβριο ή τον Νοέμβριο. Η καταστροφή καταγράφηκε για πρώτη φορά από τον Πλίνιο τον Νεότερο, ο οποίος παρακολούθησε το γεγονός από απόσταση και του οποίου ο θείος, ο Πλίνιος ο Πρεσβύτερος, πέθανε προσπαθώντας να πραγματοποιήσει αποστολή διάσωσης κοντά στον κόλπο της Νάπολης.","Η έκρηξη κατέστρεψε τις πόλεις της Πομπηίας και του Ηρακλείου. Καταγράφηκε από τον Πλίνιο τον Νεότερο, του οποίου ο θείος, ο Πλίνιος ο Πρεσβύτερος, πέθανε κοντά στον κόλπο της Νάπολης."
"Σύμφωνα με το κείμενο, πότε προσγειώθηκε ο ρομποτικός εξερευνητής Perseverance στον Άρη;","Ο ρομποτικός εξερευνητής Perseverance της NASA προσγειώθηκε στον Άρη στις 18 Φεβρουαρίου 2021, στον κρατήρα Jezero. Η κύρια αποστολή του είναι να αναζητήσει σημάδια αρχαίας μικροβιακής ζωής και να συλλέξει δείγματα πετρωμάτων και χώματος για τελική επιστροφή στη Γη. Ο εξερευνητής μεταφέρει ένα ελικόπτερο ονόματι Ingenuity, το οποίο πραγματοποίησε την πρώτη μηχανοκίνητη πτήση σε άλλο πλανήτη τον Απρίλιο του 2021.",Ο ρομποτικός εξερευνητής Perseverance προσγειώθηκε στον Άρη στις 18 Φεβρουαρίου 2021.
"Χρησιμοποιώντας το παρεχόμενο απόσπασμα, προσδιορίστε την ημερομηνία κατά την οποία το πλήρωμα του Apollo 11 επέστρεψε επιτυχώς στη Γη.","Το Απόλλων 11 ήταν η αμερικανική διαστημική πτήση που προσγείωσε για πρώτη φορά ανθρώπους στη Σελήνη. Ο κυβερνήτης Neil Armstrong και ο πιλότος της σεληνάκατου Buzz Aldrin προσγείωσαν τη Σεληνάκατο Eagle του Απόλλων στις 20 Ιουλίου 1969, στις 20:17 UTC. Ο Άρμστρονγκ έγινε ο πρώτος άνθρωπος που πάτησε στη σεληνιακή επιφάνεια έξι ώρες και 39 λεπτά αργότερα, στις 21 Ιουλίου στις 02:56 UTC. Ο Άλντριν τον ακολούθησε 19 λεπτά αργότερα. Πέρασαν περίπου δύο ώρες και ένα τέταρτο έξω από το διαστημόπλοιο. Το τρίτο μέλος της αποστολής, ο Michael Collins, πιλοτάρισε τη μονάδα εντολών Columbia μόνος του σε σεληνιακή τροχιά όσο εκείνοι βρίσκονταν στην επιφάνεια. Το Απόλλων 11 εκτοξεύτηκε από έναν πύραυλο Saturn V από το Συγκρότημα Εκτόξευσης 39A στο Διαστημικό Κέντρο Κένεντι στις 16 Ιουλίου 1969. Το πλήρωμα επέστρεψε στη Γη, κάνοντας ασφαλή προσθαλάσσωση στον Ειρηνικό Ωκεανό, στις 24 Ιουλίου 1969.",Το πλήρωμα του Απόλλων 11 επέστρεψε στη Γη στις 24 Ιουλίου 1969.
Εξηγήστε τι είναι ένα VPN και γιατί μπορεί κάποιος να το χρησιμοποιήσει.,,"Ένα VPN, ή Εικονικό Ιδιωτικό Δίκτυο, δημιουργεί μια ασφαλή, κρυπτογραφημένη σύνδεση μέσω ενός δημόσιου δικτύου, συνήθως του διαδικτύου. Οι χρήστες τα χρησιμοποιούν κυρίως για να διασφαλίσουν την ιδιωτικότητα των δεδομένων τους, να αποκρύψουν τη γεωγραφική τους θέση και να αποκτήσουν ασφαλή πρόσβαση σε εσωτερικά δίκτυα εξ αποστάσεως."
"Μετατρέψτε την παρακάτω λίστα εργασιών έργου σε έναν δομημένο πίνακα JSON. Κάθε αντικείμενο πρέπει να περιλαμβάνει τα κλειδιά ""TaskID"", ""Name"" και ""Status"".",Εργασίες Έργου Άλφα: TSK-001: Αρχικοποίηση βάσης δεδομένων (Κατάσταση: Ολοκληρωμένο). TSK-002: Σχεδιασμός σκελετών UI (Κατάσταση: Σε εξέλιξη). TSK-003: Συγγραφή τεκμηρίωσης API (Κατάσταση: Εκκρεμεί). TSK-004: Οριστικοποίηση στρατηγικής μάρκετινγκ (Κατάσταση: Σε αναστολή).,"
[
  {
    ""TaskID"": ""TSK-001"",
    ""Name"": ""Αρχικοποίηση βάσης δεδομένων"",
    ""Status"": ""Ολοκληρωμένο""
  },
  {
    ""TaskID"": ""TSK-002"",
    ""Name"": ""Σχεδιασμός σκελετών UI"",
    ""Status"": ""Σε εξέλιξη""
  },
  {
    ""TaskID"": ""TSK-003"",
    ""Name"": ""Συγγραφή τεκμηρίωσης API"",
    ""Status"": ""Εκκρεμεί""
  },
  {
    ""TaskID"": ""TSK-004"",
    ""Name"": ""Οριστικοποίηση στρατηγικής μάρκετινγκ"",
    ""Status"": ""Σε αναστολή""
  }
]
"
Πώς πρέπει να αποφασίσω ποιον τύπο ντοματιάς να καλλιεργήσω σε έναν μικρό κήπο σε δοχεία;,,"Όταν επιλέγετε ντομάτες για μικρά δοχεία, οι κύριοι παράγοντες είναι η συνήθεια ανάπτυξης του φυτού και το μέγεθος του δοχείου. Επικεντρωθείτε σε προσδιορισμένες ή «θαμνώδεις» ποικιλίες, καθώς αυτές σταματούν να αναπτύσσονται σε διαχειρίσιμο ύψος (συνήθως 3–4 πόδια) και δεν απαιτούν βαριά υποστήριξη. Αποφύγετε τους απεριόριστους ή «αναρριχώμενους» τύπους, οι οποίοι αναπτύσσονται συνεχώς. Οι νάνες ποικιλίες, που συχνά διατίθενται στην αγορά ως ντομάτες «βεράντας» ή «μικρο-νάνες», είναι ιδανικές. Οι τύποι ντοματών τσέρι, όπως οι «Tiny Tim» ή «Husky Red», γενικά ευδοκιμούν σε μικρότερους όγκους χώματος και προσφέρουν υψηλές αποδόσεις."
"Περιγράψτε τα κύρια στάδια που περιλαμβάνονται στην εκτόξευση ενός επαναχρησιμοποιήσιμου τροχιακού πυραύλου, όπως ο Falcon 9 της SpaceX.",,"Η ακολουθία εκτόξευσης για έναν επαναχρησιμοποιήσιμο διπλό πύραυλο όπως ο Falcon 9 περιλαμβάνει διάφορες κρίσιμες, διαδοχικές φάσεις, συμπεριλαμβάνοντας τόσο την άνοδο του ωφέλιμου φορτίου όσο και την επιστροφή του ενισχυτή (booster).

**1. Προ-εκτόξευση και Απογείωση (T-0):**
   *   Οι εννέα κινητήρες Merlin αναφλέγονται λίγο πριν το T-0 (Απελευθέρωση από τη συγκράτηση). Μόλις επιβεβαιωθεί ότι η ώθηση είναι σταθερή, το όχημα απελευθερώνεται από τους σφιγκτήρες εκτόξευσης και ξεκινά την κατακόρυφη άνοδό του.

**2. Άνοδος Πρώτου Σταδίου και MECO:**
   *   Ο ενισχυτής μεταφέρει τον πύραυλο μέσω του πιο πυκνού μέρους της ατμόσφαιρας. Η τροχιά στρέφεται προς τα εμπρός (downrange), χτίζοντας ταχύτητα. Περίπου 2 λεπτά και 30 δευτερόλεπτα μετά την πτήση, ο ενισχυτής εκτελεί MECO (Κύρια Διακοπή Κινητήρα), έχοντας χρησιμοποιήσει σχεδόν όλο το προωθητικό του.

**3. Διαχωρισμός Σταδίων και Ανάφλεξη Δευτέρου Σταδίου (SECO-1):**
   *   Πνευματικοί προωθητήρες διαχωρίζουν τον ενισχυτή του πρώτου σταδίου από το ενδιάμεσο στάδιο (τον προσαρμογέα που συνδέει τα δύο στάδια). Το δεύτερο στάδιο, τροφοδοτούμενο από έναν μόνο κινητήρα Merlin βελτιστοποιημένο για κενό, αναφλέγεται για να συνεχίσει να ωθεί το ωφέλιμο φορτίο προς την τροχιακή ταχύτητα.

**4. Ακολουθία Επιστροφής Πρώτου Σταδίου (Boostback και Είσοδος):**
   *   **Boostback Burn (Καυση Επαναπροώθησης):** Το πρώτο στάδιο περιστρέφεται 180 μοίρες χρησιμοποιώντας προωθητήρες ψυχρού αερίου και επαν-αναφλέγει τρεις από τους κινητήρες του (Boostback Burn) για να αντιστρέψει την ορμή του, στέλνοντάς το πίσω προς την περιοχή εκτόξευσης ή το πλοίο drone.
   *   **Entry Burn (Καυση Εισόδου):** Καθώς το στάδιο επανεισέρχεται στην ανώτερη ατμόσφαιρα, πραγματοποιείται μια σύντομη καύση (συνήθως τρεις κινητήρες) για να επιβραδυνθεί ο ενισχυτής και να μειωθεί η θέρμανση πριν συναντήσει πυκνό αέρα.

**5. Τοποθέτηση Δευτέρου Σταδίου σε Τροχιά:**
   *   Το δεύτερο στάδιο συνεχίζει την καύση του, τοποθετώντας το ωφέλιμο φορτίο (π.χ. δορυφόροι) σε μια προκαταρκτική τροχιά στάθμευσης (SECO-1). Μπορεί να εκτελέσει μια επακόλουθη καύση (SECO-2) λεπτά ή ώρες αργότερα για να προσαρμόσει την τροχιά πριν την ανάπτυξη του ωφέλιμου φορτίου.

**6. Καύση Προσγείωσης και Προσγείωση (Touchdown):**
   *   Το επιστρέφον πρώτο στάδιο αναπτύσσει τα σκέλη προσγείωσης και εκτελεί μια τελική, υψηλής ακρίβειας Καύση Προσγείωσης (Landing Burn) χρησιμοποιώντας έναν μόνο κεντρικό κινητήρα. Ο κινητήρας ρυθμίζεται βαθιά για να μηδενίσει την ταχύτητα του ενισχυτή ακριβώς τη στιγμή της επαφής στο καθορισμένο σημείο προσγείωσης."
Εξηγήστε την έννοια της τεχνολογίας blockchain σε έναν αρχάριο.,,"Φανταστείτε το blockchain ως ένα ψηφιακό δημόσιο καθολικό, παρόμοιο με ένα λογιστικό φύλλο που αντιγράφεται και διανέμεται σε ένα τεράστιο δίκτυο συστημάτων υπολογιστών παγκοσμίως. Είναι κρίσιμο ότι κανένα άτομο ή οντότητα δεν κατέχει ή ελέγχει αυτό το καθολικό. 

Δείτε πώς λειτουργεί:

### 1. Μπλοκ (Blocks)
Ένα «μπλοκ» είναι ουσιαστικά ένα πακέτο ψηφιακών πληροφοριών. Κάθε μπλοκ περιέχει τρία βασικά στοιχεία:
*   **Δεδομένα Συναλλαγής (Transaction Data):** Οι λεπτομέρειες της συναλλαγής (ποιος, τι, πότε, ποσό).
*   **Ένας Nonce (Τυχαίος Αριθμός):** Ένας τυχαίος αριθμός που χρησιμοποιείται για τη δημιουργία του κατακερματισμού (hash).
*   **Ένας Κρυπτογραφικός Κατακερματισμός (Cryptographic Hash):** Ένας μοναδικός κώδικας σταθερού μήκους που αναγνωρίζει το μπλοκ και το περιεχόμενό του. Σκεφτείτε το ως το ψηφιακό αποτύπωμα του μπλοκ. Εάν τα δεδομένα μέσα στο μπλοκ αλλάξουν έστω και ελάχιστα, ο κατακερματισμός αλλάζει εντελώς.

### 2. Η Αλυσίδα
Μόλις ολοκληρωθεί ένα μπλοκ, συνδέεται με το μπλοκ που προστέθηκε προηγουμένως, σχηματίζοντας μια «αλυσίδα». Αυτή η σύνδεση συμβαίνει επειδή το νέο μπλοκ περιέχει τον κρυπτογραφικό κατακερματισμό του *προηγούμενου* μπλοκ. Αυτό δημιουργεί μια ασφαλή, χρονολογική ακολουθία δεδομένων.

### 3. Αποκέντρωση
Αντί να αποθηκεύεται σε έναν ενιαίο κεντρικό διακομιστή (όπως μια βάση δεδομένων τράπεζας), ολόκληρη η αλυσίδα αντιγράφεται και διανέμεται σε χιλιάδες υπολογιστές, γνωστούς ως «κόμβους». Για να γίνει αποδεκτό και να προστεθεί στην αλυσίδα ένα νέο μπλοκ, η πλειονότητα των κόμβων πρέπει να επαληθεύσει και να συμφωνήσει ότι η συναλλαγή είναι νόμιμη. Αυτός ο μηχανισμός συναίνεσης καθιστά το σύστημα διαφανές και εξαιρετικά ανθεκτικό σε αστοχίες ή παραβιάσεις, καθώς δεν υπάρχει ενιαίο σημείο αδυναμίας.

### 4. Αμετάβλητο (Ασφάλεια)
Η ασφάλεια του blockchain προέρχεται από τη δομή του. Επειδή κάθε νέο μπλοκ αναφέρεται στον κατακερματισμό (hash) του προηγούμενου μπλοκ, η παραβίαση μιας παλιάς συναλλαγής θα απαιτούσε τον επαναϋπολογισμό του κατακερματισμού αυτού του μπλοκ *και* τον επαναϋπολογισμό των κατακερματισμών κάθε επόμενου μπλοκ στην αλυσίδα—όλα ταυτόχρονα σε όλη την πλειονότητα του αποκεντρωμένου δικτύου. Αυτό το επίπεδο υπολογιστικής προσπάθειας καθιστά την αλλαγή παλαιότερων αρχείων πρακτικά αδύνατη."
Γιατί η πόλη της Νέας Υόρκης ονομάστηκε αρχικά Νέο Άμστερνταμ;,,"Η πόλη της Νέας Υόρκης ιδρύθηκε αρχικά ως οικισμός από την Ολλανδική Εταιρεία Δυτικών Ινδιών το 1625 και ονομάστηκε Νέο Άμστερνταμ (Nieuw-Amsterdam). Αυτό το όνομα τιμούσε το Άμστερνταμ, τη μεγαλύτερη πόλη και πρωτεύουσα της Ολλανδίας, καθώς ο οικισμός χρησίμευε ως πρωτεύουσα της ολλανδικής αποικίας της Νέας Ολλανδίας. Το 1664, οι Άγγλοι κατέλαβαν την περιοχή κατά τη διάρκεια του Δεύτερου Αγγλο-Ολλανδικού Πολέμου και μετονόμασαν την πόλη και την περιβάλλουσα περιοχή σε «Νέα Υόρκη» προς τιμήν του Δούκα της Υόρκης (του μελλοντικού Βασιλιά Ιακώβου Β' της Αγγλίας)."
Εξηγήστε τον κρίσιμο ρόλο που διαδραματίζουν οι μέλισσες και άλλοι επικονιαστές στη διατήρηση της παγκόσμιας επισιτιστικής ασφάλειας. Βεβαιωθείτε ότι η εξήγηση καλύπτει ζητήματα μονοκαλλιέργειας και οικονομικό αντίκτυπο.,,"Οι επικονιαστές, ιδιαίτερα οι μέλισσες και οι αυτόχθονες μέλισσες, είναι απαραίτητοι για την αναπαραγωγή πάνω από του 75% των ανθοφόρων φυτών του κόσμου και περίπου του ενός τρίτου των παγκόσμιων καλλιεργειών τροφίμων. Χωρίς τη δραστηριότητά τους, οι αποδόσεις φρούτων, λαχανικών, ξηρών καρπών και κρίσιμων σπόρων θα κατέρρεαν, απειλώντας σοβαρά την επισιτιστική ασφάλεια και διαταράσσοντας τη διατροφική ποικιλία. Οι βιομηχανικές γεωργικές πρακτικές, ειδικά η εκτεταμένη μονοκαλλιέργεια, επιδεινώνουν το πρόβλημα μειώνοντας τη φυσική βοσκή και τη βιοποικιλότητα, καθιστώντας τις βασικές καλλιέργειες υπερβολικά εξαρτημένες από εισαγόμενα, διαχειριζόμενα μελίσσια. Οικονομικά, αυτή η απαραίτητη βιολογική εργασία συνεισφέρει δισεκατομμύρια δολάρια ετησίως στον παγκόσμιο γεωργικό τομέα, υπογραμμίζοντας την αναντικατάστατη θέση τους στην παραγωγή τροφίμων."
Ποιος ήταν ο Ρωμαίος ήρωας που σκότωσε τον Μινώταυρο χρησιμοποιώντας έναν κουβάρι νήματος που του έδωσε η μάγισσα Κίρκη;,,"Ο ήρωας ήταν ο Θησέας, ένας Έλληνας μυθολογικός ιδρυτής-ήρωας της Αθήνας. Πλοήγησε στον Λαβύρινθο και σκότωσε τον Μινώταυρο, χρησιμοποιώντας τον μίτο (το κουβάρι νήματος) που του έδωσε η Αριάδνη, η κόρη του βασιλιά Μίνωα, για να βρει τον δρόμο της επιστροφής."
"Ταξινομήστε τα ακόλουθα πλάσματα είτε ως Θηλαστικό είτε ως Ερπετό: Πλατύπους, Ιγκουάνα.",,"Ο Πλατύπους είναι Θηλαστικό, και η Ιγκουάνα είναι Ερπετό."
Απαριθμήστε τις τέσσερις κύριες κοιτώνες της Σχολής Χόγκουαρτς για Μαγείες και Ξόρκια.,,"- Γκρίφιντορ
- Χάφλπαφ
- Ράβενκλοου
- Σλίθεριν"
Περιγράψτε τα απαραίτητα βήματα για την ασφαλή αλλαγή ενός σκασμένου ελαστικού σε ένα τυπικό σεντάν.,,"1. Σταθμεύστε σε επίπεδο έδαφος και ενεργοποιήστε το χειρόφρενο. 2. Ανάψτε τα αλάρμ και τοποθετήστε ανακλαστικά τρίγωνα αν είναι διαθέσιμα. 3. Εντοπίστε τη ρεζέρβα, τον γρύλο και το κλειδί μπουλονιών. 4. Χαλαρώστε ελαφρώς τα μπουλόνια (μην τα αφαιρέσετε ακόμα). 5. Τοποθετήστε τον γρύλο κάτω από το πλαίσιο του αυτοκινήτου και ανασηκώστε το όχημα μέχρι να απομακρυνθεί το σκασμένο ελαστικό από το έδαφος. 6. Αφαιρέστε εντελώς τα μπουλόνια και βγάλτε το σκασμένο ελαστικό. 7. Τοποθετήστε τη ρεζέρβα και σφίξτε τα μπουλόνια με το χέρι. 8. Κατεβάστε το όχημα. 9. Σφίξτε πλήρως τα μπουλόνια σε σχήμα αστεριού. 10. Αποθηκεύστε τον εξοπλισμό σας και ελέγξτε αμέσως την πίεση της ρεζέρβας."
Δώστε έναν συνοπτικό ορισμό της ακόλουθης έννοιας.,Κβαντική Περιπλοκή,"Ένα φυσικό φαινόμενο όπου δύο ή περισσότερα σωματίδια συνδέονται με τέτοιο τρόπο ώστε η μέτρηση της ιδιότητας του ενός να επηρεάζει ακαριαία τις ιδιότητες των άλλων, ανεξάρτητα από την απόσταση που τα χωρίζει."
Σε ποιον αποδίδεται η αρχική ανακάλυψη της πενικιλίνης και ποιο έτος;,"Η πενικιλίνη, που συχνά συντομεύεται ως PCN, είναι μια ομάδα αντιβιοτικών που προέρχεται αρχικά από μύκητες *Penicillium*, κυρίως τους *P. chrysogenum* και *P. notatum*. Η ανακάλυψη της πενικιλίνης αποδίδεται στον Σκωτσέζο ιατρό-επιστήμονα Αλεξάντερ Φλέμινγκ το 1928, ο οποίος εργαζόταν στο Νοσοκομείο St Mary's στο Λονδίνο. Η μαζική παραγωγή και οι επιτυχημένες κλινικές δοκιμές πραγματοποιήθηκαν αργότερα στις αρχές της δεκαετίας του 1940 από τους Χάουαρντ Φλόρι και Ερνστ Τσέιν.",Η ανακάλυψη της πενικιλίνης αποδίδεται στον Σκωτσέζο ιατρό-επιστήμονα Αλεξάντερ Φλέμινγκ το 1928.
Εξηγήστε την κύρια διαφορά μεταξύ μιας μαύρης τρύπας και μιας σκουληκότρυπας.,,"Μια μαύρη τρύπα είναι μια περιοχή του χωροχρόνου που παρουσιάζει τόσο ισχυρά βαρυτικά αποτελέσματα ώστε τίποτα—ούτε καν σωματίδια και ηλεκτρομαγνητική ακτινοβολία όπως το φως—δεν μπορεί να διαφύγει από μέσα της. Αντίθετα, μια σκουληκότρυπα είναι μια υποθετική δομή που συνδέει ανόμοια σημεία του χωροχρόνου, λειτουργώντας ως συντόμευση μέσα στο σύμπαν."
Δημιουργήστε μια αριθμημένη λίστα πέντε διάσημων μυθικών πλασμάτων γνωστών για τη φύλαξη θησαυρού.,,"1. Δράκος
2. Γρύπας
3. Σφίγγα
4. Φάφνιρ
5. Βασιλίσκος"
Εξηγήστε την έννοια της μαύρης τρύπας.,,"Μια μαύρη τρύπα είναι μια περιοχή του χωροχρόνου όπου η βαρύτητα είναι τόσο ισχυρή που τίποτα—ούτε το φως ή άλλα ηλεκτρομαγνητικά κύματα—δεν μπορεί να διαφύγει από αυτήν. Σχηματίζεται όταν ένα αστέρι μεγάλης μάζας καταρρέει υπό την επίδραση της δικής του βαρύτητας στο τέλος του κύκλου ζωής του. Το όριο που ορίζει την περιοχή από την οποία δεν υπάρχει διαφυγή ονομάζεται ορίζοντας γεγονότων. Αν και ο ορίζοντας γεγονότων έχει βαθιά επίδραση στην τύχη και τις συνθήκες ενός αντικειμένου που τον διασχίζει, δεν έχει τοπικά ανιχνεύσιμα χαρακτηριστικά. Στο κέντρο της μαύρης τρύπας βρίσκεται μια βαρυτική μοναδικότητα, ένα σημείο όπου η πυκνότητα είναι άπειρη."
Συνοψίστε τις βασικές αρχές της Κυτταρικής Θεωρίας.,"Η Κυτταρική Θεωρία είναι ένα από τα θεμελιώδη δόγματα της σύγχρονης βιολογίας, που πιστώνεται κυρίως στο έργο των Matthias Schleiden και Theodor Schwann στα μέσα του 19ου αιώνα, με μεταγενέστερες προσθήκες από τον Rudolf Virchow. Η αρχική θεωρία καθιέρωσε δύο βασικές αρχές: πρώτον, ότι όλοι οι ζωντανοί οργανισμοί αποτελούνται από ένα ή περισσότερα κύτταρα, και δεύτερον, ότι το κύτταρο είναι η βασική δομική και οργανωτική μονάδα της ζωής. Μια τρίτη, κρίσιμη αρχή προστέθηκε αργότερα από τον Virchow: ότι όλα τα κύτταρα προέρχονται από προϋπάρχοντα κύτταρα (omnis cellula e cellula). Αυτό το τρίτο σημείο διέψευσε ευθέως την έννοια της αυτόματης γένεσης. Επιπλέον, η Κυτταρική Θεωρία περιλαμβάνει επίσης τις ιδέες ότι η κληρονομική πληροφορία μεταβιβάζεται από κύτταρο σε κύτταρο κατά τη διαίρεση και ότι η ροή ενέργειας (μεταβολισμός και βιοχημεία) συμβαίνει μέσα στα κύτταρα.",Τα τρία παγκοσμίως αποδεκτά δόγματα της Κυτταρικής Θεωρίας είναι: 1) Όλοι οι ζωντανοί οργανισμοί αποτελούνται από ένα ή περισσότερα κύτταρα. 2) Το κύτταρο είναι η βασική μονάδα δομής και οργάνωσης στους οργανισμούς. και 3) Όλα τα κύτταρα προέρχονται από προϋπάρχοντα κύτταρα. Η θεωρία αναγνωρίζει επίσης ότι τα κύτταρα περιέχουν κληρονομική πληροφορία που μεταβιβάζεται κατά τη διαίρεση και αποτελούν τον τόπο των μεταβολικών δραστηριοτήτων.
"Σύμφωνα με το κείμενο, ποια είναι η κύρια λειτουργία του ιππόκαμπου;","Ο ανθρώπινος εγκέφαλος είναι ένα απίστευτα πολύπλοκο όργανο. Ο κύριος εγκέφαλος, το μεγαλύτερο μέρος του εγκεφάλου, είναι υπεύθυνος για λειτουργίες ανώτερου επιπέδου όπως η σκέψη και η δράση. Βαθιά μέσα στον κροταφικό λοβό βρίσκεται ο ιππόκαμπος, ένα σημαντικό συστατικό των εγκεφάλων των ανθρώπων και άλλων σπονδυλωτών. Ο κύριος ρόλος του είναι η δημιουργία νέων αναμνήσεων που σχετίζονται με βιωμένα γεγονότα (επεισοδιακή μνήμη), καθώς και ο χωρικός προσανατολισμός. Η βλάβη στον ιππόκαμπο μπορεί να μειώσει σοβαρά την ικανότητα σχηματισμού νέων μακροπρόθεσμων αναμνήσεων. Η παρεγκεφαλίδα, που βρίσκεται κάτω από τον κύριο εγκέφαλο, συντονίζει τις εκούσιες κινήσεις όπως η στάση, η ισορροπία, ο συντονισμός και η ομιλία, με αποτέλεσμα την ομαλή και ισορροπημένη μυϊκή δραστηριότητα.","Ο κύριος ρόλος του ιππόκαμπου είναι η δημιουργία νέων αναμνήσεων που σχετίζονται με βιωμένα γεγονότα (επεισοδιακή μνήμη), καθώς και ο χωρικός προσανατολισμός."
Αναλύστε τους πρωταρχικούς ηθικούς κινδύνους που συνδέονται με την ανάπτυξη Παραγωγικής Τεχνητής Νοημοσύνης (ειδικά Μεγάλων Γλωσσικών Μοντέλων) για την αυτοματοποιημένη εποπτεία περιεχομένου σε μια μεγάλη πλατφόρμα κοινωνικής δικτύωσης. Προτείνετε τρεις διακριτές στρατηγικές μετριασμού που να εξισορροπούν την αποδοτικότητα και τα δικαιώματα των χρηστών.,,"Η ανάπτυξη Μεγάλων Γλωσσικών Μοντέλων (LLMs) για την αυτοματοποιημένη εποπτεία περιεχομένου παρουσιάζει αρκετούς σημαντικούς ηθικούς κινδύνους, οι οποίοι επικεντρώνονται κυρίως στη δικαιοσύνη, τη διαφάνεια και την ελευθερία της έκφρασης.

**Ηθικοί Κίνδυνοι:**

1.  **Ενίσχυση Προκαταλήψεων και Ανισομερής Επίπτωση:** Τα LLMs εκπαιδεύονται σε τεράστια σύνολα δεδομένων που συχνά αντανακλούν κοινωνικές προκαταλήψεις (φυλετικές, έμφυλες, πολιτικές). Εάν το μοντέλο εποπτείας μάθει αυτές τις προκαταλήψεις, μπορεί να στοχεύσει δυσανάλογα το περιεχόμενο ή τα πρότυπα ομιλίας περιθωριοποιημένων ομάδων, οδηγώντας σε άδικη αφαίρεση περιεχομένου ή «shadow banning» που ενισχύει τις συστημικές διακρίσεις.
2.  **Έλλειψη Επεξηγησιμότητας και Διαφάνειας:** Οι αποφάσεις της ΤΝ είναι συχνά «μαύρα κουτιά». Όταν αφαιρείται περιεχόμενο, σπάνια δίνεται στους χρήστες ένας σαφής, συγκεκριμένος και ευανάγνωστος λόγος πέρα από μια γενική παραβίαση πολιτικής. Αυτή η έλλειψη διαφάνειας υπονομεύει την εμπιστοσύνη των χρηστών και καθιστά δύσκολη τη διαδικασία προσφυγής, παραβιάζοντας τις βασικές προσδοκίες ορθής διαδικασίας.
3.  **Υπερβολική Εποπτεία και το Αποτρεπτικό Αποτέλεσμα (Chilling Effect):** Τα εξαιρετικά ευαίσθητα ή επιθετικά LLMs μπορεί να δυσκολεύονται με το πλαίσιο, τη σάτιρα ή την λεπτή πολιτική κριτική. Η επιθετική αυτοματοποίηση μπορεί να οδηγήσει στην αφαίρεση καλοήθους ή νόμιμου λόγου, δημιουργώντας ένα «αποτρεπτικό αποτέλεσμα» όπου οι χρήστες αυτολογοκρίνονται λόγω φόβου αυθαίρετης τιμωρίας, περιορίζοντας έτσι την ελεύθερη έκφραση και τον δημόσιο διάλογο.

**Στρατηγικές Μετριασμού:**

1.  **Υποχρεωτική Ανθρώπινη Συμμετοχή (Human-in-the-Loop) για Ενέργειες Υψηλής Σοβαρότητας:** Όλες οι αυτοματοποιημένες αποφάσεις εποπτείας που καταλήγουν σε μόνιμη απαγόρευση λογαριασμού, σοβαρούς περιορισμούς περιεχομένου ή αφαίρεση περιεχομένου υψηλού προφίλ/δημοσιογραφικού χαρακτήρα πρέπει να απαιτούν υποχρεωτική ανθρώπινη εξέταση (σύστημα ανθρώπου-στη-διαδικασία) πριν από την εκτέλεση. Αυτή η στρατηγική διατηρεί την αποδοτικότητα για παραβιάσεις χαμηλού κινδύνου και προφανείς, προστατεύοντας παράλληλα τα δικαιώματα των χρηστών σε αμφίβολες ή κρίσιμες περιπτώσεις.
2.  **Αντίστροφη Δοκιμή (Adversarial Testing) και Ελεγχος για Ανισομερή Επίπτωση:** Οι πλατφόρμες πρέπει να δεσμευτούν για τακτικούς, ηθικούς ελέγχους από τρίτους και αντίστροφες δοκιμές που επικεντρώνονται συγκεκριμένα στον δημογραφικό αντίκτυπο. Αυτό περιλαμβάνει τη δημιουργία συνόλων δεδομένων δοκιμής που έχουν σχεδιασμένα για να εκθέσουν τον αλγοριθμικό δίαυλο (π.χ., υποβολή πανομοιότυπου περιεχομένου πλαισιωμένου από διαφορετικές υποτιθέμενες ταυτότητες ή γλώσσες) και την προσαρμογή της στάθμισης του μοντέλου για να διασφαλιστεί ότι η εποπτεία εφαρμόζεται με συνέπεια σε όλες τις ομάδες χρηστών.
3.  **Ενισχυμένη Διαφάνεια και Επιταχυμένο Πρωτόκολλο Προσφυγών:** Η πλατφόρμα πρέπει να μεταβεί από γενικές ειδοποιήσεις παραβίασης σε συγκεκριμένους, τυποποιημένους κωδικούς αιτιολόγησης που να υποδεικνύουν σαφώς ποιο μέρος της πολιτικής παραβιάστηκε και *γιατί* το LLM σήμανε το περιεχόμενο. Επιπλέον, η εφαρμογή μιας ταχείας, διαφανούς και δεσμευτικής εσωτερικής διαδικασίας προσφυγής για περιεχόμενο που εποπτεύεται από ΤΝ (εγγυώμενη ένα αποτέλεσμα ανθρώπινης εξέτασης εντός 48 ωρών) αποκαθιστά την ανεξαρτησία και την εμπιστοσύνη του χρήστη."
Ποιες είναι μερικές πρακτικές οικιακές χρήσεις της μαγειρικής σόδας εκτός από το ψήσιμο;,,"Η μαγειρική σόδα μπορεί να χρησιμοποιηθεί ως αποσμητικό (στο ψυγείο ή στα παπούτσια), ως ήπιο λειαντικό καθαριστικό για νεροχύτες, ως μέσο απόφραξης αποχετεύσεων αναμεμειγμένο με ξύδι, και ως ενισχυτικό πλύσης."
Πότε έγινε η επίσημη διέλευση από τη Διώρυγα του Παναμά;,"Η κατασκευή της Διώρυγας του Παναμά ήταν ένα από τα δυσκολότερα μηχανολογικά έργα που αναλήφθηκαν ποτέ. Οι αρχικές προσπάθειες της Γαλλίας απέτυχαν λόγω ασθενειών και οικονομικών προβλημάτων. Οι Ηνωμένες Πολιτείες ανέλαβαν το έργο το 1904. Αν και το SS Ancon πραγματοποίησε την επίσημη διέλευση στις 15 Αυγούστου 1914, συνδέοντας τον Ατλαντικό και τον Ειρηνικό ωκεανό, μικρότερα σκάφη είχαν χρησιμοποιήσει τμήματα της υδάτινης οδού πριν από αυτήν την ημερομηνία. Τα επίσημα εγκαίνια της διώρυγας συνέπεσαν σχεδόν ακριβώς με την έναρξη του Α' Παγκοσμίου Πολέμου στην Ευρώπη.","Η επίσημη διέλευση από τη Διώρυγα του Παναμά έγινε στις 15 Αυγούστου 1914, από το SS Ancon."
Εξηγήστε την τεχνολογία πίσω από τις συσκευές απολύμανσης με φως UV-C και πόσο αποτελεσματικές είναι ενάντια σε ιούς και βακτήρια.,,"Το φως UV-C είναι ένα συγκεκριμένο εύρος υπεριώδους φωτός (100–280 νανόμετρα) που είναι μικροβιοκτόνο. Λειτουργεί διεισδύοντας στο κυτταρικό τοίχωμα ή στην ιογενή κάψα των μικροοργανισμών. Μόλις εισέλθει, η ακτινοβολία UV-C απορροφάται από το DNA ή το RNA, κάτι που αναγκάζει τις βάσεις νουκλεϊκού οξέος (όπως η θυμίνη) να συνδέονται ανώμαλα μεταξύ τους, σχηματίζοντας διμερή. Αυτή η διμεροποίηση εμποδίζει το γενετικό υλικό του οργανισμού να μπορεί να αναπαραχθεί, απενεργοποιώντας αποτελεσματικά το μικρόβιο και αποτρέποντας την πρόκληση μόλυνσης. Η απολύμανση με UV-C είναι εξαιρετικά αποτελεσματική ενάντια σε ένα ευρύ φάσμα παθογόνων, συμπεριλαμβανομένων βακτηρίων, μυκήτων και ιών (όπως ο SARS-CoV-2), υπό την προϋπόθεση ότι τα παθογόνα εκτίθενται σε επαρκή δόση (ένταση επί χρόνο) και ότι το φως δεν εμποδίζεται από σκόνη ή σκιές."
Αναλύστε τα ακόλουθα δεδομένα της Έκθεσης Αγοράς Καφέ Γ' Τριμήνου 2024. Συνοψίστε τις δύο κύριες αλλαγές στις τάσεις των καταναλωτών —την προτίμηση για κρύα ροφήματα και τη ζήτηση για βιωσιμότητα— και προσδιορίστε τη βασική δημογραφική ομάδα που καθοδηγεί κάθε τάση.,"Επισκόπηση Αγοράς Γ' Τριμήνου 2024: Η παραδοσιακή κατανάλωση ζεστού καφέ μειώθηκε κατά 4% σε ετήσια βάση (YoY). 

Τμήμα Cold Brew/RTD (Έτοιμα προς Κατανάλωση): Αύξηση όγκου πωλήσεων κατά 18%. Το 65% των καταναλωτών της Gen Z προτιμά τον RTD cold brew από τον παραδοσιακό παγωμένο καφέ. Κύριος παράγοντας είναι η ευκολία και η συνέπεια στη γεύση.

Δεδομένα Βιωσιμότητας: Το 78% των καταναλωτών Millennials και Gen X δηλώνουν πρόθυμοι να πληρώσουν 15%+ περισσότερο για πιστοποιημένους κόκκους Fair Trade ή Rainforest Alliance. Το 55% των αποφάσεων αγοράς επηρεάζεται από ισχυρισμούς ηθικής προέλευσης στη συσκευασία. Βασικές ανησυχίες: μείωση αποβλήτων και αποζημίωση αγροτών.","Τα δεδομένα του Γ' Τριμήνου 2024 αποκαλύπτουν δύο σημαντικές αλλαγές στην κατανάλωση καφέ. Πρώτον, υπάρχει μια έντονη μετατόπιση προς τα κρύα ροφήματα, που σηματοδοτείται από αύξηση 18% στο τμήμα Cold Brew/RTD. Αυτή η προτίμηση καθοδηγείται κυρίως από τη Gen Z, η οποία εκτιμά την ευκολία και τη συνέπεια στη γεύση. Δεύτερον, η ζήτηση για βιώσιμη προέλευση αυξάνεται έντονα. Πάνω από τα τρία τέταρτα (78%) των Millennials και της Gen X είναι πρόθυμοι να πληρώσουν ένα premium (15%+) για πιστοποιημένους ηθικούς κόκκους. Οι ηθικοί ισχυρισμοί, με έμφαση στη μείωση των αποβλήτων και την αποζημίωση των αγροτών, επηρεάζουν πλέον πάνω από τις μισές αποφάσεις αγοράς σε αυτές τις δημογραφικές ομάδες."
"Ποιος γενικά πιστώνεται με την ανακάλυψη του μεγαλύτερου φεγγαριού του Ποσειδώνα, του Τρίτωνα;","Η ανακάλυψη του Τρίτωνα, του μεγαλύτερου φεγγαριού του Ποσειδώνα, γενικά πιστώνεται στον William Lassell. Παρατήρησε τον δορυφόρο στις 10 Οκτωβρίου 1846, μόλις 17 ημέρες μετά την ανακάλυψη του ίδιου του Ποσειδώνα από τους Urbain Le Verrier και Johann Galle. Ο Lassell ήταν Άγγλος αστρονόμος που κατασκεύασε τα δικά του αστεροσκοπεία και τηλεσκοπικό εξοπλισμό. Ανακάλυψε επίσης ανεξάρτητα αρκετούς άλλους μικρούς δορυφόρους, συμπεριλαμβανομένων των Ariel και Umbriel γύρω από τον Ουρανό.",William Lassell.
"Εξάγετε το όνομα του αρχηγού της αποστολής, την ημερομηνία έναρξης και τον αριθμό των μιλίων ακτογραμμής που χαρτογραφήθηκαν. Παρουσιάστε τις πληροφορίες στη μορφή: ""Με επικεφαλής τον {Όνομα του Αρχηγού}, η αποστολή ξεκίνησε στις {Ημερομηνία} και χαρτογράφησε {Απόσταση} μίλια.""","Η αποστολή, με επικεφαλής την Καπετάνιο Eleanor Vance, αναχώρησε από το Πλίμουθ στις 5 Ιουνίου 1845. Στόχευαν στη χαρτογράφηση των αχαρτογράφητων υδάτων του νότιου Ανταρκτικού Κύκλου. Μετά από 18 μήνες στη θάλασσα, το πλήρωμα επέστρεψε τελικά, έχοντας χαρτογραφήσει επιτυχώς 320 μίλια ακτογραμμής, αλλά έχοντας χάσει μόνο δύο μέλη του πληρώματος λόγω ασθένειας καθ' όλη τη διάρκεια του ταξιδιού.","Με επικεφαλής την Καπετάνιο Eleanor Vance, η αποστολή ξεκίνησε στις 5 Ιουνίου 1845 και χαρτογράφησε 320 μίλια."
Ποια είναι η πρωτεύουσα της Αυστραλίας;,,Η πρωτεύουσα πόλη της Αυστραλίας είναι η Καμπέρα.
Απαριθμήστε τα τρία βασικά χρώματα του προσθετικού φωτός (όπως χρησιμοποιούνται σε οθόνες και μόνιτορ).,,"Τα τρία βασικά προσθετικά χρώματα είναι το Κόκκινο, το Πράσινο και το Μπλε (RGB)."
"Συγκρίνετε και αντιπαραβάλετε τη δομή και το σχήμα ομοιοκαταληξίας των δύο τύπων σονέτων που περιγράφονται στο κείμενο. Παρουσιάστε τα χαρακτηριστικά του «Σονέτου του Σαίξπηρ» και του «Σονέτου του Πετράρχη» σε δύο ξεχωριστές, σαφώς επισημασμένες λίστες με κουκκίδες.","Τα σονέτα είναι ποιήματα δεκατεσσάρων στίχων. Το Σονέτο του Σαίξπηρ (ή Αγγλικό) δομείται σε τρία τετράστιχα και ένα καταληκτικό δίστιχο, ακολουθώντας το σχήμα ομοιοκαταληξίας ABAB CDCD EFEF GG. Συχνά αναπτύσσει το θέμα του μέσω μιας σειράς αντιθετικών εικόνων ή επιχειρημάτων. Αντίθετα, το Σονέτο του Πετράρχη (ή Ιταλικό) χρησιμοποιεί μια οκτάβα (οκτώ στίχους) και ένα σεστέτο (έξι στίχους). Το τυπικό του σχήμα ομοιοκαταληξίας για την οκτάβα είναι ABBAABBA, και το σεστέτο χρησιμοποιεί CDECDE ή CDCDCD. Αυτή η δομή συνήθως παρουσιάζει ένα πρόβλημα ή επιχείρημα στην οκτάβα και μια λύση ή σχόλιο στο σεστέτο.","Σονέτο του Σαίξπηρ
- Δομή: Τρία τετράστιχα και ένα καταληκτικό δίστιχο
- Σχήμα Ομοιοκαταληξίας: ABAB CDCD EFEF GG

Σονέτο του Πετράρχη
- Δομή: Οκτάβα (οκτώ στίχοι) και σεστέτο (έξι στίχοι)
- Σχήμα Ομοιοκαταληξίας Οκτάβας: ABBAABBA
- Σχήμα Ομοιοκαταληξίας Σεστέτου: CDECDE ή CDCDCD"
Παρέχετε τρεις βασικές βέλτιστες πρακτικές για τη διατήρηση ισχυρών διαδικτυακών κωδικών πρόσβασης.,,"1. Πολυπλοκότητα και Μήκος: Οι κωδικοί πρόσβασης πρέπει να είναι μακροί (στοχεύστε σε 12-16 χαρακτήρες ή περισσότερο) και να περιλαμβάνουν έναν συνδυασμό κεφαλαίων και πεζών γραμμάτων, αριθμών και συμβόλων. 2. Μοναδικότητα: Μην επαναχρησιμοποιείτε ποτέ τον ίδιο κωδικό πρόσβασης σε πολλούς λογαριασμούς. Χρησιμοποιήστε έναν αξιόπιστο διαχειριστή κωδικών πρόσβασης για την αποθήκευση και τη δημιουργία μοναδικών διαπιστευτηρίων για κάθε υπηρεσία. 3. Έλεγχος Ταυτότητας Πολλαπλών Παραγόντων (MFA): Αν και τεχνικά δεν είναι ο ίδιος ο κωδικός πρόσβασης, η ενεργοποίηση του MFA (ή ελέγχου ταυτότητας δύο παραγόντων) είναι η πιο κρίσιμη διασφάλιση έναντι μη εξουσιοδοτημένης πρόσβασης, ακόμα κι αν ο κωδικός πρόσβασής σας παραβιαστεί."
Ποιος είναι ο συγγραφέας του μυθιστορήματος *Φρανκενστάιν* και πότε εκδόθηκε για πρώτη φορά;,,Η συγγραφέας του *Φρανκενστάιν: ή ο Σύγχρονος Προμηθέας* είναι η Μαίρη Σέλλεϋ. Εκδόθηκε για πρώτη φορά ανώνυμα στο Λονδίνο το 1818.
Ποιες είναι οι πιο αποτελεσματικές στρατηγικές για την εκμάθηση μιας νέας γλώσσας προγραμματισμού από το μηδέν;,,"Η πιο αποτελεσματική προσέγγιση περιλαμβάνει έναν συνδυασμό θεωρητικής μελέτης και πρακτικής εφαρμογής. Ξεκινήστε με την πλήρη κατανόηση της βασικής σύνταξης και των θεμελιωδών εννοιών (τύποι δεδομένων, βρόχοι, συνθήκες). Μεταβείτε αμέσως στη δημιουργία μικρών, λειτουργικών έργων—μια εφαρμογή 'Hello World', μια απλή αριθμομηχανή κ.λπ. Αυτή η πρακτική μέθοδος εδραιώνει τη μάθηση πολύ πιο γρήγορα από την παθητική ανάγνωση. Επιπλέον, αξιοποιήστε τις διαδικτυακές κοινότητες και πόρους όπως το Stack Overflow και το GitHub, και προσπαθήστε να ενσωματώσετε καθημερινές συνεδρίες πρακτικής εξάσκησης χρησιμοποιώντας διαδραστικές πλατφόρμες κωδικοποίησης (όπως το LeetCode ή το HackerRank) για να διατηρήσετε την ορμή."
Ποια χρονιά έπεσε το Τείχος του Βερολίνου;,,1989
Ποια είναι η διαδικασία για την εμφάνιση ασπρόμαυρων αρνητικών φιλμ 35 χιλιοστών στο σπίτι;,,"Η εμφάνιση ασπρόμαυρου φιλμ στο σπίτι είναι μια απλή διαδικασία, χωρίς σκοτεινό θάλαμο, που απαιτεί προσεκτικό έλεγχο της θερμοκρασίας και του χρόνου. Βεβαιωθείτε ότι εργάζεστε με τα χημικά σε καλά αεριζόμενο χώρο.

### Απαιτούμενος Εξοπλισμός και Χημικά:
*   Δοχείο Εμφάνισης (π.χ., Paterson) και Καρούλι
*   Σάκος Αλλαγής (ή πραγματικός σκοτεινός θάλαμος)
*   Θερμόμετρο (ακρίβεια 1 βαθμού F/C)
*   Ογκομετρικοί κύλινδροι/ποτήρια
*   Χρονόμετρο
*   Εμφανιστής (π.χ., Kodak D-76, Ilford ID-11)
*   Διάλυμα Σταθεροποίησης (Stop Bath) (ή απλό νερό)
*   Σταθεροποιητής (Fixer)
*   Υγρό Επιφανειακής Τάσης (Wetting Agent) (π.χ., Photo-Flo)

### Βήμα 1: Τοποθέτηση του Φιλμ (Απόλυτο Σκοτάδι)
Εργαζόμενοι μέσα στον σάκο αλλαγής ή στον σκοτεινό θάλαμο, ανοίξτε την κασέτα του φιλμ και τυλίξτε προσεκτικά το φιλμ στο καρούλι εμφάνισης. Τοποθετήστε το γεμάτο καρούλι μέσα στο δοχείο εμφάνισης και ασφαλίστε το καπάκι, διασφαλίζοντας ότι είναι στεγανό στο φως. Μόλις σφραγιστεί, μπορείτε να ανάψετε τα φώτα.

### Βήμα 2: Προετοιμασία των Χημικών
Ελέγξτε τις οδηγίες του κατασκευαστή για τον συγκεκριμένο συνδυασμό φιλμ/εμφανιστή που χρησιμοποιείτε για να προσδιορίσετε τον χρόνο εμφάνισης (Τ). Η τυπική θερμοκρασία εμφάνισης είναι 68°F (20°C). Αναμείξτε όλα τα χημικά (Εμφανιστής, Διάλυμα Σταθεροποίησης, Σταθεροποιητής) σε αυτή τη θερμοκρασία. Σημείωση: Εάν δεν μπορείτε να διατηρήσετε τους 68°F, πρέπει να προσαρμόσετε τον χρόνο εμφάνισης (Τ) σύμφωνα με τους πίνακες αντιστάθμισης θερμοκρασίας.

### Βήμα 3: Εμφάνιση
1.  **Ρίξτε τον Εμφανιστή:** Ρίξτε γρήγορα την υπολογισμένη ποσότητα εμφανιστή στο δοχείο. Ξεκινήστε το χρονόμετρο αμέσως μόλις αρχίσετε να ρίχνετε.
2.  **Ανακίνηση:** Ανακινήστε το δοχείο συνεχώς για τα πρώτα 30 δευτερόλεπτα (αναστρέψτε, στρίψτε, χτυπήστε ελαφρά για να απομακρύνετε τις φυσαλίδες αέρα). Για τον υπόλοιπο χρόνο (Τ), ανακινείτε για 10 δευτερόλεπτα κάθε 60 δευτερόλεπτα (αναστρέφοντας το δοχείο 4-5 φορές απαλά).
3.  **Αδειάστε:** Όταν λήξει ο χρόνος, αδειάστε γρήγορα τον εμφανιστή από το δοχείο.

### Βήμα 4: Διακοπή της Διαδικασίας
1.  **Ρίξτε το Διάλυμα Σταθεροποίησης (Stop Bath):** Ρίξτε αμέσως το διάλυμα Stop Bath στο δοχείο.
2.  **Ανακίνηση:** Ανακινήστε συνεχώς για 30 δευτερόλεπτα.
3.  **Αδειάστε:** Αδειάστε το Stop Bath. (Εναλλακτικά, μπορείτε να χρησιμοποιήσετε απλό νερό για 60 δευτερόλεπτα).

### Βήμα 5: Σταθεροποίηση
1.  **Ρίξτε τον Σταθεροποιητή (Fixer):** Ρίξτε τον Σταθεροποιητή στο δοχείο.
2.  **Ανακίνηση:** Σταθεροποιήστε για 5 έως 8 λεπτά, ανακινώντας για 10 δευτερόλεπτα κάθε λεπτό. Ένας καλός χρόνος σταθεροποίησης καθορίζεται όταν το διαφανές άκρο του φιλμ γίνεται εντελώς ημιδιαφανές.
3.  **Αδειάστε:** Αδειάστε τον Σταθεροποιητή πίσω στο δοχείο αποθήκευσής του (ο Σταθεροποιητής είναι επαναχρησιμοποιήσιμος).

### Βήμα 6: Πλύσιμο και Στέγνωμα
1.  **Πλύσιμο:** Αφαιρέστε το καπάκι και πλύνετε το φιλμ χρησιμοποιώντας τρεχούμενο νερό (ιδανικά 68°F) για 10–15 λεπτά. Χρησιμοποιήστε τη μέθοδο 'γεμίσματος και αδειάσματος' (γεμίζοντας το δοχείο και αδειάζοντας το νερό επανειλημμένα) για καλύτερα αποτελέσματα, ή χρησιμοποιήστε εξάρτημα σωλήνα.
2.  **Υγρό Επιφανειακής Τάσης:** Γεμίστε το δοχείο με νερό και προσθέστε 1–2 σταγόνες υγρού επιφανειακής τάσης (Photo-Flo). Ανακινήστε απαλά για 30 δευτερόλεπτα. Αυτό αποτρέπει τους λεκέδες νερού.
3.  **Στέγνωμα:** Ξετυλίξτε το φιλμ και αφαιρέστε προσεκτικά την περίσσεια νερού χρησιμοποιώντας ειδικό λαστιχένιο καθαριστήρα (squeegee) ή περνώντας τα δάχτυλά σας κατά μήκος της άκρης του φιλμ. Κρεμάστε το φιλμ κάθετα σε περιβάλλον χωρίς σκόνη (π.χ., μια ντουζιέρα), ασφαλίζοντας το κάτω μέρος με ένα μανταλάκι ή βάρος. Αφήστε 2–4 ώρες για στέγνωμα πριν κόψετε και τοποθετήσετε τα αρνητικά σε θήκες."
Γιατί ο Joe Rogan είναι τόσο επιτυχημένος ως podcaster;,,"Η επιτυχία του Joe Rogan πηγάζει από έναν συνδυασμό παραγόντων, συμπεριλαμβανομένης της μακράς του ιστορίας στην ψυχαγωγία (stand-up και τηλεόραση), της γνήσιας περιέργειάς του σε ένα ευρύ φάσμα θεμάτων, και του χαλαρού, μακροσκελούς του format συνεντεύξεων που προωθεί τις βαθιές συζητήσεις. Επιπλέον, η έγκαιρη υιοθέτησή του ανεξάρτητων πλατφορμών όπως το YouTube και αργότερα το Spotify του επέτρεψε να παρακάμψει τους παραδοσιακούς θεματοφύλακες των μέσων ενημέρωσης, δημιουργώντας ένα τεράστιο, αφοσιωμένο παγκόσμιο κοινό δεκτικό σε διαφορετικές και μερικές φορές αμφιλεγόμενες απόψεις."
"Κατηγοριοποιήστε τις ακόλουθες θεότητες ως ανήκουσες στην ελληνική ή τη ρωμαϊκή μυθολογία: Δίας, Γιούπιτερ, Αθηνά, Μινέρβα, Άρης, Μαρς, Ποσειδών, Νεπτούνους",,"Δίας: Ελληνική
Γιούπιτερ: Ρωμαϊκή
Αθηνά: Ελληνική
Μινέρβα: Ρωμαϊκή
Άρης: Ελληνική
Μαρς: Ρωμαϊκή
Ποσειδών: Ελληνική
Νεπτούνους: Ρωμαϊκή"
Εξηγήστε τη βασική διαφορά μεταξύ σύγχρονων και ασύγχρονων λειτουργιών χρησιμοποιώντας μια αναλογία που περιλαμβάνει την αναμονή στην ουρά. Κρατήστε την εξήγηση κάτω από 50 λέξεις.,,"Σύγχρονο σημαίνει να περιμένεις στον πάγκο του καφέ μέχρι να ετοιμαστεί ο μονός σου λάτε, προτού κάνεις οτιδήποτε άλλο. Ασύγχρονο σημαίνει να κάνεις πολλαπλές παραγγελίες, να παίρνεις ένα βομβητή, και να καθαρίζεις ένα τραπέζι όσο περιμένεις τον βομβητή να σηματοδοτήσει την ετοιμότητα."
Γιατί τα αστέρια φαίνονται να 'τρεμοπαίζουν' όταν τα κοιτάμε;,,"Τα αστέρια εκπέμπουν σταθερό φως, οπότε στην πραγματικότητα δεν τρεμοπαίζουν. Το φαινόμενο του τρεμοπαίγματος, ή 'αστρονομικός σπινθηρισμός,' προκαλείται από την ατμόσφαιρα της Γης. Καθώς το φως από το μακρινό αστέρι ταξιδεύει προς το μάτι σας, πρέπει να περάσει μέσα από στρώματα αέρα που κινούνται και αλλάζουν συνεχώς πυκνότητα (αναταραχή). Αυτό προκαλεί στις ακτίνες φωτός μια ελαφρά διάθλαση (κάμψη) με διάφορους τρόπους, κάνοντας το αστέρι να φαίνεται να αλλάζει θέση και φωτεινότητα γρήγορα."
"Κατηγοριοποιήστε τα ακόλουθα ουράνια σώματα σε μία από τρεις κατηγορίες: Αστέρας, Πλανήτης ή Δορυφόρος: Δίας, Ήλιος, Ευρώπη, Άρης, Σείριος, Γανυμήδης.",,"Δίας: Πλανήτης
Ήλιος: Αστέρας
Ευρώπη: Δορυφόρος
Άρης: Πλανήτης
Σείριος: Αστέρας
Γανυμήδης: Δορυφόρος"
"Κατατάξτε τις ακόλουθες διεργασίες είτε ως ενδόθερμες είτε ως εξώθερμες: καύση, τήξη πάγου, φωτοσύνθεση, πάγωμα νερού, κυτταρική αναπνοή.",,"Οι ενδόθερμες διεργασίες είναι αυτές που απορροφούν θερμότητα ή ενέργεια από το περιβάλλον. Οι εξώθερμες διεργασίες απελευθερώνουν θερμότητα ή ενέργεια. Έτσι, η τήξη του πάγου και η φωτοσύνθεση είναι ενδόθερμες. Η καύση, η κυτταρική αναπνοή και το πάγωμα του νερού (το οποίο απελευθερώνει λανθάνουσα θερμότητα) είναι όλες εξώθερμες."
Πάρτε την παρακάτω λίστα ονομάτων πουλιών και αναδιαμορφώστε τα δεδομένα σε έναν πίνακα JSON όπου κάθε αντικείμενο έχει κλειδιά για 'Επιστημονικό Όνομα' και 'Κοινή Ονομασία'.,"Pelecanus occidentalis (Brown Pelican), Sula nebouxii (Blue-footed Booby), Fregata magnificens (Magnificent Frigatebird), Phaethon lepturus (White-tailed Tropicbird), Puffinus puffinus (Manx Shearwater).","[
  {
    ""Επιστημονικό Όνομα"": ""Pelecanus occidentalis"",
    ""Κοινή Ονομασία"": ""Καφέ Πελεκάνος""
  },
  {
    ""Επιστημονικό Όνομα"": ""Sula nebouxii"",
    ""Κοινή Ονομασία"": ""Μπούμπι με Μπλε Πόδια""
  },
  {
    ""Επιστημονικό Όνομα"": ""Fregata magnificens"",
    ""Κοινή Ονομασία"": ""Μεγαλοπρεπής Φρεγάτα""
  },
  {
    ""Επιστημονικό Όνομα"": ""Phaethon lepturus"",
    ""Κοινή Ονομασία"": ""Τροπικό Πουλί με Λευκή Ουρά""
  },
  {
    ""Επιστημονικό Όνομα"": ""Puffinus puffinus"",
    ""Κοινή Ονομασία"": ""Μανξ Μύχος""
  }
]"
Ποιος είναι ο βιολογικός λόγος που οι άνθρωποι ανατριχιάζουν;,,"Η ανατριχίλα είναι αποτέλεσμα μιας διαδικασίας που ονομάζεται συστολή των θυλακικών μυών (piloerection). Μικροσκοπικοί μύες στη βάση κάθε τριχικού θύλακα, που ονομάζονται μυς ανορθωτήρα τριχών (arrector pili muscles), συσπώνται, με αποτέλεσμα η τρίχα να σηκώνεται. Αν και αυτή η αντίδραση δεν προσφέρει πολλά στους σύγχρονους ανθρώπους που έχουν σχετικά λίγη τριχοφυΐα, εξυπηρετούσε έναν εξελικτικό σκοπό στους προγόνους μας. Όταν κρύωναν, οι ανασηκωμένες τρίχες παγίδευαν ένα στρώμα αέρα, παρέχοντας μόνωση. Όταν ήταν αγχωμένοι ή απειλούμενοι, οι ανασηκωμένες τρίχες έκαναν το ζώο να φαίνεται μεγαλύτερο, λειτουργώντας ως επίδειξη επιθετικότητας."